:020000040800F2
:10580000D82200200159000899B40008ADAC000866
:1058100095B40008D1680008F9EC00080000000009
:10582000000000000000000000000000EDBB0008C8
:10583000DF6A00080000000093B8000853BF0008AA
:105840001B5900081B5900081B5900081B59000868
:105850001B5900081B5900081B5900081B59000858
:105860001B5900081B5900081B5900081B59000848
:105870001B5900081B5900081B5900081B59000838
:105880001B5900081B5900081B5900081B59000828
:1058900041EC00081B5900081B5900081B5900085F
:1058A0001B5900081B5900081B5900081B59000808
:1058B0001B59000801C000081B5900081B590008AB
:1058C0001B5900081B5900081B5900081B590008E8
:1058D0001B59000815C4000861C40008C5C40008AD
:1058E0001B5900081B5900081B590008DFF80CD091
:1058F00000F0A0FD004800479DFE0008D8220020CF
:105900000648804706480047FEE7FEE7FEE7FEE759
:10591000FEE7FEE7FEE7FEE7FEE7FEE7F1BF000871
:10592000ED580008202A04DB203A21FA02F0002179
:10593000704721FA02F3D040C2F12002914008439F
:105940001946704740EA01039B0703D009E008C9E4
:10595000121F08C0042AFAD203E011F8013B00F834
:10596000013B521EF9D27047D2B201E000F8012B80
:10597000491EFBD270470022F6E710B513460A46CF
:1059800004461946FFF7F0FF204610BD421C10F8F0
:10599000011B0029FBD1801A704700000FB400B52D
:1059A0008DB010A909900B9000914FF0FF300A9034
:1059B00000200C9005480690054807906A4609A803
:1059C0000F9900F03BFB0DB05DF814FB5960000827
:1059D000776000082DE9FF5F1D464FF0FF3BD5E9DA
:1059E000014691465F464FF00008A9697F1C019867
:1059F0008847296A824688470028F6D1BAF1FF3FD6
:105A00000CD024F4C064002E19DD600614D5BAF160
:105A10002B0F09D0BAF12D0F0ED103E0584604B078
:105A2000BDE8F09F44F48064A9697F1C0198884711
:105A3000761E8246002E02DDBAF1300F03D0B9F196
:105A4000000F26D032E0A969761E44F400747F1C52
:105A5000019888478246002E05DDBAF1780F06D0FE
:105A6000BAF1580F03D0B9F1000F10D01EE0B9F110
:105A7000000F02D0B9F1100F18D1A969761E24F4D5
:105A800000747F1C019888478246102002E008209D
:105A900000E00A20814609E008FB0908A969761E92
:105AA00044F400747F1C019888478246002E05DD6F
:105AB0004946504600F0ADFA0028EDDAE969019850
:105AC0008847A00502D46FF00100A8E7E00725D1C0
:105AD000600613D5600502D5C8F1000000E040461D
:105AE00029680A1D2A600968220501D5087015E099
:105AF000220701D5088011E008600FE02868011D29
:105B000029600068210502D580F8008006E02107A1
:105B100002D5A0F8008001E0C0F8008038467EE79A
:105B20002DE9FF4F087883B09946FF2805D0491C1E
:105B30002D2804D00024002008E000200BE00124E0
:105B4000F9E700EB800003EB4000491C0B78FF2BCA
:105B5000F7D104B1404200230293147819461D4640
:105B60002D2C01D02B2C04D1521C2D2C13D0002411
:105B70000294AA461478FF2C0FD00A25A3FB0578BF
:105B800001FB05814FF0000C03FB0C11521CE319C3
:105B90004AEB0101EEE70124EAE7814453EA010000
:105BA00002D019F5C87F06DA03980021C0E9001178
:105BB00007B0BDE8F08F0025AE4E2F46DFF8B88263
:105BC000184600F0DFFBCDE90001B9F1000002DA70
:105BD000C9F1000400E004460023A74A1AEB030BB6
:105BE00042EB045A12E0E00707D02A463346384613
:105BF000414600F055FB074688462A463346104684
:105C0000194600F04DFB05460E466410002CEAD103
:105C1000DDE90001B9F1000F5A46534606DA00F0FB
:105C20002FF93A46434600F02BF905E000F038FB27
:105C30003A46434600F034FB029A0AB181F0004133
:105C4000039AC2E90001B3E72DE9FF4F1F468DB06B
:105C5000D7E901464FF0FF382E2045464FF00009A6
:105C60000B90B9696D1C0E988847396A824688473F
:105C70000028F6D1BAF1FF3F0AD024F4D064002EF8
:105C800011DDBAF12B0F08D0BAF12D0F0BD102E0C4
:105C9000404611B08DE744F48064B9696D1C0E98DC
:105CA00088478246761E6946600501D52D2000E0B2
:105CB0002B208DF8000001F1010B0DF1200809E007
:105CC000B9696D1C0E98884782460F9844F4007499
:105CD000761E0560002E02DDBAF1300FF0D00B9970
:105CE0008A453ED144F0800406E00F99681CA9F172
:105CF000010944F400740860B9696D1C761E0E98A1
:105D0000884782463028F0D02BE00B998A4505D190
:105D1000200603D444F08004761E18E0504609F0B3
:105D200095FA08B30DF11301761E44F400748B4507
:105D300008D2AAF130000BF8010B200607D5A9F113
:105D4000010003E0200602D409F101008146A0050C
:105D500002D50F99681C0860B9696D1C0E988847B8
:105D60008246002ED1DC53E0002E51DDBAF1650FE2
:105D700002D0BAF1450F4BD1A00549D5B9696D1CC8
:105D800024F44074761E0E9888478246002E0CDD5F
:105D90002B2804D0BAF12D0F07D144F48074B969CF
:105DA0006D1C0E9888478246761EE00501D52D2190
:105DB00000E02B2108F8011BCDF82C8021E00DF12B
:105DC0002901761E44F4007488450CD2AAF13000F3
:105DD00010F0FF0088F8000002D10B99884509D91E
:105DE00008F1010806E0E00501D5244801E042F28F
:105DF0000F708146B9696D1C0E98884782460F98CE
:105E00000560002E04DD504609F020FA0028D6D1A6
:105E1000F9690E988847FF208BF8000088F8000089
:105E20000020069007904B466A4608A906A8FFF78F
:105E300077FEA00502D46FF001002AE714F0240FCA
:105E40000AD0E00714D1DDE906123868031D3B6073
:105E50000068C0E900120BE0DDE9060100F0CEFAAF
:105E60000146E00704D13868021D3A60006801600D
:105E700028460EE7000014400000F03FF1D8FFFF75
:105E80002DE9F04D81EA030404F0004B21F00045B8
:105E900014464FF0000A23F0004150EA050220D0DA
:105EA00054EA01021DD0C5F30A570246C5F3130395
:105EB000C1F31300C1F30A5640F4801543F4801374
:105EC000A7EB0608101BD64608F2FD3873EB050059
:105ED00002D308F1010801E092185B41B8F1000F0C
:105EE00003DA00200146BDE8F08D00204FF4801158
:105EF000064684460EE0171B73EB050705D3121BFD
:105F000063EB050306434CEA010C49084FEA3000F5
:105F100092185B4150EA0107EDD152EA030012D01A
:105F200082EA040083EA0501084305D0101BAB4157
:105F300006D20122002306E000224FF0004302E0D7
:105F40006FF0010253101AEB06004CEB085110EBF6
:105F50000A0041EB0B01BDE8F04D00F09DB800F0E8
:105F6000004230F000400AD0C10D01F56071C0F36D
:105F7000160042EA0151C208400711437047002051
:105F80000146704730B50B4601460020202201240F
:105F900009E021FA02F59D4205D303FA02F5491BF7
:105FA00004FA02F52844151EA2F10102F1DC30BD0D
:105FB0002DE9F05F0546002092469B46884606463E
:105FC000814640241BE02846414647462246FFF7CB
:105FD000A9FC53465A46C01A914110D3114618469F
:105FE000224600F039FA2D1A67EB01084F46224687
:105FF0000120002100F030FA17EB00094E41201E6D
:10600000A4F10104DFDC484631462A464346BDE898
:10601000F09F3A2800D2303820F02002412A01D3E4
:10602000A2F13700884201D34FF0FF3070470000E3
:10603000026811441378016018467047D160044922
:1060400051610449116200211161114600F02ABA20
:10605000316000089B640008426842B1016811F891
:10606000013B23B1521EC0E90012184670470121BE
:10607000C160881E704742685AB1C368016843B95D
:1060800083688B4205D0491E521CC0E900120020D3
:1060900070474FF0FF30704710B5141E73F10004C5
:1060A00008DA401C41F1000192185B411A4301D10A
:1060B00020F0010010BD2DE9F04D92469B4611B134
:1060C000B1FA81F202E0B0FA80F22032904600F09C
:1060D000C3F904460F4640EA0A0041EA0B01534661
:1060E0005A46084313D0114653EA010019D0C8F1AB
:1060F00040025046FFF716FC05460E4650465946EC
:10610000424600F0A9F9084305D0012004E02046EA
:106110003946BDE8F08D0020054346EAE0762C4381
:1061200037430A986305E40AA0EB08000022FD0A41
:1061300044EA47540A3002D500200146E9E7010548
:1061400010196941DDE9084500196941BDE8F04DC4
:10615000A2E72DE9FE4F804681EA0300C00F0C46FE
:10616000009021F0004123F00045B8EB0200A94166
:1061700005D24046214690461C460B46024623F077
:106180000040104347D0270DC7F30A00C3F30A515C
:106190000290401A019040286BDAC3F3130040F4D8
:1061A000801B0098924620B10023D2EB030A63EBD8
:1061B0000B0B01985946C0F14002504600F04CF9D3
:1061C00006460D4650465946019A00F054F910EB28
:1061D00008006141002487EA115284EAE7731A43F8
:1061E00040D0009A62B3019A012A4FEA075215DCA7
:1061F000001B61EB02014FF0004202EA0752CDE9B9
:106200000042001C41F5801132462B46FFF753FF38
:1062100003B0BDE8F08F40462146F9E7001B61EB73
:106220000201001C41F5801300185B412018A2F503
:10623000001747EB030140EAD570B6196D4111E034
:106240006D084FEA360645EAC0754FEA0752001B53
:1062500061EB0201001C41F5801149084FEA300052
:106260000019514132462B4603B0BDE8F04FFFF70D
:1062700013BF0098012240000023D0EB020263EB21
:10628000E073009821464FEAE074B8EB000061EB40
:106290000401E9E783F000435BE781F0004158E740
:1062A0002DE9FE4F81EA030404F0004421F000418F
:1062B00000944FF0000B23F0004350EA01045ED03D
:1062C00052EA03045BD0C3F30A54C1F30A552C44C9
:1062D000A4F2F3340194A0FB0254C1F3130141F47E
:1062E0008011C3F3130343F4801301FB024400FB4A
:1062F000034E840A970A44EA815447EA8357A4FB71
:10630000076802958D0A05FB07854FEA932C04FB6D
:106310000C542705029D4FEA065847EA1637B5EB9D
:1063200008056EEB070C870E920E47EA811742EACA
:106330008312A7FB0201B6EB0B0164EB00042B0DEB
:1063400043EA0C335E1844EB1C50DA465146E7FB37
:106350000201C5F313044FEA0B3343EA14534FEA27
:106360000432019C43EA0603A4F10C040294009C4D
:10637000CDE900B4FFF79FFE03B0BDE8F08F002029
:106380000146F9E70EB540F2334202920022CDE910
:1063900000221346FFF78FFE03B000BDC1F30A527F
:1063A000C1F3130140F2FF3341F480119A4202DA43
:1063B00000200146704740F233439A42A2F2334232
:1063C00002DC5242FFF7AEBA00F046B830B5041E08
:1063D00071F1000404DB4FF00044404264EB010122
:1063E000141E73F1000405DB1C464FF000435242BB
:1063F00063EB0403994208BF904230BD01F00043B3
:1064000030B421F0004150EA010206D00A0DA2F595
:106410006072C1F31301002A02DC30BC0020704717
:10642000440F44EAC104C100E01830BC00EBC25084
:1064300000F0CEB9064C074D06E0E06840F00103DD
:1064400094E8070098471034AC42F6D3FFF752FAAD
:10645000240C0108440C0108202A04DB203A00FA2D
:1064600002F1002070479140C2F1200320FA03F3AB
:10647000194390407047202A06DBCB17203A41FA97
:1064800002F043EAE07306E041FA02F3D040C2F1C1
:1064900020029140084319467047C0B24FF4F051B2
:1064A00000F0CEB92DE9F34F8BB04FF0000801F1A9
:1064B0000C000C464FF0010B46460DF1080A019006
:1064C0006269012101989047051E2DD0252D2CD001
:1064D000216A8847C0B16269012101989047216A09
:1064E00088470028F7D1411E62690198904700E073
:1064F000761CA1690B988847216A88470028F7D144
:10650000E1690B988847DBE7A1690B988847074644
:10651000A84201D1761CD3E7E1690B9888477F1C1C
:1065200002D1B8F1000F6FD046E1002762693D4605
:106530003946019890472A2804D1626901210198BF
:1065400090470125DFF88492626901210198904704
:10655000A0F130010A290AD24F45E5DC07EB87019B
:1065600000EB4107303FDFD445F01005ECE7E906CA
:1065700001D46FF000476C280AD04C2814D068284A
:1065800015D06A280DD074281CD07A281AD01DE0A6
:1065900062690121019890476C2802D045F00405FA
:1065A00014E045F002050DE045F020050AE06269BF
:1065B000012101989047682802D045F0080505E0C0
:1065C00045F400656269012101989047C4E90157CB
:1065D00065283DD019DC58287AD00CDC452837D006
:1065E00004DC252826D0412831D131E046282FD09F
:1065F00047282CD12CE05B2877D0612828D063284D
:106600007CD0642823D15AE0D0E06F2848D008DC41
:1066100066281DD067281BD0692821D06E2816D186
:1066200027E0702845D0732868D0752847D078288F
:106630000DD14DE0A1690B988847054625283FF408
:1066400069AFE1690B9888476D1C3FF46AAFB3E00E
:1066500023466A466FF001000B99FFF7F5FA9EE0BA
:1066600045F040006060A80723464FF0000236D492
:106670003EE0E8077FF447AF2068011D2160006815
:10668000290501D506701BE7290701D5068017E704
:10669000A90703D5F117C0E9006111E706600FE70C
:1066A00045F040006060A80723464FF0080216D46A
:1066B0001EE040F60E0125EA0100606016E045F09C
:1066C00040006060A80723464FF00A0207D40FE09D
:1066D00045F040006060A80708D5234610226FF0FF
:1066E00001000B99AFF3008059E007E02346102228
:1066F0006FF001000B99FFF76DF950E04FF00009C2
:106700004F464B46632802D05B2806D040E0E8069F
:1067100001D40120A06001273AE0626901210198BB
:1067200090475E2805D14FF00109626949460198FA
:106730009047216939B900210A46534643F8212080
:10674000491C0829FADBB0B3216969B9C11700EB0C
:10675000D16253110AEB830122F01F02821A012039
:106760000B68904003430B606269012101989047D8
:106770005D28E8D1B9F1000F09D00020514651F849
:106780002020D24341F82020401C0828F7DB02AB30
:10679000224600976FF001000B99AFF300800028AC
:1067A0000CDA401C08D1BBF1000F05D04FF0FF30D0
:1067B0000DB0BDE8F08FFFE74046F9E7E90701D1EA
:1067C00008F1010806444FF0000B79E6CCCCCC0C64
:1067D0000029A8BF7047401C490008BF20F00100F5
:1067E000704710B4B0FA80FC00FA0CF050EA0104D3
:1067F00004BF10BC704749B1CCF1200421FA04F465
:1068000011FA0CF118BF012121430843A3EB0C013D
:10681000CB1D4FEA00614FEA102042BF002010BCA0
:10682000704700EBC35010440029A4BF10BC704750
:10683000401C490008BF20F0010010BC7047000058
:106840007F2801D9002208E0064A02EB5002C00767
:10685000127800D1120902F00F0201209040084086
:1068600070470000A00B010870B58C1810F8015B90
:1068700015F0070301D110F8013B2A1106D110F8D9
:10688000012B03E010F8016B01F8016B5B1EF9D1DD
:106890002B0705D40023521E0DD401F8013BFAE763
:1068A00010F8013BCB1A921C03E013F8015B01F8CE
:1068B000015B521EF9D5A142D8D3002070BD10B59E
:1068C000142005F0F7F80321142005F090F910BD0D
:1068D00000BFFEE730B50346042B15D007DC7BB1C3
:1068E000012B0ED0022B0DD0032B30D10BE0202B2F
:1068F0000BD0212B18D0222B22D0232B27D125E0FF
:1069000026E025E024E023E022E0002003E00C5C08
:10691000114D2C54401C0728F9DB00200F4C20702F
:1069200001200F4C207013E0002003E00A4C245C8F
:106930000C54401C0728F9DB0020084C207007E0AD
:1069400006480078401C054C207001E000E000BFC4
:1069500000BF002030BD0000D0000020000000205B
:106960000100002000207047002003E00021064ABB
:106970001154401CB0F5167FF8D30020034908805D
:106980000349088070470000820400200C000020AA
:106990000E00002010B500220449054805F0F7FE5E
:1069A0000449034805F0ECFE002010BD441300200C
:1069B000980A00205C0F00202DE9F04105460E46A4
:1069C0001449306808602946134805F0D9FE377825
:1069D00012480488002113E0685C114A1055601CBD
:1069E00080B24FF4167290FBF2F302FB130084B2F4
:1069F0000C480088844202D10220BDE8F081491C85
:106A0000B942E9D305480480034805F095FE00200B
:106A1000F3E700001C000020980A00200C00002072
:106A2000820400200E0000202DE9F04104460D46AE
:106A300000260A48D0F8B872D7F8140210B1012025
:106A4000BDE8F0812A462146044805F0A0FE03482F
:106A500005F021FF06463046F2E70000980A0020C4
:106A60002DE9F0410746884615460421052000F02F
:106A700029F880210A2005F0BAF8002405E0395DE4
:106A8000092008F0B9FA601CC4B24445F7DB0321C1
:106A9000012008F0B1FAFF2400BF052005F00AF834
:106AA0000646601EC4B21CB106F004000028F4D0F3
:106AB000222004F0FFFF2870212004F0FBFF687003
:106AC000BDE8F08170B505460C46284604F0F2FF9B
:106AD000064626EA0401284608F08EFA70BD704783
:106AE00010B500F0A7FA0020034908704FF41671A2
:106AF0000248FEF740FF10BD110000208204002074
:106B000072B603E01E21642009F0A6F9FAE700003E
:106B10000021074AD1610749096941F00401054A8A
:106B200011611146096941F040011161704700008F
:106B3000381C0020002002400021074AD16107498B
:106B4000096941F00201054A11611146486109696C
:106B500041F0400111617047381C002000200240C4
:106B60000022054BDA61054A126942F00102034B2B
:106B70001A61018070470000381C0020002002408C
:106B800000201E49C96801F0100139B11C49C969CA
:106B900041F002011A4AD16140F010001749C9685A
:106BA00001F0040139B11649C96941F00101144AE3
:106BB000D16140F004001149C96901F0010169B1D6
:106BC0000F49C96941F004010D4AD16100BF0B4969
:106BD000C96921F00101094AD16100BF00BF40F23B
:106BE0000111884206D10549C96921F00101034A12
:106BF000D16101E00149C86000BF70470020024038
:106C0000381C002070B5044601F042FA054609E040
:106C1000601C38B124B101F03BFA401BA04201D9FD
:106C2000032070BD1248C06800F001000028EFD1B9
:106C30000F48C06800F0200020B100BF20200C49A0
:106C4000C86000BF0A48C06800F0100048B9084892
:106C5000C06900F0010020B90548C06800F00400D8
:106C600018B1FFF78DFF0120DBE70020D9E7000016
:106C7000002002402DE9F0419AB00746642101A8A6
:106C8000FEF779FE4FF0000800209F4908600024BD
:106C90009E480578002600F0B5F9642000F074FFE6
:106CA000F8B28DF80400380A8DF8050001AA022117
:106CB00040F2031000F072FC642000F065FF94487D
:106CC0000078AA287ED1924840785528FAD1904879
:106CD00080790028F6D1DBE08D48017A407A01EB1B
:106CE00000244FF6F17084422ED18A480078432860
:106CF0000DD100F087F985480570012000F044FFB0
:106D000085A009F0D9FC00201AB0BDE8F081002070
:106D10007E49087022468DA101A808F095F901A8C6
:106D200009F0CAFC642101A8FEF725FE4FF47A7031
:106D300000F02AFF701CC6B24AF6AA2093490968DF
:106D400008600020704908604FF6F27084422CD130
:106D50007048007843280BD100F054F96B48057057
:106D6000012000F011FF6CA009F0A6FC0020CBE789
:106D7000002066490870224674A101A808F064F951
:106D800001A809F099FC642101A8FEF7F4FD4FF475
:106D90007A7000F0F9FE00205B490860701CC6B2F2
:106DA0004AF6AA207949096808604FF6F3708442D0
:106DB0002ED15848007843280DD100F023F95348CC
:106DC000057000E068E0012000F0DEFE52A009F04E
:106DD00073FC002098E700204C49087022465BA114
:106DE00001A808F031F901A809F066FC642101A8A6
:106DF000FEF7C1FD4FF47A7000F0C6FE0020424954
:106E00000860701CC6B24AF6AA206049096808608A
:106E10004FF6F47084421BD1002600203B490870D5
:106E200022464AA101A808F00FF901A809F044FC84
:106E3000642101A8FEF79FFD4FF47A7000F0A4FED4
:106E40000020314908603248017A407A01EB002481
:106E50004FF6F37084420CD0401E844209D0401E8D
:106E6000844206D0C01C844203D014B14FF0010804
:106E700000263C2E0CD100264FF416712448FEF754
:106E80007AFD2248057042A009F016FC00203BE77D
:106E9000B8F1000F3FF420AF1D488079E0B11C48E5
:106EA000017A407A01EB0024642101A8FEF763FD1A
:106EB000224641A101A808F0C7F801A809F0FCFB8F
:106EC000002011490860114805704FF416711048F0
:106ED000FEF751FD002017E7B8F1010F02D140A0E5
:106EE00009F0EAFB4FF47A7000F04EFE4FF4167191
:106EF0000748FEF740FD00200349086001200349D0
:106F00000870002000E7000024000020110000208D
:106F10002A020020820400207B2252656365697684
:106F200065223A7B22537461747573223A32367D3E
:106F30002C2246223A7B2254797065223A22436100
:106F40006E73656C227D7D0A000000007B22526515
:106F50006365697665223A7B225374617475732286
:106F60003A32367D2C2246223A7B225479706522B1
:106F70003A22456E726F6C6C222C225374617475C8
:106F800073223A25647D7D0A000000000C09002070
:106F90007B2246223A7B2254797065223A22456E42
:106FA000726F6C6C222C22537461747573223A31A7
:106FB000387D7D0A000000007B2246223A7B225465
:106FC000797065223A22456E726F6C6C222C2253C6
:106FD0007461747573223A25647D7D0A0000000097
:106FE0007B2246223A7B2254797065223A22456EF2
:106FF000726F6C6C222C22537461747573223A3058
:107000007D7D0A0000B58DB034216846FEF7B3FCE3
:107010006A4600214FF4987000F0C0FA642000F036
:10702000B3FD4FF416710248FEF7A5FC0DB000BD8C
:107030002A02002010B59AB0642101A8FEF79BFC3B
:107040000024FFF7DFFF642000F09EFD01AA00216D
:107050004FF4837000F0A2FA0948827909A101A8CF
:1070600007F0F2FF01A809F027FBC82000F08CFD13
:107070004FF416710248FEF77EFC00201AB010BDD6
:107080002A0200207B2252656365697665223A7B7D
:1070900022537461747573223A32367D2C22462253
:1070A0003A7B2254797065223A2244656C65746596
:1070B000414C4C222C22537461747573223A25641E
:1070C0007D7D0A0030B599B0044600201B49086058
:1070D000FFF798FF642000F057FDE0B28DF8000044
:1070E000200A8DF801006A46022140F2051000F0E6
:1070F00055FA642000F048FD1148807930B91048F5
:10710000827910A1684607F09FFF09E00C48017AD8
:10711000407A01EB00252A460AA1684607F094FF51
:10712000684609F0C9FAC82000F02EFD4FF4167128
:107130000348FEF720FC002019B030BD24000020D9
:107140002A0200207B2252656365697665223A7BBC
:1071500022537461747573223A32367D2C22462292
:107160003A7B2254797065223A2244656C657465D5
:10717000222C22537461747573223A25647D7D0A32
:107180000000000010B59AB0002018490860FFF711
:1071900039FF642000F0F8FC01AA002140F207103A
:1071A00000F0FCF9962000F0EFFC1148017A407ADB
:1071B00001EB00240E48807928B922460DA101A8D0
:1071C00007F042FF04E022461A4901A807F03CFFFD
:1071D00001A809F071FA642000F0D6FC4FF4167192
:1071E0000348FEF7C8FB00201AB010BD24000020A1
:1071F0002A0200207B2252656365697665223A7B0C
:1072000022537461747573223A32367D2C224622E1
:107210003A7B2254797065223A22476574456D7035
:1072200074794944222C224944223A25647D7D0AFE
:1072300000000000E00B01082DE9F043ADF5297DC9
:107240000646002500204C4908704C490860FFF7AD
:10725000D9FE642000F098FC0020484908604FF4F3
:1072600016714748FEF787FB642000F08DFCF0B2F2
:107270008DF84002300A8DF84102642000F084FC51
:1072800090AA02214FF4857000F088F9642000F084
:107290007BFC002413E03A48005DA5280ED1384954
:1072A000601C085C5A2809D1A01C085C0A2805D17A
:1072B000E01C085C012801D1254603E0641CB4F5FC
:1072C000167FE8D300BF2E49281D095C2C4A681D93
:1072D000105C01EB0020071F114605F10800095C56
:1072E000401C105C01EB00294FF40F7101A8FEF760
:1072F00042FB4FF47A7000F047FC002407E005F1F0
:107300000A0020441E49085C01A90855641CBC42BF
:10731000F5D301201849087019488079B0B93B4667
:10732000324618A190A807F08FFE90A809F0C4F982
:107330000A2000F029FC394601A8FFF775FB0A2056
:1073400000F022FC1EA009F0B7F90CE00C48017A0D
:10735000407A01EB002842461BA190A807F074FE7A
:1073600090A809F0A9F94FF416710548FEF703FB40
:107370000DF5297DBDE8F0831000002024000020D9
:107380002A0200207B2246223A7B22547970652211
:107390003A225265616454656D706C617465222C8B
:1073A000224944223A25642C224461746153697A4B
:1073B00065223A25642C2244617461223A2200003D
:1073C000227D7D0A000000007B2246223A7B225467
:1073D000797065223A225265616454656D706C6102
:1073E0007465222C22537461747573223A25647D6E
:1073F0007D0A000010B59AB0642101A8FEF7BBFA1F
:1074000000204E49086001AA00214FF4817000F06D
:10741000C5F80F2000F0B8FB4948017A407A01EB2B
:10742000002447480078AA2819D145488079B8B97E
:107430004FF6F47084427AD0002C78D0224641A1D5
:1074400001A807F001FE01A809F036F9642101A89E
:10745000FEF791FA4FF416713948FEF78CFA66E0A0
:107460002046232C53D006DC122828D015280FD014
:1074700021285AD152E041283BD0A0F510502F3896
:1074800000282FD0A0F55B40C53800284DD137E04B
:10749000224637A101A807F0D7FD01A809F00CF991
:1074A00000203D4908704FF416712548FEF763FA35
:1074B000642101A8FEF75FFA00201AB010BD221D5A
:1074C0002BA101A807F0C0FD01A809F0F5F84FF4C1
:1074D00016711B48FEF74FFA642101A8FEF74BFA1C
:1074E0000020EAE74FF416711548FEF744FA002031
:1074F000E3E74FF416711248FEF73DFA0020DCE78F
:107500004FF416710E48FEF736FA0020D5E74FF417
:1075100016710B48FEF72FFA0020CEE74FF41671D4
:107520000748FEF728FA0020C7E700BF00BF4FF466
:1075300016710348FEF71FFA0020BEE72400002062
:107540002A0200207B2246223A7B2254797065224F
:107550003A224964656E74696679222C2254656DFD
:10756000706C617465223A25647D7D0A000000001C
:107570007B2246223A7B2254797065223A22496462
:10758000656E74696679222C225374617475732256
:107590003A25647D7D0A0000110000202DE9F041AC
:1075A0008EB005460C469046002655208DF8040006
:1075B00001A800F03FFA5536AA208DF805000DF11C
:1075C000050000F037FAAA362846E91705EB1161E5
:1075D0000912A5EB0121C9B28DF806100DF10600C4
:1075E00000F028FA2846E91705EB11610912A5EB0E
:1075F000012131448EB2E91705EB1161090A8DF8BA
:1076000007100DF1070000F015FA2846E91705EB01
:10761000116106EB21218EB22046E11704EB1161C6
:107620000912A4EB0121C9B28DF8081002A800F0DC
:1076300001FA2046E11704EB11610912A4EB0121C4
:1076400031448EB2E11704EB1161090A8DF809107B
:107650000DF1090000F0EEF92046E11704EB11618D
:1076600006EB21218EB200270EE018F80710B81D96
:1076700001AA115408EB070000F0DCF918F8070024
:10768000304486B2781CC7B2A742EEDB09E0002185
:10769000B81D01AA1154B91D881800F0CBF9781C47
:1076A000C7B2102FF3DB3046F11706EB1161091258
:1076B000A6EB0121C9B28DF81A100DF11A0000F0E5
:1076C000B9F93046F11706EB1161090A8DF81B1064
:1076D0000DF11B0000F0AEF900270EB0BDE8F081FF
:1076E0002DE9F0438DB004460E4617469946002515
:1076F00000BF5A208DF80000684600F09BF95A350B
:10770000A5208DF801000DF1010000F093F9A535D9
:107710002046E11704EB11610912A4EB0121C9B263
:107720008DF802100DF1020000F084F92046E117F7
:1077300004EB11610912A4EB01210D44E11704EBE4
:107740001161090A8DF803100DF1030000F072F9C0
:107750002046E11704EB116105EB2125B01CC0B2F6
:107760008DF8040001A800F065F9B01CC0B2054412
:10777000B01C000A8DF805000DF1050000F05AF963
:10778000B01C05EB1025F8B28DF806000DF10600CF
:1077900000F050F9F8B20544380A8DF807000DF1F1
:1077A000070000F047F905EB17254FF000080BE044
:1077B00009EB080000F03EF919F80800054405201F
:1077C00000F0E2F908F10108B045F1D3E8B28DF814
:1077D0002F000DF12F0000F02DF9280A8DF8300050
:1077E0000CA800F027F94FF000080DB0BDE8F083B9
:1077F00030B58DB0044634216846FEF7BCF800254C
:10780000FFF700FC642000F0BFF901208DF80000B4
:107810008DF801008DF802406A4603214FF49D70F7
:10782000FFF7BCFE642000F0AFF94FF41671024878
:10783000FEF7A1F80DB030BD2A020020F0B5ADF57D
:10784000297D07460D4614464FF40F7101A8FEF737
:1078500092F8A178607801EB00272179E07801EBBC
:107860000025062004E0225C811F01AB5A54401C15
:10787000A91D8842F7D3FFF7C5FB642000F084F907
:107880004FF416713548FEF776F800203449086049
:10789000002603E0002090A98855761C642EF9D3B9
:1078A000642000F071F9E8B28DF84002280A8DF8E2
:1078B00041024AF6AA202B490968086090AA0221D1
:1078C00040F20B10FFF76AFE642000F05DF901AB97
:1078D0003A46294640F20B10FFF702FF4AF6AA206B
:1078E0002049096808604FF47A7000F04DF91B4890
:1078F0000078A52829D119488079002817D1A178C6
:10790000607801EB00221548017A407A01EB0020F3
:10791000824208D13A4614A190A807F095FB90A89E
:1079200008F0CAFE11E020A008F0C6FE0DE00B48EA
:10793000007A602802D128A008F0BEFE0748007A2D
:10794000702802D12FA008F0B7FE4FF4167103483B
:10795000FEF711F801200DF5297DF0BD2A02002067
:10796000240000200C0900207B2246223A7B22546E
:10797000797065223A22577269746554656D706C2E
:10798000617465222C22577269746554656D706C40
:107990006174654944223A25642C225374617475DC
:1079A00073223A307D7D0A007B2246223A7B2254A4
:1079B000797065223A22577269746554656D706CEE
:1079C000617465222C22537461747573223A3130CC
:1079D000307D7D0A000000007B2246223A7B225443
:1079E000797065223A22577269746554656D706CBE
:1079F000617465222C22537461747573223A39368E
:107A00007D7D0A007B2246223A7B225479706522D2
:107A10003A22577269746554656D706C61746522A1
:107A20002C22537461747573223A3131327D7D0A90
:107A30000000000010B5044601231A462146024802
:107A400003F0C9F810BD0000100A002070B50A4804
:107A50000468001D0568001D0668344454B10822FE
:107A60000649204603F0C2F9042204491031284691
:107A700003F0BCF970BD0000E8F7FF1FB60000205E
:107A80000146002291F82100022808D004208863D2
:107A900000BF002081F8200000BF01207047086867
:107AA000006820F00E000B6818600868006820F07D
:107AB00001000B68186091F8403001209840CB6BB2
:107AC0005860012081F8210000BF002081F82000CB
:107AD00000BF1046E2E7000070B50446002594F8A8
:107AE0002100022803D00420A063012548E020687B
:107AF000006820F00E00216808602068006820F00F
:107B00000100216808601F492068884201D10120D6
:107B100026E01C4914312068884201D110201FE062
:107B2000184928312068884201D1801518E015498C
:107B30003C312068884201D1801411E01149503154
:107B40002068884202D14FF4803009E00D49643149
:107B50002068884202D14FF4801001E04FF080701D
:107B6000084908394860012084F8210000BF00203E
:107B700084F8200000BF606B10B12046616B88471D
:107B8000284670BD0800024070B5044600F080FA37
:107B900006462546681C10B104480078054400BF1D
:107BA00000F076FA801BA842FAD370BDF0000020E6
:107BB0002DE9F04104460E460127002500BF264866
:107BC000007E012802D10220BDE8F0810120224977
:107BD000087600BF2068022813D14CF25030FFF71E
:107BE00011F890BB0120FEF793FF4CF25030FFF7E5
:107BF00009F807461948006920F004001749086190
:107C000023E04CF25030FEF7FDFFF0B94FF0FF30AB
:107C10003060A56812E02846FEF78EFF4CF2503027
:107C2000FEF7F0FF07460D48006920F002000B49FF
:107C300008610FB1356007E005F58065D4E90210F1
:107C400001EB8020A842E6D800BF00BF0020024917
:107C5000087600BF3846B7E7381C002000200240F5
:107C60000348006940F08000014908610020704726
:107C7000002002402DE9FE4F05468B4617469846E8
:107C8000012600240020029000BF2448007E012825
:107C900002D10220BDE8FE8F01202049087600BFF6
:107CA0004CF25030FEF7AEFF064686BB012D02D1E6
:107CB0000120029006E0022D02D10220029001E094
:107CC0000420029000241EE02201B946C246484624
:107CD0005146FDF727FE80B20190022000FB04B060
:107CE00000900199FEF73CFF4CF25030FEF78AFFFE
:107CF00006460B48006920F001000949086106B1F9
:107D000004E0601CC4B202988442DDDB00BF00BF07
:107D100000200249087600BF3046BBE7381C00202F
:107D20000020024000200849096901F0800151B19A
:107D30000649054A5160064951601146096901F03A
:107D4000800101B1012070470020024023016745F6
:107D5000AB89EFCD2DE9F8470346002294466EE14A
:107D60004FF0010808FA02F4D1F8008008EA040094
:107D7000A0427DD1DFF8DCA2D1F80480A8EB0A098B
:107D8000D0453AD014DCB8F1030F50D009DCB8F17B
:107D9000000F31D0B8F1010F1CD0B8F1020F49D15A
:107DA00020E0B8F1110F18D0B8F1120F42D11EE047
:107DB000B9F5881F25D006DCB9F5803F20D0B9F58C
:107DC000801F37D11AE0B9F5001F18D0B9F5041F8C
:107DD00030D117E0D1F80CC02DE0D1F80C8008F1BB
:107DE000040C28E0D1F80C8008F1080C23E0D1F84D
:107DF0000C8008F10C0C1EE000BF00BF00BF00BFEC
:107E000000BF00BFD1F80880B8F1000F02D14FF0D9
:107E1000040C0BE0D1F80880B8F1010F03D14FF04A
:107E2000080C1C6102E04FF0080C5C6103E04FF0AD
:107E3000000C00E000BF00BFFF2801D8984601E019
:107E400003F104084646FF2802D84FEA820803E0FF
:107E5000A2F108084FEA88084746D6F800804FF09C
:107E60000F0909FA07F928EA09080CFA07F900E0EE
:107E700088E048EA0908C6F80080D1F8048008F0D4
:107E80008058B8F1805F7DD100BFDFF8CC81D8F891
:107E9000188048F00108DFF8C091C9F81880C8467A
:107EA000D8F8188008F00108CDF8008000BF00BFA6
:107EB0004FEAB9384FEA920958F829504FEA8278C8
:107EC0004FEA18794FF00F0808FA09F825EA080573
:107ED000DFF88881434502D14FF0000816E0DFF853
:107EE0008081434502D14FF001080FE0DFF8748133
:107EF000434502D14FF0020808E0DFF86C814345AA
:107F000002D14FF0030801E04FF004084FEA8279F4
:107F10004FEA197908FA09F848EA0505DFF84C81B3
:107F20004FEA920948F82950D1F8048008F48038C3
:107F3000B8F5803F0AD1DFF83881D8F8008048EAE8
:107F40000008DFF82C91C9F8008009E0DFF82081F3
:107F5000D8F8008028EA0008DFF81491C9F80080FA
:107F6000D1F8048008F40038B8F5003F10D1DFF8EC
:107F7000008108F10408D8F8008048EA0008DFF81A
:107F8000F09000E05AE009F10409C9F800800DE022
:107F9000DFF8DC8008F10408D8F8008028EA00083F
:107FA000DFF8CC9009F10409C9F80080D1F8048009
:107FB00008F48018B8F5801F0ED1DFF8B48008F1FE
:107FC0000808D8F8008048EA0008DFF8A49009F112
:107FD0000809C9F800800DE0DFF8948008F108086E
:107FE000D8F8008028EA0008DFF8849009F1080931
:107FF000C9F80080D1F8048008F40018B8F5001F13
:108000000ED1DFF86C8008F10C08D8F8008048EA3F
:108010000008DFF85C9009F10C09C9F800800DE058
:10802000DFF84C8008F10C08D8F8008028EA000836
:10803000DFF83C9009F10C09C9F80080521CD1F816
:10804000008028FA02F8B8F1000F7FF489AEBDE88D
:10805000F8870000000011100010024000080140E5
:10806000000C0140001001400014014008000140D4
:1080700000040140024693680B400BB1012000E070
:10808000002070470AB1016101E00B0403617047F1
:108090000148006870470000E800002070B5044601
:1080A0000CB9012070BD4CF6CC402168086045F247
:1080B000555021680860D4E9001048602168A06824
:1080C0008860FFF7E5FF05460BE0FFF7E1FF401B87
:1080D000272806D92068C06800F0030008B10320F3
:1080E000E0E72068C06800F003000028EDD14AF600
:1080F000AA20216808600020D4E700000348006837
:10810000034909780844014908607047E8000020E5
:10811000F000002010B50848006840F01000064943
:108120000860032000F0A8F8002000F007F800F035
:108130002BF8002010BD00000020024070B504465E
:108140000E4800784FF47A71B1FBF0F00C490968E1
:10815000B1FBF0F5284602F068F808B1012070BDC7
:10816000102C07D200222146501E00F047F8054887
:10817000046001E00120F2E70020F0E7F0000020B9
:1081800004010020EC00002008B500BF1148806900
:1081900040F001000F4988610846806900F0010045
:1081A000009000BF00BF00BF0846C06940F080508B
:1081B000C8610846C06900F08050009000BF00BF51
:1081C00000BF0549486820F0E06040F0007048605A
:1081D00000BF08BD001002400000014001460846F3
:1081E000002809DB00F01F0301229A4043099B008D
:1081F00003F1E023C3F8002100BF70472DE9F05FD1
:1082000080460D461646002706F032FF07463946DF
:108210002A46334601F00700C0F1070ABAF1040FFD
:1082200002D94FF0040A01E0C0F1070AD14600F17B
:10823000040ABAF1070F02D24FF0000A01E0A0F1E0
:10824000030AD4464FF0010A0AFA09FAAAF1010A10
:108250000AEA020A0AFA0CFA4FF0010B0BFA0CFBBD
:10826000ABF1010B0BEA030B4AEA0B042146404633
:1082700006F006FFBDE8F09F00BF00F00702064BC6
:1082800019684FF6FF031940044B0B4343EA0221E0
:10829000014B196000BF70470CED00E00000FA05CB
:1082A00070B505460C4604F08000802808D104F023
:1082B000070000EB800605F1280000EBC60105E091
:1082C00004EB840605F5B47000EBC6011AB9002072
:1082D0000873CB8004E0012008730B81180C4881DF
:1082E000002070BD704770B504460D4605EB850350
:1082F00004F1280101EBC3014A692946D4F8E802D8
:1083000004F0D0FD70BD70B504460D4605EB850345
:1083100004F5B47101EBC3014A692946D4F8E802B7
:1083200004F040FE70BD70B504460E4606F08000B5
:1083300080280AD106F0070000EB800104F1280034
:1083400000EBC1050120687009E006F0070000EBB2
:10835000800104F5B47000EBC1050020687006F0E0
:108360000700287000BF94F8A802012801D102205C
:1083700070BD012084F8A80200BF2946206805F0DE
:1083800099FC00BF002084F8A80200BF00BFEFE7FF
:1083900070B504460E4606F00F006168884201D9A8
:1083A000012070BD06F0800080280AD106F0070089
:1083B00000EB800104F1280000EBC105012068708A
:1083C00009E006F0070000EB800104F5B47000EB53
:1083D000C105002068700020A87006F00700287012
:1083E00000BF94F8A802012801D10220D9E701209A
:1083F00084F8A80200BF2946206805F0B7FD00BF39
:10840000002084F8A80200BF00BFCAE72DE9F041B0
:1084100005460C46174607F48040002850D02868CF
:10842000B0F85010207801EBC000801C296801F5DD
:10843000806131F81000C0F30906A069B04203D38F
:10844000A069801BA06101E00020A061A069A8B91B
:1084500000BF22785200296831F812104BF68F7253
:1084600001EA020080F4005040F4004141F0800134
:1084700023785B002A6822F8131000BF07F0400041
:10848000A8B100BF00BF22785200296831F812104D
:1084900048F68F7201EA020040F4004141F0C00149
:1084A00023785B002A6822F8131000BF00BF002E5B
:1084B00055D0228961693346286806F0CDFB4EE02D
:1084C0002868B0F85010207801EBC000801D2968A2
:1084D00001F5806131F81000C0F30906A069B042CF
:1084E00003D3A069801BA06101E00020A061A06906
:1084F000A8B900BF22785200296831F812104BF653
:108500008F7201EA020080F4005040F4004141F013
:10851000800123785B002A6822F8131000BF07F05F
:108520004000A8B900BF00BF22785200296831F886
:10853000121048F68F7201EA020040F4004141F047
:10854000C00123785B002A6822F8131000BF00BF27
:108550002EB1628961693346286806F07DFB30469A
:10856000BDE8F0812DE9F04705460C46904608F03D
:108570004000002871D02868B0F85010207801EB36
:10858000C000801C296801F5806131F81000C0F33B
:108590000907A069B84203D9A069C01BA06101E026
:1085A0000020A061A06900287ED100BF6078C8B912
:1085B00000BF29682A68B2F85020114422780223AB
:1085C00003EBC20201F5806303EB420000BF0288A7
:1085D00048F2FF331A400280028842F400420280CF
:1085E00000BF13E06078012810D100BF28682A6816
:1085F000B2F8502010442278022303EBC20200F5A7
:10860000806303EB420100220A8000BF00BF00BF6D
:108610002968607810BB00BF2B68D5F800C0BCF893
:1086200050C0634494F800C04FF0060909EBCC0C2D
:1086300003F5806909EB4C0000BFB0F800C048F2B8
:10864000FF390CEA090CA0F800C0B0F800C04CF4E7
:10865000004CA0F800C000BF11E0C0E06078012825
:108660000DD12868B0F8500001442078062303EBB0
:10867000C00001F5806303EB40020020108000BFC2
:1086800021782846FFF72FFE08F48040002816D0F6
:1086900000BF00BF22785200296831F8121048F656
:1086A0008F7201EA020000E00AE040F4004141F468
:1086B000814123785B002A6822F8131000BFCAE1C9
:1086C00008F48040A8B100BF00BF2278520029689A
:1086D00031F8121048F68F7201EA020040F40041AE
:1086E00041F4814223785B00296821F8132000BF00
:1086F00000BF94F824000128E1D16069384460612A
:10870000E0693844E0612169206A884204D326691F
:10871000206A801B20620BE0206A20B93E460020C0
:1087200084F8240004E0002084F82400266A2062F3
:1087300000BF6078B8BB00BF2A682968B1F8501044
:108740000A442178022303EBC10102F5806303EBA5
:108750004101084600BF56B9038848F2FF3C03EACE
:108760000C030380038843F40043038019E03E2E8A
:108770000BD800BF710806F0010303B1491C4FF686
:10878000FF7303EA812303800BE000BF710906F049
:108790001F0303B9491E4FF4004343EA81230380BA
:1087A00000BF00BF13E0FFE7607801280FD100BFD2
:1087B00028682A68B2F8502010442278022303EB7C
:1087C000C20200F5806303EB42010E8000BF00BFD0
:1087D000B3B222896169286806F06DFA3BE1286826
:1087E000B0F85010207801EBC000801D296801F519
:1087F000806131F81000C0F30907A069B84203D3C3
:10880000A069C01BA06101E00020A061A069002850
:108810007DD100BF6078C8B900BF29682A68B2F866
:10882000502011442278022303EBC20201F5806339
:1088300003EB420000BF028848F2FF331A40028077
:10884000028842F40042028000BF13E060780128F1
:1088500010D100BF28682A68B2F85020104422784E
:10886000022303EBC20200F5806303EB4201002206
:108870000A8000BF00BF00BF2968607808BB00BF46
:108880002B68D5F800C0BCF850C0634494F800C011
:108890004FF0060909EBCC0C03F5806909EB4C009D
:1088A00000BFB0F800C048F2FF390CEA090CA0F88C
:1088B00000C0B0F800C04CF4004CA0F800C000BFED
:1088C00010E0607801280DD12868B0F8500001440C
:1088D0002078062303EBC00001F5806303EB400220
:1088E0000020108000BF21782846FFF7FCFC08F428
:1088F0008040002816D100BF00BF227852002968AE
:1089000031F8121048F68F7201EA020000E00AE026
:1089100040F4004141F4814123785B002A6822F849
:10892000131000BF97E008F48040A8B900BF00BF53
:1089300022785200296831F8121048F68F7201EA45
:10894000020040F4004141F4814123785B002A6831
:1089500022F8131000BF00BF94F8240001287AD138
:10896000606938446061E0693844E0612169206AE7
:10897000884204D32669206A801B20620BE0206AAB
:1089800020B93E46002084F8240004E0266A002036
:10899000206284F8240000BF2A68607890BB00BF82
:1089A000D5F800C02968B1F850108C4421784FF0F8
:1089B000060909EBC1010CF5806909EB4101084684
:1089C00000BF76B9B0F8009048F2FF3A09EA0A0908
:1089D000A0F80090B0F8009049F40049A0F8009089
:1089E00020E03E2E0FD800BF710806F00109B9F152
:1089F000000F00D0491C4FF6FF7909EA8129A0F841
:108A000000900FE010E000BF710906F01F09B9F1F6
:108A1000000F00D1491E4FF4004949EA8129A0F80E
:108A2000009000BF00BF0FE0607801280CD12868DB
:108A3000B0F8500002442078062101EBC00002F596
:108A4000806101EB40031E8000BFB3B2628961699F
:108A5000286806F030F900BF22785200296831F802
:108A6000121048F6BF7201EA020080F0100080F098
:108A7000200040F4004141F0800123785B002A6827
:108A800022F8131000BF0020BDE8F087024601F075
:108A9000070000EB800302F5B47000EBC300C0696F
:108AA00070472DE9F04705460E4690461F464FF0A9
:108AB000000906F0800080280AD106F0070000EBCC
:108AC000800105F1280000EBC1040120607009E07D
:108AD00006F0070000EB800105F5B47000EBC1045F
:108AE0000020607006F007002070C4F81080E77066
:108AF000607808B12078E081022F01D10020207138
:108B000000BF95F8A802012802D10220BDE8F08735
:108B1000012085F8A80200BF2146286804F0A0FEC5
:108B200000BF002085F8A80200BF4846EEE72DE907
:108B3000F04105460E461746984606F0070000EB42
:108B4000800105F5B47000EBC1046761C4F81880BA
:108B50000020E061607006F00700207006F007005A
:108B600020B92146286805F09CFA03E021462868D0
:108B700005F097FA0020BDE8F08170B504460D4677
:108B800005F007006168884201D9012070BD05F039
:108B9000800080280AD105F0070000EB800104F175
:108BA000280000EBC1060120707007E005EB85018D
:108BB00004F5B47000EBC106002070700120B070A5
:108BC00005F00700307000BF94F8A802012801D119
:108BD0000220DBE7012084F8A80200BF31462068AC
:108BE00005F031FA05F0070020B904F52C71206872
:108BF00005F0B9F900BF002084F8A80200BF00BF4B
:108C0000C4E72DE9F04105460E4690461F4606F0A2
:108C1000070000EB800105F1280000EBC104C4F857
:108C20001480A761012084F8240027620020E061FD
:108C30000120607006F00700207006F0070020B9E0
:108C40002146286805F02DFA03E02146286805F042
:108C500028FA0020BDE8F0817FB50446206805F0C1
:108C6000F7FF00F40040B0F5004F02D1204602F0BB
:108C700017FC206805F0ECFF00F48060B0F5806F11
:108C80000FD12068B0F844004FF6FF31084021684A
:108C9000A1F84400204600F09FF90021204600F092
:108CA000BBF9206805F0D4FF00F48040B0F5804F98
:108CB00008D12068B0F844004BF6FF7108402168E5
:108CC000A1F84400206805F0C3FF00F40050B0F59F
:108CD000005F08D12068B0F844004DF6FF710840ED
:108CE0002168A1F84400206805F0B2FF00F480502C
:108CF000B0F5805F1DD12068B0F840004FF6FB71E1
:108D000008402168A1F840002068B0F840004FF604
:108D1000F77108402168A1F84000204600F06EF984
:108D20002068B0F844004EF6FF7108402168A1F8B1
:108D30004400206805F08CFF00F40060B0F5006F7F
:108D400055D1002507E06900206830F811002DF8A2
:108D50001500681CC5B2082DF5D32068B0F8400096
:108D600040F001002168A1F840002068B0F8400000
:108D70004FF6FE7108402168A1F8400000BF20684E
:108D8000B0F8440000F480600028F8D02068B0F803
:108D900044004FF6FF3108402168A1F84400002547
:108DA00007E03DF815006A00216821F81200681CF0
:108DB000C5B2082DF5D32068B0F8400040F0080097
:108DC0002168A1F840002068B0F844004FF2FF711C
:108DD00008402168A1F844002068B0F8400040F045
:108DE00004002168A1F84000204600F057F92068EF
:108DF00005F02EFF00F40070B0F5007F0BD1206865
:108E0000B0F844004FF6FF5108402168A1F8440033
:108E1000204600F0FAF8206805F01AFF00F4807090
:108E2000B0F5807F08D12068B0F844004FF6FF61AC
:108E300008402168A1F844007FBD30B585B00446E4
:108E400014B9012005B030BD94F8A90228B900205A
:108E500084F8A802204600F09DF8032084F8A902B7
:108E6000206805F076F8142204F110016846FCF73A
:108E700069FD94E80F0004F019FF20B1022084F886
:108E8000A9020120DEE70021206805F00AFF002585
:108E900031E0012105EB850204F1280000EBC2005E
:108EA000417005EB850104F1280000F8315005EB15
:108EB000850100EBC100C581002105EB850204F1AD
:108EC000280000EBC200C17005EB850204F1280008
:108ED00000EBC200016105EB850204F1280000EB04
:108EE000C200416105EB850204F1280000EBC200DD
:108EF0008161681CC5B26068A842CAD800252AE012
:108F0000002105EB850204F5B47000EBC20041704E
:108F100005EB850104F5B47000F83150002105EB34
:108F2000850200EBC200C17005EB850204F5B47048
:108F300000EBC200016105EB850204F5B47000EBA3
:108F4000C200416105EB850204F5B47000EBC2007C
:108F50008161681CC5B26068A842D1D8142204F1AE
:108F600010016846FCF7EEFC94E80F0004F0E6FF01
:108F700020B1022084F8A902012063E7002084F8D0
:108F80002400012084F8A902206804F0D4FF002006
:108F900058E7000038B504460D492068884215D1CD
:108FA00000BF0C48C06940F400000A49C861084687
:108FB000C06900F40000009000BF00BF002211460D
:108FC0001420FFF71BF91420FFF708F938BD000043
:108FD000005C00400010024070B504460125A06806
:108FE000022801D0FDF78CFD2946D4F8E80204F0F0
:108FF0000DF9D4F8E80204F0BFF870BD10B50446CE
:10900000D4F8E80204F0E6F810BD10B50446D4F830
:10901000E80204F0EAF810BD70B504460D4600BF42
:1090200094F8A802012801D1022070BD012084F823
:10903000A80200BF84F824502946206805F034FEB9
:1090400000BF002084F8A80200BF00BFEDE710B504
:10905000044604F52C71D4F8E80204F0EEF810BDD3
:1090600010B5044600BF94F8A802012801D10220DF
:1090700010BD012084F8A80200BF206805F0D6FDCD
:1090800001212046FFF72EF9206804F051FF00BFB0
:10909000002084F8A80200BF00BFE9E710B504462D
:1090A000D4F8E80204F022F9A06928B10348006866
:1090B00040F006000149086010BD000010ED00E01E
:1090C000012001490862704700000E422DE9F0437B
:1090D00085B006463BA30FCB01AC0FC43DA0006892
:1090E00000904FF00008002500270024A146012E23
:1090F00030D0022E55D0102E5ED13748446800681B
:1091000000F0807000B301A8C4F38341475C04F40D
:10911000803070B130484068C0F340401DF8008096
:1091200004F4803040B12D48B0FBF8F000FB07F5A7
:1091300002E02B4807FB00F52748406800F4800058
:10914000B0F5800F01D1A94603E068000321B0FB10
:10915000F1F932E02048046A04F44070B0F5807FF1
:1091600005D104F0020010B14FF4004918E004F4F6
:109170004070B0F5007F07D11748406A00F0020048
:1091800010B149F640490BE004F44070B0F5407F5F
:1091900006D11148006800F4003008B14FF22449AC
:1091A0000BE000F09BF90C494968C1F38131491C7F
:1091B0004900B0FBF1F900E000BF00BF484605B030
:1091C000BDE8F08302030405060708090A0B0C0D2D
:1091D0000E0F1010010200000010024000127A0071
:1091E00000093D00F8B5044600260025207800F06F
:1091F000010000286BD000274348C06900F0805070
:1092000070B900BF4048C06940F080503E49C86115
:109210000846C06900F08050009000BF00BF0127E1
:109220003A48006800F48070B0B93848006840F4EB
:10923000807036490860FEF72BFF064606E0FEF711
:1092400027FF801B642801D90320F8BD2F48006840
:1092500000F480700028F2D02B48006A00F44075BA
:109260002DB3A08800F44070A84220D02648006AA0
:1092700020F440750120264908600020086022483B
:10928000056205F0010090B1FEF702FF064608E016
:10929000FEF7FEFE801B41F28831884201D903208F
:1092A000D3E71948006A00F002000028F0D0164801
:1092B000006A20F440706168084313490862012F76
:1092C00004D10846C06920F08050C86100BF2078F2
:1092D00000F00200022807D10B48406820F440400B
:1092E000A168084308494860207800F01000102861
:1092F00007D10548406820F48000E168084302492E
:1093000048600020A1E7000000100240007000400B
:10931000400442427047000070B504460D460CB947
:10932000012070BD5A48006800F00700A8420ED224
:109330005748006820F00700284355490860084650
:10934000006800F00700A84201D00120E9E720787A
:1093500000F0020002281DD1207800F0040004284B
:1093600005D14C48406840F4E0604A4948602078A4
:1093700000F00800082805D14648406840F46050D5
:10938000444948604348406820F0F000A168084321
:1093900040494860207800F0010078B360680128F7
:1093A00006D13C48006800F4003090B90120B8E7CD
:1093B0006068022806D13748006800F0007040B9A4
:1093C0000120AEE73348006800F0020008B9012030
:1093D000A7E73048406820F00300616808432D4942
:1093E0004860FEF755FE064609E0FEF751FE801B79
:1093F00041F28831884202D9032092E707E02548EC
:10940000406800F00C006168B0EB810FEDD120489E
:10941000006800F00700A8420ED91D48006820F03F
:10942000070028431A4908600846006800F0070052
:10943000A84201D0012074E7207800F0040004283D
:1094400007D11448406820F4E060E16808431149FE
:109450004860207800F00800082808D10D484068CE
:1094600020F46050216940EAC1000A49486000F0D8
:1094700045F808494968C1F30311074A515CC840DF
:109480000649086006480068FEF758FE002048E7D5
:109490000020024000100240180B010804010020C7
:1094A000EC00002001200149C864704700004242DE
:1094B00001480068704700000401002000B5FFF774
:1094C000F7FF04494968C1F30221034A515CC840CF
:1094D00000BD000000100240280B010800B5FFF796
:1094E000E7FF04494968C1F3C221034A515CC840FF
:1094F00000BD000000100240280B0108F0B585B047
:109500000FF26C0C9CE8E01001A8A0E8E0101CA58C
:109510002D68009500210022002300240020194D11
:10952000696801F00C05F5B1042D02D0082D19D1A0
:1095300001E0154819E001ADC1F38346AC5D01F4CB
:10954000803555B10F4D6D68C5F340451DF80520B8
:109550000D4D6543B5FBF2F302E00C4D04FB05F342
:10956000184602E000BF084800BF00BF05B0F0BDCC
:1095700002030405060708090A0B0C0D0E0F101054
:10958000010200000010024000127A0000093D00B4
:1095900010B50648806800F08000802804D1FFF7ED
:1095A000B9FE80200149887210BD00000010024001
:1095B000F8B504460CB90120F8BD207800F0010090
:1095C000002878D0F848406800F00C0004280CD03F
:1095D000F548406800F00C00082811D1F2484068B6
:1095E00000F48030B0F5803F0AD1EF48006800F405
:1095F000003000285FD0606800285CD10120DBE7E4
:1096000000BF6068B0F5803F06D1E748006840F4CD
:109610008030E549086028E0606858B9E248006891
:1096200020F48030E04908600846006820F480207B
:1096300008601AE06068B0F5A02F0BD1DA48006826
:1096400040F48020D84908600846006840F4803023
:1096500008600AE0D448006820F48030D2490860ED
:109660000846006820F48020086000BF606888B168
:10967000FEF70EFD054606E0FEF70AFD401B6428D6
:1096800001D9032098E7C848006800F4003000289A
:10969000F2D010E0FEF7FCFC054606E0FEF7F8FC11
:1096A000401B642801D9032086E7BF48006800F406
:1096B00000300028F2D1207800F00200022857D1B3
:1096C000B948406800F00C0050B1B748406800F05D
:1096D0000C00082818D1B448406800F4803098B9CC
:1096E000B148006800F0020020B12069012801D0D3
:1096F000012061E7AC48006820F0F800616940EAA9
:10970000C100A949086033E02069E8B10120A749F8
:109710000860FEF7BDFC054606E0FEF7B9FC401BFD
:10972000022801D9032047E79F48006800F00200A3
:109730000028F2D09C48006820F0F800616940EAF7
:10974000C1009949086013E0002098490860FEF7BD
:109750009FFC054606E0FEF79BFC401B022801D952
:10976000032029E79048006800F002000028F2D1A9
:10977000207800F0080008282DD1A069B8B1012098
:109780008B490860FEF784FC054606E0FEF780FC86
:10979000401B022801D903200EE78348406A00F0ED
:1097A00002000028F2D0012002F0B8F813E00020F7
:1097B0007F490860FEF76CFC054606E0FEF768FC92
:1097C000401B022801D90320F6E67748406A00F0E2
:1097D00002000028F2D1207800F00400042873D1A0
:1097E00000277148C06900F0805070B900BF6E4812
:1097F000C06940F080506C49C8610846C06900F0FB
:109800008050009000BF00BF01276A48006800F444
:109810008070B0B96748006840F48070654908609E
:10982000FEF736FC054606E0FEF732FC401B6428D6
:1098300001D90320C0E65F48006800F4807000286A
:10984000F2D000BFE068012806D15748006A40F016
:1098500001005549086227E0E06858B95248006A9B
:1098600020F00100504908620846006A20F0040018
:10987000086219E0E06805280BD14B48006A40F007
:109880000400494908620846006A40F00100086285
:109890000AE04548006A20F0010043490862084692
:1098A000006A20F00400086200BFE068A0B1FEF783
:1098B000EFFB054609E0FEF7EBFB401B41F2883168
:1098C000884202D9032077E622E03748006A00F098
:1098D00002000028EFD012E0FEF7DAFB054608E0B0
:1098E000FEF7D6FB401B41F28831884201D90320A4
:1098F00062E62D48006A00F002000028F0D1012F36
:1099000005D12948C06920F080502749C86100BFAF
:10991000E069C8B32448406800F00C00082860D013
:10992000E069022848D1002020490866FEF7B0FB14
:10993000054606E0FEF7ACFB401B022801D90320D8
:109940003AE61948006800F000700028F2D1206A59
:10995000B0F5803F07D11448406820F40030A1687A
:10996000084311494860D4E9080108430E49496891
:1099700021F4741108430C49486001200B49086622
:10998000FEF786FB054607E03DE0FEF781FB401B46
:10999000022801D903200FE60348006800F0007098
:1099A0000028F2D02FE000000010024000004242E8
:1099B0008004424200700040002014490866FEF70F
:1099C00067FB054606E0FEF763FB401B022801D952
:1099D0000320F1E50E48006800F000700028F2D185
:1099E00011E0E069012800D1E6E50948466806F47F
:1099F0008031206A814204D106F47011606A81428C
:109A000001D00120D8E50020D6E500000000424248
:109A1000001002402DE9F04780460E469246002590
:109A200000270024A146404601F0D1FF8146254889
:109A3000B9FBF0F424480068A04240D022480460FA
:109A400040F2B2750EE0284605F0D0FF012806D19D
:109A5000B4F5B77F02D3A4F5B77402E005E0A4F231
:109A60006D146D1CB4F5B67FEDD800BF2F46A5F57B
:109A7000FA60F070002515E0012D09D1384605F097
:109A8000B5FF012804D11D2C01D31D3C09E00BE0DA
:109A90000E48405DA04203D80C48405D241A00E007
:109AA00002E06D1C1C2CE7D200BF681C7070601CAB
:109AB000B070B2787178F07801F0A3FF30700020B8
:109AC000BDE8F08780510100000100200C0B010867
:109AD0002DE9F04707460C4691460026B046002582
:109AE00038684068C0F3800010B10120BDE8F087FD
:109AF000384601F06CFF06464FF46160B6FBF0F5A6
:109B0000B6FBF0F100FB11603C21B0FBF1F060709E
:109B10004FF46160B6FBF0F100FB11603C21B0FB3B
:109B2000F1F201FB1200A0701820B5FBF0F100FB70
:109B300011502070182D08D31820B5FBF0F8B5FB94
:109B4000F0F100FB1150207000E025700020CDE7FF
:109B500070B5044600250CB9012070BD607C20B9A9
:109B600000202074204600F05BF80220607420463C
:109B700000F085F918B1042060740120EDE720465B
:109B800001F0EBFE18B1042060740120E5E72068C5
:109B9000406820F0070021684860A06828B11F488D
:109BA000006820F001001D4908601C48001F006883
:109BB00020F46070A16808431849091F08606068B4
:109BC000401C08B1656809E00120FFF77FFA0546EF
:109BD0001DB9042060740120BFE76D1E20688068F5
:109BE00020F00F0040EA1540216888602068C068B6
:109BF00065F30F002168C860204601F0CBFE18B164
:109C0000042060740120A8E70021E1730121617341
:109C1000A1730120607400209FE70000306C0040B9
:109C200038B504460B492068884212D1FFF748FA3C
:109C300000BF0948C06940F000600749C861084694
:109C4000C06900F00060009000BF00BF0120034920
:109C5000086038BD00280040001002403C04424229
:109C60002DE9F04F87B006460F464FF0000900205F
:109C7000069080460024059004900390824600BF21
:109C800048A207CA8DE80700304601F0A0FE8146D1
:109C90004FF46160B9FBF0F006904FF46160B9FBDE
:109CA000F0F100FB11903C21B0FBF1F0C0B2049048
:109CB0004FF46160B9FBF0F100FB11903C21B0FB67
:109CC000F1F201FB1200039018210698B0FBF1F2AB
:109CD00001FB12000590F87800F5FA6840F63300B1
:109CE000804500D9804640F2B270804500D280465F
:109CF00040F2B2750AE0284605F078FE012802D14C
:109D00002B48044401E02B4804446D1C4545F2D324
:109D100097F801A0404605F069FE012804D1BAF188
:109D2000020F01D924480444AAF1010A002507E0E2
:109D30001DF8050040F2A321484304EBC0146D1C3C
:109D40005545F5D397F802B0ABF1010040F2A321DD
:109D5000484304EBC0140598C0EB4011C1EB002050
:109D600004EB00140498C0EB001004EB800403988B
:109D7000044400BF307C012803D1022007B0BDE8B5
:109D8000F08F0120307400BF0220707421463046ED
:109D900001F079FE0120707400BF0020307400BF14
:109DA00000BFEBE71F1C1F1E1F1E1F1F1E1F1E1FB5
:109DB0000085E2018033E101805101002DE9F05F6F
:109DC00004460D46904600260027B146B24620467E
:109DD00001F0FDFD07464FF46160B7FBF0F9B9F102
:109DE000180F0AD31820B9FBF0FA0AEB4A00C0009A
:109DF0004FF4616100FB01F700E0002700BF207C09
:109E0000012802D10220BDE8F09F0120207400BF8C
:109E100002206074B8F1000F0BD128784FF4616113
:109E200048436978C1EB011100EB8100A97846181D
:109E300012E0287801F086FD4FF4616100FB01FB20
:109E4000687801F07FFDC0EB00100BEB800BA87869
:109E500001F078FD0BEB00063E443146204601F050
:109E600012FE2068406820F005002168486001204B
:109E7000607400BF0020207400BF00BFC3E770B54E
:109E8000044600250CB9012070BD2068406820F010
:109E9000080021684860FEF7FBF8054607E0FEF77A
:109EA000F7F8401BB0F57A7F01D90320ECE7206872
:109EB000406800F008000028F1D00020E4E710B569
:109EC00004460CB9012010BD606A38B96068B0F56D
:109ED000827F00D105E00021E16102E000212161E3
:109EE00061610021A16294F8510028B9002084F832
:109EF0005000204600F042F8022084F8510020680B
:109F0000006820F0400021680860A08800F482709A
:109F1000218901F404410843A18901F40061084347
:109F2000217C01F002010843217D01F00101084379
:109F3000218B01F400710843217F01F038010843AF
:109F40002021095D01F080010843218D01F40051B9
:109F50000843216808600421A06901EA10402168D3
:109F600048602068C06920F400602168C861002052
:109F70006065012084F851000020A4E710B586B088
:109F8000044600200290039004900590194920682F
:109F900088422DD100BF1848806940F4805016498E
:109FA00088610846806900F48050019000BF00BFBE
:109FB00000BF0846806940F0040088610846806957
:109FC00000F00400019000BF00BFA020029002201A
:109FD00003900320059002A90848FDF7BBFE40202E
:109FE000029000200390049002A90448FDF7B2FEFD
:109FF00006B010BD003001400010024000080140D2
:10A000002DE9FF5F0446884691461D460E9E0120BD
:10A0100002900020019000BF94F85000012803D165
:10A02000022004B0BDE8F09F012084F8500000BF7A
:10A03000FEF72EF8074694F851B060680390AA46E0
:10A04000BBF1010F0BD00398B0F5827F04D1A0685B
:10A0500010B9BBF1040F02D002200190DBE0B8F18F
:10A06000000F03D0B9F1000F00D015B90120019005
:10A07000D1E094F85100042802D0052084F8510062
:10A0800000206065C4F83890E587A587C4F8308063
:10A09000E586A586206460642068006800F04000C2
:10A0A000402805D02068006840F040002168086022
:10A0B000E068B0F5006F4AD1606810B1BAF1010FE5
:10A0C00009D1206B00882168C860206B801C206348
:10A0D000E08E401EE08633E02068806800F00200D9
:10A0E000022810D1E08E70B1029801280BD1206BAC
:10A0F00000882168C860206B801C2063E08E401EB1
:10A10000E086002002902068806800F0010068B1BD
:10A11000E08F58B12068C068A16B0880A06B801CDC
:10A12000A063E08F401EE08701200290FDF7B0FFA2
:10A13000C01BB04204D3701C10B1032001906AE030
:10A14000E08E0028C8D1E08F0028C5D14AE06068C1
:10A1500010B1BAF1010F09D1206B007821680873A2
:10A16000206B401C2063E08E401EE08634E02068B7
:10A17000806800F00200022810D1E08E70B10298D1
:10A1800001280BD1206B007821680873206B401CDC
:10A190002063E08E401EE0860020029020688068E8
:10A1A00000F0010068B1E08F58B12068C068A16B71
:10A1B0000870A06B401CA063E08F401EE087012068
:10A1C0000290FDF765FFC01BB04201D3701C00B9BF
:10A1D00016B9032001901EE0E08E0028C7D1E08F61
:10A1E0000028C4D13A463146204601F07FFC20B118
:10A1F00001200190202060650DE0A06850B900BFEB
:10A20000002000902068C06800902068806800905E
:10A2100000BF00BF00BF012084F8510000BF002034
:10A2200084F8500000BF0198FBE670B5044625464F
:10A23000681EB0F1807F01D301200FE0681E4FF04F
:10A24000E02148610F214FF0FF3004F019FF00209A
:10A250004FF0E021886107200861002070BD704741
:10A260007047000030B502460B4600BF92F83C0034
:10A27000012801D1022030BD012082F83C0000BF3E
:10A28000022082F83D00106844681068816824F05C
:10A2900070041868044310684460104D1068A842A8
:10A2A0000BD01068B0F1804F07D00D4D1068A84258
:10A2B00003D00C4D1068A84205D121F080015868E8
:10A2C000014310688160012082F83D0000BF00203A
:10A2D00082F83C0000BF00BFCDE70000002C014029
:10A2E000000400400008004010B504460CB90120ED
:10A2F00010BD94F83D0028B9002084F83C002046A9
:10A3000000F026F8022084F83D00211D206801F0AD
:10A3100081FE012084F8460000BF84F83E00012140
:10A320003F200155402001554120015500BF00BF8D
:10A33000012084F842004320015544200155452066
:10A34000015500BF012084F83D000020D0E7000047
:10A3500038B504461A492068884216D100BF19480A
:10A36000C06940F002001749C8610846C06900F0A2
:10A370000200009000BF00BF002211461D20FDF723
:10A380003DFF1D20FDF72AFF19E02068B0F1804F46
:10A3900015D100BF0B48C06940F001000949C861F0
:10A3A0000846C06900F00100009000BF00BF002215
:10A3B00011461C20FDF722FF1C20FDF70FFF38BDC2
:10A3C0000004004000100240014691F83D000128C1
:10A3D00001D001207047022081F83D00124B08682F
:10A3E00098420BD00868B0F1804F07D00F4B086837
:10A3F000984203D00E4B086898420CD108688068D8
:10A4000000F00702062A0CD00868006840F001003E
:10A410000B68186005E00868006840F001000B68F0
:10A4200018600020D6E70000002C01400004004026
:10A4300000080040014691F83D00012801D00120AC
:10A440007047022081F83D000868C06840F00100B4
:10A450000B68D860124B086898420BD00868B0F1BE
:10A46000804F07D00F4B0868984203D00E4B086806
:10A4700098420CD10868806800F00702062A0CD0C8
:10A480000868006840F001000B68186005E0086883
:10A49000006840F001000B6818600020D0E7000061
:10A4A000002C014000040040000800402DE9F0416C
:10A4B00004460D4600BF94F83C00012802D102205A
:10A4C000BDE8F081012084F83C0000BF022084F840
:10A4D0003D002068866826F0770626F47F462068CF
:10A4E00086602868502833D00CDC202850D004DC4B
:10A4F00000284BD0102851D149E0302849D04028BD
:10A500004CD139E060282DD0702807D0B0F5805F9D
:10A5100003D0B0F5005F41D10DE040E0D5E9021372
:10A520006A68206801F0B0FD2068866846F077060A
:10A530002068866033E0D5E902136A68206801F07C
:10A54000A3FD2068806840F480402168886026E090
:10A55000EA686968206801F0ABFD5021206801F0CD
:10A560009EFD1CE0EA686968206801F0B4FD602186
:10A57000206801F094FD12E0EA686968206801F043
:10A5800097FD4021206801F08AFD08E000BF00BF70
:10A5900000BF2968206801F082FD00E000BF00BF15
:10A5A000012084F83D0000BF002084F83C0000BF7B
:10A5B00000BF85E7704710B5044620680069C0F306
:10A5C0004000D8B12068C068C0F34000B0B16FF05F
:10A5D000020021680861012020772068806900F06E
:10A5E000030018B12046FFF7E5FF05E0204600F024
:10A5F000ADF8204600F0ABF8002020772068006915
:10A60000C0F38000D8B12068C068C0F38000B0B14A
:10A610006FF00400216808610220207720688069BB
:10A6200000F4407018B12046FFF7C4FF05E0204653
:10A6300000F08CF8204600F08AF80020207720688F
:10A640000069C0F3C000D8B12068C068C0F3C00082
:10A65000B0B16FF0080021680861042020772068FD
:10A66000C06900F0030018B12046FFF7A3FF05E022
:10A67000204600F06BF8204600F069F800202077B3
:10A6800020680069C0F30010D8B12068C068C0F32A
:10A690000010B0B16FF01000216808610820207729
:10A6A0002068C06900F4407018B12046FFF782FFAF
:10A6B00005E0204600F04AF8204600F048F8002067
:10A6C00020772068006900F0010058B12068C06858
:10A6D00000F0010030B16FF00100216808612046F0
:10A6E00000F036F820680069C0F3C01058B1206847
:10A6F000C068C0F3C01030B16FF0800021680861FD
:10A700002046FFF7ACFD20680069C0F3801058B107
:10A710002068C068C0F3801030B16FF0400021683D
:10A720000861204600F020F820680069C0F340105E
:10A7300058B12068C068C0F3401030B16FF02000FD
:10A74000216808612046FFF78BFD10BD70477047F8
:10A7500010B5044603492068884201D101F074FA1B
:10A7600010BD0000000400407047704770470000B3
:10A770002DE9F84F0446206805682068C6682068FF
:10A7800047694FF00009CA4605F00F09B9F1000FFB
:10A790000AD105F0200038B106F0200020B1204693
:10A7A00001F0E2FCBDE8F88FB9F1000F71D007F0BD
:10A7B000010018B906F4907000286AD005F0010075
:10A7C00030B106F4807018B1206C40F001002064B4
:10A7D00005F0040030B107F0010018B1206C40F022
:10A7E0000200206405F0020030B107F0010018B14A
:10A7F000206C40F00400206405F0080048B106F029
:10A80000200010B907F0010018B1206C40F00800DA
:10A810002064206C68B305F0200028B106F0200009
:10A8200010B1204601F0A0FC20684069C0F3801AF6
:10A83000206C00F0080010B9BAF1000F22D02046B9
:10A8400001F067FC2068406900F04000B0B120686A
:10A85000406920F0400021684861A06B50B1564823
:10A86000A16B4863A06BFDF737F910B1A06B416B8A
:10A8700088470CE02046FFF779FF08E02046FFF705
:10A8800075FF04E02046FFF771FF0020206489E790
:10A89000FFE7206B012878D105F01000002874D064
:10A8A00006F01000002870D000BF00200090206843
:10A8B0000068009020684068009000BF00BF2068DA
:10A8C000406900F04000C0B3A06B006840681FFA08
:10A8D00080F8B8F1000F2FD0A08D40452CDDA4F8F2
:10A8E0002E80A06B806920281FD02068C06820F4CB
:10A8F00080702168C8602068406920F001002168EC
:10A9000048612068406920F04000216848612020AB
:10A9100084F83E00002020632068C06820F010000A
:10A920002168C860A06BFDF7ABF8A08DE28D801A9E
:10A9300081B22046FFF719FF34E7FFE7A08DE18DD4
:10A94000401A1FFA80F8E08DE8B1B8F1000F1AD074
:10A950002068C06820F490702168C8602068406951
:10A9600020F0010021684861202084F83E0000208A
:10A9700020632068C06820F010002168C86041464C
:10A980002046FFF7F2FE0DE7FFE705F0800030B14B
:10A9900006F0800018B1204601F0D6FC02E705F071
:10A9A000400030B106F0400018B1204601F0CCFB69
:10A9B000F8E600BFF6E60000FFC0000810B5044648
:10A9C0000CB9012010BDA06900B100E000BF94F8EF
:10A9D0003D0028B9002084F83C00204600F028F80B
:10A9E000242084F83D002068C06820F400502168CD
:10A9F000C860204601F02AFC2068006920F49040DD
:10AA0000216808612068406920F02A0021684861B7
:10AA10002068C06840F400502168C86000202064AD
:10AA2000202084F83D0084F83E000020CAE70000A2
:10AA300010B586B004460020029003900490059063
:10AA40005D49206888423FD100BF5C48806940F47E
:10AA500080405A4988610846806900F4804001902E
:10AA600000BF00BF00BF0846806940F00800886151
:10AA70000846806900F00800019000BF00BF402038
:10AA80000290022003900320059002A94C48FDF794
:10AA900061F98020029000200390049002A94848A8
:10AAA000FDF758F900BF4749486840F0E06040F0C2
:10AAB0000400486000BF002211462520FDF79EFBE0
:10AAC0002520FDF78BFB75E03F492068884236D191
:10AAD00000BF3A48C06940F400303849C8610846B0
:10AAE000C06900F40030019000BF00BF00BF0846FD
:10AAF000806940F0040088610846806900F0040025
:10AB0000019000BF00BF04200290022003900320A8
:10AB1000059002A92D48FDF71DF90820029000209C
:10AB20000390049002A92948FDF714F90022114668
:10AB30002620FDF763FB2620FDF750FB3AE0244971
:10AB40002068884236D100BF1C48C06940F480208C
:10AB50001A49C8610846C06900F48020019000BF0E
:10AB600000BF00BF0846806940F0080088610846C1
:10AB7000806900F00800019000BF00BF0815029036
:10AB8000022003900320059002A90D48FDF7E2F88A
:10AB90004FF40060029000200390049002A908483E
:10ABA000FDF7D8F8002211462720FDF727FB2720C4
:10ABB000FDF714FB06B010BD003801400010024044
:10ABC000000C01400000014000440040000801402A
:10ABD0000048004070472DE9F84F04460E461746DE
:10ABE00099464FF0000A94F83D0020285AD106B14A
:10ABF00017B90120BDE8F88F00BF94F83C00012888
:10AC000001D10220F6E7012084F83C0000BF0020BB
:10AC10002064212084F83D00FDF73AFA8246A7849B
:10AC2000E784A068B0F5805F04D1206910B90025E1
:10AC3000B04602E035464FF0000800BF002084F81F
:10AC40003C0000BF1BE05346002280212046CDF887
:10AC5000009001F0A9FB08B10320CBE745B9B8F893
:10AC60000000C0F308002168486008F1020803E012
:10AC70002878216848606D1CE08C401EE084E08CE0
:10AC80000028E0D15346002240212046CDF8009014
:10AC900001F08AFB08B10320ACE7202084F83D00D6
:10ACA0000020A7E70220A5E77047000006E004A007
:10ACB00005F002FDFE210A2005F0CEF8F7E70000BE
:10ACC0007B22526563697665223A7B2253746174F4
:10ACD0007573223A37307D7D0A00000030B59DB093
:10ACE00004460D467022284901A8FAF72BFE332DA1
:10ACF00037D006DC102D0BD0122D3AD0142D40D1B8
:10AD000017E0352D1DD0372D0BD0392D39D120E04E
:10AD1000A006010E1D4B01AA602000F0ABF81DB08B
:10AD200030BDA006010E194B05AA612000F0A2F863
:10AD3000F5E7A006010E154B09AA602000F09AF86D
:10AD4000EDE7A006010E114B0DAA612000F092F86C
:10AD5000E5E7A006010E0D4B11AA612000F08AF86C
:10AD6000DDE7A006010E094B15AA612000F082F86C
:10AD7000D5E7A006010E054B19AA602000F07AF86D
:10AD8000CDE70120CBE70000300B0108C81C0020F4
:10AD900070B504460D462946204600F0EDF870BD1A
:10ADA00070B505460026002404E000200E49085531
:10ADB000601CC4B20A2CF8DB0B4800F092F808B112
:10ADC0004E2070BD084800F010F908B94E20F8E791
:10ADD000002404E00448005D2855601CC4B2042C23
:10ADE000F8DB0020EDE70000C81C002030B50B4662
:10ADF000002100BF16E00A24B4EB107F05D93024EF
:10AE000004EB107403F8114005E0412404EB1074C6
:10AE10000A3C03F81140000100254C00641C1D553C
:10AE20004C1CE1B29142E6DB30BD2DE9FC41044609
:10AE3000002700210D2004F0DFF89320207020204F
:10AE4000607001A823460222214600900C2000F0E9
:10AE5000F9F806465EB9002503E0605D4740681CCE
:10AE6000C5B2042DF9DB605DB84200D00226304641
:10AE7000BDE8FC812DE9F04385B006460F469046BB
:10AE800099468DF804608DF80570002406E018F8E6
:10AE9000041001AAA01C1154601CC4B2062CF6DBDD
:10AEA000002407E019F8041001AA04F10800115465
:10AEB000601CC4B2042CF5DB04A801AB0C2201A970
:10AEC00000900E2000F0BEF805462DB9082000F0D5
:10AED000F1FD00F0080000B90225284605B0BDE8E4
:10AEE000F08370B5044608210846FBF7EBFD2146C8
:10AEF000522000F05CF805461DB92046FFF795FF8B
:10AF00000546284670BD000010B5012210211848E2
:10AF1000FDF7B8F8002201211648FDF7B3F801202B
:10AF2000FCF732FE012211461248FDF7ABF8012072
:10AF3000FCF72AFE00F053F88D212A2004F05CF87B
:10AF40003E212B2004F058F81E212D2004F054F847
:10AF500000212C2004F050F84021152004F04CF87A
:10AF60003D21112004F048F8FBF7A9FC10BD0000BA
:10AF700000080140000C01407CB505460C4630201D
:10AF800020706570A21C02212046FBF769FD01A814
:10AF900023460422214600900C2000F053F8064678
:10AFA00016B90198902800D0022630467CBD7CB5A9
:10AFB00006460C4607210D2004F01EF8267001A855
:10AFC00023460122214600900C2000F03BF8054664
:10AFD00015B90198102800D0022528467CBD10B56F
:10AFE0000F21012004F008F810BDF0B585B0074628
:10AFF00093208DF8040070208DF80500002405E0F2
:10B00000395D01AAA01C1154601CC4B2052CF7DBE9
:10B010000DF10B02072101A8FBF722FD04A801ABEB
:10B02000092201A900900C2000F00CF805462DB96A
:10B030000498182802D19DF8046000E000263046EC
:10B0400005B0F0BD2DE9FE4F0646884691469A466A
:10B05000DDF830B0022002900020019000900C2E0C
:10B0600006D00E2E09D1122001901020009005E08C
:10B07000772001903020009000E000BF00BF0198D1
:10B0800040F08001022003F0B7FF80210420FBF78D
:10B0900019FD80210A2000F0AAFD0021012003F003
:10B0A000ABFF002505E018F80510092003F0A4FF08
:10B0B0006D1C4D45F7D33146012003F09DFF0C2E4A
:10B0C00003D180210D2000F092FD4FF4FA6500BFFE
:10B0D000042000F0EFFC04466D1E35B104F00100C1
:10B0E00018B9009820400028F2D080210D20FBF7ED
:10B0F000E9FC95B3062000F0DDFC00F01B0068BB06
:10B10000002002900198204000F0010008B10120C9
:10B1100002900C2E24D10A2000F0CCFC04460C2016
:10B1200000F0C8FC00F007072FB1601E07EBC0005D
:10B13000CBF8000002E0E000CBF8000004B90124E5
:10B14000102C00DD1024002505E0092000F0B2FCE1
:10B150000AF805006D1CA542F7D301E00220029019
:10B160000298BDE8FE8F000000B585B00020019078
:10B1700002900390049000BF3448806940F01000B2
:10B18000324988610846806900F01000009000BFD5
:10B1900000BF00BF0846806940F020008861084673
:10B1A000806900F02000009000BF00BF00BF08468B
:10B1B000806940F0040088610846806900F004005E
:10B1C000009000BF00BF00BF0846806940F0080043
:10B1D00088610846806900F00800009000BF00BF49
:10B1E00000224FF4E2611A48FCF74CFF00220121D3
:10B1F0001848FCF747FF4FF4E260019001200290ED
:10B20000002003900320049001A91148FCF7A2FD3F
:10B21000012001900290002003900220049001A9D7
:10B220000C48FCF797FD002208210A48FCF72AFF8A
:10B230000820019001200290002003900220049039
:10B2400001A90448FCF786FD05B000BD00100240CE
:10B2500000080140000C014010B50748074908608C
:10B260000620486040F6FF7104488160FCF716FF35
:10B2700008B1FBF745FC10BD003000400C09002070
:10B280001CB50020019000900748084908604FF065
:10B29000FF3048604FF4807104488160FEF758FC2D
:10B2A00008B1FBF72DFC1CBD002800401809002048
:10B2B00010B50F480F4908604FF4827048600021B4
:10B2C0000C488160C160016141614FF4007181618E
:10B2D0002821C1610021016241624FF40051816265
:10B2E0000921C162FEF7EBFD08B1FBF709FC10BDB7
:10B2F000003001402C09002000B587B000200390E9
:10B30000049005900690019002901448144908603A
:10B3100040F2DB5048600021114881600121C1608A
:10B32000002101618161FEF7DFFF08B1FBF7E8FB57
:10B330004FF48050039003A90948FFF7B7F808B10C
:10B34000FBF7DEFB00200190029001A90448FEF704
:10B3500089FF08B1FBF7D4FB07B000BD0004004033
:10B360008409002010B50B480B4908604FF41650B3
:10B370004860002108488160C16001610C21416181
:10B3800000218161C161FFF719FB08B1FBF7B8FB30
:10B3900010BD000000380140CC09002010B50B485A
:10B3A0000B4908604FF4E130486000210848816093
:10B3B000C16001610C21416100218161C161FFF720
:10B3C000FDFA08B1FBF79CFB10BD000000440040F3
:10B3D000100A002010B50B480B4908604FF4E1300B
:10B3E0004860002108488160C16001610C21416111
:10B3F00000218161C161FFF7E1FA08B1FBF780FB31
:10B4000010BD000000480040540A00201FB5002075
:10B4100000900190029003904FF480500090012022
:10B420000190022002900320039069461448FCF723
:10B4300091FC00224FF480511148FCF723FE642058
:10B44000FCF7A2FB00220F490F4801F0ECFC08B109
:10B45000FBF756FB0D490C4801F07EFF08B1FBF7E6
:10B460004FFB0B49084801F084F908B1FBF748FB92
:10B47000054802F03BF808B1FBF742FB1FBD000096
:10B480000008014080000020980A002018010020D8
:10B49000D800002000BFFEE7FEF77AF800BFFEE705
:10B4A0002DE9F0470546EAE12868B0F844A00AF023
:10B4B0000F06002E7ED10AF01000B0BB00BF296835
:10B4C000098848F60F7201EA020040F400412A6838
:10B4D000118000BF05F128042868B0F850102078CA
:10B4E00001EBC000801C296801F5806131F8100073
:10B4F000C0F30900E061E16960690844606100210E
:10B500002846FCF7F0FE95F824000028CBD0A0696F
:10B510000028C8D195F8240040F080002968A1F8DF
:10B520004C00002085F82400A9E1FFE705F5B4747C
:10B530002868B0F8008008F4006030B32868B0F8DC
:10B540005010207801EBC000801D296801F5806152
:10B5500031F81000C0F30900E061A18B8BB2E288E2
:10B5600005F52C71286803F077FB00BF296809886E
:10B5700040F68F7201EA020040F080012A681180D3
:10B5800000BF2846FDF763FD79E108F4004000287C
:10B5900089D000BF2968098840F68F7201EA02004D
:10B5A00040F080012A68118000BF2868B0F8501070
:10B5B000207800E06FE001EBC000801D296801F5F4
:10B5C000806131F81000C0F30900E061E06990B1DA
:10B5D000606980B1B4F81CC01FFA8CF3E28861691D
:10B5E000286803F039FBE169606908446061002163
:10B5F0002846FCF788FE2868008800F400600028D0
:10B6000092D100BF2A682968B1F850100A4402F2AA
:10B610000C41084600BF236953B9038848F2FF3C38
:10B6200003EA0C030380038843F4004303801EE015
:10B6300023693E2B0DD800BF23695908237C03F0F2
:10B64000010303B1491C4FF6FF7303EA8123038012
:10B650000DE000BF23695909237C03F01F0303B9E0
:10B66000491E4FF4004343EA8123038000BF00BF1B
:10B6700000BF00BF296809884BF68F7201EA0200FB
:10B6800080F4805080F4005040F4004141F080018B
:10B690002A681180F3E07100286830F8118008F4FE
:10B6A000004000287ED000BF7200296831F81210D7
:10B6B00040F68F7201EA020040F0800173002A68B0
:10B6C00022F8131000BF06EB860105F5B47000EBFD
:10B6D000C104207BB0B92868B0F85010207801EB85
:10B6E000C000801D296801F5806131F81000C0F3A9
:10B6F0000907002F5BD0E28861693B46286803F0A8
:10B70000ABFA54E0E078022806D1424621462846AA
:10B71000FCF77CFE07464AE000BF00BF22785200DB
:10B72000296831F8121048F68F7201EA020040F4DD
:10B73000004141F0C00123785B002A6822F8131011
:10B7400000BF00BF21784900286830F8110000F4DC
:10B750008040A8B12868B0F85010207801EBC000F4
:10B76000801C296801F5806131F81000C0F30907D9
:10B77000EFB1228961693B46286803F06DFA16E053
:10B780002868B0F85010207801EBC000801D2968AF
:10B7900001F5806131F81000C0F309073FB16289FB
:10B7A000616900E017E03B46286803F055FAE0695C
:10B7B0003844E061606938446061A06910B1206973
:10B7C000B84204D921782846FCF79DFD03E02146C4
:10B7D000286802F066FC08F08000B0B306EB860132
:10B7E00005F1280000EBC10400BF7200296831F8A0
:10B7F000121048F60F7201EA020040F40041730093
:10B800002A6822F8131000BFE078032807D0E078F8
:10B8100028B1E07802282DD108F4807050BB286848
:10B82000B0F85010207801EBC000801C296801F5A9
:10B83000806131F81000C0F30909A069484505D9B5
:10B84000A069A0EB0900A06102E018E00020A0615F
:10B85000A06920B921782846FCF745FD0FE0606912
:10B8600048446061E0694844E0612146286802F08C
:10B8700018FC04E0424621462846FCF773FE28687F
:10B88000B0F8440000F4004000287FF40DAEBDE89D
:10B89000F087704710B5022405E00A49081904F042
:10B8A000E3FD601CC4B207484078401CA042F4DAB3
:10B8B00005A004F001FF4FF416710248FAF75BF897
:10B8C000002010BD820400207B22526563656976EA
:10B8D00065223A7B22537461747573223A32362C96
:10B8E0002254797065223A22506F735472616E73DC
:10B8F000616374696F6E227D7D0A000001B582B0BC
:10B900006420012301AA02A900900348FEF778FBF6
:10B910009DF804000EBD00002C09002008B5084960
:10B920000968C9084FF47A72B1FBF2F14143009102
:10B9300000BF00BF00994A1E00920029F9D108BD3E
:10B9400004010020014600BF080900EB800042000E
:10B9500001F00F001044C0B2704770B504460025D6
:10B96000FCF796FB054607E0FCF792FB401BB0F5A1
:10B970007A7F01D9032070BD2068406800F0200064
:10B980000028F1D02068406840F01000216848602D
:10B990000020F0E770B5044600252068406820F0DC
:10B9A000100021684860FCF773FB054607E0FCF7D0
:10B9B0006FFB401BB0F57A7F01D9032070BD206872
:10B9C000406800F020000028F1D00020F6E730B5F4
:10B9D000014600220023002400200D68AD69AAB2B0
:10B9E0000D68ED69ACB20D68AD69ABB29A4205D095
:10B9F0000D68ED6963F31F45284601E044EA024003
:10BA000030BDF0B504460B460021002504F5FA616F
:10BA1000032B1BD2C3EBC30000EB03100926B0FBC2
:10BA2000F6F01044001D4618481E06EB90066427E9
:10BA3000B0FBF7F0361A481EBF00B0FBF7F03044F9
:10BA40000726B0FBF6F706FB17051AE0C3EBC300A9
:10BA500000EB03100926B0FBF6F01044001D08446B
:10BA600000EB91006426B1FBF6F6801B4FF4C8761C
:10BA7000B1FBF6F63044801E0726B0FBF6F706FB56
:10BA80001705E8B2F0BD70B504460D460026204605
:10BA9000FFF763FF08B101260AE0280C21688861DE
:10BAA000A8B22168C8612046FFF774FF00B10126E3
:10BAB000304670BD70B50446002210210A48FCF7DC
:10BAC000E1FA7E2101EA440141F08000FFF716FF10
:10BAD0000020FFF713FF0546012210210248FCF762
:10BAE000D1FA284670BD000000080140F8B50446B0
:10BAF0000D4616462B46002280212046009600F077
:10BB000009F828B1606D40F0200060650320F8BDA1
:10BB10000020FCE72DE9F84F04460D4690461E46EE
:10BB2000DDF82890FCF7B4FAA0EB0900371AFCF70F
:10BB3000AFFA82462C480068C0F3CB3078430090BF
:10BB400045E0701C002842D0FCF7A2FAA0EB0A00E6
:10BB5000B84200D2A7BB2068406820F0E00021680E
:10BB600048606068B0F5827F0DD1A068B0F5004FE5
:10BB700003D0A068B0F5806F05D12068006820F080
:10BB8000400021680860A06AB0F5005F0DD100BFD9
:10BB90002068006820F40050216808602068006870
:10BBA00040F400502168086000BF012084F8510073
:10BBB00000BF002084F8500000BF0320BDE8F88FCC
:10BBC000FFE7009800B900270098401E0090206809
:10BBD00080682840A84201D1012000E000204045B3
:10BBE000AFD10020EAE7000004010020704770B5E3
:10BBF00005460C462846FFF75DFF064646EA040167
:10BC0000284603F0F9F970BD0146012901DB012046
:10BC100070470120024A02EB411290700020F7E7C2
:10BC2000681C002070B504460D4629462046FCF7E6
:10BC300021FA70BD70B504460D46164632462946B7
:10BC40002046FCF71FFA70BD70B500F0F9F8054604
:10BC5000002411E0164800EB4410C07F1549097814
:10BC6000884208D145FA04F202F00101104A02EBC1
:10BC7000441000F0ABF8641C012CEBDB0D4800789D
:10BC800048B9002405E00A4901EB441000F01BF913
:10BC9000641C012CF7DB07480078401C054908703C
:10BCA00008460078052801DB0020087070BD000000
:10BCB000681C00201B020020F0B504460D46164605
:10BCC000059F012C01DB0120F0BD0020254901EB7F
:10BCD00044110870234901EB44118871214901EB9B
:10BCE000441148711F4901EB441148811D4901EB82
:10BCF000441148701B4901EB44118870194901EB4C
:10BD000044110871174901EB4411C870154901EB42
:10BD10004411C871134901EB44110872124800EB39
:10BD20008410104901EB4411C8600E4800EB441028
:10BD300083610C4800EB441087830A4800EB4410F1
:10BD40000561084800EB441086820020054901EB9C
:10BD500044118877034901EB4411C877FFF754FF7A
:10BD60000020B1E7681C0020881C002030B5034685
:10BD70000C46012B01DB012030BD134800EB4310C2
:10BD8000007808B10120F7E700200F4D05EB4315BF
:10BD9000E8710D4800EB43100272002106E0605C80
:10BDA000094D05EB4315ED686854491C9142F6DBDB
:10BDB0000120054D05EB43152870034D05EB431598
:10BDC00068700020D8E70000681C002010B5827859
:10BDD000002A33D0827962B901B110BD00224271CC
:10BDE0008279521C82710023C26820324489135523
:10BDF00024E08279092A14DAC26820324389D25CAD
:10BE000001F001034479A3401A43D3B2C26820323F
:10BE1000448913558279521C82714279521C4271B5
:10BE20000CE08279092A09D100228271827729B136
:10BE300042891F2A02DA4289521C428100BFCCE7A4
:10BE400070B5002600242CE0184A02EB4412918BB6
:10BE5000164A02EB44129069FFF7E4FE05461348C8
:10BE600000EB44108079B0B9104800EB4410807F9B
:10BE700088B985B90E480078801C052190FBF1F245
:10BE800001FB1200094901EB4411C8770120074961
:10BE900001EB4411887705F00100A0403043C6B2A1
:10BEA000641C012CD0DB304670BD0000681C0020F3
:10BEB0001B02002070B504460D46A18A2A4620695F
:10BEC000FFF7B8FE70BD10B50446607800283FD07B
:10BED000207958B9012020700020E0700021204610
:10BEE000FFF7E8FF2079401C207131E02079092814
:10BEF00010DAE279E068805CE278104100F001013C
:10BF00002046FFF7D7FF2079401C2071E078401CC5
:10BF1000E0701DE02079092807D101212046FFF7B4
:10BF2000C9FF2079401C207112E020790A280FD126
:10BF300000202071E079401CE071207AE17988428C
:10BF400003DD01202070607002E00020207060702E
:10BF500010BD10B5FCF7D2F810BD00B593B0282184
:10BF600009A8F9F708FD142104A8F9F704FD002039
:10BF700000900190029003900D2009904FF48030C2
:10BF80000A9000200B9001200C900D900F90022041
:10BF90001090C10311914FF4E011129109A8FDF71F
:10BFA00007FB08B1FAF7ACFD0F20049002200590C2
:10BFB000002006904FF48060079000200890022136
:10BFC00004A8FDF7A9F908B1FAF79AFD112000902D
:10BFD0004FF480700190002003906846FDF702F94D
:10BFE00008B1FAF78DFDFDF75DFA13B000BD000052
:10BFF00001480249086070470058000808ED00E059
:10C0000010B50348FEF7A4FB0148FEF7D4FA10BDB3
:10C010008409002010B50268184B984208D0B0F18E
:10C02000804F05D0164B984202D0164B984203D150
:10C0300022F070024B681A43104B984208D0B0F1BE
:10C04000804F05D00E4B984202D00E4B984203D140
:10C0500022F44072CB681A4322F080034C6943EA11
:10C06000040202608B68C3620B688362034B9842D0
:10C0700001D10B6903630123436110BD002C014012
:10C08000000400400008004030B50C46816821F4EF
:10C090007F4142EA032525432943816030BD0A469A
:10C0A000816821F0700142F00703194381607047F5
:10C0B00030B50B461446026A056A25F00105056293
:10C0C000816921F0F00141EA041122F00A021A43C9
:10C0D0008161026230BD30B50B461446056A25F019
:10C0E000100505628169026A21F4704141EA043158
:10C0F00022F0A00242EA03128161026230BD70B5F3
:10C1000005466C6A0020E085E0842046FEF72EFBA1
:10C1100070BD0168C96821F490710268D16001683E
:10C12000496921F0010102685161016B012905D1C2
:10C130000168C96821F010010268D160202180F8EF
:10C140003E1000210163704710B504462068C068A6
:10C1500020F040002168C860202084F83D0020467F
:10C16000FEF7A2FD002010BDF8B5044694F83E008D
:10C17000222869D1A068B0F5805F0CD1206950B940
:10C180000025A66A20684068C0F308003080A06AD5
:10C19000801CA06215E0A56A0026A068B0F5805F4B
:10C1A00003D0A06828B9206918B9206840682870B1
:10C1B00004E02068406800F07F002870A06A401CFE
:10C1C000A062E08D401E80B2E085A8BB2068C068F8
:10C1D00020F020002168C8602068C06820F48070CA
:10C1E0002168C8602068406920F00100216848612A
:10C1F000202084F83E00206B01281ED100202063FF
:10C200002068C06820F010002168C86020680068BD
:10C2100000F0100010280AD100BF00200090206814
:10C220000068009020684068009000BF00BFA18DAA
:10C230002046FEF79AFA03E004E02046FEF7CAFC27
:10C240000020F8BD0020FCE70220FAE770B50446A4
:10C250002168096921F44051E268114322681161A3
:10C260002269A1681143626941EA02052168C9682F
:10C2700041F20C62914329432268D16021684969E7
:10C2800021F44071A2691143226851612D4A21684D
:10C29000914202D1FDF722F901E0FDF70FF900EB21
:10C2A000C00101EB001162689200B1FBF2F100EBFA
:10C2B000C00202EB001263689B00B2FBF3F264233E
:10C2C000B2FBF3F202EBC20303EB0212A1EB820119
:10C2D000322202EB01116422B1FBF2F101F0F00114
:10C2E00000EBC00202EB001263689B00B2FBF3F2AA
:10C2F0006423B2FBF3F201EB021200EBC00101EB8D
:10C30000001163689B00B1FBF3F100EBC00303EB8A
:10C3100000136668B600B3FBF6F36426B3FBF6F3CE
:10C3200003EBC30606EB0313A1EB8301322303EBFC
:10C3300001116423B1FBF3F101F00F0111442268F4
:10C34000916070BD00380140014691F83D00212800
:10C3500028D18868B0F5805F0BD1086948B90A6AAE
:10C360001088C0F308000B685860086A801C0862D7
:10C3700005E00B6A581C086218780B685860C88C76
:10C38000401E80B2C88458B90868C06820F0800098
:10C390000B68D8600868C06840F040000B68D8603F
:10C3A000002070470220FCE72DE9F04104460D46CD
:10C3B00017469846069E21E0701CF8B12EB1FBF797
:10C3C00067FEA0EB0800B04218D92068C06820F4CE
:10C3D000D0702168C8602068406920F001002168A1
:10C3E0004861202084F83D0084F83E0000BF002012
:10C3F00084F83C0000BF0320BDE8F081206800689D
:10C400002840A84201D1012000E00020B842D3D04A
:10C410000020F1E710B50E48FEF7AAF90C480068B5
:10C42000006800F02000202810D10A4800680A495E
:10C430000A4A127888540021074A08480078401CAC
:10C44000115406480078401C0449087010BD0000D3
:10C45000CC090020043801402002002012000020F6
:10C4600010B51348FEF784F911480068006800F021
:10C47000200020281BD10F480068C1B20E480F4A87
:10C4800012688154002102460C480068401C115477
:10C490000A480068401C09490860094800780128DA
:10C4A00005D108460068182801D30020086010BD97
:10C4B000100A0020044400402A020020240000202A
:10C4C0001000002010B50E48FEF752F90C48006825
:10C4D000006800F02000202810D10A4800680A49AE
:10C4E0000A4A127888540021074A08480078401CFC
:10C4F000115406480078401C0449087010BD000023
:10C50000540A002004480040160700205C00002068
:10C510002DE9F04104460D46D4F8B862D4F8C07253
:10C52000D4F8B80278B305EB850104F1140000EBF0
:10C530008100806808B305EB850104F1140000EB6D
:10C54000810005EB8502816807F1280000EBC2003D
:10C550000069B1FBF0F200FB121070B9002105EB8D
:10C56000850204F1140000EB8200816000231A466A
:10C570002946204600F0C4FE02E00020C6F814025E
:10C580000020BDE8F081FFE70220FAE770B504461D
:10C590000E46D4F8B8523146204600F056FDC5F894
:10C5A0000C02D4F8B80248B1D5F80402D4F8BC1291
:10C5B000CA6805F503719047002070BD0220FCE7B2
:10C5C00070B504460E4600258121204600F057FC38
:10C5D0000021E1620121204600F051FC0021C4F855
:10C5E0006C118221204600F04AFC00212164D4F81D
:10C5F000B80250B1D4F8BC1248688047D4F8B802E9
:10C6000001F027F90020C4F8B802284670BD70B5C3
:10C610000546D5F8B842D5F8BC0278B194F80002C6
:10C62000FF280BD094F8012294F80002D5F8BC1230
:10C630008B6821469847FF2084F80002002070BDD7
:10C6400001460A2008800148704700000C010020C4
:10C6500001464320088001487047000094010020F3
:10C660000146432008800148704700005001002027
:10C67000014643200880014870470000D80100208F
:10C680002DE9F04104460F460026207C88B94FF47E
:10C69000007302228121204600F03EFD0121E1626B
:10C6A0004B020222204600F037FD0121C4F86C1134
:10C6B0000FE0402302228121204600F02DFD0121C0
:10C6C000E16240230222204600F026FD0121C4F849
:10C6D0006C11082303228221204600F01DFD012158
:10C6E00021644FF4077001F0B5F8C4F8B802D4F82B
:10C6F000B80208B901261CE0D4F8B852D4F8BC122C
:10C70000086880470020C5F81402C5F81802207C8C
:10C7100040B94FF4007301212046D5F8042200F0FF
:10C7200013FD06E0402301212046D5F8042200F045
:10C730000BFD3046BDE8F08170B50446D4F8B85220
:10C74000D4F8B80298B1207C40B94FF400730121AD
:10C750002046D5F8042200F0F7FC06E04023012132
:10C760002046D5F8042200F0EFFC002070BD022026
:10C77000FCE70246022011B1C2F8BC12002070474B
:10C780000246D2F8B832C3F804120020704710B540
:10C790000346D3F8B842C4F80812C4F810220020A7
:10C7A00010BD2DE9FC4105460C46D5F8B8620020C5
:10C7B000019000900027207800F0600040B320280E
:10C7C0005FD1E088E0B1207800F0800060B1E288BD
:10C7D0006078D5F8BC128B6831469847E2883146BC
:10C7E000284600F0E6F812E0607886F80002A079AA
:10C7F00086F80102E2883146284600F0B9F806E0E2
:10C800006078D5F8BC1200228B68214698473EE03C
:10C81000607820B10A2812D00B282AD11FE095F8A1
:10C820009C02032805D102226946284600F0C1F87F
:10C8300004E02146284600F08FF802271FE095F813
:10C840009C02032805D1012201A9284600F0B1F875
:10C8500004E02146284600F07FF802270FE095F813
:10C860009C02032804D02146284600F075F80227D0
:10C8700005E02146284600F06FF8022700BF00BF00
:10C8800005E02146284600F067F8022700BF00BFF8
:10C890003846BDE8FC8170B50546D5F8B842D5F8F4
:10C8A000B802A8B1D4F8140280B90120C4F8140267
:10C8B000D4F810122963B4F8100283B281212846FB
:10C8C000D4F8082200F01CFD002070BD0120FCE718
:10C8D0000220FAE770B504460D46D4F8B4022946A2
:10C8E000426820469047002070BD70B504460D4652
:10C8F00094F89C02012804D0022803D003280CD10C
:10C9000001E000BF00BF6888012805D10020C4F8FD
:10C91000A402204600F05EF804E02946204600F01C
:10C920001BF800BF00BF70BD70B506460C4615462B
:10C930002B4622460021304600F006FC002070BD48
:10C9400070B506460C4615462B4622460021304659
:10C9500000F0D6FC002070BD70B504460D46802165
:10C96000204600F0A1FC0021204600F09DFC70BD97
:10C9700070B504460E4615460320C4F894024FF4E1
:10C98000AE700551001D05512B4632460021204650
:10C9900000F0DAFB002070BD10B504460520C4F895
:10C9A000940200231A461946204600F0CDFB0020D1
:10C9B00010BD70B504460E4615460220C4F8940218
:10C9C000E56125622B4632460021204600F098FCA6
:10C9D000002070BD10B504460420C4F89402002362
:10C9E0001A461946204600F08BFC002010BD0000BE
:10C9F00070B505460C462DB92246064906A000F042
:10CA0000D3F904E02246034903A000F0CDF9014820
:10CA100070BD00005C0D002043444320436F6E66F0
:10CA20006967000002461220088001487047000034
:10CA30009C00002070B505460C462DB922460649DB
:10CA400006A000F0B1F904E02246034903A000F07B
:10CA5000ABF9014870BD00005C0D00204344432049
:10CA6000496E7465726661636500000002460420C9
:10CA70000880014870470000B000002070B50546EE
:10CA80000C462246024903A000F08EF9004870BD12
:10CA90005C0D00204A6168616E476F7374617200BB
:10CAA00070B505460C462DB92246064906A000F091
:10CAB0007BF904E02246034903A000F075F9014820
:10CAC00070BD00005C0D00204A6168616E476F73A5
:10CAD000746172506F72740070B505460C461A206E
:10CAE0002080FAF7B3FF014870BD0000B4000020B9
:10CAF00070B504460D46E888012804D02946204632
:10CB0000FFF72AFF1EE094F89C02012804D00228B7
:10CB100003D0032810D109E000BF0020A06001224B
:10CB200004F108012046FFF744FF0AE00122211D1D
:10CB30002046FFF73EFF04E029462046FFF70CFFA2
:10CB400000BF00BF70BDF8B504460E46002000903F
:10CB50000027002570880012082875D2DFE800F051
:10CB6000C7040C20C7C7A5B5207CD4F8B0120A684A
:10CB7000694690470746C1E0207C40B9D4F8B4022A
:10CB8000816A6846884707460220787007E0D4F833
:10CB9000B402C16A68468847074602207870ADE053
:10CBA000B078062878D2DFE800F00316293C5063FD
:10CBB000D4F8B002406838B1207CD4F8B0124A688A
:10CBC00069469047074605E031462046FFF7C4FE18
:10CBD000681CC5B267E0D4F8B002806838B1207C28
:10CBE000D4F8B0128A6869469047074605E0314696
:10CBF0002046FFF7B1FE681CC5B254E0D4F8B0027D
:10CC0000C06838B1207CD4F8B012CA686946904731
:10CC1000074605E031462046FFF79EFE681CC5B278
:10CC200041E0D4F8B002006938B1207CD4F8B012E9
:10CC30000A6969469047074605E031462046FFF7F6
:10CC40008BFE681CC5B22EE051E0D4F8B0024069FA
:10CC500038B1207CD4F8B0124A696946904707463B
:10CC600005E031462046FFF777FE681CC5B21AE0A2
:10CC7000D4F8B002806940B1207CD4F8B0128A693F
:10CC800069469047074606E006E031462046FFF732
:10CC900063FE681CC5B206E031462046FFF75CFE25
:10CCA000681CC5B200BF00BF28E0207C30B9D4F8B2
:10CCB000B402416B68468847074605E03146204686
:10CCC000FFF74AFE681CC5B218E0207C40B9D4F8D2
:10CCD000B402016B6846884707460720787005E074
:10CCE00031462046FFF738FE681CC5B206E03146E3
:10CCF0002046FFF731FE681CC5B200BF00BF05B17A
:10CD0000F8BDBDF8000088B1F08878B1F088BDF8B2
:10CD10000010884202DDBDF8000000E0F0880090BD
:10CD2000BDF8002039462046FFF743FEF08810B9D1
:10CD30002046FFF74FFE00BFE2E70146002002E079
:10CD4000421CD0B2491C0A78002AF9D1704770B54C
:10CD500004460D4694F89C02012804D0022803D012
:10CD600003281AD101E000BF00BFE888022804D0E0
:10CD700029462046FFF7F0FD14E00120E060D4F8DA
:10CD8000A40218B1E06840F00200E060022204F161
:10CD90000C012046FFF70DFE04E029462046FFF770
:10CDA000DBFD00BF00BF70BD2DE9F04104460D461C
:10CDB00017460026FCB12046FFF7BFFF022101EB1A
:10CDC000400038803A783046711CCEB22A54032293
:10CDD0003046711CCEB22A540AE014F8012B3046BA
:10CDE000711CCEB22A5400223046711CCEB22A5495
:10CDF00020780028F1D1BDE8F0810146002031B152
:10CE0000012906D0022906D0032908D105E0002017
:10CE100007E0022005E0012003E0022001E00220FB
:10CE200000BF00BF704770B504460D4616460CB9EA
:10CE3000022070BDD4F8B40210B10020C4F8B402CE
:10CE40000DB1C4F8B052012084F89C02267020462F
:10CE500000F004F90020ECE72DE9F04104460D460E
:10CE6000002600272946D4F8C002FBF791FA0646AF
:10CE70003046FFF7C2FF07463846BDE8F0812DE98E
:10CE8000F04104460D46002600272946D4F8C0028A
:10CE9000FBF749FA06463046FFF7AFFF074638462C
:10CEA000BDE8F0812DE9F04104460E461746002EFC
:10CEB00064D104F11405D4F89402022848D1D5E9CC
:10CEC0000301884210D9D5E90301401AE860A88916
:10CED00082B239462046FFF733FD00231A46194631
:10CEE000204600F031F93EE02969A868B0FBF1F274
:10CEF00001FB1200B8B92969A868884213D3A86851
:10CF0000D4F8981288420ED2002211462046FFF72C
:10CF100017FD0020C4F8980200231A46194620463F
:10CF200000F012F91FE0D4F8B402C06840B194F8E0
:10CF30009C02032804D1D4F8B402C1682046884773
:10CF40008021204600F0B0F92046FFF725FD0AE0D9
:10CF5000D4F89402042802D0D4F8940218B980219D
:10CF6000204600F0A1F994F8A002012818D120462B
:10CF700000F0FAF9002084F8A00211E0D4F8B4021D
:10CF8000406950B194F89C02032806D1D4F8B40249
:10CF9000314642692046904702E00220BDE8F08118
:10CFA0000020FBE72DE9F04104460E461746BEBBC4
:10CFB00004F5AA75D4F89402032825D1D5E9030114
:10CFC000884210D9D5E90301401AE860D5E9030188
:10CFD000884201D2E86800E0286982B239462046DA
:10CFE000FFF7A2FC2FE0D4F8B402006940B194F836
:10CFF0009C02032804D1D4F8B40201692046884772
:10D000002046FFF7E7FC1EE0D4F8940205281AD169
:10D010000020C4F894020021204600F045F912E0F7
:10D02000FFE7D4F8B402806950B194F89C02032859
:10D0300006D1D4F8B402314682692046904702E016
:10D040000220BDE8F0810020FBE770B504460D46E4
:10D050002946D4F8C002FBF719FD70BD10B504468F
:10D060001D48C0F8E842C4F8C0021C481A490860CC
:10D070000820486002211848816000218161C16157
:10D080000162FBF7DAFE08B1F9F73AFD04F53074F6
:10D090001823002211462068FBF702F958230022CA
:10D0A00080212068FBF7FCF8C02300228121206842
:10D0B000FBF7F6F84FF48873002201212068FBF794
:10D0C000EFF82068A4F530744FF4807300228221B9
:10D0D000FBF7E6F8002010BD2C170020005C004094
:10D0E00010B50246D2F8C03201F08000802809D184
:10D0F00001F07F0000EB800403F1280000EBC40086
:10D10000807810BD01F07F0000EB800403F5B4705F
:10D1100000EBC4008078F4E72DE9F04704460F46A1
:10D1200015461E464FF00008C1462B46324639468A
:10D13000D4F8C002FBF7B5FC80464046FFF75DFE21
:10D1400081464846BDE8F0872DE9F04704460D4684
:10D1500016461F464FF00008C1463B463246294658
:10D16000D4F8C002FBF7E3FC80464046FFF745FEDB
:10D1700081464846BDE8F08710B5044640230022AA
:10D1800011462046FFF7C8FF01214FF4AC70015152
:10D1900040214FF4B27001514023002280212046EB
:10D1A000FFF7BAFF0121A16140216162012084F8EB
:10D1B0009C020020C4F894026060C4F8A402D4F871
:10D1C000B80228B12179D4F8B402426820469047C9
:10D1D000002010BD014691F89C02042803D191F86B
:10D1E0009D0281F89C020020704710B5044694F817
:10D1F0009C02032808D1D4F8B402C06920B1D4F845
:10D20000B402C16920468847002010BD024611744F
:10D21000002070472DE9F04104460D460026002706
:10D220002946D4F8C002FBF7F7FE06463046FFF762
:10D23000E4FD07463846BDE8F08170B504460D466A
:10D24000294604F52A7000F073F80120C4F894020E
:10D2500040F2AE20005BC4F8980294F8A80200F0F7
:10D260001F0020B1012808D0022812D10BE004F5DC
:10D270002A71204600F041F913E004F52A71204696
:10D2800000F0A8FA0DE004F52A71204600F086F9B6
:10D2900007E094F8A80200F08001204600F004F8AE
:10D2A00000BF00BF002070BD2DE9F04104460D46CF
:10D2B000002600272946D4F8C002FBF75EFC06468C
:10D2C0003046FFF79AFD07463846BDE8F08170B555
:10D2D000044600250026D4F8C002FBF7C1FE05462F
:10D2E0002846FFF78AFD0646304670BD014691F894
:10D2F0009C0281F89D02042081F89C020020704766
:10D300002DE9F04704460D4616461F464FF000082B
:10D31000C1463B4632462946D4F8C002FBF771FCB1
:10D3200080464046FFF769FD81464846BDE8F087E4
:10D330000A7802704A7842708B78CA7803EB02222E
:10D3400042800B794A7903EB022282808B79CA7979
:10D3500003EB0222C28070470246002011B1C2F8DE
:10D36000B41200E00220704701460020704770B5FB
:10D3700004460D46A88810BBE88800BB6888802852
:10D380001DD2A87800F07F0694F89C02032804D1EF
:10D3900029462046FFF7E0FA15E084F89E62314600
:10D3A0002046FFF737FF2046FFF714FB1EB102208F
:10D3B00084F89C0207E0012084F89C0203E02946DF
:10D3C0002046FFF7C9FA70BD70B504460D46022627
:10D3D000D4F8B40238B1D4F8B40229460268204621
:10D3E000904700B90026304670BD000070B5044675
:10D3F0000D46A8783649087008460078012804DDF3
:10D4000029462046FFF7A8FA60E094F89C0202281B
:10D4100002D003284FD11CE02D480078A8B12C4839
:10D4200000786060032084F89C0229480178204637
:10D43000FFF7CAFF022804D129462046FFF78CFADD
:10D4400070BD2046FFF7C6FA02E02046FFF7C2FA99
:10D450003BE01F48007870B9022084F89C021C4809
:10D46000007860601A4801782046FFF733FA2046BA
:10D47000FFF7B0FA1EE0164909786068884216D0B6
:10D4800021792046FFF726FA11480078606010489D
:10D4900001782046FFF798FF022804D1294620464C
:10D4A000FFF75AFACCE72046FFF794FA02E020464D
:10D4B000FFF790FA09E029462046FFF74DFA0448A5
:10D4C00001782046FFF706FA00BF00BF00BFB7E7AC
:10D4D0000801002070B505460C466088012804D17B
:10D4E000C5F8A4022846FFF775FA70BD10B50446CA
:10D4F0002046FFF7ECFE002010BD70B505460C4637
:10D500000026207800F0600060B1202802D040287A
:10D510003CD100E000BFD5F8B4022146826828461D
:10D52000904738E060780A2829D2DFE800F0192314
:10D53000281E280A0528140F21462846FFF703FB5A
:10D5400022E021462846FFF712FF1DE0214628462B
:10D55000FFF74CFF18E021462846FFF7C9FA13E011
:10D5600021462846FFF7F3FB0EE021462846FFF749
:10D57000B1FF09E021462846FFF7B7F904E021464C
:10D580002846FFF7E9F900BF00BF04E0214628461E
:10D59000FFF7E2F900BF00BF304670BD2DE9F04152
:10D5A00005460E464FF000083479307800F06000F0
:10D5B00060B1202802D0402871D100E000BFD5F82A
:10D5C000B402314682682846904700E1307800F086
:10D5D0006000202809D1D5F8B40231468268284677
:10D5E000904780464046BDE8F081707800285ED0C4
:10D5F00001282FD0032876D195F89C02022802D06A
:10D60000032820D110E054B1802C08D021462846B0
:10D61000FFF74AFE80212846FFF746FE03E0314629
:10D620002846FFF799F913E0708840B93CB1802C87
:10D6300005D0F08818B921462846FFF735FE284660
:10D64000FFF7C8F904E031462846FFF785F900BF27
:10D6500000BFB5E095F89C02022802D003281FD134
:10D6600010E054B1802C08D021462846FFF71CFE5C
:10D6700080212846FFF718FE03E031462846FFF7D1
:10D680006BF912E0708848B904F07F0018B12146A8
:10D690002846FFF7E1FB2846FFF79CF905E091E0FB
:10D6A00031462846FFF758F900BF00BF88E095F8DB
:10D6B0009C02022802D0032876D126E034B1802CC7
:10D6C00004D031462846FFF747F972E004F08000A5
:10D6D000802809D104F07F0000EB800105F11400DF
:10D6E00000EB810008E066E004F07F0000EB8001C1
:10D6F00005F5AA7000EB8100074600203860022281
:10D7000039462846FFF755F953E004F08000802899
:10D710000ED104F00F0000EB800105F1140000EBC6
:10D720008100406898B931462846FFF715F940E076
:10D7300004F00F0000EB800105F5AA7000EB8100FA
:10D74000406820B931462846FFF706F931E004F079
:10D750008000802808D104F07F0000EB800105F1F3
:10D76000140000EB810007E004F07F0000EB800173
:10D7700005F5AA7000EB810007460CB1802C02D1A0
:10D780000020386009E021462846FFF7A9FC10B1C7
:10D790000120386001E00020386002223946284626
:10D7A000FFF707F905E0FFE731462846FFF7D4F811
:10D7B00000BF00BF04E031462846FFF7CDF800BFA8
:10D7C00000BF04E031462846FFF7C6F800BF00BF9F
:10D7D000404608E770B505460C460026207800F064
:10D7E000600030B1202802D040282AD100E000BFDC
:10D7F00000BF95F89C02012804D0022803D003281A
:10D8000018D101E000BF00BF207901280DDCD5F858
:10D81000B40221468268284690470646E08840B90F
:10D820003EB92846FFF7D6F803E021462846FFF721
:10D8300093F804E021462846FFF78EF800BF00BFAA
:10D8400004E021462846FFF787F800BF00BF00200C
:10D8500070BD70470146014870470000181A00204B
:10D86000F0B5024600260878400032F8100048F66D
:10D870008F1400EA0403C87830B101280CD00228C4
:10D8800005D003280BD104E043F4007309E000BF86
:10D8900007E043F4C06304E043F4806301E0012641
:10D8A00000BF00BF43F4004040F080000C786400EB
:10D8B00022F8140000BF0C78640032F8144048F6D7
:10D8C0008F752C400D7844EA050040F4004444F084
:10D8D00080040D786D0022F8154000BF087B0028F9
:10D8E0007ED14878002852D000BF1046B2F8505080
:10D8F00028440D7800F5806707EB0514CD886D107E
:10D900006D00258000BF00BF0C78640032F8140061
:10D9100000F040048CB100BF0D786D0032F8155056
:10D9200048F68F7705EA070444F4004545F0C00542
:10D930000F787F0022F8175000BF00BFC878012879
:10D9400013D000BF0C78640032F8144048F6BF755D
:10D9500004EA050080F0200040F4004444F0800414
:10D960000D786D0022F815409EE100BF0C78640030
:10D9700032F8144048F6BF7504EA050040F400444C
:10D9800044F080040D786D0022F815408CE100BF52
:10D990001046B2F8505028440D78042707EBC5050F
:10D9A00000F5806707EB4504CD886D106D0025807C
:10D9B00000BF00BF1546B2F8504025440C7806273A
:10D9C00007EBC40405F5806707EB4404204600BF5D
:10D9D0000F6967B9078848F2FF3C07EA0C0700E0C7
:10D9E00057E00780078847F4004707801EE00F696B
:10D9F0003E2F0DD800BF0F697C080F7C07F0010790
:10DA000007B1641C4FF6FF7707EA842707800DE013
:10DA100000BF0F697C090F7C07F01F0707B9641E60
:10DA20004FF4004747EA8427078000BF00BF00BFCC
:10DA300000BF0C78640032F8140000F480448CB10C
:10DA400000BF0D786D0032F8155048F68F7705EA63
:10DA5000070444F4004545F481450F787F0022F81F
:10DA6000175000BF00BF00BF0C78640032F81440AC
:10DA70004BF68F7504EA050080F4805080F4005066
:10DA800040F4004444F080040D786D0022F8154005
:10DA90000AE100BF0C78640032F8144048F68F7534
:10DAA00004EA050040F4004444F4C0740D786D00AD
:10DAB00022F8154000BF00BF00BF00BF1046B2F8FB
:10DAC000505028440D7800F5806707EB05140D8948
:10DAD0006D106D00258000BF00BF00BF00BF104665
:10DAE000B2F8505028440D78042707EBC50500F51F
:10DAF000806707EB45044D896D106D00258000BFE0
:10DB000000BF00BF487800285DD100BF0C786400DA
:10DB100032F8140000F480448CB100BF0D786D0021
:10DB200032F8155048F68F7705EA070444F40045AB
:10DB300045F481450F787F0022F8175000BF00BFE1
:10DB400000BF0C78640032F8140000F040048CB17F
:10DB500000BF0D786D0032F8155048F68F7705EA52
:10DB6000070444F4004545F0C0050F787F0022F813
:10DB7000175000BF00BF00BF0C78640032F814409B
:10DB80004BF68F7504EA050080F4805080F4005055
:10DB900040F4004444F080040D786D0022F81540F4
:10DBA00000BF00BF0C78640032F8144048F6BF751F
:10DBB00004EA050040F4004444F080040D786D0050
:10DBC00022F8154070E000BF0C78640032F81400B1
:10DBD00000F480448CB100BF0D786D0032F8155010
:10DBE00048F68F7705EA070444F4004545F481457B
:10DBF0000F787F0022F8175000BF00BF00BF0C78DD
:10DC0000640032F8140000F040048CB100BF0D78BD
:10DC10006D0032F8155048F68F7705EA070444F492
:10DC2000004545F0C0050F787F0022F8175000BF6F
:10DC300000BFC878012813D000BF0C78640032F808
:10DC4000144048F6BF7504EA050080F0200040F457
:10DC5000004444F080040D786D0022F8154011E076
:10DC600000BF0C78640032F8144048F6BF7504EA2F
:10DC7000050040F4004444F080040D786D0022F863
:10DC8000154000BF00BF0C78640032F814404BF61A
:10DC90008F7504EA050040F4004444F080040D78D8
:10DCA0006D0022F8154000BF3046F0BD10B50446A7
:10DCB000002010BD30B50246087B00285BD14878B3
:10DCC00060B300BF0B785B0032F8130000F0400334
:10DCD0008BB100BF0C78640032F8144048F68F75A1
:10DCE00004EA050343F4004444F0C0040D786D00D9
:10DCF00022F8154000BF00BF00BF0B785B0032F870
:10DD0000133048F6BF7403EA040040F4004343F0C4
:10DD100080030C78640022F8143007E100BF0B7810
:10DD20005B0032F8130000F480438BB100BF0C7825
:10DD3000640032F8144048F68F7504EA050343F492
:10DD4000004444F481440D786D0022F8154000BF72
:10DD500000BF00BF0B785B0032F813304BF68F74B6
:10DD600003EA040040F4004343F080030C786400AD
:10DD700022F81430DAE0487800286BD100BF0B7825
:10DD80005B0032F8130000F480438BB100BF0C78C5
:10DD9000640032F8144048F68F7504EA050343F432
:10DDA000004444F481440D786D0022F8154000BF12
:10DDB00000BF00BF0B785B0032F8130000F0400397
:10DDC0008BB100BF0C78640032F8144048F68F75B0
:10DDD00004EA050343F4004444F0C0040D786D00E8
:10DDE00022F8154000BF00BF00BF0B785B0032F87F
:10DDF000133048F68F7403EA040040F4004343F004
:10DE0000C0030C78640022F8143000BF00BF0B7808
:10DE10005B0032F813304BF68F7403EA040040F4D1
:10DE2000004343F080030C78640022F8143000BFF4
:10DE300000BF0B785B0032F8133048F6BF7403EA7A
:10DE4000040040F4004343F080030C78640022F89F
:10DE500014306BE000BF0B785B0032F8130000F465
:10DE600080438BB100BF0C78640032F8144048F650
:10DE70008F7504EA050343F4004444F481440D78AB
:10DE80006D0022F8154000BF00BF00BF0B785B009B
:10DE900032F8130000F040038BB100BF0C7864002F
:10DEA00032F8144048F68F7504EA050343F4004441
:10DEB00044F0C0040D786D0022F8154000BF00BF8B
:10DEC00000BF0B785B0032F8133048F68F7403EA1A
:10DED000040040F4004343F481430C78640022F8CA
:10DEE000143000BF00BF0B785B0032F8133048F6E7
:10DEF000BF7403EA040040F4004343F080030C784D
:10DF0000640022F8143000BF00BF0B785B0032F8C9
:10DF100013304BF68F7403EA040040F4004343F0DF
:10DF200080030C78640022F8143000BF002030BD5C
:10DF300001460020704701460020704710B5044696
:10DF4000012024F8400F00202080A0802082403C47
:10DF500010BD01464FF43F42B1F840009043A1F894
:10DF600040000020704702460020704730B502464E
:10DF7000087B002865D1487888B300BF0B785B0028
:10DF800032F8130000F040038BB100BF0C7864003E
:10DF900032F8144048F68F7504EA050343F4004450
:10DFA00044F0C0040D786D0022F8154000BF00BF9A
:10DFB000C878012845D000BF0B785B0032F81330D9
:10DFC00048F6BF7403EA040080F0200040F40043E8
:10DFD00043F080030C78640022F8143031E0FFE74E
:10DFE00000BF0B785B0032F8130000F480438BB164
:10DFF00000BF0C78640032F8144048F68F7504EACC
:10E00000050343F4004444F481440D786D0022F884
:10E01000154000BF00BF00BF0B785B0032F8133023
:10E020004BF68F7403EA040080F4805080F40050B3
:10E0300040F4004343F080030C78640022F814306D
:10E0400000BF002030BD10B50246487898B100BF2F
:10E050000B785B0032F8133048F6BF7403EA040013
:10E0600080F0100040F4004343F080030C7864001B
:10E0700022F8143013E000BF0B785B0032F8133045
:10E080004BF68F7403EA040080F4805040F40043A0
:10E0900043F080030C78640022F8143000BF0020A5
:10E0A00010BD2DE9F04706460C466078012876D170
:10E0B0002169A069884201D9256900E0A569207B12
:10E0C000A0B9ABB2E2883046616900F0F4FD00BF50
:10E0D0003046B6F8502010442278022303EBC202E7
:10E0E00000F5806303EB42010D8081E3E0780228B4
:10E0F0007DD12169206A88427AD900BF2178490000
:10E1000036F8111048F68F7201EA020040F400411F
:10E1100041F4C0712278520026F8121000BF206A24
:10E12000401B20622078400036F8100000F04000CC
:10E1300000287DD000BF3346607888BB00BF3246E0
:10E14000B6F850100A4421784FF0060909EBC101D6
:10E1500002F5806909EB4101084600BF75B9B0F8C6
:10E16000009048F2FF3A09EA0A09A0F80090B0F8D6
:10E17000009049F40049A0F8009021E03E2D10D80D
:10E1800000BF690805F00109B9F1000F00D0491C72
:10E190004FF6FF7909EA8129A0F8009010E03DE3ED
:10E1A00010E000BF690905F01F09B9F1000F00D1A7
:10E1B000491E4FF4004949EA8129A0F8009000BFA8
:10E1C00000BF0FE0607801280CD1B6F8500003447E
:10E1D0002078062101EBC00003F5806101EB400CC3
:10E1E000ACF8005000BF6789ABB23A4601E057E196
:10E1F0002CE13046616900F05EFD60692844606191
:10E200002169206A884203D9206A401B206202E00B
:10E21000256A0020206200BF6078C0BB00BF324684
:10E22000B6F850100A442178022303EBC10100E044
:10E2300049E002F5806303EB4101084600BF55B990
:10E24000038848F2FF3C03EA0C030380038843F48D
:10E250000043038019E03E2D0BD800BF690805F08C
:10E26000010303B1491C4FF6FF7303EA81230380C6
:10E270000BE000BF690905F01F0303B9491E4FF405
:10E28000004343EA8123038000BF00BF12E0FFE7A1
:10E29000607801280ED100BF3046B6F850201044F7
:10E2A0002278022303EBC20200F5806303EB4201F4
:10E2B0000D8000BF00BF2789ABB23A463046616986
:10E2C00000F0F9FC94E200BF6078B0BB00BF3246BA
:10E2D000B6F850100A442178022303EBC10102F57D
:10E2E000806303EB4101084600BF55B9038848F23B
:10E2F000FF3C03EA0C030380038843F400430380DC
:10E3000019E03E2D0BD800BF690805F0010303B1E9
:10E31000491C4FF6FF7303EA812303800BE000BF23
:10E32000690905F01F0303B9491E4FF4004343EA8E
:10E330008123038000BF00BF12E0FFE7607801285F
:10E340000ED100BF3046B6F8502010442278022388
:10E3500003EBC20200F5806303EB42010D8000BFB6
:10E3600000BF2789ABB23A463046616900F0A3FC92
:10E370006069284460612169206A884203D9206A63
:10E38000401B206202E0256A0020206200BF334665
:10E39000607880BB00BF3246B6F850100A4421783E
:10E3A0004FF0060909EBC10102F5806909EB410153
:10E3B000084600BF75B9B0F8009048F2FF3A09EA84
:10E3C0000A09A0F80090B0F8009049F40049A0F8BC
:10E3D000009020E03E2D0FD800BF690805F001092C
:10E3E000B9F1000F00D0491C4FF6FF7909EA8129E5
:10E3F000A0F800900FE010E000BF690905F01F09C8
:10E40000B9F1000F00D1491E4FF4004949EA8129B2
:10E41000A0F8009000BF00BF0FE0607801280CD189
:10E42000B6F8500003442078062101EBC00003F544
:10E43000806101EB400CACF8005000BF6789ABB2C3
:10E440003A463046616900F036FCD1E1256A00BFEA
:10E450002178490036F8111048F68F6201EA02006F
:10E4600040F4004141F080012278520026F8121059
:10E4700000BF00BF3046B6F8502010442278022377
:10E4800003EBC20200F5806303EB42010D8000BF85
:10E490002789ABB23A463046616900F00CFCA7E12F
:10E4A00000BF2178490036F8111048F68F7201EA52
:10E4B000020040F4004141F4C0712278520026F875
:10E4C000121000BF206A401B20622078400036F8FE
:10E4D000100000F0400000287DD000BF3346607877
:10E4E00080BB00BF3246B6F850100A4421784FF086
:10E4F000060909EBC10102F5806909EB41010846F3
:10E5000000BF75B9B0F8009048F2FF3A09EA0A096D
:10E51000A0F80090B0F8009049F40049A0F80090ED
:10E5200020E03E2D0FD800BF690805F00109B9F1C0
:10E53000000F00D0491C4FF6FF7909EA8129A0F8A5
:10E5400000900FE010E000BF690905F01F09B9F164
:10E55000000F00D1491E4FF4004949EA8129A0F873
:10E56000009000BF00BF0FE0607801280CD1B6F822
:10E57000500003442078062101EBC00003F58061C0
:10E5800001EB400CACF8005000BF6789ABB23A46D3
:10E590003046616900F08FFB606928446061216941
:10E5A000206A884203D9206A401B206202E0256A63
:10E5B00000202062002D56D000BF6078C0BB00BF95
:10E5C0003246B6F850100A442178022303EBC10109
:10E5D00002F5806300E047E003EB4101084600BF1D
:10E5E00055B9038848F2FF3C03EA0C030380038813
:10E5F00043F40043038019E03E2D0BD800BF6908A7
:10E6000005F0010303B1491C4FF6FF7303EA8123B0
:10E6100003800BE000BF690905F01F0303B9491E21
:10E620004FF4004343EA8123038000BF00BF12E0A0
:10E63000FFE7607801280ED100BF3046B6F85020C1
:10E6400010442278022303EBC20200F5806303EB3F
:10E6500042010D8000BF00BF2789ABB23A46304669
:10E66000616900F028FBC3E000BF6078B0BB00BF69
:10E670003246B6F850100A442178022303EBC10158
:10E6800002F5806303EB4101084600BF55B90388DA
:10E6900048F2FF3C03EA0C030380038843F4004381
:10E6A000038019E03E2D0BD800BF690805F0010377
:10E6B00003B1491C4FF6FF7303EA812303800BE08B
:10E6C00000BF690905F01F0303B9491E4FF4004359
:10E6D00043EA8123038000BF00BF12E0FFE76078B8
:10E6E00001280ED100BF3046B6F8502010442278E1
:10E6F000022303EBC20200F5806303EB42010D80AD
:10E7000000BF00BF2789ABB23A463046616900F0CE
:10E71000D2FA6069284460612169206A884203D97D
:10E72000206A401B206202E0256A00202062A5B317
:10E7300000BF3346607888BB00BF3246B6F8501041
:10E740000A4421784FF0060909EBC10102F58069FE
:10E7500009EB4101084600BF75B9B0F8009048F2D6
:10E76000FF3A09EA0A09A0F80090B0F8009049F4CD
:10E770000049A0F8009021E03E2D10D800BF6908A4
:10E7800005F00109B9F1000F00D0491C4FF6FF79DF
:10E7900009EA8129A0F8009010E029E010E000BF0C
:10E7A000690905F01F09B9F1000F00D1491E4FF4A6
:10E7B000004949EA8129A0F8009000BF00BF0FE09E
:10E7C000607801280CD1B6F8500003442078062167
:10E7D00001EBC00003F5806101EB400CACF8005088
:10E7E00000BF6789ABB23A463046616900F063FA10
:10E7F00000BF2178490036F8111048F6BF7201EACF
:10E80000020080F0100080F0200040F4004141F050
:10E8100080012278520026F8121005E2207BA0BB6E
:10E820002169A069884204D92569A069401BA061BB
:10E8300002E0A5690020A06100BF3246B6F8501082
:10E840000A442178062303EBC10102F5806303EB40
:10E850004101084600BF55B9038848F2FF3C03EA6E
:10E860000C030380038843F4004303801AE03E2D29
:10E870000CD800BF690805F0010303B1491C4FF62D
:10E88000FF7303EA812303800CE00DE000BF6909F8
:10E8900005F01F0303B9491E4FF4004343EA8123E7
:10E8A000038000BF00BFA9E1E07802287DD100BF4E
:10E8B00000BF6078E0BB00BF3246B6F850100A4493
:10E8C0002178022303EBC10102F5806303EB4101D0
:10E8D000084600BF236953B9038848F2FF3C03EAA6
:10E8E0000C030380038843F4004303801EE0236984
:10E8F0003E2B0DD800BF23695908237C03F0010388
:10E9000003B1491C4FF6FF7303EA812303800DE036
:10E9100000BF23695909237C03F01F0303B9491E73
:10E920004FF4004343EA8123038000BF00BF13E09C
:10E93000FFE7607801280FD100BF3046B6F85020BD
:10E9400010442278022303EBC20200F5806303EB3C
:10E950004201228A0A8000BF00BF00BF33466078B0
:10E96000E8BB00BF3246B6F850100A4421784FF099
:10E97000060909EBC10102F5806909EB410108466E
:10E9800000BFD4F81090B9F1000F0FD1B0F800908B
:10E9900048F2FF3A09EA0A09A0F80090B0F800909E
:10E9A00049F40049A0F800902EE06BE0D4F81090F4
:10E9B000B9F13E0F14D800BFD4F810904FEA5901B6
:10E9C00094F8109009F00109B9F1000F00D0491C2A
:10E9D0004FF6FF7909EA8129A0F8009014E015E0CC
:10E9E00000BFD4F810904FEA591194F8109009F034
:10E9F0001F09B9F1000F00D1491E4FF4004949EA3F
:10EA00008129A0F8009000BF00BF10E060780128C5
:10EA10000DD1B6F8500003442078062101EBC00068
:10EA200003F5806101EB400C208AACF8000000BFC8
:10EA300000BFE069002824D02078400036F810801C
:10EA400008F4804010B108F0400038B908F4804064
:10EA5000002816D108F04000002812D100BF00BFE6
:10EA60002178490036F8111048F68F7201EA020049
:10EA700040F4004141F0C0012278520026F8121003
:10EA800000BFBBE0E07801287CD12169A069884201
:10EA900004D92569A069401BA06102E0A569002096
:10EAA000A06100BF00BF6078B0BB00BF3246B6F8BF
:10EAB00050100A442178022303EBC10102F5806360
:10EAC00003EB4101084600BF55B9038848F2FF3CFB
:10EAD00003EA0C030380038843F40043038019E036
:10EAE0003E2D0BD800BF690805F0010303B1491C96
:10EAF0004FF6FF7303EA812303800BE000BF69092F
:10EB000005F01F0303B9491E4FF4004343EA812374
:10EB1000038000BF00BF12E0FFE7607801280ED13C
:10EB200000BF3046B6F8502010442278022303EB91
:10EB3000C20200F5806303EB42010D8000BF00BFFD
:10EB400000BF3346607890BB00BF3246B6F8501025
:10EB50000A4421784FF0060909EBC10102F58069EA
:10EB600009EB4101084600BF85B9B0F8009048F2B2
:10EB7000FF3A09EA0A09A0F80090B0F8009049F4B9
:10EB8000004900E037E0A0F8009020E03E2D0FD8CB
:10EB900000BF690805F00109B9F1000F00D0491C58
:10EBA0004FF6FF7909EA8129A0F800900FE010E004
:10EBB00000BF690905F01F09B9F1000F00D1491E16
:10EBC0004FF4004949EA8129A0F8009000BF00BF36
:10EBD0000FE0607801280CD1B6F85000034420788B
:10EBE000062101EBC00003F5806101EB400CACF89D
:10EBF000005000BF02E00120BDE8F08700BF21788F
:10EC0000490036F811104BF68F7201EA020080F4C9
:10EC1000805080F4005040F4004141F0800122789F
:10EC2000520026F8121000BF0020E5E70146002040
:10EC3000A1F844004FF43F42A1F840207047000083
:10EC400010B50248FAF708F810BD00002C17002094
:10EC50000146B1F8440070472DE9F04304460E46E2
:10EC600015464FEA530CA046304608F5806909EB7B
:10EC7000450267460AE01188921C0170401C4FEA69
:10EC8000112980F80090401C921C7F1E002FF2D1A9
:10EC900003F00109B9F1000F01D011880170BDE83E
:10ECA000F083024600207047024611B98020A2F886
:10ECB0004C00002070472DE9F04704460D461E46E3
:10ECC00006F1010A4FEA5A08A146284609F5806A6A
:10ECD0000AEB420347460BE090F800C0401C90F856
:10ECE00000A04CEA0A2119809B1C9B1C401C7F1E23
:10ECF000002FF1D1BDE8F08700BFFEE738B5002056
:10ED0000009080480078212809D17E484078242846
:10ED100005D17DA001F0D0FC0520F8F735FF79483A
:10ED20000078252809D1774840782B2805D17CA088
:10ED300001F0C2FC0520F8F727FF7248007865282B
:10ED400009D170484078312805D17BA001F0B4FC8E
:10ED50000520F8F719FF6B480078722809D1694837
:10ED60004078322805D179A001F0A6FC0520F8F7FB
:10ED70000BFF64480078742809D162484078332832
:10ED800005D177A001F098FC0520F8F7FDFE5D485D
:10ED900000786F2809D15B4840786B2805D175A0B1
:10EDA00001F08AFC0520F8F7EFFE56480078792834
:10EDB00009D154484078652805D173A001F07CFC46
:10EDC0000520F8F7E1FE4F4800785B2824D14D4834
:10EDD00040795D2820D14B48407800064949897820
:10EDE00000EB01404749C97800EB01214548007913
:10EDF00008446A4908600A20F8F7C6FE674868A117
:10EE000002686D4800F020F96B4801F055FC4FF4A2
:10EE100096716948F6F7AFFD3A4800787B2824D10F
:10EE2000384840797D2820D1364840780006354959
:10EE3000897800EB01403349C97800EB0121314862
:10EE400000790844554908600A20F8F79DFE5348A8
:10EE50005AA10268584800F0F7F8574801F02CFC16
:10EE60004FF496715448F6F786FD26480078282816
:10EE700024D124484079292820D12248407800060E
:10EE80002049897800EB01401E49C97800EB012137
:10EE90001C4800790844414908600A20F8F774FECC
:10EEA0003E484AA10268444800F0CEF8424801F0CA
:10EEB00003FC4FF496714048F6F75DFD1148007869
:10EEC0003A2819D16A4646A10E48F6F767FD0A208E
:10EED000F8F75AFE0098F7F742F8044622460B4628
:10EEE00041A1354800F0B0F8334801F0E5FB4FF49C
:10EEF00096713148F6F73FFD0A210248F6F73BFDCF
:10EF000038BD0000200200207B2257223A7B22439A
:10EF1000616C6962223A31323030677D7D0A0000CF
:10EF20007B2257223A7B2243616C6962223A333753
:10EF30003430677D7D0A00007B2257223A7B2245D0
:10EF400072726F72223A317D7D0A00007B22572255
:10EF50003A7B224572726F72223A327D7D0A00003E
:10EF60007B2257223A7B224572726F72223A337D9E
:10EF70007D0A00007B2257223A7B2243616C696242
:10EF8000223A307D7D0A00007B2257223A7B2243C1
:10EF9000616C6962223A317D7D0A00001400002014
:10EFA0007B2257223A7B22496E7454656D70223A57
:10EFB00025647D7D0A0000007A0700207B2257220D
:10EFC0003A7B2242223A25647D7D0A007B22572229
:10EFD0003A7B224C4354223A25647D7D0A0000008E
:10EFE0003A25663A000000007B2257223A7B226DC8
:10EFF000223A25667D7D0A0070B504460D46002242
:10F0000010210848F9F73EF87E2101EA4400FCF798
:10F0100075FC2846FCF772FC012210210148F9F723
:10F0200031F870BD000801400FB4054B10B503A9BD
:10F03000044A029800F012F910BC5DF814FB0000BD
:10F04000D1FC00081C0200200FB4084B10B504A925
:10F0500002AA039800F002F9044602A9002000F079
:10F0600094FC204610BC5DF814FB00008BF90008EE
:10F0700002480068C0F30220704700000CED00E079
:10F0800010B5002804DB0A07130E054A135406E0E6
:10F090000A07140E034A00F00F031B1FD45410BDBF
:10F0A00000E400E018ED00E002E008C8121F08C10B
:10F0B000002AFAD170477047002001E001C1121FF9
:10F0C000002AFBD1704700002DE9FF5F82B00021CC
:10F0D000DDE90430020DDDF840B0034318D044F6FA
:10F0E0001050A2F2FF3242431514119801281FD08C
:10F0F000A5EB0B00401C5FEA000A4FF000064E4FE4
:10F10000DFF83891B046504615D5CAF1000413E037
:10F11000119801244AA3012801D16FEA0B0102983A
:10F12000119AC0E90031C0E9024206B0BDE8F09F83
:10F13000CBF10000DFE704460021404A491842EBCA
:10F140000450CDE9001012E0E00707D032463B46FC
:10F1500040464946F7F7A4F88046894632463B4682
:10F1600010461946F7F79CF806460F466410002C27
:10F17000EAD1DDE90401DDE90023BAF1000F06DA86
:10F18000F7F78EF842464B46F7F78AF805E0F6F7B0
:10F1900077FE42464B46F6F773FE04460E460022C3
:10F1A000284BF7F713F903D84FF0FF30014607E07B
:10F1B0000022254B20463146F6F7CBFFF7F7EEF855
:10F1C000102409E0002C0ADB0A220023F6F7F0FEE7
:10F1D000039B30321A55641E50EA0102F2D1641CBE
:10F1E000039AC4F111031444119A012A03D0012295
:10F1F00008430DD10AE0084304D000204FF0110B62
:10F20000119072E7A3EB0B056D1E0DE05B4504DD6D
:10F210004FF0000205F1010504E003DA4FF00002AF
:10F22000A5F10105002AECD002981199C0E902313C
:10F23000C0E9004579E70000000014400000F03FFD
:10F24000300000000000F0430000E03F30380A28A2
:10F2500001D2012070470020704700002DE9FF4FC8
:10F2600095B09B468946064600250FE2252877D1B2
:10F2700000242746F84A0121059400E0044316F8CB
:10F28000013F203B01FA03F01042F7D130782A28E1
:10F2900011D06FF02F033078A0F13002092A16D870
:10F2A000059A44F0020402EB820203EB420210448E
:10F2B000761C0590EFE759F8042B0592002A03DA33
:10F2C000504244F40054059044F00204761C307817
:10F2D0002E2816D116F8010F44F004042A280DD068
:10F2E0006FF02F023078A0F13003092B09D807EB1B
:10F2F000870302EB4303C718761CF3E759F8047B36
:10F30000761C30786C280FD006DC4C2817D0682883
:10F310000DD06A2814D104E0742810D07A280FD1B7
:10F320000DE044F400140AE044F4801401E044F4D5
:10F3300040147278824202D104F58014761C761C47
:10F34000307866280BD013DC582877D009DC0028E9
:10F3500075D04528F6D04628F4D047281AD19DE12B
:10F3600018E0632835D0642879D0652812D195E15A
:10F37000702873D008DC6728F1D069286FD06E2818
:10F380000DD06F2806D1B5E073282CD0752875D024
:10F39000782874D05A46179990476D1C75E1C4F3CC
:10F3A0000250022809D003280DD0D9F800100428F3
:10F3B0000DD00D6009F1040967E1D9F80010EA17D2
:10F3C000C1E90052F6E7D9F800100D80F2E70D70A0
:10F3D000F0E719F8041B8DF8001000208DF80100EB
:10F3E000EA46012003E059F804AB4FF0FF30610713
:10F3F0004FF0000102D40DE008F101018846B94246
:10F400000FDA8045F8DB1AF808100029F4D108E07B
:10F4100008F1010188468142FADB1AF80810002938
:10F42000F6D105985B46A0EB080721463846179AA7
:10F4300000F094FA284400EB080507E04DE029E1CC
:10F440000DE01AF8010B5A4617999047B8F10108D8
:10F45000F7D25B4621463846179A13E142E00A226A
:10F460000092C4F302524FF0000A022A08D059F861
:10F4700004CB032A4FEAEC710AD00DE029E02AE020
:10F4800009F1070121F00702F2E802C1914609E003
:10F490000FFA8CFC4FEAEC71042A03D14FFA8CFC72
:10F4A0004FEAEC71002907DA0A460021DCF1000C72
:10F4B00061EB02012D2202E0220504D52B228DF8FA
:10F4C0000420012203E0E20701D02022F7E7904662
:10F4D00059E00A2102E010220DE010214FF0000A4D
:10F4E00000910BE010224FF0000A44F004040827BA
:10F4F000009203E008224FF0000A0092C4F3025287
:10F50000022A05D059F804CB0021032A08D009E0CB
:10F5100009F1070121F00702F2E802C1914605E076
:10F520001FFA8CFC042A01D10CF0FF0C4FF00008EC
:10F53000220728D5702806D0009B83F0100353EAD9
:10F540000A0305D00EE040228DF80420012208E0D5
:10F550005CEA010206D030228DF804208DF8050007
:10F5600002229046009B83F0080353EA0A030AD163
:10F570005CEA010201D1620705D530228DF8042032
:10F580004FF001087F1E582804D034A003900EA825
:10F5900002900DE036A0F9E753466046009AF6F770
:10F5A00007FD84460398825C0298401E0290027018
:10F5B0005CEA0100F0D1029806A9081A00F1200ABD
:10F5C000600702D524F4803400E00127574502DDAE
:10F5D000A7EB0A0000E0002000EB0A01009005986C
:10F5E0004144401A0590E00306D45B462146179A31
:10F5F000059800F0B3F90544002706E001A85A4633
:10F60000C05D179990476D1C7F1C4745F6DBE003F2
:10F610000CD55B462146179A059800F09FF90544E2
:10F6200004E030205A46179990476D1C0099481EF7
:10F6300000900029F5DC08E0029802995A4600780B
:10F64000491C0291179990476D1CBAF10001AAF16B
:10F65000010AF1DC65E10000092801003031323394
:10F6600034353637383961626364656600000000FE
:10F6700030313233343536373839414243444546E8
:10F680000000000000F058F90544761C307800288E
:10F690007FF4ECAD19B02846BDE8F08F620700D4C6
:10F6A000062709F1070222F0070CFCE80223E146D5
:10F6B00003F000485FEA080C02D00FF2702C0DE056
:10F6C0005FEA045C02D50FF2682C07E05FEAC47CB5
:10F6D00002D00FF2602C01E0AFF2700C4FF0FF3857
:10F6E00023F00043CDF850C065280CD006DC452837
:10F6F00009D046281DD047283DD13DE0662818D0C6
:10F7000067287ED138E00021112F01DB112000E0B5
:10F71000781CCDE9000106A90EA8FFF7D5FCDDE9AC
:10F720000F010E9A03910021009207F1010A049142
:10F730004DE04FF000400097CDE9011006A90EA85A
:10F74000FFF7C2FCDDE90F0203920E9B1199002224
:10F75000DDF80CA00093049211B9791C00EB010AAA
:10F76000B7EB0A0004D4C0F1FF3007F1010A04909E
:10F77000AAEB0700019044E0012F00DA01270021E5
:10F78000112F01DD112000E03846CDE9000106A966
:10F790000EA8FFF799FCDDE90F010E9A03910021F5
:10F7A00004910092BA4621070CD40399514500DA1E
:10F7B0008A46BAF1010F05DD009AAAF10101515CF8
:10F7C000302908D0B84202DA10F1040F06DA01211C
:10F7D000CDE9011015E0AAF10101E9E7002805DCF7
:10F7E000049901440491AAEB000102E0411C514537
:10F7F00000DD8A460499401A401C01904FF00040F9
:10F800000290200704D40198504501DBCDF8048014
:10F8100000208DF84F0002980DF14F07B0F1004F16
:10F8200025D02B200E9002984FF0020800280CDA09
:10F83000404202902D200E9007E00A210298F6F730
:10F84000A1FB3031029007F8011DB8F10001A8F1C9
:10F850000108F2DC02980028EFD1791E0E9808709A
:10F86000307800F0200040F0450007F8020D12A8A3
:10F87000C01B00F107081498007800B1012000EBCC
:10F880000A01019801EBE07105984144401A401EBD
:10F890000590E00306D45B462146179A059800F0D0
:10F8A0005DF805441498007818B15A4617999047A6
:10F8B0006D1CE00324D55B462146179A059800F09D
:10F8C0004DF805441CE00498002807DBDDE903013E
:10F8D000884203DD0098405C179901E017993020B9
:10F8E0005A469047049805F10105401C0490019880
:10F8F000401E019004D12E205A46179990476D1C46
:10F90000BAF10001AAF1010ADDDC05E017F8010BEC
:10F910005A46179990476D1CB8F10001A8F10108EB
:10F92000F4DC5B462146179A0598ABE62D000000F3
:10F930002B000000200000002DE9F04104460025C6
:10F940001E461746880404D405E039462020B047F7
:10F950006D1C641EF9D52846BDE8F0812DE9F04103
:10F96000044600251E469046C80301D5302700E016
:10F970002027880404D505E041463846B0476D1C71
:10F98000641EF9D52846BDE8F0810A68531C0B6057
:10F990001070704710B50120F8F7F6F805A000F0D8
:10F9A0008BFEF7F72FFB4FF416710F48F5F7E3FFC7
:10F9B00010BD00007B2252656365697665223A7B43
:10F9C00022537461747573223A32367D2C2246229A
:10F9D0003A7B2254797065223A2243616E73656CDA
:10F9E000227D7D0A0000000082040020014601F013
:10F9F000030090B96420B1FBF0F200FB121050B983
:10FA00004FF4C870B1FBF0F200FB121008B90120EE
:10FA100070470020FCE70120FAE70020F8E700002B
:10FA200070B5002500240DE01C48005D642801D15C
:10FA3000681CC5B21948005D742801D1681CC5B2A4
:10FA4000601CC4B21548F5F7A1FFA042ECD2022D0C
:10FA500011D1134A13A11148F5F7A0FF104800680F
:10FA6000F7F730FB4FF416710C48F5F784FF0020D0
:10FA70000E49087010E013200D4908700DA000F029
:10FA80001BFE0020094908700549086000254FF455
:10FA900016710248F5F76FFF70BD00008204002068
:10FAA00004000020642564740000000009000020A8
:10FAB0001A0000207B2252656365697665223A7BD5
:10FAC00022537461747573223A31397D7D0A0000C6
:10FAD00010B506A000F0F0FD08210B4800F07CFEF8
:10FAE0004FF416710848F5F746FF10BD7B225265AA
:10FAF0006365697665223A7B22537461747573225B
:10FB00003A32367D7D0A00008204002010B586B0AE
:10FB10000446F8F707F9012004900F4803900020ED
:10FB200001900120029005A901A8F8F741F878B9E1
:10FB3000F8F796F80598401C10B1002006B010BDEB
:10FB400024B9FF2210210548F5F70EFF0120F5E743
:10FB5000F8F786F80020F1E740540008581C002010
:10FB600000B500221021104600F002F800BD000090
:10FB700030B503465818402801D9002030BD18463A
:10FB80000FE02AB1094C044494F840441470521C0C
:10FB9000102805D2054C044494F84044044D2C54DC
:10FBA000401CCC188442ECD80120E7E70050000844
:10FBB000581C00202DE9F04706468946154606EBFD
:10FBC0000900402802D90020BDE8F0870DB90020C7
:10FBD000FAE7F8F7A7F8002413E02A5D601C285C18
:10FBE00042EA0020C3170746A019094A81183A467D
:10FBF0000120F8F73FF818B1F8F732F80020E3E7F2
:10FC0000A41C4C45E9D3F8F72BF80120DCE70000F1
:10FC10004054000870B5002500240DE01E48005D2A
:10FC2000652801D1681CC5B21B48005D4C2801D174
:10FC3000681CC5B2601CC4B21748F5F7A7FEA04205
:10FC4000ECD2022D13D1154A15A11348F5F7A6FEE3
:10FC500012480068F7F70EF84FF416710E48F5F7E2
:10FC60008AFE0020104908601049087013E0132034
:10FC70000F4908700FA000F01FFD00200B4908700D
:10FC80000649086000254FF416710348F5F773FE26
:10FC900000200549086070BD820400200400002097
:10FCA0006525644C000000001C00002008000020B6
:10FCB0001A0000207B2252656365697665223A7BD3
:10FCC00022537461747573223A31397D7D000000CE
:10FCD00013B50C4601216846F6F7A6FE0120F7F79A
:10FCE00053FF00981CBD000000B585B00120F7F758
:10FCF0004BFF002215491648F9F7EAFE0022154984
:10FD00001348F9F787FE1348007812498978114A99
:10FD10005278104BDB78CDE90132CDE903100B4866
:10FD2000807800900948437802780BA11948FFF7C2
:10FD30008BF9184800F0C0FC0120F7F725FF4FF4BD
:10FD400016711548F5F717FE05B000BD76000020C6
:10FD500018090020790000207B2254223A7B224897
:10FD6000223A25642C224D223A25642C2253223A31
:10FD700025642C2259223A25642C226D223A2564CE
:10FD80002C2244223A25642C2257223A25647D7D78
:10FD90000A000000DA0600208204002010B507A047
:10FDA00000F08AFCF7F72EF90020124908704FF492
:10FDB00016711148F5F7DFFD10BD00007B2252657A
:10FDC0006365697665223A7B225374617475732288
:10FDD0003A32367D2C2246223A7B225479706522B3
:10FDE0003A224964656E746966794F6666227D7D44
:10FDF0000A000000110000208204002010B507A0B6
:10FE000000F05AFC0120F7F7BFFE012010490870EE
:10FE10004FF416710F48F5F7AEFD10BD7B22526509
:10FE20006365697665223A7B225374617475732227
:10FE30003A32367D2C2246223A7B22547970652252
:10FE40003A224964656E74696679227D7D0A0000F4
:10FE5000110000208204002070B504460D460026E3
:10FE600017E0012251020C48F8F70CF92846F7F781
:10FE70008BFE00224FF400710748F8F703F928467B
:10FE8000F7F782FE012251020348F8F7FBF8701CD5
:10FE9000C6B2A642E5DB70BD0008014008B500BF50
:10FEA000F8F738F9FCF759F8FBF75EF9FBF7E8F9D2
:10FEB000FBF7FEF9FBF720FAFBF754FAFBF76EFAB3
:10FEC000FBF788FAFBF7C8F9FE48FAF7B3FAFD48E2
:10FED000FAF77AFA4FF40050FB4B0822FB490090E6
:10FEE0000020FBF7E9FE0221F9A000F075FCF948BB
:10FEF0000068C06840F02000F6490968C8600A2020
:10FF0000F7F742FEF4480068C06840F02000F2496C
:10FF10000968C860F1480068C06840F02000EF49F7
:10FF20000968C8600020EE490860FAF7EDFFFFF7A6
:10FF300017FE1E210720FFF78FFF4FF47A70F7F7A7
:10FF400023FEFBF763FA4FF47A70F7F71DFE0120EA
:10FF5000E4490870F7F74CFC68E24AF6AA20E24947
:10FF600009680860FAF7D0FFE048008800287DD0D3
:10FF70000120F7F709FEDE480078572812D1DC4847
:10FF8000407965280ED1DBA000F096FBD84A40F2FC
:10FF90003A216420F7F752FC0120DD490870F6F79A
:10FFA000E3FC43E2D2480078652871D019DC492887
:10FFB0006FD009DCA0F1400008286BD2DFE800F028
:10FFC000D9E0E0B799E091BD542870D004DC4E2808
:10FFD0007FD052285ED1C6E056281BD06428F9D1C4
:10FFE00093E073285DD00CDC6E2862D004DC6628B8
:10FFF00067D06928EED194E070284CD07228E9D1FE
:020000040801F1
:1000000014E075280CD0802836D081283AD0AF284B
:10001000E0D1AFE000F06CFB0120BD490870BEE00C
:1000200000F026FD0120BA490870B8E0B9A000F040
:1000300043FB0A20F7F7A8FD00BF00BF00BF00BFC9
:1000400000BFBFF34F8F00BF00BF00BFB8480068BC
:1000500000F4E060B7490843001DB549086000BFDF
:1000600000BF00BFBFF34F8F00BF00E0A7E000BF9D
:1000700000BF00BF00BFFDE700F01EFC0120A44947
:1000800008708CE0FFF730FE0120A149087086E07F
:1000900035E040E074E0FBF7FDFB01209C4908706F
:1000A0007DE000F0B3FB01209949087077E04FE054
:1000B0000FE031216E2000F03BFA012094490870D6
:1000C0006DE03121662000F033FA0120904908707C
:1000D00065E032216E2000F02BFA01208C49087077
:1000E0005DE03221662000F023FA01208849087083
:1000F00055E0F6F7F5FC0120854908704FE0012036
:100100008D4908708249087049E001208B490870C8
:100110007F49087043E0FFF741FE01207C490870E9
:100120003DE0FFF76BFE01207949087037E0FFF7EB
:1001300031FC01207649087031E0F7F723F80120FF
:10014000734908704FF416716948F5F714FC26E0FE
:1001500000F028FC01206E4908704FF416716448C5
:10016000F5F709FC1BE00120754908706849087023
:1001700015E000BFFFF7ACFC0120654908700EE0F8
:1001800070A000F099FA13207549087000206049AA
:100190000870F6F7E9FB00207249086000BF00BF55
:1001A00013206F4908700020594908706D49086094
:1001B0004E4908806C4908800120F7F7E5FC6B4840
:1001C000007808B1F7F716F95C48007808B1FFF736
:1001D00027FC5948007808B1FFF71CFD5848007803
:1001E00008B100F04DF93C480068C06840F02000BC
:1001F00039490968C8605E48007888B10A20F7F775
:10020000C3FC5B4801785B48F6F70EFC00205849B8
:1002100008700A20F7F7B8FC64215648F5F7ABFBE5
:100220005548007838B10A20F7F7AEFCFEF766FDB6
:100230000020514908705148FAF7B2FD20B14F48EB
:10024000FAF7AEFD00B1F1E010210020FAF746FD0B
:1002500070B14A48FAF7A4FD20B14848FAF7A0FD6A
:1002600000B1E3E010210020FAF738FD00B1DDE035
:100270000120434908704349FAF78AFD002820D13C
:1002800040488079AB281BD13E48C079C0B93D4871
:10029000C07BA8B93A48007890B13A4800783A490A
:1002A000086038484078096801EB0020364908604A
:1002B00034488078354908603248C078096867E07A
:1002C000AEE0B2E08409002000100140000C0140C3
:1002D00073730000100A0020540A0020CC0900208B
:1002E00024000020020000200C0900200C00002047
:1002F000820400207B2252656365697665223A7B21
:1003000022537461747573223A32367D0A000000FC
:10031000620000207B22526563697665223A7B2267
:10032000537461747573223A37307D7D0A00000082
:100330000CED00E00000FA05080000200900002094
:100340000B0000207B2252656365697665223A7B4B
:1003500022537461747573223A31397D0A000000AA
:100360001A0000201C0000200E00002011000020B8
:100370005C0000201607002012000020650000200D
:1003800074000020A6080020700000206C000020EF
:1003900001EB00202649086026480079096801EB36
:1003A00000402349086023484079096801EB006058
:1003B0001F4908602048006800F40040B0F5004F75
:1003C00013D11D480068C0F30E001B4908600846A1
:1003D000006846F62921484017490860144800681B
:1003E0004BF2A6214840124908601448007890B1A9
:1003F0001348007850B9104803680D48026811A1ED
:100400000C48FEF721FE0B4800F056F94FF47A70C5
:10041000F7F7BAFB07E032210A20FFF71DFD02E0E3
:100420000FA000F049F9FAF76FFD00BF95E5000055
:100430006C000020A60800207000002001000020B1
:100440005E0000207B2243223A7B224944223A2547
:10045000642C225543223A25647D7D0A0000000069
:100460006572726F720A000010B5044601231A46C5
:1004700021460248FAF7AFFB10BD0000540A0020E5
:1004800070B5002500240DE01C48005D522801D104
:10049000681CC5B21948005D642801D1681CC5B24A
:1004A000601CC4B21548F5F771FAA042ECD2022DD7
:1004B00011D1134A13A11148F5F770FA10480068DA
:1004C000F6F7BAFE4FF416710C48F5F754FA00200F
:1004D0000E49087010E013200D4908700DA000F0BF
:1004E000EBF80020094908700549086000254FF421
:1004F00016710248F5F73FFA70BD00008204002033
:100500000400002052256464000000000B0000205D
:100510001A0000207B2252656365697665223A7B6A
:1005200022537461747573223A31397D7D0A00005B
:1005300070B504460D46312D2AD16E2C12D1012200
:1005400011022A48F7F79EFD0120F7F71DFB28A0AE
:1005500000F0B2F80120324908704FF416713148AA
:10056000F5F709FA662C13D100224FF480711F4869
:10057000F7F788FD0120F7F707FB2BA000F09CF8A8
:100580000120274908704FF416712648F5F7F3F952
:10059000322D2AD16E2C12D1012291021348F7F785
:1005A00071FD0120F7F7F0FA2BA000F085F801208B
:1005B0001B4908704FF416711A48F5F7DCF9662CE0
:1005C00013D100224FF480610848F7F75BFD01204A
:1005D000F7F7DAFA2CA000F06FF801201049087044
:1005E0004FF416710F48F5F7C6F970BD00080140C9
:1005F0007B2252656365697665223A7B225374617A
:10060000747573223A32367D2C225231223A7B2283
:10061000537461747573223A32337D7D0A00000091
:1006200062000020820400207B22526563656976A7
:1006300065223A7B22537461747573223A32367D97
:100640002C225231223A7B22537461747573223A00
:1006500032347D7D0A0000007B2252656365697635
:1006600065223A7B22537461747573223A32367D67
:100670002C225232223A7B22537461747573223ACF
:1006800032337D7D0A0000007B2252656365697606
:1006900065223A7B22537461747573223A32367D37
:1006A0002C225232223A7B22537461747573223A9F
:1006B00032347D7D0A00000070B504462046F5F70F
:1006C00065F9C5B229462046F6F7AEF900224FF487
:1006D00000710648F7F7D6FC0120F7F755FA01221A
:1006E00051020248F7F7CEFC70BD0000000801403F
:1006F00000B599B064216846F5F73DF9052212A1CD
:100700006846FEF7A1FC6846FFF7D6FF1CA0FFF77E
:10071000D3FF1EA0FFF7D0FF0120F7F735FA1FA087
:10072000FFF7CAFF0120F7F72FFA21A0FFF7C4FF58
:1007300020A223A125A0FEF777FC4FF416712548CF
:10074000F5F719F919B000BD7B224669726D776122
:100750007265223A7B2246223A312C224465766920
:10076000636554797065223A2253686F70222C2297
:1007700052656C65617365223A30256400000000A3
:100780002C22426F6F74223A310000002C224175F6
:10079000746F5374617274223A3000002C225265D7
:1007A0006164657254797065223A52433532320081
:1007B0007D7D0A0031313A35353A32330000000090
:1007C00041756720323520323032320025732025C2
:1007D000730A00008204002070B504460D4600260E
:1007E0000FE0012221460020FBF7C0FA641C4AF604
:1007F000AA200549096808600520F7F7C5F9701CAB
:10080000C6B2AE42EDDB70BD0C09002010B50C483D
:10081000007810B90BA0FFF74FFF0948007810B11E
:1008200016A0FFF749FF0648007880F00100044950
:1008300008704FF416711F48F5F79DF810BD0000C1
:100840005E0000207B2252656365697665223A7BF3
:1008500022537461747573223A32367D2C224322FE
:100860003A7B2254797065223A22556E53656E6444
:1008700053657269616C227D7D0A00007B2252659E
:100880006365697665223A7B2253746174757322BD
:100890003A32367D2C2243223A7B225479706522EB
:1008A0003A2253656E6453657269616C227D7D0ADC
:1008B000000000008204002010B51CA0FFF7FCFE21
:1008C000284840782849087026488078487025488C
:1008D000C07888702348007924498870214840797D
:1008E00048702048807908701E48C079C87001207F
:1008F000F7F74AF900221C491D48F9F75FFA10B1D1
:100900001CA0FFF7D9FE0120F7F73EF90022174996
:100910001748F9F7A5F910B11CA0FFF7CDFE4FF469
:1009200016711048F5F727F810BD00007B225265BC
:100930006365697665223A7B22537461747573220C
:100940003A32367D2C2254223A7B22547970652229
:100950003A2253657454696D6544617465227D7DE6
:100960000A000000820400207600002079000020A8
:10097000180900207B2254223A7B2253746174753B
:1009800073223A3132387D7D0A0000007B225422E6
:100990003A7B22537461747573223A3132397D7D0A
:1009A0000A00000008B500200090F6F72BFB642039
:1009B000F7F7EAF86A4600214FF4A870F6F7EEFD63
:1009C0006420F7F7E1F812480078AA2813D11048FC
:1009D000407855280FD10E48807850280BD10C480C
:1009E000C078012807D10A480079042803D109A05A
:1009F000FFF762FE02E012A0FFF75EFEC820F7F7E5
:100A0000C3F84FF416710248F4F7B5FF08BD0000B3
:100A10002A0200207B2246223A7B225479706522EA
:100A20003A2254657374436F6E6E656374696F6EBA
:100A3000222C22537461747573223A307D7D0A0032
:100A40007B2246223A7B2254797065223A225465F1
:100A50007374436F6E6E656374696F6E222C2253DC
:100A60007461747573223A31387D7D0A000000008C
:100A700010B5FFF775F8002819D06420F7F784F84F
:100A80000020FFF743F80CA208210020FFF792F89E
:100A900048B10520F7F778F80AA0FFF70DFE05200A
:100AA000F7F772F806E010A0FFF706FE02E00EA0CE
:100AB000FFF702FE10BD0000426F6F543132333435
:100AC000000000007B225570646174654669726D98
:100AD00077617265223A7B22537461747573223A8E
:100AE00032367D0A000000007B2255706461746517
:100AF0004669726D77617265223A7B225374617424
:100B00007573223A31397D0A000000001F1C1F1E38
:100B10001F1E1F1F1E1F1E1F0000000000000000E0
:100B20000102030406070809000000000102030493
:100B3000895171F21DCB0000000000000000000090
:100B40008D5F307CF05E00000000000000000000BF
:100B5000B22CE4247D9000000000000000000000A2
:100B6000579B07B3A4E9000000000000000000004C
:100B7000E32F50F2E3D0000000000000000000006E
:100B8000E9C1254FA07D000000000000000000002A
:100B9000FFFFFFFFFFFF000000000000000000005B
:100BA000DDDDDDDDDCBBBBDDDDDDDDDDDDDDDDDDBA
:100BB00098888888888888887777777777888888FA
:100BC0008555555666666666666666666668888892
:100BD0008333333222222222222222222228888D8B
:100BE0007B2252656365697665223A7B2253746184
:100BF000747573223A32367D2C2246223A7B225477
:100C0000797065223A22476574456D70747949445C
:100C1000222C22537461747573223A25647D7D0AF7
:100C200000000000440C0108000000202002000029
:100C300068680008200D010820020020B82000008C
:100C4000B8F0000801109201D214022503CD0A0267
:100C500011304D8950991799151325CA1B086D0439
:100C60001A7D041AA1041AD90413F1C91B08350806
:100C7000131201140202021640830440571D0201A0
:100C80000203380E21040309041A8D1395691B0809
:100C9000650413D5681B08B90841BA10E02173B286
:100CA000074B24F4BE120632022A40241381C614D4
:100CB00008C1C54C08A3C73C1A0F101A11101A8D91
:100CC00004C11A61181A51041A71041A41041C094A
:100CD0000243AB111DC03209046D1A020B13052427
:100CE000161001052401100901042402020524063E
:100CF000170107058203081C100904E1320A1D07C9
:100D00000501027B2C07058107110937442A40079A
:100D10002A8107112B0907440A3B044441000000C3
:04000005080058EDAA
:00000001FF
