:020000040800F2
:10580000282200200159000871AB0008EDA3000810
:105810006DAB0008BD5F0008E1E200080000000079
:105820000000000000000000000000005DB2000861
:10583000CB610008000000006BAF0008C3B5000892
:105840001B5900081B5900081B5900081B59000868
:105850001B5900081B5900081B5900081B59000858
:105860001B5900081B5900081B5900081B59000848
:105870001B5900081B5900081B5900081B59000838
:105880001B5900081B5900081B5900081B59000828
:1058900029E200081B5900081B590008ED610008A7
:1058A0001B5900081B5900081B5900081B59000808
:1058B0001B59000871B600081B5900081B59000845
:1058C0001B5900081B5900081B5900081B590008E8
:1058D0001B59000885BA000895BA00081B59000832
:1058E0001B5900081B5900081B590008DFF80CD091
:1058F00000F06EF90048004749EC0008282200201B
:105900000648804706480047FEE7FEE7FEE7FEE759
:10591000FEE7FEE7FEE7FEE7FEE7FEE761B600080A
:10592000ED580008202A04DB203A21FA02F0002179
:10593000704721FA02F3D040C2F12002914008439F
:105940001946704740EA01039B0703D009E008C9E4
:10595000121F08C0042AFAD203E011F8013B00F834
:10596000013B521EF9D27047D2B201E000F8012B80
:10597000491EFBD270470022F6E710B513460A46CF
:1059800004461946FFF7F0FF204610BD421C10F8F0
:10599000011B0029FBD1801A704700000FB400B52D
:1059A0008DB010A909900B9000914FF0FF300A9034
:1059B00000200C9005480690054807906A4609A803
:1059C0000F9900F0D7F80DB05DF814FB915B00085B
:1059D000AF5B00082DE9FF5F1D464FF0FF3BD5E9A7
:1059E000014691465F464FF00008A9697F1C019867
:1059F0008847296A824688470028F6D1BAF1FF3FD6
:105A00000CD024F4C064002E19DD600614D5BAF160
:105A10002B0F09D0BAF12D0F0ED103E0584604B078
:105A2000BDE8F09F44F48064A9697F1C0198884711
:105A3000761E8246002E02DDBAF1300F03D0B9F196
:105A4000000F26D032E0A969761E44F400747F1C52
:105A5000019888478246002E05DDBAF1780F06D0FE
:105A6000BAF1580F03D0B9F1000F10D01EE0B9F110
:105A7000000F02D0B9F1100F18D1A969761E24F4D5
:105A800000747F1C019888478246102002E008209D
:105A900000E00A20814609E008FB0908A969761E92
:105AA00044F400747F1C019888478246002E05DD6F
:105AB0004946504600F04AF80028EDDAE9690198B5
:105AC0008847A00502D46FF00100A8E7E00725D1C0
:105AD000600613D5600502D5C8F1000000E040461D
:105AE00029680A1D2A600968220501D5087015E099
:105AF000220701D5088011E008600FE02868011D29
:105B000029600068210502D580F8008006E02107A1
:105B100002D5A0F8008001E0C0F8008038467EE79A
:105B200030B50B46014600202022012409E021FA6D
:105B300002F59D4205D303FA02F5491B04FA02F56A
:105B40002844151EA2F10102F1DC30BD3A2800D232
:105B5000303820F02002412A01D3A2F137008842D8
:105B600001D34FF0FF307047026811441378016091
:105B700018467047D16004495161044911620021FF
:105B80001161114600F03CB8695B0008F55B000844
:105B9000426842B1016811F8013B23B1521EC0E9CD
:105BA0000012184670470121C160881E7047426884
:105BB0005AB1C368016843B983688B4205D0491E56
:105BC000521CC0E90012002070474FF0FF307047B0
:105BD000064C074D06E0E06840F0010394E807003A
:105BE00098471034AC42F6D3FFF784FE1CF9000846
:105BF0003CF90008C0B24FF4F05100F097B9000032
:105C00002DE9F34F8BB04FF0000801F10C000C466A
:105C10004FF0010B46460DF1080A0190626901211F
:105C200001989047051E2DD0252D2CD0216A88473C
:105C3000C0B16269012101989047216A8847002814
:105C4000F7D1411E62690198904700E0761CA16976
:105C50000B988847216A88470028F7D1E1690B989B
:105C60008847DBE7A1690B9888470746A84201D11E
:105C7000761CD3E7E1690B9888477F1C02D1B8F105
:105C8000000F6FD046E1002762693D463946019812
:105C900090472A2804D16269012101989047012583
:105CA000DFF884926269012101989047A0F13001E8
:105CB0000A290AD24F45E5DC07EB870100EB4107D3
:105CC000303FDFD445F01005ECE7E90601D46FF072
:105CD00000476C280AD04C2814D0682815D06A28B0
:105CE0000DD074281CD07A281AD01DE062690121D9
:105CF000019890476C2802D045F0040514E045F067
:105D000002050DE045F020050AE0626901210198D5
:105D10009047682802D045F0080505E045F4006585
:105D20006269012101989047C4E9015765283DD077
:105D300019DC58287AD00CDC452837D004DC25281B
:105D400026D0412831D131E046282FD047282CD108
:105D50002CE05B2877D0612828D063287CD0642889
:105D600023D15AE0D0E06F2848D008DC66281DD047
:105D700067281BD0692821D06E2816D127E070280B
:105D800045D0732868D0752847D078280DD14DE0CC
:105D9000A1690B988847054625283FF469AFE1695A
:105DA0000B9888476D1C3FF46AAFB3E023466A4600
:105DB0006FF001000B99AFF300809EE045F04000CA
:105DC0006060A80723464FF0000236D43EE0E807A3
:105DD0007FF447AF2068011D21600068290501D5C7
:105DE00006701BE7290701D5068017E7A90703D529
:105DF000F117C0E9006111E706600FE745F04000C8
:105E00006060A80723464FF0080216D41EE040F653
:105E10000E0125EA0100606016E045F04000606078
:105E2000A80723464FF00A0207D40FE045F04000D0
:105E30006060A80708D5234610226FF001000B9977
:105E4000AFF3008059E007E0234610226FF0010015
:105E50000B99FFF7BFFD50E04FF000094F464B464E
:105E6000632802D05B2806D040E0E80601D4012078
:105E7000A06001273AE062690121019890475E28FD
:105E800005D14FF00109626949460198904721699F
:105E900039B900210A46534643F82120491C0829F4
:105EA000FADBB0B3216969B9C11700EBD1625311B4
:105EB0000AEB830122F01F02821A01200B68904036
:105EC00003430B6062690121019890475D28E8D186
:105ED000B9F1000F09D00020514651F82020D243DB
:105EE00041F82020401C0828F7DB02AB224600972F
:105EF0006FF001000B99AFF3008000280CDA401C12
:105F000008D1BBF1000F05D04FF0FF300DB0BDE858
:105F1000F08FFFE74046F9E7E90701D108F10108F2
:105F200006444FF0000B79E6CCCCCC0C7F2801D98D
:105F3000002208E0064A02EB5002C007127800D1A6
:105F4000120902F00F020120904008407047000043
:105F500098F8000870B58C1810F8015B15F007036D
:105F600001D110F8013B2A1106D110F8012B03E0F2
:105F700010F8016B01F8016B5B1EF9D12B0705D4FA
:105F80000023521E0DD401F8013BFAE710F8013B43
:105F9000CB1A921C03E013F8015B01F8015B521E5F
:105FA000F9D5A142D8D3002070BD10B5142005F05A
:105FB000B9F80321142005F052F910BD00BFFEE727
:105FC00030B50346042B15D007DC7BB1012B0ED076
:105FD000022B0DD0032B30D10BE0202B0BD0212B2B
:105FE00018D0222B22D0232B27D125E026E025E034
:105FF00024E023E022E0002003E00C5C114D2C544F
:10600000401C0728F9DB00200F4C207001200F4CAA
:10601000207013E0002003E00A4C245C0C54401C68
:106020000728F9DB0020084C207007E006480078BC
:10603000401C054C207001E000E000BF00BF0020C4
:1060400030BD0000D0000020000000200100002032
:1060500000207047002003E00021064A1154401C34
:10606000B0F5167FF8D30020034908800349088063
:1060700070470000740400200C0000200E00002077
:1060800010B500220449054805F075FE044903488F
:1060900005F06AFE002010BD90120020E4090020E7
:1060A000A80E00202DE9F04105460E46144930683F
:1060B00008602946134805F057FE377812480488CF
:1060C000002113E0685C114A1055601C80B24FF447
:1060D000167290FBF2F302FB130084B20C480088A6
:1060E000844202D10220BDE8F081491CB942E9D3C3
:1060F00005480480034805F013FE0020F3E7000084
:1061000018000020E40900200C0000207404002086
:106110000E0000202DE9F04104460D4600260A48F5
:10612000D0F8B872D7F8140210B10120BDE8F081A0
:106130002A462146044805F01EFE034805F09FFE4E
:1061400006463046F2E70000E40900202DE9F04160
:106150000746884615460421052000F029F88021CD
:106160000A2005F07CF8002405E0395D092008F0DC
:10617000B9F8601CC4B24445F7DB0321012008F0E4
:10618000B1F8FF2400BF052004F0CCFF0646601ED6
:10619000C4B21CB106F004000028F4D0222004F0A0
:1061A000C1FF2870212004F0BDFF6870BDE8F081B8
:1061B00070B505460C46284604F0B4FF064626EAAC
:1061C0000401284608F08EF870BD704710B500F045
:1061D000AFFA0020034908704FF416710248FFF728
:1061E000CAFB10BD110000207404002010B540202F
:1061F00001F076F9802001F073F910BD72B603E06A
:106200001E21642008F0FEFCFAE700000021074A86
:10621000D1610749096941F00401054A116111463C
:10622000096941F04001116170470000881B00209E
:10623000002002400021074AD1610749096941F065
:106240000201054A116111464861096941F04001A6
:1062500011617047881B0020002002400022054B7E
:10626000DA61054A126942F00102034B1A610180AA
:1062700070470000881B00200020024000201E49BB
:10628000C96801F0100139B11C49C96941F0020126
:106290001A4AD16140F010001749C96801F00401A1
:1062A00039B11649C96941F00101144AD16140F080
:1062B00004001149C96901F0010169B10F49C969B7
:1062C00041F004010D4AD16100BF0B49C96921F0B9
:1062D0000101094AD16100BF00BF40F201118842AB
:1062E00006D10549C96921F00101034AD16101E0E4
:1062F0000149C86000BF704700200240881B002091
:1063000070B5044601F098FA054609E0601C38B102
:1063100024B101F091FA401BA04201D9032070BDC5
:106320001248C06800F001000028EFD10F48C06893
:1063300000F0200020B100BF20200C49C86000BF41
:106340000A48C06800F0100048B90848C06900F069
:10635000010020B90548C06800F0040018B1FFF73B
:106360008DFF0120DBE70020D9E70000002002407C
:106370002DE9F0419AB00746642101A8FFF7FBFA26
:106380004FF0000800209F49086000249E480578CF
:10639000002600F0B5F9642000F04EFFF8B28DF849
:1063A0000400380A8DF8050001AA022140F203100A
:1063B00000F072FC642000F03FFF94480078AA28A7
:1063C0007ED1924840785528FAD1904880790028AB
:1063D000F6D1DBE08D48017A407A01EB00244FF6DC
:1063E000F17084422ED18A48007843280DD100F004
:1063F00087F985480570012000F01EFF85A008F090
:10640000F9FF00201AB0BDE8F08100207E49087035
:1064100022468DA101A807F07DFF01A808F0EAFF40
:10642000642101A8FFF7A7FA4FF47A7000F004FF87
:10643000701CC6B24AF6AA20934909680860002079
:10644000704908604FF6F27084422CD17048007891
:1064500043280BD100F054F96B480570012000F07F
:10646000EBFE6CA008F0C6FF0020CBE700206649D9
:106470000870224674A101A807F04CFF01A808F09B
:10648000B9FF642101A8FFF776FA4FF47A7000F0A3
:10649000D3FE00205B490860701CC6B24AF6AA20F1
:1064A0007949096808604FF6F37084422ED1584844
:1064B000007843280DD100F023F95348057000E01F
:1064C00068E0012000F0B8FE52A008F093FF002021
:1064D00098E700204C49087022465BA101A807F00C
:1064E00019FF01A808F086FF642101A8FFF743FA0D
:1064F0004FF47A7000F0A0FE002042490860701C42
:10650000C6B24AF6AA206049096808604FF6F470DE
:1065100084421BD1002600203B49087022464AA134
:1065200001A807F0F7FE01A808F064FF642101A8A4
:10653000FFF721FA4FF47A7000F07EFE0020314917
:1065400008603248017A407A01EB00244FF6F3707C
:1065500084420CD0401E844209D0401E844206D0A2
:10656000C01C844203D014B14FF0010800263C2E19
:106570000CD100264FF416712448FFF7FCF922488D
:10658000057042A008F036FF00203BE7B8F1000F8D
:106590003FF420AF1D488079E0B11C48017A407A71
:1065A00001EB0024642101A8FFF7E5F9224641A18F
:1065B00001A807F0AFFE01A808F01CFF0020114958
:1065C0000860114805704FF416711048FFF7D3F9B1
:1065D000002017E7B8F1010F02D140A008F00AFF30
:1065E0004FF47A7000F028FE4FF416710748FFF759
:1065F000C2F9002003490860012003490870002007
:1066000000E7000020000020110000201C020020F4
:10661000740400207B2252656365697665223A7BAB
:1066200022537461747573223A32367D2C224622CD
:106630003A7B2254797065223A2243616E73656C0D
:10664000227D7D0A000000007B2252656365697629
:1066500065223A7B22537461747573223A32367D17
:106660002C2246223A7B2254797065223A22456ECA
:10667000726F6C6C222C22537461747573223A25EC
:10668000647D7D0A00000000580800207B2246221D
:106690003A7B2254797065223A22456E726F6C6C97
:1066A000222C22537461747573223A31387D7D0A2D
:1066B000000000007B2246223A7B2254797065223A
:1066C0003A22456E726F6C6C222C22537461747581
:1066D00073223A25647D7D0A000000007B22462259
:1066E0003A7B2254797065223A22456E726F6C6C47
:1066F000222C22537461747573223A307D7D0A0016
:1067000000B58DB034216846FFF735F96A4600219F
:106710004FF4987000F0C0FA642000F08DFD4FF443
:1067200016710248FFF727F90DB000BD1C020020CA
:1067300010B59AB0642101A8FFF71DF90024FFF7F6
:10674000DFFF642000F078FD01AA00214FF4837080
:1067500000F0A2FA0948827909A101A807F0DAFD40
:1067600001A808F047FEC82000F066FD4FF416713E
:106770000248FFF700F900201AB010BD1C020020EB
:106780007B2252656365697665223A7B2253746188
:10679000747573223A32367D2C2246223A7B22547B
:1067A000797065223A2244656C657465414C4C22CF
:1067B0002C22537461747573223A25647D7D0A001E
:1067C00030B599B0044600201B490860FFF798FFD8
:1067D000642000F031FDE0B28DF80000200A8DF851
:1067E00001006A46022140F2051000F055FA6420CB
:1067F00000F022FD1148807930B91048827910A14B
:10680000684607F087FD09E00C48017A407A01EB01
:1068100000252A460AA1684607F07CFD684608F074
:10682000E9FDC82000F008FD4FF416710348FFF79A
:10683000A2F8002019B030BD200000201C0200206A
:106840007B2252656365697665223A7B22537461C7
:10685000747573223A32367D2C2246223A7B2254BA
:10686000797065223A2244656C657465222C225346
:106870007461747573223A25647D7D0A00000000FE
:1068800010B59AB0002018490860FFF739FF64205E
:1068900000F0D2FC01AA002140F2071000F0FCF940
:1068A000962000F0C9FC1148017A407A01EB0024DF
:1068B0000E48807928B922460DA101A807F02AFDCB
:1068C00004E022461A4901A807F024FD01A808F0B7
:1068D00091FD642000F0B0FC4FF416710348FFF7FF
:1068E0004AF800201AB010BD200000201C02002031
:1068F0007B2252656365697665223A7B2253746117
:10690000747573223A32367D2C2246223A7B225409
:10691000797065223A22476574456D7074794944EF
:10692000222C224944223A25647D7D0A0000000081
:10693000D8F800082DE9F043ADF5297D064600257D
:1069400000204C4908704C490860FFF7D9FE6420CC
:1069500000F072FC0020484908604FF41671474867
:10696000FFF709F8642000F067FCF0B28DF84002F0
:10697000300A8DF84102642000F05EFC90AA0221EA
:106980004FF4857000F088F9642000F055FC002475
:1069900013E03A48005DA5280ED13849601C085C18
:1069A0005A2809D1A01C085C0A2805D1E01C085C03
:1069B000012801D1254603E0641CB4F5167FE8D315
:1069C00000BF2E49281D095C2C4A681D105C01EB94
:1069D0000020071F114605F10800095C401C105CEF
:1069E00001EB00294FF40F7101A8FEF7C4FF4FF42B
:1069F0007A7000F021FC002407E005F10A00204431
:106A00001E49085C01A90855641CBC42F5D301204D
:106A10001849087019488079B0B93B46324618A128
:106A200090A807F077FC90A808F0E4FC0A2000F09A
:106A300003FC394601A8FFF76DFB0A2000F0FCFBC0
:106A40001EA008F0D7FC0CE00C48017A407A01EB5C
:106A5000002842461BA190A807F05CFC90A808F013
:106A6000C9FC4FF416710548FEF785FF0DF5297D29
:106A7000BDE8F08310000020200000201C02002050
:106A80007B2246223A7B2254797065223A22526553
:106A9000616454656D706C617465222C22494422D6
:106AA0003A25642C224461746153697A65223A253F
:106AB000642C2244617461223A220000227D7D0A06
:106AC000000000007B2246223A7B22547970652226
:106AD0003A225265616454656D706C617465222C54
:106AE00022537461747573223A25647D7D0A000017
:106AF00010B59AB0642101A8FEF73DFF00204E4971
:106B0000086001AA00214FF4817000F0C5F805204B
:106B100000F092FB4948017A407A01EB0024474893
:106B20000078AA2819D145488079B8B94FF6F47091
:106B300084427AD0002C78D0224641A101A807F0E7
:106B4000E9FB01A808F056FC642101A8FEF713FF39
:106B50004FF416713948FEF70EFF66E02046232CED
:106B600053D006DC122828D015280FD021285AD15E
:106B700052E041283BD0A0F510502F3800282FD0EC
:106B8000A0F55B40C53800284DD137E0224637A13B
:106B900001A807F0BFFB01A808F02CFC00203D492C
:106BA00008704FF416712548FEF7E5FE642101A830
:106BB000FEF7E1FE00201AB010BD221D2BA101A896
:106BC00007F0A8FB01A808F015FC4FF416711B484C
:106BD000FEF7D1FE642101A8FEF7CDFE0020EAE712
:106BE0004FF416711548FEF7C6FE0020E3E74FF498
:106BF00016711248FEF7BFFE0020DCE74FF4167155
:106C00000E48FEF7B8FE0020D5E74FF416710B488A
:106C1000FEF7B1FE0020CEE74FF416710748FEF7ED
:106C2000AAFE0020C7E700BF00BF4FF4167103485B
:106C3000FEF7A1FE0020BEE7200000201C0200207D
:106C40007B2246223A7B2254797065223A2249649B
:106C5000656E74696679222C2254656D706C61745E
:106C600065223A25647D7D0A000000007B224622D1
:106C70003A7B2254797065223A224964656E7469C0
:106C80006679222C22537461747573223A25647DCF
:106C90007D0A0000110000202DE9F0418EB005466C
:106CA0000C469046002655208DF8040001A800F0FF
:106CB00019FA5536AA208DF805000DF1050000F0EF
:106CC00011FAAA362846E91705EB11610912A5EB5E
:106CD0000121C9B28DF806100DF1060000F002FA8C
:106CE0002846E91705EB11610912A5EB0121314492
:106CF0008EB2E91705EB1161090A8DF807100DF145
:106D0000070000F0EFF92846E91705EB116106EBE3
:106D100021218EB22046E11704EB11610912A4EB88
:106D20000121C9B28DF8081002A800F0DBF9204655
:106D3000E11704EB11610912A4EB012131448EB279
:106D4000E11704EB1161090A8DF809100DF1090032
:106D500000F0C8F92046E11704EB116106EB212190
:106D60008EB200270EE018F80710B81D01AA1154C2
:106D700008EB070000F0B6F918F80700304486B2B7
:106D8000781CC7B2A742EEDB09E00021B81D01AABA
:106D90001154B91D881800F0A5F9781CC7B2102F3E
:106DA000F3DB3046F11706EB11610912A6EB012166
:106DB000C9B28DF81A100DF11A0000F093F930469F
:106DC000F11706EB1161090A8DF81B100DF11B007C
:106DD00000F088F900270EB0BDE8F0812DE9F043FE
:106DE0008DB004460E4617469946002500BF5A202E
:106DF0008DF80000684600F075F95A35A5208DF829
:106E000001000DF1010000F06DF9A5352046E117F4
:106E100004EB11610912A4EB0121C9B28DF8021033
:106E20000DF1020000F05EF92046E11704EB11615C
:106E30000912A4EB01210D44E11704EB1161090AC9
:106E40008DF803100DF1030000F04CF92046E11716
:106E500004EB116105EB2125B01CC0B28DF80400D4
:106E600001A800F03FF9B01CC0B20544B01C000AF4
:106E70008DF805000DF1050000F034F9B01C05EBAC
:106E80001025F8B28DF806000DF1060000F02AF981
:106E9000F8B20544380A8DF807000DF1070000F03C
:106EA00021F905EB17254FF000080BE009EB08006E
:106EB00000F018F919F808000544052000F0BCF9A5
:106EC00008F10108B045F1D3E8B28DF82F000DF1BB
:106ED0002F0000F007F9280A8DF830000CA800F008
:106EE00001F94FF000080DB0BDE8F083F0B5ADF545
:106EF000297D07460D4614464FF40F7101A8FEF791
:106F00003AFDA178607801EB00272179E07801EB68
:106F10000025062004E0225C811F01AB5A54401C6E
:106F2000A91D8842F7D3FFF7EBFB642000F084F93A
:106F30004FF416713548FEF71EFD002034490860F5
:106F4000002603E0002090A98855761C642EF9D312
:106F5000642000F071F9E8B28DF84002280A8DF83B
:106F600041024AF6AA202B490968086090AA02212A
:106F700040F20B10FFF790FE642000F05DF901ABCA
:106F80003A46294640F20B10FFF728FF4AF6AA209E
:106F90002049096808604FF47A7000F04DF91B48E9
:106FA0000078A52829D119488079002817D1A1781F
:106FB000607801EB00221548017A407A01EB00204D
:106FC000824208D13A4614A190A807F0A3F990A8EC
:106FD00008F010FA11E020A008F00CFA0DE00B48C0
:106FE000007A602802D128A008F004FA0748007A45
:106FF000702802D12FA008F0FDF94FF41671034854
:10700000FEF7B9FC01200DF5297DF0BD1C02002022
:1070100020000020580800207B2246223A7B225480
:10702000797065223A22577269746554656D706C87
:10703000617465222C22577269746554656D706C99
:107040006174654944223A25642C22537461747535
:1070500073223A307D7D0A007B2246223A7B2254FD
:10706000797065223A22577269746554656D706C47
:10707000617465222C22537461747573223A313025
:10708000307D7D0A000000007B2246223A7B22549C
:10709000797065223A22577269746554656D706C17
:1070A000617465222C22537461747573223A3936E7
:1070B0007D7D0A007B2246223A7B2254797065222C
:1070C0003A22577269746554656D706C61746522FB
:1070D0002C22537461747573223A3131327D7D0AEA
:1070E0000000000010B5044601231A46214602485C
:1070F00003F011F910BD00005C09002070B50A48CA
:107100000468001D0568001D0668344454B1082257
:107110000649204603F00AFA0422044910312846A1
:1071200003F004FA70BD0000E8F7FF1FB60000206E
:107130000146002291F82100022808D0042088632B
:1071400000BF002081F8200000BF012070470868C0
:10715000006820F00E000B6818600868006820F0D6
:1071600001000B68186091F8403001209840CB6B0B
:107170005860012081F8210000BF002081F8200024
:1071800000BF1046E2E7000070B50446002594F801
:107190002100022803D00420A063012548E02068D4
:1071A000006820F00E00216808602068006820F068
:1071B0000100216808601F492068884201D1012030
:1071C00026E01C4914312068884201D110201FE0BC
:1071D000184928312068884201D1801518E01549E6
:1071E0003C312068884201D1801411E011495031AE
:1071F0002068884202D14FF4803009E00D496431A3
:107200002068884202D14FF4801001E04FF0807076
:10721000084908394860012084F8210000BF002097
:1072200084F8200000BF606B10B12046616B884776
:10723000284670BD0800024070B5044600F0FCFA14
:1072400006462546681C10B104480078054400BF76
:1072500000F0F2FA801BA842FAD370BDF0000020C3
:107260002DE9F04104460E460127002500BF2648BF
:10727000007E012802D10220BDE8F08101202249D0
:10728000087600BF2068022813D14CF25030FFF777
:1072900037F890BB0120FEF7B9FF4CF25030FFF7F2
:1072A0002FF807461948006920F0040017490861C3
:1072B00023E04CF25030FFF723F8F0B94FF0FF30E5
:1072C0003060A56812E02846FEF7B4FF4CF250305B
:1072D000FFF716F807460D48006920F002000B4939
:1072E00008610FB1356007E005F58065D4E902104B
:1072F00001EB8020A842E6D800BF00BF0020024971
:10730000087600BF3846B7E7881B002000200240FF
:107310000348006940F0800001490861002070477F
:10732000002002402DE9FE4F05468B461746984641
:10733000012600240020029000BF2448007E01287E
:1073400002D10220BDE8FE8F01202049087600BF4F
:107350004CF25030FEF7D4FF064686BB012D02D119
:107360000120029006E0022D02D10220029001E0ED
:107370000420029000241EE02201B946C24648467D
:107380005146FEF7CFFA80B20190022000FB04B014
:1073900000900199FEF762FF4CF25030FEF7B0FF0B
:1073A00006460B48006920F001000949086106B152
:1073B00004E0601CC4B202988442DDDB00BF00BF61
:1073C00000200249087600BF3046BBE7881B00203A
:1073D0000020024000200849096901F0800151B1F4
:1073E0000649054A5160064951601146096901F094
:1073F000800101B101207047002002402301674550
:10740000AB89EFCD10B50446402C0DD14021294861
:1074100000F004FA40B90021274802780078401CA7
:10742000254B187025488154802C0DD1802121488E
:1074300000F0F4F940B901211F4802780078401C9F
:107440001D4B18701D4881541B480078222824D1F8
:1074500000200DE018490978891E091A174A515C65
:107460008140174A12681144154A1160411CC8B284
:10747000114909788842EDDD1148006828B11048AB
:1074800010A10268144806F045FF01201349087056
:107490000020094908700A49086007480078232835
:1074A00006DB22210548FEF766FA00200249087033
:1074B00010BD0000000C014058000020080700200B
:1074C0005C0000207B2246616365223A7B224944AE
:1074D000223A25757D7D0A002A07002061000020E0
:1074E00010B5044604480068204020B102480460FA
:1074F0002046FFF787FF10BD140401402DE9F8472F
:107500000346002294466EE14FF0010808FA02F4A7
:10751000D1F8008008EA0400A0427DD1DFF8DCA2A7
:10752000D1F80480A8EB0A09D0453AD014DCB8F1B0
:10753000030F50D009DCB8F1000F31D0B8F1010FC2
:107540001CD0B8F1020F49D120E0B8F1110F18D0CA
:10755000B8F1120F42D11EE0B9F5881F25D006DC24
:10756000B9F5803F20D0B9F5801F37D11AE0B9F5C1
:10757000001F18D0B9F5041F30D117E0D1F80CC0A6
:107580002DE0D1F80C8008F1040C28E0D1F80C8033
:1075900008F1080C23E0D1F80C8008F10C0C1EE077
:1075A00000BF00BF00BF00BF00BF00BFD1F8088010
:1075B000B8F1000F02D14FF0040C0BE0D1F80880B5
:1075C000B8F1010F03D14FF0080C1C6102E04FF03D
:1075D000080C5C6103E04FF0000C00E000BF00BF4E
:1075E000FF2801D8984601E003F104084646FF2829
:1075F00002D84FEA820803E0A2F108084FEA88089F
:107600004746D6F800804FF00F0909FA07F928EA33
:1076100009080CFA07F900E088E048EA0908C6F80A
:107620000080D1F8048008F08058B8F1805F7DD1E7
:1076300000BFDFF8CC81D8F8188048F00108DFF8E7
:10764000C091C9F81880C846D8F8188008F0010819
:10765000CDF8008000BF00BF4FEAB9384FEA920969
:1076600058F829504FEA82784FEA18794FF00F08FE
:1076700008FA09F825EA0805DFF88881434502D1B0
:107680004FF0000816E0DFF88081434502D14FF04B
:1076900001080FE0DFF87481434502D14FF0020882
:1076A00008E0DFF86C81434502D14FF0030801E0A8
:1076B0004FF004084FEA82794FEA197908FA09F87D
:1076C00048EA0505DFF84C814FEA920948F829504D
:1076D000D1F8048008F48038B8F5803F0AD1DFF88B
:1076E0003881D8F8008048EA0008DFF82C91C9F802
:1076F000008009E0DFF82081D8F8008028EA00083F
:10770000DFF81491C9F80080D1F8048008F400383B
:10771000B8F5003F10D1DFF8008108F10408D8F86F
:10772000008048EA0008DFF8F09000E05AE009F134
:107730000409C9F800800DE0DFF8DC8008F10408D6
:10774000D8F8008028EA0008DFF8CC9009F1040995
:10775000C9F80080D1F8048008F48018B8F5801FBB
:107760000ED1DFF8B48008F10808D8F8008048EAA4
:107770000008DFF8A49009F10809C9F800800DE0BD
:10778000DFF8948008F10808D8F8008028EA00089B
:10779000DFF8849009F10809C9F80080D1F8048065
:1077A00008F40018B8F5001F0ED1DFF86C8008F15E
:1077B0000C08D8F8008048EA0008DFF85C9009F16E
:1077C0000C09C9F800800DE0DFF84C8008F10C08C6
:1077D000D8F8008028EA0008DFF83C9009F10C098D
:1077E000C9F80080521CD1F8008028FA02F8B8F1DC
:1077F000000F7FF489AEBDE8F8870000000011108B
:107800000010024000080140000C0140001001403F
:107810000014014008000140000401400246936842
:107820000B400BB1012000E0002070470AB101615C
:1078300001E00B04036170470148006870470000D5
:10784000E800002070B504460CB9012070BD4CF66C
:10785000CC402168086045F2555021680860D4E9A1
:10786000001048602168A0688860FFF7E5FF0546C2
:107870000BE0FFF7E1FF401B272806D92068C0680E
:1078800000F0030008B10320E0E72068C06800F0C2
:1078900003000028EDD14AF6AA20216808600020E4
:1078A000D4E7000003480068034909780844014907
:1078B00008607047E8000020F000002010B508487C
:1078C000006840F0100006490860032000F0CAF884
:1078D000002000F007F800F02BF8002010BD000099
:1078E0000020024070B504460E4800784FF47A71CB
:1078F000B1FBF0F00C490968B1FBF0F5284602F045
:107900008AF808B1012070BD102C07D20022214650
:10791000501E00F069F80548046001E00120F2E71C
:107920000020F0E7F000002004010020EC0000201F
:1079300008B500BF1148806940F001000F49886117
:107940000846806900F00100009000BF00BF00BF42
:107950000846C06940F08050C8610846C06900F020
:107960008050009000BF00BF00BF0549486820F06C
:10797000E06040F00070486000BF08BD00100240A9
:107980000000014010B501460846002817DB00F052
:107990001F0301229A400B4B440943F8242000BFE7
:1079A00000BF00BFBFF34F8F00BF00BF00BF00BFCD
:1079B00000BF00BFBFF36F8F00BF00BF00BF00BF9D
:1079C00010BD000080E100E001460846002809DB08
:1079D00000F01F0301229A4043099B0003F1E023BA
:1079E000C3F8002100BF70472DE9F05F80460D46C7
:1079F0001646002706F0A2FC074639462A463346BB
:107A000001F00700C0F1070ABAF1040F02D94FF0E4
:107A1000040A01E0C0F1070AD14600F1040ABAF1F4
:107A2000070F02D24FF0000A01E0A0F1030AD4468A
:107A30004FF0010A0AFA09FAAAF1010A0AEA020A4F
:107A40000AFA0CFA4FF0010B0BFA0CFBABF1010B2D
:107A50000BEA030B4AEA0B042146404606F076FC8B
:107A6000BDE8F09F00BF00F00702064B19684FF613
:107A7000FF031940044B0B4343EA0221014B1960F9
:107A800000BF70470CED00E00000FA0570B5054638
:107A90000C4604F08000802808D104F0070000EBB9
:107AA000800605F1280000EBC60105E004EB840622
:107AB00005F5B47000EBC6011AB900200873CB803D
:107AC00004E0012008730B81180C4881002070BD70
:107AD000704770B504460D4605EB850304F1280197
:107AE00001EBC3014A692946D4F8E80204F0CEFC50
:107AF00070BD70B504460D4605EB850304F5B47101
:107B000001EBC3014A692946D4F8E80204F03EFDBE
:107B100070BD70B504460E4606F0800080280AD17C
:107B200006F0070000EB800104F1280000EBC1051E
:107B30000120687009E006F0070000EB800104F501
:107B4000B47000EBC1050020687006F007002870D3
:107B500000BF94F8A802012801D1022070BD0120C5
:107B600084F8A80200BF2946206805F097FB00BFF3
:107B7000002084F8A80200BF00BFEFE770B50446FC
:107B80000E4606F00F006168884201D9012070BDE1
:107B900006F0800080280AD106F0070000EB800183
:107BA00004F1280000EBC1050120687009E006F02F
:107BB000070000EB800104F5B47000EBC105002064
:107BC00068700020A87006F00700287000BF94F8C5
:107BD000A802012801D10220D9E7012084F8A802D7
:107BE00000BF2946206805F0B5FC00BF002084F8DE
:107BF000A80200BF00BFCAE72DE9F04105460C46C8
:107C0000174607F48040002850D02868B0F850107C
:107C1000207801EBC000801C296801F5806131F8F3
:107C20001000C0F30906A069B04203D3A069801B0D
:107C3000A06101E00020A061A069A8B900BF22787E
:107C40005200296831F812104BF68F7201EA0200D7
:107C500080F4005040F4004141F0800123785B0043
:107C60002A6822F8131000BF07F04000A8B100BF37
:107C700000BF22785200296831F8121048F68F723E
:107C800001EA020040F4004141F0C00123785B00AA
:107C90002A6822F8131000BF00BF002E55D0228999
:107CA00061693346286806F0CBFA4EE02868B0F8E0
:107CB0005010207801EBC000801D296801F580611B
:107CC00031F81000C0F30906A069B04203D3A069DF
:107CD000801BA06101E00020A061A069A8B900BFDD
:107CE00022785200296831F812104BF68F7201EA9F
:107CF000020080F4005040F4004141F080012378FC
:107D00005B002A6822F8131000BF07F04000A8B9F2
:107D100000BF00BF22785200296831F8121048F6DF
:107D20008F7201EA020040F4004141F0C001237863
:107D30005B002A6822F8131000BF00BF2EB16289D1
:107D400061693346286806F07BFA3046BDE8F08169
:107D50002DE9F04705460C46904608F04000002803
:107D600071D02868B0F85010207801EBC000801C5A
:107D7000296801F5806131F81000C0F30907A06996
:107D8000B84203D9A069C01BA06101E00020A06136
:107D9000A06900287ED100BF6078C8B900BF2968FB
:107DA0002A68B2F8502011442278022303EBC20261
:107DB00001F5806303EB420000BF028848F2FF3305
:107DC0001A400280028842F40042028000BF13E0A1
:107DD0006078012810D100BF28682A68B2F85020C6
:107DE00010442278022303EBC20200F5806303EB08
:107DF000420100220A8000BF00BF00BF29686078EE
:107E000010BB00BF2B68D5F800C0BCF850C063445D
:107E100094F800C04FF0060909EBCC0C03F580691B
:107E200009EB4C0000BFB0F800C048F2FF390CEA83
:107E3000090CA0F800C0B0F800C04CF4004CA0F849
:107E400000C000BF11E0C0E0607801280DD12868B3
:107E5000B0F8500001442078062303EBC00001F580
:107E6000806303EB40020020108000BF2178284689
:107E7000FFF72FFE08F48040002816D000BF00BF97
:107E800022785200296831F8121048F68F7201EA00
:107E9000020000E00AE040F4004141F4814123780F
:107EA0005B002A6822F8131000BFCAE108F4804082
:107EB000A8B100BF00BF22785200296831F8121023
:107EC00048F68F7201EA020040F4004141F4814219
:107ED00023785B00296821F8132000BF00BF94F8C5
:107EE00024000128E1D1606938446061E0693844C8
:107EF000E0612169206A884204D32669206A801BD8
:107F000020620BE0206A20B93E46002084F824005D
:107F100004E0002084F82400266A206200BF607814
:107F2000B8BB00BF2A682968B1F850100A4421780C
:107F3000022303EBC10102F5806303EB4101084614
:107F400000BF56B9038848F2FF3C03EA0C030380E4
:107F5000038843F40043038019E03E2E0BD800BF92
:107F6000710806F0010303B1491C4FF6FF7303EAE1
:107F7000812303800BE000BF710906F01F0303B9E2
:107F8000491E4FF4004343EA8123038000BF00BF32
:107F900013E0FFE7607801280FD100BF28682A6846
:107FA000B2F8502010442278022303EBC20200F5FD
:107FB000806303EB42010E8000BF00BFB3B2228991
:107FC0006169286806F06BF93BE12868B0F8501049
:107FD000207801EBC000801D296801F5806131F82F
:107FE0001000C0F30907A069B84203D3A069C01B01
:107FF000A06101E00020A061A06900287DD100BF40
:108000006078C8B900BF29682A68B2F850201144C6
:108010002278022303EBC20201F5806303EB4200E6
:1080200000BF028848F2FF331A400280028842F4FF
:108030000042028000BF13E06078012810D100BF29
:1080400028682A68B2F8502010442278022303EBF3
:10805000C20200F5806303EB420100220A8000BFE8
:1080600000BF00BF2968607808BB00BF2B68D5F847
:1080700000C0BCF850C0634494F800C04FF006093B
:1080800009EBCC0C03F5806909EB4C0000BFB0F89C
:1080900000C048F2FF390CEA090CA0F800C0B0F8A3
:1080A00000C04CF4004CA0F800C000BF10E06078A5
:1080B00001280DD12868B0F850000144207806232B
:1080C00003EBC00001F5806303EB40020020108049
:1080D00000BF21782846FFF7FCFC08F48040002808
:1080E00016D100BF00BF22785200296831F8121063
:1080F00048F68F7201EA020000E00AE040F4004115
:1081000041F4814123785B002A6822F8131000BFF4
:1081100097E008F48040A8B900BF00BF2278520061
:10812000296831F8121048F68F7201EA020040F413
:10813000004141F4814123785B002A6822F8131042
:1081400000BF00BF94F8240001287AD16069384448
:108150006061E0693844E0612169206A884204D3A3
:108160002669206A801B20620BE0206A20B93E4607
:10817000002084F8240004E0266A0020206284F8AD
:10818000240000BF2A68607890BB00BFD5F800C00B
:108190002968B1F850108C4421784FF0060909EB9A
:1081A000C1010CF5806909EB4101084600BF76B9B1
:1081B000B0F8009048F2FF3A09EA0A09A0F80090E6
:1081C000B0F8009049F40049A0F8009020E03E2E5D
:1081D0000FD800BF710806F00109B9F1000F00D0F7
:1081E000491C4FF6FF7909EA8129A0F800900FE0B9
:1081F00010E000BF710906F01F09B9F1000F00D1AE
:10820000491E4FF4004949EA8129A0F8009000BFB7
:1082100000BF0FE0607801280CD12868B0F850004A
:1082200002442078062101EBC00002F5806101EBD9
:1082300040031E8000BFB3B262896169286806F0FE
:108240002EF800BF22785200296831F8121048F643
:10825000BF7201EA020080F0100080F0200040F4BC
:10826000004141F0800123785B002A6822F8131056
:1082700000BF0020BDE8F087024601F0070000EBD8
:10828000800302F5B47000EBC300C06970472DE9AC
:10829000F04705460E4690461F464FF0000906F08F
:1082A000800080280AD106F0070000EB800105F16C
:1082B000280000EBC1040120607009E006F007000F
:1082C00000EB800105F5B47000EBC1040020607084
:1082D00006F007002070C4F81080E770607808B1DD
:1082E0002078E081022F01D10020207100BF95F895
:1082F000A802012802D10220BDE8F087012085F8FC
:10830000A80200BF2146286804F09EFD00BF00209F
:1083100085F8A80200BF4846EEE72DE9F041054682
:108320000E461746984606F0070000EB800105F55B
:10833000B47000EBC1046761C4F818800020E061EC
:10834000607006F00700207006F0070020B9214693
:10835000286805F09AF903E02146286805F095F9A8
:108360000020BDE8F08170B504460D4605F0070019
:108370006168884201D9012070BD05F08000802825
:108380000AD105F0070000EB800104F1280000EBA2
:10839000C1060120707007E005EB850104F5B4709B
:1083A00000EBC106002070700120B07005F00700DE
:1083B000307000BF94F8A802012801D10220DBE749
:1083C000012084F8A80200BF3146206805F02FF98B
:1083D00005F0070020B904F52C71206805F0B7F806
:1083E00000BF002084F8A80200BF00BFC4E72DE949
:1083F000F04105460E4690461F4606F0070000EB8A
:10840000800105F1280000EBC104C4F81480A761C5
:10841000012084F8240027620020E06101206070C0
:1084200006F00700207006F0070020B921462868F2
:1084300005F02BF903E02146286805F026F9002015
:10844000BDE8F0817FB50446206805F0F5FE00F434
:108450000040B0F5004F02D1204602F08DFB2068AD
:1084600005F0EAFE00F48060B0F5806F0FD120685F
:10847000B0F844004FF6FF3108402168A1F84400ED
:10848000204600F09FF90021204600F0BBF920684B
:1084900005F0D2FE00F48040B0F5804F08D120688E
:1084A000B0F844004BF6FF7108402168A1F8440081
:1084B000206805F0C1FE00F40050B0F5005F08D15F
:1084C0002068B0F844004DF6FF7108402168A1F81B
:1084D0004400206805F0B0FE00F48050B0F5805FE5
:1084E0001DD12068B0F840004FF6FB7108402168AC
:1084F000A1F840002068B0F840004FF6F77108403E
:108500002168A1F84000204600F06EF92068B0F81C
:1085100044004EF6FF7108402168A1F8440020682D
:1085200005F08AFE00F40060B0F5006F55D100251B
:1085300007E06900206830F811002DF81500681C6C
:10854000C5B2082DF5D32068B0F8400040F0010016
:108550002168A1F840002068B0F840004FF6FE7195
:1085600008402168A1F8400000BF2068B0F844002E
:1085700000F480600028F8D02068B0F844004FF67E
:10858000FF3108402168A1F84400002507E03DF8CC
:1085900015006A00216821F81200681CC5B2082D78
:1085A000F5D32068B0F8400040F008002168A1F839
:1085B00040002068B0F844004FF2FF710840216885
:1085C000A1F844002068B0F8400040F004002168A1
:1085D000A1F84000204600F057F9206805F02CFE75
:1085E00000F40070B0F5007F0BD12068B0F84400B3
:1085F0004FF6FF5108402168A1F84400204600F0E2
:10860000FAF8206805F018FE00F48070B0F5807F5D
:1086100008D12068B0F844004FF6FF610840216897
:10862000A1F844007FBD30B585B0044614B90120DF
:1086300005B030BD94F8A90228B9002084F8A8023A
:10864000204600F09DF8032084F8A902206804F079
:1086500074FF142204F110016846FDF773F994E8E1
:108660000F0004F017FE20B1022084F8A9020120B7
:10867000DEE70021206805F008FE002531E0012139
:1086800005EB850204F1280000EBC200417005EB08
:10869000850104F1280000F8315005EB850100EB5D
:1086A000C100C581002105EB850204F1280000EB23
:1086B000C200C17005EB850204F1280000EBC20086
:1086C000016105EB850204F1280000EBC200416165
:1086D00005EB850204F1280000EBC2008161681CF3
:1086E000C5B26068A842CAD800252AE0002105EB7F
:1086F000850204F5B47000EBC200417005EB850102
:1087000004F5B47000F83150002105EB850200EB50
:10871000C200C17005EB850204F5B47000EBC20025
:10872000016105EB850204F5B47000EBC200416104
:1087300005EB850204F5B47000EBC2008161681C92
:10874000C5B26068A842D1D8142204F1100168466D
:10875000FDF7F8F894E80F0004F0E4FE20B10220E1
:1087600084F8A902012063E7002084F82400012096
:1087700084F8A902206804F0D2FE002058E7000027
:1087800038B504460D492068884215D100BF0C4811
:10879000C06940F400000A49C8610846C06900F495
:1087A0000000009000BF00BF002211461420FFF718
:1087B0001BF91420FFF708F938BD0000005C0040E9
:1087C0000010024070B504460125A068022801D0BF
:1087D000FDF714FD2946D4F8E80204F00BF8D4F8AC
:1087E000E80203F0BDFF70BD10B50446D4F8E802FE
:1087F00003F0E4FF10BD10B50446D4F8E80203F01E
:10880000E8FF10BD70B504460D4600BF94F8A802FD
:10881000012801D1022070BD012084F8A80200BF08
:1088200084F824502946206805F032FD00BF00205E
:1088300084F8A80200BF00BFEDE710B5044604F5B8
:108840002C71D4F8E80203F0ECFF10BD10B504461B
:1088500000BF94F8A802012801D1022010BD012018
:1088600084F8A80200BF206805F0D4FC012120464E
:10887000FFF72EF9206804F04FFE00BF002084F8B7
:10888000A80200BF00BFE9E710B50446D4F8E8022B
:1088900004F020F8A06928B10348006840F0060001
:1088A0000149086010BD000010ED00E00120014901
:1088B0000862704700000E422DE9F04385B006467D
:1088C0003BA30FCB01AC0FC43DA0006800904FF05C
:1088D0000008002500270024A146012E30D0022EDA
:1088E00055D0102E5ED137484468006800F0807083
:1088F00000B301A8C4F38341475C04F4803070B135
:1089000030484068C0F340401DF8008004F48030D7
:1089100040B12D48B0FBF8F000FB07F502E02B4812
:1089200007FB00F52748406800F48000B0F5800F91
:1089300001D1A94603E068000321B0FBF1F932E060
:108940002048046A04F44070B0F5807F05D104F03B
:10895000020010B14FF4004918E004F44070B0F583
:10896000007F07D11748406A00F0020010B149F6B5
:1089700040490BE004F44070B0F5407F06D1114847
:10898000006800F4003008B14FF224490BE000F019
:108990009BF90C494968C1F38131491C4900B0FB7E
:1089A000F1F900E000BF00BF484605B0BDE8F08324
:1089B00002030405060708090A0B0C0D0E0F101020
:1089C000010200000010024000127A0000093D0080
:1089D000F8B5044600260025207800F001000028A4
:1089E0006BD000274348C06900F0805070B900BFC9
:1089F0004048C06940F080503E49C8610846C0699F
:108A000000F08050009000BF00BF01273A48006886
:108A100000F48070B0B93848006840F4807036497E
:108A20000860FEF709FF064606E0FEF705FF801B1B
:108A3000642801D90320F8BD2F48006800F4807035
:108A40000028F2D02B48006A00F440752DB3A088AE
:108A500000F44070A84220D02648006A20F44075F7
:108A6000012026490860002008602248056205F0C0
:108A7000010090B1FEF7E0FE064608E0FEF7DCFEDE
:108A8000801B41F28831884201D90320D3E719487D
:108A9000006A00F002000028F0D01648006A20F4B6
:108AA00040706168084313490862012F04D10846E9
:108AB000C06920F08050C86100BF207800F002003B
:108AC000022807D10B48406820F44040A1680843C1
:108AD00008494860207800F01000102807D10548A8
:108AE000406820F48000E1680843024948600020A3
:108AF000A1E7000000100240007000404004424224
:108B00007047000070B504460D460CB9012070BDD9
:108B10005A48006800F00700A8420ED25748006883
:108B200020F007002843554908600846006800F017
:108B30000700A84201D00120E9E7207800F00200F8
:108B400002281DD1207800F00400042805D14C48EB
:108B5000406840F4E0604A494860207800F008002E
:108B6000082805D14648406840F4605044494860B0
:108B70004348406820F0F000A1680843404948603D
:108B8000207800F0010078B36068012806D13C48E5
:108B9000006800F4003090B90120B8E7606802284E
:108BA00006D13748006800F0007040B90120AEE7F8
:108BB0003348006800F0020008B90120A7E73048F8
:108BC000406820F00300616808432D494860FEF7C3
:108BD00033FE064609E0FEF72FFE801B41F2883186
:108BE000884202D9032092E707E02548406800F058
:108BF0000C006168B0EB810FEDD12048006800F0F7
:108C00000700A8420ED91D48006820F0070028433D
:108C10001A4908600846006800F00700A84201D021
:108C2000012074E7207800F00400042807D11448DC
:108C3000406820F4E060E16808431149486020780A
:108C400000F00800082808D10D48406820F4605062
:108C5000216940EAC1000A49486000F045F8084926
:108C60004968C1F30311074A515CC84006490860CE
:108C700006480068FEF736FE002048E70020024064
:108C80000010024010F8000804010020EC00002051
:108C900001200149C8647047000042420148006851
:108CA000704700000401002000B5FFF7F7FF0449FA
:108CB0004968C1F30221034A515CC84000BD00006D
:108CC0000010024020F8000800B5FFF7E7FF044954
:108CD0004968C1F3C221034A515CC84000BD00008D
:108CE0000010024020F80008F0B585B00FF26C0CBF
:108CF0009CE8E01001A8A0E8E0101CA52D680095F4
:108D000000210022002300240020194D696801F091
:108D10000C05F5B1042D02D0082D19D101E015483C
:108D200019E001ADC1F38346AC5D01F4803555B166
:108D30000F4D6D68C5F340451DF805200D4D654389
:108D4000B5FBF2F302E00C4D04FB05F3184602E01C
:108D500000BF084800BF00BF05B0F0BD0203040516
:108D6000060708090A0B0C0D0E0F10100102000077
:108D70000010024000127A0000093D0010B50648BC
:108D8000806800F08000802804D1FFF7B9FE8020C1
:108D90000149887210BD000000100240F8B5044679
:108DA0000CB90120F8BD207800F00100002878D02F
:108DB000F848406800F00C0004280CD0F5484068E2
:108DC00000F00C00082811D1F248406800F480300F
:108DD000B0F5803F0AD1EF48006800F40030002869
:108DE0005FD0606800285CD10120DBE700BF6068CD
:108DF000B0F5803F06D1E748006840F48030E5498F
:108E0000086028E0606858B9E248006820F48030C3
:108E1000E04908600846006820F4802008601AE0F5
:108E20006068B0F5A02F0BD1DA48006840F48020CC
:108E3000D84908600846006840F4803008600AE0BD
:108E4000D448006820F48030D249086008460068A1
:108E500020F48020086000BF606888B1FEF7ECFC59
:108E6000054606E0FEF7E8FC401B642801D9032014
:108E700098E7C848006800F400300028F2D010E0FD
:108E8000FEF7DAFC054606E0FEF7D6FC401B642838
:108E900001D9032086E7BF48006800F400300028AD
:108EA000F2D1207800F00200022857D1B94840687A
:108EB00000F00C0050B1B748406800F00C000828E2
:108EC00018D1B448406800F4803098B9B1480068BF
:108ED00000F0020020B12069012801D0012061E7E3
:108EE000AC48006820F0F800616940EAC100A94977
:108EF000086033E02069E8B10120A7490860FEF767
:108F00009BFC054606E0FEF797FC401B022801D9B2
:108F1000032047E79F48006800F002000028F2D0D5
:108F20009C48006820F0F800616940EAC100994956
:108F3000086013E0002098490860FEF77DFC0546B4
:108F400006E0FEF779FC401B022801D9032029E73F
:108F50009048006800F002000028F2D1207800F06C
:108F6000080008282DD1A069B8B101208B490860FC
:108F7000FEF762FC054606E0FEF75EFC401B022899
:108F800001D903200EE78348406A00F00200002860
:108F9000F2D0012001F0FAFF13E000207F490860C1
:108FA000FEF74AFC054606E0FEF746FC401B022899
:108FB00001D90320F6E67748406A00F00200002855
:108FC000F2D1207800F00400042873D10027714802
:108FD000C06900F0805070B900BF6E48C06940F0B1
:108FE00080506C49C8610846C06900F0805000900C
:108FF00000BF00BF01276A48006800F48070B0B964
:109000006748006840F4807065490860FEF714FC0A
:10901000054606E0FEF710FC401B642801D903203A
:10902000C0E65F48006800F480700028F2D000BFFE
:10903000E068012806D15748006A40F00100554910
:10904000086227E0E06858B95248006A20F0010041
:10905000504908620846006A20F00400086219E0DE
:10906000E06805280BD14B48006A40F004004949EC
:1090700008620846006A40F0010008620AE04548BC
:10908000006A20F00100434908620846006A20F0A7
:109090000400086200BFE068A0B1FEF7CDFB054602
:1090A00009E0FEF7C9FB401B41F28831884202D932
:1090B000032077E622E03748006A00F0020000282B
:1090C000EFD012E0FEF7B8FB054608E0FEF7B4FB70
:1090D000401B41F28831884201D9032062E62D48C5
:1090E000006A00F002000028F0D1012F05D12948C4
:1090F000C06920F080502749C86100BFE069C8B34B
:109100002448406800F00C00082860D0E06902287C
:1091100048D1002020490866FEF78EFB054606E090
:10912000FEF78AFB401B022801D903203AE61948C2
:10913000006800F000700028F2D1206AB0F5803F8E
:1091400007D11448406820F40030A1680843114951
:109150004860D4E9080108430E49496821F47411B4
:1091600008430C49486001200B490866FEF764FB80
:10917000054607E03DE0FEF75FFB401B022801D9F2
:1091800003200FE60348006800F000700028F2D0CA
:109190002FE00000001002400000424280044242E2
:1091A00000700040002014490866FEF745FB0546A4
:1091B00006E0FEF741FB401B022801D90320F1E540
:1091C0000E48006800F000700028F2D111E0E0695C
:1091D000012800D1E6E50948466806F48031206A96
:1091E000814204D106F47011606A814201D00120ED
:1091F000D8E50020D6E50000000042420010024001
:109200002DE9F04780460E469246002500270024AF
:10921000A146404601F013FF81462548B9FBF0F412
:1092200024480068A04240D02248046040F2B27551
:109230000EE0284605F0DAFA012806D1B4F5B77F2A
:1092400002D3A4F5B77402E005E0A4F26D146D1C1E
:10925000B4F5B67FEDD800BF2F46A5F5FA60F070E3
:10926000002515E0012D09D1384605F0BFFA012887
:1092700004D11D2C01D31D3C09E00BE00E48405DDC
:10928000A04203D80C48405D241A00E002E06D1CA7
:109290001C2CE7D200BF681C7070601CB070B278E4
:1092A0007178F07801F0E5FE30700020BDE8F087BD
:1092B000805101000001002004F800082DE9F0476A
:1092C00007460C4691460026B0460025386840689F
:1092D000C0F3800010B10120BDE8F087384601F0EE
:1092E000AEFE06464FF46160B6FBF0F5B6FBF0F15A
:1092F00000FB11603C21B0FBF1F060704FF4616045
:10930000B6FBF0F100FB11603C21B0FBF1F201FB78
:109310001200A0701820B5FBF0F100FB1150207076
:10932000182D08D31820B5FBF0F8B5FBF0F100FBC1
:109330001150207000E025700020CDE770B5044684
:1093400000250CB9012070BD607C20B9002020747C
:10935000204600F05BF802206074204600F085F99A
:1093600018B1042060740120EDE7204601F02DFEC5
:1093700018B1042060740120E5E72068406820F0FF
:10938000070021684860A06828B11F48006820F0E5
:1093900001001D4908601C48001F006820F460702F
:1093A000A16808431849091F08606068401C08B19B
:1093B000656809E00120FFF77FFA05461DB9042022
:1093C00060740120BFE76D1E2068806820F00F00E8
:1093D00040EA1540216888602068C06865F30F0086
:1093E0002168C860204601F00DFE18B104206074A9
:1093F0000120A8E70021E17301216173A17301201D
:10940000607400209FE70000306C004038B50446CF
:109410000B492068884212D1FFF748FA00BF09487B
:10942000C06940F000600749C8610846C06900F0A3
:109430000060009000BF00BF01200349086038BDF4
:1094400000280040001002403C0442422DE9F04F49
:1094500087B006460F464FF0000900200690804670
:109460000024059004900390824600BF48A207CADA
:109470008DE80700304601F0E2FD81464FF461605F
:10948000B9FBF0F006904FF46160B9FBF0F100FB1E
:1094900011903C21B0FBF1F0C0B204904FF4616038
:1094A000B9FBF0F100FB11903C21B0FBF1F201FBA4
:1094B0001200039018210698B0FBF1F201FB120094
:1094C0000590F87800F5FA6840F63300804500D939
:1094D000804640F2B270804500D2804640F2B275BC
:1094E0000AE0284605F082F9012802D12B480444FD
:1094F00001E02B4804446D1C4545F2D397F801A0C8
:10950000404605F073F9012804D1BAF1020F01D9E0
:1095100024480444AAF1010A002507E01DF80500CB
:1095200040F2A321484304EBC0146D1C5545F5D30C
:1095300097F802B0ABF1010040F2A321484304EBDD
:10954000C0140598C0EB4011C1EB002004EB0014DF
:109550000498C0EB001004EB80040398044400BF9F
:10956000307C012803D1022007B0BDE8F08F012034
:10957000307400BF022070742146304601F0BBFDFC
:109580000120707400BF0020307400BF00BFEBE703
:109590001F1C1F1E1F1E1F1F1E1F1E1F0085E201F6
:1095A0008033E101805101002DE9F05F04460D4652
:1095B000904600260027B146B246204601F03FFD06
:1095C00007464FF46160B7FBF0F9B9F1180F0AD301
:1095D0001820B9FBF0FA0AEB4A00C0004FF46161B1
:1095E00000FB01F700E0002700BF207C012802D12A
:1095F0000220BDE8F09F0120207400BF02206074AB
:10960000B8F1000F0BD128784FF4616148436978B5
:10961000C1EB011100EB8100A978461812E028780F
:1096200001F0C8FC4FF4616100FB01FB687801F0B8
:10963000C1FCC0EB00100BEB800BA87801F0BAFC6A
:109640000BEB00063E443146204601F054FD2068F5
:10965000406820F00500216848600120607400BF68
:109660000020207400BF00BFC3E770B5044600258A
:109670000CB9012070BD2068406820F00800216806
:109680004860FEF7D9F8054607E0FEF7D5F8401B1D
:10969000B0F57A7F01D90320ECE72068406800F03C
:1096A00008000028F1D00020E4E710B504460CB90A
:1096B000012010BD606A38B96068B0F5827F00D1C2
:1096C00005E00021E16102E00021216161610021EA
:1096D000A16294F8510028B9002084F85000204677
:1096E00000F042F8022084F851002068006820F061
:1096F000400021680860A08800F48270218901F48C
:1097000004410843A18901F400610843217C01F070
:1097100002010843217D01F001010843218B01F47E
:1097200000710843217F01F0380108432021095DC1
:1097300001F080010843218D01F4005108432168A4
:1097400008600421A06901EA10402168486020688F
:10975000C06920F400602168C861002060650120B4
:1097600084F851000020A4E710B586B0044600201C
:1097700002900390049005901949206888422DD1E9
:1097800000BF1848806940F4805016498861084637
:10979000806900F48050019000BF00BF00BF084600
:1097A000806940F0040088610846806900F0040088
:1097B000019000BF00BFA020029002200390032070
:1097C000059002A90848FDF799FE4020029000206C
:1097D0000390049002A90448FDF790FE06B010BD66
:1097E0000030014000100240000801402DE9FF5FF9
:1097F0000446884691461D460E9E01200290002098
:10980000019000BF94F85000012803D1022004B059
:10981000BDE8F09F012084F8500000BFFEF70CF86F
:10982000074694F851B060680390AA46BBF1010F57
:109830000BD00398B0F5827F04D1A06810B9BBF1BA
:10984000040F02D002200190DBE0B8F1000F03D03A
:10985000B9F1000F00D015B901200190D1E094F8C2
:109860005100042802D0052084F8510000206065D2
:10987000C4F83890E587A587C4F83080E586A586CA
:10988000206460642068006800F04000402805D033
:109890002068006840F0400021680860E068B0F58A
:1098A000006F4AD1606810B1BAF1010F09D1206B85
:1098B00000882168C860206B801C2063E08E401EF9
:1098C000E08633E02068806800F00200022810D1B2
:1098D000E08E70B1029801280BD1206B00882168BE
:1098E000C860206B801C2063E08E401EE086002054
:1098F00002902068806800F0010068B1E08F58B1E4
:109900002068C068A16B0880A06B801CA063E08FFA
:10991000401EE08701200290FDF78EFFC01BB04281
:1099200004D3701C10B1032001906AE0E08E00287F
:10993000C8D1E08F0028C5D14AE0606810B1BAF103
:10994000010F09D1206B007821680873206B401C3F
:109950002063E08E401EE08634E02068806800F0DE
:109960000200022810D1E08E70B1029801280BD1BC
:10997000206B007821680873206B401C2063E08E08
:10998000401EE086002002902068806800F0010000
:1099900068B1E08F58B12068C068A16B0870A06BF7
:1099A000401CA063E08F401EE08701200290FDF77D
:1099B00043FFC01BB04201D3701C00B916B903208D
:1099C00001901EE0E08E0028C7D1E08F0028C4D1AE
:1099D0003A463146204601F0C1FB20B101200190FA
:1099E000202060650DE0A06850B900BF0020009005
:1099F0002068C068009020688068009000BF00BFA9
:109A000000BF012084F8510000BF002084F85000FE
:109A100000BF0198FBE670B504462546681EB0F10C
:109A2000807F01D301200FE0681E4FF0E0214861E4
:109A30000F214FF0FF3004F089FC00204FF0E021AF
:109A4000886107200861002070BD704770470000E2
:109A500030B502460B4600BF92F83C00012801D108
:109A6000022030BD012082F83C0000BF022082F8B5
:109A70003D00106844681068816824F0700418681C
:109A8000044310684460104D1068A8420BD0106861
:109A9000B0F1804F07D00D4D1068A84203D00C4D97
:109AA0001068A84205D121F0800158680143106870
:109AB0008160012082F83D0000BF002082F83C0058
:109AC00000BF00BFCDE70000002C014000040040B3
:109AD0000008004010B504460CB9012010BD94F8F0
:109AE0003D0028B9002084F83C00204600F026F80C
:109AF000022084F83D00211D206801F0C3FD0120F3
:109B000084F8460000BF84F83E0001213F20015543
:109B1000402001554120015500BF00BF012084F8BD
:109B2000420043200155442001554520015500BF06
:109B3000012084F83D000020D0E7000038B504463D
:109B40000D492068884215D100BF0C48C06940F01B
:109B500002000A49C8610846C06900F0020000908E
:109B600000BF00BF002211461D20FDF73DFF1D2054
:109B7000FDF72AFF38BD000000040040001002403D
:109B8000014691F83D00012801D0012070470220D4
:109B900081F83D00124B086898420BD00868B0F17C
:109BA000804F07D00F4B0868984203D00E4B0868CF
:109BB00098420CD10868806800F00702062A0CD091
:109BC0000868006840F001000B68186005E008684C
:109BD000006840F001000B6818600020D6E7000024
:109BE000002C014000040040000800402DE9F04135
:109BF00004460D4600BF94F83C00012802D1022023
:109C0000BDE8F081012084F83C0000BF022084F808
:109C10003D002068866826F0770626F47F46206897
:109C200086602868502833D00CDC202850D004DC13
:109C300000284BD0102851D149E0302849D0402885
:109C40004CD139E060282DD0702807D0B0F5805F66
:109C500003D0B0F5005F41D10DE040E0D5E902133B
:109C60006A68206801F048FD2068866846F077063B
:109C70002068866033E0D5E902136A68206801F045
:109C80003BFD2068806840F480402168886026E0C1
:109C9000EA686968206801F043FD5021206801F0FE
:109CA00036FD1CE0EA686968206801F04CFD60211F
:109CB000206801F02CFD12E0EA686968206801F074
:109CC0002FFD4021206801F022FD08E000BF00BF09
:109CD00000BF2968206801F01AFD00E000BF00BF46
:109CE000012084F83D0000BF002084F83C0000BF44
:109CF00000BF85E7704710B5044620680069C0F3CF
:109D00004000D8B12068C068C0F34000B0B16FF027
:109D1000020021680861012020772068806900F036
:109D2000030018B12046FFF7E5FF05E0204600F0EC
:109D3000ADF8204600F0ABF80020207720680069DD
:109D4000C0F38000D8B12068C068C0F38000B0B113
:109D50006FF0040021680861022020772068806984
:109D600000F4407018B12046FFF7C4FF05E020461C
:109D700000F08CF8204600F08AF800202077206858
:109D80000069C0F3C000D8B12068C068C0F3C0004B
:109D9000B0B16FF0080021680861042020772068C6
:109DA000C06900F0030018B12046FFF7A3FF05E0EB
:109DB000204600F06BF8204600F069F8002020777C
:109DC00020680069C0F30010D8B12068C068C0F3F3
:109DD0000010B0B16FF010002168086108202077F2
:109DE0002068C06900F4407018B12046FFF782FF78
:109DF00005E0204600F04AF8204600F048F8002030
:109E000020772068006900F0010058B12068C06820
:109E100000F0010030B16FF00100216808612046B8
:109E200000F036F820680069C0F3C01058B120680F
:109E3000C068C0F3C01030B16FF0800021680861C5
:109E40002046FFF702FE20680069C0F3801058B179
:109E50002068C068C0F3801030B16FF04000216806
:109E60000861204600F020F820680069C0F3401027
:109E700058B12068C068C0F3401030B16FF02000C6
:109E8000216808612046FFF7E1FD10BD704770476B
:109E900010B5044603492068884201D101F00CFA4C
:109EA00010BD00000004004070477047704700007C
:109EB0002DE9F84F0446206805682068C6682068C8
:109EC00047694FF00009CA4605F00F09B9F1000FC4
:109ED0000AD105F0200038B106F0200020B120465C
:109EE00001F07AFCBDE8F88FB9F1000F71D007F0EE
:109EF000010018B906F4907000286AD005F001003E
:109F000030B106F4807018B1206C40F0010020647C
:109F100005F0040030B107F0010018B1206C40F0EA
:109F20000200206405F0020030B107F0010018B112
:109F3000206C40F00400206405F0080048B106F0F1
:109F4000200010B907F0010018B1206C40F00800A3
:109F50002064206C68B305F0200028B106F02000D2
:109F600010B1204601F038FC20684069C0F3801A27
:109F7000206C00F0080010B9BAF1000F22D0204682
:109F800001F0FFFB2068406900F04000B0B120689C
:109F9000406920F0400021684861A06B50B15648EC
:109FA000A16B4863A06BFDF7EFF810B1A06B416B9C
:109FB00088470CE02046FFF779FF08E02046FFF7CE
:109FC00075FF04E02046FFF771FF0020206489E759
:109FD000FFE7206B012878D105F01000002874D02D
:109FE00006F01000002870D000BF0020009020680C
:109FF0000068009020684068009000BF00BF2068A3
:10A00000406900F04000C0B3A06B006840681FFAD0
:10A0100080F8B8F1000F2FD0A08D40452CDDA4F8BA
:10A020002E80A06B806920281FD02068C06820F493
:10A0300080702168C8602068406920F001002168B4
:10A0400048612068406920F0400021684861202074
:10A0500084F83E00002020632068C06820F01000D3
:10A060002168C860A06BFDF763F8A08DE28D801AAF
:10A0700081B22046FFF719FF34E7FFE7A08DE18D9D
:10A08000401A1FFA80F8E08DE8B1B8F1000F1AD03D
:10A090002068C06820F490702168C860206840691A
:10A0A00020F0010021684861202084F83E00002053
:10A0B00020632068C06820F010002168C860414615
:10A0C0002046FFF7F2FE0DE7FFE705F0800030B114
:10A0D00006F0800018B1204601F06EFC02E705F0A2
:10A0E000400030B106F0400018B1204601F064FB9A
:10A0F000F8E600BFF6E600006FB7000810B50446AA
:10A100000CB9012010BDA06900B100E000BF94F8B7
:10A110003D0028B9002084F83C00204600F028F8D3
:10A12000242084F83D002068C06820F40050216895
:10A13000C860204601F0C2FB2068006920F490400E
:10A14000216808612068406920F02A002168486180
:10A150002068C06840F400502168C8600020206476
:10A16000202084F83D0084F83E000020CAE700006B
:10A1700010B586B00446002002900390049005902C
:10A180005D49206888423FD100BF5C48806940F447
:10A1900080405A4988610846806900F480400190F7
:10A1A00000BF00BF00BF0846806940F0080088611A
:10A1B0000846806900F00800019000BF00BF402001
:10A1C0000290022003900320059002A94C48FDF75D
:10A1D00095F98020029000200390049002A948483D
:10A1E000FDF78CF900BF4749486840F0E06040F057
:10A1F0000400486000BF002211462520FDF7F4FB53
:10A200002520FDF7E1FB75E03F492068884236D103
:10A2100000BF3A48C06940F400303849C861084678
:10A22000C06900F40030019000BF00BF00BF0846C5
:10A23000806940F0040088610846806900F00400ED
:10A24000019000BF00BF0420029002200390032071
:10A25000059002A92D48FDF751F908200290002031
:10A260000390049002A92948FDF748F900221146FD
:10A270002620FDF7B9FB2620FDF7A6FB3AE024498E
:10A280002068884236D100BF1C48C06940F4802055
:10A290001A49C8610846C06900F48020019000BFD7
:10A2A00000BF00BF0846806940F00800886108468A
:10A2B000806900F00800019000BF00BF08150290FF
:10A2C000022003900320059002A90D48FDF716F91E
:10A2D0004FF40060029000200390049002A9084807
:10A2E000FDF70CF9002211462720FDF77DFB272002
:10A2F000FDF76AFB06B010BD0038014000100240B7
:10A30000000C0140000001400044004000080140F2
:10A310000048004070472DE9F84F04460E461746A6
:10A3200099464FF0000A94F83D0020285AD106B112
:10A3300017B90120BDE8F88F00BF94F83C00012850
:10A3400001D10220F6E7012084F83C0000BF002084
:10A350002064212084F83D00FDF76EFA8246A78430
:10A36000E784A068B0F5805F04D1206910B90025AA
:10A37000B04602E035464FF0000800BF002084F8E8
:10A380003C0000BF1BE05346002280212046CDF850
:10A39000009001F041FB08B10320CBE745B9B8F8C4
:10A3A0000000C0F308002168486008F1020803E0DB
:10A3B0002878216848606D1CE08C401EE084E08CA9
:10A3C0000028E0D15346002240212046CDF80090DD
:10A3D00001F022FB08B10320ACE7202084F83D0007
:10A3E0000020A7E70220A5E77047000006E004A0D0
:10A3F00005F000F8FE210A2004F004FCF7E7000055
:10A400007B22526563697665223A7B2253746174BC
:10A410007573223A37307D7D0A00000030B59DB05B
:10A4200004460D467022284901A8FBF78BFA332D0C
:10A4300037D006DC102D0BD0122D3AD0142D40D180
:10A4400017E0352D1DD0372D0BD0392D39D120E017
:10A45000A006010E1D4B01AA602000F0ABF81DB054
:10A4600030BDA006010E194B05AA612000F0A2F82C
:10A47000F5E7A006010E154B09AA602000F09AF836
:10A48000EDE7A006010E114B0DAA612000F092F835
:10A49000E5E7A006010E0D4B11AA612000F08AF835
:10A4A000DDE7A006010E094B15AA612000F082F835
:10A4B000D5E7A006010E054B19AA602000F07AF836
:10A4C000CDE70120CBE7000028F80008181C002089
:10A4D00070B504460D462946204600F0EDF870BDE3
:10A4E00070B505460026002404E000200E490855FA
:10A4F000601CC4B20A2CF8DB0B4800F092F808B1DB
:10A500004E2070BD084800F010F908B94E20F8E759
:10A51000002404E00448005D2855601CC4B2042CEB
:10A52000F8DB0020EDE70000181C002030B50B46DA
:10A53000002100BF16E00A24B4EB107F05D93024B7
:10A5400004EB107403F8114005E0412404EB10748F
:10A550000A3C03F81140000100254C00641C1D5505
:10A560004C1CE1B29142E6DB30BD2DE9FC410446D2
:10A57000002700210D2003F0B5FE9320207020203D
:10A58000607001A823460222214600900C2000F0B2
:10A59000F9F806465EB9002503E0605D4740681C97
:10A5A000C5B2042DF9DB605DB84200D0022630460A
:10A5B000BDE8FC812DE9F04385B006460F46904684
:10A5C00099468DF804608DF80570002406E018F8AF
:10A5D000041001AAA01C1154601CC4B2062CF6DBA6
:10A5E000002407E019F8041001AA04F1080011542E
:10A5F000601CC4B2042CF5DB04A801AB0C2201A939
:10A6000000900E2000F0BEF805462DB9082000F09D
:10A6100089FD00F0080000B90225284605B0BDE814
:10A62000F08370B5044608210846FBF7C1FD2146BA
:10A63000522000F05CF805461DB92046FFF795FF53
:10A640000546284670BD000010B5012210211848AB
:10A65000FDF7ECF8002201211648FDF7E7F801208C
:10A66000FCF7EAFD012211461248FDF7DFF8012050
:10A67000FCF7E2FD00F053F88D212A2003F032FEB2
:10A680003E212B2003F02EFE1E212D2003F02AFE5A
:10A6900000212C2003F026FE4021152003F022FE8D
:10A6A0003D21112003F01EFEFBF77FFC10BD0000D2
:10A6B00000080140000C01407CB505460C463020E6
:10A6C00020706570A21C02212046FBF73FFD01A807
:10A6D00023460422214600900C2000F053F8064641
:10A6E00016B90198902800D0022630467CBD7CB572
:10A6F00006460C4607210D2003F0F4FD267001A844
:10A7000023460122214600900C2000F03BF805462C
:10A7100015B90198102800D0022528467CBD10B537
:10A720000F21012003F0DEFD10BDF0B585B0074616
:10A7300093208DF8040070208DF80500002405E0BA
:10A74000395D01AAA01C1154601CC4B2052CF7DBB2
:10A750000DF10B02072101A8FBF7F8FC04A801ABDF
:10A76000092201A900900C2000F00CF805462DB933
:10A770000498182802D19DF8046000E000263046B5
:10A7800005B0F0BD2DE9FE4F0646884691469A4633
:10A79000DDF830B0022002900020019000900C2ED5
:10A7A00006D00E2E09D1122001901020009005E055
:10A7B000772001903020009000E000BF00BF01989A
:10A7C00040F08001022003F08DFD80210420FBF782
:10A7D000EFFC80210A2000F042FD0021012003F05F
:10A7E00081FD002505E018F80510092003F07AFD29
:10A7F0006D1C4D45F7D33146012003F073FD0C2E3F
:10A8000003D180210D2000F02AFD4FF4FA6500BF2E
:10A81000042000F087FC04466D1E35B104F00100F1
:10A8200018B9009820400028F2D080210D20FBF7B5
:10A83000BFFC95B3062000F075FC00F01B0068BB60
:10A84000002002900198204000F0010008B1012092
:10A8500002900C2E24D10A2000F064FC04460C2047
:10A8600000F060FC00F007072FB1601E07EBC0008E
:10A87000CBF8000002E0E000CBF8000004B90124AE
:10A88000102C00DD1024002505E0092000F04AFC12
:10A890000AF805006D1CA542F7D301E002200290E2
:10A8A0000298BDE8FE8F000000B585B00020019041
:10A8B00002900390049000BF3548806940F010007A
:10A8C000334988610846806900F01000009000BF9D
:10A8D00000BF00BF0846806940F02000886108463C
:10A8E000806900F02000009000BF00BF00BF084654
:10A8F000806940F0040088610846806900F0040027
:10A90000009000BF00BF00BF0846806940F008000B
:10A9100088610846806900F00800009000BF00BF11
:10A9200000224FF4E2611B48FCF780FF002209215E
:10A930001948FCF77BFF4FF4E26001900120029080
:10A94000002003900320049001A91248FCF7D6FDD3
:10A950000920019001200290002003900220049021
:10A9600001A90D48FCF7CAFDC02001900B480290D8
:10A970000020039001A90848FCF7C0FD0022114601
:10A980001720FDF731F81720FDF71EF805B000BDC0
:10A990000010024000080140000C014000001110AE
:10A9A00010B50748074908600620486040F6FF7167
:10A9B00004488160FCF746FF08B1FBF71FFC10BD9F
:10A9C00000300040580800201CB500200190009085
:10A9D0000748084908604FF0FF3048604FF4807125
:10A9E00004488160FEF7AAFC08B1FBF707FC1CBD18
:10A9F000002800406408002010B50F480F49086087
:10AA00004FF48270486000210C488160C160016190
:10AA100041614FF4007181612821C161002101620F
:10AA200041624FF4005181620921C162FEF73DFE8F
:10AA300008B1FBF7E3FB10BD0030014078080020AF
:10AA400000B587B000200390049005900690019017
:10AA5000029014481449086040F2DB50486000211D
:10AA6000114881600121C160002101618161FFF70E
:10AA700031F808B1FBF7C2FB4FF48050039003A9F3
:10AA80000948FFF7B3F808B1FBF7B8FB00200190C5
:10AA9000029001A90448FEF7DBFF08B1FBF7AEFB0B
:10AAA00007B000BD00040040D008002010B50B48DE
:10AAB0000B4908604FF4E13048600021084881608C
:10AAC000C16001610C21416100218161C161FFF719
:10AAD00015FB08B1FBF792FB10BD000000440040DD
:10AAE0005C0900201FB500200090019002900390A7
:10AAF0004FF480500090012001900220029003202A
:10AB0000039069461448FCF7F9FC00224FF4805189
:10AB10001148FCF78BFE6420FCF78EFB00220F49E6
:10AB20000F4801F074FC08B1FBF768FB0D490C48B5
:10AB300001F006FF08B1FBF761FB0B49084801F083
:10AB40000CF908B1FBF75AFB054801F0C3FF08B147
:10AB5000FBF754FB1FBD00000008014080000020EF
:10AB6000E409002018010020D800002000BFFEE703
:10AB7000FEF704F900BFFEE72DE9F0470546EAE1DC
:10AB80002868B0F844A00AF00F06002E7ED10AF023
:10AB90001000B0BB00BF2968098848F60F7201EAAF
:10ABA000020040F400412A68118000BF05F128042A
:10ABB0002868B0F85010207801EBC000801C29688C
:10ABC00001F5806131F81000C0F30900E061E1692E
:10ABD00060690844606100212846FCF77AFF95F817
:10ABE00024000028CBD0A0690028C8D195F8240003
:10ABF00040F080002968A1F84C00002085F824006E
:10AC0000A9E1FFE705F5B4742868B0F8008008F4FE
:10AC1000006030B32868B0F85010207801EBC00015
:10AC2000801D296801F5806131F81000C0F309002A
:10AC3000E061A18B8BB2E28805F52C71286803F0E6
:10AC4000FFFA00BF2968098840F68F7201EA020006
:10AC500040F080012A68118000BF2846FDF7EDFD15
:10AC600079E108F40040002889D000BF29680988EC
:10AC700040F68F7201EA020040F080012A681180DC
:10AC800000BF2868B0F85010207800E06FE001EBBA
:10AC9000C000801D296801F5806131F81000C0F303
:10ACA0000900E061E06990B1606980B1B4F81CC04E
:10ACB0001FFA8CF3E2886169286803F0C1FAE16940
:10ACC00060690844606100212846FCF712FF28688B
:10ACD000008800F40060002892D100BF2A6829682B
:10ACE000B1F850100A4402F20C41084600BF236933
:10ACF00053B9038848F2FF3C03EA0C03038003883E
:10AD000043F4004303801EE023693E2B0DD800BFAF
:10AD100023695908237C03F0010303B1491C4FF652
:10AD2000FF7303EA812303800DE000BF2369590903
:10AD3000237C03F01F0303B9491E4FF4004343EA89
:10AD40008123038000BF00BF00BF00BF29680988BE
:10AD50004BF68F7201EA020080F4805080F40050BC
:10AD600040F4004141F080012A681180F3E0710055
:10AD7000286830F8118008F4004000287ED000BF19
:10AD80007200296831F8121040F68F7201EA020051
:10AD900040F0800173002A6822F8131000BF06EB10
:10ADA000860105F5B47000EBC104207BB0B92868BA
:10ADB000B0F85010207801EBC000801D296801F523
:10ADC000806131F81000C0F30907002F5BD0E288E2
:10ADD00061693B46286803F033FA54E0E0780228C2
:10ADE00006D1424621462846FCF706FF07464AE0C0
:10ADF00000BF00BF22785200296831F8121048F6CF
:10AE00008F7201EA020040F4004141F0C001237852
:10AE10005B002A6822F8131000BF00BF21784900A8
:10AE2000286830F8110000F48040A8B12868B0F814
:10AE30005010207801EBC000801C296801F580616A
:10AE400031F81000C0F30907EFB1228961693B4670
:10AE5000286803F0F5F916E02868B0F8501020785B
:10AE600001EBC000801D296801F5806131F81000F8
:10AE7000C0F309073FB16289616900E017E03B4612
:10AE8000286803F0DDF9E0693844E061606938441E
:10AE90006061A06910B12069B84204D921782846C0
:10AEA000FCF727FE03E02146286802F0EEFB08F0DD
:10AEB0008000B0B306EB860105F1280000EBC10469
:10AEC00000BF7200296831F8121048F60F7201EACB
:10AED000020040F4004173002A6822F8131000BFFA
:10AEE000E078032807D0E07828B1E07802282DD157
:10AEF00008F4807050BB2868B0F85010207801EB3F
:10AF0000C000801C296801F5806131F81000C0F391
:10AF10000909A069484505D9A069A0EB0900A0610D
:10AF200002E018E00020A061A06920B9217828463D
:10AF3000FCF7CFFD0FE0606948446061E069484478
:10AF4000E0612146286802F0A0FB04E04246214669
:10AF50002846FCF7FDFE2868B0F8440000F40040E5
:10AF600000287FF40DAEBDE8F087704701B582B0D0
:10AF70006420012301AA02A900900348FEF736FCD1
:10AF80009DF804000EBD00007808002008B50849AF
:10AF90000968C9084FF47A72B1FBF2F1414300919C
:10AFA00000BF00BF00994A1E00920029F9D108BDD8
:10AFB00004010020014600BF080900EB80004200A8
:10AFC00001F00F001044C0B2704770B50446002570
:10AFD000FCF732FC054607E0FCF72EFC401BB0F501
:10AFE0007A7F01D9032070BD2068406800F02000FE
:10AFF0000028F1D02068406840F0100021684860C7
:10B000000020F0E770B5044600252068406820F075
:10B01000100021684860FCF70FFC054607E0FCF7CC
:10B020000BFC401BB0F57A7F01D9032070BD20686E
:10B03000406800F020000028F1D00020F6E730B58D
:10B04000014600220023002400200D68AD69AAB249
:10B050000D68ED69ACB20D68AD69ABB29A4205D02E
:10B060000D68ED6963F31F45284601E044EA02409C
:10B0700030BDF0B504460B460021002504F5FA6109
:10B08000032B1BD2C3EBC30000EB03100926B0FB5C
:10B09000F6F01044001D4618481E06EB9006642783
:10B0A000B0FBF7F0361A481EBF00B0FBF7F0304493
:10B0B0000726B0FBF6F706FB17051AE0C3EBC30043
:10B0C00000EB03100926B0FBF6F01044001D084405
:10B0D00000EB91006426B1FBF6F6801B4FF4C876B6
:10B0E000B1FBF6F63044801E0726B0FBF6F706FBF0
:10B0F0001705E8B2F0BD70B504460D46002620469F
:10B10000FFF763FF08B101260AE0280C2168886177
:10B11000A8B22168C8612046FFF774FF00B101267C
:10B12000304670BD70B50446002210210A48FCF775
:10B130007DFB7E2101EA440141F08000FFF716FF0C
:10B140000020FFF713FF0546012210210248FCF7FB
:10B150006DFB284670BD000000080140F8B50446AC
:10B160000D4616462B46002280212046009600F010
:10B1700009F828B1606D40F0200060650320F8BD3B
:10B180000020FCE72DE9F84F04460D4690461E4688
:10B19000DDF82890FCF750FBA0EB0900371AFCF70C
:10B1A0004BFB82462C480068C0F3CB3078430090BC
:10B1B00045E0701C002842D0FCF73EFBA0EB0A00E3
:10B1C000B84200D2A7BB2068406820F0E0002168A8
:10B1D00048606068B0F5827F0DD1A068B0F5004F7F
:10B1E00003D0A068B0F5806F05D12068006820F01A
:10B1F000400021680860A06AB0F5005F0DD100BF73
:10B200002068006820F40050216808602068006809
:10B2100040F400502168086000BF012084F851000C
:10B2200000BF002084F8500000BF0320BDE8F88F65
:10B23000FFE7009800B900270098401E00902068A2
:10B2400080682840A84201D1012000E0002040454C
:10B25000AFD10020EAE7000004010020704770B57C
:10B2600005460C462846FFF75DFF064646EA040100
:10B27000284603F037F870BD0146012901DB0120A3
:10B2800070470120024A02EB411290700020F7E75C
:10B29000B81B002070B504460D4629462046FCF731
:10B2A000BDFA70BD70B504460D46164632462946B5
:10B2B0002046FCF7BBFA70BD70B500F0F9F8054602
:10B2C000002411E0164800EB4410C07F15490978AE
:10B2D000884208D145FA04F202F00101104A02EB5B
:10B2E000441000F0ABF8641C012CEBDB0D48007837
:10B2F00048B9002405E00A4901EB441000F01BF9AD
:10B30000641C012CF7DB07480078401C05490870D5
:10B3100008460078052801DB0020087070BD000099
:10B32000B81B00201B020020F0B504460D4616464F
:10B33000059F012C01DB0120F0BD0020254901EB18
:10B3400044110870234901EB44118871214901EB34
:10B35000441148711F4901EB441148811D4901EB1B
:10B36000441148701B4901EB44118870194901EBE5
:10B3700044110871174901EB4411C870154901EBDC
:10B380004411C871134901EB44110872124800EBD3
:10B390008410104901EB4411C8600E4800EB4410C2
:10B3A00083610C4800EB441087830A4800EB44108B
:10B3B0000561084800EB441086820020054901EB36
:10B3C00044118877034901EB4411C877FFF754FF14
:10B3D0000020B1E7B81B0020D81B002030B5034681
:10B3E0000C46012B01DB012030BD134800EB43105C
:10B3F000007808B10120F7E700200F4D05EB431559
:10B40000E8710D4800EB43100272002106E0605C19
:10B41000094D05EB4315ED686854491C9142F6DB74
:10B420000120054D05EB43152870034D05EB431531
:10B4300068700020D8E70000B81B002010B58278A3
:10B44000002A33D0827962B901B110BD0022427165
:10B450008279521C82710023C268203244891355BC
:10B4600024E08279092A14DAC26820324389D25C46
:10B4700001F001034479A3401A43D3B2C2682032D9
:10B48000448913558279521C82714279521C42714F
:10B490000CE08279092A09D100228271827729B1D0
:10B4A00042891F2A02DA4289521C428100BFCCE73E
:10B4B00070B5002600242CE0184A02EB4412918B50
:10B4C000164A02EB44129069FFF7E4FE0546134862
:10B4D00000EB44108079B0B9104800EB4410807F35
:10B4E00088B985B90E480078801C052190FBF1F2DF
:10B4F00001FB1200094901EB4411C87701200749FB
:10B5000001EB4411887705F00100A0403043C6B23A
:10B51000641C012CD0DB304670BD0000B81B00203D
:10B520001B02002070B504460D46A18A2A462069F8
:10B53000FFF7B8FE70BD10B50446607800283FD014
:10B54000207958B9012020700020E07000212046A9
:10B55000FFF7E8FF2079401C207131E020790928AD
:10B5600010DAE279E068805CE278104100F00101D5
:10B570002046FFF7D7FF2079401C2071E078401C5F
:10B58000E0701DE02079092807D101212046FFF74E
:10B59000C9FF2079401C207112E020790A280FD1C0
:10B5A00000202071E079401CE071207AE179884226
:10B5B00003DD01202070607002E0002020706070C8
:10B5C00010BD10B5FCF76EF910BD00B593B0282181
:10B5D00009A8FAF7D0F9142104A8FAF7CCF9002049
:10B5E00000900190029003900D2009904FF480305C
:10B5F0000A9000200B9001200C900D900F900220DB
:10B600001090C10311914FF4E011129109A8FDF7B8
:10B61000C5FB08B1FAF7F2FD0F2004900220059057
:10B62000002006904FF480600790002008900221CF
:10B6300004A8FDF767FA08B1FAF7E0FD11200090C1
:10B640004FF480700190002003906846FDF7C0F928
:10B6500008B1FAF7D3FDFDF71BFB13B000BD0000E6
:10B6600001480249086070470058000808ED00E0F2
:10B6700010B50348FEF70CFC0148FEF73CFB10BD7B
:10B68000D008002010B50268184B984208D0B0F1DD
:10B69000804F05D0164B984202D0164B984203D1EA
:10B6A00022F070024B681A43104B984208D0B0F158
:10B6B000804F05D00E4B984202D00E4B984203D1DA
:10B6C00022F44072CB681A4322F080034C6943EAAB
:10B6D000040202608B68C3620B688362034B98426A
:10B6E00001D10B6903630123436110BD002C0140AC
:10B6F000000400400008004030B50C46816821F489
:10B700007F4142EA032525432943816030BD0A4633
:10B71000816821F0700142F007031943816070478E
:10B7200030B50B461446026A056A25F0010505622C
:10B73000816921F0F00141EA041122F00A021A4362
:10B740008161026230BD30B50B461446056A25F0B2
:10B75000100505628169026A21F4704141EA0431F1
:10B7600022F0A00242EA03128161026230BD70B58C
:10B7700005466C6A0020E085E0842046FEF796FBD3
:10B7800070BD0168C96821F490710268D1600168D8
:10B79000496921F0010102685161016B012905D15C
:10B7A0000168C96821F010010268D160202180F889
:10B7B0003E1000210163704710B504462068C06840
:10B7C00020F040002168C860202084F83D00204619
:10B7D000FEF70AFE002010BDF8B5044694F83E00BE
:10B7E000222869D1A068B0F5805F0CD1206950B9DA
:10B7F0000025A66A20684068C0F308003080A06A6F
:10B80000801CA06215E0A56A0026A068B0F5805FE4
:10B8100003D0A06828B9206918B92068406828704A
:10B8200004E02068406800F07F002870A06A401C97
:10B83000A062E08D401E80B2E085A8BB2068C06891
:10B8400020F020002168C8602068C06820F4807063
:10B850002168C8602068406920F0010021684861C3
:10B86000202084F83E00206B01281ED10020206398
:10B870002068C06820F010002168C8602068006857
:10B8800000F0100010280AD100BF002000902068AE
:10B890000068009020684068009000BF00BFA18D44
:10B8A0002046FEF702FB03E004E02046FEF732FDEF
:10B8B0000020F8BD0020FCE70220FAE770B504463E
:10B8C0002168096921F44051E2681143226811613D
:10B8D0002269A1681143626941EA02052168C968C9
:10B8E00041F20C62914329432268D1602168496981
:10B8F00021F44071A2691143226851612D4A2168E7
:10B90000914202D1FDF7E0F901E0FDF7CDF900EB3E
:10B91000C00101EB001162689200B1FBF2F100EB93
:10B92000C00202EB001263689B00B2FBF3F26423D7
:10B93000B2FBF3F202EBC20303EB0212A1EB8201B2
:10B94000322202EB01116422B1FBF2F101F0F001AD
:10B9500000EBC00202EB001263689B00B2FBF3F243
:10B960006423B2FBF3F201EB021200EBC00101EB26
:10B97000001163689B00B1FBF3F100EBC00303EB24
:10B9800000136668B600B3FBF6F36426B3FBF6F368
:10B9900003EBC30606EB0313A1EB8301322303EB96
:10B9A00001116423B1FBF3F101F00F01114422688E
:10B9B000916070BD00380140014691F83D0021289A
:10B9C00028D18868B0F5805F0BD1086948B90A6A48
:10B9D0001088C0F308000B685860086A801C086271
:10B9E00005E00B6A581C086218780B685860C88C10
:10B9F000401E80B2C88458B90868C06820F0800032
:10BA00000B68D8600868C06840F040000B68D860D8
:10BA1000002070470220FCE72DE9F04104460D4666
:10BA200017469846069E21E0701CF8B12EB1FBF730
:10BA300003FFA0EB0800B04218D92068C06820F4CA
:10BA4000D0702168C8602068406920F0010021683A
:10BA50004861202084F83D0084F83E0000BF0020AB
:10BA600084F83C0000BF0320BDE8F0812068006836
:10BA70002840A84201D1012000E00020B842D3D0E4
:10BA80000020F1E710B50248FEF712FA10BD0000E1
:10BA90001809002010B51348FEF70AFA114800688B
:10BAA000006800F0200020281BD10F480068C1B2B8
:10BAB0000E480F4A12688154002102460C48006863
:10BAC000401C11540A480068401C09490860094894
:10BAD0000078012805D108460068182801D3002005
:10BAE000086010BD5C090020044400401C020020D6
:10BAF00020000020100000202DE9F04104460D46F2
:10BB0000D4F8B862D4F8C072D4F8B80278B305EBB0
:10BB1000850104F1140000EB8100806808B305EB97
:10BB2000850104F1140000EB810005EB85028168BA
:10BB300007F1280000EBC2000069B1FBF0F200FB46
:10BB4000121070B9002105EB850204F1140000EB1E
:10BB50008200816000231A462946204600F0C4FE78
:10BB600002E00020C6F814020020BDE8F081FFE7E3
:10BB70000220FAE770B504460E46D4F8B8523146B2
:10BB8000204600F056FDC5F80C02D4F8B80248B1C2
:10BB9000D5F80402D4F8BC12CA6805F503719047C1
:10BBA000002070BD0220FCE770B504460E4600255B
:10BBB0008121204600F057FC0021E162012120464E
:10BBC00000F051FC0021C4F86C118221204600F0E5
:10BBD0004AFC00212164D4F8B80250B1D4F8BC1258
:10BBE00048688047D4F8B80201F027F90020C4F86B
:10BBF000B802284670BD70B50546D5F8B842D5F8EC
:10BC0000BC0278B194F80002FF280BD094F801220E
:10BC100094F80002D5F8BC128B6821469847FF20A3
:10BC200084F80002002070BD01460A200880014807
:10BC3000704700000C0100200146432008800148A5
:10BC4000704700009401002001464320088001480D
:10BC50007047000050010020014643200880014841
:10BC600070470000D80100202DE9F04104460F463E
:10BC70000026207C88B94FF40073022281212046DF
:10BC800000F03EFD0121E1624B020222204600F05D
:10BC900037FD0121C4F86C110FE0402302228121FD
:10BCA000204600F02DFD0121E162402302222046C2
:10BCB00000F026FD0121C4F86C1108230322822123
:10BCC000204600F01DFD012121644FF4077001F0B2
:10BCD000B5F8C4F8B802D4F8B80208B901261CE0D7
:10BCE000D4F8B852D4F8BC12086880470020C5F8D0
:10BCF0001402C5F81802207C40B94FF400730121EA
:10BD00002046D5F8042200F013FD06E0402301216F
:10BD10002046D5F8042200F00BFD3046BDE8F08146
:10BD200070B50446D4F8B852D4F8B80298B1207C63
:10BD300040B94FF4007301212046D5F8042200F0E9
:10BD4000F7FC06E0402301212046D5F8042200F04C
:10BD5000EFFC002070BD0220FCE70246022011B17A
:10BD6000C2F8BC12002070470246D2F8B832C3F8BD
:10BD700004120020704710B50346D3F8B842C4F847
:10BD80000812C4F81022002010BD2DE9FC41054620
:10BD90000C46D5F8B862002001900090002720786A
:10BDA00000F0600040B320285FD1E088E0B1207847
:10BDB00000F0800060B1E2886078D5F8BC128B6832
:10BDC00031469847E2883146284600F0E6F812E00E
:10BDD000607886F80002A07986F80102E288314690
:10BDE000284600F0B9F806E06078D5F8BC120022C9
:10BDF0008B68214698473EE0607820B10A2812D02F
:10BE00000B282AD11FE095F89C02032805D10222B5
:10BE10006946284600F0C1F804E02146284600F0B3
:10BE20008FF802271FE095F89C02032805D1012214
:10BE300001A9284600F0B1F804E02146284600F0A8
:10BE40007FF802270FE095F89C02032804D02146D2
:10BE5000284600F075F8022705E02146284600F044
:10BE60006FF8022700BF00BF05E02146284600F01A
:10BE700067F8022700BF00BF3846BDE8FC8170B5F7
:10BE80000546D5F8B842D5F8B802A8B1D4F81402DE
:10BE900080B90120C4F81402D4F810122963B4F850
:10BEA000100283B281212846D4F8082200F01CFD3C
:10BEB000002070BD0120FCE70220FAE770B50446BF
:10BEC0000D46D4F8B4022946426820469047002027
:10BED00070BD70B504460D4694F89C02012804D04C
:10BEE000022803D003280CD101E000BF00BF6888FE
:10BEF000012805D10020C4F8A402204600F05EF815
:10BF000004E02946204600F01BF800BF00BF70BDCA
:10BF100070B506460C4615462B4622460021304693
:10BF200000F006FC002070BD70B506460C461546B4
:10BF30002B4622460021304600F0D6FC002070BD82
:10BF400070B504460D468021204600F0A1FC00217A
:10BF5000204600F09DFC70BD70B504460E461546A7
:10BF60000320C4F894024FF4AE700551001D055132
:10BF70002B4632460021204600F0DAFB002070BD3F
:10BF800010B504460520C4F8940200231A46194649
:10BF9000204600F0CDFB002010BD70B504460E46D3
:10BFA00015460220C4F89402E56125622B4632460C
:10BFB0000021204600F098FC002070BD10B504461A
:10BFC0000420C4F8940200231A461946204600F0C3
:10BFD0008BFC002010BD000070B505460C462DB945
:10BFE0002246064906A000F0D3F904E022460349A0
:10BFF00003A000F0CDF9014870BD0000A80C00209E
:10C0000043444320436F6E66696700000246122076
:10C0100008800148704700009C00002070B505466C
:10C020000C462DB92246064906A000F0B1F904E0FD
:10C030002246034903A000F0ABF9014870BD00009F
:10C04000A80C002043444320496E74657266616306
:10C050006500000002460420088001487047000087
:10C06000B000002070B505460C462246024903A0E8
:10C0700000F08EF9004870BDA80C00204A6168618C
:10C080006E476F737461720070B505460C462DB92A
:10C090002246064906A000F07BF904E02246034947
:10C0A00003A000F075F9014870BD0000A80C002045
:10C0B0004A6168616E476F73746172506F72740089
:10C0C00070B505460C461A202080FBF717F801488A
:10C0D00070BD0000B400002070B504460D46E8882D
:10C0E000012804D029462046FFF72AFF1EE094F8D5
:10C0F0009C02012804D0022803D0032810D109E0B3
:10C1000000BF0020A060012204F108012046FFF7D3
:10C1100044FF0AE00122211D2046FFF73EFF04E014
:10C1200029462046FFF70CFF00BF00BF70BDF8B5E1
:10C1300004460E460020009000270025708800125B
:10C14000082875D2DFE800F0C7040C20C7C7A5B5E2
:10C15000207CD4F8B0120A68694690470746C1E0CF
:10C16000207C40B9D4F8B402816A68468847074603
:10C170000220787007E0D4F8B402C16A68468847A4
:10C18000074602207870ADE0B078062878D2DFE864
:10C1900000F00316293C5063D4F8B002406838B16F
:10C1A000207CD4F8B0124A6869469047074605E0FB
:10C1B00031462046FFF7C4FE681CC5B267E0D4F8DC
:10C1C000B002806838B1207CD4F8B0128A68694621
:10C1D0009047074605E031462046FFF7B1FE681C50
:10C1E000C5B254E0D4F8B002C06838B1207CD4F8AD
:10C1F000B012CA6869469047074605E031462046B6
:10C20000FFF79EFE681CC5B241E0D4F8B002006999
:10C2100038B1207CD4F8B0120A69694690470746C5
:10C2200005E031462046FFF78BFE681CC5B22EE0C4
:10C2300051E0D4F8B002406938B1207CD4F8B01293
:10C240004A6969469047074605E031462046FFF7B0
:10C2500077FE681CC5B21AE0D4F8B002806940B11C
:10C26000207CD4F8B0128A6969469047074606E0F8
:10C2700006E031462046FFF763FE681CC5B206E0C3
:10C2800031462046FFF75CFE681CC5B200BF00BF08
:10C2900028E0207C30B9D4F8B402416B6846884766
:10C2A000074605E031462046FFF74AFE681CC5B246
:10C2B00018E0207C40B9D4F8B402016B6846884786
:10C2C00007460720787005E031462046FFF738FE24
:10C2D000681CC5B206E031462046FFF731FE681CF7
:10C2E000C5B200BF00BF05B1F8BDBDF8000088B100
:10C2F000F08878B1F088BDF80010884202DDBDF802
:10C30000000000E0F0880090BDF80020394620468B
:10C31000FFF743FEF08810B92046FFF74FFE00BF3D
:10C32000E2E70146002002E0421CD0B2491C0A7834
:10C33000002AF9D1704770B504460D4694F89C0266
:10C34000012804D0022803D003281AD101E000BF3D
:10C3500000BFE888022804D029462046FFF7F0FDF8
:10C3600014E00120E060D4F8A40218B1E06840F0C5
:10C370000200E060022204F10C012046FFF70DFEEE
:10C3800004E029462046FFF7DBFD00BF00BF70BD7B
:10C390002DE9F04104460D4617460026FCB1204623
:10C3A000FFF7BFFF022101EB400038803A783046AA
:10C3B000711CCEB22A5403223046711CCEB22A54CC
:10C3C0000AE014F8012B3046711CCEB22A54002228
:10C3D0003046711CCEB22A5420780028F1D1BDE835
:10C3E000F0810146002031B1012906D0022906D092
:10C3F000032908D105E0002007E0022005E0012024
:10C4000003E0022001E0022000BF00BF704770B5CA
:10C4100004460D4616460CB9022070BDD4F8B4028D
:10C4200010B10020C4F8B4020DB1C4F8B05201201C
:10C4300084F89C022670204600F004F90020ECE706
:10C440002DE9F04104460D46002600272946D4F880
:10C45000C002FBF793FB06463046FFF7C2FF0746D4
:10C460003846BDE8F0812DE9F04104460D4600262E
:10C4700000272946D4F8C002FBF74BFB064630469E
:10C48000FFF7AFFF07463846BDE8F0812DE9F041E0
:10C4900004460E461746002E64D104F11405D4F864
:10C4A0009402022848D1D5E90301884210D9D5E980
:10C4B0000301401AE860A88982B239462046FFF796
:10C4C00033FD00231A461946204600F031F93EE0BC
:10C4D0002969A868B0FBF1F201FB1200B8B929691B
:10C4E000A868884213D3A868D4F8981288420ED25C
:10C4F000002211462046FFF717FD0020C4F89802DD
:10C5000000231A461946204600F012F91FE0D4F81D
:10C51000B402C06840B194F89C02032804D1D4F856
:10C52000B402C168204688478021204600F0B0F957
:10C530002046FFF725FD0AE0D4F89402042802D033
:10C54000D4F8940218B98021204600F0A1F994F89B
:10C55000A002012818D1204600F0FAF9002084F842
:10C56000A00211E0D4F8B402406950B194F89C02E2
:10C57000032806D1D4F8B4023146426920469047D8
:10C5800002E00220BDE8F0810020FBE72DE9F04148
:10C5900004460E461746BEBB04F5AA75D4F89402AD
:10C5A000032825D1D5E90301884210D9D5E9030133
:10C5B000401AE860D5E90301884201D2E86800E04A
:10C5C000286982B239462046FFF7A2FC2FE0D4F852
:10C5D000B402006940B194F89C02032804D1D4F855
:10C5E000B4020169204688472046FFF7E7FC1EE0B9
:10C5F000D4F8940205281AD10020C4F8940200212E
:10C60000204600F045F912E0FFE7D4F8B402806953
:10C6100050B194F89C02032806D1D4F8B4023146F4
:10C6200082692046904702E00220BDE8F0810020A8
:10C63000FBE770B504460D462946D4F8C002FBF767
:10C640001BFE70BD10B504461D48C0F8E842C4F892
:10C65000C0021C481A490860082048600221184896
:10C66000816000218161C1610162FBF7DCFF08B1DB
:10C67000F9F7C4FD04F53074182300221146206830
:10C68000FBF704FA5823002280212068FBF7FEF90B
:10C69000C023002281212068FBF7F8F94FF488734A
:10C6A000002201212068FBF7F1F92068A4F530741D
:10C6B0004FF4807300228221FBF7E8F9002010BDBF
:10C6C00078160020005C004010B50246D2F8C03257
:10C6D00001F08000802809D101F07F0000EB800488
:10C6E00003F1280000EBC400807810BD01F07F004A
:10C6F00000EB800403F5B47000EBC4008078F4E72D
:10C700002DE9F04704460F4615461E464FF0000837
:10C71000C1462B4632463946D4F8C002FBF7B7FD76
:10C7200080464046FFF75DFE81464846BDE8F087FB
:10C730002DE9F04704460D4616461F464FF0000807
:10C74000C1463B4632462946D4F8C002FBF7E5FD18
:10C7500080464046FFF745FE81464846BDE8F087E3
:10C7600010B504464023002211462046FFF7C8FFBB
:10C7700001214FF4AC70015140214FF4B2700151CE
:10C780004023002280212046FFF7BAFF0121A1614A
:10C7900040216162012084F89C020020C4F89402C8
:10C7A0006060C4F8A402D4F8B80228B12179D4F8A2
:10C7B000B402426820469047002010BD014691F81F
:10C7C0009C02042803D191F89D0281F89C0200206C
:10C7D000704710B5044694F89C02032808D1D4F899
:10C7E000B402C06920B1D4F8B402C16920468847B8
:10C7F000002010BD02461174002070472DE9F04161
:10C8000004460D46002600272946D4F8C002FBF74F
:10C81000F9FF06463046FFF7E4FD07463846BDE817
:10C82000F08170B504460D46294604F52A7000F0E3
:10C8300073F80120C4F8940240F2AE20005BC4F803
:10C84000980294F8A80200F01F0020B1012808D037
:10C85000022812D10BE004F52A71204600F041F9BC
:10C8600013E004F52A71204600F0A8FA0DE004F563
:10C870002A71204600F086F907E094F8A80200F03B
:10C880008001204600F004F800BF00BF002070BD0A
:10C890002DE9F04104460D46002600272946D4F82C
:10C8A000C002FBF760FD06463046FFF79AFD0746DB
:10C8B0003846BDE8F08170B5044600250026D4F85E
:10C8C000C002FBF7C3FF05462846FFF78AFD064670
:10C8D000304670BD014691F89C0281F89D0204200B
:10C8E00081F89C02002070472DE9F04704460D4670
:10C8F00016461F464FF00008C1463B4632462946C1
:10C90000D4F8C002FBF773FD80464046FFF769FD8F
:10C9100081464846BDE8F0870A7802704A7842703E
:10C920008B78CA7803EB022242800B794A7903EBB9
:10C93000022282808B79CA7903EB0222C28070477F
:10C940000246002011B1C2F8B41200E00220704784
:10C9500001460020704770B504460D46A88810BBFC
:10C96000E88800BB688880281DD2A87800F07F0680
:10C9700094F89C02032804D129462046FFF7E0FAE8
:10C9800015E084F89E6231462046FFF737FF2046C7
:10C99000FFF714FB1EB1022084F89C0207E001207F
:10C9A00084F89C0203E029462046FFF7C9FA70BDCF
:10C9B00070B504460D460226D4F8B40238B1D4F856
:10C9C000B402294602682046904700B90026304646
:10C9D00070BD000070B504460D46A8783649087051
:10C9E00008460078012804DD29462046FFF7A8FA0A
:10C9F00060E094F89C02022802D003284FD11CE08A
:10CA00002D480078A8B12C4800786060032084F895
:10CA10009C02294801782046FFF7CAFF022804D16A
:10CA200029462046FFF78CFA70BD2046FFF7C6FA6C
:10CA300002E02046FFF7C2FA3BE01F48007870B9D9
:10CA4000022084F89C021C48007860601A48017833
:10CA50002046FFF733FA2046FFF7B0FA1EE01649EA
:10CA600009786068884216D021792046FFF726FAB7
:10CA7000114800786060104801782046FFF798FF61
:10CA8000022804D129462046FFF75AFACCE720466F
:10CA9000FFF794FA02E02046FFF790FA09E02946F2
:10CAA0002046FFF74DFA044801782046FFF706FAC2
:10CAB00000BF00BF00BFB7E70801002070B5054602
:10CAC0000C466088012804D1C5F8A4022846FFF767
:10CAD00075FA70BD10B504462046FFF7ECFE002045
:10CAE00010BD70B505460C460026207800F06000A9
:10CAF00060B1202802D040283CD100E000BFD5F82A
:10CB0000B402214682682846904738E060780A28B7
:10CB100029D2DFE800F01923281E280A0528140F5F
:10CB200021462846FFF703FB22E021462846FFF76F
:10CB300012FF1DE021462846FFF74CFF18E0214672
:10CB40002846FFF7C9FA13E021462846FFF7F3FB12
:10CB50000EE021462846FFF7B1FF09E021462846AE
:10CB6000FFF7B7F904E021462846FFF7E9F900BFCF
:10CB700000BF04E021462846FFF7E2F900BF00BFEE
:10CB8000304670BD2DE9F04105460E464FF00008D5
:10CB90003479307800F0600060B1202802D040285D
:10CBA00071D100E000BFD5F8B40231468268284652
:10CBB000904700E1307800F06000202809D1D5F8D6
:10CBC000B402314682682846904780464046BDE818
:10CBD000F081707800285ED001282FD0032876D10C
:10CBE00095F89C02022802D0032820D110E054B10D
:10CBF000802C08D021462846FFF74AFE802128468F
:10CC0000FFF746FE03E031462846FFF799F913E0A7
:10CC1000708840B93CB1802C05D0F08818B9214605
:10CC20002846FFF735FE2846FFF7C8F904E03146ED
:10CC30002846FFF785F900BF00BFB5E095F89C02D4
:10CC4000022802D003281FD110E054B1802C08D054
:10CC500021462846FFF71CFE80212846FFF718FED4
:10CC600003E031462846FFF76BF912E0708848B9B7
:10CC700004F07F0018B121462846FFF7E1FB284663
:10CC8000FFF79CF905E091E031462846FFF758F997
:10CC900000BF00BF88E095F89C02022802D003285C
:10CCA00076D126E034B1802C04D031462846FFF7F7
:10CCB00047F972E004F08000802809D104F07F0079
:10CCC00000EB800105F1140000EB810008E066E054
:10CCD00004F07F0000EB800105F5AA7000EB8100F5
:10CCE000074600203860022239462846FFF755F9EA
:10CCF00053E004F0800080280ED104F00F0000EB18
:10CD0000800105F1140000EB8100406898B93146BC
:10CD10002846FFF715F940E004F00F0000EB800112
:10CD200005F5AA7000EB8100406820B9314628461D
:10CD3000FFF706F931E004F08000802808D104F004
:10CD40007F0000EB800105F1140000EB810007E09B
:10CD500004F07F0000EB800105F5AA7000EB810074
:10CD600007460CB1802C02D10020386009E0214632
:10CD70002846FFF7A9FC10B10120386001E000202F
:10CD80003860022239462846FFF707F905E0FFE739
:10CD900031462846FFF7D4F800BF00BF04E0314613
:10CDA0002846FFF7CDF800BF00BF04E03146284613
:10CDB000FFF7C6F800BF00BF404608E770B505465C
:10CDC0000C460026207800F0600030B1202802D008
:10CDD00040282AD100E000BF00BF95F89C0201283E
:10CDE00004D0022803D0032818D101E000BF00BFFF
:10CDF000207901280DDCD5F8B40221468268284646
:10CE000090470646E08840B93EB92846FFF7D6F875
:10CE100003E021462846FFF793F804E02146284620
:10CE2000FFF78EF800BF00BF04E021462846FFF759
:10CE300087F800BF00BF002070BD70470146014861
:10CE40007047000064190020F0B5024600260878FB
:10CE5000400032F8100048F68F1400EA0403C87846
:10CE600030B101280CD0022805D003280BD104E0F2
:10CE700043F4007309E000BF07E043F4C06304E03B
:10CE800043F4806301E0012600BF00BF43F400408B
:10CE900040F080000C78640022F8140000BF0C7889
:10CEA000640032F8144048F68F752C400D7844EA3F
:10CEB000050040F4004444F080040D786D0022F831
:10CEC000154000BF087B00287ED14878002852D04A
:10CED00000BF1046B2F8505028440D7800F5806726
:10CEE00007EB0514CD886D106D00258000BF00BFD5
:10CEF0000C78640032F8140000F040048CB100BFDC
:10CF00000D786D0032F8155048F68F7705EA070462
:10CF100044F4004545F0C0050F787F0022F8175013
:10CF200000BF00BFC878012813D000BF0C78640090
:10CF300032F8144048F6BF7504EA050080F020007E
:10CF400040F4004444F080040D786D0022F8154050
:10CF50009EE100BF0C78640032F8144048F6BF75BB
:10CF600004EA050040F4004444F080040D786D00AC
:10CF700022F815408CE100BF1046B2F8505028440A
:10CF80000D78042707EBC50500F5806707EB45041E
:10CF9000CD886D106D00258000BF00BF1546B2F82A
:10CFA000504025440C78062707EBC40405F580673C
:10CFB00007EB4404204600BF0F6967B9078848F2B1
:10CFC000FF3C07EA0C0700E057E00780078847F4BA
:10CFD000004707801EE00F693E2F0DD800BF0F6984
:10CFE0007C080F7C07F0010707B1641C4FF6FF7740
:10CFF00007EA842707800DE000BF0F697C090F7CDA
:10D0000007F01F0707B9641E4FF4004747EA84275B
:10D01000078000BF00BF00BF00BF0C78640032F87B
:10D02000140000F480448CB100BF0D786D0032F81C
:10D03000155048F68F7705EA070444F4004545F497
:10D0400081450F787F0022F8175000BF00BF00BF56
:10D050000C78640032F814404BF68F7504EA050032
:10D0600080F4805080F4005040F4004444F0800488
:10D070000D786D0022F815400AE100BF0C786400BD
:10D0800032F8144048F68F7504EA050040F4004475
:10D0900044F4C0740D786D0022F8154000BF00BF45
:10D0A00000BF00BF1046B2F8505028440D7800F57C
:10D0B000806707EB05140D896D106D00258000BF9A
:10D0C00000BF00BF00BF1046B2F8505028440D7892
:10D0D000042707EBC50500F5806707EB45044D897C
:10D0E0006D106D00258000BF00BF00BF487800288C
:10D0F0005DD100BF0C78640032F8140000F4804465
:10D100008CB100BF0D786D0032F8155048F68F775E
:10D1100005EA070444F4004545F481450F787F0093
:10D1200022F8175000BF00BF00BF0C78640032F82F
:10D13000140000F040048CB100BF0D786D0032F88F
:10D14000155048F68F7705EA070444F4004545F08A
:10D15000C0050F787F0022F8175000BF00BF00BF46
:10D160000C78640032F814404BF68F7504EA050021
:10D1700080F4805080F4005040F4004444F0800477
:10D180000D786D0022F8154000BF00BF0C786400D8
:10D1900032F8144048F6BF7504EA050040F4004434
:10D1A00044F080040D786D0022F8154070E000BF57
:10D1B0000C78640032F8140000F480448CB100BF95
:10D1C0000D786D0032F8155048F68F7705EA0704A0
:10D1D00044F4004545F481450F787F0022F817504C
:10D1E00000BF00BF00BF0C78640032F8140000F0EC
:10D1F00040048CB100BF0D786D0032F8155048F630
:10D200008F7705EA070444F4004545F0C0050F7820
:10D210007F0022F8175000BF00BFC878012813D044
:10D2200000BF0C78640032F8144048F6BF7504EA79
:10D23000050080F0200040F4004444F080040D78A4
:10D240006D0022F8154011E000BF0C78640032F840
:10D25000144048F6BF7504EA050040F4004444F069
:10D2600080040D786D0022F8154000BF00BF0C78D7
:10D27000640032F814404BF68F7504EA050040F460
:10D28000004444F080040D786D0022F8154000BF82
:10D290003046F0BD10B50446002010BD30B5024642
:10D2A000087B00285BD1487860B300BF0B785B0037
:10D2B00032F8130000F040038BB100BF0C7864001B
:10D2C00032F8144048F68F7504EA050343F400442D
:10D2D00044F0C0040D786D0022F8154000BF00BF77
:10D2E00000BF0B785B0032F8133048F6BF7403EAD6
:10D2F000040040F4004343F080030C78640022F8FB
:10D30000143007E100BF0B785B0032F8130000F423
:10D3100080438BB100BF0C78640032F8144048F6AB
:10D320008F7504EA050343F4004444F481440D7806
:10D330006D0022F8154000BF00BF00BF0B785B00F6
:10D3400032F813304BF68F7403EA040040F40043C4
:10D3500043F080030C78640022F81430DAE0487857
:10D3600000286BD100BF0B785B0032F8130000F48B
:10D3700080438BB100BF0C78640032F8144048F64B
:10D380008F7504EA050343F4004444F481440D78A6
:10D390006D0022F8154000BF00BF00BF0B785B0096
:10D3A00032F8130000F040038BB100BF0C7864002A
:10D3B00032F8144048F68F7504EA050343F400443C
:10D3C00044F0C0040D786D0022F8154000BF00BF86
:10D3D00000BF0B785B0032F8133048F68F7403EA15
:10D3E000040040F4004343F0C0030C78640022F8CA
:10D3F000143000BF00BF0B785B0032F813304BF6DF
:10D400008F7403EA040040F4004343F080030C7877
:10D41000640022F8143000BF00BF0B785B0032F8C4
:10D42000133048F6BF7403EA040040F4004343F0AD
:10D4300080030C78640022F814306BE000BF0B7896
:10D440005B0032F8130000F480438BB100BF0C780E
:10D45000640032F8144048F68F7504EA050343F47B
:10D46000004444F481440D786D0022F8154000BF5B
:10D4700000BF00BF0B785B0032F8130000F04003E0
:10D480008BB100BF0C78640032F8144048F68F75F9
:10D4900004EA050343F4004444F0C0040D786D0031
:10D4A00022F8154000BF00BF00BF0B785B0032F8C8
:10D4B000133048F68F7403EA040040F4004343F449
:10D4C00081430C78640022F8143000BF00BF0B7851
:10D4D0005B0032F8133048F6BF7403EA040040F4EE
:10D4E000004343F080030C78640022F8143000BF3E
:10D4F00000BF0B785B0032F813304BF68F7403EAF1
:10D50000040040F4004343F080030C78640022F8E8
:10D51000143000BF002030BD014600207047014696
:10D520000020704710B50446012024F8400F002069
:10D530002080A0802082403C10BD01464FF43F4235
:10D54000B1F840009043A1F8400000207047024627
:10D550000020704730B50246087B002865D1487826
:10D5600088B300BF0B785B0032F8130000F0400373
:10D570008BB100BF0C78640032F8144048F68F7508
:10D5800004EA050343F4004444F0C0040D786D0040
:10D5900022F8154000BF00BFC878012845D000BF61
:10D5A0000B785B0032F8133048F6BF7403EA0400CE
:10D5B00080F0200040F4004343F080030C786400C6
:10D5C00022F8143031E0FFE700BF0B785B0032F83F
:10D5D000130000F480438BB100BF0C78640032F874
:10D5E000144048F68F7504EA050343F4004444F4FC
:10D5F00081440D786D0022F8154000BF00BF00BFC8
:10D600000B785B0032F813304BF68F7403EA04009A
:10D6100080F4805080F4005040F4004343F08003D5
:10D620000C78640022F8143000BF002030BD10B523
:10D630000246487898B100BF0B785B0032F813308F
:10D6400048F6BF7403EA040080F0100040F4004381
:10D6500043F080030C78640022F8143013E000BF1C
:10D660000B785B0032F813304BF68F7403EA04003A
:10D6700080F4805040F4004343F080030C78640051
:10D6800022F8143000BF002010BD2DE9F0470646F7
:10D690000C466078012876D12169A069884201D9B9
:10D6A000256900E0A569207BA0B9ABB2E2883046CD
:10D6B000616900F0F4FD00BF3046B6F85020104418
:10D6C0002278022303EBC20200F5806303EB4201E0
:10D6D0000D8081E3E07802287DD12169206A8842AB
:10D6E0007AD900BF2178490036F8111048F68F72B8
:10D6F00001EA020040F4004141F4C0712278520076
:10D7000026F8121000BF206A401B206220784000DB
:10D7100036F8100000F0400000287DD000BF3346EE
:10D72000607888BB00BF3246B6F850100A442178B2
:10D730004FF0060909EBC10102F5806909EB4101CF
:10D74000084600BF75B9B0F8009048F2FF3A09EA00
:10D750000A09A0F80090B0F8009049F40049A0F838
:10D76000009021E03E2D10D800BF690805F00109A6
:10D77000B9F1000F00D0491C4FF6FF7909EA812961
:10D78000A0F8009010E03DE310E000BF690905F04B
:10D790001F09B9F1000F00D1491E4FF4004949EAB1
:10D7A0008129A0F8009000BF00BF0FE06078012839
:10D7B0000CD1B6F8500003442078062101EBC000DC
:10D7C00003F5806101EB400CACF8005000BF6789A5
:10D7D000ABB23A4601E057E12CE13046616900F016
:10D7E0005EFD6069284460612169206A884203D92E
:10D7F000206A401B206202E0256A0020206200BFF0
:10D800006078C0BB00BF3246B6F850100A44217899
:10D81000022303EBC10100E049E002F5806303EB62
:10D820004101084600BF55B9038848F2FF3C03EAAE
:10D830000C030380038843F40043038019E03E2D6A
:10D840000BD800BF690805F0010303B1491C4FF66E
:10D85000FF7303EA812303800BE000BF690905F031
:10D860001F0303B9491E4FF4004343EA8123038099
:10D8700000BF00BF12E0FFE7607801280ED100BFB3
:10D880003046B6F8502010442278022303EBC2023F
:10D8900000F5806303EB42010D8000BF00BF2789C4
:10D8A000ABB23A463046616900F0F9FC94E200BF41
:10D8B0006078B0BB00BF3246B6F850100A442178F9
:10D8C000022303EBC10102F5806303EB410108462B
:10D8D00000BF55B9038848F2FF3C03EA0C030380FC
:10D8E000038843F40043038019E03E2D0BD800BFAA
:10D8F000690805F0010303B1491C4FF6FF7303EA01
:10D90000812303800BE000BF690905F01F0303B901
:10D91000491E4FF4004343EA8123038000BF00BF48
:10D9200012E0FFE7607801280ED100BF3046B6F85C
:10D93000502010442278022303EBC20200F58063DA
:10D9400003EB42010D8000BF00BF2789ABB23A460E
:10D950003046616900F0A3FC606928446061216978
:10D96000206A884203D9206A401B206202E0256AAF
:10D970000020206200BF3346607880BB00BF324683
:10D98000B6F850100A4421784FF0060909EBC1019E
:10D9900002F5806909EB4101084600BF75B9B0F88E
:10D9A000009048F2FF3A09EA0A09A0F80090B0F89E
:10D9B000009049F40049A0F8009020E03E2D0FD8D7
:10D9C00000BF690805F00109B9F1000F00D0491C3A
:10D9D0004FF6FF7909EA8129A0F800900FE010E0E6
:10D9E00000BF690905F01F09B9F1000F00D1491EF8
:10D9F0004FF4004949EA8129A0F8009000BF00BF18
:10DA00000FE0607801280CD1B6F85000034420786C
:10DA1000062101EBC00003F5806101EB400CACF87E
:10DA2000005000BF6789ABB23A463046616900F0EA
:10DA300036FCD1E1256A00BF2178490036F8111083
:10DA400048F68F6201EA020040F4004141F0800193
:10DA50002278520026F8121000BF00BF3046B6F8F8
:10DA6000502010442278022303EBC20200F58063A9
:10DA700003EB42010D8000BF2789ABB23A46304626
:10DA8000616900F00CFCA7E100BF2178490036F87D
:10DA9000111048F68F7201EA020040F4004141F48F
:10DAA000C0712278520026F8121000BF206A401B75
:10DAB00020622078400036F8100000F04000002876
:10DAC0007DD000BF3346607880BB00BF3246B6F8D9
:10DAD00050100A4421784FF0060909EBC10102F504
:10DAE000806909EB4101084600BF75B9B0F80090A4
:10DAF00048F2FF3A09EA0A09A0F80090B0F800904D
:10DB000049F40049A0F8009020E03E2D0FD800BF56
:10DB1000690805F00109B9F1000F00D0491C4FF662
:10DB2000FF7909EA8129A0F800900FE010E000BF1A
:10DB3000690905F01F09B9F1000F00D1491E4FF422
:10DB4000004949EA8129A0F8009000BF00BF0FE01A
:10DB5000607801280CD1B6F85000034420780621E3
:10DB600001EBC00003F5806101EB400CACF8005004
:10DB700000BF6789ABB23A463046616900F08FFB5F
:10DB80006069284460612169206A884203D9206A5B
:10DB9000401B206202E0256A00202062002D56D042
:10DBA00000BF6078C0BB00BF3246B6F850100A44D0
:10DBB0002178022303EBC10102F5806300E047E016
:10DBC00003EB4101084600BF55B9038848F2FF3C0A
:10DBD00003EA0C030380038843F40043038019E045
:10DBE0003E2D0BD800BF690805F0010303B1491CA5
:10DBF0004FF6FF7303EA812303800BE000BF69093E
:10DC000005F01F0303B9491E4FF4004343EA812383
:10DC1000038000BF00BF12E0FFE7607801280ED14B
:10DC200000BF3046B6F8502010442278022303EBA0
:10DC3000C20200F5806303EB42010D8000BF00BF0C
:10DC40002789ABB23A463046616900F028FBC3E051
:10DC500000BF6078B0BB00BF3246B6F850100A442F
:10DC60002178022303EBC10102F5806303EB41013C
:10DC7000084600BF55B9038848F2FF3C03EA0C038D
:10DC80000380038843F40043038019E03E2D0BD842
:10DC900000BF690805F0010303B1491C4FF6FF738B
:10DCA00003EA812303800BE000BF690905F01F032D
:10DCB00003B9491E4FF4004343EA8123038000BFA8
:10DCC00000BF12E0FFE7607801280ED100BF3046A8
:10DCD000B6F8502010442278022303EBC20200F56C
:10DCE000806303EB42010D8000BF00BF2789ABB208
:10DCF0003A463046616900F0D2FA606928446061B2
:10DD00002169206A884203D9206A401B206202E010
:10DD1000256A00202062A5B300BF3346607888BB27
:10DD200000BF3246B6F850100A4421784FF0060979
:10DD300009EBC10102F5806909EB4101084600BF0A
:10DD400075B9B0F8009048F2FF3A09EA0A09A0F85C
:10DD50000090B0F8009049F40049A0F8009021E04C
:10DD60003E2D10D800BF690805F00109B9F1000F78
:10DD700000D0491C4FF6FF7909EA8129A0F80090EC
:10DD800010E029E010E000BF690905F01F09B9F1B2
:10DD9000000F00D1491E4FF4004949EA8129A0F83B
:10DDA000009000BF00BF0FE0607801280CD1B6F8EA
:10DDB000500003442078062101EBC00003F5806188
:10DDC00001EB400CACF8005000BF6789ABB23A469B
:10DDD0003046616900F063FA00BF2178490036F8E7
:10DDE000111048F6BF7201EA020080F0100080F0C6
:10DDF000200040F4004141F080012278520026F8D2
:10DE0000121005E2207BA0BB2169A069884204D9D9
:10DE10002569A069401BA06102E0A5690020A061FE
:10DE200000BF3246B6F850100A442178062303EBAF
:10DE3000C10102F5806303EB4101084600BF55B9FB
:10DE4000038848F2FF3C03EA0C030380038843F491
:10DE5000004303801AE03E2D0CD800BF690805F08E
:10DE6000010303B1491C4FF6FF7303EA81230380CA
:10DE70000CE00DE000BF690905F01F0303B9491E5E
:10DE80004FF4004343EA8123038000BF00BFA9E1B0
:10DE9000E07802287DD100BF00BF6078E0BB00BF02
:10DEA0003246B6F850100A442178022303EBC10130
:10DEB00002F5806303EB4101084600BF236953B9B3
:10DEC000038848F2FF3C03EA0C030380038843F411
:10DED000004303801EE023693E2B0DD800BF236959
:10DEE0005908237C03F0010303B1491C4FF6FF736B
:10DEF00003EA812303800DE000BF23695909237CD5
:10DF000003F01F0303B9491E4FF4004343EA812382
:10DF1000038000BF00BF13E0FFE7607801280FD146
:10DF200000BF3046B6F8502010442278022303EB9D
:10DF3000C20200F5806303EB4201228A0A8000BF1F
:10DF400000BF00BF33466078E8BB00BF3246B6F87A
:10DF500050100A4421784FF0060909EBC10102F57F
:10DF6000806909EB4101084600BFD4F81090B9F16F
:10DF7000000F0FD1B0F8009048F2FF3A09EA0A0901
:10DF8000A0F80090B0F8009049F40049A0F8009083
:10DF90002EE06BE0D4F81090B9F13E0F14D800BF1A
:10DFA000D4F810904FEA590194F8109009F0010943
:10DFB000B9F1000F00D0491C4FF6FF7909EA812919
:10DFC000A0F8009014E015E000BFD4F810904FEADC
:10DFD000591194F8109009F01F09B9F1000F00D100
:10DFE000491E4FF4004949EA8129A0F8009000BF7A
:10DFF00000BF10E0607801280DD1B6F8500003444E
:10E000002078062101EBC00003F5806101EB400C94
:10E01000208AACF8000000BF00BFE069002824D0CF
:10E020002078400036F8108008F4804010B108F0E5
:10E03000400038B908F48040002816D108F04000AC
:10E04000002812D100BF00BF2178490036F8111016
:10E0500048F68F7201EA020040F4004141F0C0012D
:10E060002278520026F8121000BFBBE0E0780128A9
:10E070007CD12169A069884204D92569A069401B27
:10E08000A06102E0A5690020A06100BF00BF607828
:10E09000B0BB00BF3246B6F850100A4421780223C4
:10E0A00003EBC10102F5806303EB4101084600BFA9
:10E0B00055B9038848F2FF3C03EA0C030380038848
:10E0C00043F40043038019E03E2D0BD800BF6908DC
:10E0D00005F0010303B1491C4FF6FF7303EA8123E6
:10E0E00003800BE000BF690905F01F0303B9491E57
:10E0F0004FF4004343EA8123038000BF00BF12E0D6
:10E10000FFE7607801280ED100BF3046B6F85020F6
:10E1100010442278022303EBC20200F5806303EB74
:10E1200042010D8000BF00BF00BF3346607890BB46
:10E1300000BF3246B6F850100A4421784FF0060965
:10E1400009EBC10102F5806909EB4101084600BFF6
:10E1500085B9B0F8009048F2FF3A09EA0A09A0F838
:10E160000090B0F8009049F4004900E037E0A0F8D2
:10E17000009020E03E2D0FD800BF690805F001098E
:10E18000B9F1000F00D0491C4FF6FF7909EA812947
:10E19000A0F800900FE010E000BF690905F01F092A
:10E1A000B9F1000F00D1491E4FF4004949EA812915
:10E1B000A0F8009000BF00BF0FE0607801280CD1EC
:10E1C000B6F8500003442078062101EBC00003F5A7
:10E1D000806101EB400CACF8005000BF02E0012070
:10E1E000BDE8F08700BF2178490036F811104BF6E2
:10E1F0008F7201EA020080F4805080F4005040F4F5
:10E20000004141F080012278520026F8121000BF30
:10E210000020E5E701460020A1F844004FF43F420A
:10E22000A1F840207047000010B50248FAF70AF93B
:10E2300010BD0000781600200146B1F84400704778
:10E240002DE9F04304460E4615464FEA530CA0460E
:10E25000304608F5806909EB450267460AE01188F7
:10E26000921C0170401C4FEA112980F80090401C5C
:10E27000921C7F1E002FF2D103F00109B9F1000FAB
:10E2800001D011880170BDE8F0830246002070477C
:10E29000024611B98020A2F84C00002070472DE9F9
:10E2A000F04704460D461E4606F1010A4FEA5A0899
:10E2B000A146284609F5806A0AEB420347460BE06F
:10E2C00090F800C0401C90F800A04CEA0A21198088
:10E2D0009B1C9B1C401C7F1E002FF1D1BDE8F087CA
:10E2E00000BFFEE770B504460D4600221021084825
:10E2F000F9F79CFA7E2101EA4400FCF737FE284634
:10E30000FCF734FE012210210148F9F78FFA70BDA5
:10E31000000801400FB4084B10B504A902AA0398E5
:10E3200000F038F8044602A9002000F0D4F9204695
:10E3300010BC5DF814FB0000D7E600080248006836
:10E34000C0F30220704700000CED00E010B500287B
:10E3500004DB0A07130E054A135406E00A07140EDD
:10E36000034A00F00F031B1FD45410BD00E400E06B
:10E3700018ED00E002E008C8121F08C1002AFAD117
:10E3800070477047002001E001C1121F002AFBD135
:10E39000704700002DE9FF4F8BB0884605460026E8
:10E3A00006E025280BD0DDE90D1290476D1C761C88
:10E3B00028780028F5D10FB03046BDE8F08F002452
:10E3C000A146A2460122AE4900E0044315F8013FF0
:10E3D000203B02FA03F00842F7D128782A2810D00F
:10E3E0006FF02F022878A0F13001092915D809EB28
:10E3F000890102EB410144F0020400EB01096D1CAC
:10E40000F0E758F8041B5FEA010903D544F400540F
:10E41000C9F1000944F002046D1C28782E2817D198
:10E4200015F8010F44F004042A280ED06FF02F02D3
:10E430002878A0F1300109290AD80AEB8A0102EBF9
:10E44000410100EB010A6D1CF2E758F804AB6D1CAA
:10E4500028786C280FD006DC4C2817D068280DD0FF
:10E460006A2814D104E0742810D07A280FD10DE066
:10E4700044F400140AE044F4801401E044F440142D
:10E480006978814202D104F580146D1C6D1C2878D6
:10E49000692865D006DC00288DD0632827D0642841
:10E4A00006D15DE06E2808D073282AD0752877D071
:10E4B000DDE90D129047761CE0E0C4F3025002281B
:10E4C00009D003280DD0D8F8001004280DD00E6014
:10E4D00008F10408D2E0D8F80010F217C1E9006290
:10E4E000F6E7D8F800100E80F2E70E70F0E718F8A3
:10E4F000041B8DF8001000208DF80100EB46012070
:10E5000003E058F804BB4FF0FF3061074FF00007FD
:10E5100001D40AE07F1C57450DDA8742FADB1BF86D
:10E5200007100029F6D106E07F1C8742FCDB1BF8B0
:10E5300007100029F8D1DDE90D23A9EB070081467A
:10E54000214600F0B1F83044C61904E0DDE90D12AF
:10E550001BF8010B90477F1EF8D22146484688E001
:10E5600058F8040BC4F302514FF00A0B032900D1F1
:10E5700000B2042900D140B2002802DA40422D2125
:10E5800002E0210505D52B218DF82410012104E09E
:10E5900006E0E10710D02021F6E708AF089113E06C
:10E5A00058F8040BC4F302514FF00A0B032900D1B1
:10E5B00080B2042900D1C0B20021EEE75946F7F736
:10E5C000AFFA303107F8011D0028F7D1ADEB070095
:10E5D00000F1200B600702D524F4803401E04FF0F5
:10E5E000010ADA4502DDAAEB0B0000E000208246BA
:10E5F00000EB0B0108980144A9EB01000A90E0032D
:10E6000006D4DDE90D2321460A9800F04DF80644B2
:10E610004FF0000908E009A911F80900DDE90D1221
:10E62000904709F10109761C08998945F3DBE0035D
:10E630000CD5DDE90D2321460A9800F035F8064493
:10E6400004E0DDE90D1230209047761CBAF100019C
:10E65000AAF1010AF5DC05E0DDE90D1217F8010B5E
:10E660009047761CBBF10001ABF1010BF4DC0A987A
:10E670002146DDE90D2300F005F806446D1C97E600
:10E68000092801002DE9F041044600251E461746E1
:10E69000880404D405E039462020B0476D1C641E70
:10E6A000F9D52846BDE8F0812DE9F0410446002562
:10E6B0001E469046C80301D5302700E02027880475
:10E6C00004D505E041463846B0476D1C641EF9D5B7
:10E6D0002846BDE8F0810A68531C0B601070704733
:10E6E00010B5044674B10FA000F084FE01201A4951
:10E6F00008701720F9F768F94FF416711748F7F703
:10E700003AF90DE016A000F075FE002012490870DD
:10E710001720F9F737F94FF416711048F7F72BF96E
:10E7200010BD00007B2252656365697665223A7BE5
:10E7300022537461747573223A32367D2C22412241
:10E740003A7B2254797065223A2253656E644944BB
:10E75000227D7D0A0000000060000020740400207B
:10E760007B2252656365697665223A7B2253746128
:10E77000747573223A32367D2C2241223A7B225420
:10E78000797065223A22556E53656E644944227D44
:10E790007D0A000010B50120F8F74EFD05A000F03D
:10E7A00029FEF7F7ADFF4FF416710F48F7F7E3F8BE
:10E7B00010BD00007B2252656365697665223A7B55
:10E7C00022537461747573223A32367D2C224622AC
:10E7D0003A7B2254797065223A2243616E73656CEC
:10E7E000227D7D0A0000000074040020014601F033
:10E7F000030090B96420B1FBF0F200FB121050B995
:10E800004FF4C870B1FBF0F200FB121008B9012000
:10E8100070470020FCE70120FAE70020F8E700003D
:10E8200070B5002500240DE01C48005D642801D16E
:10E83000681CC5B21948005D742801D1681CC5B2B6
:10E84000601CC4B21548F7F7A1F8A042ECD2022D23
:10E8500011D1134A13A11148F7F7A0F81048006826
:10E86000F7F7AEFF4FF416710C48F7F784F8002065
:10E870000E49087010E013200D4908700DA000F03B
:10E88000B9FD0020094908700549086000254FF4CA
:10E8900016710248F7F76FF870BD0000740400208D
:10E8A00004000020642564740000000009000020BA
:10E8B000140000207B2252656365697665223A7BED
:10E8C00022537461747573223A31397D7D0A0000D8
:10E8D00010B586B00446F8F77DFD012004900F487E
:10E8E0000390002001900120029005A901A8F8F7EB
:10E8F000B7FC78B9F8F70CFD0598401C10B1002062
:10E9000006B010BD24B9FF2210210548F7F72CF8F6
:10E910000120F5E7F8F7FCFC0020F1E7405400087F
:10E92000A81B002000B500221021104600F002F8BC
:10E9300000BD000030B503465818402801D900201A
:10E9400030BD18460FE02AB1094C044494F8404405
:10E950001470521C102805D2054C044494F840440D
:10E96000044D2C54401CCC188442ECD80120E7E71D
:10E9700000500008A81B00202DE9F04706468946F4
:10E98000154606EB0900402802D90020BDE8F087B3
:10E990000DB90020FAE7F8F71DFD002413E02A5D09
:10E9A000601C285C42EA0020C3170746A019094AE8
:10E9B00081183A460120F8F7B5FC18B1F8F7A8FC21
:10E9C0000020E3E7A41C4C45E9D3F8F7A1FC0120A3
:10E9D000DCE700004054000870B5002500240DE07D
:10E9E0001E48005D652801D1681CC5B21B48005D4A
:10E9F0004C2801D1681CC5B2601CC4B21748F6F798
:10EA0000C5FFA042ECD2022D13D1154A15A113481F
:10EA1000F6F7C4FF12480068F7F7AAFC4FF4167126
:10EA20000E48F6F7A8FF002010490860104908704A
:10EA300013E013200F4908700FA000F0DBFC00204A
:10EA40000B4908700649086000254FF41671034809
:10EA5000F6F791FF00200549086070BD740400209E
:10EA6000040000206525644C000000001800002010
:10EA700008000020140000207B225265636569763F
:10EA800065223A7B22537461747573223A31397D61
:10EA90007D00000000B585B00120F8F7CDFB002215
:10EAA00015491648FAF70AFC002215491348FAF7E7
:10EAB000A7FB1348007812498978114A5278104B05
:10EAC000DB78CDE90132CDE903100B488078009066
:10EAD0000948437802780BA11948FFF71BFC184836
:10EAE00000F088FC0120F8F7A7FB4FF416711548D9
:10EAF000F6F741FF05B000BD780000206408002053
:10EB00007B0000207B2254223A7B2248223A256453
:10EB10002C224D223A25642C2253223A25642C22A1
:10EB200059223A25642C226D223A25642C22442253
:10EB30003A25642C2257223A25647D7D0A00000084
:10EB4000CC0600207404002010B507A000F052FC91
:10EB5000F7F7D6FD0020124908704FF416711148DE
:10EB6000F6F709FF10BD00007B22526563656976E8
:10EB700065223A7B22537461747573223A32367D72
:10EB80002C2246223A7B2254797065223A2249642B
:10EB9000656E746966794F6666227D7D0A000000A5
:10EBA000110000207404002010B507A000F022FC22
:10EBB0000120F8F741FB0120104908704FF416714D
:10EBC0000F48F6F7D8FE10BD7B2252656365697663
:10EBD00065223A7B22537461747573223A32367D12
:10EBE0002C2246223A7B2254797065223A224964CB
:10EBF000656E74696679227D7D0A0000110000202F
:10EC00007404002070B504460D46002617E001226A
:10EC100051020C48F8F70AFE2846F8F70DFB0022CF
:10EC20004FF400710748F8F701FE2846F8F704FB97
:10EC3000012251020348F8F7F9FD701CC6B2A64242
:10EC4000E5DB70BD0008014008B500BFF8F736FEEF
:10EC5000FCF7BBFCFBF728FEFBF7B6FEFBF7CCFE90
:10EC6000FBF7EEFEFBF722FFFBF79AFEFE48FAF7F2
:10EC700087FF4FF40050FD4B0822FD490090002013
:10EC8000FCF752FB0221FBA000F022FCFA480068CE
:10EC9000C06840F02000F8490968C8600A20F8F709
:10ECA000CBFA0020F5490860FBF7CEFCFFF73AFEEF
:10ECB0001E210720FFF7A6FF4FF47A70F8F7BCFA81
:10ECC000FBF710FF4FF47A70F8F7B6FA0120EC4921
:10ECD000087056E24AF6AA20EA4909680860FBF77C
:10ECE000B3FCE948008800287DD00120F8F7A4FA99
:10ECF000E6480078572812D1E448407965280ED1BB
:10ED0000E3A000F077FBE14A40F23A216420F8F7F3
:10ED1000EDF80120E5490870F7F79CF931E2DB488E
:10ED20000078612872D015DC492870D009DCA0F188
:10ED3000410007286CD2DFE800F091DFBD9FDF883B
:10ED4000C3004E2879D0522874D0542873D0562846
:10ED50005ED118E0722822D00CDC662861D004DC79
:10ED6000642869D06528F3D18CE0692875D06E28B5
:10ED7000EED14EE0732843D075280AD0802833D0D6
:10ED80008128E5D136E000F051FB0120C749087029
:10ED9000C1E000F0E9FC0120C4490870BBE0C4A058
:10EDA00000F028FB0A20F8F747FA00BF00BF00BFB9
:10EDB00000BF00BFBFF34F8F00BF00BF00BFC348FD
:10EDC000006800F4E060C2490843001DBF490860C4
:10EDD00000BF00BF00BFBFF34F8F00BF00BF00BF29
:10EDE00000BF00BFFDE7A6E000F0E2FB0120AF4955
:10EDF000087090E0FFF74EFE0120AC4908708AE0F1
:10EE000000F080FB0120A949087084E02DE045E076
:10EE100072E031216E2000F029FA0120A349087028
:10EE200079E03121662000F021FA01209F49087025
:10EE300071E002E05AE04EE02AE032216E2000F05C
:10EE400015FA01209949087065E03221662000F02A
:10EE50000DFA0120954908705DE025E00120FFF7DB
:10EE60003FFC01209149087055E00020FFF738FC75
:10EE700001208E4908704EE0F7F7A8F901208B4970
:10EE8000087048E00120934908708849087042E002
:10EE9000012091490870854908703CE0FFF754FE55
:10EEA00001208249087036E0FFF77EFE01207F498D
:10EEB000087030E0FFF76EFC01207C4908702AE002
:10EEC000F7F7DEFC0120794908704FF416716F489E
:10EED000F6F751FD1FE000F0E1FB012073490870D7
:10EEE0004FF416716948F6F746FD14E001207B499E
:10EEF00008706E4908700EE079A000F07BFA1320CC
:10EF00007E490870002069490870F7F7A3F80020CF
:10EF10007B49086000BF00BF1320784908700020BB
:10EF20006249087076490860574908807549088029
:10EF30000120F8F781F97448007808B1F7F7D8FD97
:10EF40006548007808B1FFF76BFC6248007808B1AB
:10EF5000FFF742FD6148007808B100F02FF96B48D7
:10EF6000007858B16A48007840B10620F8F764F993
:10EF7000684800F03FFA002064490870644800784F
:10EF800040B900206449087064490860222164483F
:10EF9000F6F7F1FC6348FBF7A3FA20B16148FBF7F1
:10EFA0009FFA00B1EDE010210020FBF737FA70B1B5
:10EFB0005C48FBF795FA20B15A48FBF791FA00B18B
:10EFC000DFE010210020FBF729FA00B1D9E0564913
:10EFD0000120FBF77DFA002845D153488079AB2802
:10EFE00040D15148C079E8BB4F48C07BD0BB4E48A8
:10EFF00000784E4908604C484078096801EB0020D1
:10F000004A49086048488078494908604648C078BD
:10F01000096801EB00204649086043480079096807
:10F0200001EB0040424908603F484079096801EB24
:10F0300000603F4908603D48006800F40040B0F5BA
:10F04000004F7DD139480068C0F30E003749086091
:10F050000846006846F6292148403449086034488B
:10F06000006868E087E08BE0D008002000100140D5
:10F07000000C0140737300005C0900202000002098
:10F0800002000020580800200C000020740400201A
:10F090007B2252656365697665223A7B22537461EF
:10F0A000747573223A32367D0A0000006700002032
:10F0B0007B22526563697665223A7B2253746174C0
:10F0C0007573223A37307D7D0A0000000CED00E0B8
:10F0D0000000FA0508000020090000200B000020B5
:10F0E0007B2252656365697665223A7B225374619F
:10F0F000747573223A31397D0A0000001400002033
:10F10000180000200E0000201100002061000020E7
:10F11000600000202A070020580000205C0000202A
:10F12000080700206A000020F20700207400002079
:10F130007000002004E04BF2A6214840114908600D
:10F140001148007890B11148007850B91048036810
:10F150000C4802680FA11648FFF7DCF8144800F0CD
:10F1600049F94FF47A70F8F767F807E032210A207E
:10F17000FFF748FD02E00FA000F03CF9FBF764FA4E
:10F1800000BFA7E570000020010000206300002000
:10F19000740000207B2243223A7B224944223A25F4
:10F1A000642C225543223A25647D7D0A000000002C
:10F1B000F20700206572726F720A000070B50025B8
:10F1C00000240DE01C48005D522801D1681CC5B226
:10F1D0001948005D642801D1681CC5B2601CC4B226
:10F1E0001548F6F7D3FBA042ECD2022D11D1134AF9
:10F1F00013A11148F6F7D2FB10480068F7F79AFB05
:10F200004FF416710C48F6F7B6FB00200E49087053
:10F2100010E013200D4908700DA000F0EBF800205D
:10F22000094908700549086000254FF41671024825
:10F23000F6F7A1FB70BD000074040020040000205C
:10F2400052256464000000000B0000201400002020
:10F250007B2252656365697665223A7B225374612D
:10F26000747573223A31397D7D0A000070B5044609
:10F270000D46312D2AD16E2C12D1012211022A48BD
:10F28000F8F7D4FA0120F7F7D7FF28A000F0B2F87A
:10F290000120324908704FF416713148F6F76BFBC4
:10F2A000662C13D100224FF480711F48F8F7BEFA84
:10F2B0000120F7F7C1FF2BA000F09CF8012027499F
:10F2C00008704FF416712648F6F755FB322D2AD1F7
:10F2D0006E2C12D1012291021348F8F7A7FA0120EF
:10F2E000F7F7AAFF2BA000F085F801201B49087052
:10F2F0004FF416711A48F6F73EFB662C13D1002224
:10F300004FF480610848F8F791FA0120F7F794FF6D
:10F310002CA000F06FF80120104908704FF416710E
:10F320000F48F6F728FB70BD000801407B225265AC
:10F330006365697665223A7B225374617475732222
:10F340003A32367D2C225231223A7B225374617438
:10F350007573223A32337D7D0A0000006700002079
:10F36000740400207B2252656365697665223A7BCE
:10F3700022537461747573223A32367D2C225231D5
:10F38000223A7B22537461747573223A32347D7D44
:10F390000A0000007B2252656365697665223A7B2C
:10F3A00022537461747573223A32367D2C225232A4
:10F3B000223A7B22537461747573223A32337D7D15
:10F3C0000A0000007B2252656365697665223A7BFC
:10F3D00022537461747573223A32367D2C22523274
:10F3E000223A7B22537461747573223A32347D7DE4
:10F3F0000A00000070B504462046F6F7C7FAC5B209
:10F4000029462046F6F786FE00224FF40071064892
:10F41000F8F70CFA0120F7F70FFF0122510202481A
:10F42000F8F704FA70BD00000008014000B599B07B
:10F4300064216846F6F79FFA04220DA16846FEF79C
:10F4400069FF6846FFF7D6FF0120F7F7F5FE16A023
:10F45000FFF7D0FF0120F7F7EFFE16A0FFF7CAFF76
:10F460004FF416711948F6F786FA19B000BD00007E
:10F470007B224669726D77617265223A7B22462251
:10F480003A312C2244657669636554797065223A75
:10F4900022494F222C2252656C65617365223A30F5
:10F4A00025647D7D0A00000057697468426F6F749F
:10F4B0000A0000005265616465722054797065200D
:10F4C0003A2052433532320A000000007404002012
:10F4D00070B504460D4600260FE0012221460020AB
:10F4E000FBF77CFF641C4AF6AA20054909680860FE
:10F4F0000520F7F7A1FE701CC6B2AE42EDDB70BD71
:10F500005808002010B50C48007810B90BA0FFF780
:10F5100071FF0948007810B116A0FFF76BFF06488D
:10F52000007880F00100044908704FF416711F48FC
:10F53000F6F721FA10BD0000630000207B2252651F
:10F540006365697665223A7B225374617475732210
:10F550003A32367D2C2243223A7B2254797065223E
:10F560003A22556E53656E6453657269616C227DF3
:10F570007D0A00007B2252656365697665223A7BCD
:10F5800022537461747573223A32367D2C224322E1
:10F590003A7B2254797065223A2253656E64536532
:10F5A0007269616C227D7D0A0000000074040020F5
:10F5B00010B51CA0FFF71EFF2848407828490870A6
:10F5C0002648807848702548C0788870234800799C
:10F5D0002449887021484079487020488079087013
:10F5E0001E48C079C8700120F7F726FE00221C498A
:10F5F0001D48F9F7D9FF10B11CA0FFF7FBFE012051
:10F60000F7F71AFE002217491748F9F71FFF10B144
:10F610001CA0FFF7EFFE4FF416711048F6F7ABF998
:10F6200010BD00007B2252656365697665223A7BD6
:10F6300022537461747573223A32367D2C2254221F
:10F640003A7B2254797065223A2253657454696D6D
:10F650006544617465227D7D0A0000007404002009
:10F66000780000207B000020640800207B225422C8
:10F670003A7B22537461747573223A3132387D7D3E
:10F680000A0000007B2254223A7B22537461747575
:10F6900073223A3132397D7D0A00000008B500201E
:10F6A0000090F7F72DF86420F7F7C6FD6A460021B1
:10F6B0004FF4A870F7F7F0FA6420F7F7BDFD124891
:10F6C0000078AA2813D11048407855280FD10E4849
:10F6D000807850280BD10C48C078012807D10A48FF
:10F6E0000079042803D109A0FFF784FE02E012A0EC
:10F6F000FFF780FEC820F7F79FFD4FF41671024810
:10F70000F6F739F908BD00001C0200207B224622D2
:10F710003A7B2254797065223A2254657374436FA0
:10F720006E6E656374696F6E222C225374617475FA
:10F7300073223A307D7D0A007B2246223A7B225496
:10F74000797065223A2254657374436F6E6E6563F7
:10F7500074696F6E222C22537461747573223A316E
:10F76000387D7D0A0000000010B5FFF7DBF80028A7
:10F7700019D06420F7F760FD0020FFF7A9F80CA26C
:10F7800008210020FFF7F8F848B10520F7F754FDED
:10F790000AA0FFF72FFE0520F7F74EFD06E010A0A8
:10F7A000FFF728FE02E00EA0FFF724FE10BD0000C8
:10F7B000426F6F5431323334000000007B225570A9
:10F7C000646174654669726D77617265223A7B2265
:10F7D000537461747573223A32367D0A000000005A
:10F7E0007B225570646174654669726D77617265DC
:10F7F000223A7B22537461747573223A31397D0A3F
:10F80000000000001F1C1F1E1F1E1F1F1E1F1E1F8B
:10F8100000000000000000000102030406070809C0
:10F820000000000001020304895171F21DCB0000A9
:10F8300000000000000000008D5F307CF05E0000E2
:10F840000000000000000000B22CE4247D900000C5
:10F850000000000000000000579B07B3A4E900006F
:10F860000000000000000000E32F50F2E3D0000091
:10F870000000000000000000E9C1254FA07D00004D
:10F880000000000000000000FFFFFFFFFFFF00007E
:10F890000000000000000000DDDDDDDDDCBBBBDDC5
:10F8A000DDDDDDDDDDDDDDDD988888888888888820
:10F8B0007777777777888888855555566666666640
:10F8C000666666666668888883333332222222221F
:10F8D000222222222228888D7B2252656365697646
:10F8E00065223A7B22537461747573223A32367DF5
:10F8F0002C2246223A7B2254797065223A224765AF
:10F9000074456D7074794944222C22537461747566
:10F9100073223A25647D7D0A000000003CF900084E
:10F92000000000201C020000545F000818FA0008C4
:10F930001C0200200C20000084E3000801103201AA
:10F94000F21402250305120A0211302A0152295528
:10F950000117130DC01B0855041A65041A89041AEF
:10F96000C10413D9BF1B081D08131201140202029F
:10F970001640830440571D02010203480E21040370
:10F9800009041A911381601B08510413C15F1B08FD
:10F99000A508415A10E08173B2074B24F4C2120645
:10F9A00032022A40241369BC1408A9BB4C088BBD41
:10F9B0003C1AF70C13F9BA1B087508C11A49281A22
:10F9C00039041A59041A29041C090243AB111DC039
:10F9D0003209046D1A020B130524161001052401C7
:10F9E00010090104240202052406170107058203F9
:10F9F000081C100904E1320A1D070501027B2C07CF
:10FA0000058107110937442A40072A8107112B096C
:08FA100007440A3B0444000016
:04000005080058EDAA
:00000001FF
