:020000040800F2
:105800007822002001590008EDAA000821A3000811
:10581000E9AA0008BD5F000851E30008000000008D
:1058200000000000000000000000000041B200087D
:10583000D361000800000000E7AE0008A7B500082B
:105840001B5900081B5900081B5900081B59000868
:105850001B5900081B5900081B5900081B59000858
:105860001B5900081B5900081B5900081B59000848
:105870001B5900081B5900081B5900081B59000838
:105880001B5900081B5900081B5900081B59000828
:1058900099E200081B5900081B5900081B59000811
:1058A0001B5900081B5900081B5900081B59000808
:1058B0001B59000855B600081B5900081B59000861
:1058C0001B5900081B5900081B5900081B590008E8
:1058D0001B59000869BA0008B5BA000819BB0008CE
:1058E0001B5900081B5900081B590008DFF80CD091
:1058F00000F06EF90048004705ED0008782200200E
:105900000648804706480047FEE7FEE7FEE7FEE759
:10591000FEE7FEE7FEE7FEE7FEE7FEE745B6000826
:10592000ED580008202A04DB203A21FA02F0002179
:10593000704721FA02F3D040C2F12002914008439F
:105940001946704740EA01039B0703D009E008C9E4
:10595000121F08C0042AFAD203E011F8013B00F834
:10596000013B521EF9D27047D2B201E000F8012B80
:10597000491EFBD270470022F6E710B513460A46CF
:1059800004461946FFF7F0FF204610BD421C10F8F0
:10599000011B0029FBD1801A704700000FB400B52D
:1059A0008DB010A909900B9000914FF0FF300A9034
:1059B00000200C9005480690054807906A4609A803
:1059C0000F9900F0D7F80DB05DF814FB915B00085B
:1059D000AF5B00082DE9FF5F1D464FF0FF3BD5E9A7
:1059E000014691465F464FF00008A9697F1C019867
:1059F0008847296A824688470028F6D1BAF1FF3FD6
:105A00000CD024F4C064002E19DD600614D5BAF160
:105A10002B0F09D0BAF12D0F0ED103E0584604B078
:105A2000BDE8F09F44F48064A9697F1C0198884711
:105A3000761E8246002E02DDBAF1300F03D0B9F196
:105A4000000F26D032E0A969761E44F400747F1C52
:105A5000019888478246002E05DDBAF1780F06D0FE
:105A6000BAF1580F03D0B9F1000F10D01EE0B9F110
:105A7000000F02D0B9F1100F18D1A969761E24F4D5
:105A800000747F1C019888478246102002E008209D
:105A900000E00A20814609E008FB0908A969761E92
:105AA00044F400747F1C019888478246002E05DD6F
:105AB0004946504600F04AF80028EDDAE9690198B5
:105AC0008847A00502D46FF00100A8E7E00725D1C0
:105AD000600613D5600502D5C8F1000000E040461D
:105AE00029680A1D2A600968220501D5087015E099
:105AF000220701D5088011E008600FE02868011D29
:105B000029600068210502D580F8008006E02107A1
:105B100002D5A0F8008001E0C0F8008038467EE79A
:105B200030B50B46014600202022012409E021FA6D
:105B300002F59D4205D303FA02F5491B04FA02F56A
:105B40002844151EA2F10102F1DC30BD3A2800D232
:105B5000303820F02002412A01D3A2F137008842D8
:105B600001D34FF0FF307047026811441378016091
:105B700018467047D16004495161044911620021FF
:105B80001161114600F03CB8695B0008F55B000844
:105B9000426842B1016811F8013B23B1521EC0E9CD
:105BA0000012184670470121C160881E7047426884
:105BB0005AB1C368016843B983688B4205D0491E56
:105BC000521CC0E90012002070474FF0FF307047B0
:105BD000064C074D06E0E06840F0010394E807003A
:105BE00098471034AC42F6D3FFF784FEB4FB0008AC
:105BF000D4FB0008C0B24FF4F05100F097B9000098
:105C00002DE9F34F8BB04FF0000801F10C000C466A
:105C10004FF0010B46460DF1080A0190626901211F
:105C200001989047051E2DD0252D2CD0216A88473C
:105C3000C0B16269012101989047216A8847002814
:105C4000F7D1411E62690198904700E0761CA16976
:105C50000B988847216A88470028F7D1E1690B989B
:105C60008847DBE7A1690B9888470746A84201D11E
:105C7000761CD3E7E1690B9888477F1C02D1B8F105
:105C8000000F6FD046E1002762693D463946019812
:105C900090472A2804D16269012101989047012583
:105CA000DFF884926269012101989047A0F13001E8
:105CB0000A290AD24F45E5DC07EB870100EB4107D3
:105CC000303FDFD445F01005ECE7E90601D46FF072
:105CD00000476C280AD04C2814D0682815D06A28B0
:105CE0000DD074281CD07A281AD01DE062690121D9
:105CF000019890476C2802D045F0040514E045F067
:105D000002050DE045F020050AE0626901210198D5
:105D10009047682802D045F0080505E045F4006585
:105D20006269012101989047C4E9015765283DD077
:105D300019DC58287AD00CDC452837D004DC25281B
:105D400026D0412831D131E046282FD047282CD108
:105D50002CE05B2877D0612828D063287CD0642889
:105D600023D15AE0D0E06F2848D008DC66281DD047
:105D700067281BD0692821D06E2816D127E070280B
:105D800045D0732868D0752847D078280DD14DE0CC
:105D9000A1690B988847054625283FF469AFE1695A
:105DA0000B9888476D1C3FF46AAFB3E023466A4600
:105DB0006FF001000B99AFF300809EE045F04000CA
:105DC0006060A80723464FF0000236D43EE0E807A3
:105DD0007FF447AF2068011D21600068290501D5C7
:105DE00006701BE7290701D5068017E7A90703D529
:105DF000F117C0E9006111E706600FE745F04000C8
:105E00006060A80723464FF0080216D41EE040F653
:105E10000E0125EA0100606016E045F04000606078
:105E2000A80723464FF00A0207D40FE045F04000D0
:105E30006060A80708D5234610226FF001000B9977
:105E4000AFF3008059E007E0234610226FF0010015
:105E50000B99FFF7BFFD50E04FF000094F464B464E
:105E6000632802D05B2806D040E0E80601D4012078
:105E7000A06001273AE062690121019890475E28FD
:105E800005D14FF00109626949460198904721699F
:105E900039B900210A46534643F82120491C0829F4
:105EA000FADBB0B3216969B9C11700EBD1625311B4
:105EB0000AEB830122F01F02821A01200B68904036
:105EC00003430B6062690121019890475D28E8D186
:105ED000B9F1000F09D00020514651F82020D243DB
:105EE00041F82020401C0828F7DB02AB224600972F
:105EF0006FF001000B99AFF3008000280CDA401C12
:105F000008D1BBF1000F05D04FF0FF300DB0BDE858
:105F1000F08FFFE74046F9E7E90701D108F10108F2
:105F200006444FF0000B79E6CCCCCC0C7F2801D98D
:105F3000002208E0064A02EB5002C007127800D1A6
:105F4000120902F00F020120904008407047000043
:105F500030FB000870B58C1810F8015B15F00703D2
:105F600001D110F8013B2A1106D110F8012B03E0F2
:105F700010F8016B01F8016B5B1EF9D12B0705D4FA
:105F80000023521E0DD401F8013BFAE710F8013B43
:105F9000CB1A921C03E013F8015B01F8015B521E5F
:105FA000F9D5A142D8D3002070BD10B5142005F05A
:105FB000ABF80321142005F044F910BD00BFFEE743
:105FC00030B50346042B15D007DC7BB1012B0ED076
:105FD000022B0DD0032B2DD10BE0202B0BD0212B2E
:105FE00015D0222B1FD0232B24D122E023E022E046
:105FF00021E020E01FE0002003E00C5C0F4D2C545A
:10600000401C0728F9DB00200D4C207013E0002015
:1060100003E00A4C245C0C54401C0728F9DB0020E8
:10602000074C207007E006480078401C044C2070A4
:1060300001E000E000BF00BF002030BDE000002014
:106040000000002000207047002003E00021064AE5
:106050001154401CB0F5167FF8D300200349088086
:106060000349088070470000840400200C000020D1
:106070000E00002010B500220449054805F0B1FECD
:106080000449034805F0A6FE002010BDE0120020E0
:10609000340A0020F80E00202DE9F04105460E4696
:1060A000194930680860002003E0295C174A115440
:1060B000401C154909688842F7D32946144805F061
:1060C00089FE377813480488002113E0685C0F4A82
:1060D0001055601C80B24FF4167290FBF2F302FB75
:1060E000130084B20C480088844202D10220BDE82B
:1060F000F081491CB942E9D306480480044805F000
:1061000045FE0020F3E70000240000208404002066
:10611000340A00200C0000200E0000202DE9F04180
:1061200004460D4600260A48D0F8B872D7F8140283
:1061300010B10120BDE8F0812A462146044805F04F
:1061400050FE034805F0D1FE06463046F2E7000057
:10615000340A00202DE9F0410746884615460421FF
:10616000052000F029F880210A2005F06AF80024B3
:1061700005E0395D092008F04FF9601CC4B24445C0
:10618000F7DB0321012008F047F9FF2400BF0520B9
:1061900004F0BAFF0646601EC4B21CB106F004004B
:1061A0000028F4D0222004F0AFFF2870212004F052
:1061B000ABFF6870BDE8F08170B505460C46284617
:1061C00004F0A2FF064626EA0401284608F024F956
:1061D00070BD704710B500F0A7FA002003490870A1
:1061E0004FF416710248FFF7C6FB10BD11000020E6
:1061F0008404002072B603E01E21642008F060FDD4
:10620000FAE700000021074AD1610749096941F016
:106210000401054A11611146096941F0400111610B
:1062200070470000D81B0020002002400021074AD0
:10623000D1610749096941F00201054A116111461E
:106240004861096941F0400111617047D81B002085
:10625000002002400022054BDA61054A126942F033
:106260000102034B1A61018070470000D81B002017
:106270000020024000201E49C96801F0100139B118
:106280001C49C96941F002011A4AD16140F010006D
:106290001749C96801F0040139B11649C96941F0CB
:1062A0000101144AD16140F004001149C96901F0AB
:1062B000010169B10F49C96941F004010D4AD16179
:1062C00000BF0B49C96921F00101094AD16100BF32
:1062D00000BF40F20111884206D10549C96921F089
:1062E0000101034AD16101E00149C86000BF704764
:1062F00000200240D81B002070B5044601F01CFAB3
:10630000054609E0601C38B124B101F015FA401BC4
:10631000A04201D9032070BD1248C06800F00100FE
:106320000028EFD10F48C06800F0200020B100BF66
:1063300020200C49C86000BF0A48C06800F0100067
:1063400048B90848C06900F0010020B90548C06894
:1063500000F0040018B1FFF78DFF0120DBE70020FB
:10636000D9E70000002002402DE9F0419AB007462D
:10637000642101A8FFF7FFFA4FF0000800209F49B1
:10638000086000249E480578002600F0B5F96420D6
:1063900000F04EFFF8B28DF80400380A8DF80500C1
:1063A00001AA022140F2031000F072FC642000F008
:1063B0003FFF94480078AA287ED19248407855281B
:1063C000FAD1904880790028F6D1DBE08D48017A37
:1063D000407A01EB00244FF6F17084422ED18A48B6
:1063E000007843280DD100F087F985480570012019
:1063F00000F01EFF85A009F04BF900201AB0BDE89F
:10640000F08100207E49087022468DA101A808F085
:106410001BF801A809F03CF9642101A8FFF7ABFAC9
:106420004FF47A7000F004FF701CC6B24AF6AA203E
:106430009349096808600020704908604FF6F270BF
:1064400084422CD17048007843280BD100F054F9D5
:106450006B480570012000F0EBFE6CA009F018F904
:106460000020CBE7002066490870224674A101A8ED
:1064700007F0EAFF01A809F00BF9642101A8FFF772
:106480007AFA4FF47A7000F0D3FE00205B4908607E
:10649000701CC6B24AF6AA207949096808604FF60E
:1064A000F37084422ED15848007843280DD100F073
:1064B00023F95348057000E068E0012000F0B8FEC1
:1064C00052A009F0E5F8002098E700204C49087038
:1064D00022465BA101A807F0B7FF01A809F0D8F890
:1064E000642101A8FFF747FA4FF47A7000F0A0FE8C
:1064F000002042490860701CC6B24AF6AA206049D2
:10650000096808604FF6F47084421BD10026002011
:106510003B49087022464AA101A807F095FF01A84F
:1065200009F0B6F8642101A8FFF725FA4FF47A7054
:1065300000F07EFE0020314908603248017A407A3E
:1065400001EB00244FF6F37084420CD0401E8442CD
:1065500009D0401E844206D0C01C844203D014B12E
:106560004FF0010800263C2E0CD100264FF4167186
:106570002448FFF700FA2248057042A009F088F885
:1065800000203BE7B8F1000F3FF420AF1D488079B1
:10659000E0B11C48017A407A01EB0024642101A893
:1065A000FFF7E9F9224641A101A807F04DFF01A834
:1065B00009F06EF8002011490860114805704FF489
:1065C00016711048FFF7D7F9002017E7B8F1010F4F
:1065D00002D140A009F05CF84FF47A7000F028FE78
:1065E0004FF416710748FFF7C6F900200349086009
:1065F000012003490870002000E700002C00002063
:10660000110000202C020020840400207B2252650F
:106610006365697665223A7B2253746174757322CF
:106620003A32367D2C2246223A7B225479706522FA
:106630003A2243616E73656C227D7D0A0000000082
:106640007B2252656365697665223A7B22537461C9
:10665000747573223A32367D2C2246223A7B2254BC
:10666000797065223A22456E726F6C6C222C22532F
:106670007461747573223A25647D7D0A0000000000
:10668000A80800207B2246223A7B2254797065229A
:106690003A22456E726F6C6C222C225374617475B1
:1066A00073223A31387D7D0A000000007B224622A9
:1066B0003A7B2254797065223A22456E726F6C6C77
:1066C000222C22537461747573223A25647D7D0AED
:1066D000000000007B2246223A7B2254797065221A
:1066E0003A22456E726F6C6C222C22537461747561
:1066F00073223A307D7D0A0000B58DB034216846A2
:10670000FFF739F96A4600214FF4987000F0C0FA9B
:10671000642000F08DFD4FF416710248FFF72BF94D
:106720000DB000BD2C02002010B59AB0642101A864
:10673000FFF721F90024FFF7DFFF642000F078FD68
:1067400001AA00214FF4837000F0A2FA094882796F
:1067500009A101A807F078FE01A808F099FFC82058
:1067600000F066FD4FF416710248FFF704F90020AF
:106770001AB010BD2C0200207B2252656365697639
:1067800065223A7B22537461747573223A32367DE6
:106790002C2246223A7B2254797065223A224465A3
:1067A0006C657465414C4C222C2253746174757372
:1067B000223A25647D7D0A0030B599B00446002058
:1067C0001B490860FFF798FF642000F031FDE0B23C
:1067D0008DF80000200A8DF801006A46022140F27F
:1067E000051000F055FA642000F022FD1148807970
:1067F00030B91048827910A1684607F025FE09E0FB
:106800000C48017A407A01EB00252A460AA1684625
:1068100007F01AFE684608F03BFFC82000F008FDAC
:106820004FF416710348FFF7A6F8002019B030BDE9
:106830002C0000202C0200207B22526563656976C3
:1068400065223A7B22537461747573223A32367D25
:106850002C2246223A7B2254797065223A224465E2
:106860006C657465222C22537461747573223A2509
:10687000647D7D0A0000000010B59AB00020184920
:106880000860FFF739FF642000F0D2FC01AA002164
:1068900040F2071000F0FCF9962000F0C9FC114806
:1068A000017A407A01EB00240E48807928B922460B
:1068B0000DA101A807F0C8FD04E022461A4901A86D
:1068C00007F0C2FD01A808F0E3FE642000F0B0FC70
:1068D0004FF416710348FFF74EF800201AB010BDB0
:1068E0002C0000202C0200207B2252656365697613
:1068F00065223A7B22537461747573223A32367D75
:106900002C2246223A7B2254797065223A2247652E
:1069100074456D7074794944222C224944223A25E9
:10692000647D7D0A0000000070FB00082DE9F04343
:10693000ADF5297D0646002500204C4908704C49DC
:106940000860FFF7D9FE642000F072FC002048497F
:1069500008604FF416714748FFF70DF8642000F007
:1069600067FCF0B28DF84002300A8DF841026420D5
:1069700000F05EFC90AA02214FF4857000F088F9C7
:10698000642000F055FC002413E03A48005DA5287F
:106990000ED13849601C085C5A2809D1A01C085C3B
:1069A0000A2805D1E01C085C012801D1254603E036
:1069B000641CB4F5167FE8D300BF2E49281D095C7E
:1069C0002C4A681D105C01EB0020071F114605F1E1
:1069D0000800095C401C105C01EB00294FF40F71AA
:1069E00001A8FEF7C8FF4FF47A7000F021FC0024E4
:1069F00007E005F10A0020441E49085C01A908557A
:106A0000641CBC42F5D301201849087019488079EC
:106A1000B0B93B46324618A190A807F015FD90A8E2
:106A200008F036FE0A2000F003FC394601A8FFF703
:106A300075FB0A2000F0FCFB1EA008F029FE0CE00C
:106A40000C48017A407A01EB002842461BA190A82D
:106A500007F0FAFC90A808F01BFE4FF416710548E9
:106A6000FEF789FF0DF5297DBDE8F08310000020B9
:106A70002C0000202C0200207B2246223A7B22544C
:106A8000797065223A225265616454656D706C615B
:106A90007465222C224944223A25642C22446174D4
:106AA0006153697A65223A25642C2244617461221B
:106AB0003A220000227D7D0A000000007B2246224F
:106AC0003A7B2254797065223A225265616454659A
:106AD0006D706C617465222C22537461747573221D
:106AE0003A25647D7D0A000010B59AB0642101A8A2
:106AF000FEF741FF00204E49086001AA00214FF433
:106B0000817000F0C5F8052000F092FB4948017A39
:106B1000407A01EB002447480078AA2819D145485B
:106B20008079B8B94FF6F47084427AD0002C78D0CE
:106B3000224641A101A807F087FC01A808F0A8FDA2
:106B4000642101A8FEF717FF4FF416713948FEF7CC
:106B500012FF66E02046232C53D006DC122828D0F2
:106B600015280FD021285AD152E041283BD0A0F55A
:106B700010502F3800282FD0A0F55B40C5380028D2
:106B80004DD137E0224637A101A807F05DFC01A8EE
:106B900008F07EFD00203D4908704FF4167125482D
:106BA000FEF7E9FE642101A8FEF7E5FE00201AB019
:106BB00010BD221D2BA101A807F046FC01A808F07A
:106BC00067FD4FF416711B48FEF7D5FE642101A83E
:106BD000FEF7D1FE0020EAE74FF416711548FEF7E4
:106BE000CAFE0020E3E74FF416711248FEF7C3FE19
:106BF0000020DCE74FF416710E48FEF7BCFE0020C3
:106C0000D5E74FF416710B48FEF7B5FE0020CEE72E
:106C10004FF416710748FEF7AEFE0020C7E700BF2D
:106C200000BF4FF416710348FEF7A5FE0020BEE733
:106C30002C0000202C0200207B2246223A7B22548A
:106C4000797065223A224964656E74696679222CEE
:106C50002254656D706C617465223A25647D7D0AED
:106C6000000000007B2246223A7B22547970652284
:106C70003A224964656E74696679222C22537461E4
:106C8000747573223A25647D7D0A0000110000208E
:106C90002DE9F0418EB005460C4690460026552061
:106CA0008DF8040001A800F019FA5536AA208DF8D5
:106CB00005000DF1050000F011FAAA362846E91783
:106CC00005EB11610912A5EB0121C9B28DF806107F
:106CD0000DF1060000F002FA2846E91705EB1161F4
:106CE0000912A5EB012131448EB2E91705EB1161C0
:106CF000090A8DF807100DF1070000F0EFF928469A
:106D0000E91705EB116106EB21218EB22046E11750
:106D100004EB11610912A4EB0121C9B28DF808102E
:106D200002A800F0DBF92046E11704EB116109121B
:106D3000A4EB012131448EB2E11704EB1161090A81
:106D40008DF809100DF1090000F0C8F92046E1178F
:106D500004EB116106EB21218EB200270EE018F83A
:106D60000710B81D01AA115408EB070000F0B6F98E
:106D700018F80700304486B2781CC7B2A742EEDB91
:106D800009E00021B81D01AA1154B91D881800F0AE
:106D9000A5F9781CC7B2102FF3DB3046F11706EBCC
:106DA00011610912A6EB0121C9B28DF81A100DF17B
:106DB0001A0000F093F93046F11706EB1161090A49
:106DC0008DF81B100DF11B0000F088F900270EB0A4
:106DD000BDE8F0812DE9F0438DB004460E4617461C
:106DE0009946002500BF5A208DF80000684600F043
:106DF00075F95A35A5208DF801000DF1010000F05C
:106E00006DF9A5352046E11704EB11610912A4EBD9
:106E10000121C9B28DF802100DF1020000F05EF9F7
:106E20002046E11704EB11610912A4EB01210D4486
:106E3000E11704EB1161090A8DF803100DF103004D
:106E400000F04CF92046E11704EB116105EB212518
:106E5000B01CC0B28DF8040001A800F03FF9B01CCE
:106E6000C0B20544B01C000A8DF805000DF1050004
:106E700000F034F9B01C05EB1025F8B28DF80600CF
:106E80000DF1060000F02AF9F8B20544380A8DF831
:106E900007000DF1070000F021F905EB17254FF071
:106EA00000080BE009EB080000F018F919F80800D9
:106EB0000544052000F0BCF908F10108B045F1D304
:106EC000E8B28DF82F000DF12F0000F007F9280A25
:106ED0008DF830000CA800F001F94FF000080DB05B
:106EE000BDE8F083F0B5ADF5297D07460D461446A3
:106EF0004FF40F7101A8FEF73EFDA178607801EB19
:106F000000272179E07801EB0025062004E0225CCF
:106F1000811F01AB5A54401CA91D8842F7D3FFF7CB
:106F2000EBFB642000F084F94FF416713548FEF74E
:106F300022FD002034490860002603E0002090A9CB
:106F40008855761C642EF9D3642000F071F9E8B2FC
:106F50008DF84002280A8DF841024AF6AA202B49F2
:106F60000968086090AA022140F20B10FFF790FE1A
:106F7000642000F05DF901AB3A46294640F20B105F
:106F8000FFF728FF4AF6AA202049096808604FF455
:106F90007A7000F04DF91B480078A52829D11948CE
:106FA0008079002817D1A178607801EB002215487C
:106FB000017A407A01EB0020824208D13A4614A1BE
:106FC00090A807F041FA90A808F062FB11E020A019
:106FD00008F05EFB0DE00B48007A602802D128A083
:106FE00008F056FB0748007A702802D12FA008F05D
:106FF0004FFB4FF416710348FEF7BDFC01200DF561
:10700000297DF0BD2C0200202C000020A8080020C3
:107010007B2246223A7B2254797065223A225772AB
:1070200069746554656D706C617465222C225772A9
:1070300069746554656D706C6174654944223A25C4
:10704000642C22537461747573223A307D7D0A007A
:107050007B2246223A7B2254797065223A2257726B
:1070600069746554656D706C617465222C2253746B
:1070700061747573223A3130307D7D0A0000000062
:107080007B2246223A7B2254797065223A2257723B
:1070900069746554656D706C617465222C2253743B
:1070A00061747573223A39367D7D0A007B2246224F
:1070B0003A7B2254797065223A225772697465547A
:1070C000656D706C617465222C22537461747573E4
:1070D000223A3131327D7D0A0000000010B50446AD
:1070E00001231A462146024803F0AFF810BD000004
:1070F000AC09002070B50A480468001D0568001D31
:107100000668344454B108220649204603F0A8F921
:10711000042204491031284603F0A2F970BD000092
:10712000E8F7FF1FC60000200146002291F8210069
:10713000022808D00420886300BF002081F82000C6
:1071400000BF012070470868006820F00E000B683F
:1071500018600868006820F001000B68186091F85A
:10716000403001209840CB6B5860012081F821000D
:1071700000BF002081F8200000BF1046E2E70000B9
:1071800070B50446002594F82100022803D004209D
:10719000A063012548E02068006820F00E00216807
:1071A00008602068006820F00100216808601F491D
:1071B0002068884201D1012026E01C491431206852
:1071C000884201D110201FE01849283120688842E8
:1071D00001D1801518E015493C312068884201D161
:1071E000801411E0114950312068884202D14FF4D7
:1071F000803009E00D4964312068884202D14FF4A3
:10720000801001E04FF08070084908394860012083
:1072100084F8210000BF002084F8200000BF606BCC
:1072200010B12046616B8847284670BD08000240B7
:1072300070B5044600F080FA06462546681C10B179
:1072400004480078054400BF00F076FA801BA8428D
:10725000FAD370BD000100202DE9F04104460E462E
:107260000127002500BF2648007E012802D1022008
:10727000BDE8F08101202249087600BF206802287D
:1072800013D14CF25030FFF737F890BB0120FEF7D6
:10729000B9FF4CF25030FFF72FF807461948006944
:1072A00020F004001749086123E04CF25030FFF74A
:1072B00023F8F0B94FF0FF303060A56812E028469F
:1072C000FEF7B4FF4CF25030FFF716F807460D48B2
:1072D000006920F002000B4908610FB1356007E03A
:1072E00005F58065D4E9021001EB8020A842E6D8BC
:1072F00000BF00BF00200249087600BF3846B7E74C
:10730000D81B0020002002400348006940F08000A4
:107310000149086100207047002002402DE9FE4F1E
:1073200005468B4617469846012600240020029009
:1073300000BF2448007E012802D10220BDE8FE8F54
:1073400001202049087600BF4CF25030FEF7D4FFF0
:10735000064686BB012D02D10120029006E0022DD7
:1073600002D10220029001E00420029000241EE0DD
:107370002201B946C24648465146FEF7D3FA80B2CA
:107380000190022000FB04B000900199FEF762FF1B
:107390004CF25030FEF7B0FF06460B48006920F073
:1073A00001000949086106B104E0601CC4B20298FA
:1073B0008442DDDB00BF00BF00200249087600BF29
:1073C0003046BBE7D81B00200020024000200849BF
:1073D000096901F0800151B10649054A5160064929
:1073E00051601146096901F0800101B10120704727
:1073F0000020024023016745AB89EFCD2DE9F84716
:107400000346002294466EE14FF0010808FA02F4A8
:10741000D1F8008008EA0400A0427DD1DFF8DCA2A8
:10742000D1F80480A8EB0A09D0453AD014DCB8F1B1
:10743000030F50D009DCB8F1000F31D0B8F1010FC3
:107440001CD0B8F1020F49D120E0B8F1110F18D0CB
:10745000B8F1120F42D11EE0B9F5881F25D006DC25
:10746000B9F5803F20D0B9F5801F37D11AE0B9F5C2
:10747000001F18D0B9F5041F30D117E0D1F80CC0A7
:107480002DE0D1F80C8008F1040C28E0D1F80C8034
:1074900008F1080C23E0D1F80C8008F10C0C1EE078
:1074A00000BF00BF00BF00BF00BF00BFD1F8088011
:1074B000B8F1000F02D14FF0040C0BE0D1F80880B6
:1074C000B8F1010F03D14FF0080C1C6102E04FF03E
:1074D000080C5C6103E04FF0000C00E000BF00BF4F
:1074E000FF2801D8984601E003F104084646FF282A
:1074F00002D84FEA820803E0A2F108084FEA8808A0
:107500004746D6F800804FF00F0909FA07F928EA34
:1075100009080CFA07F900E088E048EA0908C6F80B
:107520000080D1F8048008F08058B8F1805F7DD1E8
:1075300000BFDFF8CC81D8F8188048F00108DFF8E8
:10754000C091C9F81880C846D8F8188008F001081A
:10755000CDF8008000BF00BF4FEAB9384FEA92096A
:1075600058F829504FEA82784FEA18794FF00F08FF
:1075700008FA09F825EA0805DFF88881434502D1B1
:107580004FF0000816E0DFF88081434502D14FF04C
:1075900001080FE0DFF87481434502D14FF0020883
:1075A00008E0DFF86C81434502D14FF0030801E0A9
:1075B0004FF004084FEA82794FEA197908FA09F87E
:1075C00048EA0505DFF84C814FEA920948F829504E
:1075D000D1F8048008F48038B8F5803F0AD1DFF88C
:1075E0003881D8F8008048EA0008DFF82C91C9F803
:1075F000008009E0DFF82081D8F8008028EA000840
:10760000DFF81491C9F80080D1F8048008F400383C
:10761000B8F5003F10D1DFF8008108F10408D8F870
:10762000008048EA0008DFF8F09000E05AE009F135
:107630000409C9F800800DE0DFF8DC8008F10408D7
:10764000D8F8008028EA0008DFF8CC9009F1040996
:10765000C9F80080D1F8048008F48018B8F5801FBC
:107660000ED1DFF8B48008F10808D8F8008048EAA5
:107670000008DFF8A49009F10809C9F800800DE0BE
:10768000DFF8948008F10808D8F8008028EA00089C
:10769000DFF8849009F10809C9F80080D1F8048066
:1076A00008F40018B8F5001F0ED1DFF86C8008F15F
:1076B0000C08D8F8008048EA0008DFF85C9009F16F
:1076C0000C09C9F800800DE0DFF84C8008F10C08C7
:1076D000D8F8008028EA0008DFF83C9009F10C098E
:1076E000C9F80080521CD1F8008028FA02F8B8F1DD
:1076F000000F7FF489AEBDE8F8870000000011108C
:107700000010024000080140000C01400010014040
:107710000014014008000140000401400246936843
:107720000B400BB1012000E0002070470AB101615D
:1077300001E00B04036170470148006870470000D6
:10774000F800002070B504460CB9012070BD4CF65D
:10775000CC402168086045F2555021680860D4E9A2
:10776000001048602168A0688860FFF7E5FF0546C3
:107770000BE0FFF7E1FF401B272806D92068C0680F
:1077800000F0030008B10320E0E72068C06800F0C3
:1077900003000028EDD14AF6AA20216808600020E5
:1077A000D4E7000003480068034909780844014908
:1077B00008607047F80000200001002010B508485C
:1077C000006840F0100006490860032000F0A8F8A7
:1077D000002000F007F800F02BF8002010BD00009A
:1077E0000020024070B504460E4800784FF47A71CC
:1077F000B1FBF0F00C490968B1FBF0F5284602F046
:1078000068F808B1012070BD102C07D20022214673
:10781000501E00F047F80548046001E00120F2E73F
:107820000020F0E70001002014010020FC000020EF
:1078300008B500BF1148806940F001000F49886118
:107840000846806900F00100009000BF00BF00BF43
:107850000846C06940F08050C8610846C06900F021
:107860008050009000BF00BF00BF0549486820F06D
:10787000E06040F00070486000BF08BD00100240AA
:107880000000014001460846002809DB00F01F0304
:1078900001229A4043099B0003F1E023C3F8002131
:1078A00000BF70472DE9F05F80460D461646002761
:1078B00006F0DEFD074639462A46334601F007004A
:1078C000C0F1070ABAF1040F02D94FF0040A01E02F
:1078D000C0F1070AD14600F1040ABAF1070F02D23B
:1078E0004FF0000A01E0A0F1030AD4464FF0010A6C
:1078F0000AFA09FAAAF1010A0AEA020A0AFA0CFAD1
:107900004FF0010B0BFA0CFBABF1010B0BEA030B75
:107910004AEA0B042146404606F0B2FDBDE8F09F5E
:1079200000BF00F00702064B19684FF6FF0319402D
:10793000044B0B4343EA0221014B196000BF70471F
:107940000CED00E00000FA0570B505460C4604F0A9
:107950008000802808D104F0070000EB800605F1C4
:10796000280000EBC60105E004EB840605F5B470C1
:1079700000EBC6011AB900200873CB8004E0012097
:1079800008730B81180C4881002070BD704770B5DA
:1079900004460D4605EB850304F1280101EBC30104
:1079A0004A692946D4F8E80204F0A8FD70BD70B514
:1079B00004460D4605EB850304F5B47101EBC301E4
:1079C0004A692946D4F8E80204F018FE70BD70B583
:1079D00004460E4606F0800080280AD106F0070013
:1079E00000EB800104F1280000EBC1050120687064
:1079F00009E006F0070000EB800104F5B47000EB2D
:107A0000C1050020687006F00700287000BF94F8D8
:107A1000A802012801D1022070BD012084F8A8022B
:107A200000BF2946206805F071FC00BF002084F8E3
:107A3000A80200BF00BFEFE770B504460E4606F08F
:107A40000F006168884201D9012070BD06F08000F6
:107A500080280AD106F0070000EB800104F128001D
:107A600000EBC1050120687009E006F0070000EB9B
:107A7000800104F5B47000EBC1050020687000209F
:107A8000A87006F00700287000BF94F8A80201282B
:107A900001D10220D9E7012084F8A80200BF2946BD
:107AA000206805F08FFD00BF002084F8A80200BF09
:107AB00000BFCAE72DE9F04105460C46174607F41A
:107AC0008040002850D02868B0F85010207801EB92
:107AD000C000801C296801F5806131F81000C0F3F6
:107AE0000906A069B04203D3A069801BA06101E030
:107AF0000020A061A069A8B900BF227852002968BF
:107B000031F812104BF68F7201EA020080F4005037
:107B100040F4004141F0800123785B002A6822F89C
:107B2000131000BF07F04000A8B100BF00BF2278CB
:107B30005200296831F8121048F68F7201EA0200EB
:107B400040F4004141F0C00123785B002A6822F82C
:107B5000131000BF00BF002E55D022896169334643
:107B6000286806F0A5FB4EE02868B0F85010207891
:107B700001EBC000801D296801F5806131F810001B
:107B8000C0F30906A069B04203D3A069801BA061BD
:107B900001E00020A061A069A8B900BF22785200CE
:107BA000296831F812104BF68F7201EA020080F456
:107BB000005040F4004141F0800123785B002A68C6
:107BC00022F8131000BF07F04000A8B900BF00BFA3
:107BD00022785200296831F8121048F68F7201EAB3
:107BE000020040F4004141F0C00123785B002A68A4
:107BF00022F8131000BF00BF2EB1628961693346BD
:107C0000286806F055FB3046BDE8F0812DE9F047C5
:107C100005460C46904608F04000002871D02868C0
:107C2000B0F85010207801EBC000801C296801F5E5
:107C3000806131F81000C0F30907A069B84203D988
:107C4000A069C01BA06101E00020A061A06900281C
:107C50007ED100BF6078C8B900BF29682A68B2F831
:107C6000502011442278022303EBC20201F5806305
:107C700003EB420000BF028848F2FF331A40028043
:107C8000028842F40042028000BF13E060780128BD
:107C900010D100BF28682A68B2F85020104422781A
:107CA000022303EBC20200F5806303EB42010022D2
:107CB0000A8000BF00BF00BF2968607810BB00BF0A
:107CC0002B68D5F800C0BCF850C0634494F800C0DD
:107CD0004FF0060909EBCC0C03F5806909EB4C0069
:107CE00000BFB0F800C048F2FF390CEA090CA0F858
:107CF00000C0B0F800C04CF4004CA0F800C000BFB9
:107D000011E0C0E0607801280DD12868B0F850007B
:107D100001442078062303EBC00001F5806303EBE8
:107D200040020020108000BF21782846FFF72FFE78
:107D300008F48040002816D000BF00BF227852000F
:107D4000296831F8121048F68F7201EA020000E04B
:107D50000AE040F4004141F4814123785B002A6845
:107D600022F8131000BFCAE108F48040A8B100BF98
:107D700000BF22785200296831F8121048F68F723D
:107D800001EA020040F4004141F4814223785B00A3
:107D9000296821F8132000BF00BF94F824000128AF
:107DA000E1D1606938446061E0693844E06121698B
:107DB000206A884204D32669206A801B20620BE077
:107DC000206A20B93E46002084F8240004E0002008
:107DD00084F82400266A206200BF6078B8BB00BF28
:107DE0002A682968B1F850100A442178022303EB6D
:107DF000C10102F5806303EB4101084600BF56B99B
:107E0000038848F2FF3C03EA0C030380038843F431
:107E10000043038019E03E2E0BD800BF710806F026
:107E2000010303B1491C4FF6FF7303EA812303806A
:107E30000BE000BF710906F01F0303B9491E4FF4A0
:107E4000004343EA8123038000BF00BF13E0FFE744
:107E5000607801280FD100BF28682A68B2F8502046
:107E600010442278022303EBC20200F5806303EB87
:107E700042010E8000BF00BFB3B222896169286849
:107E800006F045FA3BE12868B0F85010207801EB85
:107E9000C000801D296801F5806131F81000C0F331
:107EA0000907A069B84203D3A069C01BA06101E023
:107EB0000020A061A06900287DD100BF6078C8B90A
:107EC00000BF29682A68B2F85020114422780223A2
:107ED00003EBC20201F5806303EB420000BF02889E
:107EE00048F2FF331A400280028842F400420280C6
:107EF00000BF13E06078012810D100BF28682A680D
:107F0000B2F8502010442278022303EBC20200F59D
:107F1000806303EB420100220A8000BF00BF00BF64
:107F20002968607808BB00BF2B68D5F800C0BCF892
:107F300050C0634494F800C04FF0060909EBCC0C24
:107F400003F5806909EB4C0000BFB0F800C048F2AF
:107F5000FF390CEA090CA0F800C0B0F800C04CF4DE
:107F6000004CA0F800C000BF10E0607801280DD1DF
:107F70002868B0F8500001442078062303EBC000C5
:107F800001F5806303EB40020020108000BF2178E0
:107F90002846FFF7FCFC08F48040002816D100BFFB
:107FA00000BF22785200296831F8121048F68F720B
:107FB00001EA020000E00AE040F4004141F481419E
:107FC00023785B002A6822F8131000BF97E008F4BA
:107FD0008040A8B900BF00BF22785200296831F85C
:107FE000121048F68F7201EA020040F4004141F499
:107FF000814123785B002A6822F8131000BF00BF7C
:1080000094F8240001287AD1606938446061E069FD
:108010003844E0612169206A884204D32669206AD5
:10802000801B20620BE0206A20B93E46002084F8C5
:10803000240004E0266A0020206284F8240000BFA7
:108040002A68607890BB00BFD5F800C02968B1F8F5
:1080500050108C4421784FF0060909EBC1010CF552
:10806000806909EB4101084600BF76B9B0F800907D
:1080700048F2FF3A09EA0A09A0F80090B0F8009027
:1080800049F40049A0F8009020E03E2E0FD800BF30
:10809000710806F00109B9F1000F00D0491C4FF634
:1080A000FF7909EA8129A0F800900FE010E000BFF5
:1080B000710906F01F09B9F1000F00D1491E4FF4F4
:1080C000004949EA8129A0F8009000BF00BF0FE0F5
:1080D000607801280CD12868B0F85000024420785C
:1080E000062101EBC00002F5806101EB40031E8018
:1080F00000BFB3B262896169286806F008F900BF61
:1081000022785200296831F8121048F6BF7201EA4D
:10811000020080F0100080F0200040F4004141F0A7
:10812000800123785B002A6822F8131000BF00202A
:10813000BDE8F087024601F0070000EB800302F57E
:10814000B47000EBC300C06970472DE9F0470546E5
:108150000E4690461F464FF0000906F0800080282A
:108160000AD106F0070000EB800105F1280000EBC2
:10817000C1040120607009E006F0070000EB8001F7
:1081800005F5B47000EBC1040020607006F0070034
:108190002070C4F81080E770607808B12078E08122
:1081A000022F01D10020207100BF95F8A8020128FC
:1081B00002D10220BDE8F087012085F8A80200BFA7
:1081C0002146286804F078FE00BF002085F8A80248
:1081D00000BF4846EEE72DE9F04105460E4617463A
:1081E000984606F0070000EB800105F5B47000EB3F
:1081F000C1046761C4F818800020E061607006F077
:108200000700207006F0070020B92146286805F015
:1082100074FA03E02146286805F06FFA0020BDE8F3
:10822000F08170B504460D4605F00700616888428C
:1082300001D9012070BD05F0800080280AD105F029
:10824000070000EB800104F1280000EBC1060120CB
:10825000707007E005EB850104F5B47000EBC10612
:10826000002070700120B07005F00700307000BF72
:1082700094F8A802012801D10220DBE7012084F84C
:10828000A80200BF3146206805F009FA05F0070092
:1082900020B904F52C71206805F091F900BF002089
:1082A00084F8A80200BF00BFC4E72DE9F0410546ED
:1082B0000E4690461F4606F0070000EB800105F1D0
:1082C000280000EBC104C4F81480A761012084F8E1
:1082D000240027620020E0610120607006F00700A2
:1082E000207006F0070020B92146286805F005FA3D
:1082F00003E02146286805F000FA0020BDE8F0817F
:108300007FB50446206805F0CFFF00F40040B0F5CB
:10831000004F02D1204602F0EDFB206805F0C4FFBB
:1083200000F48060B0F5806F0FD12068B0F8440091
:108330004FF6FF3108402168A1F84400204600F0C4
:108340009FF90021204600F0BBF9206805F0ACFF42
:1083500000F48040B0F5804F08D12068B0F84400A8
:108360004BF6FF7108402168A1F84400206805F031
:108370009BFF00F40050B0F5005F08D12068B0F812
:1083800044004DF6FF7108402168A1F844002068C0
:1083900005F08AFF00F48050B0F5805F1DD12068A1
:1083A000B0F840004FF6FB7108402168A1F840008A
:1083B0002068B0F840004FF6F77108402168A1F836
:1083C0004000204600F06EF92068B0F844004EF6F8
:1083D000FF7108402168A1F84400206805F064FF9F
:1083E00000F40060B0F5006F55D1002507E069008A
:1083F000206830F811002DF81500681CC5B2082D52
:10840000F5D32068B0F8400040F001002168A1F8E1
:1084100040002068B0F840004FF6FE710840216827
:10842000A1F8400000BF2068B0F8440000F480606C
:108430000028F8D02068B0F844004FF6FF3108401B
:108440002168A1F84400002507E03DF815006A0006
:10845000216821F81200681CC5B2082DF5D32068E8
:10846000B0F8400040F008002168A1F84000206802
:10847000B0F844004FF2FF7108402168A1F84400B1
:108480002068B0F8400040F004002168A1F84000E6
:10849000204600F057F9206805F006FF00F4007050
:1084A000B0F5007F0BD12068B0F844004FF6FF51C3
:1084B00008402168A1F84400204600F0FAF820683E
:1084C00005F0F2FE00F48070B0F5807F08D12068DE
:1084D000B0F844004FF6FF6108402168A1F844005D
:1084E0007FBD30B585B0044614B9012005B030BD5C
:1084F00094F8A90228B9002084F8A802204600F0C8
:108500009DF8032084F8A902206805F04EF8142293
:1085100004F110016846FDF715FA94E80F0004F025
:10852000F1FE20B1022084F8A9020120DEE700213B
:10853000206805F0E2FE002531E0012105EB85020F
:1085400004F1280000EBC200417005EB850104F145
:10855000280000F8315005EB850100EBC100C58112
:10856000002105EB850204F1280000EBC200C17078
:1085700005EB850204F1280000EBC200016105EB68
:10858000850204F1280000EBC200416105EB850281
:1085900004F1280000EBC2008161681CC5B260686C
:1085A000A842CAD800252AE0002105EB850204F57F
:1085B000B47000EBC200417005EB850104F5B470A6
:1085C00000F83150002105EB850200EBC200C170BC
:1085D00005EB850204F5B47000EBC200016105EB08
:1085E000850204F5B47000EBC200416105EB850221
:1085F00004F5B47000EBC2008161681CC5B260680C
:10860000A842D1D8142204F110016846FDF79AF966
:1086100094E80F0004F0BEFF20B1022084F8A90204
:10862000012063E7002084F82400012084F8A902D7
:10863000206804F0ACFF002058E7000038B504467D
:108640000D492068884215D100BF0C48C06940F42C
:1086500000000A49C8610846C06900F400000090A3
:1086600000BF00BF002211461420FFF71BF91420A1
:10867000FFF708F938BD0000005C00400010024020
:1086800070B504460125A068022801D0FDF7B2FDAF
:108690002946D4F8E80204F0E5F8D4F8E80204F03A
:1086A00097F870BD10B50446D4F8E80204F0BEF89F
:1086B00010BD10B50446D4F8E80204F0C2F810BDAD
:1086C00070B504460D4600BF94F8A802012801D1F8
:1086D000022070BD012084F8A80200BF84F8245055
:1086E0002946206805F00CFE00BF002084F8A8028F
:1086F00000BF00BFEDE710B5044604F52C71D4F8B7
:10870000E80204F0C6F810BD10B5044600BF94F8A6
:10871000A802012801D1022010BD012084F8A8027E
:1087200000BF206805F0AEFD01212046FFF72EF9BD
:10873000206804F029FF00BF002084F8A80200BFD1
:1087400000BFE9E710B50446D4F8E80204F0FAF8EF
:10875000A06928B10348006840F00600014908609C
:1087600010BD000010ED00E00120014908627047D3
:1087700000000E422DE9F04385B006463BA30FCB27
:1087800001AC0FC43DA0006800904FF00008002528
:1087900000270024A146012E30D0022E55D0102EE5
:1087A0005ED137484468006800F0807000B301A8CB
:1087B000C4F38341475C04F4803070B130484068B2
:1087C000C0F340401DF8008004F4803040B12D48D3
:1087D000B0FBF8F000FB07F502E02B4807FB00F5C3
:1087E0002748406800F48000B0F5800F01D1A94609
:1087F00003E068000321B0FBF1F932E02048046A8D
:1088000004F44070B0F5807F05D104F0020010B18F
:108810004FF4004918E004F44070B0F5007F07D130
:108820001748406A00F0020010B149F640490BE0D9
:1088300004F44070B0F5407F06D11148006800F4A0
:10884000003008B14FF224490BE000F09BF90C49CD
:108850004968C1F38131491C4900B0FBF1F900E0DE
:1088600000BF00BF484605B0BDE8F0830203040521
:10887000060708090A0B0C0D0E0F1010010200006C
:108880000010024000127A0000093D00F8B50446CD
:1088900000260025207800F0010000286BD000277A
:1088A0004348C06900F0805070B900BF4048C069BB
:1088B00040F080503E49C8610846C06900F08050D1
:1088C000009000BF00BF01273A48006800F48070A4
:1088D000B0B93848006840F4807036490860FEF747
:1088E0002BFF064606E0FEF727FF801B642801D910
:1088F0000320F8BD2F48006800F480700028F2D0F3
:108900002B48006A00F440752DB3A08800F4407035
:10891000A84220D02648006A20F44075012026494C
:108920000860002008602248056205F0010090B14F
:10893000FEF702FF064608E0FEF7FEFE801B41F24E
:108940008831884201D90320D3E71948006A00F032
:1089500002000028F0D01648006A20F440706168D8
:10896000084313490862012F04D10846C06920F06A
:108970008050C86100BF207800F00200022807D1B3
:108980000B48406820F44040A1680843084948600B
:10899000207800F01000102807D10548406820F426
:1089A0008000E1680843024948600020A1E7000018
:1089B0000010024000700040400442427047000036
:1089C00070B504460D460CB9012070BD5A480068C8
:1089D00000F00700A8420ED25748006820F00700B8
:1089E0002843554908600846006800F00700A8427F
:1089F00001D00120E9E7207800F0020002281DD113
:108A0000207800F00400042805D14C48406840F468
:108A1000E0604A494860207800F00800082805D145
:108A20004648406840F460504449486043484068C4
:108A300020F0F000A168084340494860207800F029
:108A4000010078B36068012806D13C48006800F452
:108A5000003090B90120B8E76068022806D1374895
:108A6000006800F0007040B90120AEE733480068AC
:108A700000F0020008B90120A7E73048406820F064
:108A80000300616808432D494860FEF755FE06461D
:108A900009E0FEF751FE801B41F28831884202D97D
:108AA000032092E707E02548406800F00C00616869
:108AB000B0EB810FEDD12048006800F00700A8421C
:108AC0000ED91D48006820F0070028431A490860A5
:108AD0000846006800F00700A84201D0012074E7B2
:108AE000207800F00400042807D11448406820F4DE
:108AF000E060E168084311494860207800F0080010
:108B0000082808D10D48406820F46050216940EAE7
:108B1000C1000A49486000F045F808494968C1F3B6
:108B20000311074A515CC8400649086006480068BE
:108B3000FEF758FE002048E70020024000100240E7
:108B4000A8FA000814010020FC00002001200149BF
:108B5000C864704700004242014800687047000046
:108B60001401002000B5FFF7F7FF04494968C1F37D
:108B70000221034A515CC84000BD000000100240C1
:108B8000B8FA000800B5FFF7E7FF04494968C1F3E8
:108B9000C221034A515CC84000BD000000100240E1
:108BA000B8FA0008F0B585B00FF26C0C9CE8E01044
:108BB00001A8A0E8E0101CA52D6800950021002266
:108BC000002300240020194D696801F00C05F5B15F
:108BD000042D02D0082D19D101E0154819E001AD8E
:108BE000C1F38346AC5D01F4803555B10F4D6D681E
:108BF000C5F340451DF805200D4D6543B5FBF2F367
:108C000002E00C4D04FB05F3184602E000BF0848E3
:108C100000BF00BF05B0F0BD020304050607080948
:108C20000A0B0C0D0E0F1010010200000010024084
:108C300000127A0000093D0010B50648806800F077
:108C40008000802804D1FFF7B9FE80200149887296
:108C500010BD000000100240F8B504460CB9012018
:108C6000F8BD207800F00100002878D0F84840686E
:108C700000F00C0004280CD0F548406800F00C000F
:108C8000082811D1F248406800F48030B0F5803FE8
:108C90000AD1EF48006800F4003000285FD0606817
:108CA00000285CD10120DBE700BF6068B0F5803FA1
:108CB00006D1E748006840F48030E549086028E0C4
:108CC000606858B9E248006820F48030E0490860E4
:108CD0000846006820F4802008601AE06068B0F55B
:108CE000A02F0BD1DA48006840F48020D8490860F2
:108CF0000846006840F4803008600AE0D448006804
:108D000020F48030D24908600846006820F48020B2
:108D1000086000BF606888B1FEF70EFD054606E0FA
:108D2000FEF70AFD401B642801D9032098E7C848D4
:108D3000006800F400300028F2D010E0FEF7FCFCE0
:108D4000054606E0FEF7F8FC401B642801D9032025
:108D500086E7BF48006800F400300028F2D1207890
:108D600000F00200022857D1B948406800F00C001A
:108D700050B1B748406800F00C00082818D1B4483A
:108D8000406800F4803098B9B148006800F00200F3
:108D900020B12069012801D0012061E7AC480068BA
:108DA00020F0F800616940EAC100A949086033E099
:108DB0002069E8B10120A7490860FEF7BDFC05461F
:108DC00006E0FEF7B9FC401B022801D9032047E763
:108DD0009F48006800F002000028F2D09C4800681C
:108DE00020F0F800616940EAC1009949086013E089
:108DF000002098490860FEF79FFC054606E0FEF754
:108E00009BFC401B022801D9032029E790480068F9
:108E100000F002000028F2D1207800F008000828B5
:108E20002DD1A069B8B101208B490860FEF784FC00
:108E3000054606E0FEF780FC401B022801D903200E
:108E40000EE78348406A00F002000028F2D00120BB
:108E500002F08EF813E000207F490860FEF76CFCFA
:108E6000054606E0FEF768FC401B022801D90320F6
:108E7000F6E67748406A00F002000028F2D1207838
:108E800000F00400042873D100277148C06900F085
:108E9000805070B900BF6E48C06940F080506C4986
:108EA000C8610846C06900F08050009000BF00BF54
:108EB00001276A48006800F48070B0B9674800680C
:108EC00040F4807065490860FEF736FC054606E010
:108ED000FEF732FC401B642801D90320C0E65F483E
:108EE000006800F480700028F2D000BFE06801281C
:108EF00006D15748006A40F001005549086227E052
:108F0000E06858B95248006A20F0010050490862F0
:108F10000846006A20F00400086219E0E0680528AD
:108F20000BD14B48006A40F00400494908620846EA
:108F3000006A40F0010008620AE04548006A20F03B
:108F40000100434908620846006A20F004000862F4
:108F500000BFE068A0B1FEF7EFFB054609E0FEF7B1
:108F6000EBFB401B41F28831884202D9032077E6AF
:108F700022E03748006A00F002000028EFD012E03B
:108F8000FEF7DAFB054608E0FEF7D6FB401B41F290
:108F90008831884201D9032062E62D48006A00F03A
:108FA00002000028F0D1012F05D12948C06920F026
:108FB00080502749C86100BFE069C8B324484068B1
:108FC00000F00C00082860D0E069022848D1002099
:108FD00020490866FEF7B0FB054606E0FEF7ACFB4D
:108FE000401B022801D903203AE61948006800F026
:108FF00000700028F2D1206AB0F5803F07D11448F4
:10900000406820F40030A168084311494860D4E961
:10901000080108430E49496821F4741108430C49BA
:10902000486001200B490866FEF786FB054607E00D
:109030003DE0FEF781FB401B022801D903200FE62B
:109040000348006800F000700028F2D02FE0000014
:109050000010024000004242800442420070004082
:10906000002014490866FEF767FB054606E0FEF798
:1090700063FB401B022801D90320F1E50E4800687C
:1090800000F000700028F2D111E0E069012800D161
:10909000E6E50948466806F48031206A814204D139
:1090A00006F47011606A814201D00120D8E50020E9
:1090B000D6E5000000004242001002402DE9F047D2
:1090C00080460E469246002500270024A1464046D1
:1090D00001F0A7FF81462548B9FBF0F42448006859
:1090E000A04240D02248046040F2B2750EE028460B
:1090F00005F0BCFB012806D1B4F5B77F02D3A4F577
:10910000B77402E005E0A4F26D146D1CB4F5B67FEF
:10911000EDD800BF2F46A5F5FA60F070002515E0E8
:10912000012D09D1384605F0A1FB012804D11D2CE1
:1091300001D31D3C09E00BE00E48405DA04203D87E
:109140000C48405D241A00E002E06D1C1C2CE7D2A4
:1091500000BF681C7070601CB070B2787178F078D5
:1091600001F079FF30700020BDE8F08780510100E8
:10917000100100209CFA00082DE9F04707460C4634
:1091800091460026B046002538684068C0F380004C
:1091900010B10120BDE8F087384601F042FF0646D5
:1091A0004FF46160B6FBF0F5B6FBF0F100FB116027
:1091B0003C21B0FBF1F060704FF46160B6FBF0F160
:1091C00000FB11603C21B0FBF1F201FB1200A0702A
:1091D0001820B5FBF0F100FB11502070182D08D3BA
:1091E0001820B5FBF0F8B5FBF0F100FB1150207032
:1091F00000E025700020CDE770B5044600250CB9CD
:10920000012070BD607C20B900202074204600F051
:109210005BF802206074204600F085F918B1042044
:1092200060740120EDE7204601F0C1FE18B1042072
:1092300060740120E5E72068406820F0070021689D
:109240004860A06828B11F48006820F001001D494F
:1092500008601C48001F006820F46070A168084383
:109260001849091F08606068401C08B1656809E07A
:109270000120FFF77FFA05461DB904206074012024
:10928000BFE76D1E2068806820F00F0040EA15409F
:10929000216888602068C06865F30F002168C86095
:1092A000204601F0A1FE18B1042060740120A8E757
:1092B0000021E17301216173A1730120607400201A
:1092C0009FE70000306C004038B504460B49206829
:1092D000884212D1FFF748FA00BF0948C06940F040
:1092E00000600749C8610846C06900F0006000904E
:1092F00000BF00BF01200349086038BD00280040BE
:10930000001002403C0442422DE9F04F87B006466F
:109310000F464FF00009002006908046002405907B
:1093200004900390824600BF48A207CA8DE8070058
:10933000304601F076FE81464FF46160B9FBF0F0F3
:1093400006904FF46160B9FBF0F100FB11903C21F5
:10935000B0FBF1F0C0B204904FF46160B9FBF0F1E2
:1093600000FB11903C21B0FBF1F201FB12000390D5
:1093700018210698B0FBF1F201FB12000590F87875
:1093800000F5FA6840F63300804500D9804640F287
:10939000B270804500D2804640F2B2750AE028469D
:1093A00005F064FA012802D12B48044401E02B485F
:1093B00004446D1C4545F2D397F801A0404605F0E2
:1093C00055FA012804D1BAF1020F01D92448044406
:1093D000AAF1010A002507E01DF8050040F2A321CB
:1093E000484304EBC0146D1C5545F5D397F802B003
:1093F000ABF1010040F2A321484304EBC0140598EF
:10940000C0EB4011C1EB002004EB00140498C0EB4A
:10941000001004EB80040398044400BF307C012852
:1094200003D1022007B0BDE8F08F0120307400BFE7
:10943000022070742146304601F04FFE0120707406
:1094400000BF0020307400BF00BFEBE71F1C1F1ED1
:109450001F1E1F1F1E1F1E1F0085E2018033E1011A
:10946000805101002DE9F05F04460D46904600262C
:109470000027B146B246204601F0D3FD07464FF41F
:109480006160B7FBF0F9B9F1180F0AD31820B9FBE6
:10949000F0FA0AEB4A00C0004FF4616100FB01F7EB
:1094A00000E0002700BF207C012802D10220BDE897
:1094B000F09F0120207400BF02206074B8F1000FFB
:1094C0000BD128784FF4616148436978C1EB0111F1
:1094D00000EB8100A978461812E0287801F05CFDC5
:1094E0004FF4616100FB01FB687801F055FDC0EBB2
:1094F00000100BEB800BA87801F04EFD0BEB000683
:109500003E443146204601F0E8FD2068406820F0E6
:109510000500216848600120607400BF00202074AD
:1095200000BF00BFC3E770B5044600250CB9012099
:1095300070BD2068406820F0080021684860FEF790
:10954000FBF8054607E0FEF7F7F8401BB0F57A7F19
:1095500001D90320ECE72068406800F008000028EB
:10956000F1D00020E4E710B504460CB9012010BD8D
:10957000606A38B96068B0F5827F00D105E00021EB
:10958000E16102E00021216161610021A16294F8A2
:10959000510028B9002084F85000204600F042F81D
:1095A000022084F851002068006820F04000216803
:1095B0000860A08800F48270218901F40441084306
:1095C000A18901F400610843217C01F002010843F4
:1095D000217D01F001010843218B01F40071084352
:1095E000217F01F0380108432021095D01F080014D
:1095F0000843218D01F400510843216808600421CB
:10960000A06901EA1040216848602068C06920F420
:1096100000602168C86100206065012084F8510065
:109620000020A4E710B586B0044600200290039005
:10963000049005901949206888422DD100BF184830
:10964000806940F48050164988610846806900F4BA
:109650008050019000BF00BF00BF0846806940F005
:10966000040088610846806900F00400019000BF92
:1096700000BFA0200290022003900320059002A9C1
:109680000848FDF7BBFE40200290002003900490A4
:1096900002A90448FDF7B2FE06B010BD003001403B
:1096A00000100240000801402DE9FF5F0446884693
:1096B00091461D460E9E012002900020019000BFA1
:1096C00094F85000012803D1022004B0BDE8F09FB7
:1096D000012084F8500000BFFEF72EF8074694F8EA
:1096E00051B060680390AA46BBF1010F0BD00398FC
:1096F000B0F5827F04D1A06810B9BBF1040F02D08D
:1097000002200190DBE0B8F1000F03D0B9F1000FA7
:1097100000D015B901200190D1E094F8510004283F
:1097200002D0052084F8510000206065C4F838900C
:10973000E587A587C4F83080E586A5862064606447
:109740002068006800F04000402805D020680068CC
:1097500040F0400021680860E068B0F5006F4AD131
:10976000606810B1BAF1010F09D1206B008821683F
:10977000C860206B801C2063E08E401EE08633E0D2
:109780002068806800F00200022810D1E08E70B1DD
:10979000029801280BD1206B00882168C860206BDB
:1097A000801C2063E08E401EE0860020029020682E
:1097B000806800F0010068B1E08F58B12068C0688F
:1097C000A16B0880A06B801CA063E08F401EE08727
:1097D00001200290FDF7B0FFC01BB04204D3701C03
:1097E00010B1032001906AE0E08E0028C8D1E08F1C
:1097F0000028C5D14AE0606810B1BAF1010F09D163
:10980000206B007821680873206B401C2063E08E79
:10981000401EE08634E02068806800F002000228E4
:1098200010D1E08E70B1029801280BD1206B007826
:1098300021680873206B401C2063E08E401EE08688
:10984000002002902068806800F0010068B1E08F7D
:1098500058B12068C068A16B0870A06B401CA06361
:10986000E08F401EE08701200290FDF765FFC01BDE
:10987000B04201D3701C00B916B9032001901EE05C
:10988000E08E0028C7D1E08F0028C4D13A46314687
:10989000204601F055FC20B1012001902020606598
:1098A0000DE0A06850B900BF002000902068C0689B
:1098B000009020688068009000BF00BF00BF0120BA
:1098C00084F8510000BF002084F8500000BF0198C8
:1098D000FBE670B504462546681EB0F1807F01D3D3
:1098E00001200FE0681E4FF0E02148610F214FF08A
:1098F000FF3004F0C5FD00204FF0E0218861072013
:109900000861002070BD70477047000030B5024606
:109910000B4600BF92F83C00012801D1022030BD67
:10992000012082F83C0000BF022082F83D00106850
:1099300044681068816824F0700418680443106853
:109940004460104D1068A8420BD01068B0F1804FF1
:1099500007D00D4D1068A84203D00C4D1068A842E6
:1099600005D121F080015868014310688160012011
:1099700082F83D0000BF002082F83C0000BF00BF1D
:10998000CDE70000002C014000040040000800402A
:1099900010B504460CB9012010BD94F83D0028B95B
:1099A000002084F83C00204600F026F8022084F8CD
:1099B0003D00211D206801F057FE012084F846007B
:1099C00000BF84F83E0001213F2001554020015591
:1099D0004120015500BF00BF012084F84200432010
:1099E0000155442001554520015500BF012084F850
:1099F0003D000020D0E7000038B504460D4920683E
:109A0000884215D100BF0C48C06940F002000A49E5
:109A1000C8610846C06900F00200009000BF00BFA6
:109A2000002211461D20FDF73DFF1D20FDF72AFFF6
:109A300038BD00000004004000100240014691F8CB
:109A40003D00012801D001207047022081F83D002F
:109A5000124B086898420BD00868B0F1804F07D0CD
:109A60000F4B0868984203D00E4B086898420CD1FF
:109A70000868806800F00702062A0CD008680068B1
:109A800040F001000B68186005E00868006840F0CD
:109A900001000B6818600020D6E70000002C014090
:109AA0000004004000080040014691F83D000128F4
:109AB00001D001207047022081F83D000868C0688D
:109AC00040F001000B68D860124B086898420BD038
:109AD0000868B0F1804F07D00F4B0868984203D058
:109AE0000E4B086898420CD10868806800F00702A5
:109AF000062A0CD00868006840F001000B68186066
:109B000005E00868006840F001000B68186000205C
:109B1000D0E70000002C0140000400400008004095
:109B20002DE9F04104460D4600BF94F83C000128A1
:109B300002D10220BDE8F081012084F83C0000BF82
:109B4000022084F83D002068866826F0770626F417
:109B50007F46206886602868502833D00CDC202897
:109B600050D004DC00284BD0102851D149E03028D7
:109B700049D040284CD139E060282DD0702807D03A
:109B8000B0F5805F03D0B0F5005F41D10DE040E05B
:109B9000D5E902136A68206801F0A0FD2068866894
:109BA00046F077062068866033E0D5E902136A68DC
:109BB000206801F093FD2068806840F480402168AF
:109BC000886026E0EA686968206801F09BFD502102
:109BD000206801F08EFD1CE0EA686968206801F0E9
:109BE000A4FD6021206801F084FD12E0EA68696844
:109BF000206801F087FD4021206801F07AFD08E02F
:109C000000BF00BF00BF2968206801F072FD00E0BE
:109C100000BF00BF012084F83D0000BF002084F891
:109C20003C0000BF00BF85E7704710B504462068C0
:109C30000069C0F34000D8B12068C068C0F340009C
:109C4000B0B16FF002002168086101202077206820
:109C5000806900F0030018B12046FFF7E5FF05E03A
:109C6000204600F0ADF8204600F0ABF80020207749
:109C700020680069C0F38000D8B12068C068C0F3D4
:109C80008000B0B16FF004002168086102202077E5
:109C90002068806900F4407018B12046FFF7C4FFC7
:109CA00005E0204600F08CF8204600F08AF80020FD
:109CB000207720680069C0F3C000D8B12068C06870
:109CC000C0F3C000B0B16FF0080021680861042043
:109CD00020772068C06900F0030018B12046FFF724
:109CE000A3FF05E0204600F06BF8204600F069F87D
:109CF0000020207720680069C0F30010D8B12068E8
:109D0000C068C0F30010B0B16FF0100021680861A6
:109D1000082020772068C06900F4407018B1204600
:109D2000FFF782FF05E0204600F04AF8204600F0E9
:109D300048F8002020772068006900F0010058B141
:109D40002068C06800F0010030B16FF001002168A8
:109D50000861204600F036F820680069C0F3C010A2
:109D600058B12068C068C0F3C01030B16FF08000F7
:109D7000216808612046FFF7C6FD20680069C0F32E
:109D8000801058B12068C068C0F3801030B16FF007
:109D9000400021680861204600F020F82068006932
:109DA000C0F3401058B12068C068C0F3401030B113
:109DB0006FF02000216808612046FFF7A5FD10BD67
:109DC0007047704710B5044603492068884201D1A6
:109DD00001F064FA10BD00000004004070477047B5
:109DE000704700002DE9F84F044620680568206898
:109DF000C668206847694FF00009CA4605F00F0998
:109E0000B9F1000F0AD105F0200038B106F02000AA
:109E100020B1204601F0D2FCBDE8F88FB9F1000F67
:109E200071D007F0010018B906F4907000286AD0CC
:109E300005F0010030B106F4807018B1206C40F0DC
:109E40000100206405F0040030B107F0010018B1F2
:109E5000206C40F00200206405F0020030B107F0F1
:109E6000010018B1206C40F00400206405F00800E7
:109E700048B106F0200010B907F0010018B1206CBD
:109E800040F008002064206C68B305F0200028B181
:109E900006F0200010B1204601F090FC20684069D7
:109EA000C0F3801A206C00F0080010B9BAF1000F5E
:109EB00022D0204601F057FC2068406900F04000A5
:109EC000B0B12068406920F0400021684861A06B73
:109ED00050B15648A16B4863A06BFDF751F910B122
:109EE000A06B416B88470CE02046FFF779FF08E044
:109EF0002046FFF775FF04E02046FFF771FF0020C2
:109F0000206489E7FFE7206B012878D105F0100075
:109F1000002874D006F01000002870D000BF002088
:109F2000009020680068009020684068009000BFA2
:109F300000BF2068406900F04000C0B3A06B00681B
:109F400040681FFA80F8B8F1000F2FD0A08D40456F
:109F50002CDDA4F82E80A06B806920281FD02068FB
:109F6000C06820F480702168C8602068406920F0D3
:109F70000100216848612068406920F040002168A4
:109F80004861202084F83E00002020632068C068DB
:109F900020F010002168C860A06BFDF7C5F8A08D07
:109FA000E28D801A81B22046FFF719FF34E7FFE700
:109FB000A08DE18D401A1FFA80F8E08DE8B1B8F16C
:109FC000000F1AD02068C06820F490702168C86023
:109FD0002068406920F0010021684861202084F851
:109FE0003E00002020632068C06820F01000216837
:109FF000C86041462046FFF7F2FE0DE7FFE705F097
:10A00000800030B106F0800018B1204601F0C6FC97
:10A0100002E705F0400030B106F0400018B12046DC
:10A0200001F0BCFBF8E600BFF6E6000053B70008FD
:10A0300010B504460CB9012010BDA06900B100E0C4
:10A0400000BF94F83D0028B9002084F83C00204669
:10A0500000F028F8242084F83D002068C06820F42F
:10A0600000502168C860204601F01AFC2068006991
:10A0700020F49040216808612068406920F02A009F
:10A08000216848612068C06840F400502168C860B9
:10A0900000202064202084F83D0084F83E00002049
:10A0A000CAE7000010B586B0044600200290039075
:10A0B000049005905D49206888423FD100BF5C480C
:10A0C000806940F480405A4988610846806900F4FC
:10A0D0008040019000BF00BF00BF0846806940F08B
:10A0E000080088610846806900F00800019000BF00
:10A0F00000BF40200290022003900320059002A997
:10A100004C48FDF77BF980200290002003900490DA
:10A1100002A94848FDF772F900BF4749486840F076
:10A12000E06040F00400486000BF00221146252096
:10A13000FDF7B8FB2520FDF7A5FB75E03F4920683A
:10A14000884236D100BF3A48C06940F400303849EF
:10A15000C8610846C06900F40030019000BF00BF2C
:10A1600000BF0846806940F00400886108468069A5
:10A1700000F00400019000BF00BF04200290022004
:10A1800003900320059002A92D48FDF737F9082018
:10A19000029000200390049002A92948FDF72EF9AF
:10A1A000002211462620FDF77DFB2620FDF76AFBE5
:10A1B0003AE024492068884236D100BF1C48C06973
:10A1C00040F480201A49C8610846C06900F4802024
:10A1D000019000BF00BF00BF0846806940F0080042
:10A1E00088610846806900F00800019000BF00BF48
:10A1F00008150290022003900320059002A90D4843
:10A20000FDF7FCF84FF400600290002003900490EA
:10A2100002A90848FDF7F2F8002211462720FDF7B1
:10A2200041FB2720FDF72EFB06B010BD0038014092
:10A2300000100240000C01400000014000440040BA
:10A24000000801400048004070472DE9F84F0446DF
:10A250000E46174699464FF0000A94F83D00202814
:10A260005AD106B117B90120BDE8F88F00BF94F8A4
:10A270003C00012801D10220F6E7012084F83C00CF
:10A2800000BF00202064212084F83D00FDF754FA2F
:10A290008246A784E784A068B0F5805F04D1206976
:10A2A00010B90025B04602E035464FF0000800BF67
:10A2B000002084F83C0000BF1BE0534600228021B0
:10A2C0002046CDF8009001F099FB08B10320CBE7C0
:10A2D00045B9B8F80000C0F308002168486008F1EB
:10A2E000020803E02878216848606D1CE08C401E5D
:10A2F000E084E08C0028E0D1534600224021204633
:10A30000CDF8009001F07AFB08B10320ACE72020E3
:10A3100084F83D000020A7E70220A5E77047000071
:10A3200006E004A005F0B4F9FE210A2004F0C8FC00
:10A33000F7E700007B22526563697665223A7B224B
:10A34000537461747573223A37307D7D0A000000C2
:10A3500030B59DB004460D467022284901A8FBF790
:10A36000F1FA332D37D006DC102D0BD0122D3AD058
:10A37000142D40D117E0352D1DD0372D0BD0392DA0
:10A3800039D120E0A006010E1D4B01AA602000F08B
:10A39000ABF81DB030BDA006010E194B05AA612017
:10A3A00000F0A2F8F5E7A006010E154B09AA6020FF
:10A3B00000F09AF8EDE7A006010E114B0DAA6120FE
:10A3C00000F092F8E5E7A006010E0D4B11AA6120FE
:10A3D00000F08AF8DDE7A006010E094B15AA6120FE
:10A3E00000F082F8D5E7A006010E054B19AA6020FF
:10A3F00000F07AF8CDE70120CBE70000C0FA0008B2
:10A40000681C002070B504460D462946204600F021
:10A41000EDF870BD70B505460026002404E000206C
:10A420000E490855601CC4B20A2CF8DB0B4800F03A
:10A4300092F808B14E2070BD084800F010F908B934
:10A440004E20F8E7002404E00448005D2855601C15
:10A45000C4B2042CF8DB0020EDE70000681C0020EB
:10A4600030B50B46002100BF16E00A24B4EB107F84
:10A4700005D9302404EB107403F8114005E04124A1
:10A4800004EB10740A3C03F81140000100254C0055
:10A49000641C1D554C1CE1B29142E6DB30BD2DE938
:10A4A000FC410446002700210D2003F0B5FF932056
:10A4B00020702020607001A82346022221460090CF
:10A4C0000C2000F0F9F806465EB9002503E0605D57
:10A4D0004740681CC5B2042DF9DB605DB84200D06E
:10A4E00002263046BDE8FC812DE9F04385B00646E2
:10A4F0000F46904699468DF804608DF8057000244B
:10A5000006E018F8041001AAA01C1154601CC4B283
:10A51000062CF6DB002407E019F8041001AA04F168
:10A5200008001154601CC4B2042CF5DB04A801AB74
:10A530000C2201A900900E2000F0BEF805462DB9AE
:10A54000082000F0E1FD00F0080000B902252846CF
:10A5500005B0BDE8F08370B5044608210846FBF756
:10A560002BFE2146522000F05CF805461DB920461E
:10A57000FFF795FF0546284670BD000010B5012283
:10A5800010211848FDF7D2F8002201211648FDF7E6
:10A59000CDF80A20FCF74CFE012211461248FDF7C7
:10A5A000C5F80A20FCF744FE00F053F88D212A205C
:10A5B00003F032FF3E212B2003F02EFF1E212D2021
:10A5C00003F02AFF00212C2003F026FF4021152054
:10A5D00003F022FF3D21112003F01EFFFBF7E5FCF5
:10A5E00010BD000000080140000C01407CB505468C
:10A5F0000C46302020706570A21C02212046FBF71B
:10A60000A9FD01A823460422214600900C2000F059
:10A6100053F8064616B90198902800D00226304615
:10A620007CBD7CB506460C4607210D2003F0F4FEE8
:10A63000267001A823460122214600900C2000F03C
:10A640003BF8054615B90198102800D00225284688
:10A650007CBD10B50F21012003F0DEFE10BDF0B56A
:10A6600085B0074693208DF8040070208DF8050012
:10A67000002405E0395D01AAA01C1154601CC4B27D
:10A68000052CF7DB0DF10B02072101A8FBF762FD9A
:10A6900004A801AB092201A900900C2000F00CF8DD
:10A6A00005462DB90498182802D19DF8046000E0F1
:10A6B0000026304605B0F0BD2DE9FE4F064688461F
:10A6C00091469A46DDF830B00220029000200190B9
:10A6D00000900C2E06D00E2E09D1122001901020D1
:10A6E000009005E0772001903020009000E000BF4E
:10A6F00000BF019840F08001022003F08DFE802110
:10A700000420FBF759FD80210A2000F09AFD00216A
:10A71000012003F081FE002505E018F8051009204E
:10A7200003F07AFE6D1C4D45F7D33146012003F04E
:10A7300073FE0C2E03D180210D2000F082FD4FF41A
:10A74000FA6500BF042000F0DFFC04466D1E35B141
:10A7500004F0010018B9009820400028F2D08021B0
:10A760000D20FBF729FD95B3062000F0CDFC00F08D
:10A770001B0068BB002002900198204000F00100FF
:10A7800008B1012002900C2E24D10A2000F0BCFC5C
:10A7900004460C2000F0B8FC00F007072FB1601E43
:10A7A00007EBC000CBF8000002E0E000CBF80000AF
:10A7B00004B90124102C00DD1024002505E0092037
:10A7C00000F0A2FC0AF805006D1CA542F7D301E0D9
:10A7D000022002900298BDE8FE8F000000B585B00F
:10A7E0000020019002900390049000BF2C488069E3
:10A7F00040F010002A4988610846806900F0100086
:10A80000009000BF00BF00BF0846806940F02000F4
:10A8100088610846806900F02000009000BF00BFFA
:10A8200000BF0846806940F00400886108468069DE
:10A8300000F00400009000BF00BF00BF0846806920
:10A8400040F0080088610846806900F00800009028
:10A8500000BF00BF00224FF4E2611248FCF766FF20
:10A86000002209211048FCF761FF4FF4E2600190DB
:10A8700001200290002003900220049001A90948C1
:10A88000FCF7BCFD092001900120029000200390FC
:10A890000220049001A90448FCF7B0FD05B000BDFA
:10A8A0000010024000080140000C014010B50748AC
:10A8B000074908600620486040F6FF71044881603F
:10A8C000FCF740FF08B1FBF795FC10BD00300040DD
:10A8D000A80800201CB500200190009007480849F6
:10A8E00008604FF0FF3048604FF480710448816089
:10A8F000FEF782FC08B1FBF77DFC1CBD0028004080
:10A90000B408002010B50F480F4908604FF482705A
:10A91000486000210C488160C160016141614FF4D1
:10A92000007181611021C1610021016241624FF417
:10A93000005181620921C162FEF715FE08B1FBF7E3
:10A9400059FC10BD00300140C808002000B587B098
:10A950000020039004900590069001900290144806
:10A960001449086040F2DB504860002111488160C2
:10A970000121C160002101618161FFF709F808B17F
:10A98000FBF738FC4FF48050039003A90948FFF708
:10A99000C7F808B1FBF72EFC00200190029001A936
:10A9A0000448FEF7B3FF08B1FBF724FC07B000BD75
:10A9B000000400402009002010B50B480B49086036
:10A9C0004FF416504860002108488160C160016161
:10A9D0000C21416100218161C161FFF729FB08B1B0
:10A9E000FBF708FC10BD000000380140680900209A
:10A9F00010B50B480B4908604FF4E1304860002166
:10AA000008488160C16001610C21416100218161C0
:10AA1000C161FFF70DFB08B1FBF7ECFB10BD0000B7
:10AA200000440040AC09002010B50B480B490860F9
:10AA30004FF4E1304860002108488160C160016145
:10AA40000C21416100218161C161FFF7F1FA08B178
:10AA5000FBF7D0FB10BD000000480040F0090020CB
:10AA60001FB5002000900190029003904FF4805099
:10AA7000009001200190022002900320039069467B
:10AA80001448FCF7BBFC00224FF480511148FCF73E
:10AA90004DFE6420FCF7CCFB00220F490F4801F06B
:10AAA000EEFC08B1FBF7A6FB0D490C4801F080FF56
:10AAB00008B1FBF79FFB0B49084801F084F908B186
:10AAC000FBF798FB054802F03DF808B1FBF792FB55
:10AAD0001FBD00000008014090000020340A002043
:10AAE00028010020E800002000BFFEE7FEF7A4F8E0
:10AAF00000BFFEE72DE9F0470546EAE12868B0F817
:10AB000044A00AF00F06002E7ED10AF01000B0BB60
:10AB100000BF2968098848F60F7201EA020040F474
:10AB200000412A68118000BF05F128042868B0F8A8
:10AB30005010207801EBC000801C296801F580616D
:10AB400031F81000C0F30900E061E1696069084470
:10AB5000606100212846FCF71AFF95F824000028C0
:10AB6000CBD0A0690028C8D195F8240040F080001F
:10AB70002968A1F84C00002085F82400A9E1FFE72E
:10AB800005F5B4742868B0F8008008F4006030B3AC
:10AB90002868B0F85010207801EBC000801D2968AB
:10ABA00001F5806131F81000C0F30900E061A18B6C
:10ABB0008BB2E28805F52C71286803F079FB00BFA1
:10ABC0002968098840F68F7201EA020040F080018E
:10ABD0002A68118000BF2846FDF78DFD79E108F451
:10ABE0000040002889D000BF2968098840F68F728C
:10ABF00001EA020040F080012A68118000BF286845
:10AC0000B0F85010207800E06FE001EBC000801D2C
:10AC1000296801F5806131F81000C0F30900E06196
:10AC2000E06990B1606980B1B4F81CC01FFA8CF380
:10AC3000E2886169286803F03BFBE16960690844C8
:10AC4000606100212846FCF7B2FE2868008800F405
:10AC50000060002892D100BF2A682968B1F850101E
:10AC60000A4402F20C41084600BF236953B9038825
:10AC700048F2FF3C03EA0C030380038843F40043DB
:10AC800003801EE023693E2B0DD800BF23695908BD
:10AC9000237C03F0010303B1491C4FF6FF7303EA61
:10ACA000812303800DE000BF23695909237C03F051
:10ACB0001F0303B9491E4FF4004343EA8123038075
:10ACC00000BF00BF00BF00BF296809884BF68F7224
:10ACD00001EA020080F4805080F4005040F400410A
:10ACE00041F080012A681180F3E07100286830F893
:10ACF000118008F4004000287ED000BF720029684F
:10AD000031F8121040F68F7201EA020040F0800123
:10AD100073002A6822F8131000BF06EB860105F5C0
:10AD2000B47000EBC104207BB0B92868B0F85010B3
:10AD3000207801EBC000801D296801F5806131F8A1
:10AD40001000C0F30907002F5BD0E28861693B4621
:10AD5000286803F0ADFA54E0E078022806D14246B4
:10AD600021462846FCF7A6FE07464AE000BF00BF82
:10AD700022785200296831F8121048F68F7201EAE1
:10AD8000020040F4004141F0C00123785B002A68D2
:10AD900022F8131000BF00BF21784900286830F85E
:10ADA000110000F48040A8B12868B0F85010207855
:10ADB00001EBC000801C296801F5806131F81000AA
:10ADC000C0F30907EFB1228961693B46286803F0A7
:10ADD0006FFA16E02868B0F85010207801EBC00038
:10ADE000801D296801F5806131F81000C0F3090762
:10ADF0003FB16289616900E017E03B46286803F0D3
:10AE000057FAE0693844E061606938446061A069DC
:10AE100010B12069B84204D921782846FCF7C7FD53
:10AE200003E02146286802F068FC08F08000B0B317
:10AE300006EB860105F1280000EBC10400BF72009B
:10AE4000296831F8121048F60F7201EA020040F446
:10AE5000004173002A6822F8131000BFE07803282D
:10AE600007D0E07828B1E07802282DD108F480706E
:10AE700050BB2868B0F85010207801EBC000801C4F
:10AE8000296801F5806131F81000C0F30909A06953
:10AE9000484505D9A069A0EB0900A06102E018E0CF
:10AEA0000020A061A06920B921782846FCF76FFD39
:10AEB0000FE0606948446061E0694844E061214610
:10AEC000286802F01AFC04E0424621462846FCF7B6
:10AED0009DFE2868B0F8440000F4004000287FF48C
:10AEE0000DAEBDE8F087704710B5022405E00A49B1
:10AEF000081904F0A5FA601CC4B207484078401C49
:10AF0000A042F4DA05A004F0C3FB4FF41671024826
:10AF1000FAF731FD002010BD840400207B22526529
:10AF20006365697665223A7B225374617475732276
:10AF30003A32362C2254797065223A22506F73547B
:10AF400072616E73616374696F6E227D7D0A0000A9
:10AF500001B582B06420012301AA02A90090034830
:10AF6000FEF7A2FB9DF804000EBD0000C8080020FB
:10AF700008B508490968C9084FF47A72B1FBF2F1C3
:10AF80004143009100BF00BF00994A1E0092002972
:10AF9000F9D108BD14010020014600BF080900EBEB
:10AFA0008000420001F00F001044C0B2704770B53D
:10AFB00004460025FCF7C0FB054607E0FCF7BCFB98
:10AFC000401BB0F57A7F01D9032070BD206840682E
:10AFD00000F020000028F1D02068406840F0100008
:10AFE000216848600020F0E770B50446002520681D
:10AFF000406820F0100021684860FCF79DFB054682
:10B0000007E0FCF799FB401BB0F57A7F01D90320DC
:10B0100070BD2068406800F020000028F1D00020BA
:10B02000F6E730B5014600220023002400200D6819
:10B03000AD69AAB20D68ED69ACB20D68AD69ABB28D
:10B040009A4205D00D68ED6963F31F45284601E07B
:10B0500044EA024030BDF0B504460B46002100250D
:10B0600004F5FA61032B1BD2C3EBC30000EB031002
:10B070000926B0FBF6F01044001D4618481E06EBEA
:10B0800090066427B0FBF7F0361A481EBF00B0FBED
:10B09000F7F030440726B0FBF6F706FB17051AE079
:10B0A000C3EBC30000EB03100926B0FBF6F010441D
:10B0B000001D084400EB91006426B1FBF6F6801BEE
:10B0C0004FF4C876B1FBF6F63044801E0726B0FB7D
:10B0D000F6F706FB1705E8B2F0BD70B504460D465D
:10B0E00000262046FFF763FF08B101260AE0280C7E
:10B0F00021688861A8B22168C8612046FFF774FF03
:10B1000000B10126304670BD70B504460022102102
:10B110000A48FCF70BFB7E2101EA440141F0800064
:10B12000FFF716FF0020FFF713FF0546012210214D
:10B130000248FCF7FBFA284670BD000000080140F9
:10B14000F8B504460D4616462B46002280212046BF
:10B15000009600F009F828B1606D40F020006065AD
:10B160000320F8BD0020FCE72DE9F84F04460D460A
:10B1700090461E46DDF82890FCF7DEFAA0EB0900A9
:10B18000371AFCF7D9FA82462C480068C0F3CB3056
:10B190007843009045E0701C002842D0FCF7CCFAC0
:10B1A000A0EB0A00B84200D2A7BB2068406820F09C
:10B1B000E000216848606068B0F5827F0DD1A0682A
:10B1C000B0F5004F03D0A068B0F5806F05D12068BE
:10B1D000006820F0400021680860A06AB0F5005FB8
:10B1E0000DD100BF2068006820F40050216808607D
:10B1F0002068006840F400502168086000BF01200A
:10B2000084F8510000BF002084F8500000BF0320E4
:10B21000BDE8F88FFFE7009800B900270098401EAE
:10B220000090206880682840A84201D1012000E0F9
:10B2300000204045AFD10020EAE7000014010020C3
:10B24000704770B505460C462846FFF75DFF064679
:10B2500046EA0401284603F0DFF870BD01460129E3
:10B2600001DB012070470120024A02EB411290707D
:10B270000020F7E7081C002070B504460D4629465B
:10B280002046FCF74BFA70BD70B504460D461646D5
:10B29000324629462046FCF749FA70BD70B500F0E9
:10B2A000F9F80546002411E0164800EB4410C07F71
:10B2B00015490978884208D145FA04F202F00101E3
:10B2C000104A02EB441000F0ABF8641C012CEBDBDD
:10B2D0000D48007848B9002405E00A4901EB441004
:10B2E00000F01BF9641C012CF7DB07480078401CB8
:10B2F0000549087008460078052801DB0020087021
:10B3000070BD0000081C00202B020020F0B5044690
:10B310000D461646059F012C01DB0120F0BD0020E3
:10B32000254901EB44110870234901EB4411887150
:10B33000214901EB441148711F4901EB4411488137
:10B340001D4901EB441148701B4901EB4411887001
:10B35000194901EB44110871174901EB4411C870F8
:10B36000154901EB4411C871134901EB44110872EE
:10B37000124800EB8410104901EB4411C8600E48DC
:10B3800000EB441083610C4800EB441087830A48AB
:10B3900000EB44100561084800EB44108682002051
:10B3A000054901EB44118877034901EB4411C87743
:10B3B000FFF754FF0020B1E7081C0020281C0020E4
:10B3C00030B503460C46012B01DB012030BD13488C
:10B3D00000EB4310007808B10120F7E700200F4D83
:10B3E00005EB4315E8710D4800EB43100272002194
:10B3F00006E0605C094D05EB4315ED686854491C97
:10B400009142F6DB0120054D05EB43152870034DF5
:10B4100005EB431568700020D8E70000081C0020E9
:10B4200010B58278002A33D0827962B901B110BD9B
:10B43000002242718279521C82710023C26820323C
:10B440004489135524E08279092A14DAC26820322B
:10B450004389D25C01F001034479A3401A43D3B27B
:10B46000C2682032448913558279521C8271427914
:10B47000521C42710CE08279092A09D100228271A2
:10B48000827729B142891F2A02DA4289521C4281FD
:10B4900000BFCCE770B5002600242CE0184A02EB70
:10B4A0004412918B164A02EB44129069FFF7E4FEB6
:10B4B0000546134800EB44108079B0B9104800EB02
:10B4C0004410807F88B985B90E480078801C05211A
:10B4D00090FBF1F201FB1200094901EB4411C8771E
:10B4E0000120074901EB4411887705F00100A040D5
:10B4F0003043C6B2641C012CD0DB304670BD000066
:10B50000081C00202B02002070B504460D46A18ABD
:10B510002A462069FFF7B8FE70BD10B50446607872
:10B5200000283FD0207958B9012020700020E07019
:10B5300000212046FFF7E8FF2079401C207131E010
:10B540002079092810DAE279E068805CE27810411D
:10B5500000F001012046FFF7D7FF2079401C207141
:10B56000E078401CE0701DE02079092807D1012116
:10B570002046FFF7C9FF2079401C207112E0207996
:10B580000A280FD100202071E079401CE071207A58
:10B59000E179884203DD01202070607002E0002024
:10B5A0002070607010BD10B5FCF7FCF810BD00B540
:10B5B00093B0282109A8FAF7DEF9142104A8FAF7B4
:10B5C000DAF9002000900190029003900D2009907C
:10B5D0004FF480300A9000200B9001200C900D90C9
:10B5E0000F9002201090C10311914FF4E0111291BD
:10B5F00009A8FDF731FB08B1FAF7FCFD0F20049014
:10B6000002200590002006904FF4806007900020F3
:10B610000890022104A8FDF7D3F908B1FAF7EAFD72
:10B62000112000904FF48070019000200390684634
:10B63000FDF72CF908B1FAF7DDFDFDF787FA13B035
:10B6400000BD00000148024908607047005800082A
:10B6500008ED00E010B50348FEF7B4FB0148FEF723
:10B66000E4FA10BD2009002010B50268184B98427A
:10B6700008D0B0F1804F05D0164B984202D0164B3F
:10B68000984203D122F070024B681A43104B984243
:10B6900008D0B0F1804F05D00E4B984202D00E4B2F
:10B6A000984203D122F44072CB681A4322F08003FF
:10B6B0004C6943EA040202608B68C3620B688362D0
:10B6C000034B984201D10B6903630123436110BD11
:10B6D000002C0140000400400008004030B50C463A
:10B6E000816821F47F4142EA032525432943816093
:10B6F00030BD0A46816821F0700142F0070319430A
:10B700008160704730B50B461446026A056A25F021
:10B7100001050562816921F0F00141EA041122F07E
:10B720000A021A438161026230BD30B50B461446ED
:10B73000056A25F0100505628169026A21F47041ED
:10B7400041EA043122F0A00242EA0312816102625E
:10B7500030BD70B505466C6A0020E085E084204667
:10B76000FEF73EFB70BD0168C96821F49071026864
:10B77000D1600168496921F0010102685161016BE2
:10B78000012905D10168C96821F010010268D16062
:10B79000202180F83E1000210163704710B5044657
:10B7A0002068C06820F040002168C860202084F82C
:10B7B0003D002046FEF7B2FD002010BDF8B504465E
:10B7C00094F83E00222869D1A068B0F5805F0CD1C2
:10B7D000206950B90025A66A20684068C0F30800B7
:10B7E0003080A06A801CA06215E0A56A0026A068CF
:10B7F000B0F5805F03D0A06828B9206918B9206827
:10B800004068287004E02068406800F07F002870DD
:10B81000A06A401CA062E08D401E80B2E085A8BBFB
:10B820002068C06820F020002168C8602068C068D7
:10B8300020F480702168C8602068406920F0010011
:10B8400021684861202084F83E00206B01281ED129
:10B85000002020632068C06820F010002168C860C4
:10B860002068006800F0100010280AD100BF0020F6
:10B87000009020680068009020684068009000BF39
:10B8800000BFA18D2046FEF7AAFA03E004E020469F
:10B89000FEF7DAFC0020F8BD0020FCE70220FAE702
:10B8A00070B504462168096921F44051E2681143EA
:10B8B000226811612269A1681143626941EA0205A7
:10B8C0002168C96841F20C62914329432268D16022
:10B8D0002168496921F44071A269114322685161CC
:10B8E0002D4A2168914202D1FDF74CF901E0FDF7A4
:10B8F00039F900EBC00101EB001162689200B1FB65
:10B90000F2F100EBC00202EB001263689B00B2FB95
:10B91000F3F26423B2FBF3F202EBC20303EB021275
:10B92000A1EB8201322202EB01116422B1FBF2F1A0
:10B9300001F0F00100EBC00202EB001263689B0013
:10B94000B2FBF3F26423B2FBF3F201EB021200EB61
:10B95000C00101EB001163689B00B1FBF3F100EB48
:10B96000C00303EB00136668B600B3FBF6F364266E
:10B97000B3FBF6F303EBC30606EB0313A1EB830162
:10B98000322303EB01116423B1FBF3F101F00F014A
:10B9900011442268916070BD00380140014691F861
:10B9A0003D00212828D18868B0F5805F0BD1086957
:10B9B00048B90A6A1088C0F308000B685860086A22
:10B9C000801C086205E00B6A581C086218780B6836
:10B9D0005860C88C401E80B2C88458B90868C068D6
:10B9E00020F080000B68D8600868C06840F0400014
:10B9F0000B68D860002070470220FCE72DE9F04179
:10BA000004460D4617469846069E21E0701CF8B184
:10BA10002EB1FBF791FEA0EB0800B04218D92068C8
:10BA2000C06820F4D0702168C8602068406920F0A8
:10BA3000010021684861202084F83D0084F83E0020
:10BA400000BF002084F83C0000BF0320BDE8F08167
:10BA5000206800682840A84201D1012000E00020B1
:10BA6000B842D3D00020F1E710B50E48FEF7BAF97E
:10BA70000C480068006800F02000202810D10A4817
:10BA800000680A490A4A127888540021074A08487F
:10BA90000078401C115406480078401C0449087086
:10BAA00010BD000068090020043801401200002089
:10BAB0001800002010B51348FEF794F911480068EB
:10BAC000006800F0200020281BD10F480068C1B298
:10BAD0000E480F4A12688154002102460C48006843
:10BAE000401C11540A480068401C09490860094874
:10BAF0000078012805D108460068182801D30020E5
:10BB0000086010BDAC090020044400402C02002055
:10BB10002C0000201000002010B50E48FEF762F93E
:10BB20000C480068006800F02000202810D10A4866
:10BB300000680A490A4A127888540021074A0848CE
:10BB40000078401C115406480078401C04490870D5
:10BB500010BD0000F0090020044800401807002034
:10BB6000600000202DE9F04104460D46D4F8B8628B
:10BB7000D4F8C072D4F8B80278B305EB850104F1AB
:10BB8000140000EB8100806808B305EB850104F127
:10BB9000140000EB810005EB8502816807F12800A5
:10BBA00000EBC2000069B1FBF0F200FB121070B9AB
:10BBB000002105EB850204F1140000EB8200816096
:10BBC00000231A462946204600F0C6FE02E0002067
:10BBD000C6F814020020BDE8F081FFE70220FAE772
:10BBE00070B504460E46D4F8B8523146204600F0EF
:10BBF00058FDC5F80C02D4F8B80248B1D5F80402D3
:10BC0000D4F8BC12CA6805F503719047002070BDD6
:10BC10000220FCE770B504460E460025812120462F
:10BC200000F059FC0021E1620121204600F053FCA4
:10BC30000021C4F86C118221204600F04CFC002148
:10BC40002164D4F8B80250B1D4F8BC1248688047D7
:10BC5000D4F8B80201F029F90020C4F8B802284647
:10BC600070BD70B50546D5F8B842D5F8BC0278B1BC
:10BC700094F80002FF280BD094F8012294F80002F7
:10BC8000D5F8BC128B6821469847FF2084F8000243
:10BC9000002070BD01460A2008800148704700005E
:10BCA0001C01002001464320088001487047000025
:10BCB000A40100200146432008800148704700008D
:10BCC00060010020014643200880014870470000C1
:10BCD000E80100202DE9F04104460F460026207CB3
:10BCE00088B94FF4007302228121204600F040FD04
:10BCF0000121E1624B020222204600F039FD0121C0
:10BD0000C4F86C110FE0402302228121204600F08C
:10BD10002FFD0121E16240230222204600F028FD90
:10BD20000121C4F86C11082303228221204600F06F
:10BD30001FFD012121644FF4077001F0B7F8C4F82A
:10BD4000B802D4F8B80208B901261CE0D4F8B852F9
:10BD5000D4F8BC12086880470020C5F81402C5F862
:10BD60001802207C40B94FF4007301212046D5F819
:10BD7000042200F015FD06E0402301212046D5F8FD
:10BD8000042200F00DFD3046BDE8F08170B5044698
:10BD9000D4F8B852D4F8B80298B1207C40B94FF426
:10BDA000007301212046D5F8042200F0F9FC06E0DA
:10BDB000402301212046D5F8042200F0F1FC0020A8
:10BDC00070BD0220FCE70246022011B1C2F8BC128D
:10BDD000002070470246D2F8B832C3F8041200209F
:10BDE000704710B50346D3F8B842C4F80812C4F837
:10BDF0001022002010BD2DE9FC4105460C46D5F867
:10BE0000B8620020019000900027207800F06000C8
:10BE100040B320285FD1E088E0B1207800F08000B6
:10BE200060B1E2886078D5F8BC128B6831469847DB
:10BE3000E2883146284600F0E6F812E0607886F89D
:10BE40000002A07986F80102E2883146284600F017
:10BE5000B9F806E06078D5F8BC1200228B6821465C
:10BE600098473EE0607820B10A2812D00B282AD1EA
:10BE70001FE095F89C02032805D102226946284656
:10BE800000F0C1F804E02146284600F08FF80227B0
:10BE90001FE095F89C02032805D1012201A928463C
:10BEA00000F0B1F804E02146284600F07FF80227B0
:10BEB0000FE095F89C02032804D02146284600F0A4
:10BEC00075F8022705E02146284600F06FF80227A2
:10BED00000BF00BF05E02146284600F067F80227B2
:10BEE00000BF00BF3846BDE8FC8170B50546D5F8F7
:10BEF000B842D5F8B802A8B1D4F8140280B901202C
:10BF0000C4F81402D4F810122963B4F8100283B2F2
:10BF100081212846D4F8082200F01EFD002070BDC3
:10BF20000120FCE70220FAE770B504460D46D4F87C
:10BF3000B4022946426820469047002070BD70B583
:10BF400004460D4694F89C02012804D0022803D030
:10BF500003280CD101E000BF00BF6888012805D18B
:10BF60000020C4F8A402204600F05EF804E0294650
:10BF7000204600F01BF800BF00BF70BD70B506463C
:10BF80000C4615462B4622460021304600F008FCA0
:10BF9000002070BD70B506460C4615462B4622465D
:10BFA0000021304600F0D8FC002070BD70B504467A
:10BFB0000D468021204600F0A3FC0021204600F021
:10BFC0009FFC70BD70B504460E4615460320C4F8AC
:10BFD00094024FF4AE700551001D05512B463246B8
:10BFE0000021204600F0DCFB002070BD10B50446A7
:10BFF0000520C4F8940200231A461946204600F092
:10C00000CFFB002010BD70B504460E461546022039
:10C01000C4F89402E56125622B4632460021204691
:10C0200000F09AFC002070BD10B504460420C4F84E
:10C03000940200231A461946204600F08DFC002089
:10C0400010BD000070B505460C462DB922460649C4
:10C0500006A000F0D5F904E02246034903A000F051
:10C06000CFF9014870BD0000F80C00204344432084
:10C07000436F6E666967000002461220088001481F
:10C0800070470000AC00002070B505460C462DB985
:10C090002246064906A000F0B3F904E0224603490F
:10C0A00003A000F0ADF9014870BD0000F80C0020BD
:10C0B00043444320496E7465726661636500000005
:10C0C000024604200880014870470000C00000209C
:10C0D00070B505460C462246024903A000F090F9CF
:10C0E000004870BDF80C00204A6168616E476F73AC
:10C0F0007461720070B505460C462DB9224606499A
:10C1000006A000F07DF904E02246034903A000F0F8
:10C1100077F9014870BD0000F80C00204A4720560E
:10C1200069727475616C20436F6D506F727400009A
:10C1300070B505460C461A202080FAF7DBFF01484F
:10C1400070BD0000C400002070B504460D46E888AC
:10C15000012804D029462046FFF728FF1EE094F866
:10C160009C02012804D0022803D0032810D109E042
:10C1700000BF0020A060012204F108012046FFF763
:10C1800042FF0AE00122211D2046FFF73CFF04E0A8
:10C1900029462046FFF70AFF00BF00BF70BDF8B573
:10C1A00004460E46002000900027002570880012EB
:10C1B000082875D2DFE800F0C7040C20C7C7A5B572
:10C1C000207CD4F8B0120A68694690470746C1E05F
:10C1D000207C40B9D4F8B402816A68468847074693
:10C1E0000220787007E0D4F8B402C16A6846884734
:10C1F000074602207870ADE0B078062878D2DFE8F4
:10C2000000F00316293C5063D4F8B002406838B1FE
:10C21000207CD4F8B0124A6869469047074605E08A
:10C2200031462046FFF7C2FE681CC5B267E0D4F86D
:10C23000B002806838B1207CD4F8B0128A686946B0
:10C240009047074605E031462046FFF7AFFE681CE1
:10C25000C5B254E0D4F8B002C06838B1207CD4F83C
:10C26000B012CA6869469047074605E03146204645
:10C27000FFF79CFE681CC5B241E0D4F8B00200692B
:10C2800038B1207CD4F8B0120A6969469047074655
:10C2900005E031462046FFF789FE681CC5B22EE056
:10C2A00051E0D4F8B002406938B1207CD4F8B01223
:10C2B0004A6969469047074605E031462046FFF740
:10C2C00075FE681CC5B21AE0D4F8B002806940B1AE
:10C2D000207CD4F8B0128A6969469047074606E088
:10C2E00006E031462046FFF761FE681CC5B206E055
:10C2F00031462046FFF75AFE681CC5B200BF00BF9A
:10C3000028E0207C30B9D4F8B402416B68468847F5
:10C31000074605E031462046FFF748FE681CC5B2D7
:10C3200018E0207C40B9D4F8B402016B6846884715
:10C3300007460720787005E031462046FFF736FEB5
:10C34000681CC5B206E031462046FFF72FFE681C88
:10C35000C5B200BF00BF05B1F8BDBDF8000088B18F
:10C36000F08878B1F088BDF80010884202DDBDF891
:10C37000000000E0F0880090BDF80020394620461B
:10C38000FFF741FEF08810B92046FFF74DFE00BFD1
:10C39000E2E70146002002E0421CD0B2491C0A78C4
:10C3A000002AF9D1704770B504460D4694F89C02F6
:10C3B000012804D0022803D003281AD101E000BFCD
:10C3C00000BFE888022804D029462046FFF7EEFD8A
:10C3D00014E00120E060D4F8A40218B1E06840F055
:10C3E0000200E060022204F10C012046FFF70BFE80
:10C3F00004E029462046FFF7D9FD00BF00BF70BD0D
:10C400002DE9F04104460D4617460026FCB12046B2
:10C41000FFF7BFFF022101EB400038803A78304639
:10C42000711CCEB22A5403223046711CCEB22A545B
:10C430000AE014F8012B3046711CCEB22A540022B7
:10C440003046711CCEB22A5420780028F1D1BDE8C4
:10C45000F0810146002031B1012906D0022906D021
:10C46000032908D105E0002007E0022005E00120B3
:10C4700003E0022001E0022000BF00BF704770B55A
:10C4800004460D4616460CB9022070BDD4F8B4021D
:10C4900010B10020C4F8B4020DB1C4F8B0520120AC
:10C4A00084F89C022670204600F004F90020ECE796
:10C4B0002DE9F04104460D46002600272946D4F810
:10C4C000C002FBF7B9FA06463046FFF7C2FF07463F
:10C4D0003846BDE8F0812DE9F04104460D460026BE
:10C4E00000272946D4F8C002FBF771FA0646304609
:10C4F000FFF7AFFF07463846BDE8F0812DE9F04170
:10C5000004460E461746002E64D104F11405D4F8F3
:10C510009402022848D1D5E90301884210D9D5E90F
:10C520000301401AE860A88982B239462046FFF725
:10C5300031FD00231A461946204600F031F93EE04D
:10C540002969A868B0FBF1F201FB1200B8B92969AA
:10C55000A868884213D3A868D4F8981288420ED2EB
:10C56000002211462046FFF715FD0020C4F898026E
:10C5700000231A461946204600F012F91FE0D4F8AD
:10C58000B402C06840B194F89C02032804D1D4F8E6
:10C59000B402C168204688478021204600F0B0F9E7
:10C5A0002046FFF723FD0AE0D4F89402042802D0C5
:10C5B000D4F8940218B98021204600F0A1F994F82B
:10C5C000A002012818D1204600F0FAF9002084F8D2
:10C5D000A00211E0D4F8B402406950B194F89C0272
:10C5E000032806D1D4F8B402314642692046904768
:10C5F00002E00220BDE8F0810020FBE72DE9F041D8
:10C6000004460E461746BEBB04F5AA75D4F894023C
:10C61000032825D1D5E90301884210D9D5E90301C2
:10C62000401AE860D5E90301884201D2E86800E0D9
:10C63000286982B239462046FFF7A0FC2FE0D4F8E3
:10C64000B402006940B194F89C02032804D1D4F8E4
:10C65000B4020169204688472046FFF7E5FC1EE04A
:10C66000D4F8940205281AD10020C4F894020021BD
:10C67000204600F045F912E0FFE7D4F8B4028069E3
:10C6800050B194F89C02032806D1D4F8B402314684
:10C6900082692046904702E00220BDE8F081002038
:10C6A000FBE770B504460D462946D4F8C002FBF7F7
:10C6B00041FD70BD10B504461D48C0F8E842C4F8FD
:10C6C000C0021C481A490860082048600221184826
:10C6D000816000218161C1610162FBF702FF08B145
:10C6E000F9F788FD04F530741823002211462068FC
:10C6F000FBF72AF95823002280212068FBF724F950
:10C70000C023002281212068FBF71EF94FF48873B3
:10C71000002201212068FBF717F92068A4F5307486
:10C720004FF4807300228221FBF70EF9002010BD28
:10C73000C8160020005C004010B50246D2F8C03296
:10C7400001F08000802809D101F07F0000EB800417
:10C7500003F1280000EBC400807810BD01F07F00D9
:10C7600000EB800403F5B47000EBC4008078F4E7BC
:10C770002DE9F04704460F4615461E464FF00008C7
:10C78000C1462B4632463946D4F8C002FBF7DDFCE1
:10C7900080464046FFF75DFE81464846BDE8F0878B
:10C7A0002DE9F04704460D4616461F464FF0000897
:10C7B000C1463B4632462946D4F8C002FBF70BFD82
:10C7C00080464046FFF745FE81464846BDE8F08773
:10C7D00010B504464023002211462046FFF7C8FF4B
:10C7E00001214FF4AC70015140214FF4B27001515E
:10C7F0004023002280212046FFF7BAFF0121A161DA
:10C8000040216162012084F89C020020C4F8940257
:10C810006060C4F8A402D4F8B80228B12179D4F831
:10C82000B402426820469047002010BD014691F8AE
:10C830009C02042803D191F89D0281F89C020020FB
:10C84000704710B5044694F89C02032808D1D4F828
:10C85000B402C06920B1D4F8B402C1692046884747
:10C86000002010BD02461174002070472DE9F041F0
:10C8700004460D46002600272946D4F8C002FBF7DF
:10C880001FFF06463046FFF7E4FD07463846BDE881
:10C89000F08170B504460D46294604F52A7000F073
:10C8A00073F80120C4F8940240F2AE20005BC4F893
:10C8B000980294F8A80200F01F0020B1012808D0C7
:10C8C000022812D10BE004F52A71204600F041F94C
:10C8D00013E004F52A71204600F0A8FA0DE004F5F3
:10C8E0002A71204600F086F907E094F8A80200F0CB
:10C8F0008001204600F004F800BF00BF002070BD9A
:10C900002DE9F04104460D46002600272946D4F8BB
:10C91000C002FBF786FC06463046FFF79AFD074645
:10C920003846BDE8F08170B5044600250026D4F8ED
:10C93000C002FBF7E9FE05462846FFF78AFD0646DA
:10C94000304670BD014691F89C0281F89D0204209A
:10C9500081F89C02002070472DE9F04704460D46FF
:10C9600016461F464FF00008C1463B463246294650
:10C97000D4F8C002FBF799FC80464046FFF769FDFA
:10C9800081464846BDE8F0870A7802704A784270CE
:10C990008B78CA7803EB022242800B794A7903EB49
:10C9A000022282808B79CA7903EB0222C28070470F
:10C9B0000246002011B1C2F8B41200E00220704714
:10C9C00001460020704770B504460D46A88810BB8C
:10C9D000E88800BB688880281DD2A87800F07F0610
:10C9E00094F89C02032804D129462046FFF7DEFA7A
:10C9F00015E084F89E6231462046FFF737FF204657
:10CA0000FFF712FB1EB1022084F89C0207E0012010
:10CA100084F89C0203E029462046FFF7C7FA70BD60
:10CA200070B504460D460226D4F8B40238B1D4F8E5
:10CA3000B402294602682046904700B900263046D5
:10CA400070BD000070B504460D46A87836490870E0
:10CA500008460078012804DD29462046FFF7A6FA9B
:10CA600060E094F89C02022802D003284FD11CE019
:10CA70002D480078A8B12C4800786060032084F825
:10CA80009C02294801782046FFF7CAFF022804D1FA
:10CA900029462046FFF78AFA70BD2046FFF7C4FA00
:10CAA00002E02046FFF7C0FA3BE01F48007870B96B
:10CAB000022084F89C021C48007860601A480178C3
:10CAC0002046FFF731FA2046FFF7AEFA1EE016497E
:10CAD00009786068884216D021792046FFF724FA49
:10CAE000114800786060104801782046FFF798FFF1
:10CAF000022804D129462046FFF758FACCE7204601
:10CB0000FFF792FA02E02046FFF78EFA09E0294685
:10CB10002046FFF74BFA044801782046FFF704FA55
:10CB200000BF00BF00BFB7E71801002070B5054681
:10CB30000C466088012804D1C5F8A4022846FFF7F6
:10CB400073FA70BD10B504462046FFF7ECFE0020D6
:10CB500010BD70B505460C460026207800F0600038
:10CB600060B1202802D040283CD100E000BFD5F8B9
:10CB7000B402214682682846904738E060780A2847
:10CB800029D2DFE800F01923281E280A0528140FEF
:10CB900021462846FFF703FB22E021462846FFF7FF
:10CBA00012FF1DE021462846FFF74CFF18E0214602
:10CBB0002846FFF7C9FA13E021462846FFF7F3FBA2
:10CBC0000EE021462846FFF7B1FF09E0214628463E
:10CBD000FFF7B5F904E021462846FFF7E7F900BF63
:10CBE00000BF04E021462846FFF7E0F900BF00BF80
:10CBF000304670BD2DE9F04105460E464FF0000865
:10CC00003479307800F0600060B1202802D04028EC
:10CC100071D100E000BFD5F8B402314682682846E1
:10CC2000904700E1307800F06000202809D1D5F865
:10CC3000B402314682682846904780464046BDE8A7
:10CC4000F081707800285ED001282FD0032876D19B
:10CC500095F89C02022802D0032820D110E054B19C
:10CC6000802C08D021462846FFF74AFE802128461E
:10CC7000FFF746FE03E031462846FFF797F913E039
:10CC8000708840B93CB1802C05D0F08818B9214695
:10CC90002846FFF735FE2846FFF7C6F904E031467F
:10CCA0002846FFF783F900BF00BFB5E095F89C0266
:10CCB000022802D003281FD110E054B1802C08D0E4
:10CCC00021462846FFF71CFE80212846FFF718FE64
:10CCD00003E031462846FFF769F912E0708848B949
:10CCE00004F07F0018B121462846FFF7E1FB2846F3
:10CCF000FFF79AF905E091E031462846FFF756F92B
:10CD000000BF00BF88E095F89C02022802D00328EB
:10CD100076D126E034B1802C04D031462846FFF786
:10CD200045F972E004F08000802809D104F07F000A
:10CD300000EB800105F1140000EB810008E066E0E3
:10CD400004F07F0000EB800105F5AA7000EB810084
:10CD5000074600203860022239462846FFF753F97B
:10CD600053E004F0800080280ED104F00F0000EBA7
:10CD7000800105F1140000EB8100406898B931464C
:10CD80002846FFF713F940E004F00F0000EB8001A4
:10CD900005F5AA7000EB8100406820B931462846AD
:10CDA000FFF704F931E004F08000802808D104F096
:10CDB0007F0000EB800105F1140000EB810007E02B
:10CDC00004F07F0000EB800105F5AA7000EB810004
:10CDD00007460CB1802C02D10020386009E02146C2
:10CDE0002846FFF7A9FC10B10120386001E00020BF
:10CDF0003860022239462846FFF705F905E0FFE7CB
:10CE000031462846FFF7D2F800BF00BF04E03146A4
:10CE10002846FFF7CBF800BF00BF04E031462846A4
:10CE2000FFF7C4F800BF00BF404608E770B50546ED
:10CE30000C460026207800F0600030B1202802D097
:10CE400040282AD100E000BF00BF95F89C020128CD
:10CE500004D0022803D0032818D101E000BF00BF8E
:10CE6000207901280DDCD5F8B402214682682846D5
:10CE700090470646E08840B93EB92846FFF7D4F807
:10CE800003E021462846FFF791F804E021462846B2
:10CE9000FFF78CF800BF00BF04E021462846FFF7EB
:10CEA00085F800BF00BF002070BD704701460148F3
:10CEB00070470000B4190020F0B50246002608783B
:10CEC000400032F8100048F68F1400EA0403C878D6
:10CED00030B101280CD0022805D003280BD104E082
:10CEE00043F4007309E000BF07E043F4C06304E0CB
:10CEF00043F4806301E0012600BF00BF43F400401B
:10CF000040F080000C78640022F8140000BF0C7818
:10CF1000640032F8144048F68F752C400D7844EACE
:10CF2000050040F4004444F080040D786D0022F8C0
:10CF3000154000BF087B00287ED14878002852D0D9
:10CF400000BF1046B2F8505028440D7800F58067B5
:10CF500007EB0514CD886D106D00258000BF00BF64
:10CF60000C78640032F8140000F040048CB100BF6B
:10CF70000D786D0032F8155048F68F7705EA0704F2
:10CF800044F4004545F0C0050F787F0022F81750A3
:10CF900000BF00BFC878012813D000BF0C78640020
:10CFA00032F8144048F6BF7504EA050080F020000E
:10CFB00040F4004444F080040D786D0022F81540E0
:10CFC0009EE100BF0C78640032F8144048F6BF754B
:10CFD00004EA050040F4004444F080040D786D003C
:10CFE00022F815408CE100BF1046B2F8505028449A
:10CFF0000D78042707EBC50500F5806707EB4504AE
:10D00000CD886D106D00258000BF00BF1546B2F8B9
:10D01000504025440C78062707EBC40405F58067CB
:10D0200007EB4404204600BF0F6967B9078848F240
:10D03000FF3C07EA0C0700E057E00780078847F449
:10D04000004707801EE00F693E2F0DD800BF0F6913
:10D050007C080F7C07F0010707B1641C4FF6FF77CF
:10D0600007EA842707800DE000BF0F697C090F7C69
:10D0700007F01F0707B9641E4FF4004747EA8427EB
:10D08000078000BF00BF00BF00BF0C78640032F80B
:10D09000140000F480448CB100BF0D786D0032F8AC
:10D0A000155048F68F7705EA070444F4004545F427
:10D0B00081450F787F0022F8175000BF00BF00BFE6
:10D0C0000C78640032F814404BF68F7504EA0500C2
:10D0D00080F4805080F4005040F4004444F0800418
:10D0E0000D786D0022F815400AE100BF0C7864004D
:10D0F00032F8144048F68F7504EA050040F4004405
:10D1000044F4C0740D786D0022F8154000BF00BFD4
:10D1100000BF00BF1046B2F8505028440D7800F50B
:10D12000806707EB05140D896D106D00258000BF29
:10D1300000BF00BF00BF1046B2F8505028440D7821
:10D14000042707EBC50500F5806707EB45044D890B
:10D150006D106D00258000BF00BF00BF487800281B
:10D160005DD100BF0C78640032F8140000F48044F4
:10D170008CB100BF0D786D0032F8155048F68F77EE
:10D1800005EA070444F4004545F481450F787F0023
:10D1900022F8175000BF00BF00BF0C78640032F8BF
:10D1A000140000F040048CB100BF0D786D0032F81F
:10D1B000155048F68F7705EA070444F4004545F01A
:10D1C000C0050F787F0022F8175000BF00BF00BFD6
:10D1D0000C78640032F814404BF68F7504EA0500B1
:10D1E00080F4805080F4005040F4004444F0800407
:10D1F0000D786D0022F8154000BF00BF0C78640068
:10D2000032F8144048F6BF7504EA050040F40044C3
:10D2100044F080040D786D0022F8154070E000BFE6
:10D220000C78640032F8140000F480448CB100BF24
:10D230000D786D0032F8155048F68F7705EA07042F
:10D2400044F4004545F481450F787F0022F81750DB
:10D2500000BF00BF00BF0C78640032F8140000F07B
:10D2600040048CB100BF0D786D0032F8155048F6BF
:10D270008F7705EA070444F4004545F0C0050F78B0
:10D280007F0022F8175000BF00BFC878012813D0D4
:10D2900000BF0C78640032F8144048F6BF7504EA09
:10D2A000050080F0200040F4004444F080040D7834
:10D2B0006D0022F8154011E000BF0C78640032F8D0
:10D2C000144048F6BF7504EA050040F4004444F0F9
:10D2D00080040D786D0022F8154000BF00BF0C7867
:10D2E000640032F814404BF68F7504EA050040F4F0
:10D2F000004444F080040D786D0022F8154000BF12
:10D300003046F0BD10B50446002010BD30B50246D1
:10D31000087B00285BD1487860B300BF0B785B00C6
:10D3200032F8130000F040038BB100BF0C786400AA
:10D3300032F8144048F68F7504EA050343F40044BC
:10D3400044F0C0040D786D0022F8154000BF00BF06
:10D3500000BF0B785B0032F8133048F6BF7403EA65
:10D36000040040F4004343F080030C78640022F88A
:10D37000143007E100BF0B785B0032F8130000F4B3
:10D3800080438BB100BF0C78640032F8144048F63B
:10D390008F7504EA050343F4004444F481440D7896
:10D3A0006D0022F8154000BF00BF00BF0B785B0086
:10D3B00032F813304BF68F7403EA040040F4004354
:10D3C00043F080030C78640022F81430DAE04878E7
:10D3D00000286BD100BF0B785B0032F8130000F41B
:10D3E00080438BB100BF0C78640032F8144048F6DB
:10D3F0008F7504EA050343F4004444F481440D7836
:10D400006D0022F8154000BF00BF00BF0B785B0025
:10D4100032F8130000F040038BB100BF0C786400B9
:10D4200032F8144048F68F7504EA050343F40044CB
:10D4300044F0C0040D786D0022F8154000BF00BF15
:10D4400000BF0B785B0032F8133048F68F7403EAA4
:10D45000040040F4004343F0C0030C78640022F859
:10D46000143000BF00BF0B785B0032F813304BF66E
:10D470008F7403EA040040F4004343F080030C7807
:10D48000640022F8143000BF00BF0B785B0032F854
:10D49000133048F6BF7403EA040040F4004343F03D
:10D4A00080030C78640022F814306BE000BF0B7826
:10D4B0005B0032F8130000F480438BB100BF0C789E
:10D4C000640032F8144048F68F7504EA050343F40B
:10D4D000004444F481440D786D0022F8154000BFEB
:10D4E00000BF00BF0B785B0032F8130000F0400370
:10D4F0008BB100BF0C78640032F8144048F68F7589
:10D5000004EA050343F4004444F0C0040D786D00C0
:10D5100022F8154000BF00BF00BF0B785B0032F857
:10D52000133048F68F7403EA040040F4004343F4D8
:10D5300081430C78640022F8143000BF00BF0B78E0
:10D540005B0032F8133048F6BF7403EA040040F47D
:10D55000004343F080030C78640022F8143000BFCD
:10D5600000BF0B785B0032F813304BF68F7403EA80
:10D57000040040F4004343F080030C78640022F878
:10D58000143000BF002030BD014600207047014626
:10D590000020704710B50446012024F8400F0020F9
:10D5A0002080A0802082403C10BD01464FF43F42C5
:10D5B000B1F840009043A1F84000002070470246B7
:10D5C0000020704730B50246087B002865D14878B6
:10D5D00088B300BF0B785B0032F8130000F0400303
:10D5E0008BB100BF0C78640032F8144048F68F7598
:10D5F00004EA050343F4004444F0C0040D786D00D0
:10D6000022F8154000BF00BFC878012845D000BFF0
:10D610000B785B0032F8133048F6BF7403EA04005D
:10D6200080F0200040F4004343F080030C78640055
:10D6300022F8143031E0FFE700BF0B785B0032F8CE
:10D64000130000F480438BB100BF0C78640032F803
:10D65000144048F68F7504EA050343F4004444F48B
:10D6600081440D786D0022F8154000BF00BF00BF57
:10D670000B785B0032F813304BF68F7403EA04002A
:10D6800080F4805080F4005040F4004343F0800365
:10D690000C78640022F8143000BF002030BD10B5B3
:10D6A0000246487898B100BF0B785B0032F813301F
:10D6B00048F6BF7403EA040080F0100040F4004311
:10D6C00043F080030C78640022F8143013E000BFAC
:10D6D0000B785B0032F813304BF68F7403EA0400CA
:10D6E00080F4805040F4004343F080030C786400E1
:10D6F00022F8143000BF002010BD2DE9F047064687
:10D700000C466078012876D12169A069884201D948
:10D71000256900E0A569207BA0B9ABB2E28830465C
:10D72000616900F0F4FD00BF3046B6F850201044A7
:10D730002278022303EBC20200F5806303EB42016F
:10D740000D8081E3E07802287DD12169206A88423A
:10D750007AD900BF2178490036F8111048F68F7247
:10D7600001EA020040F4004141F4C0712278520005
:10D7700026F8121000BF206A401B2062207840006B
:10D7800036F8100000F0400000287DD000BF33467E
:10D79000607888BB00BF3246B6F850100A44217842
:10D7A0004FF0060909EBC10102F5806909EB41015F
:10D7B000084600BF75B9B0F8009048F2FF3A09EA90
:10D7C0000A09A0F80090B0F8009049F40049A0F8C8
:10D7D000009021E03E2D10D800BF690805F0010936
:10D7E000B9F1000F00D0491C4FF6FF7909EA8129F1
:10D7F000A0F8009010E03DE310E000BF690905F0DB
:10D800001F09B9F1000F00D1491E4FF4004949EA40
:10D810008129A0F8009000BF00BF0FE060780128C8
:10D820000CD1B6F8500003442078062101EBC0006B
:10D8300003F5806101EB400CACF8005000BF678934
:10D84000ABB23A4601E057E12CE13046616900F0A5
:10D850005EFD6069284460612169206A884203D9BD
:10D86000206A401B206202E0256A0020206200BF7F
:10D870006078C0BB00BF3246B6F850100A44217829
:10D88000022303EBC10100E049E002F5806303EBF2
:10D890004101084600BF55B9038848F2FF3C03EA3E
:10D8A0000C030380038843F40043038019E03E2DFA
:10D8B0000BD800BF690805F0010303B1491C4FF6FE
:10D8C000FF7303EA812303800BE000BF690905F0C1
:10D8D0001F0303B9491E4FF4004343EA8123038029
:10D8E00000BF00BF12E0FFE7607801280ED100BF43
:10D8F0003046B6F8502010442278022303EBC202CF
:10D9000000F5806303EB42010D8000BF00BF278953
:10D91000ABB23A463046616900F0F9FC94E200BFD0
:10D920006078B0BB00BF3246B6F850100A44217888
:10D93000022303EBC10102F5806303EB41010846BA
:10D9400000BF55B9038848F2FF3C03EA0C0303808B
:10D95000038843F40043038019E03E2D0BD800BF39
:10D96000690805F0010303B1491C4FF6FF7303EA90
:10D97000812303800BE000BF690905F01F0303B991
:10D98000491E4FF4004343EA8123038000BF00BFD8
:10D9900012E0FFE7607801280ED100BF3046B6F8EC
:10D9A000502010442278022303EBC20200F580636A
:10D9B00003EB42010D8000BF00BF2789ABB23A469E
:10D9C0003046616900F0A3FC606928446061216908
:10D9D000206A884203D9206A401B206202E0256A3F
:10D9E0000020206200BF3346607880BB00BF324613
:10D9F000B6F850100A4421784FF0060909EBC1012E
:10DA000002F5806909EB4101084600BF75B9B0F81D
:10DA1000009048F2FF3A09EA0A09A0F80090B0F82D
:10DA2000009049F40049A0F8009020E03E2D0FD866
:10DA300000BF690805F00109B9F1000F00D0491CC9
:10DA40004FF6FF7909EA8129A0F800900FE010E075
:10DA500000BF690905F01F09B9F1000F00D1491E87
:10DA60004FF4004949EA8129A0F8009000BF00BFA7
:10DA70000FE0607801280CD1B6F8500003442078FC
:10DA8000062101EBC00003F5806101EB400CACF80E
:10DA9000005000BF6789ABB23A463046616900F07A
:10DAA00036FCD1E1256A00BF2178490036F8111013
:10DAB00048F68F6201EA020040F4004141F0800123
:10DAC0002278520026F8121000BF00BF3046B6F888
:10DAD000502010442278022303EBC20200F5806339
:10DAE00003EB42010D8000BF2789ABB23A463046B6
:10DAF000616900F00CFCA7E100BF2178490036F80D
:10DB0000111048F68F7201EA020040F4004141F41E
:10DB1000C0712278520026F8121000BF206A401B04
:10DB200020622078400036F8100000F04000002805
:10DB30007DD000BF3346607880BB00BF3246B6F868
:10DB400050100A4421784FF0060909EBC10102F593
:10DB5000806909EB4101084600BF75B9B0F8009033
:10DB600048F2FF3A09EA0A09A0F80090B0F80090DC
:10DB700049F40049A0F8009020E03E2D0FD800BFE6
:10DB8000690805F00109B9F1000F00D0491C4FF6F2
:10DB9000FF7909EA8129A0F800900FE010E000BFAA
:10DBA000690905F01F09B9F1000F00D1491E4FF4B2
:10DBB000004949EA8129A0F8009000BF00BF0FE0AA
:10DBC000607801280CD1B6F8500003442078062173
:10DBD00001EBC00003F5806101EB400CACF8005094
:10DBE00000BF6789ABB23A463046616900F08FFBEF
:10DBF0006069284460612169206A884203D9206AEB
:10DC0000401B206202E0256A00202062002D56D0D1
:10DC100000BF6078C0BB00BF3246B6F850100A445F
:10DC20002178022303EBC10102F5806300E047E0A5
:10DC300003EB4101084600BF55B9038848F2FF3C99
:10DC400003EA0C030380038843F40043038019E0D4
:10DC50003E2D0BD800BF690805F0010303B1491C34
:10DC60004FF6FF7303EA812303800BE000BF6909CD
:10DC700005F01F0303B9491E4FF4004343EA812313
:10DC8000038000BF00BF12E0FFE7607801280ED1DB
:10DC900000BF3046B6F8502010442278022303EB30
:10DCA000C20200F5806303EB42010D8000BF00BF9C
:10DCB0002789ABB23A463046616900F028FBC3E0E1
:10DCC00000BF6078B0BB00BF3246B6F850100A44BF
:10DCD0002178022303EBC10102F5806303EB4101CC
:10DCE000084600BF55B9038848F2FF3C03EA0C031D
:10DCF0000380038843F40043038019E03E2D0BD8D2
:10DD000000BF690805F0010303B1491C4FF6FF731A
:10DD100003EA812303800BE000BF690905F01F03BC
:10DD200003B9491E4FF4004343EA8123038000BF37
:10DD300000BF12E0FFE7607801280ED100BF304637
:10DD4000B6F8502010442278022303EBC20200F5FB
:10DD5000806303EB42010D8000BF00BF2789ABB297
:10DD60003A463046616900F0D2FA60692844606141
:10DD70002169206A884203D9206A401B206202E0A0
:10DD8000256A00202062A5B300BF3346607888BBB7
:10DD900000BF3246B6F850100A4421784FF0060909
:10DDA00009EBC10102F5806909EB4101084600BF9A
:10DDB00075B9B0F8009048F2FF3A09EA0A09A0F8EC
:10DDC0000090B0F8009049F40049A0F8009021E0DC
:10DDD0003E2D10D800BF690805F00109B9F1000F08
:10DDE00000D0491C4FF6FF7909EA8129A0F800907C
:10DDF00010E029E010E000BF690905F01F09B9F142
:10DE0000000F00D1491E4FF4004949EA8129A0F8CA
:10DE1000009000BF00BF0FE0607801280CD1B6F879
:10DE2000500003442078062101EBC00003F5806117
:10DE300001EB400CACF8005000BF6789ABB23A462A
:10DE40003046616900F063FA00BF2178490036F876
:10DE5000111048F6BF7201EA020080F0100080F055
:10DE6000200040F4004141F080012278520026F861
:10DE7000121005E2207BA0BB2169A069884204D969
:10DE80002569A069401BA06102E0A5690020A0618E
:10DE900000BF3246B6F850100A442178062303EB3F
:10DEA000C10102F5806303EB4101084600BF55B98B
:10DEB000038848F2FF3C03EA0C030380038843F421
:10DEC000004303801AE03E2D0CD800BF690805F01E
:10DED000010303B1491C4FF6FF7303EA812303805A
:10DEE0000CE00DE000BF690905F01F0303B9491EEE
:10DEF0004FF4004343EA8123038000BF00BFA9E140
:10DF0000E07802287DD100BF00BF6078E0BB00BF91
:10DF10003246B6F850100A442178022303EBC101BF
:10DF200002F5806303EB4101084600BF236953B942
:10DF3000038848F2FF3C03EA0C030380038843F4A0
:10DF4000004303801EE023693E2B0DD800BF2369E8
:10DF50005908237C03F0010303B1491C4FF6FF73FA
:10DF600003EA812303800DE000BF23695909237C64
:10DF700003F01F0303B9491E4FF4004343EA812312
:10DF8000038000BF00BF13E0FFE7607801280FD1D6
:10DF900000BF3046B6F8502010442278022303EB2D
:10DFA000C20200F5806303EB4201228A0A8000BFAF
:10DFB00000BF00BF33466078E8BB00BF3246B6F80A
:10DFC00050100A4421784FF0060909EBC10102F50F
:10DFD000806909EB4101084600BFD4F81090B9F1FF
:10DFE000000F0FD1B0F8009048F2FF3A09EA0A0991
:10DFF000A0F80090B0F8009049F40049A0F8009013
:10E000002EE06BE0D4F81090B9F13E0F14D800BFA9
:10E01000D4F810904FEA590194F8109009F00109D2
:10E02000B9F1000F00D0491C4FF6FF7909EA8129A8
:10E03000A0F8009014E015E000BFD4F810904FEA6B
:10E04000591194F8109009F01F09B9F1000F00D18F
:10E05000491E4FF4004949EA8129A0F8009000BF09
:10E0600000BF10E0607801280DD1B6F850000344DD
:10E070002078062101EBC00003F5806101EB400C24
:10E08000208AACF8000000BF00BFE069002824D05F
:10E090002078400036F8108008F4804010B108F075
:10E0A000400038B908F48040002816D108F040003C
:10E0B000002812D100BF00BF2178490036F81110A6
:10E0C00048F68F7201EA020040F4004141F0C001BD
:10E0D0002278520026F8121000BFBBE0E078012839
:10E0E0007CD12169A069884204D92569A069401BB7
:10E0F000A06102E0A5690020A06100BF00BF6078B8
:10E10000B0BB00BF3246B6F850100A442178022353
:10E1100003EBC10102F5806303EB4101084600BF38
:10E1200055B9038848F2FF3C03EA0C0303800388D7
:10E1300043F40043038019E03E2D0BD800BF69086B
:10E1400005F0010303B1491C4FF6FF7303EA812375
:10E1500003800BE000BF690905F01F0303B9491EE6
:10E160004FF4004343EA8123038000BF00BF12E065
:10E17000FFE7607801280ED100BF3046B6F8502086
:10E1800010442278022303EBC20200F5806303EB04
:10E1900042010D8000BF00BF00BF3346607890BBD6
:10E1A00000BF3246B6F850100A4421784FF00609F5
:10E1B00009EBC10102F5806909EB4101084600BF86
:10E1C00085B9B0F8009048F2FF3A09EA0A09A0F8C8
:10E1D0000090B0F8009049F4004900E037E0A0F862
:10E1E000009020E03E2D0FD800BF690805F001091E
:10E1F000B9F1000F00D0491C4FF6FF7909EA8129D7
:10E20000A0F800900FE010E000BF690905F01F09B9
:10E21000B9F1000F00D1491E4FF4004949EA8129A4
:10E22000A0F8009000BF00BF0FE0607801280CD17B
:10E23000B6F8500003442078062101EBC00003F536
:10E24000806101EB400CACF8005000BF02E00120FF
:10E25000BDE8F08700BF2178490036F811104BF671
:10E260008F7201EA020080F4805080F4005040F484
:10E27000004141F080012278520026F8121000BFC0
:10E280000020E5E701460020A1F844004FF43F429A
:10E29000A1F840207047000010B50248FAF730F8A6
:10E2A00010BD0000C81600200146B1F844007047B8
:10E2B0002DE9F04304460E4615464FEA530CA0469E
:10E2C000304608F5806909EB450267460AE0118887
:10E2D000921C0170401C4FEA112980F80090401CEC
:10E2E000921C7F1E002FF2D103F00109B9F1000F3B
:10E2F00001D011880170BDE8F0830246002070470C
:10E30000024611B98020A2F84C00002070472DE988
:10E31000F04704460D461E4606F1010A4FEA5A0828
:10E32000A146284609F5806A0AEB420347460BE0FE
:10E3300090F800C0401C90F800A04CEA0A21198017
:10E340009B1C9B1C401C7F1E002FF1D1BDE8F08759
:10E3500000BFFEE71CB51F480078402835D11D4896
:10E360004079232831D11B48407800061949897823
:10E3700000EB01401749C97800EB012115480079ED
:10E38000084415490860134800791249C978CDE955
:10E39000001010488378427810A1184800F054F813
:10E3A00019211648F7F7BAFE0A20F8F741FF0A4884
:10E3B00013A10268114800F047F81C210F48F7F735
:10E3C000ADFEC8210D48F7F7D6FA024800210160DA
:10E3D00081801CBD120000201C0000207B225722DF
:10E3E0003A7B224368617254656D70223A25632539
:10E3F00063256325637D7D0A000000007C07002003
:10E400007B2257223A7B22496E7454656D70223A02
:10E4100025647D7D0A00000070B504460D4600228B
:10E4200010210848F9F782F97E2101EA4400FCF73F
:10E430008FFD2846FCF78CFD012210210148F9F7D9
:10E4400075F970BD000801400FB4084B10B504A960
:10E4500002AA039800F038F8044602A9002000F050
:10E46000D4F9204610BC5DF814FB00000BE800084E
:10E4700002480068C0F30220704700000CED00E085
:10E4800010B5002804DB0A07130E054A135406E0F2
:10E490000A07140E034A00F00F031B1FD45410BDCB
:10E4A00000E400E018ED00E002E008C8121F08C117
:10E4B000002AFAD170477047002001E001C1121F05
:10E4C000002AFBD1704700002DE9FF4F8BB0884632
:10E4D0000546002606E025280BD0DDE90D12904701
:10E4E0006D1C761C28780028F5D10FB03046BDE8A9
:10E4F000F08F0024A146A2460122AE4900E0044369
:10E5000015F8013F203B02FA03F00842F7D12878C2
:10E510002A2810D06FF02F022878A0F130010929A5
:10E5200015D809EB890102EB410144F0020400EB2C
:10E5300001096D1CF0E758F8041B5FEA010903D5D7
:10E5400044F40054C9F1000944F002046D1C287819
:10E550002E2817D115F8010F44F004042A280ED0F4
:10E560006FF02F022878A0F1300109290AD80AEBB0
:10E570008A0102EB410100EB010A6D1CF2E758F839
:10E5800004AB6D1C28786C280FD006DC4C2817D003
:10E5900068280DD06A2814D104E0742810D07A2895
:10E5A0000FD10DE044F400140AE044F4801401E0BB
:10E5B00044F440146978814202D104F580146D1C42
:10E5C0006D1C2878692865D006DC00288DD063286A
:10E5D00027D0642806D15DE06E2808D073282AD0A1
:10E5E000752877D0DDE90D129047761CE0E0C4F382
:10E5F0000250022809D003280DD0D8F800100428B2
:10E600000DD00E6008F10408D2E0D8F80010F2171F
:10E61000C1E90062F6E7D8F800100E80F2E70E704C
:10E62000F0E718F8041B8DF8001000208DF80100A9
:10E63000EB46012003E058F804BB4FF0FF306107C0
:10E640004FF0000701D40AE07F1C57450DDA8742DE
:10E65000FADB1BF807100029F6D106E07F1C874281
:10E66000FCDB1BF807100029F8D1DDE90D23A9EB2D
:10E6700007008146214600F0B1F83044C61904E095
:10E68000DDE90D121BF8010B90477F1EF8D22146E1
:10E69000484688E058F8040BC4F302514FF00A0BC7
:10E6A000032900D100B2042900D140B2002802DAC7
:10E6B00040422D2102E0210505D52B218DF82410A3
:10E6C000012104E006E0E10710D02021F6E708AFC1
:10E6D000089113E058F8040BC4F302514FF00A0BF1
:10E6E000032900D180B2042900D1C0B20021EEE795
:10E6F0005946F7F715FA303107F8011D0028F7D110
:10E70000ADEB070000F1200B600702D524F4803444
:10E7100001E04FF0010ADA4502DDAAEB0B0000E050
:10E720000020824600EB0B0108980144A9EB010090
:10E730000A90E00306D4DDE90D2321460A9800F093
:10E740004DF806444FF0000908E009A911F8090046
:10E75000DDE90D12904709F10109761C08998945F8
:10E76000F3DBE0030CD5DDE90D2321460A9800F028
:10E7700035F8064404E0DDE90D1230209047761CA0
:10E78000BAF10001AAF1010AF5DC05E0DDE90D129C
:10E7900017F8010B9047761CBBF10001ABF1010BA0
:10E7A000F4DC0A982146DDE90D2300F005F8064463
:10E7B0006D1C97E6092801002DE9F041044600256B
:10E7C0001E461746880404D405E039462020B04789
:10E7D0006D1C641EF9D52846BDE8F0812DE9F04195
:10E7E000044600251E469046C80301D5302700E0A8
:10E7F0002027880404D505E041463846B0476D1C03
:10E80000641EF9D52846BDE8F0810A68531C0B60E8
:10E810001070704710B50120F8F70AFD05A000F050
:10E8200037FFF7F769FF4FF416710F48F7F7A3F8B2
:10E8300010BD00007B2252656365697665223A7BD4
:10E8400022537461747573223A32367D2C2246222B
:10E850003A7B2254797065223A2243616E73656C6B
:10E86000227D7D0A0000000084040020014601F0A2
:10E87000030090B96420B1FBF0F200FB121050B914
:10E880004FF4C870B1FBF0F200FB121008B9012080
:10E8900070470020FCE70120FAE70020F8E70000BD
:10E8A00070B5002500240DE01C48005D642801D1EE
:10E8B000681CC5B21948005D742801D1681CC5B236
:10E8C000601CC4B21548F7F761F8A042ECD2022DE3
:10E8D00011D1134A13A11148F7F760F810480068E6
:10E8E000F7F76AFF4FF416710C48F7F744F8002069
:10E8F0000E49087010E013200D4908700DA000F0BB
:10E90000C7FE0020094908700549086000254FF43A
:10E9100016710248F7F72FF870BD0000840400203C
:10E920000400002064256474000000000900002039
:10E93000220000207B2252656365697665223A7B5E
:10E9400022537461747573223A31397D7D0A000057
:10E9500010B506A000F09CFE08210B4800F004FF53
:10E960004FF416710848F7F706F810BD7B22526580
:10E970006365697665223A7B2253746174757322EC
:10E980003A32367D7D0A00008404002010B586B03E
:10E990000446F8F71BFD012004900F480390002067
:10E9A00001900120029005A901A8F8F755FC78B95B
:10E9B000F8F7AAFC0598401C10B1002006B010BD65
:10E9C00024B9FF2210210548F6F7CEFF0120F5E714
:10E9D000F8F79AFC0020F1E740540008F81B0020EB
:10E9E00000B500221021104600F002F800BD000022
:10E9F00030B503465818402801D9002030BD1846CC
:10EA00000FE02AB1094C044494F840441470521C9D
:10EA1000102805D2054C044494F84044044D2C546D
:10EA2000401CCC188442ECD80120E7E700500008D5
:10EA3000F81B00202DE9F04706468946154606EBEF
:10EA40000900402802D90020BDE8F0870DB9002058
:10EA5000FAE7F8F7BBFC002413E02A5D601C285C91
:10EA600042EA0020C3170746A019094A81183A460E
:10EA70000120F8F753FC18B1F8F746FC0020E3E753
:10EA8000A41C4C45E9D3F8F73FFC0120DCE700006B
:10EA90004054000870B5002500240DE01E48005DBC
:10EAA000652801D1681CC5B21B48005D4C2801D106
:10EAB000681CC5B2601CC4B21748F6F767FFA042D5
:10EAC000ECD2022D13D1154A15A11348F6F766FFB3
:10EAD00012480068F7F748FC4FF416710E48F6F735
:10EAE0004AFF0020104908601049087013E0132005
:10EAF0000F4908700FA000F0CBFD00200B490870F3
:10EB00000649086000254FF416710348F6F733FFF5
:10EB100000200549086070BD840400200400002026
:10EB20006525644C0000000024000020080000203F
:10EB3000220000207B2252656365697665223A7B5C
:10EB400022537461747573223A31397D7D0000005F
:10EB500000B585B00120F8F76BFB00221549164877
:10EB6000FAF70AFB002215491348FAF7A7FA1348E7
:10EB7000007812498978114A5278104BDB78CDE938
:10EB80000132CDE903100B488078009009484378A2
:10EB900002780BA11948FFF757FC184800F078FDE0
:10EBA0000120F8F745FB4FF416711548F6F7E3FE20
:10EBB00005B000BD88000020B40800208B000020B4
:10EBC0007B2254223A7B2248223A25642C224D2271
:10EBD0003A25642C2253223A25642C2259223A25C4
:10EBE000642C226D223A25642C2244223A25642C7E
:10EBF0002257223A25647D7D0A000000DC060020B1
:10EC00008404002010B507A000F042FDF7F774FD62
:10EC10000020124908704FF416711148F6F7ABFE48
:10EC200010BD00007B2252656365697665223A7BE0
:10EC300022537461747573223A32367D2C22462237
:10EC40003A7B2254797065223A224964656E746970
:10EC500066794F6666227D7D0A0000001100002063
:10EC60008404002010B507A000F012FD0120F8F781
:10EC7000DFFA0120104908704FF416710F48F6F7BB
:10EC80007AFE10BD7B2252656365697665223A7B08
:10EC900022537461747573223A32367D2C224622D7
:10ECA0003A7B2254797065223A224964656E746910
:10ECB0006679227D7D0A0000110000208404002076
:10ECC00070B504460D46002617E0012251020C489B
:10ECD000F8F72CFD2846F8F7ABFA00224FF4007144
:10ECE0000748F8F723FD2846F8F7A2FA0122510257
:10ECF0000348F8F71BFD701CC6B2A642E5DB70BDE9
:10ED00000008014008B500BFF8F758FDFCF74FFCBC
:10ED1000FBF764FDFBF7DEFDFBF7F4FDFBF716FEEA
:10ED2000FBF74AFEFBF764FEFBF77EFEFBF7BEFD3A
:10ED3000FA48FAF7B9FEF948FAF780FE4FF40050A6
:10ED4000F74B0822F74900900020FCF7DFFA022178
:10ED5000F5A000F009FDF5480068C06840F020000B
:10ED6000F2490968C8600A20F8F762FAF0480068BA
:10ED7000C06840F02000EE490968C860ED480068AE
:10ED8000C06840F02000EB490968C8600020EA49EB
:10ED90000860FBF7F3FBFFF723FE1E210720FFF7B8
:10EDA0008FFF4FF47A70F8F743FA4AF6AA20E34946
:10EDB000096808604FF47A70F8F73AFA4AF6AA2020
:10EDC000DE49096808604FF47A70F8F731FA4AF6BC
:10EDD000AA20DA49096808604FF47A70F8F728FA2F
:10EDE0004AF6AA20D549096808604FF47A70F8F706
:10EDF0001FFA4AF6AA20D149096808604FF47A70D0
:10EE0000F8F716FA4AF6AA20CC49096808604FF4C8
:10EE10007A70F8F70DFA4AF6AA20C849096808601E
:10EE20004FF47A70F8F704FA4AF6AA20C349096841
:10EE300008604FF47A70F8F7FBF94AF6AA20BF4948
:10EE4000096808604FF47A70F8F7F2F94AF6AA20D8
:10EE5000BA49096808604FF47A70F8F7E9F94AF698
:10EE6000AA20B649096808604FF47A70F8F7E0F90B
:10EE70004AF6AA20B149096808604FF47A70F8F799
:10EE8000D7F94AF6AA20AD49096808604FF47A70AC
:10EE9000F8F7CEF94AF6AA20A849096808604FF4A5
:10EEA0007A70F8F7C5F94AF6AA20A44909680860FB
:10EEB0004FF47A70F8F7BCF94AF6AA209F4909681E
:10EEC00008604FF47A70F8F7B3F94AF6AA209B4924
:10EED000096808604FF47A70F8F7AAF94AF6AA2090
:10EEE0009649096808601E210520FFF7E9FE012206
:10EEF00091029348F8F71AFC012211029048F8F7A2
:10EF000015FC4FF47A70F8F793F9FBF7A9FD4FF46D
:10EF10007A70F8F78DF98BA000F0BAFB01208E49CA
:10EF2000087044E24AF6AA20844909680860FBF7A1
:10EF300025FB8A48008800287ED00120F8F778F960
:10EF400087480078572811D18548407965280DD128
:10EF500084A000F09DFB824A40F23A216420F7F73A
:10EF6000C1FF012086490870F7F76EF87C480078E9
:10EF7000652871D019DC49286FD009DCA0F1400068
:10EF800008286BD2DFE800F0C86A6AB7996A91BDB9
:10EF9000542870D004DC4E287FD052285ED112E174
:10EFA00056281BD06428F9D193E073285DD00CDC7F
:10EFB0006E2862D004DC662867D06928EED194E020
:10EFC00070284CD07228E9D114E075280CD0802824
:10EFD00036D081283AD0AF28E0D1FBE000F074FBB6
:10EFE0000120674908700AE100F00AFD0120644928
:10EFF000087004E163A000F04BFB0A20F8F718F951
:10F0000000BF00BF00BF00BF00BFBFF34F8F00BFF6
:10F0100000BF00BF6248006800F4E0606149084337
:10F02000001D5F49086000BF00BF00BFBFF34F8FE6
:10F0300000BF00BF00BF00E0F1E000BF00BFFDE780
:10F0400000F002FC01204E490870D8E0FFF780FD77
:10F0500001204B490870D2E035E040E0C0E0FBF70A
:10F0600043FF012046490870C9E000F097FB0120EA
:10F0700043490870C3E09BE00FE031216E2000F0AF
:10F0800043FA01203E490870B9E03121662000F0C2
:10F090003BFA01203A490870B1E032216E2000F0BD
:10F0A00033FA012036490870A9E03221662000F0C9
:10F0B0002BFA012032490870A1E0F7F78BF8012004
:10F0C0002F4908709BE00120374908702C490870CF
:10F0D00095E0012035490870294908708FE0FFF755
:10F0E00091FD01202649087089E0FFF7BBFD012052
:10F0F0002349087083E0FFF78DFB01202049087049
:10F100007DE0F7F7B9FB01201D4908704FF4167137
:10F110001348F6F730FC72E05BE0000020090020A5
:10F1200000100140000C014073730000AC09002086
:10F13000F0090020680900202C000020A808002009
:10F1400000080140416E64726F6964496E746572B3
:10F150006661636546310A00010000200C00002052
:10F16000840400207B2252656365697665223A7BC0
:10F1700022537461747573223A32367D0A0000009E
:10F18000760000207B22526563697665223A7B22F5
:10F19000537461747573223A37307D7D0A00000024
:10F1A0000CED00E00000FA05080000200900002036
:10F1B00000F0C0FB01207E4908704FF416717D48B5
:10F1C000F6F7D9FB1BE001207B49087078490870ED
:10F1D00015E000BFFFF7BCFB0120754908700EE089
:10F1E00076A000F055FA13207B4908700020704982
:10F1F0000870F6F729FF00207849086000BF00BFBB
:10F200001320754908700020694908707349086027
:10F2100073490880734908800120F8F709F872489B
:10F22000007808B1F7F760FC7048007808B1FFF784
:10F2300037FB6F48007808B1FFF72CFC5E48007878
:10F2400008B100F009F96B480068C06840F0200080
:10F2500068490968C8606848007888B10A20F7F7EB
:10F26000E7FF654801786548F6F758FF00206249D6
:10F2700008700A20F7F7DCFF64216048F6F77BFB93
:10F280005F48007838B10A20F7F7D2FFFFF762F83D
:10F2900000205B4908703720FBF736FF594908709A
:10F2A0005948FBF7B7F820B15748FBF7B3F800B15E
:10F2B0007DE010210020FBF74BF870B15248FBF7BE
:10F2C000A9F820B15048FBF7A5F800B16FE0102174
:10F2D0000020FBF73DF800B169E04C490120FBF745
:10F2E00091F8E8BB49488079AB285AD14748C079A2
:10F2F000B8BB4648C07BA0BB44480078444908607E
:10F3000042484078096801EB0020414908603F48C5
:10F310008078404908603D48C078096801EB0020CA
:10F320003C49086039480079096801EB00403949D7
:10F33000086036484079096801EB0060354908608B
:10F340003348006800F40040B0F5004F16D1304853
:10F350000068C0F30E002E4908600846006801E00E
:10F3600024E01EE046F62921484029490860294842
:10F3700000684BF2A62148402649086026480078DC
:10F3800050B9234803682348026824A11F48FFF7A7
:10F390005BF81E4800F07CF94FF47A70F7F748FFED
:10F3A00002E025A000F074F9FBF7E8F800BFB9E52A
:10F3B00076000020840400200B0000207B22526590
:10F3C0006365697665223A7B225374617475732292
:10F3D0003A31397D0A00000022000020240000207C
:10F3E0000C0000200E000020110000200900002069
:10F3F00008000020F009002060000020180700200D
:10F40000180000202000002079000020440800207F
:10F410008400002080000020720000207B22432214
:10F420003A7B224944223A25642C225543223A252C
:10F43000647D7D0A000000006572726F720A000030
:10F4400010B5044601231A4621460248FAF7FDFE8C
:10F4500010BD0000F009002070B5002500240DE06B
:10F460001C48005D522801D1681CC5B21948005DD6
:10F47000642801D1681CC5B2601CC4B21548F6F7F7
:10F4800085FAA042ECD2022D11D1134A13A11148E2
:10F49000F6F784FA10480068F7F748FA4FF4167147
:10F4A0000C48F6F768FA00200E49087010E01320A7
:10F4B0000D4908700DA000F0EBF800200949087014
:10F4C0000549086000254FF416710248F6F753FA13
:10F4D00070BD0000840400200400002052256464F4
:10F4E000000000000B000020220000207B2252655B
:10F4F0006365697665223A7B225374617475732261
:10F500003A31397D7D0A000070B504460D46312D33
:10F510002AD16E2C12D1012211022A48F8F706F9DD
:10F520000120F7F785FE28A000F0B2F8012032494B
:10F5300008704FF416713148F6F71DFA662C13D196
:10F5400000224FF480711F48F8F7F0F80120F7F718
:10F550006FFE2BA000F09CF80120274908704FF4A3
:10F5600016712648F6F707FA322D2AD16E2C12D1E1
:10F57000012291021348F8F7D9F80120F7F758FE55
:10F580002BA000F085F801201B4908704FF416717C
:10F590001A48F6F7F0F9662C13D100224FF4806177
:10F5A0000848F8F7C3F80120F7F742FE2CA000F056
:10F5B0006FF80120104908704FF416710F48F6F7E4
:10F5C000DAF970BD000801407B22526563656976F7
:10F5D00065223A7B22537461747573223A32367D08
:10F5E0002C225231223A7B22537461747573223A71
:10F5F00032337D7D0A000000760000208404002064
:10F600007B2252656365697665223A7B2253746179
:10F61000747573223A32367D2C225231223A7B2283
:10F62000537461747573223A32347D7D0A00000090
:10F630007B2252656365697665223A7B2253746149
:10F64000747573223A32367D2C225232223A7B2252
:10F65000537461747573223A32337D7D0A00000061
:10F660007B2252656365697665223A7B2253746119
:10F67000747573223A32367D2C225232223A7B2222
:10F68000537461747573223A32347D7D0A00000030
:10F6900070B504462046F6F779F9C5B229462046EA
:10F6A000F6F73CFD00224FF400710648F8F73EF8EB
:10F6B0000120F7F7BDFD012251020248F8F736F8A4
:10F6C00070BD00000008014000B599B06421684693
:10F6D000F6F751F904220DA16846FEF7B5FE68461B
:10F6E000FFF7D6FF0120F7F7A3FD16A0FFF7D0FF25
:10F6F0000120F7F79DFD16A0FFF7CAFF4FF4167122
:10F700001848F6F738F919B000BD00007B224669A9
:10F71000726D77617265223A7B2246223A312C2241
:10F7200044657669636554797065223A2253686F3F
:10F7300070222C2252656C65617365223A30256413
:10F740007D7D0A0057697468426F6F740A0000007B
:10F75000466F724D65646961546563685461620AFD
:10F76000000000008404002070B504460D46002609
:10F770000FE0012221460020FBF722FE641C4AF61E
:10F78000AA200549096808600520F7F751FD701C9B
:10F79000C6B2AE42EDDB70BDA808002010B50C4823
:10F7A000007810B90BA0FFF773FF0948007810B17B
:10F7B00016A0FFF76DFF0648007880F001000449AD
:10F7C00008704FF416711F48F6F7D5F810BD000009
:10F7D000720000207B2252656365697665223A7B60
:10F7E00022537461747573223A32367D2C2243227F
:10F7F0003A7B2254797065223A22556E53656E64C5
:10F8000053657269616C227D7D0A00007B2252651E
:10F810006365697665223A7B22537461747573223D
:10F820003A32367D2C2243223A7B2254797065226B
:10F830003A2253656E6453657269616C227D7D0A5C
:10F84000000000008404002010B51CA0FFF720FF7A
:10F85000284840782849087026488078487025480C
:10F86000C0788870234800792449887021484079FD
:10F8700048702048807908701E48C079C8700120FF
:10F88000F7F7D6FC00221C491D48F9F7EBFD10B133
:10F890001CA0FFF7FDFE0120F7F7CAFC0022174964
:10F8A0001748F9F731FD10B11CA0FFF7F1FE4FF436
:10F8B00016711048F6F75FF810BD00007B22526504
:10F8C0006365697665223A7B22537461747573228D
:10F8D0003A32367D2C2254223A7B225479706522AA
:10F8E0003A2253657454696D6544617465227D7D67
:10F8F0000A00000084040020880000208B00002003
:10F90000B40800207B2254223A7B22537461747520
:10F9100073223A3132387D7D0A0000007B22542266
:10F920003A7B22537461747573223A3132397D7D8A
:10F930000A00000008B500200090F6F7DDFE642004
:10F94000F7F776FC6A4600214FF4A870F7F7A0F9A4
:10F950006420F7F76DFC12480078AA2813D11048EC
:10F96000407855280FD10E48807850280BD10C488C
:10F97000C078012807D10A480079042803D109A0DA
:10F98000FFF786FE02E012A0FFF782FEC820F7F71D
:10F990004FFC4FF416710248F5F7EDFF08BD00006B
:10F9A0002C0200207B2246223A7B22547970652269
:10F9B0003A2254657374436F6E6E656374696F6E3B
:10F9C000222C22537461747573223A307D7D0A00B3
:10F9D0007B2246223A7B2254797065223A22546572
:10F9E0007374436F6E6E656374696F6E222C22535D
:10F9F0007461747573223A31387D7D0A000000000D
:10FA000010B5FEF7EDFF002819D06420F7F710FCC1
:10FA10000020FEF7BBFF0CA208210020FFF70AF828
:10FA200048B10520F7F704FC0AA0FFF731FE0520D6
:10FA3000F7F7FEFB06E010A0FFF72AFE02E00EA09B
:10FA4000FFF726FE10BD0000426F6F543132333491
:10FA5000000000007B225570646174654669726D18
:10FA600077617265223A7B22537461747573223A0E
:10FA700032367D0A000000007B2255706461746597
:10FA80004669726D77617265223A7B2253746174A4
:10FA90007573223A31397D0A000000001F1C1F1EB9
:10FAA0001F1E1F1F1E1F1E1F000000000000000061
:10FAB0000102030406070809000000000102030414
:10FAC000895171F21DCB0000000000000000000011
:10FAD0008D5F307CF05E0000000000000000000040
:10FAE000B22CE4247D900000000000000000000023
:10FAF000579B07B3A4E900000000000000000000CD
:10FB0000E32F50F2E3D000000000000000000000EE
:10FB1000E9C1254FA07D00000000000000000000AA
:10FB2000FFFFFFFFFFFF00000000000000000000DB
:10FB3000DDDDDDDDDCBBBBDDDDDDDDDDDDDDDDDD3A
:10FB4000988888888888888877777777778888887A
:10FB50008555555666666666666666666668888812
:10FB60008333333222222222222222222228888D0B
:10FB70007B2252656365697665223A7B2253746104
:10FB8000747573223A32367D2C2246223A7B2254F7
:10FB9000797065223A22476574456D7074794944DD
:10FBA000222C22537461747573223A25647D7D0A78
:10FBB00000000000D4FB0008000000202C02000020
:10FBC000545F0008BCFC00082C0200204C20000000
:10FBD000B8E400080110021101D214022503750ACD
:10FBE0000211301811A72F60B97C9F48778BFF8DC9
:10FBF0005F307CF05E61091064A11379C01B08C1FD
:10FC0000041AD1041AF5041331C11B0845081A89D6
:10FC100004131201140202021640830440571D020D
:10FC2000010203490E21040309041A951B7560485B
:10FC3000190413C15F1B08990841DA10F073B20769
:10FC40004B24F4C6120632022A402413D5BC1B08EA
:10FC500015044BF7BD3C1A630C1365BB1B08E1048C
:10FC6000C11AB5181AA5041AC5041A95041C09026C
:10FC700043AB111DC03209046D1A020B1305241683
:10FC800010010524011009010424020205240617AD
:10FC90000107058203081C100904E1320A1D07054B
:10FCA00001027B2C07058107110937442A40072AE6
:0CFCB0008107112B0907440A3B044400A3
:04000005080058EDAA
:00000001FF
