:020000040800F2
:10580000782300200159000875B500087DAD000817
:1058100071B50008D1680008D5ED0008000000004F
:10582000000000000000000000000000C9BC0008EB
:10583000DF6A0008000000006FB900082FC00008F0
:105840001B5900081B5900081B5900081B59000868
:105850001B5900081B5900081B5900081B59000858
:105860001B5900081B5900081B5900081B59000848
:105870001B5900081B5900081B5900081B59000838
:105880001B5900081B5900081B5900081B59000828
:105890001DED00081B5900081B5900081B59000882
:1058A0001B5900081B5900081B5900081B59000808
:1058B0001B590008DDC000081B5900081B590008CF
:1058C0001B5900081B5900081B5900081B590008E8
:1058D0001B590008F1C400083DC50008A1C5000817
:1058E0001B5900081B5900081B590008DFF80CD091
:1058F00000F0A0FD0048004779FF00087823002051
:105900000648804706480047FEE7FEE7FEE7FEE759
:10591000FEE7FEE7FEE7FEE7FEE7FEE7CDC0000894
:10592000ED580008202A04DB203A21FA02F0002179
:10593000704721FA02F3D040C2F12002914008439F
:105940001946704740EA01039B0703D009E008C9E4
:10595000121F08C0042AFAD203E011F8013B00F834
:10596000013B521EF9D27047D2B201E000F8012B80
:10597000491EFBD270470022F6E710B513460A46CF
:1059800004461946FFF7F0FF204610BD421C10F8F0
:10599000011B0029FBD1801A704700000FB400B52D
:1059A0008DB010A909900B9000914FF0FF300A9034
:1059B00000200C9005480690054807906A4609A803
:1059C0000F9900F03BFB0DB05DF814FB5960000827
:1059D000776000082DE9FF5F1D464FF0FF3BD5E9DA
:1059E000014691465F464FF00008A9697F1C019867
:1059F0008847296A824688470028F6D1BAF1FF3FD6
:105A00000CD024F4C064002E19DD600614D5BAF160
:105A10002B0F09D0BAF12D0F0ED103E0584604B078
:105A2000BDE8F09F44F48064A9697F1C0198884711
:105A3000761E8246002E02DDBAF1300F03D0B9F196
:105A4000000F26D032E0A969761E44F400747F1C52
:105A5000019888478246002E05DDBAF1780F06D0FE
:105A6000BAF1580F03D0B9F1000F10D01EE0B9F110
:105A7000000F02D0B9F1100F18D1A969761E24F4D5
:105A800000747F1C019888478246102002E008209D
:105A900000E00A20814609E008FB0908A969761E92
:105AA00044F400747F1C019888478246002E05DD6F
:105AB0004946504600F0ADFA0028EDDAE969019850
:105AC0008847A00502D46FF00100A8E7E00725D1C0
:105AD000600613D5600502D5C8F1000000E040461D
:105AE00029680A1D2A600968220501D5087015E099
:105AF000220701D5088011E008600FE02868011D29
:105B000029600068210502D580F8008006E02107A1
:105B100002D5A0F8008001E0C0F8008038467EE79A
:105B20002DE9FF4F087883B09946FF2805D0491C1E
:105B30002D2804D00024002008E000200BE00124E0
:105B4000F9E700EB800003EB4000491C0B78FF2BCA
:105B5000F7D104B1404200230293147819461D4640
:105B60002D2C01D02B2C04D1521C2D2C13D0002411
:105B70000294AA461478FF2C0FD00A25A3FB0578BF
:105B800001FB05814FF0000C03FB0C11521CE319C3
:105B90004AEB0101EEE70124EAE7814453EA010000
:105BA00002D019F5C87F06DA03980021C0E9001178
:105BB00007B0BDE8F08F0025AE4E2F46DFF8B88263
:105BC000184600F0DFFBCDE90001B9F1000002DA70
:105BD000C9F1000400E004460023A74A1AEB030BB6
:105BE00042EB045A12E0E00707D02A463346384613
:105BF000414600F055FB074688462A463346104684
:105C0000194600F04DFB05460E466410002CEAD103
:105C1000DDE90001B9F1000F5A46534606DA00F0FB
:105C20002FF93A46434600F02BF905E000F038FB27
:105C30003A46434600F034FB029A0AB181F0004133
:105C4000039AC2E90001B3E72DE9FF4F1F468DB06B
:105C5000D7E901464FF0FF382E2045464FF00009A6
:105C60000B90B9696D1C0E988847396A824688473F
:105C70000028F6D1BAF1FF3F0AD024F4D064002EF8
:105C800011DDBAF12B0F08D0BAF12D0F0BD102E0C4
:105C9000404611B08DE744F48064B9696D1C0E98DC
:105CA00088478246761E6946600501D52D2000E0B2
:105CB0002B208DF8000001F1010B0DF1200809E007
:105CC000B9696D1C0E98884782460F9844F4007499
:105CD000761E0560002E02DDBAF1300FF0D00B9970
:105CE0008A453ED144F0800406E00F99681CA9F172
:105CF000010944F400740860B9696D1C761E0E98A1
:105D0000884782463028F0D02BE00B998A4505D190
:105D1000200603D444F08004761E18E0504609F0B3
:105D200003FB08B30DF11301761E44F400748B4598
:105D300008D2AAF130000BF8010B200607D5A9F113
:105D4000010003E0200602D409F101008146A0050C
:105D500002D50F99681C0860B9696D1C0E988847B8
:105D60008246002ED1DC53E0002E51DDBAF1650FE2
:105D700002D0BAF1450F4BD1A00549D5B9696D1CC8
:105D800024F44074761E0E9888478246002E0CDD5F
:105D90002B2804D0BAF12D0F07D144F48074B969CF
:105DA0006D1C0E9888478246761EE00501D52D2190
:105DB00000E02B2108F8011BCDF82C8021E00DF12B
:105DC0002901761E44F4007488450CD2AAF13000F3
:105DD00010F0FF0088F8000002D10B99884509D91E
:105DE00008F1010806E0E00501D5244801E042F28F
:105DF0000F708146B9696D1C0E98884782460F98CE
:105E00000560002E04DD504609F08EFA0028D6D138
:105E1000F9690E988847FF208BF8000088F8000089
:105E20000020069007904B466A4608A906A8FFF78F
:105E300077FEA00502D46FF001002AE714F0240FCA
:105E40000AD0E00714D1DDE906123868031D3B6073
:105E50000068C0E900120BE0DDE9060100F0CEFAAF
:105E60000146E00704D13868021D3A60006801600D
:105E700028460EE7000014400000F03FF1D8FFFF75
:105E80002DE9F04D81EA030404F0004B21F00045B8
:105E900014464FF0000A23F0004150EA050220D0DA
:105EA00054EA01021DD0C5F30A570246C5F3130395
:105EB000C1F31300C1F30A5640F4801543F4801374
:105EC000A7EB0608101BD64608F2FD3873EB050059
:105ED00002D308F1010801E092185B41B8F1000F0C
:105EE00003DA00200146BDE8F08D00204FF4801158
:105EF000064684460EE0171B73EB050705D3121BFD
:105F000063EB050306434CEA010C49084FEA3000F5
:105F100092185B4150EA0107EDD152EA030012D01A
:105F200082EA040083EA0501084305D0101BAB4157
:105F300006D20122002306E000224FF0004302E0D7
:105F40006FF0010253101AEB06004CEB085110EBF6
:105F50000A0041EB0B01BDE8F04D00F09DB800F0E8
:105F6000004230F000400AD0C10D01F56071C0F36D
:105F7000160042EA0151C208400711437047002051
:105F80000146704730B50B4601460020202201240F
:105F900009E021FA02F59D4205D303FA02F5491BF7
:105FA00004FA02F52844151EA2F10102F1DC30BD0D
:105FB0002DE9F05F0546002092469B46884606463E
:105FC000814640241BE02846414647462246FFF7CB
:105FD000A9FC53465A46C01A914110D3114618469F
:105FE000224600F039FA2D1A67EB01084F46224687
:105FF0000120002100F030FA17EB00094E41201E6D
:10600000A4F10104DFDC484631462A464346BDE898
:10601000F09F3A2800D2303820F02002412A01D3E4
:10602000A2F13700884201D34FF0FF3070470000E3
:10603000026811441378016018467047D160044922
:1060400051610449116200211161114600F02ABA20
:10605000316000089B640008426842B1016811F891
:10606000013B23B1521EC0E90012184670470121BE
:10607000C160881E704742685AB1C368016843B95D
:1060800083688B4205D0491E521CC0E900120020D3
:1060900070474FF0FF30704710B5141E73F10004C5
:1060A00008DA401C41F1000192185B411A4301D10A
:1060B00020F0010010BD2DE9F04D92469B4611B134
:1060C000B1FA81F202E0B0FA80F22032904600F09C
:1060D000C3F904460F4640EA0A0041EA0B01534661
:1060E0005A46084313D0114653EA010019D0C8F1AB
:1060F00040025046FFF716FC05460E4650465946EC
:10610000424600F0A9F9084305D0012004E02046EA
:106110003946BDE8F08D0020054346EAE0762C4381
:1061200037430A986305E40AA0EB08000022FD0A41
:1061300044EA47540A3002D500200146E9E7010548
:1061400010196941DDE9084500196941BDE8F04DC4
:10615000A2E72DE9FE4F804681EA0300C00F0C46FE
:10616000009021F0004123F00045B8EB0200A94166
:1061700005D24046214690461C460B46024623F077
:106180000040104347D0270DC7F30A00C3F30A515C
:106190000290401A019040286BDAC3F3130040F4D8
:1061A000801B0098924620B10023D2EB030A63EBD8
:1061B0000B0B01985946C0F14002504600F04CF9D3
:1061C00006460D4650465946019A00F054F910EB28
:1061D00008006141002487EA115284EAE7731A43F8
:1061E00040D0009A62B3019A012A4FEA075215DCA7
:1061F000001B61EB02014FF0004202EA0752CDE9B9
:106200000042001C41F5801132462B46FFF753FF38
:1062100003B0BDE8F08F40462146F9E7001B61EB73
:106220000201001C41F5801300185B412018A2F503
:10623000001747EB030140EAD570B6196D4111E034
:106240006D084FEA360645EAC0754FEA0752001B53
:1062500061EB0201001C41F5801149084FEA300052
:106260000019514132462B4603B0BDE8F04FFFF70D
:1062700013BF0098012240000023D0EB020263EB21
:10628000E073009821464FEAE074B8EB000061EB40
:106290000401E9E783F000435BE781F0004158E740
:1062A0002DE9FE4F81EA030404F0004421F000418F
:1062B00000944FF0000B23F0004350EA01045ED03D
:1062C00052EA03045BD0C3F30A54C1F30A552C44C9
:1062D000A4F2F3340194A0FB0254C1F3130141F47E
:1062E0008011C3F3130343F4801301FB024400FB4A
:1062F000034E840A970A44EA815447EA8357A4FB71
:10630000076802958D0A05FB07854FEA932C04FB6D
:106310000C542705029D4FEA065847EA1637B5EB9D
:1063200008056EEB070C870E920E47EA811742EACA
:106330008312A7FB0201B6EB0B0164EB00042B0DEB
:1063400043EA0C335E1844EB1C50DA465146E7FB37
:106350000201C5F313044FEA0B3343EA14534FEA27
:106360000432019C43EA0603A4F10C040294009C4D
:10637000CDE900B4FFF79FFE03B0BDE8F08F002029
:106380000146F9E70EB540F2334202920022CDE910
:1063900000221346FFF78FFE03B000BDC1F30A527F
:1063A000C1F3130140F2FF3341F480119A4202DA43
:1063B00000200146704740F233439A42A2F2334232
:1063C00002DC5242FFF7AEBA00F046B830B5041E08
:1063D00071F1000404DB4FF00044404264EB010122
:1063E000141E73F1000405DB1C464FF000435242BB
:1063F00063EB0403994208BF904230BD01F00043B3
:1064000030B421F0004150EA010206D00A0DA2F595
:106410006072C1F31301002A02DC30BC0020704717
:10642000440F44EAC104C100E01830BC00EBC25084
:1064300000F0CEB9064C074D06E0E06840F00103DD
:1064400094E8070098471034AC42F6D3FFF752FAAD
:106450006C0E01088C0E0108202A04DB203A00FA99
:1064600002F1002070479140C2F1200320FA03F3AB
:10647000194390407047202A06DBCB17203A41FA97
:1064800002F043EAE07306E041FA02F3D040C2F1C1
:1064900020029140084319467047C0B24FF4F051B2
:1064A00000F0CEB92DE9F34F8BB04FF0000801F1A9
:1064B0000C000C464FF0010B46460DF1080A019006
:1064C0006269012101989047051E2DD0252D2CD001
:1064D000216A8847C0B16269012101989047216A09
:1064E00088470028F7D1411E62690198904700E073
:1064F000761CA1690B988847216A88470028F7D144
:10650000E1690B988847DBE7A1690B988847074644
:10651000A84201D1761CD3E7E1690B9888477F1C1C
:1065200002D1B8F1000F6FD046E1002762693D4605
:106530003946019890472A2804D1626901210198BF
:1065400090470125DFF88492626901210198904704
:10655000A0F130010A290AD24F45E5DC07EB87019B
:1065600000EB4107303FDFD445F01005ECE7E906CA
:1065700001D46FF000476C280AD04C2814D068284A
:1065800015D06A280DD074281CD07A281AD01DE0A6
:1065900062690121019890476C2802D045F00405FA
:1065A00014E045F002050DE045F020050AE06269BF
:1065B000012101989047682802D045F0080505E0C0
:1065C00045F400656269012101989047C4E90157CB
:1065D00065283DD019DC58287AD00CDC452837D006
:1065E00004DC252826D0412831D131E046282FD09F
:1065F00047282CD12CE05B2877D0612828D063284D
:106600007CD0642823D15AE0D0E06F2848D008DC41
:1066100066281DD067281BD0692821D06E2816D186
:1066200027E0702845D0732868D0752847D078288F
:106630000DD14DE0A1690B988847054625283FF408
:1066400069AFE1690B9888476D1C3FF46AAFB3E00E
:1066500023466A466FF001000B99FFF7F5FA9EE0BA
:1066600045F040006060A80723464FF0000236D492
:106670003EE0E8077FF447AF2068011D2160006815
:10668000290501D506701BE7290701D5068017E704
:10669000A90703D5F117C0E9006111E706600FE70C
:1066A00045F040006060A80723464FF0080216D46A
:1066B0001EE040F60E0125EA0100606016E045F09C
:1066C00040006060A80723464FF00A0207D40FE09D
:1066D00045F040006060A80708D5234610226FF0FF
:1066E00001000B99AFF3008059E007E02346102228
:1066F0006FF001000B99FFF76DF950E04FF00009C2
:106700004F464B46632802D05B2806D040E0E8069F
:1067100001D40120A06001273AE0626901210198BB
:1067200090475E2805D14FF00109626949460198FA
:106730009047216939B900210A46534643F8212080
:10674000491C0829FADBB0B3216969B9C11700EB0C
:10675000D16253110AEB830122F01F02821A012039
:106760000B68904003430B606269012101989047D8
:106770005D28E8D1B9F1000F09D00020514651F849
:106780002020D24341F82020401C0828F7DB02AB30
:10679000224600976FF001000B99AFF300800028AC
:1067A0000CDA401C08D1BBF1000F05D04FF0FF30D0
:1067B0000DB0BDE8F08FFFE74046F9E7E90701D1EA
:1067C00008F1010806444FF0000B79E6CCCCCC0C64
:1067D0000029A8BF7047401C490008BF20F00100F5
:1067E000704710B4B0FA80FC00FA0CF050EA0104D3
:1067F00004BF10BC704749B1CCF1200421FA04F465
:1068000011FA0CF118BF012121430843A3EB0C013D
:10681000CB1D4FEA00614FEA102042BF002010BCA0
:10682000704700EBC35010440029A4BF10BC704750
:10683000401C490008BF20F0010010BC7047000058
:106840007F2801D9002208E0064A02EB5002C00767
:10685000127800D1120902F00F0201209040084086
:1068600070470000A40D010870B58C1810F8015B8A
:1068700015F0070301D110F8013B2A1106D110F8D9
:10688000012B03E010F8016B01F8016B5B1EF9D1DD
:106890002B0705D40023521E0DD401F8013BFAE763
:1068A00010F8013BCB1A921C03E013F8015B01F8CE
:1068B000015B521EF9D5A142D8D3002070BD10B59E
:1068C000142005F065F90321142005F0FEF910BD30
:1068D00000BFFEE730B50346042B15D007DC7BB1C3
:1068E000012B0ED0022B0DD0032B30D10BE0202B2F
:1068F0000BD0212B18D0222B22D0232B27D125E0FF
:1069000026E025E024E023E022E0002003E00C5C08
:10691000114D2C54401C0728F9DB00200F4C20702F
:1069200001200F4C207013E0002003E00A4C245C8F
:106930000C54401C0728F9DB0020084C207007E0AD
:1069400006480078401C054C207001E000E000BFC4
:1069500000BF002030BD0000080100200000002022
:106960000100002000207047002003E00021064ABB
:106970001154401CB0F5167FF8D30020034908805D
:106980000349088070470000BA0400200C00002072
:106990000E00002010B500220449054805F065FFEF
:1069A0000449034805F05AFF002010BDE013002001
:1069B000340B0020F80F00202DE9F04105460E466B
:1069C0001449306808602946134805F047FF3778B6
:1069D00012480488002113E0685C114A1055601CBD
:1069E00080B24FF4167290FBF2F302FB130084B2F4
:1069F0000C480088844202D10220BDE8F081491C85
:106A0000B942E9D305480480034805F003FF00209C
:106A1000F3E700001C000020340B00200C000020D5
:106A2000BA0400200E0000202DE9F04104460D4676
:106A300000260A48D0F8B872D7F8140210B1012025
:106A4000BDE8F0812A462146044805F00EFF0348C0
:106A500005F08FFF06463046F2E70000340B0020B9
:106A60002DE9F0410746884615460421052000F02F
:106A700029F880210A2005F028F9002405E0395D75
:106A8000092008F027FB601CC4B24445F7DB032152
:106A9000012008F01FFBFF2400BF052005F078F857
:106AA0000646601EC4B21CB106F004000028F4D0F3
:106AB000222005F06DF82870212005F069F8687033
:106AC000BDE8F08170B505460C46284605F060F833
:106AD000064626EA0401284608F0FCFA70BD704715
:106AE00010B500F0E7FA0020034908704FF4167162
:106AF0000248FEF740FF10BD11000020BA0400203C
:106B000072B603E01E21642009F014FAFAE70000CF
:106B10000021074AD1610749096941F00401054A8A
:106B200011611146096941F040011161704700008F
:106B3000D81C0020002002400021074AD1610749EB
:106B4000096941F00201054A11611146486109696C
:106B500041F0400111617047D81C00200020024024
:106B60000022054BDA61054A126942F00102034B2B
:106B70001A61018070470000D81C002000200240EC
:106B800000201E49C96801F0100139B11C49C969CA
:106B900041F002011A4AD16140F010001749C9685A
:106BA00001F0040139B11649C96941F00101144AE3
:106BB000D16140F004001149C96901F0010169B1D6
:106BC0000F49C96941F004010D4AD16100BF0B4969
:106BD000C96921F00101094AD16100BF00BF40F23B
:106BE0000111884206D10549C96921F00101034A12
:106BF000D16101E00149C86000BF70470020024038
:106C0000D81C002070B5044601F0AAFA054609E038
:106C1000601C38B124B101F0A3FA401BA04201D995
:106C2000032070BD1248C06800F001000028EFD1B9
:106C30000F48C06800F0200020B100BF20200C49A0
:106C4000C86000BF0A48C06800F0100048B9084892
:106C5000C06900F0010020B90548C06800F00400D8
:106C600018B1FFF78DFF0120DBE70020D9E7000016
:106C7000002002402DE9F04399B0074664216846A0
:106C8000FEF779FE4FF000080020BE49086000249E
:106C9000BD4805780026A1462AE100F0F3F96420FA
:106CA00000F0DAFFF8B28DF80000380A8DF8010024
:106CB0006A46022140F2031000F0BAFCC82000F03E
:106CC000CBFFB2480078AA287ED1B048407855283A
:106CD000FAD1AE488079002877D1F3E0AB48017A49
:106CE000407A01EB00244FF6F170844233D1A8487A
:106CF0000078432812D100F0C5F9A348057001209F
:106D000000F0AAFF0020A3490880A1490870A2A0B2
:106D100009F0A6FD002019B0BDE8F08300209A49D3
:106D200008702246A9A1684608F0FCF9684609F0F7
:106D300097FD64216846FEF71EFE4FF47A7000F05E
:106D40008BFF701CC6B24AF6AA20B04909680860D9
:106D500000208C4908604FF6F270844231D18C4893
:106D60000078432810D100F08DF987480570012084
:106D700000F072FF0020874908808549087086A0CE
:106D800009F06EFD0020C6E700207F49087022460A
:106D90008EA1684608F0C6F9684609F061FD6421D5
:106DA0006846FEF7E8FD4FF47A7000F055FF0020CA
:106DB00074490860701CC6B24AF6AA209349096853
:106DC00008604FF6F37001E081E08DE0844231D13C
:106DD0006F480078432810D100F054F96A480570D4
:106DE000012000F039FF00206A49088068490870D6
:106DF00069A009F035FD00208DE700206249087088
:106E0000224672A1684608F08DF9684609F028FD0F
:106E100064216846FEF7AFFD4FF47A7000F01CFF66
:106E2000002058490860701CC6B24AF6AA2077496B
:106E3000096808604FF6F470844221D1701CC6B214
:106E4000002051490870224660A1684608F06AF99E
:106E5000684609F005FD64216846FEF78CFD4FF495
:106E60007A7000F0F9FE0020464908604748017A30
:106E7000407A01EB00244AF6AA20644909680860B8
:106E80004FF6F37084420ED0401E84420BD0401E59
:106E9000844208D0C01C844205D024B14FF00108C0
:106EA00000264FF002093C2E0CD100264FF416713B
:106EB0003648FEF760FD3448057055A009F0D0FC57
:106EC000002028E7B8F1000F3FF408AF0CE04FF4C2
:106ED000FA7000F0C1FE4FF416712C48FEF74BFD1E
:106EE00000202849086007E009F1010000F0FF09CF
:106EF000B9F1020FFFF6D1AE00BF24480078AA28EE
:106F000028D122484078552824D12048807908B3D8
:106F10001E48017A407A01EB002464216846FEF79E
:106F20002AFD224644A1684608F0FCF8684609F0AC
:106F300097FC0020134908601348057000F0A2F880
:106F40000A2000F089FE4FF416711048FEF713FD79
:106F50000020E0E6B8F1010F02D141A009F080FC69
:106F60004FF47A7000F078FE4FF416710748FEF780
:106F700002FD002003490860012003490870002039
:106F8000C9E6000024000020110000206202002059
:106F9000BA0400200C0000207B22526563656976EC
:106FA00065223A7B22537461747573223A32367DBE
:106FB0002C2246223A7B2254797065223A22436180
:106FC0006E73656C227D7D0A000000007B22526595
:106FD0006365697665223A7B225374617475732206
:106FE0003A32367D2C2246223A7B22547970652231
:106FF0003A22456E726F6C6C222C22537461747548
:1070000073223A25647D7D0A00000000A809002053
:107010007B2246223A7B2254797065223A22456EC1
:10702000726F6C6C222C22537461747573223A3126
:10703000387D7D0A000000007B2246223A7B2254E4
:10704000797065223A22456E726F6C6C222C225345
:107050007461747573223A25647D7D0A0000000016
:107060007B2246223A7B2254797065223A22456E71
:10707000726F6C6C222C22537461747573223A30D7
:107080007D7D0A0000B58DB034216846FEF773FCA3
:107090006A4600214FF4987000F0CAFA642000F0AC
:1070A000DBFD4FF416710248FEF765FC0DB000BD24
:1070B0006202002010B59AB0642101A8FEF75BFCC3
:1070C0000024FFF7DFFF642000F0C6FD01AA0021C5
:1070D0004FF4837000F0ACFA0948827909A101A845
:1070E00008F020F801A809F0BBFBC82000F0B4FDAF
:1070F0004FF416710248FEF73EFC00201AB010BD96
:10710000620200207B2252656365697665223A7BC4
:1071100022537461747573223A32367D2C224622D2
:107120003A7B2254797065223A2244656C65746515
:10713000414C4C222C22537461747573223A25649D
:107140007D7D0A0030B599B0044600201B490860D7
:10715000FFF798FF642000F07FFDE0B28DF800009B
:10716000200A8DF801006A46022140F2051000F065
:107170005FFA642000F070FD1148807930B9104842
:10718000827910A1684607F0CDFF09E00C48017A2A
:10719000407A01EB00252A460AA1684607F0C2FFA3
:1071A000684609F05DFBC82000F056FD4FF41671EB
:1071B0000348FEF7E0FB002019B030BD240000209A
:1071C000620200207B2252656365697665223A7B04
:1071D00022537461747573223A32367D2C22462212
:1071E0003A7B2254797065223A2244656C65746555
:1071F000222C22537461747573223A25647D7D0AB2
:107200000000000010B59AB000201D490860FFF78B
:1072100039FF0A2000F020FD01AA002140F20710EA
:1072200000F006FAFA2000F017FD16480078AA28A8
:107230001DD114484078552819D11248017A407A56
:1072400001EB00249CB10F48807928B922460EA199
:1072500001A807F067FF04E022461B4901A807F0D8
:1072600061FF01A809F0FCFA0A2000F0F5FC4FF4D8
:1072700016710448FEF77FFB00201AB010BD000015
:1072800024000020620200207B225265636569763B
:1072900065223A7B22537461747573223A32367DCB
:1072A0002C2246223A7B2254797065223A22476585
:1072B00074456D7074794944222C224944223A2540
:1072C000647D7D0A00000000280E01082DE9F043CE
:1072D000ADF5297D0646002500204C4908704C4933
:1072E0000860FFF7CFFE642000F0B6FC002048499C
:1072F00008604FF416714748FEF73DFB642000F02C
:10730000ABFCF0B28DF84002300A8DF841026420E7
:1073100000F0A2FC90AA02214FF4857000F088F9D9
:10732000642000F099FC002413E03A48005DA52891
:107330000ED13849601C085C5A2809D1A01C085C91
:107340000A2805D1E01C085C012801D1254603E08C
:10735000641CB4F5167FE8D300BF2E49281D095CD4
:107360002C4A681D105C01EB0020071F114605F137
:107370000800095C401C105C01EB00294FF40F7100
:1073800001A8FEF7F8FA4FF47A7000F065FC0024CB
:1073900007E005F10A0020441E49085C01A90855D0
:1073A000641CBC42F5D30120184908701948807943
:1073B000B0B93B46324618A190A807F0B3FE90A89A
:1073C00009F04EFA0A2000F047FC394601A8FFF701
:1073D0002BFB0A2000F040FC1EA009F041FA0CE053
:1073E0000C48017A407A01EB002842461BA190A884
:1073F00007F098FE90A809F033FA4FF4167105488B
:10740000FEF7B9FA0DF5297DBDE8F08310000020E4
:1074100024000020620200207B2246223A7B225474
:10742000797065223A225265616454656D706C61B1
:107430007465222C224944223A25642C224461742A
:107440006153697A65223A25642C22446174612271
:107450003A220000227D7D0A000000007B224622A5
:107460003A7B2254797065223A22526561645465F0
:107470006D706C617465222C225374617475732273
:107480003A25647D7D0A000010B59AB0642101A8F8
:10749000FEF771FA00204E49086001AA00214FF45E
:1074A000817000F0C5F80F2000F0D6FB4948017A42
:1074B000407A01EB002447480078AA2819D14548B2
:1074C0008079B8B94FF6F47084427AD0002C78D025
:1074D000224641A101A807F025FE01A809F0C0F944
:1074E000642101A8FEF747FA4FF416713948FEF7F8
:1074F00042FA66E02046232C53D006DC122828D01E
:1075000015280FD021285AD152E041283BD0A0F5B0
:1075100010502F3800282FD0A0F55B40C538002828
:107520004DD137E0224637A101A807F0FBFD01A8A5
:1075300009F096F900203D4908704FF4167125486E
:10754000FEF719FA642101A8FEF715FA00201AB017
:1075500010BD221D2BA101A807F0E4FD01A809F030
:107560007FF94FF416711B48FEF705FA642101A854
:10757000FEF701FA0020EAE74FF416711548FEF70E
:10758000FAF90020E3E74FF416711248FEF7F3F919
:107590000020DCE74FF416710E48FEF7ECF90020EE
:1075A000D5E74FF416710B48FEF7E5F90020CEE75A
:1075B0004FF416710748FEF7DEF90020C7E700BF59
:1075C00000BF4FF416710348FEF7D5F90020BEE75F
:1075D00024000020620200207B2246223A7B2254B3
:1075E000797065223A224964656E74696679222C45
:1075F0002254656D706C617465223A25647D7D0A44
:10760000000000007B2246223A7B225479706522DA
:107610003A224964656E74696679222C225374613A
:10762000747573223A25647D7D0A000011000020E4
:107630002DE9F0418EB005460C46904600265520B7
:107640008DF8040001A800F019FA5536AA208DF82B
:1076500005000DF1050000F011FAAA362846E917D9
:1076600005EB11610912A5EB0121C9B28DF80610D5
:107670000DF1060000F002FA2846E91705EB11614A
:107680000912A5EB012131448EB2E91705EB116116
:10769000090A8DF807100DF1070000F0EFF92846F0
:1076A000E91705EB116106EB21218EB22046E117A7
:1076B00004EB11610912A4EB0121C9B28DF8081085
:1076C00002A800F0DBF92046E11704EB1161091272
:1076D000A4EB012131448EB2E11704EB1161090AD8
:1076E0008DF809100DF1090000F0C8F92046E117E6
:1076F00004EB116106EB21218EB200270EE018F891
:107700000710B81D01AA115408EB070000F0B6F9E4
:1077100018F80700304486B2781CC7B2A742EEDBE7
:1077200009E00021B81D01AA1154B91D881800F004
:10773000A5F9781CC7B2102FF3DB3046F11706EB22
:1077400011610912A6EB0121C9B28DF81A100DF1D1
:107750001A0000F093F93046F11706EB1161090A9F
:107760008DF81B100DF11B0000F088F900270EB0FA
:10777000BDE8F0812DE9F0438DB004460E46174672
:107780009946002500BF5A208DF80000684600F099
:1077900075F95A35A5208DF801000DF1010000F0B2
:1077A0006DF9A5352046E11704EB11610912A4EB30
:1077B0000121C9B28DF802100DF1020000F05EF94E
:1077C0002046E11704EB11610912A4EB01210D44DD
:1077D000E11704EB1161090A8DF803100DF10300A4
:1077E00000F04CF92046E11704EB116105EB21256F
:1077F000B01CC0B28DF8040001A800F03FF9B01C25
:10780000C0B20544B01C000A8DF805000DF105005A
:1078100000F034F9B01C05EB1025F8B28DF8060025
:107820000DF1060000F02AF9F8B20544380A8DF887
:1078300007000DF1070000F021F905EB17254FF0C7
:1078400000080BE009EB080000F018F919F808002F
:107850000544052000F000FA08F10108B045F1D315
:10786000E8B28DF82F000DF12F0000F007F9280A7B
:107870008DF830000CA800F001F94FF000080DB0B1
:10788000BDE8F083F0B5ADF5297D07460D461446F9
:107890004FF40F7101A8FEF76EF8A178607801EB44
:1078A00000272179E07801EB0025062004E0225C26
:1078B000811F01AB5A54401CA91D8842F7D3FFF722
:1078C000E1FB642000F0C8F94FF416713548FEF76B
:1078D00052F8002034490860002603E0002090A9F7
:1078E0008855761C642EF9D3642000F0B5F9E8B20F
:1078F0008DF84002280A8DF841024AF6AA202B4949
:107900000968086090AA022140F20B10FFF790FE70
:10791000642000F0A1F901AB3A46294640F20B1071
:10792000FFF728FF4AF6AA202049096808604FF4AB
:107930007A7000F091F91B480078A52829D11948E0
:107940008079002817D1A178607801EB00221548D2
:10795000017A407A01EB0020824208D13A4614A114
:1079600090A807F0DFFB90A808F07AFF11E020A0B4
:1079700008F076FF0DE00B48007A602802D128A0BD
:1079800008F06EFF0748007A702802D12FA008F097
:1079900067FF4FF416710348FDF7EDFF01200DF569
:1079A000297DF0BD6202002024000020A8090020EB
:1079B0007B2246223A7B2254797065223A22577202
:1079C00069746554656D706C617465222C22577200
:1079D00069746554656D706C6174654944223A251B
:1079E000642C22537461747573223A307D7D0A00D1
:1079F0007B2246223A7B2254797065223A225772C2
:107A000069746554656D706C617465222C225374C1
:107A100061747573223A3130307D7D0A00000000B8
:107A20007B2246223A7B2254797065223A22577291
:107A300069746554656D706C617465222C22537491
:107A400061747573223A39367D7D0A007B224622A5
:107A50003A7B2254797065223A22577269746554D0
:107A6000656D706C617465222C225374617475733A
:107A7000223A3131327D7D0A0000000010B5044603
:107A800001231A462146024803F00DF910BD0000FB
:107A9000AC0A002000B59FB0642106A8FDF76BFF7B
:107AA000FFF7F0FA642000F0D7F8182212A1684618
:107AB000FDF748FF322319226946154803F0F3F811
:107AC000642000F0C9F813480078AA280DD11148A5
:107AD0004078552809D10F48437A027A0E4906A802
:107AE00007F020FB06A808F0BBFE1E210948FDF7A1
:107AF00042FF1FB000BD000055AA120100000000A7
:107B00000000000000000000000000000000120162
:107B1000AC0A002062020020E40D010870B50A489A
:107B20000468001D0568001D0668344454B108222D
:107B30000649204603F0C8F90422044910312846BA
:107B400003F0C2F970BD0000E8F7FF1FEE0000204F
:107B50000146002291F82100022808D00420886301
:107B600000BF002081F8200000BF01207047086896
:107B7000006820F00E000B6818600868006820F0AC
:107B800001000B68186091F8403001209840CB6BE1
:107B90005860012081F8210000BF002081F82000FA
:107BA00000BF1046E2E7000070B50446002594F8D7
:107BB0002100022803D00420A063012548E02068AA
:107BC000006820F00E00216808602068006820F03E
:107BD0000100216808601F492068884201D1012006
:107BE00026E01C4914312068884201D110201FE092
:107BF000184928312068884201D1801518E01549BC
:107C00003C312068884201D1801411E01149503183
:107C10002068884202D14FF4803009E00D49643178
:107C20002068884202D14FF4801001E04FF080704C
:107C3000084908394860012084F8210000BF00206D
:107C400084F8200000BF606B10B12046616B88474C
:107C5000284670BD0800024070B5044600F080FA66
:107C600006462546681C10B104480078054400BF4C
:107C700000F076FA801BA842FAD370BD28010020DC
:107C80002DE9F04104460E460127002500BF264895
:107C9000007E012802D10220BDE8F08101202249A6
:107CA000087600BF2068022813D14CF25030FEF74E
:107CB000A9FF90BB0120FEF72BFF4CF25030FEF7DE
:107CC000A1FF07461948006920F004001749086120
:107CD00023E04CF25030FEF795FFF0B94FF0FF3043
:107CE0003060A56812E02846FEF726FF4CF25030BF
:107CF000FEF788FF07460D48006920F002000B4997
:107D000008610FB1356007E005F58065D4E9021020
:107D100001EB8020A842E6D800BF00BF0020024946
:107D2000087600BF3846B7E7D81C00200020024084
:107D30000348006940F08000014908610020704755
:107D4000002002402DE9FE4F05468B461746984617
:107D5000012600240020029000BF2448007E012854
:107D600002D10220BDE8FE8F01202049087600BF25
:107D70004CF25030FEF746FF064686BB012D02D17D
:107D80000120029006E0022D02D10220029001E0C3
:107D90000420029000241EE02201B946C246484653
:107DA0005146FDF7BFFD80B20190022000FB04B0F8
:107DB00000900199FEF7D4FE4CF25030FEF722FFFE
:107DC00006460B48006920F001000949086106B128
:107DD00004E0601CC4B202988442DDDB00BF00BF37
:107DE00000200249087600BF3046BBE7D81C0020BF
:107DF0000020024000200849096901F0800151B1CA
:107E00000649054A5160064951601146096901F069
:107E1000800101B101207047002002402301674525
:107E2000AB89EFCD2DE9F8470346002294466EE179
:107E30004FF0010808FA02F4D1F8008008EA0400C3
:107E4000A0427DD1DFF8DCA2D1F80480A8EB0A09BA
:107E5000D0453AD014DCB8F1030F50D009DCB8F1AA
:107E6000000F31D0B8F1010F1CD0B8F1020F49D189
:107E700020E0B8F1110F18D0B8F1120F42D11EE076
:107E8000B9F5881F25D006DCB9F5803F20D0B9F5BB
:107E9000801F37D11AE0B9F5001F18D0B9F5041FBB
:107EA00030D117E0D1F80CC02DE0D1F80C8008F1EA
:107EB000040C28E0D1F80C8008F1080C23E0D1F87C
:107EC0000C8008F10C0C1EE000BF00BF00BF00BF1B
:107ED00000BF00BFD1F80880B8F1000F02D14FF009
:107EE000040C0BE0D1F80880B8F1010F03D14FF07A
:107EF000080C1C6102E04FF0080C5C6103E04FF0DD
:107F0000000C00E000BF00BFFF2801D8984601E048
:107F100003F104084646FF2802D84FEA820803E02E
:107F2000A2F108084FEA88084746D6F800804FF0CB
:107F30000F0909FA07F928EA09080CFA07F900E01D
:107F400088E048EA0908C6F80080D1F8048008F003
:107F50008058B8F1805F7DD100BFDFF8CC81D8F8C0
:107F6000188048F00108DFF8C091C9F81880C846A9
:107F7000D8F8188008F00108CDF8008000BF00BFD5
:107F80004FEAB9384FEA920958F829504FEA8278F7
:107F90004FEA18794FF00F0808FA09F825EA0805A2
:107FA000DFF88881434502D14FF0000816E0DFF882
:107FB0008081434502D14FF001080FE0DFF8748162
:107FC000434502D14FF0020808E0DFF86C814345D9
:107FD00002D14FF0030801E04FF004084FEA827924
:107FE0004FEA197908FA09F848EA0505DFF84C81E3
:107FF0004FEA920948F82950D1F8048008F48038F3
:10800000B8F5803F0AD1DFF83881D8F8008048EA17
:108010000008DFF82C91C9F8008009E0DFF8208122
:10802000D8F8008028EA0008DFF81491C9F8008029
:10803000D1F8048008F40038B8F5003F10D1DFF81B
:10804000008108F10408D8F8008048EA0008DFF849
:10805000F09000E05AE009F10409C9F800800DE051
:10806000DFF8DC8008F10408D8F8008028EA00086E
:10807000DFF8CC9009F10409C9F80080D1F8048038
:1080800008F48018B8F5801F0ED1DFF8B48008F12D
:108090000808D8F8008048EA0008DFF8A49009F141
:1080A0000809C9F800800DE0DFF8948008F108089D
:1080B000D8F8008028EA0008DFF8849009F1080960
:1080C000C9F80080D1F8048008F40018B8F5001F42
:1080D0000ED1DFF86C8008F10C08D8F8008048EA6F
:1080E0000008DFF85C9009F10C09C9F800800DE088
:1080F000DFF84C8008F10C08D8F8008028EA000866
:10810000DFF83C9009F10C09C9F80080521CD1F845
:10811000008028FA02F8B8F1000F7FF489AEBDE8BC
:10812000F887000000001110001002400008014014
:10813000000C014000100140001401400800014003
:1081400000040140024693680B400BB1012000E09F
:10815000002070470AB1016101E00B040361704720
:1081600001480068704700002001002070B50446F7
:108170000CB9012070BD4CF6CC402168086045F276
:10818000555021680860D4E9001048602168A06853
:108190008860FFF7E5FF05460BE0FFF7E1FF401BB6
:1081A000272806D92068C06800F0030008B1032022
:1081B000E0E72068C06800F003000028EDD14AF62F
:1081C000AA20216808600020D4E700000348006866
:1081D00003490978084401490860704720010020DC
:1081E0002801002010B50848006840F0100006493A
:1081F0000860032000F0A8F8002000F007F800F065
:108200002BF8002010BD00000020024070B504468D
:108210000E4800784FF47A71B1FBF0F00C49096810
:10822000B1FBF0F5284602F068F808B1012070BDF6
:10823000102C07D200222146501E00F047F80548B6
:10824000046001E00120F2E70020F0E728010020AF
:108250003C0100202401002008B500BF11488069BE
:1082600040F001000F4988610846806900F0010074
:10827000009000BF00BF00BF0846C06940F08050BA
:10828000C8610846C06900F08050009000BF00BF80
:1082900000BF0549486820F0E06040F00070486089
:1082A00000BF08BD00100240000001400146084622
:1082B000002809DB00F01F0301229A4043099B00BC
:1082C00003F1E023C3F8002100BF70472DE9F05F00
:1082D00080460D461646002706F038FF0746394609
:1082E0002A46334601F00700C0F1070ABAF1040F2D
:1082F00002D94FF0040A01E0C0F1070AD14600F1AB
:10830000040ABAF1070F02D24FF0000A01E0A0F10F
:10831000030AD4464FF0010A0AFA09FAAAF1010A3F
:108320000AEA020A0AFA0CFA4FF0010B0BFA0CFBEC
:10833000ABF1010B0BEA030B4AEA0B042146404662
:1083400006F00CFFBDE8F09F00BF00F00702064BEF
:1083500019684FF6FF031940044B0B4343EA02210F
:10836000014B196000BF70470CED00E00000FA05FA
:1083700070B505460C4604F08000802808D104F052
:10838000070000EB800605F1280000EBC60105E0C0
:1083900004EB840605F5B47000EBC6011AB90020A1
:1083A0000873CB8004E0012008730B81180C48810E
:1083B000002070BD704770B504460D4605EB85037F
:1083C00004F1280101EBC3014A692946D4F8E80207
:1083D00004F0D6FD70BD70B504460D4605EB85036F
:1083E00004F5B47101EBC3014A692946D4F8E802E7
:1083F00004F046FE70BD70B504460E4606F08000DF
:1084000080280AD106F0070000EB800104F1280063
:1084100000EBC1050120687009E006F0070000EBE1
:10842000800104F5B47000EBC1050020687006F00F
:108430000700287000BF94F8A802012801D102208B
:1084400070BD012084F8A80200BF2946206805F00D
:108450009FFC00BF002084F8A80200BF00BFEFE728
:1084600070B504460E4606F00F006168884201D9D7
:10847000012070BD06F0800080280AD106F00700B8
:1084800000EB800104F1280000EBC10501206870B9
:1084900009E006F0070000EB800104F5B47000EB82
:1084A000C105002068700020A87006F00700287041
:1084B00000BF94F8A802012801D10220D9E70120C9
:1084C00084F8A80200BF2946206805F0BDFD00BF62
:1084D000002084F8A80200BF00BFCAE72DE9F041E0
:1084E00005460C46174607F48040002850D02868FF
:1084F000B0F85010207801EBC000801C296801F50D
:10850000806131F81000C0F30906A069B04203D3BE
:10851000A069801BA06101E00020A061A069A8B94A
:1085200000BF22785200296831F812104BF68F7282
:1085300001EA020080F4005040F4004141F0800163
:1085400023785B002A6822F8131000BF07F0400070
:10855000A8B100BF00BF22785200296831F812107C
:1085600048F68F7201EA020040F4004141F0C00178
:1085700023785B002A6822F8131000BF00BF002E8A
:1085800055D0228961693346286806F0D3FB4EE056
:108590002868B0F85010207801EBC000801D2968D1
:1085A00001F5806131F81000C0F30906A069B042FE
:1085B00003D3A069801BA06101E00020A061A06935
:1085C000A8B900BF22785200296831F812104BF682
:1085D0008F7201EA020080F4005040F4004141F043
:1085E000800123785B002A6822F8131000BF07F08F
:1085F0004000A8B900BF00BF22785200296831F8B6
:10860000121048F68F7201EA020040F4004141F076
:10861000C00123785B002A6822F8131000BF00BF56
:108620002EB1628961693346286806F083FB3046C3
:10863000BDE8F0812DE9F04705460C46904608F06C
:108640004000002871D02868B0F85010207801EB65
:10865000C000801C296801F5806131F81000C0F36A
:108660000907A069B84203D9A069C01BA06101E055
:108670000020A061A06900287ED100BF6078C8B941
:1086800000BF29682A68B2F85020114422780223DA
:1086900003EBC20201F5806303EB420000BF0288D6
:1086A00048F2FF331A400280028842F400420280FE
:1086B00000BF13E06078012810D100BF28682A6845
:1086C000B2F8502010442278022303EBC20200F5D6
:1086D000806303EB420100220A8000BF00BF00BF9D
:1086E0002968607810BB00BF2B68D5F800C0BCF8C3
:1086F00050C0634494F800C04FF0060909EBCC0C5D
:1087000003F5806909EB4C0000BFB0F800C048F2E7
:10871000FF390CEA090CA0F800C0B0F800C04CF416
:10872000004CA0F800C000BF11E0C0E06078012854
:108730000DD12868B0F8500001442078062303EBDF
:10874000C00001F5806303EB40020020108000BFF1
:1087500021782846FFF72FFE08F48040002816D025
:1087600000BF00BF22785200296831F8121048F685
:108770008F7201EA020000E00AE040F4004141F497
:10878000814123785B002A6822F8131000BFCAE1F8
:1087900008F48040A8B100BF00BF227852002968C9
:1087A00031F8121048F68F7201EA020040F40041DD
:1087B00041F4814223785B00296821F8132000BF2F
:1087C00000BF94F824000128E1D160693844606159
:1087D000E0693844E0612169206A884204D326694F
:1087E000206A801B20620BE0206A20B93E460020F0
:1087F00084F8240004E0002084F82400266A206223
:1088000000BF6078B8BB00BF2A682968B1F8501073
:108810000A442178022303EBC10102F5806303EBD4
:108820004101084600BF56B9038848F2FF3C03EAFD
:108830000C030380038843F40043038019E03E2EB9
:108840000BD800BF710806F0010303B1491C4FF6B5
:10885000FF7303EA812303800BE000BF710906F078
:108860001F0303B9491E4FF4004343EA81230380E9
:1088700000BF00BF13E0FFE7607801280FD100BF01
:1088800028682A68B2F8502010442278022303EBAB
:10889000C20200F5806303EB42010E8000BF00BFFF
:1088A000B3B222896169286806F073FA3BE128684F
:1088B000B0F85010207801EBC000801D296801F548
:1088C000806131F81000C0F30907A069B84203D3F2
:1088D000A069C01BA06101E00020A061A069002880
:1088E0007DD100BF6078C8B900BF29682A68B2F896
:1088F000502011442278022303EBC20201F5806369
:1089000003EB420000BF028848F2FF331A400280A6
:10891000028842F40042028000BF13E06078012820
:1089200010D100BF28682A68B2F85020104422787D
:10893000022303EBC20200F5806303EB4201002235
:108940000A8000BF00BF00BF2968607808BB00BF75
:108950002B68D5F800C0BCF850C0634494F800C040
:108960004FF0060909EBCC0C03F5806909EB4C00CC
:1089700000BFB0F800C048F2FF390CEA090CA0F8BB
:1089800000C0B0F800C04CF4004CA0F800C000BF1C
:1089900010E0607801280DD12868B0F8500001443B
:1089A0002078062303EBC00001F5806303EB40024F
:1089B0000020108000BF21782846FFF7FCFC08F457
:1089C0008040002816D100BF00BF227852002968DD
:1089D00031F8121048F68F7201EA020000E00AE056
:1089E00040F4004141F4814123785B002A6822F879
:1089F000131000BF97E008F48040A8B900BF00BF83
:108A000022785200296831F8121048F68F7201EA74
:108A1000020040F4004141F4814123785B002A6860
:108A200022F8131000BF00BF94F8240001287AD167
:108A3000606938446061E0693844E0612169206A16
:108A4000884204D32669206A801B20620BE0206ADA
:108A500020B93E46002084F8240004E0266A002065
:108A6000206284F8240000BF2A68607890BB00BFB1
:108A7000D5F800C02968B1F850108C4421784FF027
:108A8000060909EBC1010CF5806909EB41010846B3
:108A900000BF76B9B0F8009048F2FF3A09EA0A0937
:108AA000A0F80090B0F8009049F40049A0F80090B8
:108AB00020E03E2E0FD800BF710806F00109B9F181
:108AC000000F00D0491C4FF6FF7909EA8129A0F870
:108AD00000900FE010E000BF710906F01F09B9F126
:108AE000000F00D1491E4FF4004949EA8129A0F83E
:108AF000009000BF00BF0FE0607801280CD128680B
:108B0000B0F8500002442078062101EBC00002F5C5
:108B1000806101EB40031E8000BFB3B262896169CE
:108B2000286806F036F900BF22785200296831F82B
:108B3000121048F6BF7201EA020080F0100080F0C7
:108B4000200040F4004141F0800123785B002A6856
:108B500022F8131000BF0020BDE8F087024601F0A4
:108B6000070000EB800302F5B47000EBC300C0699E
:108B700070472DE9F04705460E4690461F464FF0D8
:108B8000000906F0800080280AD106F0070000EBFB
:108B9000800105F1280000EBC1040120607009E0AC
:108BA00006F0070000EB800105F5B47000EBC1048E
:108BB0000020607006F007002070C4F81080E77095
:108BC000607808B12078E081022F01D10020207167
:108BD00000BF95F8A802012802D10220BDE8F08765
:108BE000012085F8A80200BF2146286804F0A6FEEF
:108BF00000BF002085F8A80200BF4846EEE72DE937
:108C0000F04105460E461746984606F0070000EB71
:108C1000800105F5B47000EBC1046761C4F81880E9
:108C20000020E061607006F00700207006F0070089
:108C300020B92146286805F0A2FA03E021462868F9
:108C400005F09DFA0020BDE8F08170B504460D46A0
:108C500005F007006168884201D9012070BD05F068
:108C6000800080280AD105F0070000EB800104F1A4
:108C7000280000EBC1060120707007E005EB8501BC
:108C800004F5B47000EBC106002070700120B070D4
:108C900005F00700307000BF94F8A802012801D148
:108CA0000220DBE7012084F8A80200BF31462068DB
:108CB00005F037FA05F0070020B904F52C7120689B
:108CC00005F0BFF900BF002084F8A80200BF00BF74
:108CD000C4E72DE9F04105460E4690461F4606F0D2
:108CE000070000EB800105F1280000EBC104C4F887
:108CF0001480A761012084F8240027620020E0612D
:108D00000120607006F00700207006F0070020B90F
:108D10002146286805F033FA03E02146286805F06B
:108D20002EFA0020BDE8F0817FB50446206805F0EA
:108D3000FDFF00F40040B0F5004F02D1204602F0E4
:108D40001DFC206805F0F2FF00F48060B0F5806F34
:108D50000FD12068B0F844004FF6FF310840216879
:108D6000A1F84400204600F09FF90021204600F0C1
:108D7000BBF9206805F0DAFF00F48040B0F5804FC1
:108D800008D12068B0F844004BF6FF710840216814
:108D9000A1F84400206805F0C9FF00F40050B0F5C8
:108DA000005F08D12068B0F844004DF6FF7108401C
:108DB0002168A1F84400206805F0B8FF00F4805055
:108DC000B0F5805F1DD12068B0F840004FF6FB7110
:108DD00008402168A1F840002068B0F840004FF634
:108DE000F77108402168A1F84000204600F06EF9B4
:108DF0002068B0F844004EF6FF7108402168A1F8E1
:108E00004400206805F092FF00F40060B0F5006FA8
:108E100055D1002507E06900206830F811002DF8D1
:108E20001500681CC5B2082DF5D32068B0F84000C5
:108E300040F001002168A1F840002068B0F840002F
:108E40004FF6FE7108402168A1F8400000BF20687D
:108E5000B0F8440000F480600028F8D02068B0F832
:108E600044004FF6FF3108402168A1F84400002576
:108E700007E03DF815006A00216821F81200681C1F
:108E8000C5B2082DF5D32068B0F8400040F00800C6
:108E90002168A1F840002068B0F844004FF2FF714B
:108EA00008402168A1F844002068B0F8400040F074
:108EB00004002168A1F84000204600F057F920681E
:108EC00005F034FF00F40070B0F5007F0BD120688E
:108ED000B0F844004FF6FF5108402168A1F8440063
:108EE000204600F0FAF8206805F020FF00F48070BA
:108EF000B0F5807F08D12068B0F844004FF6FF61DC
:108F000008402168A1F844007FBD30B585B0044613
:108F100014B9012005B030BD94F8A90228B9002089
:108F200084F8A802204600F09DF8032084F8A902E6
:108F3000206805F07CF8142204F110016846FCF763
:108F400001FD94E80F0004F01FFF20B1022084F817
:108F5000A9020120DEE70021206805F010FF0025AE
:108F600031E0012105EB850204F1280000EBC2008D
:108F7000417005EB850104F1280000F8315005EB44
:108F8000850100EBC100C581002105EB850204F1DC
:108F9000280000EBC200C17005EB850204F1280037
:108FA00000EBC200016105EB850204F1280000EB33
:108FB000C200416105EB850204F1280000EBC2000C
:108FC0008161681CC5B26068A842CAD800252AE041
:108FD000002105EB850204F5B47000EBC20041707E
:108FE00005EB850104F5B47000F83150002105EB64
:108FF000850200EBC200C17005EB850204F5B47078
:1090000000EBC200016105EB850204F5B47000EBD2
:10901000C200416105EB850204F5B47000EBC200AB
:109020008161681CC5B26068A842D1D8142204F1DD
:1090300010016846FCF786FC94E80F0004F0ECFF92
:1090400020B1022084F8A902012063E7002084F8FF
:109050002400012084F8A902206804F0DAFF00202F
:1090600058E7000038B504460D492068884215D1FC
:1090700000BF0C48C06940F400000A49C8610846B6
:10908000C06900F40000009000BF00BF002211463C
:109090001420FFF71BF91420FFF708F938BD000072
:1090A000005C00400010024070B504460125A06835
:1090B000022801D0FDF724FD2946D4F8E80204F087
:1090C00013F9D4F8E80204F0C5F870BD10B50446F1
:1090D000D4F8E80204F0ECF810BD10B50446D4F85A
:1090E000E80204F0F0F810BD70B504460D4600BF6C
:1090F00094F8A802012801D1022070BD012084F853
:10910000A80200BF84F824502946206805F03AFEE2
:1091100000BF002084F8A80200BF00BFEDE710B533
:10912000044604F52C71D4F8E80204F0F4F810BDFC
:1091300010B5044600BF94F8A802012801D102200E
:1091400010BD012084F8A80200BF206805F0DCFDF6
:1091500001212046FFF72EF9206804F057FF00BFD9
:10916000002084F8A80200BF00BFE9E710B504465C
:10917000D4F8E80204F028F9A06928B1034800688F
:1091800040F006000149086010BD000010ED00E04D
:10919000012001490862704700000E422DE9F043AA
:1091A00085B006463BA30FCB01AC0FC43DA00068C1
:1091B00000904FF00008002500270024A146012E52
:1091C00030D0022E55D0102E5ED13748446800684A
:1091D00000F0807000B301A8C4F38341475C04F43D
:1091E000803070B130484068C0F340401DF80080C6
:1091F00004F4803040B12D48B0FBF8F000FB07F5D7
:1092000002E02B4807FB00F52748406800F4800087
:10921000B0F5800F01D1A94603E068000321B0FB3F
:10922000F1F932E02048046A04F44070B0F5807F20
:1092300005D104F0020010B14FF4004918E004F425
:109240004070B0F5007F07D11748406A00F0020077
:1092500010B149F640490BE004F44070B0F5407F8E
:1092600006D11148006800F4003008B14FF22449DB
:109270000BE000F09BF90C494968C1F38131491CAE
:109280004900B0FBF1F900E000BF00BF484605B05F
:10929000BDE8F08302030405060708090A0B0C0D5C
:1092A0000E0F1010010200000010024000127A00A0
:1092B00000093D00F8B5044600260025207800F09E
:1092C000010000286BD000274348C06900F080509F
:1092D00070B900BF4048C06940F080503E49C86145
:1092E0000846C06900F08050009000BF00BF012711
:1092F0003A48006800F48070B0B93848006840F41B
:10930000807036490860FEF72BFF064606E0FEF740
:1093100027FF801B642801D90320F8BD2F4800686F
:1093200000F480700028F2D02B48006A00F44075E9
:109330002DB3A08800F44070A84220D02648006ACF
:1093400020F440750120264908600020086022486A
:10935000056205F0010090B1FEF702FF064608E045
:10936000FEF7FEFE801B41F28831884201D90320BE
:10937000D3E71948006A00F002000028F0D0164830
:10938000006A20F440706168084313490862012FA5
:1093900004D10846C06920F08050C86100BF207821
:1093A00000F00200022807D10B48406820F440403A
:1093B000A168084308494860207800F01000102890
:1093C00007D10548406820F48000E168084302495D
:1093D00048600020A1E7000000100240007000403B
:1093E000400442427047000070B504460D460CB977
:1093F000012070BD5A48006800F00700A8420ED254
:109400005748006820F0070028435549086008467F
:10941000006800F00700A84201D00120E9E72078A9
:1094200000F0020002281DD1207800F0040004287A
:1094300005D14C48406840F4E0604A4948602078D3
:1094400000F00800082805D14648406840F4605004
:10945000444948604348406820F0F000A168084350
:1094600040494860207800F0010078B36068012826
:1094700006D13C48006800F4003090B90120B8E7FC
:109480006068022806D13748006800F0007040B9D3
:109490000120AEE73348006800F0020008B901205F
:1094A000A7E73048406820F00300616808432D4971
:1094B0004860FEF755FE064609E0FEF751FE801BA8
:1094C00041F28831884202D9032092E707E025481B
:1094D000406800F00C006168B0EB810FEDD12048CE
:1094E000006800F00700A8420ED91D48006820F06F
:1094F000070028431A4908600846006800F0070082
:10950000A84201D0012074E7207800F0040004286C
:1095100007D11448406820F4E060E168084311492D
:109520004860207800F00800082808D10D484068FD
:1095300020F46050216940EAC1000A49486000F007
:1095400045F808494968C1F30311074A515CC8400E
:109550000649086006480068FEF758FE002048E704
:1095600000200240001002401C0D01083C010020B8
:109570002401002001200149C864704700004242D4
:1095800001480068704700003C01002000B5FFF76B
:10959000F7FF04494968C1F30221034A515CC840FE
:1095A00000BD0000001002402C0D010800B5FFF7BF
:1095B000E7FF04494968C1F3C221034A515CC8402E
:1095C00000BD0000001002402C0D0108F0B585B070
:1095D0000FF26C0C9CE8E01001A8A0E8E0101CA5BC
:1095E0002D68009500210022002300240020194D41
:1095F000696801F00C05F5B1042D02D0082D19D1D0
:1096000001E0154819E001ADC1F38346AC5D01F4FA
:10961000803555B10F4D6D68C5F340451DF80520E7
:109620000D4D6543B5FBF2F302E00C4D04FB05F371
:10963000184602E000BF084800BF00BF05B0F0BDFB
:1096400002030405060708090A0B0C0D0E0F101083
:10965000010200000010024000127A0000093D00E3
:1096600010B50648806800F08000802804D1FFF71C
:10967000B9FE80200149887210BD00000010024030
:10968000F8B504460CB90120F8BD207800F00100BF
:10969000002878D0F848406800F00C0004280CD06E
:1096A000F548406800F00C00082811D1F2484068E5
:1096B00000F48030B0F5803F0AD1EF48006800F434
:1096C000003000285FD0606800285CD10120DBE713
:1096D00000BF6068B0F5803F06D1E748006840F4FD
:1096E0008030E549086028E0606858B9E2480068C1
:1096F00020F48030E04908600846006820F48020AB
:1097000008601AE06068B0F5A02F0BD1DA48006855
:1097100040F48020D84908600846006840F4803052
:1097200008600AE0D448006820F48030D24908601C
:109730000846006820F48020086000BF606888B197
:10974000FEF70EFD054606E0FEF70AFD401B642805
:1097500001D9032098E7C848006800F400300028C9
:10976000F2D010E0FEF7FCFC054606E0FEF7F8FC40
:10977000401B642801D9032086E7BF48006800F435
:1097800000300028F2D1207800F00200022857D1E2
:10979000B948406800F00C0050B1B748406800F08C
:1097A0000C00082818D1B448406800F4803098B9FB
:1097B000B148006800F0020020B12069012801D002
:1097C000012061E7AC48006820F0F800616940EAD8
:1097D000C100A949086033E02069E8B10120A74928
:1097E0000860FEF7BDFC054606E0FEF7B9FC401B2D
:1097F000022801D9032047E79F48006800F00200D3
:109800000028F2D09C48006820F0F800616940EA26
:10981000C1009949086013E0002098490860FEF7EC
:109820009FFC054606E0FEF79BFC401B022801D981
:10983000032029E79048006800F002000028F2D1D8
:10984000207800F0080008282DD1A069B8B10120C7
:109850008B490860FEF784FC054606E0FEF780FCB5
:10986000401B022801D903200EE78348406A00F01C
:1098700002000028F2D0012002F0BEF813E0002020
:109880007F490860FEF76CFC054606E0FEF768FCC1
:10989000401B022801D90320F6E67748406A00F011
:1098A00002000028F2D1207800F00400042873D1CF
:1098B00000277148C06900F0805070B900BF6E4841
:1098C000C06940F080506C49C8610846C06900F02A
:1098D0008050009000BF00BF01276A48006800F474
:1098E0008070B0B96748006840F4807065490860CE
:1098F000FEF736FC054606E0FEF732FC401B642806
:1099000001D90320C0E65F48006800F48070002899
:10991000F2D000BFE068012806D15748006A40F045
:1099200001005549086227E0E06858B95248006ACA
:1099300020F00100504908620846006A20F0040047
:10994000086219E0E06805280BD14B48006A40F036
:109950000400494908620846006A40F001000862B4
:109960000AE04548006A20F00100434908620846C1
:10997000006A20F00400086200BFE068A0B1FEF7B2
:10998000EFFB054609E0FEF7EBFB401B41F2883197
:10999000884202D9032077E622E03748006A00F0C7
:1099A00002000028EFD012E0FEF7DAFB054608E0DF
:1099B000FEF7D6FB401B41F28831884201D90320D3
:1099C00062E62D48006A00F002000028F0D1012F65
:1099D00005D12948C06920F080502749C86100BFDF
:1099E000E069C8B32448406800F00C00082860D043
:1099F000E069022848D1002020490866FEF7B0FB44
:109A0000054606E0FEF7ACFB401B022801D9032007
:109A10003AE61948006800F000700028F2D1206A88
:109A2000B0F5803F07D11448406820F40030A168A9
:109A3000084311494860D4E9080108430E494968C0
:109A400021F4741108430C49486001200B49086651
:109A5000FEF786FB054607E03DE0FEF781FB401B75
:109A6000022801D903200FE60348006800F00070C7
:109A70000028F2D02FE00000001002400000424217
:109A80008004424200700040002014490866FEF73E
:109A900067FB054606E0FEF763FB401B022801D981
:109AA0000320F1E50E48006800F000700028F2D1B4
:109AB00011E0E069012800D1E6E50948466806F4AE
:109AC0008031206A814204D106F47011606A8142BB
:109AD00001D00120D8E50020D6E500000000424278
:109AE000001002402DE9F04780460E4692460025C0
:109AF00000270024A146404601F0D7FF81462548B3
:109B0000B9FBF0F424480068A04240D02248046029
:109B100040F2B2750EE0284605F0D6FF012806D1C6
:109B2000B4F5B77F02D3A4F5B77402E005E0A4F260
:109B30006D146D1CB4F5B67FEDD800BF2F46A5F5AA
:109B4000FA60F070002515E0012D09D1384605F0C6
:109B5000BBFF012804D11D2C01D31D3C09E00BE003
:109B60000E48405DA04203D80C48405D241A00E036
:109B700002E06D1C1C2CE7D200BF681C7070601CDA
:109B8000B070B2787178F07801F0A9FF30700020E1
:109B9000BDE8F0878051010038010020100D010858
:109BA0002DE9F04707460C4691460026B0460025B1
:109BB00038684068C0F3800010B10120BDE8F0872C
:109BC000384601F072FF06464FF46160B6FBF0F5CF
:109BD000B6FBF0F100FB11603C21B0FBF1F06070CE
:109BE0004FF46160B6FBF0F100FB11603C21B0FB6B
:109BF000F1F201FB1200A0701820B5FBF0F100FBA0
:109C000011502070182D08D31820B5FBF0F8B5FBC3
:109C1000F0F100FB1150207000E025700020CDE72E
:109C200070B5044600250CB9012070BD607C20B9D8
:109C300000202074204600F05BF80220607420466B
:109C400000F085F918B1042060740120EDE720468A
:109C500001F0F1FE18B1042060740120E5E72068EE
:109C6000406820F0070021684860A06828B11F48BC
:109C7000006820F001001D4908601C48001F0068B2
:109C800020F46070A16808431849091F08606068E3
:109C9000401C08B1656809E00120FFF77FFA05461E
:109CA0001DB9042060740120BFE76D1E2068806824
:109CB00020F00F0040EA1540216888602068C068E5
:109CC00065F30F002168C860204601F0D1FE18B18D
:109CD000042060740120A8E70021E1730121617371
:109CE000A1730120607400209FE70000306C0040E9
:109CF00038B504460B492068884212D1FFF748FA6C
:109D000000BF0948C06940F000600749C8610846C3
:109D1000C06900F00060009000BF00BF012003494F
:109D2000086038BD00280040001002403C04424258
:109D30002DE9F04F87B006460F464FF0000900208E
:109D4000069080460024059004900390824600BF50
:109D500048A207CA8DE80700304601F0A6FE8146FA
:109D60004FF46160B9FBF0F006904FF46160B9FB0D
:109D7000F0F100FB11903C21B0FBF1F0C0B2049077
:109D80004FF46160B9FBF0F100FB11903C21B0FB96
:109D9000F1F201FB1200039018210698B0FBF1F2DA
:109DA00001FB12000590F87800F5FA6840F63300E0
:109DB000804500D9804640F2B270804500D280468E
:109DC00040F2B2750AE0284605F07EFE012802D175
:109DD0002B48044401E02B4804446D1C4545F2D354
:109DE00097F801A0404605F06FFE012804D1BAF1B2
:109DF000020F01D924480444AAF1010A002507E012
:109E00001DF8050040F2A321484304EBC0146D1C6B
:109E10005545F5D397F802B0ABF1010040F2A3210C
:109E2000484304EBC0140598C0EB4011C1EB00207F
:109E300004EB00140498C0EB001004EB80040398BA
:109E4000044400BF307C012803D1022007B0BDE8E4
:109E5000F08F0120307400BF02207074214630461C
:109E600001F07FFE0120707400BF0020307400BF3D
:109E700000BFEBE71F1C1F1E1F1E1F1F1E1F1E1FE4
:109E80000085E2018033E101805101002DE9F05F9E
:109E900004460D46904600260027B146B2462046AD
:109EA00001F003FE07464FF46160B7FBF0F9B9F12A
:109EB000180F0AD31820B9FBF0FA0AEB4A00C000C9
:109EC0004FF4616100FB01F700E0002700BF207C38
:109ED000012802D10220BDE8F09F0120207400BFBC
:109EE00002206074B8F1000F0BD128784FF4616143
:109EF00048436978C1EB011100EB8100A97846184D
:109F000012E0287801F08CFD4FF4616100FB01FB49
:109F1000687801F085FDC0EB00100BEB800BA87892
:109F200001F07EFD0BEB00063E443146204601F079
:109F300018FE2068406820F0050021684860012074
:109F4000607400BF0020207400BF00BFC3E770B57D
:109F5000044600250CB9012070BD2068406820F03F
:109F6000080021684860FEF7FBF8054607E0FEF7A9
:109F7000F7F8401BB0F57A7F01D90320ECE72068A1
:109F8000406800F008000028F1D00020E4E710B598
:109F900004460CB9012010BD606A38B96068B0F59C
:109FA000827F00D105E00021E16102E00021216112
:109FB00061610021A16294F8510028B9002084F861
:109FC0005000204600F042F8022084F8510020683A
:109FD000006820F0400021680860A08800F48270CA
:109FE000218901F404410843A18901F40061084377
:109FF000217C01F002010843217D01F001010843A9
:10A00000218B01F400710843217F01F038010843DE
:10A010002021095D01F080010843218D01F40051E8
:10A020000843216808600421A06901EA1040216802
:10A0300048602068C06920F400602168C861002081
:10A040006065012084F851000020A4E710B586B0B7
:10A05000044600200290039004900590194920685E
:10A0600088422DD100BF1848806940F480501649BD
:10A0700088610846806900F48050019000BF00BFED
:10A0800000BF0846806940F0040088610846806986
:10A0900000F00400019000BF00BFA0200290022049
:10A0A00003900320059002A90848FDF7BBFE40205D
:10A0B000029000200390049002A90448FDF7B2FE2C
:10A0C00006B010BD00300140001002400008014001
:10A0D0002DE9FF5F0446884691461D460E9E0120ED
:10A0E00002900020019000BF94F85000012803D195
:10A0F000022004B0BDE8F09F012084F8500000BFAA
:10A10000FEF72EF8074694F851B060680390AA460F
:10A11000BBF1010F0BD00398B0F5827F04D1A0688A
:10A1200010B9BBF1040F02D002200190DBE0B8F1BE
:10A13000000F03D0B9F1000F00D015B90120019034
:10A14000D1E094F85100042802D0052084F8510091
:10A1500000206065C4F83890E587A587C4F8308092
:10A16000E586A586206460642068006800F04000F1
:10A17000402805D02068006840F040002168086051
:10A18000E068B0F5006F4AD1606810B1BAF1010F14
:10A1900009D1206B00882168C860206B801C206377
:10A1A000E08E401EE08633E02068806800F0020008
:10A1B000022810D1E08E70B1029801280BD1206BDB
:10A1C00000882168C860206B801C2063E08E401EE0
:10A1D000E086002002902068806800F0010068B1ED
:10A1E000E08F58B12068C068A16B0880A06B801C0C
:10A1F000A063E08F401EE08701200290FDF7B0FFD2
:10A20000C01BB04204D3701C10B1032001906AE05F
:10A21000E08E0028C8D1E08F0028C5D14AE06068F0
:10A2200010B1BAF1010F09D1206B007821680873D1
:10A23000206B401C2063E08E401EE08634E02068E6
:10A24000806800F00200022810D1E08E70B1029800
:10A2500001280BD1206B007821680873206B401C0B
:10A260002063E08E401EE086002002902068806817
:10A2700000F0010068B1E08F58B12068C068A16BA0
:10A280000870A06B401CA063E08F401EE087012097
:10A290000290FDF765FFC01BB04201D3701C00B9EE
:10A2A00016B9032001901EE0E08E0028C7D1E08F90
:10A2B0000028C4D13A463146204601F085FC20B141
:10A2C00001200190202060650DE0A06850B900BF1A
:10A2D000002000902068C06800902068806800908E
:10A2E00000BF00BF00BF012084F8510000BF002064
:10A2F00084F8500000BF0198FBE670B5044625467F
:10A30000681EB0F1807F01D301200FE0681E4FF07E
:10A31000E02148610F214FF0FF3004F01FFF0020C3
:10A320004FF0E021886107200861002070BD704770
:10A330007047000030B502460B4600BF92F83C0063
:10A34000012801D1022030BD012082F83C0000BF6D
:10A35000022082F83D00106844681068816824F08B
:10A3600070041868044310684460104D1068A842D7
:10A370000BD01068B0F1804F07D00D4D1068A84287
:10A3800003D00C4D1068A84205D121F08001586817
:10A39000014310688160012082F83D0000BF002069
:10A3A00082F83C0000BF00BFCDE70000002C014058
:10A3B000000400400008004010B504460CB901201C
:10A3C00010BD94F83D0028B9002084F83C002046D8
:10A3D00000F026F8022084F83D00211D206801F0DD
:10A3E00087FE012084F8460000BF84F83E0001216A
:10A3F0003F200155402001554120015500BF00BFBD
:10A40000012084F842004320015544200155452095
:10A41000015500BF012084F83D000020D0E7000076
:10A4200038B504461A492068884216D100BF194839
:10A43000C06940F002001749C8610846C06900F0D1
:10A440000200009000BF00BF002211461D20FDF752
:10A450003DFF1D20FDF72AFF19E02068B0F1804F75
:10A4600015D100BF0B48C06940F001000949C8611F
:10A470000846C06900F00100009000BF00BF022242
:10A4800011461C20FDF722FF1C20FDF70FFF38BDF1
:10A490000004004000100240014691F83D000128F0
:10A4A00001D001207047022081F83D00124B08685E
:10A4B00098420BD00868B0F1804F07D00F4B086866
:10A4C000984203D00E4B086898420CD10868806807
:10A4D00000F00702062A0CD00868006840F001006E
:10A4E0000B68186005E00868006840F001000B6820
:10A4F00018600020D6E70000002C01400004004056
:10A5000000080040014691F83D00012801D00120DB
:10A510007047022081F83D000868C06840F00100E3
:10A520000B68D860124B086898420BD00868B0F1ED
:10A53000804F07D00F4B0868984203D00E4B086835
:10A5400098420CD10868806800F00702062A0CD0F7
:10A550000868006840F001000B68186005E00868B2
:10A56000006840F001000B6818600020D0E7000090
:10A57000002C014000040040000800402DE9F0419B
:10A5800004460D4600BF94F83C00012802D1022089
:10A59000BDE8F081012084F83C0000BF022084F86F
:10A5A0003D002068866826F0770626F47F462068FE
:10A5B00086602868502833D00CDC202850D004DC7A
:10A5C00000284BD0102851D149E0302849D04028EC
:10A5D0004CD139E060282DD0702807D0B0F5805FCD
:10A5E00003D0B0F5005F41D10DE040E0D5E90213A2
:10A5F0006A68206801F0B6FD2068866846F0770634
:10A600002068866033E0D5E902136A68206801F0AB
:10A61000A9FD2068806840F480402168886026E0B9
:10A62000EA686968206801F0B1FD5021206801F0F6
:10A63000A4FD1CE0EA686968206801F0BAFD6021A9
:10A64000206801F09AFD12E0EA686968206801F06C
:10A650009DFD4021206801F090FD08E000BF00BF93
:10A6600000BF2968206801F088FD00E000BF00BF3E
:10A67000012084F83D0000BF002084F83C0000BFAA
:10A6800000BF85E7704710B5044620680069C0F335
:10A690004000D8B12068C068C0F34000B0B16FF08E
:10A6A000020021680861012020772068806900F09D
:10A6B000030018B12046FFF7E5FF05E0204600F053
:10A6C000ADF8204600F0ABF8002020772068006944
:10A6D000C0F38000D8B12068C068C0F38000B0B17A
:10A6E0006FF00400216808610220207720688069EB
:10A6F00000F4407018B12046FFF7C4FF05E0204683
:10A7000000F08CF8204600F08AF8002020772068BE
:10A710000069C0F3C000D8B12068C068C0F3C000B1
:10A72000B0B16FF00800216808610420207720682C
:10A73000C06900F0030018B12046FFF7A3FF05E051
:10A74000204600F06BF8204600F069F800202077E2
:10A7500020680069C0F30010D8B12068C068C0F359
:10A760000010B0B16FF01000216808610820207758
:10A770002068C06900F4407018B12046FFF782FFDE
:10A7800005E0204600F04AF8204600F048F8002096
:10A7900020772068006900F0010058B12068C06887
:10A7A00000F0010030B16FF001002168086120461F
:10A7B00000F036F820680069C0F3C01058B1206876
:10A7C000C068C0F3C01030B16FF08000216808612C
:10A7D0002046FFF7ACFD20680069C0F3801058B137
:10A7E0002068C068C0F3801030B16FF0400021686D
:10A7F0000861204600F020F820680069C0F340108E
:10A8000058B12068C068C0F3401030B16FF020002C
:10A81000216808612046FFF78BFD10BD7047704727
:10A8200010B5044603492068884201D101F07AFA44
:10A8300010BD0000000400407047704770470000E2
:10A840002DE9F84F0446206805682068C66820682E
:10A8500047694FF00009CA4605F00F09B9F1000F2A
:10A860000AD105F0200038B106F0200020B12046C2
:10A8700001F0E8FCBDE8F88FB9F1000F71D007F0E6
:10A88000010018B906F4907000286AD005F00100A4
:10A8900030B106F4807018B1206C40F001002064E3
:10A8A00005F0040030B107F0010018B1206C40F051
:10A8B0000200206405F0020030B107F0010018B179
:10A8C000206C40F00400206405F0080048B106F058
:10A8D000200010B907F0010018B1206C40F008000A
:10A8E0002064206C68B305F0200028B106F0200039
:10A8F00010B1204601F0A6FC20684069C0F3801A20
:10A90000206C00F0080010B9BAF1000F22D02046E8
:10A9100001F06DFC2068406900F04000B0B1206893
:10A92000406920F0400021684861A06B50B1564852
:10A93000A16B4863A06BFDF737F910B1A06B416BB9
:10A9400088470CE02046FFF779FF08E02046FFF734
:10A9500075FF04E02046FFF771FF0020206489E7BF
:10A96000FFE7206B012878D105F01000002874D093
:10A9700006F01000002870D000BF00200090206872
:10A980000068009020684068009000BF00BF206809
:10A99000406900F04000C0B3A06B006840681FFA37
:10A9A00080F8B8F1000F2FD0A08D40452CDDA4F821
:10A9B0002E80A06B806920281FD02068C06820F4FA
:10A9C00080702168C8602068406920F0010021681B
:10A9D00048612068406920F04000216848612020DB
:10A9E00084F83E00002020632068C06820F010003A
:10A9F0002168C860A06BFDF7ABF8A08DE28D801ACE
:10AA000081B22046FFF719FF34E7FFE7A08DE18D03
:10AA1000401A1FFA80F8E08DE8B1B8F1000F1AD0A3
:10AA20002068C06820F490702168C8602068406980
:10AA300020F0010021684861202084F83E000020B9
:10AA400020632068C06820F010002168C86041467B
:10AA50002046FFF7F2FE0DE7FFE705F0800030B17A
:10AA600006F0800018B1204601F0DCFC02E705F09A
:10AA7000400030B106F0400018B1204601F0D2FB92
:10AA8000F8E600BFF6E60000DBC1000810B504469A
:10AA90000CB9012010BDA06900B100E000BF94F81E
:10AAA0003D0028B9002084F83C00204600F028F83A
:10AAB000242084F83D002068C06820F400502168FC
:10AAC000C860204601F030FC2068006920F4904006
:10AAD000216808612068406920F02A0021684861E7
:10AAE0002068C06840F400502168C86000202064DD
:10AAF000202084F83D0084F83E000020CAE70000D2
:10AB000010B586B004460020029003900490059092
:10AB10005D49206888423FD100BF5C48806940F4AD
:10AB200080405A4988610846806900F4804001905D
:10AB300000BF00BF00BF0846806940F00800886180
:10AB40000846806900F00800019000BF00BF402067
:10AB50000290022003900320059002A94C48FDF7C3
:10AB600061F98020029000200390049002A94848D7
:10AB7000FDF758F900BF4749486840F0E06040F0F1
:10AB80000400486000BF002211462520FDF79EFB0F
:10AB90002520FDF78BFB75E03F492068884236D1C0
:10ABA00000BF3A48C06940F400303849C8610846DF
:10ABB000C06900F40030019000BF00BF00BF08462C
:10ABC000806940F0040088610846806900F0040054
:10ABD000019000BF00BF04200290022003900320D8
:10ABE000059002A92D48FDF71DF9082002900020CC
:10ABF0000390049002A92948FDF714F90022114698
:10AC00002620FDF763FB2620FDF750FB3AE02449A0
:10AC10002068884236D100BF1C48C06940F48020BB
:10AC20001A49C8610846C06900F48020019000BF3D
:10AC300000BF00BF0846806940F0080088610846F0
:10AC4000806900F00800019000BF00BF0815029065
:10AC5000022003900320059002A90D48FDF7E2F8B9
:10AC60004FF40060029000200390049002A908486D
:10AC7000FDF7D8F8002211462720FDF727FB2720F3
:10AC8000FDF714FB06B010BD003801400010024073
:10AC9000000C014000000140004400400008014059
:10ACA0000048004070472DE9F84F04460E4617460D
:10ACB00099464FF0000A94F83D0020285AD106B179
:10ACC00017B90120BDE8F88F00BF94F83C000128B7
:10ACD00001D10220F6E7012084F83C0000BF0020EB
:10ACE0002064212084F83D00FDF73AFA8246A784CB
:10ACF000E784A068B0F5805F04D1206910B9002511
:10AD0000B04602E035464FF0000800BF002084F84E
:10AD10003C0000BF1BE05346002280212046CDF8B6
:10AD2000009001F0AFFB08B10320CBE745B9B8F8BC
:10AD30000000C0F308002168486008F1020803E041
:10AD40002878216848606D1CE08C401EE084E08C0F
:10AD50000028E0D15346002240212046CDF8009043
:10AD600001F090FB08B10320ACE7202084F83D00FF
:10AD70000020A7E70220A5E77047000002E002A03C
:10AD800005F06EFDFBE700007B2252656369766586
:10AD9000223A7B22537461747573223A37307D7D79
:10ADA0000A00000030B59DB004460D4670222849C7
:10ADB00001A8FAF7C7FD332D37D006DC102D0BD0D4
:10ADC000122D3AD0142D40D117E0352D1DD0372D3E
:10ADD0000BD0392D39D120E0A006010E1D4B01AA60
:10ADE000602000F0B5F81DB030BDA006010E194B73
:10ADF00005AA612000F0ACF8F5E7A006010E154B9E
:10AE000009AA602000F0A4F8EDE7A006010E114B9E
:10AE10000DAA612000F09CF8E5E7A006010E0D4B9D
:10AE200011AA612000F094F8DDE7A006010E094B9D
:10AE300015AA612000F08CF8D5E7A006010E054B9D
:10AE400019AA602000F084F8CDE70120CBE70000CC
:10AE5000340D0108681D002070B504460D462946D2
:10AE6000204600F0F7F870BD70B5044600260025B6
:10AE700004E0002013494855681CC5B20A2DF8DBD0
:10AE8000104800F09CF830B10020E070A0706070B5
:10AE900020704E2070BD0B4800F015F930B900202D
:10AEA000E070A070607020704E20F3E7002504E091
:10AEB0000448405D6055681CC5B2042DF8DB0020D5
:10AEC000E8E70000681D002030B50B46002100BFF8
:10AED00016E00A24B4EB107F05D9302404EB10747B
:10AEE00003F8114005E0412404EB10740A3C03F818
:10AEF0001140000100254C00641C1D554C1CE1B2A2
:10AF00009142E6DB30BD2DE9FC41044600270021DB
:10AF10000D2004F0DFF8932020702020607001A83D
:10AF200023460222214600900C2000F0F9F8064644
:10AF30005EB9002503E0605D4740681CC5B2042D82
:10AF4000F9DB605DB84200D002263046BDE8FC81E6
:10AF50002DE9F04385B006460F46904699468DF898
:10AF600004608DF80570002406E018F8041001AAAA
:10AF7000A01C1154601CC4B2062CF6DB002407E0B0
:10AF800019F8041001AA04F108001154601CC4B29D
:10AF9000042CF5DB04A801AB0C2201A900900E20C3
:10AFA00000F0BEF805462DB9082000F0F1FD00F0D4
:10AFB000080000B90225284605B0BDE8F08370B549
:10AFC000044608210846FBF77DFD2146522000F08B
:10AFD0005CF805461DB92046FFF795FF0546284653
:10AFE00070BD000010B5012210211848FDF7B2F81D
:10AFF000002201211648FDF7ADF80120FCF72CFED8
:10B00000012211461248FDF7A5F80120FCF724FEA5
:10B0100000F053F88D212A2004F05CF83E212B200B
:10B0200004F058F81E212D2004F054F800212C20A3
:10B0300004F050F84021152004F04CF83D21112077
:10B0400004F048F8FBF73BFC10BD0000000801408D
:10B05000000C01407CB505460C4630202070657020
:10B06000A21C02212046FBF7FBFC01A82346042278
:10B07000214600900C2000F053F8064616B90198BE
:10B08000902800D0022630467CBD7CB506460C4692
:10B0900007210D2004F01EF8267001A82346012286
:10B0A000214600900C2000F03BF8054615B90198A8
:10B0B000102800D0022528467CBD10B50F210120A4
:10B0C00004F008F810BDF0B585B0074693208DF860
:10B0D000040070208DF80500002405E0395D01AA08
:10B0E000A01C1154601CC4B2052CF7DB0DF10B023F
:10B0F000072101A8FBF7B4FC04A801AB092201A9B0
:10B1000000900C2000F00CF805462DB90498182882
:10B1100002D19DF8046000E00026304605B0F0BD85
:10B120002DE9FE4F0646884691469A46DDF830B036
:10B13000022002900020019000900C2E06D00E2ECE
:10B1400009D1122001901020009005E07720019095
:10B150003020009000E000BF00BF019840F0800167
:10B16000022003F0B7FF80210420FBF7ABFC802115
:10B170000A2000F0AAFD0021012003F0ABFF00250A
:10B1800005E018F80510092003F0A4FF6D1C4D45DB
:10B19000F7D33146012003F09DFF0C2E03D180210F
:10B1A0000D2000F092FD4FF4FA6500BF042000F07E
:10B1B000EFFC04466D1E35B104F0010018B900988B
:10B1C00020400028F2D080210D20FBF77BFC95B3B6
:10B1D000062000F0DDFC00F01B0068BB00200290A0
:10B1E0000198204000F0010008B1012002900C2ECF
:10B1F00024D10A2000F0CCFC04460C2000F0C8FC4E
:10B2000000F007072FB1601E07EBC000CBF800006D
:10B2100002E0E000CBF8000004B90124102C00DDAE
:10B220001024002505E0092000F0B2FC0AF8050012
:10B230006D1CA542F7D301E0022002900298BDE800
:10B24000FE8F000000B585B00020019002900390B1
:10B25000049000BF3448806940F010003249886192
:10B260000846806900F01000009000BF00BF00BFDA
:10B270000846806940F0200088610846806900F037
:10B280002000009000BF00BF00BF0846806940F06A
:10B29000040088610846806900F00400009000BF47
:10B2A00000BF00BF0846806940F00800886108467A
:10B2B000806900F00800009000BF00BF00224FF43A
:10B2C000E2611A48FCF746FF002201211848FCF70A
:10B2D00041FF4FF4E26001900120029000200390B2
:10B2E0000320049001A91148FCF79CFD0120019066
:10B2F0000290002003900220049001A90C48FCF762
:10B3000091FD002208210A48FCF724FF0820019043
:10B3100001200290002003900220049001A904481B
:10B32000FCF780FD05B000BD0010024000080140A0
:10B33000000C014010B50748074908600620486026
:10B3400040F6FF7104488160FCF710FF08B1FBF77D
:10B35000D7FB10BD00300040A80900201CB500201C
:10B36000019000900748084908604FF0FF3048609E
:10B370004FF4807104488160FEF752FC08B1FBF77E
:10B38000BFFB1CBD00280040B409002010B50F48C9
:10B390000F4908604FF48270486000210C488160BA
:10B3A000C160016141614FF4007181612821C16177
:10B3B0000021016241624FF4005181620921C162A2
:10B3C000FEF7E5FD08B1FBF79BFB10BD0030014027
:10B3D000C809002000B587B00020039004900590B4
:10B3E00006900190029014481449086040F2DB5026
:10B3F00048600021114881600121C1600021016184
:10B400008161FEF7D9FF08B1FBF77AFB4FF480505A
:10B41000039003A90948FFF7B1F808B1FBF770FBE7
:10B4200000200190029001A90448FEF783FF08B1B3
:10B43000FBF766FB07B000BD00040040200A0020B7
:10B4400010B50B480B4908604FF4165048600021B6
:10B4500008488160C16001610C2141610021816166
:10B46000C161FFF713FB08B1FBF74AFB10BD0000F9
:10B4700000380140680A002010B50B480B490860ED
:10B480004FF4E1304860002108488160C1600161EB
:10B490000C21416100218161C161FFF7F7FA08B118
:10B4A000FBF72EFB10BD000000440040AC0A00205A
:10B4B00010B50B480B4908604FF4E130486000219B
:10B4C00008488160C16001610C21416100218161F6
:10B4D000C161FFF7DBFA08B1FBF712FB10BD0000FA
:10B4E00000480040F00A00201FB5002000900190A5
:10B4F000029003904FF480500090012001900220B0
:10B5000002900320039069461448FCF78BFC00224C
:10B510004FF480511148FCF71DFE6420FCF79CFBA2
:10B5200000220F490F4801F0ECFC08B1FBF7E8FAE4
:10B530000D490C4801F07EFF08B1FBF7E1FA0B4919
:10B54000084801F084F908B1FBF7DAFA054802F07F
:10B550003BF808B1FBF7D4FA1FBD0000000801401A
:10B56000B8000020340B0020500100201001002002
:10B5700000BFFEE7FEF774F800BFFEE72DE9F047D5
:10B580000546EAE12868B0F844A00AF00F06002E4C
:10B590007ED10AF01000B0BB00BF2968098848F6C8
:10B5A0000F7201EA020040F400412A68118000BFD6
:10B5B00005F128042868B0F85010207801EBC0008D
:10B5C000801C296801F5806131F81000C0F3090082
:10B5D000E061E16960690844606100212846FCF788
:10B5E000EAFE95F824000028CBD0A0690028C8D135
:10B5F00095F8240040F080002968A1F84C00002054
:10B6000085F82400A9E1FFE705F5B4742868B0F8CF
:10B61000008008F4006030B32868B0F8501020783B
:10B6200001EBC000801D296801F5806131F8100030
:10B63000C0F30900E061A18B8BB2E28805F52C71A3
:10B64000286803F077FB00BF2968098840F68F72ED
:10B6500001EA020040F080012A68118000BF2846FC
:10B66000FDF75DFD79E108F40040002889D000BFB6
:10B670002968098840F68F7201EA020040F08001D3
:10B680002A68118000BF2868B0F85010207800E0C8
:10B690006FE001EBC000801D296801F5806131F881
:10B6A0001000C0F30900E061E06990B1606980B109
:10B6B000B4F81CC01FFA8CF3E2886169286803F0B3
:10B6C00039FBE16960690844606100212846FCF7A4
:10B6D00082FE2868008800F40060002892D100BF34
:10B6E0002A682968B1F850100A4402F20C41084651
:10B6F00000BF236953B9038848F2FF3C03EA0C03F7
:10B700000380038843F4004303801EE023693E2B3B
:10B710000DD800BF23695908237C03F0010303B14E
:10B72000491C4FF6FF7303EA812303800DE000BF3D
:10B7300023695909237C03F01F0303B9491E4FF401
:10B74000004343EA8123038000BF00BF00BF00BF66
:10B75000296809884BF68F7201EA020080F4805054
:10B7600080F4005040F4004141F080012A681180CB
:10B77000F3E07100286830F8118008F400400028D8
:10B780007ED000BF7200296831F8121040F68F7227
:10B7900001EA020040F0800173002A6822F81310C9
:10B7A00000BF06EB860105F5B47000EBC104207BF9
:10B7B000B0B92868B0F85010207801EBC000801DA7
:10B7C000296801F5806131F81000C0F30907002FE6
:10B7D0005BD0E28861693B46286803F0ABFA54E02D
:10B7E000E078022806D1424621462846FCF776FE3C
:10B7F00007464AE000BF00BF22785200296831F8AE
:10B80000121048F68F7201EA020040F4004141F044
:10B81000C00123785B002A6822F8131000BF00BF24
:10B8200021784900286830F8110000F48040A8B160
:10B830002868B0F85010207801EBC000801C2968FF
:10B8400001F5806131F81000C0F30907EFB12289DA
:10B8500061693B46286803F06DFA16E02868B0F885
:10B860005010207801EBC000801D296801F580612F
:10B8700031F81000C0F309073FB16289616900E047
:10B8800017E03B46286803F055FAE0693844E06168
:10B89000606938446061A06910B12069B84204D978
:10B8A00021782846FCF797FD03E02146286802F03E
:10B8B00066FC08F08000B0B306EB860105F12800B5
:10B8C00000EBC10400BF7200296831F8121048F67D
:10B8D0000F7201EA020040F4004173002A6822F866
:10B8E000131000BFE078032807D0E07828B1E07893
:10B8F00002282DD108F4807050BB2868B0F8501091
:10B90000207801EBC000801C296801F5806131F8C6
:10B910001000C0F30909A069484505D9A069A0EB4A
:10B920000900A06102E018E00020A061A06920B930
:10B9300021782846FCF73FFD0FE0606948446061CC
:10B94000E0694844E0612146286802F018FC04E000
:10B95000424621462846FCF76DFE2868B0F84400B0
:10B9600000F4004000287FF40DAEBDE8F08770477A
:10B9700010B5022405E00A49081904F049FE601CCC
:10B98000C4B207484078401CA042F4DA05A004F095
:10B9900067FF4FF416710248F9F7EDFF002010BD64
:10B9A000BA0400207B2252656365697665223A7B82
:10B9B00022537461747573223A32362C2254797092
:10B9C00065223A22506F735472616E7361637469B9
:10B9D0006F6E227D7D0A000001B582B064200123D4
:10B9E00001AA02A900900348FEF772FB9DF804002B
:10B9F0000EBD0000C809002008B508490968C9083B
:10BA00004FF47A72B1FBF2F14143009100BF00BFE5
:10BA100000994A1E00920029F9D108BD3C0100207E
:10BA2000014600BF080900EB8000420001F00F0052
:10BA30001044C0B2704770B504460025FCF790FB77
:10BA4000054607E0FCF78CFB401BB0F57A7F01D977
:10BA5000032070BD2068406800F020000028F1D06D
:10BA60002068406840F01000216848600020F0E73E
:10BA700070B5044600252068406820F01000216859
:10BA80004860FCF76DFB054607E0FCF769FB401BCF
:10BA9000B0F57A7F01D9032070BD2068406800F0BE
:10BAA00020000028F1D00020F6E730B50146002242
:10BAB0000023002400200D68AD69AAB20D68ED696D
:10BAC000ACB20D68AD69ABB29A4205D00D68ED69B4
:10BAD00063F31F45284601E044EA024030BDF0B55B
:10BAE00004460B460021002504F5FA61032B1BD206
:10BAF000C3EBC30000EB03100926B0FBF6F01044C3
:10BB0000001D4618481E06EB90066427B0FBF7F0B0
:10BB1000361A481EBF00B0FBF7F030440726B0FBD2
:10BB2000F6F706FB17051AE0C3EBC30000EB0310A2
:10BB30000926B0FBF6F01044001D084400EB91000C
:10BB40006426B1FBF6F6801B4FF4C876B1FBF6F61F
:10BB50003044801E0726B0FBF6F706FB1705E8B257
:10BB6000F0BD70B504460D4600262046FFF763FF82
:10BB700008B101260AE0280C21688861A8B2216872
:10BB8000C8612046FFF774FF00B10126304670BD42
:10BB900070B50446002210210A48FCF7DBFA7E212A
:10BBA00001EA440141F08000FFF716FF0020FFF793
:10BBB00013FF0546012210210248FCF7CBFA284664
:10BBC00070BD000000080140F8B504460D46164659
:10BBD0002B46002280212046009600F009F828B16B
:10BBE000606D40F0200060650320F8BD0020FCE798
:10BBF0002DE9F84F04460D4690461E46DDF8289084
:10BC0000FCF7AEFAA0EB0900371AFCF7A9FA824656
:10BC10002C480068C0F3CB307843009045E0701C9E
:10BC2000002842D0FCF79CFAA0EB0A00B84200D2F0
:10BC3000A7BB2068406820F0E00021684860606889
:10BC4000B0F5827F0DD1A068B0F5004F03D0A06899
:10BC5000B0F5806F05D12068006820F040002168B1
:10BC60000860A06AB0F5005F0DD100BF20680068D1
:10BC700020F40050216808602068006840F40050FB
:10BC80002168086000BF012084F8510000BF002037
:10BC900084F8500000BF0320BDE8F88FFFE700984C
:10BCA00000B900270098401E009020688068284056
:10BCB000A84201D1012000E000204045AFD1002082
:10BCC000EAE700003C010020704770B505460C46CD
:10BCD0002846FFF75DFF064646EA0401284603F0C2
:10BCE000F9F970BD0146012901DB012070470120EF
:10BCF000024A02EB411290700020F7E7081D002075
:10BD000070B504460D4629462046FCF71BFA70BD67
:10BD100070B504460D461646324629462046FCF7C5
:10BD200019FA70BD70B500F0F9F80546002411E06D
:10BD3000164800EB4410C07F15490978884208D1A5
:10BD400045FA04F202F00101104A02EB441000F03F
:10BD5000ABF8641C012CEBDB0D48007848B90024DB
:10BD600005E00A4901EB441000F01BF9641C012CAA
:10BD7000F7DB07480078401C054908700846007842
:10BD8000052801DB0020087070BD0000081D0020A0
:10BD900053020020F0B504460D461646059F012CBF
:10BDA00001DB0120F0BD0020254901EB44110870A2
:10BDB000234901EB44118871214901EB4411487179
:10BDC0001F4901EB441148811D4901EB44114870A2
:10BDD0001B4901EB44118870194901EB44110871AA
:10BDE000174901EB4411C870154901EB4411C871A2
:10BDF000134901EB44110872124800EB84101049FA
:10BE000001EB4411C8600E4800EB441083610C48FC
:10BE100000EB441087830A4800EB44100561084892
:10BE200000EB441086820020054901EB441188771D
:10BE3000034901EB4411C877FFF754FF0020B1E735
:10BE4000081D0020281D002030B503460C46012B9C
:10BE500001DB012030BD134800EB4310007808B12E
:10BE60000120F7E700200F4D05EB4315E8710D4861
:10BE700000EB43100272002106E0605C094D05EB07
:10BE80004315ED686854491C9142F6DB0120054DCD
:10BE900005EB43152870034D05EB43156870002032
:10BEA000D8E70000081D002010B58278002A33D0A2
:10BEB000827962B901B110BD002242718279521CAF
:10BEC00082710023C26820324489135524E08279AC
:10BED000092A14DAC26820324389D25C01F00103D6
:10BEE0004479A3401A43D3B2C2682032448913551F
:10BEF0008279521C82714279521C42710CE0827923
:10BF0000092A09D100228271827729B142891F2A28
:10BF100002DA4289521C428100BFCCE770B500268C
:10BF200000242CE0184A02EB4412918B164A02EBD3
:10BF300044129069FFF7E4FE0546134800EB4410F5
:10BF40008079B0B9104800EB4410807F88B985B97A
:10BF50000E480078801C052190FBF1F201FB1200D5
:10BF6000094901EB4411C8770120074901EB44114D
:10BF7000887705F00100A0403043C6B2641C012C54
:10BF8000D0DB304670BD0000081D002053020020A9
:10BF900070B504460D46A18A2A462069FFF7B8FE0F
:10BFA00070BD10B50446607800283FD0207958B99C
:10BFB000012020700020E07000212046FFF7E8FFFC
:10BFC0002079401C207131E02079092810DAE279CB
:10BFD000E068805CE278104100F001012046FFF744
:10BFE000D7FF2079401C2071E078401CE0701DE0F4
:10BFF0002079092807D101212046FFF7C9FF2079C0
:10C00000401C207112E020790A280FD100202071F5
:10C01000E079401CE071207AE179884203DD01205B
:10C020002070607002E000202070607010BD10B5BC
:10C03000FCF7CCF810BD00B593B0282109A8F9F79A
:10C040009AFC142104A8F9F796FC002000900190B6
:10C05000029003900D2009904FF480300A90002048
:10C060000B9001200C900D900F9002201090C103B6
:10C0700011914FF4E011129109A8FDF701FB08B1ED
:10C08000FAF73EFD0F200490022005900020069054
:10C090004FF48060079000200890022104A8FDF76B
:10C0A000A3F908B1FAF72CFD112000904FF480702D
:10C0B0000190002003906846FDF7FCF808B1FAF7FC
:10C0C0001FFDFDF757FA13B000BD000001480249FB
:10C0D000086070470058000808ED00E010B50348FC
:10C0E000FEF79EFB0148FEF7CEFA10BD200A0020A5
:10C0F00010B50268184B984208D0B0F1804F05D0B7
:10C10000164B984202D0164B984203D122F070028F
:10C110004B681A43104B984208D0B0F1804F05D0BD
:10C120000E4B984202D00E4B984203D122F440723B
:10C13000CB681A4322F080034C6943EA0402026090
:10C140008B68C3620B688362034B984201D10B6911
:10C1500003630123436110BD002C01400004004033
:10C160000008004030B50C46816821F47F4142EA66
:10C17000032525432943816030BD0A46816821F0AB
:10C18000700142F0070319438160704730B50B46D8
:10C190001446026A056A25F001050562816921F0ED
:10C1A000F00141EA041122F00A021A43816102629D
:10C1B00030BD30B50B461446056A25F01005056202
:10C1C0008169026A21F4704141EA043122F0A0023F
:10C1D00042EA03128161026230BD70B505466C6AA5
:10C1E0000020E085E0842046FEF728FB70BD016852
:10C1F000C96821F490710268D1600168496921F031
:10C20000010102685161016B012905D10168C9680A
:10C2100021F010010268D160202180F83E10002139
:10C220000163704710B504462068C06820F04000E4
:10C230002168C860202084F83D002046FEF79CFD60
:10C24000002010BDF8B5044694F83E00222869D1BC
:10C25000A068B0F5805F0CD1206950B90025A66AAE
:10C2600020684068C0F308003080A06A801CA0628B
:10C2700015E0A56A0026A068B0F5805F03D0A0682D
:10C2800028B9206918B920684068287004E020683F
:10C29000406800F07F002870A06A401CA062E08D1A
:10C2A000401E80B2E085A8BB2068C06820F0200056
:10C2B0002168C8602068C06820F480702168C86068
:10C2C0002068406920F0010021684861202084F83E
:10C2D0003E00206B01281ED1002020632068C0682A
:10C2E00020F010002168C8602068006800F010008D
:10C2F00010280AD100BF002000902068006800903C
:10C3000020684068009000BF00BFA18D2046FEF766
:10C3100094FA03E004E02046FEF7C4FC0020F8BDD8
:10C320000020FCE70220FAE770B50446216809699D
:10C3300021F44051E2681143226811612269A16829
:10C340001143626941EA02052168C96841F20C6241
:10C35000914329432268D1602168496921F44071E1
:10C36000A2691143226851612D4A2168914202D18C
:10C37000FDF71CF901E0FDF709F900EBC00101EB45
:10C38000001162689200B1FBF2F100EBC00202EB17
:10C39000001263689B00B2FBF3F26423B2FBF3F27A
:10C3A00002EBC20303EB0212A1EB8201322202EB89
:10C3B00001116422B1FBF2F101F0F00100EBC002C7
:10C3C00002EB001263689B00B2FBF3F26423B2FB42
:10C3D000F3F201EB021200EBC00101EB0011636804
:10C3E0009B00B1FBF3F100EBC00303EB00136668A5
:10C3F000B600B3FBF6F36426B3FBF6F303EBC30618
:10C4000006EB0313A1EB8301322303EB0111642339
:10C41000B1FBF3F101F00F0111442268916070BD8E
:10C4200000380140014691F83D00212828D1886854
:10C43000B0F5805F0BD1086948B90A6A1088C0F36B
:10C4400008000B685860086A801C086205E00B6AE7
:10C45000581C086218780B685860C88C401E80B25F
:10C46000C88458B90868C06820F080000B68D8609C
:10C470000868C06840F040000B68D8600020704732
:10C480000220FCE72DE9F04104460D461746984688
:10C49000069E21E0701CF8B12EB1FBF761FEA0EB07
:10C4A0000800B04218D92068C06820F4D070216814
:10C4B000C8602068406920F00100216848612020A0
:10C4C00084F83D0084F83E0000BF002084F83C0062
:10C4D00000BF0320BDE8F081206800682840A84222
:10C4E00001D1012000E00020B842D3D00020F1E7C4
:10C4F00010B50E48FEF7A4F90C480068006800F07B
:10C500002000202810D10A4800680A490A4A1278F7
:10C5100088540021074A08480078401C11540648F6
:10C520000078401C0449087010BD0000680A002013
:10C5300004380140580200201200002010B51348B2
:10C54000FEF77EF911480068006800F020002028FE
:10C550001BD10F480068C1B20E480F4A12688154BF
:10C56000002102460C480068401C11540A4800682B
:10C57000401C0949086009480078012805D108468F
:10C580000068182801D30020086010BDAC0A002004
:10C59000044400406202002024000020100000201B
:10C5A00010B50E48FEF74CF90C480068006800F022
:10C5B0002000202810D10A4800680A490A4A127847
:10C5C00088540021074A08480078401C1154064846
:10C5D0000078401C0449087010BD0000F00A0020DB
:10C5E000044800404E0700205C0000202DE9F04187
:10C5F00004460D46D4F8B862D4F8C072D4F8B80234
:10C6000078B305EB850104F1140000EB810080682C
:10C6100008B305EB850104F1140000EB810005EB84
:10C620008502816807F1280000EBC2000069B1FBB8
:10C63000F0F200FB121070B9002105EB850204F145
:10C64000140000EB8200816000231A462946204630
:10C6500000F0C4FE02E00020C6F814020020BDE88D
:10C66000F081FFE70220FAE770B504460E46D4F8E1
:10C67000B8523146204600F056FDC5F80C02D4F8F9
:10C68000B80248B1D5F80402D4F8BC12CA6805F55E
:10C6900003719047002070BD0220FCE770B504468E
:10C6A0000E4600258121204600F057FC0021E16262
:10C6B0000121204600F051FC0021C4F86C118221B8
:10C6C000204600F04AFC00212164D4F8B80250B1A1
:10C6D000D4F8BC1248688047D4F8B80201F027F9B2
:10C6E0000020C4F8B802284670BD70B50546D5F8DC
:10C6F000B842D5F8BC0278B194F80002FF280BD0FC
:10C7000094F8012294F80002D5F8BC128B682146F7
:10C710009847FF2084F80002002070BD01460A20DF
:10C720000880014870470000440100200146432072
:10C730000880014870470000CC01002001464320DA
:10C74000088001487047000088010020014643200E
:10C750000880014870470000100200202DE9F041D8
:10C7600004460F460026207C88B94FF4007302224D
:10C770008121204600F03EFD0121E1624B020222B0
:10C78000204600F037FD0121C4F86C110FE0402372
:10C7900002228121204600F02DFD0121E16240238B
:10C7A0000222204600F026FD0121C4F86C11082366
:10C7B00003228221204600F01DFD012121644FF457
:10C7C000077001F0B5F8C4F8B802D4F8B80208B997
:10C7D00001261CE0D4F8B852D4F8BC12086880478F
:10C7E0000020C5F81402C5F81802207C40B94FF4A7
:10C7F000007301212046D5F8042200F013FD06E065
:10C80000402301212046D5F8042200F00BFD3046DC
:10C81000BDE8F08170B50446D4F8B852D4F8B80237
:10C8200098B1207C40B94FF4007301212046D5F81F
:10C83000042200F0F7FC06E0402301212046D5F851
:10C84000042200F0EFFC002070BD0220FCE702464D
:10C85000022011B1C2F8BC12002070470246D2F883
:10C86000B832C3F804120020704710B50346D3F85D
:10C87000B842C4F80812C4F81022002010BD2DE9F7
:10C88000FC4105460C46D5F8B862002001900090A6
:10C890000027207800F0600040B320285FD1E088B6
:10C8A000E0B1207800F0800060B1E2886078D5F8CF
:10C8B000BC128B6831469847E2883146284600F022
:10C8C000E6F812E0607886F80002A07986F80102A6
:10C8D000E2883146284600F0B9F806E06078D5F8DD
:10C8E000BC1200228B68214698473EE0607820B158
:10C8F0000A2812D00B282AD11FE095F89C020328A1
:10C9000005D102226946284600F0C1F804E021461C
:10C91000284600F08FF802271FE095F89C020328B4
:10C9200005D1012201A9284600F0B1F804E0214612
:10C93000284600F07FF802270FE095F89C020328B4
:10C9400004D02146284600F075F8022705E021466C
:10C95000284600F06FF8022700BF00BF05E021461F
:10C96000284600F067F8022700BF00BF3846BDE840
:10C97000FC8170B50546D5F8B842D5F8B802A8B123
:10C98000D4F8140280B90120C4F81402D4F81012AB
:10C990002963B4F8100283B281212846D4F8082212
:10C9A00000F01CFD002070BD0120FCE70220FAE72A
:10C9B00070B504460D46D4F8B402294642682046B4
:10C9C0009047002070BD70B504460D4694F89C0257
:10C9D000012804D0022803D003280CD101E000BFB5
:10C9E00000BF6888012805D10020C4F8A4022046B1
:10C9F00000F05EF804E02946204600F01BF800BF76
:10CA000000BF70BD70B506460C4615462B46224643
:10CA10000021304600F006FC002070BD70B50646CF
:10CA20000C4615462B4622460021304600F0D6FC27
:10CA3000002070BD70B504460D468021204600F0F0
:10CA4000A1FC0021204600F09DFC70BD70B504469D
:10CA50000E4615460320C4F894024FF4AE700551FB
:10CA6000001D05512B4632460021204600F0DAFB1E
:10CA7000002070BD10B504460520C4F894020023C0
:10CA80001A461946204600F0CDFB002010BD70B5B7
:10CA900004460E4615460220C4F89402E56125625C
:10CAA0002B4632460021204600F098FC002070BD45
:10CAB00010B504460420C4F8940200231A4619460F
:10CAC000204600F08BFC002010BD000070B505462C
:10CAD0000C462DB92246064906A000F0D3F904E021
:10CAE0002246034903A000F0CDF9014870BD0000C3
:10CAF000F80D002043444320436F6E6669670000D1
:10CB0000024612200880014870470000D40000202F
:10CB100070B505460C462DB92246064906A000F020
:10CB2000B1F904E02246034903A000F0ABF9014843
:10CB300070BD0000F80D002043444320496E746529
:10CB400072666163650000000246042008800148A7
:10CB500070470000E800002070B505460C462246EC
:10CB6000024903A000F08EF9004870BDF80D0020C6
:10CB70004A6168616E476F737461720070B50546F3
:10CB80000C462DB92246064906A000F07BF904E0C8
:10CB90002246034903A000F075F9014870BD00006A
:10CBA000F80D00204A6168616E476F7374617250BE
:10CBB0006F72740070B505460C461A202080FAF793
:10CBC000ADFF014870BD0000EC00002070B50446C8
:10CBD0000D46E888012804D029462046FFF72AFFA1
:10CBE0001EE094F89C02012804D0022803D00328F8
:10CBF00010D109E000BF0020A060012204F108016B
:10CC00002046FFF744FF0AE00122211D2046FFF7DE
:10CC10003EFF04E029462046FFF70CFF00BF00BF9F
:10CC200070BDF8B504460E46002000900027002590
:10CC300070880012082875D2DFE800F0C7040C20C5
:10CC4000C7C7A5B5207CD4F8B0120A6869469047DA
:10CC50000746C1E0207C40B9D4F8B402816A684636
:10CC6000884707460220787007E0D4F8B402C16A0A
:10CC700068468847074602207870ADE0B0780628FD
:10CC800078D2DFE800F00316293C5063D4F8B002F4
:10CC9000406838B1207CD4F8B0124A6869469047A1
:10CCA000074605E031462046FFF7C4FE681CC5B2C2
:10CCB00067E0D4F8B002806838B1207CD4F8B012B4
:10CCC0008A6869469047074605E031462046FFF7E7
:10CCD000B1FE681CC5B254E0D4F8B002C06838B1E7
:10CCE000207CD4F8B012CA6869469047074605E030
:10CCF00031462046FFF79EFE681CC5B241E0D4F8DD
:10CD0000B002006938B1207CD4F8B0120A696946D3
:10CD10009047074605E031462046FFF78BFE681C2A
:10CD2000C5B22EE051E0D4F8B002406938B1207CA1
:10CD3000D4F8B0124A6969469047074605E0314683
:10CD40002046FFF777FE681CC5B21AE0D4F8B0029F
:10CD5000806940B1207CD4F8B0128A696946904756
:10CD6000074606E006E031462046FFF763FE681CF2
:10CD7000C5B206E031462046FFF75CFE681CC5B22E
:10CD800000BF00BF28E0207C30B9D4F8B402416B6A
:10CD900068468847074605E031462046FFF74AFEC9
:10CDA000681CC5B218E0207C40B9D4F8B402016B0D
:10CDB0006846884707460720787005E031462046D8
:10CDC000FFF738FE681CC5B206E031462046FFF783
:10CDD00031FE681CC5B200BF00BF05B1F8BDBDF88B
:10CDE000000088B1F08878B1F088BDF80010884262
:10CDF00002DDBDF8000000E0F0880090BDF80020E2
:10CE000039462046FFF743FEF08810B92046FFF769
:10CE10004FFE00BFE2E70146002002E0421CD0B214
:10CE2000491C0A78002AF9D1704770B504460D46AE
:10CE300094F89C02012804D0022803D003281AD1B8
:10CE400001E000BF00BFE888022804D02946204640
:10CE5000FFF7F0FD14E00120E060D4F8A40218B15F
:10CE6000E06840F00200E060022204F10C0120467C
:10CE7000FFF70DFE04E029462046FFF7DBFD00BF6B
:10CE800000BF70BD2DE9F04104460D46174600264F
:10CE9000FCB12046FFF7BFFF022101EB40003880C4
:10CEA0003A783046711CCEB22A5403223046711CA7
:10CEB000CEB22A540AE014F8012B3046711CCEB2CF
:10CEC0002A5400223046711CCEB22A542078002801
:10CED000F1D1BDE8F0810146002031B1012906D031
:10CEE000022906D0032908D105E0002007E002202E
:10CEF00005E0012003E0022001E0022000BF00BFA6
:10CF0000704770B504460D4616460CB9022070BD38
:10CF1000D4F8B40210B10020C4F8B4020DB1C4F8C2
:10CF2000B052012084F89C022670204600F004F9DB
:10CF30000020ECE72DE9F04104460D4600260027CD
:10CF40002946D4F8C002FBF78BFA06463046FFF7B5
:10CF5000C2FF07463846BDE8F0812DE9F04104469E
:10CF60000D46002600272946D4F8C002FBF743FAF5
:10CF700006463046FFF7AFFF07463846BDE8F0816A
:10CF80002DE9F04104460E461746002E64D104F107
:10CF90001405D4F89402022848D1D5E90301884247
:10CFA00010D9D5E90301401AE860A88982B2394650
:10CFB0002046FFF733FD00231A461946204600F0AD
:10CFC00031F93EE02969A868B0FBF1F201FB1200DB
:10CFD000B8B92969A868884213D3A868D4F8981208
:10CFE00088420ED2002211462046FFF717FD00208E
:10CFF000C4F8980200231A461946204600F012F998
:10D000001FE0D4F8B402C06840B194F89C02032831
:10D0100004D1D4F8B402C168204688478021204654
:10D0200000F0B0F92046FFF725FD0AE0D4F894029D
:10D03000042802D0D4F8940218B98021204600F0C8
:10D04000A1F994F8A002012818D1204600F0FAF9BD
:10D05000002084F8A00211E0D4F8B402406950B175
:10D0600094F89C02032806D1D4F8B40231464269F0
:10D070002046904702E00220BDE8F0810020FBE757
:10D080002DE9F04104460E461746BEBB04F5AA75CD
:10D09000D4F89402032825D1D5E90301884210D998
:10D0A000D5E90301401AE860D5E90301884201D2BD
:10D0B000E86800E0286982B239462046FFF7A2FC02
:10D0C0002FE0D4F8B402006940B194F89C02032820
:10D0D00004D1D4F8B4020169204688472046FFF7FE
:10D0E000E7FC1EE0D4F8940205281AD10020C4F809
:10D0F00094020021204600F045F912E0FFE7D4F841
:10D10000B402806950B194F89C02032806D1D4F887
:10D11000B402314682692046904702E00220BDE811
:10D12000F0810020FBE770B504460D462946D4F88F
:10D13000C002FBF713FD70BD10B504461D48C0F8D2
:10D14000E842C4F8C0021C481A4908600820486038
:10D1500002211848816000218161C1610162FBF7F1
:10D16000D4FE08B1F9F7CCFC04F530741823002282
:10D1700011462068FBF7FCF8582300228021206824
:10D18000FBF7F6F8C023002281212068FBF7F0F8B6
:10D190004FF48873002201212068FBF7E9F820682A
:10D1A000A4F530744FF4807300228221FBF7E0F87D
:10D1B000002010BDC8170020005C004010B50246DA
:10D1C000D2F8C03201F08000802809D101F07F0040
:10D1D00000EB800403F1280000EBC400807810BD50
:10D1E00001F07F0000EB800403F5B47000EBC40095
:10D1F0008078F4E72DE9F04704460F4615461E46B1
:10D200004FF00008C1462B4632463946D4F8C002DA
:10D21000FBF7AFFC80464046FFF75DFE814648467F
:10D22000BDE8F0872DE9F04704460D4616461F4637
:10D230004FF00008C1463B4632462946D4F8C002AA
:10D24000FBF7DDFC80464046FFF745FE8146484639
:10D25000BDE8F08710B50446402300221146204661
:10D26000FFF7C8FF01214FF4AC70015140214FF48A
:10D27000B27001514023002280212046FFF7BAFFFF
:10D280000121A16140216162012084F89C020020FB
:10D29000C4F894026060C4F8A402D4F8B80228B1BB
:10D2A0002179D4F8B402426820469047002010BD8E
:10D2B000014691F89C02042803D191F89D0281F85F
:10D2C0009C020020704710B5044694F89C02032885
:10D2D00008D1D4F8B402C06920B1D4F8B402C1694D
:10D2E00020468847002010BD024611740020704778
:10D2F0002DE9F04104460D46002600272946D4F8C2
:10D30000C002FBF7F1FE06463046FFF7E4FD074694
:10D310003846BDE8F08170B504460D46294604F54F
:10D320002A7000F073F80120C4F8940240F2AE2095
:10D33000005BC4F8980294F8A80200F01F0020B126
:10D34000012808D0022812D10BE004F52A712046EA
:10D3500000F041F913E004F52A71204600F0A8FA24
:10D360000DE004F52A71204600F086F907E094F8F4
:10D37000A80200F08001204600F004F800BF00BFC2
:10D38000002070BD2DE9F04104460D46002600271F
:10D390002946D4F8C002FBF758FC06463046FFF792
:10D3A0009AFD07463846BDE8F08170B50446002571
:10D3B0000026D4F8C002FBF7BBFE05462846FFF75F
:10D3C0008AFD0646304670BD014691F89C0281F800
:10D3D0009D02042081F89C02002070472DE9F0474F
:10D3E00004460D4616461F464FF00008C1463B4610
:10D3F00032462946D4F8C002FBF76BFC8046404613
:10D40000FFF769FD81464846BDE8F0870A7802705B
:10D410004A7842708B78CA7803EB022242800B79FB
:10D420004A7903EB022282808B79CA7903EB0222CC
:10D43000C28070470246002011B1C2F8B41200E069
:10D440000220704701460020704770B504460D4623
:10D45000A88810BBE88800BB688880281DD2A878FF
:10D4600000F07F0694F89C02032804D12946204648
:10D47000FFF7E0FA15E084F89E6231462046FFF798
:10D4800037FF2046FFF714FB1EB1022084F89C02F0
:10D4900007E0012084F89C0203E029462046FFF7BC
:10D4A000C9FA70BD70B504460D460226D4F8B40220
:10D4B00038B1D4F8B402294602682046904700B932
:10D4C0000026304670BD000070B504460D46A878B1
:10D4D0003649087008460078012804DD29462046B0
:10D4E000FFF7A8FA60E094F89C02022802D0032813
:10D4F0004FD11CE02D480078A8B12C48007860601E
:10D50000032084F89C02294801782046FFF7CAFFCF
:10D51000022804D129462046FFF78CFA70BD204628
:10D52000FFF7C6FA02E02046FFF7C2FA3BE01F48C9
:10D53000007870B9022084F89C021C480078606072
:10D540001A4801782046FFF733FA2046FFF7B0FA71
:10D550001EE0164909786068884216D02179204675
:10D56000FFF726FA114800786060104801782046DD
:10D57000FFF798FF022804D129462046FFF75AFA00
:10D58000CCE72046FFF794FA02E02046FFF790FA36
:10D5900009E029462046FFF74DFA04480178204665
:10D5A000FFF706FA00BF00BF00BFB7E74001002049
:10D5B00070B505460C466088012804D1C5F8A40260
:10D5C0002846FFF775FA70BD10B504462046FFF7F0
:10D5D000ECFE002010BD70B505460C4600262078F4
:10D5E00000F0600060B1202802D040283CD100E06B
:10D5F00000BFD5F8B402214682682846904738E03B
:10D6000060780A2829D2DFE800F01923281E280AAA
:10D610000528140F21462846FFF703FB22E0214688
:10D620002846FFF712FF1DE021462846FFF74CFF72
:10D6300018E021462846FFF7C9FA13E0214628469C
:10D64000FFF7F3FB0EE021462846FFF7B1FF09E0A4
:10D6500021462846FFF7B7F904E021462846FFF7A0
:10D66000E9F900BF00BF04E021462846FFF7E2F9D0
:10D6700000BF00BF304670BD2DE9F04105460E46A3
:10D680004FF000083479307800F0600060B1202855
:10D6900002D0402871D100E000BFD5F8B402314675
:10D6A00082682846904700E1307800F0600020282A
:10D6B00009D1D5F8B40231468268284690478046A1
:10D6C0004046BDE8F081707800285ED001282FD058
:10D6D000032876D195F89C02022802D0032820D195
:10D6E00010E054B1802C08D021462846FFF74AFEAE
:10D6F00080212846FFF746FE03E031462846FFF723
:10D7000099F913E0708840B93CB1802C05D0F088BD
:10D7100018B921462846FFF735FE2846FFF7C8F915
:10D7200004E031462846FFF785F900BF00BFB5E0A9
:10D7300095F89C02022802D003281FD110E054B1B2
:10D74000802C08D021462846FFF71CFE8021284661
:10D75000FFF718FE03E031462846FFF76BF912E0A9
:10D76000708848B904F07F0018B121462846FFF7B9
:10D77000E1FB2846FFF79CF905E091E03146284699
:10D78000FFF758F900BF00BF88E095F89C02022817
:10D7900002D0032876D126E034B1802C04D0314663
:10D7A0002846FFF747F972E004F08000802809D18D
:10D7B00004F07F0000EB800105F1140000EB810014
:10D7C00008E066E004F07F0000EB800105F5AA7038
:10D7D00000EB8100074600203860022239462846C7
:10D7E000FFF755F953E004F0800080280ED104F0D3
:10D7F0000F0000EB800105F1140000EB8100406890
:10D8000098B931462846FFF715F940E004F00F00BB
:10D8100000EB800105F5AA7000EB8100406820B99B
:10D8200031462846FFF706F931E004F080008028F1
:10D8300008D104F07F0000EB800105F1140000EB3B
:10D84000810007E004F07F0000EB800105F5AA707D
:10D8500000EB810007460CB1802C02D1002038601B
:10D8600009E021462846FFF7A9FC10B101203860E5
:10D8700001E000203860022239462846FFF707F908
:10D8800005E0FFE731462846FFF7D4F800BF00BFA8
:10D8900004E031462846FFF7CDF800BF00BF04E0A2
:10D8A00031462846FFF7C6F800BF00BF404608E7EC
:10D8B00070B505460C460026207800F0600030B1B7
:10D8C000202802D040282AD100E000BF00BF95F8F0
:10D8D0009C02012804D0022803D0032818D101E0BB
:10D8E00000BF00BF207901280DDCD5F8B402214625
:10D8F0008268284690470646E08840B93EB92846E7
:10D90000FFF7D6F803E021462846FFF793F804E036
:10D9100021462846FFF78EF800BF00BF04E02146ED
:10D920002846FFF787F800BF00BF002070BD704792
:10D930000146014870470000B41A0020F0B50246C5
:10D9400000260878400032F8100048F68F1400EAEC
:10D950000403C87830B101280CD0022805D0032870
:10D960000BD104E043F4007309E000BF07E043F487
:10D97000C06304E043F4806301E0012600BF00BF00
:10D9800043F4004040F080000C78640022F814005A
:10D9900000BF0C78640032F8144048F68F752C40B4
:10D9A0000D7844EA050040F4004444F080040D780A
:10D9B0006D0022F8154000BF087B00287ED1487812
:10D9C000002852D000BF1046B2F8505028440D78BD
:10D9D00000F5806707EB0514CD886D106D0025807C
:10D9E00000BF00BF0C78640032F8140000F040045F
:10D9F0008CB100BF0D786D0032F8155048F68F7766
:10DA000005EA070444F4004545F0C0050F787F009F
:10DA100022F8175000BF00BFC878012813D000BFFC
:10DA20000C78640032F8144048F6BF7504EA05002B
:10DA300080F0200040F4004444F080040D786D0034
:10DA400022F815409EE100BF0C78640032F81440C3
:10DA500048F6BF7504EA050040F4004444F0800431
:10DA60000D786D0022F815408CE100BF1046B2F829
:10DA7000505028440D78042707EBC50500F5806752
:10DA800007EB4504CD886D106D00258000BF00BFF9
:10DA90001546B2F8504025440C78062707EBC4041D
:10DAA00005F5806707EB4404204600BF0F6967B99E
:10DAB000078848F2FF3C07EA0C0700E057E00780C0
:10DAC000078847F4004707801EE00F693E2F0DD8F6
:10DAD00000BF0F697C080F7C07F0010707B1641CC9
:10DAE0004FF6FF7707EA842707800DE000BF0F6934
:10DAF0007C090F7C07F01F0707B9641E4FF400472D
:10DB000047EA8427078000BF00BF00BF00BF0C7832
:10DB1000640032F8140000F480448CB100BF0D782A
:10DB20006D0032F8155048F68F7705EA070444F483
:10DB3000004545F481450F787F0022F8175000BF5B
:10DB400000BF00BF0C78640032F814404BF68F75AC
:10DB500004EA050080F4805080F4005040F4004452
:10DB600044F080040D786D0022F815400AE100BFF2
:10DB70000C78640032F8144048F68F7504EA05000A
:10DB800040F4004444F4C0740D786D0022F8154050
:10DB900000BF00BF00BF00BF1046B2F8505028447D
:10DBA0000D7800F5806707EB05140D896D106D0089
:10DBB000258000BF00BF00BF00BF1046B2F8505024
:10DBC00028440D78042707EBC50500F5806707EBAF
:10DBD00045044D896D106D00258000BF00BF00BF5A
:10DBE000487800285DD100BF0C78640032F814003A
:10DBF00000F480448CB100BF0D786D0032F81550F0
:10DC000048F68F7705EA070444F4004545F481455A
:10DC10000F787F0022F8175000BF00BF00BF0C78BC
:10DC2000640032F8140000F040048CB100BF0D789D
:10DC30006D0032F8155048F68F7705EA070444F472
:10DC4000004545F0C0050F787F0022F8175000BF4F
:10DC500000BF00BF0C78640032F814404BF68F759B
:10DC600004EA050080F4805080F4005040F4004441
:10DC700044F080040D786D0022F8154000BF00BF0D
:10DC80000C78640032F8144048F6BF7504EA0500C9
:10DC900040F4004444F080040D786D0022F81540F3
:10DCA00070E000BF0C78640032F8140000F4804487
:10DCB0008CB100BF0D786D0032F8155048F68F77A3
:10DCC00005EA070444F4004545F481450F787F00D8
:10DCD00022F8175000BF00BF00BF0C78640032F874
:10DCE000140000F040048CB100BF0D786D0032F8D4
:10DCF000155048F68F7705EA070444F4004545F0CF
:10DD0000C0050F787F0022F8175000BF00BFC87809
:10DD1000012813D000BF0C78640032F8144048F694
:10DD2000BF7504EA050080F0200040F4004444F090
:10DD300080040D786D0022F8154011E000BF0C78CA
:10DD4000640032F8144048F6BF7504EA050040F458
:10DD5000004444F080040D786D0022F8154000BFA7
:10DD600000BF0C78640032F814404BF68F7504EA5B
:10DD7000050040F4004444F080040D786D0022F862
:10DD8000154000BF3046F0BD10B50446002010BD60
:10DD900030B50246087B00285BD1487860B300BFED
:10DDA0000B785B0032F8130000F040038BB100BF2A
:10DDB0000C78640032F8144048F68F7504EA0503C5
:10DDC00043F4004444F0C0040D786D0022F815407F
:10DDD00000BF00BF00BF0B785B0032F8133048F67D
:10DDE000BF7403EA040040F4004343F080030C785E
:10DDF000640022F8143007E100BF0B785B0032F8B2
:10DE0000130000F480438BB100BF0C78640032F83B
:10DE1000144048F68F7504EA050343F4004444F4C3
:10DE200081440D786D0022F8154000BF00BF00BF8F
:10DE30000B785B0032F813304BF68F7403EA040062
:10DE400040F4004343F080030C78640022F814305F
:10DE5000DAE0487800286BD100BF0B785B0032F81D
:10DE6000130000F480438BB100BF0C78640032F8DB
:10DE7000144048F68F7504EA050343F4004444F463
:10DE800081440D786D0022F8154000BF00BF00BF2F
:10DE90000B785B0032F8130000F040038BB100BF39
:10DEA0000C78640032F8144048F68F7504EA0503D4
:10DEB00043F4004444F0C0040D786D0022F815408E
:10DEC00000BF00BF00BF0B785B0032F8133048F68C
:10DED0008F7403EA040040F4004343F0C0030C785D
:10DEE000640022F8143000BF00BF0B785B0032F8EA
:10DEF00013304BF68F7403EA040040F4004343F000
:10DF000080030C78640022F8143000BF00BF0B7847
:10DF10005B0032F8133048F6BF7403EA040040F4A3
:10DF2000004343F080030C78640022F814306BE067
:10DF300000BF0B785B0032F8130000F480438BB114
:10DF400000BF0C78640032F8144048F68F7504EA7C
:10DF5000050343F4004444F481440D786D0022F835
:10DF6000154000BF00BF00BF0B785B0032F8130004
:10DF700000F040038BB100BF0C78640032F814400D
:10DF800048F68F7504EA050343F4004444F0C004E6
:10DF90000D786D0022F8154000BF00BF00BF0B7860
:10DFA0005B0032F8133048F68F7403EA040040F443
:10DFB000004343F481430C78640022F8143000BF1E
:10DFC00000BF0B785B0032F8133048F6BF7403EAE9
:10DFD000040040F4004343F080030C78640022F80E
:10DFE000143000BF00BF0B785B0032F813304BF6E3
:10DFF0008F7403EA040040F4004343F080030C787C
:10E00000640022F8143000BF002030BD014600201B
:10E01000704701460020704710B50446012024F8DF
:10E02000400F00202080A0802082403C10BD01468F
:10E030004FF43F42B1F840009043A1F84000002067
:10E04000704702460020704730B50246087B002822
:10E0500065D1487888B300BF0B785B0032F81300B5
:10E0600000F040038BB100BF0C78640032F814401C
:10E0700048F68F7504EA050343F4004444F0C004F5
:10E080000D786D0022F8154000BF00BFC878012848
:10E0900045D000BF0B785B0032F8133048F6BF74F0
:10E0A00003EA040080F0200040F4004343F08003C2
:10E0B0000C78640022F8143031E0FFE700BF0B78E1
:10E0C0005B0032F8130000F480438BB100BF0C7882
:10E0D000640032F8144048F68F7504EA050343F4EF
:10E0E000004444F481440D786D0022F8154000BFCF
:10E0F00000BF00BF0B785B0032F813304BF68F7413
:10E1000003EA040080F4805080F4005040F400439F
:10E1100043F080030C78640022F8143000BF002024
:10E1200030BD10B50246487898B100BF0B785B004F
:10E1300032F8133048F6BF7403EA040080F0100090
:10E1400040F4004343F080030C78640022F814305C
:10E1500013E000BF0B785B0032F813304BF68F747E
:10E1600003EA040080F4805040F4004343F080034D
:10E170000C78640022F8143000BF002010BD2DE997
:10E18000F04706460C466078012876D12169A069DF
:10E19000884201D9256900E0A569207BA0B9ABB20E
:10E1A000E2883046616900F0F4FD00BF3046B6F801
:10E1B000502010442278022303EBC20200F5806352
:10E1C00003EB42010D8081E3E07802287DD12169D3
:10E1D000206A88427AD900BF2178490036F81110A8
:10E1E00048F68F7201EA020040F4004141F4C07128
:10E1F0002278520026F8121000BF206A401B2062CD
:10E200002078400036F8100000F0400000287DD053
:10E2100000BF3346607888BB00BF3246B6F8501066
:10E220000A4421784FF0060909EBC10102F5806923
:10E2300009EB4101084600BF75B9B0F8009048F2FB
:10E24000FF3A09EA0A09A0F80090B0F8009049F4F2
:10E250000049A0F8009021E03E2D10D800BF6908C9
:10E2600005F00109B9F1000F00D0491C4FF6FF7904
:10E2700009EA8129A0F8009010E03DE310E000BF1A
:10E28000690905F01F09B9F1000F00D1491E4FF4CB
:10E29000004949EA8129A0F8009000BF00BF0FE0C3
:10E2A000607801280CD1B6F850000344207806218C
:10E2B00001EBC00003F5806101EB400CACF80050AD
:10E2C00000BF6789ABB23A4601E057E12CE1304626
:10E2D000616900F05EFD6069284460612169206A1F
:10E2E000884203D9206A401B206202E0256A002090
:10E2F000206200BF6078C0BB00BF3246B6F8501045
:10E300000A442178022303EBC10100E049E002F551
:10E31000806303EB4101084600BF55B9038848F20A
:10E32000FF3C03EA0C030380038843F400430380AB
:10E3300019E03E2D0BD800BF690805F0010303B1B9
:10E34000491C4FF6FF7303EA812303800BE000BFF3
:10E35000690905F01F0303B9491E4FF4004343EA5E
:10E360008123038000BF00BF12E0FFE7607801282F
:10E370000ED100BF3046B6F8502010442278022358
:10E3800003EBC20200F5806303EB42010D8000BF86
:10E3900000BF2789ABB23A463046616900F0F9FC0C
:10E3A00094E200BF6078B0BB00BF3246B6F85010B0
:10E3B0000A442178022303EBC10102F5806303EBD9
:10E3C0004101084600BF55B9038848F2FF3C03EA03
:10E3D0000C030380038843F40043038019E03E2DBF
:10E3E0000BD800BF690805F0010303B1491C4FF6C3
:10E3F000FF7303EA812303800BE000BF690905F086
:10E400001F0303B9491E4FF4004343EA81230380ED
:10E4100000BF00BF12E0FFE7607801280ED100BF07
:10E420003046B6F8502010442278022303EBC20293
:10E4300000F5806303EB42010D8000BF00BF278918
:10E44000ABB23A463046616900F0A3FC60692844EB
:10E4500060612169206A884203D9206A401B2062DA
:10E4600002E0256A0020206200BF3346607880BB4E
:10E4700000BF3246B6F850100A4421784FF0060922
:10E4800009EBC10102F5806909EB4101084600BFB3
:10E4900075B9B0F8009048F2FF3A09EA0A09A0F805
:10E4A0000090B0F8009049F40049A0F8009020E0F6
:10E4B0003E2D0FD800BF690805F00109B9F1000F22
:10E4C00000D0491C4FF6FF7909EA8129A0F8009095
:10E4D0000FE010E000BF690905F01F09B9F1000F56
:10E4E00000D1491E4FF4004949EA8129A0F8009063
:10E4F00000BF00BF0FE0607801280CD1B6F85000D3
:10E5000003442078062101EBC00003F5806101EB94
:10E51000400CACF8005000BF6789ABB23A463046B9
:10E52000616900F036FCD1E1256A00BF217849001D
:10E5300036F8111048F68F6201EA020040F40041FB
:10E5400041F080012278520026F8121000BF00BF6F
:10E550003046B6F8502010442278022303EBC20262
:10E5600000F5806303EB42010D8000BF2789ABB249
:10E570003A463046616900F00CFCA7E100BF217803
:10E58000490036F8111048F68F7201EA020040F493
:10E59000004141F4C0712278520026F8121000BFE9
:10E5A000206A401B20622078400036F8100000F0FE
:10E5B000400000287DD000BF3346607880BB00BF9C
:10E5C0003246B6F850100A4421784FF0060909EB9C
:10E5D000C10102F5806909EB4101084600BF75B928
:10E5E000B0F8009048F2FF3A09EA0A09A0F8009052
:10E5F000B0F8009049F40049A0F8009020E03E2DCA
:10E600000FD800BF690805F00109B9F1000F00D06B
:10E61000491C4FF6FF7909EA8129A0F800900FE024
:10E6200010E000BF690905F01F09B9F1000F00D122
:10E63000491E4FF4004949EA8129A0F8009000BF23
:10E6400000BF0FE0607801280CD1B6F850000344F9
:10E650002078062101EBC00003F5806101EB400C3E
:10E66000ACF8005000BF6789ABB23A4630466169EA
:10E6700000F08FFB6069284460612169206A88424C
:10E6800003D9206A401B206202E0256A0020206234
:10E69000002D56D000BF6078C0BB00BF3246B6F830
:10E6A00050100A442178022303EBC10102F5806374
:10E6B00000E047E003EB4101084600BF55B903887D
:10E6C00048F2FF3C03EA0C030380038843F4004351
:10E6D000038019E03E2D0BD800BF690805F0010347
:10E6E00003B1491C4FF6FF7303EA812303800BE05B
:10E6F00000BF690905F01F0303B9491E4FF4004329
:10E7000043EA8123038000BF00BF12E0FFE7607887
:10E7100001280ED100BF3046B6F8502010442278B0
:10E72000022303EBC20200F5806303EB42010D807C
:10E7300000BF00BF2789ABB23A463046616900F09E
:10E7400028FBC3E000BF6078B0BB00BF3246B6F81C
:10E7500050100A442178022303EBC10102F58063C3
:10E7600003EB4101084600BF55B9038848F2FF3C5E
:10E7700003EA0C030380038843F40043038019E099
:10E780003E2D0BD800BF690805F0010303B1491CF9
:10E790004FF6FF7303EA812303800BE000BF690992
:10E7A00005F01F0303B9491E4FF4004343EA8123D8
:10E7B000038000BF00BF12E0FFE7607801280ED1A0
:10E7C00000BF3046B6F8502010442278022303EBF5
:10E7D000C20200F5806303EB42010D8000BF00BF61
:10E7E0002789ABB23A463046616900F0D2FA6069D7
:10E7F000284460612169206A884203D9206A401B4D
:10E80000206202E0256A00202062A5B300BF3346E3
:10E81000607888BB00BF3246B6F850100A442178B1
:10E820004FF0060909EBC10102F5806909EB4101CE
:10E83000084600BF75B9B0F8009048F2FF3A09EAFF
:10E840000A09A0F80090B0F8009049F40049A0F837
:10E85000009021E03E2D10D800BF690805F00109A5
:10E86000B9F1000F00D0491C4FF6FF7909EA812960
:10E87000A0F8009010E029E010E000BF690905F061
:10E880001F09B9F1000F00D1491E4FF4004949EAB0
:10E890008129A0F8009000BF00BF0FE06078012838
:10E8A0000CD1B6F8500003442078062101EBC000DB
:10E8B00003F5806101EB400CACF8005000BF6789A4
:10E8C000ABB23A463046616900F063FA00BF217886
:10E8D000490036F8111048F6BF7201EA020080F0D4
:10E8E000100080F0200040F4004141F080012278C7
:10E8F000520026F8121005E2207BA0BB2169A06916
:10E90000884204D92569A069401BA06102E0A5697D
:10E910000020A06100BF3246B6F850100A442178AA
:10E92000062303EBC10102F5806303EB41010846B6
:10E9300000BF55B9038848F2FF3C03EA0C0303808B
:10E94000038843F4004303801AE03E2D0CD800BF37
:10E95000690805F0010303B1491C4FF6FF7303EA90
:10E96000812303800CE00DE000BF690905F01F035F
:10E9700003B9491E4FF4004343EA8123038000BFDB
:10E9800000BFA9E1E07802287DD100BF00BF607818
:10E99000E0BB00BF3246B6F850100A44217802238B
:10E9A00003EBC10102F5806303EB4101084600BFA0
:10E9B000236953B9038848F2FF3C03EA0C03038040
:10E9C000038843F4004303801EE023693E2B0DD8E7
:10E9D00000BF23695908237C03F0010303B1491CDC
:10E9E0004FF6FF7303EA812303800DE000BF236924
:10E9F0005909237C03F01F0303B9491E4FF4004358
:10EA000043EA8123038000BF00BF13E0FFE7607883
:10EA100001280FD100BF3046B6F8502010442278AC
:10EA2000022303EBC20200F5806303EB4201228A5A
:10EA30000A8000BF00BF00BF33466078E8BB00BF5C
:10EA40003246B6F850100A4421784FF0060909EB17
:10EA5000C10102F5806909EB4101084600BFD4F805
:10EA60001090B9F1000F0FD1B0F8009048F2FF3AC2
:10EA700009EA0A09A0F80090B0F8009049F40049AA
:10EA8000A0F800902EE06BE0D4F81090B9F13E0FA2
:10EA900014D800BFD4F810904FEA590194F81090A0
:10EAA00009F00109B9F1000F00D0491C4FF6FF79B8
:10EAB00009EA8129A0F8009014E015E000BFD4F81D
:10EAC00010904FEA591194F8109009F01F09B9F10C
:10EAD000000F00D1491E4FF4004949EA8129A0F8EE
:10EAE000009000BF00BF10E0607801280DD1B6F89B
:10EAF000500003442078062101EBC00003F580613B
:10EB000001EB400C208AACF8000000BF00BFE069B8
:10EB1000002824D02078400036F8108008F4804087
:10EB200010B108F0400038B908F48040002816D130
:10EB300008F04000002812D100BF00BF2178490032
:10EB400036F8111048F68F7201EA020040F40041D5
:10EB500041F0C0012278520026F8121000BFBBE03D
:10EB6000E07801287CD12169A069884204D925690F
:10EB7000A069401BA06102E0A5690020A06100BF60
:10EB800000BF6078B0BB00BF3246B6F850100A44F0
:10EB90002178022303EBC10102F5806303EB4101FD
:10EBA000084600BF55B9038848F2FF3C03EA0C034E
:10EBB0000380038843F40043038019E03E2D0BD803
:10EBC00000BF690805F0010303B1491C4FF6FF734C
:10EBD00003EA812303800BE000BF690905F01F03EE
:10EBE00003B9491E4FF4004343EA8123038000BF69
:10EBF00000BF12E0FFE7607801280ED100BF304669
:10EC0000B6F8502010442278022303EBC20200F52C
:10EC1000806303EB42010D8000BF00BF00BF33469D
:10EC2000607890BB00BF3246B6F850100A44217895
:10EC30004FF0060909EBC10102F5806909EB4101BA
:10EC4000084600BF85B9B0F8009048F2FF3A09EADB
:10EC50000A09A0F80090B0F8009049F4004900E0DB
:10EC600037E0A0F8009020E03E2D0FD800BF6908E3
:10EC700005F00109B9F1000F00D0491C4FF6FF79EA
:10EC800009EA8129A0F800900FE010E000BF6909AF
:10EC900005F01F09B9F1000F00D1491E4FF40049DA
:10ECA00049EA8129A0F8009000BF00BF0FE060781A
:10ECB00001280CD1B6F8500003442078062101EB5E
:10ECC000C00003F5806101EB400CACF8005000BFC0
:10ECD00002E00120BDE8F08700BF2178490036F846
:10ECE00011104BF68F7201EA020080F4805080F41C
:10ECF000005040F4004141F080012278520026F893
:10ED0000121000BF0020E5E701460020A1F84400F2
:10ED10004FF43F42A1F840207047000010B5024870
:10ED2000FAF702F810BD0000C81700200146B1F83C
:10ED3000440070472DE9F04304460E4615464FEA5D
:10ED4000530CA046304608F5806909EB450267463A
:10ED50000AE01188921C0170401C4FEA112980F8CA
:10ED60000090401C921C7F1E002FF2D103F001097D
:10ED7000B9F1000F01D011880170BDE8F08302469F
:10ED800000207047024611B98020A2F84C000020F4
:10ED900070472DE9F04704460D461E4606F1010A6C
:10EDA0004FEA5A08A146284609F5806A0AEB420351
:10EDB00047460BE090F800C0401C90F800A04CEAD9
:10EDC0000A2119809B1C9B1C401C7F1E002FF1D127
:10EDD000BDE8F08700BFFEE738B50020009080480E
:10EDE0000078212809D17E484078242805D17DA0CB
:10EDF00001F036FD0520F8F72FFF79480078252827
:10EE000009D1774840782B2805D17CA001F028FD56
:10EE10000520F8F721FF72480078652809D170486D
:10EE20004078312805D17BA001F01AFD0520F8F7C4
:10EE300013FF6B480078722809D16948407832285E
:10EE400005D179A001F00CFD0520F8F705FF644815
:10EE50000078742809D162484078332805D177A01A
:10EE600001F0FEFC0520F8F7F7FE5D4800786F28FA
:10EE700009D15B4840786B2805D175A001F0F0FC02
:10EE80000520F8F7E9FE56480078792809D154485A
:10EE90004078652805D173A001F0E2FC0520F8F761
:10EEA000DBFE4F4800785B2824D14D4840795D282F
:10EEB00020D14B48407800064949897800EB014051
:10EEC0004749C97800EB01214548007908446A495F
:10EED00008600A20F8F7C0FE674868A102686D481C
:10EEE00000F020F96B4801F0BBFC4FF4C871694891
:10EEF000F6F741FD3A4800787B2824D1384840791C
:10EF00007D2820D13648407800063549897800EBC5
:10EF100001403349C97800EB0121314800790844A8
:10EF2000554908600A20F8F797FE53485AA102682D
:10EF3000584800F0F7F8574801F092FC4FF4C871B8
:10EF40005448F6F718FD26480078282824D124488C
:10EF50004079292820D12248407800062049897824
:10EF600000EB01401E49C97800EB01211C480079E3
:10EF70000844414908600A20F8F76EFE3E484AA15D
:10EF80000268444800F0CEF8424801F069FC4FF4B2
:10EF9000C8714048F6F7EFFC114800783A2819D1BB
:10EFA0006A4646A10E48F6F7F9FC0A20F8F754FE27
:10EFB0000098F6F7D4FF044622460B4641A1354897
:10EFC00000F0B0F8334801F04BFC4FF4C871314801
:10EFD000F6F7D1FC0A210248F6F7CDFC38BD000057
:10EFE000580200207B2257223A7B2243616C6962DF
:10EFF000223A31323030677D7D0A00007B22572271
:10F000003A7B2243616C6962223A33373430677D40
:10F010007D0A00007B2257223A7B224572726F7272
:10F02000223A317D7D0A00007B2257223A7B22451D
:10F0300072726F72223A327D7D0A00007B22572263
:10F040003A7B224572726F72223A337D7D0A00004C
:10F050007B2257223A7B2243616C6962223A307DDF
:10F060007D0A00007B2257223A7B2243616C696251
:10F07000223A317D7D0A0000140000207B225722B5
:10F080003A7B22496E7454656D70223A25647D7D09
:10F090000A000000B20700207B2257223A7B22425E
:10F0A000223A25647D7D0A007B2257223A7B224C3E
:10F0B0004354223A25647D7D0A0000003A25663AD1
:10F0C000000000007B2257223A7B226D223A2566FF
:10F0D0007D7D0A0070B504460D46002210210848C7
:10F0E000F9F738F87E2101EA4400FCF775FC284660
:10F0F000FCF772FC012210210148F9F72BF870BDD2
:10F10000000801400FB4054B10B503A9044A02984A
:10F1100000F012F910BC5DF814FB0000ADFD000812
:10F12000540200200FB4084B10B504A902AA03989A
:10F1300000F002F9044602A9002000F094FC2046E9
:10F1400010BC5DF814FB000067FA00080248006874
:10F15000C0F30220704700000CED00E010B500285D
:10F1600004DB0A07130E054A135406E00A07140EBF
:10F17000034A00F00F031B1FD45410BD00E400E04D
:10F1800018ED00E002E008C8121F08C1002AFAD1F9
:10F1900070477047002001E001C1121F002AFBD117
:10F1A000704700002DE9FF5F82B00021DDE90430E7
:10F1B000020DDDF840B0034318D044F61050A2F21F
:10F1C000FF3242431514119801281FD0A5EB0B0004
:10F1D000401C5FEA000A4FF000064E4FDFF83891FE
:10F1E000B046504615D5CAF1000413E01198012429
:10F1F0004AA3012801D16FEA0B010298119AC0E9D4
:10F200000031C0E9024206B0BDE8F09FCBF100003A
:10F21000DFE704460021404A491842EB0450CDE99B
:10F22000001012E0E00707D032463B464046494610
:10F23000F7F736F88046894632463B46104619466F
:10F24000F7F72EF806460F466410002CEAD1DDE9E8
:10F250000401DDE90023BAF1000F06DAF7F720F820
:10F2600042464B46F7F71CF805E0F6F709FE424622
:10F270004B46F6F705FE04460E460022284BF7F7EC
:10F28000A5F803D84FF0FF30014607E00022254BD8
:10F2900020463146F6F75DFFF7F780F8102409E0C5
:10F2A000002C0ADB0A220023F6F782FE039B303291
:10F2B0001A55641E50EA0102F2D1641C039AC4F18B
:10F2C00011031444119A012A03D0012208430DD1DD
:10F2D0000AE0084304D000204FF0110B119072E7B0
:10F2E000A3EB0B056D1E0DE05B4504DD4FF0000246
:10F2F00005F1010504E003DA4FF00002A5F1010574
:10F30000002AECD002981199C0E90231C0E9004509
:10F3100079E70000000014400000F03F30000000DA
:10F320000000F0430000E03F30380A2801D20120FD
:10F3300070470020704700002DE9FF4F95B09B46B5
:10F340008946064600250FE2252877D10024274666
:10F35000F84A0121059400E0044316F8013F203BE0
:10F3600001FA03F01042F7D130782A2811D06FF05B
:10F370002F033078A0F13002092A16D8059A44F0FC
:10F38000020402EB820203EB42021044761C059059
:10F39000EFE759F8042B0592002A03DA504244F4AF
:10F3A0000054059044F00204761C30782E2816D1C3
:10F3B00016F8010F44F004042A280DD06FF02F0234
:10F3C0003078A0F13003092B09D807EB870302EB53
:10F3D0004303C718761CF3E759F8047B761C307892
:10F3E0006C280FD006DC4C2817D068280DD06A286E
:10F3F00014D104E0742810D07A280FD10DE044F421
:10F4000000140AE044F4801401E044F440147278DB
:10F41000824202D104F58014761C761C307866286E
:10F420000BD013DC582877D009DC002875D045288C
:10F43000F6D04628F4D047281AD19DE118E0632879
:10F4400035D0642879D0652812D195E1702873D021
:10F4500008DC6728F1D069286FD06E280DD06F289E
:10F4600006D1B5E073282CD0752875D0782874D0D3
:10F470005A46179990476D1C75E1C4F30250022853
:10F4800009D003280DD0D9F8001004280DD00D6044
:10F4900009F1040967E1D9F80010EA17C1E900523F
:10F4A000F6E7D9F800100D80F2E70D70F0E719F8D3
:10F4B000041B8DF8001000208DF80100EA460120A1
:10F4C00003E059F804AB4FF0FF3061074FF0000143
:10F4D00002D40DE008F101018846B9420FDA8045F7
:10F4E000F8DB1AF808100029F4D108E008F101014E
:10F4F00088468142FADB1AF808100029F6D10598EF
:10F500005B46A0EB080721463846179A00F094FAAC
:10F51000284400EB080507E04DE029E10DE01AF86A
:10F52000010B5A4617999047B8F10108F7D25B468C
:10F5300021463846179A13E142E00A220092C4F3AA
:10F5400002524FF0000A022A08D059F804CB032ACD
:10F550004FEAEC710AD00DE029E02AE009F1070139
:10F5600021F00702F2E802C1914609E00FFA8CFC93
:10F570004FEAEC71042A03D14FFA8CFC4FEAEC718C
:10F58000002907DA0A460021DCF1000C61EB0201D8
:10F590002D2202E0220504D52B228DF80420012221
:10F5A00003E0E20701D02022F7E7904659E00A2164
:10F5B00002E010220DE010214FF0000A00910BE054
:10F5C00010224FF0000A44F004040827009203E0E0
:10F5D00008224FF0000A0092C4F30252022A05D01A
:10F5E00059F804CB0021032A08D009E009F10701EA
:10F5F00021F00702F2E802C1914605E01FFA8CFCF7
:10F60000042A01D10CF0FF0C4FF00008220728D586
:10F61000702806D0009B83F0100353EA0A0305D03C
:10F620000EE040228DF80420012208E05CEA01028D
:10F6300006D030228DF804208DF805000222904675
:10F64000009B83F0080353EA0A030AD15CEA010233
:10F6500001D1620705D530228DF804204FF0010852
:10F660007F1E582804D034A003900EA802900DE00D
:10F6700036A0F9E753466046009AF6F799FC8446AF
:10F680000398825C0298401E029002705CEA0100BE
:10F69000F0D1029806A9081A00F1200A600702D5E5
:10F6A00024F4803400E00127574502DDA7EB0A006F
:10F6B00000E0002000EB0A01009005984144401A48
:10F6C0000590E00306D45B462146179A059800F0A2
:10F6D000B3F90544002706E001A85A46C05D179912
:10F6E00090476D1C7F1C4745F6DBE0030CD55B465D
:10F6F0002146179A059800F09FF9054404E0302050
:10F700005A46179990476D1C0099481E0090002991
:10F71000F5DC08E0029802995A460078491C0291EB
:10F72000179990476D1CBAF10001AAF1010AF1DCAA
:10F7300065E10000092801003031323334353637B5
:10F74000383961626364656600000000303132332D
:10F7500034353637383941424344454600000000CD
:10F7600000F058F90544761C307800287FF4ECADA1
:10F7700019B02846BDE8F08F620700D4062709F1CA
:10F78000070222F0070CFCE80223E14603F00048E0
:10F790005FEA080C02D00FF2702C0DE05FEA045C07
:10F7A00002D50FF2682C07E05FEAC47C02D00FF2AA
:10F7B000602C01E0AFF2700C4FF0FF3823F00043F3
:10F7C000CDF850C065280CD006DC452809D0462865
:10F7D0001DD047283DD13DE0662818D067287ED14E
:10F7E00038E00021112F01DB112000E0781CCDE969
:10F7F000000106A90EA8FFF7D5FCDDE90F010E9A5E
:10F8000003910021009207F1010A04914DE04FF0AD
:10F8100000400097CDE9011006A90EA8FFF7C2FC31
:10F82000DDE90F0203920E9B11990022DDF80CA076
:10F830000093049211B9791C00EB010AB7EB0A009E
:10F8400004D4C0F1FF3007F1010A0490AAEB0700CD
:10F85000019044E0012F00DA01270021112F01DD82
:10F86000112000E03846CDE9000106A90EA8FFF7F7
:10F8700099FCDDE90F010E9A039100210491009299
:10F88000BA4621070CD40399514500DA8A46BAF1E9
:10F89000010F05DD009AAAF10101515C302908D061
:10F8A000B84202DA10F1040F06DA0121CDE90110A5
:10F8B00015E0AAF10101E9E7002805DC04990144FB
:10F8C0000491AAEB000102E0411C514500DD8A468B
:10F8D0000499401A401C01904FF00040029020070C
:10F8E00004D40198504501DBCDF8048000208DF848
:10F8F0004F0002980DF14F07B0F1004F25D02B209B
:10F900000E9002984FF0020800280CDA4042029054
:10F910002D200E9007E00A210298F6F733FB3031D4
:10F92000029007F8011DB8F10001A8F10108F2DC0E
:10F9300002980028EFD1791E0E980870307800F0F8
:10F94000200040F0450007F8020D12A8C01B00F18E
:10F9500007081498007800B1012000EB0A01019813
:10F9600001EBE07105984144401A401E0590E00308
:10F9700006D45B462146179A059800F05DF80544C9
:10F980001498007818B15A46179990476D1CE003F7
:10F9900024D55B462146179A059800F04DF805449A
:10F9A0001CE00498002807DBDDE90301884203DD41
:10F9B0000098405C179901E0179930205A4690470B
:10F9C000049805F10105401C04900198401E019027
:10F9D00004D12E205A46179990476D1CBAF10001A8
:10F9E000AAF1010ADDDC05E017F8010B5A46179968
:10F9F00090476D1CB8F10001A8F10108F4DC5B46EA
:10FA00002146179A0598ABE62D0000002B00000058
:10FA1000200000002DE9F041044600251E4617464F
:10FA2000880404D405E039462020B0476D1C641ECC
:10FA3000F9D52846BDE8F0812DE9F04104460025BE
:10FA40001E469046C80301D5302700E020278804D1
:10FA500004D505E041463846B0476D1C641EF9D513
:10FA60002846BDE8F0810A68531C0B60107070478F
:10FA700010B50120F8F7F0F805A000F0F1FEF7F757
:10FA800001FB4FF416710F48F5F775FF10BD00002C
:10FA90007B2252656365697665223A7B22537461E5
:10FAA000747573223A32367D2C2246223A7B2254D8
:10FAB000797065223A2243616E73656C227D7D0AFE
:10FAC00000000000BA040020014601F0030090B9D4
:10FAD0006420B1FBF0F200FB121050B94FF4C87073
:10FAE000B1FBF0F200FB121008B9012070470020B2
:10FAF000FCE70120FAE70020F8E7000070B50025D8
:10FB000000240DE01C48005D642801D1681CC5B2CA
:10FB10001948005D742801D1681CC5B2601CC4B2CC
:10FB20001548F5F733FFA042ECD2022D11D1134A4C
:10FB300013A11148F5F732FF10480068F7F702FBF0
:10FB40004FF416710C48F5F716FF00200E490870A7
:10FB500010E013200D4908700DA000F081FE002078
:10FB6000094908700549086000254FF416710248DC
:10FB7000F5F701FF70BD0000BA040020040000206A
:10FB800064256474000000000900002019000020B2
:10FB90007B2252656365697665223A7B22537461E4
:10FBA000747573223A31397D7D0A000010B506A0C4
:10FBB00000F056FE08210B4800F010FF4FF41671BC
:10FBC0000848F5F7D8FE10BD7B225265636569765B
:10FBD00065223A7B22537461747573223A32367D02
:10FBE0007D0A0000BA04002010B586B00446F8F77C
:10FBF00001F9012004900F4803900020019001209A
:10FC0000029005A901A8F8F73BF878B9F8F790F841
:10FC10000598401C10B1002006B010BD24B9FF2289
:10FC200010210548F5F7A0FE0120F5E7F8F780F868
:10FC30000020F1E740540008F81C002000B5002225
:10FC40001021104600F002F800BD000030B5034658
:10FC50005818402801D9002030BD18460FE02AB1BD
:10FC6000094C044494F840441470521C102805D2E6
:10FC7000054C044494F84044044D2C54401CCC18CA
:10FC80008442ECD80120E7E700500008F81C00206F
:10FC90002DE9F04706468946154606EB090040283F
:10FCA00002D90020BDE8F0870DB90020FAE7F8F787
:10FCB000A1F8002413E02A5D601C285C42EA0020C1
:10FCC000C3170746A019094A81183A460120F8F7D8
:10FCD00039F818B1F8F72CF80020E3E7A41C4C45DC
:10FCE000E9D3F8F725F80120DCE7000040540008CC
:10FCF00070B5002500240DE01E48005D652801D187
:10FD0000681CC5B21B48005D4C2801D1681CC5B2F7
:10FD1000601CC4B21748F5F739FEA042ECD2022DA0
:10FD200013D1154A15A11348F5F738FE124800689B
:10FD3000F6F7A0FF4FF416710E48F5F71CFE0020F1
:10FD4000104908601049087013E013200F4908702B
:10FD50000FA000F085FD00200B49087006490860DF
:10FD600000254FF416710348F5F705FE00200549FC
:10FD7000086070BDBA040020040000206525644CB2
:10FD8000000000001C0000200800002019000020D6
:10FD90007B2252656365697665223A7B22537461E2
:10FDA000747573223A31397D7D00000013B50C461D
:10FDB00001216846F6F738FE0120F7F74DFF00985D
:10FDC0001CBD000000B585B00120F7F745FF0022FB
:10FDD00015491648F9F7E4FE002215491348F9F7CA
:10FDE00081FE1348007812498978114A5278104BE5
:10FDF000DB78CDE90132CDE903100B488078009023
:10FE00000948437802780BA11948FFF78BF9184885
:10FE100000F026FD0120F7F71FFF4FF4167115487B
:10FE2000F5F7A9FD05B000BDB0000020B409002021
:10FE3000B30000207B2254223A7B2248223A2564D8
:10FE40002C224D223A25642C2253223A25642C225E
:10FE500059223A25642C226D223A25642C22442210
:10FE60003A25642C2257223A25647D7D0A00000041
:10FE700012070020BA04002010B507A000F0F0FC23
:10FE8000F7F700F90020124908704FF41671114875
:10FE9000F5F771FD10BD00007B2252656365697640
:10FEA00065223A7B22537461747573223A32367D2F
:10FEB0002C2246223A7B2254797065223A224964E8
:10FEC000656E746966794F6666227D7D0A00000062
:10FED00011000020BA04002010B507A000F0C0FCFB
:10FEE0000120F7F7B9FE0120104908704FF4167190
:10FEF0000F48F5F740FD10BD7B22526563656976BA
:10FF000065223A7B22537461747573223A32367DCE
:10FF10002C2246223A7B2254797065223A22496487
:10FF2000656E74696679227D7D0A000011000020EB
:10FF3000BA04002070B504460D46002617E00122E1
:10FF400051020C48F8F706F92846F7F785FE00221B
:10FF50004FF400710748F8F7FDF82846F7F77CFEE4
:10FF6000012251020348F8F7F5F8701CC6B2A64208
:10FF7000E5DB70BD0008014008B5F8F733F9FCF780
:10FF80005AF8FBF75FF9FBF7E9F9FBF7FFF9FBF725
:10FF900021FAFBF755FAFBF76FFAFBF789FAFBF743
:10FFA000C9F9FB48FAF7AEFAF948FAF775FA4FF4CF
:10FFB0000050F84B0822F84900900020FBF7EAFEB9
:10FFC0000221F6A000F00AFDF5480068C06840F084
:10FFD0002000F3490968C8600A20F7F73DFEF148A0
:10FFE0000068C06840F02000EE490968C860EE482B
:10FFF0000068C06840F02000EB490968C860002034
:020000040801F1
:10000000EA490860FAF7EEFFFFF718FE1E21072005
:10001000FFF790FF4FF47A70F7F71EFEFBF764FAD4
:100020004FF47A70F7F718FE0120E1490870CDE22D
:100030004AF6AA20DF4909680860FAF7D3FFDE48CC
:10004000008800287ED00120F7F706FEDB48007804
:10005000572812D1D948407965280ED1D8A000F090
:10006000FFFBD64A40F23A216420F7F70BFC01204F
:10007000DA490870F6F778FCA8E2D04800786528DD
:1000800074D01EDC492872D00EDC442870D006DC07
:10009000032878D040286DD043286CD1CFE0462883
:1000A0006AD04728F9D1D0E0542872D004DC4E2819
:1000B00070D05228F1D1DEE056281FD06428ECD150
:1000C000ABE0732877D00CDC6E287AD004DC66288D
:1000D0007FD06928E1D1ACE0702864D07228DCD1EF
:1000E00018E080283CD004DC75280DD07628D4D1C7
:1000F000C7E0812841D0AF28CFD1C9E000F0CCFBC8
:100100000120B6490870D8E000F0B4FD0120B349E1
:100110000870D2E0B2A000F0A3FB0A20F7F79CFD24
:1001200000BF00BF00BF00BF00BFBFF34F8F00BFC5
:1001300000BF00BFB148006800F4E060B049084368
:10014000001D00E0C9E0AD49086000BF00BF00BF6E
:10015000BFF34F8F00BF00BF00BF00BF00BFFDE770
:1001600000F0ACFC01209D490870A6E04FE05AE089
:1001700047E008E08BE091E03BE0FFF723FE012041
:100180009649087099E03720FBF702FD04462146A6
:1001900002E065E025E00EE09AA0FEF7B3FF012043
:1001A0008E49087089E0FBF7E3FB01208B4908705A
:1001B00083E006E00DE000F02BFC01208749087089
:1001C0007BE031216E2000F087FA0120834908701E
:1001D00073E03121662000F07FFA01207F4908702A
:1001E0006BE032216E2000F077FA01207B49087025
:1001F00063E03221662000F06FFA01207749087031
:100200005BE0F6F76DFC01207449087055E00120B1
:1002100087490870714908704FE0012085490870CE
:100220006E49087049E0FFF727FE01206B4908700E
:1002300043E0FFF751FE0120684908703DE0FFF7F9
:1002400017FC01206549087037E0F6F7DBFF012055
:10025000624908704FF416715848F5F78CFB2CE092
:1002600000F0A2FC01205D4908704FF4167153485C
:10027000F5F781FB21E001206F49087057490870AC
:100280001BE0F7F707FC01205449087015E000BF98
:10029000FFF78CFC0120514908700EE067A000F0C8
:1002A000DFFA13206C49087000204C490870F6F7FB
:1002B0005BFB00206949086000BF00BF132066494E
:1002C0000870002045490870644908603A49088070
:1002D000634908800120F7F7BFFC6248007808B145
:1002E000F7F7D2F85348007808B1FFF707FC5048F9
:1002F000007808B1FFF7FCFC4F48007808B100F027
:1003000093F928480068C06840F020002549096832
:10031000C8605548007888B10A20F7F79DFC52481C
:1003200001785248F6F780FB00204F4908700A20F8
:10033000F7F792FC64214D48F5F71DFB4C48007817
:1003400038B10A20F7F788FCFEF746FD002048493F
:1003500008704848007888B94648407870B94548E0
:10036000807858B94348C07840B9002004E00021A3
:10037000414A1154411CC8B20428F8DB3D48FAF741
:1003800073FD20B13B48FAF76FFD00B11EE175E047
:10039000200A002000100140000C0140737300008F
:1003A000AC0A0020F00A0020680A00202400002087
:1003B00002000020A80900200C000020BA04002040
:1003C0007B2252656365697665223A7B22537461AC
:1003D000747573223A32367D0A00000062000020F4
:1003E0007B22526563697665223A7B22537461747D
:1003F0007573223A37307D7D0A0000000CED00E075
:100400000000FA057B2243223A7B22526561646533
:100410007254797065223A52433532322C22566535
:100420007273696F6E223A25647D7D0A00000000B8
:1004300008000020090000200B0000207B225265EC
:100440006365697665223A7B225374617475732201
:100450003A31397D7D0A0000190000201C0000207F
:100460000E000020110000205C0000204E0700203C
:1004700012000020650000206A0000205448007827
:1004800054490978884212D15148407851494978F5
:1004900088420CD14E4880784E498978884206D1EE
:1004A0004B48C0784B49C978884200D18EE0102172
:1004B0000020FAF777FC70B14548FAF7D5FC20B177
:1004C0004348FAF7D1FC00B180E010210020FAF790
:1004D00069FC00B17AE040490120FAF7BDFCE0BBBD
:1004E0003D488079AB286BD13B48C079B0BB3A48D6
:1004F000C07B98BB002005E03549095C354A1154A2
:10050000411CC8B20428F7DB33480078334908603F
:1005100031484078096801EB0020304908602E48D6
:1005200080782F4908602C48C078096801EB0020CA
:100530002B49086028480079096801EB00402849E8
:10054000086025484079096801EB0060244908608B
:100550002248006800F4004001E036E030E0B0F5E9
:10056000004F13D11D480068C0F30E001B490860FE
:100570000846006846F6292148401849086018488E
:1005800000684BF2A62148401549086015480078DC
:1005900088B11548007850B91048036810480268BF
:1005A00012A10D48FEF7BEFD0B4800F059F9FA20E4
:1005B000F7F752FB07E032210A20FFF7BBFC02E00D
:1005C00011A000F04DF9FAF70DFD00BF30E5000075
:1005D000650000206A00002042090020740000200D
:1005E00070000020010000205E0000207B224322DA
:1005F0003A7B224944223A25642C225543223A254B
:10060000647D7D0A000000006572726F720A00004E
:1006100010B5044601231A4621460248FAF743FB67
:1006200010BD0000F00A002070B5002500240DE088
:100630001C48005D522801D1681CC5B21948005DF4
:10064000642801D1681CC5B2601CC4B21548F5F716
:100650009DF9A042ECD2022D11D1134A13A11148E9
:10066000F5F79CF910480068F6F730FE4FF4167164
:100670000C48F5F780F900200E49087010E01320AF
:100680000D4908700DA000F0EBF800200949087032
:100690000549086000254FF416710248F5F76BF91B
:1006A00070BD0000BA0400200400002052256464DC
:1006B000000000000B000020190000207B22526582
:1006C0006365697665223A7B22537461747573227F
:1006D0003A31397D7D0A000070B504460D46312D52
:1006E0002AD16E2C12D1012211022A48F7F732FDCD
:1006F0000120F7F7B1FA28A000F0B2F80120324942
:1007000008704FF416713148F5F735F9662C13D19E
:1007100000224FF480711F48F7F71CFD0120F7F706
:100720009BFA2BA000F09CF80120274908704FF499
:1007300016712648F5F71FF9322D2AD16E2C12D1E9
:10074000012291021348F7F705FD0120F7F784FA1B
:100750002BA000F085F801201B4908704FF416719A
:100760001A48F5F708F9662C13D100224FF480617E
:100770000848F7F7EFFC0120F7F76EFA2CA000F01D
:100780006FF80120104908704FF416710F48F5F703
:10079000F2F870BD000801407B22526563656976FE
:1007A00065223A7B22537461747573223A32367D26
:1007B0002C225231223A7B22537461747573223A8F
:1007C00032337D7D0A00000062000020BA04002060
:1007D0007B2252656365697665223A7B2253746198
:1007E000747573223A32367D2C225231223A7B22A2
:1007F000537461747573223A32347D7D0A000000AF
:100800007B2252656365697665223A7B2253746167
:10081000747573223A32367D2C225232223A7B2270
:10082000537461747573223A32337D7D0A0000007F
:100830007B2252656365697665223A7B2253746137
:10084000747573223A32367D2C225232223A7B2240
:10085000537461747573223A32347D7D0A0000004E
:1008600070B504462046F5F791F8C5B229462046F2
:10087000F6F7DAF800224FF400710648F7F76AFC41
:100880000120F7F7E9F9012251020248F7F762FC6B
:1008900070BD00000008014000B599B064216846B1
:1008A000F5F769F80A221FA16846FEF73BFC684687
:1008B000FFF7D6FF29A0FFF7D3FF2BA0FFF7D0FF4C
:1008C0000120F7F7C9F92CA0FFF7CAFF0120F7F7BD
:1008D000C3F92EA0FFF7C4FF0120F7F7BDF92EA042
:1008E000FFF7BEFF0120F7F7B7F92EA0FFF7B8FF1B
:1008F0000120F7F7B1F92EA0FFF7B2FF0120F7F7BB
:10090000ABF92EA0FFF7ACFF0120F7F7A5F931A056
:10091000FFF7A6FF4FF416712F48F5F72CF819B022
:1009200000BD00007B224669726D77617265223AD4
:100930007B2246223A312C224465766963655479DC
:100940007065223A2253686F70222C2252656C65C2
:10095000617365223A302564000000002C22426F4A
:100960006F74223A310000002C224175746F537469
:10097000617274223A3000002C2252656164657203
:1009800054797065223A5243353232002C2246693E
:100990006E676572223A31002C22506F73223A3111
:1009A000000000002C22445337223A31000000009E
:1009B0002C22546172617A6F223A31002C226F6EC0
:1009C000655265616443617264496E4669656C6431
:1009D000223A31007D7D0A00BA04002070B5044639
:1009E0000D4600260FE0012221460020FBF72CFADD
:1009F000641C4AF6AA200549096808600520F7F733
:100A00002BF9701CC6B2AE42EDDB70BDA809002008
:100A100010B50C48007810B90BA0FFF721FF09486A
:100A2000007810B116A0FFF71BFF0648007880F091
:100A30000100044908704FF416711F48F4F79BFF3A
:100A400010BD00005E0000207B2252656365697660
:100A500065223A7B22537461747573223A32367D73
:100A60002C2243223A7B2254797065223A22556E19
:100A700053656E6453657269616C227D7D0A000066
:100A80007B2252656365697665223A7B22537461E5
:100A9000747573223A32367D2C2243223A7B2254DB
:100AA000797065223A2253656E6453657269616C90
:100AB000227D7D0A00000000BA04002010B51CA0B1
:100AC000FFF7CEFE284840782849087026488078ED
:100AD00048702548C0788870234800792449887078
:100AE0002148407948702048807908701E48C079B4
:100AF000C8700120F7F7B0F800221C491D48F9F72B
:100B0000C5F910B11CA0FFF7ABFE0120F7F7A4F860
:100B1000002217491748F9F70BF910B11CA0FFF78D
:100B20009FFE4FF416711048F4F725FF10BD00002A
:100B30007B2252656365697665223A7B2253746134
:100B4000747573223A32367D2C2254223A7B225419
:100B5000797065223A2253657454696D65446174F5
:100B600065227D7D0A000000BA040020B00000204C
:100B7000B3000020B40900207B2254223A7B225388
:100B80007461747573223A3132387D7D0A00000039
:100B90007B2254223A7B22537461747573223A315A
:100BA00032397D7D0A00000008B500200090F6F77C
:100BB00069FA6420F7F750F86A4600214FF4A870EC
:100BC000F6F736FD6420F7F747F812480078AA28B0
:100BD00013D11048407855280FD10E4880785028FE
:100BE0000BD10C48C078012807D10A4800790428A5
:100BF00003D109A0FFF734FE02E012A0FFF730FE98
:100C0000C820F7F729F84FF416710248F4F7B3FE3D
:100C100008BD0000620200207B2246223A7B22545B
:100C2000797065223A2254657374436F6E6E656302
:100C300074696F6E222C22537461747573223A307A
:100C40007D7D0A007B2246223A7B22547970652200
:100C50003A2254657374436F6E6E656374696F6E88
:100C6000222C22537461747573223A31387D7D0AC7
:100C70000000000010B5FEF7E1FF002819D0642045
:100C8000F6F7EAFF0020FEF7AFFF0CA208210020D4
:100C9000FEF7FEFF48B10520F6F7DEFF0AA0FFF7DA
:100CA000DFFD0520F6F7D8FF06E010A0FFF7D8FD1E
:100CB00002E00EA0FFF7D4FD10BD0000426F6F549C
:100CC00031323334000000007B225570646174655A
:100CD0004669726D77617265223A7B225374617442
:100CE0007573223A32367D0A000000007B2255706F
:100CF000646174654669726D77617265223A7B2220
:100D0000537461747573223A31397D0A0000000012
:100D10001F1C1F1E1F1E1F1F1E1F1E1F0000000066
:100D2000000000000102030406070809000000009B
:100D300001020304895171F21DCB00000000000084
:100D4000000000008D5F307CF05E000000000000BD
:100D500000000000B22CE4247D90000000000000A0
:100D600000000000579B07B3A4E90000000000004A
:100D700000000000E32F50F2E3D00000000000006C
:100D800000000000E9C1254FA07D00000000000028
:100D900000000000FFFFFFFFFFFF00000000000059
:100DA00000000000DDDDDDDDDCBBBBDDDDDDDDDD2C
:100DB000DDDDDDDD98888888888888887777777793
:100DC000778888888555555666666666666666665F
:100DD000666888888333333222222222222222220A
:100DE0002228888D7B2252656365697665223A7B6D
:100DF00022537461747573223A32367D2C22462256
:100E00003A7B2254797065223A224672696D776185
:100E10007265222C22537461747573223A25642EF4
:100E200025647D7D0A0000007B225265636569763A
:100E300065223A7B22537461747573223A32367D8F
:100E40002C2246223A7B2254797065223A22476549
:100E500074456D7074794944222C22537461747501
:100E600073223A25647D7D0A000000008C0E010883
:100E70000000002058020000686800086C0F01089C
:100E8000580200202021000094F100080110820186
:100E9000E214022503CD0A0211304D79500915687C
:100EA00009162001201301CB1B0849041A59041A02
:100EB0007D041AB50413CDCA1B08110813120114BE
:100EC0000202021640830440571D02010203650E10
:100ED00021040309041AC51395691B08650413D579
:100EE000681B08B90841DA10A873B2074B24F4F65E
:100EF000120632022A4024135DC714089DC64C080E
:100F00007FC83C1AEB0C13EDC51B086908C11A3DDC
:100F1000281A2D041A4D041A1D041C090243AB1192
:100F20001DC03209046D1A020B13052416100105A9
:100F300024011009010424020205240617010705F3
:100F40008203081C100904E1320A1D070501027B17
:100F50002C07058107110937442A40072A81071108
:0C0F60002B0907440A3B04444100000038
:04000005080058EDAA
:00000001FF
