:020000040800F2
:105800000022002001590008699800083D90000816
:1058100065980008555A000829D0000800000000CB
:10582000000000000000000000000000BD9F000814
:10583000FB5B000800000000639C000823A3000835
:105840001B5900081B5900081B5900081B59000868
:105850001B5900081B5900081B5900081B59000858
:105860001B5900081B5900081B5900081B59000848
:105870001B5900081B5900081B5900081B59000838
:105880001B5900081B5900081B5900081B59000828
:1058900071CF00081B5900081B5900081B5900084C
:1058A0001B5900081B5900081B5900081B59000808
:1058B0001B590008D1A300081B5900081B590008F8
:1058C0001B5900081B5900081B5900081B590008E8
:1058D0001B590008E5A70008F5A700081B59000898
:1058E0001B5900081B5900081B590008DFF80CD091
:1058F00000F06AF80048004799D60008002200200E
:105900000648804706480047FEE7FEE7FEE7FEE759
:10591000FEE7FEE7FEE7FEE7FEE7FEE7C1A30008BD
:10592000ED580008202A04DB203A21FA02F0002179
:10593000704721FA02F3D040C2F12002914008439F
:105940001946704740EA01039B0703D009E008C9E4
:10595000121F08C0042AFAD203E011F8013B00F834
:10596000013B521EF9D27047D2B201E000F8012B80
:10597000491EFBD270470022F6E710B513460A46CF
:1059800004461946FFF7F0FF204610BD421C10F8F0
:10599000011B0029FBD1801A704730B50B46014628
:1059A00000202022012409E021FA02F59D4205D3BE
:1059B00003FA02F5491B04FA02F52844151EA2F168
:1059C0000102F1DC30BD0000064C074D06E0E06846
:1059D00040F0010394E8070098471034AC42F6D336
:1059E000FFF788FF40E5000860E5000870B58C18F7
:1059F00010F8015B15F0070301D110F8013B2A11E3
:105A000006D110F8012B03E010F8016B01F8016BCF
:105A10005B1EF9D12B0705D40023521E0DD401F8CB
:105A2000013BFAE710F8013BCB1A921C03E013F894
:105A3000015B01F8015B521EF9D5A142D8D30020C9
:105A400070BD10B5142004F01DFA0321142004F0D9
:105A5000B6FA10BD00BFFEE730B50346042B15D0E3
:105A600007DC7BB1012B0ED0022B0DD0032B2DD1E7
:105A70000BE0202B0BD0212B15D0222B1FD0232B5A
:105A800024D122E023E022E021E020E01FE00020FA
:105A900003E00C5C0F4D2C54401C0728F9DB002060
:105AA0000D4C207013E0002003E00A4C245C0C54E1
:105AB000401C0728F9DB0020074C207007E006484F
:105AC0000078401C044C207001E000E000BF00BFE3
:105AD000002030BDCC0000200000002000207047D6
:105AE00010B500220449054804F0E9FF04490348C1
:105AF00004F0DEFF002010BD68120020BC09002069
:105B0000800E002070B504460D460B4928680860D9
:105B1000002003E0215C094A1154401C0649096831
:105B20008842F7D32146064804F0C2FF044804F037
:105B30009BFF002070BD00001C00002070040020AE
:105B4000BC0900202DE9F04104460D4600260A4814
:105B5000D0F8B872D7F8140210B10120BDE8F08176
:105B60002A462146044804F0AAFF034805F02BF812
:105B700006463046F2E70000BC0900202DE9F0415E
:105B80000746884615460421052000F029F88021A3
:105B90000A2004F014FA002405E0395D092007F01A
:105BA00045FA601CC4B24445F7DB0321012007F02D
:105BB0003DFAFF2400BF052004F064F90646601E8C
:105BC000C4B21CB106F004000028F4D0222004F076
:105BD00059F92870212004F055F96870BDE8F0816A
:105BE00070B505460C46284604F04CF9064626EAF0
:105BF0000401284607F01AFA70BD704710B5044634
:105C0000022C03DD07A008F083FA04E013480470B7
:105C100013A008F07DFA4FF416711F48FFF7ABFE92
:105C200010BD00007B2252656365697665223A7B70
:105C300022537461747573223A31397D2C224322C8
:105C40003A7B2254797065223A224465766963650D
:105C50004D6F6465227D7D0A000000000A0000206F
:105C60007B2252656365697665223A7B22537461B3
:105C7000747573223A32367D2C2243223A7B2254A9
:105C8000797065223A224465766963654D6F646573
:105C9000227D7D0A000000007004002072B603E03F
:105CA0001E21642007F0D6FCFAE700000021074A15
:105CB000D1610749096941F00401054A11611146A2
:105CC000096941F04001116170470000601B00202C
:105CD000002002400021074AD1610749096941F0CB
:105CE0000201054A116111464861096941F040010C
:105CF00011617047601B0020002002400022054B0C
:105D0000DA61054A126942F00102034B1A6101800F
:105D100070470000601B00200020024000201E4948
:105D2000C96801F0100139B11C49C96941F002018B
:105D30001A4AD16140F010001749C96801F0040106
:105D400039B11649C96941F00101144AD16140F0E5
:105D500004001149C96901F0010169B10F49C9691C
:105D600041F004010D4AD16100BF0B49C96921F01E
:105D70000101094AD16100BF00BF40F20111884210
:105D800006D10549C96921F00101034AD16101E049
:105D90000149C86000BF704700200240601B00201E
:105DA00070B5044600F056FB054609E0601C38B1AA
:105DB00024B100F04FFB401BA04201D9032070BD6D
:105DC0001248C06800F001000028EFD10F48C068F9
:105DD00000F0200020B100BF20200C49C86000BFA7
:105DE0000A48C06800F0100048B90848C06900F0CF
:105DF000010020B90548C06800F0040018B1FFF7A1
:105E00008DFF0120DBE70020D9E7000000200240E1
:105E100070B50A480468001D0568001D0668344412
:105E200054B108220649204603F0B0F9042204497F
:105E30001031284603F0AAF970BD0000E8F7FF1FF3
:105E4000B20000200146002291F82100022808D06B
:105E50000420886300BF002081F8200000BF0120DB
:105E600070470868006820F00E000B68186008682A
:105E7000006820F001000B68186091F840300120A4
:105E80009840CB6B5860012081F8210000BF0020B2
:105E900081F8200000BF1046E2E7000070B504461C
:105EA000002594F82100022803D00420A0630125D6
:105EB00048E02068006820F00E0021680860206833
:105EC000006820F00100216808601F4920688842AE
:105ED00001D1012026E01C4914312068884201D1FB
:105EE00010201FE0184928312068884201D1801510
:105EF00018E015493C312068884201D1801411E036
:105F0000114950312068884202D14FF4803009E0B5
:105F10000D4964312068884202D14FF4801001E0BD
:105F20004FF08070084908394860012084F821004A
:105F300000BF002084F8200000BF606B10B1204635
:105F4000616B8847284670BD0800024070B5044662
:105F500000F080FA06462546681C10B10448007817
:105F6000054400BF00F076FA801BA842FAD370BD4A
:105F7000EC0000202DE9F04104460E4601270025E3
:105F800000BF2648007E012802D10220BDE8F08132
:105F900001202249087600BF2068022813D14CF264
:105FA0005030FFF7FDFE90BB0120FFF77FFE4CF263
:105FB0005030FFF7F5FE07461948006920F004004D
:105FC0001749086123E04CF25030FFF7E9FEF0B9C1
:105FD0004FF0FF303060A56812E02846FFF77AFEE8
:105FE0004CF25030FFF7DCFE07460D48006920F008
:105FF00002000B4908610FB1356007E005F58065C7
:10600000D4E9021001EB8020A842E6D800BF00BF0F
:1060100000200249087600BF3846B7E7601B002021
:10602000002002400348006940F0800001490861F7
:1060300000207047002002402DE9FE4F05468B46A8
:1060400017469846012600240020029000BF2448ED
:10605000007E012802D10220BDE8FE8F01202049E8
:10606000087600BF4CF25030FFF79AFE064686BB1A
:10607000012D02D10120029006E0022D02D1022062
:10608000029001E00420029000241EE02201B946A3
:10609000C24648465146FFF745FC80B201900220B7
:1060A00000FB04B000900199FFF728FE4CF250303D
:1060B000FFF776FE06460B48006920F0010009490B
:1060C000086106B104E0601CC4B202988442DDDBC2
:1060D00000BF00BF00200249087600BF3046BBE782
:1060E000601B00200020024000200849096901F0DF
:1060F000800151B10649054A516006495160114677
:10610000096901F0800101B10120704700200240BF
:1061100023016745AB89EFCD2DE9F84703460022FF
:1061200094466EE14FF0010808FA02F4D1F80080BD
:1061300008EA0400A0427DD1DFF8DCA2D1F8048097
:10614000A8EB0A09D0453AD014DCB8F1030F50D0BF
:1061500009DCB8F1000F31D0B8F1010F1CD0B8F153
:10616000020F49D120E0B8F1110F18D0B8F1120F89
:1061700042D11EE0B9F5881F25D006DCB9F5803F75
:1061800020D0B9F5801F37D11AE0B9F5001F18D01B
:10619000B9F5041F30D117E0D1F80CC02DE0D1F8CB
:1061A0000C8008F1040C28E0D1F80C8008F1080CF0
:1061B00023E0D1F80C8008F10C0C1EE000BF00BFFA
:1061C00000BF00BF00BF00BFD1F80880B8F1000FCA
:1061D00002D14FF0040C0BE0D1F80880B8F1010FA8
:1061E00003D14FF0080C1C6102E04FF0080C5C6119
:1061F00003E04FF0000C00E000BF00BFFF2801D813
:10620000984601E003F104084646FF2802D84FEA09
:10621000820803E0A2F108084FEA88084746D6F84A
:1062200000804FF00F0909FA07F928EA09080CFA6B
:1062300007F900E088E048EA0908C6F80080D1F8CC
:10624000048008F08058B8F1805F7DD100BFDFF88E
:10625000CC81D8F8188048F00108DFF8C091C9F85F
:106260001880C846D8F8188008F00108CDF80080DA
:1062700000BF00BF4FEAB9384FEA920958F82950D9
:106280004FEA82784FEA18794FF00F0808FA09F8B8
:1062900025EA0805DFF88881434502D14FF0000860
:1062A00016E0DFF88081434502D14FF001080FE08E
:1062B000DFF87481434502D14FF0020808E0DFF8AF
:1062C0006C81434502D14FF0030801E04FF0040810
:1062D0004FEA82794FEA197908FA09F848EA050580
:1062E000DFF84C814FEA920948F82950D1F8048030
:1062F00008F48038B8F5803F0AD1DFF83881D8F843
:10630000008048EA0008DFF82C91C9F8008009E015
:10631000DFF82081D8F8008028EA0008DFF814911F
:10632000C9F80080D1F8048008F40038B8F5003FBF
:1063300010D1DFF8008108F10408D8F8008048EA9D
:106340000008DFF8F09000E05AE009F10409C9F80C
:1063500000800DE0DFF8DC8008F10408D8F8008048
:1063600028EA0008DFF8CC9009F10409C9F8008098
:10637000D1F8048008F48018B8F5801F0ED1DFF83A
:10638000B48008F10808D8F8008048EA0008DFF86F
:10639000A49009F10809C9F800800DE0DFF89480A5
:1063A00008F10808D8F8008028EA0008DFF884908F
:1063B00009F10809C9F80080D1F8048008F4001830
:1063C000B8F5001F0ED1DFF86C8008F10C08D8F882
:1063D000008048EA0008DFF85C9009F10C09C9F870
:1063E00000800DE0DFF84C8008F10C08D8F8008040
:1063F00028EA0008DFF83C9009F10C09C9F8008090
:10640000521CD1F8008028FA02F8B8F1000F7FF48E
:1064100089AEBDE8F88700000000111000100240AE
:1064200000080140000C0140001001400014014030
:106430000800014000040140024693680B400BB184
:10644000012000E0002070470AB1016101E00B0467
:10645000036170470148006870470000E4000020B5
:1064600070B504460CB9012070BD4CF6CC402168D3
:10647000086045F2555021680860D4E90010486072
:106480002168A0688860FFF7E5FF05460BE0FFF78D
:10649000E1FF401B272806D92068C06800F00300F0
:1064A00008B10320E0E72068C06800F0030000287E
:1064B000EDD14AF6AA20216808600020D4E7000048
:1064C0000348006803490978084401490860704797
:1064D000E4000020EC00002010B50848006840F0FF
:1064E000100006490860032000F0A8F8002000F022
:1064F00007F800F02BF8002010BD0000002002403B
:1065000070B504460E4800784FF47A71B1FBF0F094
:106510000C490968B1FBF0F5284602F068F808B1AB
:10652000012070BD102C07D200222146501E00F021
:1065300047F80548046001E00120F2E70020F0E799
:10654000EC00002000010020E800002008B500BF9A
:106550001148806940F001000F4988610846806950
:1065600000F00100009000BF00BF00BF0846C069F6
:1065700040F08050C8610846C06900F0805000902B
:1065800000BF00BF00BF0549486820F0E06040F050
:106590000070486000BF08BD0010024000000140CC
:1065A00001460846002809DB00F01F0301229A403B
:1065B00043099B0003F1E023C3F8002100BF7047AB
:1065C0002DE9F05F80460D461646002706F05AFD7D
:1065D000074639462A46334601F00700C0F1070A4C
:1065E000BAF1040F02D94FF0040A01E0C0F1070A22
:1065F000D14600F1040ABAF1070F02D24FF0000AA7
:1066000001E0A0F1030AD4464FF0010A0AFA09FAA0
:10661000AAF1010A0AEA020A0AFA0CFA4FF0010B7F
:106620000BFA0CFBABF1010B0BEA030B4AEA0B0470
:106630002146404606F02EFDBDE8F09F00BF00F069
:106640000702064B19684FF6FF031940044B0B4332
:1066500043EA0221014B196000BF70470CED00E0D6
:106660000000FA0570B505460C4604F0800080284D
:1066700008D104F0070000EB800605F1280000EBCC
:10668000C60105E004EB840605F5B47000EBC60115
:106690001AB900200873CB8004E0012008730B8135
:1066A000180C4881002070BD704770B504460D4637
:1066B00005EB850304F1280101EBC3014A69294672
:1066C000D4F8E80204F086FD70BD70B504460D46AE
:1066D00005EB850304F5B47101EBC3014A69294652
:1066E000D4F8E80204F0F6FD70BD70B504460E461D
:1066F00006F0800080280AD106F0070000EB800138
:1067000004F1280000EBC1050120687009E006F0E3
:10671000070000EB800104F5B47000EBC105002018
:10672000687006F00700287000BF94F8A8020128DE
:1067300001D1022070BD012084F8A80200BF2946C3
:10674000206805F04FFC00BF002084F8A80200BFBD
:1067500000BFEFE770B504460E4606F00F00616813
:10676000884201D9012070BD06F0800080280AD13E
:1067700006F0070000EB800104F1280000EBC105E2
:106780000120687009E006F0070000EB800104F5C5
:10679000B47000EBC105002068700020A87006F0FE
:1067A0000700287000BF94F8A802012801D1022038
:1067B000D9E7012084F8A80200BF2946206805F027
:1067C0006DFD00BF002084F8A80200BF00BFCAE72B
:1067D0002DE9F04105460C46174607F48040002895
:1067E00050D02868B0F85010207801EBC000801C11
:1067F000296801F5806131F81000C0F30906A0692D
:10680000B04203D3A069801BA06101E00020A06119
:10681000A069A8B900BF22785200296831F8121087
:106820004BF68F7201EA020080F4005040F4004100
:1068300041F0800123785B002A6822F8131000BF22
:1068400007F04000A8B100BF00BF227852002968BD
:1068500031F8121048F68F7201EA020040F400414C
:1068600041F0C00123785B002A6822F8131000BFB2
:1068700000BF002E55D0228961693346286806F092
:1068800083FB4EE02868B0F85010207801EBC00080
:10689000801D296801F5806131F81000C0F30906F8
:1068A000A069B04203D3A069801BA06101E0002071
:1068B000A061A069A8B900BF22785200296831F808
:1068C00012104BF68F7201EA020080F4005040F47F
:1068D000004141F0800123785B002A6822F8131000
:1068E00000BF07F04000A8B900BF00BF22785200E7
:1068F000296831F8121048F68F7201EA020040F45C
:10690000004141F0C00123785B002A6822F813108F
:1069100000BF00BF2EB1628961693346286806F066
:1069200033FB3046BDE8F0812DE9F04705460C46C3
:10693000904608F04000002871D02868B0F8501048
:10694000207801EBC000801C296801F5806131F8D6
:106950001000C0F30907A069B84203D9A069C01BA1
:10696000A06101E00020A061A06900287ED100BFE5
:106970006078C8B900BF29682A68B2F8502011446D
:106980002278022303EBC20201F5806303EB42008D
:1069900000BF028848F2FF331A400280028842F4A6
:1069A0000042028000BF13E06078012810D100BFD0
:1069B00028682A68B2F8502010442278022303EB9A
:1069C000C20200F5806303EB420100220A8000BF8F
:1069D00000BF00BF2968607810BB00BF2B68D5F8E6
:1069E00000C0BCF850C0634494F800C04FF00609E2
:1069F00009EBCC0C03F5806909EB4C0000BFB0F843
:106A000000C048F2FF390CEA090CA0F800C0B0F849
:106A100000C04CF4004CA0F800C000BF11E0C0E082
:106A2000607801280DD12868B0F850000144207822
:106A3000062303EBC00001F5806303EB4002002056
:106A4000108000BF21782846FFF72FFE08F4804011
:106A5000002816D000BF00BF22785200296831F804
:106A6000121048F68F7201EA020000E00AE040F4DA
:106A7000004141F4814123785B002A6822F8131019
:106A800000BFCAE108F48040A8B100BF00BF22786F
:106A90005200296831F8121048F68F7201EA02009C
:106AA00040F4004141F4814223785B00296821F8D9
:106AB000132000BF00BF94F824000128E1D16069D1
:106AC00038446061E0693844E0612169206A8842A5
:106AD00004D32669206A801B20620BE0206A20B95B
:106AE0003E46002084F8240004E0002084F82400BE
:106AF000266A206200BF6078B8BB00BF2A68296898
:106B0000B1F850100A442178022303EBC10102F5C9
:106B1000806303EB4101084600BF56B9038848F281
:106B2000FF3C03EA0C030380038843F40043038023
:106B300019E03E2E0BD800BF710806F0010303B127
:106B4000491C4FF6FF7303EA812303800BE000BF6B
:106B5000710906F01F0303B9491E4FF4004343EACD
:106B60008123038000BF00BF13E0FFE760780128A6
:106B70000FD100BF28682A68B2F85020104422784C
:106B8000022303EBC20200F5806303EB42010E8097
:106B900000BF00BFB3B222896169286806F023FAFA
:106BA0003BE12868B0F85010207801EBC000801D50
:106BB000296801F5806131F81000C0F30907A06968
:106BC000B84203D3A069C01BA06101E00020A0610E
:106BD000A06900287DD100BF6078C8B900BF2968CE
:106BE0002A68B2F8502011442278022303EBC20233
:106BF00001F5806303EB420000BF028848F2FF33D7
:106C00001A400280028842F40042028000BF13E072
:106C10006078012810D100BF28682A68B2F8502097
:106C200010442278022303EBC20200F5806303EBD9
:106C3000420100220A8000BF00BF00BF29686078BF
:106C400008BB00BF2B68D5F800C0BCF850C0634437
:106C500094F800C04FF0060909EBCC0C03F58069ED
:106C600009EB4C0000BFB0F800C048F2FF390CEA55
:106C7000090CA0F800C0B0F800C04CF4004CA0F81B
:106C800000C000BF10E0607801280DD12868B0F87E
:106C9000500001442078062303EBC00001F5806317
:106CA00003EB40020020108000BF21782846FFF748
:106CB000FCFC08F48040002816D100BF00BF2278F9
:106CC0005200296831F8121048F68F7201EA02006A
:106CD00000E00AE040F4004141F4814123785B0088
:106CE0002A6822F8131000BF97E008F48040A8B982
:106CF00000BF00BF22785200296831F8121048F610
:106D00008F7201EA020040F4004141F4814123788E
:106D10005B002A6822F8131000BF00BF94F824001B
:106D200001287AD1606938446061E0693844E061E3
:106D30002169206A884204D32669206A801B206268
:106D40000BE0206A20B93E46002084F8240004E0CD
:106D5000266A0020206284F8240000BF2A68607838
:106D600090BB00BFD5F800C02968B1F850108C4422
:106D700021784FF0060909EBC1010CF5806909EB98
:106D80004101084600BF76B9B0F8009048F2FF3ADA
:106D900009EA0A09A0F80090B0F8009049F4004907
:106DA000A0F8009020E03E2E0FD800BF710806F03A
:106DB0000109B9F1000F00D0491C4FF6FF7909EA2B
:106DC0008129A0F800900FE010E000BF710906F0E3
:106DD0001F09B9F1000F00D1491E4FF4004949EADB
:106DE0008129A0F8009000BF00BF0FE06078012863
:106DF0000CD12868B0F8500002442078062101EB3D
:106E0000C00002F5806101EB40031E8000BFB3B2F9
:106E100062896169286806F0E6F800BF22785200AE
:106E2000296831F8121048F6BF7201EA020080F0BA
:106E3000100080F0200040F4004141F080012378F0
:106E40005B002A6822F8131000BF0020BDE8F0871D
:106E5000024601F0070000EB800302F5B47000EB7E
:106E6000C300C06970472DE9F04705460E469046BD
:106E70001F464FF0000906F0800080280AD106F076
:106E8000070000EB800105F1280000EBC1040120A0
:106E9000607009E006F0070000EB800105F5B470B2
:106EA00000EBC1040020607006F007002070C4F8F9
:106EB0001080E770607808B12078E081022F01D15E
:106EC0000020207100BF95F8A802012802D10220FD
:106ED000BDE8F087012085F8A80200BF2146286898
:106EE00004F056FE00BF002085F8A80200BF484607
:106EF000EEE72DE9F04105460E461746984606F0A6
:106F0000070000EB800105F5B47000EBC104676178
:106F1000C4F818800020E061607006F0070020705F
:106F200006F0070020B92146286805F052FA03E070
:106F30002146286805F04DFA0020BDE8F08170B5C3
:106F400004460D4605F007006168884201D901201A
:106F500070BD05F0800080280AD105F0070000EB25
:106F6000800104F1280000EBC1060120707007E0E9
:106F700005EB850104F5B47000EBC10600207070CC
:106F80000120B07005F00700307000BF94F8A8022F
:106F9000012801D10220DBE7012084F8A80200BF0C
:106FA0003146206805F0E7F905F0070020B904F53F
:106FB0002C71206805F06FF900BF002084F8A8024A
:106FC00000BF00BFC4E72DE9F04105460E469046DC
:106FD0001F4606F0070000EB800105F1280000EBDA
:106FE000C104C4F81480A761012084F8240027623A
:106FF0000020E0610120607006F00700207006F0BC
:10700000070020B92146286805F0E3F903E021468E
:10701000286805F0DEF90020BDE8F0817FB5044660
:10702000206805F0ADFF00F40040B0F5004F02D13C
:10703000204602F01DFC206805F0A2FF00F48060ED
:10704000B0F5806F0FD12068B0F844004FF6FF31E3
:1070500008402168A1F84400204600F09FF9002173
:10706000204600F0BBF9206805F08AFF00F480405C
:10707000B0F5804F08D12068B0F844004BF6FF719E
:1070800008402168A1F84400206805F079FF00F469
:107090000050B0F5005F08D12068B0F844004DF60C
:1070A000FF7108402168A1F84400206805F068FFDE
:1070B00000F48050B0F5805F1DD12068B0F840002A
:1070C0004FF6FB7108402168A1F840002068B0F835
:1070D00040004FF6F77108402168A1F840002046B3
:1070E00000F06EF92068B0F844004EF6FF710840D9
:1070F0002168A1F84400206805F042FF00F4006018
:10710000B0F5006F55D1002507E06900206830F820
:1071100011002DF81500681CC5B2082DF5D32068A4
:10712000B0F8400040F001002168A1F8400020685C
:10713000B0F840004FF6FE7108402168A1F8400009
:1071400000BF2068B0F8440000F480600028F8D048
:107150002068B0F844004FF6FF3108402168A1F8DC
:107160004400002507E03DF815006A00216821F879
:107170001200681CC5B2082DF5D32068B0F8400095
:1071800040F008002168A1F840002068B0F84400F1
:107190004FF2FF7108402168A1F844002068B0F860
:1071A000400040F004002168A1F84000204600F0B3
:1071B00057F9206805F0E4FE00F40070B0F5007F98
:1071C0000BD12068B0F844004FF6FF510840216809
:1071D000A1F84400204600F0FAF8206805F0D0FE3F
:1071E00000F48070B0F5807F08D12068B0F84400CA
:1071F0004FF6FF6108402168A1F844007FBD30B51B
:1072000085B0044614B9012005B030BD94F8A90238
:1072100028B9002084F8A802204600F09DF8032039
:1072200084F8A902206805F02CF8142204F110015A
:107230006846FEF787FB94E80F0004F0CFFE20B10C
:10724000022084F8A9020120DEE70021206805F071
:10725000C0FE002531E0012105EB850204F1280084
:1072600000EBC200417005EB850104F1280000F835
:10727000315005EB850100EBC100C581002105EB14
:10728000850204F1280000EBC200C17005EB850205
:1072900004F1280000EBC200016105EB850204F156
:1072A000280000EBC200416105EB850204F12800D3
:1072B00000EBC2008161681CC5B26068A842CAD8F0
:1072C00000252AE0002105EB850204F5B47000EBEF
:1072D000C200417005EB850104F5B47000F831502F
:1072E000002105EB850200EBC200C17005EB8502B1
:1072F00004F5B47000EBC200016105EB850204F5F2
:10730000B47000EBC200416105EB850204F5B47076
:1073100000EBC2008161681CC5B26068A842D1D888
:10732000142204F110016846FEF70CFB94E80F00EC
:1073300004F09CFF20B1022084F8A902012063E739
:10734000002084F82400012084F8A902206804F0B9
:107350008AFF002058E7000038B504460D49206830
:10736000884215D100BF0C48C06940F400000A49AA
:10737000C8610846C06900F40000009000BF00BF6B
:10738000002211461420FFF71BF91420FFF708F91B
:1073900038BD0000005C00400010024070B504469B
:1073A0000125A068022801D0FEF778FC2946D4F810
:1073B000E80204F0C3F8D4F8E80204F075F870BDF0
:1073C00010B50446D4F8E80204F09CF810BD10B5DE
:1073D0000446D4F8E80204F0A0F810BD70B50446E5
:1073E0000D4600BF94F8A802012801D1022070BD0B
:1073F000012084F8A80200BF84F8245029462068A0
:1074000005F0EAFD00BF002084F8A80200BF00BF1D
:10741000EDE710B5044604F52C71D4F8E80204F049
:10742000A4F810BD10B5044600BF94F8A8020128C6
:1074300001D1022010BD012084F8A80200BF2068FD
:1074400005F08CFD01212046FFF72EF9206804F09D
:1074500007FF00BF002084F8A80200BF00BFE9E7D3
:1074600010B50446D4F8E80204F0D8F8A06928B1B1
:107470000348006840F006000149086010BD0000A4
:1074800010ED00E0012001490862704700000E4243
:107490002DE9F04385B006463BA30FCB01AC0FC4EA
:1074A0003DA0006800904FF0000800250027002450
:1074B000A146012E30D0022E55D0102E5ED1374875
:1074C0004468006800F0807000B301A8C4F38341F1
:1074D000475C04F4803070B130484068C0F34040ED
:1074E0001DF8008004F4803040B12D48B0FBF8F066
:1074F00000FB07F502E02B4807FB00F52748406832
:1075000000F48000B0F5800F01D1A94603E06800C7
:107510000321B0FBF1F932E02048046A04F4407022
:10752000B0F5807F05D104F0020010B14FF400499E
:1075300018E004F44070B0F5007F07D11748406AA6
:1075400000F0020010B149F640490BE004F440702D
:10755000B0F5407F06D11148006800F4003008B152
:107560004FF224490BE000F09BF90C494968C1F344
:107570008131491C4900B0FBF1F900E000BF00BFB8
:10758000484605B0BDE8F083020304050607080974
:107590000A0B0C0D0E0F101001020000001002402B
:1075A00000127A0000093D00F8B5044600260025C7
:1075B000207800F0010000286BD000274348C06904
:1075C00000F0805070B900BF4048C06940F0805062
:1075D0003E49C8610846C06900F08050009000BF75
:1075E00000BF01273A48006800F48070B0B93848FD
:1075F000006840F4807036490860FEF72BFF0646AD
:1076000006E0FEF727FF801B642801D90320F8BDA0
:107610002F48006800F480700028F2D02B48006AE0
:1076200000F440752DB3A08800F44070A84220D02B
:107630002648006A20F44075012026490860002091
:1076400008602248056205F0010090B1FEF702FFD4
:10765000064608E0FEF7FEFE801B41F288318842B4
:1076600001D90320D3E71948006A00F0020000287E
:10767000F0D01648006A20F440706168084313494E
:107680000862012F04D10846C06920F08050C8610B
:1076900000BF207800F00200022807D10B484068A4
:1076A00020F44040A168084308494860207800F071
:1076B0001000102807D10548406820F48000E168D8
:1076C0000843024948600020A1E700000010024082
:1076D00000700040400442427047000070B504460C
:1076E0000D460CB9012070BD5A48006800F0070033
:1076F000A8420ED25748006820F007002843554999
:1077000008600846006800F00700A84201D0012088
:10771000E9E7207800F0020002281DD1207800F06F
:107720000400042805D14C48406840F4E0604A4910
:107730004860207800F00800082805D146484068D5
:1077400040F46050444948604348406820F0F000ED
:10775000A168084340494860207800F0010078B3F0
:107760006068012806D13C48006800F4003090B9F8
:107770000120B8E76068022806D13748006800F0A9
:10778000007040B90120AEE73348006800F0020005
:1077900008B90120A7E73048406820F0030061687D
:1077A00008432D494860FEF755FE064609E0FEF7FE
:1077B00051FE801B41F28831884202D9032092E7B2
:1077C00007E02548406800F00C006168B0EB810FCD
:1077D000EDD12048006800F00700A8420ED91D48EE
:1077E000006820F0070028431A490860084600682E
:1077F00000F00700A84201D0012074E7207800F0D3
:107800000400042807D11448406820F4E060E168CF
:10781000084311494860207800F00800082808D182
:107820000D48406820F46050216940EAC1000A49CF
:10783000486000F045F808494968C1F30311074A58
:10784000515CC8400649086006480068FEF758FECB
:10785000002048E7002002400010024064E40008D5
:1078600000010020E800002001200149C8647047A1
:1078700000004242014800687047000000010020FB
:1078800000B5FFF7F7FF04494968C1F30221034A35
:10789000515CC84000BD00000010024074E40008C4
:1078A00000B5FFF7E7FF04494968C1F3C221034A65
:1078B000515CC84000BD00000010024074E40008A4
:1078C000F0B585B00FF26C0C9CE8E01001A8A0E8C0
:1078D000E0101CA52D680095002100220023002443
:1078E0000020194D696801F00C05F5B1042D02D096
:1078F000082D19D101E0154819E001ADC1F3834607
:10790000AC5D01F4803555B10F4D6D68C5F3404550
:107910001DF805200D4D6543B5FBF2F302E00C4D5B
:1079200004FB05F3184602E000BF084800BF00BF93
:1079300005B0F0BD02030405060708090A0B0C0D8B
:107940000E0F1010010200000010024000127A0019
:1079500000093D0010B50648806800F080008028CE
:1079600004D1FFF7B9FE80200149887210BD0000E4
:1079700000100240F8B504460CB90120F8BD20788B
:1079800000F00100002878D0F848406800F00C00B2
:1079900004280CD0F548406800F00C00082811D1EC
:1079A000F248406800F48030B0F5803F0AD1EF48DB
:1079B000006800F4003000285FD0606800285CD1C7
:1079C0000120DBE700BF6068B0F5803F06D1E748E3
:1079D000006840F48030E549086028E0606858B9E4
:1079E000E248006820F48030E049086008460068FA
:1079F00020F4802008601AE06068B0F5A02F0BD159
:107A0000DA48006840F48020D849086008460068D9
:107A100040F4803008600AE0D448006820F48030E8
:107A2000D24908600846006820F48020086000BF42
:107A3000606888B1FEF70EFD054606E0FEF70AFD18
:107A4000401B642801D9032098E7C848006800F467
:107A500000300028F2D010E0FEF7FCFC054606E0FE
:107A6000FEF7F8FC401B642801D9032086E7BF48D5
:107A7000006800F400300028F2D1207800F0020005
:107A8000022857D1B948406800F00C0050B1B748FF
:107A9000406800F00C00082818D1B448406800F491
:107AA000803098B9B148006800F0020020B1206928
:107AB000012801D0012061E7AC48006820F0F800FF
:107AC000616940EAC100A949086033E02069E8B172
:107AD0000120A7490860FEF7BDFC054606E0FEF759
:107AE000B9FC401B022801D9032047E79F480068E2
:107AF00000F002000028F2D09C48006820F0F80056
:107B0000616940EAC1009949086013E00020984982
:107B10000860FEF79FFC054606E0FEF79BFC401B55
:107B2000022801D9032029E79048006800F00200EC
:107B30000028F2D1207800F0080008282DD1A06993
:107B4000B8B101208B490860FEF784FC054606E0C9
:107B5000FEF780FC401B022801D903200EE7834872
:107B6000406A00F002000028F2D0012002F0BEF8C6
:107B700013E000207F490860FEF76CFC054606E034
:107B8000FEF768FC401B022801D90320F6E677487F
:107B9000406A00F002000028F2D1207800F00400D2
:107BA000042873D100277148C06900F0805070B973
:107BB00000BF6E48C06940F080506C49C8610846FB
:107BC000C06900F08050009000BF00BF01276A48E4
:107BD000006800F48070B0B96748006840F48070B5
:107BE00065490860FEF736FC054606E0FEF732FC04
:107BF000401B642801D90320C0E65F48006800F4F8
:107C000080700028F2D000BFE068012806D15748F4
:107C1000006A40F001005549086227E0E06858B961
:107C20005248006A20F00100504908620846006A84
:107C300020F00400086219E0E06805280BD14B48E9
:107C4000006A40F00400494908620846006A40F0B2
:107C5000010008620AE04548006A20F0010043493B
:107C600008620846006A20F00400086200BFE0686D
:107C7000A0B1FEF7EFFB054609E0FEF7EBFB401B6A
:107C800041F28831884202D9032077E622E0374862
:107C9000006A00F002000028EFD012E0FEF7DAFBE5
:107CA000054608E0FEF7D6FB401B41F288318842CA
:107CB00001D9032062E62D48006A00F00200002886
:107CC000F0D1012F05D12948C06920F08050274903
:107CD000C86100BFE069C8B32448406800F00C00E8
:107CE000082860D0E069022848D1002020490866B1
:107CF000FEF7B0FB054606E0FEF7ACFB401B022892
:107D000001D903203AE61948006800F00070002805
:107D1000F2D1206AB0F5803F07D11448406820F4C2
:107D20000030A168084311494860D4E908010843BC
:107D30000E49496821F4741108430C494860012038
:107D40000B490866FEF786FB054607E03DE0FEF7B7
:107D500081FB401B022801D903200FE6034800687D
:107D600000F000700028F2D02FE000000010024068
:107D7000000042428004424200700040002014494A
:107D80000866FEF767FB054606E0FEF763FB401B4F
:107D9000022801D90320F1E50E48006800F00070C8
:107DA0000028F2D111E0E069012800D1E6E5094898
:107DB000466806F48031206A814204D106F47011CD
:107DC000606A814201D00120D8E50020D6E500009C
:107DD00000004242001002402DE9F04780460E4666
:107DE0009246002500270024A146404601F0D7FF17
:107DF00081462548B9FBF0F424480068A04240D0F1
:107E00002248046040F2B2750EE0284605F00CFBF3
:107E1000012806D1B4F5B77F02D3A4F5B77402E008
:107E200005E0A4F26D146D1CB4F5B67FEDD800BF6B
:107E30002F46A5F5FA60F070002515E0012D09D157
:107E4000384605F0F1FA012804D11D2C01D31D3C60
:107E500009E00BE00E48405DA04203D80C48405DAD
:107E6000241A00E002E06D1C1C2CE7D200BF681C45
:107E70007070601CB070B2787178F07801F0A9FF72
:107E800030700020BDE8F08780510100FC00002028
:107E900058E400082DE9F04707460C4691460026B5
:107EA000B046002538684068C0F3800010B101205A
:107EB000BDE8F087384601F072FF06464FF4616076
:107EC000B6FBF0F5B6FBF0F100FB11603C21B0FB16
:107ED000F1F060704FF46160B6FBF0F100FB1160EF
:107EE0003C21B0FBF1F201FB1200A0701820B5FBA1
:107EF000F0F100FB11502070182D08D31820B5FBAD
:107F0000F0F8B5FBF0F100FB1150207000E0257097
:107F10000020CDE770B5044600250CB9012070BDE6
:107F2000607C20B900202074204600F05BF802201D
:107F30006074204600F085F918B1042060740120B7
:107F4000EDE7204601F0F1FE18B104206074012035
:107F5000E5E72068406820F0070021684860A068D5
:107F600028B11F48006820F001001D4908601C4826
:107F7000001F006820F46070A16808431849091FB9
:107F800008606068401C08B1656809E00120FFF7DF
:107F90007FFA05461DB9042060740120BFE76D1EFD
:107FA0002068806820F00F0040EA15402168886052
:107FB0002068C06865F30F002168C860204601F0A2
:107FC000D1FE18B1042060740120A8E70021E173FC
:107FD00001216173A1730120607400209FE70000FC
:107FE000306C004038B504460B492068884212D1F5
:107FF000FFF748FA00BF0948C06940F00060074930
:10800000C8610846C06900F00060009000BF00BF72
:1080100001200349086038BD0028004000100240DC
:108020003C0442422DE9F04F87B006460F464FF020
:1080300000090020069080460024059004900390DB
:10804000824600BF48A207CA8DE80700304601F00B
:10805000A6FE81464FF46160B9FBF0F006904FF444
:108060006160B9FBF0F100FB11903C21B0FBF1F035
:10807000C0B204904FF46160B9FBF0F100FB1190C5
:108080003C21B0FBF1F201FB12000390182106988D
:10809000B0FBF1F201FB12000590F87800F5FA68E8
:1080A00040F63300804500D9804640F2B2708045EA
:1080B00000D2804640F2B2750AE0284605F0B4F9D5
:1080C000012802D12B48044401E02B4804446D1CD4
:1080D0004545F2D397F801A0404605F0A5F90128DF
:1080E00004D1BAF1020F01D924480444AAF1010ACB
:1080F000002507E01DF8050040F2A321484304EBEA
:10810000C0146D1C5545F5D397F802B0ABF10100D2
:1081100040F2A321484304EBC0140598C0EB401182
:10812000C1EB002004EB00140498C0EB001004EB3A
:1081300080040398044400BF307C012803D102204E
:1081400007B0BDE8F08F0120307400BF02207074CA
:108150002146304601F07FFE0120707400BF0020F0
:10816000307400BF00BFEBE71F1C1F1E1F1E1F1F28
:108170001E1F1E1F0085E2018033E10180510100B6
:108180002DE9F05F04460D46904600260027B146D3
:10819000B246204601F003FE07464FF46160B7FB8C
:1081A000F0F9B9F1180F0AD31820B9FBF0FA0AEB6D
:1081B0004A00C0004FF4616100FB01F700E00027B6
:1081C00000BF207C012802D10220BDE8F09F0120E1
:1081D000207400BF02206074B8F1000F0BD1287822
:1081E0004FF4616148436978C1EB011100EB8100F4
:1081F000A978461812E0287801F08CFD4FF46161EF
:1082000000FB01FB687801F085FDC0EB00100BEB73
:10821000800BA87801F07EFD0BEB00063E44314652
:10822000204601F018FE2068406820F00500216813
:1082300048600120607400BF0020207400BF00BFB0
:10824000C3E770B5044600250CB9012070BD206855
:10825000406820F0080021684860FEF7FBF80546FA
:1082600007E0FEF7F7F8401BB0F57A7F01D903204D
:10827000ECE72068406800F008000028F1D00020FA
:10828000E4E710B504460CB9012010BD606A38B9A6
:108290006068B0F5827F00D105E00021E16102E075
:1082A0000021216161610021A16294F8510028B987
:1082B000002084F85000204600F042F8022084F8A4
:1082C00051002068006820F0400021680860A08804
:1082D00000F48270218901F404410843A18901F46A
:1082E00000610843217C01F002010843217D01F077
:1082F00001010843218B01F400710843217F01F043
:10830000380108432021095D01F080010843218DD7
:1083100001F400510843216808600421A06901EAC2
:108320001040216848602068C06920F4006021681E
:10833000C86100206065012084F851000020A4E796
:1083400010B586B00446002002900390049005907A
:108350001949206888422DD100BF1848806940F42F
:108360008050164988610846806900F48050019069
:1083700000BF00BF00BF0846806940F0040088616C
:108380000846806900F00400019000BF00BFA020F3
:108390000290022003900320059002A90848FDF7EF
:1083A000BBFE4020029000200390049002A90448E4
:1083B000FDF7B2FE06B010BD0030014000100240D3
:1083C000000801402DE9FF5F0446884691461D469E
:1083D0000E9E012002900020019000BF94F85000F2
:1083E000012803D1022004B0BDE8F09F012084F8E9
:1083F000500000BFFEF72EF8074694F851B06068B1
:108400000390AA46BBF1010F0BD00398B0F5827F11
:1084100004D1A06810B9BBF1040F02D00220019072
:10842000DBE0B8F1000F03D0B9F1000F00D015B9AF
:1084300001200190D1E094F85100042802D00520D9
:1084400084F8510000206065C4F83890E587A5875E
:10845000C4F83080E586A5862064606420680068E2
:1084600000F04000402805D02068006840F040003F
:1084700021680860E068B0F5006F4AD1606810B10B
:10848000BAF1010F09D1206B00882168C860206B08
:10849000801C2063E08E401EE08633E02068806808
:1084A00000F00200022810D1E08E70B1029801287D
:1084B0000BD1206B00882168C860206B801C206372
:1084C000E08E401EE086002002902068806800F068
:1084D000010068B1E08F58B12068C068A16B0880C6
:1084E000A06B801CA063E08F401EE08701200290FB
:1084F000FDF7B0FFC01BB04204D3701C10B10320C5
:1085000001906AE0E08E0028C8D1E08F0028C5D134
:108510004AE0606810B1BAF1010F09D1206B007810
:1085200021680873206B401C2063E08E401EE086AB
:1085300034E02068806800F00200022810D1E08E4C
:1085400070B1029801280BD1206B00782168087364
:10855000206B401C2063E08E401EE08600200290CD
:108560002068806800F0010068B1E08F58B1206891
:10857000C068A16B0870A06B401CA063E08F401E18
:10858000E08701200290FDF765FFC01BB04201D3D8
:10859000701C00B916B9032001901EE0E08E00287F
:1085A000C7D1E08F0028C4D13A463146204601F0B9
:1085B00085FC20B101200190202060650DE0A068BD
:1085C00050B900BF002000902068C068009020686B
:1085D0008068009000BF00BF00BF012084F85100F8
:1085E00000BF002084F8500000BF0198FBE670B582
:1085F00004462546681EB0F1807F01D301200FE0BC
:10860000681E4FF0E02148610F214FF0FF3004F069
:1086100041FD00204FF0E021886107200861002023
:1086200070BD70477047000030B502460B4600BF72
:1086300092F83C00012801D1022030BD012082F8CF
:108640003C0000BF022082F83D00106844681068BA
:10865000816824F070041868044310684460104D69
:108660001068A8420BD01068B0F1804F07D00D4DB4
:108670001068A84203D00C4D1068A84205D121F023
:1086800080015868014310688160012082F83D0034
:1086900000BF002082F83C0000BF00BFCDE7000013
:1086A000002C0140000400400008004010B50446C2
:1086B0000CB9012010BD94F83D0028B9002084F8C1
:1086C0003C00204600F026F8022084F83D00211DE1
:1086D000206801F087FE012084F8460000BF84F87E
:1086E0003E0001213F200155402001554120015508
:1086F00000BF00BF012084F8420043200155442000
:1087000001554520015500BF012084F83D0000209F
:10871000D0E7000038B504460D492068884215D1DD
:1087200000BF0C48C06940F002000A49C861084611
:10873000C06900F00200009000BF00BF0022114697
:108740001D20FDF73DFF1D20FDF72AFF38BD00006D
:108750000004004000100240014691F83D0001284D
:1087600001D001207047022081F83D00124B0868BB
:1087700098420BD00868B0F1804F07D00F4B0868C3
:10878000984203D00E4B086898420CD10868806864
:1087900000F00702062A0CD00868006840F00100CB
:1087A0000B68186005E00868006840F001000B687D
:1087B00018600020D6E70000002C014000040040B3
:1087C00000080040014691F83D00012801D0012039
:1087D0007047022081F83D000868C06840F0010041
:1087E0000B68D860124B086898420BD00868B0F14B
:1087F000804F07D00F4B0868984203D00E4B086893
:1088000098420CD10868806800F00702062A0CD054
:108810000868006840F001000B68186005E008680F
:10882000006840F001000B6818600020D0E70000ED
:10883000002C014000040040000800402DE9F041F8
:1088400004460D4600BF94F83C00012802D10220E6
:10885000BDE8F081012084F83C0000BF022084F8CC
:108860003D002068866826F0770626F47F4620685B
:1088700086602868502833D00CDC202850D004DCD7
:1088800000284BD0102851D149E0302849D0402849
:108890004CD139E060282DD0702807D0B0F5805F2A
:1088A00003D0B0F5005F41D10DE040E0D5E90213FF
:1088B0006A68206801F0D0FD2068866846F0770677
:1088C0002068866033E0D5E902136A68206801F009
:1088D000C3FD2068806840F480402168886026E0FD
:1088E000EA686968206801F0CBFD5021206801F03A
:1088F000BEFD1CE0EA686968206801F0D4FD6021D3
:10890000206801F0B4FD12E0EA686968206801F0AF
:10891000B7FD4021206801F0AAFD08E000BF00BFBC
:1089200000BF2968206801F0A2FD00E000BF00BF81
:10893000012084F83D0000BF002084F83C0000BF07
:1089400000BF85E7704710B5044620680069C0F392
:108950004000D8B12068C068C0F34000B0B16FF0EB
:10896000020021680861012020772068806900F0FA
:10897000030018B12046FFF7E5FF05E0204600F0B0
:10898000ADF8204600F0ABF80020207720680069A1
:10899000C0F38000D8B12068C068C0F38000B0B1D7
:1089A0006FF0040021680861022020772068806948
:1089B00000F4407018B12046FFF7C4FF05E02046E0
:1089C00000F08CF8204600F08AF80020207720681C
:1089D0000069C0F3C000D8B12068C068C0F3C0000F
:1089E000B0B16FF00800216808610420207720688A
:1089F000C06900F0030018B12046FFF7A3FF05E0AF
:108A0000204600F06BF8204600F069F8002020773F
:108A100020680069C0F30010D8B12068C068C0F3B6
:108A20000010B0B16FF010002168086108202077B5
:108A30002068C06900F4407018B12046FFF782FF3B
:108A400005E0204600F04AF8204600F048F80020F3
:108A500020772068006900F0010058B12068C068E4
:108A600000F0010030B16FF001002168086120467C
:108A700000F036F820680069C0F3C01058B12068D3
:108A8000C068C0F3C01030B16FF080002168086189
:108A90002046FFF7C6FD20680069C0F3801058B17A
:108AA0002068C068C0F3801030B16FF040002168CA
:108AB0000861204600F020F820680069C0F34010EB
:108AC00058B12068C068C0F3401030B16FF020008A
:108AD000216808612046FFF7A5FD10BD704770476B
:108AE00010B5044603492068884201D101F094FA88
:108AF00010BD000000040040704770477047000040
:108B00002DE9F84F0446206805682068C66820688B
:108B100047694FF00009CA4605F00F09B9F1000F87
:108B20000AD105F0200038B106F0200020B120461F
:108B300001F002FDBDE8F88FB9F1000F71D007F028
:108B4000010018B906F4907000286AD005F0010001
:108B500030B106F4807018B1206C40F00100206440
:108B600005F0040030B107F0010018B1206C40F0AE
:108B70000200206405F0020030B107F0010018B1D6
:108B8000206C40F00400206405F0080048B106F0B5
:108B9000200010B907F0010018B1206C40F0080067
:108BA0002064206C68B305F0200028B106F0200096
:108BB00010B1204601F0C0FC20684069C0F3801A63
:108BC000206C00F0080010B9BAF1000F22D0204646
:108BD00001F087FC2068406900F04000B0B12068D7
:108BE000406920F0400021684861A06B50B15648B0
:108BF000A16B4863A06BFDF751F910B1A06B416BFD
:108C000088470CE02046FFF779FF08E02046FFF791
:108C100075FF04E02046FFF771FF0020206489E71C
:108C2000FFE7206B012878D105F01000002874D0F0
:108C300006F01000002870D000BF002000902068CF
:108C40000068009020684068009000BF00BF206866
:108C5000406900F04000C0B3A06B006840681FFA94
:108C600080F8B8F1000F2FD0A08D40452CDDA4F87E
:108C70002E80A06B806920281FD02068C06820F457
:108C800080702168C8602068406920F00100216878
:108C900048612068406920F0400021684861202038
:108CA00084F83E00002020632068C06820F0100097
:108CB0002168C860A06BFDF7C5F8A08DE28D801A11
:108CC00081B22046FFF719FF34E7FFE7A08DE18D61
:108CD000401A1FFA80F8E08DE8B1B8F1000F1AD001
:108CE0002068C06820F490702168C86020684069DE
:108CF00020F0010021684861202084F83E00002017
:108D000020632068C06820F010002168C8604146D8
:108D10002046FFF7F2FE0DE7FFE705F0800030B1D7
:108D200006F0800018B1204601F0F6FC02E705F0DD
:108D3000400030B106F0400018B1204601F0ECFBD5
:108D4000F8E600BFF6E60000CFA4000810B5044620
:108D50000CB9012010BDA06900B100E000BF94F87B
:108D60003D0028B9002084F83C00204600F028F897
:108D7000242084F83D002068C06820F40050216859
:108D8000C860204601F04AFC2068006920F4904049
:108D9000216808612068406920F02A002168486144
:108DA0002068C06840F400502168C860002020643A
:108DB000202084F83D0084F83E000020CAE700002F
:108DC00010B586B0044600200290039004900590F0
:108DD0005D49206888423FD100BF5C48806940F40B
:108DE00080405A4988610846806900F480400190BB
:108DF00000BF00BF00BF0846806940F008008861DE
:108E00000846806900F00800019000BF00BF4020C4
:108E10000290022003900320059002A94C48FDF720
:108E20007BF98020029000200390049002A948481A
:108E3000FDF772F900BF4749486840F0E06040F034
:108E40000400486000BF002211462520FDF7B8FB52
:108E50002520FDF7A5FB75E03F492068884236D103
:108E600000BF3A48C06940F400303849C86108463C
:108E7000C06900F40030019000BF00BF00BF084689
:108E8000806940F0040088610846806900F00400B1
:108E9000019000BF00BF0420029002200390032035
:108EA000059002A92D48FDF737F90820029000200F
:108EB0000390049002A92948FDF72EF900221146DB
:108EC0002620FDF77DFB2620FDF76AFB3AE02449CA
:108ED0002068884236D100BF1C48C06940F4802019
:108EE0001A49C8610846C06900F48020019000BF9B
:108EF00000BF00BF0846806940F00800886108464E
:108F0000806900F00800019000BF00BF08150290C2
:108F1000022003900320059002A90D48FDF7FCF8FC
:108F20004FF40060029000200390049002A90848CA
:108F3000FDF7F2F8002211462720FDF741FB27201C
:108F4000FDF72EFB06B010BD0038014000100240B6
:108F5000000C0140000001400044004000080140B6
:108F60000048004070472DE9F84F04460E4617466A
:108F700099464FF0000A94F83D0020285AD106B1D6
:108F800017B90120BDE8F88F00BF94F83C00012814
:108F900001D10220F6E7012084F83C0000BF002048
:108FA0002064212084F83D00FDF754FA8246A7840E
:108FB000E784A068B0F5805F04D1206910B900256E
:108FC000B04602E035464FF0000800BF002084F8AC
:108FD0003C0000BF1BE05346002280212046CDF814
:108FE000009001F0C9FB08B10320CBE745B9B8F800
:108FF0000000C0F308002168486008F1020803E09F
:109000002878216848606D1CE08C401EE084E08C6C
:109010000028E0D15346002240212046CDF80090A0
:1090200001F0AAFB08B10320ACE7202084F83D0042
:109030000020A7E70220A5E77047000006E004A093
:1090400005F066F8FE210A2004F004FBF7E70000B3
:109050007B22526563697665223A7B225374617480
:109060007573223A37307D7D0A00000030B59DB01F
:1090700004460D467022284901A8FCF763FC332DF5
:1090800037D006DC102D0BD0122D3AD0142D40D144
:1090900017E0352D1DD0372D0BD0392D39D120E0DB
:1090A000A006010E1D4B01AA602000F0B3F81DB010
:1090B00030BDA006010E194B05AA612000F0AAF8E8
:1090C000F5E7A006010E154B09AA602000F0A2F8F2
:1090D000EDE7A006010E114B0DAA612000F09AF8F1
:1090E000E5E7A006010E0D4B11AA612000F092F8F1
:1090F000DDE7A006010E094B15AA612000F08AF8F1
:10910000D5E7A006010E054B19AA602000F082F8F1
:10911000CDE70120CBE700007CE40008F01B002035
:1091200070B504460D462946204600F0F5F870BD9E
:1091300070B505460026002404E000200E490855BD
:10914000601CC4B20A2CF8DB0B4800F09AF808B196
:109150004E2070BD084800F018F908B94E20F8E715
:10916000002404E00448005D2855601CC4B2042CAF
:10917000F8DB0020EDE70000F01B002070B504468E
:109180000D462946204600F0BEF970BD30B50B46AD
:10919000002100BF16E00A24B4EB107F05D930246B
:1091A00004EB107403F8114005E0412404EB107443
:1091B0000A3C03F81140000100254C00641C1D55B9
:1091C0004C1CE1B29142E6DB30BD2DE9FC41044686
:1091D000002700210D2003F029FF9320207020207C
:1091E000607001A823460222214600900C2000F066
:1091F000F9F806465EB9002503E0605D4740681C4B
:10920000C5B2042DF9DB605DB84200D002263046BD
:10921000BDE8FC812DE9F04385B006460F46904637
:1092200099468DF804608DF80570002406E018F862
:10923000041001AAA01C1154601CC4B2062CF6DB59
:10924000002407E019F8041001AA04F108001154E1
:10925000601CC4B2042CF5DB04A801AB0C2201A9EC
:1092600000900E2000F0BEF805462DB9082000F051
:1092700009FE00F0080000B90225284605B0BDE847
:10928000F08370B5044608210846FCF7A9FC214686
:10929000522000F05CF805461DB92046FFF795FF07
:1092A0000546284670BD000010B50122102118485F
:1092B000FDF7CAF8002201211648FDF7C5F8012084
:1092C000FCF744FE012211461248FDF7BDF80120CB
:1092D000FCF73CFE00F053F88D212A2003F0A6FE97
:1092E0003E212B2003F0A2FE1E212D2003F09EFE26
:1092F00000212C2003F09AFE4021152003F096FE59
:109300003D21112003F092FEFCF79BFB10BD0000F5
:1093100000080140000C01407CB505460C46302099
:1093200020706570A21C02212046FCF727FC01A8D2
:1093300023460422214600900C2000F053F80646F4
:1093400016B90198902800D0022630467CBD7CB525
:1093500006460C4607210D2003F068FE267001A882
:1093600023460122214600900C2000F03BF80546E0
:1093700015B90198102800D0022528467CBD10B5EB
:109380000F21012003F052FE10BDF0B585B0074655
:1093900093208DF8040070208DF80500002405E06E
:1093A000395D01AAA01C1154601CC4B2052CF7DB66
:1093B0000DF10B02072101A8FCF7E0FB04A801ABAB
:1093C000092201A900900C2000F00CF805462DB9E7
:1093D0000498182802D19DF8046000E00026304669
:1093E00005B0F0BD2DE9FE4F0646884691469A46E7
:1093F000DDF830B0022002900020019000900C2E89
:1094000006D00E2E09D1122001901020009005E008
:10941000772001903020009000E000BF00BF01984D
:1094200040F08001022003F001FE80210420FCF7BF
:10943000D7FB80210A2000F0C2FD0021012003F0AB
:10944000F5FD002505E018F80510092003F0EEFDF4
:109450006D1C4D45F7D33146012003F0E7FD0C2E7E
:1094600003D180210D2000F0AAFD4FF4FA6500BF62
:10947000042000F007FD04466D1E35B104F0010024
:1094800018B9009820400028F2D080210D20FCF768
:10949000A7FB95B3062000F0F5FC00F01B0068BBAD
:1094A000002002900198204000F0010008B1012046
:1094B00002900C2E24D10A2000F0E4FC04460C207B
:1094C00000F0E0FC00F007072FB1601E07EBC000C2
:1094D000CBF8000002E0E000CBF8000004B9012462
:1094E000102C00DD1024002505E0092000F0CAFC46
:1094F0000AF805006D1CA542F7D301E00220029096
:109500000298BDE8FE8FF0B587B006460F46A02052
:109510008DF804008DF805600DF10602022101A806
:10952000FCF72CFB06A801AB042201A900900C203B
:10953000FFF758FF054645B90698042805D19DF860
:10954000040000F00F000A2800D002250DBB002403
:1095500004E0385D01A90855601CC4B2102CF8DB8A
:1095600005AA102101A8FCF709FB06A801AB1222ED
:1095700001A900900C20FFF735FF054645B9069874
:10958000042805D19DF8040000F00F000A2800D03F
:109590000225284607B0F0BD00B585B00020019037
:1095A00002900390049000BF2C48806940F01000A6
:1095B0002A4988610846806900F01000009000BFC9
:1095C00000BF00BF0846806940F02000886108465F
:1095D000806900F02000009000BF00BF00BF084677
:1095E000806940F0040088610846806900F004004A
:1095F000009000BF00BF00BF0846806940F008002F
:1096000088610846806900F00800009000BF00BF34
:1096100000224FF4E2611248FCF716FF00220921F4
:109620001048FCF711FF4FF4E26001900120029016
:10963000002003900320049001A90948FCF76CFD69
:109640000920019001200290002003900220049044
:1096500001A90448FCF760FD05B000BD0010024000
:1096600000080140000C014010B507480749086098
:109670000620486040F6FF7104488160FCF7F0FE68
:1096800008B1FCF70BFB10BD003000403008002093
:109690001CB50020019000900748084908604FF071
:1096A000FF3048604FF4807104488160FEF732FC5F
:1096B00008B1FCF7F3FA1CBD002800403C0800206C
:1096C00010B50F480F4908604FF4827048600021C0
:1096D0000C488160C160016141614FF4007181619A
:1096E0002821C1610021016241624FF40051816271
:1096F0000921C162FEF7C5FD08B1FCF7CFFA10BD24
:10970000003001405008002000B587B000200390D1
:109710000490059006900190029014481449086046
:1097200040F2DB5048600021114881600121C16096
:10973000002101618161FEF7B9FF08B1FCF7AEFAC3
:109740004FF48050039003A90948FFF777F808B158
:10975000FCF7A4FA00200190029001A90448FEF74A
:1097600063FF08B1FCF79AFA07B000BD000400409F
:10977000A808002010B509480949086000210848D8
:109780008160C16001610C21416100218161C16181
:10979000FFF7DCFA08B1FCF781FA10BD0038014090
:1097A000F008002010B50B480B4908604FF4E13079
:1097B0004860002108488160C16001610C2141615D
:1097C00000218161C161FFF7C1FA08B1FCF766FAB7
:1097D00010BD000000440040340900201FB50020E7
:1097E00000900190029003904FF48050009001206F
:1097F0000190022002900320039069461448FCF770
:109800008BFC00224FF480511148FCF71DFE6420B0
:10981000FCF79CFB00220F490F4801F09CFC08B1AB
:10982000FCF73CFA0D490C4801F02EFF08B1FCF79B
:1098300035FA0B49084801F034F908B1FCF72EFA63
:10984000054801F0EBFF08B1FCF728FA1FBD000046
:10985000000801407C000020BC0900201401002009
:10986000D400002000BFFEE7FEF774F800BFFEE75B
:109870002DE9F0470546EAE12868B0F844A00AF06F
:109880000F06002E7ED10AF01000B0BB00BF296881
:10989000098848F60F7201EA020040F400412A6884
:1098A000118000BF05F128042868B0F85010207816
:1098B00001EBC000801C296801F5806131F81000BF
:1098C000C0F30900E061E16960690844606100215A
:1098D0002846FCF7EAFE95F824000028CBD0A069C2
:1098E0000028C8D195F8240040F080002968A1F82C
:1098F0004C00002085F82400A9E1FFE705F5B474C9
:109900002868B0F8008008F4006030B32868B0F828
:109910005010207801EBC000801D296801F580619E
:1099200031F81000C0F30900E061A18B8BB2E2882E
:1099300005F52C71286803F027FB00BF296809880A
:1099400040F68F7201EA020040F080012A6811801F
:1099500000BF2846FDF75DFD79E108F400400028CE
:1099600089D000BF2968098840F68F7201EA020099
:1099700040F080012A68118000BF2868B0F85010BC
:10998000207800E06FE001EBC000801D296801F540
:10999000806131F81000C0F30900E061E06990B126
:1099A000606980B1B4F81CC01FFA8CF3E288616969
:1099B000286803F0E9FAE169606908446061002100
:1099C0002846FCF782FE2868008800F40060002822
:1099D00092D100BF2A682968B1F850100A4402F2F7
:1099E0000C41084600BF236953B9038848F2FF3C85
:1099F00003EA0C030380038843F4004303801EE062
:109A000023693E2B0DD800BF23695908237C03F03E
:109A1000010303B1491C4FF6FF7303EA812303805E
:109A20000DE000BF23695909237C03F01F0303B92C
:109A3000491E4FF4004343EA8123038000BF00BF67
:109A400000BF00BF296809884BF68F7201EA020047
:109A500080F4805080F4005040F4004141F08001D7
:109A60002A681180F3E07100286830F8118008F44A
:109A7000004000287ED000BF7200296831F8121023
:109A800040F68F7201EA020040F0800173002A68FC
:109A900022F8131000BF06EB860105F5B47000EB49
:109AA000C104207BB0B92868B0F85010207801EBD1
:109AB000C000801D296801F5806131F81000C0F3F5
:109AC0000907002F5BD0E28861693B46286803F0F4
:109AD0005BFA54E0E078022806D142462146284647
:109AE000FCF776FE07464AE000BF00BF227852002E
:109AF000296831F8121048F68F7201EA020040F42A
:109B0000004141F0C00123785B002A6822F813105D
:109B100000BF00BF21784900286830F8110000F428
:109B20008040A8B12868B0F85010207801EBC00040
:109B3000801C296801F5806131F81000C0F3090725
:109B4000EFB1228961693B46286803F01DFA16E0EF
:109B50002868B0F85010207801EBC000801D2968FB
:109B600001F5806131F81000C0F309073FB1628947
:109B7000616900E017E03B46286803F005FAE069F8
:109B80003844E061606938446061A06910B12069BF
:109B9000B84204D921782846FCF797FD03E0214616
:109BA000286802F016FC08F08000B0B306EB8601CE
:109BB00005F1280000EBC10400BF7200296831F8EC
:109BC000121048F60F7201EA020040F400417300DF
:109BD0002A6822F8131000BFE078032807D0E07845
:109BE00028B1E07802282DD108F4807050BB286895
:109BF000B0F85010207801EBC000801C296801F5F6
:109C0000806131F81000C0F30909A069484505D901
:109C1000A069A0EB0900A06102E018E00020A061AB
:109C2000A06920B921782846FCF73FFD0FE0606964
:109C300048446061E0694844E0612146286802F0D8
:109C4000C8FB04E0424621462846FCF76DFE286822
:109C5000B0F8440000F4004000287FF40DAEBDE8E9
:109C6000F087704710B5022405E00A49081903F08F
:109C700029FF601CC4B207484078401CA042F4DAB7
:109C800005A004F045FA4FF416710248FBF773FE85
:109C9000002010BD700400207B2252656365697648
:109CA00065223A7B22537461747573223A32362CE2
:109CB0002254797065223A22506F735472616E7328
:109CC000616374696F6E227D7D0A000001B582B008
:109CD0006420012301AA02A900900348FEF772FB49
:109CE0009DF804000EBD00005008002008B508498A
:109CF0000968C9084FF47A72B1FBF2F1414300914F
:109D000000BF00BF00994A1E00920029F9D108BD8A
:109D100000010020014600BF080900EB800042005E
:109D200001F00F001044C0B2704770B50446002522
:109D3000FCF790FB054607E0FCF78CFB401BB0F5F9
:109D40007A7F01D9032070BD2068406800F02000B0
:109D50000028F1D02068406840F010002168486079
:109D60000020F0E770B5044600252068406820F028
:109D7000100021684860FCF76DFB054607E0FCF722
:109D800069FB401BB0F57A7F01D9032070BD2068C4
:109D9000406800F020000028F1D00020F6E730B540
:109DA000014600220023002400200D68AD69AAB2FC
:109DB0000D68ED69ACB20D68AD69ABB29A4205D0E1
:109DC0000D68ED6963F31F45284601E044EA02404F
:109DD00030BDF0B504460B460021002504F5FA61BC
:109DE000032B1BD2C3EBC30000EB03100926B0FB0F
:109DF000F6F01044001D4618481E06EB9006642736
:109E0000B0FBF7F0361A481EBF00B0FBF7F0304445
:109E10000726B0FBF6F706FB17051AE0C3EBC300F5
:109E200000EB03100926B0FBF6F01044001D0844B7
:109E300000EB91006426B1FBF6F6801B4FF4C87668
:109E4000B1FBF6F63044801E0726B0FBF6F706FBA2
:109E50001705E8B2F0BD70B504460D460026204651
:109E6000FFF763FF08B101260AE0280C216888612A
:109E7000A8B22168C8612046FFF774FF00B101262F
:109E8000304670BD70B50446002210210A48FCF728
:109E9000DBFA7E2101EA440141F08000FFF716FF62
:109EA0000020FFF713FF0546012210210248FCF7AE
:109EB000CBFA284670BD000000080140F8B5044602
:109EC0000D4616462B46002280212046009600F0C3
:109ED00009F828B1606D40F0200060650320F8BDEE
:109EE0000020FCE72DE9F84F04460D4690461E463B
:109EF000DDF82890FCF7AEFAA0EB0900371AFCF762
:109F0000A9FA82462C480068C0F3CB307843009011
:109F100045E0701C002842D0FCF79CFAA0EB0A0038
:109F2000B84200D2A7BB2068406820F0E00021685A
:109F300048606068B0F5827F0DD1A068B0F5004F31
:109F400003D0A068B0F5806F05D12068006820F0CC
:109F5000400021680860A06AB0F5005F0DD100BF25
:109F60002068006820F400502168086020680068BC
:109F700040F400502168086000BF012084F85100BF
:109F800000BF002084F8500000BF0320BDE8F88F18
:109F9000FFE7009800B900270098401E0090206855
:109FA00080682840A84201D1012000E000204045FF
:109FB000AFD10020EAE7000000010020704770B533
:109FC00005460C462846FFF75DFF064646EA0401B3
:109FD000284603F02BF870BD0146012901DB012062
:109FE00070470120024A02EB411290700020F7E70F
:109FF000901B002070B504460D4629462046FCF70C
:10A000001BFA70BD70B504460D4616463246294609
:10A010002046FCF719FA70BD70B500F0F9F8054656
:10A02000002411E0164800EB4410C07F1549097860
:10A03000884208D145FA04F202F00101104A02EB0D
:10A04000441000F0ABF8641C012CEBDB0D480078E9
:10A0500048B9002405E00A4901EB441000F01BF95F
:10A06000641C012CF7DB07480078401C0549087088
:10A0700008460078052801DB0020087070BD00004C
:10A08000901B002017020020F0B504460D4616462E
:10A09000059F012C01DB0120F0BD0020254901EBCB
:10A0A00044110870234901EB44118871214901EBE7
:10A0B000441148711F4901EB441148811D4901EBCE
:10A0C000441148701B4901EB44118870194901EB98
:10A0D00044110871174901EB4411C870154901EB8F
:10A0E0004411C871134901EB44110872124800EB86
:10A0F0008410104901EB4411C8600E4800EB441075
:10A1000083610C4800EB441087830A4800EB44103D
:10A110000561084800EB441086820020054901EBE8
:10A1200044118877034901EB4411C877FFF754FFC6
:10A130000020B1E7901B0020B01B002030B5034683
:10A140000C46012B01DB012030BD134800EB43100E
:10A15000007808B10120F7E700200F4D05EB43150B
:10A16000E8710D4800EB43100272002106E0605CCC
:10A17000094D05EB4315ED686854491C9142F6DB27
:10A180000120054D05EB43152870034D05EB4315E4
:10A1900068700020D8E70000901B002010B582787E
:10A1A000002A33D0827962B901B110BD0022427118
:10A1B0008279521C82710023C2682032448913556F
:10A1C00024E08279092A14DAC26820324389D25CF9
:10A1D00001F001034479A3401A43D3B2C26820328C
:10A1E000448913558279521C82714279521C427102
:10A1F0000CE08279092A09D100228271827729B183
:10A2000042891F2A02DA4289521C428100BFCCE7F0
:10A2100070B5002600242CE0184A02EB4412918B02
:10A22000164A02EB44129069FFF7E4FE0546134814
:10A2300000EB44108079B0B9104800EB4410807FE7
:10A2400088B985B90E480078801C052190FBF1F291
:10A2500001FB1200094901EB4411C87701200749AD
:10A2600001EB4411887705F00100A0403043C6B2ED
:10A27000641C012CD0DB304670BD0000901B002018
:10A280001702002070B504460D46A18A2A462069AF
:10A29000FFF7B8FE70BD10B50446607800283FD0C7
:10A2A000207958B9012020700020E070002120465C
:10A2B000FFF7E8FF2079401C207131E02079092860
:10A2C00010DAE279E068805CE278104100F0010188
:10A2D0002046FFF7D7FF2079401C2071E078401C12
:10A2E000E0701DE02079092807D101212046FFF701
:10A2F000C9FF2079401C207112E020790A280FD173
:10A3000000202071E079401CE071207AE1798842D8
:10A3100003DD01202070607002E00020207060707A
:10A3200010BD10B5FCF7CCF810BD00B593B02821D6
:10A3300009A8FBF720FB142104A8FBF71CFB002055
:10A3400000900190029003900D2009904FF480300E
:10A350000A9000200B9001200C900D900F9002208D
:10A360001090C10311914FF4E011129109A8FDF76B
:10A3700001FB08B1FBF792FC0F200490022005902E
:10A38000002006904FF48060079000200890022182
:10A3900004A8FDF7A3F908B1FBF780FC1120009099
:10A3A0004FF480700190002003906846FDF7FCF8A0
:10A3B00008B1FBF773FCFDF757FA13B000BD0000BE
:10A3C00001480249086070470058000808ED00E0A5
:10A3D00010B50348FEF784FB0148FEF7B4FA10BD40
:10A3E000A808002010B50268184B984208D0B0F1B8
:10A3F000804F05D0164B984202D0164B984203D19D
:10A4000022F070024B681A43104B984208D0B0F10A
:10A41000804F05D00E4B984202D00E4B984203D18C
:10A4200022F44072CB681A4322F080034C6943EA5D
:10A43000040202608B68C3620B688362034B98421C
:10A4400001D10B6903630123436110BD002C01405E
:10A45000000400400008004030B50C46816821F43B
:10A460007F4142EA032525432943816030BD0A46E6
:10A47000816821F0700142F0070319438160704741
:10A4800030B50B461446026A056A25F001050562DF
:10A49000816921F0F00141EA041122F00A021A4315
:10A4A0008161026230BD30B50B461446056A25F065
:10A4B000100505628169026A21F4704141EA0431A4
:10A4C00022F0A00242EA03128161026230BD70B53F
:10A4D00005466C6A0020E085E0842046FEF70EFB0E
:10A4E00070BD0168C96821F490710268D16001688B
:10A4F000496921F0010102685161016B012905D10F
:10A500000168C96821F010010268D160202180F83B
:10A510003E1000210163704710B504462068C068F2
:10A5200020F040002168C860202084F83D002046CB
:10A53000FEF782FD002010BDF8B5044694F83E00F9
:10A54000222869D1A068B0F5805F0CD1206950B98C
:10A550000025A66A20684068C0F308003080A06A21
:10A56000801CA06215E0A56A0026A068B0F5805F97
:10A5700003D0A06828B9206918B9206840682870FD
:10A5800004E02068406800F07F002870A06A401C4A
:10A59000A062E08D401E80B2E085A8BB2068C06844
:10A5A00020F020002168C8602068C06820F4807016
:10A5B0002168C8602068406920F001002168486176
:10A5C000202084F83E00206B01281ED1002020634B
:10A5D0002068C06820F010002168C860206800680A
:10A5E00000F0100010280AD100BF00200090206861
:10A5F0000068009020684068009000BF00BFA18DF7
:10A600002046FEF77AFA03E004E02046FEF7AAFCB3
:10A610000020F8BD0020FCE70220FAE770B50446F0
:10A620002168096921F44051E268114322681161EF
:10A630002269A1681143626941EA02052168C9687B
:10A6400041F20C62914329432268D1602168496933
:10A6500021F44071A2691143226851612D4A216899
:10A66000914202D1FDF71CF901E0FDF709F900EB79
:10A67000C00101EB001162689200B1FBF2F100EB46
:10A68000C00202EB001263689B00B2FBF3F264238A
:10A69000B2FBF3F202EBC20303EB0212A1EB820165
:10A6A000322202EB01116422B1FBF2F101F0F00160
:10A6B00000EBC00202EB001263689B00B2FBF3F2F6
:10A6C0006423B2FBF3F201EB021200EBC00101EBD9
:10A6D000001163689B00B1FBF3F100EBC00303EBD7
:10A6E00000136668B600B3FBF6F36426B3FBF6F31B
:10A6F00003EBC30606EB0313A1EB8301322303EB49
:10A7000001116423B1FBF3F101F00F011144226840
:10A71000916070BD00380140014691F83D0021284C
:10A7200028D18868B0F5805F0BD1086948B90A6AFA
:10A730001088C0F308000B685860086A801C086223
:10A7400005E00B6A581C086218780B685860C88CC2
:10A75000401E80B2C88458B90868C06820F08000E4
:10A760000B68D8600868C06840F040000B68D8608B
:10A77000002070470220FCE72DE9F04104460D4619
:10A7800017469846069E21E0701CF8B12EB1FBF7E3
:10A7900061FEA0EB0800B04218D92068C06820F420
:10A7A000D0702168C8602068406920F001002168ED
:10A7B0004861202084F83D0084F83E0000BF00205E
:10A7C00084F83C0000BF0320BDE8F08120680068E9
:10A7D0002840A84201D1012000E00020B842D3D097
:10A7E0000020F1E710B50248FEF78AF910BD00001D
:10A7F000F008002010B50E48FEF782F90C480068FA
:10A80000006800F02000202811D10A480068C1B279
:10A8100009480A4A12688154002102460748006824
:10A82000401C115405480068401C0449086010BDD4
:10A8300034090020044400401802002024000020B5
:10A840002DE9F04104460D46D4F8B862D4F8C07240
:10A85000D4F8B80278B305EB850104F1140000EBDD
:10A860008100806808B305EB850104F1140000EB5A
:10A87000810005EB8502816807F1280000EBC2002A
:10A880000069B1FBF0F200FB121070B9002105EB7A
:10A89000850204F1140000EB8200816000231A4657
:10A8A0002946204600F0C4FE02E00020C6F814024B
:10A8B0000020BDE8F081FFE70220FAE770B504460A
:10A8C0000E46D4F8B8523146204600F056FDC5F881
:10A8D0000C02D4F8B80248B1D5F80402D4F8BC127E
:10A8E000CA6805F503719047002070BD0220FCE79F
:10A8F00070B504460E4600258121204600F057FC25
:10A900000021E1620121204600F051FC0021C4F841
:10A910006C118221204600F04AFC00212164D4F809
:10A92000B80250B1D4F8BC1248688047D4F8B802D5
:10A9300001F027F90020C4F8B802284670BD70B5B0
:10A940000546D5F8B842D5F8BC0278B194F80002B3
:10A95000FF280BD094F8012294F80002D5F8BC121D
:10A960008B6821469847FF2084F80002002070BDC4
:10A9700001460A20088001487047000008010020B5
:10A9800001464320088001487047000090010020E4
:10A990000146432008800148704700004C01002018
:10A9A000014643200880014870470000D401002080
:10A9B0002DE9F04104460F460026207C88B94FF46B
:10A9C000007302228121204600F03EFD0121E16258
:10A9D0004B020222204600F037FD0121C4F86C1121
:10A9E0000FE0402302228121204600F02DFD0121AD
:10A9F000E16240230222204600F026FD0121C4F836
:10AA00006C11082303228221204600F01DFD012144
:10AA100021644FF4077001F0B5F8C4F8B802D4F817
:10AA2000B80208B901261CE0D4F8B852D4F8BC1218
:10AA3000086880470020C5F81402C5F81802207C79
:10AA400040B94FF4007301212046D5F8042200F0EC
:10AA500013FD06E0402301212046D5F8042200F032
:10AA60000BFD3046BDE8F08170B50446D4F8B8520D
:10AA7000D4F8B80298B1207C40B94FF4007301219A
:10AA80002046D5F8042200F0F7FC06E0402301211F
:10AA90002046D5F8042200F0EFFC002070BD022013
:10AAA000FCE70246022011B1C2F8BC120020704738
:10AAB0000246D2F8B832C3F804120020704710B52D
:10AAC0000346D3F8B842C4F80812C4F81022002094
:10AAD00010BD2DE9FC4105460C46D5F8B8620020B2
:10AAE000019000900027207800F0600040B32028FB
:10AAF0005FD1E088E0B1207800F0800060B1E288AA
:10AB00006078D5F8BC128B6831469847E2883146A8
:10AB1000284600F0E6F812E0607886F80002A07996
:10AB200086F80102E2883146284600F0B9F806E0CE
:10AB30006078D5F8BC1200228B68214698473EE029
:10AB4000607820B10A2812D00B282AD11FE095F88E
:10AB50009C02032805D102226946284600F0C1F86C
:10AB600004E02146284600F08FF802271FE095F800
:10AB70009C02032805D1012201A9284600F0B1F862
:10AB800004E02146284600F07FF802270FE095F800
:10AB90009C02032804D02146284600F075F80227BD
:10ABA00005E02146284600F06FF8022700BF00BFED
:10ABB00005E02146284600F067F8022700BF00BFE5
:10ABC0003846BDE8FC8170B50546D5F8B842D5F8E1
:10ABD000B802A8B1D4F8140280B90120C4F8140254
:10ABE000D4F810122963B4F8100283B281212846E8
:10ABF000D4F8082200F01CFD002070BD0120FCE705
:10AC00000220FAE770B504460D46D4F8B40229468E
:10AC1000426820469047002070BD70B504460D463E
:10AC200094F89C02012804D0022803D003280CD1F8
:10AC300001E000BF00BF6888012805D10020C4F8EA
:10AC4000A402204600F05EF804E02946204600F009
:10AC50001BF800BF00BF70BD70B506460C46154618
:10AC60002B4622460021304600F006FC002070BD35
:10AC700070B506460C4615462B4622460021304646
:10AC800000F0D6FC002070BD70B504460D46802152
:10AC9000204600F0A1FC0021204600F09DFC70BD84
:10ACA00070B504460E4615460320C4F894024FF4CE
:10ACB000AE700551001D05512B463246002120463D
:10ACC00000F0DAFB002070BD10B504460520C4F882
:10ACD000940200231A461946204600F0CDFB0020BE
:10ACE00010BD70B504460E4615460220C4F8940205
:10ACF000E56125622B4632460021204600F098FC93
:10AD0000002070BD10B504460420C4F8940200234E
:10AD10001A461946204600F08BFC002010BD0000AA
:10AD200070B505460C462DB92246064906A000F02E
:10AD3000D3F904E02246034903A000F0CDF901480D
:10AD400070BD0000800C002043444320436F6E66BA
:10AD50006967000002461220088001487047000021
:10AD60009800002070B505460C462DB922460649CC
:10AD700006A000F0B1F904E02246034903A000F068
:10AD8000ABF9014870BD0000800C00204344432013
:10AD9000496E7465726661636500000002460420B6
:10ADA0000880014870470000AC00002070B50546DF
:10ADB0000C462246024903A000F08EF9004870BDFF
:10ADC000800C00204A6168616E476F737461720085
:10ADD00070B505460C462DB92246064906A000F07E
:10ADE0007BF904E02246034903A000F075F901480D
:10ADF00070BD0000800C00204A6168616E476F736F
:10AE0000746172506F72740070B505460C461A205A
:10AE10002080FAF7FDFF014870BD0000B00000205F
:10AE200070B504460D46E888012804D0294620461E
:10AE3000FFF72AFF1EE094F89C02012804D00228A4
:10AE400003D0032810D109E000BF0020A060012238
:10AE500004F108012046FFF744FF0AE00122211D0A
:10AE60002046FFF73EFF04E029462046FFF70CFF8F
:10AE700000BF00BF70BDF8B504460E46002000902C
:10AE80000027002570880012082875D2DFE800F03E
:10AE9000C7040C20C7C7A5B5207CD4F8B0120A6837
:10AEA000694690470746C1E0207C40B9D4F8B40217
:10AEB000816A6846884707460220787007E0D4F820
:10AEC000B402C16A68468847074602207870ADE040
:10AED000B078062878D2DFE800F00316293C5063EA
:10AEE000D4F8B002406838B1207CD4F8B0124A6877
:10AEF00069469047074605E031462046FFF7C4FE05
:10AF0000681CC5B267E0D4F8B002806838B1207C14
:10AF1000D4F8B0128A6869469047074605E0314682
:10AF20002046FFF7B1FE681CC5B254E0D4F8B00269
:10AF3000C06838B1207CD4F8B012CA68694690471E
:10AF4000074605E031462046FFF79EFE681CC5B265
:10AF500041E0D4F8B002006938B1207CD4F8B012D6
:10AF60000A6969469047074605E031462046FFF7E3
:10AF70008BFE681CC5B22EE051E0D4F8B0024069E7
:10AF800038B1207CD4F8B0124A6969469047074628
:10AF900005E031462046FFF777FE681CC5B21AE08F
:10AFA000D4F8B002806940B1207CD4F8B0128A692C
:10AFB00069469047074606E006E031462046FFF71F
:10AFC00063FE681CC5B206E031462046FFF75CFE12
:10AFD000681CC5B200BF00BF28E0207C30B9D4F89F
:10AFE000B402416B68468847074605E03146204673
:10AFF000FFF74AFE681CC5B218E0207C40B9D4F8BF
:10B00000B402016B6846884707460720787005E060
:10B0100031462046FFF738FE681CC5B206E03146CF
:10B020002046FFF731FE681CC5B200BF00BF05B166
:10B03000F8BDBDF8000088B1F08878B1F088BDF89F
:10B040000010884202DDBDF8000000E0F0880090AA
:10B05000BDF8002039462046FFF743FEF08810B9BE
:10B060002046FFF74FFE00BFE2E70146002002E066
:10B07000421CD0B2491C0A78002AF9D1704770B539
:10B0800004460D4694F89C02012804D0022803D0FF
:10B0900003281AD101E000BF00BFE888022804D0CD
:10B0A00029462046FFF7F0FD14E00120E060D4F8C7
:10B0B000A40218B1E06840F00200E060022204F14E
:10B0C0000C012046FFF70DFE04E029462046FFF75D
:10B0D000DBFD00BF00BF70BD2DE9F04104460D4609
:10B0E00017460026FCB12046FFF7BFFF022101EB07
:10B0F000400038803A783046711CCEB22A54032280
:10B100003046711CCEB22A540AE014F8012B3046A6
:10B11000711CCEB22A5400223046711CCEB22A5481
:10B1200020780028F1D1BDE8F0810146002031B13E
:10B13000012906D0022906D0032908D105E0002004
:10B1400007E0022005E0012003E0022001E00220E8
:10B1500000BF00BF704770B504460D4616460CB9D7
:10B16000022070BDD4F8B40210B10020C4F8B402BB
:10B170000DB1C4F8B052012084F89C02267020461C
:10B1800000F004F90020ECE72DE9F04104460D46FB
:10B19000002600272946D4F8C002FBF7DBFA064652
:10B1A0003046FFF7C2FF07463846BDE8F0812DE97B
:10B1B000F04104460D46002600272946D4F8C00277
:10B1C000FBF793FA06463046FFF7AFFF07463846CF
:10B1D000BDE8F0812DE9F04104460E461746002EE9
:10B1E00064D104F11405D4F89402022848D1D5E9B9
:10B1F0000301884210D9D5E90301401AE860A88903
:10B2000082B239462046FFF733FD00231A4619461D
:10B21000204600F031F93EE02969A868B0FBF1F260
:10B2200001FB1200B8B92969A868884213D3A8683D
:10B23000D4F8981288420ED2002211462046FFF719
:10B2400017FD0020C4F8980200231A46194620462C
:10B2500000F012F91FE0D4F8B402C06840B194F8CD
:10B260009C02032804D1D4F8B402C1682046884760
:10B270008021204600F0B0F92046FFF725FD0AE0C6
:10B28000D4F89402042802D0D4F8940218B980218A
:10B29000204600F0A1F994F8A002012818D1204618
:10B2A00000F0FAF9002084F8A00211E0D4F8B4020A
:10B2B000406950B194F89C02032806D1D4F8B40236
:10B2C000314642692046904702E00220BDE8F08105
:10B2D0000020FBE72DE9F04104460E461746BEBBB1
:10B2E00004F5AA75D4F89402032825D1D5E9030101
:10B2F000884210D9D5E90301401AE860D5E9030175
:10B30000884201D2E86800E0286982B239462046C6
:10B31000FFF7A2FC2FE0D4F8B402006940B194F822
:10B320009C02032804D1D4F8B4020169204688475E
:10B330002046FFF7E7FC1EE0D4F8940205281AD156
:10B340000020C4F894020021204600F045F912E0E4
:10B35000FFE7D4F8B402806950B194F89C02032846
:10B3600006D1D4F8B402314682692046904702E003
:10B370000220BDE8F0810020FBE770B504460D46D1
:10B380002946D4F8C002FBF763FD70BD10B5044632
:10B390001D48C0F8E842C4F8C0021C481A490860B9
:10B3A0000820486002211848816000218161C16144
:10B3B0000162FBF724FF08B1FAF770FC04F5307462
:10B3C0001823002211462068FBF74CF9582300226D
:10B3D00080212068FBF746F9C023002281212068E4
:10B3E000FBF740F94FF48873002201212068FBF736
:10B3F00039F92068A4F530744FF48073002282215B
:10B40000FBF730F9002010BD50160020005C004012
:10B4100010B50246D2F8C03201F08000802809D170
:10B4200001F07F0000EB800403F1280000EBC40072
:10B43000807810BD01F07F0000EB800403F5B4704C
:10B4400000EBC4008078F4E72DE9F04704460F468E
:10B4500015461E464FF00008C1462B463246394677
:10B46000D4F8C002FBF7FFFC80464046FFF75DFEC4
:10B4700081464846BDE8F0872DE9F04704460D4671
:10B4800016461F464FF00008C1463B463246294645
:10B49000D4F8C002FBF72DFD80464046FFF745FE7D
:10B4A00081464846BDE8F08710B504464023002297
:10B4B00011462046FFF7C8FF01214FF4AC7001513F
:10B4C00040214FF4B27001514023002280212046D8
:10B4D000FFF7BAFF0121A16140216162012084F8D8
:10B4E0009C020020C4F894026060C4F8A402D4F85E
:10B4F000B80228B12179D4F8B402426820469047B6
:10B50000002010BD014691F89C02042803D191F857
:10B510009D0281F89C020020704710B5044694F803
:10B520009C02032808D1D4F8B402C06920B1D4F831
:10B53000B402C16920468847002010BD024611743C
:10B54000002070472DE9F04104460D4600260027F3
:10B550002946D4F8C002FBF741FF06463046FFF704
:10B56000E4FD07463846BDE8F08170B504460D4657
:10B57000294604F52A7000F073F80120C4F89402FB
:10B5800040F2AE20005BC4F8980294F8A80200F0E4
:10B590001F0020B1012808D0022812D10BE004F5C9
:10B5A0002A71204600F041F913E004F52A71204683
:10B5B00000F0A8FA0DE004F52A71204600F086F9A3
:10B5C00007E094F8A80200F08001204600F004F89B
:10B5D00000BF00BF002070BD2DE9F04104460D46BC
:10B5E000002600272946D4F8C002FBF7A8FC06462F
:10B5F0003046FFF79AFD07463846BDE8F08170B542
:10B60000044600250026D4F8C002FBF70BFF0546D0
:10B610002846FFF78AFD0646304670BD014691F880
:10B620009C0281F89D02042081F89C020020704752
:10B630002DE9F04704460D4616461F464FF0000818
:10B64000C1463B4632462946D4F8C002FBF7BBFC54
:10B6500080464046FFF769FD81464846BDE8F087D1
:10B660000A7802704A7842708B78CA7803EB02221B
:10B6700042800B794A7903EB022282808B79CA7966
:10B6800003EB0222C28070470246002011B1C2F8CB
:10B69000B41200E00220704701460020704770B5E8
:10B6A00004460D46A88810BBE88800BB688880283F
:10B6B0001DD2A87800F07F0694F89C02032804D1DC
:10B6C00029462046FFF7E0FA15E084F89E623146ED
:10B6D0002046FFF737FF2046FFF714FB1EB102207C
:10B6E00084F89C0207E0012084F89C0203E02946CC
:10B6F0002046FFF7C9FA70BD70B504460D46022614
:10B70000D4F8B40238B1D4F8B4022946026820460D
:10B71000904700B90026304670BD000070B5044661
:10B720000D46A8783649087008460078012804DDDF
:10B7300029462046FFF7A8FA60E094F89C02022808
:10B7400002D003284FD11CE02D480078A8B12C4826
:10B7500000786060032084F89C0229480178204624
:10B76000FFF7CAFF022804D129462046FFF78CFACA
:10B7700070BD2046FFF7C6FA02E02046FFF7C2FA86
:10B780003BE01F48007870B9022084F89C021C48F6
:10B79000007860601A4801782046FFF733FA2046A7
:10B7A000FFF7B0FA1EE0164909786068884216D0A3
:10B7B00021792046FFF726FA11480078606010488A
:10B7C00001782046FFF798FF022804D12946204639
:10B7D000FFF75AFACCE72046FFF794FA02E020463A
:10B7E000FFF790FA09E029462046FFF74DFA044892
:10B7F00001782046FFF706FA00BF00BF00BFB7E799
:10B800000401002070B505460C466088012804D16B
:10B81000C5F8A4022846FFF775FA70BD10B50446B6
:10B820002046FFF7ECFE002010BD70B505460C4623
:10B830000026207800F0600060B1202802D0402867
:10B840003CD100E000BFD5F8B4022146826828460A
:10B85000904738E060780A2829D2DFE800F0192301
:10B86000281E280A0528140F21462846FFF703FB47
:10B8700022E021462846FFF712FF1DE02146284618
:10B88000FFF74CFF18E021462846FFF7C9FA13E0FE
:10B8900021462846FFF7F3FB0EE021462846FFF736
:10B8A000B1FF09E021462846FFF7B7F904E0214639
:10B8B0002846FFF7E9F900BF00BF04E0214628460B
:10B8C000FFF7E2F900BF00BF304670BD2DE9F0413F
:10B8D00005460E464FF000083479307800F06000DD
:10B8E00060B1202802D0402871D100E000BFD5F817
:10B8F000B402314682682846904700E1307800F073
:10B900006000202809D1D5F8B40231468268284663
:10B91000904780464046BDE8F081707800285ED0B0
:10B9200001282FD0032876D195F89C02022802D056
:10B93000032820D110E054B1802C08D0214628469D
:10B94000FFF74AFE80212846FFF746FE03E0314616
:10B950002846FFF799F913E0708840B93CB1802C74
:10B9600005D0F08818B921462846FFF735FE28464D
:10B97000FFF7C8F904E031462846FFF785F900BF14
:10B9800000BFB5E095F89C02022802D003281FD121
:10B9900010E054B1802C08D021462846FFF71CFE49
:10B9A00080212846FFF718FE03E031462846FFF7BE
:10B9B0006BF912E0708848B904F07F0018B1214695
:10B9C0002846FFF7E1FB2846FFF79CF905E091E0E8
:10B9D00031462846FFF758F900BF00BF88E095F8C8
:10B9E0009C02022802D0032876D126E034B1802CB4
:10B9F00004D031462846FFF747F972E004F0800092
:10BA0000802809D104F07F0000EB800105F11400CB
:10BA100000EB810008E066E004F07F0000EB8001AD
:10BA200005F5AA7000EB810007460020386002226D
:10BA300039462846FFF755F953E004F08000802886
:10BA40000ED104F00F0000EB800105F1140000EBB3
:10BA50008100406898B931462846FFF715F940E063
:10BA600004F00F0000EB800105F5AA7000EB8100E7
:10BA7000406820B931462846FFF706F931E004F066
:10BA80008000802808D104F07F0000EB800105F1E0
:10BA9000140000EB810007E004F07F0000EB800160
:10BAA00005F5AA7000EB810007460CB1802C02D18D
:10BAB0000020386009E021462846FFF7A9FC10B1B4
:10BAC0000120386001E00020386002223946284613
:10BAD000FFF707F905E0FFE731462846FFF7D4F8FE
:10BAE00000BF00BF04E031462846FFF7CDF800BF95
:10BAF00000BF04E031462846FFF7C6F800BF00BF8C
:10BB0000404608E770B505460C460026207800F050
:10BB1000600030B1202802D040282AD100E000BFC8
:10BB200000BF95F89C02012804D0022803D0032806
:10BB300018D101E000BF00BF207901280DDCD5F845
:10BB4000B40221468268284690470646E08840B9FC
:10BB50003EB92846FFF7D6F803E021462846FFF70E
:10BB600093F804E021462846FFF78EF800BF00BF97
:10BB700004E021462846FFF787F800BF00BF0020F9
:10BB800070BD704701460148704700003C19002015
:10BB9000F0B5024600260878400032F8100048F65A
:10BBA0008F1400EA0403C87830B101280CD00228B1
:10BBB00005D003280BD104E043F4007309E000BF73
:10BBC00007E043F4C06304E043F4806301E001262E
:10BBD00000BF00BF43F4004040F080000C786400D8
:10BBE00022F8140000BF0C78640032F8144048F6C4
:10BBF0008F752C400D7844EA050040F4004444F071
:10BC000080040D786D0022F8154000BF087B0028E5
:10BC10007ED14878002852D000BF1046B2F850506C
:10BC200028440D7800F5806707EB0514CD886D106A
:10BC30006D00258000BF00BF0C78640032F814004E
:10BC400000F040048CB100BF0D786D0032F8155043
:10BC500048F68F7705EA070444F4004545F0C0052F
:10BC60000F787F0022F8175000BF00BFC878012866
:10BC700013D000BF0C78640032F8144048F6BF754A
:10BC800004EA050080F0200040F4004444F0800401
:10BC90000D786D0022F815409EE100BF0C7864001D
:10BCA00032F8144048F6BF7504EA050040F4004439
:10BCB00044F080040D786D0022F815408CE100BF3F
:10BCC0001046B2F8505028440D78042707EBC505FC
:10BCD00000F5806707EB4504CD886D106D00258069
:10BCE00000BF00BF1546B2F8504025440C78062727
:10BCF00007EBC40405F5806707EB4404204600BF4A
:10BD00000F6967B9078848F2FF3C07EA0C0700E0B3
:10BD100057E00780078847F4004707801EE00F6957
:10BD20003E2F0DD800BF0F697C080F7C07F001077C
:10BD300007B1641C4FF6FF7707EA842707800DE000
:10BD400000BF0F697C090F7C07F01F0707B9641E4D
:10BD50004FF4004747EA8427078000BF00BF00BFB9
:10BD600000BF0C78640032F8140000F480448CB1F9
:10BD700000BF0D786D0032F8155048F68F7705EA50
:10BD8000070444F4004545F481450F787F0022F80C
:10BD9000175000BF00BF00BF0C78640032F8144099
:10BDA0004BF68F7504EA050080F4805080F4005053
:10BDB00040F4004444F080040D786D0022F81540F2
:10BDC0000AE100BF0C78640032F8144048F68F7521
:10BDD00004EA050040F4004444F4C0740D786D009A
:10BDE00022F8154000BF00BF00BF00BF1046B2F8E8
:10BDF000505028440D7800F5806707EB05140D8935
:10BE00006D106D00258000BF00BF00BF00BF104651
:10BE1000B2F8505028440D78042707EBC50500F50B
:10BE2000806707EB45044D896D106D00258000BFCC
:10BE300000BF00BF487800285DD100BF0C786400C7
:10BE400032F8140000F480448CB100BF0D786D000E
:10BE500032F8155048F68F7705EA070444F4004598
:10BE600045F481450F787F0022F8175000BF00BFCE
:10BE700000BF0C78640032F8140000F040048CB16C
:10BE800000BF0D786D0032F8155048F68F7705EA3F
:10BE9000070444F4004545F0C0050F787F0022F800
:10BEA000175000BF00BF00BF0C78640032F8144088
:10BEB0004BF68F7504EA050080F4805080F4005042
:10BEC00040F4004444F080040D786D0022F81540E1
:10BED00000BF00BF0C78640032F8144048F6BF750C
:10BEE00004EA050040F4004444F080040D786D003D
:10BEF00022F8154070E000BF0C78640032F814009E
:10BF000000F480448CB100BF0D786D0032F81550FC
:10BF100048F68F7705EA070444F4004545F4814567
:10BF20000F787F0022F8175000BF00BF00BF0C78C9
:10BF3000640032F8140000F040048CB100BF0D78AA
:10BF40006D0032F8155048F68F7705EA070444F47F
:10BF5000004545F0C0050F787F0022F8175000BF5C
:10BF600000BFC878012813D000BF0C78640032F8F5
:10BF7000144048F6BF7504EA050080F0200040F444
:10BF8000004444F080040D786D0022F8154011E063
:10BF900000BF0C78640032F8144048F6BF7504EA1C
:10BFA000050040F4004444F080040D786D0022F850
:10BFB000154000BF00BF0C78640032F814404BF607
:10BFC0008F7504EA050040F4004444F080040D78C5
:10BFD0006D0022F8154000BF3046F0BD10B5044694
:10BFE000002010BD30B50246087B00285BD14878A0
:10BFF00060B300BF0B785B0032F8130000F0400321
:10C000008BB100BF0C78640032F8144048F68F758D
:10C0100004EA050343F4004444F0C0040D786D00C5
:10C0200022F8154000BF00BF00BF0B785B0032F85C
:10C03000133048F6BF7403EA040040F4004343F0B1
:10C0400080030C78640022F8143007E100BF0B78FD
:10C050005B0032F8130000F480438BB100BF0C7812
:10C06000640032F8144048F68F7504EA050343F47F
:10C07000004444F481440D786D0022F8154000BF5F
:10C0800000BF00BF0B785B0032F813304BF68F74A3
:10C0900003EA040040F4004343F080030C7864009A
:10C0A00022F81430DAE0487800286BD100BF0B7812
:10C0B0005B0032F8130000F480438BB100BF0C78B2
:10C0C000640032F8144048F68F7504EA050343F41F
:10C0D000004444F481440D786D0022F8154000BFFF
:10C0E00000BF00BF0B785B0032F8130000F0400384
:10C0F0008BB100BF0C78640032F8144048F68F759D
:10C1000004EA050343F4004444F0C0040D786D00D4
:10C1100022F8154000BF00BF00BF0B785B0032F86B
:10C12000133048F68F7403EA040040F4004343F0F0
:10C13000C0030C78640022F8143000BF00BF0B78F5
:10C140005B0032F813304BF68F7403EA040040F4BE
:10C15000004343F080030C78640022F8143000BFE1
:10C1600000BF0B785B0032F8133048F6BF7403EA67
:10C17000040040F4004343F080030C78640022F88C
:10C1800014306BE000BF0B785B0032F8130000F452
:10C1900080438BB100BF0C78640032F8144048F63D
:10C1A0008F7504EA050343F4004444F481440D7898
:10C1B0006D0022F8154000BF00BF00BF0B785B0088
:10C1C00032F8130000F040038BB100BF0C7864001C
:10C1D00032F8144048F68F7504EA050343F400442E
:10C1E00044F0C0040D786D0022F8154000BF00BF78
:10C1F00000BF0B785B0032F8133048F68F7403EA07
:10C20000040040F4004343F481430C78640022F8B6
:10C21000143000BF00BF0B785B0032F8133048F6D3
:10C22000BF7403EA040040F4004343F080030C7839
:10C23000640022F8143000BF00BF0B785B0032F8B6
:10C2400013304BF68F7403EA040040F4004343F0CC
:10C2500080030C78640022F8143000BF002030BD49
:10C2600001460020704701460020704710B5044683
:10C27000012024F8400F00202080A0802082403C34
:10C2800010BD01464FF43F42B1F840009043A1F881
:10C2900040000020704702460020704730B502463B
:10C2A000087B002865D1487888B300BF0B785B0015
:10C2B00032F8130000F040038BB100BF0C7864002B
:10C2C00032F8144048F68F7504EA050343F400443D
:10C2D00044F0C0040D786D0022F8154000BF00BF87
:10C2E000C878012845D000BF0B785B0032F81330C6
:10C2F00048F6BF7403EA040080F0200040F40043D5
:10C3000043F080030C78640022F8143031E0FFE73A
:10C3100000BF0B785B0032F8130000F480438BB150
:10C3200000BF0C78640032F8144048F68F7504EAB8
:10C33000050343F4004444F481440D786D0022F871
:10C34000154000BF00BF00BF0B785B0032F8133010
:10C350004BF68F7403EA040080F4805080F40050A0
:10C3600040F4004343F080030C78640022F814305A
:10C3700000BF002030BD10B50246487898B100BF1C
:10C380000B785B0032F8133048F6BF7403EA040000
:10C3900080F0100040F4004343F080030C78640008
:10C3A00022F8143013E000BF0B785B0032F8133032
:10C3B0004BF68F7403EA040080F4805040F400438D
:10C3C00043F080030C78640022F8143000BF002092
:10C3D00010BD2DE9F04706460C466078012876D15D
:10C3E0002169A069884201D9256900E0A569207BFF
:10C3F000A0B9ABB2E2883046616900F0F4FD00BF3D
:10C400003046B6F8502010442278022303EBC202D3
:10C4100000F5806303EB42010D8081E3E0780228A0
:10C420007DD12169206A88427AD900BF21784900EC
:10C4300036F8111048F68F7201EA020040F400410C
:10C4400041F4C0712278520026F8121000BF206A11
:10C45000401B20622078400036F8100000F04000B9
:10C4600000287DD000BF3346607888BB00BF3246CD
:10C47000B6F850100A4421784FF0060909EBC101C3
:10C4800002F5806909EB4101084600BF75B9B0F8B3
:10C49000009048F2FF3A09EA0A09A0F80090B0F8C3
:10C4A000009049F40049A0F8009021E03E2D10D8FA
:10C4B00000BF690805F00109B9F1000F00D0491C5F
:10C4C0004FF6FF7909EA8129A0F8009010E03DE3DA
:10C4D00010E000BF690905F01F09B9F1000F00D194
:10C4E000491E4FF4004949EA8129A0F8009000BF95
:10C4F00000BF0FE0607801280CD1B6F8500003446B
:10C500002078062101EBC00003F5806101EB400CAF
:10C51000ACF8005000BF6789ABB23A4601E057E182
:10C520002CE13046616900F05EFD6069284460617D
:10C530002169206A884203D9206A401B206202E0F8
:10C54000256A0020206200BF6078C0BB00BF324671
:10C55000B6F850100A442178022303EBC10100E031
:10C5600049E002F5806303EB4101084600BF55B97D
:10C57000038848F2FF3C03EA0C030380038843F47A
:10C580000043038019E03E2D0BD800BF690805F079
:10C59000010303B1491C4FF6FF7303EA81230380B3
:10C5A0000BE000BF690905F01F0303B9491E4FF4F2
:10C5B000004343EA8123038000BF00BF12E0FFE78E
:10C5C000607801280ED100BF3046B6F850201044E4
:10C5D0002278022303EBC20200F5806303EB4201E1
:10C5E0000D8000BF00BF2789ABB23A463046616973
:10C5F00000F0F9FC94E200BF6078B0BB00BF3246A7
:10C60000B6F850100A442178022303EBC10102F569
:10C61000806303EB4101084600BF55B9038848F227
:10C62000FF3C03EA0C030380038843F400430380C8
:10C6300019E03E2D0BD800BF690805F0010303B1D6
:10C64000491C4FF6FF7303EA812303800BE000BF10
:10C65000690905F01F0303B9491E4FF4004343EA7B
:10C660008123038000BF00BF12E0FFE7607801284C
:10C670000ED100BF3046B6F8502010442278022375
:10C6800003EBC20200F5806303EB42010D8000BFA3
:10C6900000BF2789ABB23A463046616900F0A3FC7F
:10C6A0006069284460612169206A884203D9206A50
:10C6B000401B206202E0256A0020206200BF334652
:10C6C000607880BB00BF3246B6F850100A4421782B
:10C6D0004FF0060909EBC10102F5806909EB410140
:10C6E000084600BF75B9B0F8009048F2FF3A09EA71
:10C6F0000A09A0F80090B0F8009049F40049A0F8A9
:10C70000009020E03E2D0FD800BF690805F0010918
:10C71000B9F1000F00D0491C4FF6FF7909EA8129D1
:10C72000A0F800900FE010E000BF690905F01F09B4
:10C73000B9F1000F00D1491E4FF4004949EA81299F
:10C74000A0F8009000BF00BF0FE0607801280CD176
:10C75000B6F8500003442078062101EBC00003F531
:10C76000806101EB400CACF8005000BF6789ABB2B0
:10C770003A463046616900F036FCD1E1256A00BFD7
:10C780002178490036F8111048F68F6201EA02005C
:10C7900040F4004141F080012278520026F8121046
:10C7A00000BF00BF3046B6F8502010442278022364
:10C7B00003EBC20200F5806303EB42010D8000BF72
:10C7C0002789ABB23A463046616900F00CFCA7E11C
:10C7D00000BF2178490036F8111048F68F7201EA3F
:10C7E000020040F4004141F4C0712278520026F862
:10C7F000121000BF206A401B20622078400036F8EB
:10C80000100000F0400000287DD000BF3346607863
:10C8100080BB00BF3246B6F850100A4421784FF072
:10C82000060909EBC10102F5806909EB41010846DF
:10C8300000BF75B9B0F8009048F2FF3A09EA0A095A
:10C84000A0F80090B0F8009049F40049A0F80090DA
:10C8500020E03E2D0FD800BF690805F00109B9F1AD
:10C86000000F00D0491C4FF6FF7909EA8129A0F892
:10C8700000900FE010E000BF690905F01F09B9F151
:10C88000000F00D1491E4FF4004949EA8129A0F860
:10C89000009000BF00BF0FE0607801280CD1B6F80F
:10C8A000500003442078062101EBC00003F58061AD
:10C8B00001EB400CACF8005000BF6789ABB23A46C0
:10C8C0003046616900F08FFB60692844606121692E
:10C8D000206A884203D9206A401B206202E0256A50
:10C8E00000202062002D56D000BF6078C0BB00BF82
:10C8F0003246B6F850100A442178022303EBC101F6
:10C9000002F5806300E047E003EB4101084600BF09
:10C9100055B9038848F2FF3C03EA0C0303800388FF
:10C9200043F40043038019E03E2D0BD800BF690893
:10C9300005F0010303B1491C4FF6FF7303EA81239D
:10C9400003800BE000BF690905F01F0303B9491E0E
:10C950004FF4004343EA8123038000BF00BF12E08D
:10C96000FFE7607801280ED100BF3046B6F85020AE
:10C9700010442278022303EBC20200F5806303EB2C
:10C9800042010D8000BF00BF2789ABB23A46304656
:10C99000616900F028FBC3E000BF6078B0BB00BF56
:10C9A0003246B6F850100A442178022303EBC10145
:10C9B00002F5806303EB4101084600BF55B90388C7
:10C9C00048F2FF3C03EA0C030380038843F400436E
:10C9D000038019E03E2D0BD800BF690805F0010364
:10C9E00003B1491C4FF6FF7303EA812303800BE078
:10C9F00000BF690905F01F0303B9491E4FF4004346
:10CA000043EA8123038000BF00BF12E0FFE76078A4
:10CA100001280ED100BF3046B6F8502010442278CD
:10CA2000022303EBC20200F5806303EB42010D8099
:10CA300000BF00BF2789ABB23A463046616900F0BB
:10CA4000D2FA6069284460612169206A884203D96A
:10CA5000206A401B206202E0256A00202062A5B304
:10CA600000BF3346607888BB00BF3246B6F850102E
:10CA70000A4421784FF0060909EBC10102F58069EB
:10CA800009EB4101084600BF75B9B0F8009048F2C3
:10CA9000FF3A09EA0A09A0F80090B0F8009049F4BA
:10CAA0000049A0F8009021E03E2D10D800BF690891
:10CAB00005F00109B9F1000F00D0491C4FF6FF79CC
:10CAC00009EA8129A0F8009010E029E010E000BFF9
:10CAD000690905F01F09B9F1000F00D1491E4FF493
:10CAE000004949EA8129A0F8009000BF00BF0FE08B
:10CAF000607801280CD1B6F8500003442078062154
:10CB000001EBC00003F5806101EB400CACF8005074
:10CB100000BF6789ABB23A463046616900F063FAFC
:10CB200000BF2178490036F8111048F6BF7201EABB
:10CB3000020080F0100080F0200040F4004141F03D
:10CB400080012278520026F8121005E2207BA0BB5B
:10CB50002169A069884204D92569A069401BA061A8
:10CB600002E0A5690020A06100BF3246B6F850106F
:10CB70000A442178062303EBC10102F5806303EB2D
:10CB80004101084600BF55B9038848F2FF3C03EA5B
:10CB90000C030380038843F4004303801AE03E2D16
:10CBA0000CD800BF690805F0010303B1491C4FF61A
:10CBB000FF7303EA812303800CE00DE000BF6909E5
:10CBC00005F01F0303B9491E4FF4004343EA8123D4
:10CBD000038000BF00BFA9E1E07802287DD100BF3B
:10CBE00000BF6078E0BB00BF3246B6F850100A4480
:10CBF0002178022303EBC10102F5806303EB4101BD
:10CC0000084600BF236953B9038848F2FF3C03EA92
:10CC10000C030380038843F4004303801EE0236970
:10CC20003E2B0DD800BF23695908237C03F0010374
:10CC300003B1491C4FF6FF7303EA812303800DE023
:10CC400000BF23695909237C03F01F0303B9491E60
:10CC50004FF4004343EA8123038000BF00BF13E089
:10CC6000FFE7607801280FD100BF3046B6F85020AA
:10CC700010442278022303EBC20200F5806303EB29
:10CC80004201228A0A8000BF00BF00BF334660789D
:10CC9000E8BB00BF3246B6F850100A4421784FF086
:10CCA000060909EBC10102F5806909EB410108465B
:10CCB00000BFD4F81090B9F1000F0FD1B0F8009078
:10CCC00048F2FF3A09EA0A09A0F80090B0F800908B
:10CCD00049F40049A0F800902EE06BE0D4F81090E1
:10CCE000B9F13E0F14D800BFD4F810904FEA5901A3
:10CCF00094F8109009F00109B9F1000F00D0491C17
:10CD00004FF6FF7909EA8129A0F8009014E015E0B8
:10CD100000BFD4F810904FEA591194F8109009F020
:10CD20001F09B9F1000F00D1491E4FF4004949EA2B
:10CD30008129A0F8009000BF00BF10E060780128B2
:10CD40000DD1B6F8500003442078062101EBC00055
:10CD500003F5806101EB400C208AACF8000000BFB5
:10CD600000BFE069002824D02078400036F8108009
:10CD700008F4804010B108F0400038B908F4804051
:10CD8000002816D108F04000002812D100BF00BFD3
:10CD90002178490036F8111048F68F7201EA020036
:10CDA00040F4004141F0C0012278520026F81210F0
:10CDB00000BFBBE0E07801287CD12169A0698842EE
:10CDC00004D92569A069401BA06102E0A569002083
:10CDD000A06100BF00BF6078B0BB00BF3246B6F8AC
:10CDE00050100A442178022303EBC10102F580634D
:10CDF00003EB4101084600BF55B9038848F2FF3CE8
:10CE000003EA0C030380038843F40043038019E022
:10CE10003E2D0BD800BF690805F0010303B1491C82
:10CE20004FF6FF7303EA812303800BE000BF69091B
:10CE300005F01F0303B9491E4FF4004343EA812361
:10CE4000038000BF00BF12E0FFE7607801280ED129
:10CE500000BF3046B6F8502010442278022303EB7E
:10CE6000C20200F5806303EB42010D8000BF00BFEA
:10CE700000BF3346607890BB00BF3246B6F8501012
:10CE80000A4421784FF0060909EBC10102F58069D7
:10CE900009EB4101084600BF85B9B0F8009048F29F
:10CEA000FF3A09EA0A09A0F80090B0F8009049F4A6
:10CEB000004900E037E0A0F8009020E03E2D0FD8B8
:10CEC00000BF690805F00109B9F1000F00D0491C45
:10CED0004FF6FF7909EA8129A0F800900FE010E0F1
:10CEE00000BF690905F01F09B9F1000F00D1491E03
:10CEF0004FF4004949EA8129A0F8009000BF00BF23
:10CF00000FE0607801280CD1B6F850000344207877
:10CF1000062101EBC00003F5806101EB400CACF889
:10CF2000005000BF02E00120BDE8F08700BF21787B
:10CF3000490036F811104BF68F7201EA020080F4B6
:10CF4000805080F4005040F4004141F0800122788C
:10CF5000520026F8121000BF0020E5E7014600202D
:10CF6000A1F844004FF43F42A1F840207047000070
:10CF700010B50248FAF752F810BD00005016002014
:10CF80000146B1F8440070472DE9F04304460E46CF
:10CF900015464FEA530CA046304608F5806909EB68
:10CFA000450267460AE01188921C0170401C4FEA56
:10CFB000112980F80090401C921C7F1E002FF2D196
:10CFC00003F00109B9F1000F01D011880170BDE82B
:10CFD000F083024600207047024611B98020A2F873
:10CFE0004C00002070472DE9F04704460D461E46D0
:10CFF00006F1010A4FEA5A08A146284609F5806A57
:10D000000AEB420347460BE090F800C0401C90F842
:10D0100000A04CEA0A2119809B1C9B1C401C7F1E0F
:10D02000002FF1D1BDE8F08700BFFEE770B50446E0
:10D030000D46002210210848F9F706FA7E2101EA80
:10D040004400FCF743FE2846FCF740FE0122102175
:10D050000148F9F7F9F970BD000801400FB4084B19
:10D0600010B504A902AA039800F038F8044602A9F2
:10D07000002000F0D4F9204610BC5DF814FB00003D
:10D080001FD4000802480068C0F302207047000067
:10D090000CED00E010B5002804DB0A07130E054A6A
:10D0A000135406E00A07140E034A00F00F031B1F77
:10D0B000D45410BD00E400E018ED00E002E008C820
:10D0C000121F08C1002AFAD170477047002001E002
:10D0D00001C1121F002AFBD1704700002DE9FF4F4C
:10D0E0008BB088460546002606E025280BD0DDE9F2
:10D0F0000D1290476D1C761C28780028F5D10FB0D2
:10D100003046BDE8F08F0024A146A2460122AE4978
:10D1100000E0044315F8013F203B02FA03F0084207
:10D12000F7D128782A2810D06FF02F022878A0F1A4
:10D130003001092915D809EB890102EB410144F0BE
:10D14000020400EB01096D1CF0E758F8041B5FEACC
:10D15000010903D544F40054C9F1000944F0020464
:10D160006D1C28782E2817D115F8010F44F00404FF
:10D170002A280ED06FF02F022878A0F1300109295B
:10D180000AD80AEB8A0102EB410100EB010A6D1C8F
:10D19000F2E758F804AB6D1C28786C280FD006DC39
:10D1A0004C2817D068280DD06A2814D104E07428C0
:10D1B00010D07A280FD10DE044F400140AE044F4B2
:10D1C000801401E044F440146978814202D104F5EE
:10D1D00080146D1C6D1C2878692865D006DC002839
:10D1E0008DD0632827D0642806D15DE06E2808D052
:10D1F00073282AD0752877D0DDE90D129047761C68
:10D20000E0E0C4F30250022809D003280DD0D8F87A
:10D21000001004280DD00E6008F10408D2E0D8F800
:10D220000010F217C1E90062F6E7D8F800100E808E
:10D23000F2E70E70F0E718F8041B8DF800100020DC
:10D240008DF80100EB46012003E058F804BB4FF0D5
:10D25000FF3061074FF0000701D40AE07F1C5745FB
:10D260000DDA8742FADB1BF807100029F6D106E039
:10D270007F1C8742FCDB1BF807100029F8D1DDE991
:10D280000D23A9EB07008146214600F0B1F8304498
:10D29000C61904E0DDE90D121BF8010B90477F1E53
:10D2A000F8D22146484688E058F8040BC4F30251EE
:10D2B0004FF00A0B032900D100B2042900D140B27B
:10D2C000002802DA40422D2102E0210505D52B215C
:10D2D0008DF82410012104E006E0E10710D02021A0
:10D2E000F6E708AF089113E058F8040BC4F30251B5
:10D2F0004FF00A0B032900D180B2042900D1C0B23B
:10D300000021EEE75946F8F748FB303107F8011DD8
:10D310000028F7D1ADEB070000F1200B600702D524
:10D3200024F4803401E04FF0010ADA4502DDAAEB73
:10D330000B0000E00020824600EB0B01089801443E
:10D34000A9EB01000A90E00306D4DDE90D23214694
:10D350000A9800F04DF806444FF0000908E009A9CA
:10D3600011F80900DDE90D12904709F10109761C59
:10D3700008998945F3DBE0030CD5DDE90D2321464F
:10D380000A9800F035F8064404E0DDE90D1230207B
:10D390009047761CBAF10001AAF1010AF5DC05E01C
:10D3A000DDE90D1217F8010B9047761CBBF1000167
:10D3B000ABF1010BF4DC0A982146DDE90D2300F006
:10D3C00005F806446D1C97E6092801002DE9F04197
:10D3D000044600251E461746880404D405E0394655
:10D3E0002020B0476D1C641EF9D52846BDE8F081A9
:10D3F0002DE9F041044600251E469046C80301D59C
:10D40000302700E02027880404D505E0414638464F
:10D41000B0476D1C641EF9D52846BDE8F0810A6846
:10D42000531C0B6010707047014601F0030090B967
:10D430006420B1FBF0F200FB121050B94FF4C87039
:10D44000B1FBF0F200FB121008B901207047002078
:10D45000FCE70120FAE70020F8E7000010B506A07D
:10D4600000F056FE08210B4800F0C2FE4FF4167182
:10D470000848F8F780FA10BD7B225265636569762B
:10D4800065223A7B22537461747573223A32367D79
:10D490007D0A00007004002010B586B00446F8F73D
:10D4A00023FE012004900F480390002001900120EA
:10D4B000029005A901A8F8F75DFD78B9F8F7B2FD6B
:10D4C0000598401C10B1002006B010BD24B9FF2201
:10D4D00010210548F8F748FA0120F5E7F8F7A2FD12
:10D4E0000020F1E740540008801B002000B5002216
:10D4F0001021104600F002F800BD000030B50346D0
:10D500005818402801D9002030BD18460FE02AB134
:10D51000094C044494F840441470521C102805D25D
:10D52000054C044494F84044044D2C54401CCC1841
:10D530008442ECD80120E7E700500008801B00205F
:10D540002DE9F04706468946154606EB09004028B6
:10D5500002D90020BDE8F0870DB90020FAE7F8F7FE
:10D56000C3FD002413E02A5D601C285C42EA002011
:10D57000C3170746A019094A81183A460120F8F74F
:10D580005BFD18B1F8F74EFD0020E3E7A41C4C4505
:10D59000E9D3F8F747FD0120DCE70000405400081C
:10D5A00000B585B00120F8F7D1FC002215491648D6
:10D5B000FAF770FC002215491348FAF70DFC1348DE
:10D5C000007812498978114A5278104BDB78CDE9FE
:10D5D0000132CDE903100B48807800900948437868
:10D5E00002780BA11948FFF739FD184800F090FDAB
:10D5F0000120F8F7ABFC4FF416711548F8F7BBF9AA
:10D6000005B000BD740000203C0800207700002019
:10D610007B2254223A7B2248223A25642C224D2236
:10D620003A25642C2253223A25642C2259223A2589
:10D63000642C226D223A25642C2244223A25642C43
:10D640002257223A25647D7D0A000000C80600208A
:10D650007004002070B504460D46002617E0012234
:10D6600051020C48F8F7F0FE2846F8F76FFC00224C
:10D670004FF400710748F8F7E7FE2846F8F766FC14
:10D68000012251020348F8F7DFFE701CC6B2A64221
:10D69000E5DB70BD0008014008B500BFF8F71CFFCE
:10D6A000FCF743FEFBF778FFFBF7F2FFFCF708F807
:10D6B000FCF72AF8FCF75EF8FCF774F8FBF7D4FFE8
:10D6C000DA48FBF77FF8D948FBF746F84FF40050EB
:10D6D000D74B0822D74900900020FCF7D5FC022147
:10D6E000D5A000F085FDD5480068C06840F0200056
:10D6F000D2490968C8600A20F8F728FCD0480068B9
:10D70000C06840F02000CE490968C8600020CD49BB
:10D710000860FBF7C9FDFFF7E9FE1E210720FFF7B0
:10D7200099FF4FF47A70F8F711FCFCF757F84FF4B3
:10D730007A70F8F70BFC0120C349087075E14AF6CE
:10D74000AA20C24909680860FBF7AEFDC04800681E
:10D75000002871D00120F8F7F9FBBE4800786E2848
:10D760006CD010DC56281FD006DC402876D0462826
:10D7700075D04E2874D175E0662867D0672870D0C0
:10D780006D28F7D18FE0752814D006DC702847D0BB
:10D79000722815D07328EDD148E0802834D0812834
:10D7A00038D0AF28E6D16EE000F0CEFC0120AA49C7
:10D7B000087092E000F002FE0120A74908708CE09A
:10D7C000A6A000F0A5FC0A20F8F7C0FB00BF00BF30
:10D7D00000BF00BF00BFBFF34F8F00BF00BF00BF3F
:10D7E000A548006800F4E060A4490843001DA24970
:10D7F000086000BF00BF00BFBFF34F8F00BF00BF76
:10D8000000BF00BF00BFFDE700F062FD01209249AC
:10D81000087062E0FFF7C4FE01208F4908705CE0E9
:10D82000FCF720FA01208C49087056E000F0FAFC61
:10D8300001208949087050E05BE0FFE731216E204C
:10D8400000F04CF901208449087046E0312166203F
:10D8500000F044F90120804908703EE012E009E040
:10D8600029E016E032216E2000F038F901207A49D3
:10D87000087032E03221662000F030F9012076494C
:10D8800008702AE000BFFFF7E9FD01207249087027
:10D8900023E0704841787A4A012000F0E3F9012042
:10D8A0006D49087019E06B494878F8F7A7F901202D
:10D8B0006949087011E073A000F02AFC1320784930
:10D8C00008700020644908704FF416716148F8F739
:10D8D00052F800205E49086000BF00BF1320704965
:10D8E000087000205C490870594908600120F8F769
:10D8F0002DFB5448006890B10A20F8F727FB5148E7
:10D9000001686848F8F71EF900204E4908600A20AF
:10D91000F8F71CFB4FF416716248F8F72CF8372023
:10D92000FCF7B0FA604908705548FBF701FC20B1DC
:10D930005348FBF7FDFB00B177E010210020FBF717
:10D9400095FB70B14E48FBF7F3FB20B14C48FBF759
:10D95000EFFB00B169E010210020FBF787FB00B16D
:10D9600063E052490120FBF7DBFBE8BB4F488079BD
:10D97000AB2854D14D48C079B8BB4C48C07BA0BB44
:10D980004A4800784A49086048484078096801EBED
:10D990000020474908604548807846490860434868
:10D9A000C078096801EB0020424908603F480079CF
:10D9B000096801EB00403F4908603C48407909682C
:10D9C00001EB00603B4908603948006800F4004002
:10D9D000B0F5004F16D136480068C0F30E00344948
:10D9E00008600846006801E01EE018E046F62921BC
:10D9F00048402F4908602F4800684BF2A621484054
:10DA00002C4908602C48007820B91D4A002108469E
:10DA100000F028F94FF47A70F8F798FA02E027A09E
:10DA200000F076FBFBF740FC00BF88E6A80800206A
:10DA300000100140000C0140737300003409002005
:10DA4000F008002024000020010000203008002001
:10DA50001C00002070040020610000207B22526521
:10DA600063697665223A7B22537461747573223A36
:10DA700037307D7D0A0000000CED00E00000FA0563
:10DA8000640000207B2252656365697665223A7BDB
:10DA900022537461747573223A31397D0A00000093
:10DAA000180000201802002016000020CC070020DB
:10DAB000700000206C0000205D0000206572726F15
:10DAC000720A000010B5044601231A462146024896
:10DAD000FBF749FA10BD00003409002070B5044678
:10DAE0000D46312D2AD16E2C12D1012211022A4865
:10DAF000F8F7AAFC0120F8F729FA28A000F008FBA3
:10DB00000120324908704FF416713148F7F733FF9E
:10DB1000662C13D100224FF480711F48F8F794FC53
:10DB20000120F8F713FA2BA000F0F2FA01202749A0
:10DB300008704FF416712648F7F71DFF322D2AD1D1
:10DB40006E2C12D1012291021348F8F77DFC0120BE
:10DB5000F8F7FCF92BA000F0DBFA01201B49087054
:10DB60004FF416711A48F7F706FF662C13D10022FE
:10DB70004FF480610848F8F767FC0120F8F7E6F9F0
:10DB80002CA000F0C5FA0120104908704FF416715E
:10DB90000F48F7F7F0FE70BD000801407B22526588
:10DBA0006365697665223A7B2253746174757322CA
:10DBB0003A32367D2C225231223A7B2253746174E0
:10DBC0007573223A32337D7D0A0000006100002027
:10DBD000700400207B2252656365697665223A7B7A
:10DBE00022537461747573223A32367D2C2252317D
:10DBF000223A7B22537461747573223A32347D7DEC
:10DC00000A0000007B2252656365697665223A7BD3
:10DC100022537461747573223A32367D2C2252324B
:10DC2000223A7B22537461747573223A32337D7DBC
:10DC30000A0000007B2252656365697665223A7BA3
:10DC400022537461747573223A32367D2C2252321B
:10DC5000223A7B22537461747573223A32347D7D8B
:10DC60000A0000002DE9F04FC7B0074688469146EC
:10DC70000520469037204590162044904FF0010A29
:10DC8000002500203B90044617B1012F7ED141E1D1
:10DC9000F8F7E0FB064638E1F8F7DCFB801B41F2C1
:10DCA0008831884206D9E4A000F032FAFF2047B05C
:10DCB000BDE8F08F4AF6AA20E44909680860FBF73E
:10DCC000F3FA4846FBF734FA20B14846FBF730FA3E
:10DCD00000B11AE145994698FBF7C8F970B148467A
:10DCE000FBF726FA20B14846FBF722FA00B10CE117
:10DCF00045994698FBF7BAF900B106E1459946986F
:10DD0000FBF7B4F900287CD13CA94498FBF708FA4A
:10DD1000002877D10025002404E03CA8005D4540A0
:10DD2000601CC4B20F2CF8DB9DF8FF00A8426AD13A
:10DD30009DF8F1B04FEA0B2B9DF8F00083449DF85D
:10DD4000FE003B909DF8FE003A909DF8FE000A28E8
:10DD500004DDBFA000F0DCF9FF20A8E79DF8F70084
:10DD6000182815DC9DF8F8003B2811DC9DF8F90017
:10DD70003B280DDC9DF8F6001F2809DC9DF8F50016
:10DD80000C2805DC9DF8F400202800E052E104DDB9
:10DD9000B4A000F0BDF9FF2089E79DF8FA00012842
:10DDA00005D09DF8FA0010B100208DF8FA00B248B5
:10DDB000007802280FD19DF8FA00012805D1AF495B
:10DDC000887100208DF8FA0005E00020AB498871C9
:10DDD00001208DF8FA00A848007820B900208DF8BD
:10DDE000FA00A6498871A4480078012803D18DF86B
:10DDF000FA00A249887100259DF8F4009F49087037
:10DE000002E081E07FE079E09DF8F50048709DF840
:10DE1000F60088709DF8F700C8709DF8F80008714A
:10DE20009DF8F9004871002295499648FAF732F8B2
:10DE3000002295499348F9F7CFFF9348C0788DF8B1
:10DE4000F400914840788DF8F5008F4880788DF87F
:10DE5000F6008B4800788DF8F700894840788DF8F7
:10DE6000F800874880788DF8F90000208DF8FB00D5
:10DE70008DF8FC008DF8FD003B988DF8FE0000BF8A
:10DE8000002404E03CA8005D4540601CC4B20F2C97
:10DE9000F8DB8DF8FF5045994698FBF7E7F860BB33
:10DEA0003CA94498FBF76AF930BB74488079734900
:10DEB0004979724A1279714BDB78CDE90432CDE9A8
:10DEC00006106E48817840786C4A12783B9BCDE909
:10DED0000032CDE902016D4803686D4802686D4962
:10DEE00008A8FFF7BBF808A800F012F94FF47A7001
:10DEF000F8F72CF80020DAE607E006E066A000F06C
:10DF000007F9FF20D3E600E000BFBAF1000F7FF46D
:10DF1000C3AE00BF65A000F0FBF8F8F79BFA064619
:10DF200084E04AF6AA20494909680860F8F792FA9D
:10DF3000801B41F28831884204D93FA000F0E8F804
:10DF4000FF20B4E6002500208DF8F2008DF8F300E4
:10DF500000224B494B48F9F79DFF00224A494948A6
:10DF6000F9F73AFF4848C0788DF8F4004648407801
:10DF70008DF8F500444880788DF8F6004048007828
:10DF80008DF8F7003E4840788DF8F8003C488078DE
:10DF90008DF8F90000208DF8F9008DF8FA008DF861
:10DFA000FB008DF8FC008DF8FD0008F0FF008DF8F7
:10DFB000FE0000208DF8FA0000BF002404E03CA819
:10DFC000005D4540601CC4B20F2CF8DB8DF8FF509B
:10DFD0004846FBF7ADF820B14846FBF7A9F800B179
:10DFE00024E045994698FBF741F870B14846FBF7A5
:10DFF0009FF820B14846FBF79BF800B116E0459921
:10E000004698FBF733F800B110E045994698FBF7C6
:10E010002DF850B93CA94498FBF7B0F820B931A0CD
:10E0200000F076F8002042E600E000BFBAF1000FF1
:10E030007FF477AF00BF3AE67B2243223A7B22533C
:10E040007461747573223A317D7D0A0030080020B6
:10E050007B2243223A7B22537461747573223A38CF
:10E060007D7D0A007B2243223A7B225374617475C2
:10E0700073223A367D7D0A000A000020030000204A
:10E08000740000203C080020770000207000002071
:10E090006C000020ECE400087B2243223A7B2253F0
:10E0A0007461747573223A347D7D0A007B22526557
:10E0B0006365697665223A7B2253746174757322B5
:10E0C0003A32367D2C2243223A7B225479706522E3
:10E0D0003A224368616E676547726F7570227D7D75
:10E0E0000A0000007B2243223A7B2253746174753C
:10E0F00073223A302C2254797065223A22436861A7
:10E100006E676547726F7570227D7D0A00000000A2
:10E1100070B504462046F7F739FCC5B229462046BB
:10E12000F7F710FD00224FF400710648F8F78CF95C
:10E130000120F7F70BFF012251020248F8F784F99A
:10E1400070BD00000008014000B599B06421684628
:10E15000F7F711FC04220DA16846FEF77FFF684621
:10E16000FFF7D6FF0120F7F7F1FE17A0FFF7D0FF6A
:10E170000120F7F7EBFE17A0FFF7CAFF4FF4167167
:10E180001A48F7F7F8FB19B000BD00007B2246697A
:10E19000726D77617265223A7B2246223A312C22D7
:10E1A00044657669636554797065223A22506172DC
:10E1B0006B696E67222C2252656C65617365223A29
:10E1C0003025647D7D0A000057697468426F6F7462
:10E1D0000A00000052656164657220547970652000
:10E1E0003A2052433532320A000000007004002009
:10E1F00070B504460D4600260FE00122214600209E
:10E20000FBF79CFF641C4AF6AA20054909680860D0
:10E210000520F7F79BFE701CC6B2AE42EDDB70BD69
:10E220003008002010B50C48007810B90BA0FFF79B
:10E230006FFF0948007810B116A0FFF769FF064884
:10E24000007880F00100044908704FF416711F48EF
:10E25000F7F791FB10BD00005D0000207B225265A6
:10E260006365697665223A7B225374617475732203
:10E270003A32367D2C2243223A7B22547970652231
:10E280003A22556E53656E6453657269616C227DE6
:10E290007D0A00007B2252656365697665223A7BC0
:10E2A00022537461747573223A32367D2C224322D4
:10E2B0003A7B2254797065223A2253656E64536525
:10E2C0007269616C227D7D0A0000000070040020EC
:10E2D00010B51CA0FFF71CFF28484078284908709B
:10E2E0002648807848702548C0788870234800798F
:10E2F0002449887021484079487020488079087006
:10E300001E48C079C8700120F7F720FE00221C4982
:10E310001D48F9F735FF10B11CA0FFF7F9FE0120E9
:10E32000F7F714FE002217491748F9F77BFE10B1E2
:10E330001CA0FFF7EDFE4FF416711048F7F71BFB1A
:10E3400010BD00007B2252656365697665223A7BC9
:10E3500022537461747573223A32367D2C22542212
:10E360003A7B2254797065223A2253657454696D60
:10E370006544617465227D7D0A0000007004002000
:10E3800074000020770000203C0800207B225422EB
:10E390003A7B22537461747573223A3132387D7D31
:10E3A0000A0000007B2254223A7B22537461747568
:10E3B00073223A3132397D7D0A00000010B5FFF733
:10E3C00095F8002819D06420F7F7C0FD0020FFF76A
:10E3D00063F80CA208210020FFF7B2F848B105202D
:10E3E000F7F7B4FD0AA0FFF793FE0520F7F7AEFD9F
:10E3F00006E010A0FFF78CFE02E00EA0FFF788FEFB
:10E4000010BD0000426F6F54313233340000000001
:10E410007B225570646174654669726D77617265BF
:10E42000223A7B22537461747573223A32367D0A24
:10E43000000000007B225570646174654669726D4E
:10E4400077617265223A7B22537461747573223A44
:10E4500031397D0A000000001F1C1F1E1F1E1F1FD8
:10E460001E1F1E1F00000000000000000102030428
:10E47000060708090000000001020304895171F237
:10E480001DCB000000000000000000008D5F307C0C
:10E49000F05E00000000000000000000B22CE42448
:10E4A0007D9000000000000000000000579B07B3B3
:10E4B000A4E900000000000000000000E32F50F27B
:10E4C000E3D000000000000000000000E9C1254F7B
:10E4D000A07D00000000000000000000FFFFFFFF23
:10E4E000FFFF000000000000000000007B2243222C
:10E4F0003A7B224944223A25642C225543223A256C
:10E50000642C224770223A25642C2259223A256431
:10E510002C224D223A25642C2244223A25642C22B6
:10E5200048223A25642C226D223A25642C2253225B
:10E530003A25642C2245454D223A25647D7D0A000A
:10E5400060E500080000002018020000EC590008F7
:10E5500038E6000818020020E81F0000CCD00008B0
:10E56000A192023201F214022503A50A0211301908
:10E5700048294B01191355AD1B089D041AAD041A07
:10E58000D1041309AE1B0821081A650413120114E3
:10E590000202021640830440571D020102034A0E84
:10E5A00021040309041A8913E15A1B08DD041A59CE
:10E5B0000413055B42085A10D88173B2074B24F448
:10E5C000BA120632022A402413B1A91408F1A84C49
:10E5D00008D3AA3C1A3F101A41101ABD04C11A915F
:10E5E000181A81041AA1041A71041C090243AB1100
:10E5F0001DC03209046D1A020B1305241610010503
:10E60000240110090104240202052406170107054C
:10E610008203081C100904E1320A1D070501027B70
:10E620002C07058107110937442A40072A81071161
:08E630002B0907440A3B0444D6
:04000005080058EDAA
:00000001FF
