:020000040800F2
:10580000882C002001590008A5B9000895AF0008B0
:10581000A1B9000835630008550701080000000021
:10582000000000000000000000000000BDD60008DD
:105830004B65000800000000ABCA000825DA00082C
:105840001B5900081B5900081B5900081B59000868
:105850001B5900081B5900081B5900081B59000858
:105860001B5900081B5900081B5900081B59000848
:105870001B5900081B5900081B5900081B59000838
:105880001B5900081B5900081B5900081B59000828
:105890009D0601081B5900081B5900086D6500088A
:1058A0001B5900081B5900081B5900081B59000808
:1058B0001B590008E1DA00081B5900081B590008B1
:1058C0001B5900081B5900081B5900081B590008E8
:1058D0001B590008F5DE000809DF00081B59000805
:1058E0001B5900081B5900081B590008DFF80CD091
:1058F00000F00AFB0048004799130108882C00209B
:105900000648804706480047FEE7FEE7FEE7FEE759
:10591000FEE7FEE7FEE7FEE7FEE7FEE7D1DA000876
:10592000ED580008202A04DB203A21FA02F0002179
:10593000704721FA02F3D040C2F12002914008439F
:105940001946704740EA01039B0703D009E008C9E4
:10595000121F08C0042AFAD203E011F8013B00F834
:10596000013B521EF9D27047D2B201E000F8012B80
:10597000491EFBD270470022F6E710B513460A46CF
:1059800004461946FFF7F0FF204610BD421C10F8F0
:10599000011B0029FBD1801A704700000FB400B52D
:1059A0008DB010A909900B9000914FF0FF300A9034
:1059B00000200C9005480690054807906A4609A803
:1059C0000F9900F057F90DB05DF814FB915C0008D9
:1059D000AF5C00082DE9FF5F1D464FF0FF3BD5E9A6
:1059E000014691465F464FF00008A9697F1C019867
:1059F0008847296A824688470028F6D1BAF1FF3FD6
:105A00000CD024F4C064002E19DD600614D5BAF160
:105A10002B0F09D0BAF12D0F0ED103E0584604B078
:105A2000BDE8F09F44F48064A9697F1C0198884711
:105A3000761E8246002E02DDBAF1300F03D0B9F196
:105A4000000F26D032E0A969761E44F400747F1C52
:105A5000019888478246002E05DDBAF1780F06D0FE
:105A6000BAF1580F03D0B9F1000F10D01EE0B9F110
:105A7000000F02D0B9F1100F18D1A969761E24F4D5
:105A800000747F1C019888478246102002E008209D
:105A900000E00A20814609E008FB0908A969761E92
:105AA00044F400747F1C019888478246002E05DD6F
:105AB0004946504600F0CAF80028EDDAE969019835
:105AC0008847A00502D46FF00100A8E7E00725D1C0
:105AD000600613D5600502D5C8F1000000E040461D
:105AE00029680A1D2A600968220501D5087015E099
:105AF000220701D5088011E008600FE02868011D29
:105B000029600068210502D580F8008006E02107A1
:105B100002D5A0F8008001E0C0F8008038467EE79A
:105B20002DE9F04D81EA030404F0004B21F000451B
:105B300014464FF0000A23F0004150EA050220D03D
:105B400054EA01021DD0C5F30A570246C5F31303F8
:105B5000C1F31300C1F30A5640F4801543F48013D7
:105B6000A7EB0608101BD64608F2FD3873EB0500BC
:105B700002D308F1010801E092185B41B8F1000F6F
:105B800003DA00200146BDE8F08D00204FF48011BB
:105B9000064684460EE0171B73EB050705D3121B60
:105BA00063EB050306434CEA010C49084FEA300059
:105BB00092185B4150EA0107EDD152EA030012D07E
:105BC00082EA040083EA0501084305D0101BAB41BB
:105BD00006D20122002306E000224FF0004302E03B
:105BE0006FF0010253101AEB06004CEB085110EB5A
:105BF0000A0041EB0B01BDE8F04D00F069B80EB5AD
:105C0000C10F80EAE0700844CA07002140F2334324
:105C10008DE80E000A460B4600F069F803B000BD9F
:105C200030B50B46014600202022012409E021FA6C
:105C300002F59D4205D303FA02F5491B04FA02F569
:105C40002844151EA2F10102F1DC30BD3A2800D231
:105C5000303820F02002412A01D3A2F137008842D7
:105C600001D34FF0FF307047026811441378016090
:105C700018467047D16004495161044911620021FE
:105C80001161114600F078B9695C00086F5F000887
:105C9000426842B1016811F8013B23B1521EC0E9CC
:105CA0000012184670470121C160881E7047426883
:105CB0005AB1C368016843B983688B4205D0491E55
:105CC000521CC0E90012002070474FF0FF307047AF
:105CD00010B5141E73F1000408DA401C41F10001F4
:105CE00092185B411A4301D120F0010010BD2DE94B
:105CF000F04D92469B4611B1B1FA81F202E0B0FA42
:105D000080F22032904600F011F904460F4640EA36
:105D10000A0041EA0B0153465A46084313D0114684
:105D200053EA010019D0C8F140025046FFF7FAFDCE
:105D300005460E4650465946424600F0F7F80843DD
:105D400005D0012004E020463946BDE8F08D002052
:105D5000054346EAE0762C4337430A986305E40A94
:105D6000A0EB08000022FD0A44EA47540A3002D59D
:105D700000200146E9E7010510196941DDE9084500
:105D800000196941BDE8F04DA2E72DE9FE4F8046BC
:105D900081EA0300C00F0C46009021F0004123F07F
:105DA0000045B8EB0200A94105D240462146904685
:105DB0001C460B46024623F00040104347D0270DF7
:105DC000C7F30A00C3F30A510290401A0190402819
:105DD0006BDAC3F3130040F4801B0098924620B1A5
:105DE0000023D2EB030A63EB0B0B01985946C0F179
:105DF0004002504600F09AF806460D465046594675
:105E0000019A00F0A2F810EB08006141002487EA33
:105E1000115284EAE7731A4340D0009A62B3019AA0
:105E2000012A4FEA075215DC001B61EB02014FF01B
:105E3000004202EA0752CDE90042001C41F5801100
:105E400032462B46FFF753FF03B0BDE8F08F4046C4
:105E50002146F9E7001B61EB0201001C41F58013AC
:105E600000185B412018A2F5001747EB030140EA38
:105E7000D570B6196D4111E06D084FEA360645EA56
:105E8000C0754FEA0752001B61EB0201001C41F58F
:105E9000801149084FEA30000019514132462B4623
:105EA00003B0BDE8F04FFFF713BF00980122400098
:105EB0000023D0EB020263EBE073009821464FEA27
:105EC000E074B8EB000061EB0401E9E783F0004304
:105ED0005BE781F0004158E730B5041E71F1000422
:105EE00004DB4FF00044404264EB0101141E73F1E7
:105EF000000405DB1C464FF00043524263EB0403F1
:105F0000994208BF904230BD064C074D06E0E0685C
:105F100040F0010394E8070098471034AC42F6D3F0
:105F2000FFF7E8FC1030010830300108202A04DBBC
:105F3000203A00FA02F1002070479140C2F120039C
:105F400020FA03F3194390407047202A06DBCB1751
:105F5000203A41FA02F043EAE07306E041FA02F324
:105F6000D040C2F120029140084319467047C0B2A8
:105F70004FF4F05100F096B92DE9F34F8BB04FF08C
:105F8000000801F10C000C464FF0010B46460DF1E4
:105F9000080A01906269012101989047051E2DD0E1
:105FA000252D2CD0216A8847C0B162690121019852
:105FB0009047216A88470028F7D1411E62690198FD
:105FC000904700E0761CA1690B988847216A8847B2
:105FD0000028F7D1E1690B988847DBE7A1690B98A6
:105FE00088470746A84201D1761CD3E7E1690B98A0
:105FF00088477F1C02D1B8F1000F6FD046E100271F
:1060000062693D463946019890472A2804D1626961
:106010000121019890470125DFF8849262690121EE
:1060200001989047A0F130010A290AD24F45E5DCDA
:1060300007EB870100EB4107303FDFD445F0100547
:10604000ECE7E90601D46FF000476C280AD04C2831
:1060500014D0682815D06A280DD074281CD07A284E
:106060001AD01DE062690121019890476C2802D086
:1060700045F0040514E045F002050DE045F020056B
:106080000AE06269012101989047682802D045F032
:10609000080505E045F40065626901210198904713
:1060A000C4E9015765283DD019DC58287AD00CDCAA
:1060B000452837D004DC252826D0412831D131E0CD
:1060C00046282FD047282CD12CE05B2877D0612898
:1060D00028D063287CD0642823D15AE0D0E06F28F0
:1060E00048D008DC66281DD067281BD0692821D03D
:1060F0006E2816D127E0702845D0732868D07528FF
:1061000047D078280DD14DE0A1690B988847054606
:1061100025283FF469AFE1690B9888476D1C3FF46F
:106120006AAFB3E023466A466FF001000B99AFF304
:1061300000809EE045F040006060A80723464FF0D5
:10614000000236D43EE0E8077FF447AF2068011D27
:1061500021600068290501D506701BE7290701D5D4
:10616000068017E7A90703D5F117C0E9006111E719
:1061700006600FE745F040006060A80723464FF037
:10618000080216D41EE040F60E0125EA0100606008
:1061900016E045F040006060A80723464FF00A0271
:1061A00007D40FE045F040006060A80708D52346FB
:1061B00010226FF001000B99AFF3008059E007E067
:1061C000234610226FF001000B99FFF703FC50E00B
:1061D0004FF000094F464B46632802D05B2806D09B
:1061E00040E0E80601D40120A06001273AE062699E
:1061F0000121019890475E2805D14FF0010962699D
:10620000494601989047216939B900210A46534609
:1062100043F82120491C0829FADBB0B3216969B988
:10622000C11700EBD16253110AEB830122F01F0268
:10623000821A01200B68904003430B6062690121C0
:10624000019890475D28E8D1B9F1000F09D00020EE
:10625000514651F82020D24341F82020401C082804
:10626000F7DB02AB224600976FF001000B99AFF30A
:10627000008000280CDA401C08D1BBF1000F05D0CB
:106280004FF0FF300DB0BDE8F08FFFE74046F9E773
:10629000E90701D108F1010806444FF0000B79E647
:1062A000CCCCCC0C7F2801D9002208E0064A02EBB6
:1062B0005002C007127800D1120902F00F0201202B
:1062C0009040084070470000382F010870B58C18C6
:1062D00010F8015B15F0070301D110F8013B2A11FA
:1062E00006D110F8012B03E010F8016B01F8016BE7
:1062F0005B1EF9D12B0705D40023521E0DD401F8E3
:10630000013BFAE710F8013BCB1A921C03E013F8AB
:10631000015B01F8015B521EF9D5A142D8D30020E0
:1063200070BD10B5142007F02DF90321142007F0DB
:10633000C6F910BD00BFFEE730B50346042B15D0EB
:1063400007DC7BB1012B0ED0022B0DD0032B2DD1FE
:106350000BE0202B0BD0212B15D0222B1FD0232B71
:1063600024D122E023E022E021E020E01FE0002011
:1063700003E00C5C0F4D2C54401C0728F9DB002077
:106380000D4C207013E0002003E00A4C245C0C54F8
:10639000401C0728F9DB0020074C207007E0064866
:1063A0000078401C044C207001E000E000BF00BFFA
:1063B000002030BDDC0000200000002000207047DD
:1063C000002003E00021064A1154401CB0F5167F5E
:1063D000F8D3002003490880034908807047000073
:1063E000E80400200C0000200E00002010B5002260
:1063F0000449054807F0F9FE0449034807F0EEFE9A
:10640000002010BDE0120020340A0020F80E002009
:106410002DE9F04105460E46194930680860002014
:1064200003E0295C174A1154401C15490968884249
:10643000F7D32946144807F0D1FE3778134804886B
:10644000002113E0685C0F4A1055601C80B24FF4C5
:10645000167290FBF2F302FB130084B20C48008822
:10646000844202D10220BDE8F081491CB942E9D33F
:1064700006480480044807F08DFE0020F3E7000082
:106480002C000020E8040020340A00200C0000202A
:106490000E0000202DE9F04104460D4600260A4872
:1064A000D0F8B872D7F8140210B10120BDE8F0811D
:1064B0002A462146044807F098FE034807F019FFD2
:1064C00006463046F2E70000340A00202DE9F0418C
:1064D0000746884615460421052000F029F880214A
:1064E0000A2007F0ECF8002405E0395D09200AF0E5
:1064F00033F9601CC4B24445F7DB032101200AF0E4
:106500002BF9FF2400BF052007F03CF80646601E6B
:10651000C4B21CB106F004000028F4D0222007F019
:1065200031F82870212007F02DF86870BDE8F0815F
:1065300070B505460C46284607F024F8064626EABC
:10654000040128460AF008F970BD704710B500F044
:10655000D5FA0020034908704FF416710248FFF77E
:106560000AFA10BD11000020E804002010B5202018
:1065700001F0ACFD10BD0146002048608860C86194
:1065800088610862487308730861087548750022BD
:1065900005E0002301F124008354501CC2B2102AEC
:1065A000F7DB002205E0002301F134008354501C86
:1065B000C2B2102AF7DB002203E000208854501CEE
:1065C000C2B2042AF9DB0020704772B603E01E2134
:1065D00064200AF0BFFEFAE70021074AD1610749AB
:1065E000096941F00401054A11611146096941F048
:1065F0004001116170470000D81B002000200240BC
:106600000021074AD1610749096941F00201054AA1
:10661000116111464861096941F0400111617047FB
:10662000D81B0020002002400022054BDA61054AF9
:10663000126942F00102034B1A61018070470000A9
:10664000D81B00200020024000201E49C96801F02C
:10665000100139B11C49C96941F002011A4AD161DE
:1066600040F010001749C96801F0040139B116491A
:10667000C96941F00101144AD16140F00400114997
:10668000C96901F0010169B10F49C96941F004010B
:106690000D4AD16100BF0B49C96921F00101094AC6
:1066A000D16100BF00BF40F20111884206D1054907
:1066B000C96921F00101034AD16101E00149C860C3
:1066C00000BF704700200240D81B002070B5044670
:1066D00001F0A8FE054609E0601C38B124B101F0C4
:1066E000A1FE401BA04201D9032070BD1248C06822
:1066F00000F001000028EFD10F48C06800F0200032
:1067000020B100BF20200C49C86000BF0A48C06803
:1067100000F0100048B90848C06900F0010020B935
:106720000548C06800F0040018B1FFF78DFF012094
:10673000DBE70020D9E70000002002402DE9F0410E
:106740009AB00746642101A8FFF715F94FF0000839
:1067500000209F49086000249E480578002600F02C
:10676000B5F9642001F086FBF8B28DF80400380A10
:106770008DF8050001AA022140F2031000F072FC1E
:10678000642001F077FB94480078AA287ED19248D3
:1067900040785528FAD1904880790028F6D1DBE07E
:1067A0008D48017A407A01EB00244FF6F170844263
:1067B0002ED18A48007843280DD100F087F985480A
:1067C0000570012001F056FB85A00CF00DF80020AB
:1067D0001AB0BDE8F08100207E49087022468DA1E4
:1067E00001A809F0D1FF01A80BF0FEFF642101A868
:1067F000FFF7C1F84FF47A7001F03CFB701CC6B291
:106800004AF6AA2093490968086000207049086088
:106810004FF6F27084422CD17048007843280BD197
:1068200000F054F96B480570012001F023FB6CA0C7
:106830000BF0DAFF0020CBE7002066490870224603
:1068400074A101A809F0A0FF01A80BF0CDFF6421FD
:1068500001A8FFF790F84FF47A7001F00BFB0020CD
:106860005B490860701CC6B24AF6AA2079490968DB
:1068700008604FF6F37084422ED1584800784328C0
:106880000DD100F023F95348057000E068E00120C5
:1068900001F0F0FA52A00BF0A7FF002098E70020CB
:1068A0004C49087022465BA101A809F06DFF01A8C0
:1068B0000BF09AFF642101A8FFF75DF84FF47A709E
:1068C00001F0D8FA002042490860701CC6B24AF6AE
:1068D000AA206049096808604FF6F47084421BD111
:1068E000002600203B49087022464AA101A809F071
:1068F0004BFF01A80BF078FF642101A8FFF73BF8DC
:106900004FF47A7001F0B6FA00203149086032483D
:10691000017A407A01EB00244FF6F37084420CD0E8
:10692000401E844209D0401E844206D0C01C8442CE
:1069300003D014B14FF0010800263C2E0CD10026E4
:106940004FF416712448FFF716F82248057042A04C
:106950000BF04AFF00203BE7B8F1000F3FF420AFF7
:106960001D488079E0B11C48017A407A01EB00248F
:10697000642101A8FEF7FFFF224641A101A809F00A
:1069800003FF01A80BF030FF0020114908601148F7
:1069900005704FF416711048FEF7EDFF002017E761
:1069A000B8F1010F02D140A00BF01EFF4FF47A7036
:1069B00001F060FA4FF416710748FEF7DCFF002083
:1069C00003490860012003490870002000E7000027
:1069D000340000201100002090020020E804002074
:1069E0007B2252656365697665223A7B2253746126
:1069F000747573223A32367D2C2246223A7B225419
:106A0000797065223A2243616E73656C227D7D0A3E
:106A1000000000007B2252656365697665223A7B3F
:106A200022537461747573223A32367D2C224622C9
:106A30003A7B2254797065223A22456E726F6C6CF3
:106A4000222C22537461747573223A25647D7D0A69
:106A500000000000A80800207B2246223A7B225436
:106A6000797065223A22456E726F6C6C222C22532B
:106A70007461747573223A31387D7D0A000000001C
:106A80007B2246223A7B2254797065223A22456E57
:106A9000726F6C6C222C22537461747573223A25C8
:106AA000647D7D0A000000007B2246223A7B22544E
:106AB000797065223A22456E726F6C6C222C2253DB
:106AC0007461747573223A307D7D0A0000B58DB013
:106AD00034216846FEF74FFF6A4600214FF4987054
:106AE00000F0C0FA642001F0C5F94FF416710248B5
:106AF000FEF741FF0DB000BD9002002010B59AB026
:106B0000642101A8FEF737FF0024FFF7DFFF6420B0
:106B100001F0B0F901AA00214FF4837000F0A2FA4D
:106B20000948827909A101A809F02EFE01A80BF0FD
:106B30005BFEC82001F09EF94FF416710248FEF783
:106B40001AFF00201AB010BD900200207B2252656F
:106B50006365697665223A7B22537461747573228A
:106B60003A32367D2C2246223A7B225479706522B5
:106B70003A2244656C657465414C4C222C22537456
:106B800061747573223A25647D7D0A0030B599B031
:106B9000044600201B490860FFF798FF642001F0BD
:106BA00069F9E0B28DF80000200A8DF801006A460C
:106BB000022140F2051000F055FA642001F05AF964
:106BC0001148807930B91048827910A1684609F0DF
:106BD000DBFD09E00C48017A407A01EB00252A46EA
:106BE0000AA1684609F0D0FD68460BF0FDFDC820FB
:106BF00001F040F94FF416710348FEF7BCFE002087
:106C000019B030BD34000020900200207B22526574
:106C10006365697665223A7B2253746174757322C9
:106C20003A32367D2C2246223A7B225479706522F4
:106C30003A2244656C657465222C22537461747524
:106C400073223A25647D7D0A0000000010B59AB0D9
:106C5000002018490860FFF739FF642001F00AF9A5
:106C600001AA002140F2071000F0FCF9962001F083
:106C700001F91148017A407A01EB00240E4880792D
:106C800028B922460DA101A809F07EFD04E02246A4
:106C90001A4901A809F078FD01A80BF0A5FD6420B0
:106CA00001F0E8F84FF416710348FEF764FE002087
:106CB0001AB010BD34000020900200207B225265E3
:106CC0006365697665223A7B225374617475732219
:106CD0003A32367D2C2246223A7B22547970652244
:106CE0003A22476574456D7074794944222C2249D3
:106CF00044223A25647D7D0A00000000CC2F010863
:106D00002DE9F043ADF5297D0646002500204C49CC
:106D100008704C490860FFF7D9FE642001F0AAF81A
:106D20000020484908604FF416714748FEF723FEDB
:106D3000642001F09FF8F0B28DF84002300A8DF81F
:106D40004102642001F096F890AA02214FF4857068
:106D500000F088F9642001F08DF8002413E03A482F
:106D6000005DA5280ED13849601C085C5A2809D15D
:106D7000A01C085C0A2805D1E01C085C012801D190
:106D8000254603E0641CB4F5167FE8D300BF2E4906
:106D9000281D095C2C4A681D105C01EB0020071FB0
:106DA000114605F10800095C401C105C01EB00294C
:106DB0004FF40F7101A8FEF7DEFD4FF47A7001F079
:106DC00059F8002407E005F10A0020441E49085C38
:106DD00001A90855641CBC42F5D30120184908706C
:106DE00019488079B0B93B46324618A190A809F0FD
:106DF000CBFC90A80BF0F8FC0A2001F03BF83946D8
:106E000001A8FFF747FB0A2001F034F81EA00BF0A1
:106E1000EBFC0CE00C48017A407A01EB002842467A
:106E20001BA190A809F0B0FC90A80BF0DDFC4FF47A
:106E300016710548FEF79FFD0DF5297DBDE8F0832D
:106E40001000002034000020900200207B22462207
:106E50003A7B2254797065223A2252656164546506
:106E60006D706C617465222C224944223A25642C91
:106E7000224461746153697A65223A25642C224464
:106E8000617461223A220000227D7D0A0000000028
:106E90007B2246223A7B2254797065223A2252653F
:106EA000616454656D706C617465222C2253746149
:106EB000747573223A25647D7D0A000010B59AB07E
:106EC000642101A8FEF757FD00204E49086001AA81
:106ED00000214FF4817000F0C5F8052000F0CAFFD2
:106EE0004948017A407A01EB002447480078AA28F3
:106EF00019D145488079B8B94FF6F47084427AD0F8
:106F0000002C78D0224641A101A809F03DFC01A83F
:106F10000BF06AFC642101A8FEF72DFD4FF41671F9
:106F20003948FEF728FD66E02046232C53D006DCC6
:106F3000122828D015280FD021285AD152E04128F4
:106F40003BD0A0F510502F3800282FD0A0F55B4083
:106F5000C53800284DD137E0224637A101A809F0F5
:106F600013FC01A80BF040FC00203D4908704FF4D1
:106F700016712548FEF7FFFC642101A8FEF7FBFC13
:106F800000201AB010BD221D2BA101A809F0FCFBA6
:106F900001A80BF029FC4FF416711B48FEF7EBFC1F
:106FA000642101A8FEF7E7FC0020EAE74FF4167120
:106FB0001548FEF7E0FC0020E3E74FF41671124895
:106FC000FEF7D9FC0020DCE74FF416710E48FEF7FF
:106FD000D2FC0020D5E74FF416710B48FEF7CBFC2E
:106FE0000020CEE74FF416710748FEF7C4FC0020DE
:106FF000C7E700BF00BF4FF416710348FEF7BBFCA4
:107000000020BEE734000020900200207B224622B0
:107010003A7B2254797065223A224964656E74691C
:107020006679222C2254656D706C617465223A2554
:10703000647D7D0A000000007B2246223A7B2254B8
:10704000797065223A224964656E74696679222CEA
:1070500022537461747573223A25647D7D0A0000A1
:10706000110000202DE9F0418EB005460C469046F7
:10707000002655208DF8040001A800F019FA5536B5
:10708000AA208DF805000DF1050000F011FAAA36CE
:107090002846E91705EB11610912A5EB0121C9B2D8
:1070A0008DF806100DF1060000F002FA2846E917E7
:1070B00005EB11610912A5EB012131448EB2E917EC
:1070C00005EB1161090A8DF807100DF1070000F0BA
:1070D000EFF92846E91705EB116106EB21218EB285
:1070E0002046E11704EB11610912A4EB0121C9B29A
:1070F0008DF8081002A800F0DBF92046E11704EB38
:1071000011610912A4EB012131448EB2E11704EBA5
:107110001161090A8DF809100DF1090000F0C8F994
:107120002046E11704EB116106EB21218EB2002706
:107130000EE018F80710B81D01AA115408EB07005B
:1071400000F0B6F918F80700304486B2781CC7B2D0
:10715000A742EEDB09E00021B81D01AA1154B91DB8
:10716000881800F0A5F9781CC7B2102FF3DB304661
:10717000F11706EB11610912A6EB0121C9B28DF8D6
:107180001A100DF11A0000F093F93046F11706EBD2
:107190001161090A8DF81B100DF11B0000F088F930
:1071A00000270EB0BDE8F0812DE9F0438DB0044614
:1071B0000E4617469946002500BF5A208DF800005C
:1071C000684600F075F95A35A5208DF801000DF1DB
:1071D000010000F06DF9A5352046E11704EB1161BF
:1071E0000912A4EB0121C9B28DF802100DF10200C1
:1071F00000F05EF92046E11704EB11610912A4EBDF
:1072000001210D44E11704EB1161090A8DF8031007
:107210000DF1030000F04CF92046E11704EB116179
:1072200005EB2125B01CC0B28DF8040001A800F0C8
:107230003FF9B01CC0B20544B01C000A8DF805002F
:107240000DF1050000F034F9B01C05EB1025F8B283
:107250008DF806000DF1060000F02AF9F8B2054499
:10726000380A8DF807000DF1070000F021F905EB51
:1072700017254FF000080BE009EB080000F018F9A3
:1072800019F808000544052000F0F4FD08F1010894
:10729000B045F1D3E8B28DF82F000DF12F0000F0CA
:1072A00007F9280A8DF830000CA800F001F94FF01A
:1072B00000080DB0BDE8F083F0B5ADF5297D0746B7
:1072C0000D4614464FF40F7101A8FEF754FBA17848
:1072D000607801EB00272179E07801EB002506209A
:1072E00004E0225C811F01AB5A54401CA91D884256
:1072F000F7D3FFF7EBFB642000F0BCFD4FF41671F1
:107300003548FEF738FB002034490860002603E0CA
:10731000002090A98855761C642EF9D3642000F0D3
:10732000A9FDE8B28DF84002280A8DF841024AF61C
:10733000AA202B490968086090AA022140F20B108C
:10734000FFF790FE642000F095FD01AB3A46294618
:1073500040F20B10FFF728FF4AF6AA2020490968DF
:1073600008604FF47A7000F085FD1B480078A5286E
:1073700029D119488079002817D1A178607801EBCC
:1073800000221548017A407A01EB0020824208D1A0
:107390003A4614A190A809F0F7F990A80BF024FA46
:1073A00011E020A00BF020FA0DE00B48007A6028D5
:1073B00002D128A00BF018FA0748007A702802D1F1
:1073C0002FA00BF011FA4FF416710348FEF7D3FA11
:1073D00001200DF5297DF0BD900200203400002031
:1073E000A80800207B2246223A7B2254797065222D
:1073F0003A22577269746554656D706C61746522C8
:107400002C22577269746554656D706C617465499E
:1074100044223A25642C22537461747573223A30E5
:107420007D7D0A007B2246223A7B225479706522B8
:107430003A22577269746554656D706C6174652287
:107440002C22537461747573223A3130307D7D0A79
:10745000000000007B2246223A7B2254797065228C
:107460003A22577269746554656D706C6174652257
:107470002C22537461747573223A39367D7D0A006B
:107480007B2246223A7B2254797065223A22577237
:1074900069746554656D706C617465222C22537437
:1074A00061747573223A3131327D7D0A000000002B
:1074B00010B5044601231A462146024803F0FFFC9A
:1074C00010BD0000AC0900202DE9F04F8BB006463E
:1074D0004FF0000B00203060DD480078012811D00B
:1074E000022802D0032827D119E00520D9490870C5
:1074F0001520D94908703720D84908702020D8496C
:10750000087026E00420D34908701020D249087082
:107510003920D24908700020D149087019E00520AF
:10752000CC4908701520CC4908703720CB49087029
:107530004020CB4908700CE00520C6490870142093
:10754000C54908703720C54908700020C449087033
:1075500000BF00BF09A803F0F1FD38B109A803F08E
:10756000EDFD18B101200BB0BDE8F08F002405E05F
:1075700009A8005DBB490855601CC4B2042CF7DBA8
:107580001021002003F01EFD08B10120EBE701A946
:10759000012003F071FD08B10120E4E79DF805002A
:1075A000B0498860084680680002886008468068A4
:1075B0009DF804100844AB4988609DF809004860B4
:1075C0000846406800024860084640689DF8081078
:1075D0000844A449486008464068000248600846DC
:1075E00040689DF8071008449E4948600846406876
:1075F00000024860084640689DF806100844994912
:1076000048600846008900F40040B0F5004F12D1F0
:1076100008460089C0F30E0088600846806846F678
:10762000292148408F498860084640684BF2A621CE
:1076300048408C4948608B4840688B4908608748BF
:1076400001788448007803F0BDFC08B10A208AE77D
:1076500001A98148007803F00FFD08B1142082E7EA
:10766000002406E001A8015D7E4824300155601C1D
:10767000C4B2102CF6DB4FF0010A00240BE001A885
:10768000015D01AA04F10800105C814201D04FF0B5
:10769000000A601CC4B2042CF1DB00240BE001A939
:1076A000201D085C095D81F0FF01884201D04FF088
:1076B000000A601CC4B2042CF1DB9DF8100050B924
:1076C0009DF81100FF2806D19DF8120018B99DF809
:1076D0001300FF2801D04FF0000ABAF1000F3AD092
:1076E0009DF807005F49C8610846C0690002C8618B
:1076F0000846C0699DF8061008445A49C861084602
:10770000C0690002C8610846C0699DF805100844B8
:107710005449C8610846C0690002C8610846C0698A
:107720009DF8041008444F49C8611421062003F055
:1077300049FC08B10C2016E76946182003F0A4FCA8
:1077400008B10D200FE74749009808730846C06943
:107750003060002007E74FF04B08002406E0414866
:107760002430005D80EA0808601CC4B20F2CF6DBF0
:107770003C4890F83300404501D00320F3E63948F7
:1077800090F827003749C8610846C0690002C861FF
:107790000846C16990F8260008443249C861084685
:1077A000C0690002C8610846C16990F82500084414
:1077B0002C49C8610846C0690002C8610846C06912
:1077C00091F8241008442749C861084690F82D70A4
:1077D0003F0290F82C000744084690F82B502D02E9
:1077E00090F82A0005442D02084690F82900054427
:1077F0002D02084690F828000544084690F82E907F
:10780000B9F1010F03D0B9F1020F12D108E005EB75
:10781000070B1448C069584501D00520A3E60AE0CB
:10782000A5EB070B0F48C069584501D006209AE622
:1078300001E0072097E600BF0A4890F82F0000F00B
:107840001F00084908730846C069306000208AE6B6
:107850003C02002038020020390200203A020020B9
:107860003B020020781C0020400200202DE9F04F50
:107870008DB007468946002500203860C9F8000011
:10788000FB480078012811D0022802D0032827D114
:1078900019E00520F74908701520F74908703720CE
:1078A000F64908702020F649087026E00420F149C6
:1078B00008701020F04908703920F0490870002045
:1078C000EF49087019E00520EA4908701520EA49D7
:1078D00008703720E94908704020E94908700CE039
:1078E0000520E44908701420E34908703720E34973
:1078F00008700020E249087000BF00BF0BA803F029
:107900001DFC38B10BA803F019FC18B101200DB013
:10791000BDE8F08F002405E00BA8005DD9490855AB
:10792000601CC4B2042CF7DB1021002003F04AFBDA
:1079300008B10120EBE703A9012003F09DFB08B18A
:107940000120E4E79DF80D00CE4988600846806874
:1079500000028860084680689DF80C100844C949F8
:1079600088609DF811004860084640680002486041
:10797000084640689DF810100844C249486008460F
:10798000406800024860084640689DF80F100844AF
:10799000BC494860084640680002486008464068A4
:1079A0009DF80E100844B74948600846008900F465
:1079B0000040B0F5004F12D108460089C0F30E0018
:1079C00088600846806846F629214840AD498860AD
:1079D000084640684BF2A6214840AA494860A94899
:1079E0004068A9490860A5480178A248007803F0DA
:1079F000E9FA08B10A208AE79D480078012835D1C4
:107A000003A9122003F038FB08B114207FE79DF88A
:107A10001000AB2812D19DF81100CD280ED19DF891
:107A20000F502D029DF80E0005442D029DF80D000B
:107A300005442D029DF80C00054400E000259DF84A
:107A40000C00FF280CD19DF80D00FF2808D19DF8EF
:107A50000E00FF2804D19DF80F00FF2800D100255B
:107A60008A48854200D10025C9F8005003A9824800
:107A7000007803F001FB08B1142048E7002406E079
:107A800003A8015D7F4824300155601CC4B2102C4E
:107A9000F6DB0120029000240BE003A8015D03AA9D
:107AA00004F10800105C814201D000200290601CAB
:107AB000C4B2042CF1DB00240BE003A9201D085CF8
:107AC000095D81F0FF01884201D000200290601C16
:107AD000C4B2042CF1DB9DF8180050B99DF81900D0
:107AE000FF2806D19DF81A0018B99DF81B00FF2841
:107AF00001D000200290029890B39DF80F006149D8
:107B0000C8610846C0690002C8610846C0699DF89E
:107B10000E1008445B49C8610846C0690002C8618C
:107B20000846C0699DF80D1008445649C8610846CA
:107B3000C0690002C8610846C0699DF80C1008447D
:107B40005049C8611421062003F03CFA08B10C200A
:107B5000DDE601A9182003F097FA10B10D20D6E652
:107B600007E04849019808730846C069386000205A
:107B7000CDE64FF04B0A002406E042482430005D79
:107B800080EA0A0A601CC4B20F2CF6DB3D4890F86C
:107B90003300504501D00320B9E63A4890F8270059
:107BA0003849C8610846C0690002C8610846C16911
:107BB00090F8260008443349C8610846C0690002AD
:107BC000C8610846C16990F8250008442D49C8617C
:107BD0000846C0690002C8610846C06991F82410CF
:107BE00008442849C861084690F82D804FEA0828C3
:107BF00090F82C008044084690F82B60360290F8EC
:107C00002A0006443602084690F829000644360247
:107C1000084690F828000644084690F82EB0BBF1BC
:107C2000010F03D0BBF1020F12D108E006EB0805EB
:107C30001448C069A84201D0052068E60AE0A6EB16
:107C400008051048C069A84201D006205FE601E09F
:107C500007205CE600BF0B4890F82F0000F01F00E3
:107C6000084908730846C069386000204FE60000E4
:107C70003C02002038020020390200203A02002095
:107C80003B020020781C00204002002017FCFF006F
:107C900001460E2924D2DFE801F007090B0D0F1170
:107CA000131517191B1D1F21192070471A20FCE7F7
:107CB0001C20FAE71D20F8E71E20F6E72020F4E755
:107CC0002120F2E72220F0E72420EEE72520ECE750
:107CD0002620EAE72820E8E72920E6E72A20E4E74B
:107CE0000020E2E701460E2924D2DFE801F007096F
:107CF0000B0D0F11131517191B1D1F21192070478C
:107D00001A20FCE71C20FAE71D20F8E71E20F6E702
:107D10002020F4E72120F2E72220F0E72420EEE7FC
:107D20002520ECE72620EAE72820E8E72920E6E7F7
:107D30002A20E4E70020E2E770B50A480468001D45
:107D40000568001D0668344454B1082206492046DF
:107D500003F091FA042204491031284603F08BFA0B
:107D600070BD0000E8F7FF1FC2000020014600229E
:107D700091F82100022808D00420886300BF002069
:107D800081F8200000BF012070470868006820F0DB
:107D90000E000B6818600868006820F001000B688E
:107DA000186091F8403001209840CB6B586001205A
:107DB00081F8210000BF002081F8200000BF10469C
:107DC000E2E7000070B50446002594F8210002287F
:107DD00003D00420A063012548E02068006820F05B
:107DE0000E00216808602068006820F0010021680A
:107DF00008601F492068884201D1012026E01C4903
:107E000014312068884201D110201FE01849283120
:107E10002068884201D1801518E015493C3120685E
:107E2000884201D1801411E0114950312068884204
:107E300002D14FF4803009E00D4964312068884256
:107E400002D14FF4801001E04FF0807008490839EA
:107E50004860012084F8210000BF002084F8200041
:107E600000BF606B10B12046616B8847284670BD2B
:107E70000800024070B5044600F0D4FA06462546D4
:107E8000681C10B104480078054400BF00F0CAFA2D
:107E9000801BA842FAD370BDFC0000202DE9F04100
:107EA00004460E460127002500BF2648007E012813
:107EB00002D10220BDE8F08101202249087600BFEE
:107EC0002068022813D14CF25030FEF7FFFB90BB24
:107ED0000120FEF781FB4CF25030FEF7F7FB07461E
:107EE0001948006920F004001749086123E04CF2AA
:107EF0005030FEF7EBFBF0B94FF0FF303060A56873
:107F000012E02846FEF77CFB4CF25030FEF7DEFB19
:107F100007460D48006920F002000B4908610FB1C7
:107F2000356007E005F58065D4E9021001EB80209B
:107F3000A842E6D800BF00BF00200249087600BF73
:107F40003846B7E7D81B00200020024003480069EC
:107F500040F0800001490861002070470020024085
:107F60002DE9FE4F05468B4617469846012600240C
:107F70000020029000BF2448007E012802D1022088
:107F8000BDE8FE8F01202049087600BF4CF250303A
:107F9000FEF79CFB064686BB012D02D10120029014
:107FA00006E0022D02D10220029001E0042002909E
:107FB00000241EE02201B946C24648465146FDF75C
:107FC000B1FC80B20190022000FB04B00090019946
:107FD000FEF72AFB4CF25030FEF778FB06460B48C2
:107FE000006920F001000949086106B104E0601C45
:107FF000C4B202988442DDDB00BF00BF002002490A
:10800000087600BF3046BBE7D81B002000200240A6
:1080100000200849096901F0800151B10649054A6B
:108020005160064951601146096901F0800101B1B2
:10803000012070470020024023016745AB89EFCD46
:1080400070B5044600F0EEF90546202C22D120211F
:10805000114800F0D9F958B910A00AF0C5FB00BFCB
:1080600000F0E0F9401B40F6B8318842F8D870BD06
:108070002021094800F0C8F901280BD10DA00AF011
:10808000B3FB00BF00F0CEF9401B40F6B831884288
:10809000F8D8ECE700BFEAE7000C01407B22446F10
:1080A0006F72223A7B225374617465223A317D7D6E
:1080B0000A0000007B22446F6F72223A7B225374C5
:1080C000617465223A307D7D0A00000010B50446D7
:1080D00004480068204020B1024804602046FFF7B1
:1080E000AFFF10BD140401402DE9F84703460022FC
:1080F00094466EE14FF0010808FA02F4D1F80080CE
:1081000008EA0400A0427DD1DFF8DCA2D1F80480A7
:10811000A8EB0A09D0453AD014DCB8F1030F50D0CF
:1081200009DCB8F1000F31D0B8F1010F1CD0B8F163
:10813000020F49D120E0B8F1110F18D0B8F1120F99
:1081400042D11EE0B9F5881F25D006DCB9F5803F85
:1081500020D0B9F5801F37D11AE0B9F5001F18D02B
:10816000B9F5041F30D117E0D1F80CC02DE0D1F8DB
:108170000C8008F1040C28E0D1F80C8008F1080C00
:1081800023E0D1F80C8008F10C0C1EE000BF00BF0A
:1081900000BF00BF00BF00BFD1F80880B8F1000FDA
:1081A00002D14FF0040C0BE0D1F80880B8F1010FB8
:1081B00003D14FF0080C1C6102E04FF0080C5C6129
:1081C00003E04FF0000C00E000BF00BFFF2801D823
:1081D000984601E003F104084646FF2802D84FEA1A
:1081E000820803E0A2F108084FEA88084746D6F85B
:1081F00000804FF00F0909FA07F928EA09080CFA7C
:1082000007F900E088E048EA0908C6F80080D1F8DC
:10821000048008F08058B8F1805F7DD100BFDFF89E
:10822000CC81D8F8188048F00108DFF8C091C9F86F
:108230001880C846D8F8188008F00108CDF80080EA
:1082400000BF00BF4FEAB9384FEA920958F82950E9
:108250004FEA82784FEA18794FF00F0808FA09F8C8
:1082600025EA0805DFF88881434502D14FF0000870
:1082700016E0DFF88081434502D14FF001080FE09E
:10828000DFF87481434502D14FF0020808E0DFF8BF
:108290006C81434502D14FF0030801E04FF0040820
:1082A0004FEA82794FEA197908FA09F848EA050590
:1082B000DFF84C814FEA920948F82950D1F8048040
:1082C00008F48038B8F5803F0AD1DFF83881D8F853
:1082D000008048EA0008DFF82C91C9F8008009E026
:1082E000DFF82081D8F8008028EA0008DFF8149130
:1082F000C9F80080D1F8048008F40038B8F5003FD0
:1083000010D1DFF8008108F10408D8F8008048EAAD
:108310000008DFF8F09000E05AE009F10409C9F81C
:1083200000800DE0DFF8DC8008F10408D8F8008058
:1083300028EA0008DFF8CC9009F10409C9F80080A8
:10834000D1F8048008F48018B8F5801F0ED1DFF84A
:10835000B48008F10808D8F8008048EA0008DFF87F
:10836000A49009F10809C9F800800DE0DFF89480B5
:1083700008F10808D8F8008028EA0008DFF884909F
:1083800009F10809C9F80080D1F8048008F4001840
:10839000B8F5001F0ED1DFF86C8008F10C08D8F892
:1083A000008048EA0008DFF85C9009F10C09C9F880
:1083B00000800DE0DFF84C8008F10C08D8F8008050
:1083C00028EA0008DFF83C9009F10C09C9F80080A0
:1083D000521CD1F8008028FA02F8B8F1000F7FF49F
:1083E00089AEBDE8F88700000000111000100240BF
:1083F00000080140000C0140001001400014014041
:108400000800014000040140024693680B400BB194
:10841000012000E0002070470AB1016101E00B0477
:10842000036170470148006870470000F4000020B5
:1084300070B504460CB9012070BD4CF6CC402168E3
:10844000086045F2555021680860D4E90010486082
:108450002168A0688860FFF7E5FF05460BE0FFF79D
:10846000E1FF401B272806D92068C06800F0030000
:1084700008B10320E0E72068C06800F0030000288E
:10848000EDD14AF6AA20216808600020D4E7000058
:1084900003480068034909780844014908607047A7
:1084A000F4000020FC00002010B50848006840F0EF
:1084B000100006490860032000F0A8F8002000F032
:1084C00007F800F02BF8002010BD0000002002404B
:1084D00070B504460E4800784FF47A71B1FBF0F0A5
:1084E0000C490968B1FBF0F5284602F068F808B1BC
:1084F000012070BD102C07D200222146501E00F032
:1085000047F80548046001E00120F2E70020F0E7A9
:10851000FC00002010010020F800002008B500BF7A
:108520001148806940F001000F4988610846806960
:1085300000F00100009000BF00BF00BF0846C06906
:1085400040F08050C8610846C06900F0805000903B
:1085500000BF00BF00BF0549486820F0E06040F060
:108560000070486000BF08BD0010024000000140DC
:1085700001460846002809DB00F01F0301229A404B
:1085800043099B0003F1E023C3F8002100BF7047BB
:108590002DE9F05F80460D461646002708F008F9E1
:1085A000074639462A46334601F00700C0F1070A5C
:1085B000BAF1040F02D94FF0040A01E0C0F1070A32
:1085C000D14600F1040ABAF1070F02D24FF0000AB7
:1085D00001E0A0F1030AD4464FF0010A0AFA09FAB1
:1085E000AAF1010A0AEA020A0AFA0CFA4FF0010B90
:1085F0000BFA0CFBABF1010B0BEA030B4AEA0B0481
:108600002146404608F0DCF8BDE8F09F00BF00F0CE
:108610000702064B19684FF6FF031940044B0B4342
:1086200043EA0221014B196000BF70470CED00E0E6
:108630000000FA0570B505460C4604F0800080285D
:1086400008D104F0070000EB800605F1280000EBDC
:10865000C60105E004EB840605F5B47000EBC60125
:108660001AB900200873CB8004E0012008730B8145
:10867000180C4881002070BD704770B504460D4647
:1086800005EB850304F1280101EBC3014A69294682
:10869000D4F8E80206F034F970BD70B504460D4612
:1086A00005EB850304F5B47101EBC3014A69294662
:1086B000D4F8E80206F0A4F970BD70B504460E4681
:1086C00006F0800080280AD106F0070000EB800148
:1086D00004F1280000EBC1050120687009E006F0F4
:1086E000070000EB800104F5B47000EBC105002029
:1086F000687006F00700287000BF94F8A8020128EF
:1087000001D1022070BD012084F8A80200BF2946D3
:10871000206806F0FDFF00BF002084F8A80200BF1B
:1087200000BFEFE770B504460E4606F00F00616823
:10873000884201D9012070BD06F0800080280AD14E
:1087400006F0070000EB800104F1280000EBC105F2
:108750000120687009E006F0070000EB800104F5D5
:10876000B47000EBC105002068700020A87006F00E
:108770000700287000BF94F8A802012801D1022048
:10878000D9E7012084F8A80200BF2946206807F035
:108790001BF900BF002084F8A80200BF00BFCAE791
:1087A0002DE9F04105460C46174607F480400028A5
:1087B00050D02868B0F85010207801EBC000801C21
:1087C000296801F5806131F81000C0F30906A0693D
:1087D000B04203D3A069801BA06101E00020A0612A
:1087E000A069A8B900BF22785200296831F8121098
:1087F0004BF68F7201EA020080F4005040F4004111
:1088000041F0800123785B002A6822F8131000BF32
:1088100007F04000A8B100BF00BF227852002968CD
:1088200031F8121048F68F7201EA020040F400415C
:1088300041F0C00123785B002A6822F8131000BFC2
:1088400000BF002E55D0228961693346286807F0A1
:1088500031FF4EE02868B0F85010207801EBC000DE
:10886000801D296801F5806131F81000C0F3090608
:10887000A069B04203D3A069801BA06101E0002081
:10888000A061A069A8B900BF22785200296831F818
:1088900012104BF68F7201EA020080F4005040F48F
:1088A000004141F0800123785B002A6822F8131010
:1088B00000BF07F04000A8B900BF00BF22785200F7
:1088C000296831F8121048F68F7201EA020040F46C
:1088D000004141F0C00123785B002A6822F81310A0
:1088E00000BF00BF2EB1628961693346286807F076
:1088F000E1FE3046BDE8F0812DE9F04705460C4623
:10890000904608F04000002871D02868B0F8501058
:10891000207801EBC000801C296801F5806131F8E6
:108920001000C0F30907A069B84203D9A069C01BB1
:10893000A06101E00020A061A06900287ED100BFF5
:108940006078C8B900BF29682A68B2F8502011447D
:108950002278022303EBC20201F5806303EB42009D
:1089600000BF028848F2FF331A400280028842F4B6
:108970000042028000BF13E06078012810D100BFE0
:1089800028682A68B2F8502010442278022303EBAA
:10899000C20200F5806303EB420100220A8000BF9F
:1089A00000BF00BF2968607810BB00BF2B68D5F8F6
:1089B00000C0BCF850C0634494F800C04FF00609F2
:1089C00009EBCC0C03F5806909EB4C0000BFB0F853
:1089D00000C048F2FF390CEA090CA0F800C0B0F85A
:1089E00000C04CF4004CA0F800C000BF11E0C0E093
:1089F000607801280DD12868B0F850000144207833
:108A0000062303EBC00001F5806303EB4002002066
:108A1000108000BF21782846FFF72FFE08F4804021
:108A2000002816D000BF00BF22785200296831F814
:108A3000121048F68F7201EA020000E00AE040F4EA
:108A4000004141F4814123785B002A6822F8131029
:108A500000BFCAE108F48040A8B100BF00BF22787F
:108A60005200296831F8121048F68F7201EA0200AC
:108A700040F4004141F4814223785B00296821F8E9
:108A8000132000BF00BF94F824000128E1D16069E1
:108A900038446061E0693844E0612169206A8842B5
:108AA00004D32669206A801B20620BE0206A20B96B
:108AB0003E46002084F8240004E0002084F82400CE
:108AC000266A206200BF6078B8BB00BF2A682968A8
:108AD000B1F850100A442178022303EBC10102F5DA
:108AE000806303EB4101084600BF56B9038848F292
:108AF000FF3C03EA0C030380038843F40043038034
:108B000019E03E2E0BD800BF710806F0010303B137
:108B1000491C4FF6FF7303EA812303800BE000BF7B
:108B2000710906F01F0303B9491E4FF4004343EADD
:108B30008123038000BF00BF13E0FFE760780128B6
:108B40000FD100BF28682A68B2F85020104422785C
:108B5000022303EBC20200F5806303EB42010E80A7
:108B600000BF00BFB3B222896169286807F0D1FD58
:108B70003BE12868B0F85010207801EBC000801D60
:108B8000296801F5806131F81000C0F30907A06978
:108B9000B84203D3A069C01BA06101E00020A0611E
:108BA000A06900287DD100BF6078C8B900BF2968DE
:108BB0002A68B2F8502011442278022303EBC20243
:108BC00001F5806303EB420000BF028848F2FF33E7
:108BD0001A400280028842F40042028000BF13E083
:108BE0006078012810D100BF28682A68B2F85020A8
:108BF00010442278022303EBC20200F5806303EBEA
:108C0000420100220A8000BF00BF00BF29686078CF
:108C100008BB00BF2B68D5F800C0BCF850C0634447
:108C200094F800C04FF0060909EBCC0C03F58069FD
:108C300009EB4C0000BFB0F800C048F2FF390CEA65
:108C4000090CA0F800C0B0F800C04CF4004CA0F82B
:108C500000C000BF10E0607801280DD12868B0F88E
:108C6000500001442078062303EBC00001F5806327
:108C700003EB40020020108000BF21782846FFF758
:108C8000FCFC08F48040002816D100BF00BF227809
:108C90005200296831F8121048F68F7201EA02007A
:108CA00000E00AE040F4004141F4814123785B0098
:108CB0002A6822F8131000BF97E008F48040A8B992
:108CC00000BF00BF22785200296831F8121048F620
:108CD0008F7201EA020040F4004141F4814123789F
:108CE0005B002A6822F8131000BF00BF94F824002C
:108CF00001287AD1606938446061E0693844E061F4
:108D00002169206A884204D32669206A801B206278
:108D10000BE0206A20B93E46002084F8240004E0DD
:108D2000266A0020206284F8240000BF2A68607848
:108D300090BB00BFD5F800C02968B1F850108C4432
:108D400021784FF0060909EBC1010CF5806909EBA8
:108D50004101084600BF76B9B0F8009048F2FF3AEA
:108D600009EA0A09A0F80090B0F8009049F4004917
:108D7000A0F8009020E03E2E0FD800BF710806F04A
:108D80000109B9F1000F00D0491C4FF6FF7909EA3B
:108D90008129A0F800900FE010E000BF710906F0F3
:108DA0001F09B9F1000F00D1491E4FF4004949EAEB
:108DB0008129A0F8009000BF00BF0FE06078012873
:108DC0000CD12868B0F8500002442078062101EB4D
:108DD000C00002F5806101EB40031E8000BFB3B20A
:108DE00062896169286807F094FC00BF227852000C
:108DF000296831F8121048F6BF7201EA020080F0CB
:108E0000100080F0200040F4004141F08001237800
:108E10005B002A6822F8131000BF0020BDE8F0872D
:108E2000024601F0070000EB800302F5B47000EB8E
:108E3000C300C06970472DE9F04705460E469046CD
:108E40001F464FF0000906F0800080280AD106F086
:108E5000070000EB800105F1280000EBC1040120B0
:108E6000607009E006F0070000EB800105F5B470C2
:108E700000EBC1040020607006F007002070C4F809
:108E80001080E770607808B12078E081022F01D16E
:108E90000020207100BF95F8A802012802D102200D
:108EA000BDE8F087012085F8A80200BF21462868A8
:108EB00006F004FA00BF002085F8A80200BF48466B
:108EC000EEE72DE9F04105460E461746984606F0B6
:108ED000070000EB800105F5B47000EBC104676189
:108EE000C4F818800020E061607006F00700207070
:108EF00006F0070020B92146286806F000FE03E0CE
:108F00002146286806F0FBFD0020BDE8F08170B521
:108F100004460D4605F007006168884201D901202A
:108F200070BD05F0800080280AD105F0070000EB35
:108F3000800104F1280000EBC1060120707007E0F9
:108F400005EB850104F5B47000EBC10600207070DC
:108F50000120B07005F00700307000BF94F8A8023F
:108F6000012801D10220DBE7012084F8A80200BF1C
:108F70003146206806F095FD05F0070020B904F59C
:108F80002C71206806F01DFD00BF002084F8A802A7
:108F900000BF00BFC4E72DE9F04105460E469046EC
:108FA0001F4606F0070000EB800105F1280000EBEA
:108FB000C104C4F81480A761012084F8240027624A
:108FC0000020E0610120607006F00700207006F0CC
:108FD000070020B92146286806F091FD03E02146EC
:108FE000286806F08CFD0020BDE8F0817FB50446BE
:108FF000206807F05BFB00F40040B0F5004F02D1A1
:10900000204603F059FB206807F050FB00F4806015
:10901000B0F5806F0FD12068B0F844004FF6FF31F3
:1090200008402168A1F84400204600F09FF9002183
:10903000204600F0BBF9206807F038FB00F48040C0
:10904000B0F5804F08D12068B0F844004BF6FF71AE
:1090500008402168A1F84400206807F027FB00F4CD
:109060000050B0F5005F08D12068B0F844004DF61C
:10907000FF7108402168A1F84400206807F016FB42
:1090800000F48050B0F5805F1DD12068B0F840003A
:109090004FF6FB7108402168A1F840002068B0F845
:1090A00040004FF6F77108402168A1F840002046C3
:1090B00000F06EF92068B0F844004EF6FF710840E9
:1090C0002168A1F84400206807F0F0FA00F400607D
:1090D000B0F5006F55D1002507E06900206830F831
:1090E00011002DF81500681CC5B2082DF5D32068B5
:1090F000B0F8400040F001002168A1F8400020686D
:10910000B0F840004FF6FE7108402168A1F8400019
:1091100000BF2068B0F8440000F480600028F8D058
:109120002068B0F844004FF6FF3108402168A1F8EC
:109130004400002507E03DF815006A00216821F889
:109140001200681CC5B2082DF5D32068B0F84000A5
:1091500040F008002168A1F840002068B0F8440001
:109160004FF2FF7108402168A1F844002068B0F870
:10917000400040F004002168A1F84000204600F0C3
:1091800057F9206807F092FA00F40070B0F5007FFC
:109190000BD12068B0F844004FF6FF510840216819
:1091A000A1F84400204600F0FAF8206807F07EFAA3
:1091B00000F48070B0F5807F08D12068B0F84400DA
:1091C0004FF6FF6108402168A1F844007FBD30B52B
:1091D00085B0044614B9012005B030BD94F8A90249
:1091E00028B9002084F8A802204600F09DF803204A
:1091F00084F8A902206806F0DAFB142204F11001B9
:109200006846FCF79FFB94E80F0006F07DFA20B15A
:10921000022084F8A9020120DEE70021206807F07F
:109220006EFA002531E0012105EB850204F12800EA
:1092300000EBC200417005EB850104F1280000F845
:10924000315005EB850100EBC100C581002105EB24
:10925000850204F1280000EBC200C17005EB850215
:1092600004F1280000EBC200016105EB850204F166
:10927000280000EBC200416105EB850204F12800E3
:1092800000EBC2008161681CC5B26068A842CAD800
:1092900000252AE0002105EB850204F5B47000EBFF
:1092A000C200417005EB850104F5B47000F831503F
:1092B000002105EB850200EBC200C17005EB8502C1
:1092C00004F5B47000EBC200016105EB850204F502
:1092D000B47000EBC200416105EB850204F5B47087
:1092E00000EBC2008161681CC5B26068A842D1D899
:1092F000142204F110016846FCF724FB94E80F00E7
:1093000006F04AFB20B1022084F8A902012063E79D
:10931000002084F82400012084F8A902206806F0C7
:1093200038FB002058E7000038B504460D49206896
:10933000884215D100BF0C48C06940F400000A49BA
:10934000C8610846C06900F40000009000BF00BF7B
:10935000002211461420FFF71BF91420FFF708F92B
:1093600038BD0000005C00400010024070B50446AB
:109370000125A068022801D0FDF727F92946D4F875
:10938000E80205F071FCD4F8E80205F023FC70BD9A
:1093900010B50446D4F8E80205F04AFC10BD10B53B
:1093A0000446D4F8E80205F04EFC10BD70B5044642
:1093B0000D4600BF94F8A802012801D1022070BD1B
:1093C000012084F8A80200BF84F8245029462068B0
:1093D00007F098F900BF002084F8A80200BF00BF82
:1093E000EDE710B5044604F52C71D4F8E80205F059
:1093F00052FC10BD10B5044600BF94F8A802012825
:1094000001D1022010BD012084F8A80200BF20680D
:1094100007F03AF901212046FFF72EF9206806F0FF
:10942000B5FA00BF002084F8A80200BF00BFE9E73A
:1094300010B50446D4F8E80205F086FCA06928B10E
:109440000348006840F006000149086010BD0000B4
:1094500010ED00E0012001490862704700000E4253
:109460002DE9F04385B006463BA30FCB01AC0FC4FA
:109470003DA0006800904FF0000800250027002460
:10948000A146012E30D0022E55D0102E5ED1374885
:109490004468006800F0807000B301A8C4F3834101
:1094A000475C04F4803070B130484068C0F34040FD
:1094B0001DF8008004F4803040B12D48B0FBF8F076
:1094C00000FB07F502E02B4807FB00F52748406842
:1094D00000F48000B0F5800F01D1A94603E06800D8
:1094E0000321B0FBF1F932E02048046A04F4407033
:1094F000B0F5807F05D104F0020010B14FF40049AF
:1095000018E004F44070B0F5007F07D11748406AB6
:1095100000F0020010B149F640490BE004F440703D
:10952000B0F5407F06D11148006800F4003008B162
:109530004FF224490BE000F09BF90C494968C1F354
:109540008131491C4900B0FBF1F900E000BF00BFC8
:10955000484605B0BDE8F083020304050607080984
:109560000A0B0C0D0E0F101001020000001002403B
:1095700000127A0000093D00F8B5044600260025D7
:10958000207800F0010000286BD000274348C06914
:1095900000F0805070B900BF4048C06940F0805072
:1095A0003E49C8610846C06900F08050009000BF85
:1095B00000BF01273A48006800F48070B0B938480D
:1095C000006840F4807036490860FEF72BFF0646BD
:1095D00006E0FEF727FF801B642801D90320F8BDB1
:1095E0002F48006800F480700028F2D02B48006AF1
:1095F00000F440752DB3A08800F44070A84220D03C
:109600002648006A20F440750120264908600020A1
:1096100008602248056205F0010090B1FEF702FFE4
:10962000064608E0FEF7FEFE801B41F288318842C4
:1096300001D90320D3E71948006A00F0020000288E
:10964000F0D01648006A20F440706168084313495E
:109650000862012F04D10846C06920F08050C8611B
:1096600000BF207800F00200022807D10B484068B4
:1096700020F44040A168084308494860207800F081
:109680001000102807D10548406820F48000E168E8
:109690000843024948600020A1E700000010024092
:1096A00000700040400442427047000070B504461C
:1096B0000D460CB9012070BD5A48006800F0070043
:1096C000A8420ED25748006820F0070028435549A9
:1096D00008600846006800F00700A84201D0012099
:1096E000E9E7207800F0020002281DD1207800F080
:1096F0000400042805D14C48406840F4E0604A4921
:109700004860207800F00800082805D146484068E5
:1097100040F46050444948604348406820F0F000FD
:10972000A168084340494860207800F0010078B300
:109730006068012806D13C48006800F4003090B908
:109740000120B8E76068022806D13748006800F0B9
:10975000007040B90120AEE73348006800F0020015
:1097600008B90120A7E73048406820F0030061688D
:1097700008432D494860FEF755FE064609E0FEF70E
:1097800051FE801B41F28831884202D9032092E7C2
:1097900007E02548406800F00C006168B0EB810FDD
:1097A000EDD12048006800F00700A8420ED91D48FE
:1097B000006820F0070028431A490860084600683E
:1097C00000F00700A84201D0012074E7207800F0E3
:1097D0000400042807D11448406820F4E060E168E0
:1097E000084311494860207800F00800082808D193
:1097F0000D48406820F46050216940EAC1000A49E0
:10980000486000F045F808494968C1F30311074A68
:10981000515CC8400649086006480068FEF758FEDB
:10982000002048E70020024000100240B02E01084E
:1098300010010020F800002001200149C864704791
:1098400000004242014800687047000010010020FB
:1098500000B5FFF7F7FF04494968C1F30221034A45
:10986000515CC84000BD000000100240C02E01083D
:1098700000B5FFF7E7FF04494968C1F3C221034A75
:10988000515CC84000BD000000100240C02E01081D
:10989000F0B585B00FF26C0C9CE8E01001A8A0E8D0
:1098A000E0101CA52D680095002100220023002453
:1098B0000020194D696801F00C05F5B1042D02D0A6
:1098C000082D19D101E0154819E001ADC1F3834617
:1098D000AC5D01F4803555B10F4D6D68C5F3404561
:1098E0001DF805200D4D6543B5FBF2F302E00C4D6C
:1098F00004FB05F3184602E000BF084800BF00BFA4
:1099000005B0F0BD02030405060708090A0B0C0D9B
:109910000E0F1010010200000010024000127A0029
:1099200000093D0010B50648806800F080008028DE
:1099300004D1FFF7B9FE80200149887210BD0000F4
:1099400000100240F8B504460CB90120F8BD20789B
:1099500000F00100002878D0F848406800F00C00C2
:1099600004280CD0F548406800F00C00082811D1FC
:10997000F248406800F48030B0F5803F0AD1EF48EB
:10998000006800F4003000285FD0606800285CD1D7
:109990000120DBE700BF6068B0F5803F06D1E748F3
:1099A000006840F48030E549086028E0606858B9F4
:1099B000E248006820F48030E0490860084600680A
:1099C00020F4802008601AE06068B0F5A02F0BD169
:1099D000DA48006840F48020D849086008460068EA
:1099E00040F4803008600AE0D448006820F48030F9
:1099F000D24908600846006820F48020086000BF53
:109A0000606888B1FEF70EFD054606E0FEF70AFD28
:109A1000401B642801D9032098E7C848006800F477
:109A200000300028F2D010E0FEF7FCFC054606E00E
:109A3000FEF7F8FC401B642801D9032086E7BF48E5
:109A4000006800F400300028F2D1207800F0020015
:109A5000022857D1B948406800F00C0050B1B7480F
:109A6000406800F00C00082818D1B448406800F4A1
:109A7000803098B9B148006800F0020020B1206938
:109A8000012801D0012061E7AC48006820F0F8000F
:109A9000616940EAC100A949086033E02069E8B182
:109AA0000120A7490860FEF7BDFC054606E0FEF769
:109AB000B9FC401B022801D9032047E79F480068F2
:109AC00000F002000028F2D09C48006820F0F80066
:109AD000616940EAC1009949086013E00020984993
:109AE0000860FEF79FFC054606E0FEF79BFC401B66
:109AF000022801D9032029E79048006800F00200FD
:109B00000028F2D1207800F0080008282DD1A069A3
:109B1000B8B101208B490860FEF784FC054606E0D9
:109B2000FEF780FC401B022801D903200EE7834882
:109B3000406A00F002000028F2D0012003F094F9FE
:109B400013E000207F490860FEF76CFC054606E044
:109B5000FEF768FC401B022801D90320F6E677488F
:109B6000406A00F002000028F2D1207800F00400E2
:109B7000042873D100277148C06900F0805070B983
:109B800000BF6E48C06940F080506C49C86108460B
:109B9000C06900F08050009000BF00BF01276A48F4
:109BA000006800F48070B0B96748006840F48070C5
:109BB00065490860FEF736FC054606E0FEF732FC14
:109BC000401B642801D90320C0E65F48006800F408
:109BD00080700028F2D000BFE068012806D1574805
:109BE000006A40F001005549086227E0E06858B972
:109BF0005248006A20F00100504908620846006A95
:109C000020F00400086219E0E06805280BD14B48F9
:109C1000006A40F00400494908620846006A40F0C2
:109C2000010008620AE04548006A20F0010043494B
:109C300008620846006A20F00400086200BFE0687D
:109C4000A0B1FEF7EFFB054609E0FEF7EBFB401B7A
:109C500041F28831884202D9032077E622E0374872
:109C6000006A00F002000028EFD012E0FEF7DAFBF5
:109C7000054608E0FEF7D6FB401B41F288318842DA
:109C800001D9032062E62D48006A00F00200002896
:109C9000F0D1012F05D12948C06920F08050274913
:109CA000C86100BFE069C8B32448406800F00C00F8
:109CB000082860D0E069022848D1002020490866C1
:109CC000FEF7B0FB054606E0FEF7ACFB401B0228A2
:109CD00001D903203AE61948006800F00070002816
:109CE000F2D1206AB0F5803F07D11448406820F4D3
:109CF0000030A168084311494860D4E908010843CD
:109D00000E49496821F4741108430C494860012048
:109D10000B490866FEF786FB054607E03DE0FEF7C7
:109D200081FB401B022801D903200FE6034800688D
:109D300000F000700028F2D02FE000000010024078
:109D4000000042428004424200700040002014495A
:109D50000866FEF767FB054606E0FEF763FB401B5F
:109D6000022801D90320F1E50E48006800F00070D8
:109D70000028F2D111E0E069012800D1E6E50948A8
:109D8000466806F48031206A814204D106F47011DD
:109D9000606A814201D00120D8E50020D6E50000AC
:109DA00000004242001002402DE9F04780460E4676
:109DB0009246002500270024A146404603F0ADF856
:109DC00081462548B9FBF0F424480068A04240D001
:109DD0002248046040F2B2750EE0284606F022FFE9
:109DE000012806D1B4F5B77F02D3A4F5B77402E019
:109DF00005E0A4F26D146D1CB4F5B67FEDD800BF7C
:109E00002F46A5F5FA60F070002515E0012D09D167
:109E1000384606F007FF012804D11D2C01D31D3C54
:109E200009E00BE00E48405DA04203D80C48405DBD
:109E3000241A00E002E06D1C1C2CE7D200BF681C55
:109E40007070601CB070B2787178F07803F07FF8B1
:109E500030700020BDE8F087805101000C01002027
:109E6000A42E01082DE9F04707460C46914600262E
:109E7000B046002538684068C0F3800010B101206A
:109E8000BDE8F087384603F048F806464FF46160B5
:109E9000B6FBF0F5B6FBF0F100FB11603C21B0FB26
:109EA000F1F060704FF46160B6FBF0F100FB1160FF
:109EB0003C21B0FBF1F201FB1200A0701820B5FBB1
:109EC000F0F100FB11502070182D08D31820B5FBBD
:109ED000F0F8B5FBF0F100FB1150207000E02570A8
:109EE0000020CDE770B5044600250CB9012070BDF7
:109EF000607C20B900202074204600F05BF802202E
:109F00006074204600F085F918B1042060740120C7
:109F1000EDE7204602F0C7FF18B10420607401206D
:109F2000E5E72068406820F0070021684860A068E5
:109F300028B11F48006820F001001D4908601C4836
:109F4000001F006820F46070A16808431849091FC9
:109F500008606068401C08B1656809E00120FFF7EF
:109F60007FFA05461DB9042060740120BFE76D1E0D
:109F70002068806820F00F0040EA15402168886062
:109F80002068C06865F30F002168C860204602F0B1
:109F9000A7FF18B1042060740120A8E70021E17335
:109FA00001216173A1730120607400209FE700000C
:109FB000306C004038B504460B492068884212D105
:109FC000FFF748FA00BF0948C06940F00060074940
:109FD000C8610846C06900F00060009000BF00BF83
:109FE00001200349086038BD0028004000100240ED
:109FF0003C0442422DE9F04F87B006460F464FF031
:10A0000000090020069080460024059004900390EB
:10A01000824600BF48A207CA8DE80700304602F01A
:10A020007CFF81464FF46160B9FBF0F006904FF47D
:10A030006160B9FBF0F100FB11903C21B0FBF1F045
:10A04000C0B204904FF46160B9FBF0F100FB1190D5
:10A050003C21B0FBF1F201FB12000390182106989D
:10A06000B0FBF1F201FB12000590F87800F5FA68F8
:10A0700040F63300804500D9804640F2B2708045FA
:10A0800000D2804640F2B2750AE0284606F0CAFDCA
:10A09000012802D12B48044401E02B4804446D1CE4
:10A0A0004545F2D397F801A0404606F0BBFD0128D4
:10A0B00004D1BAF1020F01D924480444AAF1010ADB
:10A0C000002507E01DF8050040F2A321484304EBFA
:10A0D000C0146D1C5545F5D397F802B0ABF10100E3
:10A0E00040F2A321484304EBC0140598C0EB401193
:10A0F000C1EB002004EB00140498C0EB001004EB4B
:10A1000080040398044400BF307C012803D102205E
:10A1100007B0BDE8F08F0120307400BF02207074DA
:10A120002146304602F055FF0120707400BF002028
:10A13000307400BF00BFEBE71F1C1F1E1F1E1F1F38
:10A140001E1F1E1F0085E2018033E10180510100C6
:10A150002DE9F05F04460D46904600260027B146E3
:10A16000B246204602F0D9FE07464FF46160B7FBC5
:10A17000F0F9B9F1180F0AD31820B9FBF0FA0AEB7D
:10A180004A00C0004FF4616100FB01F700E00027C6
:10A1900000BF207C012802D10220BDE8F09F0120F1
:10A1A000207400BF02206074B8F1000F0BD1287832
:10A1B0004FF4616148436978C1EB011100EB810004
:10A1C000A978461812E0287802F062FE4FF4616127
:10A1D00000FB01FB687802F05BFEC0EB00100BEBAC
:10A1E000800BA87802F054FE0BEB00063E4431468B
:10A1F000204602F0EEFE2068406820F0050021684D
:10A2000048600120607400BF0020207400BF00BFC0
:10A21000C3E770B5044600250CB9012070BD206865
:10A22000406820F0080021684860FEF7FBF805460A
:10A2300007E0FEF7F7F8401BB0F57A7F01D903205D
:10A24000ECE72068406800F008000028F1D000200A
:10A25000E4E710B504460CB9012010BD606A38B9B6
:10A260006068B0F5827F00D105E00021E16102E085
:10A270000021216161610021A16294F8510028B997
:10A28000002084F85000204600F042F8022084F8B4
:10A2900051002068006820F0400021680860A08814
:10A2A00000F48270218901F404410843A18901F47A
:10A2B00000610843217C01F002010843217D01F087
:10A2C00001010843218B01F400710843217F01F053
:10A2D000380108432021095D01F080010843218DE8
:10A2E00001F400510843216808600421A06901EAD3
:10A2F0001040216848602068C06920F4006021682F
:10A30000C86100206065012084F851000020A4E7A6
:10A3100010B586B00446002002900390049005908A
:10A320001949206888422DD100BF1848806940F43F
:10A330008050164988610846806900F48050019079
:10A3400000BF00BF00BF0846806940F0040088617C
:10A350000846806900F00400019000BF00BFA02003
:10A360000290022003900320059002A90848FDF7FF
:10A37000BBFE4020029000200390049002A90448F4
:10A38000FDF7B2FE06B010BD0030014000100240E3
:10A39000000801402DE9FF5F0446884691461D46AE
:10A3A0000E9E012002900020019000BF94F8500002
:10A3B000012803D1022004B0BDE8F09F012084F8F9
:10A3C000500000BFFEF72EF8074694F851B06068C1
:10A3D0000390AA46BBF1010F0BD00398B0F5827F22
:10A3E00004D1A06810B9BBF1040F02D00220019083
:10A3F000DBE0B8F1000F03D0B9F1000F00D015B9C0
:10A4000001200190D1E094F85100042802D00520E9
:10A4100084F8510000206065C4F83890E587A5876E
:10A42000C4F83080E586A5862064606420680068F2
:10A4300000F04000402805D02068006840F040004F
:10A4400021680860E068B0F5006F4AD1606810B11B
:10A45000BAF1010F09D1206B00882168C860206B18
:10A46000801C2063E08E401EE08633E02068806818
:10A4700000F00200022810D1E08E70B1029801288D
:10A480000BD1206B00882168C860206B801C206382
:10A49000E08E401EE086002002902068806800F078
:10A4A000010068B1E08F58B12068C068A16B0880D6
:10A4B000A06B801CA063E08F401EE087012002900B
:10A4C000FDF7B0FFC01BB04204D3701C10B10320D5
:10A4D00001906AE0E08E0028C8D1E08F0028C5D145
:10A4E0004AE0606810B1BAF1010F09D1206B007821
:10A4F00021680873206B401C2063E08E401EE086BC
:10A5000034E02068806800F00200022810D1E08E5C
:10A5100070B1029801280BD1206B00782168087374
:10A52000206B401C2063E08E401EE08600200290DD
:10A530002068806800F0010068B1E08F58B12068A1
:10A54000C068A16B0870A06B401CA063E08F401E28
:10A55000E08701200290FDF765FFC01BB04201D3E8
:10A56000701C00B916B9032001901EE0E08E00288F
:10A57000C7D1E08F0028C4D13A463146204603F0C7
:10A580001DF820B101200190202060650DE0A06839
:10A5900050B900BF002000902068C068009020687B
:10A5A0008068009000BF00BF00BF012084F8510008
:10A5B00000BF002084F8500000BF0198FBE670B592
:10A5C00004462546681EB0F1807F01D301200FE0CC
:10A5D000681E4FF0E02148610F214FF0FF3006F078
:10A5E000EFF800204FF0E02188610720086100208B
:10A5F00070BD70477047000030B502460B4600BF83
:10A6000092F83C00012801D1022030BD012082F8DF
:10A610003C0000BF022082F83D00106844681068CA
:10A62000816824F070041868044310684460104D79
:10A630001068A8420BD01068B0F1804F07D00D4DC4
:10A640001068A84203D00C4D1068A84205D121F033
:10A6500080015868014310688160012082F83D0044
:10A6600000BF002082F83C0000BF00BFCDE7000023
:10A67000002C0140000400400008004010B50446D2
:10A680000CB9012010BD94F83D0028B9002084F8D1
:10A690003C00204600F026F8022084F83D00211DF1
:10A6A000206803F027FA012084F8460000BF84F8F0
:10A6B0003E0001213F200155402001554120015518
:10A6C00000BF00BF012084F8420043200155442010
:10A6D00001554520015500BF012084F83D000020B0
:10A6E000D0E7000038B504460D492068884215D1EE
:10A6F00000BF0C48C06940F002000A49C861084622
:10A70000C06900F00200009000BF00BF00221146A7
:10A710001D20FDF73DFF1D20FDF72AFF38BD00007D
:10A720000004004000100240014691F83D0001285D
:10A7300001D001207047022081F83D00124B0868CB
:10A7400098420BD00868B0F1804F07D00F4B0868D3
:10A75000984203D00E4B086898420CD10868806874
:10A7600000F00702062A0CD00868006840F00100DB
:10A770000B68186005E00868006840F001000B688D
:10A7800018600020D6E70000002C014000040040C3
:10A79000000800402DE9F04104460D4600BF94F842
:10A7A0003C00012802D10220BDE8F081012084F89C
:10A7B0003C0000BF022084F83D002068866826F037
:10A7C000770626F47F46206886602868502833D0B4
:10A7D0000CDC202850D004DC00284BD0102851D1AC
:10A7E00049E0302849D040284CD139E060282DD0AC
:10A7F000702807D0B0F5805F03D0B0F5005F41D17D
:10A800000DE040E0D5E902136A68206803F0ACF976
:10A810002068866846F077062068866033E0D5E9D0
:10A8200002136A68206803F09FF92068806840F48A
:10A8300080402168886026E0EA686968206803F043
:10A84000A7F95021206803F09AF91CE0EA686968CA
:10A85000206803F0B0F96021206803F090F912E05D
:10A86000EA686968206803F093F94021206803F0E2
:10A8700086F908E000BF00BF00BF2968206803F028
:10A880007EF900E000BF00BF012084F83D0000BF5A
:10A89000002084F83C0000BF00BF85E7704710B57A
:10A8A000044620680069C0F34000D8B12068C06841
:10A8B000C0F34000B0B16FF00200216808610120D0
:10A8C00020772068806900F0030018B12046FFF768
:10A8D000E5FF05E0204600F0ADF8204600F0ABF8BB
:10A8E0000020207720680069C0F38000D8B120687C
:10A8F000C068C0F38000B0B16FF004002168086147
:10A90000022020772068806900F4407018B120464A
:10A91000FFF7C4FF05E0204600F08CF8204600F069
:10A920008AF80020207720680069C0F3C000D8B101
:10A930002068C068C0F3C000B0B16FF008002168A3
:10A940000861042020772068C06900F0030018B176
:10A950002046FFF7A3FF05E0204600F06BF82046F5
:10A9600000F069F80020207720680069C0F300102B
:10A97000D8B12068C068C0F30010B0B16FF010000B
:10A9800021680861082020772068C06900F44070C1
:10A9900018B12046FFF782FF05E0204600F04AF894
:10A9A000204600F048F8002020772068006900F079
:10A9B000010058B12068C06800F0010030B16FF0AC
:10A9C000010021680861204600F036F8206800691F
:10A9D000C0F3C01058B12068C068C0F3C01030B1D7
:10A9E0006FF08000216808612046FFF702FE2068B2
:10A9F0000069C0F3801058B12068C068C0F38010AF
:10AA000030B16FF0400021680861204600F020F866
:10AA100020680069C0F3401058B12068C068C0F3D6
:10AA2000401030B16FF02000216808612046FFF728
:10AA3000E1FD10BD7047704710B50446034920681A
:10AA4000884201D102F068FE10BD00000004004001
:10AA500070477047704700002DE9F84F04462068A2
:10AA600005682068C668206847694FF00009CA4633
:10AA700005F00F09B9F1000F0AD105F0200038B137
:10AA800006F0200020B1204603F0DEF8BDE8F88F84
:10AA9000B9F1000F71D007F0010018B906F49070F9
:10AAA00000286AD005F0010030B106F4807018B1BA
:10AAB000206C40F00100206405F0040030B107F084
:10AAC000010018B1206C40F00200206405F0020083
:10AAD00030B107F0010018B1206C40F00400206490
:10AAE00005F0080048B106F0200010B907F0010099
:10AAF00018B1206C40F008002064206C68B305F0A9
:10AB0000200028B106F0200010B1204603F09CF888
:10AB100020684069C0F3801A206C00F0080010B96A
:10AB2000BAF1000F22D0204603F063F82068406994
:10AB300000F04000B0B12068406920F0400021687A
:10AB40004861A06B50B15648A16B4863A06BFDF7FC
:10AB500039F910B1A06B416B88470CE02046FFF734
:10AB600079FF08E02046FFF775FF04E02046FFF775
:10AB700071FF0020206489E7FFE7206B012878D16E
:10AB800005F01000002874D006F01000002870D0E6
:10AB900000BF002000902068006800902068406896
:10ABA000009000BF00BF2068406900F04000C0B3C3
:10ABB000A06B006840681FFA80F8B8F1000F2FD032
:10ABC000A08D40452CDDA4F82E80A06B8069202844
:10ABD0001FD02068C06820F480702168C860206899
:10ABE000406920F00100216848612068406920F038
:10ABF000400021684861202084F83E000020206346
:10AC00002068C06820F010002168C860A06BFDF7C4
:10AC1000ADF8A08DE28D801A81B22046FFF719FFB2
:10AC200034E7FFE7A08DE18D401A1FFA80F8E08D30
:10AC3000E8B1B8F1000F1AD02068C06820F4907015
:10AC40002168C8602068406920F0010021684861DF
:10AC5000202084F83E00002020632068C06820F097
:10AC600010002168C86041462046FFF7F2FE0DE75C
:10AC7000FFE705F0800030B106F0800018B12046F3
:10AC800003F0D2F802E705F0400030B106F04000D2
:10AC900018B1204602F0C8FFF8E600BFF6E6000053
:10ACA000DFDB000810B504460CB9012010BDA06917
:10ACB00000B100E000BF94F83D0028B9002084F8FE
:10ACC0003C00204600F028F8242084F83D0020684D
:10ACD000C06820F400502168C860204603F026F8C0
:10ACE0002068006920F4904021680861206840696C
:10ACF00020F02A00216848612068C06840F40050B4
:10AD00002168C86000202064202084F83D0084F879
:10AD10003E000020CAE7000010B586B004460020BF
:10AD200002900390049005905D49206888423FD1CD
:10AD300000BF5C48806940F480405A4988610846F9
:10AD4000806900F48040019000BF00BF00BF08464A
:10AD5000806940F0080088610846806900F00800BA
:10AD6000019000BF00BF402002900220039003200A
:10AD7000059002A94C48FDF7B7F980200290002009
:10AD80000390049002A94848FDF7AEF900BF474977
:10AD9000486840F0E06040F00400486000BF0022D6
:10ADA00011462520FDF7F4FB2520FDF7E1FB75E0BA
:10ADB0003F492068884236D100BF3A48C06940F414
:10ADC00000303849C8610846C06900F4003001907D
:10ADD00000BF00BF00BF0846806940F004008861E2
:10ADE0000846806900F00400019000BF00BF042005
:10ADF0000290022003900320059002A92D48FDF740
:10AE000073F90820029000200390049002A92948B9
:10AE1000FDF76AF9002211462620FDF7B9FB26202E
:10AE2000FDF7A6FB3AE024492068884236D100BFEE
:10AE30001C48C06940F480201A49C8610846C069AE
:10AE400000F48020019000BF00BF00BF0846806969
:10AE500040F0080088610846806900F00800019011
:10AE600000BF00BF08150290022003900320059048
:10AE700002A90D48FDF738F94FF400600290002058
:10AE80000390049002A90848FDF72EF9002211460C
:10AE90002720FDF77DFB2720FDF76AFB06B010BDDC
:10AEA0000038014000100240000C01400000014049
:10AEB00000440040000801400048004070472DE970
:10AEC000F84F04460E46174699464FF0000A94F88C
:10AED0003D0020285AD106B117B90120BDE8F88FEE
:10AEE00000BF94F83C00012801D10220F6E70120C0
:10AEF00084F83C0000BF00202064212084F83D003D
:10AF0000FDF790FA8246A784E784A068B0F5805FD9
:10AF100004D1206910B90025B04602E035464FF053
:10AF2000000800BF002084F83C0000BF1BE053462F
:10AF3000002280212046CDF8009002F0A5FF08B144
:10AF40000320CBE745B9B8F80000C0F3080021683A
:10AF5000486008F1020803E02878216848606D1C09
:10AF6000E08C401EE084E08C0028E0D153460022B3
:10AF700040212046CDF8009002F086FF08B1032062
:10AF8000ACE7202084F83D000020A7E70220A5E7D9
:10AF90007047000006E004A007F026FCFE210A200E
:10AFA00006F0D8F9F7E700007B2252656369766501
:10AFB000223A7B22537461747573223A37307D7D57
:10AFC0000A00000030B59DB004460D4670222849A5
:10AFD00001A8FAF7B7FC332D37D006DC102D0BD0C3
:10AFE000122D3AD0142D40D117E0352D1DD0372D1C
:10AFF0000BD0392D39D120E0A006010E1D4B01AA3E
:10B00000602000F07CF91DB030BDA006010E194B88
:10B0100005AA612000F073F9F5E7A006010E154BB3
:10B0200009AA602000F06BF9EDE7A006010E114BB4
:10B030000DAA612000F063F9E5E7A006010E0D4BB3
:10B0400011AA612000F05BF9DDE7A006010E094BB3
:10B0500015AA612000F053F9D5E7A006010E054BB3
:10B0600019AA602000F04BF9CDE70120CBE70000E2
:10B07000C82E01087820002070B504460D462946E8
:10B08000204600F0BDF970BD7FB506460C46694606
:10B09000304600F0B5F910B1012004B070BD0025B4
:10B0A0000BE01DF8051005F108001DF800008142B5
:10B0B00001D00120F1E7681CC5B2042DF1DB0025A9
:10B0C0000CE0281D1DF800001DF8051081F0FF019F
:10B0D000884201D00120E0E7681CC5B2042DF0DBF6
:10B0E0009DF80C0050B99DF80D00FF2806D19DF881
:10B0F0000E0018B99DF80F00FF2801D00120CCE701
:10B100009DF8030020602068000220609DF8021076
:10B110002068084420602068000220609DF801102B
:10B120002068084420602068000220609DF800101C
:10B130002068084420600020AFE7000070B5054695
:10B140000026002404E000200E490855601CC4B20B
:10B150000A2CF8DB0B4800F009F908B14E2070BD4D
:10B16000084800F086F908B94E20F8E7002404E00A
:10B170000448005D2855601CC4B2042CF8DB002094
:10B18000EDE700007820002070B504460D46294602
:10B19000204600F02CFA70BD30B585B005460C464F
:10B1A0002CA000680490E0B28DF81000200A8DF801
:10B1B0001100200C8DF81200200E8DF813009DF860
:10B1C00010008DF800009DF811008DF801009DF829
:10B1D00012008DF802009DF813008DF803009DF811
:10B1E000100080F0FF008DF804009DF8110080F041
:10B1F000FF008DF805009DF8120080F0FF008DF82B
:10B2000006009DF8130080F0FF008DF807009DF800
:10B2100010008DF808009DF811008DF809009DF8C8
:10B2200012008DF80A009DF813008DF80B00002025
:10B230008DF80C00FF208DF80D0000208DF80E0019
:10B24000FF208DF80F006946284600F0D0F905B0C0
:10B2500030BD000001000000002001E0411CC8B228
:10B260000128FBDB70470870020A4A70020C8A70E2
:10B27000020ECA70704730B50B46002100BF16E0C1
:10B280000A24B4EB107F05D9302404EB107403F8C2
:10B29000114005E0412404EB10740A3C03F811400E
:10B2A000000100254C00641C1D554C1CE1B291426C
:10B2B000E6DB30BD2DE9FC410446002700210D20CE
:10B2C00005F04AFA932020702020607001A82346E0
:10B2D0000222214600900C2000F0F8F806465EB9E4
:10B2E000002503E0605D4740681CC5B2042DF9DB12
:10B2F000605DB84200D002263046BDE8FC812DE9F1
:10B30000F04385B006460F46904699468DF8046096
:10B310008DF80570002406E018F8041001AAA01C9E
:10B320001154601CC4B2062CF6DB002407E019F8A7
:10B33000041001AA04F108001154601CC4B2042CCA
:10B34000F5DB04A801AB0C2201A900900E2000F04F
:10B35000BDF805462DB9082002F014F900F00800E8
:10B3600000B90225284605B0BDE8F08370B5044653
:10B3700008210846FBF7DCF82146522000F05BF874
:10B3800005461DB92046FFF795FF0546284670BDC6
:10B3900010B5012210211848FDF73EF800220121C6
:10B3A0001648FDF739F80120FCF764FD012211462B
:10B3B0001248FDF731F80120FCF75CFD00F053F86E
:10B3C0008D212A2005F0C8F93E212B2005F0C4F973
:10B3D0001E212D2005F0C0F900212C2005F0BCF91C
:10B3E0004021152005F0B8F93D21112005F0B4F9F0
:10B3F000FAF797FF10BD000000080140000C014063
:10B400007CB505460C46302020706570A21C0221D8
:10B410002046FBF75BF801A8234604222146009052
:10B420000C2000F053F8064616B90198902800D079
:10B43000022630467CBD7CB506460C4607210D2011
:10B4400005F08AF9267001A82346012221460090C2
:10B450000C2000F03BF8054615B90198102800D0E3
:10B46000022528467CBD10B50F21012005F074F996
:10B4700010BDF0B585B0074693208DF8040070200C
:10B480008DF80500002405E0395D01AAA01C1154C7
:10B49000601CC4B2052CF7DB0DF10B02072101A8DB
:10B4A000FBF714F804A801AB092201A900900C20B5
:10B4B00000F00CF805462DB90498182802D19DF823
:10B4C000046000E00026304605B0F0BD2DE9FE4FD7
:10B4D0000646884691469A46DDF830B00220029032
:10B4E0000020019000900C2E06D00E2E09D11220C3
:10B4F00001901020009005E077200190302000900E
:10B5000000E000BF00BF019840F08001022005F07C
:10B5100023F980210420FBF70BF880210A2002F098
:10B52000CEF80021012005F017F9002505E018F8F4
:10B530000510092005F010F96D1C4D45F7D3314673
:10B54000012005F009F90C2E03D180210D2002F015
:10B55000B6F84FF4FA6500BF042002F013F8044671
:10B560006D1E35B104F0010018B900982040002884
:10B57000F2D080210D20FAF7DBFF95B3062002F010
:10B5800001F800F01B0068BB0020029001982040E9
:10B5900000F0010008B1012002900C2E24D10A20F5
:10B5A00001F0F0FF04460C2001F0ECFF00F007076B
:10B5B0002FB1601E07EBC000CBF8000002E0E000F6
:10B5C000CBF8000004B90124102C00DD1024002564
:10B5D00005E0092001F0D6FF0AF805006D1CA54220
:10B5E000F7D301E0022002900298BDE8FE8FF0B58B
:10B5F00087B006460F46A0208DF804008DF8056040
:10B600000DF10602022101A8FAF760FF06A801ABBE
:10B61000042201A900900C20FFF758FF054645B908
:10B620000698042805D19DF8040000F00F000A28B0
:10B6300000D002250DBB002404E0385D01A90855A7
:10B64000601CC4B2102CF8DB05AA102101A8FAF77F
:10B650003DFF06A801AB122201A900900C20FFF7C4
:10B6600035FF054645B90698042805D19DF8040024
:10B6700000F00F000A2800D00225284607B0F0BDD0
:10B6800000B585B00020019002900390049000BFA7
:10B690003E48806940F010003C4988610846806956
:10B6A00000F01000009000BF00BF00BF0846806996
:10B6B00040F0200088610846806900F0200000907A
:10B6C00000BF00BF00BF0846806940F004008861E9
:10B6D0000846806900F00400009000BF00BF00BF72
:10B6E0000846806940F0080088610846806900F0DB
:10B6F0000800009000BF00BF00224FF4E261244820
:10B70000FCF78AFE002209212248FCF785FE4FF44F
:10B71000E260019001200290002003900320049039
:10B7200001A91B48FCF7E0FC0920019001200290D0
:10B73000002003900220049001A91648FCF7D4FCD5
:10B7400020200190144802900220039001A9114882
:10B75000FCF7CAFC012211461720FCF719FF17203D
:10B76000FCF706FF002202210948FCF755FE0220E3
:10B77000019001200290002003900320049001A971
:10B780000348FCF7B1FC05B000BD0000001002400A
:10B7900000080140000C01400000311010B50748BE
:10B7A000074908600620486040F6FF710448816040
:10B7B000FCF73EFE08B1FAF708FF10BD003000406C
:10B7C000A80800201CB500200190009007480849F7
:10B7D00008604FF0FF3048604FF48071044881608A
:10B7E000FEF780FB08B1FAF7F0FE1CBD0028004010
:10B7F000B408002010B50F480F4908604FF482705C
:10B80000486000210C488160C160016141614FF4D2
:10B81000007181612821C1610021016241624FF400
:10B82000005181620921C162FEF713FD08B1FAF7E8
:10B83000CCFE10BD00300140C808002000B587B024
:10B840000020039004900590069001900290144807
:10B850001449086040F2DB504860002111488160C3
:10B860000121C160002101618161FEF707FF08B17C
:10B87000FAF7ABFE4FF48050039003A90948FEF796
:10B8800089FF08B1FAF7A1FE00200190029001A9FA
:10B890000448FEF7B1FE08B1FAF797FE07B000BD05
:10B8A000000400402009002010B50B480B49086037
:10B8B0004FF461404860002108488160C160016127
:10B8C0000C21416100218161C161FFF7EBF908B1F1
:10B8D000FAF77BFE10BD0000003801406809002027
:10B8E00010B50B480B4908604FF4E1304860002167
:10B8F00008488160C16001610C21416100218161C2
:10B90000C161FFF7CFF908B1FAF75FFE10BD000083
:10B9100000440040AC0900201FB5002000900190B9
:10B92000029003904FF4805000900120019002207B
:10B9300002900320039069461448FCF7D5FB0022CF
:10B940004FF480511148FCF767FD6420FCF792FA30
:10B9500000220F490F4802F094FF08B1FAF735FEB4
:10B960000D490C4803F026FA08B1FAF72EFE0B49F0
:10B97000084802F02CFC08B1FAF727FE054803F04E
:10B98000E3FA08B1FAF721FE1FBD000000080140EC
:10B990008C000020340A002024010020E400002054
:10B9A00000BFFEE7FDF7BEFF00BFFEE72DE9FF4F3A
:10B9B00091B00E46174699464FF0000800201090AF
:10B9C00001200290002001900090FD48007801289D
:10B9D00011D0022802D0032827D119E00520F94907
:10B9E00008701520F84908703720F84908702020A1
:10B9F000F749087026E00420F24908701020F24947
:10BA000008703920F14908700020F149087019E0E8
:10BA10000520EC4908701520EB4908703720EB49E8
:10BA200008704020EA4908700CE00520E5490870DC
:10BA30001420E54908703720E44908700020E449E3
:10BA4000087000BF00BF0020E24908708346002153
:10BA5000219801602298016002E10BF1010000F0E1
:10BA6000FF0B00200290029800283DD10CA8FFF7A0
:10BA700065FB30B10CA8FFF761FB10B108F10108BC
:10BA8000EEE04AF6AA20D4490968086008F10108E6
:10BA9000002405E00CA8005DD0490855601CC4B224
:10BAA000042CF7DBCD484068306000F08BFA82460A
:10BAB0000098072803DDFF2015B0BDE8F08FBAF12C
:10BAC000000F11D0C54840683060BAF1040F03D0B0
:10BAD000BAF10B0F07D101E00E20EDE70098401CF2
:10BAE000C0B20090BCE0BBE000200290306830B1F2
:10BAF000BA4840683168884201D00920DCE7B7487D
:10BB00004068306041F23C513868884213D1B348F4
:10BB1000806888420FD0B1488068B0F5ED5F0AD0E8
:10BB2000AE4880683860AD488068FB2801D10B20A2
:10BB3000C2E70A20C0E7A9488068396888420AD06D
:10BB4000A64880683860A5488068FB2801D10B2092
:10BB5000B2E70A20B0E7A148806838609B480178C6
:10BB600098480078FFF72EFA00B179E004A99648CA
:10BB70000078FFF781FA00B172E09DF811000390A0
:10BB80000398000203909DF8101003980844039056
:10BB900041F294613868884204D040F679313868BF
:10BBA000884203D10398192800D159E08B48417B82
:10BBB0002498017089480169239801608748017BB6
:10BBC00025980170306800B94AE0002544E000245F
:10BBD0000CE08248005D05EB0511814A02EB810112
:10BBE000095D884200D003E0601CC4B2042CF0DB85
:10BBF00000BF042C2EDB05EB0510794901EB80001A
:10BC0000407D05EB0511764A02EB8101097DC1EB10
:10BC1000011100EB8100C0F13C000F900F9800284B
:10BC200002DA0F9840420F900F980A280ADA012092
:10BC3000109005EB05106A4A02EB80014422674828
:10BC4000F9F780FE05EB0511654A02EB8100FAF772
:10BC500092FC03E0681CC5B2052DB8DB00BF03E011
:10BC6000B8F10A0FFFF4F9AE00BFB8F1050F01D328
:10BC7000012021E7109880BB5848C16921980160D4
:10BC80005648C069554908620846C0F8189011988E
:10BC900048735448007808755348007848752098D0
:10BCA00008610846007B0D2801DD0020087311980B
:10BCB000012802D002282CD110E04848C06948442D
:10BCC00001901F990198884201D90320F4E6434866
:10BCD000C06948444149C8611DE01FE03F48C06950
:10BCE000A0EB090001901E990198884201DA032017
:10BCF000E2E60198002805DD1F990198884201D9E4
:10BD00000320D9E63548C069A0EB09003349C86172
:10BD100001E00520D0E600BF00F0EEF8BBF1010F16
:10BD200001D14FF0000B4FF0000862E0BBF1010FB2
:10BD300003D10BF1010000F0FF0BBBF1010F30DD6F
:10BD40000CA8FFF7FBF930B10CA8FFF7F7F910B119
:10BD500008F101084DE09DF8300058B99DF8310018
:10BD600040B99DF8320028B99DF8330010B908F1A8
:10BD700001083EE0002408E01848005D0CA9095DB8
:10BD8000884200D003E0601CC4B2042CF4DB00BF86
:10BD9000042C06DA109808B904208DE604201090CF
:10BDA0002AE04FF0000800F02BFB8246BAF1010FA9
:10BDB00001DD01201090BAF1000F17D019E000004A
:10BDC0003C02002038020020390200203A02002004
:10BDD0003B02002044020020A8080020781C00201C
:10BDE000441D002060000020610000200020109011
:10BDF00002E0B8F1140F99D300BF306808B90120F0
:10BE000010902548C169219801602348016A229851
:10BE10000160109800B3002409E004EB04101F49EE
:10BE200001EB8000406800B903E0601CC4B2052C3F
:10BE3000F3DB00BF052C00DB002404EB0411174AE0
:10BE400002EB810044221449F9F77CFD1098042884
:10BE500000D131E60D202FE6B8F1140F03D310986E
:10BE60000C30C0B228E6002511E00B48406805EB15
:10BE700005110A4A02EB81014968884205D105EBA8
:10BE8000051102EB8100FAF776FB681CC5B2052D9F
:10BE9000EBDB002010E60000781C0020441D002091
:10BEA000014624200E2924D2DFE801F007090B0DFA
:10BEB0000F11131517191B1D1F21192019E01A2026
:10BEC00017E01C2015E01D2013E01E2011E02020AB
:10BED0000FE021200DE022200BE0242009E02520A6
:10BEE00007E0262005E0282003E0292001E02A20A1
:10BEF00000BF00BF704700002C48007E2B4B83F82A
:10BF000034001846008B030A284880F8353090F832
:10BF1000203080F83630008C030A244880F837300F
:10BF2000006A030C214880F83830437B80F83930B0
:10BF30001F4803781F48007863F31F10C3B21B48E3
:10BF400080F83A301C480378184880F83B30037F6B
:10BF500080F83C30808B030A144880F83D30C0697B
:10BF6000030C124880F83E30037C80F83F30008A92
:10BF7000030A0E4880F84030104803780B4880F8D8
:10BF800041300F480378094880F8423000220021F0
:10BF900005E006483430405C4240481CC1B20F29DD
:10BFA000F7DB024880F8432000207047781C00200F
:10BFB000640000205E0000205F0000206000002080
:10BFC0006100002030B589B010210020FEF7FAFF93
:10BFD00010B1012009B030BD01A90120FFF74CF8D4
:10BFE00008B10220F6E79DF80A00AB2801D0052031
:10BFF000F0E79DF805005749886008468068000210
:10C000008860084680689DF804100844514988609B
:10C010009DF80900486008464068000248600846EC
:10C0200040689DF8081008444A494860084640683E
:10C0300000024860084640689DF8071008444549DA
:10C0400048600846406800024860084640689DF81D
:10C05000061008443F4948600846008900F4004043
:10C06000B0F5004F12D108460089C0F30E00886079
:10C070000846806846F629214840364988600846C7
:10C0800040684BF2A6214840324948603148406838
:10C090003149086014210620FEF794FF08B10A20F8
:10C0A00098E769461820FEF7EFFF08B10B2091E7EB
:10C0B000284900980873009810B90D20009002E0FC
:10C0C0000098401E00904AF6AA202449096808609A
:10C0D0000099C8B2FFF7E4FE0446E11704EB917142
:10C0E00088103521FEF76EFF08B10D2072E701A917
:10C0F0002046FEF7C1FF08B10E206BE79DF809004E
:10C10000144948739DF81000086108460069000250
:10C110000861084600699DF80F1008440D49086140
:10C120000F4801780F480078FEF74CFF08B10C204B
:10C1300050E708491C310C480078FEF7A5FF30B1E4
:10C1400000F014F808B1032044E7042042E700207F
:10C1500040E70000781C002040020020A8080020D2
:10C160003A02002038020020390200202DE9F04375
:10C1700089B04FF0000814210620FEF723FF18B104
:10C18000012009B0BDE8F08308A91820FEF77CFF64
:10C19000C7B22FB1022F12D100F05EF80120F0E7F4
:10C1A00008980D2803DD00F057F80120E9E708980A
:10C1B00010B90D20089002E00898401E08900899D8
:10C1C000C8B2FBF765FD0546E91705EB91718810CC
:10C1D0003521FEF7F7FE08B10820D2E76946284668
:10C1E000FEF74AFF08B10920CBE74FF00008002610
:10C1F00004E01DF8060080EA0808761C0F2EF8DB24
:10C200009DF80F00404503D000F026F80A20B8E75B
:10C210009DF80A4024029DF80900044424029DF878
:10C22000080004440948017809480078FEF7CAFE6E
:10C2300008B10B20A5E7214606480078FEF7ACFFC1
:10C2400008B10C209DE700209BE700003A02002087
:10C2500038020020390200202DE9F04F93B0002071
:10C260000990089007900690059003900290C825C9
:10C270000024A9E0E0B2FFF713FE82464FEAEA711C
:10C280000AEB917188103521CDF804A0FEF79AFED3
:10C2900018B1032013B0BDE8F08F0BA95046FEF78C
:10C2A000EBFE08B10420F5E700200390049009E0BC
:10C2B0000BA90498085C0399484003900498401C1B
:10C2C000C0B2049004980F28F2DB9DF83B1003984D
:10C2D000814204D0039810B10398FF2800D172E086
:10C2E0009DF83200562101EB20100A909DF8320093
:10C2F00000F00F069DF833709DF839809DF83A9054
:10C300009DF830B04FEA0B2B9DF82F0083444FEA85
:10C310000B2B9DF82E0083440C2E07DC1F2F05DC11
:10C32000B8F1170F02DCB9F13B0F00DD4BE0DDE99E
:10C330000910884201DDE5B227E0DDE909108842F5
:10C3400023D10898864201DDE5B21EE008988642B6
:10C350001BD10798874201DDE5B216E007988742B6
:10C3600013D10698804501DDE5B20EE006988045C0
:10C370000BD10598814501DDE5B206E005988145C0
:10C3800003D10298584500D1E5B2AC421AD10A98BF
:10C39000099008960797CDF81880CDF814909DF86D
:10C3A000360002900298000202909DF83510029823
:10C3B000084402900298000202909DF834100298FE
:10C3C0000844029000BF641C0E2CFFF653AFC82D2A
:10C3D00000D10D25681CC5B20D2D00DD00253521CD
:10C3E0000620FEF7EFFD08B1012053E7294618208B
:10C3F000FEF7D2FE08B101204CE700204AE700001A
:10C400007FB5A649087BFFF74BFD0446A44800789A
:10C4100030B1012872D0022871D0032870D11BE1FD
:10C4200000209F490870E11704EB917188103521B5
:10C43000FEF7C8FD10B1012004B070BD974934313A
:10C440002046FEF7A1FE08B10220F5E7012094493D
:10C45000087035210620FEF7B5FD80B16846FEF76D
:10C460006DFE28B16846FEF769FE08B10320E3E7D8
:10C4700035210620FEF7A6FD08B10320DCE787483A
:10C48000007B401CC4B20D2C00DD00242146182086
:10C49000FEF782FE08B10420CEE702208049087032
:10C4A0008048017880480078FEF78CFD90B168469E
:10C4B000FEF744FE28B16846FEF740FE08B10520AD
:10C4C000BAE77848017878480078FEF77BFD08B134
:10C4D0000520B1E77148C16974480078FEF75CFE39
:10C4E00008B10620A8E772480078012809D17149EF
:10C4F0001220FEF749FE20B106209DE717E075E007
:10C50000C9E003206649087003A968480078FEF76F
:10C51000BBFD08B107208FE76048C06903998842D6
:10C5200001D0082088E700205D490870B3E00120B1
:10C530005B49087035210620FEF744FD08B1032051
:10C540007AE75648007B401CC4B20D2C00DD002465
:10C5500021461820FEF720FE08B104206CE70220D7
:10C560004F4908704F4801784F480078FEF72AFD80
:10C5700090B16846FEF7E2FD28B16846FEF7DEFDA1
:10C5800008B1052058E74748017847480078FEF78A
:10C5900019FD08B105204FE74048C16943480078BC
:10C5A000FEF7FAFD08B1062046E741480078012869
:10C5B00006D140491220FEF7E7FD08B106203BE70F
:10C5C00003203749087003A938480078FEF75CFD5E
:10C5D00008B1072030E73148C0690399884201D08B
:10C5E000082029E700202E49087054E002202C4939
:10C5F00008702C4801782C480078FEF7E3FC08B15D
:10C60000052019E72548C16928480078FEF7C4FDD0
:10C6100008B1062010E726480078012806D12549F0
:10C620001220FEF7B1FD08B1062005E703201C49E2
:10C63000087003A91D480078FEF726FD08B1072001
:10C64000FAE61648C0690399884201D00820F3E64B
:10C650000020134908701EE003201149087011489A
:10C66000017811480078FEF7ADFC08B10520E3E63B
:10C6700003A90E480078FEF707FD08B10720DBE6A6
:10C680000648C0690399884201D00820D4E60020FA
:10C690000349087000BF00BF0020CDE6781C0020D1
:10C6A000440200203A020020380200203902002013
:10C6B0003C020020681C00202DE9F0470546EAE115
:10C6C0002868B0F844A00AF00F06002E7ED10AF0C8
:10C6D0001000B0BB00BF2968098848F60F7201EA54
:10C6E000020040F400412A68118000BF05F12804CF
:10C6F0002868B0F85010207801EBC000801C296831
:10C7000001F5806131F81000C0F30900E061E169D2
:10C7100060690844606100212846FBF7AEFF95F888
:10C7200024000028CBD0A0690028C8D195F82400A7
:10C7300040F080002968A1F84C00002085F8240012
:10C74000A9E1FFE705F5B4742868B0F8008008F4A3
:10C75000006030B32868B0F85010207801EBC000BA
:10C76000801D296801F5806131F81000C0F30900CF
:10C77000E061A18B8BB2E28805F52C71286803F08B
:10C7800099FF00BF2968098840F68F7201EA02000C
:10C7900040F080012A68118000BF2846FCF721FE86
:10C7A00079E108F40040002889D000BF2968098891
:10C7B00040F68F7201EA020040F080012A68118081
:10C7C00000BF2868B0F85010207800E06FE001EB5F
:10C7D000C000801D296801F5806131F81000C0F3A8
:10C7E0000900E061E06990B1606980B1B4F81CC0F3
:10C7F0001FFA8CF3E2886169286803F05BFFE16946
:10C8000060690844606100212846FBF746FF2868FC
:10C81000008800F40060002892D100BF2A682968CF
:10C82000B1F850100A4402F20C41084600BF2369D7
:10C8300053B9038848F2FF3C03EA0C0303800388E2
:10C8400043F4004303801EE023693E2B0DD800BF54
:10C8500023695908237C03F0010303B1491C4FF6F7
:10C86000FF7303EA812303800DE000BF23695909A8
:10C87000237C03F01F0303B9491E4FF4004343EA2E
:10C880008123038000BF00BF00BF00BF2968098863
:10C890004BF68F7201EA020080F4805080F4005061
:10C8A00040F4004141F080012A681180F3E07100FA
:10C8B000286830F8118008F4004000287ED000BFBE
:10C8C0007200296831F8121040F68F7201EA0200F6
:10C8D00040F0800173002A6822F8131000BF06EBB5
:10C8E000860105F5B47000EBC104207BB0B928685F
:10C8F000B0F85010207801EBC000801D296801F5C8
:10C90000806131F81000C0F30907002F5BD0E28886
:10C9100061693B46286803F0CDFE54E0E0780228C8
:10C9200006D1424621462846FBF73AFF07464AE031
:10C9300000BF00BF22785200296831F8121048F673
:10C940008F7201EA020040F4004141F0C0012378F7
:10C950005B002A6822F8131000BF00BF217849004D
:10C96000286830F8110000F48040A8B12868B0F8B9
:10C970005010207801EBC000801C296801F580610F
:10C9800031F81000C0F30907EFB1228961693B4615
:10C99000286803F08FFE16E02868B0F85010207861
:10C9A00001EBC000801D296801F5806131F810009D
:10C9B000C0F309073FB16289616900E017E03B46B7
:10C9C000286803F077FEE0693844E0616069384424
:10C9D0006061A06910B12069B84204D92178284665
:10C9E000FBF75BFE03E02146286803F088F808F0B7
:10C9F0008000B0B306EB860105F1280000EBC1040E
:10CA000000BF7200296831F8121048F60F7201EA6F
:10CA1000020040F4004173002A6822F8131000BF9E
:10CA2000E078032807D0E07828B1E07802282DD1FB
:10CA300008F4807050BB2868B0F85010207801EBE3
:10CA4000C000801C296801F5806131F81000C0F336
:10CA50000909A069484505D9A069A0EB0900A061B2
:10CA600002E018E00020A061A06920B921782846E2
:10CA7000FBF703FE0FE0606948446061E0694844E9
:10CA8000E0612146286803F03AF804E04246214676
:10CA90002846FBF731FF2868B0F8440000F4004056
:10CAA00000287FF40DAEBDE8F0877047F0B5A1B067
:10CAB000074600200990002297499848FDF7D2F9CF
:10CAC000002297499548FDF76FF9954B9A78597868
:10CAD000DB7803F5FA6004F01BFB8F48007891497E
:10CAE00008708D484078904908708B4880788F494D
:10CAF0000870002009908E4840680C901FAA002101
:10CB0000084605F0B9FC0546FF2D05D189A005F0C2
:10CB10006BFE002021B0F0BD642D04D98BA005F080
:10CB200063FE0020F6E78F48007810B90120FBF77C
:10CB3000A1F98D48006800FB05F66420B6FBF0F60D
:10CB400089480068861B0AA80BA908AA0DABCDE985
:10CB50000432CDE906100EAB7548008874490969A6
:10CB6000734A92F91420CDE90203CDE9002133463E
:10CB70000CAA09A90220FEF719FF0446012C01D0D6
:10CB8000092C3BD1002009900AA80BA908AA0DABDB
:10CB9000CDE90432CDE906100EAB65480188006985
:10CBA000634A92F91420CDE90213CDE900203346FF
:10CBB0000CAA09A90220FEF7F9FE0446012C01D0B7
:10CBC000092C1BD1002009900AA80BA908AA0DABBB
:10CBD000CDE90432CDE906100EAB55480188006955
:10CBE000534A92F91420CDE90213CDE900203346CF
:10CBF0000CAA09A90220FEF7D9FE04464AF6AA208B
:10CC00005A4909680860DDE90D1001AA63C2584855
:10CC1000006800905748036822465749574803F078
:10CC2000B3FD564805F0E0FD00204E490870022093
:10CC30008DF83C000998C0B28DF83D000998000AB3
:10CC40008DF83E000998000C8DF83F008DF84040AB
:10CC50004B480078A0F5AF60C0B28DF8410049485C
:10CC600000788DF84200484800788DF843002D4840
:10CC700000788DF844002C4800788DF845002B484A
:10CC800000788DF84600E8B28DF84700280A8DF844
:10CC90004800F0B28DF84900300A8DF84A000DF1D5
:10CCA0004B010D98FEF7DFFA0DF14F010E98FEF7DC
:10CCB000DAFA1F4800788DF853001D480088000AF2
:10CCC0008DF8540000208DF855002A480068C0B245
:10CCD0008DF8560027480068000A8DF8570025484F
:10CCE0000068000C8DF8580000208DF8590000BF36
:10CCF00008E09DF859100FAA125C51408DF85910A8
:10CD0000411CC8B21D28F4DB4A208DF85A00472088
:10CD10008DF85B0000BFFDE684000020B408002011
:10CD200087000020600000206100002062000020D9
:10CD3000780200207B2243223A7B2253746174756F
:10CD400073223A31327D7D0A000000007B224322AB
:10CD50003A7B22537461747573223A31307D7D0AB7
:10CD6000000000002300002050020020A80800203E
:10CD70007C00002080000020782F01087C07002024
:10CD8000640000205E0000205F00002070B588B0C5
:10CD90000546002610210020FEF714F910B10020EE
:10CDA00008B070BD69460120FEF766F908B10020A1
:10CDB000F6E737210520FEF705F980B12846FEF792
:10CDC000BDF928B12846FEF7B9F908B10020E7E718
:10CDD00037210520FEF7F6F808B10020E0E76946A4
:10CDE0001620FEF749F9E0B137210520FEF7EAF8F1
:10CDF00080B12846FEF7A2F928B12846FEF79EF931
:10CE000008B10020CCE737210520FEF7DBF808B198
:10CE10000020C5E769461620FEF72EF908B100206C
:10CE2000BEE79DF8014024029DF800000444142C44
:10CE300000D90024022C01D10120B1E70120FFF725
:10CE400035FE0020ACE7000001B582B0642001236C
:10CE500001AA02A900900348FDF79CFA9DF804007E
:10CE60000EBD0000C808002008B508490968C908B7
:10CE70004FF47A72B1FBF2F14143009100BF00BF61
:10CE800000994A1E00920029F9D108BD1001002026
:10CE9000014600BF080900EB8000420001F00F00CE
:10CEA0001044C0B2704770B504460025FBF7BAFACB
:10CEB000054607E0FBF7B6FA401BB0F57A7F01D9CB
:10CEC000032070BD2068406800F020000028F1D0E9
:10CED0002068406840F01000216848600020F0E7BA
:10CEE00070B5044600252068406820F010002168D5
:10CEF0004860FBF797FA054607E0FBF793FA401BFB
:10CF0000B0F57A7F01D9032070BD2068406800F039
:10CF100020000028F1D00020F6E730B501460022BD
:10CF20000023002400200D68AD69AAB20D68ED69E8
:10CF3000ACB20D68AD69ABB29A4205D00D68ED692F
:10CF400063F31F45284601E044EA024030BDF0B5D6
:10CF500004460B460021002504F5FA61032B1BD281
:10CF6000C3EBC30000EB03100926B0FBF6F010443E
:10CF7000001D4618481E06EB90066427B0FBF7F02C
:10CF8000361A481EBF00B0FBF7F030440726B0FB4E
:10CF9000F6F706FB17051AE0C3EBC30000EB03101E
:10CFA0000926B0FBF6F01044001D084400EB910088
:10CFB0006426B1FBF6F6801B4FF4C876B1FBF6F69B
:10CFC0003044801E0726B0FBF6F706FB1705E8B2D3
:10CFD000F0BD70B504460D4600262046FFF763FFFE
:10CFE00008B101260AE0280C21688861A8B22168EE
:10CFF000C8612046FFF774FF00B10126304670BDBE
:10D000002DE9F14F9CB00020079006900590002676
:10D010000920049000200390352002900020019008
:10D02000FEF71AF9F4A005F0DFFBFBF7FBF9189007
:10D030009BE0FBF7F7F91899401A42F22831884231
:10D0400008D9FBA005F0D0FB0120FE4908601DB007
:10D05000BDE8F08F15A8FEF771F820B115A8FEF70E
:10D060006DF800B181E010210020FDF7ABFF00B1A9
:10D070007BE00CA90120FDF7FFFF00B175E09DF8F2
:10D0800030A09DF831000AEB00201FFA80FA9DF8CD
:10D0900032909DF8330009EB00299DF8340009EB2C
:10D0A00000499DF8350009EB00690AF40040B0F52D
:10D0B000004F09D1CAF30E0A46F629208AEA000A6F
:10D0C0004BF2A62089EA00094AF6AA20DE4909683F
:10D0D0000860DE480078D0B914210620FDF772FF01
:10D0E00000B142E01AA91820FDF7CEFF00B13CE0E4
:10D0F00037210520FDF766FF00B136E01BA914209B
:10D10000FDF7C2FF00B130E01A98C6B211E0CF4877
:10D11000007801280DD114210620FDF753FF00B13E
:10D1200023E01AA91820FDF7AFFF00B11DE01A98FF
:10D13000C6B24AF6AA20C44909680860002619A99F
:10D140001BA8FAF793FB0746012F04D119A91BA8C6
:10D15000FAF78CFB07460FB15A2F01D11B980190AB
:10D1600017B15A2F00D000E000E062E700BF4AF696
:10D17000AA20B54909680860B4480078012801D19F
:10D180001A98C6B216B1701EC6B200E00D261496EB
:10D19000002006908046CBE108F101001FFA80F8DC
:10D1A000B8F1320F00DBC4E1B8F1190F08D115A8AE
:10D1B000FDF7C4FF20B115A8FDF7C0FF00B1B7E12E
:10D1C0004AF6AA20A049096808603046FAF78AFDA5
:10D1D0000546E91705EB917188101421FDF7F2FE61
:10D1E00088B115A8FDF7AAFF20B115A8FDF7A6FF85
:10D1F00000B19DE1E91705EB917188101421FDF74D
:10D20000E1FE00B194E10CA92846FDF735FFF8B125
:10D21000E91705EB917188101421FDF7D3FE88B151
:10D2200015A8FDF78BFF20B115A8FDF787FF00B10A
:10D230007EE1E91705EB917188101421FDF7C2FE1C
:10D2400000B175E10CA92846FDF716FF00B16FE1AA
:10D250004FF000084AF6AA207B49096808600024BC
:10D2600005E00CA8005D08A90855601C84B2102CCC
:10D27000F7DB00200790002406E008A8005D07996E
:10D2800048400790601C84B20F2CF6DB9DF82F10ED
:10D290000798814208D0002404E0002008A908551E
:10D2A000601C84B2102CF8DB002406E008A8005DA6
:10D2B000FF2800D003E0601C84B20F2CF6DB00BF17
:10D2C0000F2C08DB002404E0002008A90855601C8E
:10D2D00084B2102CF8DB069A521C5DA15E4803F064
:10D2E00053FA5D4805F080FA9DF825205BA15A4865
:10D2F00003F04AFA584805F077FA4AF6AA2052494C
:10D30000096808609DF824005649086008460068CE
:10D3100000020860084600689DF82310084451493F
:10D3200008600846006800020860084600689DF82A
:10D33000221008444B49086008464BA10268464841
:10D3400003F022FA444805F04FFA9DF8260009211F
:10D35000B1EB201F0ADD9DF826004FF4AF6101EB11
:10D36000201244A13C4803F00FFA0AE09DF8260081
:10D37000562101EB201000F214523EA1364803F072
:10D3800003FA354805F030FA9DF8260000F00F0248
:10D390003BA1314803F0F8F92F4805F025FA9DF834
:10D3A00027203AA12C4803F0EFF92B4805F01CFA8E
:10D3B0009DF82A002B4908600846006800020860B2
:10D3C000084600689DF82910084426490860084668
:10D3D000006800020860084600689DF828100844AC
:10D3E0002049086008462BA102681B4803F0CCF9CD
:10D3F000194805F0F9F955E07B22526563656976B5
:10D4000065223A7B22537461747573223A32367DF9
:10D410002C2243223A7B2254797065223A225265AB
:10D420006164436172645461626C65227D7D0A00AF
:10D430007B2243223A7B22537461747573223A3102
:10D440007D7D0A002C020020A80800203C0200205C
:10D45000526F773D25642A007C0700204F503D2500
:10D46000642A0000340200204574656261723D2523
:10D47000752A0000596561723D25642A000000008C
:10D480004D6F6E74683D25642A0000004461793D4B
:10D4900025642A0052656D4574656261723D25758B
:10D4A0002A0000009DF82C002A4908600846006800
:10D4B00000020860084600689DF82B1008442549C2
:10D4C0000860084624A10268254803F05DF9244855
:10D4D00005F08AF99DF82D2022A1214803F054F986
:10D4E0001F4805F081F99DF82E2021A11C4803F06A
:10D4F0004BF91B4805F078F932211948F8F73BFA47
:10D500004AF6AA201D49096808600698401CC1B265
:10D5100006911C98814200DB0BE016B1701EC6B26A
:10D5200000E00D264AF6AA2014490968086000BFE9
:10D5300032E600BFB8F1320F07DAC820FAF79AFCDA
:10D540004AF6AA200D490968086001200C490860C4
:10D5500000BF7CE5340200204449443D25752A0083
:10D560007C070020486F75723D25642A000000008A
:10D570004D696E3D25642C0A00000000A8080020BB
:10D580002C02002070B50446002210210A48FAF748
:10D5900043FF7E2101EA440141F08000FFF754FC83
:10D5A0000020FFF751FC0546012210210248FAF73E
:10D5B00033FF284670BD000000080140F8B504465E
:10D5C0000D4616462B46002280212046009600F08C
:10D5D00009F828B1606D40F0200060650320F8BDB7
:10D5E0000020FCE72DE9F84F04460D4690461E4604
:10D5F000DDF82890FAF716FFA0EB0900371AFAF7C2
:10D6000011FF82462C480068C0F3CB30784300906D
:10D6100045E0701C002842D0FAF704FFA0EB0A0096
:10D62000B84200D2A7BB2068406820F0E000216823
:10D6300048606068B0F5827F0DD1A068B0F5004FFA
:10D6400003D0A068B0F5806F05D12068006820F095
:10D65000400021680860A06AB0F5005F0DD100BFEE
:10D660002068006820F40050216808602068006885
:10D6700040F400502168086000BF012084F8510088
:10D6800000BF002084F8500000BF0320BDE8F88FE1
:10D69000FFE7009800B900270098401E009020681E
:10D6A00080682840A84201D1012000E000204045C8
:10D6B000AFD10020EAE7000010010020704770B5EC
:10D6C00005460C462846FFF75DFF064646EA04017C
:10D6D000284603F041F870BD0146012901DB012015
:10D6E00070470120024A02EB411290700020F7E7D8
:10D6F000081C002070B504460D4629462046FAF75E
:10D7000083FE70BD70B504460D4616463246294666
:10D710002046FAF781FE70BD70B500F0F9F80546B5
:10D72000002411E0164800EB4410C07F1549097829
:10D73000884208D145FA04F202F00101104A02EBD6
:10D74000441000F0ABF8641C012CEBDB0D480078B2
:10D7500048B9002405E00A4901EB441000F01BF928
:10D76000641C012CF7DB07480078401C0549087051
:10D7700008460078052801DB0020087070BD000015
:10D78000081C002027020020F0B504460D4616466E
:10D79000059F012C01DB0120F0BD0020254901EB94
:10D7A00044110870234901EB44118871214901EBB0
:10D7B000441148711F4901EB441148811D4901EB97
:10D7C000441148701B4901EB44118870194901EB61
:10D7D00044110871174901EB4411C870154901EB58
:10D7E0004411C871134901EB44110872124800EB4F
:10D7F0008410104901EB4411C8600E4800EB44103E
:10D8000083610C4800EB441087830A4800EB441006
:10D810000561084800EB441086820020054901EBB1
:10D8200044118877034901EB4411C877FFF754FF8F
:10D830000020B1E7081C0020281C002030B503465A
:10D840000C46012B01DB012030BD134800EB4310D7
:10D85000007808B10120F7E700200F4D05EB4315D4
:10D86000E8710D4800EB43100272002106E0605C95
:10D87000094D05EB4315ED686854491C9142F6DBF0
:10D880000120054D05EB43152870034D05EB4315AD
:10D8900068700020D8E70000081C002010B58278CE
:10D8A000002A33D0827962B901B110BD00224271E1
:10D8B0008279521C82710023C26820324489135538
:10D8C00024E08279092A14DAC26820324389D25CC2
:10D8D00001F001034479A3401A43D3B2C268203255
:10D8E000448913558279521C82714279521C4271CB
:10D8F0000CE08279092A09D100228271827729B14C
:10D9000042891F2A02DA4289521C428100BFCCE7B9
:10D9100070B5002600242CE0184A02EB4412918BCB
:10D92000164A02EB44129069FFF7E4FE05461348DD
:10D9300000EB44108079B0B9104800EB4410807FB0
:10D9400088B985B90E480078801C052190FBF1F25A
:10D9500001FB1200094901EB4411C8770120074976
:10D9600001EB4411887705F00100A0403043C6B2B6
:10D97000641C012CD0DB304670BD0000081C002068
:10D980002702002070B504460D46A18A2A46206968
:10D99000FFF7B8FE70BD10B50446607800283FD090
:10D9A000207958B9012020700020E0700021204625
:10D9B000FFF7E8FF2079401C207131E02079092829
:10D9C00010DAE279E068805CE278104100F0010151
:10D9D0002046FFF7D7FF2079401C2071E078401CDB
:10D9E000E0701DE02079092807D101212046FFF7CA
:10D9F000C9FF2079401C207112E020790A280FD13C
:10DA000000202071E079401CE071207AE1798842A1
:10DA100003DD01202070607002E000202070607043
:10DA200010BD000010B5FAF733FD03480068401C34
:10DA30000149086010BD00001400002000B593B03B
:10DA4000282109A8F7F797FF142104A8F7F793FFF7
:10DA5000002000900190029003900D2009904FF457
:10DA600080300A9000200B9001200C900D900F90B8
:10DA700002201090C10311914FF4E011129109A8F6
:10DA8000FBF760FF08B1F8F7A0FD0F20049002201B
:10DA90000590002006904FF48060079000200890C9
:10DAA000022104A8FBF702FE08B1F8F78EFD112051
:10DAB00000904FF480700190002003906846FBF7BF
:10DAC0005BFD08B1F8F781FDFBF7B6FE13B000BDB2
:10DAD00001480249086070470058000808ED00E05E
:10DAE00010B50348FCF7A8FF0148FCF7D8FE10BDAD
:10DAF0002009002010B50268184B984208D0B0F1F8
:10DB0000804F05D0164B984202D0164B984203D155
:10DB100022F070024B681A43104B984208D0B0F1C3
:10DB2000804F05D00E4B984202D00E4B984203D145
:10DB300022F44072CB681A4322F080034C6943EA16
:10DB4000040202608B68C3620B688362034B9842D5
:10DB500001D10B6903630123436110BD002C014017
:10DB6000000400400008004030B50C46816821F4F4
:10DB70007F4142EA032525432943816030BD0A469F
:10DB8000816821F0700142F00703194381607047FA
:10DB900030B50B461446026A056A25F00105056298
:10DBA000816921F0F00141EA041122F00A021A43CE
:10DBB0008161026230BD30B50B461446056A25F01E
:10DBC000100505628169026A21F4704141EA04315D
:10DBD00022F0A00242EA03128161026230BD70B5F8
:10DBE00005466C6A0020E085E0842046FCF732FFA1
:10DBF00070BD0168C96821F490710268D160016844
:10DC0000496921F0010102685161016B012905D1C7
:10DC10000168C96821F010010268D160202180F8F4
:10DC20003E1000210163704710B504462068C068AB
:10DC300020F040002168C860202084F83D00204684
:10DC4000FDF7A6F9002010BDF8B5044694F83E0093
:10DC5000222869D1A068B0F5805F0CD1206950B945
:10DC60000025A66A20684068C0F308003080A06ADA
:10DC7000801CA06215E0A56A0026A068B0F5805F50
:10DC800003D0A06828B9206918B9206840682870B6
:10DC900004E02068406800F07F002870A06A401C03
:10DCA000A062E08D401E80B2E085A8BB2068C068FD
:10DCB00020F020002168C8602068C06820F48070CF
:10DCC0002168C8602068406920F00100216848612F
:10DCD000202084F83E00206B01281ED10020206304
:10DCE0002068C06820F010002168C86020680068C3
:10DCF00000F0100010280AD100BF0020009020681A
:10DD00000068009020684068009000BF00BFA18DAF
:10DD10002046FCF79EFE03E004E02046FDF7CEF827
:10DD20000020F8BD0020FCE70220FAE770B50446A9
:10DD30002168096921F44051E268114322681161A8
:10DD40002269A1681143626941EA02052168C96834
:10DD500041F20C62914329432268D16021684969EC
:10DD600021F44071A2691143226851612D4A216852
:10DD7000914202D1FBF77CFD01E0FBF769FD00EB6E
:10DD8000C00101EB001162689200B1FBF2F100EBFF
:10DD9000C00202EB001263689B00B2FBF3F2642343
:10DDA000B2FBF3F202EBC20303EB0212A1EB82011E
:10DDB000322202EB01116422B1FBF2F101F0F00119
:10DDC00000EBC00202EB001263689B00B2FBF3F2AF
:10DDD0006423B2FBF3F201EB021200EBC00101EB92
:10DDE000001163689B00B1FBF3F100EBC00303EB90
:10DDF00000136668B600B3FBF6F36426B3FBF6F3D4
:10DE000003EBC30606EB0313A1EB8301322303EB01
:10DE100001116423B1FBF3F101F00F0111442268F9
:10DE2000916070BD00380140014691F83D00212805
:10DE300028D18868B0F5805F0BD1086948B90A6AB3
:10DE40001088C0F308000B685860086A801C0862DC
:10DE500005E00B6A581C086218780B685860C88C7B
:10DE6000401E80B2C88458B90868C06820F080009D
:10DE70000B68D8600868C06840F040000B68D86044
:10DE8000002070470220FCE72DE9F04104460D46D2
:10DE900017469846069E21E0701CF8B12EB1FAF79D
:10DEA000C1FAA0EB0800B04218D92068C06820F47D
:10DEB000D0702168C8602068406920F001002168A6
:10DEC0004861202084F83D0084F83E0000BF002017
:10DED00084F83C0000BF0320BDE8F08120680068A2
:10DEE0002840A84201D1012000E00020B842D3D050
:10DEF0000020F1E710B50348FCF7AEFD01480068CB
:10DF0000006810BD6809002010B51348FCF7A4FD97
:10DF100011480068006800F0200020281BD10F483D
:10DF20000068C1B20E480F4A1268815400210246AF
:10DF30000C480068401C11540A480068401C0949FC
:10DF4000086009480078012805D1084600681828AB
:10DF500001D30020086010BDAC090020044400403B
:10DF60009002002034000020100000202DE9F04134
:10DF700004460D46D4F8B862D4F8C072D4F8B8029A
:10DF800078B305EB850104F1140000EB8100806893
:10DF900008B305EB850104F1140000EB810005EBEB
:10DFA0008502816807F1280000EBC2000069B1FB1F
:10DFB000F0F200FB121070B9002105EB850204F1AC
:10DFC000140000EB8200816000231A462946204697
:10DFD00000F0C4FE02E00020C6F814020020BDE8F4
:10DFE000F081FFE70220FAE770B504460E46D4F848
:10DFF000B8523146204600F056FDC5F80C02D4F860
:10E00000B80248B1D5F80402D4F8BC12CA6805F5C4
:10E0100003719047002070BD0220FCE770B50446F4
:10E020000E4600258121204600F057FC0021E162C8
:10E030000121204600F051FC0021C4F86C1182211E
:10E04000204600F04AFC00212164D4F8B80250B107
:10E05000D4F8BC1248688047D4F8B80201F027F918
:10E060000020C4F8B802284670BD70B50546D5F842
:10E07000B842D5F8BC0278B194F80002FF280BD062
:10E0800094F8012294F80002D5F8BC128B6821465E
:10E090009847FF2084F80002002070BD01460A2046
:10E0A0000880014870470000180100200146432005
:10E0B0000880014870470000A0010020014643206D
:10E0C00008800148704700005C01002001464320A1
:10E0D0000880014870470000E40100202DE9F0416C
:10E0E00004460F460026207C88B94FF400730222B4
:10E0F0008121204600F03EFD0121E1624B02022217
:10E10000204600F037FD0121C4F86C110FE04023D8
:10E1100002228121204600F02DFD0121E1624023F1
:10E120000222204600F026FD0121C4F86C110823CC
:10E1300003228221204600F01DFD012121644FF4BD
:10E14000077001F0B5F8C4F8B802D4F8B80208B9FD
:10E1500001261CE0D4F8B852D4F8BC1208688047F5
:10E160000020C5F81402C5F81802207C40B94FF40D
:10E17000007301212046D5F8042200F013FD06E0CB
:10E18000402301212046D5F8042200F00BFD304643
:10E19000BDE8F08170B50446D4F8B852D4F8B8029E
:10E1A00098B1207C40B94FF4007301212046D5F886
:10E1B000042200F0F7FC06E0402301212046D5F8B8
:10E1C000042200F0EFFC002070BD0220FCE70246B4
:10E1D000022011B1C2F8BC12002070470246D2F8EA
:10E1E000B832C3F804120020704710B50346D3F8C4
:10E1F000B842C4F80812C4F81022002010BD2DE95E
:10E20000FC4105460C46D5F8B8620020019000900C
:10E210000027207800F0600040B320285FD1E0881C
:10E22000E0B1207800F0800060B1E2886078D5F835
:10E23000BC128B6831469847E2883146284600F088
:10E24000E6F812E0607886F80002A07986F801020C
:10E25000E2883146284600F0B9F806E06078D5F843
:10E26000BC1200228B68214698473EE0607820B1BE
:10E270000A2812D00B282AD11FE095F89C02032807
:10E2800005D102226946284600F0C1F804E0214683
:10E29000284600F08FF802271FE095F89C0203281B
:10E2A00005D1012201A9284600F0B1F804E0214679
:10E2B000284600F07FF802270FE095F89C0203281B
:10E2C00004D02146284600F075F8022705E02146D3
:10E2D000284600F06FF8022700BF00BF05E0214686
:10E2E000284600F067F8022700BF00BF3846BDE8A7
:10E2F000FC8170B50546D5F8B842D5F8B802A8B18A
:10E30000D4F8140280B90120C4F81402D4F8101211
:10E310002963B4F8100283B281212846D4F8082278
:10E3200000F01CFD002070BD0120FCE70220FAE790
:10E3300070B504460D46D4F8B4022946426820461A
:10E340009047002070BD70B504460D4694F89C02BD
:10E35000012804D0022803D003280CD101E000BF1B
:10E3600000BF6888012805D10020C4F8A402204617
:10E3700000F05EF804E02946204600F01BF800BFDC
:10E3800000BF70BD70B506460C4615462B462246AA
:10E390000021304600F006FC002070BD70B5064636
:10E3A0000C4615462B4622460021304600F0D6FC8E
:10E3B000002070BD70B504460D468021204600F057
:10E3C000A1FC0021204600F09DFC70BD70B5044604
:10E3D0000E4615460320C4F894024FF4AE70055162
:10E3E000001D05512B4632460021204600F0DAFB85
:10E3F000002070BD10B504460520C4F89402002327
:10E400001A461946204600F0CDFB002010BD70B51D
:10E4100004460E4615460220C4F89402E5612562C2
:10E420002B4632460021204600F098FC002070BDAB
:10E4300010B504460420C4F8940200231A46194675
:10E44000204600F08BFC002010BD000070B5054692
:10E450000C462DB92246064906A000F0D3F904E087
:10E460002246034903A000F0CDF9014870BD000029
:10E47000F80C002043444320436F6E666967000038
:10E48000024612200880014870470000A8000020C2
:10E4900070B505460C462DB92246064906A000F087
:10E4A000B1F904E02246034903A000F0ABF90148AA
:10E4B00070BD0000F80C002043444320496E746591
:10E4C000726661636500000002460420088001480E
:10E4D00070470000BC00002070B505460C4622467F
:10E4E000024903A000F08EF9004870BDF80C00202E
:10E4F0004A6168616E476F737461720070B505465A
:10E500000C462DB92246064906A000F07BF904E02E
:10E510002246034903A000F075F9014870BD0000D0
:10E52000F80C00204A6168616E476F737461725025
:10E530006F72740070B505460C461A202080F9F7FA
:10E54000FBFB014870BD0000C000002070B5044610
:10E550000D46E888012804D029462046FFF72AFF07
:10E560001EE094F89C02012804D0022803D003285E
:10E5700010D109E000BF0020A060012204F10801D1
:10E580002046FFF744FF0AE00122211D2046FFF745
:10E590003EFF04E029462046FFF70CFF00BF00BF06
:10E5A00070BDF8B504460E460020009000270025F7
:10E5B00070880012082875D2DFE800F0C7040C202C
:10E5C000C7C7A5B5207CD4F8B0120A686946904741
:10E5D0000746C1E0207C40B9D4F8B402816A68469D
:10E5E000884707460220787007E0D4F8B402C16A71
:10E5F00068468847074602207870ADE0B078062864
:10E6000078D2DFE800F00316293C5063D4F8B0025A
:10E61000406838B1207CD4F8B0124A686946904707
:10E62000074605E031462046FFF7C4FE681CC5B228
:10E6300067E0D4F8B002806838B1207CD4F8B0121A
:10E640008A6869469047074605E031462046FFF74D
:10E65000B1FE681CC5B254E0D4F8B002C06838B14D
:10E66000207CD4F8B012CA6869469047074605E096
:10E6700031462046FFF79EFE681CC5B241E0D4F843
:10E68000B002006938B1207CD4F8B0120A6969463A
:10E690009047074605E031462046FFF78BFE681C91
:10E6A000C5B22EE051E0D4F8B002406938B1207C08
:10E6B000D4F8B0124A6969469047074605E03146EA
:10E6C0002046FFF777FE681CC5B21AE0D4F8B00206
:10E6D000806940B1207CD4F8B0128A6969469047BD
:10E6E000074606E006E031462046FFF763FE681C59
:10E6F000C5B206E031462046FFF75CFE681CC5B295
:10E7000000BF00BF28E0207C30B9D4F8B402416BD0
:10E7100068468847074605E031462046FFF74AFE2F
:10E72000681CC5B218E0207C40B9D4F8B402016B73
:10E730006846884707460720787005E0314620463E
:10E74000FFF738FE681CC5B206E031462046FFF7E9
:10E7500031FE681CC5B200BF00BF05B1F8BDBDF8F1
:10E76000000088B1F08878B1F088BDF800108842C8
:10E7700002DDBDF8000000E0F0880090BDF8002048
:10E7800039462046FFF743FEF08810B92046FFF7D0
:10E790004FFE00BFE2E70146002002E0421CD0B27B
:10E7A000491C0A78002AF9D1704770B504460D4615
:10E7B00094F89C02012804D0022803D003281AD11F
:10E7C00001E000BF00BFE888022804D029462046A7
:10E7D000FFF7F0FD14E00120E060D4F8A40218B1C6
:10E7E000E06840F00200E060022204F10C012046E3
:10E7F000FFF70DFE04E029462046FFF7DBFD00BFD2
:10E8000000BF70BD2DE9F04104460D4617460026B5
:10E81000FCB12046FFF7BFFF022101EB400038802A
:10E820003A783046711CCEB22A5403223046711C0D
:10E83000CEB22A540AE014F8012B3046711CCEB235
:10E840002A5400223046711CCEB22A542078002867
:10E85000F1D1BDE8F0810146002031B1012906D097
:10E86000022906D0032908D105E0002007E0022094
:10E8700005E0012003E0022001E0022000BF00BF0C
:10E88000704770B504460D4616460CB9022070BD9F
:10E89000D4F8B40210B10020C4F8B4020DB1C4F829
:10E8A000B052012084F89C022670204600F004F942
:10E8B0000020ECE72DE9F04104460D460026002734
:10E8C0002946D4F8C002F9F72DFF06463046FFF777
:10E8D000C2FF07463846BDE8F0812DE9F041044605
:10E8E0000D46002600272946D4F8C002F9F7E5FEB8
:10E8F00006463046FFF7AFFF07463846BDE8F081D1
:10E900002DE9F04104460E461746002E64D104F16D
:10E910001405D4F89402022848D1D5E903018842AD
:10E9200010D9D5E90301401AE860A88982B23946B6
:10E930002046FFF733FD00231A461946204600F013
:10E9400031F93EE02969A868B0FBF1F201FB120041
:10E95000B8B92969A868884213D3A868D4F898126E
:10E9600088420ED2002211462046FFF717FD0020F4
:10E97000C4F8980200231A461946204600F012F9FE
:10E980001FE0D4F8B402C06840B194F89C02032898
:10E9900004D1D4F8B402C1682046884780212046BB
:10E9A00000F0B0F92046FFF725FD0AE0D4F8940204
:10E9B000042802D0D4F8940218B98021204600F02F
:10E9C000A1F994F8A002012818D1204600F0FAF924
:10E9D000002084F8A00211E0D4F8B402406950B1DC
:10E9E00094F89C02032806D1D4F8B4023146426957
:10E9F0002046904702E00220BDE8F0810020FBE7BE
:10EA00002DE9F04104460E461746BEBB04F5AA7533
:10EA1000D4F89402032825D1D5E90301884210D9FE
:10EA2000D5E90301401AE860D5E90301884201D223
:10EA3000E86800E0286982B239462046FFF7A2FC68
:10EA40002FE0D4F8B402006940B194F89C02032886
:10EA500004D1D4F8B4020169204688472046FFF764
:10EA6000E7FC1EE0D4F8940205281AD10020C4F86F
:10EA700094020021204600F045F912E0FFE7D4F8A7
:10EA8000B402806950B194F89C02032806D1D4F8EE
:10EA9000B402314682692046904702E00220BDE878
:10EAA000F0810020FBE770B504460D462946D4F8F6
:10EAB000C002FAF7B5F970BD10B504461D48C0F89C
:10EAC000E842C4F8C0021C481A490860082048609F
:10EAD00002211848816000218161C1610162FAF759
:10EAE00076FB08B1F7F771FD04F5307418230022A6
:10EAF00011462068F9F79EFD5823002280212068E6
:10EB0000F9F798FDC023002281212068F9F792FDD2
:10EB10004FF48873002201212068F9F78BFD2068EB
:10EB2000A4F530744FF4807300228221F9F782FD3E
:10EB3000002010BDC8160020005C004010B5024641
:10EB4000D2F8C03201F08000802809D101F07F00A6
:10EB500000EB800403F1280000EBC400807810BDB6
:10EB600001F07F0000EB800403F5B47000EBC400FB
:10EB70008078F4E72DE9F04704460F4615461E4617
:10EB80004FF00008C1462B4632463946D4F8C00241
:10EB9000FAF751F980464046FFF75DFE8146484648
:10EBA000BDE8F0872DE9F04704460D4616461F469E
:10EBB0004FF00008C1463B4632462946D4F8C00211
:10EBC000FAF77FF980464046FFF745FE8146484602
:10EBD000BDE8F08710B504464023002211462046C8
:10EBE000FFF7C8FF01214FF4AC70015140214FF4F1
:10EBF000B27001514023002280212046FFF7BAFF66
:10EC00000121A16140216162012084F89C02002061
:10EC1000C4F894026060C4F8A402D4F8B80228B121
:10EC20002179D4F8B402426820469047002010BDF4
:10EC3000014691F89C02042803D191F89D0281F8C5
:10EC40009C020020704710B5044694F89C020328EB
:10EC500008D1D4F8B402C06920B1D4F8B402C169B3
:10EC600020468847002010BD0246117400207047DE
:10EC70002DE9F04104460D46002600272946D4F828
:10EC8000C002FAF793FB06463046FFF7E4FD07465D
:10EC90003846BDE8F08170B504460D46294604F5B6
:10ECA0002A7000F073F80120C4F8940240F2AE20FC
:10ECB000005BC4F8980294F8A80200F01F0020B18D
:10ECC000012808D0022812D10BE004F52A71204651
:10ECD00000F041F913E004F52A71204600F0A8FA8B
:10ECE0000DE004F52A71204600F086F907E094F85B
:10ECF000A80200F08001204600F004F800BF00BF29
:10ED0000002070BD2DE9F04104460D460026002785
:10ED10002946D4F8C002FAF7FAF806463046FFF75B
:10ED20009AFD07463846BDE8F08170B504460025D7
:10ED30000026D4F8C002FAF75DFB05462846FFF727
:10ED40008AFD0646304670BD014691F89C0281F866
:10ED50009D02042081F89C02002070472DE9F047B5
:10ED600004460D4616461F464FF00008C1463B4676
:10ED700032462946D4F8C002FAF70DF980464046DB
:10ED8000FFF769FD81464846BDE8F0870A780270C2
:10ED90004A7842708B78CA7803EB022242800B7962
:10EDA0004A7903EB022282808B79CA7903EB022233
:10EDB000C28070470246002011B1C2F8B41200E0D0
:10EDC0000220704701460020704770B504460D468A
:10EDD000A88810BBE88800BB688880281DD2A87866
:10EDE00000F07F0694F89C02032804D129462046AF
:10EDF000FFF7E0FA15E084F89E6231462046FFF7FF
:10EE000037FF2046FFF714FB1EB1022084F89C0256
:10EE100007E0012084F89C0203E029462046FFF722
:10EE2000C9FA70BD70B504460D460226D4F8B40286
:10EE300038B1D4F8B402294602682046904700B998
:10EE40000026304670BD000070B504460D46A87817
:10EE50003649087008460078012804DD2946204616
:10EE6000FFF7A8FA60E094F89C02022802D0032879
:10EE70004FD11CE02D480078A8B12C480078606084
:10EE8000032084F89C02294801782046FFF7CAFF36
:10EE9000022804D129462046FFF78CFA70BD20468F
:10EEA000FFF7C6FA02E02046FFF7C2FA3BE01F4830
:10EEB000007870B9022084F89C021C4800786060D9
:10EEC0001A4801782046FFF733FA2046FFF7B0FAD8
:10EED0001EE0164909786068884216D021792046DC
:10EEE000FFF726FA11480078606010480178204644
:10EEF000FFF798FF022804D129462046FFF75AFA67
:10EF0000CCE72046FFF794FA02E02046FFF790FA9C
:10EF100009E029462046FFF74DFA044801782046CB
:10EF2000FFF706FA00BF00BF00BFB7E714010020DB
:10EF300070B505460C466088012804D1C5F8A402C6
:10EF40002846FFF775FA70BD10B504462046FFF756
:10EF5000ECFE002010BD70B505460C46002620785A
:10EF600000F0600060B1202802D040283CD100E0D1
:10EF700000BFD5F8B402214682682846904738E0A1
:10EF800060780A2829D2DFE800F01923281E280A11
:10EF90000528140F21462846FFF703FB22E02146EF
:10EFA0002846FFF712FF1DE021462846FFF74CFFD9
:10EFB00018E021462846FFF7C9FA13E02146284603
:10EFC000FFF7F3FB0EE021462846FFF7B1FF09E00B
:10EFD00021462846FFF7B7F904E021462846FFF707
:10EFE000E9F900BF00BF04E021462846FFF7E2F937
:10EFF00000BF00BF304670BD2DE9F04105460E460A
:10F000004FF000083479307800F0600060B12028BB
:10F0100002D0402871D100E000BFD5F8B4023146DB
:10F0200082682846904700E1307800F06000202890
:10F0300009D1D5F8B4023146826828469047804607
:10F040004046BDE8F081707800285ED001282FD0BE
:10F05000032876D195F89C02022802D0032820D1FB
:10F0600010E054B1802C08D021462846FFF74AFE14
:10F0700080212846FFF746FE03E031462846FFF789
:10F0800099F913E0708840B93CB1802C05D0F08824
:10F0900018B921462846FFF735FE2846FFF7C8F97C
:10F0A00004E031462846FFF785F900BF00BFB5E010
:10F0B00095F89C02022802D003281FD110E054B119
:10F0C000802C08D021462846FFF71CFE80212846C8
:10F0D000FFF718FE03E031462846FFF76BF912E010
:10F0E000708848B904F07F0018B121462846FFF720
:10F0F000E1FB2846FFF79CF905E091E03146284600
:10F10000FFF758F900BF00BF88E095F89C0202287D
:10F1100002D0032876D126E034B1802C04D03146C9
:10F120002846FFF747F972E004F08000802809D1F3
:10F1300004F07F0000EB800105F1140000EB81007A
:10F1400008E066E004F07F0000EB800105F5AA709E
:10F1500000EB81000746002038600222394628462D
:10F16000FFF755F953E004F0800080280ED104F039
:10F170000F0000EB800105F1140000EB81004068F6
:10F1800098B931462846FFF715F940E004F00F0022
:10F1900000EB800105F5AA7000EB8100406820B902
:10F1A00031462846FFF706F931E004F08000802858
:10F1B00008D104F07F0000EB800105F1140000EBA2
:10F1C000810007E004F07F0000EB800105F5AA70E4
:10F1D00000EB810007460CB1802C02D10020386082
:10F1E00009E021462846FFF7A9FC10B1012038604C
:10F1F00001E000203860022239462846FFF707F96F
:10F2000005E0FFE731462846FFF7D4F800BF00BF0E
:10F2100004E031462846FFF7CDF800BF00BF04E008
:10F2200031462846FFF7C6F800BF00BF404608E752
:10F2300070B505460C460026207800F0600030B11D
:10F24000202802D040282AD100E000BF00BF95F856
:10F250009C02012804D0022803D0032818D101E021
:10F2600000BF00BF207901280DDCD5F8B40221468B
:10F270008268284690470646E08840B93EB928464D
:10F28000FFF7D6F803E021462846FFF793F804E09D
:10F2900021462846FFF78EF800BF00BF04E0214654
:10F2A0002846FFF787F800BF00BF002070BD7047F9
:10F2B0000146014870470000B4190020F0B502462D
:10F2C00000260878400032F8100048F68F1400EA53
:10F2D0000403C87830B101280CD0022805D00328D7
:10F2E0000BD104E043F4007309E000BF07E043F4EE
:10F2F000C06304E043F4806301E0012600BF00BF67
:10F3000043F4004040F080000C78640022F81400C0
:10F3100000BF0C78640032F8144048F68F752C401A
:10F320000D7844EA050040F4004444F080040D7870
:10F330006D0022F8154000BF087B00287ED1487878
:10F34000002852D000BF1046B2F8505028440D7823
:10F3500000F5806707EB0514CD886D106D002580E2
:10F3600000BF00BF0C78640032F8140000F04004C5
:10F370008CB100BF0D786D0032F8155048F68F77CC
:10F3800005EA070444F4004545F0C0050F787F0006
:10F3900022F8175000BF00BFC878012813D000BF63
:10F3A0000C78640032F8144048F6BF7504EA050092
:10F3B00080F0200040F4004444F080040D786D009B
:10F3C00022F815409EE100BF0C78640032F814402A
:10F3D00048F6BF7504EA050040F4004444F0800498
:10F3E0000D786D0022F815408CE100BF1046B2F890
:10F3F000505028440D78042707EBC50500F58067B9
:10F4000007EB4504CD886D106D00258000BF00BF5F
:10F410001546B2F8504025440C78062707EBC40483
:10F4200005F5806707EB4404204600BF0F6967B904
:10F43000078848F2FF3C07EA0C0700E057E0078026
:10F44000078847F4004707801EE00F693E2F0DD85C
:10F4500000BF0F697C080F7C07F0010707B1641C2F
:10F460004FF6FF7707EA842707800DE000BF0F699A
:10F470007C090F7C07F01F0707B9641E4FF4004793
:10F4800047EA8427078000BF00BF00BF00BF0C7899
:10F49000640032F8140000F480448CB100BF0D7891
:10F4A0006D0032F8155048F68F7705EA070444F4EA
:10F4B000004545F481450F787F0022F8175000BFC2
:10F4C00000BF00BF0C78640032F814404BF68F7513
:10F4D00004EA050080F4805080F4005040F40044B9
:10F4E00044F080040D786D0022F815400AE100BF59
:10F4F0000C78640032F8144048F68F7504EA050071
:10F5000040F4004444F4C0740D786D0022F81540B6
:10F5100000BF00BF00BF00BF1046B2F850502844E3
:10F520000D7800F5806707EB05140D896D106D00EF
:10F53000258000BF00BF00BF00BF1046B2F850508A
:10F5400028440D78042707EBC50500F5806707EB15
:10F5500045044D896D106D00258000BF00BF00BFC0
:10F56000487800285DD100BF0C78640032F81400A0
:10F5700000F480448CB100BF0D786D0032F8155056
:10F5800048F68F7705EA070444F4004545F48145C1
:10F590000F787F0022F8175000BF00BF00BF0C7823
:10F5A000640032F8140000F040048CB100BF0D7804
:10F5B0006D0032F8155048F68F7705EA070444F4D9
:10F5C000004545F0C0050F787F0022F8175000BFB6
:10F5D00000BF00BF0C78640032F814404BF68F7502
:10F5E00004EA050080F4805080F4005040F40044A8
:10F5F00044F080040D786D0022F8154000BF00BF74
:10F600000C78640032F8144048F6BF7504EA05002F
:10F6100040F4004444F080040D786D0022F8154059
:10F6200070E000BF0C78640032F8140000F48044ED
:10F630008CB100BF0D786D0032F8155048F68F7709
:10F6400005EA070444F4004545F481450F787F003E
:10F6500022F8175000BF00BF00BF0C78640032F8DA
:10F66000140000F040048CB100BF0D786D0032F83A
:10F67000155048F68F7705EA070444F4004545F035
:10F68000C0050F787F0022F8175000BF00BFC87870
:10F69000012813D000BF0C78640032F8144048F6FB
:10F6A000BF7504EA050080F0200040F4004444F0F7
:10F6B00080040D786D0022F8154011E000BF0C7831
:10F6C000640032F8144048F6BF7504EA050040F4BF
:10F6D000004444F080040D786D0022F8154000BF0E
:10F6E00000BF0C78640032F814404BF68F7504EAC2
:10F6F000050040F4004444F080040D786D0022F8C9
:10F70000154000BF3046F0BD10B50446002010BDC6
:10F7100030B50246087B00285BD1487860B300BF53
:10F720000B785B0032F8130000F040038BB100BF90
:10F730000C78640032F8144048F68F7504EA05032B
:10F7400043F4004444F0C0040D786D0022F81540E5
:10F7500000BF00BF00BF0B785B0032F8133048F6E3
:10F76000BF7403EA040040F4004343F080030C78C4
:10F77000640022F8143007E100BF0B785B0032F818
:10F78000130000F480438BB100BF0C78640032F8A2
:10F79000144048F68F7504EA050343F4004444F42A
:10F7A00081440D786D0022F8154000BF00BF00BFF6
:10F7B0000B785B0032F813304BF68F7403EA0400C9
:10F7C00040F4004343F080030C78640022F81430C6
:10F7D000DAE0487800286BD100BF0B785B0032F884
:10F7E000130000F480438BB100BF0C78640032F842
:10F7F000144048F68F7504EA050343F4004444F4CA
:10F8000081440D786D0022F8154000BF00BF00BF95
:10F810000B785B0032F8130000F040038BB100BF9F
:10F820000C78640032F8144048F68F7504EA05033A
:10F8300043F4004444F0C0040D786D0022F81540F4
:10F8400000BF00BF00BF0B785B0032F8133048F6F2
:10F850008F7403EA040040F4004343F0C0030C78C3
:10F86000640022F8143000BF00BF0B785B0032F850
:10F8700013304BF68F7403EA040040F4004343F066
:10F8800080030C78640022F8143000BF00BF0B78AE
:10F890005B0032F8133048F6BF7403EA040040F40A
:10F8A000004343F080030C78640022F814306BE0CE
:10F8B00000BF0B785B0032F8130000F480438BB17B
:10F8C00000BF0C78640032F8144048F68F7504EAE3
:10F8D000050343F4004444F481440D786D0022F89C
:10F8E000154000BF00BF00BF0B785B0032F813006B
:10F8F00000F040038BB100BF0C78640032F8144074
:10F9000048F68F7504EA050343F4004444F0C0044C
:10F910000D786D0022F8154000BF00BF00BF0B78C6
:10F920005B0032F8133048F68F7403EA040040F4A9
:10F93000004343F481430C78640022F8143000BF84
:10F9400000BF0B785B0032F8133048F6BF7403EA4F
:10F95000040040F4004343F080030C78640022F874
:10F96000143000BF00BF0B785B0032F813304BF649
:10F970008F7403EA040040F4004343F080030C78E2
:10F98000640022F8143000BF002030BD0146002082
:10F99000704701460020704710B50446012024F846
:10F9A000400F00202080A0802082403C10BD0146F6
:10F9B0004FF43F42B1F840009043A1F840000020CE
:10F9C000704702460020704730B50246087B002889
:10F9D00065D1487888B300BF0B785B0032F813001C
:10F9E00000F040038BB100BF0C78640032F8144083
:10F9F00048F68F7504EA050343F4004444F0C0045C
:10FA00000D786D0022F8154000BF00BFC8780128AE
:10FA100045D000BF0B785B0032F8133048F6BF7456
:10FA200003EA040080F0200040F4004343F0800328
:10FA30000C78640022F8143031E0FFE700BF0B7847
:10FA40005B0032F8130000F480438BB100BF0C78E8
:10FA5000640032F8144048F68F7504EA050343F455
:10FA6000004444F481440D786D0022F8154000BF35
:10FA700000BF00BF0B785B0032F813304BF68F7479
:10FA800003EA040080F4805080F4005040F4004306
:10FA900043F080030C78640022F8143000BF00208B
:10FAA00030BD10B50246487898B100BF0B785B00B6
:10FAB00032F8133048F6BF7403EA040080F01000F7
:10FAC00040F4004343F080030C78640022F81430C3
:10FAD00013E000BF0B785B0032F813304BF68F74E5
:10FAE00003EA040080F4805040F4004343F08003B4
:10FAF0000C78640022F8143000BF002010BD2DE9FE
:10FB0000F04706460C466078012876D12169A06945
:10FB1000884201D9256900E0A569207BA0B9ABB274
:10FB2000E2883046616900F0F4FD00BF3046B6F867
:10FB3000502010442278022303EBC20200F58063B8
:10FB400003EB42010D8081E3E07802287DD1216939
:10FB5000206A88427AD900BF2178490036F811100E
:10FB600048F68F7201EA020040F4004141F4C0718E
:10FB70002278520026F8121000BF206A401B206233
:10FB80002078400036F8100000F0400000287DD0BA
:10FB900000BF3346607888BB00BF3246B6F85010CD
:10FBA0000A4421784FF0060909EBC10102F580698A
:10FBB00009EB4101084600BF75B9B0F8009048F262
:10FBC000FF3A09EA0A09A0F80090B0F8009049F459
:10FBD0000049A0F8009021E03E2D10D800BF690830
:10FBE00005F00109B9F1000F00D0491C4FF6FF796B
:10FBF00009EA8129A0F8009010E03DE310E000BF81
:10FC0000690905F01F09B9F1000F00D1491E4FF431
:10FC1000004949EA8129A0F8009000BF00BF0FE029
:10FC2000607801280CD1B6F85000034420780621F2
:10FC300001EBC00003F5806101EB400CACF8005013
:10FC400000BF6789ABB23A4601E057E12CE130468C
:10FC5000616900F05EFD6069284460612169206A85
:10FC6000884203D9206A401B206202E0256A0020F6
:10FC7000206200BF6078C0BB00BF3246B6F85010AB
:10FC80000A442178022303EBC10100E049E002F5B8
:10FC9000806303EB4101084600BF55B9038848F271
:10FCA000FF3C03EA0C030380038843F40043038012
:10FCB00019E03E2D0BD800BF690805F0010303B120
:10FCC000491C4FF6FF7303EA812303800BE000BF5A
:10FCD000690905F01F0303B9491E4FF4004343EAC5
:10FCE0008123038000BF00BF12E0FFE76078012896
:10FCF0000ED100BF3046B6F85020104422780223BF
:10FD000003EBC20200F5806303EB42010D8000BFEC
:10FD100000BF2789ABB23A463046616900F0F9FC72
:10FD200094E200BF6078B0BB00BF3246B6F8501016
:10FD30000A442178022303EBC10102F5806303EB3F
:10FD40004101084600BF55B9038848F2FF3C03EA69
:10FD50000C030380038843F40043038019E03E2D25
:10FD60000BD800BF690805F0010303B1491C4FF629
:10FD7000FF7303EA812303800BE000BF690905F0EC
:10FD80001F0303B9491E4FF4004343EA8123038054
:10FD900000BF00BF12E0FFE7607801280ED100BF6E
:10FDA0003046B6F8502010442278022303EBC202FA
:10FDB00000F5806303EB42010D8000BF00BF27897F
:10FDC000ABB23A463046616900F0A3FC6069284452
:10FDD00060612169206A884203D9206A401B206241
:10FDE00002E0256A0020206200BF3346607880BBB5
:10FDF00000BF3246B6F850100A4421784FF0060989
:10FE000009EBC10102F5806909EB4101084600BF19
:10FE100075B9B0F8009048F2FF3A09EA0A09A0F86B
:10FE20000090B0F8009049F40049A0F8009020E05C
:10FE30003E2D0FD800BF690805F00109B9F1000F88
:10FE400000D0491C4FF6FF7909EA8129A0F80090FB
:10FE50000FE010E000BF690905F01F09B9F1000FBC
:10FE600000D1491E4FF4004949EA8129A0F80090C9
:10FE700000BF00BF0FE0607801280CD1B6F8500039
:10FE800003442078062101EBC00003F5806101EBFB
:10FE9000400CACF8005000BF6789ABB23A46304620
:10FEA000616900F036FCD1E1256A00BF2178490084
:10FEB00036F8111048F68F6201EA020040F4004162
:10FEC00041F080012278520026F8121000BF00BFD6
:10FED0003046B6F8502010442278022303EBC202C9
:10FEE00000F5806303EB42010D8000BF2789ABB2B0
:10FEF0003A463046616900F00CFCA7E100BF21786A
:10FF0000490036F8111048F68F7201EA020040F4F9
:10FF1000004141F4C0712278520026F8121000BF4F
:10FF2000206A401B20622078400036F8100000F064
:10FF3000400000287DD000BF3346607880BB00BF02
:10FF40003246B6F850100A4421784FF0060909EB02
:10FF5000C10102F5806909EB4101084600BF75B98E
:10FF6000B0F8009048F2FF3A09EA0A09A0F80090B8
:10FF7000B0F8009049F40049A0F8009020E03E2D30
:10FF80000FD800BF690805F00109B9F1000F00D0D2
:10FF9000491C4FF6FF7909EA8129A0F800900FE08B
:10FFA00010E000BF690905F01F09B9F1000F00D189
:10FFB000491E4FF4004949EA8129A0F8009000BF8A
:10FFC00000BF0FE0607801280CD1B6F85000034460
:10FFD0002078062101EBC00003F5806101EB400CA5
:10FFE000ACF8005000BF6789ABB23A463046616951
:10FFF00000F08FFB6069284460612169206A8842B3
:020000040801F1
:1000000003D9206A401B206202E0256A002020629A
:10001000002D56D000BF6078C0BB00BF3246B6F896
:1000200050100A442178022303EBC10102F58063DA
:1000300000E047E003EB4101084600BF55B90388E3
:1000400048F2FF3C03EA0C030380038843F40043B7
:10005000038019E03E2D0BD800BF690805F00103AD
:1000600003B1491C4FF6FF7303EA812303800BE0C1
:1000700000BF690905F01F0303B9491E4FF400438F
:1000800043EA8123038000BF00BF12E0FFE76078EE
:1000900001280ED100BF3046B6F850201044227817
:1000A000022303EBC20200F5806303EB42010D80E3
:1000B00000BF00BF2789ABB23A463046616900F005
:1000C00028FBC3E000BF6078B0BB00BF3246B6F883
:1000D00050100A442178022303EBC10102F580632A
:1000E00003EB4101084600BF55B9038848F2FF3CC5
:1000F00003EA0C030380038843F40043038019E000
:100100003E2D0BD800BF690805F0010303B1491C5F
:100110004FF6FF7303EA812303800BE000BF6909F8
:1001200005F01F0303B9491E4FF4004343EA81233E
:10013000038000BF00BF12E0FFE7607801280ED106
:1001400000BF3046B6F8502010442278022303EB5B
:10015000C20200F5806303EB42010D8000BF00BFC7
:100160002789ABB23A463046616900F0D2FA60693D
:10017000284460612169206A884203D9206A401BB3
:10018000206202E0256A00202062A5B300BF33464A
:10019000607888BB00BF3246B6F850100A44217818
:1001A0004FF0060909EBC10102F5806909EB410135
:1001B000084600BF75B9B0F8009048F2FF3A09EA66
:1001C0000A09A0F80090B0F8009049F40049A0F89E
:1001D000009021E03E2D10D800BF690805F001090C
:1001E000B9F1000F00D0491C4FF6FF7909EA8129C7
:1001F000A0F8009010E029E010E000BF690905F0C8
:100200001F09B9F1000F00D1491E4FF4004949EA16
:100210008129A0F8009000BF00BF0FE0607801289E
:100220000CD1B6F8500003442078062101EBC00041
:1002300003F5806101EB400CACF8005000BF67890A
:10024000ABB23A463046616900F063FA00BF2178EC
:10025000490036F8111048F6BF7201EA020080F03A
:10026000100080F0200040F4004141F0800122782D
:10027000520026F8121005E2207BA0BB2169A0697C
:10028000884204D92569A069401BA06102E0A569E4
:100290000020A06100BF3246B6F850100A44217811
:1002A000062303EBC10102F5806303EB410108461D
:1002B00000BF55B9038848F2FF3C03EA0C030380F2
:1002C000038843F4004303801AE03E2D0CD800BF9E
:1002D000690805F0010303B1491C4FF6FF7303EAF7
:1002E000812303800CE00DE000BF690905F01F03C6
:1002F00003B9491E4FF4004343EA8123038000BF42
:1003000000BFA9E1E07802287DD100BF00BF60787E
:10031000E0BB00BF3246B6F850100A4421780223F1
:1003200003EBC10102F5806303EB4101084600BF06
:10033000236953B9038848F2FF3C03EA0C030380A6
:10034000038843F4004303801EE023693E2B0DD84D
:1003500000BF23695908237C03F0010303B1491C42
:100360004FF6FF7303EA812303800DE000BF23698A
:100370005909237C03F01F0303B9491E4FF40043BE
:1003800043EA8123038000BF00BF13E0FFE76078EA
:1003900001280FD100BF3046B6F850201044227813
:1003A000022303EBC20200F5806303EB4201228AC1
:1003B0000A8000BF00BF00BF33466078E8BB00BFC3
:1003C0003246B6F850100A4421784FF0060909EB7E
:1003D000C10102F5806909EB4101084600BFD4F86C
:1003E0001090B9F1000F0FD1B0F8009048F2FF3A29
:1003F00009EA0A09A0F80090B0F8009049F4004911
:10040000A0F800902EE06BE0D4F81090B9F13E0F08
:1004100014D800BFD4F810904FEA590194F8109006
:1004200009F00109B9F1000F00D0491C4FF6FF791E
:1004300009EA8129A0F8009014E015E000BFD4F883
:1004400010904FEA591194F8109009F01F09B9F172
:10045000000F00D1491E4FF4004949EA8129A0F854
:10046000009000BF00BF10E0607801280DD1B6F801
:10047000500003442078062101EBC00003F58061A1
:1004800001EB400C208AACF8000000BF00BFE0691F
:10049000002824D02078400036F8108008F48040EE
:1004A00010B108F0400038B908F48040002816D197
:1004B00008F04000002812D100BF00BF2178490099
:1004C00036F8111048F68F7201EA020040F400413C
:1004D00041F0C0012278520026F8121000BFBBE0A4
:1004E000E07801287CD12169A069884204D9256976
:1004F000A069401BA06102E0A5690020A06100BFC7
:1005000000BF6078B0BB00BF3246B6F850100A4456
:100510002178022303EBC10102F5806303EB410163
:10052000084600BF55B9038848F2FF3C03EA0C03B4
:100530000380038843F40043038019E03E2D0BD869
:1005400000BF690805F0010303B1491C4FF6FF73B2
:1005500003EA812303800BE000BF690905F01F0354
:1005600003B9491E4FF4004343EA8123038000BFCF
:1005700000BF12E0FFE7607801280ED100BF3046CF
:10058000B6F8502010442278022303EBC20200F593
:10059000806303EB42010D8000BF00BF00BF334604
:1005A000607890BB00BF3246B6F850100A442178FC
:1005B0004FF0060909EBC10102F5806909EB410121
:1005C000084600BF85B9B0F8009048F2FF3A09EA42
:1005D0000A09A0F80090B0F8009049F4004900E042
:1005E00037E0A0F8009020E03E2D0FD800BF69084A
:1005F00005F00109B9F1000F00D0491C4FF6FF7951
:1006000009EA8129A0F800900FE010E000BF690915
:1006100005F01F09B9F1000F00D1491E4FF4004940
:1006200049EA8129A0F8009000BF00BF0FE0607880
:1006300001280CD1B6F8500003442078062101EBC4
:10064000C00003F5806101EB400CACF8005000BF26
:1006500002E00120BDE8F08700BF2178490036F8AC
:1006600011104BF68F7201EA020080F4805080F482
:10067000005040F4004141F080012278520026F8F9
:10068000121000BF0020E5E701460020A1F8440059
:100690004FF43F42A1F840207047000010B50248D7
:1006A000F8F7A4FC10BD0000C81600200146B1F800
:1006B000440070472DE9F04304460E4615464FEAC4
:1006C000530CA046304608F5806909EB45026746A1
:1006D0000AE01188921C0170401C4FEA112980F831
:1006E0000090401C921C7F1E002FF2D103F00109E4
:1006F000B9F1000F01D011880170BDE8F083024606
:1007000000207047024611B98020A2F84C0000205A
:1007100070472DE9F04704460D461E4606F1010AD2
:100720004FEA5A08A146284609F5806A0AEB4203B7
:1007300047460BE090F800C0401C90F800A04CEA3F
:100740000A2119809B1C9B1C401C7F1E002FF1D18D
:10075000BDE8F08700BFFEE770B504460D460022F5
:1007600010210848F7F758FE7E2101EA4400FCF703
:100770006BFB2846FCF768FB012210210148F7F7C4
:100780004BFE70BD000801400FB4084B10B504A922
:1007900002AA039800F038F8044602A9002000F0ED
:1007A000D4F9204610BC5DF814FB00004B0B010887
:1007B00002480068C0F30220704700000CED00E022
:1007C00010B5002804DB0A07130E054A135406E08F
:1007D0000A07140E034A00F00F031B1FD45410BD68
:1007E00000E400E018ED00E002E008C8121F08C1B4
:1007F000002AFAD170477047002001E001C1121FA2
:10080000002AFBD1704700002DE9FF4F8BB08846CE
:100810000546002606E025280BD0DDE90D1290479D
:100820006D1C761C28780028F5D10FB03046BDE845
:10083000F08F0024A146A2460122AE4900E0044305
:1008400015F8013F203B02FA03F00842F7D128785F
:100850002A2810D06FF02F022878A0F13001092942
:1008600015D809EB890102EB410144F0020400EBC9
:1008700001096D1CF0E758F8041B5FEA010903D574
:1008800044F40054C9F1000944F002046D1C2878B6
:100890002E2817D115F8010F44F004042A280ED091
:1008A0006FF02F022878A0F1300109290AD80AEB4D
:1008B0008A0102EB410100EB010A6D1CF2E758F8D6
:1008C00004AB6D1C28786C280FD006DC4C2817D0A0
:1008D00068280DD06A2814D104E0742810D07A2832
:1008E0000FD10DE044F400140AE044F4801401E058
:1008F00044F440146978814202D104F580146D1CDF
:100900006D1C2878692865D006DC00288DD0632806
:1009100027D0642806D15DE06E2808D073282AD03D
:10092000752877D0DDE90D129047761CE0E0C4F31E
:100930000250022809D003280DD0D8F8001004284E
:100940000DD00E6008F10408D2E0D8F80010F217BC
:10095000C1E90062F6E7D8F800100E80F2E70E70E9
:10096000F0E718F8041B8DF8001000208DF8010046
:10097000EB46012003E058F804BB4FF0FF3061075D
:100980004FF0000701D40AE07F1C57450DDA87427B
:10099000FADB1BF807100029F6D106E07F1C87421E
:1009A000FCDB1BF807100029F8D1DDE90D23A9EBCA
:1009B00007008146214600F0B1F83044C61904E032
:1009C000DDE90D121BF8010B90477F1EF8D221467E
:1009D000484688E058F8040BC4F302514FF00A0B64
:1009E000032900D100B2042900D140B2002802DA64
:1009F00040422D2102E0210505D52B218DF8241040
:100A0000012104E006E0E10710D02021F6E708AF5D
:100A1000089113E058F8040BC4F302514FF00A0B8D
:100A2000032900D180B2042900D1C0B20021EEE731
:100A30005946F5F7F5F8303107F8011D0028F7D1D0
:100A4000ADEB070000F1200B600702D524F48034E1
:100A500001E04FF0010ADA4502DDAAEB0B0000E0ED
:100A60000020824600EB0B0108980144A9EB01002D
:100A70000A90E00306D4DDE90D2321460A9800F030
:100A80004DF806444FF0000908E009A911F80900E3
:100A9000DDE90D12904709F10109761C0899894595
:100AA000F3DBE0030CD5DDE90D2321460A9800F0C5
:100AB00035F8064404E0DDE90D1230209047761C3D
:100AC000BAF10001AAF1010AF5DC05E0DDE90D1239
:100AD00017F8010B9047761CBBF10001ABF1010B3D
:100AE000F4DC0A982146DDE90D2300F005F8064400
:100AF0006D1C97E6092801002DE9F0410446002508
:100B00001E461746880404D405E039462020B04725
:100B10006D1C641EF9D52846BDE8F0812DE9F04131
:100B2000044600251E469046C80301D5302700E044
:100B30002027880404D505E041463846B0476D1C9F
:100B4000641EF9D52846BDE8F0810A68531C0B6085
:100B50001070704710B50120F7F78CF905A001F06F
:100B600043FEF5F7B3FF4FF416710F48F4F703FF98
:100B700010BD00007B2252656365697665223A7B71
:100B800022537461747573223A32367D2C224622C8
:100B90003A7B2254797065223A2243616E73656C08
:100BA000227D7D0A00000000E804002010B501202D
:100BB000F7F760F909A001F017FE0020144908605A
:100BC00001201449087014490870144908704FF442
:100BD00016711348F4F7CFFE10BD00007B2252655A
:100BE0006365697665223A7B22537461747573225A
:100BF0003A32367D2C2243223A7B22547970652288
:100C00003A2243616E73656C227D7D0A000000000C
:100C1000380000206C0000206F00002071000020D0
:100C2000E8040020014601F0030090B96420B1FB04
:100C3000F0F200FB121050B94FF4C870B1FBF0F2A3
:100C400000FB121008B9012070470020FCE70120CA
:100C5000FAE70020F8E7000070B5002500240DE059
:100C60001C48005D642801D1681CC5B21948005DAC
:100C7000742801D1681CC5B2601CC4B21548F4F7D1
:100C800085FEA042ECD2022D11D1134A13A11148C6
:100C9000F4F784FE10480068F5F778FF4FF41671FA
:100CA0000C48F4F768FE00200E49087010E013208D
:100CB0000D4908700DA001F097FD0020094908704A
:100CC0000549086000254FF416710248F4F753FEF9
:100CD00070BD0000E8040020040000206425647456
:100CE00000000000090000202B0000207B2252653C
:100CF0006365697665223A7B225374617475732249
:100D00003A31397D7D0A000010B586B00446F7F708
:100D10007FF9012004900F480068039000200190A3
:100D200005A901A8F7F7BAF878B9F7F70FF9059808
:100D3000401C10B1002006B010BD24B9FF221021C4
:100D40000548F4F711FE0120F5E7F7F7FFF800205A
:100D5000F1E700001C000020F81B002000B5002275
:100D60001021104600F002F800BD000030B5034627
:100D700058180D4C2468A04201D9002030BD1846F7
:100D80000DE022B1094C2468045D1470521C102837
:100D900004D2064C2468045D054D2C54401CCC182C
:100DA0008442EED80120E9E7180000201C00002052
:100DB000F81B00202DE9F04706468946154606EB4C
:100DC000090014490968884202D90020BDE8F0876B
:100DD0000DB90020FAE7F7F71BF9002414E02A5DAB
:100DE000601C285C42EA0020C3170746A0190A4A83
:100DF000126881183A460120F7F7B2F818B1F7F7F0
:100E0000A5F80020E2E7A41C4C45E8D3F7F79EF8CC
:100E10000120DBE7180000201C00002070B5002531
:100E200000240DE01E48005D652801D1681CC5B294
:100E30001B48005D4C2801D1681CC5B2601CC4B2BF
:100E40001748F4F7A3FDA042ECD2022D13D1154AA6
:100E500015A11348F4F7A2FD12480068F5F76EFCDF
:100E60004FF416710E48F4F786FD00201049086013
:100E70001049087013E013200F4908700FA001F00B
:100E8000B3FC00200B4908700649086000254FF4A8
:100E900016710348F4F76FFD00200549086070BD26
:100EA000E8040020040000206525644C00000000D8
:100EB0002C000020080000202B0000207B2252651F
:100EC0006365697665223A7B225374617475732277
:100ED0003A31397D7D00000010B506A001F084FC98
:100EE0000020114908704FF416711048F4F743FDC3
:100EF00010BD00007B2252656365697665223A7BEE
:100F000022537461747573223A32367D2C22432247
:100F10003A7B2254797065223A2245746562617287
:100F2000227D7D0A000000006C000020E804002003
:100F30002DE9F041C1F30A52A2F2FF362F4A304B9D
:100F40000D460446142E2FDA002E12DAF4F71DFF98
:100F500000221346F4F7C0FF4CD2002DA4BF00249A
:100F6000254647DA25F00040204318BF254D41D0E3
:100F700018E0DFF894C02CFA06F705EA070C5CEAE3
:100F8000040C08BFBDE8F081F4F7FFFE0022134611
:100F9000F4F7A2FF2ED2002D03DA4FF48010F040B8
:100FA0000544BD43002425E0332EC8BFBDE8F081D1
:100FB000A6F1140C4FF0FF3727FA0CF73C4208BF9C
:100FC000BDE8F081F4F785FF00221346F4F784FFB3
:100FD00010D2002D0DDA142E08BF6D1C09D0C6F1F9
:100FE0003400012101FA00F02044A04238BF6D1CFA
:100FF0000446BC4329462046BDE8F0819C75008824
:101000003CE4377E0000F0BFFFFF0F0010B5002862
:1010100021D0114B0022001F196803E0814203D840
:101020000A4649680029F9D152B11368841A9C42D2
:1010300004D1006818441060104602E0506000E0DF
:10104000186039B102680B1A934203D10B681A4435
:1010500002604968416010BD4802002000B585B0BB
:101060000120F6F707FF002215491648F8F7FAFEA7
:10107000002215491348F8F797FE134800781249E3
:101080008978114A5278104BDB78CDE90132CDE9ED
:1010900003100B48807800900948437802780BA130
:1010A0001948FFF771FB184801F09EFB0120F6F785
:1010B000E1FE4FF416711548F4F75DFC05B000BD74
:1010C00084000020B4080020870000207B225422E6
:1010D0003A7B2248223A25642C224D223A25642C60
:1010E0002253223A25642C2259223A25642C226D5F
:1010F000223A25642C2244223A25642C2257223A93
:1011000025647D7D0A00000040070020E8040020DF
:101110002DE9F74F82B082464FF000090026AAF26F
:101120006D27504600F070F88146781E00F086F872
:101130000646B9F1000F01D0012000E0002000EBCD
:10114000800101EBC0002B4901EB80010398401E98
:1011500051F82010049801EB000826B1B9F1000FF6
:1011600001D0502000E04F2000900098804508DC1E
:1011700008F58F757F1E5EB1B9F1000F08D16D1CA7
:1011800006E00098A8EB0005384600F057F8064640
:10119000012421E00EB1012000E0002000EB8001DD
:1011A00001EBC000144901EB800050F82400A84274
:1011B00011DB01940EB1012000E0002000EB800162
:1011C00001EBC0000C4901EB8001601E51F82000CA
:1011D000A5EB000B02E0641C0C2CDBDD00BF074913
:1011E00081F800B00649019808700648076005B00C
:1011F000BDE8F08FD42D01083C2E01085F000020CF
:101200005E0000206400002001460A46C81701EB7A
:1012100090708010A1EB800070B9642091FBF0F316
:1012200000FB131030B94FF4C87091FBF0F300FBD2
:10123000131008B9012070470020FCE72DE9F041A8
:101240000446A4F5ED70C11700EB5161C911A0EB84
:10125000C1141E2C01DB002000E01D2004442046A8
:10126000F4F7CDFC054600220A4BF4F759FC07467B
:10127000FFF75EFE201A441E2146E01704EB907033
:101280008010A4EB800010B90120BDE8F08100209F
:10129000FBE700000080404010B507A001F0A4FA71
:1012A000F5F714FC0020124908704FF4167111482C
:1012B000F4F761FB10BD00007B225265636569761F
:1012C00065223A7B22537461747573223A32367DFB
:1012D0002C2246223A7B2254797065223A224964B4
:1012E000656E746966794F6666227D7D0A0000002E
:1012F00011000020E804002010B507A001F074FAE6
:101300000120F6F7B7FD0120104908704FF416715F
:101310000F48F4F730FB10BD7B2252656365697698
:1013200065223A7B22537461747573223A32367D9A
:101330002C2246223A7B2254797065223A22496453
:10134000656E74696679227D7D0A000011000020B7
:10135000E804002070B504460D46002617E001227F
:1013600051020C48F7F758F82846F6F783FD00229B
:101370004FF400710748F7F74FF82846F6F77AFD63
:10138000012251020348F7F747F8701CC6B2A64283
:10139000E5DB70BD0008014088B000BFF7F784F8B6
:1013A000FCF74CFBFAF76CF9FAF70CFAFAF722FAA9
:1013B000FAF744FAFAF778FAFAF792FAFAF7EEF946
:1013C000F948F9F7B1F94FF40050F84B0822F84901
:1013D00000900020FCF7D8F90221F6A001F0DEFA17
:1013E000F5480068C06840F02000F3490968C8600B
:1013F0000A20F6F73FFDF1480068C06840F0200081
:10140000EE490968C8600020ED490860F9F7C0FF9F
:10141000FFF7A4FC1E210720FFF79CFF4FF47A7012
:10142000F6F728FD4AF6AA20E649096808604FF455
:101430007A70F6F71FFD4AF6AA20E24909680860AB
:101440004FF47A70F6F716FD4AF6AA20DD490968CE
:1014500008604FF47A70F6F70DFD4AF6AA20D949D4
:10146000096808604FF47A70F6F704FD4AF6AA207E
:10147000D449096808604FF47A70F6F7FBFC4AF625
:10148000AA20D049096808604FF47A70F6F7F2FC98
:101490004AF6AA20CB49096808604FF47A70F6F73B
:1014A000E9FC4AF6AA20C749096808604FF47A7037
:1014B000F6F7E0FC4AF6AA20C249096808604FF432
:1014C0007A70F6F7D7FC4AF6AA20BE490968086088
:1014D0004FF47A70F6F7CEFC4AF6AA20B9490968AB
:1014E00008604FF47A70F6F7C5FC4AF6AA20B549B1
:1014F000096808604FF47A70F6F7BCFC4AF6AA2037
:10150000B049096808604FF47A70F6F7B3FC4AF600
:10151000AA20AC49096808604FF47A70F6F7AAFC73
:101520004AF6AA20A749096808604FF47A70F6F7CE
:10153000A1FC4AF6AA20A349096808604FF47A7012
:10154000F6F798FC4AF6AA209E49096808604FF40D
:101550007A70F6F78FFC4AF6AA209A490968086063
:101560001E210520FFF7F6FE012291029648F6F7AC
:1015700053FF012211029448F6F74EFF232000F09A
:101580005DFC4FF47A70F6F775FCFAF7C5F94FF485
:101590007A70F6F76FFC01208C49087008E34AF670
:1015A000AA20884909680860F9F7F2FE884800888F
:1015B00000286FD00120F6F75DFC86480078572898
:1015C00011D18448407965280DD183A001F00CF930
:1015D000804A40F23A216420F5F76EFE01208549E9
:1015E0000870F4F7EDFE7B480078562846D022DCE0
:1015F000472874D010DC432872D006DC052870D050
:1016000006286FD007286ED1A0E044286CD045286A
:101610007DD04628F7D11BE1522867D006DC492847
:1016200071D04E2870D04F28EDD1ABE053286CD04C
:101630005428E8D143E16E2868D010DC652874D0C6
:1016400006DC5A2875D0632879D06428DBD113E1F1
:1016500066286DD0672860D06928D4D118E1752834
:1016600012D006DC6F2870D0722814D07328CAD12B
:1016700094E080283BD08128C5D13EE001F02CF9D0
:1016800001205C4908703AE101F0D4FA012059497F
:10169000087034E143E158A001F0A6F80A20F6F7FB
:1016A000E9FB00BF00BF00BF00BF00BFBFF34F8F0B
:1016B00000BF00BF00BF5748006800F4E060564913
:1016C0000843001D5349086000BF00BF00BFBFF3BF
:1016D0004F8F00BF00BF00BF00BF00BFFDE7E3E0CA
:1016E000DCE03DE042E0FBE0BAE010E0F2E001F0D7
:1016F000C5F901203F49087001E1FFF7AFFC012067
:101700003C490870FBE0BDE09AE035E088E0FFF777
:10171000E3FB012037490870F1E02E494878FBF7D8
:101720006FFC012033490870E9E09FE001E006E02A
:101730007EE001F0E3FA01202E490870DFE0FFF7B8
:1017400035FA01202B490870D9E021E02148417881
:10175000324A012000F090FE012026490870CEE0B8
:1017600000F0E0FC012023490870C8E001F058F8BF
:10177000012020490870C2E000F0D8FA01201D497C
:101780000870BCE000F0FEFA01201A490870B6E0CB
:1017900000F026FB012017490870B0E001F018F9AD
:1017A000012014490870AAE020090020001001401F
:1017B000000C014073730000AC0900206809002090
:1017C00034000020A808002000080140010000208B
:1017D0000C000020E80400207B22526563656976D6
:1017E00065223A7B22537461747573223A32367DD6
:1017F0000A000000710000207B2252656369766553
:10180000223A7B22537461747573223A37307D7D9E
:101810000A0000000CED00E00000FA057400002052
:1018200031216E2000F064FD0120E249087066E07D
:101830003121662000F05CFD0120DE4908705EE089
:1018400032216E2000F054FD0120DA49087056E084
:101850003221662000F04CFD0120D64908704EE090
:10186000F4F774FE0120D349087048E00120D24902
:101870000870D049087042E00120D0490870CD4975
:1018800008703CE0FFF708FD0120CA49087036E007
:10189000FFF732FD0120C749087030E0FFF75AF921
:1018A0000120C44908702AE0F5F7D0F90120C149A8
:1018B00008704FF41671C248F4F75DF81FE001F0AC
:1018C00053F90120BB4908704FF41671BC48F4F776
:1018D00052F814E00120BB490870B64908700EE0C8
:1018E000B9A000F081FF1320BE4908700020B14963
:1018F0000870F4F765FD0020BB49086000BF00BF19
:101900001320B84908700020AA490870B649086039
:10191000B6490880B64908800120F6F7ABFAB54809
:10192000007808B1F5F7CAFAA448007808B1FFF7C3
:1019300093F9A148007808B1FFF770FAA148007840
:1019400008B100F097FBAC48006843F69821884244
:1019500008D90020A8490860A848007810B9A8A0B4
:1019600000F042FF3720FBF70DFEAC490870AC4891
:10197000F9F7E4FB20B1AA48F9F7E0FB00B117E161
:1019800010210020F9F71EFB70B1A548F9F7D6FB2E
:1019900020B1A348F9F7D2FB00B109E110210020E2
:1019A000F9F710FB00B103E19E490120F9F764FB50
:1019B00000287DD19B488079AB287AD19948C0799D
:1019C0000028FAD19748C07B0028F6D195480078C6
:1019D0009549086093484078096801EB00209249D6
:1019E000086090488078914908608E48C0780968FE
:1019F00001EB00208D4908608A480079096801EBF5
:101A000000408A49086087484079096801EB006016
:101A1000864908608448006800F40040B0F5004F33
:101A200013D181480068C0F30E007F490860084662
:101A3000006846F6292148407B4908607B480068D9
:101A40004BF2A6214840794908606C48007818B9E3
:101A50006BA000F0C9FE0EE06848007858B17448E9
:101A6000007840B17348007828B17348007810B10D
:101A70006B48FBF78BF97148007880B16A480368BE
:101A80006A4802686EA16748FEF77EFE654800F06E
:101A9000ABFE6A48007880F001006849087064482D
:101AA0000078C8B96D48F5F70FFDA8B9604801E0A6
:101AB0007DE077E0007880F001005D4908706421E6
:101AC0005848F3F758FF654865A102685548FEF786
:101AD0005BFE544800F088FE56480078F0BB0020BA
:101AE000654908605D48F5F7EFFCB8BB6348644999
:101AF000644A654BCDE90432CDE906105749634885
:101B00000268634800685C4B1B68CDE90030CDE992
:101B100002210846444A454903680220F9F746FF76
:101B2000304908700846007809281DD153485449A7
:101B3000544A554BCDE90432CDE906104749534884
:101B40000268534800684C4B1B68CDE90030CDE972
:101B500002210846344A3549036800E019E00220B2
:101B6000F9F724FF1F4908703C48F5F7ADFC80B930
:101B70003A4803681B48027846A12A48FEF704FE4B
:101B8000284800F031FE2B48007880F001002949F8
:101B900008704FF47A70F6F76DF94FF47A70F6F733
:101BA00069F902E044A000F01FFEF9F7F1FB00BF65
:101BB000F5E400007100002008000020090000206A
:101BC000E80400200B0000207B22526563656976E3
:101BD00065223A7B22537461747573223A31397DE0
:101BE0000A0000002B0000202C0000200C00002028
:101BF0000E000020110000201400002070000020C2
:101C00007B22436F6E666967223A7B22537461744C
:101C10007573223A33307D7D0A00000012000020E7
:101C20007400002044080020800000207C00002078
:101C30006C0000206F000020220000206D000020BA
:101C40007B2243223A7B224944223A25642C2255A6
:101C500043223A25647D7D0A0000000050000020E8
:101C60007B2243223A7B22457465626172223A25C7
:101C7000757D7D0A00000000440000205D0000200A
:101C80005C00002040000020580000204C00002094
:101C9000480000207B2243223A7B225374617475F2
:101CA00073223A25752C22457465626172223A25A9
:101CB000757D7D0A000000006572726F720A000077
:101CC000F0B50B30154D20F007010024144A0FE049
:101CD00003688B420BD38B4205D95E1A43184768C1
:101CE000C3E9006700E04368136002C004E0021D1E
:101CF00010680028ECD12046002802D1286808B1DD
:101D00000020F0BD064A07481060074A121A22F068
:101D10000702C0E9002401202860D7E74C02002018
:101D2000480200208C2000208826002010B505A045
:101D300000F05AFD0A211148F3F71DFE0120104959
:101D4000087010BD7B2252656365697665223A7B17
:101D500022537461747573223A32367D2C224322E9
:101D60003A7B2254797065223A2250726F63657310
:101D70007343617264227D7D0A000000E804002044
:101D80002200002010B505A000F02EFD0A21124807
:101D9000F3F7F1FD00201149087010BD7B22526558
:101DA0006365697665223A7B225374617475732288
:101DB0003A32367D2C2243223A7B225479706522B6
:101DC0003A2250726F63657373436172644F666643
:101DD000227D7D0A00000000E8040020220000208F
:101DE00010B505A000F000FD0A211248F3F7C3FD6D
:101DF00001201149087010BD7B2252656365697628
:101E000065223A7B22537461747573223A32367DAF
:101E10002C2243223A7B2254797065223A22726541
:101E2000636569766541636B5472616E227D7D0ADC
:101E300000000000E80400202300002070B50546E3
:101E400040206B4908606B486B49086001206B4972
:101E5000087000206A490870AE1C3046FFF730FF5A
:101E60000446FEF77BFFD0B10A20F6F703F82246BE
:101E700029460020FEF77AFF30B10520F5F7FAFF7A
:101E80000520F5F7F7FF15E05EA000F0ADFC00209F
:101E9000644908702046FFF7B9F8012070BD59A0C9
:101EA00000F0A2FC00205F4908702046FFF7AEF862
:101EB0000120F3E700205C49088000BF08E0215CB6
:101EC000594AB2F900205140574A1180411CC8B20A
:101ED0002228F4DB94F822005349B1F9001088421B
:101EE00002D1607E642808D050A000F07DFC002064
:101EF0004C4908704C49088075E094F822004A4922
:101F0000B1F90010884202D0607E64286BD16078FD
:101F10000006A17800EB0140E17800EB0120217977
:101F200008444A494860A079617900EB012048499A
:101F30000860207AE17900EB012045494860A07AE9
:101F4000617A00EB012042498860207BE17A00EB56
:101F500001203F49C860A07B617B00EB01203C4928
:101F60000861207CE17B00EB012039494861A07CBD
:101F7000617C00EB012036498861207DE17C00EB2B
:101F800001203349C861A07D617D00EB012030490B
:101F90000862207EE17D00EB01202D494862A07E91
:101FA00040B22A490875E07E0006217F00EB01401F
:101FB000617F00EB0120A17F084424490861E07F94
:101FC000000494F8201000EB012094F8211008443C
:101FD0001E4908801FA000F007FC0120114908706D
:101FE0000020114908802046FFF710F800BF55E790
:101FF0001800002000FC01081C0000202000002028
:10200000210000207B2252656164436F6E66696720
:10201000223A7B22537461747573223A31397D0AF6
:102020000000000070000020300000207B2252657C
:102030006164436F6E666967223A7B2253746174F0
:102040007573223A317D7D0A00000000780200207D
:10205000500200207B2252656164436F6E6669679F
:10206000223A7B22537461747573223A307D7D0A63
:102070000000000070B5002500240DE01C48005D44
:10208000522801D1681CC5B21948005D642801D1ED
:10209000681CC5B2601CC4B21548F3F777FCA042B7
:1020A000ECD2022D11D1134A13A11148F3F776FC9B
:1020B00010480068F4F724FE4FF416710C48F3F74B
:1020C0005AFC00200E49087010E013200D490870DA
:1020D0000DA000F089FB002009490870054908603F
:1020E00000254FF416710248F3F745FC70BD00005F
:1020F000E804002004000020522564640000000071
:102100000B0000202B0000207B225265636569765E
:1021100065223A7B22537461747573223A31397D9A
:102120007D0A000010B500206549088000BF09E065
:102130006449095C624AB2F900205140604A11804A
:10214000411CC8B22228F3DB5E4890F822005C49AB
:10215000B1F90010884203D15A48407E64280DD05E
:1021600059A000F041FB00205E49087054490880E6
:102170004FF416715348F3F7FEFB10BD514890F829
:1021800022004F49B1F90010884203D04D48407EEB
:1021900064287DD14B48407800064A49897800EB95
:1021A00001404849C97800EB0120464909790844B3
:1021B0004D494860434880794249497900EB012004
:1021C0004A4908603F48007A3E49C97900EB01203E
:1021D000464948603B48807A3A49497A00EB0120F9
:1021E000424988603748007B3649C97A00EB0120B4
:1021F0003E49C8603348807B3249497B00EB01206F
:102200003A4908612F48007C2E49C97B00EB012028
:10221000364948612B48807C2A49497C00EB0120E3
:10222000324988612748007D2649C97C00EB01209E
:102230002E49C8612348807D2249497D00EB012059
:102240002A4908621F48007E1E49C97D00EB012013
:10225000264948621B48807E40B2234908751948C8
:10226000C07E00061749097F00EB01401549497FF0
:1022700000EB01201349897F08441B49086111487C
:10228000C07F00040F4991F8201000EB012000E00E
:1022900013E00C4991F821100844134908802320C9
:1022A00000F040FA4FF416710648F3F764FB012082
:1022B0000C49087000200249088000BF5DE700005B
:1022C00030000020E80400207B22526563656976B7
:1022D00065223A7B22537461747573223A31397DD9
:1022E0007D0A0000700000207802002050020020CB
:1022F00070B504460D46312D2AD16E2C12D1012223
:1023000011022A48F6F788F80120F5F7B3FD28A056
:1023100000F06AFA0120324908704FF41671314812
:10232000F3F729FB662C13D100224FF480711F486C
:10233000F6F772F80120F5F79DFD2BA000F054FA96
:102340000120274908704FF416712648F3F713FB54
:10235000322D2AD16E2C12D1012291021348F6F7A8
:102360005BF80120F5F786FD2BA000F03DFA012077
:102370001B4908704FF416711A48F3F7FCFA662CE3
:1023800013D100224FF480610848F6F745F8012088
:10239000F5F770FD2CA000F027FA01201049087015
:1023A0004FF416710F48F3F7E6FA70BD00080140CC
:1023B0007B2252656365697665223A7B225374619C
:1023C000747573223A32367D2C225231223A7B22A6
:1023D000537461747573223A32337D7D0A000000B4
:1023E00071000020E80400207B2252656365697655
:1023F00065223A7B22537461747573223A32367DBA
:102400002C225231223A7B22537461747573223A22
:1024100032347D7D0A0000007B2252656365697657
:1024200065223A7B22537461747573223A32367D89
:102430002C225232223A7B22537461747573223AF1
:1024400032337D7D0A0000007B2252656365697628
:1024500065223A7B22537461747573223A32367D59
:102460002C225232223A7B22537461747573223AC1
:1024700032347D7D0A0000002DE9F04F89B0064618
:102480000F4690464FF0050A4FF0370B1620089084
:1024900001208146002E4BD1F5F7C4FF054643E0ED
:1024A000F5F7C0FF401BB0F5FA6F06D96EA000F03B
:1024B0009BF9FF2009B0BDE8F08F4AF6AA206F49CA
:1024C000096808604046F8F739FE20B14046F8F741
:1024D00035FE00B128E059465046F8F773FD10BBB1
:1024E00069460898F8F7C8FDE0B90024002004E028
:1024F0001DF800104C40411CC8B20F28F8DB9DF8B5
:102500000F00A0420CD19DF80E00002803DB9DF8BF
:102510000E00642801DDFF20CCE79DF80E00C9E71E
:10252000FF20C7E700E000BFB9F1000FB8D199E084
:10253000012EFCD152A000F057F9F5F773FF0546C4
:102540008CE04AF6AA204D4909680860F5F76AFF51
:10255000401B41F28831884204D943A000F044F97D
:10256000FF20A7E74046F8F7E9FD20B14046F8F71D
:10257000E5FD00B172E0002400208DF800008DF828
:1025800001004D490888C11700EB11610912A0EB49
:102590000121C9B28DF8021047490888C11700EB24
:1025A0001161090A8DF803100020444908700022C7
:1025B00043494448F7F756FC002243494148F7F79E
:1025C000F3FB4148C0788DF804003F4840788DF80F
:1025D00005003D4880788DF80600394800788DF870
:1025E0000700374840788DF80800354880788DF826
:1025F000090000208DF809008DF80A008DF80B0005
:102600008DF80C008DF80D00F8B28DF80E0000204A
:102610008DF80A0000BF04E01DF800104C40411C7A
:10262000C8B20F28F8DB8DF80F4059465046F8F72E
:10263000C9FC70B969460898F8F7A6FD20B923A02F
:1026400000F0D2F8002035E72BA000F0CDF8FF20F5
:1026500030E729A000F0C8F8FF202BE7B9F1000F00
:102660007FF46FAF00BF25E77B2243223A7B2253E2
:102670007461747573223A317D7D0A00A8080020C8
:102680007B2252656365697665223A7B22537461C9
:10269000747573223A32367D2C2243223A7B2254BF
:1026A000797065223A224368616E676547726F757B
:1026B00070227D7D0A0000007802002022000020A8
:1026C00084000020B4080020870000207B224322E1
:1026D0003A7B2254797065223A224368616E6765BD
:1026E00047726F7570222C22537461747573223A8D
:1026F000307D7D0A000000007B2243223A7B225479
:10270000797065223A224368616E676547726F751A
:1027100070222C22537461747573223A31397D7D95
:102720000A00000010B50446402018490860184807
:1027300018490860012018490870002017490870DE
:10274000FEF70CFB00281CD00A20F5F793FB0020B5
:10275000FEF7DAFA124A21460020FEF72BFB60B1A1
:102760000520F5F787FB0FA000F03EF80520F5F7F0
:1027700081FB00201349086006E013A000F034F844
:1027800002E011A000F030F810BD00001800002099
:1027900000FC01081C000020200000202100002077
:1027A000E80400207B2253617665436F6E6669679B
:1027B000223A7B22537461747573223A32367D0A51
:1027C00000000000240000207B2253617665436FE7
:1027D0006E666967223A7B22537461747573223A7C
:1027E00031397D0A0000000070B504462046F3F739
:1027F000CDF8C5B229462046F3F74CFE00224FF42F
:1028000000710648F5F708FE0120F5F733FB0122B9
:1028100051020248F5F700FE70BD000000080140BB
:1028200000B5ADF5657D13480078A8B11248008861
:10283000114991F91410104A1269CDE90021029052
:102840000E4803680C480EA1426804A8FDF79CFFDF
:1028500004A8FFF7C9FF05E00648007810B916A0E4
:10286000FFF7C2FF4FF416711A48F3F784F80DF51D
:10287000657D00BD7000002078020020500200201D
:102880007B225343223A7B225543223A25752C2240
:102890005072696365223A25752C224D6178223A7F
:1028A00025752C224D696E223A25752C2244494407
:1028B000223A25757D7D0A007B22436F6E6669672B
:1028C000223A7B22537461747573223A33307D7DD2
:1028D0000A000000E804002000B599B064216846B1
:1028E000F3F749F8042210A16846FDF74DFF68464A
:1028F000FFF77AFF0120F5F7BDFA19A0FFF774FF83
:102900000120F5F7B7FA19A0FFF76EFF0120F5F7E0
:10291000B1FA1BA0FFF768FF4FF416711E48F3F7DA
:102920002AF819B000BD00007B224669726D7761FC
:102930007265223A7B2246223A312C22446576691E
:10294000636554797065223A22424355222C225203
:10295000656C65617365223A3025647D7D0A0000EF
:1029600057697468426F6F740A000000466F724DB9
:1029700065646961546563685461620A000000001F
:102980005265616465722054797065203A20524323
:102990003532320A00000000E804002070B5044619
:1029A0000D4600260FE0012221460020FAF746FFDF
:1029B000641C4AF6AA200549096808600520F5F755
:1029C00059FA701CC6B2AE42EDDB70BDA8080020FB
:1029D00010B50C48007810B90BA0FFF705FF0948A7
:1029E000007810B116A0FFF7FFFE0648007880F0CF
:1029F0000100044908704FF416711F48F2F7BBFF3D
:102A000010BD00006D0000207B2252656365697671
:102A100065223A7B22537461747573223A32367D93
:102A20002C2243223A7B2254797065223A22556E39
:102A300053656E6453657269616C227D7D0A000086
:102A40007B2252656365697665223A7B2253746105
:102A5000747573223A32367D2C2243223A7B2254FB
:102A6000797065223A2253656E6453657269616CB0
:102A7000227D7D0A00000000E804002010B51CA0A3
:102A8000FFF7B2FE28484078284908702648807829
:102A900048702548C0788870234800792449887098
:102AA0002148407948702048807908701E48C079D4
:102AB000C8700120F5F7DEF900221C491D48F7F720
:102AC00047FB10B11CA0FFF78FFE0120F5F7D2F9EC
:102AD000002217491748F7F78DFA10B11CA0FFF72D
:102AE00083FE4FF416711048F2F745FF10BD000049
:102AF0007B2252656365697665223A7B2253746155
:102B0000747573223A32367D2C2254223A7B225439
:102B1000797065223A2253657454696D6544617415
:102B200065227D7D0A000000E8040020840000206A
:102B300087000020B40800207B2254223A7B2253D5
:102B40007461747573223A3132387D7D0A00000059
:102B50007B2254223A7B22537461747573223A317A
:102B600032397D7D0A00000008B500200090F3F79F
:102B7000ADFF6420F5F77EF96A4600214FF4A87096
:102B8000F4F770FA6420F5F775F912480078AA286E
:102B900013D11048407855280FD10E48807850281E
:102BA0000BD10C48C078012807D10A4800790428C5
:102BB00003D109A0FFF718FE02E012A0FFF714FEF0
:102BC000C820F5F757F94FF416710248F2F7D3FE13
:102BD00008BD0000900200207B2246223A7B22544E
:102BE000797065223A2254657374436F6E6E656323
:102BF00074696F6E222C22537461747573223A309B
:102C00007D7D0A007B2246223A7B22547970652220
:102C10003A2254657374436F6E6E656374696F6EA8
:102C2000222C22537461747573223A31387D7D0AE7
:102C30000000000010B540201649086016481749EA
:102C40000860012016490870002016490870FEF738
:102C500085F8002819D06420F5F70CF90020FEF75C
:102C600053F811A208210020FEF7A4F848B105206E
:102C7000F5F700F90FA0FFF7B7FD0520F5F7FAF813
:102C800006E015A0FFF7B0FD02E013A0FFF7ACFDD2
:102C900010BD000018000020405400081C00002057
:102CA0002000002021000020426F6F543132333465
:102CB000000000007B225570646174654669726D86
:102CC00077617265223A7B22537461747573223A7C
:102CD00032367D0A000000007B2255706461746505
:102CE0004669726D77617265223A7B225374617412
:102CF0007573223A31397D0A0000000010B51CA01E
:102D0000FFF772FD284840782849086026488078F7
:102D1000274908702448C07826490870224800795D
:102D20002549087020484079244908701E48807958
:102D3000234908701C48C07900061B49097A00EB3A
:102D400001401949497A00EB01201749897A084462
:102D50001C49086000201C4908701C4908700120AB
:102D60001B4908704FF416710F48F2F704FE10BDAE
:102D70007B2252656365697665223A7B22537461D2
:102D8000747573223A32367D2C2243223A7B2254C8
:102D9000797065223A225A69726F45746562617270
:102DA000227D7D0A00000000E8040020640000206D
:102DB0005E0000205F000020600000206100002015
:102DC000620000204C0000206F0000206D000020F9
:102DD00071000020000000001F0000003B00000008
:102DE0005A0000007800000097000000B5000000C5
:102DF000D4000000F30000001101000030010000C9
:102E00004E0100006D010000000000001F000000E6
:102E10003C0000005B00000079000000980000000A
:102E2000B6000000D5000000F40000001201000010
:102E3000310100004F0100006E01000000000000A1
:102E40001F0000003E0000005D0000007C0000004C
:102E50009B000000BA000000D8000000F60000004F
:102E60001401000032010000500100006D0100005B
:102E7000000000001F0000003E0000005D00000098
:102E80007C0000009B000000BA000000D800000099
:102E9000F6000000140100003201000050010000A3
:102EA0006E0100001F1C1F1E1F1E1F1F1E1F1E1F46
:102EB00000000000000000000102030406070809EA
:102EC0000000000001020304895171F21DCB0000D3
:102ED00000000000000000008D5F307CF05E00000C
:102EE0000000000000000000B22CE4247D900000EF
:102EF0000000000000000000579B07B3A4E9000099
:102F00000000000000000000E32F50F2E3D00000BA
:102F10000000000000000000E9C1254FA07D000076
:102F20000000000000000000FFFFFFFFFFFF0000A7
:102F30000000000000000000DDDDDDDDDCBBBBDDEE
:102F4000DDDDDDDDDDDDDDDD988888888888888849
:102F50007777777777888888855555566666666669
:102F60006666666666688888833333322222222248
:102F7000222222222228888D7B2243223A7B22533E
:102F80007461747573223A25642C225543223A25C4
:102F9000752C224944223A25752C224574656261BC
:102FA00072223A25752C22507265457465626172F1
:102FB000223A25752C224770223A25752C22507210
:102FC000696365223A25757D7D0A00007B22526582
:102FD0006365697665223A7B225374617475732246
:102FE0003A32367D2C2246223A7B22547970652271
:102FF0003A22476574456D7074794944222C2253F6
:103000007461747573223A25647D7D0A00000000A6
:10301000303001080000002050020000CC6200089F
:103020001831010850020020382A0000F807010872
:10303000011072012A400412541308016A0113C2DC
:1030400014022503BD0A0211305C694C011513817D
:10305000E41B08C9041AD9041AFD041335E51B083A
:103060004D081A910413120114020202164083043F
:1030700040571D020102034A0E21040309041A8964
:1030800013ED631B08BD041A390413116442089A36
:1030900010EC4173B2074B24F4BA120632022A40F4
:1030A0002413DDE01B081D044BFFE13C1A6B0C13DD
:1030B0006DDF1B08E904C11ABD181AAD041ACD044E
:1030C0001A9D041C090243AB111DC03209046D1A7C
:1030D000020B130524161001052401100901042414
:1030E0000202052406170107058203081C100904C3
:1030F000E1320A1D070501027B2C07058107110932
:1031000037442A40072A8107112B0907440A3B0448
:083110004401100415051437F9
:04000005080058EDAA
:00000001FF
