:020000040800F2
:105800002826002001590008E5AC0008F59700089B
:10581000E1AC0008555A000829FB00080000000010
:10582000000000000000000000000000EDCB0008B8
:10583000075C000800000000EBBD000823CE000854
:105840001B5900081B5900081B5900081B59000868
:105850001B5900081B5900081B5900081B59000858
:105860001B5900081B5900081B5900081B59000848
:105870001B5900081B5900081B5900081B59000838
:105880001B5900081B5900081B5900081B59000828
:1058900071FA00081B5900081B5900081B59000821
:1058A0001B5900081B5900081B5900081B59000808
:1058B0001B590008D1CE00081B5900081B590008CD
:1058C0001B5900081B5900081B5900081B590008E8
:1058D0001B590008E5D20008F5D200081B59000842
:1058E0001B5900081B5900081B590008DFF80CD091
:1058F00000F06AF800480047050D0108282600203E
:105900000648804706480047FEE7FEE7FEE7FEE759
:10591000FEE7FEE7FEE7FEE7FEE7FEE7C1CE000892
:10592000ED580008202A04DB203A21FA02F0002179
:10593000704721FA02F3D040C2F12002914008439F
:105940001946704740EA01039B0703D009E008C9E4
:10595000121F08C0042AFAD203E011F8013B00F834
:10596000013B521EF9D27047D2B201E000F8012B80
:10597000491EFBD270470022F6E710B513460A46CF
:1059800004461946FFF7F0FF204610BD421C10F8F0
:10599000011B0029FBD1801A704730B50B46014628
:1059A00000202022012409E021FA02F59D4205D3BE
:1059B00003FA02F5491B04FA02F52844151EA2F168
:1059C0000102F1DC30BD0000064C074D06E0E06846
:1059D00040F0010394E8070098471034AC42F6D336
:1059E000FFF788FF701A0108901A010870B58C182B
:1059F00010F8015B15F0070301D110F8013B2A11E3
:105A000006D110F8012B03E010F8016B01F8016BCF
:105A10005B1EF9D12B0705D40023521E0DD401F8CB
:105A2000013BFAE710F8013BCB1A921C03E013F894
:105A3000015B01F8015B521EF9D5A142D8D30020C9
:105A400070BD10B5142007F035F80321142007F0BD
:105A5000CEF810BD00BFFEE730B50346042B15D0CD
:105A600007DC7BB1012B0ED0022B0DD0032B30D1E4
:105A70000BE0202B0BD0212B18D0222B22D0232B54
:105A800027D125E026E025E024E023E022E00020E5
:105A900003E00C5C114D2C54401C0728F9DB00205E
:105AA0000F4C207001200F4C207013E0002003E009
:105AB0000A4C245C0C54401C0728F9DB0020084CDD
:105AC000207007E006480078401C054C207001E07B
:105AD00000E000BF00BF002030BD0000C00000207B
:105AE00000000020010000200020704710B50022B7
:105AF0000449054807F063FD0449034807F058FDD1
:105B0000002010BD80120020D4090020980E002033
:105B100070B504460D460B4928680860002003E074
:105B2000215C094A1154401C064909688842F7D390
:105B30002146064807F03CFD044807F015FD00200B
:105B400070BD00000C00002088040020D409002053
:105B50002DE9F04104460D4600260A48D0F8B872F7
:105B6000D7F8140210B10120BDE8F0812A46214681
:105B7000044807F024FD034807F0A5FD064630461B
:105B8000F2E70000D40900202DE9F04107468846DD
:105B900015460421052000F029F880210A2007F08D
:105BA00026F8002405E0395D09200AF00FFD601C8D
:105BB000C4B24445F7DB032101200AF007FDFF24AE
:105BC00000BF052006F076FF0646601EC4B21CB179
:105BD00006F004000028F4D0222006F06BFF2870A5
:105BE000212006F067FF6870BDE8F08170B50546BA
:105BF0000C46284606F05EFF064626EA04012846C3
:105C00000AF0E4FC70BD70470146002048608860DF
:105C1000C86188610862487308730861087548752F
:105C2000002205E0002301F124008354501CC2B27D
:105C3000102AF7DB002205E0002301F13400835431
:105C4000501CC2B2102AF7DB002203E00020885467
:105C5000501CC2B2042AF9DB0020704772B603E080
:105C60001E2164200BF02CF8FAE700000021074AFF
:105C7000D1610749096941F00401054A11611146E2
:105C8000096941F04001116170470000781B002054
:105C9000002002400021074AD1610749096941F00B
:105CA0000201054A116111464861096941F040014C
:105CB00011617047781B0020002002400022054B34
:105CC000DA61054A126942F00102034B1A61018050
:105CD00070470000781B00200020024000201E4971
:105CE000C96801F0100139B11C49C96941F00201CC
:105CF0001A4AD16140F010001749C96801F0040147
:105D000039B11649C96941F00101144AD16140F025
:105D100004001149C96901F0010169B10F49C9695C
:105D200041F004010D4AD16100BF0B49C96921F05E
:105D30000101094AD16100BF00BF40F20111884250
:105D400006D10549C96921F00101034AD16101E089
:105D50000149C86000BF704700200240781B002046
:105D600070B5044600F08EFF054609E0601C38B1AE
:105D700024B100F087FF401BA04201D9032070BD71
:105D80001248C06800F001000028EFD10F48C06839
:105D900000F0200020B100BF20200C49C86000BFE7
:105DA0000A48C06800F0100048B90848C06900F00F
:105DB000010020B90548C06800F0040018B1FFF7E1
:105DC0008DFF0120DBE70020D9E700000020024022
:105DD0002DE9F04F8BB006464FF0000B00203060ED
:105DE000DD480078012811D0022802D0032827D1ED
:105DF00019E00520D94908701520D94908703720C5
:105E0000D84908702020D849087026E00420D349DA
:105E100008701020D24908703920D249087000203B
:105E2000D149087019E00520CC4908701520CC49EB
:105E300008703720CB4908704020CB4908700CE02F
:105E40000520C64908701420C54908703720C54987
:105E500008700020C449087000BF00BF09A803F003
:105E60009DFD38B109A803F099FD18B101200BB0D0
:105E7000BDE8F08F002405E009A8005DBB49085586
:105E8000601CC4B2042CF7DB1021002003F0CAFC14
:105E900008B10120EBE701A9012003F01DFD08B1C5
:105EA0000120E4E79DF80500B04988600846806855
:105EB00000028860084680689DF804100844AB49D9
:105EC00088609DF809004860084640680002486004
:105ED000084640689DF808100844A44948600846F0
:105EE000406800024860084640689DF80710084472
:105EF0009E4948600846406800024860084640687D
:105F00009DF806100844994948600846008900F445
:105F10000040B0F5004F12D108460089C0F30E00D2
:105F200088600846806846F6292148408F49886085
:105F3000084640684BF2A62148408C4948608B488F
:105F400040688B490860874801788448007803F0EE
:105F500069FC08B10A208AE701A98148007803F0AA
:105F6000BBFC08B1142082E7002406E001A8015D13
:105F70007E4824300155601CC4B2102CF6DB4FF073
:105F8000010A00240BE001A8015D01AA04F1080048
:105F9000105C814201D04FF0000A601CC4B2042C96
:105FA000F1DB00240BE001A9201D085C095D81F0F4
:105FB000FF01884201D04FF0000A601CC4B2042CDB
:105FC000F1DB9DF8100050B99DF81100FF2806D1B3
:105FD0009DF8120018B99DF81300FF2801D04FF06A
:105FE000000ABAF1000F3AD09DF807005F49C86176
:105FF0000846C0690002C8610846C0699DF80610DD
:1060000008445A49C8610846C0690002C861084688
:10601000C0699DF8051008445449C8610846C06924
:106020000002C8610846C0699DF8041008444F4941
:10603000C8611421062003F0F5FB08B10C2016E717
:106040006946182003F050FC08B10D200FE74749BE
:10605000009808730846C0693060002007E74FF0D9
:106060004B08002406E041482430005D80EA08081F
:10607000601CC4B20F2CF6DB3C4890F8330040455E
:1060800001D00320F3E6394890F827003749C8616A
:106090000846C0690002C8610846C16990F8260038
:1060A00008443249C8610846C0690002C861084610
:1060B000C16990F8250008442C49C8610846C069A8
:1060C0000002C8610846C06991F8241008442749B5
:1060D000C861084690F82D703F0290F82C000744E4
:1060E000084690F82B502D0290F82A0005442D0206
:1060F000084690F8290005442D02084690F828002B
:106100000544084690F82E90B9F1010F03D0B9F17B
:10611000020F12D108E005EB070B1448C06958457F
:1061200001D00520A3E60AE0A5EB070B0F48C069E4
:10613000584501D006209AE601E0072097E600BF07
:106140000A4890F82F0000F01F000849087308461D
:10615000C069306000208AE6200200201C02002076
:106160001D0200201E0200201F020020181C00201B
:10617000240200202DE9F04F8DB007468946002506
:1061800000203860C9F80000FB480078012811D0D1
:10619000022802D0032827D119E00520F74908700A
:1061A0001520F74908703720F64908702020F64975
:1061B000087026E00420F14908701020F0490870AA
:1061C0003920F04908700020EF49087019E00520D7
:1061D000EA4908701520EA4908703720E949087033
:1061E0004020E94908700CE00520E44908701420BB
:1061F000E34908703720E34908700020E24908703D
:1062000000BF00BF0BA803F0C9FB38B10BA803F017
:10621000C5FB18B101200DB0BDE8F08F002405E0EA
:106220000BA8005DD9490855601CC4B2042CF7DBEB
:106230001021002003F0F6FA08B10120EBE703A9D2
:10624000012003F049FB08B10120E4E79DF80D00AF
:10625000CE498860084680680002886008468068E9
:106260009DF80C100844C94988609DF811004860E9
:106270000846406800024860084640689DF81010D3
:106280000844C24948600846406800024860084621
:1062900040689DF80F100844BC49486008464068B3
:1062A00000024860084640689DF80E100844B7494F
:1062B00048600846008900F40040B0F5004F12D154
:1062C00008460089C0F30E0088600846806846F6DC
:1062D00029214840AD498860084640684BF2A62114
:1062E0004840AA494860A9484068A9490860A548AB
:1062F0000178A248007803F095FA08B10A208AE7ED
:106300009D480078012835D103A9122003F0E4FA52
:1063100008B114207FE79DF81000AB2812D19DF83A
:106320001100CD280ED19DF80F502D029DF80E00C2
:1063300005442D029DF80D0005442D029DF80C002A
:10634000054400E000259DF80C00FF280CD19DF8C5
:106350000D00FF2808D19DF80E00FF2804D19DF8FC
:106360000F00FF2800D100258A48854200D1002572
:10637000C9F8005003A98248007803F0ADFA08B1CB
:10638000142048E7002406E003A8015D7F4824307C
:106390000155601CC4B2102CF6DB012002900024D1
:1063A0000BE003A8015D03AA04F10800105C814220
:1063B00001D000200290601CC4B2042CF1DB002448
:1063C0000BE003A9201D085C095D81F0FF018842F4
:1063D00001D000200290601CC4B2042CF1DB9DF8B7
:1063E000180050B99DF81900FF2806D19DF81A0031
:1063F00018B99DF81B00FF2801D0002002900298D8
:1064000090B39DF80F006149C8610846C069000259
:10641000C8610846C0699DF80E1008445B49C86110
:106420000846C0690002C8610846C0699DF80D10A1
:1064300008445649C8610846C0690002C861084658
:10644000C0699DF80C1008445049C8611421062009
:1064500003F0E8F908B10C20DDE601A9182003F0EB
:1064600043FA10B10D20D6E607E0484901980873B9
:106470000846C06938600020CDE64FF04B0A002482
:1064800006E042482430005D80EA0A0A601CC4B27B
:106490000F2CF6DB3D4890F83300504501D0032027
:1064A000B9E63A4890F827003849C8610846C069FB
:1064B0000002C8610846C16990F8260008443349C3
:1064C000C8610846C0690002C8610846C16990F801
:1064D000250008442D49C8610846C0690002C8610A
:1064E0000846C06991F8241008442849C861084644
:1064F00090F82D804FEA082890F82C008044084638
:1065000090F82B60360290F82A00064436020846BE
:1065100090F8290006443602084690F82800064400
:10652000084690F82EB0BBF1010F03D0BBF1020F6B
:1065300012D108E006EB08051448C069A84201D052
:10654000052068E60AE0A6EB08051048C069A842E5
:1065500001D006205FE601E007205CE600BF0B48A3
:1065600090F82F0000F01F00084908730846C06922
:10657000386000204FE60000200200201C020020AE
:106580001D0200201E0200201F020020181C0020F7
:106590002402002017FCFF0001460E2924D2DFE868
:1065A00001F007090B0D0F11131517191B1D1F21E2
:1065B000192070471A20FCE71C20FAE71D20F8E795
:1065C0001E20F6E72020F4E72120F2E72220F0E762
:1065D0002420EEE72520ECE72620EAE72820E8E75C
:1065E0002920E6E72A20E4E70020E2E701460E2919
:1065F00024D2DFE801F007090B0D0F11131517194D
:106600001B1D1F21192070471A20FCE71C20FAE7E8
:106610001D20F8E71E20F6E72020F4E72120F2E70E
:106620002220F0E72420EEE72520ECE72620EAE709
:106630002820E8E72920E6E72A20E4E70020E2E72F
:1066400070B50A480468001D0568001D06683444DA
:1066500054B108220649204603F0D7FF042204491A
:106660001031284603F0D1FF70BD0000E8F7FF1F8E
:10667000A60000200146002291F82100022808D03F
:106680000420886300BF002081F8200000BF0120A3
:1066900070470868006820F00E000B6818600868F2
:1066A000006820F001000B68186091F8403001206C
:1066B0009840CB6B5860012081F8210000BF00207A
:1066C00081F8200000BF1046E2E7000070B50446E4
:1066D000002594F82100022803D00420A06301259E
:1066E00048E02068006820F00E00216808602068FB
:1066F000006820F00100216808601F492068884276
:1067000001D1012026E01C4914312068884201D1C2
:1067100010201FE0184928312068884201D18015D7
:1067200018E015493C312068884201D1801411E0FD
:10673000114950312068884202D14FF4803009E07D
:106740000D4964312068884202D14FF4801001E085
:106750004FF08070084908394860012084F8210012
:1067600000BF002084F8200000BF606B10B12046FD
:10677000616B8847284670BD0800024070B504462A
:1067800000F080FA06462546681C10B104480078DF
:10679000054400BF00F076FA801BA842FAD370BD12
:1067A000E00000202DE9F04104460E4601270025B7
:1067B00000BF2648007E012802D10220BDE8F081FA
:1067C00001202249087600BF2068022813D14CF22C
:1067D0005030FFF7C5FA90BB0120FFF747FA4CF2A3
:1067E0005030FFF7BDFA07461948006920F0040051
:1067F0001749086123E04CF25030FFF7B1FAF0B9C5
:106800004FF0FF303060A56812E02846FFF742FAEB
:106810004CF25030FFF7A4FA07460D48006920F00B
:1068200002000B4908610FB1356007E005F580658E
:10683000D4E9021001EB8020A842E6D800BF00BFD7
:1068400000200249087600BF3846B7E7781B0020D1
:10685000002002400348006940F0800001490861BF
:1068600000207047002002402DE9FE4F05468B4670
:1068700017469846012600240020029000BF2448B5
:10688000007E012802D10220BDE8FE8F01202049B0
:10689000087600BF4CF25030FFF762FA064686BB1E
:1068A000012D02D10120029006E0022D02D102202A
:1068B000029001E00420029000241EE02201B9466B
:1068C000C24648465146FFF72DF880B2019002209B
:1068D00000FB04B000900199FFF7F0F94CF2503042
:1068E000FFF73EFA06460B48006920F0010009490F
:1068F000086106B104E0601CC4B202988442DDDB8A
:1069000000BF00BF00200249087600BF3046BBE749
:10691000781B00200020024000200849096901F08E
:10692000800151B10649054A51600649516011463E
:10693000096901F0800101B1012070470020024087
:1069400023016745AB89EFCD2DE9F84703460022C7
:1069500094466EE14FF0010808FA02F4D1F8008085
:1069600008EA0400A0427DD1DFF8DCA2D1F804805F
:10697000A8EB0A09D0453AD014DCB8F1030F50D087
:1069800009DCB8F1000F31D0B8F1010F1CD0B8F11B
:10699000020F49D120E0B8F1110F18D0B8F1120F51
:1069A00042D11EE0B9F5881F25D006DCB9F5803F3D
:1069B00020D0B9F5801F37D11AE0B9F5001F18D0E3
:1069C000B9F5041F30D117E0D1F80CC02DE0D1F893
:1069D0000C8008F1040C28E0D1F80C8008F1080CB8
:1069E00023E0D1F80C8008F10C0C1EE000BF00BFC2
:1069F00000BF00BF00BF00BFD1F80880B8F1000F92
:106A000002D14FF0040C0BE0D1F80880B8F1010F6F
:106A100003D14FF0080C1C6102E04FF0080C5C61E0
:106A200003E04FF0000C00E000BF00BFFF2801D8DA
:106A3000984601E003F104084646FF2802D84FEAD1
:106A4000820803E0A2F108084FEA88084746D6F812
:106A500000804FF00F0909FA07F928EA09080CFA33
:106A600007F900E088E048EA0908C6F80080D1F894
:106A7000048008F08058B8F1805F7DD100BFDFF856
:106A8000CC81D8F8188048F00108DFF8C091C9F827
:106A90001880C846D8F8188008F00108CDF80080A2
:106AA00000BF00BF4FEAB9384FEA920958F82950A1
:106AB0004FEA82784FEA18794FF00F0808FA09F880
:106AC00025EA0805DFF88881434502D14FF0000828
:106AD00016E0DFF88081434502D14FF001080FE056
:106AE000DFF87481434502D14FF0020808E0DFF877
:106AF0006C81434502D14FF0030801E04FF00408D8
:106B00004FEA82794FEA197908FA09F848EA050547
:106B1000DFF84C814FEA920948F82950D1F80480F7
:106B200008F48038B8F5803F0AD1DFF83881D8F80A
:106B3000008048EA0008DFF82C91C9F8008009E0DD
:106B4000DFF82081D8F8008028EA0008DFF81491E7
:106B5000C9F80080D1F8048008F40038B8F5003F87
:106B600010D1DFF8008108F10408D8F8008048EA65
:106B70000008DFF8F09000E05AE009F10409C9F8D4
:106B800000800DE0DFF8DC8008F10408D8F8008010
:106B900028EA0008DFF8CC9009F10409C9F8008060
:106BA000D1F8048008F48018B8F5801F0ED1DFF802
:106BB000B48008F10808D8F8008048EA0008DFF837
:106BC000A49009F10809C9F800800DE0DFF894806D
:106BD00008F10808D8F8008028EA0008DFF8849057
:106BE00009F10809C9F80080D1F8048008F40018F8
:106BF000B8F5001F0ED1DFF86C8008F10C08D8F84A
:106C0000008048EA0008DFF85C9009F10C09C9F837
:106C100000800DE0DFF84C8008F10C08D8F8008007
:106C200028EA0008DFF83C9009F10C09C9F8008057
:106C3000521CD1F8008028FA02F8B8F1000F7FF456
:106C400089AEBDE8F8870000000011100010024076
:106C500000080140000C01400010014000140140F8
:106C60000800014000040140024693680B400BB14C
:106C7000012000E0002070470AB1016101E00B042F
:106C8000036170470148006870470000D800002089
:106C900070B504460CB9012070BD4CF6CC4021689B
:106CA000086045F2555021680860D4E9001048603A
:106CB0002168A0688860FFF7E5FF05460BE0FFF755
:106CC000E1FF401B272806D92068C06800F00300B8
:106CD00008B10320E0E72068C06800F00300002846
:106CE000EDD14AF6AA20216808600020D4E7000010
:106CF000034800680349097808440149086070475F
:106D0000D8000020E000002010B50848006840F0DE
:106D1000100006490860032000F0A8F8002000F0E9
:106D200007F800F02BF8002010BD00000020024002
:106D300070B504460E4800784FF47A71B1FBF0F05C
:106D40000C490968B1FBF0F5284602F068F808B173
:106D5000012070BD102C07D200222146501E00F0E9
:106D600047F80548046001E00120F2E70020F0E761
:106D7000E0000020F4000020DC00002008B500BF87
:106D80001148806940F001000F4988610846806918
:106D900000F00100009000BF00BF00BF0846C069BE
:106DA00040F08050C8610846C06900F080500090F3
:106DB00000BF00BF00BF0549486820F0E06040F018
:106DC0000070486000BF08BD001002400000014094
:106DD00001460846002809DB00F01F0301229A4003
:106DE00043099B0003F1E023C3F8002100BF704773
:106DF0002DE9F05F80460D461646002709F022FC7B
:106E0000074639462A46334601F00700C0F1070A13
:106E1000BAF1040F02D94FF0040A01E0C0F1070AE9
:106E2000D14600F1040ABAF1070F02D24FF0000A6E
:106E300001E0A0F1030AD4464FF0010A0AFA09FA68
:106E4000AAF1010A0AEA020A0AFA0CFA4FF0010B47
:106E50000BFA0CFBABF1010B0BEA030B4AEA0B0438
:106E60002146404609F0F6FBBDE8F09F00BF00F068
:106E70000702064B19684FF6FF031940044B0B43FA
:106E800043EA0221014B196000BF70470CED00E09E
:106E90000000FA0570B505460C4604F08000802815
:106EA00008D104F0070000EB800605F1280000EB94
:106EB000C60105E004EB840605F5B47000EBC601DD
:106EC0001AB900200873CB8004E0012008730B81FD
:106ED000180C4881002070BD704770B504460D46FF
:106EE00005EB850304F1280101EBC3014A6929463A
:106EF000D4F8E80206F0EEFE70BD70B504460D460B
:106F000005EB850304F5B47101EBC3014A69294619
:106F1000D4F8E80206F05EFF70BD70B504460E4678
:106F200006F0800080280AD106F0070000EB8001FF
:106F300004F1280000EBC1050120687009E006F0AB
:106F4000070000EB800104F5B47000EBC1050020E0
:106F5000687006F00700287000BF94F8A8020128A6
:106F600001D1022070BD012084F8A80200BF29468B
:106F7000206807F0B7FD00BF002084F8A80200BF1A
:106F800000BFEFE770B504460E4606F00F006168DB
:106F9000884201D9012070BD06F0800080280AD106
:106FA00006F0070000EB800104F1280000EBC105AA
:106FB0000120687009E006F0070000EB800104F58D
:106FC000B47000EBC105002068700020A87006F0C6
:106FD0000700287000BF94F8A802012801D1022000
:106FE000D9E7012084F8A80200BF2946206807F0ED
:106FF000D5FE00BF002084F8A80200BF00BFCAE78A
:107000002DE9F04105460C46174607F4804000285C
:1070100050D02868B0F85010207801EBC000801CD8
:10702000296801F5806131F81000C0F30906A069F4
:10703000B04203D3A069801BA06101E00020A061E1
:10704000A069A8B900BF22785200296831F812104F
:107050004BF68F7201EA020080F4005040F40041C8
:1070600041F0800123785B002A6822F8131000BFEA
:1070700007F04000A8B100BF00BF22785200296885
:1070800031F8121048F68F7201EA020040F4004114
:1070900041F0C00123785B002A6822F8131000BF7A
:1070A00000BF002E55D0228961693346286808F058
:1070B000EBFC4EE02868B0F85010207801EBC000DF
:1070C000801D296801F5806131F81000C0F30906C0
:1070D000A069B04203D3A069801BA06101E0002039
:1070E000A061A069A8B900BF22785200296831F8D0
:1070F00012104BF68F7201EA020080F4005040F447
:10710000004141F0800123785B002A6822F81310C7
:1071100000BF07F04000A8B900BF00BF22785200AE
:10712000296831F8121048F68F7201EA020040F423
:10713000004141F0C00123785B002A6822F8131057
:1071400000BF00BF2EB1628961693346286808F02C
:107150009BFC3046BDE8F0812DE9F04705460C4622
:10716000904608F04000002871D02868B0F8501010
:10717000207801EBC000801C296801F5806131F89E
:107180001000C0F30907A069B84203D9A069C01B69
:10719000A06101E00020A061A06900287ED100BFAD
:1071A0006078C8B900BF29682A68B2F85020114435
:1071B0002278022303EBC20201F5806303EB420055
:1071C00000BF028848F2FF331A400280028842F46E
:1071D0000042028000BF13E06078012810D100BF98
:1071E00028682A68B2F8502010442278022303EB62
:1071F000C20200F5806303EB420100220A8000BF57
:1072000000BF00BF2968607810BB00BF2B68D5F8AD
:1072100000C0BCF850C0634494F800C04FF00609A9
:1072200009EBCC0C03F5806909EB4C0000BFB0F80A
:1072300000C048F2FF390CEA090CA0F800C0B0F811
:1072400000C04CF4004CA0F800C000BF11E0C0E04A
:10725000607801280DD12868B0F8500001442078EA
:10726000062303EBC00001F5806303EB400200201E
:10727000108000BF21782846FFF72FFE08F48040D9
:10728000002816D000BF00BF22785200296831F8CC
:10729000121048F68F7201EA020000E00AE040F4A2
:1072A000004141F4814123785B002A6822F81310E1
:1072B00000BFCAE108F48040A8B100BF00BF227837
:1072C0005200296831F8121048F68F7201EA020064
:1072D00040F4004141F4814223785B00296821F8A1
:1072E000132000BF00BF94F824000128E1D1606999
:1072F00038446061E0693844E0612169206A88426D
:1073000004D32669206A801B20620BE0206A20B922
:107310003E46002084F8240004E0002084F8240085
:10732000266A206200BF6078B8BB00BF2A6829685F
:10733000B1F850100A442178022303EBC10102F591
:10734000806303EB4101084600BF56B9038848F249
:10735000FF3C03EA0C030380038843F400430380EB
:1073600019E03E2E0BD800BF710806F0010303B1EF
:10737000491C4FF6FF7303EA812303800BE000BF33
:10738000710906F01F0303B9491E4FF4004343EA95
:107390008123038000BF00BF13E0FFE7607801286E
:1073A0000FD100BF28682A68B2F850201044227814
:1073B000022303EBC20200F5806303EB42010E805F
:1073C00000BF00BFB3B222896169286808F08BFB57
:1073D0003BE12868B0F85010207801EBC000801D18
:1073E000296801F5806131F81000C0F30907A06930
:1073F000B84203D3A069C01BA06101E00020A061D6
:10740000A06900287DD100BF6078C8B900BF296895
:107410002A68B2F8502011442278022303EBC202FA
:1074200001F5806303EB420000BF028848F2FF339E
:107430001A400280028842F40042028000BF13E03A
:107440006078012810D100BF28682A68B2F850205F
:1074500010442278022303EBC20200F5806303EBA1
:10746000420100220A8000BF00BF00BF2968607887
:1074700008BB00BF2B68D5F800C0BCF850C06344FF
:1074800094F800C04FF0060909EBCC0C03F58069B5
:1074900009EB4C0000BFB0F800C048F2FF390CEA1D
:1074A000090CA0F800C0B0F800C04CF4004CA0F8E3
:1074B00000C000BF10E0607801280DD12868B0F846
:1074C000500001442078062303EBC00001F58063DF
:1074D00003EB40020020108000BF21782846FFF710
:1074E000FCFC08F48040002816D100BF00BF2278C1
:1074F0005200296831F8121048F68F7201EA020032
:1075000000E00AE040F4004141F4814123785B004F
:107510002A6822F8131000BF97E008F48040A8B949
:1075200000BF00BF22785200296831F8121048F6D7
:107530008F7201EA020040F4004141F48141237856
:107540005B002A6822F8131000BF00BF94F82400E3
:1075500001287AD1606938446061E0693844E061AB
:107560002169206A884204D32669206A801B206230
:107570000BE0206A20B93E46002084F8240004E095
:10758000266A0020206284F8240000BF2A68607800
:1075900090BB00BFD5F800C02968B1F850108C44EA
:1075A00021784FF0060909EBC1010CF5806909EB60
:1075B0004101084600BF76B9B0F8009048F2FF3AA2
:1075C00009EA0A09A0F80090B0F8009049F40049CF
:1075D000A0F8009020E03E2E0FD800BF710806F002
:1075E0000109B9F1000F00D0491C4FF6FF7909EAF3
:1075F0008129A0F800900FE010E000BF710906F0AB
:107600001F09B9F1000F00D1491E4FF4004949EAA2
:107610008129A0F8009000BF00BF0FE0607801282A
:107620000CD12868B0F8500002442078062101EB04
:10763000C00002F5806101EB40031E8000BFB3B2C1
:1076400062896169286808F04EFA00BF227852000A
:10765000296831F8121048F6BF7201EA020080F082
:10766000100080F0200040F4004141F080012378B8
:107670005B002A6822F8131000BF0020BDE8F087E5
:10768000024601F0070000EB800302F5B47000EB46
:10769000C300C06970472DE9F04705460E46904685
:1076A0001F464FF0000906F0800080280AD106F03E
:1076B000070000EB800105F1280000EBC104012068
:1076C000607009E006F0070000EB800105F5B4707A
:1076D00000EBC1040020607006F007002070C4F8C1
:1076E0001080E770607808B12078E081022F01D126
:1076F0000020207100BF95F8A802012802D10220C5
:10770000BDE8F087012085F8A80200BF214628685F
:1077100006F0BEFF00BF002085F8A80200BF484663
:10772000EEE72DE9F04105460E461746984606F06D
:10773000070000EB800105F5B47000EBC104676140
:10774000C4F818800020E061607006F00700207027
:1077500006F0070020B92146286807F0BAFB03E0CD
:107760002146286807F0B5FB0020BDE8F08170B520
:1077700004460D4605F007006168884201D90120E2
:1077800070BD05F0800080280AD105F0070000EBED
:10779000800104F1280000EBC1060120707007E0B1
:1077A00005EB850104F5B47000EBC1060020707094
:1077B0000120B07005F00700307000BF94F8A802F7
:1077C000012801D10220DBE7012084F8A80200BFD4
:1077D0003146206807F04FFB05F0070020B904F59B
:1077E0002C71206807F0D7FA00BF002084F8A802A7
:1077F00000BF00BFC4E72DE9F04105460E469046A4
:107800001F4606F0070000EB800105F1280000EBA1
:10781000C104C4F81480A761012084F82400276201
:107820000020E0610120607006F00700207006F083
:10783000070020B92146286807F04BFB03E02146EA
:10784000286807F046FB0020BDE8F0817FB50446BC
:10785000206808F015F900F40040B0F5004F02D19F
:10786000204604F0C9F8206808F00AF900F48060A6
:10787000B0F5806F0FD12068B0F844004FF6FF31AB
:1078800008402168A1F84400204600F09FF900213B
:10789000204600F0BBF9206808F0F2F800F48040C0
:1078A000B0F5804F08D12068B0F844004BF6FF7166
:1078B00008402168A1F84400206808F0E1F800F4CD
:1078C0000050B0F5005F08D12068B0F844004DF6D4
:1078D000FF7108402168A1F84400206808F0D0F842
:1078E00000F48050B0F5805F1DD12068B0F84000F2
:1078F0004FF6FB7108402168A1F840002068B0F8FD
:1079000040004FF6F77108402168A1F8400020467A
:1079100000F06EF92068B0F844004EF6FF710840A0
:107920002168A1F84400206808F0AAF800F400607B
:10793000B0F5006F55D1002507E06900206830F8E8
:1079400011002DF81500681CC5B2082DF5D320686C
:10795000B0F8400040F001002168A1F84000206824
:10796000B0F840004FF6FE7108402168A1F84000D1
:1079700000BF2068B0F8440000F480600028F8D010
:107980002068B0F844004FF6FF3108402168A1F8A4
:107990004400002507E03DF815006A00216821F841
:1079A0001200681CC5B2082DF5D32068B0F840005D
:1079B00040F008002168A1F840002068B0F84400B9
:1079C0004FF2FF7108402168A1F844002068B0F828
:1079D000400040F004002168A1F84000204600F07B
:1079E00057F9206808F04CF800F40070B0F5007FFB
:1079F0000BD12068B0F844004FF6FF5108402168D1
:107A0000A1F84400204600F0FAF8206808F038F8A1
:107A100000F48070B0F5807F08D12068B0F8440091
:107A20004FF6FF6108402168A1F844007FBD30B5E2
:107A300085B0044614B9012005B030BD94F8A90200
:107A400028B9002084F8A802204600F09DF8032001
:107A500084F8A902206807F094F9142204F11001B7
:107A60006846FDF76FFF94E80F0007F037F820B184
:107A7000022084F8A9020120DEE70021206808F036
:107A800028F8002531E0012105EB850204F12800EA
:107A900000EBC200417005EB850104F1280000F8FD
:107AA000315005EB850100EBC100C581002105EBDC
:107AB000850204F1280000EBC200C17005EB8502CD
:107AC00004F1280000EBC200016105EB850204F11E
:107AD000280000EBC200416105EB850204F128009B
:107AE00000EBC2008161681CC5B26068A842CAD8B8
:107AF00000252AE0002105EB850204F5B47000EBB7
:107B0000C200417005EB850104F5B47000F83150F6
:107B1000002105EB850200EBC200C17005EB850278
:107B200004F5B47000EBC200016105EB850204F5B9
:107B3000B47000EBC200416105EB850204F5B4703E
:107B400000EBC2008161681CC5B26068A842D1D850
:107B5000142204F110016846FDF7F4FE94E80F00CA
:107B600007F004F920B1022084F8A902012063E79C
:107B7000002084F82400012084F8A902206807F07E
:107B8000F2F8002058E7000038B504460D49206897
:107B9000884215D100BF0C48C06940F400000A4972
:107BA000C8610846C06900F40000009000BF00BF33
:107BB000002211461420FFF71BF91420FFF708F9E3
:107BC00038BD0000005C00400010024070B5044663
:107BD0000125A068022801D0FEF740F82946D4F814
:107BE000E80206F02BFAD4F8E80206F0DDF970BDE1
:107BF00010B50446D4F8E80206F004FA10BD10B53A
:107C00000446D4F8E80206F008FA10BD70B5044640
:107C10000D4600BF94F8A802012801D1022070BDD2
:107C2000012084F8A80200BF84F824502946206867
:107C300007F052FF00BF002084F8A80200BF00BF79
:107C4000EDE710B5044604F52C71D4F8E80206F00F
:107C50000CFA10BD10B5044600BF94F8A802012824
:107C600001D1022010BD012084F8A80200BF2068C5
:107C700007F0F4FE01212046FFF72EF9206807F0F7
:107C80006FF800BF002084F8A80200BF00BFE9E73A
:107C900010B50446D4F8E80206F040FAA06928B10D
:107CA0000348006840F006000149086010BD00006C
:107CB00010ED00E0012001490862704700000E420B
:107CC0002DE9F04385B006463BA30FCB01AC0FC4B2
:107CD0003DA0006800904FF0000800250027002418
:107CE000A146012E30D0022E55D0102E5ED137483D
:107CF0004468006800F0807000B301A8C4F38341B9
:107D0000475C04F4803070B130484068C0F34040B4
:107D10001DF8008004F4803040B12D48B0FBF8F02D
:107D200000FB07F502E02B4807FB00F527484068F9
:107D300000F48000B0F5800F01D1A94603E068008F
:107D40000321B0FBF1F932E02048046A04F44070EA
:107D5000B0F5807F05D104F0020010B14FF4004966
:107D600018E004F44070B0F5007F07D11748406A6E
:107D700000F0020010B149F640490BE004F44070F5
:107D8000B0F5407F06D11148006800F4003008B11A
:107D90004FF224490BE000F09BF90C494968C1F30C
:107DA0008131491C4900B0FBF1F900E000BF00BF80
:107DB000484605B0BDE8F08302030405060708093C
:107DC0000A0B0C0D0E0F10100102000000100240F3
:107DD00000127A0000093D00F8B50446002600258F
:107DE000207800F0010000286BD000274348C069CC
:107DF00000F0805070B900BF4048C06940F080502A
:107E00003E49C8610846C06900F08050009000BF3C
:107E100000BF01273A48006800F48070B0B93848C4
:107E2000006840F4807036490860FEF72BFF064674
:107E300006E0FEF727FF801B642801D90320F8BD68
:107E40002F48006800F480700028F2D02B48006AA8
:107E500000F440752DB3A08800F44070A84220D0F3
:107E60002648006A20F44075012026490860002059
:107E700008602248056205F0010090B1FEF702FF9C
:107E8000064608E0FEF7FEFE801B41F2883188427C
:107E900001D90320D3E71948006A00F00200002846
:107EA000F0D01648006A20F4407061680843134916
:107EB0000862012F04D10846C06920F08050C861D3
:107EC00000BF207800F00200022807D10B4840686C
:107ED00020F44040A168084308494860207800F039
:107EE0001000102807D10548406820F48000E168A0
:107EF0000843024948600020A1E70000001002404A
:107F000000700040400442427047000070B50446D3
:107F10000D460CB9012070BD5A48006800F00700FA
:107F2000A8420ED25748006820F007002843554960
:107F300008600846006800F00700A84201D0012050
:107F4000E9E7207800F0020002281DD1207800F037
:107F50000400042805D14C48406840F4E0604A49D8
:107F60004860207800F00800082805D1464840689D
:107F700040F46050444948604348406820F0F000B5
:107F8000A168084340494860207800F0010078B3B8
:107F90006068012806D13C48006800F4003090B9C0
:107FA0000120B8E76068022806D13748006800F071
:107FB000007040B90120AEE73348006800F00200CD
:107FC00008B90120A7E73048406820F00300616845
:107FD00008432D494860FEF755FE064609E0FEF7C6
:107FE00051FE801B41F28831884202D9032092E77A
:107FF00007E02548406800F00C006168B0EB810F95
:10800000EDD12048006800F00700A8420ED91D48B5
:10801000006820F0070028431A49086008460068F5
:1080200000F00700A84201D0012074E7207800F09A
:108030000400042807D11448406820F4E060E16897
:10804000084311494860207800F00800082808D14A
:108050000D48406820F46050216940EAC1000A4997
:10806000486000F045F808494968C1F30311074A20
:10807000515CC8400649086006480068FEF758FE93
:10808000002048E70020024000100240E8190108E3
:10809000F4000020DC00002001200149C864704782
:1080A000000042420148006870470000F4000020D0
:1080B00000B5FFF7F7FF04494968C1F30221034AFD
:1080C000515CC84000BD000000100240F8190108D2
:1080D00000B5FFF7E7FF04494968C1F3C221034A2D
:1080E000515CC84000BD000000100240F8190108B2
:1080F000F0B585B00FF26C0C9CE8E01001A8A0E888
:10810000E0101CA52D68009500210022002300240A
:108110000020194D696801F00C05F5B1042D02D05D
:10812000082D19D101E0154819E001ADC1F38346CE
:10813000AC5D01F4803555B10F4D6D68C5F3404518
:108140001DF805200D4D6543B5FBF2F302E00C4D23
:1081500004FB05F3184602E000BF084800BF00BF5B
:1081600005B0F0BD02030405060708090A0B0C0D53
:108170000E0F1010010200000010024000127A00E1
:1081800000093D0010B50648806800F08000802896
:1081900004D1FFF7B9FE80200149887210BD0000AC
:1081A00000100240F8B504460CB90120F8BD207853
:1081B00000F00100002878D0F848406800F00C007A
:1081C00004280CD0F548406800F00C00082811D1B4
:1081D000F248406800F48030B0F5803F0AD1EF48A3
:1081E000006800F4003000285FD0606800285CD18F
:1081F0000120DBE700BF6068B0F5803F06D1E748AB
:10820000006840F48030E549086028E0606858B9AB
:10821000E248006820F48030E049086008460068C1
:1082200020F4802008601AE06068B0F5A02F0BD120
:10823000DA48006840F48020D849086008460068A1
:1082400040F4803008600AE0D448006820F48030B0
:10825000D24908600846006820F48020086000BF0A
:10826000606888B1FEF70EFD054606E0FEF70AFDE0
:10827000401B642801D9032098E7C848006800F42F
:1082800000300028F2D010E0FEF7FCFC054606E0C6
:10829000FEF7F8FC401B642801D9032086E7BF489D
:1082A000006800F400300028F2D1207800F00200CD
:1082B000022857D1B948406800F00C0050B1B748C7
:1082C000406800F00C00082818D1B448406800F459
:1082D000803098B9B148006800F0020020B12069F0
:1082E000012801D0012061E7AC48006820F0F800C7
:1082F000616940EAC100A949086033E02069E8B13A
:108300000120A7490860FEF7BDFC054606E0FEF720
:10831000B9FC401B022801D9032047E79F480068A9
:1083200000F002000028F2D09C48006820F0F8001D
:10833000616940EAC1009949086013E0002098494A
:108340000860FEF79FFC054606E0FEF79BFC401B1D
:10835000022801D9032029E79048006800F00200B4
:108360000028F2D1207800F0080008282DD1A0695B
:10837000B8B101208B490860FEF784FC054606E091
:10838000FEF780FC401B022801D903200EE783483A
:10839000406A00F002000028F2D0012003F0FCFF48
:1083A00013E000207F490860FEF76CFC054606E0FC
:1083B000FEF768FC401B022801D90320F6E6774847
:1083C000406A00F002000028F2D1207800F004009A
:1083D000042873D100277148C06900F0805070B93B
:1083E00000BF6E48C06940F080506C49C8610846C3
:1083F000C06900F08050009000BF00BF01276A48AC
:10840000006800F48070B0B96748006840F480707C
:1084100065490860FEF736FC054606E0FEF732FCCB
:10842000401B642801D90320C0E65F48006800F4BF
:1084300080700028F2D000BFE068012806D15748BC
:10844000006A40F001005549086227E0E06858B929
:108450005248006A20F00100504908620846006A4C
:1084600020F00400086219E0E06805280BD14B48B1
:10847000006A40F00400494908620846006A40F07A
:10848000010008620AE04548006A20F00100434903
:1084900008620846006A20F00400086200BFE06835
:1084A000A0B1FEF7EFFB054609E0FEF7EBFB401B32
:1084B00041F28831884202D9032077E622E037482A
:1084C000006A00F002000028EFD012E0FEF7DAFBAD
:1084D000054608E0FEF7D6FB401B41F28831884292
:1084E00001D9032062E62D48006A00F0020000284E
:1084F000F0D1012F05D12948C06920F080502749CB
:10850000C86100BFE069C8B32448406800F00C00AF
:10851000082860D0E069022848D100202049086678
:10852000FEF7B0FB054606E0FEF7ACFB401B022859
:1085300001D903203AE61948006800F000700028CD
:10854000F2D1206AB0F5803F07D11448406820F48A
:108550000030A168084311494860D4E90801084384
:108560000E49496821F4741108430C494860012000
:108570000B490866FEF786FB054607E03DE0FEF77F
:1085800081FB401B022801D903200FE60348006845
:1085900000F000700028F2D02FE000000010024030
:1085A0000000424280044242007000400020144912
:1085B0000866FEF767FB054606E0FEF763FB401B17
:1085C000022801D90320F1E50E48006800F0007090
:1085D0000028F2D111E0E069012800D1E6E5094860
:1085E000466806F48031206A814204D106F4701195
:1085F000606A814201D00120D8E50020D6E5000064
:1086000000004242001002402DE9F04780460E462D
:108610009246002500270024A146404603F015FF9E
:1086200081462548B9FBF0F424480068A04240D0B8
:108630002248046040F2B2750EE0284608F010FAB5
:10864000012806D1B4F5B77F02D3A4F5B77402E0D0
:1086500005E0A4F26D146D1CB4F5B67FEDD800BF33
:108660002F46A5F5FA60F070002515E0012D09D11F
:10867000384608F0F5F9012804D11D2C01D31D3C22
:1086800009E00BE00E48405DA04203D80C48405D75
:10869000241A00E002E06D1C1C2CE7D200BF681C0D
:1086A0007070601CB070B2787178F07803F0E7FEFB
:1086B00030700020BDE8F08780510100F0000020FC
:1086C000DC1901082DE9F04707460C4691460026C3
:1086D000B046002538684068C0F3800010B1012022
:1086E000BDE8F087384603F0B0FE06464FF46160FF
:1086F000B6FBF0F5B6FBF0F100FB11603C21B0FBDE
:10870000F1F060704FF46160B6FBF0F100FB1160B6
:108710003C21B0FBF1F201FB1200A0701820B5FB68
:10872000F0F100FB11502070182D08D31820B5FB74
:10873000F0F8B5FBF0F100FB1150207000E025705F
:108740000020CDE770B5044600250CB9012070BDAE
:10875000607C20B900202074204600F05BF80220E5
:108760006074204600F085F918B10420607401207F
:10877000EDE7204603F02FFE18B1042060740120BD
:10878000E5E72068406820F0070021684860A0689D
:1087900028B11F48006820F001001D4908601C48EE
:1087A000001F006820F46070A16808431849091F81
:1087B00008606068401C08B1656809E00120FFF7A7
:1087C0007FFA05461DB9042060740120BFE76D1EC5
:1087D0002068806820F00F0040EA1540216888601A
:1087E0002068C06865F30F002168C860204603F068
:1087F0000FFE18B1042060740120A8E70021E17386
:1088000001216173A1730120607400209FE70000C3
:10881000306C004038B504460B492068884212D1BC
:10882000FFF748FA00BF0948C06940F000600749F7
:10883000C8610846C06900F00060009000BF00BF3A
:1088400001200349086038BD0028004000100240A4
:108850003C0442422DE9F04F87B006460F464FF0E8
:1088600000090020069080460024059004900390A3
:10887000824600BF48A207CA8DE80700304603F0D1
:10888000E4FD81464FF46160B9FBF0F006904FF4CF
:108890006160B9FBF0F100FB11903C21B0FBF1F0FD
:1088A000C0B204904FF46160B9FBF0F100FB11908D
:1088B0003C21B0FBF1F201FB120003901821069855
:1088C000B0FBF1F201FB12000590F87800F5FA68B0
:1088D00040F63300804500D9804640F2B2708045B2
:1088E00000D2804640F2B2750AE0284608F0B8F897
:1088F000012802D12B48044401E02B4804446D1C9C
:108900004545F2D397F801A0404608F0A9F80128A0
:1089100004D1BAF1020F01D924480444AAF1010A92
:10892000002507E01DF8050040F2A321484304EBB1
:10893000C0146D1C5545F5D397F802B0ABF101009A
:1089400040F2A321484304EBC0140598C0EB40114A
:10895000C1EB002004EB00140498C0EB001004EB02
:1089600080040398044400BF307C012803D1022016
:1089700007B0BDE8F08F0120307400BF0220707492
:108980002146304603F0BDFD0120707400BF002079
:10899000307400BF00BFEBE71F1C1F1E1F1E1F1FF0
:1089A0001E1F1E1F0085E2018033E101805101007E
:1089B0002DE9F05F04460D46904600260027B1469B
:1089C000B246204603F041FD07464FF46160B7FB15
:1089D000F0F9B9F1180F0AD31820B9FBF0FA0AEB35
:1089E0004A00C0004FF4616100FB01F700E000277E
:1089F00000BF207C012802D10220BDE8F09F0120A9
:108A0000207400BF02206074B8F1000F0BD12878E9
:108A10004FF4616148436978C1EB011100EB8100BB
:108A2000A978461812E0287803F0CAFC4FF4616177
:108A300000FB01FB687803F0C3FCC0EB00100BEBFC
:108A4000800BA87803F0BCFC0BEB00063E443146DB
:108A5000204603F056FD2068406820F0050021689C
:108A600048600120607400BF0020207400BF00BF78
:108A7000C3E770B5044600250CB9012070BD20681D
:108A8000406820F0080021684860FEF7FBF80546C2
:108A900007E0FEF7F7F8401BB0F57A7F01D9032015
:108AA000ECE72068406800F008000028F1D00020C2
:108AB000E4E710B504460CB9012010BD606A38B96E
:108AC0006068B0F5827F00D105E00021E16102E03D
:108AD0000021216161610021A16294F8510028B94F
:108AE000002084F85000204600F042F8022084F86C
:108AF00051002068006820F0400021680860A088CC
:108B000000F48270218901F404410843A18901F431
:108B100000610843217C01F002010843217D01F03E
:108B200001010843218B01F400710843217F01F00A
:108B3000380108432021095D01F080010843218D9F
:108B400001F400510843216808600421A06901EA8A
:108B50001040216848602068C06920F400602168E6
:108B6000C86100206065012084F851000020A4E75E
:108B700010B586B004460020029003900490059042
:108B80001949206888422DD100BF1848806940F4F7
:108B90008050164988610846806900F48050019031
:108BA00000BF00BF00BF0846806940F00400886134
:108BB0000846806900F00400019000BF00BFA020BB
:108BC0000290022003900320059002A90848FDF7B7
:108BD000BBFE4020029000200390049002A90448AC
:108BE000FDF7B2FE06B010BD00300140001002409B
:108BF000000801402DE9FF5F0446884691461D4666
:108C00000E9E012002900020019000BF94F85000B9
:108C1000012803D1022004B0BDE8F09F012084F8B0
:108C2000500000BFFEF72EF8074694F851B0606878
:108C30000390AA46BBF1010F0BD00398B0F5827FD9
:108C400004D1A06810B9BBF1040F02D0022001903A
:108C5000DBE0B8F1000F03D0B9F1000F00D015B977
:108C600001200190D1E094F85100042802D00520A1
:108C700084F8510000206065C4F83890E587A58726
:108C8000C4F83080E586A5862064606420680068AA
:108C900000F04000402805D02068006840F0400007
:108CA00021680860E068B0F5006F4AD1606810B1D3
:108CB000BAF1010F09D1206B00882168C860206BD0
:108CC000801C2063E08E401EE08633E020688068D0
:108CD00000F00200022810D1E08E70B10298012845
:108CE0000BD1206B00882168C860206B801C20633A
:108CF000E08E401EE086002002902068806800F030
:108D0000010068B1E08F58B12068C068A16B08808D
:108D1000A06B801CA063E08F401EE08701200290C2
:108D2000FDF7B0FFC01BB04204D3701C10B103208C
:108D300001906AE0E08E0028C8D1E08F0028C5D1FC
:108D40004AE0606810B1BAF1010F09D1206B0078D8
:108D500021680873206B401C2063E08E401EE08673
:108D600034E02068806800F00200022810D1E08E14
:108D700070B1029801280BD1206B0078216808732C
:108D8000206B401C2063E08E401EE0860020029095
:108D90002068806800F0010068B1E08F58B1206859
:108DA000C068A16B0870A06B401CA063E08F401EE0
:108DB000E08701200290FDF765FFC01BB04201D3A0
:108DC000701C00B916B9032001901EE0E08E002847
:108DD000C7D1E08F0028C4D13A463146204603F07F
:108DE00085FE20B101200190202060650DE0A06883
:108DF00050B900BF002000902068C0680090206833
:108E00008068009000BF00BF00BF012084F85100BF
:108E100000BF002084F8500000BF0198FBE670B549
:108E200004462546681EB0F1807F01D301200FE083
:108E3000681E4FF0E02148610F214FF0FF3007F02E
:108E400009FC00204FF0E021886107200861002024
:108E500070BD70477047000030B502460B4600BF3A
:108E600092F83C00012801D1022030BD012082F897
:108E70003C0000BF022082F83D0010684468106882
:108E8000816824F070041868044310684460104D31
:108E90001068A8420BD01068B0F1804F07D00D4D7C
:108EA0001068A84203D00C4D1068A84205D121F0EB
:108EB00080015868014310688160012082F83D00FC
:108EC00000BF002082F83C0000BF00BFCDE70000DB
:108ED000002C0140000400400008004010B504468A
:108EE0000CB9012010BD94F83D0028B9002084F889
:108EF0003C00204600F026F8022084F83D00211DA9
:108F0000206803F0EFFF012084F8460000BF84F8DA
:108F10003E0001213F2001554020015541200155CF
:108F200000BF00BF012084F84200432001554420C7
:108F300001554520015500BF012084F83D00002067
:108F4000D0E7000038B504460D492068884215D1A5
:108F500000BF0C48C06940F002000A49C8610846D9
:108F6000C06900F00200009000BF00BF002211465F
:108F70001D20FDF73DFF1D20FDF72AFF38BD000035
:108F80000004004000100240014691F83D00012815
:108F900001D001207047022081F83D00124B086883
:108FA00098420BD00868B0F1804F07D00F4B08688B
:108FB000984203D00E4B086898420CD1086880682C
:108FC00000F00702062A0CD00868006840F0010093
:108FD0000B68186005E00868006840F001000B6845
:108FE00018600020D6E70000002C0140000400407B
:108FF000000800402DE9F04104460D4600BF94F8FA
:109000003C00012802D10220BDE8F081012084F853
:109010003C0000BF022084F83D002068866826F0EE
:10902000770626F47F46206886602868502833D06B
:109030000CDC202850D004DC00284BD0102851D163
:1090400049E0302849D040284CD139E060282DD063
:10905000702807D0B0F5805F03D0B0F5005F41D134
:109060000DE040E0D5E902136A68206803F074FF60
:109070002068866846F077062068866033E0D5E988
:1090800002136A68206803F067FF2068806840F474
:1090900080402168886026E0EA686968206803F0FB
:1090A0006FFF5021206803F062FF1CE0EA686968E6
:1090B000206803F078FF6021206803F058FF12E079
:1090C000EA686968206803F05BFF4021206803F0CC
:1090D0004EFF08E000BF00BF00BF2968206803F012
:1090E00046FF00E000BF00BF012084F83D0000BF44
:1090F000002084F83C0000BF00BF85E7704710B532
:10910000044620680069C0F34000D8B12068C068F8
:10911000C0F34000B0B16FF0020021680861012087
:1091200020772068806900F0030018B12046FFF71F
:10913000E5FF05E0204600F0ADF8204600F0ABF872
:109140000020207720680069C0F38000D8B1206833
:10915000C068C0F38000B0B16FF0040021680861FE
:10916000022020772068806900F4407018B1204602
:10917000FFF7C4FF05E0204600F08CF8204600F021
:109180008AF80020207720680069C0F3C000D8B1B9
:109190002068C068C0F3C000B0B16FF0080021685B
:1091A0000861042020772068C06900F0030018B12E
:1091B0002046FFF7A3FF05E0204600F06BF82046AD
:1091C00000F069F80020207720680069C0F30010E3
:1091D000D8B12068C068C0F30010B0B16FF01000C3
:1091E00021680861082020772068C06900F4407079
:1091F00018B12046FFF782FF05E0204600F04AF84C
:10920000204600F048F8002020772068006900F030
:10921000010058B12068C06800F0010030B16FF063
:10922000010021680861204600F036F820680069D6
:10923000C0F3C01058B12068C068C0F3C01030B18E
:109240006FF08000216808612046FFF702FE206869
:109250000069C0F3801058B12068C068C0F3801066
:1092600030B16FF0400021680861204600F020F81E
:1092700020680069C0F3401058B12068C068C0F38E
:10928000401030B16FF02000216808612046FFF7E0
:10929000E1FD10BD7047704710B5044603492068D2
:1092A000884201D103F0C2FC10BD00000004004060
:1092B00070477047704700002DE9F84F044620685A
:1092C00005682068C668206847694FF00009CA46EB
:1092D00005F00F09B9F1000F0AD105F0200038B1EF
:1092E00006F0200020B1204603F0A6FEBDE8F88F6E
:1092F000B9F1000F71D007F0010018B906F49070B1
:1093000000286AD005F0010030B106F4807018B171
:10931000206C40F00100206405F0040030B107F03B
:10932000010018B1206C40F00200206405F002003A
:1093300030B107F0010018B1206C40F00400206447
:1093400005F0080048B106F0200010B907F0010050
:1093500018B1206C40F008002064206C68B305F060
:10936000200028B106F0200010B1204603F064FE72
:1093700020684069C0F3801A206C00F0080010B922
:10938000BAF1000F22D0204603F02BFE206840697E
:1093900000F04000B0B12068406920F04000216832
:1093A0004861A06B50B15648A16B4863A06BFDF7B4
:1093B0008DF910B1A06B416B88470CE02046FFF798
:1093C00079FF08E02046FFF775FF04E02046FFF72D
:1093D00071FF0020206489E7FFE7206B012878D126
:1093E00005F01000002874D006F01000002870D09E
:1093F00000BF00200090206800680090206840684E
:10940000009000BF00BF2068406900F04000C0B37A
:10941000A06B006840681FFA80F8B8F1000F2FD0E9
:10942000A08D40452CDDA4F82E80A06B80692028FB
:109430001FD02068C06820F480702168C860206850
:10944000406920F00100216848612068406920F0EF
:10945000400021684861202084F83E0000202063FD
:109460002068C06820F010002168C860A06BFDF77C
:1094700001F9A08DE28D801A81B22046FFF719FF15
:1094800034E7FFE7A08DE18D401A1FFA80F8E08DE8
:10949000E8B1B8F1000F1AD02068C06820F49070CD
:1094A0002168C8602068406920F001002168486197
:1094B000202084F83E00002020632068C06820F04F
:1094C00010002168C86041462046FFF7F2FE0DE714
:1094D000FFE705F0800030B106F0800018B12046AB
:1094E00003F09AFE02E705F0400030B106F04000BC
:1094F00018B1204603F090FDF8E600BFF6E6000044
:10950000CFCF000810B504460CB9012010BDA069EA
:1095100000B100E000BF94F83D0028B9002084F8B5
:109520003C00204600F028F8242084F83D00206804
:10953000C06820F400502168C860204603F0EEFDAA
:109540002068006920F49040216808612068406923
:1095500020F02A00216848612068C06840F400506B
:109560002168C86000202064202084F83D0084F831
:109570003E000020CAE7000010B586B00446002077
:1095800002900390049005905D49206888423FD185
:1095900000BF5C48806940F480405A4988610846B1
:1095A000806900F48040019000BF00BF00BF084602
:1095B000806940F0080088610846806900F0080072
:1095C000019000BF00BF40200290022003900320C2
:1095D000059002A94C48FDF7B7F9802002900020C1
:1095E0000390049002A94848FDF7AEF900BF47492F
:1095F000486840F0E06040F00400486000BF00228E
:1096000011462520FDF7F4FB2520FDF7E1FB75E071
:109610003F492068884236D100BF3A48C06940F4CB
:1096200000303849C8610846C06900F40030019034
:1096300000BF00BF00BF0846806940F00400886199
:109640000846806900F00400019000BF00BF0420BC
:109650000290022003900320059002A92D48FDF7F7
:1096600073F90820029000200390049002A9294871
:10967000FDF76AF9002211462620FDF7B9FB2620E6
:10968000FDF7A6FB3AE024492068884236D100BFA6
:109690001C48C06940F480201A49C8610846C06966
:1096A00000F48020019000BF00BF00BF0846806921
:1096B00040F0080088610846806900F008000190C9
:1096C00000BF00BF08150290022003900320059000
:1096D00002A90D48FDF738F94FF400600290002010
:1096E0000390049002A90848FDF72EF900221146C4
:1096F0002720FDF77DFB2720FDF76AFB06B010BD94
:109700000038014000100240000C01400000014000
:1097100000440040000801400048004070472DE927
:10972000F84F04460E46174699464FF0000A94F843
:109730003D0020285AD106B117B90120BDE8F88FA5
:1097400000BF94F83C00012801D10220F6E7012077
:1097500084F83C0000BF00202064212084F83D00F4
:10976000FDF790FA8246A784E784A068B0F5805F91
:1097700004D1206910B90025B04602E035464FF00B
:10978000000800BF002084F83C0000BF1BE05346E7
:10979000002280212046CDF8009003F06DFD08B135
:1097A0000320CBE745B9B8F80000C0F308002168F2
:1097B000486008F1020803E02878216848606D1CC1
:1097C000E08C401EE084E08C0028E0D1534600226B
:1097D00040212046CDF8009003F04EFD08B1032053
:1097E000ACE7202084F83D000020A7E70220A5E791
:1097F0007047000006E004A007F0DAFEFE210A2010
:1098000007F05EFAF7E700007B2252656369766530
:10981000223A7B22537461747573223A37307D7D0E
:109820000A00000030B59DB004460D46702228495C
:1098300001A8FCF787F8332D37D006DC102D0BD0AC
:10984000122D3AD0142D40D117E0352D1DD0372DD3
:109850000BD0392D39D120E0A006010E1D4B01AAF5
:10986000602000F016FF1DB030BDA006010E194BA0
:1098700005AA612000F00DFFF5E7A006010E154BCB
:1098800009AA602000F005FFEDE7A006010E114BCC
:109890000DAA612000F0FDFEE5E7A006010E0D4BCC
:1098A00011AA612000F0F5FEDDE7A006010E094BCC
:1098B00015AA612000F0EDFED5E7A006010E054BCC
:1098C00019AA602000F0E5FECDE70120CBE70000FB
:1098D000001A01081820002070B504460D462946DC
:1098E000204600F057FF70BD7FB506460C4669461E
:1098F000304600F04FFF10B1012004B070BD0025CC
:109900000BE01DF8051005F108001DF8000081426C
:1099100001D00120F1E7681CC5B2042DF1DB002560
:109920000CE0281D1DF800001DF8051081F0FF0156
:10993000884201D00120E0E7681CC5B2042DF0DBAD
:109940009DF80C0050B99DF80D00FF2806D19DF838
:109950000E0018B99DF80F00FF2801D00120CCE7B8
:109960009DF8030020602068000220609DF802102E
:109970002068084420602068000220609DF80110E3
:109980002068084420602068000220609DF80010D4
:109990002068084420600020AFE7000070B505464D
:1099A0000026002404E000200E490855601CC4B2C3
:1099B0000A2CF8DB0B4800F0A3FE08B14E2070BD66
:1099C000084800F020FF08B94E20F8E7002404E022
:1099D0000448005D2855601CC4B2042CF8DB00204C
:1099E000EDE700001820002070B504460D4629461A
:1099F000204600F0C6FF70BD30B585B005460C4668
:109A00002CA000680490E0B28DF81000200A8DF8B8
:109A10001100200C8DF81200200E8DF813009DF817
:109A200010008DF800009DF811008DF801009DF8E0
:109A300012008DF802009DF813008DF803009DF8C8
:109A4000100080F0FF008DF804009DF8110080F0F8
:109A5000FF008DF805009DF8120080F0FF008DF8E2
:109A600006009DF8130080F0FF008DF807009DF8B8
:109A700010008DF808009DF811008DF809009DF880
:109A800012008DF80A009DF813008DF80B000020DD
:109A90008DF80C00FF208DF80D0000208DF80E00D1
:109AA000FF208DF80F006946284600F06AFF05B0D8
:109AB00030BD0000010000002DE9F34FDBB081460E
:109AC000C82400205A90569080464C90489041906F
:109AD00040903F903E903D90002509904AF6AA2084
:109AE000F94909680860F948007801280BD1F8495C
:109AF0000D70280A4870280C8870280EC870AB209A
:109B00000871CD2048714AF6AA20EF49096808601B
:109B1000B9F1000F06DAEF48814503D001205DB0AE
:109B2000BDE8F08FEB48814501D14FF00009EA48CC
:109B30000078012801D1E9484290CDF8F490FDF772
:109B4000A1F84390002490E1E5480078632804D10F
:109B5000E4A007F02DFD0020E1E7FDF793F843991D
:109B6000401A44F62061884204D90124EAA007F093
:109B70001FFD7BE14AF6AA20D3490968086057A86F
:109B8000FFF70CFF20B157A8FFF708FF00B16CE109
:109B90004AF6AA20CC490968086010210020FFF786
:109BA00041FE00B161E14DA90120FFF795FE00B132
:109BB0005BE19DF83A01AB2800D056E19DF83401F5
:109BC00046909DF83501469901EB002046909DF89E
:109BD00036619DF8370106EB00269DF8380106EB4B
:109BE00000469DF8390106EB0066469800F40040F7
:109BF000B0F5004F0BD14698C0F30E00469046F6E4
:109C000029214698484046904BF2A62046404AF605
:109C1000AA20AD490968086046B1092E06D8C3A03C
:109C200007F0C6FC0120C749086078E70B2E08D36F
:109C3000312E06D8BDA007F0BBFC0120C149086049
:109C40006DE741F6D631469888420ED143F2BD40C9
:109C500086420AD343F2ED40864206D8B3A007F00D
:109C6000A7FC0120B749086059E737210520FFF715
:109C7000D9FD70B157A8FFF791FE20B157A8FFF7A3
:109C80008DFE00B1F1E037210520FFF7CBFD00B1DB
:109C9000EBE04AF6AA208C49096808604DA9162015
:109CA000FFF71AFEC8B137210520FFF7BBFD70B1E1
:109CB00057A8FFF773FE20B157A8FFF76FFE00B15A
:109CC000D3E037210520FFF7ADFD00B1CDE04DA970
:109CD0001620FFF701FE00B1C7E04AF6AA207A4934
:109CE000096808609DF83501459045980002459047
:109CF0009DF834114598084445904AF6AA207249C7
:109D00000968086039210420FFF78CFD70B157A85D
:109D1000FFF744FE20B157A8FFF740FE00B1A4E0D2
:109D200039210420FFF77EFD00B19EE04AF6AA200B
:109D30006549096808606848007801283AD14FF001
:109D4000000A4DA91220FFF7C7FD00B18DE04AF6C9
:109D5000AA205D49096808609DF83801AB2814D134
:109D60009DF83901CD2810D19DF837A14FEA0A2A74
:109D70009DF8360182444FEA0A2A9DF83501824453
:109D80004FEA0A2A9DF8340182449DF83401FF28E5
:109D90000DD19DF83501FF2809D19DF83601FF2826
:109DA00005D19DF83701FF2801D14FF0000A5C98DA
:109DB00000EB0A054AF6AA204349096808604DA944
:109DC0001120FFF789FDC8B139210420FFF72AFDD2
:109DD00070B157A8FFF7E2FD20B157A8FFF7DEFDED
:109DE00000B142E039210420FFF71CFD00B13CE046
:109DF0004DA91120FFF770FD00B136E04AF6AA2008
:109E000031490968086000204790559008E04DA945
:109E10005598085C4799484047905598401C559084
:109E200055980F28F3D3002048909DF84311479888
:109E3000814219D19DF834719DF8350107EB00205E
:109E4000C7B29DF837018DF824019DF838018DF8CF
:109E500025019DF839018DF8260101204890162F23
:109E600002D1002500205C9000E06DE600BF4AF6BC
:109E7000AA201549096808600CB101204FE6324854
:109E8000007860B912490D70280A4870280C887053
:109E9000280EC870AB200871CD2048710DE0002558
:109EA0000B480570280A0A494870280C8870280E4B
:109EB000C870AB200871CD20487147E057A8FFF764
:109EC0006DFD00B943E041E0480800204F0000204C
:109ED000081C0020F4F2FFFF2002002040420F0087
:109EE000880400207B2252656365697665223A7B8F
:109EF00022537461747573223A32367D2C224322C8
:109F00003A7B2254797065223A2243616E73656C04
:109F1000227D7D0A000000007B2243223A7B2253EF
:109F20007461747573223A317D7D0A007B2243226D
:109F30003A7B22537461747573223A31317D7D0A04
:109F400000000000100200200D020020B6E700BF54
:109F500000204490F848007818B1F848006846900E
:109F600001E04698469000203E90F548007863282E
:109F700005D1AFF2900007F01BFB0020CFE54AF6B9
:109F8000AA20F049096808604AA84BA93CAA3FAB3F
:109F9000CDE90432CDE9061040A9EB480268EB4850
:109FA0000068EB4B1B68CDE90030CDE90221E9499F
:109FB0000978491CC8B24B4646AA44A900F096FE4F
:109FC0000446012C01D0092C3DD14AA84BA93CAA3A
:109FD0003FABCDE90432CDE9061040AADA4801686A
:109FE000DA480068DA4B1B68CDE90030CDE902128F
:109FF000D8490978491CC8B24B4646AA44A900F082
:10A0000075FE0446012C01D0092C1CD14AA84BA98D
:10A010003CAA3FABCDE90432CDE9061040AACA48BC
:10A020000068CA490968CA4B1B68CDE90031CDE90F
:10A030000202C8490978491CC8B24B4646AA44A93D
:10A0400000F054FE04464AF6AA20BE49096808609A
:10A05000012C03D00D2C01D0092C3FD14AA84BA9CB
:10A060003CAA3FABCDE90432CDE9061040AAB64880
:10A070000068B6490968B64B1B68CDE90031CDE9E7
:10A080000202B4490978491CC8B24B4646AA44A901
:10A0900000F02CFE0446012C03D00D2C01D0092C1D
:10A0A0001CD14AA84BA93CAA3FABCDE90432CDE96B
:10A0B000061040AAA4480168A4480068A44B1B6885
:10A0C000CDE90030CDE90212A2490978491CC8B295
:10A0D0004B4646AA44A900F009FE0446964800787B
:10A0E00090B13F98009022469BA10AA8409B06F0A1
:10A0F00095FA0AA807F05CFA0AA8FBF747FC0146A4
:10A1000008900AA8FBF737FC4AF6AA208D4909688F
:10A110000860102C01D1012001E54AF6AA208949E6
:10A1200009680860112C01D10120F8E4122C01D13A
:10A130000120F4E4449E01208DF834018548007824
:10A14000F0B19148007858B9172F01D0192F03D1D9
:10A150001D208DF8340133E013208DF834012FE0F9
:10A1600089480078012803D133208DF8340127E095
:10A1700085480078022823D134208DF834011FE06F
:10A18000162F03D115208DF8340119E0172F06D1B1
:10A1900001207E49087016208DF8340110E0182F38
:10A1A00006D101207949087018208DF8340107E0A4
:10A1B000192F05D101207549087017208DF8340139
:10A1C0004AF6AA205F4909680860F0B28DF83501A7
:10A1D000300A8DF83601300C8DF837010A208DF8E1
:10A1E00038016B480078A0F5AF6000F0FF0B4FEA34
:10A1F0000B704FEA106B6748007800F00F0040EAE0
:10A200000B0B8DF839B16448007800F00701634802
:10A21000007861F35F108DF83A015F480078C0F371
:10A22000C1005F49097840EA8100C0B28DF83B0166
:10A230005C4800788DF83C01DDF8FC8008F0FF00F8
:10A240008DF83D014FEA18208DF83E014FEA184085
:10A250008DF83F01DDF800814AF6AA2039490968E6
:10A26000086008F0FF008DF840014FEA18208DF8D3
:10A2700041014FEA18408DF8420109F0FF008DF8C6
:10A2800043014FEA19208DF8440100208DF8450163
:10A290008DF846018DF847014AF6AA202949096838
:10A2A00008609CB93948007810B92A48007828B16C
:10A2B00052A942F20F7000F0A0F90BE042F20F71C8
:10A2C000A1EB090052A900F098F903E052A9364821
:10A2D00000F093F90F208DF84C0127208DF84D01E7
:10A2E0004AF6AA2017490968086000208DF84E0137
:10A2F0008DF84F014FEA19408DF85001124800784F
:10A300008DF8510110480088000A8DF852014AF674
:10A31000AA200C4909680860002C7DD1172F03D0B2
:10A32000182F01D0192F78D10A48007818B1392098
:10A330008DF8340157E039E050000020480000203B
:10A3400088040020480800202C000020280000205D
:10A35000240000200D0200207B2243223A7B22535E
:10A360007461747573223A25642C224574656261A8
:10A3700072223A25752C22507265457465626172AD
:10A38000223A25757D7D0A000E0200200C02002075
:10A39000440000203E000020400000203F0000203C
:10A3A0004100002042000020FFE0F5051C208DF850
:10A3B0003401172F06D101208149087019208DF82A
:10A3C000340110E0182F06D101207D4908701A20B1
:10A3D0008DF8340107E0192F05D101207849087064
:10A3E0001B208DF834014AF6AA20764909680860D6
:10A3F000F0B28DF83501300A8DF83601300C8DF849
:10A40000370198208DF838016F4800783B280AD131
:10A410006E4800783B2801E0ACE09DE003D16C4839
:10A42000007817281CD0684800783B2805DA664871
:10A430000078401C6449087012E0002062490870EE
:10A4400062480078401C61490870084600783C2842
:10A4500006DB002008705E480078401C5C490870EC
:10A460004AF6AA205749096808605A480078A0F5BA
:10A47000AF6000F0FF0B4FEA0B704FEA106B5648CD
:10A48000007800F00F0040EA0B0B8DF839B150480E
:10A49000007800F007015148007861F35F108DF8F3
:10A4A0003A014B480078C0F3C1004849097840EAB6
:10A4B0008100C0B28DF83B01434800788DF83C0123
:10A4C000DDF8248008F0FF008DF83D014FEA1820E8
:10A4D0008DF83E014FEA18408DF83F01A8464AF634
:10A4E000AA2038490968086008F0FF008DF840018B
:10A4F0004FEA18208DF841014FEA18408DF84201CB
:10A500005C98C0B28DF843015C98000A8DF8440154
:10A5100000208DF845018DF846018DF8470152A9BC
:10A5200042F20F7000F069F80F208DF84C012720DF
:10A530008DF84D0100208DF84E018DF84F015C988B
:10A54000000C8DF85001264800788DF85101244800
:10A550000088000A8DF852014AF6AA2019490968B4
:10A5600008600020164908701E49087004201E4922
:10A57000086023E0032C21D004F11E00C0B28DF846
:10A58000340100208DF84E018DF84F018DF85001F7
:10A59000134800788DF8510111480088000A8DF8A1
:10A5A00052014AF6AA2007490968086000200449B8
:10A5B00008700C49087004200B49086020465DE4CF
:10A5C0000C0200204808002042000020410000202A
:10A5D00040000020440000203E0000203F000020FA
:10A5E0002C0000200D02002010020020002001E0BD
:10A5F000411CC8B20128FBDB70470870020A4A7090
:10A60000020C8A70020ECA70704730B50B460021EA
:10A6100000BF16E00A24B4EB107F05D9302404EB08
:10A62000107403F8114005E0412404EB10740A3C57
:10A6300003F81140000100254C00641C1D554C1C02
:10A64000E1B29142E6DB30BD2DE9FC410446002732
:10A6500000210D2005F0BAFF9320207020206070AB
:10A6600001A823460222214600900C2000F0F8F8B1
:10A6700006465EB9002503E0605D4740681CC5B230
:10A68000042DF9DB605DB84200D002263046BDE8FB
:10A69000FC812DE9F04385B006460F469046994669
:10A6A0008DF804608DF80570002406E018F8041099
:10A6B00001AAA01C1154601CC4B2062CF6DB0024B5
:10A6C00007E019F8041001AA04F108001154601CF5
:10A6D000C4B2042CF5DB04A801AB0C2201A9009044
:10A6E0000E2000F0BDF805462DB9082002F0E2F971
:10A6F00000F0080000B90225284605B0BDE8F08347
:10A7000070B5044608210846FBF770FA214652202E
:10A7100000F05BF805461DB92046FFF795FF05469A
:10A72000284670BD10B5012210211848FCF7A4FA84
:10A73000002201211648FCF79FFA0120FCF71EF8C1
:10A74000012211461248FCF797FA0120FCF716F88F
:10A7500000F053F88D212A2005F038FF3E212B20F0
:10A7600005F034FF1E212D2005F030FF00212C20A4
:10A7700005F02CFF4021152005F028FF3D21112078
:10A7800005F024FFFBF75DF910BD00000008014053
:10A79000000C01407CB505460C46302020706570E9
:10A7A000A21C02212046FBF7EFF901A82346042250
:10A7B000214600900C2000F053F8064616B9019887
:10A7C000902800D0022630467CBD7CB506460C465B
:10A7D00007210D2005F0FAFE267001A8234601226C
:10A7E000214600900C2000F03BF8054615B9019871
:10A7F000102800D0022528467CBD10B50F2101206D
:10A8000005F0E4FE10BDF0B585B0074693208DF845
:10A81000040070208DF80500002405E0395D01AAD0
:10A82000A01C1154601CC4B2052CF7DB0DF10B0207
:10A83000072101A8FBF7A8F904A801AB092201A987
:10A8400000900C2000F00CF805462DB9049818284B
:10A8500002D19DF8046000E00026304605B0F0BD4E
:10A860002DE9FE4F0646884691469A46DDF830B0FF
:10A87000022002900020019000900C2E06D00E2E97
:10A8800009D1122001901020009005E0772001905E
:10A890003020009000E000BF00BF019840F0800130
:10A8A000022005F093FE80210420FBF79FF9802110
:10A8B0000A2002F09CF90021012005F087FE002506
:10A8C00005E018F80510092005F080FE6D1C4D45C7
:10A8D000F7D33146012005F079FE0C2E03D18021FB
:10A8E0000D2002F084F94FF4FA6500BF042002F055
:10A8F000E1F804466D1E35B104F0010018B9009866
:10A9000020400028F2D080210D20FBF76FF995B38D
:10A91000062002F0CFF800F01B0068BB0020029078
:10A920000198204000F0010008B1012002900C2E97
:10A9300024D10A2002F0BEF804460C2002F0BAF836
:10A9400000F007072FB1601E07EBC000CBF8000036
:10A9500002E0E000CBF8000004B90124102C00DD77
:10A960001024002505E0092002F0A4F80AF80500EB
:10A970006D1CA542F7D301E0022002900298BDE8C9
:10A98000FE8FF0B587B006460F46A0208DF8040074
:10A990008DF805600DF10602022101A8FBF7F4F81D
:10A9A00006A801AB042201A900900C20FFF758FF74
:10A9B000054645B90698042805D19DF8040000F025
:10A9C0000F000A2800D002250DBB002404E0385DEA
:10A9D00001A90855601CC4B2102CF8DB05AA10218F
:10A9E00001A8FBF7D1F806A801AB122201A900903B
:10A9F0000C20FFF735FF054645B90698042805D118
:10AA00009DF8040000F00F000A2800D00225284617
:10AA100007B0F0BD00B585B0002001900290039012
:10AA2000049000BF2C48806940F010002A498861DA
:10AA30000846806900F01000009000BF00BF00BF12
:10AA40000846806940F0200088610846806900F06F
:10AA50002000009000BF00BF00BF0846806940F0A2
:10AA6000040088610846806900F00400009000BF7F
:10AA700000BF00BF0846806940F0080088610846B2
:10AA8000806900F00800009000BF00BF00224FF472
:10AA9000E2611248FCF7F0F8002201211048FCF7AF
:10AAA000EBF84FF4E2600190012002900020039047
:10AAB0000320049001A90948FBF746FF01200190FB
:10AAC0000290002003900220049001A90448FBF7A3
:10AAD0003BFF05B000BD000000100240000801402F
:10AAE000000C014010B5074807490860062048607F
:10AAF00040F6FF7104488160FCF7CAF808B1FBF723
:10AB0000ADF810BD00300040480800201CB5002002
:10AB1000019000900748084908604FF0FF304860F6
:10AB20004FF4807104488160FDF70CFE08B1FBF71B
:10AB300095F81CBD002800405408002010B50F48AF
:10AB40000F4908604FF48270486000210C48816012
:10AB5000C160016141614FF4007181612821C161CF
:10AB60000021016241624FF4005181620921C162FA
:10AB7000FDF79FFF08B1FBF771F810BD00300140F1
:10AB80006808002000B587B000200390049005906D
:10AB900006900190029014481449086040F2DB507E
:10ABA00048600021114881600121C16000210161DC
:10ABB0008161FEF793F908B1FBF750F84FF480502C
:10ABC000039003A90948FEF715FA08B1FBF746F808
:10ABD00000200190029001A90448FEF73DF908B158
:10ABE000FBF73CF807B000BD00040040C00800209F
:10ABF00010B5094809490860002108488160C16012
:10AC000001610C21416100218161C161FEF77AFC83
:10AC100008B1FBF723F810BD0038014008090020F7
:10AC200010B50B480B4908604FF4E1304860002133
:10AC300008488160C16001610C214161002181618E
:10AC4000C161FEF75FFC08B1FBF708F810BD00001A
:10AC5000004400404C0900201FB5002000900190E6
:10AC6000029003904FF48050009001200190022048
:10AC700002900320039069461448FBF765FE00220A
:10AC80004FF480511148FBF7F7FF6420FBF776FD86
:10AC900000220F490F4802F0DEFF08B1FAF7DEFF8D
:10ACA0000D490C4803F070FA08B1FAF7D7FF0B49C9
:10ACB000084802F076FC08B1FAF7D0FF054803F027
:10ACC0002DFB08B1FAF7CAFF1FBD000000080140C4
:10ACD00070000020D409002008010020C8000020D6
:10ACE00000BFFEE7FDF74EFA00BFFEE72DE9FF4F7C
:10ACF00091B00E46174699464FF00008002010907C
:10AD000001200290002001900090FD480078012869
:10AD100011D0022802D0032827D119E00520F949D3
:10AD200008701520F84908703720F849087020206D
:10AD3000F749087026E00420F24908701020F24913
:10AD400008703920F14908700020F149087019E0B5
:10AD50000520EC4908701520EB4908703720EB49B5
:10AD600008704020EA4908700CE00520E5490870A9
:10AD70001420E54908703720E44908700020E449B0
:10AD8000087000BF00BF0020E24908708346002120
:10AD9000219801602298016002E10BF1010000F0AE
:10ADA000FF0B00200290029800283DD10CA8FEF76E
:10ADB000F5FD30B10CA8FEF7F1FD10B108F1010866
:10ADC000EEE04AF6AA20D4490968086008F10108B3
:10ADD000002405E00CA8005DD0490855601CC4B2F1
:10ADE000042CF7DBCD484068306000F08BFA8246D7
:10ADF0000098072803DDFF2015B0BDE8F08FBAF1F9
:10AE0000000F11D0C54840683060BAF1040F03D07C
:10AE1000BAF10B0F07D101E00E20EDE70098401CBE
:10AE2000C0B20090BCE0BBE000200290306830B1BE
:10AE3000BA4840683168884201D00920DCE7B74849
:10AE40004068306041F23C513868884213D1B348C1
:10AE5000806888420FD0B1488068B0F5ED5F0AD0B5
:10AE6000AE4880683860AD488068FB2801D10B206F
:10AE7000C2E70A20C0E7A9488068396888420AD03A
:10AE8000A64880683860A5488068FB2801D10B205F
:10AE9000B2E70A20B0E7A148806838609B48017893
:10AEA00098480078FEF7BEFC00B179E004A9964806
:10AEB0000078FEF711FD00B172E09DF811000390DB
:10AEC0000398000203909DF8101003980844039023
:10AED00041F294613868884204D040F6793138688C
:10AEE000884203D10398192800D159E08B48417B4F
:10AEF0002498017089480169239801608748017B83
:10AF000025980170306800B94AE0002544E000242B
:10AF10000CE08248005D05EB0511814A02EB8101DE
:10AF2000095D884200D003E0601CC4B2042CF0DB51
:10AF300000BF042C2EDB05EB0510794901EB8000E6
:10AF4000407D05EB0511764A02EB8101097DC1EBDD
:10AF5000011100EB8100C0F13C000F900F98002818
:10AF600002DA0F9840420F900F980A280ADA01205F
:10AF7000109005EB05106A4A02EB800144226748F5
:10AF8000FAF7E0FC05EB0511654A02EB8100FAF7E0
:10AF90003BFE03E0681CC5B2052DB8DB00BF03E033
:10AFA000B8F10A0FFFF4F9AE00BFB8F1050F01D3F5
:10AFB000012021E7109880BB5848C16921980160A1
:10AFC0005648C069554908620846C0F8189011985B
:10AFD000487354480078087553480078487520989D
:10AFE00008610846007B0D2801DD002008731198D8
:10AFF000012802D002282CD110E04848C0694844FA
:10B0000001901F990198884201D90320F4E6434832
:10B01000C06948444149C8611DE01FE03F48C0691C
:10B02000A0EB090001901E990198884201DA0320E3
:10B03000E2E60198002805DD1F990198884201D9B0
:10B040000320D9E63548C069A0EB09003349C8613F
:10B0500001E00520D0E600BF00F0EEF8BBF1010FE3
:10B0600001D14FF0000B4FF0000862E0BBF1010F7F
:10B0700003D10BF1010000F0FF0BBBF1010F30DD3C
:10B080000CA8FEF78BFC30B10CA8FEF787FC10B1C2
:10B0900008F101084DE09DF8300058B99DF83100E5
:10B0A00040B99DF8320028B99DF8330010B908F175
:10B0B00001083EE0002408E01848005D0CA9095D85
:10B0C000884200D003E0601CC4B2042CF4DB00BF53
:10B0D000042C06DA109808B904208DE6042010909C
:10B0E0002AE04FF0000800F02BFB8246BAF1010F76
:10B0F00001DD01201090BAF1000F17D019E0000017
:10B10000200200201C0200201D0200201E02002040
:10B110001F0200202802002048080020181C0020E0
:10B12000E41C00204000002041000020002010907E
:10B1300002E0B8F1140F99D300BF306808B90120BC
:10B1400010902548C169219801602348016A22981E
:10B150000160109800B3002409E004EB04101F49BB
:10B1600001EB8000406800B903E0601CC4B2052C0C
:10B17000F3DB00BF052C00DB002404EB0411174AAD
:10B1800002EB810044221449FAF7DCFB10980428F2
:10B1900000D131E60D202FE6B8F1140F03D310983B
:10B1A0000C30C0B228E6002511E00B48406805EBE2
:10B1B00005110A4A02EB81014968884205D105EB75
:10B1C000051102EB8100FAF71FFD681CC5B2052DC1
:10B1D000EBDB002010E60000181C0020E41C00201F
:10B1E000014624200E2924D2DFE801F007090B0DC7
:10B1F0000F11131517191B1D1F21192019E01A20F3
:10B2000017E01C2015E01D2013E01E2011E0202077
:10B210000FE021200DE022200BE0242009E0252072
:10B2200007E0262005E0282003E0292001E02A206D
:10B2300000BF00BF704700002C48007E2B4B83F8F6
:10B2400034001846008B030A284880F8353090F8FF
:10B25000203080F83630008C030A244880F83730DC
:10B26000006A030C214880F83830437B80F839307D
:10B270001F4803781F48007863F31F10C3B21B48B0
:10B2800080F83A301C480378184880F83B30037F38
:10B2900080F83C30808B030A144880F83D30C06948
:10B2A000030C124880F83E30037C80F83F30008A5F
:10B2B000030A0E4880F84030104803780B4880F8A5
:10B2C00041300F480378094880F8423000220021BD
:10B2D00005E006483430405C4240481CC1B20F29AA
:10B2E000F7DB024880F8432000207047181C00203C
:10B2F000440000203E0000203F00002040000020CD
:10B300004100002030B589B010210020FEF78AFAF4
:10B3100010B1012009B030BD01A90120FEF7DCFA0F
:10B3200008B10220F6E79DF80A00AB2801D00520FD
:10B33000F0E79DF8050057498860084680680002DC
:10B340008860084680689DF8041008445149886068
:10B350009DF80900486008464068000248600846B9
:10B3600040689DF8081008444A494860084640680B
:10B3700000024860084640689DF8071008444549A7
:10B3800048600846406800024860084640689DF8EA
:10B39000061008443F4948600846008900F4004010
:10B3A000B0F5004F12D108460089C0F30E00886046
:10B3B0000846806846F62921484036498860084694
:10B3C00040684BF2A6214840324948603148406805
:10B3D0003149086014210620FEF724FA08B10A203A
:10B3E00098E769461820FEF77FFA08B10B2091E72D
:10B3F000284900980873009810B90D20009002E0C9
:10B400000098401E00904AF6AA2024490968086066
:10B410000099C8B2FFF7E4FE0446E11704EB91710E
:10B4200088103521FEF7FEF908B10D2072E701A959
:10B430002046FEF751FA08B10E206BE79DF809008F
:10B44000144948739DF8100008610846006900021D
:10B450000861084600699DF80F1008440D4908610D
:10B460000F4801780F480078FEF7DCF908B10C208E
:10B4700050E708491C310C480078FEF735FA30B126
:10B4800000F014F808B1032044E7042042E700204C
:10B4900040E70000181C002024020020480800207B
:10B4A0001E0200201C0200201D0200202DE9F04396
:10B4B00089B04FF0000814210620FEF7B3F918B147
:10B4C000012009B0BDE8F08308A91820FEF70CFAA6
:10B4D000C7B22FB1022F12D100F05EF80120F0E7C1
:10B4E00008980D2803DD00F057F80120E9E70898D7
:10B4F00010B90D20089002E00898401E08900899A5
:10B50000C8B2FBF749F80546E91705EB91718810B9
:10B510003521FEF787F908B10820D2E769462846A9
:10B52000FEF7DAF908B10920CBE74FF00008002652
:10B5300004E01DF8060080EA0808761C0F2EF8DBF0
:10B540009DF80F00404503D000F026F80A20B8E728
:10B550009DF80A4024029DF80900044424029DF845
:10B56000080004440948017809480078FEF75AF9B0
:10B5700008B10B20A5E7214606480078FEF73CFA03
:10B5800008B10C209DE700209BE700001E02002070
:10B590001C0200201D0200202DE9F04F93B0002076
:10B5A0000990089007900690059003900290C82596
:10B5B0000024A9E0E0B2FFF713FE82464FEAEA71E9
:10B5C0000AEB917188103521CDF804A0FEF72AF915
:10B5D00018B1032013B0BDE8F08F0BA95046FEF759
:10B5E0007BF908B10420F5E700200390049009E0FE
:10B5F0000BA90498085C0399484003900498401CE8
:10B60000C0B2049004980F28F2DB9DF83B10039819
:10B61000814204D0039810B10398FF2800D172E052
:10B620009DF83200562101EB20100A909DF832005F
:10B6300000F00F069DF833709DF839809DF83A9020
:10B640009DF830B04FEA0B2B9DF82F0083444FEA52
:10B650000B2B9DF82E0083440C2E07DC1F2F05DCDE
:10B66000B8F1170F02DCB9F13B0F00DD4BE0DDE96B
:10B670000910884201DDE5B227E0DDE909108842C2
:10B6800023D10898864201DDE5B21EE00898864283
:10B690001BD10798874201DDE5B216E00798874283
:10B6A00013D10698804501DDE5B20EE0069880458D
:10B6B0000BD10598814501DDE5B206E0059881458D
:10B6C00003D10298584500D1E5B2AC421AD10A988C
:10B6D000099008960797CDF81880CDF814909DF83A
:10B6E000360002900298000202909DF835100298F0
:10B6F000084402900298000202909DF834100298CB
:10B700000844029000BF641C0E2CFFF653AFC82DF6
:10B7100000D10D25681CC5B20D2D00DD0025352199
:10B720000620FEF77FF808B1012053E729461820CC
:10B73000FEF762F908B101204CE700204AE700005B
:10B740007FB5A649087BFFF74BFD0446A448007867
:10B7500030B1012872D0022871D0032870D11BE1CA
:10B7600000209F490870E11704EB91718810352182
:10B77000FEF758F810B1012004B070BD974934317C
:10B780002046FEF731F908B10220F5E7012094497F
:10B79000087035210620FEF745F880B16846FEF7AF
:10B7A000FDF828B16846FEF7F9F808B10320E3E791
:10B7B00035210620FEF736F808B10320DCE787487C
:10B7C000007B401CC4B20D2C00DD00242146182053
:10B7D000FEF712F908B10420CEE702208049087074
:10B7E0008048017880480078FEF71CF890B16846E0
:10B7F000FEF7D4F828B16846FEF7D0F808B1052066
:10B80000BAE77848017878480078FEF70BF808B175
:10B810000520B1E77148C16974480078FEF7ECF87B
:10B8200008B10620A8E772480078012809D17149BB
:10B830001220FEF7D9F820B106209DE717E075E049
:10B84000C9E003206649087003A968480078FEF73C
:10B850004BF808B107208FE76048C0690399884218
:10B8600001D0082088E700205D490870B3E001207E
:10B870005B49087035210620FDF7D4FF08B103208D
:10B880007AE75648007B401CC4B20D2C00DD002432
:10B8900021461820FEF7B0F808B104206CE702201A
:10B8A0004F4908704F4801784F480078FDF7BAFFBC
:10B8B00090B16846FEF772F828B16846FEF76EF858
:10B8C00008B1052058E74748017847480078FDF758
:10B8D000A9FF08B105204FE74048C16943480078F7
:10B8E000FEF78AF808B1062046E7414800780128AB
:10B8F00006D140491220FEF777F808B106203BE751
:10B9000003203749087003A938480078FDF7ECFF99
:10B9100008B1072030E73148C0690399884201D057
:10B92000082029E700202E49087054E002202C4905
:10B9300008702C4801782C480078FDF773FF08B197
:10B94000052019E72548C16928480078FEF754F812
:10B9500008B1062010E726480078012806D12549BD
:10B960001220FEF741F808B1062005E703201C4924
:10B97000087003A91D480078FDF7B6FF08B107203D
:10B98000FAE61648C0690399884201D00820F3E618
:10B990000020134908701EE0032011490870114867
:10B9A000017811480078FDF73DFF08B10520E3E676
:10B9B00003A90E480078FDF797FF08B10720DBE6E2
:10B9C0000648C0690399884201D00820D4E60020C7
:10B9D0000349087000BF00BF0020CDE6181C0020FE
:10B9E000280200201E0200201C0200201D02002050
:10B9F00020020020081C00202DE9F0470546EAE15E
:10BA00002868B0F844A00AF00F06002E7ED10AF094
:10BA10001000B0BB00BF2968098848F60F7201EA20
:10BA2000020040F400412A68118000BF05F128049B
:10BA30002868B0F85010207801EBC000801C2968FD
:10BA400001F5806131F81000C0F30900E061E1699F
:10BA500060690844606100212846FBF73EFA95F8CA
:10BA600024000028CBD0A0690028C8D195F8240074
:10BA700040F080002968A1F84C00002085F82400DF
:10BA8000A9E1FFE705F5B4742868B0F8008008F470
:10BA9000006030B32868B0F85010207801EBC00087
:10BAA000801D296801F5806131F81000C0F309009C
:10BAB000E061A18B8BB2E28805F52C71286803F058
:10BAC000E3FF00BF2968098840F68F7201EA02008F
:10BAD00040F080012A68118000BF2846FCF7B1F8C9
:10BAE00079E108F40040002889D000BF296809885E
:10BAF00040F68F7201EA020040F080012A6811804E
:10BB000000BF2868B0F85010207800E06FE001EB2B
:10BB1000C000801D296801F5806131F81000C0F374
:10BB20000900E061E06990B1606980B1B4F81CC0BF
:10BB30001FFA8CF3E2886169286803F0A5FFE169C8
:10BB400060690844606100212846FBF7D6F928683F
:10BB5000008800F40060002892D100BF2A6829689C
:10BB6000B1F850100A4402F20C41084600BF2369A4
:10BB700053B9038848F2FF3C03EA0C0303800388AF
:10BB800043F4004303801EE023693E2B0DD800BF21
:10BB900023695908237C03F0010303B1491C4FF6C4
:10BBA000FF7303EA812303800DE000BF2369590975
:10BBB000237C03F01F0303B9491E4FF4004343EAFB
:10BBC0008123038000BF00BF00BF00BF2968098830
:10BBD0004BF68F7201EA020080F4805080F400502E
:10BBE00040F4004141F080012A681180F3E07100C7
:10BBF000286830F8118008F4004000287ED000BF8B
:10BC00007200296831F8121040F68F7201EA0200C2
:10BC100040F0800173002A6822F8131000BF06EB81
:10BC2000860105F5B47000EBC104207BB0B928682B
:10BC3000B0F85010207801EBC000801D296801F594
:10BC4000806131F81000C0F30907002F5BD0E28853
:10BC500061693B46286803F017FF54E0E07802284A
:10BC600006D1424621462846FBF7CAF907464AE074
:10BC700000BF00BF22785200296831F8121048F640
:10BC80008F7201EA020040F4004141F0C0012378C4
:10BC90005B002A6822F8131000BF00BF217849001A
:10BCA000286830F8110000F48040A8B12868B0F886
:10BCB0005010207801EBC000801C296801F58061DC
:10BCC00031F81000C0F30907EFB1228961693B46E2
:10BCD000286803F0D9FE16E02868B0F850102078E4
:10BCE00001EBC000801D296801F5806131F810006A
:10BCF000C0F309073FB16289616900E017E03B4684
:10BD0000286803F0C1FEE0693844E06160693844A6
:10BD10006061A06910B12069B84204D92178284631
:10BD2000FBF7EBF803E02146286803F0D2F808F0AF
:10BD30008000B0B306EB860105F1280000EBC104DA
:10BD400000BF7200296831F8121048F60F7201EA3C
:10BD5000020040F4004173002A6822F8131000BF6B
:10BD6000E078032807D0E07828B1E07802282DD1C8
:10BD700008F4807050BB2868B0F85010207801EBB0
:10BD8000C000801C296801F5806131F81000C0F303
:10BD90000909A069484505D9A069A0EB0900A0617F
:10BDA00002E018E00020A061A06920B921782846AF
:10BDB000FBF793F80FE0606948446061E06948442C
:10BDC000E0612146286803F084F804E042462146F9
:10BDD0002846FBF7C1F92868B0F8440000F4004099
:10BDE00000287FF40DAEBDE8F087704710B502243F
:10BDF00005E00A49081905F049FA601CC4B2074871
:10BE00004078401CA042F4DA05A005F0D1FB4FF4C5
:10BE100016710248F9F7AFFD002010BD880400201C
:10BE20007B2252656365697665223A7B2253746191
:10BE3000747573223A32362C2254797065223A2274
:10BE4000506F735472616E73616374696F6E227D9B
:10BE50007D0A000010B500206849088000BF09E095
:10BE60006749095C654AB2F900205140634A118074
:10BE7000411CC8B22128F3DB614890F821005F49DA
:10BE8000B1F90010884203D15D48807B642811D04D
:10BE90005CA005F08DFB00206149087061490870C5
:10BEA00056490880604908704FF416715448F9F7F4
:10BEB00062FD10BD524890F821005049B1F90010C0
:10BEC000884203D04E48807B64287CD1102157489B
:10BED000F9F751FD4A48407855490860484880784C
:10BEE00000064749C97800EB01404549097900EB54
:10BEF00001204349497908444E4908604048807907
:10BF000000063F49C97900EB01403D49097A00EB41
:10BF100001203B49497A0844474908603848807AFB
:10BF200000063749C97A00EB01403549097B00EB2F
:10BF300001203349497B0844404908603048C07BB0
:10BF400000062F49097C00EB01402D49497C00EB9C
:10BF500001202B49897C0844394908602848C07C65
:10BF600000062749097D00EB01402549497D00EB8A
:10BF700001202349897D0844324908602048C07D5A
:10BF8000314908601E48007E304908701C48407ED8
:10BF90002F4908701A48807E2E4908701848C07EC4
:10BFA0002D4908701648007F2C4908701448407FBE
:10BFB00000061349897F00EB01401149C97F00EB5E
:10BFC00001200F4900E017E091F8201008442449AF
:10BFD000086024A005F0ECFA1748016815480068CD
:10BFE000FDF76AFD4FF416710548F9F7C4FC00200F
:10BFF0000C4908700149088000BF5AE71000002072
:10C00000880400207B2252656365697665223A7B4D
:10C0100022537461747573223A31397D7D0A0000B0
:10C020004E0000205000002053000020081C00207B
:10C03000180000201C0000203400002024000020F4
:10C04000280000202C000020440000203E0000209A
:10C050003F0000204000002041000020420000205E
:10C06000480000207B2252656365697665223A7B31
:10C0700022537461747573223A32367D2C22432226
:10C080003A7B2254797065223A224578656354726E
:10C09000616E73616374696F6E227D7D0A000000BA
:10C0A00010B50020974908809748407817286BD032
:10C0B00003DC38B116287DD135E018287BD019284B
:10C0C000F9D1C6E090488078904908608E48C078E1
:10C0D0008F4908708C4800798E4908708A484079E9
:10C0E0008D490870884880798C4908708648C079E5
:10C0F0008B490870002009E08349095C814AB2F944
:10C10000002051407F4A1180411CC8B20828F3DB4F
:10C110007D48007A7B49B1F90010884202D10120A4
:10C1200080490870CAE07848807A78490860764883
:10C13000C07A774908707448007B76490870724865
:10C14000407B754908707048807B744908706E4860
:10C15000C07B73490870002009E06B49095C694A9B
:10C16000B2F900205140674A1180411CC8B2102822
:10C17000F3DB6548007C6349B1F90010884202D1C5
:10C1800001206849087099E05F4880785F4908603D
:10C190005D48C0785E4908705B4800795D49087069
:10C1A000594840795C490870574880795B49087064
:10C1B000554801E07EE01BE0C07959490870002035
:10C1C00009E05149095C4F4AB2F9002051404D4AFB
:10C1D0001180411CC8B20828F3DB4B48007A49495A
:10C1E000B1F90010884202D101204E49087065E083
:10C1F0004548407A454908604348807A4449087078
:10C200004148C07A434908703F48007B4249087062
:10C210003D48407B414908703B48807B404908705D
:10C22000002009E03849095C364AB2F90020514043
:10C23000344A1180411CC8B20F28F3DB3248C07B5E
:10C240003049B1F90010884202D101203549087007
:10C2500034E02D48407A2D4908602B48807A2C49DB
:10C2600008702948C07A2B4908702748007B2A4962
:10C2700008702548407B294908702348807B28495D
:10C280000870002009E02049095C1E4AB2F900202C
:10C2900051401C4A1180411CC8B20F28F3DB1A48D8
:10C2A000C07B1849B1F90010884202D101201D4914
:10C2B000087003E000201B49087000BF00BF194848
:10C2C000007888B118A005F073F90F49487803F099
:10C2D0002DFC00200B490880124908704FF416719C
:10C2E0000948F9F748FB0CE01CA005F061F90020B3
:10C2F0000C490870034908804FF416710248F9F799
:10C300003AFB10BD100000208804002044000020EB
:10C310003E0000203F00002040000020410000209F
:10C3200042000020520000207B225265636569763E
:10C3300065223A7B22537461747573223A32362C2B
:10C340002254797065223A224368616E67654F66B0
:10C3500047726F7570227D7D0A0000007B22526556
:10C360006365697665223A7B225374617475732222
:10C370003A31397D7D0A000001B582B06420012385
:10C3800001AA02A900900348FCF734FC9DF80400C0
:10C390000EBD00006808002008B508490968C908F2
:10C3A0004FF47A72B1FBF2F14143009100BF00BF3C
:10C3B00000994A1E00920029F9D108BDF40000201E
:10C3C000014600BF080900EB8000420001F00F00A9
:10C3D0001044C0B2704770B504460025FAF752FC0D
:10C3E000054607E0FAF74EFC401BB0F57A7F01D90D
:10C3F000032070BD2068406800F020000028F1D0C4
:10C400002068406840F01000216848600020F0E794
:10C4100070B5044600252068406820F010002168AF
:10C420004860FAF72FFC054607E0FAF72BFC401BA3
:10C43000B0F57A7F01D9032070BD2068406800F014
:10C4400020000028F1D00020F6E730B50146002298
:10C450000023002400200D68AD69AAB20D68ED69C3
:10C46000ACB20D68AD69ABB29A4205D00D68ED690A
:10C4700063F31F45284601E044EA024030BDF0B5B1
:10C4800004460B460021002504F5FA61032B1BD25C
:10C49000C3EBC30000EB03100926B0FBF6F0104419
:10C4A000001D4618481E06EB90066427B0FBF7F007
:10C4B000361A481EBF00B0FBF7F030440726B0FB29
:10C4C000F6F706FB17051AE0C3EBC30000EB0310F9
:10C4D0000926B0FBF6F01044001D084400EB910063
:10C4E0006426B1FBF6F6801B4FF4C876B1FBF6F676
:10C4F0003044801E0726B0FBF6F706FB1705E8B2AE
:10C50000F0BD70B504460D4600262046FFF763FFD8
:10C5100008B101260AE0280C21688861A8B22168C8
:10C52000C8612046FFF774FF00B10126304670BD98
:10C530002DE9F14F9CB00020079006900590002651
:10C5400009200490002003903520029000200190E3
:10C55000FEF74CF8F4A005F02BF8FAF793FB1890CF
:10C560009BE0FAF78FFB1899401A42F22831884273
:10C5700008D9FBA005F01CF80120FE4908601DB099
:10C58000BDE8F08F15A8FDF709FA20B115A8FDF751
:10C5900005FA00B181E010210020FDF743F900B158
:10C5A0007BE00CA90120FDF797F900B175E09DF83B
:10C5B00030A09DF831000AEB00201FFA80FA9DF8A8
:10C5C00032909DF8330009EB00299DF8340009EB07
:10C5D00000499DF8350009EB00690AF40040B0F508
:10C5E000004F09D1CAF30E0A46F629208AEA000A4A
:10C5F0004BF2A62089EA00094AF6AA20DE4909681A
:10C600000860DE480078D0B914210620FDF70AF949
:10C6100000B142E01AA91820FDF766F900B13CE02C
:10C6200037210520FDF7FEF800B136E01BA91420E4
:10C63000FDF75AF900B130E01A98C6B211E0CF48C0
:10C64000007801280DD114210620FDF7EBF800B188
:10C6500023E01AA91820FDF747F900B11DE01A9848
:10C66000C6B24AF6AA20C44909680860002619A97A
:10C670001BA8F9F77FFD0746012F04D119A91BA8B4
:10C68000F9F778FD07460FB15A2F01D11B98019099
:10C6900017B15A2F00D000E000E062E700BF4AF671
:10C6A000AA20B54909680860B4480078012801D17A
:10C6B0001A98C6B216B1701EC6B200E00D261496C6
:10C6C000002006908046CBE108F101001FFA80F8B7
:10C6D000B8F1320F00DBC4E1B8F1190F08D115A889
:10C6E000FDF75CF920B115A8FDF758F900B1B7E1E5
:10C6F0004AF6AA20A049096808603046F9F776FF93
:10C700000546E91705EB917188101421FDF78AF8A9
:10C7100088B115A8FDF742F920B115A8FDF73EF93B
:10C7200000B19DE1E91705EB917188101421FDF727
:10C7300079F800B194E10CA92846FDF7CDF8F8B1DD
:10C74000E91705EB917188101421FDF76BF888B19A
:10C7500015A8FDF723F920B115A8FDF71FF900B1C1
:10C760007EE1E91705EB917188101421FDF75AF865
:10C7700000B175E10CA92846FDF7AEF800B16FE1F4
:10C780004FF000084AF6AA207B4909680860002497
:10C7900005E00CA8005D08A90855601C84B2102CA7
:10C7A000F7DB00200790002406E008A8005D079949
:10C7B00048400790601C84B20F2CF6DB9DF82F10C8
:10C7C0000798814208D0002404E0002008A90855F9
:10C7D000601C84B2102CF8DB002406E008A8005D81
:10C7E000FF2800D003E0601C84B20F2CF6DB00BFF2
:10C7F0000F2C08DB002404E0002008A90855601C69
:10C8000084B2102CF8DB069A521C5DA15E4803F03E
:10C8100005FF5D4804F0CCFE9DF825205BA15A4839
:10C8200003F0FCFE584804F0C3FE4AF6AA20524921
:10C83000096808609DF824005649086008460068A9
:10C8400000020860084600689DF82310084451491A
:10C8500008600846006800020860084600689DF805
:10C86000221008444B49086008464BA1026846481C
:10C8700003F0D4FE444804F09BFE9DF826000921F5
:10C88000B1EB201F0ADD9DF826004FF4AF6101EBEC
:10C89000201244A13C4803F0C1FE0AE09DF82600A6
:10C8A000562101EB201000F214523EA1364803F04D
:10C8B000B5FE354804F07CFE9DF8260000F00F021E
:10C8C0003BA1314803F0AAFE2F4804F071FE9DF809
:10C8D00027203AA12C4803F0A1FE2B4804F068FE63
:10C8E0009DF82A002B49086008460068000208608D
:10C8F000084600689DF82910084426490860084643
:10C90000006800020860084600689DF82810084486
:10C910002049086008462BA102681B4803F07EFEF0
:10C92000194804F045FE55E07B225265636569763F
:10C9300065223A7B22537461747573223A32367DD4
:10C940002C2243223A7B2254797065223A22526586
:10C950006164436172645461626C65227D7D0A008A
:10C960007B2243223A7B22537461747573223A31DD
:10C970007D7D0A00100200204808002020020020CF
:10C98000526F773D25642A001C0700204F503D253B
:10C99000642A0000180200204574656261723D251A
:10C9A000752A0000596561723D25642A0000000067
:10C9B0004D6F6E74683D25642A0000004461793D26
:10C9C00025642A0052656D4574656261723D257566
:10C9D0002A0000009DF82C002A49086008460068DB
:10C9E00000020860084600689DF82B10084425499D
:10C9F0000860084624A10268254803F00FFE244879
:10CA000004F0D6FD9DF82D2022A1214803F006FE5A
:10CA10001F4804F0CDFD9DF82E2021A11C4803F0F5
:10CA2000FDFD1B4804F0C4FD32211948F8F7A3FFAF
:10CA30004AF6AA201D49096808600698401CC1B240
:10CA400006911C98814200DB0BE016B1701EC6B245
:10CA500000E00D264AF6AA2014490968086000BFC4
:10CA600032E600BFB8F1320F07DAC820F9F786FEC8
:10CA70004AF6AA200D490968086001200C4908609F
:10CA800000BF7CE5180200204449443D25752A007A
:10CA90001C070020486F75723D25642A00000000C5
:10CAA0004D696E3D25642C0A0000000048080020F6
:10CAB0001002002070B50446002210210A48FAF73F
:10CAC000DBF87E2101EA440141F08000FFF754FCCD
:10CAD0000020FFF751FC0546012210210248FAF719
:10CAE000CBF8284670BD000000080140F8B50446A8
:10CAF0000D4616462B46002280212046009600F067
:10CB000009F828B1606D40F0200060650320F8BD91
:10CB10000020FCE72DE9F84F04460D4690461E46DE
:10CB2000DDF82890FAF7AEF8A0EB0900371AFAF70B
:10CB3000A9F882462C480068C0F3CB3078430090B7
:10CB400045E0701C002842D0FAF79CF8A0EB0A00E0
:10CB5000B84200D2A7BB2068406820F0E0002168FE
:10CB600048606068B0F5827F0DD1A068B0F5004FD5
:10CB700003D0A068B0F5806F05D12068006820F070
:10CB8000400021680860A06AB0F5005F0DD100BFC9
:10CB90002068006820F40050216808602068006860
:10CBA00040F400502168086000BF012084F8510063
:10CBB00000BF002084F8500000BF0320BDE8F88FBC
:10CBC000FFE7009800B900270098401E00902068F9
:10CBD00080682840A84201D1012000E000204045A3
:10CBE000AFD10020EAE70000F4000020704770B5E4
:10CBF00005460C462846FFF75DFF064646EA040157
:10CC0000284603F0E3FC70BD70B504460D46294686
:10CC10002046FAF729F870BD70B504460D46164651
:10CC2000324629462046FAF727F870BD70B500F065
:10CC30006FF80546002411E0164800EB4410C07F51
:10CC400015490978884208D145FA04F202F0010139
:10CC5000104A02EB441000F021F8641C012CEBDBBD
:10CC60000D48007848B9002405E00A4901EB44105A
:10CC700000F091F8641C012CF7DB07480078401C99
:10CC80000549087008460078052801DB0020087077
:10CC900070BD0000A81B00200B02002010B5827898
:10CCA000002A33D0827962B901B110BD00224271ED
:10CCB0008279521C82710023C26820324489135544
:10CCC00024E08279092A14DAC26820324389D25CCE
:10CCD00001F001034479A3401A43D3B2C268203261
:10CCE000448913558279521C82714279521C4271D7
:10CCF0000CE08279092A09D100228271827729B158
:10CD000042891F2A02DA4289521C428100BFCCE7C5
:10CD100070B5002600242CE0184A02EB4412918BD7
:10CD2000164A02EB44129069FFF76EFF054613485E
:10CD300000EB44108079B0B9104800EB4410807FBC
:10CD400088B985B90E480078801C052190FBF1F266
:10CD500001FB1200094901EB4411C8770120074982
:10CD600001EB4411887705F00100A0403043C6B2C2
:10CD7000641C012CD0DB304670BD0000A81B0020D5
:10CD80000B02002070B504460D46A18A2A46206990
:10CD9000FFF742FF70BD10B50446607800283FD011
:10CDA000207958B9012020700020E0700021204631
:10CDB000FFF7E8FF2079401C207131E02079092835
:10CDC00010DAE279E068805CE278104100F001015D
:10CDD0002046FFF7D7FF2079401C2071E078401CE7
:10CDE000E0701DE02079092807D101212046FFF7D6
:10CDF000C9FF2079401C207112E020790A280FD148
:10CE000000202071E079401CE071207AE1798842AD
:10CE100003DD01202070607002E00020207060704F
:10CE200010BD10B5F9F764FF10BD00B593B028210F
:10CE300009A8F8F7A0FD142104A8F8F79CFD00202C
:10CE400000900190029003900D2009904FF48030E3
:10CE50000A9000200B9001200C900D900F90022062
:10CE60001090C10311914FF4E011129109A8FBF742
:10CE700099F908B1F8F7F2FE0F200490022005900E
:10CE8000002006904FF48060079000200890022157
:10CE900004A8FBF73BF808B1F8F7E0FE112000907A
:10CEA0004FF480700190002003906846FAF794FFD9
:10CEB00008B1F8F7D3FEFBF7EFF813B000BD0000A0
:10CEC00001480249086070470058000808ED00E07A
:10CED00010B50348FCF7E0F90148FCF710F910BD64
:10CEE000C008002010B50268184B984208D0B0F175
:10CEF000804F05D0164B984202D0164B984203D172
:10CF000022F070024B681A43104B984208D0B0F1DF
:10CF1000804F05D00E4B984202D00E4B984203D161
:10CF200022F44072CB681A4322F080034C6943EA32
:10CF3000040202608B68C3620B688362034B9842F1
:10CF400001D10B6903630123436110BD002C014033
:10CF5000000400400008004030B50C46816821F410
:10CF60007F4142EA032525432943816030BD0A46BB
:10CF7000816821F0700142F0070319438160704716
:10CF800030B50B461446026A056A25F001050562B4
:10CF9000816921F0F00141EA041122F00A021A43EA
:10CFA0008161026230BD30B50B461446056A25F03A
:10CFB000100505628169026A21F4704141EA043179
:10CFC00022F0A00242EA03128161026230BD70B514
:10CFD00005466C6A0020E085E0842046FCF76AF98B
:10CFE00070BD0168C96821F490710268D160016860
:10CFF000496921F0010102685161016B012905D1E4
:10D000000168C96821F010010268D160202180F810
:10D010003E1000210163704710B504462068C068C7
:10D0200020F040002168C860202084F83D002046A0
:10D03000FCF7DEFB002010BDF8B5044694F83E0076
:10D04000222869D1A068B0F5805F0CD1206950B961
:10D050000025A66A20684068C0F308003080A06AF6
:10D06000801CA06215E0A56A0026A068B0F5805F6C
:10D0700003D0A06828B9206918B9206840682870D2
:10D0800004E02068406800F07F002870A06A401C1F
:10D09000A062E08D401E80B2E085A8BB2068C06819
:10D0A00020F020002168C8602068C06820F48070EB
:10D0B0002168C8602068406920F00100216848614B
:10D0C000202084F83E00206B01281ED10020206320
:10D0D0002068C06820F010002168C86020680068DF
:10D0E00000F0100010280AD100BF00200090206836
:10D0F0000068009020684068009000BF00BFA18DCC
:10D100002046FCF7D6F803E004E02046FCF706FBD7
:10D110000020F8BD0020FCE70220FAE770B50446C5
:10D120002168096921F44051E268114322681161C4
:10D130002269A1681143626941EA02052168C96850
:10D1400041F20C62914329432268D1602168496908
:10D1500021F44071A2691143226851612D4A21686E
:10D16000914202D1FAF7B4FF01E0FAF7A1FF00EB18
:10D17000C00101EB001162689200B1FBF2F100EB1B
:10D18000C00202EB001263689B00B2FBF3F264235F
:10D19000B2FBF3F202EBC20303EB0212A1EB82013A
:10D1A000322202EB01116422B1FBF2F101F0F00135
:10D1B00000EBC00202EB001263689B00B2FBF3F2CB
:10D1C0006423B2FBF3F201EB021200EBC00101EBAE
:10D1D000001163689B00B1FBF3F100EBC00303EBAC
:10D1E00000136668B600B3FBF6F36426B3FBF6F3F0
:10D1F00003EBC30606EB0313A1EB8301322303EB1E
:10D2000001116423B1FBF3F101F00F011144226815
:10D21000916070BD00380140014691F83D00212821
:10D2200028D18868B0F5805F0BD1086948B90A6ACF
:10D230001088C0F308000B685860086A801C0862F8
:10D2400005E00B6A581C086218780B685860C88C97
:10D25000401E80B2C88458B90868C06820F08000B9
:10D260000B68D8600868C06840F040000B68D86060
:10D27000002070470220FCE72DE9F04104460D46EE
:10D2800017469846069E21E0701CF8B12EB1F9F7BA
:10D29000F9FCA0EB0800B04218D92068C06820F45F
:10D2A000D0702168C8602068406920F001002168C2
:10D2B0004861202084F83D0084F83E0000BF002033
:10D2C00084F83C0000BF0320BDE8F08120680068BE
:10D2D0002840A84201D1012000E00020B842D3D06C
:10D2E0000020F1E710B50248FBF7E6FF10BD000093
:10D2F0000809002010B50E48FBF7DEFF0C48006857
:10D30000006800F02000202811D10A480068C1B24E
:10D3100009480A4A126881540021024607480068F9
:10D32000401C115405480068401C0449086010BDA9
:10D330004C0900200444004030020020140000206A
:10D340002DE9F04104460D46D4F8B862D4F8C07215
:10D35000D4F8B80278B305EB850104F1140000EBB2
:10D360008100806808B305EB850104F1140000EB2F
:10D37000810005EB8502816807F1280000EBC200FF
:10D380000069B1FBF0F200FB121070B9002105EB4F
:10D39000850204F1140000EB8200816000231A462C
:10D3A0002946204600F0C4FE02E00020C6F8140220
:10D3B0000020BDE8F081FFE70220FAE770B50446DF
:10D3C0000E46D4F8B8523146204600F056FDC5F856
:10D3D0000C02D4F8B80248B1D5F80402D4F8BC1253
:10D3E000CA6805F503719047002070BD0220FCE774
:10D3F00070B504460E4600258121204600F057FCFA
:10D400000021E1620121204600F051FC0021C4F816
:10D410006C118221204600F04AFC00212164D4F8DE
:10D42000B80250B1D4F8BC1248688047D4F8B802AA
:10D4300001F027F90020C4F8B802284670BD70B585
:10D440000546D5F8B842D5F8BC0278B194F8000288
:10D45000FF280BD094F8012294F80002D5F8BC12F2
:10D460008B6821469847FF2084F80002002070BD99
:10D4700001460A200880014870470000FC00002097
:10D4800001464320088001487047000084010020C5
:10D4900001464320088001487047000040010020F9
:10D4A000014643200880014870470000C801002061
:10D4B0002DE9F04104460F460026207C88B94FF440
:10D4C000007302228121204600F03EFD0121E1622D
:10D4D0004B020222204600F037FD0121C4F86C11F6
:10D4E0000FE0402302228121204600F02DFD012182
:10D4F000E16240230222204600F026FD0121C4F80B
:10D500006C11082303228221204600F01DFD012119
:10D5100021644FF4077001F0B5F8C4F8B802D4F8EC
:10D52000B80208B901261CE0D4F8B852D4F8BC12ED
:10D53000086880470020C5F81402C5F81802207C4E
:10D5400040B94FF4007301212046D5F8042200F0C1
:10D5500013FD06E0402301212046D5F8042200F007
:10D560000BFD3046BDE8F08170B50446D4F8B852E2
:10D57000D4F8B80298B1207C40B94FF4007301216F
:10D580002046D5F8042200F0F7FC06E040230121F4
:10D590002046D5F8042200F0EFFC002070BD0220E8
:10D5A000FCE70246022011B1C2F8BC12002070470D
:10D5B0000246D2F8B832C3F804120020704710B502
:10D5C0000346D3F8B842C4F80812C4F81022002069
:10D5D00010BD2DE9FC4105460C46D5F8B862002087
:10D5E000019000900027207800F0600040B32028D0
:10D5F0005FD1E088E0B1207800F0800060B1E2887F
:10D600006078D5F8BC128B6831469847E28831467D
:10D61000284600F0E6F812E0607886F80002A0796B
:10D6200086F80102E2883146284600F0B9F806E0A3
:10D630006078D5F8BC1200228B68214698473EE0FE
:10D64000607820B10A2812D00B282AD11FE095F863
:10D650009C02032805D102226946284600F0C1F841
:10D6600004E02146284600F08FF802271FE095F8D5
:10D670009C02032805D1012201A9284600F0B1F837
:10D6800004E02146284600F07FF802270FE095F8D5
:10D690009C02032804D02146284600F075F8022792
:10D6A00005E02146284600F06FF8022700BF00BFC2
:10D6B00005E02146284600F067F8022700BF00BFBA
:10D6C0003846BDE8FC8170B50546D5F8B842D5F8B6
:10D6D000B802A8B1D4F8140280B90120C4F8140229
:10D6E000D4F810122963B4F8100283B281212846BD
:10D6F000D4F8082200F01CFD002070BD0120FCE7DA
:10D700000220FAE770B504460D46D4F8B402294663
:10D71000426820469047002070BD70B504460D4613
:10D7200094F89C02012804D0022803D003280CD1CD
:10D7300001E000BF00BF6888012805D10020C4F8BF
:10D74000A402204600F05EF804E02946204600F0DE
:10D750001BF800BF00BF70BD70B506460C461546ED
:10D760002B4622460021304600F006FC002070BD0A
:10D7700070B506460C4615462B462246002130461B
:10D7800000F0D6FC002070BD70B504460D46802127
:10D79000204600F0A1FC0021204600F09DFC70BD59
:10D7A00070B504460E4615460320C4F894024FF4A3
:10D7B000AE700551001D05512B4632460021204612
:10D7C00000F0DAFB002070BD10B504460520C4F857
:10D7D000940200231A461946204600F0CDFB002093
:10D7E00010BD70B504460E4615460220C4F89402DA
:10D7F000E56125622B4632460021204600F098FC68
:10D80000002070BD10B504460420C4F89402002323
:10D810001A461946204600F08BFC002010BD00007F
:10D8200070B505460C462DB92246064906A000F003
:10D83000D3F904E02246034903A000F0CDF90148E2
:10D8400070BD0000980C002043444320436F6E6677
:10D8500069670000024612200880014870470000F6
:10D860008C00002070B505460C462DB922460649AD
:10D8700006A000F0B1F904E02246034903A000F03D
:10D88000ABF9014870BD0000980C002043444320D0
:10D89000496E74657266616365000000024604208B
:10D8A0000880014870470000A000002070B50546C0
:10D8B0000C462246024903A000F08EF9004870BDD4
:10D8C000980C00204A6168616E476F737461720042
:10D8D00070B505460C462DB92246064906A000F053
:10D8E0007BF904E02246034903A000F075F90148E2
:10D8F00070BD0000980C00204A6168616E476F732C
:10D90000746172506F72740070B505460C461A202F
:10D910002080F8F795FE014870BD0000A4000020AB
:10D9200070B504460D46E888012804D029462046F3
:10D93000FFF72AFF1EE094F89C02012804D0022879
:10D9400003D0032810D109E000BF0020A06001220D
:10D9500004F108012046FFF744FF0AE00122211DDF
:10D960002046FFF73EFF04E029462046FFF70CFF64
:10D9700000BF00BF70BDF8B504460E460020009001
:10D980000027002570880012082875D2DFE800F013
:10D99000C7040C20C7C7A5B5207CD4F8B0120A680C
:10D9A000694690470746C1E0207C40B9D4F8B402EC
:10D9B000816A6846884707460220787007E0D4F8F5
:10D9C000B402C16A68468847074602207870ADE015
:10D9D000B078062878D2DFE800F00316293C5063BF
:10D9E000D4F8B002406838B1207CD4F8B0124A684C
:10D9F00069469047074605E031462046FFF7C4FEDA
:10DA0000681CC5B267E0D4F8B002806838B1207CE9
:10DA1000D4F8B0128A6869469047074605E0314657
:10DA20002046FFF7B1FE681CC5B254E0D4F8B0023E
:10DA3000C06838B1207CD4F8B012CA6869469047F3
:10DA4000074605E031462046FFF79EFE681CC5B23A
:10DA500041E0D4F8B002006938B1207CD4F8B012AB
:10DA60000A6969469047074605E031462046FFF7B8
:10DA70008BFE681CC5B22EE051E0D4F8B0024069BC
:10DA800038B1207CD4F8B0124A69694690470746FD
:10DA900005E031462046FFF777FE681CC5B21AE064
:10DAA000D4F8B002806940B1207CD4F8B0128A6901
:10DAB00069469047074606E006E031462046FFF7F4
:10DAC00063FE681CC5B206E031462046FFF75CFEE7
:10DAD000681CC5B200BF00BF28E0207C30B9D4F874
:10DAE000B402416B68468847074605E03146204648
:10DAF000FFF74AFE681CC5B218E0207C40B9D4F894
:10DB0000B402016B6846884707460720787005E035
:10DB100031462046FFF738FE681CC5B206E03146A4
:10DB20002046FFF731FE681CC5B200BF00BF05B13B
:10DB3000F8BDBDF8000088B1F08878B1F088BDF874
:10DB40000010884202DDBDF8000000E0F08800907F
:10DB5000BDF8002039462046FFF743FEF08810B993
:10DB60002046FFF74FFE00BFE2E70146002002E03B
:10DB7000421CD0B2491C0A78002AF9D1704770B50E
:10DB800004460D4694F89C02012804D0022803D0D4
:10DB900003281AD101E000BF00BFE888022804D0A2
:10DBA00029462046FFF7F0FD14E00120E060D4F89C
:10DBB000A40218B1E06840F00200E060022204F123
:10DBC0000C012046FFF70DFE04E029462046FFF732
:10DBD000DBFD00BF00BF70BD2DE9F04104460D46DE
:10DBE00017460026FCB12046FFF7BFFF022101EBDC
:10DBF000400038803A783046711CCEB22A54032255
:10DC00003046711CCEB22A540AE014F8012B30467B
:10DC1000711CCEB22A5400223046711CCEB22A5456
:10DC200020780028F1D1BDE8F0810146002031B113
:10DC3000012906D0022906D0032908D105E00020D9
:10DC400007E0022005E0012003E0022001E00220BD
:10DC500000BF00BF704770B504460D4616460CB9AC
:10DC6000022070BDD4F8B40210B10020C4F8B40290
:10DC70000DB1C4F8B052012084F89C0226702046F1
:10DC800000F004F90020ECE72DE9F04104460D46D0
:10DC9000002600272946D4F8C002F9F773F9064692
:10DCA0003046FFF7C2FF07463846BDE8F0812DE950
:10DCB000F04104460D46002600272946D4F8C0024C
:10DCC000F9F72BF906463046FFF7AFFF074638460F
:10DCD000BDE8F0812DE9F04104460E461746002EBE
:10DCE00064D104F11405D4F89402022848D1D5E98E
:10DCF0000301884210D9D5E90301401AE860A889D8
:10DD000082B239462046FFF733FD00231A461946F2
:10DD1000204600F031F93EE02969A868B0FBF1F235
:10DD200001FB1200B8B92969A868884213D3A86812
:10DD3000D4F8981288420ED2002211462046FFF7EE
:10DD400017FD0020C4F8980200231A461946204601
:10DD500000F012F91FE0D4F8B402C06840B194F8A2
:10DD60009C02032804D1D4F8B402C1682046884735
:10DD70008021204600F0B0F92046FFF725FD0AE09B
:10DD8000D4F89402042802D0D4F8940218B980215F
:10DD9000204600F0A1F994F8A002012818D12046ED
:10DDA00000F0FAF9002084F8A00211E0D4F8B402DF
:10DDB000406950B194F89C02032806D1D4F8B4020B
:10DDC000314642692046904702E00220BDE8F081DA
:10DDD0000020FBE72DE9F04104460E461746BEBB86
:10DDE00004F5AA75D4F89402032825D1D5E90301D6
:10DDF000884210D9D5E90301401AE860D5E903014A
:10DE0000884201D2E86800E0286982B2394620469B
:10DE1000FFF7A2FC2FE0D4F8B402006940B194F8F7
:10DE20009C02032804D1D4F8B40201692046884733
:10DE30002046FFF7E7FC1EE0D4F8940205281AD12B
:10DE40000020C4F894020021204600F045F912E0B9
:10DE5000FFE7D4F8B402806950B194F89C0203281B
:10DE600006D1D4F8B402314682692046904702E0D8
:10DE70000220BDE8F0810020FBE770B504460D46A6
:10DE80002946D4F8C002F9F7FBFB70BD10B5044673
:10DE90001D48C0F8E842C4F8C0021C481A4908608E
:10DEA0000820486002211848816000218161C16119
:10DEB0000162F9F7BCFD08B1F7F7D0FE04F5307444
:10DEC0001823002211462068F8F7E4FF58230022A7
:10DED00080212068F8F7DEFFC0230022812120681E
:10DEE000F8F7D8FF4FF48873002201212068F8F773
:10DEF000D1FF2068A4F530744FF480730022822192
:10DF0000F8F7C8FF002010BD68160020005C004034
:10DF100010B50246D2F8C03201F08000802809D145
:10DF200001F07F0000EB800403F1280000EBC40047
:10DF3000807810BD01F07F0000EB800403F5B47021
:10DF400000EBC4008078F4E72DE9F04704460F4663
:10DF500015461E464FF00008C1462B46324639464C
:10DF6000D4F8C002F9F797FB80464046FFF75DFE04
:10DF700081464846BDE8F0872DE9F04704460D4646
:10DF800016461F464FF00008C1463B46324629461A
:10DF9000D4F8C002F9F7C5FB80464046FFF745FEBE
:10DFA00081464846BDE8F08710B50446402300226C
:10DFB00011462046FFF7C8FF01214FF4AC70015114
:10DFC00040214FF4B27001514023002280212046AD
:10DFD000FFF7BAFF0121A16140216162012084F8AD
:10DFE0009C020020C4F894026060C4F8A402D4F833
:10DFF000B80228B12179D4F8B4024268204690478B
:10E00000002010BD014691F89C02042803D191F82C
:10E010009D0281F89C020020704710B5044694F8D8
:10E020009C02032808D1D4F8B402C06920B1D4F806
:10E03000B402C16920468847002010BD0246117411
:10E04000002070472DE9F04104460D4600260027C8
:10E050002946D4F8C002F9F7D9FD06463046FFF745
:10E06000E4FD07463846BDE8F08170B504460D462C
:10E07000294604F52A7000F073F80120C4F89402D0
:10E0800040F2AE20005BC4F8980294F8A80200F0B9
:10E090001F0020B1012808D0022812D10BE004F59E
:10E0A0002A71204600F041F913E004F52A71204658
:10E0B00000F0A8FA0DE004F52A71204600F086F978
:10E0C00007E094F8A80200F08001204600F004F870
:10E0D00000BF00BF002070BD2DE9F04104460D4691
:10E0E000002600272946D4F8C002F9F740FB06466F
:10E0F0003046FFF79AFD07463846BDE8F08170B517
:10E10000044600250026D4F8C002F9F7A3FD054611
:10E110002846FFF78AFD0646304670BD014691F855
:10E120009C0281F89D02042081F89C020020704727
:10E130002DE9F04704460D4616461F464FF00008ED
:10E14000C1463B4632462946D4F8C002F9F753FB94
:10E1500080464046FFF769FD81464846BDE8F087A6
:10E160000A7802704A7842708B78CA7803EB0222F0
:10E1700042800B794A7903EB022282808B79CA793B
:10E1800003EB0222C28070470246002011B1C2F8A0
:10E19000B41200E00220704701460020704770B5BD
:10E1A00004460D46A88810BBE88800BB6888802814
:10E1B0001DD2A87800F07F0694F89C02032804D1B1
:10E1C00029462046FFF7E0FA15E084F89E623146C2
:10E1D0002046FFF737FF2046FFF714FB1EB1022051
:10E1E00084F89C0207E0012084F89C0203E02946A1
:10E1F0002046FFF7C9FA70BD70B504460D460226E9
:10E20000D4F8B40238B1D4F8B402294602682046E2
:10E21000904700B90026304670BD000070B5044636
:10E220000D46A8783649087008460078012804DDB4
:10E2300029462046FFF7A8FA60E094F89C020228DD
:10E2400002D003284FD11CE02D480078A8B12C48FB
:10E2500000786060032084F89C02294801782046F9
:10E26000FFF7CAFF022804D129462046FFF78CFA9F
:10E2700070BD2046FFF7C6FA02E02046FFF7C2FA5B
:10E280003BE01F48007870B9022084F89C021C48CB
:10E29000007860601A4801782046FFF733FA20467C
:10E2A000FFF7B0FA1EE0164909786068884216D078
:10E2B00021792046FFF726FA11480078606010485F
:10E2C00001782046FFF798FF022804D1294620460E
:10E2D000FFF75AFACCE72046FFF794FA02E020460F
:10E2E000FFF790FA09E029462046FFF74DFA044867
:10E2F00001782046FFF706FA00BF00BF00BFB7E76E
:10E30000F800002070B505460C466088012804D14D
:10E31000C5F8A4022846FFF775FA70BD10B504468B
:10E320002046FFF7ECFE002010BD70B505460C46F8
:10E330000026207800F0600060B1202802D040283C
:10E340003CD100E000BFD5F8B402214682682846DF
:10E35000904738E060780A2829D2DFE800F01923D6
:10E36000281E280A0528140F21462846FFF703FB1C
:10E3700022E021462846FFF712FF1DE021462846ED
:10E38000FFF74CFF18E021462846FFF7C9FA13E0D3
:10E3900021462846FFF7F3FB0EE021462846FFF70B
:10E3A000B1FF09E021462846FFF7B7F904E021460E
:10E3B0002846FFF7E9F900BF00BF04E021462846E0
:10E3C000FFF7E2F900BF00BF304670BD2DE9F04114
:10E3D00005460E464FF000083479307800F06000B2
:10E3E00060B1202802D0402871D100E000BFD5F8EC
:10E3F000B402314682682846904700E1307800F048
:10E400006000202809D1D5F8B40231468268284638
:10E41000904780464046BDE8F081707800285ED085
:10E4200001282FD0032876D195F89C02022802D02B
:10E43000032820D110E054B1802C08D02146284672
:10E44000FFF74AFE80212846FFF746FE03E03146EB
:10E450002846FFF799F913E0708840B93CB1802C49
:10E4600005D0F08818B921462846FFF735FE284622
:10E47000FFF7C8F904E031462846FFF785F900BFE9
:10E4800000BFB5E095F89C02022802D003281FD1F6
:10E4900010E054B1802C08D021462846FFF71CFE1E
:10E4A00080212846FFF718FE03E031462846FFF793
:10E4B0006BF912E0708848B904F07F0018B121466A
:10E4C0002846FFF7E1FB2846FFF79CF905E091E0BD
:10E4D00031462846FFF758F900BF00BF88E095F89D
:10E4E0009C02022802D0032876D126E034B1802C89
:10E4F00004D031462846FFF747F972E004F0800067
:10E50000802809D104F07F0000EB800105F11400A0
:10E5100000EB810008E066E004F07F0000EB800182
:10E5200005F5AA7000EB8100074600203860022242
:10E5300039462846FFF755F953E004F0800080285B
:10E540000ED104F00F0000EB800105F1140000EB88
:10E550008100406898B931462846FFF715F940E038
:10E5600004F00F0000EB800105F5AA7000EB8100BC
:10E57000406820B931462846FFF706F931E004F03B
:10E580008000802808D104F07F0000EB800105F1B5
:10E59000140000EB810007E004F07F0000EB800135
:10E5A00005F5AA7000EB810007460CB1802C02D162
:10E5B0000020386009E021462846FFF7A9FC10B189
:10E5C0000120386001E000203860022239462846E8
:10E5D000FFF707F905E0FFE731462846FFF7D4F8D3
:10E5E00000BF00BF04E031462846FFF7CDF800BF6A
:10E5F00000BF04E031462846FFF7C6F800BF00BF61
:10E60000404608E770B505460C460026207800F025
:10E61000600030B1202802D040282AD100E000BF9D
:10E6200000BF95F89C02012804D0022803D00328DB
:10E6300018D101E000BF00BF207901280DDCD5F81A
:10E64000B40221468268284690470646E08840B9D1
:10E650003EB92846FFF7D6F803E021462846FFF7E3
:10E6600093F804E021462846FFF78EF800BF00BF6C
:10E6700004E021462846FFF787F800BF00BF0020CE
:10E6800070BD7047014601487047000054190020D2
:10E69000F0B5024600260878400032F8100048F62F
:10E6A0008F1400EA0403C87830B101280CD0022886
:10E6B00005D003280BD104E043F4007309E000BF48
:10E6C00007E043F4C06304E043F4806301E0012603
:10E6D00000BF00BF43F4004040F080000C786400AD
:10E6E00022F8140000BF0C78640032F8144048F699
:10E6F0008F752C400D7844EA050040F4004444F046
:10E7000080040D786D0022F8154000BF087B0028BA
:10E710007ED14878002852D000BF1046B2F8505041
:10E7200028440D7800F5806707EB0514CD886D103F
:10E730006D00258000BF00BF0C78640032F8140023
:10E7400000F040048CB100BF0D786D0032F8155018
:10E7500048F68F7705EA070444F4004545F0C00504
:10E760000F787F0022F8175000BF00BFC87801283B
:10E7700013D000BF0C78640032F8144048F6BF751F
:10E7800004EA050080F0200040F4004444F08004D6
:10E790000D786D0022F815409EE100BF0C786400F2
:10E7A00032F8144048F6BF7504EA050040F400440E
:10E7B00044F080040D786D0022F815408CE100BF14
:10E7C0001046B2F8505028440D78042707EBC505D1
:10E7D00000F5806707EB4504CD886D106D0025803E
:10E7E00000BF00BF1546B2F8504025440C780627FC
:10E7F00007EBC40405F5806707EB4404204600BF1F
:10E800000F6967B9078848F2FF3C07EA0C0700E088
:10E8100057E00780078847F4004707801EE00F692C
:10E820003E2F0DD800BF0F697C080F7C07F0010751
:10E8300007B1641C4FF6FF7707EA842707800DE0D5
:10E8400000BF0F697C090F7C07F01F0707B9641E22
:10E850004FF4004747EA8427078000BF00BF00BF8E
:10E8600000BF0C78640032F8140000F480448CB1CE
:10E8700000BF0D786D0032F8155048F68F7705EA25
:10E88000070444F4004545F481450F787F0022F8E1
:10E89000175000BF00BF00BF0C78640032F814406E
:10E8A0004BF68F7504EA050080F4805080F4005028
:10E8B00040F4004444F080040D786D0022F81540C7
:10E8C0000AE100BF0C78640032F8144048F68F75F6
:10E8D00004EA050040F4004444F4C0740D786D006F
:10E8E00022F8154000BF00BF00BF00BF1046B2F8BD
:10E8F000505028440D7800F5806707EB05140D890A
:10E900006D106D00258000BF00BF00BF00BF104626
:10E91000B2F8505028440D78042707EBC50500F5E0
:10E92000806707EB45044D896D106D00258000BFA1
:10E9300000BF00BF487800285DD100BF0C7864009C
:10E9400032F8140000F480448CB100BF0D786D00E3
:10E9500032F8155048F68F7705EA070444F400456D
:10E9600045F481450F787F0022F8175000BF00BFA3
:10E9700000BF0C78640032F8140000F040048CB141
:10E9800000BF0D786D0032F8155048F68F7705EA14
:10E99000070444F4004545F0C0050F787F0022F8D5
:10E9A000175000BF00BF00BF0C78640032F814405D
:10E9B0004BF68F7504EA050080F4805080F4005017
:10E9C00040F4004444F080040D786D0022F81540B6
:10E9D00000BF00BF0C78640032F8144048F6BF75E1
:10E9E00004EA050040F4004444F080040D786D0012
:10E9F00022F8154070E000BF0C78640032F8140073
:10EA000000F480448CB100BF0D786D0032F81550D1
:10EA100048F68F7705EA070444F4004545F481453C
:10EA20000F787F0022F8175000BF00BF00BF0C789E
:10EA3000640032F8140000F040048CB100BF0D787F
:10EA40006D0032F8155048F68F7705EA070444F454
:10EA5000004545F0C0050F787F0022F8175000BF31
:10EA600000BFC878012813D000BF0C78640032F8CA
:10EA7000144048F6BF7504EA050080F0200040F419
:10EA8000004444F080040D786D0022F8154011E038
:10EA900000BF0C78640032F8144048F6BF7504EAF1
:10EAA000050040F4004444F080040D786D0022F825
:10EAB000154000BF00BF0C78640032F814404BF6DC
:10EAC0008F7504EA050040F4004444F080040D789A
:10EAD0006D0022F8154000BF3046F0BD10B5044669
:10EAE000002010BD30B50246087B00285BD1487875
:10EAF00060B300BF0B785B0032F8130000F04003F6
:10EB00008BB100BF0C78640032F8144048F68F7562
:10EB100004EA050343F4004444F0C0040D786D009A
:10EB200022F8154000BF00BF00BF0B785B0032F831
:10EB3000133048F6BF7403EA040040F4004343F086
:10EB400080030C78640022F8143007E100BF0B78D2
:10EB50005B0032F8130000F480438BB100BF0C78E7
:10EB6000640032F8144048F68F7504EA050343F454
:10EB7000004444F481440D786D0022F8154000BF34
:10EB800000BF00BF0B785B0032F813304BF68F7478
:10EB900003EA040040F4004343F080030C7864006F
:10EBA00022F81430DAE0487800286BD100BF0B78E7
:10EBB0005B0032F8130000F480438BB100BF0C7887
:10EBC000640032F8144048F68F7504EA050343F4F4
:10EBD000004444F481440D786D0022F8154000BFD4
:10EBE00000BF00BF0B785B0032F8130000F0400359
:10EBF0008BB100BF0C78640032F8144048F68F7572
:10EC000004EA050343F4004444F0C0040D786D00A9
:10EC100022F8154000BF00BF00BF0B785B0032F840
:10EC2000133048F68F7403EA040040F4004343F0C5
:10EC3000C0030C78640022F8143000BF00BF0B78CA
:10EC40005B0032F813304BF68F7403EA040040F493
:10EC5000004343F080030C78640022F8143000BFB6
:10EC600000BF0B785B0032F8133048F6BF7403EA3C
:10EC7000040040F4004343F080030C78640022F861
:10EC800014306BE000BF0B785B0032F8130000F427
:10EC900080438BB100BF0C78640032F8144048F612
:10ECA0008F7504EA050343F4004444F481440D786D
:10ECB0006D0022F8154000BF00BF00BF0B785B005D
:10ECC00032F8130000F040038BB100BF0C786400F1
:10ECD00032F8144048F68F7504EA050343F4004403
:10ECE00044F0C0040D786D0022F8154000BF00BF4D
:10ECF00000BF0B785B0032F8133048F68F7403EADC
:10ED0000040040F4004343F481430C78640022F88B
:10ED1000143000BF00BF0B785B0032F8133048F6A8
:10ED2000BF7403EA040040F4004343F080030C780E
:10ED3000640022F8143000BF00BF0B785B0032F88B
:10ED400013304BF68F7403EA040040F4004343F0A1
:10ED500080030C78640022F8143000BF002030BD1E
:10ED600001460020704701460020704710B5044658
:10ED7000012024F8400F00202080A0802082403C09
:10ED800010BD01464FF43F42B1F840009043A1F856
:10ED900040000020704702460020704730B5024610
:10EDA000087B002865D1487888B300BF0B785B00EA
:10EDB00032F8130000F040038BB100BF0C78640000
:10EDC00032F8144048F68F7504EA050343F4004412
:10EDD00044F0C0040D786D0022F8154000BF00BF5C
:10EDE000C878012845D000BF0B785B0032F813309B
:10EDF00048F6BF7403EA040080F0200040F40043AA
:10EE000043F080030C78640022F8143031E0FFE70F
:10EE100000BF0B785B0032F8130000F480438BB125
:10EE200000BF0C78640032F8144048F68F7504EA8D
:10EE3000050343F4004444F481440D786D0022F846
:10EE4000154000BF00BF00BF0B785B0032F81330E5
:10EE50004BF68F7403EA040080F4805080F4005075
:10EE600040F4004343F080030C78640022F814302F
:10EE700000BF002030BD10B50246487898B100BFF1
:10EE80000B785B0032F8133048F6BF7403EA0400D5
:10EE900080F0100040F4004343F080030C786400DD
:10EEA00022F8143013E000BF0B785B0032F8133007
:10EEB0004BF68F7403EA040080F4805040F4004362
:10EEC00043F080030C78640022F8143000BF002067
:10EED00010BD2DE9F04706460C466078012876D132
:10EEE0002169A069884201D9256900E0A569207BD4
:10EEF000A0B9ABB2E2883046616900F0F4FD00BF12
:10EF00003046B6F8502010442278022303EBC202A8
:10EF100000F5806303EB42010D8081E3E078022875
:10EF20007DD12169206A88427AD900BF21784900C1
:10EF300036F8111048F68F7201EA020040F40041E1
:10EF400041F4C0712278520026F8121000BF206AE6
:10EF5000401B20622078400036F8100000F040008E
:10EF600000287DD000BF3346607888BB00BF3246A2
:10EF7000B6F850100A4421784FF0060909EBC10198
:10EF800002F5806909EB4101084600BF75B9B0F888
:10EF9000009048F2FF3A09EA0A09A0F80090B0F898
:10EFA000009049F40049A0F8009021E03E2D10D8CF
:10EFB00000BF690805F00109B9F1000F00D0491C34
:10EFC0004FF6FF7909EA8129A0F8009010E03DE3AF
:10EFD00010E000BF690905F01F09B9F1000F00D169
:10EFE000491E4FF4004949EA8129A0F8009000BF6A
:10EFF00000BF0FE0607801280CD1B6F85000034440
:10F000002078062101EBC00003F5806101EB400C84
:10F01000ACF8005000BF6789ABB23A4601E057E157
:10F020002CE13046616900F05EFD60692844606152
:10F030002169206A884203D9206A401B206202E0CD
:10F04000256A0020206200BF6078C0BB00BF324646
:10F05000B6F850100A442178022303EBC10100E006
:10F0600049E002F5806303EB4101084600BF55B952
:10F07000038848F2FF3C03EA0C030380038843F44F
:10F080000043038019E03E2D0BD800BF690805F04E
:10F09000010303B1491C4FF6FF7303EA8123038088
:10F0A0000BE000BF690905F01F0303B9491E4FF4C7
:10F0B000004343EA8123038000BF00BF12E0FFE763
:10F0C000607801280ED100BF3046B6F850201044B9
:10F0D0002278022303EBC20200F5806303EB4201B6
:10F0E0000D8000BF00BF2789ABB23A463046616948
:10F0F00000F0F9FC94E200BF6078B0BB00BF32467C
:10F10000B6F850100A442178022303EBC10102F53E
:10F11000806303EB4101084600BF55B9038848F2FC
:10F12000FF3C03EA0C030380038843F4004303809D
:10F1300019E03E2D0BD800BF690805F0010303B1AB
:10F14000491C4FF6FF7303EA812303800BE000BFE5
:10F15000690905F01F0303B9491E4FF4004343EA50
:10F160008123038000BF00BF12E0FFE76078012821
:10F170000ED100BF3046B6F850201044227802234A
:10F1800003EBC20200F5806303EB42010D8000BF78
:10F1900000BF2789ABB23A463046616900F0A3FC54
:10F1A0006069284460612169206A884203D9206A25
:10F1B000401B206202E0256A0020206200BF334627
:10F1C000607880BB00BF3246B6F850100A44217800
:10F1D0004FF0060909EBC10102F5806909EB410115
:10F1E000084600BF75B9B0F8009048F2FF3A09EA46
:10F1F0000A09A0F80090B0F8009049F40049A0F87E
:10F20000009020E03E2D0FD800BF690805F00109ED
:10F21000B9F1000F00D0491C4FF6FF7909EA8129A6
:10F22000A0F800900FE010E000BF690905F01F0989
:10F23000B9F1000F00D1491E4FF4004949EA812974
:10F24000A0F8009000BF00BF0FE0607801280CD14B
:10F25000B6F8500003442078062101EBC00003F506
:10F26000806101EB400CACF8005000BF6789ABB285
:10F270003A463046616900F036FCD1E1256A00BFAC
:10F280002178490036F8111048F68F6201EA020031
:10F2900040F4004141F080012278520026F812101B
:10F2A00000BF00BF3046B6F8502010442278022339
:10F2B00003EBC20200F5806303EB42010D8000BF47
:10F2C0002789ABB23A463046616900F00CFCA7E1F1
:10F2D00000BF2178490036F8111048F68F7201EA14
:10F2E000020040F4004141F4C0712278520026F837
:10F2F000121000BF206A401B20622078400036F8C0
:10F30000100000F0400000287DD000BF3346607838
:10F3100080BB00BF3246B6F850100A4421784FF047
:10F32000060909EBC10102F5806909EB41010846B4
:10F3300000BF75B9B0F8009048F2FF3A09EA0A092F
:10F34000A0F80090B0F8009049F40049A0F80090AF
:10F3500020E03E2D0FD800BF690805F00109B9F182
:10F36000000F00D0491C4FF6FF7909EA8129A0F867
:10F3700000900FE010E000BF690905F01F09B9F126
:10F38000000F00D1491E4FF4004949EA8129A0F835
:10F39000009000BF00BF0FE0607801280CD1B6F8E4
:10F3A000500003442078062101EBC00003F5806182
:10F3B00001EB400CACF8005000BF6789ABB23A4695
:10F3C0003046616900F08FFB606928446061216903
:10F3D000206A884203D9206A401B206202E0256A25
:10F3E00000202062002D56D000BF6078C0BB00BF57
:10F3F0003246B6F850100A442178022303EBC101CB
:10F4000002F5806300E047E003EB4101084600BFDE
:10F4100055B9038848F2FF3C03EA0C0303800388D4
:10F4200043F40043038019E03E2D0BD800BF690868
:10F4300005F0010303B1491C4FF6FF7303EA812372
:10F4400003800BE000BF690905F01F0303B9491EE3
:10F450004FF4004343EA8123038000BF00BF12E062
:10F46000FFE7607801280ED100BF3046B6F8502083
:10F4700010442278022303EBC20200F5806303EB01
:10F4800042010D8000BF00BF2789ABB23A4630462B
:10F49000616900F028FBC3E000BF6078B0BB00BF2B
:10F4A0003246B6F850100A442178022303EBC1011A
:10F4B00002F5806303EB4101084600BF55B903889C
:10F4C00048F2FF3C03EA0C030380038843F4004343
:10F4D000038019E03E2D0BD800BF690805F0010339
:10F4E00003B1491C4FF6FF7303EA812303800BE04D
:10F4F00000BF690905F01F0303B9491E4FF400431B
:10F5000043EA8123038000BF00BF12E0FFE7607879
:10F5100001280ED100BF3046B6F8502010442278A2
:10F52000022303EBC20200F5806303EB42010D806E
:10F5300000BF00BF2789ABB23A463046616900F090
:10F54000D2FA6069284460612169206A884203D93F
:10F55000206A401B206202E0256A00202062A5B3D9
:10F5600000BF3346607888BB00BF3246B6F8501003
:10F570000A4421784FF0060909EBC10102F58069C0
:10F5800009EB4101084600BF75B9B0F8009048F298
:10F59000FF3A09EA0A09A0F80090B0F8009049F48F
:10F5A0000049A0F8009021E03E2D10D800BF690866
:10F5B00005F00109B9F1000F00D0491C4FF6FF79A1
:10F5C00009EA8129A0F8009010E029E010E000BFCE
:10F5D000690905F01F09B9F1000F00D1491E4FF468
:10F5E000004949EA8129A0F8009000BF00BF0FE060
:10F5F000607801280CD1B6F8500003442078062129
:10F6000001EBC00003F5806101EB400CACF8005049
:10F6100000BF6789ABB23A463046616900F063FAD1
:10F6200000BF2178490036F8111048F6BF7201EA90
:10F63000020080F0100080F0200040F4004141F012
:10F6400080012278520026F8121005E2207BA0BB30
:10F650002169A069884204D92569A069401BA0617D
:10F6600002E0A5690020A06100BF3246B6F8501044
:10F670000A442178062303EBC10102F5806303EB02
:10F680004101084600BF55B9038848F2FF3C03EA30
:10F690000C030380038843F4004303801AE03E2DEB
:10F6A0000CD800BF690805F0010303B1491C4FF6EF
:10F6B000FF7303EA812303800CE00DE000BF6909BA
:10F6C00005F01F0303B9491E4FF4004343EA8123A9
:10F6D000038000BF00BFA9E1E07802287DD100BF10
:10F6E00000BF6078E0BB00BF3246B6F850100A4455
:10F6F0002178022303EBC10102F5806303EB410192
:10F70000084600BF236953B9038848F2FF3C03EA67
:10F710000C030380038843F4004303801EE0236945
:10F720003E2B0DD800BF23695908237C03F0010349
:10F7300003B1491C4FF6FF7303EA812303800DE0F8
:10F7400000BF23695909237C03F01F0303B9491E35
:10F750004FF4004343EA8123038000BF00BF13E05E
:10F76000FFE7607801280FD100BF3046B6F850207F
:10F7700010442278022303EBC20200F5806303EBFE
:10F780004201228A0A8000BF00BF00BF3346607872
:10F79000E8BB00BF3246B6F850100A4421784FF05B
:10F7A000060909EBC10102F5806909EB4101084630
:10F7B00000BFD4F81090B9F1000F0FD1B0F800904D
:10F7C00048F2FF3A09EA0A09A0F80090B0F8009060
:10F7D00049F40049A0F800902EE06BE0D4F81090B6
:10F7E000B9F13E0F14D800BFD4F810904FEA590178
:10F7F00094F8109009F00109B9F1000F00D0491CEC
:10F800004FF6FF7909EA8129A0F8009014E015E08D
:10F8100000BFD4F810904FEA591194F8109009F0F5
:10F820001F09B9F1000F00D1491E4FF4004949EA00
:10F830008129A0F8009000BF00BF10E06078012887
:10F840000DD1B6F8500003442078062101EBC0002A
:10F8500003F5806101EB400C208AACF8000000BF8A
:10F8600000BFE069002824D02078400036F81080DE
:10F8700008F4804010B108F0400038B908F4804026
:10F88000002816D108F04000002812D100BF00BFA8
:10F890002178490036F8111048F68F7201EA02000B
:10F8A00040F4004141F0C0012278520026F81210C5
:10F8B00000BFBBE0E07801287CD12169A0698842C3
:10F8C00004D92569A069401BA06102E0A569002058
:10F8D000A06100BF00BF6078B0BB00BF3246B6F881
:10F8E00050100A442178022303EBC10102F5806322
:10F8F00003EB4101084600BF55B9038848F2FF3CBD
:10F9000003EA0C030380038843F40043038019E0F7
:10F910003E2D0BD800BF690805F0010303B1491C57
:10F920004FF6FF7303EA812303800BE000BF6909F0
:10F9300005F01F0303B9491E4FF4004343EA812336
:10F94000038000BF00BF12E0FFE7607801280ED1FE
:10F9500000BF3046B6F8502010442278022303EB53
:10F96000C20200F5806303EB42010D8000BF00BFBF
:10F9700000BF3346607890BB00BF3246B6F85010E7
:10F980000A4421784FF0060909EBC10102F58069AC
:10F9900009EB4101084600BF85B9B0F8009048F274
:10F9A000FF3A09EA0A09A0F80090B0F8009049F47B
:10F9B000004900E037E0A0F8009020E03E2D0FD88D
:10F9C00000BF690805F00109B9F1000F00D0491C1A
:10F9D0004FF6FF7909EA8129A0F800900FE010E0C6
:10F9E00000BF690905F01F09B9F1000F00D1491ED8
:10F9F0004FF4004949EA8129A0F8009000BF00BFF8
:10FA00000FE0607801280CD1B6F85000034420784C
:10FA1000062101EBC00003F5806101EB400CACF85E
:10FA2000005000BF02E00120BDE8F08700BF217850
:10FA3000490036F811104BF68F7201EA020080F48B
:10FA4000805080F4005040F4004141F08001227861
:10FA5000520026F8121000BF0020E5E70146002002
:10FA6000A1F844004FF43F42A1F840207047000045
:10FA700010B50248F7F7EAFE10BD00006816002036
:10FA80000146B1F8440070472DE9F04304460E46A4
:10FA900015464FEA530CA046304608F5806909EB3D
:10FAA000450267460AE01188921C0170401C4FEA2B
:10FAB000112980F80090401C921C7F1E002FF2D16B
:10FAC00003F00109B9F1000F01D011880170BDE800
:10FAD000F083024600207047024611B98020A2F848
:10FAE0004C00002070472DE9F04704460D461E46A5
:10FAF00006F1010A4FEA5A08A146284609F5806A2C
:10FB00000AEB420347460BE090F800C0401C90F817
:10FB100000A04CEA0A2119809B1C9B1C401C7F1EE4
:10FB2000002FF1D1BDE8F08700BFFEE72DE9F04FCF
:10FB3000A7B00546C820269000202590219010905F
:10FB4000002780460F900D900C900B904AF6AA204B
:10FB5000FE4909680860002403E0002019A908553F
:10FB6000641C102CF9D31DB900208DF8660008E341
:10FB7000162D79D1F64880788DF866000E909DF8A4
:10FB80006600642803DB002027B0BDE8F08F9DF8F5
:10FB90006600002801DA0020F6E7ED48C07864210D
:10FBA00090FBF1F201FB12000190E94840790090CE
:10FBB000E7480079431CE7A102A8019A00F02EFD56
:10FBC000002407E002A8005D202802D1302002A90D
:10FBD0000855641C0A2C03D202A8005D0028F1D14C
:10FBE0009DF8090030389DF80810303901EB81018B
:10FBF00000EB4100C0B28DF867009DF80C00303872
:10FC00009DF80B10303901EB810100EB4100C0B2CF
:10FC10008DF868009DF80F0030389DF80E103039CF
:10FC200001EB810100EB4100C0B28DF869004AF69A
:10FC3000AA20C649096808609DF8670000280FDB04
:10FC40009DF8680001280BDB9DF868000C2807DC94
:10FC50009DF86900012803DB9DF869001F2804DD79
:10FC60000120C04908608FE78AE0B948C3798279EA
:10FC7000BDA102A800F0D2FC002407E002A8005DAC
:10FC8000202802D1302002A90855641C052C03D27B
:10FC900002A8005D0028F1D19DF8090030389DF8D8
:10FCA0000810303901EB810100EB4100C0B28DF842
:10FCB0006A009DF80C0030389DF80B10303901EBCC
:10FCC000810100EB4100C0B28DF86B000020A84913
:10FCD00008709DF86A00172803DC9DF86B003B282C
:10FCE00003DD01209F4908604EE74AF6AA209749A4
:10FCF000096808609648437A027A9BA102A800F03E
:10FD00008DFC002407E002A8005D202802D13020ED
:10FD100002A90855641C052C03D202A8005D002826
:10FD2000F1D19DF8090030389DF80810303901EB09
:10FD3000810100EB4100C0B28DF86C009DF80C0011
:10FD400030389DF80B10303901EB810100EB410098
:10FD5000C0B28DF86D000020854908709DF86C00D8
:10FD6000172803DC9DF86D003B2803DD01207D4949
:10FD7000086009E74AF6AA2074490968086000E2A9
:10FD8000172DFCD0182D6ED171488078642190FB1E
:10FD9000F1F201FB120001906D48007900906C486F
:10FDA000C3786CA102A8019A00F038FC002407E097
:10FDB00002A8005D202802D1302002A90855641C49
:10FDC0000A2C03D202A8005D0028F1D19DF8090099
:10FDD00030389DF80810303901EB810100EB41000B
:10FDE000C0B28DF867009DF80C0030389DF80B10FC
:10FDF000303901EB810100EB4100C0B28DF86800A1
:10FE00009DF80F0030389DF80E10303901EB81015C
:10FE100000EB4100C0B28DF869009DF86700002832
:10FE20000FDB9DF8680001280BDB9DF868000C28AB
:10FE300007DC9DF86900012803DB9DF869001F2895
:10FE400003DD0120474908609EE64AF6AA203F49A3
:10FE5000096808603E488379427943A102A800F00E
:10FE6000DDFB002408E091E002A8005D202802D11B
:10FE7000302002A90855641C052C03D202A8005D9D
:10FE80000028F1D19DF8090030389DF8081030396C
:10FE900001EB810100EB4100C0B28DF86A009DF8D2
:10FEA0000C0030389DF80B10303901EB810100EB6C
:10FEB0004100C0B28DF86B0000202D4908709DF8FC
:10FEC0006A00172803DC9DF86B003B2803DD012046
:10FED0002449086058E61E48037AC27922A102A884
:10FEE00000F09CFB002407E002A8005D202802D15E
:10FEF000302002A90855641C052C03D202A8005D1D
:10FF00000028F1D14AF6AA201049096808609DF836
:10FF1000090030389DF80810303901EB810100EB01
:10FF20004100C0B28DF86C009DF80C0030389DF88F
:10FF30000B10303901EB810100EB4100C0B28DF8AC
:10FF40006D0000200A49087014E0000048080020F5
:10FF500088040020253032642F2532642F25326436
:10FF600000000000100200202532643A25326400AF
:10FF7000420000209DF86C00172803DC9DF86D00FE
:10FF80003B287BDD0120F9490860FDE5192D75D17D
:10FF9000F7488078642190FBF1F201FB1200019098
:10FFA000F34800790090F248C378AFF2580102A8F4
:10FFB000019A00F033FB002407E002A8005D20282E
:10FFC00002D1302002A90855641C0A2C03D202A8D1
:10FFD000005D0028F1D19DF8090030389DF8081027
:10FFE000303901EB810100EB4100C0B28DF86700B0
:10FFF0009DF80C0030389DF80B10303901EB810171
:020000040801F1
:1000000000EB4100C0B28DF868009DF80F00303859
:100010009DF80E10303901EB810100EB4100C0B2B8
:100020008DF869004AF6AA20D249096808609DF84F
:10003000670000280FDB9DF8680001280BDB9DF8A6
:1000400068000C2807DC9DF86900012803DB9DF897
:1000500069001F2803DD0120C449086094E54AF6C1
:10006000AA20C44909680860C14883794279AFF27F
:10007000081102A800F0D2FA002408E081E002A8EA
:10008000005D202802D1302002A90855641C052CEF
:1000900003D202A8005D0028F1D19DF80900303894
:1000A0009DF80810303901EB810100EB4100C0B22E
:1000B0008DF86A009DF80C0030389DF80B1030392F
:1000C00001EB810100EB4100C0B28DF86B00002014
:1000D000A94908709DF86A00172803DC9DF86B0099
:1000E0003B2803DD0120A14908604DE54AF6AA201E
:1000F000A049096808609E48037AC279AFF2981156
:1001000002A800F08BFA002407E002A8005D202876
:1001100002D1302002A90855641C052C03D202A884
:10012000005D0028F1D19DF8090030389DF80810D5
:10013000303901EB810100EB4100C0B28DF86C0059
:100140009DF80C0030389DF80B10303901EB81011F
:1001500000EB4100C0B28DF86D00002086490870A8
:100160009DF86C00172803DC9DF86D003B2803DD2B
:1001700001207E49086007E54AF6AA207D49096802
:1001800008607D4800780F904AF6AA2079490968EE
:100190000860F6F777FD8346002026902846E91789
:1001A00005EB11610912A5EB0121C9B28DF86410AC
:1001B000E91705EB1161090A8DF8651000274AF669
:1001C000AA206C4909680860002403E019A8005DB2
:1001D0004740641C0F2CF9D34AF6AA2065490968E8
:1001E00008608DF87370B2E14AF6AA206149096887
:1001F0000860F6F747FDA0EB0B0042F22831884279
:1002000004D90120269059490860A1E14AF6AA20A4
:1002100058490968086022A8F9F7C0FB20B122A854
:10022000F9F7BCFB00B192E110210020F9F7FAFACE
:1002300070B122A8F9F7B2FB20B122A8F9F7AEFB02
:1002400000B184E110210020F9F7ECFA00B17EE161
:1002500011A90120F9F740FB00B178E19DF8449025
:100260009DF8450009EB00299DF846609DF8470080
:1002700006EB00269DF8480006EB00469DF8490075
:1002800006EB006609F40040B0F5004F08D1C9F351
:100290000E0946F6292089EA00094BF2A6204640BD
:1002A0004AF6AA2033490968086036B1092E04D8F5
:1002B00001202E490860002066E40B2E06D3312E63
:1002C00004D801202949086000205DE44AF6AA20EC
:1002D00028490968086041F6D63081450CD143F2BF
:1002E000BD40864208D343F2ED40864204D8012047
:1002F0001E490860002047E44AF6AA201D49096803
:10030000086039210420F9F78DFA78B122A8F9F7AD
:1003100045FB28B122A8F9F741FB08B1012033E4DD
:1003200039210420F9F77EFA00B110E111A911205A
:10033000F9F7D2FA10B339210420F9F773FA78B13A
:1003400022A8F9F72BFB28B122A8F9F727FB08B15F
:10035000012019E439210420F9F764FA00B1F6E02C
:1003600011A91120F9F7B8FA40B1F0E0100200200D
:100370008804002048080020420000204AF6AA20F5
:100380007649096808600027002403E011A8005D91
:100390004740641C0F2CF9D34AF6AA206F4909681C
:1003A00008604FF0000A9DF85300B84205D19DF84F
:1003B00044A09DF845000AEB002A4AF6AA206749A6
:1003C0000968086000206649087048708870C87025
:1003D000AB200871CD2048711220F9F705FB00B160
:1003E000B5E055454ED00AA90DA8F5F7C3FE8046E5
:1003F000B8F1010F04D10AA90DA8F5F7BBFE80469C
:10040000B8F1000F03D0B8F15A0F00D09FE00D985B
:10041000A0B301205349087053490870534908702C
:10042000BAF1170F02D0BAF1190F02D102204F49C9
:10043000087040F2DC510D98F9F73EFB00204B4963
:10044000087048490870484908704AF6AA2043498C
:10045000096808600AA90DA8F5F78CFE8046B8F176
:10046000010F04D10AA90DA8F5F784FE8046B8F162
:10047000000F04D0B8F15A0F01D068E002E00D98E7
:1004800000B164E02846E91705EB11610912A5EBFC
:100490000121C9B28DF86410E91705EB1161090A51
:1004A0008DF865100E988DF8660000274AF6AA2090
:1004B0002A4909680860002403E019A8005D474044
:1004C000641C0F2CF9D38DF873704AF6AA202349C7
:1004D0000968086039210420F9F7A4F970B122A84D
:1004E000F9F75CFA20B122A8F9F758FA00B12EE02A
:1004F00039210420F9F796F900B128E019A9112053
:10050000F9F772FAC8B139210420F9F78BF970B103
:1005100022A8F9F743FA20B122A8F9F73FFA00B16F
:1005200015E039210420F9F77DF900B10FE019A990
:100530001120F9F759FA00B109E0022026900120B4
:100540000B4908600BA001F033F8002011E44BE6E2
:1005500000BF13A001F02CF800BF0AE448080020F7
:10056000081C00200C0200200D0200200E020020BA
:10057000100200207B2243223A7B225479706522AC
:100580003A224368616E67654F6647726F757022E5
:100590002C22537461747573223A307D7D0A0000F9
:1005A0007B2243223A7B2254797065223A224368A7
:1005B000616E67654F6647726F7570222C225374A7
:1005C00061747573223A317D7D0A000070B504466E
:1005D0000D46002210210848F6F74EFB7E2101EA65
:1005E0004400FBF7C9FE2846FBF7C6FE0122102196
:1005F0000148F6F741FB70BD000801400FB4054B00
:1006000010B503A9044A029800F048F810BC5DF840
:1006100014FB0000F50B01082C0200200FB4084B5E
:1006200010B504A902AA039800F038F8044602A9FC
:10063000002000F0D4F9204610BC5DF814FB000047
:10064000DF09010802480068C0F30220704700007B
:100650000CED00E010B5002804DB0A07130E054A74
:10066000135406E00A07140E034A00F00F031B1F81
:10067000D45410BD00E400E018ED00E002E008C82A
:10068000121F08C1002AFAD170477047002001E00C
:1006900001C1121F002AFBD1704700002DE9FF4F56
:1006A0008BB088460546002606E025280BD0DDE9FC
:1006B0000D1290476D1C761C28780028F5D10FB0DC
:1006C0003046BDE8F08F0024A146A2460122AE4983
:1006D00000E0044315F8013F203B02FA03F0084212
:1006E000F7D128782A2810D06FF02F022878A0F1AF
:1006F0003001092915D809EB890102EB410144F0C9
:10070000020400EB01096D1CF0E758F8041B5FEAD6
:10071000010903D544F40054C9F1000944F002046E
:100720006D1C28782E2817D115F8010F44F0040409
:100730002A280ED06FF02F022878A0F13001092965
:100740000AD80AEB8A0102EB410100EB010A6D1C99
:10075000F2E758F804AB6D1C28786C280FD006DC43
:100760004C2817D068280DD06A2814D104E07428CA
:1007700010D07A280FD10DE044F400140AE044F4BC
:10078000801401E044F440146978814202D104F5F8
:1007900080146D1C6D1C2878692865D006DC002843
:1007A0008DD0632827D0642806D15DE06E2808D05C
:1007B00073282AD0752877D0DDE90D129047761C72
:1007C000E0E0C4F30250022809D003280DD0D8F885
:1007D000001004280DD00E6008F10408D2E0D8F80B
:1007E0000010F217C1E90062F6E7D8F800100E8099
:1007F000F2E70E70F0E718F8041B8DF800100020E7
:100800008DF80100EB46012003E058F804BB4FF0DF
:10081000FF3061074FF0000701D40AE07F1C574505
:100820000DDA8742FADB1BF807100029F6D106E043
:100830007F1C8742FCDB1BF807100029F8D1DDE99B
:100840000D23A9EB07008146214600F0B1F83044A2
:10085000C61904E0DDE90D121BF8010B90477F1E5D
:10086000F8D22146484688E058F8040BC4F30251F8
:100870004FF00A0B032900D100B2042900D140B285
:10088000002802DA40422D2102E0210505D52B2166
:100890008DF82410012104E006E0E10710D02021AA
:1008A000F6E708AF089113E058F8040BC4F30251BF
:1008B0004FF00A0B032900D180B2042900D1C0B245
:1008C0000021EEE75946F5F768F8303107F8011DC9
:1008D0000028F7D1ADEB070000F1200B600702D52F
:1008E00024F4803401E04FF0010ADA4502DDAAEB7E
:1008F0000B0000E00020824600EB0B010898014449
:10090000A9EB01000A90E00306D4DDE90D2321469E
:100910000A9800F04DF806444FF0000908E009A9D4
:1009200011F80900DDE90D12904709F10109761C63
:1009300008998945F3DBE0030CD5DDE90D23214659
:100940000A9800F035F8064404E0DDE90D12302085
:100950009047761CBAF10001AAF1010AF5DC05E026
:10096000DDE90D1217F8010B9047761CBBF1000171
:10097000ABF1010BF4DC0A982146DDE90D2300F010
:1009800005F806446D1C97E6092801002DE9F041A1
:10099000044600251E461746880404D405E039465F
:1009A0002020B0476D1C641EF9D52846BDE8F081B3
:1009B0002DE9F041044600251E469046C80301D5A6
:1009C000302700E02027880404D505E0414638465A
:1009D000B0476D1C641EF9D52846BDE8F0810A6851
:1009E000531C0B601070704710B50120F5F7C6FE60
:1009F00009A000F0DDFD0020144908600120144921
:100A0000087014490870144908704FF4167113489F
:100A1000F4F7B1FF10BD00007B2252656365697673
:100A200065223A7B22537461747573223A32367DA3
:100A30002C2243223A7B2254797065223A22436168
:100A40006E73656C227D7D0A000000001800002096
:100A50004C0000204F00002051000020880400209E
:100A6000014601F0030090B96420B1FBF0F200FBF5
:100A7000121050B94FF4C870B1FBF0F200FB121025
:100A800008B9012070470020FCE70120FAE70020A8
:100A9000F8E7000010B586B00446F5F73DFF0120E9
:100AA00004900F480390002001900120029005A9B6
:100AB00001A8F5F777FE78B9F5F7CCFE0598401C4C
:100AC00010B1002006B010BD24B9FF221021054846
:100AD000F4F74AFF0120F5E7F5F7BCFE0020F1E747
:100AE00040540008981B002000B500221021104639
:100AF00000F002F800BD000030B503465818402849
:100B000001D9002030BD18460FE02AB1094C044439
:100B100094F840441470521C102805D2054C04442B
:100B200094F84044044D2C54401CCC188442ECD81A
:100B30000120E7E700500008981B00202DE9F0474E
:100B400006468946154606EB0900402802D90020D2
:100B5000BDE8F0870DB90020FAE7F5F7DDFE0024C7
:100B600013E02A5D601C285C42EA0020C317074698
:100B7000A019094A81183A460120F5F775FE18B107
:100B8000F5F768FE0020E3E7A41C4C45E9D3F5F730
:100B900061FE0120DCE700004054000810B506A00B
:100BA00000F006FD0020114908704FF4167110483E
:100BB000F4F7E1FE10BD00007B22526563656976A3
:100BC00065223A7B22537461747573223A32367D02
:100BD0002C2243223A7B2254797065223A224574B2
:100BE00065626172227D7D0A000000004C000020D9
:100BF0008804002013B50C4601216846F4F7A8FFCD
:100C00000120F5F7BBFD00981CBD000000B585B0C4
:100C10000120F5F7B3FD002215491648F7F752FDFC
:100C2000002215491348F7F7EFFC134800781249E2
:100C30008978114A5278104BDB78CDE90132CDE941
:100C400003100B48807800900948437802780BA184
:100C50001948FFF7E3FC184800F0AAFC0120F5F75B
:100C60008DFD4FF416711548F4F785FE05B000BDF3
:100C70006600002054080020690000207B225422D6
:100C80003A7B2248223A25642C224D223A25642CB4
:100C90002253223A25642C2259223A25642C226DB3
:100CA000223A25642C2244223A25642C2257223AE7
:100CB00025647D7D0A000000E006002088040020F5
:100CC00070B504460D46002617E0012251020C487B
:100CD000F5F7D2FF2846F5F751FD00224FF40071D9
:100CE0000748F5F7C9FF2846F5F748FD01225102EC
:100CF0000348F5F7C1FF701CC6B2A642E5DB70BD24
:100D00000008014088B000BFF5F7FEFFFCF78DF842
:100D1000F9F780FEF9F7FAFEF9F710FFF9F732FF5D
:100D2000F9F766FFF9F77CFFF9F7DCFEFE48F8F704
:100D30002BF9FE480068C06840F02000FB490968B4
:100D4000C8600A20F5F71AFDF9480068C06840F04D
:100D50002000F7490968C8600020F6490860F9F7E3
:100D6000E1FCFFF7C1FE1E210720FFF7A9FF4FF4AA
:100D70007A70F5F703FDF9F76FFF4FF47A70F5F726
:100D8000FDFC0120EC4908705AE24AF6AA20EB4922
:100D900009680860F9F7C6FCE948006800286FD0C8
:100DA0000120F5F7EBFCE7480078672869D012DCF2
:100DB000562823D008DC2A286AD045286ED0462839
:100DC00072D04E2871D19FE05A287BD063287FD003
:100DD0006628F7D190E073286AD008DC682851D0E3
:100DE0006E286ED0702845D07228EBD112E075289D
:100DF0000AD0802832D08128E4D135E000F0F4FB1D
:100E00000120D1490870A1E000F028FD0120CE4961
:100E100008709BE0CDA000F0CBFB0A20F5F7AEFCFC
:100E200000BF00BF00BF00BF00BFBFF34F8F00BFB8
:100E300000BF00BFCC48006800F4E060CB49084325
:100E4000001DC949086000BF00BF00BFBFF34F8F3E
:100E500000BF00BF00BF00BF00BFFDE700F088FC7F
:100E60000120B949087071E0FFF7D0FE0120B649B2
:100E700008706BE0FAF7BAFF0120B349087065E02B
:100E800070E016E0FBF70CF90120AF4908705DE057
:100E90000120B7490870AC49087057E0FFF77EFEA3
:100EA0000120A949087051E036E03DE00AE00FE07A
:100EB00014E0A4494878FBF73BFB0120A2490870E5
:100EC00044E011E000F018FD01209F4908703DE06A
:100ED000FFF78AFD01209C49087037E000F0F2FB23
:100EE00001209949087031E031216E2000F09CFA10
:100EF00001209549087029E03121662000F094FA1C
:100F000001209149087021E032216E2000F08CFA16
:100F100001208D49087019E03221662000F084FA22
:100F200001208949087011E092A000F041FB1320D4
:100F3000974908700020844908704FF41671814861
:100F4000F4F719FD00207E49086000BF00BF1320A0
:100F50008F49087000207C49087079490860012099
:100F6000F5F70CFC8248007808B1FAF773FF714876
:100F7000006890B10A20F5F701FC6E4801688548C9
:100F8000F4F7E6FD00206B4908600A20F5F7F6FB50
:100F90004FF416717F48F4F7EEFC7F48F8F7FEFC3B
:100FA00020B17D48F8F7FAFC00B149E1102100209A
:100FB000F8F738FC70B17848F8F7F0FC20B17648C3
:100FC000F8F7ECFC00B13BE110210020F8F72AFC17
:100FD00000B135E10120714908707149F8F77CFCD6
:100FE00000287DD16E488079AB287AD16C48C079D1
:100FF0000028FAD16A48C07B0028F6D167480078FB
:1010000000286ED0664800786649086064484078D9
:10101000096801EB002063490860614880786249F3
:1010200008605F48C078096801EB00205E490860ED
:101030005B480079096801EB00405B49086058484B
:101040004079096801EB006057490860554800681D
:1010500000F40040B0F5004F13D152480068C0F3CF
:101060000E00504908600846006846F629214840AD
:101070004C4908604C4800684BF2A62148404A4958
:1010800008604A48007800284CD04948007840B9A8
:101090004848007880F00100464908703E4800F05A
:1010A00001F945480078D8BB00204449086044480D
:1010B000F4F78EFEA8BB43484349444A444BCDE96C
:1010C0000432CDE906103E4A4248016842480068B1
:1010D0003A4B1B68CDE90030CDE90212104601E021
:1010E000ADE0A7E02F4A304903680220F9F7FEFD82
:1010F0002749087008460078092879D131483249D3
:10110000324A334BCDE90432CDE906102C4831493F
:101110000A6831490968294B1B68CDE900315DE057
:101120007EE07AE081E063E0C00800204C09002006
:1011300008090020140000200200002048080020B8
:101140000C00002088040020510000207B22526502
:1011500063697665223A7B22537461747573223A0F
:1011600037307D7D0A0000000CED00E00000FA053C
:10117000500000207B2252656365697665223A7BC8
:1011800022537461747573223A31397D0A0000006C
:1011900008000020300200205400002064000020DD
:1011A000E4070020600000205C0000200100002017
:1011B0004D0000204C0000204F00002024000020A3
:1011C000300000203D0000203C00002020000020D6
:1011D000380000202C00002028000020CDE902204B
:1011E000184A194903680220F9F780FD1749087069
:1011F0001748F4F7EDFD80B91548036813480278E5
:1012000014A11D48FFF70AFA1B4800F0D1F91B484A
:10121000007880F001001949087000201849087012
:101220004FF47A70F5F7AAFA07E032210A20FFF7A7
:1012300047FD02E013A000F0BBF9F9F773FA00BF15
:10124000A3E50000600000205C00002008000020F2
:10125000300000207B2243223A7B22537461747554
:1012600073223A25752C22457465626172223A25F3
:10127000757D7D0A00000000E40700204F0000207B
:101280004D0000206572726F720A000010B50446AE
:1012900001231A4621460248F8F741FA10BD000022
:1012A0004C0900202DE9F043BBB00746F5F7EAFCF6
:1012B00081460020049003907DE04AF6AA203E4932
:1012C00009680860F5F7DEFCA0EB0900B0F57A7F4D
:1012D00006D93AA000F06CF9FF203BB0BDE8F083DE
:1012E0003846F8F75BFB20B13846F8F757FB00B1FA
:1012F00061E039210420F8F795FA70B13846F8F723
:101300004DFB20B13846F8F749FB00B153E03921D5
:101310000420F8F787FA00B14DE039210420F8F7EE
:1013200081FA002846D137A91120F8F7D5FA00280C
:1013300040D10026002504E037A8405D4640681CE7
:10134000C5B20F2DF8DB9DF8EB00B0422DD19DF812
:10135000DC409DF8DD0004EB0020C4B264B1162C23
:101360000AD0172C08D0182C06D0192C04D018A09D
:1013700000F01EF9FF20B0E79DF8DE8003A904A865
:10138000F4F7F8FE80B9DDE903108DE81300154885
:1013900003681548026815A105A8FFF73FF905A8DD
:1013A00000F006F9002098E705E009A000F000F938
:1013B000FF2092E700BF80E7480800207B224322FD
:1013C0003A7B22537461747573223A317D7D0A0031
:1013D0007B2243223A7B22537461747573223A3222
:1013E0007D7D0A00600000205C0000207B224322FB
:1013F0003A7B224944223A25642C225543223A253D
:10140000642C22457465626172223A25752C22484B
:1014100065646965223A25642C224D6F64656C22EF
:101420003A25647D7D0A000070B504460D46312DD5
:101430002AD16E2C12D1012211022A48F5F71CFC88
:101440000120F5F79BF928A000F0B2F801203249FD
:1014500008704FF416713148F4F78DFA662C13D1E9
:1014600000224FF480711F48F5F706FC0120F5F7C4
:1014700085F92BA000F09CF80120274908704FF453
:1014800016712648F4F777FA322D2AD16E2C12D134
:10149000012291021348F5F7EFFB0120F5F76EF9F1
:1014A0002BA000F085F801201B4908704FF416713D
:1014B0001A48F4F760FA662C13D100224FF48061C9
:1014C0000848F5F7D9FB0120F5F758F92CA000F0F2
:1014D0006FF80120104908704FF416710F48F4F7A7
:1014E0004AFA70BD000801407B2252656365697647
:1014F00065223A7B22537461747573223A32367DC9
:101500002C225231223A7B22537461747573223A31
:1015100032337D7D0A000000510000208804002045
:101520007B2252656365697665223A7B225374613A
:10153000747573223A32367D2C225231223A7B2244
:10154000537461747573223A32347D7D0A00000051
:101550007B2252656365697665223A7B225374610A
:10156000747573223A32367D2C225232223A7B2213
:10157000537461747573223A32337D7D0A00000022
:101580007B2252656365697665223A7B22537461DA
:10159000747573223A32367D2C225232223A7B22E3
:1015A000537461747573223A32347D7D0A000000F1
:1015B00070B504462046F4F7E9F9C5B2294620463D
:1015C000F4F7C6FA00224FF400710648F5F754FB11
:1015D0000120F5F7D3F8012251020248F5F74CFB40
:1015E00070BD00000008014000B599B06421684654
:1015F000F4F7C1F9052211A16846FFF70FF8684614
:10160000FFF7D6FF1DA0FFF7D3FF0120F5F7B6F8CF
:101610001DA0FFF7CDFF0120F5F7B0F81FA0FFF7E1
:10162000C7FF1FA221A124A0FEF7E8FF4FF4167107
:101630002348F4F7A0F919B000BD00007B224669E9
:10164000726D77617265223A7B2246223A312C22F2
:1016500044657669636554797065223A22416D75F7
:1016600073656D656E745061726B222C2252656CCD
:1016700065617365223A3025640000002C22426FB8
:101680006F74223A310000002C2252656164657249
:1016900054797065223A5243353232007D7D0A001A
:1016A00031363A31303A323200000000417567205D
:1016B000203320323032320025732025730A000097
:1016C0008804002010B50C48007810B90BA0FFF773
:1016D0006FFF0948007810B116A0FFF769FF0648B0
:1016E000007880F00100044908704FF416711F481B
:1016F000F4F741F910BD00004D0000207B22526537
:101700006365697665223A7B22537461747573222E
:101710003A32367D2C2243223A7B2254797065225C
:101720003A22556E53656E6453657269616C227D11
:101730007D0A00007B2252656365697665223A7BEB
:1017400022537461747573223A32367D2C224322FF
:101750003A7B2254797065223A2253656E64536550
:101760007269616C227D7D0A0000000088040020FF
:1017700010B51CA0FFF71CFF2848407828490870C6
:101780002648807848702548C078887023480079BA
:101790002449887021484079487020488079087031
:1017A0001E48C079C8700120F4F7E8FF00221C49E8
:1017B0001D48F7F7FDF810B11CA0FFF7F9FE012056
:1017C000F4F7DCFF002217491748F7F743F810B188
:1017D0001CA0FFF7EDFE4FF416711048F4F7CBF89C
:1017E00010BD00007B2252656365697665223A7BF5
:1017F00022537461747573223A32367D2C2254223E
:101800003A7B2254797065223A2253657454696D8B
:101810006544617465227D7D0A0000008804002013
:101820006600002069000020540800207B2254221A
:101830003A7B22537461747573223A3132387D7D5C
:101840000A0000007B2254223A7B22537461747593
:1018500073223A3132397D7D0A00000010B5FFF75E
:1018600043F9002819D06420F4F788FF0020FFF71F
:1018700011F90CA208210020FFF760F948B10520FA
:10188000F4F77CFF0AA0FFF793FE0520F4F776FF3C
:1018900006E010A0FFF78CFE02E00EA0FFF788FE26
:1018A00010BD0000426F6F5431323334000000002D
:1018B0007B225570646174654669726D77617265EB
:1018C000223A7B22537461747573223A32367D0A50
:1018D000000000007B225570646174654669726D7A
:1018E00077617265223A7B22537461747573223A70
:1018F00031397D0A0000000010B51EA0FFF758FE28
:101900002A4840782A490860284880782949087080
:101910002648C0782849087024480079274908706B
:101920002248407926490870204880792549087066
:101930001E48C07900061D49097A00EB01401B4989
:10194000497A00EB01201949897A08441E49086048
:1019500000201E49087001201D49087000201D4903
:10196000087001201C4908704FF416710F48F4F7F5
:1019700002F810BD7B2252656365697665223A7B69
:1019800022537461747573223A32367D2C224322BD
:101990003A7B2254797065223A225A69726F4574F3
:1019A00065626172227D7D0A0000000088040020CB
:1019B000440000203E0000203F00002040000020A6
:1019C00041000020420000202C0000204F00002099
:1019D0004D00002050000020510000201F1C1F1E41
:1019E0001F1E1F1F1E1F1E1F000000000000000002
:1019F00001020304060708090000000001020304B5
:101A0000895171F21DCB00000000000000000000B1
:101A10008D5F307CF05E00000000000000000000E0
:101A2000B22CE4247D9000000000000000000000C3
:101A3000579B07B3A4E9000000000000000000006D
:101A4000E32F50F2E3D0000000000000000000008F
:101A5000E9C1254FA07D000000000000000000004B
:101A6000FFFFFFFFFFFF000000000000000000007C
:101A7000901A01080000002030020000EC59000814
:101A8000741B010830020020F82300008C060108B6
:101A9000413201F214022503A50A02113019482926
:101AA0004B01119A01161355D81B089D041AAD0459
:101AB0001AD1041309D91B0821081A65041312014D
:101AC000140202021640830440571D02010203382B
:101AD0000E21040309041A8D13ED5A1B08E9041A98
:101AE000590413115B42085A10DC8173B2074B246E
:101AF000F4BE120632022A402413B1D41408F1D3E2
:101B00004C08D3D53C1A3F101A41101ABD04C11A13
:101B100091181A81041AA1041A71041C090243AB1A
:101B2000111DC03209046D1A020B13052416100191
:101B300005240110090104240202052406170107E7
:101B4000058203081C100904E1320A1D0705010281
:101B50007B2C07058107110937442A40072A810792
:101B6000112B0907440A3B0444011014051437F2F1
:041B70000100000070
:04000005080058EDAA
:00000001FF
