:020000040800F2
:10580000E035002001590008EDB4000895AB000810
:10581000E9B400081160000855F20008000000001B
:10582000000000000000000000000000A9C1000806
:105830004F62000800000000E7B80008E9C4000853
:105840001B5900081B5900081B5900081B59000868
:105850001B5900081B5900081B5900081B59000858
:105860001B5900081B5900081B5900081B59000848
:105870001B5900081B5900081B5900081B59000838
:105880001B5900081B5900081B5900081B59000828
:105890009DF100081B5900081B5900081B590008FE
:1058A0001B5900081B5900081B5900081B59000808
:1058B0001B590008A5C500081B5900081B59000802
:1058C0001B5900081B5900081B5900081B590008E8
:1058D0001B590008B9C90008C9C9000821CA000835
:1058E0001B5900081B5900081B590008DFF80CD091
:1058F00000F08AF90048004719000108E03500204F
:105900000648804706480047FEE7FEE7FEE7FEE759
:10591000FEE7FEE7FEE7FEE7FEE7FEE795C50008C7
:10592000ED580008202A04DB203A21FA02F0002179
:10593000704721FA02F3D040C2F12002914008439F
:105940001946704740EA01039B0703D009E008C9E4
:10595000121F08C0042AFAD203E011F8013B00F834
:10596000013B521EF9D27047D2B201E000F8012B80
:10597000491EFBD270470022F6E710B513460A46CF
:1059800004461946FFF7F0FF204610BD421C10F8F0
:10599000011B0029FBD1801A704700000FB400B52D
:1059A0008DB010A909900B9000914FF0FF300A9034
:1059B00000200C9005480690054807906A4609A803
:1059C0000F9900F0F3F80DB05DF814FBC95B000807
:1059D000E75B00082DE9FF5F1D464FF0FF3BD5E96F
:1059E000014691465F464FF00008A9697F1C019867
:1059F0008847296A824688470028F6D1BAF1FF3FD6
:105A00000CD024F4C064002E19DD600614D5BAF160
:105A10002B0F09D0BAF12D0F0ED103E0584604B078
:105A2000BDE8F09F44F48064A9697F1C0198884711
:105A3000761E8246002E02DDBAF1300F03D0B9F196
:105A4000000F26D032E0A969761E44F400747F1C52
:105A5000019888478246002E05DDBAF1780F06D0FE
:105A6000BAF1580F03D0B9F1000F10D01EE0B9F110
:105A7000000F02D0B9F1100F18D1A969761E24F4D5
:105A800000747F1C019888478246102002E008209D
:105A900000E00A20814609E008FB0908A969761E92
:105AA00044F400747F1C019888478246002E05DD6F
:105AB0004946504600F065F80028EDDAE96901989A
:105AC0008847A00502D46FF00100A8E7E00725D1C0
:105AD000600613D5600502D5C8F1000000E040461D
:105AE00029680A1D2A600968220501D5087015E099
:105AF000220701D5088011E008600FE02868011D29
:105B000029600068210502D580F8008006E02107A1
:105B100002D5A0F8008001E0C0F8008038467EE79A
:105B20002DE9F05F0546002092469B4688460646D2
:105B3000814640241BE02846414647462246FFF75F
:105B4000F1FE53465A46C01A914110D311461846E9
:105B5000224600F06BF82D1A67EB01084F462246EB
:105B60000120002100F062F817EB00094E41201ED1
:105B7000A4F10104DFDC484631462A464346BDE82D
:105B8000F09F3A2800D2303820F02002412A01D379
:105B9000A2F13700884201D34FF0FF307047000078
:105BA000026811441378016018467047D1600449B7
:105BB00051610449116200211161114600F04AB897
:105BC000A15B00084B5C0008426842B1016811F813
:105BD000013B23B1521EC0E9001218467047012153
:105BE000C160881E704742685AB1C368016843B9F2
:105BF00083688B4205D0491E521CC0E90012002068
:105C000070474FF0FF307047064C074D06E0E068E4
:105C100040F0010394E8070098471034AC42F6D3F3
:105C2000FFF768FE98160108B8160108202A04DB61
:105C3000203A00FA02F1002070479140C2F120039F
:105C400020FA03F3194390407047C0B24FF4F0516B
:105C500000F096B92DE9F34F8BB04FF0000801F139
:105C60000C000C464FF0010B46460DF1080A01905E
:105C70006269012101989047051E2DD0252D2CD059
:105C8000216A8847C0B16269012101989047216A61
:105C900088470028F7D1411E62690198904700E0CB
:105CA000761CA1690B988847216A88470028F7D19C
:105CB000E1690B988847DBE7A1690B98884707469D
:105CC000A84201D1761CD3E7E1690B9888477F1C75
:105CD00002D1B8F1000F6FD046E1002762693D465E
:105CE0003946019890472A2804D162690121019818
:105CF00090470125DFF8849262690121019890475D
:105D0000A0F130010A290AD24F45E5DC07EB8701F3
:105D100000EB4107303FDFD445F01005ECE7E90622
:105D200001D46FF000476C280AD04C2814D06828A2
:105D300015D06A280DD074281CD07A281AD01DE0FE
:105D400062690121019890476C2802D045F0040552
:105D500014E045F002050DE045F020050AE0626917
:105D6000012101989047682802D045F0080505E018
:105D700045F400656269012101989047C4E9015723
:105D800065283DD019DC58287AD00CDC452837D05E
:105D900004DC252826D0412831D131E046282FD0F7
:105DA00047282CD12CE05B2877D0612828D06328A5
:105DB0007CD0642823D15AE0D0E06F2848D008DC9A
:105DC00066281DD067281BD0692821D06E2816D1DF
:105DD00027E0702845D0732868D0752847D07828E8
:105DE0000DD14DE0A1690B988847054625283FF461
:105DF00069AFE1690B9888476D1C3FF46AAFB3E067
:105E000023466A466FF001000B99AFF300809EE0D5
:105E100045F040006060A80723464FF0000236D4EA
:105E20003EE0E8077FF447AF2068011D216000686D
:105E3000290501D506701BE7290701D5068017E75C
:105E4000A90703D5F117C0E9006111E706600FE764
:105E500045F040006060A80723464FF0080216D4C2
:105E60001EE040F60E0125EA0100606016E045F0F4
:105E700040006060A80723464FF00A0207D40FE0F5
:105E800045F040006060A80708D5234610226FF057
:105E900001000B99AFF3008059E007E02346102280
:105EA0006FF001000B99FFF795FD50E04FF00009EE
:105EB0004F464B46632802D05B2806D040E0E806F8
:105EC00001D40120A06001273AE062690121019814
:105ED00090475E2805D14FF0010962694946019853
:105EE0009047216939B900210A46534643F82120D9
:105EF000491C0829FADBB0B3216969B9C11700EB65
:105F0000D16253110AEB830122F01F02821A012091
:105F10000B68904003430B60626901210198904730
:105F20005D28E8D1B9F1000F09D00020514651F8A1
:105F30002020D24341F82020401C0828F7DB02AB88
:105F4000224600976FF001000B99AFF30080002804
:105F50000CDA401C08D1BBF1000F05D04FF0FF3028
:105F60000DB0BDE8F08FFFE74046F9E7E90701D142
:105F700008F1010806444FF0000B79E6CCCCCC0CBC
:105F80007F2801D9002208E0064A02EB5002C00730
:105F9000127800D1120902F00F020120904008404F
:105FA000704700008C15010870B58C1810F8015B63
:105FB00015F0070301D110F8013B2A1106D110F8A2
:105FC000012B03E010F8016B01F8016B5B1EF9D1A6
:105FD0002B0705D40023521E0DD401F8013BFAE72C
:105FE00010F8013BCB1A921C03E013F8015B01F897
:105FF000015B521EF9D5A142D8D3002070BD10B567
:10600000142005F04DFD0321142006F051F910BDB8
:1060100000BFFEE7CA7802600268120202608B7855
:1060200002681A4402600268120202604B78026839
:106030001A4402600268120202600B7802681A4475
:106040000260704730B50346042B15D007DC7BB1E6
:10605000012B0ED0022B0DD0032B30D10BE0202BC7
:106060000BD0212B18D0222B22D0232B27D125E097
:1060700026E025E024E023E022E0002003E00C5CA1
:10608000114D2C54401C0728F9DB00200F4C2070C8
:1060900001200F4C207013E0002003E00A4C245C28
:1060A0000C54401C0728F9DB0020084C207007E046
:1060B00006480078401C054C207001E000E000BF5D
:1060C00000BF002030BD00001401002008000020A7
:1060D0000900002000207047002003E00021064A4C
:1060E0001154401CB0F5167FF8D3002003490880F6
:1060F0000349088070470000E805002016000020D2
:106100001800002010B500220449054806F0EDFDF6
:106110000449034806F0E2FD002010BD4C160020A3
:10612000A00D0020641200202DE9F04105460E4626
:106130001449306808602946134806F0CFFD12481C
:1061400006F0A8FD377811480488002113E0685C48
:106150000F4A1055601C80B24FF4167290FBF2F398
:1061600002FB130084B20B480088844202D1022053
:10617000BDE8F081491CB942E9D3044804800020FD
:10618000F6E7000020000020A00D002016000020EF
:10619000E8050020180000202DE9F04104460D46D6
:1061A00000260A48D0F8B872D7F8140210B10120BE
:1061B000BDE8F0812A462146044806F096FD0348D2
:1061C00006F017FE06463046F2E70000A00D00205C
:1061D0002DE9F0410746884615460421052000F0C8
:1061E00029F880210A2006F063F8002405E0395DD3
:1061F000092009F031F8601CC4B24445F7DB0321E3
:10620000012009F029F8FF2400BF052005F048FC13
:106210000646601EC4B21CB106F004000028F4D08B
:10622000222005F03DFC2870212005F039FC687023
:10623000BDE8F08170B505460C46284605F030FCF7
:10624000064626EA0401284609F006F870BD7047A4
:1062500010B500F07DFB0020034908704FF4167163
:106260000248FFF788FB10BD1B000020E805002056
:1062700010B50020044908600449086005F0A8FF33
:1062800003A00AF057FD10BD00000020040000200C
:106290007B224D656D223A7B2253746174757322A3
:1062A0003A307D7D0A00000072B601E001F062FE26
:1062B000FCE700000021074AD1610749096941F064
:1062C0000401054A11611146096941F0400111615B
:1062D00070470000401F0020002002400021074AB4
:1062E000D1610749096941F00201054A116111466E
:1062F0004861096941F0400111617047401F002069
:10630000002002400022054BDA61054A126942F082
:106310000102034B1A61018070470000401F0020FA
:106320000020024000201E49C96801F0100139B167
:106330001C49C96941F002011A4AD16140F01000BC
:106340001749C96801F0040139B11649C96941F01A
:106350000101144AD16140F004001149C96901F0FA
:10636000010169B10F49C96941F004010D4AD161C8
:1063700000BF0B49C96921F00101094AD16100BF81
:1063800000BF40F20111884206D10549C96921F0D8
:106390000101034AD16101E00149C86000BF7047B3
:1063A00000200240401F002010B505F0A9FB00208E
:1063B00005F0C4FB642001F047FA10BD70B5044637
:1063C00001F0D0FC054609E0601C38B124B101F0B1
:1063D000C9FC401BA04201D9032070BD1248C0680F
:1063E00000F001000028EFD10F48C06800F0200045
:1063F00020B100BF20200C49C86000BF0A48C06817
:1064000000F0100048B90848C06900F0010020B948
:106410000548C06800F0040018B1FFF783FF0120B1
:10642000DBE70020D9E700000020024010B58EB065
:10643000342101A8FFF79FFA0D48047800200D4988
:1064400008600B49087001AA00214FF4987000F011
:1064500039FE642001F0F8F94FF416710648FFF791
:106460008AFA002003490860014804700EB010BD8C
:106470001B00002028000020900300202DE9F04799
:106480009AB007464FF0000A642101A8FFF773FA9B
:10649000D0460020D74908600024D7480578002658
:1064A000A14647E10020D3490860FFF7BFFF642001
:1064B00001F0CAF9F8B28DF80400380A8DF8050029
:1064C0000020CC49086001AA022140F2031000F02C
:1064D000F9FD40F2031009F0B9FB012806D1C7A06D
:1064E0000AF028FC01201AB0BDE8F087D3480078F4
:1064F000AA287DD1D14840785528FAD1CF48807854
:106500000328F6D1CD48C0780128F2D1CB48807954
:1065100000286ED1F9E0C948017A407A01EB0024E5
:106520004FF6F170844233D14FF0010AC44800782D
:10653000432810D1FFF77AFFAF480570012001F022
:1065400083F90020BF490880BD490870BEA00AF049
:10655000F1FB0020C7E70020A74908702246C7A129
:1065600001A808F0A1FE01A80AF0E4FB642101A83B
:10657000FFF701FA4FF4C87001F066F9701CC6B25B
:106580004AF6AA20CD4909680860002099490860A8
:106590004FF6F270844236D14FF0020AA8480078D4
:1065A000432810D1FFF742FF93480570012001F006
:1065B0004BF90020A3490880A1490870A2A00AF065
:1065C000B9FB00208FE700208B4908702246ABA161
:1065D00001A808F069FE01A80AF0ACFB642101A83B
:1065E000FFF7C9F94FF4C87001F02EF9002001E05F
:1065F00090E09BE07F490860701CC6B24AF6AA2072
:10660000AE49096808604FF6F370844233D14FF009
:10661000030A8B480078432810D1FFF707FF76481C
:106620000570012001F010F9002086490880844996
:10663000087085A00AF07EFB002054E700206E4918
:10664000087022468DA101A808F02EFE01A80AF0CC
:1066500071FB642101A8FFF78EF94FF4C87001F0B7
:10666000F3F8002063490860701CC6B24AF6AA20FD
:106670009249096808604FF6F470844221D1701C79
:10668000C6B200205C49087022467CA101A808F02F
:106690000BFE01A80AF04EFB642101A8FFF76BF97D
:1066A0004FF4C87001F0D0F80020524908606348E8
:1066B000017A407A01EB00244AF6AA207F49096852
:1066C00008604FF6F37084420ED0401E84420BD017
:1066D000401E844208D0C01C844205D024B14FF033
:1066E000010800264FF002093C2E0ED10026FFF7CC
:1066F0009DFE4FF416715148FFF73DF93E48057075
:106700006FA00AF017FB0020EDE6B8F1000F3FF490
:1067100002AF0BE0642001F097F84FF41671474880
:10672000FFF729F900203349086007E009F101006B
:1067300000F0FF09B9F1020FFFF6B4AE00BF3F4809
:106740000078AA283FD13D48407855283BD13B48A6
:106750008079002837D03948017A407A01EB00244B
:10676000642101A8FFF707F9602C0DD0142C0BD081
:10677000412C09D0232C07D0212C05D0302C03D05C
:10678000192C01D0512C05D1224657A101A808F09F
:106790008BFD04E0212254A101A808F085FD01A889
:1067A0000AF0C8FA00201349086013480570FFF783
:1067B0003DFE642001F048F84FF416711F48FFF7C2
:1067C000DAF800208FE6B8F1010F02D150A00AF0EC
:1067D000B1FA012001F038F84FF416711748FFF7AD
:1067E000CAF800200349086001200349087000200E
:1067F00079E60000280000201B0000207B22526563
:106800006365697665223A7B2253746174757322DD
:106810003A32367D2C2246223A7B22547970652208
:106820003A22456E726F6C6C222C2253746174751F
:1068300073223A2D317D7D0A000000009003002074
:10684000E8050020160000207B225265636569760A
:1068500065223A7B22537461747573223A32367D15
:106860002C2246223A7B2254797065223A224361D7
:106870006E73656C227D7D0A000000007B225265EC
:106880006365697665223A7B22537461747573225D
:106890003A32367D2C2246223A7B22547970652288
:1068A0003A22456E726F6C6C222C2253746174759F
:1068B00073223A25647D7D0A00000000BC0B002095
:1068C0007B2246223A7B2254797065223A22456E19
:1068D000726F6C6C222C22537461747573223A317E
:1068E000387D7D0A000000007B2246223A7B22543C
:1068F000797065223A22456E726F6C6C222C22539D
:106900007461747573223A25647D7D0A000000006D
:106910007B2246223A7B2254797065223A22456EC8
:10692000726F6C6C222C22537461747573223A302E
:106930007D7D0A0010B54FF416710348FFF71BF870
:1069400000200249086010BD9003002028000020AC
:1069500010B59AB0642101A8FFF70DF80024FFF7E5
:10696000E9FF00201749086001AA00214FF4837055
:1069700000F0A8FB4FF4837009F068F901280AD1F0
:1069800011A00AF0D7F94FF416711F48FEF7F3FF74
:1069900001201AB010BD1C4882791CA101A808F082
:1069A00083FC01A80AF0C6F9012000F04DFF4FF466
:1069B00016711548FEF7DFFF00202449087000BF5C
:1069C000E7E70000280000207B22526563656976B6
:1069D00065223A7B22537461747573223A32367D94
:1069E0002C2246223A7B2254797065223A22446551
:1069F0006C657465414C4C222C2253746174757320
:106A0000223A2D317D7D0A00900300207B225265C1
:106A10006365697665223A7B2253746174757322CB
:106A20003A32367D2C2246223A7B225479706522F6
:106A30003A2244656C657465414C4C222C22537497
:106A400061747573223A25647D7D0A001B00002065
:106A500030B599B00446002020490860FFF76AFF6E
:106A6000E0B28DF80000200A8DF801006A4602218C
:106A700040F2051000F026FB40F2051009F0E6F8A0
:106A8000012805D116A00AF055F9012019B030BD32
:106A900023480078AA281FD12148807930B920489E
:106AA000827920A1684608F0FFFB09E01C48017AC2
:106AB000407A01EB00252A461AA1684608F0F4FB4B
:106AC00068460AF037F9FFF735FF4FF4167114489E
:106AD000FEF751FF0020D9E70120D7E7280000206A
:106AE0007B2252656365697665223A7B2253746125
:106AF000747573223A32367D2C2246223A7B225418
:106B0000797065223A2244656C657465222C2253A3
:106B10007461747573223A2D317D7D0A0000000086
:106B2000900300207B2252656365697665223A7B7B
:106B300022537461747573223A32367D2C224622B8
:106B40003A7B2254797065223A2244656C657465FB
:106B5000222C22537461747573223A25647D7D0A58
:106B60000000000010B59AB0002026490860FFF729
:106B7000E1FE0020234908600A2000F065FE01AA1A
:106B8000002140F2071000F09DFA40F2071009F0D2
:106B90005DF8012805D11C480AF0CCF801201AB094
:106BA00010BD1A480078AA2825D1184840785528E1
:106BB00021D11648807807281DD11448C0780128B3
:106BC00019D11248017A407A01EB00249CB10F4898
:106BD000807928B922460EA101A808F065FB04E0DF
:106BE00022461B4901A808F05FFB01A80AF0A2F8A1
:106BF000012000F029FE4FF416710448FEF7BBFE99
:106C00000020CCE728000020CC15010890030020CC
:106C10007B2252656365697665223A7B22537461F3
:106C2000747573223A32367D2C2246223A7B2254E6
:106C3000797065223A22476574456D7074794944CC
:106C4000222C224944223A25647D7D0A000000005E
:106C5000541601082DE9F04FADF53B7D8246002723
:106C60000026B0460020A1490870A149086081466D
:106C7000FFF760FE00209E4908604FF416719D48A2
:106C8000FEF779FE0AF0FF008DF888024FEA1A201D
:106C90008DF88902A2AA02214FF4857000F012FA41
:106CA000322000F0D1FD01F05DF8A09052E001F03B
:106CB00059F8A099401A41F28831884211D98EA022
:106CC0000AF038F84FF416718A48FEF754FE012096
:106CD000864908700020864908600DF53B7DBDE8B7
:106CE000F08F4AF6AA208F4909680860804800683A
:106CF00040F25E21884200DB2DE07E480078AA2821
:106D000028D17C484078552824D17A4880780A28B0
:106D100020D17848807901281CD17548006818284E
:106D200018D17448017A407A01EB002B5A467EA1B3
:106D3000A2A808F0B9FAA2A809F0FCFF4FF4167156
:106D40006C48FEF718FE0120684908700020684969
:106D50000860C2E7ABE700BF002413E06548005DB0
:106D6000A5280ED16349601C085C5A2809D1A01CD3
:106D7000085C0A2805D1E01C085C012801D12746DF
:106D800003E0641CB4F5167FE8D300BF5949381DF1
:106D9000095C584A781D105C01EB0020051F114664
:106DA00007F10800095C401C105C01EB0020A19079
:106DB0000DB1A19888B90A2000F046FD4EA009F057
:106DC000B9FF4FF416714B48FEF7D5FD0120474936
:106DD00008700020464908607FE74FF40F7111A842
:106DE000FEF7C9FD0A2000F02FFD002407E007F19F
:106DF0000A0020443F49085C11A90855641CAC42B4
:106E0000F5D30120394908703A488079002858D1D3
:106E10002B4652464FA1A2A808F046FAA2A809F0B4
:106E200089FF4FF47A7000F00FFD4AF6AA203D4921
:106E3000096808604FF0010923E0A9F10100C0EBE7
:106E400080164FF0000807E011A8805D01A901F845
:106E50000800761C08F10108C9EB8910B042F3D88C
:106E60003F2101A8FFF798F94FF47A7000F0ECFC8D
:106E70004AF6AA202B490968086009F1010000F0D0
:106E8000FF09C9EB8910A842D7D3A9F10100C0EBD3
:106E900080164FF0000807E011A8805D01A901F8F5
:106EA0000800761C08F10108AE42F5D3414601A85E
:106EB000FFF772F9052000F0C7FC35A009F03AFF92
:106EC0000CE00C48017A407A01EB002B5A4616A1DF
:106ED000A2A808F0E9F9A2A809F02CFF4FF4167156
:106EE0000448FEF748FD00BFF7E600001A00002046
:106EF00028000020900300207B2246223A7B225467
:106F0000797065223A225265616454656D706C61D6
:106F10007465222C22537461747573223A2D317D6D
:106F20007D0A0000BC0B00207B2246223A7B2254C3
:106F3000797065223A225265616454656D706C61A6
:106F40007465222C22537461747573223A25647D12
:106F50007D0A00007B2246223A7B2254797065220A
:106F60003A225265616454656D706C617465222CBF
:106F7000224944223A25642C224461746153697A7F
:106F800065223A25642C2244617461223A22000071
:106F9000227D7D0A0000000010B59AB0642101A88E
:106FA000FEF7E9FC00202E49086001AA00214FF4F9
:106FB000817000F087F80F2000F046FC2948017A24
:106FC000407A01EB002427480078AA283FD12548C1
:106FD000407855283BD123488078022837D1214872
:106FE000C078012833D12048007801282FD1002013
:106FF0001D4908701B48807970B94FF6F4708442BF
:1070000025D0002C23D0224618A101A808F04CF965
:1070100001A809F08FFE1AE0122C0DD0152C14D106
:1070200022461DA101A808F03FF90020244908705C
:1070300001A809F07FFE09E0221D17A101A808F0B0
:1070400033F901A809F076FE00E000BF00BF4FF45D
:1070500016710448FEF78FFC00201AB010BD000026
:107060002800002090030020140000207B224622EC
:107070003A7B2254797065223A224964656E7469BC
:107080006679222C2254656D706C617465223A25F4
:10709000647D7D0A000000007B2246223A7B225458
:1070A000797065223A224964656E74696679222C8A
:1070B00022537461747573223A25647D7D0A000041
:1070C0001B0000202DE9F0418EB005460C4690468D
:1070D000002655208DF8040001A800F037FA553637
:1070E000AA208DF805000DF1050000F02FFAAA3650
:1070F0002846E91705EB11610912A5EB0121C9B278
:107100008DF806100DF1060000F020FA2846E91768
:1071100005EB11610912A5EB012131448EB2E9178B
:1071200005EB1161090A8DF807100DF1070000F059
:107130000DFA2846E91705EB116106EB21218EB205
:107140002046E11704EB11610912A4EB0121C9B239
:107150008DF8081002A800F0F9F92046E11704EBB9
:1071600011610912A4EB012131448EB2E11704EB45
:107170001161090A8DF809100DF1090000F0E6F916
:107180002046E11704EB116106EB21218EB20027A6
:107190000EE018F80710B81D01AA115408EB0700FB
:1071A00000F0D4F918F80700304486B2781CC7B252
:1071B000A742EEDB09E00021B81D01AA1154B91D58
:1071C000881800F0C3F9781CC7B2102FF3DB3046E3
:1071D000F11706EB11610912A6EB0121C9B28DF876
:1071E0001A100DF11A0000F0B1F93046F11706EB54
:1071F0001161090A8DF81B100DF11B0000F0A6F9B2
:1072000000270EB0BDE8F0812DE9F0438DB00446B3
:107210000E4617469946002500BF5A208DF80000FB
:10722000684600F093F95A35A5208DF801000DF15C
:10723000010000F08BF9A5352046E11704EB116140
:107240000912A4EB0121C9B28DF802100DF1020060
:1072500000F07CF92046E11704EB11610912A4EB60
:1072600001210D44E11704EB1161090A8DF80310A7
:107270000DF1030000F06AF92046E11704EB1161FB
:1072800005EB2125B01CC0B28DF8040001A800F068
:107290005DF9B01CC0B20544B01C000A8DF80500B1
:1072A0000DF1050000F052F9B01C05EB1025F8B205
:1072B0008DF806000DF1060000F048F9F8B205441B
:1072C000380A8DF807000DF1070000F03FF905EBD3
:1072D00017254FF0000808E009EB080000F036F928
:1072E00019F80800054408F10108B045F4D3E8B2E4
:1072F0008DF82F000DF12F0000F028F9280A8DF8E5
:1073000030000CA800F022F94FF000080DB0BDE8E5
:10731000F0830000F0B5ADF5297D06460D46144614
:107320006427642190A8FEF726FB4FF40F7101A893
:10733000FEF721FB012042490870A178607801EB3B
:1073400000262179E07801EB0025062004E0225C8C
:10735000811F01AB5A54401CA91D8842F7D3FFF787
:10736000E9FAE8B28DF84002280A8DF841024AF69F
:10737000AA2034490968086090AA022140F20B1043
:10738000FFF7A0FE40F20B1008F060FC4FF41671FE
:107390002D48FEF7F0FA00202C49086001AB324678
:1073A000294640F20B10FFF72FFF4AF6AA20254985
:1073B0000968086040F20B1008F048FC2248007889
:1073C000A5282DD12048807900281AD1A17860788D
:1073D00001EB00211C48027A407A02EB0020814236
:1073E0000BD132461AA190A807F05EFF90A809F0D1
:1073F000A1FC01202649087015E026A009F09AFC9E
:1074000011E01148007A602802D12EA009F092FC08
:107410000D48007A702806D135A009F08BFC02E0F7
:107420003FA009F087FC0020084908604FF416715E
:107430000548FEF7A0FA01200DF5297DF0BD0000FA
:107440001A000020BC0B0020900300202800002020
:107450007B2246223A7B2254797065223A22577267
:1074600069746554656D706C617465222C22577265
:1074700069746554656D706C6174654944223A2580
:10748000642C22537461747573223A307D7D0A0036
:107490001B0000207B2246223A7B22547970652211
:1074A0003A22577269746554656D706C6174652217
:1074B0002C22537461747573223A3130307D7D0A09
:1074C000000000007B2246223A7B2254797065221C
:1074D0003A22577269746554656D706C61746522E7
:1074E0002C22537461747573223A39367D7D0A00FB
:1074F0007B2246223A7B2254797065223A225772C7
:1075000069746554656D706C617465222C225374C6
:1075100061747573223A3131327D7D0A00000000BA
:107520007B2246223A7B2254797065223A22577296
:1075300069746554656D706C617465222C22537496
:1075400061747573223A2D317D7D0A0010B50446B1
:1075500001231A462146024803F0B1FA10BD00008B
:10756000180D002070B59AB009480468084810301A
:1075700005680748203006682B46224605A101A869
:10758000009607F091FE01A809F0D4FB1AB070BD77
:10759000E8F7FF1F7B224350554944223A7B22588B
:1075A00031223A25382E38582C225832223A2538A2
:1075B0002E38582C225833223A25382E38587D7DC3
:1075C0000A00000000B59FB0642106A8FEF7D3F9B9
:1075D000FFF7B0F9642000F037F9182212A16846CD
:1075E000FEF7B0F9322319226946154803F067FA0D
:1075F000642000F029F913480078AA280DD1114819
:107600004078552809D10F48437A027A0E4906A8D6
:1076100007F04AFE06A809F08DFB1E210948FEF777
:10762000AAF91FB000BD000055AA12010000000019
:107630000000000000000000000000000000120137
:10764000180D002090030020101601082DE9F041CC
:107650000546002600F086FB0746052000F0F4F8FA
:1076600028480078022812D12648407854280ED1A4
:107670002448807848280AD12248C078452806D175
:1076800000211E2004F0E0FD6420BDE8F0811E48CA
:10769000008808280CD01B480078022806D11A4818
:1076A0000088401E1749085C032801D00320ECE73E
:1076B0000026012403E01348005D4640641C124884
:1076C0000088801EA042F6D80F480088801E0D4911
:1076D000085CB04201D00420D7E70A48C17800799D
:1076E00001EB0020A84201D00620CEE70648008822
:1076F000072805D100211E2004F0A6FD6420C4E760
:107700000020C2E7E80500201600002070B50A48F6
:107710000468001D0568001D0668344454B1082241
:107720000649204603F0E4FA0422044910312846B1
:1077300003F0DEFA70BD0000E8F7FF1FFA0000203A
:107740000146002291F82100022808D00420886315
:1077500000BF002081F8200000BF012070470868AA
:10776000006820F00E000B6818600868006820F0C0
:1077700001000B68186091F8403001209840CB6BF5
:107780005860012081F8210000BF002081F820000E
:1077900000BF1046E2E7000070B50446002594F8EB
:1077A0002100022803D00420A063012548E02068BE
:1077B000006820F00E00216808602068006820F052
:1077C0000100216808601F492068884201D101201A
:1077D00026E01C4914312068884201D110201FE0A6
:1077E000184928312068884201D1801518E01549D0
:1077F0003C312068884201D1801411E01149503198
:107800002068884202D14FF4803009E00D4964318C
:107810002068884202D14FF4801001E04FF0807060
:10782000084908394860012084F8210000BF002081
:1078300084F8200000BF606B10B12046616B884760
:10784000284670BD0800024070B5044600F08AFA70
:1078500006462546681C10B104480078054400BF60
:1078600000F080FA801BA842FAD370BD34010020DA
:107870002DE9F04104460E460127002500BF2648A9
:10788000007E012802D10220BDE8F08101202249BA
:10789000087600BF2068022813D14CF25030FEF762
:1078A0008DFD90BB0120FEF705FD4CF25030FEF738
:1078B00085FD07461948006920F004001749086152
:1078C00023E04CF25030FEF779FDF0B94FF0FF3075
:1078D0003060A56812E02846FEF700FD4CF25030FB
:1078E000FEF76CFD07460D48006920F002000B49C9
:1078F00008610FB1356007E005F58065D4E9021035
:1079000001EB8020A842E6D800BF00BF002002495A
:10791000087600BF3846B7E7401F0020002002402D
:107920000348006940F08000014908610020704769
:10793000002002402DE9FE4F05468B46174698462B
:10794000012600240020029000BF2448007E012868
:1079500002D10220BDE8FE8F01202049087600BF39
:107960004CF25030FEF72AFD064686BB012D02D1AF
:107970000120029006E0022D02D10220029001E0D7
:107980000420029000241EE02201B946C246484667
:107990005146FDF7C7FF80B20190022000FB04B002
:1079A00000900199FEF7AEFC4CF25030FEF706FD58
:1079B00006460B48006920F001000949086106B13C
:1079C00004E0601CC4B202988442DDDB00BF00BF4B
:1079D00000200249087600BF3046BBE7401F002068
:1079E0000020024000200849096901F0800151B1DE
:1079F0000649054A5160064951601146096901F07E
:107A0000800101B101207047002002402301674539
:107A1000AB89EFCD2DE9F8470346002294466EE18D
:107A20004FF0010808FA02F4D1F8008008EA0400D7
:107A3000A0427DD1DFF8DCA2D1F80480A8EB0A09CE
:107A4000D0453AD014DCB8F1030F50D009DCB8F1BE
:107A5000000F31D0B8F1010F1CD0B8F1020F49D19D
:107A600020E0B8F1110F18D0B8F1120F42D11EE08A
:107A7000B9F5881F25D006DCB9F5803F20D0B9F5CF
:107A8000801F37D11AE0B9F5001F18D0B9F5041FCF
:107A900030D117E0D1F80CC02DE0D1F80C8008F1FE
:107AA000040C28E0D1F80C8008F1080C23E0D1F890
:107AB0000C8008F10C0C1EE000BF00BF00BF00BF2F
:107AC00000BF00BFD1F80880B8F1000F02D14FF01D
:107AD000040C0BE0D1F80880B8F1010F03D14FF08E
:107AE000080C1C6102E04FF0080C5C6103E04FF0F1
:107AF000000C00E000BF00BFFF2801D8984601E05D
:107B000003F104084646FF2802D84FEA820803E042
:107B1000A2F108084FEA88084746D6F800804FF0DF
:107B20000F0909FA07F928EA09080CFA07F900E031
:107B300088E048EA0908C6F80080D1F8048008F017
:107B40008058B8F1805F7DD100BFDFF8CC81D8F8D4
:107B5000188048F00108DFF8C091C9F81880C846BD
:107B6000D8F8188008F00108CDF8008000BF00BFE9
:107B70004FEAB9384FEA920958F829504FEA82780B
:107B80004FEA18794FF00F0808FA09F825EA0805B6
:107B9000DFF88881434502D14FF0000816E0DFF896
:107BA0008081434502D14FF001080FE0DFF8748176
:107BB000434502D14FF0020808E0DFF86C814345ED
:107BC00002D14FF0030801E04FF004084FEA827938
:107BD0004FEA197908FA09F848EA0505DFF84C81F7
:107BE0004FEA920948F82950D1F8048008F4803807
:107BF000B8F5803F0AD1DFF83881D8F8008048EA2C
:107C00000008DFF82C91C9F8008009E0DFF8208136
:107C1000D8F8008028EA0008DFF81491C9F800803D
:107C2000D1F8048008F40038B8F5003F10D1DFF82F
:107C3000008108F10408D8F8008048EA0008DFF85D
:107C4000F09000E05AE009F10409C9F800800DE065
:107C5000DFF8DC8008F10408D8F8008028EA000882
:107C6000DFF8CC9009F10409C9F80080D1F804804C
:107C700008F48018B8F5801F0ED1DFF8B48008F141
:107C80000808D8F8008048EA0008DFF8A49009F155
:107C90000809C9F800800DE0DFF8948008F10808B1
:107CA000D8F8008028EA0008DFF8849009F1080974
:107CB000C9F80080D1F8048008F40018B8F5001F56
:107CC0000ED1DFF86C8008F10C08D8F8008048EA83
:107CD0000008DFF85C9009F10C09C9F800800DE09C
:107CE000DFF84C8008F10C08D8F8008028EA00087A
:107CF000DFF83C9009F10C09C9F80080521CD1F85A
:107D0000008028FA02F8B8F1000F7FF489AEBDE8D0
:107D1000F887000000001110001002400008014028
:107D2000000C014000100140001401400800014017
:107D300000040140024693680B400BB1012000E0B3
:107D40000020704710B5C26821EA020302EA01046C
:107D500043EA0443036110BD0AB1016101E00B0471
:107D60000361704701480068704700002C01002043
:107D700070B504460CB9012070BD4CF6CC402168AA
:107D8000086045F2555021680860D4E90010486049
:107D90002168A0688860FFF7E5FF05460BE0FFF764
:107DA000E1FF401B272806D92068C06800F00300C7
:107DB00008B10320E0E72068C06800F00300002855
:107DC000EDD14AF6AA20216808600020D4E700001F
:107DD000034800680349097808440149086070476E
:107DE0002C0100203401002010B50848006840F044
:107DF000100006490860032000F0A8F8002000F0F9
:107E000007F800F02BF8002010BD00000020024011
:107E100070B504460E4800784FF47A71B1FBF0F06B
:107E20000C490968B1FBF0F5284602F099F908B150
:107E3000012070BD102C07D200222146501E00F0F8
:107E400047F80548046001E00120F2E70020F0E770
:107E500034010020480100203001002008B500BF97
:107E60001148806940F001000F4988610846806927
:107E700000F00100009000BF00BF00BF0846C069CD
:107E800040F08050C8610846C06900F08050009002
:107E900000BF00BF00BF0549486820F0E06040F027
:107EA0000070486000BF08BD0010024000000140A3
:107EB00001460846002809DB00F01F0301229A4012
:107EC00043099B0003F1E023C3F8002100BF704782
:107ED0002DE9F05F80460D461646002707F0F8F9B9
:107EE000074639462A46334601F00700C0F1070A23
:107EF000BAF1040F02D94FF0040A01E0C0F1070AF9
:107F0000D14600F1040ABAF1070F02D24FF0000A7D
:107F100001E0A0F1030AD4464FF0010A0AFA09FA77
:107F2000AAF1010A0AEA020A0AFA0CFA4FF0010B56
:107F30000BFA0CFBABF1010B0BEA030B4AEA0B0447
:107F40002146404607F0CCF9BDE8F09F00BF00F0A5
:107F50000702064B19684FF6FF031940044B0B4309
:107F600043EA0221014B196000BF70470CED00E0AD
:107F70000000FA0500BF00BF00BF00BF00BFBFF395
:107F80004F8F00BF00BF00BF0948006800F4E060E9
:107F900008490843001D0649086000BF00BF00BF34
:107FA000BFF34F8F00BF00BF00BF00BF00BFFDE7A2
:107FB0000CED00E00000FA0570B505460C4604F033
:107FC0008000802808D104F0070000EB800605F14E
:107FD000280000EBC60105E004EB840605F5B4704B
:107FE00000EBC6011AB900200873CB8004E0012021
:107FF00008730B81180C4881002070BD704770B564
:1080000004460D4605EB850304F1280101EBC3018D
:108010004A692946D4F8E80205F0F2F970BD70B556
:1080200004460D4605EB850304F5B47101EBC3016D
:108030004A692946D4F8E80205F062FA70BD70B5C5
:1080400004460E4606F0800080280AD106F007009C
:1080500000EB800104F1280000EBC10501206870ED
:1080600009E006F0070000EB800104F5B47000EBB6
:10807000C1050020687006F00700287000BF94F862
:10808000A802012801D1022070BD012084F8A802B5
:1080900000BF2946206806F0BBF800BF002084F826
:1080A000A80200BF00BFEFE770B504460E4606F019
:1080B0000F006168884201D9012070BD06F0800080
:1080C00080280AD106F0070000EB800104F12800A7
:1080D00000EBC1050120687009E006F0070000EB25
:1080E000800104F5B47000EBC10500206870002029
:1080F000A87006F00700287000BF94F8A8020128B5
:1081000001D10220D9E7012084F8A80200BF294646
:10811000206806F0D9F900BF002084F8A80200BF4B
:1081200000BFCAE72DE9F04105460C46174607F4A3
:108130008040002850D02868B0F85010207801EB1B
:10814000C000801C296801F5806131F81000C0F37F
:108150000906A069B04203D3A069801BA06101E0B9
:108160000020A061A069A8B900BF22785200296848
:1081700031F812104BF68F7201EA020080F40050C1
:1081800040F4004141F0800123785B002A6822F826
:10819000131000BF07F04000A8B100BF00BF227855
:1081A0005200296831F8121048F68F7201EA020075
:1081B00040F4004141F0C00123785B002A6822F8B6
:1081C000131000BF00BF002E55D0228961693346CD
:1081D000286806F0EFFF4EE02868B0F850102078CD
:1081E00001EBC000801D296801F5806131F81000A5
:1081F000C0F30906A069B04203D3A069801BA06147
:1082000001E00020A061A069A8B900BF2278520057
:10821000296831F812104BF68F7201EA020080F4DF
:10822000005040F4004141F0800123785B002A684F
:1082300022F8131000BF07F04000A8B900BF00BF2C
:1082400022785200296831F8121048F68F7201EA3C
:10825000020040F4004141F0C00123785B002A682D
:1082600022F8131000BF00BF2EB162896169334646
:10827000286806F09FFF3046BDE8F0812DE9F04701
:1082800005460C46904608F04000002871D028684A
:10829000B0F85010207801EBC000801C296801F56F
:1082A000806131F81000C0F30907A069B84203D912
:1082B000A069C01BA06101E00020A061A0690028A6
:1082C0007ED100BF6078C8B900BF29682A68B2F8BB
:1082D000502011442278022303EBC20201F580638F
:1082E00003EB420000BF028848F2FF331A400280CD
:1082F000028842F40042028000BF13E06078012847
:1083000010D100BF28682A68B2F8502010442278A3
:10831000022303EBC20200F5806303EB420100225B
:108320000A8000BF00BF00BF2968607810BB00BF93
:108330002B68D5F800C0BCF850C0634494F800C066
:108340004FF0060909EBCC0C03F5806909EB4C00F2
:1083500000BFB0F800C048F2FF390CEA090CA0F8E1
:1083600000C0B0F800C04CF4004CA0F800C000BF42
:1083700011E0C0E0607801280DD12868B0F8500005
:1083800001442078062303EBC00001F5806303EB72
:1083900040020020108000BF21782846FFF72FFE02
:1083A00008F48040002816D000BF00BF2278520099
:1083B000296831F8121048F68F7201EA020000E0D5
:1083C0000AE040F4004141F4814123785B002A68CF
:1083D00022F8131000BFCAE108F48040A8B100BF22
:1083E00000BF22785200296831F8121048F68F72C7
:1083F00001EA020040F4004141F4814223785B002D
:10840000296821F8132000BF00BF94F82400012838
:10841000E1D1606938446061E0693844E061216914
:10842000206A884204D32669206A801B20620BE000
:10843000206A20B93E46002084F8240004E0002091
:1084400084F82400266A206200BF6078B8BB00BFB1
:108450002A682968B1F850100A442178022303EBF6
:10846000C10102F5806303EB4101084600BF56B924
:10847000038848F2FF3C03EA0C030380038843F4BB
:108480000043038019E03E2E0BD800BF710806F0B0
:10849000010303B1491C4FF6FF7303EA81230380F4
:1084A0000BE000BF710906F01F0303B9491E4FF42A
:1084B000004343EA8123038000BF00BF13E0FFE7CE
:1084C000607801280FD100BF28682A68B2F85020D0
:1084D00010442278022303EBC20200F5806303EB11
:1084E00042010E8000BF00BFB3B2228961692868D3
:1084F00006F08FFE3BE12868B0F85010207801EBC1
:10850000C000801D296801F5806131F81000C0F3BA
:108510000907A069B84203D3A069C01BA06101E0AC
:108520000020A061A06900287DD100BF6078C8B993
:1085300000BF29682A68B2F850201144227802232B
:1085400003EBC20201F5806303EB420000BF028827
:1085500048F2FF331A400280028842F4004202804F
:1085600000BF13E06078012810D100BF28682A6896
:10857000B2F8502010442278022303EBC20200F527
:10858000806303EB420100220A8000BF00BF00BFEE
:108590002968607808BB00BF2B68D5F800C0BCF81C
:1085A00050C0634494F800C04FF0060909EBCC0CAE
:1085B00003F5806909EB4C0000BFB0F800C048F239
:1085C000FF390CEA090CA0F800C0B0F800C04CF468
:1085D000004CA0F800C000BF10E0607801280DD169
:1085E0002868B0F8500001442078062303EBC0004F
:1085F00001F5806303EB40020020108000BF21786A
:108600002846FFF7FCFC08F48040002816D100BF84
:1086100000BF22785200296831F8121048F68F7294
:1086200001EA020000E00AE040F4004141F4814127
:1086300023785B002A6822F8131000BF97E008F443
:108640008040A8B900BF00BF22785200296831F8E5
:10865000121048F68F7201EA020040F4004141F422
:10866000814123785B002A6822F8131000BF00BF05
:1086700094F8240001287AD1606938446061E06987
:108680003844E0612169206A884204D32669206A5F
:10869000801B20620BE0206A20B93E46002084F84F
:1086A000240004E0266A0020206284F8240000BF31
:1086B0002A68607890BB00BFD5F800C02968B1F87F
:1086C00050108C4421784FF0060909EBC1010CF5DC
:1086D000806909EB4101084600BF76B9B0F8009007
:1086E00048F2FF3A09EA0A09A0F80090B0F80090B1
:1086F00049F40049A0F8009020E03E2E0FD800BFBA
:10870000710806F00109B9F1000F00D0491C4FF6BD
:10871000FF7909EA8129A0F800900FE010E000BF7E
:10872000710906F01F09B9F1000F00D1491E4FF47D
:10873000004949EA8129A0F8009000BF00BF0FE07E
:10874000607801280CD12868B0F8500002442078E5
:10875000062101EBC00002F5806101EB40031E80A1
:1087600000BFB3B262896169286806F052FD00BF9C
:1087700022785200296831F8121048F6BF7201EAD7
:10878000020080F0100080F0200040F4004141F031
:10879000800123785B002A6822F8131000BF0020B4
:1087A000BDE8F087024601F0070000EB800302F508
:1087B000B47000EBC300C06970472DE9F04705466F
:1087C0000E4690461F464FF0000906F080008028B4
:1087D0000AD106F0070000EB800105F1280000EB4C
:1087E000C1040120607009E006F0070000EB800181
:1087F00005F5B47000EBC1040020607006F00700BE
:108800002070C4F81080E770607808B12078E081AB
:10881000022F01D10020207100BF95F8A802012885
:1088200002D10220BDE8F087012085F8A80200BF30
:108830002146286805F0C2FA00BF002085F8A8028A
:1088400000BF4846EEE72DE9F04105460E461746C3
:10885000984606F0070000EB800105F5B47000EBC8
:10886000C1046761C4F818800020E061607006F000
:108870000700207006F0070020B92146286805F09F
:10888000BEFE03E02146286805F0B9FE0020BDE8E1
:10889000F08170B504460D4605F007006168884216
:1088A00001D9012070BD05F0800080280AD105F0B3
:1088B000070000EB800104F1280000EBC106012055
:1088C000707007E005EB850104F5B47000EBC1069C
:1088D000002070700120B07005F00700307000BFFC
:1088E00094F8A802012801D10220DBE7012084F8D6
:1088F000A80200BF3146206805F053FE05F00700CE
:1089000020B904F52C71206805F0DBFD00BF0020C4
:1089100084F8A80200BF00BFC4E72DE9F041054676
:108920000E4690461F4606F0070000EB800105F159
:10893000280000EBC104C4F81480A761012084F86A
:10894000240027620020E0610120607006F007002B
:10895000207006F0070020B92146286805F04FFE78
:1089600003E02146286805F04AFE0020BDE8F081BA
:108970007FB50446206806F019FC00F40040B0F50D
:10898000004F02D1204602F0B5FD206806F00EFC33
:1089900000F48060B0F5806F0FD12068B0F844001B
:1089A0004FF6FF3108402168A1F84400204600F04E
:1089B0009FF90021204600F0BBF9206806F0F6FB85
:1089C00000F48040B0F5804F08D12068B0F8440032
:1089D0004BF6FF7108402168A1F84400206806F0BA
:1089E000E5FB00F40050B0F5005F08D12068B0F856
:1089F00044004DF6FF7108402168A1F8440020684A
:108A000006F0D4FB00F48050B0F5805F1DD12068E3
:108A1000B0F840004FF6FB7108402168A1F8400013
:108A20002068B0F840004FF6F77108402168A1F8BF
:108A30004000204600F06EF92068B0F844004EF681
:108A4000FF7108402168A1F84400206806F0AEFBE1
:108A500000F40060B0F5006F55D1002507E0690013
:108A6000206830F811002DF81500681CC5B2082DDB
:108A7000F5D32068B0F8400040F001002168A1F86B
:108A800040002068B0F840004FF6FE7108402168B1
:108A9000A1F8400000BF2068B0F8440000F48060F6
:108AA0000028F8D02068B0F844004FF6FF310840A5
:108AB0002168A1F84400002507E03DF815006A0090
:108AC000216821F81200681CC5B2082DF5D3206872
:108AD000B0F8400040F008002168A1F8400020688C
:108AE000B0F844004FF2FF7108402168A1F844003B
:108AF0002068B0F8400040F004002168A1F8400070
:108B0000204600F057F9206806F050FB00F4007092
:108B1000B0F5007F0BD12068B0F844004FF6FF514C
:108B200008402168A1F84400204600F0FAF82068C7
:108B300006F03CFB00F48070B0F5807F08D120681F
:108B4000B0F844004FF6FF6108402168A1F84400E6
:108B50007FBD30B585B0044614B9012005B030BDE5
:108B600094F8A90228B9002084F8A802204600F051
:108B70009DF8032084F8A902206805F098FC1422CF
:108B800004F110016846FCF7DDFE94E80F0005F0E3
:108B90003BFB20B1022084F8A9020120DEE700217E
:108BA000206806F02CFB002531E0012105EB850251
:108BB00004F1280000EBC200417005EB850104F1CF
:108BC000280000F8315005EB850100EBC100C5819C
:108BD000002105EB850204F1280000EBC200C17002
:108BE00005EB850204F1280000EBC200016105EBF2
:108BF000850204F1280000EBC200416105EB85020B
:108C000004F1280000EBC2008161681CC5B26068F5
:108C1000A842CAD800252AE0002105EB850204F508
:108C2000B47000EBC200417005EB850104F5B4702F
:108C300000F83150002105EB850200EBC200C17045
:108C400005EB850204F5B47000EBC200016105EB91
:108C5000850204F5B47000EBC200416105EB8502AA
:108C600004F5B47000EBC2008161681CC5B2606895
:108C7000A842D1D8142204F110016846FCF762FE24
:108C800094E80F0005F008FC20B1022084F8A90246
:108C9000012063E7002084F82400012084F8A90261
:108CA000206805F0F6FB002058E7000038B50446C0
:108CB0000D492068884215D100BF0C48C06940F4B6
:108CC00000000A49C8610846C06900F4000000902D
:108CD00000BF00BF002211461420FFF7F9F814204E
:108CE000FFF7E6F838BD0000005C004000100240CD
:108CF00070B504460125A068022801D0FDF7D4FA1A
:108D00002946D4F8E80204F02FFDD4F8E80204F074
:108D1000E1FC70BD10B50446D4F8E80204F008FD8B
:108D200010BD10B50446D4F8E80204F00CFD10BDE7
:108D300070B504460D4600BF94F8A802012801D181
:108D4000022070BD012084F8A80200BF84F82450DE
:108D50002946206806F056FA00BF002084F8A802D1
:108D600000BF00BFEDE710B5044604F52C71D4F840
:108D7000E80204F010FD10BD10B5044600BF94F8E1
:108D8000A802012801D1022010BD012084F8A80208
:108D900000BF206806F0F8F901212046FFF72EF900
:108DA000206805F073FB00BF002084F8A80200BF14
:108DB00000BFE9E710B50446D4F8E80204F044FD2A
:108DC000A06928B10348006840F006000149086026
:108DD00010BD000010ED00E001200149086270475D
:108DE00000000E422DE9F04385B006463BA30FCBB1
:108DF00001AC0FC43DA0006800904FF000080025B2
:108E000000270024A146012E30D0022E55D0102E6E
:108E10005ED137484468006800F0807000B301A854
:108E2000C4F38341475C04F4803070B1304840683B
:108E3000C0F340401DF8008004F4803040B12D485C
:108E4000B0FBF8F000FB07F502E02B4807FB00F54C
:108E50002748406800F48000B0F5800F01D1A94692
:108E600003E068000321B0FBF1F932E02048046A16
:108E700004F44070B0F5807F05D104F0020010B119
:108E80004FF4004918E004F44070B0F5007F07D1BA
:108E90001748406A00F0020010B149F640490BE063
:108EA00004F44070B0F5407F06D11148006800F42A
:108EB000003008B14FF224490BE000F09BF90C4957
:108EC0004968C1F38131491C4900B0FBF1F900E068
:108ED00000BF00BF484605B0BDE8F08302030405AB
:108EE000060708090A0B0C0D0E0F101001020000F6
:108EF0000010024000127A0000093D00F8B5044657
:108F000000260025207800F0010000286BD0002703
:108F10004348C06900F0805070B900BF4048C06944
:108F200040F080503E49C8610846C06900F080505A
:108F3000009000BF00BF01273A48006800F480702D
:108F4000B0B93848006840F4807036490860FEF7D0
:108F500009FF064606E0FEF705FF801B642801D9DD
:108F60000320F8BD2F48006800F480700028F2D07C
:108F70002B48006A00F440752DB3A08800F44070BF
:108F8000A84220D02648006A20F4407501202649D6
:108F90000860002008602248056205F0010090B1D9
:108FA000FEF7E0FE064608E0FEF7DCFE801B41F21D
:108FB0008831884201D90320D3E71948006A00F0BC
:108FC00002000028F0D01648006A20F44070616862
:108FD000084313490862012F04D10846C06920F0F4
:108FE0008050C86100BF207800F00200022807D13D
:108FF0000B48406820F44040A16808430849486095
:10900000207800F01000102807D10548406820F4AF
:109010008000E1680843024948600020A1E70000A1
:1090200000100240007000404004424270470000BF
:1090300070B504460D460CB9012070BD5A48006851
:1090400000F00700A8420ED25748006820F0070041
:109050002843554908600846006800F00700A84208
:1090600001D00120E9E7207800F0020002281DD19C
:10907000207800F00400042805D14C48406840F4F2
:10908000E0604A494860207800F00800082805D1CF
:109090004648406840F4605044494860434840684E
:1090A00020F0F000A168084340494860207800F0B3
:1090B000010078B36068012806D13C48006800F4DC
:1090C000003090B90120B8E76068022806D137481F
:1090D000006800F0007040B90120AEE73348006836
:1090E00000F0020008B90120A7E73048406820F0EE
:1090F0000300616808432D494860FEF733FE0646C9
:1091000009E0FEF72FFE801B41F28831884202D928
:10911000032092E707E02548406800F00C006168F2
:10912000B0EB810FEDD12048006800F00700A842A5
:109130000ED91D48006820F0070028431A4908602E
:109140000846006800F00700A84201D0012074E73B
:10915000207800F00400042807D11448406820F467
:10916000E060E168084311494860207800F0080099
:10917000082808D10D48406820F46050216940EA71
:10918000C1000A49486000F045F808494968C1F340
:109190000311074A515CC840064908600648006848
:1091A000FEF736FE002048E7002002400010024093
:1091B0000415010848010020300100200120014968
:1091C000C8647047000042420148006870470000D0
:1091D0004801002000B5FFF7F7FF04494968C1F3D3
:1091E0000221034A515CC84000BD0000001002404B
:1091F0001415010800B5FFF7E7FF04494968C1F3FA
:10920000C221034A515CC84000BD0000001002406A
:1092100014150108F0B585B00FF26C0C9CE8E01055
:1092200001A8A0E8E0101CA52D68009500210022EF
:10923000002300240020194D696801F00C05F5B1E8
:10924000042D02D0082D19D101E0154819E001AD17
:10925000C1F38346AC5D01F4803555B10F4D6D68A7
:10926000C5F340451DF805200D4D6543B5FBF2F3F0
:1092700002E00C4D04FB05F3184602E000BF08486D
:1092800000BF00BF05B0F0BD0203040506070809D2
:109290000A0B0C0D0E0F101001020000001002400E
:1092A00000127A0000093D0010B50648806800F001
:1092B0008000802804D1FFF7B9FE80200149887220
:1092C00010BD000000100240F8B504460CB90120A2
:1092D000F8BD207800F00100002878D0F8484068F8
:1092E00000F00C0004280CD0F548406800F00C0099
:1092F000082811D1F248406800F48030B0F5803F72
:109300000AD1EF48006800F4003000285FD06068A0
:1093100000285CD10120DBE700BF6068B0F5803F2A
:1093200006D1E748006840F48030E549086028E04D
:10933000606858B9E248006820F48030E04908606D
:109340000846006820F4802008601AE06068B0F5E4
:10935000A02F0BD1DA48006840F48020D84908607B
:109360000846006840F4803008600AE0D44800688D
:1093700020F48030D24908600846006820F480203C
:10938000086000BF606888B1FEF7ECFC054606E0A7
:10939000FEF7E8FC401B642801D9032098E7C84881
:1093A000006800F400300028F2D010E0FEF7DAFC8C
:1093B000054606E0FEF7D6FC401B642801D90320D1
:1093C00086E7BF48006800F400300028F2D120781A
:1093D00000F00200022857D1B948406800F00C00A4
:1093E00050B1B748406800F00C00082818D1B448C4
:1093F000406800F4803098B9B148006800F002007D
:1094000020B12069012801D0012061E7AC48006843
:1094100020F0F800616940EAC100A949086033E022
:109420002069E8B10120A7490860FEF79BFC0546CA
:1094300006E0FEF797FC401B022801D9032047E70E
:109440009F48006800F002000028F2D09C480068A5
:1094500020F0F800616940EAC1009949086013E012
:10946000002098490860FEF77DFC054606E0FEF7FF
:1094700079FC401B022801D9032029E790480068A5
:1094800000F002000028F2D1207800F0080008283F
:109490002DD1A069B8B101208B490860FEF762FCAC
:1094A000054606E0FEF75EFC401B022801D90320BA
:1094B0000EE78348406A00F002000028F2D0012045
:1094C00002F022FA13E000207F490860FEF74AFC10
:1094D000054606E0FEF746FC401B022801D90320A2
:1094E000F6E67748406A00F002000028F2D12078C2
:1094F00000F00400042873D100277148C06900F00F
:10950000805070B900BF6E48C06940F080506C490F
:10951000C8610846C06900F08050009000BF00BFDD
:1095200001276A48006800F48070B0B96748006895
:1095300040F4807065490860FEF714FC054606E0BB
:10954000FEF710FC401B642801D90320C0E65F48E9
:10955000006800F480700028F2D000BFE0680128A5
:1095600006D15748006A40F001005549086227E0DB
:10957000E06858B95248006A20F00100504908627A
:109580000846006A20F00400086219E0E068052837
:109590000BD14B48006A40F0040049490862084674
:1095A000006A40F0010008620AE04548006A20F0C5
:1095B0000100434908620846006A20F0040008627E
:1095C00000BFE068A0B1FEF7CDFB054609E0FEF75D
:1095D000C9FB401B41F28831884202D9032077E65B
:1095E00022E03748006A00F002000028EFD012E0C5
:1095F000FEF7B8FB054608E0FEF7B4FB401B41F25E
:109600008831884201D9032062E62D48006A00F0C3
:1096100002000028F0D1012F05D12948C06920F0AF
:1096200080502749C86100BFE069C8B3244840683A
:1096300000F00C00082860D0E069022848D1002022
:1096400020490866FEF78EFB054606E0FEF78AFB1A
:10965000401B022801D903203AE61948006800F0AF
:1096600000700028F2D1206AB0F5803F07D114487D
:10967000406820F40030A168084311494860D4E9EB
:10968000080108430E49496821F4741108430C4944
:10969000486001200B490866FEF764FB054607E0B9
:1096A0003DE0FEF75FFB401B022801D903200FE6D7
:1096B0000348006800F000700028F2D02FE000009E
:1096C000001002400000424280044242007000400C
:1096D000002014490866FEF745FB054606E0FEF744
:1096E00041FB401B022801D90320F1E50E48006828
:1096F00000F000700028F2D111E0E069012800D1EB
:10970000E6E50948466806F48031206A814204D1C2
:1097100006F47011606A814201D00120D8E5002072
:10972000D6E5000000004242001002402DE9F0475B
:1097300080460E469246002500270024A14640465A
:1097400002F03BF981462548B9FBF0F42448006853
:10975000A04240D02248046040F2B2750EE0284694
:1097600006F044F8012806D1B4F5B77F02D3A4F57A
:10977000B77402E005E0A4F26D146D1CB4F5B67F79
:10978000EDD800BF2F46A5F5FA60F070002515E072
:10979000012D09D1384606F029F8012804D11D2CE5
:1097A00001D31D3C09E00BE00E48405DA04203D808
:1097B0000C48405D241A00E002E06D1C1C2CE7D22E
:1097C00000BF681C7070601CB070B2787178F0785F
:1097D00002F00DF930700020BDE8F08780510100E3
:1097E00044010020F81401082DE9F04707460C4613
:1097F00091460026B046002538684068C0F38000D6
:1098000010B10120BDE8F087384602F0D6F80646D0
:109810004FF46160B6FBF0F5B6FBF0F100FB1160B0
:109820003C21B0FBF1F060704FF46160B6FBF0F1E9
:1098300000FB11603C21B0FBF1F201FB1200A070B3
:109840001820B5FBF0F100FB11502070182D08D343
:109850001820B5FBF0F8B5FBF0F100FB11502070BB
:1098600000E025700020CDE770B5044600250CB956
:10987000012070BD607C20B900202074204600F0DB
:109880005BF802206074204600F085F918B10420CE
:1098900060740120EDE7204602F055F818B104206D
:1098A00060740120E5E72068406820F00700216827
:1098B0004860A06828B11F48006820F001001D49D9
:1098C00008601C48001F006820F46070A16808430D
:1098D0001849091F08606068401C08B1656809E004
:1098E0000120FFF77FFA05461DB9042060740120AE
:1098F000BFE76D1E2068806820F00F0040EA154029
:10990000216888602068C06865F30F002168C8601E
:10991000204602F035F818B1042060740120A8E751
:109920000021E17301216173A173012060740020A3
:109930009FE70000306C004038B504460B492068B2
:10994000884212D1FFF748FA00BF0948C06940F0C9
:1099500000600749C8610846C06900F000600090D7
:1099600000BF00BF01200349086038BD0028004047
:10997000001002403C0442422DE9F04F87B00646F9
:109980000F464FF000090020069080460024059005
:1099900004900390824600BF48A207CA8DE80700E2
:1099A000304602F00AF881464FF46160B9FBF0F0EE
:1099B00006904FF46160B9FBF0F100FB11903C217F
:1099C000B0FBF1F0C0B204904FF46160B9FBF0F16C
:1099D00000FB11903C21B0FBF1F201FB120003905F
:1099E00018210698B0FBF1F201FB12000590F878FF
:1099F00000F5FA6840F63300804500D9804640F211
:109A0000B270804500D2804640F2B2750AE0284626
:109A100005F0ECFE012802D12B48044401E02B485C
:109A200004446D1C4545F2D397F801A0404605F06B
:109A3000DDFE012804D1BAF1020F01D92448044403
:109A4000AAF1010A002507E01DF8050040F2A32154
:109A5000484304EBC0146D1C5545F5D397F802B08C
:109A6000ABF1010040F2A321484304EBC014059878
:109A7000C0EB4011C1EB002004EB00140498C0EBD4
:109A8000001004EB80040398044400BF307C0128DC
:109A900003D1022007B0BDE8F08F0120307400BF71
:109AA000022070742146304601F0E3FF01207074FB
:109AB00000BF0020307400BF00BFEBE71F1C1F1E5B
:109AC0001F1E1F1F1E1F1E1F0085E2018033E101A4
:109AD000805101002DE9F05F04460D4690460026B6
:109AE0000027B146B246204601F067FF07464FF413
:109AF0006160B7FBF0F9B9F1180F0AD31820B9FB70
:109B0000F0FA0AEB4A00C0004FF4616100FB01F774
:109B100000E0002700BF207C012802D10220BDE820
:109B2000F09F0120207400BF02206074B8F1000F84
:109B30000BD128784FF4616148436978C1EB01117A
:109B400000EB8100A978461812E0287801F0F0FEB9
:109B50004FF4616100FB01FB687801F0E9FEC0EBA6
:109B600000100BEB800BA87801F0E2FE0BEB000677
:109B70003E443146204601F07CFF2068406820F0DA
:109B80000500216848600120607400BF0020207437
:109B900000BF00BFC3E770B5044600250CB9012023
:109BA00070BD2068406820F0080021684860FEF71A
:109BB000D9F8054607E0FEF7D5F8401BB0F57A7FE7
:109BC00001D90320ECE72068406800F00800002875
:109BD000F1D00020E4E710B504460CB9012010BD17
:109BE000606A38B96068B0F5827F00D105E0002175
:109BF000E16102E00021216161610021A16294F82C
:109C0000510028B9002084F85000204600F042F8A6
:109C1000022084F851002068006820F0400021688C
:109C20000860A08800F48270218901F4044108438F
:109C3000A18901F400610843217C01F0020108437D
:109C4000217D01F001010843218B01F400710843DB
:109C5000217F01F0380108432021095D01F08001D6
:109C60000843218D01F40051084321680860042154
:109C7000A06901EA1040216848602068C06920F4AA
:109C800000602168C86100206065012084F85100EF
:109C90000020A4E710B586B004460020029003908F
:109CA000049005903349206888422DD100BF324886
:109CB000806940F48050304988610846806900F42A
:109CC0008050019000BF00BF00BF0846806940F08F
:109CD000040088610846806900F00400019000BF1C
:109CE00000BFA0200290022003900320059002A94B
:109CF0002248FDF78FFE4020029000200390049040
:109D000002A91E48FDF786FE1D49206888422FD112
:109D100000BF1948C06940F480401749C86108462F
:109D2000C06900F48040019000BF00BF00BF08463A
:109D3000806940F0080088610846806900F00800EA
:109D4000019000BF00BF4FF420400290022003901A
:109D50000320059002A90B48FDF75CFE4FF48040FC
:109D6000029000200390049002A90648FDF752FEDD
:109D700006B010BD00300140001002400008014054
:109D800000380040000C01402DE9F84F0446884699
:109D900016461D464FF0000A00BF94F850000128F7
:109DA00002D10220BDE8F88F012084F8500000BFE6
:109DB000FDF7D8FF0746B14694F85100012802D0BC
:109DC0004FF0020AADE0B8F1000F00D016B94FF025
:109DD000010AA6E0032084F8510000206065C4F861
:109DE0003080A686E686A063A087E0876064206452
:109DF000A068B0F5004F0BD12068006820F040004B
:109E0000216808602068006840F48040216808608C
:109E10002068006800F04000402805D020680068F5
:109E200040F0400021680860E068B0F5006F2FD175
:109E3000606810B1B9F1010F09D1206B0088216869
:109E4000C860206B801C2063E08E401EE0861BE013
:109E50002068806800F0020002280AD1206B008888
:109E60002168C860206B801C2063E08E401EE08665
:109E70000AE0FDF777FFC01BA84201D3681C00B9B8
:109E800015B94FF0030A4CE0E08E0028E0D12EE037
:109E9000606810B1B9F1010F09D1206B0078216819
:109EA0000873206B401C2063E08E401EE0861BE0A0
:109EB0002068806800F0020002280AD1206B007838
:109EC00021680873206B401C2063E08E401EE086F2
:109ED0000AE0FDF747FFC01BA84201D3681C00B988
:109EE00015B94FF0030A1CE0E08E0028E0D13A4695
:109EF0002946204601F0F0FD08B120206065A068E9
:109F000050B900BF002000902068C0680090206811
:109F10008068009000BF00BF606D08B14FF0010A7B
:109F200000BF012084F8510000BF002084F85000D9
:109F300000BF504636E72DE9FF5F0446884691464C
:109F40001D460E9E012002900020019000BF94F853
:109F50005000012803D1022004B0BDE8F09F012089
:109F600084F8500000BFFDF7FDFE074694F851B09D
:109F700060680390AA46BBF1010F0BD00398B0F5BF
:109F8000827F04D1A06810B9BBF1040F02D0022077
:109F90000190DBE0B8F1000F03D0B9F1000F00D061
:109FA00015B901200190D1E094F85100042802D0A5
:109FB000052084F8510000206065C4F83890E587DA
:109FC000A587C4F83080E586A58620646064206893
:109FD000006800F04000402805D02068006840F08C
:109FE000400021680860E068B0F5006F4AD1606801
:109FF00010B1BAF1010F09D1206B00882168C86047
:10A00000206B801C2063E08E401EE08633E02068D9
:10A01000806800F00200022810D1E08E70B1029832
:10A0200001280BD1206B00882168C860206B801C40
:10A030002063E08E401EE086002002902068806849
:10A0400000F0010068B1E08F58B12068C068A16BD2
:10A050000880A06B801CA063E08F401EE087012079
:10A060000290FDF77FFEC01BB04204D3701C10B1FC
:10A07000032001906AE0E08E0028C8D1E08F00281C
:10A08000C5D14AE0606810B1BAF1010F09D1206B67
:10A09000007821680873206B401C2063E08E401E0E
:10A0A000E08634E02068806800F00200022810D1C9
:10A0B000E08E70B1029801280BD1206B00782168E6
:10A0C0000873206B401C2063E08E401EE086002059
:10A0D00002902068806800F0010068B1E08F58B1FC
:10A0E0002068C068A16B0870A06B401CA063E08F63
:10A0F000401EE08701200290FDF734FEC01BB042F5
:10A1000001D3701C00B916B9032001901EE0E08E47
:10A110000028C7D1E08F0028C4D13A4631462046F6
:10A1200001F0DAFC20B101200190202060650DE0F3
:10A13000A06850B900BF002000902068C06800905F
:10A1400020688068009000BF00BF00BF012084F835
:10A15000510000BF002084F8500000BF0198FBE6CA
:10A1600070B504462546681EB0F1807F01D30120FA
:10A170000FE0681E4FF0E02148610F214FF0FF30E3
:10A1800005F0AEF800204FF0E0218861072008615B
:10A19000002070BD7047704730B502460B4600BFC7
:10A1A00092F83C00012801D1022030BD012082F844
:10A1B0003C0000BF022082F83D001068446810682F
:10A1C000816824F070041868044310684460104DDE
:10A1D0001068A8420BD01068B0F1804F07D00D4D29
:10A1E0001068A84203D00C4D1068A84205D121F098
:10A1F00080015868014310688160012082F83D00A9
:10A2000000BF002082F83C0000BF00BFCDE7000087
:10A21000002C0140000400400008004010B5044636
:10A220000CB9012010BD94F83D0028B9002084F835
:10A230003C00204600F026F8022084F83D00211D55
:10A24000206802F0B9F9012084F8460000BF84F8C4
:10A250003E0001213F20015540200155412001557C
:10A2600000BF00BF012084F8420043200155442074
:10A2700001554520015500BF012084F83D00002014
:10A28000D0E7000038B5044624492068884216D13A
:10A2900000BF2348C06940F002002149C861084658
:10A2A000C06900F00200009000BF00BF002211460C
:10A2B0001D20FDF70DFE1D20FDF7FAFD2CE02068A6
:10A2C000B0F1804F16D100BF1548C06940F00100C1
:10A2D0001349C8610846C06900F00100009000BF42
:10A2E00000BF022211461C20FDF7F2FD1C20FDF7E5
:10A2F000DFFD11E00B49206888420DD100BF0848FE
:10A30000806940F40060064988610846806900F46D
:10A310000060009000BF00BF38BD00000004004096
:10A3200000100240002C0140014691F83D00012838
:10A3300001D001207047022081F83D00124B0868CF
:10A3400098420BD00868B0F1804F07D00F4B0868D7
:10A35000984203D00E4B086898420CD10868806878
:10A3600000F00702062A0CD00868006840F00100DF
:10A370000B68186005E00868006840F001000B6891
:10A3800018600020D6E70000002C014000040040C7
:10A39000000800402DE9F04104460D4600BF94F846
:10A3A0003C00012802D10220BDE8F081012084F8A0
:10A3B0003C0000BF022084F83D002068866826F03B
:10A3C000770626F47F46206886602868502833D0B8
:10A3D0000CDC202850D004DC00284BD0102851D1B0
:10A3E00049E0302849D040284CD139E060282DD0B0
:10A3F000702807D0B0F5805F03D0B0F5005F41D181
:10A400000DE040E0D5E902136A68206802F00EF919
:10A410002068866846F077062068866033E0D5E9D4
:10A4200002136A68206802F001F92068806840F42D
:10A4300080402168886026E0EA686968206802F048
:10A4400009F95021206802F0FCF81CE0EA6869680C
:10A45000206802F012F96021206802F0F2F812E0A0
:10A46000EA686968206802F0F5F84021206802F087
:10A47000E8F808E000BF00BF00BF2968206802F0CC
:10A48000E0F800E000BF00BF012084F83D0000BFFD
:10A49000002084F83C0000BF00BF85E7704710B57E
:10A4A000044620680069C0F34000D8B12068C06845
:10A4B000C0F34000B0B16FF00200216808610120D4
:10A4C00020772068806900F0030018B12046FFF76C
:10A4D000E5FF05E0204600F0ADF8204600F0ABF8BF
:10A4E0000020207720680069C0F38000D8B1206880
:10A4F000C068C0F38000B0B16FF00400216808614B
:10A50000022020772068806900F4407018B120464E
:10A51000FFF7C4FF05E0204600F08CF8204600F06D
:10A520008AF80020207720680069C0F3C000D8B105
:10A530002068C068C0F3C000B0B16FF008002168A7
:10A540000861042020772068C06900F0030018B17A
:10A550002046FFF7A3FF05E0204600F06BF82046F9
:10A5600000F069F80020207720680069C0F300102F
:10A57000D8B12068C068C0F30010B0B16FF010000F
:10A5800021680861082020772068C06900F44070C5
:10A5900018B12046FFF782FF05E0204600F04AF898
:10A5A000204600F048F8002020772068006900F07D
:10A5B000010058B12068C06800F0010030B16FF0B0
:10A5C000010021680861204600F036F82068006923
:10A5D000C0F3C01058B12068C068C0F3C01030B1DB
:10A5E0006FF08000216808612046FFF7D3FD2068E6
:10A5F0000069C0F3801058B12068C068C0F38010B3
:10A6000030B16FF0400021680861204600F020F86A
:10A6100020680069C0F3401058B12068C068C0F3DA
:10A62000401030B16FF02000216808612046FFF72C
:10A63000B2FD10BD7047704710B50446034920684D
:10A64000884201D101F054FE10BD0000000400401A
:10A6500070477047704700002DE9F84F04462068A6
:10A6600005682068C668206847694FF00009CA4637
:10A6700005F00F09B9F1000F0AD105F0200038B13B
:10A6800006F0200020B1204602F040F8BDE8F88F27
:10A69000B9F1000F71D007F0010018B906F49070FD
:10A6A00000286AD005F0010030B106F4807018B1BE
:10A6B000206C40F00100206405F0040030B107F088
:10A6C000010018B1206C40F00200206405F0020087
:10A6D00030B107F0010018B1206C40F00400206494
:10A6E00005F0080048B106F0200010B907F001009D
:10A6F00018B1206C40F008002064206C68B305F0AD
:10A70000200028B106F0200010B1204601F0FEFF25
:10A7100020684069C0F3801A206C00F0080010B96E
:10A72000BAF1000F22D0204601F0C5FF2068406931
:10A7300000F04000B0B12068406920F0400021687E
:10A740004861A06B50B15648A16B4863A06BFDF700
:10A7500023F810B1A06B416B88470CE02046FFF74F
:10A7600079FF08E02046FFF775FF04E02046FFF779
:10A7700071FF0020206489E7FFE7206B012878D172
:10A7800005F01000002874D006F01000002870D0EA
:10A7900000BF00200090206800680090206840689A
:10A7A000009000BF00BF2068406900F04000C0B3C7
:10A7B000A06B006840681FFA80F8B8F1000F2FD036
:10A7C000A08D40452CDDA4F82E80A06B8069202848
:10A7D0001FD02068C06820F480702168C86020689D
:10A7E000406920F00100216848612068406920F03C
:10A7F000400021684861202084F83E00002020634A
:10A800002068C06820F010002168C860A06BFCF7C9
:10A8100097FFA08DE28D801A81B22046FFF719FFC5
:10A8200034E7FFE7A08DE18D401A1FFA80F8E08D34
:10A83000E8B1B8F1000F1AD02068C06820F4907019
:10A840002168C8602068406920F0010021684861E3
:10A85000202084F83E00002020632068C06820F09B
:10A8600010002168C86041462046FFF7F2FE0DE760
:10A87000FFE705F0800030B106F0800018B12046F7
:10A8800002F034F802E705F0400030B106F0400075
:10A8900018B1204601F02AFFF8E600BFF6E60000F6
:10A8A000A3C6000810B504460CB9012010BDA0696C
:10A8B00000B100E000BF94F83D0028B9002084F802
:10A8C0003C00204600F028F8242084F83D00206851
:10A8D000C06820F400502168C860204601F088FF5D
:10A8E0002068006920F49040216808612068406970
:10A8F00020F02A00216848612068C06840F40050B8
:10A900002168C86000202064202084F83D0084F87D
:10A910003E000020CAE7000010B586B004460020C3
:10A9200002900390049005905D49206888423FD1D1
:10A9300000BF5C48806940F480405A4988610846FD
:10A94000806900F48040019000BF00BF00BF08464E
:10A95000806940F0080088610846806900F00800BE
:10A96000019000BF00BF402002900220039003200E
:10A97000059002A94C48FDF74DF880200290002078
:10A980000390049002A94848FDF744F800BF4749E6
:10A99000486840F0E06040F00400486000BF0022DA
:10A9A00011462520FDF794FA2520FDF781FA75E080
:10A9B0003F492068884236D100BF3A48C06940F418
:10A9C00000303849C8610846C06900F40030019081
:10A9D00000BF00BF00BF0846806940F004008861E6
:10A9E0000846806900F00400019000BF00BF042009
:10A9F0000290022003900320059002A92D48FDF744
:10AA000009F80820029000200390049002A9294828
:10AA1000FDF700F8002211462620FDF759FA2620FE
:10AA2000FDF746FA3AE024492068884236D100BF53
:10AA30001C48C06940F480201A49C8610846C069B2
:10AA400000F48020019000BF00BF00BF084680696D
:10AA500040F0080088610846806900F00800019015
:10AA600000BF00BF0815029002200390032005904C
:10AA700002A90D48FCF7CEFF4FF4006002900020C1
:10AA80000390049002A90848FCF7C4FF0022114675
:10AA90002720FDF71DFA2720FDF70AFA06B010BDA2
:10AAA0000038014000100240000C0140000001404D
:10AAB00000440040000801400048004070472DE974
:10AAC000F84F04460E46174699464FF0000A94F890
:10AAD0003D0020285AD106B117B90120BDE8F88FF2
:10AAE00000BF94F83C00012801D10220F6E70120C4
:10AAF00084F83C0000BF00202064212084F83D0041
:10AB0000FDF730F98246A784E784A068B0F5805F3E
:10AB100004D1206910B90025B04602E035464FF057
:10AB2000000800BF002084F83C0000BF1BE0534633
:10AB3000002280212046CDF8009001F007FF08B1E7
:10AB40000320CBE745B9B8F80000C0F3080021683E
:10AB5000486008F1020803E02878216848606D1C0D
:10AB6000E08C401EE084E08C0028E0D153460022B7
:10AB700040212046CDF8009001F0E8FE08B1032006
:10AB8000ACE7202084F83D000020A7E70220A5E7DD
:10AB90007047000002E002A006F0CCF8FBE70000DE
:10ABA0007B22526563697665223A7B225374617415
:10ABB0007573223A37307D7D0A00000030B59DB0B4
:10ABC00004460D467022284901A8FAF7BBFE332D32
:10ABD00037D006DC102D0BD0122D3AD0142D40D1D9
:10ABE00017E0352D1DD0372D0BD0392D39D120E070
:10ABF000A006010E1D4B01AA602000F018F91DB03F
:10AC000030BDA006010E194B05AA612000F00FF916
:10AC1000F5E7A006010E154B09AA602000F007F920
:10AC2000EDE7A006010E114B0DAA612000F0FFF820
:10AC3000E5E7A006010E0D4B11AA612000F0F7F820
:10AC4000DDE7A006010E094B15AA612000F0EFF820
:10AC5000D5E7A006010E054B19AA602000F0E7F821
:10AC6000CDE70120CBE700001C150108D01F002014
:10AC700070B504460D462946204600F059F970BDCE
:10AC800070B504460026002504E00020134948550D
:10AC9000681CC5B20A2DF8DB104800F0FFF830B18F
:10ACA0000020E070A070607020704E2070BD0B48D6
:10ACB00000F077F930B90020E070A070607020706B
:10ACC0004E20F3E7002504E00448405D6055681C11
:10ACD000C5B2042DF8DB0020E8E70000D01F0020FB
:10ACE0000870020A4A70020C8A70020ECA7070471D
:10ACF00030B50B46002100BF16E00A24B4EB107FEC
:10AD000005D9302404EB107403F8114005E0412408
:10AD100004EB10740A3C03F81140000100254C00BC
:10AD2000641C1D554C1CE1B29142E6DB30BD0000B5
:10AD300070B504460D4616464AF6AA20044909682D
:10AD40000860AAB22146304600F05CFF70BD0000EA
:10AD5000BC0B0020FEB5002500266A460B214FF4EF
:10AD60000120FFF7E5FF69461C48FBF753F901A9ED
:10AD70001B48FBF74FF900BF002404E01DF8040056
:10AD8000284485B2641C092CF8D39DF809109DF85D
:10AD90000A0001EB0020A84204D000200F490860FF
:10ADA0000F4908609DF80800072804D000200B49CF
:10ADB00008600B4908600948006847F2C7118842DB
:10ADC00002D900200549086005480068022802D31E
:10ADD00000200349086001F0FBF9FEBD00000020DF
:10ADE000040000202DE9FC410446002700210D202D
:10ADF00004F032FA932020702020607001A82346CE
:10AE00000222214600900C2000F0F8F806465EB9B8
:10AE1000002503E0605D4740681CC5B2042DF9DBE6
:10AE2000605DB84200D002263046BDE8FC812DE9C5
:10AE3000F04385B006460F46904699468DF804606B
:10AE40008DF80570002406E018F8041001AAA01C73
:10AE50001154601CC4B2062CF6DB002407E019F87C
:10AE6000041001AA04F108001154601CC4B2042C9F
:10AE7000F5DB04A801AB0C2201A900900E2000F024
:10AE8000BDF805462DB9082000F00AFE00F00800C4
:10AE900000B90225284605B0BDE8F08370B5044628
:10AEA00008210846FBF7C6F92146522000F05BF85E
:10AEB00005461DB92046FFF795FF0546284670BD9B
:10AEC00010B5012210211848FCF746FF002201218D
:10AED0001648FCF741FF0120FCF7B6FC01221146A1
:10AEE0001248FCF739FF0120FCF7AEFC00F053F8E4
:10AEF0008D212A2004F0B0F93E212B2004F0ACF97A
:10AF00001E212D2004F0A8F900212C2004F0A4F922
:10AF10004021152004F0A0F93D21112004F09CF9F6
:10AF2000FBF76DF810BD000000080140000C014067
:10AF30007CB505460C46302020706570A21C0221AD
:10AF40002046FBF745F901A823460422214600903C
:10AF50000C2000F053F8064616B90198902800D04E
:10AF6000022630467CBD7CB506460C4607210D20E6
:10AF700004F072F9267001A82346012221460090B0
:10AF80000C2000F03BF8054615B90198102800D0B8
:10AF9000022528467CBD10B50F21012004F05CF984
:10AFA00010BDF0B585B0074693208DF804007020E1
:10AFB0008DF80500002405E0395D01AAA01C11549C
:10AFC000601CC4B2052CF7DB0DF10B02072101A8B0
:10AFD000FBF7FEF804A801AB092201A900900C20A0
:10AFE00000F00CF805462DB90498182802D19DF8F8
:10AFF000046000E00026304605B0F0BD2DE9FE4FAC
:10B000000646884691469A46DDF830B00220029006
:10B010000020019000900C2E06D00E2E09D1122097
:10B0200001901020009005E07720019030200090E2
:10B0300000E000BF00BF019840F08001022004F052
:10B040000BF980210420FBF7F5F880210A2001F09C
:10B050002FF90021012004F0FFF8002505E018F881
:10B060000510092004F0F8F86D1C4D45F7D3314662
:10B07000012004F0F1F80C2E03D180210D2001F005
:10B0800017F94FF4FA6500BF042000F009FD0446EB
:10B090006D1E35B104F0010018B900982040002859
:10B0A000F2D080210D20FBF7C5F895B3062000F003
:10B0B000F7FC00F01B0068BB0020029001982040C4
:10B0C00000F0010008B1012002900C2E24D10A20CA
:10B0D00000F0E6FC04460C2000F0E2FC00F007075C
:10B0E0002FB1601E07EBC000CBF8000002E0E000CB
:10B0F000CBF8000004B90124102C00DD1024002539
:10B1000005E0092000F0CCFC0AF805006D1CA54202
:10B11000F7D301E0022002900298BDE8FE8F000004
:10B1200000B585B00020019002900390049000BF0C
:10B130004B48806940F010004949886108468069A1
:10B1400000F01000009000BF00BF00BF08468069FB
:10B1500040F0200088610846806900F020000090DF
:10B1600000BF00BF00BF0846806940F0040088614E
:10B170000846806900F00400009000BF00BF00BFD7
:10B180000846806940F0080088610846806900F040
:10B190000800009000BF00BF00224FF4E261314878
:10B1A000FCF7DAFD002201212F48FCF7D5FD4FF412
:10B1B000E26001900120029000200390032004909F
:10B1C00001A92848FCF726FC0120019002900020EC
:10B1D00003900220049001A92348FCF71BFC0122E4
:10B1E000D1032048FCF7B8FD4FF400400190012046
:10B1F0000290002003900320049001A91948FCF755
:10B2000009FC012210211848FCF7A6FD102001902E
:10B210000120029003900320049001A91248FCF73A
:10B22000F9FB012210211048FCF796FD01221103C1
:10B230000D48FCF791FD4FF48050019001200290E1
:10B24000002003900320049001A90748FCF7E2FBCB
:10B25000012211030448FCF77FFD05B000BD00008A
:10B260000010024000080140000C014010B50748E2
:10B27000074908600620486040F6FF710448816075
:10B28000FCF776FD08B1FBF70FF810BD0030004069
:10B29000BC0B00201CB50020019000900748084915
:10B2A00008604FF0FF3048604FF4807104488160BF
:10B2B000FEF7DAFA08B1FAF7F7FF1CBD00280040E4
:10B2C000C80B002010B50F480F4908604FF482707A
:10B2D000486000210C488160C160016141614FF408
:10B2E000007181612821C1610021016241624FF436
:10B2F000005181620921C162FEF76DFC08B1FAF7C5
:10B30000D3FF10BD00300140DC0B002010B50F480A
:10B310000F4908604FF48270486000210C4881603A
:10B32000C16002210161012141614902816108215D
:10B33000C16100210162416281620A21C162FEF79E
:10B340004AFC08B1FAF7B0FF10BD00000038004019
:10B35000340C002000B587B00020039004900590C5
:10B3600006900190029014481449086040F2DB50A6
:10B3700048600021114881600121C1600021016104
:10B380008161FEF74BFF08B1FAF78EFF4FF4805052
:10B39000039003A90948FEF7FDFF08B1FAF784FFFF
:10B3A00000200190029001A90448FEF7F5FE08B1C3
:10B3B000FAF77AFF07B000BD000400408C0C0020B3
:10B3C00010B5094809490860002108488160C1603A
:10B3D00001610C21416100218161C161FFF762FAC5
:10B3E00008B1FAF761FF10BD00380140D40C00200D
:10B3F00010B50B480B4908604FF4E130486000215C
:10B4000008488160C16001610C21416100218161B6
:10B41000C161FFF747FA08B1FAF746FF10BD000017
:10B4200000440040180D002010B50B480B4908607F
:10B430004FF496404860002108488160C160016176
:10B440000C21416100218161C161FFF72BFA08B134
:10B45000FAF72AFF10BD0000004800405C0D0020F4
:10B460001FB5002000900190029003904FF480508F
:10B470000090012001900220029003200390694671
:10B480001448FCF7C7FA00224FF480511148FCF72A
:10B4900063FC6420FCF7D8F900220F490F4801F043
:10B4A00070FF08B1FAF700FF0D490C4802F002FAEC
:10B4B00008B1FAF7F9FE0B49084801F008FC08B199
:10B4C000FAF7F2FE054802F0BFFA08B1FAF7ECFE0F
:10B4D0001FBD000000080140C4000020A00D002096
:10B4E0005C0100201C01002000BFFEE7FDF7DCFE30
:10B4F00000BFFEE72DE9F0470546EAE12868B0F80D
:10B5000044A00AF00F06002E7ED10AF01000B0BB56
:10B5100000BF2968098848F60F7201EA020040F46A
:10B5200000412A68118000BF05F128042868B0F89E
:10B530005010207801EBC000801C296801F5806163
:10B5400031F81000C0F30900E061E1696069084466
:10B55000606100212846FCF752FD95F82400002880
:10B56000CBD0A0690028C8D195F8240040F0800015
:10B570002968A1F84C00002085F82400A9E1FFE724
:10B5800005F5B4742868B0F8008008F4006030B3A2
:10B590002868B0F85010207801EBC000801D2968A1
:10B5A00001F5806131F81000C0F30900E061A18B62
:10B5B0008BB2E28805F52C71286803F0FBFD00BF13
:10B5C0002968098840F68F7201EA020040F0800184
:10B5D0002A68118000BF2846FDF7C5FB79E108F411
:10B5E0000040002889D000BF2968098840F68F7282
:10B5F00001EA020040F080012A68118000BF28683B
:10B60000B0F85010207800E06FE001EBC000801D22
:10B61000296801F5806131F81000C0F30900E0618C
:10B62000E06990B1606980B1B4F81CC01FFA8CF376
:10B63000E2886169286803F0BDFDE169606908443A
:10B64000606100212846FCF7EAFC2868008800F4C5
:10B650000060002892D100BF2A682968B1F8501014
:10B660000A4402F20C41084600BF236953B903881B
:10B6700048F2FF3C03EA0C030380038843F40043D1
:10B6800003801EE023693E2B0DD800BF23695908B3
:10B69000237C03F0010303B1491C4FF6FF7303EA57
:10B6A000812303800DE000BF23695909237C03F047
:10B6B0001F0303B9491E4FF4004343EA812303806B
:10B6C00000BF00BF00BF00BF296809884BF68F721A
:10B6D00001EA020080F4805080F4005040F4004100
:10B6E00041F080012A681180F3E07100286830F889
:10B6F000118008F4004000287ED000BF7200296845
:10B7000031F8121040F68F7201EA020040F0800119
:10B7100073002A6822F8131000BF06EB860105F5B6
:10B72000B47000EBC104207BB0B92868B0F85010A9
:10B73000207801EBC000801D296801F5806131F897
:10B740001000C0F30907002F5BD0E28861693B4617
:10B75000286803F02FFD54E0E078022806D1424625
:10B7600021462846FCF7DEFC07464AE000BF00BF42
:10B7700022785200296831F8121048F68F7201EAD7
:10B78000020040F4004141F0C00123785B002A68C8
:10B7900022F8131000BF00BF21784900286830F854
:10B7A000110000F48040A8B12868B0F8501020784B
:10B7B00001EBC000801C296801F5806131F81000A0
:10B7C000C0F30907EFB1228961693B46286803F09D
:10B7D000F1FC16E02868B0F85010207801EBC000AA
:10B7E000801D296801F5806131F81000C0F3090758
:10B7F0003FB16289616900E017E03B46286803F0C9
:10B80000D9FCE0693844E061606938446061A0694E
:10B8100010B12069B84204D921782846FCF7FFFB13
:10B8200003E02146286802F0EAFE08F08000B0B389
:10B8300006EB860105F1280000EBC10400BF720091
:10B84000296831F8121048F60F7201EA020040F43C
:10B85000004173002A6822F8131000BFE078032823
:10B8600007D0E07828B1E07802282DD108F4807064
:10B8700050BB2868B0F85010207801EBC000801C45
:10B88000296801F5806131F81000C0F30909A06949
:10B89000484505D9A069A0EB0900A06102E018E0C5
:10B8A0000020A061A06920B921782846FCF7A7FBF9
:10B8B0000FE0606948446061E0694844E061214606
:10B8C000286802F09CFE04E0424621462846FCF728
:10B8D000D5FC2868B0F8440000F4004000287FF44C
:10B8E0000DAEBDE8F087704701B582B0642001233A
:10B8F00001AA02A900900348FEF71DFB9DF8040071
:10B900000EBD0000DC0B002008B508490968C90815
:10B910004FF47A72B1FBF2F14143009100BF00BFD6
:10B9200000994A1E00920029F9D108BD4801002063
:10B93000014600BF080900EB8000420001F00F0043
:10B940001044C0B2704770B504460025FCF70AFAEF
:10B95000054607E0FCF706FA401BB0F57A7F01D9EF
:10B96000032070BD2068406800F020000028F1D05E
:10B970002068406840F01000216848600020F0E72F
:10B9800070B5044600252068406820F0100021684A
:10B990004860FCF7E7F9054607E0FCF7E3F9401BD0
:10B9A000B0F57A7F01D9032070BD2068406800F0AF
:10B9B00020000028F1D00020F6E730B50146002233
:10B9C0000023002400200D68AD69AAB20D68ED695E
:10B9D000ACB20D68AD69ABB29A4205D00D68ED69A5
:10B9E00063F31F45284601E044EA024030BDF0B54C
:10B9F00004460B460021002504F5FA61032B1BD2F7
:10BA0000C3EBC30000EB03100926B0FBF6F01044B3
:10BA1000001D4618481E06EB90066427B0FBF7F0A1
:10BA2000361A481EBF00B0FBF7F030440726B0FBC3
:10BA3000F6F706FB17051AE0C3EBC30000EB031093
:10BA40000926B0FBF6F01044001D084400EB9100FD
:10BA50006426B1FBF6F6801B4FF4C876B1FBF6F610
:10BA60003044801E0726B0FBF6F706FB1705E8B248
:10BA7000F0BD70B504460D4600262046FFF763FF73
:10BA800008B101260AE0280C21688861A8B2216863
:10BA9000C8612046FFF774FF00B10126304670BD33
:10BAA00070B50446002210210A48FCF755F97E21A2
:10BAB00001EA440141F08000FFF716FF0020FFF784
:10BAC00013FF0546012210210248FCF745F92846DC
:10BAD00070BD000000080140F8B504460D4616464A
:10BAE0002B46002280212046009600F0F1FA28B172
:10BAF000606D40F0200060650320F8BD0020FCE789
:10BB000038B50BA000680090002400224FF480514B
:10BB10000848FCF721F96423012269460648FEF72C
:10BB200033F9012211030348FCF716F938BD000070
:10BB300006000000000C0140340C002038B504461B
:10BB40000DA00068009000224FF480510B48FCF7D4
:10BB500003F96423012269460948FEF715F90094A8
:10BB60006423012269460648FEF70EF901221103FB
:10BB70000248FCF7F1F838BD01000000000C01405C
:10BB8000340C002038B504461BA000680090002546
:10BB90002403FFF7B5FF00F00BF900224FF48051AA
:10BBA0001648FCF7D9F86423012269461448FEF7C9
:10BBB000EBF8C4F307400090642301226946104863
:10BBC000FEF7E2F8C4F307200090642301226946DF
:10BBD0000B48FEF7D9F8E0B20090642301226946D1
:10BBE0000748FEF7D1F8012211030448FCF7B4F826
:10BBF00000F0DEF838BD000020000000000C01401D
:10BC0000340C0020FEB506460C46174624A00068FA
:10BC100002900020019000224FF480512148FCF74F
:10BC20009BF86420012301AA02A900901E48FEF798
:10BC300082F9C4F3074002906420012301AA02A9FB
:10BC400000901948FEF777F9C4F3072002906420AA
:10BC5000012301AA02A900901348FEF76CF9E0B293
:10BC600002906420012301AA02A900900E48FEF769
:10BC700062F9FF200290002509E064207219012377
:10BC800002A900900848FEF756F9681C85B2BD422B
:10BC9000F3DB012211030348FCF75EF8FEBD000050
:10BCA00003000000000C0140340C00203EB527A02A
:10BCB0000068029000200190002400224FF480517F
:10BCC0002348FCF749F86420012301AA02A9009047
:10BCD0002048FEF730F9002002906420012301AAD9
:10BCE00002A900901B48FEF726F96420012301AA4F
:10BCF00002A900901748FEF71EF96420012301AA4B
:10BD000002A900901348FEF716F96420012301AA46
:10BD100002A900900F48FEF70EF99DF80440642038
:10BD2000012301AA02A900900A48FEF704F94FF680
:10BD3000FF7000EA04249DF804000443012211036B
:10BD40000348FCF709F820463EBD000090000000C3
:10BD5000000C0140340C00200EB50020029011A010
:10BD60000068019000224FF480510F48FBF7F4FF68
:10BD70006420012302AA01A900900C48FEF7DBF819
:10BD8000FF2001906420012302AA01A90090074826
:10BD9000FEF7D1F8012211030348FBF7DDFF9DF800
:10BDA00008000EBD05000000000C0140340C00200E
:10BDB00010B5002404E04AF6AA2005490968086085
:10BDC000FFF7CAFF00F001000028F4D110BD000009
:10BDD000BC0B00202DE9F0478046894616464FEA05
:10BDE0001937C9F30B0ACAF58055FAF7DDFABAF12B
:10BDF000000F03D117B13846FFF7C4FEAE4200DC96
:10BE0000354669E04AF6AA203549096808603903D1
:10BE10004FF480523348FFF7F5FE002408E00AEBA8
:10BE200004003049085CFF2800D003E0601C84B2A5
:10BE3000AC42F4DB00BFAC4217DAFAF7B5FA384689
:10BE4000FFF7A0FE002407E018F8040004EB0A0145
:10BE5000244A5054601C84B2AC42F5DB39034FF4E1
:10BE60008052204800F0BAF804E02A46494640468D
:10BE700000F0B4F8002404E000201A490855601CC2
:10BE800084B2AC42F8DB2A4649461648FFF7BAFEB0
:10BE9000002408E01348005D18F80410884200D020
:10BEA00003E0601C84B2AC42F4DB00BFAC4202DAB7
:10BEB0000120BDE8F087AE4200D10EE07F1C4FF0BC
:10BEC000000AA844A944701B86B2B6F5805F02DD63
:10BED0004FF4805500E0354694E700BF0020E8E7C6
:10BEE000BC0B0020DA1F00202DE9F04707468846EA
:10BEF00016464FEA1839C8F30B0ACAF58055AE4208
:10BF000000DC354663E04FEA09314FF48052324895
:10BF1000FFF778FE002408E00AEB04002E49085CD5
:10BF2000FF2800D003E0601C84B2AC42F4DB00BF09
:10BF3000AC4215DA4846FFF725FE002406E0385DDE
:10BF400004EB0A01244A5054601C84B2AC42F6DB74
:10BF50004FEA09314FF480521F4800F03FF804E0E7
:10BF60002A464146384600F039F8002404E0002013
:10BF700019490855601C84B2AC42F8DB2A46414698
:10BF80001548FFF73FFE002407E01348005D395DC8
:10BF9000884200D003E0601C84B2AC42F5DB00BFF5
:10BFA000AC4202DA0120BDE8F087AE4200D10FE0DA
:10BFB00009F101094FF0000A2F44A844701B86B212
:10BFC000B6F5805F02DD4FF4805500E035469AE714
:10BFD00000BF0020E7E70000DA1F00202DE9F04154
:10BFE00007460E461446F0B2C0F58075AC4200DC40
:10BFF000254617E04AF6AA200C49096808602A4637
:10C000003146384600F014F8AC4200D10BE02F4422
:10C010002E44601B84B2B4F5807F02DD4FF480753E
:10C0200000E02546E6E700BFBDE8F081BC0B00203C
:10C030002DE9F84306460C46174622A000680090FA
:10C040004FF00008FFF75CFD00224FF480511E48BE
:10C05000FBF782FE6423012269461C48FDF794FE2B
:10C06000C4F3074000906423012269461748FDF796
:10C070008BFEC4F307200090642301226946134815
:10C08000FDF782FEE0B200906423012269460F486A
:10C09000FDF77AFE002509E0705D009071196423B8
:10C0A00001220A48FDF770FE681C85B2BD42F3DB31
:10C0B000012211030448FBF74FFEFFF779FEBDE8AC
:10C0C000F883000002000000000C0140340C002046
:10C0D0002DE9F84F04460D4690461E46DDF828909F
:10C0E000FBF740FEA0EB0900371AFBF73BFE824648
:10C0F0002C480068C0F3CB307843009045E0701CBA
:10C10000002842D0FBF72EFEA0EB0A00B84200D276
:10C11000A7BB2068406820F0E000216848606068A4
:10C12000B0F5827F0DD1A068B0F5004F03D0A068B4
:10C13000B0F5806F05D12068006820F040002168CC
:10C140000860A06AB0F5005F0DD100BF20680068EC
:10C1500020F40050216808602068006840F4005016
:10C160002168086000BF012084F8510000BF002052
:10C1700084F8500000BF0320BDE8F88FFFE7009867
:10C1800000B900270098401E009020688068284071
:10C19000A84201D1012000E000204045AFD100209D
:10C1A000EAE70000480100207047000070B504462F
:10C1B0000D4616464AF6AA200449096808602A4630
:10C1C00021463046FFF790FEC0B270BDBC0B002088
:10C1D0003EB5694619480068FEF782FD01A9184876
:10C1E0000068FEF77DFD07208DF808000020154946
:10C1F0000880002409E01DF8040012490988084459
:10C2000000B210490880601CC4B2092CF3DB0D4851
:10C2100000788DF809000B480088000A8DF80A00A4
:10C220006A460B214FF40120FFF7C0FF28B16A4690
:10C230000B214FF40120FFF7B9FF3EBD00000020A5
:10C24000040000202400002030B58FB005460C46C5
:10C2500002208DF834008DF8355005208DF8360019
:10C26000E0B28DF83700200A8DF8380085F005001F
:10C270006040C0B28DF8390003208DF83A002246A4
:10C2800005A1684603F010F8684604F053FD0A2043
:10C29000FBF7DAFA0FB030BD7B225061636B4E6F53
:10C2A000223A7B22496478223A25757D7D0A000076
:10C2B00070B505460C462846FFF7F2FB064646EAEF
:10C2C0000401284602F0C8FF70BD70B504460D4653
:10C2D00029462046FBF72EFD70BD70B504460D467D
:10C2E0001646324629462046FBF736FD70BD000053
:10C2F00070B500F06FF80546002411E0164800EB19
:10C300004410C07F15490978884208D145FA04F2E3
:10C3100002F00101104A02EB441000F021F8641C05
:10C32000012CEBDB0D48007848B9002405E00A49F0
:10C3300001EB441000F091F8641C012CF7DB074876
:10C340000078401C0549087008460078052801DB84
:10C350000020087070BD0000701F00205F020020E8
:10C3600010B58278002A33D0827962B901B110BD4C
:10C37000002242718279521C82710023C2682032ED
:10C380004489135524E08279092A14DAC2682032DC
:10C390004389D25C01F001034479A3401A43D3B22C
:10C3A000C2682032448913558279521C82714279C5
:10C3B000521C42710CE08279092A09D10022827153
:10C3C000827729B142891F2A02DA4289521C4281AE
:10C3D00000BFCCE770B5002600242CE0184A02EB21
:10C3E0004412918B164A02EB44129069FFF76DFFDD
:10C3F0000546134800EB44108079B0B9104800EBB3
:10C400004410807F88B985B90E480078801C0521CA
:10C4100090FBF1F201FB1200094901EB4411C877CE
:10C420000120074901EB4411887705F00100A04085
:10C430003043C6B2641C012CD0DB304670BD000016
:10C44000701F00205F02002070B504460D46A18ACF
:10C450002A462069FFF741FF70BD10B50446607899
:10C4600000283FD0207958B9012020700020E070CA
:10C4700000212046FFF7E8FF2079401C207131E0C1
:10C480002079092810DAE279E068805CE2781041CE
:10C4900000F001012046FFF7D7FF2079401C2071F2
:10C4A000E078401CE0701DE02079092807D10121C7
:10C4B0002046FFF7C9FF2079401C207112E0207947
:10C4C0000A280FD100202071E079401CE071207A09
:10C4D000E179884203DD01202070607002E00020D5
:10C4E0002070607010BD000010B5FBF771FC0348B0
:10C4F0000088401C0149088010BD00006C0000202D
:10C5000000B593B0282109A8F9F735FA142104A839
:10C51000F9F731FA002000900190029003900D206D
:10C5200009904FF480300A9000200B9001200C906D
:10C530000D900F9002201090C10311914FF4E01163
:10C54000129109A8FCF7C0FE08B1F9F7ADFE0F2063
:10C55000049002200590002006904FF48060079020
:10C5600000200890022104A8FCF762FD08B1F9F749
:10C570009BFE112000904FF48070019000200390EA
:10C580006846FCF7BBFC08B1F9F78EFEFCF716FE17
:10C5900013B000BD01480249086070470058000808
:10C5A00008ED00E010B50348FEF746F80148FDF736
:10C5B00076FF10BD8C0C002010B50268184B984215
:10C5C00008D0B0F1804F05D0164B984202D0164BE0
:10C5D000984203D122F070024B681A43104B9842E4
:10C5E00008D0B0F1804F05D00E4B984202D00E4BD0
:10C5F000984203D122F44072CB681A4322F08003A0
:10C600004C6943EA040202608B68C3620B68836270
:10C61000034B984201D10B6903630123436110BDB1
:10C62000002C0140000400400008004030B50C46DA
:10C63000816821F47F4142EA032525432943816033
:10C6400030BD0A46816821F0700142F007031943AA
:10C650008160704730B50B461446026A056A25F0C2
:10C6600001050562816921F0F00141EA041122F01F
:10C670000A021A438161026230BD30B50B4614468E
:10C68000056A25F0100505628169026A21F470418E
:10C6900041EA043122F0A00242EA031281610262FF
:10C6A00030BD70B505466C6A0020E085E084204608
:10C6B000FDF7D0FF70BD0168C96821F49071026870
:10C6C000D1600168496921F0010102685161016B83
:10C6D000012905D10168C96821F010010268D16003
:10C6E000202180F83E1000210163704710B50446F8
:10C6F0002068C06820F040002168C860202084F8CD
:10C700003D002046FEF744FA002010BDF8B504466F
:10C7100094F83E00222869D1A068B0F5805F0CD162
:10C72000206950B90025A66A20684068C0F3080057
:10C730003080A06A801CA06215E0A56A0026A0686F
:10C74000B0F5805F03D0A06828B9206918B92068C7
:10C750004068287004E02068406800F07F0028707E
:10C76000A06A401CA062E08D401E80B2E085A8BB9C
:10C770002068C06820F020002168C8602068C06878
:10C7800020F480702168C8602068406920F00100B2
:10C7900021684861202084F83E00206B01281ED1CA
:10C7A000002020632068C06820F010002168C86065
:10C7B0002068006800F0100010280AD100BF002097
:10C7C000009020680068009020684068009000BFDA
:10C7D00000BFA18D2046FDF73CFF03E004E02046AA
:10C7E000FEF76CF90020F8BD0020FCE70220FAE714
:10C7F00070B504462168096921F44051E26811438B
:10C80000226811612269A1681143626941EA020547
:10C810002168C96841F20C62914329432268D160C2
:10C820002168496921F44071A2691143226851616C
:10C830002D4A2168914202D1FCF7DCFC01E0FCF7B3
:10C84000C9FC00EBC00101EB001162689200B1FB72
:10C85000F2F100EBC00202EB001263689B00B2FB36
:10C86000F3F26423B2FBF3F202EBC20303EB021216
:10C87000A1EB8201322202EB01116422B1FBF2F141
:10C8800001F0F00100EBC00202EB001263689B00B4
:10C89000B2FBF3F26423B2FBF3F201EB021200EB02
:10C8A000C00101EB001163689B00B1FBF3F100EBE9
:10C8B000C00303EB00136668B600B3FBF6F364260F
:10C8C000B3FBF6F303EBC30606EB0313A1EB830103
:10C8D000322303EB01116423B1FBF3F101F00F01EB
:10C8E00011442268916070BD00380140014691F802
:10C8F0003D00212828D18868B0F5805F0BD10869F8
:10C9000048B90A6A1088C0F308000B685860086AC2
:10C91000801C086205E00B6A581C086218780B68D6
:10C920005860C88C401E80B2C88458B90868C06876
:10C9300020F080000B68D8600868C06840F04000B4
:10C940000B68D860002070470220FCE72DE9F04119
:10C9500004460D4617469846069E21E0701CF8B125
:10C960002EB1FBF7FFF9A0EB0800B04218D9206800
:10C97000C06820F4D0702168C8602068406920F049
:10C98000010021684861202084F83D0084F83E00C1
:10C9900000BF002084F83C0000BF0320BDE8F08108
:10C9A000206800682840A84201D1012000E0002052
:10C9B000B842D3D00020F1E710B50248FDF74CFE95
:10C9C00010BD0000D40C00200F480068006800F083
:10C9D0002000202817D10D4800680D490D4A126823
:10C9E00088540C480068401C0A4908600A480078CE
:10C9F000012808D108460068182804D300200860E0
:10CA00000120064908707047180D002004440040BA
:10CA100090030020280000201A00002014000020AD
:10CA200010B50E48FDF718FE0C480068006800F0CD
:10CA30002000202811D10A480068C1B209480A4ADA
:10CA4000126881540021024607480068401C1154B6
:10CA500005480068401C0449086010BD5C0D0020BA
:10CA6000044800407C080020600000202DE9F041CF
:10CA700004460D46D4F8B862D4F8C072D4F8B802AF
:10CA800078B305EB850104F1140000EB81008068A8
:10CA900008B305EB850104F1140000EB810005EB00
:10CAA0008502816807F1280000EBC2000069B1FB34
:10CAB000F0F200FB121070B9002105EB850204F1C1
:10CAC000140000EB8200816000231A4629462046AC
:10CAD00000F0C4FE02E00020C6F814020020BDE809
:10CAE000F081FFE70220FAE770B504460E46D4F85D
:10CAF000B8523146204600F056FDC5F80C02D4F875
:10CB0000B80248B1D5F80402D4F8BC12CA6805F5D9
:10CB100003719047002070BD0220FCE770B5044609
:10CB20000E4600258121204600F057FC0021E162DD
:10CB30000121204600F051FC0021C4F86C11822133
:10CB4000204600F04AFC00212164D4F8B80250B11C
:10CB5000D4F8BC1248688047D4F8B80201F027F92D
:10CB60000020C4F8B802284670BD70B50546D5F857
:10CB7000B842D5F8BC0278B194F80002FF280BD077
:10CB800094F8012294F80002D5F8BC128B68214673
:10CB90009847FF2084F80002002070BD01460A205B
:10CBA00008800148704700005001002001464320E2
:10CBB0000880014870470000D8010020014643204A
:10CBC000088001487047000094010020014643207E
:10CBD00008800148704700001C0200202DE9F04148
:10CBE00004460F460026207C88B94FF400730222C9
:10CBF0008121204600F03EFD0121E1624B0202222C
:10CC0000204600F037FD0121C4F86C110FE04023ED
:10CC100002228121204600F02DFD0121E162402306
:10CC20000222204600F026FD0121C4F86C110823E1
:10CC300003228221204600F01DFD012121644FF4D2
:10CC4000077001F0B5F8C4F8B802D4F8B80208B912
:10CC500001261CE0D4F8B852D4F8BC12086880470A
:10CC60000020C5F81402C5F81802207C40B94FF422
:10CC7000007301212046D5F8042200F013FD06E0E0
:10CC8000402301212046D5F8042200F00BFD304658
:10CC9000BDE8F08170B50446D4F8B852D4F8B802B3
:10CCA00098B1207C40B94FF4007301212046D5F89B
:10CCB000042200F0F7FC06E0402301212046D5F8CD
:10CCC000042200F0EFFC002070BD0220FCE70246C9
:10CCD000022011B1C2F8BC12002070470246D2F8FF
:10CCE000B832C3F804120020704710B50346D3F8D9
:10CCF000B842C4F80812C4F81022002010BD2DE973
:10CD0000FC4105460C46D5F8B86200200190009021
:10CD10000027207800F0600040B320285FD1E08831
:10CD2000E0B1207800F0800060B1E2886078D5F84A
:10CD3000BC128B6831469847E2883146284600F09D
:10CD4000E6F812E0607886F80002A07986F8010221
:10CD5000E2883146284600F0B9F806E06078D5F858
:10CD6000BC1200228B68214698473EE0607820B1D3
:10CD70000A2812D00B282AD11FE095F89C0203281C
:10CD800005D102226946284600F0C1F804E0214698
:10CD9000284600F08FF802271FE095F89C02032830
:10CDA00005D1012201A9284600F0B1F804E021468E
:10CDB000284600F07FF802270FE095F89C02032830
:10CDC00004D02146284600F075F8022705E02146E8
:10CDD000284600F06FF8022700BF00BF05E021469B
:10CDE000284600F067F8022700BF00BF3846BDE8BC
:10CDF000FC8170B50546D5F8B842D5F8B802A8B19F
:10CE0000D4F8140280B90120C4F81402D4F8101226
:10CE10002963B4F8100283B281212846D4F808228D
:10CE200000F01CFD002070BD0120FCE70220FAE7A5
:10CE300070B504460D46D4F8B4022946426820462F
:10CE40009047002070BD70B504460D4694F89C02D2
:10CE5000012804D0022803D003280CD101E000BF30
:10CE600000BF6888012805D10020C4F8A40220462C
:10CE700000F05EF804E02946204600F01BF800BFF1
:10CE800000BF70BD70B506460C4615462B462246BF
:10CE90000021304600F006FC002070BD70B506464B
:10CEA0000C4615462B4622460021304600F0D6FCA3
:10CEB000002070BD70B504460D468021204600F06C
:10CEC000A1FC0021204600F09DFC70BD70B5044619
:10CED0000E4615460320C4F894024FF4AE70055177
:10CEE000001D05512B4632460021204600F0DAFB9A
:10CEF000002070BD10B504460520C4F8940200233C
:10CF00001A461946204600F0CDFB002010BD70B532
:10CF100004460E4615460220C4F89402E5612562D7
:10CF20002B4632460021204600F098FC002070BDC0
:10CF300010B504460420C4F8940200231A4619468A
:10CF4000204600F08BFC002010BD000070B50546A7
:10CF50000C462DB92246064906A000F0D3F904E09C
:10CF60002246034903A000F0CDF9014870BD00003E
:10CF70006410002043444320436F6E6669670000DD
:10CF8000024612200880014870470000E00000209F
:10CF900070B505460C462DB92246064906A000F09C
:10CFA000B1F904E02246034903A000F0ABF90148BF
:10CFB00070BD00006410002043444320496E746536
:10CFC0007266616365000000024604200880014823
:10CFD00070470000F400002070B505460C4622465C
:10CFE000024903A000F08EF9004870BD64100020D3
:10CFF0004A6168616E476F737461720070B505466F
:10D000000C462DB92246064906A000F07BF904E043
:10D010002246034903A000F075F9014870BD0000E5
:10D02000641000204A6168616E476F7374617250CA
:10D030006F72740070B505460C461A202080FAF70E
:10D0400065FB014870BD0000F800002070B5044683
:10D050000D46E888012804D029462046FFF72AFF1C
:10D060001EE094F89C02012804D0022803D0032873
:10D0700010D109E000BF0020A060012204F10801E6
:10D080002046FFF744FF0AE00122211D2046FFF75A
:10D090003EFF04E029462046FFF70CFF00BF00BF1B
:10D0A00070BDF8B504460E4600200090002700250C
:10D0B00070880012082875D2DFE800F0C7040C2041
:10D0C000C7C7A5B5207CD4F8B0120A686946904756
:10D0D0000746C1E0207C40B9D4F8B402816A6846B2
:10D0E000884707460220787007E0D4F8B402C16A86
:10D0F00068468847074602207870ADE0B078062879
:10D1000078D2DFE800F00316293C5063D4F8B0026F
:10D11000406838B1207CD4F8B0124A68694690471C
:10D12000074605E031462046FFF7C4FE681CC5B23D
:10D1300067E0D4F8B002806838B1207CD4F8B0122F
:10D140008A6869469047074605E031462046FFF762
:10D15000B1FE681CC5B254E0D4F8B002C06838B162
:10D16000207CD4F8B012CA6869469047074605E0AB
:10D1700031462046FFF79EFE681CC5B241E0D4F858
:10D18000B002006938B1207CD4F8B0120A6969464F
:10D190009047074605E031462046FFF78BFE681CA6
:10D1A000C5B22EE051E0D4F8B002406938B1207C1D
:10D1B000D4F8B0124A6969469047074605E03146FF
:10D1C0002046FFF777FE681CC5B21AE0D4F8B0021B
:10D1D000806940B1207CD4F8B0128A6969469047D2
:10D1E000074606E006E031462046FFF763FE681C6E
:10D1F000C5B206E031462046FFF75CFE681CC5B2AA
:10D2000000BF00BF28E0207C30B9D4F8B402416BE5
:10D2100068468847074605E031462046FFF74AFE44
:10D22000681CC5B218E0207C40B9D4F8B402016B88
:10D230006846884707460720787005E03146204653
:10D24000FFF738FE681CC5B206E031462046FFF7FE
:10D2500031FE681CC5B200BF00BF05B1F8BDBDF806
:10D26000000088B1F08878B1F088BDF800108842DD
:10D2700002DDBDF8000000E0F0880090BDF800205D
:10D2800039462046FFF743FEF08810B92046FFF7E5
:10D290004FFE00BFE2E70146002002E0421CD0B290
:10D2A000491C0A78002AF9D1704770B504460D462A
:10D2B00094F89C02012804D0022803D003281AD134
:10D2C00001E000BF00BFE888022804D029462046BC
:10D2D000FFF7F0FD14E00120E060D4F8A40218B1DB
:10D2E000E06840F00200E060022204F10C012046F8
:10D2F000FFF70DFE04E029462046FFF7DBFD00BFE7
:10D3000000BF70BD2DE9F04104460D4617460026CA
:10D31000FCB12046FFF7BFFF022101EB400038803F
:10D320003A783046711CCEB22A5403223046711C22
:10D33000CEB22A540AE014F8012B3046711CCEB24A
:10D340002A5400223046711CCEB22A54207800287C
:10D35000F1D1BDE8F0810146002031B1012906D0AC
:10D36000022906D0032908D105E0002007E00220A9
:10D3700005E0012003E0022001E0022000BF00BF21
:10D38000704770B504460D4616460CB9022070BDB4
:10D39000D4F8B40210B10020C4F8B4020DB1C4F83E
:10D3A000B052012084F89C022670204600F004F957
:10D3B0000020ECE72DE9F04104460D460026002749
:10D3C0002946D4F8C002FAF76FFE06463046FFF74A
:10D3D000C2FF07463846BDE8F0812DE9F04104461A
:10D3E0000D46002600272946D4F8C002FAF727FE8A
:10D3F00006463046FFF7AFFF07463846BDE8F081E6
:10D400002DE9F04104460E461746002E64D104F182
:10D410001405D4F89402022848D1D5E903018842C2
:10D4200010D9D5E90301401AE860A88982B23946CB
:10D430002046FFF733FD00231A461946204600F028
:10D4400031F93EE02969A868B0FBF1F201FB120056
:10D45000B8B92969A868884213D3A868D4F8981283
:10D4600088420ED2002211462046FFF717FD002009
:10D47000C4F8980200231A461946204600F012F913
:10D480001FE0D4F8B402C06840B194F89C020328AD
:10D4900004D1D4F8B402C1682046884780212046D0
:10D4A00000F0B0F92046FFF725FD0AE0D4F8940219
:10D4B000042802D0D4F8940218B98021204600F044
:10D4C000A1F994F8A002012818D1204600F0FAF939
:10D4D000002084F8A00211E0D4F8B402406950B1F1
:10D4E00094F89C02032806D1D4F8B402314642696C
:10D4F0002046904702E00220BDE8F0810020FBE7D3
:10D500002DE9F04104460E461746BEBB04F5AA7548
:10D51000D4F89402032825D1D5E90301884210D913
:10D52000D5E90301401AE860D5E90301884201D238
:10D53000E86800E0286982B239462046FFF7A2FC7D
:10D540002FE0D4F8B402006940B194F89C0203289B
:10D5500004D1D4F8B4020169204688472046FFF779
:10D56000E7FC1EE0D4F8940205281AD10020C4F884
:10D5700094020021204600F045F912E0FFE7D4F8BC
:10D58000B402806950B194F89C02032806D1D4F803
:10D59000B402314682692046904702E00220BDE88D
:10D5A000F0810020FBE770B504460D462946D4F80B
:10D5B000C002FBF7F7F870BD10B504461D48C0F86F
:10D5C000E842C4F8C0021C481A49086008204860B4
:10D5D00002211848816000218161C1610162FBF76D
:10D5E000B8FA08B1F8F760FE04F530741823002289
:10D5F00011462068FAF7E0FC5823002280212068B9
:10D60000FAF7DAFCC023002281212068FAF7D4FC63
:10D610004FF48873002201212068FAF7CDFC2068BE
:10D62000A4F530744FF4807300228221FAF7C4FC11
:10D63000002010BD341A0020005C004010B50246E6
:10D64000D2F8C03201F08000802809D101F07F00BB
:10D6500000EB800403F1280000EBC400807810BDCB
:10D6600001F07F0000EB800403F5B47000EBC40010
:10D670008078F4E72DE9F04704460F4615461E462C
:10D680004FF00008C1462B4632463946D4F8C00256
:10D69000FBF793F880464046FFF75DFE814648461B
:10D6A000BDE8F0872DE9F04704460D4616461F46B3
:10D6B0004FF00008C1463B4632462946D4F8C00226
:10D6C000FBF7C1F880464046FFF745FE81464846D5
:10D6D000BDE8F08710B504464023002211462046DD
:10D6E000FFF7C8FF01214FF4AC70015140214FF406
:10D6F000B27001514023002280212046FFF7BAFF7B
:10D700000121A16140216162012084F89C02002076
:10D71000C4F894026060C4F8A402D4F8B80228B136
:10D720002179D4F8B402426820469047002010BD09
:10D73000014691F89C02042803D191F89D0281F8DA
:10D740009C020020704710B5044694F89C02032800
:10D7500008D1D4F8B402C06920B1D4F8B402C169C8
:10D7600020468847002010BD0246117400207047F3
:10D770002DE9F04104460D46002600272946D4F83D
:10D78000C002FBF7D5FA06463046FFF7E4FD074630
:10D790003846BDE8F08170B504460D46294604F5CB
:10D7A0002A7000F073F80120C4F8940240F2AE2011
:10D7B000005BC4F8980294F8A80200F01F0020B1A2
:10D7C000012808D0022812D10BE004F52A71204666
:10D7D00000F041F913E004F52A71204600F0A8FAA0
:10D7E0000DE004F52A71204600F086F907E094F870
:10D7F000A80200F08001204600F004F800BF00BF3E
:10D80000002070BD2DE9F04104460D46002600279A
:10D810002946D4F8C002FBF73CF806463046FFF72D
:10D820009AFD07463846BDE8F08170B504460025EC
:10D830000026D4F8C002FBF79FFA05462846FFF7FA
:10D840008AFD0646304670BD014691F89C0281F87B
:10D850009D02042081F89C02002070472DE9F047CA
:10D8600004460D4616461F464FF00008C1463B468B
:10D8700032462946D4F8C002FBF74FF880464046AE
:10D88000FFF769FD81464846BDE8F0870A780270D7
:10D890004A7842708B78CA7803EB022242800B7977
:10D8A0004A7903EB022282808B79CA7903EB022248
:10D8B000C28070470246002011B1C2F8B41200E0E5
:10D8C0000220704701460020704770B504460D469F
:10D8D000A88810BBE88800BB688880281DD2A8787B
:10D8E00000F07F0694F89C02032804D129462046C4
:10D8F000FFF7E0FA15E084F89E6231462046FFF714
:10D9000037FF2046FFF714FB1EB1022084F89C026B
:10D9100007E0012084F89C0203E029462046FFF737
:10D92000C9FA70BD70B504460D460226D4F8B4029B
:10D9300038B1D4F8B402294602682046904700B9AD
:10D940000026304670BD000070B504460D46A8782C
:10D950003649087008460078012804DD294620462B
:10D96000FFF7A8FA60E094F89C02022802D003288E
:10D970004FD11CE02D480078A8B12C480078606099
:10D98000032084F89C02294801782046FFF7CAFF4B
:10D99000022804D129462046FFF78CFA70BD2046A4
:10D9A000FFF7C6FA02E02046FFF7C2FA3BE01F4845
:10D9B000007870B9022084F89C021C4800786060EE
:10D9C0001A4801782046FFF733FA2046FFF7B0FAED
:10D9D0001EE0164909786068884216D021792046F1
:10D9E000FFF726FA11480078606010480178204659
:10D9F000FFF798FF022804D129462046FFF75AFA7C
:10DA0000CCE72046FFF794FA02E02046FFF790FAB1
:10DA100009E029462046FFF74DFA044801782046E0
:10DA2000FFF706FA00BF00BF00BFB7E74C010020B8
:10DA300070B505460C466088012804D1C5F8A402DB
:10DA40002846FFF775FA70BD10B504462046FFF76B
:10DA5000ECFE002010BD70B505460C46002620786F
:10DA600000F0600060B1202802D040283CD100E0E6
:10DA700000BFD5F8B402214682682846904738E0B6
:10DA800060780A2829D2DFE800F01923281E280A26
:10DA90000528140F21462846FFF703FB22E0214604
:10DAA0002846FFF712FF1DE021462846FFF74CFFEE
:10DAB00018E021462846FFF7C9FA13E02146284618
:10DAC000FFF7F3FB0EE021462846FFF7B1FF09E020
:10DAD00021462846FFF7B7F904E021462846FFF71C
:10DAE000E9F900BF00BF04E021462846FFF7E2F94C
:10DAF00000BF00BF304670BD2DE9F04105460E461F
:10DB00004FF000083479307800F0600060B12028D0
:10DB100002D0402871D100E000BFD5F8B4023146F0
:10DB200082682846904700E1307800F060002028A5
:10DB300009D1D5F8B402314682682846904780461C
:10DB40004046BDE8F081707800285ED001282FD0D3
:10DB5000032876D195F89C02022802D0032820D110
:10DB600010E054B1802C08D021462846FFF74AFE29
:10DB700080212846FFF746FE03E031462846FFF79E
:10DB800099F913E0708840B93CB1802C05D0F08839
:10DB900018B921462846FFF735FE2846FFF7C8F991
:10DBA00004E031462846FFF785F900BF00BFB5E025
:10DBB00095F89C02022802D003281FD110E054B12E
:10DBC000802C08D021462846FFF71CFE80212846DD
:10DBD000FFF718FE03E031462846FFF76BF912E025
:10DBE000708848B904F07F0018B121462846FFF735
:10DBF000E1FB2846FFF79CF905E091E03146284615
:10DC0000FFF758F900BF00BF88E095F89C02022892
:10DC100002D0032876D126E034B1802C04D03146DE
:10DC20002846FFF747F972E004F08000802809D108
:10DC300004F07F0000EB800105F1140000EB81008F
:10DC400008E066E004F07F0000EB800105F5AA70B3
:10DC500000EB810007460020386002223946284642
:10DC6000FFF755F953E004F0800080280ED104F04E
:10DC70000F0000EB800105F1140000EB810040680B
:10DC800098B931462846FFF715F940E004F00F0037
:10DC900000EB800105F5AA7000EB8100406820B917
:10DCA00031462846FFF706F931E004F0800080286D
:10DCB00008D104F07F0000EB800105F1140000EBB7
:10DCC000810007E004F07F0000EB800105F5AA70F9
:10DCD00000EB810007460CB1802C02D10020386097
:10DCE00009E021462846FFF7A9FC10B10120386061
:10DCF00001E000203860022239462846FFF707F984
:10DD000005E0FFE731462846FFF7D4F800BF00BF23
:10DD100004E031462846FFF7CDF800BF00BF04E01D
:10DD200031462846FFF7C6F800BF00BF404608E767
:10DD300070B505460C460026207800F0600030B132
:10DD4000202802D040282AD100E000BF00BF95F86B
:10DD50009C02012804D0022803D0032818D101E036
:10DD600000BF00BF207901280DDCD5F8B4022146A0
:10DD70008268284690470646E08840B93EB9284662
:10DD8000FFF7D6F803E021462846FFF793F804E0B2
:10DD900021462846FFF78EF800BF00BF04E0214669
:10DDA0002846FFF787F800BF00BF002070BD70470E
:10DDB0000146014870470000201D0020F0B50246D2
:10DDC00000260878400032F8100048F68F1400EA68
:10DDD0000403C87830B101280CD0022805D00328EC
:10DDE0000BD104E043F4007309E000BF07E043F403
:10DDF000C06304E043F4806301E0012600BF00BF7C
:10DE000043F4004040F080000C78640022F81400D5
:10DE100000BF0C78640032F8144048F68F752C402F
:10DE20000D7844EA050040F4004444F080040D7885
:10DE30006D0022F8154000BF087B00287ED148788D
:10DE4000002852D000BF1046B2F8505028440D7838
:10DE500000F5806707EB0514CD886D106D002580F7
:10DE600000BF00BF0C78640032F8140000F04004DA
:10DE70008CB100BF0D786D0032F8155048F68F77E1
:10DE800005EA070444F4004545F0C0050F787F001B
:10DE900022F8175000BF00BFC878012813D000BF78
:10DEA0000C78640032F8144048F6BF7504EA0500A7
:10DEB00080F0200040F4004444F080040D786D00B0
:10DEC00022F815409EE100BF0C78640032F814403F
:10DED00048F6BF7504EA050040F4004444F08004AD
:10DEE0000D786D0022F815408CE100BF1046B2F8A5
:10DEF000505028440D78042707EBC50500F58067CE
:10DF000007EB4504CD886D106D00258000BF00BF74
:10DF10001546B2F8504025440C78062707EBC40498
:10DF200005F5806707EB4404204600BF0F6967B919
:10DF3000078848F2FF3C07EA0C0700E057E007803B
:10DF4000078847F4004707801EE00F693E2F0DD871
:10DF500000BF0F697C080F7C07F0010707B1641C44
:10DF60004FF6FF7707EA842707800DE000BF0F69AF
:10DF70007C090F7C07F01F0707B9641E4FF40047A8
:10DF800047EA8427078000BF00BF00BF00BF0C78AE
:10DF9000640032F8140000F480448CB100BF0D78A6
:10DFA0006D0032F8155048F68F7705EA070444F4FF
:10DFB000004545F481450F787F0022F8175000BFD7
:10DFC00000BF00BF0C78640032F814404BF68F7528
:10DFD00004EA050080F4805080F4005040F40044CE
:10DFE00044F080040D786D0022F815400AE100BF6E
:10DFF0000C78640032F8144048F68F7504EA050086
:10E0000040F4004444F4C0740D786D0022F81540CB
:10E0100000BF00BF00BF00BF1046B2F850502844F8
:10E020000D7800F5806707EB05140D896D106D0004
:10E03000258000BF00BF00BF00BF1046B2F850509F
:10E0400028440D78042707EBC50500F5806707EB2A
:10E0500045044D896D106D00258000BF00BF00BFD5
:10E06000487800285DD100BF0C78640032F81400B5
:10E0700000F480448CB100BF0D786D0032F815506B
:10E0800048F68F7705EA070444F4004545F48145D6
:10E090000F787F0022F8175000BF00BF00BF0C7838
:10E0A000640032F8140000F040048CB100BF0D7819
:10E0B0006D0032F8155048F68F7705EA070444F4EE
:10E0C000004545F0C0050F787F0022F8175000BFCB
:10E0D00000BF00BF0C78640032F814404BF68F7517
:10E0E00004EA050080F4805080F4005040F40044BD
:10E0F00044F080040D786D0022F8154000BF00BF89
:10E100000C78640032F8144048F6BF7504EA050044
:10E1100040F4004444F080040D786D0022F815406E
:10E1200070E000BF0C78640032F8140000F4804402
:10E130008CB100BF0D786D0032F8155048F68F771E
:10E1400005EA070444F4004545F481450F787F0053
:10E1500022F8175000BF00BF00BF0C78640032F8EF
:10E16000140000F040048CB100BF0D786D0032F84F
:10E17000155048F68F7705EA070444F4004545F04A
:10E18000C0050F787F0022F8175000BF00BFC87885
:10E19000012813D000BF0C78640032F8144048F610
:10E1A000BF7504EA050080F0200040F4004444F00C
:10E1B00080040D786D0022F8154011E000BF0C7846
:10E1C000640032F8144048F6BF7504EA050040F4D4
:10E1D000004444F080040D786D0022F8154000BF23
:10E1E00000BF0C78640032F814404BF68F7504EAD7
:10E1F000050040F4004444F080040D786D0022F8DE
:10E20000154000BF3046F0BD10B50446002010BDDB
:10E2100030B50246087B00285BD1487860B300BF68
:10E220000B785B0032F8130000F040038BB100BFA5
:10E230000C78640032F8144048F68F7504EA050340
:10E2400043F4004444F0C0040D786D0022F81540FA
:10E2500000BF00BF00BF0B785B0032F8133048F6F8
:10E26000BF7403EA040040F4004343F080030C78D9
:10E27000640022F8143007E100BF0B785B0032F82D
:10E28000130000F480438BB100BF0C78640032F8B7
:10E29000144048F68F7504EA050343F4004444F43F
:10E2A00081440D786D0022F8154000BF00BF00BF0B
:10E2B0000B785B0032F813304BF68F7403EA0400DE
:10E2C00040F4004343F080030C78640022F81430DB
:10E2D000DAE0487800286BD100BF0B785B0032F899
:10E2E000130000F480438BB100BF0C78640032F857
:10E2F000144048F68F7504EA050343F4004444F4DF
:10E3000081440D786D0022F8154000BF00BF00BFAA
:10E310000B785B0032F8130000F040038BB100BFB4
:10E320000C78640032F8144048F68F7504EA05034F
:10E3300043F4004444F0C0040D786D0022F8154009
:10E3400000BF00BF00BF0B785B0032F8133048F607
:10E350008F7403EA040040F4004343F0C0030C78D8
:10E36000640022F8143000BF00BF0B785B0032F865
:10E3700013304BF68F7403EA040040F4004343F07B
:10E3800080030C78640022F8143000BF00BF0B78C3
:10E390005B0032F8133048F6BF7403EA040040F41F
:10E3A000004343F080030C78640022F814306BE0E3
:10E3B00000BF0B785B0032F8130000F480438BB190
:10E3C00000BF0C78640032F8144048F68F7504EAF8
:10E3D000050343F4004444F481440D786D0022F8B1
:10E3E000154000BF00BF00BF0B785B0032F8130080
:10E3F00000F040038BB100BF0C78640032F8144089
:10E4000048F68F7504EA050343F4004444F0C00461
:10E410000D786D0022F8154000BF00BF00BF0B78DB
:10E420005B0032F8133048F68F7403EA040040F4BE
:10E43000004343F481430C78640022F8143000BF99
:10E4400000BF0B785B0032F8133048F6BF7403EA64
:10E45000040040F4004343F080030C78640022F889
:10E46000143000BF00BF0B785B0032F813304BF65E
:10E470008F7403EA040040F4004343F080030C78F7
:10E48000640022F8143000BF002030BD0146002097
:10E49000704701460020704710B50446012024F85B
:10E4A000400F00202080A0802082403C10BD01460B
:10E4B0004FF43F42B1F840009043A1F840000020E3
:10E4C000704702460020704730B50246087B00289E
:10E4D00065D1487888B300BF0B785B0032F8130031
:10E4E00000F040038BB100BF0C78640032F8144098
:10E4F00048F68F7504EA050343F4004444F0C00471
:10E500000D786D0022F8154000BF00BFC8780128C3
:10E5100045D000BF0B785B0032F8133048F6BF746B
:10E5200003EA040080F0200040F4004343F080033D
:10E530000C78640022F8143031E0FFE700BF0B785C
:10E540005B0032F8130000F480438BB100BF0C78FD
:10E55000640032F8144048F68F7504EA050343F46A
:10E56000004444F481440D786D0022F8154000BF4A
:10E5700000BF00BF0B785B0032F813304BF68F748E
:10E5800003EA040080F4805080F4005040F400431B
:10E5900043F080030C78640022F8143000BF0020A0
:10E5A00030BD10B50246487898B100BF0B785B00CB
:10E5B00032F8133048F6BF7403EA040080F010000C
:10E5C00040F4004343F080030C78640022F81430D8
:10E5D00013E000BF0B785B0032F813304BF68F74FA
:10E5E00003EA040080F4805040F4004343F08003C9
:10E5F0000C78640022F8143000BF002010BD2DE913
:10E60000F04706460C466078012876D12169A0695A
:10E61000884201D9256900E0A569207BA0B9ABB289
:10E62000E2883046616900F0F4FD00BF3046B6F87C
:10E63000502010442278022303EBC20200F58063CD
:10E6400003EB42010D8081E3E07802287DD121694E
:10E65000206A88427AD900BF2178490036F8111023
:10E6600048F68F7201EA020040F4004141F4C071A3
:10E670002278520026F8121000BF206A401B206248
:10E680002078400036F8100000F0400000287DD0CF
:10E6900000BF3346607888BB00BF3246B6F85010E2
:10E6A0000A4421784FF0060909EBC10102F580699F
:10E6B00009EB4101084600BF75B9B0F8009048F277
:10E6C000FF3A09EA0A09A0F80090B0F8009049F46E
:10E6D0000049A0F8009021E03E2D10D800BF690845
:10E6E00005F00109B9F1000F00D0491C4FF6FF7980
:10E6F00009EA8129A0F8009010E03DE310E000BF96
:10E70000690905F01F09B9F1000F00D1491E4FF446
:10E71000004949EA8129A0F8009000BF00BF0FE03E
:10E72000607801280CD1B6F8500003442078062107
:10E7300001EBC00003F5806101EB400CACF8005028
:10E7400000BF6789ABB23A4601E057E12CE13046A1
:10E75000616900F05EFD6069284460612169206A9A
:10E76000884203D9206A401B206202E0256A00200B
:10E77000206200BF6078C0BB00BF3246B6F85010C0
:10E780000A442178022303EBC10100E049E002F5CD
:10E79000806303EB4101084600BF55B9038848F286
:10E7A000FF3C03EA0C030380038843F40043038027
:10E7B00019E03E2D0BD800BF690805F0010303B135
:10E7C000491C4FF6FF7303EA812303800BE000BF6F
:10E7D000690905F01F0303B9491E4FF4004343EADA
:10E7E0008123038000BF00BF12E0FFE760780128AB
:10E7F0000ED100BF3046B6F85020104422780223D4
:10E8000003EBC20200F5806303EB42010D8000BF01
:10E8100000BF2789ABB23A463046616900F0F9FC87
:10E8200094E200BF6078B0BB00BF3246B6F850102B
:10E830000A442178022303EBC10102F5806303EB54
:10E840004101084600BF55B9038848F2FF3C03EA7E
:10E850000C030380038843F40043038019E03E2D3A
:10E860000BD800BF690805F0010303B1491C4FF63E
:10E87000FF7303EA812303800BE000BF690905F001
:10E880001F0303B9491E4FF4004343EA8123038069
:10E8900000BF00BF12E0FFE7607801280ED100BF83
:10E8A0003046B6F8502010442278022303EBC2020F
:10E8B00000F5806303EB42010D8000BF00BF278994
:10E8C000ABB23A463046616900F0A3FC6069284467
:10E8D00060612169206A884203D9206A401B206256
:10E8E00002E0256A0020206200BF3346607880BBCA
:10E8F00000BF3246B6F850100A4421784FF006099E
:10E9000009EBC10102F5806909EB4101084600BF2E
:10E9100075B9B0F8009048F2FF3A09EA0A09A0F880
:10E920000090B0F8009049F40049A0F8009020E071
:10E930003E2D0FD800BF690805F00109B9F1000F9D
:10E9400000D0491C4FF6FF7909EA8129A0F8009010
:10E950000FE010E000BF690905F01F09B9F1000FD1
:10E9600000D1491E4FF4004949EA8129A0F80090DE
:10E9700000BF00BF0FE0607801280CD1B6F850004E
:10E9800003442078062101EBC00003F5806101EB10
:10E99000400CACF8005000BF6789ABB23A46304635
:10E9A000616900F036FCD1E1256A00BF2178490099
:10E9B00036F8111048F68F6201EA020040F4004177
:10E9C00041F080012278520026F8121000BF00BFEB
:10E9D0003046B6F8502010442278022303EBC202DE
:10E9E00000F5806303EB42010D8000BF2789ABB2C5
:10E9F0003A463046616900F00CFCA7E100BF21787F
:10EA0000490036F8111048F68F7201EA020040F40E
:10EA1000004141F4C0712278520026F8121000BF64
:10EA2000206A401B20622078400036F8100000F079
:10EA3000400000287DD000BF3346607880BB00BF17
:10EA40003246B6F850100A4421784FF0060909EB17
:10EA5000C10102F5806909EB4101084600BF75B9A3
:10EA6000B0F8009048F2FF3A09EA0A09A0F80090CD
:10EA7000B0F8009049F40049A0F8009020E03E2D45
:10EA80000FD800BF690805F00109B9F1000F00D0E7
:10EA9000491C4FF6FF7909EA8129A0F800900FE0A0
:10EAA00010E000BF690905F01F09B9F1000F00D19E
:10EAB000491E4FF4004949EA8129A0F8009000BF9F
:10EAC00000BF0FE0607801280CD1B6F85000034475
:10EAD0002078062101EBC00003F5806101EB400CBA
:10EAE000ACF8005000BF6789ABB23A463046616966
:10EAF00000F08FFB6069284460612169206A8842C8
:10EB000003D9206A401B206202E0256A00202062AF
:10EB1000002D56D000BF6078C0BB00BF3246B6F8AB
:10EB200050100A442178022303EBC10102F58063EF
:10EB300000E047E003EB4101084600BF55B90388F8
:10EB400048F2FF3C03EA0C030380038843F40043CC
:10EB5000038019E03E2D0BD800BF690805F00103C2
:10EB600003B1491C4FF6FF7303EA812303800BE0D6
:10EB700000BF690905F01F0303B9491E4FF40043A4
:10EB800043EA8123038000BF00BF12E0FFE7607803
:10EB900001280ED100BF3046B6F85020104422782C
:10EBA000022303EBC20200F5806303EB42010D80F8
:10EBB00000BF00BF2789ABB23A463046616900F01A
:10EBC00028FBC3E000BF6078B0BB00BF3246B6F898
:10EBD00050100A442178022303EBC10102F580633F
:10EBE00003EB4101084600BF55B9038848F2FF3CDA
:10EBF00003EA0C030380038843F40043038019E015
:10EC00003E2D0BD800BF690805F0010303B1491C74
:10EC10004FF6FF7303EA812303800BE000BF69090D
:10EC200005F01F0303B9491E4FF4004343EA812353
:10EC3000038000BF00BF12E0FFE7607801280ED11B
:10EC400000BF3046B6F8502010442278022303EB70
:10EC5000C20200F5806303EB42010D8000BF00BFDC
:10EC60002789ABB23A463046616900F0D2FA606952
:10EC7000284460612169206A884203D9206A401BC8
:10EC8000206202E0256A00202062A5B300BF33465F
:10EC9000607888BB00BF3246B6F850100A4421782D
:10ECA0004FF0060909EBC10102F5806909EB41014A
:10ECB000084600BF75B9B0F8009048F2FF3A09EA7B
:10ECC0000A09A0F80090B0F8009049F40049A0F8B3
:10ECD000009021E03E2D10D800BF690805F0010921
:10ECE000B9F1000F00D0491C4FF6FF7909EA8129DC
:10ECF000A0F8009010E029E010E000BF690905F0DD
:10ED00001F09B9F1000F00D1491E4FF4004949EA2B
:10ED10008129A0F8009000BF00BF0FE060780128B3
:10ED20000CD1B6F8500003442078062101EBC00056
:10ED300003F5806101EB400CACF8005000BF67891F
:10ED4000ABB23A463046616900F063FA00BF217801
:10ED5000490036F8111048F6BF7201EA020080F04F
:10ED6000100080F0200040F4004141F08001227842
:10ED7000520026F8121005E2207BA0BB2169A06991
:10ED8000884204D92569A069401BA06102E0A569F9
:10ED90000020A06100BF3246B6F850100A44217826
:10EDA000062303EBC10102F5806303EB4101084632
:10EDB00000BF55B9038848F2FF3C03EA0C03038007
:10EDC000038843F4004303801AE03E2D0CD800BFB3
:10EDD000690805F0010303B1491C4FF6FF7303EA0C
:10EDE000812303800CE00DE000BF690905F01F03DB
:10EDF00003B9491E4FF4004343EA8123038000BF57
:10EE000000BFA9E1E07802287DD100BF00BF607893
:10EE1000E0BB00BF3246B6F850100A442178022306
:10EE200003EBC10102F5806303EB4101084600BF1B
:10EE3000236953B9038848F2FF3C03EA0C030380BB
:10EE4000038843F4004303801EE023693E2B0DD862
:10EE500000BF23695908237C03F0010303B1491C57
:10EE60004FF6FF7303EA812303800DE000BF23699F
:10EE70005909237C03F01F0303B9491E4FF40043D3
:10EE800043EA8123038000BF00BF13E0FFE76078FF
:10EE900001280FD100BF3046B6F850201044227828
:10EEA000022303EBC20200F5806303EB4201228AD6
:10EEB0000A8000BF00BF00BF33466078E8BB00BFD8
:10EEC0003246B6F850100A4421784FF0060909EB93
:10EED000C10102F5806909EB4101084600BFD4F881
:10EEE0001090B9F1000F0FD1B0F8009048F2FF3A3E
:10EEF00009EA0A09A0F80090B0F8009049F4004926
:10EF0000A0F800902EE06BE0D4F81090B9F13E0F1D
:10EF100014D800BFD4F810904FEA590194F810901B
:10EF200009F00109B9F1000F00D0491C4FF6FF7933
:10EF300009EA8129A0F8009014E015E000BFD4F898
:10EF400010904FEA591194F8109009F01F09B9F187
:10EF5000000F00D1491E4FF4004949EA8129A0F869
:10EF6000009000BF00BF10E0607801280DD1B6F816
:10EF7000500003442078062101EBC00003F58061B6
:10EF800001EB400C208AACF8000000BF00BFE06934
:10EF9000002824D02078400036F8108008F4804003
:10EFA00010B108F0400038B908F48040002816D1AC
:10EFB00008F04000002812D100BF00BF21784900AE
:10EFC00036F8111048F68F7201EA020040F4004151
:10EFD00041F0C0012278520026F8121000BFBBE0B9
:10EFE000E07801287CD12169A069884204D925698B
:10EFF000A069401BA06102E0A5690020A06100BFDC
:10F0000000BF6078B0BB00BF3246B6F850100A446B
:10F010002178022303EBC10102F5806303EB410178
:10F02000084600BF55B9038848F2FF3C03EA0C03C9
:10F030000380038843F40043038019E03E2D0BD87E
:10F0400000BF690805F0010303B1491C4FF6FF73C7
:10F0500003EA812303800BE000BF690905F01F0369
:10F0600003B9491E4FF4004343EA8123038000BFE4
:10F0700000BF12E0FFE7607801280ED100BF3046E4
:10F08000B6F8502010442278022303EBC20200F5A8
:10F09000806303EB42010D8000BF00BF00BF334619
:10F0A000607890BB00BF3246B6F850100A44217811
:10F0B0004FF0060909EBC10102F5806909EB410136
:10F0C000084600BF85B9B0F8009048F2FF3A09EA57
:10F0D0000A09A0F80090B0F8009049F4004900E057
:10F0E00037E0A0F8009020E03E2D0FD800BF69085F
:10F0F00005F00109B9F1000F00D0491C4FF6FF7966
:10F1000009EA8129A0F800900FE010E000BF69092A
:10F1100005F01F09B9F1000F00D1491E4FF4004955
:10F1200049EA8129A0F8009000BF00BF0FE0607895
:10F1300001280CD1B6F8500003442078062101EBD9
:10F14000C00003F5806101EB400CACF8005000BF3B
:10F1500002E00120BDE8F08700BF2178490036F8C1
:10F1600011104BF68F7201EA020080F4805080F497
:10F17000005040F4004141F080012278520026F80E
:10F18000121000BF0020E5E701460020A1F844006E
:10F190004FF43F42A1F840207047000010B50248EC
:10F1A000F9F7E6FB10BD0000341A00200146B1F863
:10F1B000440070472DE9F04304460E4615464FEAD9
:10F1C000530CA046304608F5806909EB45026746B6
:10F1D0000AE01188921C0170401C4FEA112980F846
:10F1E0000090401C921C7F1E002FF2D103F00109F9
:10F1F000B9F1000F01D011880170BDE8F08302461B
:10F2000000207047024611B98020A2F84C0000206F
:10F2100070472DE9F04704460D461E4606F1010AE7
:10F220004FEA5A08A146284609F5806A0AEB4203CC
:10F2300047460BE090F800C0401C90F800A04CEA54
:10F240000A2119809B1C9B1C401C7F1E002FF1D1A2
:10F25000BDE8F08700BFFEE770B504460D4600220A
:10F2600010210848F8F778FD7E2101EA4400FCF7F8
:10F270003BFB2846FCF738FB012210210148F8F738
:10F280006BFD70BD000801400FB4054B10B503A91C
:10F29000044A029800F048F810BC5DF814FB000026
:10F2A00035FC0008600200200FB4084B10B504A91B
:10F2B00002AA039800F038F8044602A9002000F0E2
:10F2C00064FA204610BC5DF814FB00008BF70008C0
:10F2D00002480068C0F30220704700000CED00E017
:10F2E00010B5002804DB0A07130E054A135406E084
:10F2F0000A07140E034A00F00F031B1FD45410BD5D
:10F3000000E400E018ED00E002E008C8121F08C1A8
:10F31000002AFAD170477047002001E001C1121F96
:10F32000002AFBD1704700002DE9FF4F8DB00F463A
:10F330000546002606E025280BD0DDE90F12904790
:10F340006D1C761C28780028F5D111B03046BDE838
:10F35000F08F0024A246A1460122EC4900E00443BC
:10F3600015F8013F203B02FA03F00842F7D1287854
:10F370002A2810D06FF02F022878A0F13001092937
:10F3800014D80AEB8A0102EB410144F0020400EBBD
:10F39000010A6D1CF0E701CF5FEA000A03D544F4CF
:10F3A0000054CAF1000A44F002046D1C28782E288B
:10F3B00017D115F8010F44F004042A280ED06FF07D
:10F3C0002F022878A0F1300109290AD809EB890118
:10F3D00002EB410100EB01096D1CF2E757F8049BB9
:10F3E0006D1C28786C280FD006DC4C2817D06828B4
:10F3F0000DD06A2814D104E0742810D07A280FD1D7
:10F400000DE044F400140AE044F4801401E044F4F4
:10F4100040146978814202D104F580146D1C6D1C82
:10F420002A786E2A1FD00CDC632A31D004DC002A33
:10F430008BD0582A11D1A3E0642A68D0692A0CD154
:10F4400065E0732A2ED004DC6F2A73D0702A04D1B1
:10F450009BE0752A6FD0782A6ED01046DDE90F1236
:10F460009047761C50E1C4F30250022806D00328CE
:10F4700009D0042801CF09D0066045E101CFF1177A
:10F48000C0E9006140E101CF06803DE106703BE14B
:10F4900017F8040B8DF8000000208DF80100EB46F2
:10F4A000012003E057F804BB4FF0FF3061074FF035
:10F4B000000102D40DE008F10101884649450FDA48
:10F4C0008045F8DB1BF808100029F4D108E008F1AA
:10F4D000010188468142FADB1BF808100029F6D1A9
:10F4E000DDE90F23AAEB08008146214600F036F93A
:10F4F000304400EB080604E0DDE90F121BF8010BB5
:10F500009047B8F10108F7D221464846F7E00A21B2
:10F51000C4F302534FF0000B0891022B04D001CF2B
:10F52000C117032B09D00AE0FF1D27F00707F7E8F2
:10F53000020108E032E01FE020E000B2C117042B16
:10F5400001D140B2C117031E71F1000307DA4FF079
:10F55000000CD0EB0C006CEB01012D2302E0230525
:10F5600004D52B238DF82430012303E0E30701D0D9
:10F570002023F7E7984658E00A2110E010210EE01A
:10F5800010204FF0000B08900CE010214FF0000B02
:10F5900044F004044FF00809089103E008214FF0FB
:10F5A000000B0891C4F30253022B04D001CF0021B9
:10F5B000032B06D006E0FF1D27F00707F7E802013E
:10F5C00003E080B2042B00D1C0B24FF00008230743
:10F5D0002BD5702A07D0DDF820C08CF0100C5CEA27
:10F5E0000B0C05D00EE040238DF82430012308E0F9
:10F5F00050EA010306D030238DF824308DF8252001
:10F6000002239846DDF820C08CF0080C5CEA0B0C55
:10F610000BD150EA010301D1630706D530238DF8E1
:10F6200024304FF00108A9F10109582A04D038A26A
:10F630000B9208AA0A920BE03AA2F9E75B46089AF5
:10F64000F6F76EFA0B9B9B5C0A9A521E0A92137095
:10F6500050EA0102F2D10A98ADEB000000F1200B54
:10F66000600702D524F4803401E04FF00109D94548
:10F6700002DDA9EB0B0000E0002000EB0B01414490
:10F680000890AAEB010AE00306D4DDE90F23214626
:10F69000504600F063F806444FF0000908E009A95D
:10F6A00011F80900DDE90F12904709F10109761CF4
:10F6B000C145F4DBE0030CD5DDE90F2321465046BC
:10F6C00000F04CF8064404E0DDE90F1230209047CA
:10F6D000761C0899481E08900029F5DC08E00A9875
:10F6E0000A990078491C0A91DDE90F129047761CAF
:10F6F000BBF10001ABF1010BF1DC21465046DDE925
:10F700000F2300F019F806446D1C1BE609280100C0
:10F710003031323334353637383961626364656687
:10F720000000000030313233343536373839414249
:10F7300043444546000000002DE9F0410446002501
:10F740001E461746880404D405E039462020B047F9
:10F750006D1C641EF9D52846BDE8F0812DE9F04105
:10F76000044600251E469046C80301D5302700E018
:10F770002027880404D505E041463846B0476D1C73
:10F78000641EF9D52846BDE8F0810A68531C0B6059
:10F790001070704710B50120F8F756F805A001F079
:10F7A000C9FAF7F7C7F84FF416710F48F6F7E3F800
:10F7B00010BD00007B2252656365697665223A7B45
:10F7C00022537461747573223A32367D2C2246229C
:10F7D0003A7B2254797065223A2243616E73656CDC
:10F7E000227D7D0A00000000E8050020014601F0AE
:10F7F000030090B96420B1FBF0F200FB121050B985
:10F800004FF4C870B1FBF0F200FB121008B90120F0
:10F8100070470020FCE70120FAE70020F8E700002D
:10F8200010B590B0342103A8F6F7A5F847A103C995
:10F83000CDE901014748807800044649C97800EBCA
:10F840000121444800790C1824B943A001F072FA50
:10F8500010B010BD3F48407801281ED131208DF8EE
:10F86000090044484449086008464460002181601A
:10F87000C16001610C21416100218161C161FBF71F
:10F8800011F808B1F6F710FD3B480068C06840F079
:10F89000200039490968C86049E02E4840780228AC
:10F8A0001ED132208DF809003448354908600846D9
:10F8B000446000218160C16001610C21416100212F
:10F8C0008161C161FAF7EEFF08B1F6F7EDFC2C4853
:10F8D0000068C06840F0200029490968C86026E037
:10F8E0001C48407803281ED133208DF80900254894
:10F8F000254908600846446000218160C1600161BB
:10F900000C21416100218161C161FAF7CBFF08B18F
:10F91000F6F7CAFC1C480068C06840F020001A498D
:10F920000968C86003E00CA001F004FA90E72346E0
:10F9300001AA16A103A8FFF7B7FC03A801F0FAF982
:10F940000A210448F6F717F800BF81E755534152E2
:10F9500054300000E80500207B225265636569761B
:10F9600065223A7B22537461747573223A31397D72
:10F970007D0A000000380140D40C00200044004003
:10F98000180D0020004800405C0D00207B224342FF
:10F9900052223A7B22537461747573223A302C22BE
:10F9A000496E73223A25732C224252223A25757DE4
:10F9B0007D0A000070B5002500240DE01C48005DA4
:10F9C000642801D1681CC5B21948005D742801D1B2
:10F9D000681CC5B2601CC4B21548F5F7D7FFA04239
:10F9E000ECD2022D11D1134A13A11148F5F7D6FF1D
:10F9F00010480068F7F72CF84FF416710C48F5F72B
:10FA0000BAFF00200E49087010E013200D4908705D
:10FA10000DA001F08FF90020094908700549086020
:10FA200000254FF416710248F5F7A5FF70BD0000E0
:10FA3000E80500200C00002064256474000000002C
:10FA4000110000201F0000207B225265636569764B
:10FA500065223A7B22537461747573223A31397D81
:10FA60007D0A000010B586B00446F7F7BBFF012001
:10FA700004900F480390002001900120029005A9F6
:10FA800001A8F7F7F5FE78B9F7F74AFF0598401C8B
:10FA900010B1002006B010BD24B9FF221021054886
:10FAA000F5F762FF0120F5E7F7F73AFF0020F1E7ED
:10FAB00000FC0108601F002000B500221021104644
:10FAC00000F002F800BD000030B503465818402889
:10FAD00001D9002030BD18460FE02AB1094C04447A
:10FAE00094F8004C1470521C102805D2054C0444A4
:10FAF00094F8004C044D2C54401CCC188442ECD893
:10FB00000120E7E700F00108601F00202DE9F04721
:10FB100006468946154606EB0900402802D9002012
:10FB2000BDE8F0870DB90020FAE7F7F75BFF002486
:10FB300013E02A5D601C285C42EA0020C3170746D8
:10FB4000A019094A81183A460120F7F7F3FE18B1C7
:10FB5000F7F7E6FE0020E3E7A41C4C45E9D3F7F7EE
:10FB6000DFFE0120DCE7000000FC010838B50024BE
:10FB70000020009000BF0DE01F49095C652901D1FC
:10FB8000611CCCB21C49095C4C2901D1611CCCB26E
:10FB9000411CC8B21428EFDB022C15DB174A18A150
:10FBA0001548F5F7FBFE15480068F6F767FC4FF4BB
:10FBB00016711148F5F7DFFE00201349088013493C
:10FBC00008601349087015E013201249087012A04C
:10FBD00001F0B0F800200E490870084908600024C0
:10FBE0004FF416710448F5F7C6FE00200649088058
:10FBF0000649086038BD0000E80500200C00002020
:10FC00006525644C00000000160000202000002044
:10FC1000100000201F0000207B225265636569767A
:10FC200065223A7B22537461747573223A31397DAF
:10FC30007D00000013B50C4601216846F6F7ACFACA
:10FC40000120F7F701FE00981CBD000070B50446C6
:10FC5000002500263220F7F7F7FDF8F783F806466F
:10FC60001FE0F8F77FF8801B41F65831884201D930
:10FC7000012070BD4AF6AA20254909680860254878
:10FC8000C07D00B10EE023480078A52809D140F2DC
:10FC90000B10844205D1204800680C2801DB0020AD
:10FCA000E7E7DEE700BF00201B490860002500BF32
:10FCB00004E01849095C0D44411CC8B21628F8DB61
:10FCC000144880781349C97800EB0120A04202D083
:10FCD000B4F5987F19D10F48807D0E49C97D00EB9E
:10FCE0000120A8420FD1B4F5987F0AD10948017AC2
:10FCF000407A01EB0020412801D10020B9E7012022
:10FD0000B7E70020B5E70120B3E70120B1E7000025
:10FD1000BC0B0020900300202800002000B585B017
:10FD20000120F7F791FD002215491648F9F75CFD0F
:10FD3000002215491348F9F7F9FC134800781249D5
:10FD40008978114A5278104BDB78CDE90132CDE940
:10FD500003100B48807800900948437802780BA183
:10FD60001948FFF7A1FA184800F0E4FF0120F7F75F
:10FD70006BFD4FF416711548F5F7FDFD05B000BD9C
:10FD8000BC000020C80B0020BF0000207B225422B2
:10FD90003A7B2248223A25642C224D223A25642CB3
:10FDA0002253223A25642C2259223A25642C226DB2
:10FDB000223A25642C2244223A25642C2257223AE6
:10FDC00025647D7D0A00000040080020E805002031
:10FDD00010B507A000F0AEFFF6F728FB002012498F
:10FDE00008704FF416711148F5F7C5FD10BD0000FD
:10FDF0007B2252656365697665223A7B2253746182
:10FE0000747573223A32367D2C2246223A7B225474
:10FE1000797065223A224964656E746966794F6625
:10FE200066227D7D0A0000001B000020E8050020FE
:10FE300010B507A000F07EFF0120F7F705FD0120B7
:10FE4000104908704FF416710F48F5F794FD10BD76
:10FE50007B2252656365697665223A7B2253746121
:10FE6000747573223A32367D2C2246223A7B225414
:10FE7000797065223A224964656E74696679227DDB
:10FE80007D0A00001B000020E805002070B5044634
:10FE90000D46002617E0012251020C48F7F75CFFDF
:10FEA0002846F7F7D1FC00224FF400710748F7F716
:10FEB00053FF2846F7F7C8FC012251020348F7F721
:10FEC0004BFF701CC6B2A642E5DB70BD00080140C6
:10FED0002DE9F043EDB0242164A8F5F74CFD4FF077
:10FEE0000008C14600262E480068451E0027002451
:10FEF0002CA000F01FFF394800884EF6167188428A
:10FF000005D037A000F016FF6DB0BDE8F08324489F
:10FF1000006830B93848006818B938A000F00AFF06
:10FF2000F2E700243448006850B11D48006820B151
:10FF30001B48046847F2C71502E0002447F2C715C2
:10FF40002AE04AF6AA2033490968086004EBC40194
:10FF50004FF4001202EB810064AA2421FAF7E8FEB4
:10FF60009DF89001072806D1761C684600F0E2FE55
:10FF70006420F7F769FC2048006860B10848006811
:10FF800048B1AC4207D107B1BEE74FF0FF34044897
:10FF90000068451E0127641CAC42D2D900BFB3E7FC
:10FFA000000000207B2252656365697665223A7BFA
:10FFB00022537461747573223A32367D2C224D655A
:10FFC0006D223A7B2254797065223A22526165642F
:10FFD0005265636F7264227D7D0A00001C00002060
:10FFE0007B224D656D223A7B2253746174757322B6
:10FFF0003A2D317D7D0A0000040000207B224D65F2
:020000040801F1
:100000006D223A7B22537461747573223A337D7D7D
:100010000A000000BC0B0020F7F7E6FEFCF770FAC0
:10002000FBF77EF8FBF736F9FBF74CF9FBF76EF9B7
:10003000FBF790F9FBF7C4F9FBF7DAF9FBF7F4F9F2
:10004000FBF714F9FE48FAF76FF9FE480068C0683C
:1000500040F02000FB490968C8600A20F7F7F4FB6C
:10006000F9480068C06840F02000F7490968C86096
:10007000F6480068C06840F02000F4490968C8608C
:100080000020F3490860FAF71BFFFFF715FD1E215A
:100090000720FFF7FBFE4FF47A70F7F7D5FBFBF76D
:1000A000DFF94FF47A70F7F7CFFB00224FF40041ED
:1000B000E848F7F751FE40F2E970F7F7C5FB4AF65A
:1000C000AA20E5490968086040F2E970F7F7BCFB2F
:1000D0000122D103DF48F7F73FFE0120DF49087016
:1000E0004AF6AA20DC4909680860FBF7DFFDDC4915
:1000F0000880084600884EF61671884206D1102204
:10010000D849D9A0FBF766FEFAF724FE9AE34AF62F
:10011000AA20D14909680860FAF7D2FED5480088BC
:1001200000286FD00120F7F78FFBD34800785728BD
:1001300012D1D148407965280ED1D0A000F0FAFD47
:10014000CD4A40F23A216420F7F7E4F80120D24981
:100150000870F5F7C1FF75E3C748007854287DD0D3
:100160001FDC44287BD010DC082879D006DC01286D
:1001700077D0022876D0032875D19AE0092873D069
:10018000422846D04328F7D1F7E046380D286AD2F6
:10019000DFE800F0CAF969E469696969C26939F19F
:1001A000F00072283BD010DC662870D006DC5628A0
:1001B0001CD064286CD06528DED1C3E0692868D0E3
:1001C0006E2867D07128D7D105E177286FD006DC7B
:1001D00073286DD075280FD07628CDD1EFE0802818
:1001E00049D081284DD0FE28C6D100E100F0BEFDE7
:1001F0000120A94908700FE101F040F80120A6494B
:10020000087009E118E1F7F7ADF90120A24908707B
:1002100002E1FFF705FB01209F490870FCE09FA069
:1002200000F088FD0A20F7F70FFB00BF00BF00BFFA
:1002300000BF00BFBFF34F8F00BF00BF00BF9E488D
:10024000006800F4E0609D490843001D9A49086079
:1002500000BF00BF00BFBFF34F8F06E09EE06BE022
:100260003EE018E01DE0C8E02FE000BF00BF00BF87
:1002700000BF00BFFDE700F09DFE01208649087029
:10028000CAE0FFF74BFD012083490870C4E03BE062
:100290005EE069E030E000F047FF01207E49087031
:1002A000BAE000F0EBFF01207B490870B4E098E071
:1002B0001CE03720FBF7F4FB0446214680A0FEF744
:1002C000E3FF012074490870A6E0FBF7EFFC044649
:1002D000214686A0FEF7D8FF01206F4908709BE0F9
:1002E00000F000FF01206C49087095E000F00CFE62
:1002F0000120694908708FE031216E2000F056FC22
:1003000001206549087087E03121662000F04EFC2D
:100310000120614908707FE032216E2000F046FC28
:1003200001205D49087077E03221662000F03EFC34
:100330000120594908706FE0F5F78AFF01205649FE
:10034000087069E00120704908705349087063E043
:1003500001206E490870504908705DE0FFF738FDD4
:1003600001204D49087057E0FFF762FD01204A491E
:10037000087051E01DE028E005E0FFF70BFA0120CE
:100380004549087048E0F6F7EDFB01204249087046
:100390004FF416713848F5F7EEFA3DE000F0E4FE50
:1003A00001203D4908704FF416713348F5F7E3FA20
:1003B00032E0012056490870374908702CE0F7F701
:1003C00001F901203449087026E000F04BFB0120C0
:1003D0003149087020E0FFF77BFD01202E490870AD
:1003E0001AE000F021FF01202B49087014E0F5F716
:1003F0003FFF0120284908700EE046A000F09AFC5B
:1004000013204B490870002023490870F5F764FE5B
:1004100000204849086000BF00BF1320444908700D
:1004200000201D490870434908601249088042496C
:1004300008800120F7F708FA4048007880E00000C3
:100440008C0C0020180D00205C0D0020D40C002026
:100450002800002000080140BC0B00200A000020FA
:100460001C000020F0FF07005157455254595549D0
:100470004F50000016000020E80500207B22526546
:100480006365697665223A7B2253746174757322C1
:100490003A32367D0A000000690000207B22526556
:1004A00063697665223A7B22537461747573223ACC
:1004B00037307D7D0A0000000CED00E00000FA05F9
:1004C0007B2243223A7B22526561646572547970C3
:1004D00065223A52433532322C2256657273696F67
:1004E0006E223A25647D7D0A000000007B224D6566
:1004F0006D223A7B2256657273696F6E223A3078AC
:1005000025587D7D0A000000100000201100002009
:10051000130000207B2252656365697665223A7B71
:1005200022537461747573223A31397D7D0A00005B
:100530001F00002020000020180000201B000020C9
:1005400008B1F6F729FDC048007808B1FFF732FA84
:10055000BE48007808B1FFF709FBBD48007808B134
:1005600000F0DAFABB480088322807DD0020B949DC
:1005700008804FF40071B848F7F7E4FBB7480078FB
:1005800088B9B648407870B9B448807858B9B3484B
:10059000C07840B9002004E00021B14A1154411C48
:1005A000C8B20428F8DBAD48FAF76AFB20B1AB48C3
:1005B000FAF766FB00B145E1A8480078A849097838
:1005C000884212D1A5484078A549497888420CD183
:1005D000A2488078A2498978884206D19F48C0788D
:1005E0009F49C978884200D12CE110210020FAF7F8
:1005F000E5FA70B19948FAF743FB20B19748FAF74A
:100600003FFB00B11EE110210020FAF7D7FA00B13C
:1006100018E194490120FAF72BFB002879D100BF9B
:1006200005E08E49095C8E4A1154411CC8B2042869
:10063000F7DB002005E08B49095C8B4A1154411C13
:10064000C8B21028F7DBC92088490870002008E0EC
:100650008549095C854A12785140844A1170411CD1
:10066000C8B20F28F4DB8048C07B804909788842F3
:100670007ED1002025E00146C41700EB9474A4103D
:10068000A0EB8404754D2D5D0246C41700EB9474F5
:10069000A410641C95FBF4F4754D2C5D0346C5173E
:1006A00000EB9575AD10A0EB8505C5F103056B4E0C
:1006B000755D6C406C4D2D5C6C406B4D2C54411C39
:1006C000C8B20F28D7DBE22068490870002008E094
:1006D0006549095C654A12785140644A1170411CB1
:1006E000C8B20E28F4DB6048807B604909788842F4
:1006F00010D0002005E05B49095C5B4A1154411CA5
:10070000C8B21028F7DB5848C07B401C5749087016
:100710007CE096E0544840785649086008460068F6
:100720000002086050480078096808445149086090
:100730004D4840795049086008460068000208604A
:1007400049480079096808444B4908600846006830
:10075000000208604448C0780968084446490860B7
:1007600008460068000208603F488078096800E099
:1007700007E00844404908603B48C07B3B4908709B
:1007800044E03948C07B3949097888423ED0354831
:1007900000783849086033484078096801EB002048
:1007A000344908602F488078334908602D48C07864
:1007B000096801EB0020304908602A48007909687F
:1007C00001EB00402C49086026484079096801EB9C
:1007D0000060294908602748006800F40040B0F52F
:1007E000004F13D123480068C0F30E002149086070
:1007F0000846006846F6292148401E4908601E4800
:1008000000684BF2A62148401B4908601B4800784D
:1008100088B11B48007850B916480368164802682A
:1008200018A11048FEF740FD0E4800F083FAFA20A8
:10083000F7F70AF803E032210A20FFF727FBFAF75F
:100840003FFB00BF63E40000110000201000002007
:10085000130000206C000020000801406F00002001
:1008600074000020580B0020380B00206E00002080
:10087000F8130108800000207C00002009000020FF
:10088000650000207B2243223A7B224944223A25FC
:10089000642C225543223A25647D7D0A0000000025
:1008A0002DE9F041ADF5047D4FF00008002701254A
:1008B00001260020474908800120F6F7C5FF0024E3
:1008C0005BE04AF6AA2044490968086000204149D3
:1008D0000880424908804249086029461E20FBF7EB
:1008E000B3FCF7F73FFA80460DE04AF6AA203A49F2
:1008F00009680860F7F736FAA0EB080042F6E061F5
:10090000884200D903E0334800880028EDD000BFBA
:100910000A20F6F799FF2846F6F798FE061E1AD128
:1009200040F2071221462F48FBF754FA68B140F213
:10093000071221462B48FBF74DFA30B12AA000F0F0
:10094000F9F90DF5047DBDE8F081681C85B204F26B
:100950000714002710E0052F03DD2CA000F0EAF9B2
:10096000EFE700201B49088040F207111D48F5F70A
:1009700002F8781CC7B200E000BF642EA1D126D1D6
:10098000A4F20E2140F2071242A8FBF73BF9A4F2B1
:10099000071140F2071242A8FBF734F940F20712A0
:1009A00021466846FBF72EF91022214620A0FBF7CE
:1009B00011FA0A20F6F748FF102220491CA0FBF785
:1009C00009FA0A20F6F740FF1DA000F0B3F900BFB6
:1009D000B7E7000016000020BC0B00201800002024
:1009E00020000020E80500207B22557064617465BA
:1009F0004669726D77617265223A7B225374617425
:100A00007573223A327D7D0A000000007B2255700A
:100A1000646174654669726D77617265223A7B2202
:100A2000537461747573223A317D7D0A00000000B1
:100A30004153444647484A4B4C000000F0FF070032
:100A40007B225570646174654669726D7761726569
:100A5000223A7B22537461747573223A38357D0AC9
:100A60000000000030B5D5B024214CA8F4F783FF76
:100A7000002400251F4800884EF61671884229D1AF
:100A80001D48007810BB1C484078F8B91B48006826
:100A9000C0B11A490968491E01EBC1014FF40012A7
:100AA00002EB81004CAA2421FAF742F99DF83001AB
:100AB000072805D101A800F03DF90A20F6F7C4FE89
:100AC00055B030BD0EA000F035F9F9E70A4800F046
:100AD00031F9F5E70848007830B90748407818B987
:100AE00007A000F027F9EBE7034800F023F900BF67
:100AF000E6E700001C000020640200200000002047
:100B00007B224D656D223A7B22537461747573228A
:100B10003A337D7D0A00000070B5002500240DE009
:100B20001648005D522801D1681CC5B21348005D0B
:100B3000642801D1681CC5B2601CC4B20F48F4F728
:100B400025FFA042ECD2022D09D10D4A0DA10B4880
:100B5000F4F724FF0A480068F6F77CF802E00BA0DF
:100B600000F0E8F84FF416710448F4F704FF002091
:100B70000D49087002490860002570BDE805002095
:100B80000C00002052256464000000007B225265A6
:100B90006365697665223A7B2253746174757322AA
:100BA0003A31397D7D0A00001300002070B50446FB
:100BB0000D46312D2AD16E2C12D1012211022A4864
:100BC000F7F7CAF80120F6F73FFE28A000F0B2F8C8
:100BD0000120324908704FF416713148F4F7CBFE0A
:100BE000662C13D100224FF480711F48F7F7B4F838
:100BF0000120F6F729FE2BA000F09CF801202749E0
:100C000008704FF416712648F4F7B5FE322D2AD13C
:100C10006E2C12D1012291021348F7F79DF80120A2
:100C2000F6F712FE2BA000F085F801201B49087092
:100C30004FF416711A48F4F79EFE662C13D1002269
:100C40004FF480610848F7F787F80120F6F7FCFDBC
:100C50002CA000F06FF80120104908704FF41671B5
:100C60000F48F4F788FE70BD000801407B225265F2
:100C70006365697665223A7B2253746174757322C9
:100C80003A32367D2C225231223A7B2253746174DF
:100C90007573223A32337D7D0A000000690000201E
:100CA000E80500207B2252656365697665223A7B00
:100CB00022537461747573223A32367D2C2252317C
:100CC000223A7B22537461747573223A32347D7DEB
:100CD0000A0000007B2252656365697665223A7BD3
:100CE00022537461747573223A32367D2C2252324B
:100CF000223A7B22537461747573223A32337D7DBC
:100D00000A0000007B2252656365697665223A7BA2
:100D100022537461747573223A32367D2C2252321A
:100D2000223A7B22537461747573223A32347D7D8A
:100D30000A00000070B504462046F4F727FEC5B24D
:100D400029462046F5F728FA00224FF4007106489C
:100D5000F7F702F80120F6F777FD01225102024869
:100D6000F6F7FAFF70BD00000008014000B599B029
:100D700064216846F4F7FFFD24222AA16846FEF7A5
:100D800093FA6846FFF7D6FF4FF0006000683349DA
:100D9000884203D132A0FFF7CDFF0CE04FF0006096
:100DA00000683349884203D132A0FFF7C3FF02E055
:100DB00034A0FFF7BFFF37A0FFF7BCFF0120F6F715
:100DC00043FD38A0FFF7B6FF0120F6F73DFD3A4896
:100DD00041683AA0FEF758FA0120F6F735FD3BA02E
:100DE000FFF7A8FF3F4800884EF61671884206D1EB
:100DF0000120F6F729FD3CA0FFF79CFF05E001204C
:100E0000F6F722FD3BA0FFF795FF0120F6F71CFD4A
:100E10003BA0FFF78FFF4FF416713A48F4F7ABFD94
:100E200019B000BD7B224669726D77617265223A06
:100E30007B2246223A312C224465766963655479D7
:100E40007065223A2253706F7274222C2252656CA4
:100E500065617365223A256400000000904100201E
:100E60002C22426F6F74566572223A3100000000E6
:100E7000001A00202C22426F6F74566572223A329B
:100E8000000000002C22426F6F74566572223A33C4
:100E9000000000002C224175746F5374617274223B
:100EA0003A3100002C225265616465725479706594
:100EB000223A524335323200180D00202C22466966
:100EC0006E676572223A2564000000002C226F6E66
:100ED000655265616443617264496E4669656C641C
:100EE000223A31001C0000202C224D454D223A317F
:100EF000000000002C224D454D223A300000000039
:100F00007D7D0A00E805002010B50C48007810B976
:100F10000BA0FFF70FFF0948007810B116A0FFF7EC
:100F200009FF0648007880F00100044908704FF47A
:100F300016711F48F4F71FFD10BD0000650000206A
:100F40007B2252656365697665223A7B2253746120
:100F5000747573223A32367D2C2243223A7B225416
:100F6000797065223A22556E53656E6453657269D5
:100F7000616C227D7D0A00007B2252656365697683
:100F800065223A7B22537461747573223A32367D3E
:100F90002C2243223A7B2254797065223A225365EF
:100FA0006E6453657269616C227D7D0A00000000E9
:100FB000E805002010B52C4840782C4908702A48D4
:100FC000807848702848C078887027480079284978
:100FD00088702548407948702348807908702248F5
:100FE000C079C8700120F6F72FFC20480078172838
:100FF00017DC1E4840783B2813DC1C4880783B28CF
:101000000FDC1B48807820280BDC194840780D281D
:1010100007DC1748C0782A2803DC15480078082820
:1010200003DD14A0FFF786FE10BD00220F4918480B
:10103000F8F750FD18B117A0FFF77CFEF4E7012088
:10104000F6F702FC00220A491148F8F795FC00B1B6
:10105000EAE716A0FFF76EFE4FF416710248F4F7A8
:101060008AFC00BFE0E70000E8050020BC0000208B
:10107000BF0000207B2252656365697665223A7B5A
:1010800022537461747573223A31397D7D0A0000F0
:10109000C80B00207B2254223A7B22537461747562
:1010A00073223A3132387D7D0A0000007B2252657E
:1010B0006365697665223A7B225374617475732285
:1010C0003A32367D2C2254223A7B225479706522A2
:1010D0003A2253657454696D6544617465227D7D5F
:1010E0000A00000010B507484078FF2808D106A084
:1010F000FFF720FE00224FF400410A48F6F72CFECD
:1011000010BD0000E80500207B225265636569760A
:1011100065223A7B22537461747573223A32367DAC
:101120007D0A00000008014010B506484078AA2852
:1011300007D105A0FFF7FEFD0122D1030948F6F70C
:101140000BFE10BDE80500207B22526563656976C1
:1011500065223A7B22537461747573223A32367D6C
:101160007D0A00000008014008B5002000906A4692
:1011700000214FF4A870F5F7A5FF6420F6F764FB93
:1011800011480078AA2813D10F48407855280FD16C
:101190000D48807850280BD10B48C078012807D122
:1011A00009480079042803D108A0FFF7C3FD02E035
:1011B00011A0FFF7BFFD0220F6F746FB4FF41671B2
:1011C0000148F4F7D8FB08BD900300207B2246229B
:1011D0003A7B2254797065223A2254657374436FC6
:1011E0006E6E656374696F6E222C22537461747520
:1011F00073223A307D7D0A007B2246223A7B2254BC
:10120000797065223A2254657374436F6E6E65631C
:1012100074696F6E222C22537461747573223A3193
:10122000387D7D0A0000000000B599B06421684651
:10123000F4F7A1FB07480368074808A1026868465D
:10124000FEF732F86846FFF775FD0520F6F7FCFA61
:1012500019B000BD04000020000000207B224D6575
:101260006D223A7B2248656164223A25752C22540E
:1012700061696C223A25757D7D0A000010B52A4807
:101280000078022817D128484078C72813D126486B
:101290008078FF280FD1FAF709FD4EF616718842C3
:1012A00005D122A0FFF746FDFFF7FAFA10BD28A0EE
:1012B000FFF740FD36E01C480078752832D10A223D
:1012C0002C492DA0FAF786FD48B10A2229492AA007
:1012D000FAF780FD30B92AA0FFF72CFD02E028A024
:1012E000FFF728FDFEF7E8FBC8B16420F6F7ACFA7B
:1012F0000020FEF7B7FB2BA208210020FEF706FC1A
:1013000048B10520F6F7A0FA29A0FFF713FD052044
:10131000F6F79AFA06E02FA0FFF70CFD02E02DA0E9
:10132000FFF708FD00BFC1E7E80500207B225570EC
:10133000646174654669726D77617265223A7B22D9
:10134000537461747573223A307D7D0A0000000089
:101350007B225570646174654669726D7761726550
:10136000223A7B22537461747573223A39307D7D41
:101370000A000000F0FF07007A786376626E6D0065
:101380007B225570646174654669726D7761726520
:10139000223A7B22537461747573223A32367D7D12
:1013A0000A000000426F6F543132333400000000F5
:1013B0007B225570646174654669726D77617265F0
:1013C000223A7B22537461747573223A32367D0A55
:1013D000000000007B225570646174654669726D7F
:1013E00077617265223A7B22537461747573223A75
:1013F00031397D0A00000000F4411727AB9DFAE364
:101400003076CC02E52A3562B1BAEAFE2F4C46D3DB
:101410008F926D52BE74E0C9C28E58B9E18820CE59
:10142000DF1A51537C428400646B8108A43FA5A25B
:101430004845DE7B734B1F55EBB5C53728BF0316F8
:10144000CF790769DA0534A62EF38AF68360716EC8
:1014500021DD3EE654C4065098BD40D9E88919C83C
:10146000802B115A0E85AE2D0F5C5B360A57EE9B12
:10147000C0DC771293A0221B098BB61EF175997FF1
:101480004323EDE4017266FB316397C64ABBF92939
:101490009EB286C1B37094E9FCF07D334938CAD45A
:1014A0003A785F7EF57AB7AD8DD839C35DD0D52552
:1014B000AC189C3B26599A4F95FFBC15E76F9FB01F
:1014C0004E8290A704ECCD914DEFAA96D16A2C657F
:1014D0005E8C870BCB326CB867DB10D6D7A1F813C4
:1014E000A9611C47D2F214C7F7FD3D44AF6824A39D
:1014F0001DE23C0DA80CB4561F1C1F1E1F1E1F1FF3
:101500001E1F1E1F00000000000000000102030457
:10151000060708090000000001020304895171F266
:101520001DCB000000000000000000008D5F307C3B
:10153000F05E00000000000000000000B22CE42477
:101540007D9000000000000000000000579B07B3E2
:10155000A4E900000000000000000000E32F50F2AA
:10156000E3D000000000000000000000E9C1254FAA
:10157000A07D00000000000000000000FFFFFFFF52
:10158000FFFF00000000000000000000DDDDDDDDE9
:10159000DCBBBBDDDDDDDDDDDDDDDDDD9888888804
:1015A00088888888777777777788888885555556AB
:1015B0006666666666666666666888888333333202
:1015C00022222222222222222228888D7B22526558
:1015D0006365697665223A7B225374617475732260
:1015E0003A32367D2C2246223A7B2254797065228B
:1015F0003A22476574456D7074794944222C225310
:101600007461747573223A2D317D7D0A00000000EB
:101610007B2252656365697665223A7B2253746149
:10162000747573223A32367D2C2246223A7B22543C
:10163000797065223A224672696D77617265222C53
:1016400022537461747573223A25642E25647D7D5E
:101650000A0000007B2252656365697665223A7B49
:1016600022537461747573223A32367D2C224622DD
:101670003A7B2254797065223A22476574456D7031
:1016800074794944222C22537461747573223A256B
:10169000647D7D0A00000000B816010800000020EB
:1016A00064020000A85F000894170108640200208B
:1016B0007C33000018F30008011A4201C21402250D
:1016C00003FD0A0211304A394D091B6A990801309D
:1016D0001381CF1B08C9041AD9041AFD041335D08D
:1016E0001B084D081A91041312011402020216403D
:1016F000830440571D02010203650E2104030904FF
:101700001ACD1305611408D5601B0845041A290C6D
:1017100041DA10A873B2074B24F4FE120632022AF3
:10172000402413DDCB1B081D044BFFCC3C1A6B0C73
:10173000136DCA1B08E904C11ABD181AAD041ACDED
:10174000041A9D041C090243AB111DC03209046D2B
:101750001A020B13052416100105240110090104B7
:10176000240202052406170107058203081C10093C
:1017700004E1320A1D070501027B2C0705810711D0
:101780000937442A40072A8107112B0907440A3BDD
:0417900004444100CC
:04000005080058EDAA
:00000001FF
