:020000040800F2
:10580000D822002001590008F1B4000805AD0008B5
:10581000EDB40008D168000851ED00080000000058
:1058200000000000000000000000000045BC00086F
:10583000DF6A000800000000EBB80008ABBF0008FA
:105840001B5900081B5900081B5900081B59000868
:105850001B5900081B5900081B5900081B59000858
:105860001B5900081B5900081B5900081B59000848
:105870001B5900081B5900081B5900081B59000838
:105880001B5900081B5900081B5900081B59000828
:1058900099EC00081B5900081B5900081B59000807
:1058A0001B5900081B5900081B5900081B59000808
:1058B0001B59000859C000081B5900081B59000853
:1058C0001B5900081B5900081B5900081B590008E8
:1058D0001B5900086DC40008B9C400081DC50008A4
:1058E0001B5900081B5900081B590008DFF80CD091
:1058F00000F0A0FD00480047F5FE0008D822002077
:105900000648804706480047FEE7FEE7FEE7FEE759
:10591000FEE7FEE7FEE7FEE7FEE7FEE749C0000818
:10592000ED580008202A04DB203A21FA02F0002179
:10593000704721FA02F3D040C2F12002914008439F
:105940001946704740EA01039B0703D009E008C9E4
:10595000121F08C0042AFAD203E011F8013B00F834
:10596000013B521EF9D27047D2B201E000F8012B80
:10597000491EFBD270470022F6E710B513460A46CF
:1059800004461946FFF7F0FF204610BD421C10F8F0
:10599000011B0029FBD1801A704700000FB400B52D
:1059A0008DB010A909900B9000914FF0FF300A9034
:1059B00000200C9005480690054807906A4609A803
:1059C0000F9900F03BFB0DB05DF814FB5960000827
:1059D000776000082DE9FF5F1D464FF0FF3BD5E9DA
:1059E000014691465F464FF00008A9697F1C019867
:1059F0008847296A824688470028F6D1BAF1FF3FD6
:105A00000CD024F4C064002E19DD600614D5BAF160
:105A10002B0F09D0BAF12D0F0ED103E0584604B078
:105A2000BDE8F09F44F48064A9697F1C0198884711
:105A3000761E8246002E02DDBAF1300F03D0B9F196
:105A4000000F26D032E0A969761E44F400747F1C52
:105A5000019888478246002E05DDBAF1780F06D0FE
:105A6000BAF1580F03D0B9F1000F10D01EE0B9F110
:105A7000000F02D0B9F1100F18D1A969761E24F4D5
:105A800000747F1C019888478246102002E008209D
:105A900000E00A20814609E008FB0908A969761E92
:105AA00044F400747F1C019888478246002E05DD6F
:105AB0004946504600F0ADFA0028EDDAE969019850
:105AC0008847A00502D46FF00100A8E7E00725D1C0
:105AD000600613D5600502D5C8F1000000E040461D
:105AE00029680A1D2A600968220501D5087015E099
:105AF000220701D5088011E008600FE02868011D29
:105B000029600068210502D580F8008006E02107A1
:105B100002D5A0F8008001E0C0F8008038467EE79A
:105B20002DE9FF4F087883B09946FF2805D0491C1E
:105B30002D2804D00024002008E000200BE00124E0
:105B4000F9E700EB800003EB4000491C0B78FF2BCA
:105B5000F7D104B1404200230293147819461D4640
:105B60002D2C01D02B2C04D1521C2D2C13D0002411
:105B70000294AA461478FF2C0FD00A25A3FB0578BF
:105B800001FB05814FF0000C03FB0C11521CE319C3
:105B90004AEB0101EEE70124EAE7814453EA010000
:105BA00002D019F5C87F06DA03980021C0E9001178
:105BB00007B0BDE8F08F0025AE4E2F46DFF8B88263
:105BC000184600F0DFFBCDE90001B9F1000002DA70
:105BD000C9F1000400E004460023A74A1AEB030BB6
:105BE00042EB045A12E0E00707D02A463346384613
:105BF000414600F055FB074688462A463346104684
:105C0000194600F04DFB05460E466410002CEAD103
:105C1000DDE90001B9F1000F5A46534606DA00F0FB
:105C20002FF93A46434600F02BF905E000F038FB27
:105C30003A46434600F034FB029A0AB181F0004133
:105C4000039AC2E90001B3E72DE9FF4F1F468DB06B
:105C5000D7E901464FF0FF382E2045464FF00009A6
:105C60000B90B9696D1C0E988847396A824688473F
:105C70000028F6D1BAF1FF3F0AD024F4D064002EF8
:105C800011DDBAF12B0F08D0BAF12D0F0BD102E0C4
:105C9000404611B08DE744F48064B9696D1C0E98DC
:105CA00088478246761E6946600501D52D2000E0B2
:105CB0002B208DF8000001F1010B0DF1200809E007
:105CC000B9696D1C0E98884782460F9844F4007499
:105CD000761E0560002E02DDBAF1300FF0D00B9970
:105CE0008A453ED144F0800406E00F99681CA9F172
:105CF000010944F400740860B9696D1C761E0E98A1
:105D0000884782463028F0D02BE00B998A4505D190
:105D1000200603D444F08004761E18E0504609F0B3
:105D2000C1FA08B30DF11301761E44F400748B45DB
:105D300008D2AAF130000BF8010B200607D5A9F113
:105D4000010003E0200602D409F101008146A0050C
:105D500002D50F99681C0860B9696D1C0E988847B8
:105D60008246002ED1DC53E0002E51DDBAF1650FE2
:105D700002D0BAF1450F4BD1A00549D5B9696D1CC8
:105D800024F44074761E0E9888478246002E0CDD5F
:105D90002B2804D0BAF12D0F07D144F48074B969CF
:105DA0006D1C0E9888478246761EE00501D52D2190
:105DB00000E02B2108F8011BCDF82C8021E00DF12B
:105DC0002901761E44F4007488450CD2AAF13000F3
:105DD00010F0FF0088F8000002D10B99884509D91E
:105DE00008F1010806E0E00501D5244801E042F28F
:105DF0000F708146B9696D1C0E98884782460F98CE
:105E00000560002E04DD504609F04CFA0028D6D17A
:105E1000F9690E988847FF208BF8000088F8000089
:105E20000020069007904B466A4608A906A8FFF78F
:105E300077FEA00502D46FF001002AE714F0240FCA
:105E40000AD0E00714D1DDE906123868031D3B6073
:105E50000068C0E900120BE0DDE9060100F0CEFAAF
:105E60000146E00704D13868021D3A60006801600D
:105E700028460EE7000014400000F03FF1D8FFFF75
:105E80002DE9F04D81EA030404F0004B21F00045B8
:105E900014464FF0000A23F0004150EA050220D0DA
:105EA00054EA01021DD0C5F30A570246C5F3130395
:105EB000C1F31300C1F30A5640F4801543F4801374
:105EC000A7EB0608101BD64608F2FD3873EB050059
:105ED00002D308F1010801E092185B41B8F1000F0C
:105EE00003DA00200146BDE8F08D00204FF4801158
:105EF000064684460EE0171B73EB050705D3121BFD
:105F000063EB050306434CEA010C49084FEA3000F5
:105F100092185B4150EA0107EDD152EA030012D01A
:105F200082EA040083EA0501084305D0101BAB4157
:105F300006D20122002306E000224FF0004302E0D7
:105F40006FF0010253101AEB06004CEB085110EBF6
:105F50000A0041EB0B01BDE8F04D00F09DB800F0E8
:105F6000004230F000400AD0C10D01F56071C0F36D
:105F7000160042EA0151C208400711437047002051
:105F80000146704730B50B4601460020202201240F
:105F900009E021FA02F59D4205D303FA02F5491BF7
:105FA00004FA02F52844151EA2F10102F1DC30BD0D
:105FB0002DE9F05F0546002092469B46884606463E
:105FC000814640241BE02846414647462246FFF7CB
:105FD000A9FC53465A46C01A914110D3114618469F
:105FE000224600F039FA2D1A67EB01084F46224687
:105FF0000120002100F030FA17EB00094E41201E6D
:10600000A4F10104DFDC484631462A464346BDE898
:10601000F09F3A2800D2303820F02002412A01D3E4
:10602000A2F13700884201D34FF0FF3070470000E3
:10603000026811441378016018467047D160044922
:1060400051610449116200211161114600F02ABA20
:10605000316000089B640008426842B1016811F891
:10606000013B23B1521EC0E90012184670470121BE
:10607000C160881E704742685AB1C368016843B95D
:1060800083688B4205D0491E521CC0E900120020D3
:1060900070474FF0FF30704710B5141E73F10004C5
:1060A00008DA401C41F1000192185B411A4301D10A
:1060B00020F0010010BD2DE9F04D92469B4611B134
:1060C000B1FA81F202E0B0FA80F22032904600F09C
:1060D000C3F904460F4640EA0A0041EA0B01534661
:1060E0005A46084313D0114653EA010019D0C8F1AB
:1060F00040025046FFF716FC05460E4650465946EC
:10610000424600F0A9F9084305D0012004E02046EA
:106110003946BDE8F08D0020054346EAE0762C4381
:1061200037430A986305E40AA0EB08000022FD0A41
:1061300044EA47540A3002D500200146E9E7010548
:1061400010196941DDE9084500196941BDE8F04DC4
:10615000A2E72DE9FE4F804681EA0300C00F0C46FE
:10616000009021F0004123F00045B8EB0200A94166
:1061700005D24046214690461C460B46024623F077
:106180000040104347D0270DC7F30A00C3F30A515C
:106190000290401A019040286BDAC3F3130040F4D8
:1061A000801B0098924620B10023D2EB030A63EBD8
:1061B0000B0B01985946C0F14002504600F04CF9D3
:1061C00006460D4650465946019A00F054F910EB28
:1061D00008006141002487EA115284EAE7731A43F8
:1061E00040D0009A62B3019A012A4FEA075215DCA7
:1061F000001B61EB02014FF0004202EA0752CDE9B9
:106200000042001C41F5801132462B46FFF753FF38
:1062100003B0BDE8F08F40462146F9E7001B61EB73
:106220000201001C41F5801300185B412018A2F503
:10623000001747EB030140EAD570B6196D4111E034
:106240006D084FEA360645EAC0754FEA0752001B53
:1062500061EB0201001C41F5801149084FEA300052
:106260000019514132462B4603B0BDE8F04FFFF70D
:1062700013BF0098012240000023D0EB020263EB21
:10628000E073009821464FEAE074B8EB000061EB40
:106290000401E9E783F000435BE781F0004158E740
:1062A0002DE9FE4F81EA030404F0004421F000418F
:1062B00000944FF0000B23F0004350EA01045ED03D
:1062C00052EA03045BD0C3F30A54C1F30A552C44C9
:1062D000A4F2F3340194A0FB0254C1F3130141F47E
:1062E0008011C3F3130343F4801301FB024400FB4A
:1062F000034E840A970A44EA815447EA8357A4FB71
:10630000076802958D0A05FB07854FEA932C04FB6D
:106310000C542705029D4FEA065847EA1637B5EB9D
:1063200008056EEB070C870E920E47EA811742EACA
:106330008312A7FB0201B6EB0B0164EB00042B0DEB
:1063400043EA0C335E1844EB1C50DA465146E7FB37
:106350000201C5F313044FEA0B3343EA14534FEA27
:106360000432019C43EA0603A4F10C040294009C4D
:10637000CDE900B4FFF79FFE03B0BDE8F08F002029
:106380000146F9E70EB540F2334202920022CDE910
:1063900000221346FFF78FFE03B000BDC1F30A527F
:1063A000C1F3130140F2FF3341F480119A4202DA43
:1063B00000200146704740F233439A42A2F2334232
:1063C00002DC5242FFF7AEBA00F046B830B5041E08
:1063D00071F1000404DB4FF00044404264EB010122
:1063E000141E73F1000405DB1C464FF000435242BB
:1063F00063EB0403994208BF904230BD01F00043B3
:1064000030B421F0004150EA010206D00A0DA2F595
:106410006072C1F31301002A02DC30BC0020704717
:10642000440F44EAC104C100E01830BC00EBC25084
:1064300000F0CEB9064C074D06E0E06840F00103DD
:1064400094E8070098471034AC42F6D3FFF752FAAD
:10645000CC0C0108EC0C0108202A04DB203A00FADD
:1064600002F1002070479140C2F1200320FA03F3AB
:10647000194390407047202A06DBCB17203A41FA97
:1064800002F043EAE07306E041FA02F3D040C2F1C1
:1064900020029140084319467047C0B24FF4F051B2
:1064A00000F0CEB92DE9F34F8BB04FF0000801F1A9
:1064B0000C000C464FF0010B46460DF1080A019006
:1064C0006269012101989047051E2DD0252D2CD001
:1064D000216A8847C0B16269012101989047216A09
:1064E00088470028F7D1411E62690198904700E073
:1064F000761CA1690B988847216A88470028F7D144
:10650000E1690B988847DBE7A1690B988847074644
:10651000A84201D1761CD3E7E1690B9888477F1C1C
:1065200002D1B8F1000F6FD046E1002762693D4605
:106530003946019890472A2804D1626901210198BF
:1065400090470125DFF88492626901210198904704
:10655000A0F130010A290AD24F45E5DC07EB87019B
:1065600000EB4107303FDFD445F01005ECE7E906CA
:1065700001D46FF000476C280AD04C2814D068284A
:1065800015D06A280DD074281CD07A281AD01DE0A6
:1065900062690121019890476C2802D045F00405FA
:1065A00014E045F002050DE045F020050AE06269BF
:1065B000012101989047682802D045F0080505E0C0
:1065C00045F400656269012101989047C4E90157CB
:1065D00065283DD019DC58287AD00CDC452837D006
:1065E00004DC252826D0412831D131E046282FD09F
:1065F00047282CD12CE05B2877D0612828D063284D
:106600007CD0642823D15AE0D0E06F2848D008DC41
:1066100066281DD067281BD0692821D06E2816D186
:1066200027E0702845D0732868D0752847D078288F
:106630000DD14DE0A1690B988847054625283FF408
:1066400069AFE1690B9888476D1C3FF46AAFB3E00E
:1066500023466A466FF001000B99FFF7F5FA9EE0BA
:1066600045F040006060A80723464FF0000236D492
:106670003EE0E8077FF447AF2068011D2160006815
:10668000290501D506701BE7290701D5068017E704
:10669000A90703D5F117C0E9006111E706600FE70C
:1066A00045F040006060A80723464FF0080216D46A
:1066B0001EE040F60E0125EA0100606016E045F09C
:1066C00040006060A80723464FF00A0207D40FE09D
:1066D00045F040006060A80708D5234610226FF0FF
:1066E00001000B99AFF3008059E007E02346102228
:1066F0006FF001000B99FFF76DF950E04FF00009C2
:106700004F464B46632802D05B2806D040E0E8069F
:1067100001D40120A06001273AE0626901210198BB
:1067200090475E2805D14FF00109626949460198FA
:106730009047216939B900210A46534643F8212080
:10674000491C0829FADBB0B3216969B9C11700EB0C
:10675000D16253110AEB830122F01F02821A012039
:106760000B68904003430B606269012101989047D8
:106770005D28E8D1B9F1000F09D00020514651F849
:106780002020D24341F82020401C0828F7DB02AB30
:10679000224600976FF001000B99AFF300800028AC
:1067A0000CDA401C08D1BBF1000F05D04FF0FF30D0
:1067B0000DB0BDE8F08FFFE74046F9E7E90701D1EA
:1067C00008F1010806444FF0000B79E6CCCCCC0C64
:1067D0000029A8BF7047401C490008BF20F00100F5
:1067E000704710B4B0FA80FC00FA0CF050EA0104D3
:1067F00004BF10BC704749B1CCF1200421FA04F465
:1068000011FA0CF118BF012121430843A3EB0C013D
:10681000CB1D4FEA00614FEA102042BF002010BCA0
:10682000704700EBC35010440029A4BF10BC704750
:10683000401C490008BF20F0010010BC7047000058
:106840007F2801D9002208E0064A02EB5002C00767
:10685000127800D1120902F00F0201209040084086
:1068600070470000040C010870B58C1810F8015B2B
:1068700015F0070301D110F8013B2A1106D110F8D9
:10688000012B03E010F8016B01F8016B5B1EF9D1DD
:106890002B0705D40023521E0DD401F8013BFAE763
:1068A00010F8013BCB1A921C03E013F8015B01F8CE
:1068B000015B521EF9D5A142D8D3002070BD10B59E
:1068C000142005F023F90321142005F0BCF910BDB4
:1068D00000BFFEE730B50346042B15D007DC7BB1C3
:1068E000012B0ED0022B0DD0032B30D10BE0202B2F
:1068F0000BD0212B18D0222B22D0232B27D125E0FF
:1069000026E025E024E023E022E0002003E00C5C08
:10691000114D2C54401C0728F9DB00200F4C20702F
:1069200001200F4C207013E0002003E00A4C245C8F
:106930000C54401C0728F9DB0020084C207007E0AD
:1069400006480078401C054C207001E000E000BFC4
:1069500000BF002030BD0000D0000020000000205B
:106960000100002000207047002003E00021064ABB
:106970001154401CB0F5167FF8D30020034908805D
:106980000349088070470000820400200C000020AA
:106990000E00002010B500220449054805F023FF31
:1069A0000449034805F018FF002010BD44130020DF
:1069B000980A00205C0F00202DE9F04105460E46A4
:1069C0001449306808602946134805F005FF3778F8
:1069D00012480488002113E0685C114A1055601CBD
:1069E00080B24FF4167290FBF2F302FB130084B2F4
:1069F0000C480088844202D10220BDE8F081491C85
:106A0000B942E9D305480480034805F0C1FE0020DF
:106A1000F3E700001C000020980A00200C00002072
:106A2000820400200E0000202DE9F04104460D46AE
:106A300000260A48D0F8B872D7F8140210B1012025
:106A4000BDE8F0812A462146044805F0CCFE034803
:106A500005F04DFF06463046F2E70000980A002098
:106A60002DE9F0410746884615460421052000F02F
:106A700029F880210A2005F0E6F8002405E0395DB8
:106A8000092008F0E5FA601CC4B24445F7DB032195
:106A9000012008F0DDFAFF2400BF052005F036F8DC
:106AA0000646601EC4B21CB106F004000028F4D0F3
:106AB000222005F02BF82870212005F027F86870B7
:106AC000BDE8F08170B505460C46284605F01EF875
:106AD000064626EA0401284608F0BAFA70BD704757
:106AE00010B500F0ABFA0020034908704FF416719E
:106AF0000248FEF740FF10BD110000208204002074
:106B000072B603E01E21642009F0D2F9FAE7000012
:106B10000021074AD1610749096941F00401054A8A
:106B200011611146096941F040011161704700008F
:106B3000381C0020002002400021074AD16107498B
:106B4000096941F00201054A11611146486109696C
:106B500041F0400111617047381C002000200240C4
:106B60000022054BDA61054A126942F00102034B2B
:106B70001A61018070470000381C0020002002408C
:106B800000201E49C96801F0100139B11C49C969CA
:106B900041F002011A4AD16140F010001749C9685A
:106BA00001F0040139B11649C96941F00101144AE3
:106BB000D16140F004001149C96901F0010169B1D6
:106BC0000F49C96941F004010D4AD16100BF0B4969
:106BD000C96921F00101094AD16100BF00BF40F23B
:106BE0000111884206D10549C96921F00101034A12
:106BF000D16101E00149C86000BF70470020024038
:106C0000381C002070B5044601F06EFA054609E014
:106C1000601C38B124B101F067FA401BA04201D9D1
:106C2000032070BD1248C06800F001000028EFD1B9
:106C30000F48C06800F0200020B100BF20200C49A0
:106C4000C86000BF0A48C06800F0100048B9084892
:106C5000C06900F0010020B90548C06800F00400D8
:106C600018B1FFF78DFF0120DBE70020D9E7000016
:106C7000002002402DE9F0419AB00746642101A8A6
:106C8000FEF779FE4FF000080020A14908600024BB
:106C9000A0480578002600F0B9F9642000F0A0FFB4
:106CA000F8B28DF80400380A8DF8050001AA022117
:106CB00040F2031000F080FC642000F091FF964841
:106CC0000078AA287ED1944840785528FAD1924875
:106CD00080790028F6D1DBE08F48017A407A01EB19
:106CE00000244FF6F17084422ED18C48007843285E
:106CF0000DD100F08BF987480570012000F070FF7E
:106D000087A009F00BFD00201AB0BDE8F08100203B
:106D10008049087022468FA101A808F0C1F901A896
:106D200009F0FCFC642101A8FEF725FE4FF47A70FF
:106D300000F056FF701CC6B24AF6AA2095490968B1
:106D400008600020724908604FF6F27084422CD12E
:106D50007248007843280BD100F058F96D4805704F
:106D6000012000F03DFF6EA009F0D8FC0020CBE729
:106D7000002068490870224676A101A808F090F921
:106D800001A809F0CBFC642101A8FEF7F4FD4FF443
:106D90007A7000F025FF00205D490860701CC6B2C3
:106DA0004AF6AA207B49096808604FF6F3708442CE
:106DB0002ED15A48007843280DD100F027F95548C4
:106DC000057000E068E0012000F00AFF54A009F01F
:106DD000A5FC002098E700204E49087022465DA1DE
:106DE00001A808F05DF901A809F098FC642101A848
:106DF000FEF7C1FD4FF47A7000F0F2FE0020444926
:106E00000860701CC6B24AF6AA2062490968086088
:106E10004FF6F47084421BD1002600203D490870D3
:106E200022464CA101A808F03BF901A809F076FC24
:106E3000642101A8FEF79FFD4FF47A7000F0D0FEA8
:106E40000020334908603448017A407A01EB00247D
:106E50004FF6F37084420CD0401E844209D0401E8D
:106E6000844206D0C01C844203D014B14FF0010804
:106E700000263C2E0CD100264FF416712648FEF752
:106E80007AFD2448057044A009F048FC00203BE747
:106E9000B8F1000F3FF420AF1F48807908B31E48B7
:106EA000017A407A01EB0024642101A8FEF763FD1A
:106EB000224643A101A808F0F3F801A809F02EFC2E
:106EC0000020134908601348057000F09FF80A205D
:106ED00000F086FE4FF416710F48FEF74CFD0020BF
:106EE00012E7B8F1010F02D13FA009F017FC4FF4EF
:106EF0007A7000F075FE4FF416710748FEF73BFDFF
:106F00000020034908600120024908700020FBE6C8
:106F100024000020110000202A020020820400200A
:106F20007B2252656365697665223A7B22537461E0
:106F3000747573223A32367D2C2246223A7B2254D3
:106F4000797065223A2243616E73656C227D7D0AF9
:106F5000000000007B2252656365697665223A7BFA
:106F600022537461747573223A32367D2C22462284
:106F70003A7B2254797065223A22456E726F6C6CAE
:106F8000222C22537461747573223A25647D7D0A24
:106F9000000000000C0900207B2246223A7B22548C
:106FA000797065223A22456E726F6C6C222C2253E6
:106FB0007461747573223A31387D7D0A00000000D7
:106FC0007B2246223A7B2254797065223A22456E12
:106FD000726F6C6C222C22537461747573223A2583
:106FE000647D7D0A000000007B2246223A7B225409
:106FF000797065223A22456E726F6C6C222C225396
:107000007461747573223A307D7D0A0000B58DB0CD
:1070100034216846FEF7AFFC6A4600214FF49870B1
:1070200000F0CAFA642000F0DBFD4FF4167102484C
:10703000FEF7A1FC0DB000BD2A02002010B59AB0E9
:10704000642101A8FEF797FC0024FFF7DFFF64200E
:1070500000F0C6FD01AA00214FF4837000F0ACFAE5
:107060000948827909A101A808F01AF801A809F0D5
:1070700055FBC82000F0B4FD4FF416710248FEF72E
:107080007AFC00201AB010BD2A0200207B22526533
:107090006365697665223A7B225374617475732245
:1070A0003A32367D2C2246223A7B22547970652270
:1070B0003A2244656C657465414C4C222C22537411
:1070C00061747573223A25647D7D0A0030B599B0EC
:1070D000044600201B490860FFF798FF642000F079
:1070E0007FFDE0B28DF80000200A8DF801006A46AD
:1070F000022140F2051000F05FFA642000F070FDFC
:107100001148807930B91048827910A1684607F09B
:10711000C7FF09E00C48017A407A01EB00252A46B6
:107120000AA1684607F0BCFF684609F0F7FAC820D4
:1071300000F056FD4FF416710348FEF71CFC0020CA
:1071400019B030BD240000202A0200207B225265A5
:107150006365697665223A7B225374617475732284
:107160003A32367D2C2246223A7B225479706522AF
:107170003A2244656C657465222C225374617475DF
:1071800073223A25647D7D0A0000000010B59AB094
:1071900000201D490860FFF739FF0A2000F020FD9C
:1071A00001AA002140F2071000F006FAFA2000F0D0
:1071B00017FD16480078AA281DD114484078552894
:1071C00019D11248017A407A01EB00249CB10F4892
:1071D000807928B922460EA101A807F061FF04E0DA
:1071E00022461B4901A807F05BFF01A809F096FAA7
:1071F0000A2000F0F5FC4FF416710448FEF7BBFBC3
:1072000000201AB010BD0000240000202A02002037
:107210007B2252656365697665223A7B22537461ED
:10722000747573223A32367D2C2246223A7B2254E0
:10723000797065223A22476574456D7074794944C6
:10724000222C224944223A25647D7D0A0000000058
:10725000880C01082DE9F043ADF5297D064600258F
:1072600000204C4908704C490860FFF7CFFE6420AD
:1072700000F0B6FC0020484908604FF416714748FA
:10728000FEF779FB642000F0ABFCF0B28DF8400211
:10729000300A8DF84102642000F0A2FC90AA02217D
:1072A0004FF4857000F088F9642000F099FC002408
:1072B00013E03A48005DA5280ED13849601C085CEF
:1072C0005A2809D1A01C085C0A2805D1E01C085CDA
:1072D000012801D1254603E0641CB4F5167FE8D3EC
:1072E00000BF2E49281D095C2C4A681D105C01EB6B
:1072F0000020071F114605F10800095C401C105CC6
:1073000001EB00294FF40F7101A8FEF734FB4FF495
:107310007A7000F065FC002407E005F10A002044C3
:107320001E49085C01A90855641CBC42F5D3012024
:107330001849087019488079B0B93B46324618A1FF
:1073400090A807F0ADFE90A809F0E8F90A2000F037
:1073500047FC394601A8FFF767FB0A2000F040FC14
:107360001EA009F0DBF90CE00C48017A407A01EB31
:10737000002842461BA190A807F092FE90A809F0B1
:10738000CDF94FF416710548FEF7F5FA0DF5297D94
:10739000BDE8F08310000020240000202A02002015
:1073A0007B2246223A7B2254797065223A2252652A
:1073B000616454656D706C617465222C22494422AD
:1073C0003A25642C224461746153697A65223A2516
:1073D000642C2244617461223A220000227D7D0ADD
:1073E000000000007B2246223A7B225479706522FD
:1073F0003A225265616454656D706C617465222C2B
:1074000022537461747573223A25647D7D0A0000ED
:1074100010B59AB0642101A8FEF7ADFA00204E49DC
:10742000086001AA00214FF4817000F0C5F80F2018
:1074300000F0D6FB4948017A407A01EB0024474826
:107440000078AA2819D145488079B8B94FF6F47068
:1074500084427AD0002C78D0224641A101A807F0BE
:107460001FFE01A809F05AF9642101A8FEF783FA6A
:107470004FF416713948FEF77EFA66E02046232C59
:1074800053D006DC122828D015280FD021285AD135
:1074900052E041283BD0A0F510502F3800282FD0C3
:1074A000A0F55B40C53800284DD137E0224637A112
:1074B00001A807F0F5FD01A809F030F900203D49C9
:1074C00008704FF416712548FEF755FA642101A89B
:1074D000FEF751FA00201AB010BD221D2BA101A801
:1074E00007F0DEFD01A809F019F94FF416711B48E9
:1074F000FEF741FA642101A8FEF73DFA0020EAE711
:107500004FF416711548FEF736FA0020E3E74FF402
:1075100016711248FEF72FFA0020DCE74FF41671BF
:107520000E48FEF728FA0020D5E74FF416710B48F5
:10753000FEF721FA0020CEE74FF416710748FEF758
:107540001AFA0020C7E700BF00BF4FF416710348C6
:10755000FEF711FA0020BEE7240000202A020020D6
:107560007B2246223A7B2254797065223A22496472
:10757000656E74696679222C2254656D706C617435
:1075800065223A25647D7D0A000000007B224622A8
:107590003A7B2254797065223A224964656E746997
:1075A0006679222C22537461747573223A25647DA6
:1075B0007D0A0000110000202DE9F0418EB0054643
:1075C0000C469046002655208DF8040001A800F0D6
:1075D00019FA5536AA208DF805000DF1050000F0C6
:1075E00011FAAA362846E91705EB11610912A5EB35
:1075F0000121C9B28DF806100DF1060000F002FA63
:107600002846E91705EB11610912A5EB0121314468
:107610008EB2E91705EB1161090A8DF807100DF11B
:10762000070000F0EFF92846E91705EB116106EBBA
:1076300021218EB22046E11704EB11610912A4EB5F
:107640000121C9B28DF8081002A800F0DBF920462C
:10765000E11704EB11610912A4EB012131448EB250
:10766000E11704EB1161090A8DF809100DF1090009
:1076700000F0C8F92046E11704EB116106EB212167
:107680008EB200270EE018F80710B81D01AA115499
:1076900008EB070000F0B6F918F80700304486B28E
:1076A000781CC7B2A742EEDB09E00021B81D01AA91
:1076B0001154B91D881800F0A5F9781CC7B2102F15
:1076C000F3DB3046F11706EB11610912A6EB01213D
:1076D000C9B28DF81A100DF11A0000F093F9304676
:1076E000F11706EB1161090A8DF81B100DF11B0053
:1076F00000F088F900270EB0BDE8F0812DE9F043D5
:107700008DB004460E4617469946002500BF5A2004
:107710008DF80000684600F075F95A35A5208DF8FF
:1077200001000DF1010000F06DF9A5352046E117CB
:1077300004EB11610912A4EB0121C9B28DF802100A
:107740000DF1020000F05EF92046E11704EB116133
:107750000912A4EB01210D44E11704EB1161090AA0
:107760008DF803100DF1030000F04CF92046E117ED
:1077700004EB116105EB2125B01CC0B28DF80400AB
:1077800001A800F03FF9B01CC0B20544B01C000ACB
:107790008DF805000DF1050000F034F9B01C05EB83
:1077A0001025F8B28DF806000DF1060000F02AF958
:1077B000F8B20544380A8DF807000DF1070000F013
:1077C00021F905EB17254FF000080BE009EB080045
:1077D00000F018F919F808000544052000F000FA37
:1077E00008F10108B045F1D3E8B28DF82F000DF192
:1077F0002F0000F007F9280A8DF830000CA800F0DF
:1078000001F94FF000080DB0BDE8F083F0B5ADF51B
:10781000297D07460D4614464FF40F7101A8FEF767
:10782000AAF8A178607801EB00272179E07801EBD4
:107830000025062004E0225C811F01AB5A54401C45
:10784000A91D8842F7D3FFF7E1FB642000F0C8F9D7
:107850004FF416713548FEF78EF800203449086061
:10786000002603E0002090A98855761C642EF9D3E9
:10787000642000F0B5F9E8B28DF84002280A8DF8CE
:1078800041024AF6AA202B490968086090AA022101
:1078900040F20B10FFF790FE642000F0A1F901AB5D
:1078A0003A46294640F20B10FFF728FF4AF6AA2075
:1078B0002049096808604FF47A7000F091F91B487C
:1078C0000078A52829D119488079002817D1A178F6
:1078D000607801EB00221548017A407A01EB002024
:1078E000824208D13A4614A190A807F0D9FB90A88B
:1078F00008F014FF11E020A008F010FF0DE00B4885
:10790000007A602802D128A008F008FF0748007A12
:10791000702802D12FA008F001FF4FF41671034820
:10792000FEF729F801200DF5297DF0BD2A0200207F
:10793000240000200C0900207B2246223A7B22549E
:10794000797065223A22577269746554656D706C5E
:10795000617465222C22577269746554656D706C70
:107960006174654944223A25642C2253746174750C
:1079700073223A307D7D0A007B2246223A7B2254D4
:10798000797065223A22577269746554656D706C1E
:10799000617465222C22537461747573223A3130FC
:1079A000307D7D0A000000007B2246223A7B225473
:1079B000797065223A22577269746554656D706CEE
:1079C000617465222C22537461747573223A3936BE
:1079D0007D7D0A007B2246223A7B22547970652203
:1079E0003A22577269746554656D706C61746522D2
:1079F0002C22537461747573223A3131327D7D0AC1
:107A00000000000010B5044601231A462146024832
:107A100003F00DF910BD0000100A002000B59FB062
:107A2000642106A8FDF7A7FFFFF7F0FA642000F035
:107A3000D7F8182212A16846FDF784FF32231922D5
:107A40006946154803F0F3F8642000F0C9F81348BC
:107A50000078AA280DD111484078552809D10F483F
:107A6000437A027A0E4906A807F01AFB06A808F026
:107A700055FE1E210948FDF77EFF1FB000BD000026
:107A800055AA1201000000000000000000000000E4
:107A90000000000000001201100A00202A0200204D
:107AA000440C010870B50A480468001D0568001DF3
:107AB0000668344454B108220649204603F0C2F94E
:107AC000042204491031284603F0BCF970BD0000BF
:107AD000E8F7FF1FB60000200146002291F82100C0
:107AE000022808D00420886300BF002081F820000D
:107AF00000BF012070470868006820F00E000B6886
:107B000018600868006820F001000B68186091F8A0
:107B1000403001209840CB6B5860012081F8210053
:107B200000BF002081F8200000BF1046E2E70000FF
:107B300070B50446002594F82100022803D00420E3
:107B4000A063012548E02068006820F00E0021684D
:107B500008602068006820F00100216808601F4963
:107B60002068884201D1012026E01C491431206898
:107B7000884201D110201FE018492831206888422E
:107B800001D1801518E015493C312068884201D1A7
:107B9000801411E0114950312068884202D14FF41D
:107BA000803009E00D4964312068884202D14FF4E9
:107BB000801001E04FF080700849083948600120CA
:107BC00084F8210000BF002084F8200000BF606B13
:107BD00010B12046616B8847284670BD08000240FE
:107BE00070B5044600F080FA06462546681C10B1C0
:107BF00004480078054400BF00F076FA801BA842D4
:107C0000FAD370BDF00000202DE9F04104460E4685
:107C10000127002500BF2648007E012802D102204E
:107C2000BDE8F08101202249087600BF20680228C3
:107C300013D14CF25030FEF7E5FF90BB0120FEF768
:107C400067FF4CF25030FEF7DDFF07461948006928
:107C500020F004001749086123E04CF25030FEF791
:107C6000D1FFF0B94FF0FF303060A56812E0284630
:107C7000FEF762FF4CF25030FEF7C4FF07460D4896
:107C8000006920F002000B4908610FB1356007E080
:107C900005F58065D4E9021001EB8020A842E6D802
:107CA00000BF00BF00200249087600BF3846B7E792
:107CB000381C0020002002400348006940F080008A
:107CC0000149086100207047002002402DE9FE4F65
:107CD00005468B4617469846012600240020029050
:107CE00000BF2448007E012802D10220BDE8FE8F9B
:107CF00001202049087600BF4CF25030FEF782FF89
:107D0000064686BB012D02D10120029006E0022D1D
:107D100002D10220029001E00420029000241EE023
:107D20002201B946C24648465146FDF7FBFD80B2E6
:107D30000190022000FB04B000900199FEF710FFB3
:107D40004CF25030FEF75EFF06460B48006920F00B
:107D500001000949086106B104E0601CC4B2029840
:107D60008442DDDB00BF00BF00200249087600BF6F
:107D70003046BBE7381C00200020024000200849A4
:107D8000096901F0800151B10649054A516006496F
:107D900051601146096901F0800101B1012070476D
:107DA0000020024023016745AB89EFCD2DE9F8475C
:107DB0000346002294466EE14FF0010808FA02F4EF
:107DC000D1F8008008EA0400A0427DD1DFF8DCA2EF
:107DD000D1F80480A8EB0A09D0453AD014DCB8F1F8
:107DE000030F50D009DCB8F1000F31D0B8F1010F0A
:107DF0001CD0B8F1020F49D120E0B8F1110F18D012
:107E0000B8F1120F42D11EE0B9F5881F25D006DC6B
:107E1000B9F5803F20D0B9F5801F37D11AE0B9F508
:107E2000001F18D0B9F5041F30D117E0D1F80CC0ED
:107E30002DE0D1F80C8008F1040C28E0D1F80C807A
:107E400008F1080C23E0D1F80C8008F10C0C1EE0BE
:107E500000BF00BF00BF00BF00BF00BFD1F8088057
:107E6000B8F1000F02D14FF0040C0BE0D1F80880FC
:107E7000B8F1010F03D14FF0080C1C6102E04FF084
:107E8000080C5C6103E04FF0000C00E000BF00BF95
:107E9000FF2801D8984601E003F104084646FF2870
:107EA00002D84FEA820803E0A2F108084FEA8808E6
:107EB0004746D6F800804FF00F0909FA07F928EA7B
:107EC00009080CFA07F900E088E048EA0908C6F852
:107ED0000080D1F8048008F08058B8F1805F7DD12F
:107EE00000BFDFF8CC81D8F8188048F00108DFF82F
:107EF000C091C9F81880C846D8F8188008F0010861
:107F0000CDF8008000BF00BF4FEAB9384FEA9209B0
:107F100058F829504FEA82784FEA18794FF00F0845
:107F200008FA09F825EA0805DFF88881434502D1F7
:107F30004FF0000816E0DFF88081434502D14FF092
:107F400001080FE0DFF87481434502D14FF00208C9
:107F500008E0DFF86C81434502D14FF0030801E0EF
:107F60004FF004084FEA82794FEA197908FA09F8C4
:107F700048EA0505DFF84C814FEA920948F8295094
:107F8000D1F8048008F48038B8F5803F0AD1DFF8D2
:107F90003881D8F8008048EA0008DFF82C91C9F849
:107FA000008009E0DFF82081D8F8008028EA000886
:107FB000DFF81491C9F80080D1F8048008F4003883
:107FC000B8F5003F10D1DFF8008108F10408D8F8B7
:107FD000008048EA0008DFF8F09000E05AE009F17C
:107FE0000409C9F800800DE0DFF8DC8008F104081E
:107FF000D8F8008028EA0008DFF8CC9009F10409DD
:10800000C9F80080D1F8048008F48018B8F5801F02
:108010000ED1DFF8B48008F10808D8F8008048EAEB
:108020000008DFF8A49009F10809C9F800800DE004
:10803000DFF8948008F10808D8F8008028EA0008E2
:10804000DFF8849009F10809C9F80080D1F80480AC
:1080500008F40018B8F5001F0ED1DFF86C8008F1A5
:108060000C08D8F8008048EA0008DFF85C9009F1B5
:108070000C09C9F800800DE0DFF84C8008F10C080D
:10808000D8F8008028EA0008DFF83C9009F10C09D4
:10809000C9F80080521CD1F8008028FA02F8B8F123
:1080A000000F7FF489AEBDE8F887000000001110D2
:1080B0000010024000080140000C01400010014087
:1080C000001401400800014000040140024693688A
:1080D0000B400BB1012000E0002070470AB10161A4
:1080E00001E00B040361704701480068704700001D
:1080F000E800002070B504460CB9012070BD4CF6B4
:10810000CC402168086045F2555021680860D4E9E8
:10811000001048602168A0688860FFF7E5FF054609
:108120000BE0FFF7E1FF401B272806D92068C06855
:1081300000F0030008B10320E0E72068C06800F009
:1081400003000028EDD14AF6AA202168086000202B
:10815000D4E700000348006803490978084401494E
:1081600008607047E8000020F000002010B50848C3
:10817000006840F0100006490860032000F0A8F8ED
:10818000002000F007F800F02BF8002010BD0000E0
:108190000020024070B504460E4800784FF47A7112
:1081A000B1FBF0F00C490968B1FBF0F5284602F08C
:1081B00068F808B1012070BD102C07D200222146BA
:1081C000501E00F047F80548046001E00120F2E786
:1081D0000020F0E7F000002004010020EC00002067
:1081E00008B500BF1148806940F001000F4988615F
:1081F0000846806900F00100009000BF00BF00BF8A
:108200000846C06940F08050C8610846C06900F067
:108210008050009000BF00BF00BF0549486820F0B3
:10822000E06040F00070486000BF08BD00100240F0
:108230000000014001460846002809DB00F01F034A
:1082400001229A4043099B0003F1E023C3F8002177
:1082500000BF70472DE9F05F80460D4616460027A7
:1082600006F032FF074639462A46334601F007003A
:10827000C0F1070ABAF1040F02D94FF0040A01E075
:10828000C0F1070AD14600F1040ABAF1070F02D281
:108290004FF0000A01E0A0F1030AD4464FF0010AB2
:1082A0000AFA09FAAAF1010A0AEA020A0AFA0CFA17
:1082B0004FF0010B0BFA0CFBABF1010B0BEA030BBC
:1082C0004AEA0B042146404606F006FFBDE8F09F4F
:1082D00000BF00F00702064B19684FF6FF03194074
:1082E000044B0B4343EA0221014B196000BF704766
:1082F0000CED00E00000FA0570B505460C4604F0F0
:108300008000802808D104F0070000EB800605F10A
:10831000280000EBC60105E004EB840605F5B47007
:1083200000EBC6011AB900200873CB8004E00120DD
:1083300008730B81180C4881002070BD704770B520
:1083400004460D4605EB850304F1280101EBC3014A
:108350004A692946D4F8E80204F0D0FD70BD70B532
:1083600004460D4605EB850304F5B47101EBC3012A
:108370004A692946D4F8E80204F040FE70BD70B5A1
:1083800004460E4606F0800080280AD106F0070059
:1083900000EB800104F1280000EBC10501206870AA
:1083A00009E006F0070000EB800104F5B47000EB73
:1083B000C1050020687006F00700287000BF94F81F
:1083C000A802012801D1022070BD012084F8A80272
:1083D00000BF2946206805F099FC00BF002084F802
:1083E000A80200BF00BFEFE770B504460E4606F0D6
:1083F0000F006168884201D9012070BD06F080003D
:1084000080280AD106F0070000EB800104F1280063
:1084100000EBC1050120687009E006F0070000EBE1
:10842000800104F5B47000EBC105002068700020E5
:10843000A87006F00700287000BF94F8A802012871
:1084400001D10220D9E7012084F8A80200BF294603
:10845000206805F0B7FD00BF002084F8A80200BF27
:1084600000BFCAE72DE9F04105460C46174607F460
:108470008040002850D02868B0F85010207801EBD8
:10848000C000801C296801F5806131F81000C0F33C
:108490000906A069B04203D3A069801BA06101E076
:1084A0000020A061A069A8B900BF22785200296805
:1084B00031F812104BF68F7201EA020080F400507E
:1084C00040F4004141F0800123785B002A6822F8E3
:1084D000131000BF07F04000A8B100BF00BF227812
:1084E0005200296831F8121048F68F7201EA020032
:1084F00040F4004141F0C00123785B002A6822F873
:10850000131000BF00BF002E55D022896169334689
:10851000286806F0CDFB4EE02868B0F850102078AF
:1085200001EBC000801D296801F5806131F8100061
:10853000C0F30906A069B04203D3A069801BA06103
:1085400001E00020A061A069A8B900BF2278520014
:10855000296831F812104BF68F7201EA020080F49C
:10856000005040F4004141F0800123785B002A680C
:1085700022F8131000BF07F04000A8B900BF00BFE9
:1085800022785200296831F8121048F68F7201EAF9
:10859000020040F4004141F0C00123785B002A68EA
:1085A00022F8131000BF00BF2EB162896169334603
:1085B000286806F07DFB3046BDE8F0812DE9F047E4
:1085C00005460C46904608F04000002871D0286807
:1085D000B0F85010207801EBC000801C296801F52C
:1085E000806131F81000C0F30907A069B84203D9CF
:1085F000A069C01BA06101E00020A061A069002863
:108600007ED100BF6078C8B900BF29682A68B2F877
:10861000502011442278022303EBC20201F580634B
:1086200003EB420000BF028848F2FF331A40028089
:10863000028842F40042028000BF13E06078012803
:1086400010D100BF28682A68B2F850201044227860
:10865000022303EBC20200F5806303EB4201002218
:108660000A8000BF00BF00BF2968607810BB00BF50
:108670002B68D5F800C0BCF850C0634494F800C023
:108680004FF0060909EBCC0C03F5806909EB4C00AF
:1086900000BFB0F800C048F2FF390CEA090CA0F89E
:1086A00000C0B0F800C04CF4004CA0F800C000BFFF
:1086B00011E0C0E0607801280DD12868B0F85000C2
:1086C00001442078062303EBC00001F5806303EB2F
:1086D00040020020108000BF21782846FFF72FFEBF
:1086E00008F48040002816D000BF00BF2278520056
:1086F000296831F8121048F68F7201EA020000E092
:108700000AE040F4004141F4814123785B002A688B
:1087100022F8131000BFCAE108F48040A8B100BFDE
:1087200000BF22785200296831F8121048F68F7283
:1087300001EA020040F4004141F4814223785B00E9
:10874000296821F8132000BF00BF94F824000128F5
:10875000E1D1606938446061E0693844E0612169D1
:10876000206A884204D32669206A801B20620BE0BD
:10877000206A20B93E46002084F8240004E000204E
:1087800084F82400266A206200BF6078B8BB00BF6E
:108790002A682968B1F850100A442178022303EBB3
:1087A000C10102F5806303EB4101084600BF56B9E1
:1087B000038848F2FF3C03EA0C030380038843F478
:1087C0000043038019E03E2E0BD800BF710806F06D
:1087D000010303B1491C4FF6FF7303EA81230380B1
:1087E0000BE000BF710906F01F0303B9491E4FF4E7
:1087F000004343EA8123038000BF00BF13E0FFE78B
:10880000607801280FD100BF28682A68B2F850208C
:1088100010442278022303EBC20200F5806303EBCD
:1088200042010E8000BF00BFB3B22289616928688F
:1088300006F06DFA3BE12868B0F85010207801EBA3
:10884000C000801D296801F5806131F81000C0F377
:108850000907A069B84203D3A069C01BA06101E069
:108860000020A061A06900287DD100BF6078C8B950
:1088700000BF29682A68B2F85020114422780223E8
:1088800003EBC20201F5806303EB420000BF0288E4
:1088900048F2FF331A400280028842F4004202800C
:1088A00000BF13E06078012810D100BF28682A6853
:1088B000B2F8502010442278022303EBC20200F5E4
:1088C000806303EB420100220A8000BF00BF00BFAB
:1088D0002968607808BB00BF2B68D5F800C0BCF8D9
:1088E00050C0634494F800C04FF0060909EBCC0C6B
:1088F00003F5806909EB4C0000BFB0F800C048F2F6
:10890000FF390CEA090CA0F800C0B0F800C04CF424
:10891000004CA0F800C000BF10E0607801280DD125
:108920002868B0F8500001442078062303EBC0000B
:1089300001F5806303EB40020020108000BF217826
:108940002846FFF7FCFC08F48040002816D100BF41
:1089500000BF22785200296831F8121048F68F7251
:1089600001EA020000E00AE040F4004141F48141E4
:1089700023785B002A6822F8131000BF97E008F400
:108980008040A8B900BF00BF22785200296831F8A2
:10899000121048F68F7201EA020040F4004141F4DF
:1089A000814123785B002A6822F8131000BF00BFC2
:1089B00094F8240001287AD1606938446061E06944
:1089C0003844E0612169206A884204D32669206A1C
:1089D000801B20620BE0206A20B93E46002084F80C
:1089E000240004E0266A0020206284F8240000BFEE
:1089F0002A68607890BB00BFD5F800C02968B1F83C
:108A000050108C4421784FF0060909EBC1010CF598
:108A1000806909EB4101084600BF76B9B0F80090C3
:108A200048F2FF3A09EA0A09A0F80090B0F800906D
:108A300049F40049A0F8009020E03E2E0FD800BF76
:108A4000710806F00109B9F1000F00D0491C4FF67A
:108A5000FF7909EA8129A0F800900FE010E000BF3B
:108A6000710906F01F09B9F1000F00D1491E4FF43A
:108A7000004949EA8129A0F8009000BF00BF0FE03B
:108A8000607801280CD12868B0F8500002442078A2
:108A9000062101EBC00002F5806101EB40031E805E
:108AA00000BFB3B262896169286806F030F900BF7F
:108AB00022785200296831F8121048F6BF7201EA94
:108AC000020080F0100080F0200040F4004141F0EE
:108AD000800123785B002A6822F8131000BF002071
:108AE000BDE8F087024601F0070000EB800302F5C5
:108AF000B47000EBC300C06970472DE9F04705462C
:108B00000E4690461F464FF0000906F08000802870
:108B10000AD106F0070000EB800105F1280000EB08
:108B2000C1040120607009E006F0070000EB80013D
:108B300005F5B47000EBC1040020607006F007007A
:108B40002070C4F81080E770607808B12078E08168
:108B5000022F01D10020207100BF95F8A802012842
:108B600002D10220BDE8F087012085F8A80200BFED
:108B70002146286804F0A0FE00BF002085F8A80266
:108B800000BF4846EEE72DE9F04105460E46174680
:108B9000984606F0070000EB800105F5B47000EB85
:108BA000C1046761C4F818800020E061607006F0BD
:108BB0000700207006F0070020B92146286805F05C
:108BC0009CFA03E02146286805F097FA0020BDE8EA
:108BD000F08170B504460D4605F0070061688842D3
:108BE00001D9012070BD05F0800080280AD105F070
:108BF000070000EB800104F1280000EBC106012012
:108C0000707007E005EB850104F5B47000EBC10658
:108C1000002070700120B07005F00700307000BFB8
:108C200094F8A802012801D10220DBE7012084F892
:108C3000A80200BF3146206805F031FA05F00700B0
:108C400020B904F52C71206805F0B9F900BF0020A7
:108C500084F8A80200BF00BFC4E72DE9F041054633
:108C60000E4690461F4606F0070000EB800105F116
:108C7000280000EBC104C4F81480A761012084F827
:108C8000240027620020E0610120607006F00700E8
:108C9000207006F0070020B92146286805F02DFA5B
:108CA00003E02146286805F028FA0020BDE8F0819D
:108CB0007FB50446206805F0F7FF00F40040B0F5EA
:108CC000004F02D1204602F017FC206805F0ECFFAF
:108CD00000F48060B0F5806F0FD12068B0F84400D8
:108CE0004FF6FF3108402168A1F84400204600F00B
:108CF0009FF90021204600F0BBF9206805F0D4FF61
:108D000000F48040B0F5804F08D12068B0F84400EE
:108D10004BF6FF7108402168A1F84400206805F077
:108D2000C3FF00F40050B0F5005F08D12068B0F830
:108D300044004DF6FF7108402168A1F84400206806
:108D400005F0B2FF00F48050B0F5805F1DD12068BF
:108D5000B0F840004FF6FB7108402168A1F84000D0
:108D60002068B0F840004FF6F77108402168A1F87C
:108D70004000204600F06EF92068B0F844004EF63E
:108D8000FF7108402168A1F84400206805F08CFFBD
:108D900000F40060B0F5006F55D1002507E06900D0
:108DA000206830F811002DF81500681CC5B2082D98
:108DB000F5D32068B0F8400040F001002168A1F828
:108DC00040002068B0F840004FF6FE71084021686E
:108DD000A1F8400000BF2068B0F8440000F48060B3
:108DE0000028F8D02068B0F844004FF6FF31084062
:108DF0002168A1F84400002507E03DF815006A004D
:108E0000216821F81200681CC5B2082DF5D320682E
:108E1000B0F8400040F008002168A1F84000206848
:108E2000B0F844004FF2FF7108402168A1F84400F7
:108E30002068B0F8400040F004002168A1F840002C
:108E4000204600F057F9206805F02EFF00F400706E
:108E5000B0F5007F0BD12068B0F844004FF6FF5109
:108E600008402168A1F84400204600F0FAF8206884
:108E700005F01AFF00F48070B0F5807F08D12068FB
:108E8000B0F844004FF6FF6108402168A1F84400A3
:108E90007FBD30B585B0044614B9012005B030BDA2
:108EA00094F8A90228B9002084F8A802204600F00E
:108EB0009DF8032084F8A902206805F076F81422B2
:108EC00004F110016846FCF73DFD94E80F0004F042
:108ED00019FF20B1022084F8A9020120DEE7002159
:108EE000206805F00AFF002531E0012105EB85022D
:108EF00004F1280000EBC200417005EB850104F18C
:108F0000280000F8315005EB850100EBC100C58158
:108F1000002105EB850204F1280000EBC200C170BE
:108F200005EB850204F1280000EBC200016105EBAE
:108F3000850204F1280000EBC200416105EB8502C7
:108F400004F1280000EBC2008161681CC5B26068B2
:108F5000A842CAD800252AE0002105EB850204F5C5
:108F6000B47000EBC200417005EB850104F5B470EC
:108F700000F83150002105EB850200EBC200C17002
:108F800005EB850204F5B47000EBC200016105EB4E
:108F9000850204F5B47000EBC200416105EB850267
:108FA00004F5B47000EBC2008161681CC5B2606852
:108FB000A842D1D8142204F110016846FCF7C2FC83
:108FC00094E80F0004F0E6FF20B1022084F8A90223
:108FD000012063E7002084F82400012084F8A9021E
:108FE000206804F0D4FF002058E7000038B504469C
:108FF0000D492068884215D100BF0C48C06940F473
:1090000000000A49C8610846C06900F400000090E9
:1090100000BF00BF002211461420FFF71BF91420E7
:10902000FFF708F938BD0000005C00400010024066
:1090300070B504460125A068022801D0FDF760FD47
:109040002946D4F8E80204F00DF9D4F8E80204F057
:10905000BFF870BD10B50446D4F8E80204F0E6F895
:1090600010BD10B50446D4F8E80204F0EAF810BDCB
:1090700070B504460D4600BF94F8A802012801D13E
:10908000022070BD012084F8A80200BF84F824509B
:109090002946206805F034FE00BF002084F8A802AD
:1090A00000BF00BFEDE710B5044604F52C71D4F8FD
:1090B000E80204F0EEF810BD10B5044600BF94F8C5
:1090C000A802012801D1022010BD012084F8A802C5
:1090D00000BF206805F0D6FD01212046FFF72EF9DC
:1090E000206804F051FF00BF002084F8A80200BFF0
:1090F00000BFE9E710B50446D4F8E80204F022F90D
:10910000A06928B10348006840F0060001490860E2
:1091100010BD000010ED00E0012001490862704719
:1091200000000E422DE9F04385B006463BA30FCB6D
:1091300001AC0FC43DA0006800904FF0000800256E
:1091400000270024A146012E30D0022E55D0102E2B
:109150005ED137484468006800F0807000B301A811
:10916000C4F38341475C04F4803070B130484068F8
:10917000C0F340401DF8008004F4803040B12D4819
:10918000B0FBF8F000FB07F502E02B4807FB00F509
:109190002748406800F48000B0F5800F01D1A9464F
:1091A00003E068000321B0FBF1F932E02048046AD3
:1091B00004F44070B0F5807F05D104F0020010B1D6
:1091C0004FF4004918E004F44070B0F5007F07D177
:1091D0001748406A00F0020010B149F640490BE020
:1091E00004F44070B0F5407F06D11148006800F4E7
:1091F000003008B14FF224490BE000F09BF90C4914
:109200004968C1F38131491C4900B0FBF1F900E024
:1092100000BF00BF484605B0BDE8F0830203040567
:10922000060708090A0B0C0D0E0F101001020000B2
:109230000010024000127A0000093D00F8B5044613
:1092400000260025207800F0010000286BD00027C0
:109250004348C06900F0805070B900BF4048C06901
:1092600040F080503E49C8610846C06900F0805017
:10927000009000BF00BF01273A48006800F48070EA
:10928000B0B93848006840F4807036490860FEF78D
:109290002BFF064606E0FEF727FF801B642801D956
:1092A0000320F8BD2F48006800F480700028F2D039
:1092B0002B48006A00F440752DB3A08800F440707C
:1092C000A84220D02648006A20F440750120264993
:1092D0000860002008602248056205F0010090B196
:1092E000FEF702FF064608E0FEF7FEFE801B41F295
:1092F0008831884201D90320D3E71948006A00F079
:1093000002000028F0D01648006A20F4407061681E
:10931000084313490862012F04D10846C06920F0B0
:109320008050C86100BF207800F00200022807D1F9
:109330000B48406820F44040A16808430849486051
:10934000207800F01000102807D10548406820F46C
:109350008000E1680843024948600020A1E700005E
:10936000001002400070004040044242704700007C
:1093700070B504460D460CB9012070BD5A4800680E
:1093800000F00700A8420ED25748006820F00700FE
:109390002843554908600846006800F00700A842C5
:1093A00001D00120E9E7207800F0020002281DD159
:1093B000207800F00400042805D14C48406840F4AF
:1093C000E0604A494860207800F00800082805D18C
:1093D0004648406840F4605044494860434840680B
:1093E00020F0F000A168084340494860207800F070
:1093F000010078B36068012806D13C48006800F499
:10940000003090B90120B8E76068022806D13748DB
:10941000006800F0007040B90120AEE733480068F2
:1094200000F0020008B90120A7E73048406820F0AA
:109430000300616808432D494860FEF755FE064663
:1094400009E0FEF751FE801B41F28831884202D9C3
:10945000032092E707E02548406800F00C006168AF
:10946000B0EB810FEDD12048006800F00700A84262
:109470000ED91D48006820F0070028431A490860EB
:109480000846006800F00700A84201D0012074E7F8
:10949000207800F00400042807D11448406820F424
:1094A000E060E168084311494860207800F0080056
:1094B000082808D10D48406820F46050216940EA2E
:1094C000C1000A49486000F045F808494968C1F3FD
:1094D0000311074A515CC840064908600648006805
:1094E000FEF758FE002048E700200240001002402E
:1094F0007C0B010804010020EC0000200120014940
:10950000C86470470000424201480068704700008C
:109510000401002000B5FFF7F7FF04494968C1F3D3
:109520000221034A515CC84000BD00000010024007
:109530008C0B010800B5FFF7E7FF04494968C1F348
:10954000C221034A515CC84000BD00000010024027
:109550008C0B0108F0B585B00FF26C0C9CE8E010A4
:1095600001A8A0E8E0101CA52D68009500210022AC
:10957000002300240020194D696801F00C05F5B1A5
:10958000042D02D0082D19D101E0154819E001ADD4
:10959000C1F38346AC5D01F4803555B10F4D6D6864
:1095A000C5F340451DF805200D4D6543B5FBF2F3AD
:1095B00002E00C4D04FB05F3184602E000BF08482A
:1095C00000BF00BF05B0F0BD02030405060708098F
:1095D0000A0B0C0D0E0F10100102000000100240CB
:1095E00000127A0000093D0010B50648806800F0BE
:1095F0008000802804D1FFF7B9FE802001498872DD
:1096000010BD000000100240F8B504460CB901205E
:10961000F8BD207800F00100002878D0F8484068B4
:1096200000F00C0004280CD0F548406800F00C0055
:10963000082811D1F248406800F48030B0F5803F2E
:109640000AD1EF48006800F4003000285FD060685D
:1096500000285CD10120DBE700BF6068B0F5803FE7
:1096600006D1E748006840F48030E549086028E00A
:10967000606858B9E248006820F48030E04908602A
:109680000846006820F4802008601AE06068B0F5A1
:10969000A02F0BD1DA48006840F48020D849086038
:1096A0000846006840F4803008600AE0D44800684A
:1096B00020F48030D24908600846006820F48020F9
:1096C000086000BF606888B1FEF70EFD054606E041
:1096D000FEF70AFD401B642801D9032098E7C8481B
:1096E000006800F400300028F2D010E0FEF7FCFC27
:1096F000054606E0FEF7F8FC401B642801D903206C
:1097000086E7BF48006800F400300028F2D12078D6
:1097100000F00200022857D1B948406800F00C0060
:1097200050B1B748406800F00C00082818D1B44880
:10973000406800F4803098B9B148006800F0020039
:1097400020B12069012801D0012061E7AC48006800
:1097500020F0F800616940EAC100A949086033E0DF
:109760002069E8B10120A7490860FEF7BDFC054665
:1097700006E0FEF7B9FC401B022801D9032047E7A9
:109780009F48006800F002000028F2D09C48006862
:1097900020F0F800616940EAC1009949086013E0CF
:1097A000002098490860FEF79FFC054606E0FEF79A
:1097B0009BFC401B022801D9032029E79048006840
:1097C00000F002000028F2D1207800F008000828FC
:1097D0002DD1A069B8B101208B490860FEF784FC47
:1097E000054606E0FEF780FC401B022801D9032055
:1097F0000EE78348406A00F002000028F2D0012002
:1098000002F0B8F813E000207F490860FEF76CFC16
:10981000054606E0FEF768FC401B022801D903203C
:10982000F6E67748406A00F002000028F2D120787E
:1098300000F00400042873D100277148C06900F0CB
:10984000805070B900BF6E48C06940F080506C49CC
:10985000C8610846C06900F08050009000BF00BF9A
:1098600001276A48006800F48070B0B96748006852
:1098700040F4807065490860FEF736FC054606E056
:10988000FEF732FC401B642801D90320C0E65F4884
:10989000006800F480700028F2D000BFE068012862
:1098A00006D15748006A40F001005549086227E098
:1098B000E06858B95248006A20F001005049086237
:1098C0000846006A20F00400086219E0E0680528F4
:1098D0000BD14B48006A40F0040049490862084631
:1098E000006A40F0010008620AE04548006A20F082
:1098F0000100434908620846006A20F0040008623B
:1099000000BFE068A0B1FEF7EFFB054609E0FEF7F7
:10991000EBFB401B41F28831884202D9032077E6F5
:1099200022E03748006A00F002000028EFD012E081
:10993000FEF7DAFB054608E0FEF7D6FB401B41F2D6
:109940008831884201D9032062E62D48006A00F080
:1099500002000028F0D1012F05D12948C06920F06C
:1099600080502749C86100BFE069C8B324484068F7
:1099700000F00C00082860D0E069022848D10020DF
:1099800020490866FEF7B0FB054606E0FEF7ACFB93
:10999000401B022801D903203AE61948006800F06C
:1099A00000700028F2D1206AB0F5803F07D114483A
:1099B000406820F40030A168084311494860D4E9A8
:1099C000080108430E49496821F4741108430C4901
:1099D000486001200B490866FEF786FB054607E054
:1099E0003DE0FEF781FB401B022801D903200FE672
:1099F0000348006800F000700028F2D02FE000005B
:109A000000100240000042428004424200700040C8
:109A1000002014490866FEF767FB054606E0FEF7DE
:109A200063FB401B022801D90320F1E50E480068C2
:109A300000F000700028F2D111E0E069012800D1A7
:109A4000E6E50948466806F48031206A814204D17F
:109A500006F47011606A814201D00120D8E500202F
:109A6000D6E5000000004242001002402DE9F04718
:109A700080460E469246002500270024A146404617
:109A800001F0D1FF81462548B9FBF0F42448006875
:109A9000A04240D02248046040F2B2750EE0284651
:109AA00005F0D0FF012806D1B4F5B77F02D3A4F5A5
:109AB000B77402E005E0A4F26D146D1CB4F5B67F36
:109AC000EDD800BF2F46A5F5FA60F070002515E02F
:109AD000012D09D1384605F0B5FF012804D11D2C10
:109AE00001D31D3C09E00BE00E48405DA04203D8C5
:109AF0000C48405D241A00E002E06D1C1C2CE7D2EB
:109B000000BF681C7070601CB070B2787178F0781B
:109B100001F0A3FF30700020BDE8F0878051010004
:109B200000010020700B01082DE9F04707460C46A4
:109B300091460026B046002538684068C0F3800092
:109B400010B10120BDE8F087384601F06CFF0646F1
:109B50004FF46160B6FBF0F5B6FBF0F100FB11606D
:109B60003C21B0FBF1F060704FF46160B6FBF0F1A6
:109B700000FB11603C21B0FBF1F201FB1200A07070
:109B80001820B5FBF0F100FB11502070182D08D300
:109B90001820B5FBF0F8B5FBF0F100FB1150207078
:109BA00000E025700020CDE770B5044600250CB913
:109BB000012070BD607C20B900202074204600F098
:109BC0005BF802206074204600F085F918B104208B
:109BD00060740120EDE7204601F0EBFE18B104208F
:109BE00060740120E5E72068406820F007002168E4
:109BF0004860A06828B11F48006820F001001D4996
:109C000008601C48001F006820F46070A1680843C9
:109C10001849091F08606068401C08B1656809E0C0
:109C20000120FFF77FFA05461DB90420607401206A
:109C3000BFE76D1E2068806820F00F0040EA1540E5
:109C4000216888602068C06865F30F002168C860DB
:109C5000204601F0CBFE18B1042060740120A8E773
:109C60000021E17301216173A17301206074002060
:109C70009FE70000306C004038B504460B4920686F
:109C8000884212D1FFF748FA00BF0948C06940F086
:109C900000600749C8610846C06900F00060009094
:109CA00000BF00BF01200349086038BD0028004004
:109CB000001002403C0442422DE9F04F87B00646B6
:109CC0000F464FF0000900200690804600240590C2
:109CD00004900390824600BF48A207CA8DE807009F
:109CE000304601F0A0FE81464FF46160B9FBF0F010
:109CF00006904FF46160B9FBF0F100FB11903C213C
:109D0000B0FBF1F0C0B204904FF46160B9FBF0F128
:109D100000FB11903C21B0FBF1F201FB120003901B
:109D200018210698B0FBF1F201FB12000590F878BB
:109D300000F5FA6840F63300804500D9804640F2CD
:109D4000B270804500D2804640F2B2750AE02846E3
:109D500005F078FE012802D12B48044401E02B488D
:109D600004446D1C4545F2D397F801A0404605F028
:109D700069FE012804D1BAF1020F01D92448044434
:109D8000AAF1010A002507E01DF8050040F2A32111
:109D9000484304EBC0146D1C5545F5D397F802B049
:109DA000ABF1010040F2A321484304EBC014059835
:109DB000C0EB4011C1EB002004EB00140498C0EB91
:109DC000001004EB80040398044400BF307C012899
:109DD00003D1022007B0BDE8F08F0120307400BF2E
:109DE000022070742146304601F079FE0120707423
:109DF00000BF0020307400BF00BFEBE71F1C1F1E18
:109E00001F1E1F1F1E1F1E1F0085E2018033E10160
:109E1000805101002DE9F05F04460D469046002672
:109E20000027B146B246204601F0FDFD07464FF43B
:109E30006160B7FBF0F9B9F1180F0AD31820B9FB2C
:109E4000F0FA0AEB4A00C0004FF4616100FB01F731
:109E500000E0002700BF207C012802D10220BDE8DD
:109E6000F09F0120207400BF02206074B8F1000F41
:109E70000BD128784FF4616148436978C1EB011137
:109E800000EB8100A978461812E0287801F086FDE1
:109E90004FF4616100FB01FB687801F07FFDC0EBCE
:109EA00000100BEB800BA87801F078FD0BEB00069F
:109EB0003E443146204601F012FE2068406820F002
:109EC0000500216848600120607400BF00202074F4
:109ED00000BF00BFC3E770B5044600250CB90120E0
:109EE00070BD2068406820F0080021684860FEF7D7
:109EF000FBF8054607E0FEF7F7F8401BB0F57A7F60
:109F000001D90320ECE72068406800F00800002831
:109F1000F1D00020E4E710B504460CB9012010BDD3
:109F2000606A38B96068B0F5827F00D105E0002131
:109F3000E16102E00021216161610021A16294F8E8
:109F4000510028B9002084F85000204600F042F863
:109F5000022084F851002068006820F04000216849
:109F60000860A08800F48270218901F4044108434C
:109F7000A18901F400610843217C01F0020108433A
:109F8000217D01F001010843218B01F40071084398
:109F9000217F01F0380108432021095D01F0800193
:109FA0000843218D01F40051084321680860042111
:109FB000A06901EA1040216848602068C06920F467
:109FC00000602168C86100206065012084F85100AC
:109FD0000020A4E710B586B004460020029003904C
:109FE000049005901949206888422DD100BF184877
:109FF000806940F48050164988610846806900F401
:10A000008050019000BF00BF00BF0846806940F04B
:10A01000040088610846806900F00400019000BFD8
:10A0200000BFA0200290022003900320059002A907
:10A030000848FDF7BBFE40200290002003900490EA
:10A0400002A90448FDF7B2FE06B010BD0030014081
:10A0500000100240000801402DE9FF5F04468846D9
:10A0600091461D460E9E012002900020019000BFE7
:10A0700094F85000012803D1022004B0BDE8F09FFD
:10A08000012084F8500000BFFEF72EF8074694F830
:10A0900051B060680390AA46BBF1010F0BD0039842
:10A0A000B0F5827F04D1A06810B9BBF1040F02D0D3
:10A0B00002200190DBE0B8F1000F03D0B9F1000FEE
:10A0C00000D015B901200190D1E094F85100042886
:10A0D00002D0052084F8510000206065C4F8389053
:10A0E000E587A587C4F83080E586A586206460648E
:10A0F0002068006800F04000402805D02068006813
:10A1000040F0400021680860E068B0F5006F4AD177
:10A11000606810B1BAF1010F09D1206B0088216885
:10A12000C860206B801C2063E08E401EE08633E018
:10A130002068806800F00200022810D1E08E70B123
:10A14000029801280BD1206B00882168C860206B21
:10A15000801C2063E08E401EE08600200290206874
:10A16000806800F0010068B1E08F58B12068C068D5
:10A17000A16B0880A06B801CA063E08F401EE0876D
:10A1800001200290FDF7B0FFC01BB04204D3701C49
:10A1900010B1032001906AE0E08E0028C8D1E08F62
:10A1A0000028C5D14AE0606810B1BAF1010F09D1A9
:10A1B000206B007821680873206B401C2063E08EC0
:10A1C000401EE08634E02068806800F0020002282B
:10A1D00010D1E08E70B1029801280BD1206B00786D
:10A1E00021680873206B401C2063E08E401EE086CF
:10A1F000002002902068806800F0010068B1E08FC4
:10A2000058B12068C068A16B0870A06B401CA063A7
:10A21000E08F401EE08701200290FDF765FFC01B24
:10A22000B04201D3701C00B916B9032001901EE0A2
:10A23000E08E0028C7D1E08F0028C4D13A463146CD
:10A24000204601F07FFC20B10120019020206065B4
:10A250000DE0A06850B900BF002000902068C068E1
:10A26000009020688068009000BF00BF00BF012000
:10A2700084F8510000BF002084F8500000BF01980E
:10A28000FBE670B504462546681EB0F1807F01D319
:10A2900001200FE0681E4FF0E02148610F214FF0D0
:10A2A000FF3004F019FF00204FF0E0218861072003
:10A2B0000861002070BD70477047000030B502464D
:10A2C0000B4600BF92F83C00012801D1022030BDAE
:10A2D000012082F83C0000BF022082F83D00106897
:10A2E00044681068816824F070041868044310689A
:10A2F0004460104D1068A8420BD01068B0F1804F38
:10A3000007D00D4D1068A84203D00C4D1068A8422C
:10A3100005D121F080015868014310688160012057
:10A3200082F83D0000BF002082F83C0000BF00BF63
:10A33000CDE70000002C0140000400400008004070
:10A3400010B504460CB9012010BD94F83D0028B9A1
:10A35000002084F83C00204600F026F8022084F813
:10A360003D00211D206801F081FE012084F8460097
:10A3700000BF84F83E0001213F20015540200155D7
:10A380004120015500BF00BF012084F84200432056
:10A390000155442001554520015500BF012084F896
:10A3A0003D000020D0E7000038B504461A49206877
:10A3B000884216D100BF1948C06940F00200174911
:10A3C000C8610846C06900F00200009000BF00BFED
:10A3D000002211461D20FDF73DFF1D20FDF72AFF3D
:10A3E00019E02068B0F1804F15D100BF0B48C0695B
:10A3F00040F001000949C8610846C06900F0010049
:10A40000009000BF00BF002211461C20FDF722FF74
:10A410001C20FDF70FFF38BD000400400010024073
:10A42000014691F83D00012801D00120704702202B
:10A4300081F83D00124B086898420BD00868B0F1D3
:10A44000804F07D00F4B0868984203D00E4B086826
:10A4500098420CD10868806800F00702062A0CD0E8
:10A460000868006840F001000B68186005E00868A3
:10A47000006840F001000B6818600020D6E700007B
:10A48000002C01400004004000080040014691F803
:10A490003D00012801D001207047022081F83D00D5
:10A4A0000868C06840F001000B68D860124B08686B
:10A4B00098420BD00868B0F1804F07D00F4B086866
:10A4C000984203D00E4B086898420CD10868806807
:10A4D00000F00702062A0CD00868006840F001006E
:10A4E0000B68186005E00868006840F001000B6820
:10A4F00018600020D0E70000002C0140000400405C
:10A50000000800402DE9F04104460D4600BF94F8D4
:10A510003C00012802D10220BDE8F081012084F82E
:10A520003C0000BF022084F83D002068866826F0C9
:10A53000770626F47F46206886602868502833D046
:10A540000CDC202850D004DC00284BD0102851D13E
:10A5500049E0302849D040284CD139E060282DD03E
:10A56000702807D0B0F5805F03D0B0F5005F41D10F
:10A570000DE040E0D5E902136A68206801F0B0FD03
:10A580002068866846F077062068866033E0D5E963
:10A5900002136A68206801F0A3FD2068806840F417
:10A5A00080402168886026E0EA686968206801F0D8
:10A5B000ABFD5021206801F09EFD1CE0EA6869684F
:10A5C000206801F0B4FD6021206801F094FD12E0E4
:10A5D000EA686968206801F097FD4021206801F071
:10A5E0008AFD08E000BF00BF00BF2968206801F0B5
:10A5F00082FD00E000BF00BF012084F83D0000BFE5
:10A60000002084F83C0000BF00BF85E7704710B50C
:10A61000044620680069C0F34000D8B12068C068D3
:10A62000C0F34000B0B16FF0020021680861012062
:10A6300020772068806900F0030018B12046FFF7FA
:10A64000E5FF05E0204600F0ADF8204600F0ABF84D
:10A650000020207720680069C0F38000D8B120680E
:10A66000C068C0F38000B0B16FF0040021680861D9
:10A67000022020772068806900F4407018B12046DD
:10A68000FFF7C4FF05E0204600F08CF8204600F0FC
:10A690008AF80020207720680069C0F3C000D8B194
:10A6A0002068C068C0F3C000B0B16FF00800216836
:10A6B0000861042020772068C06900F0030018B109
:10A6C0002046FFF7A3FF05E0204600F06BF8204688
:10A6D00000F069F80020207720680069C0F30010BE
:10A6E000D8B12068C068C0F30010B0B16FF010009E
:10A6F00021680861082020772068C06900F4407054
:10A7000018B12046FFF782FF05E0204600F04AF826
:10A71000204600F048F8002020772068006900F00B
:10A72000010058B12068C06800F0010030B16FF03E
:10A73000010021680861204600F036F820680069B1
:10A74000C0F3C01058B12068C068C0F3C01030B169
:10A750006FF08000216808612046FFF7ACFD20689B
:10A760000069C0F3801058B12068C068C0F3801041
:10A7700030B16FF0400021680861204600F020F8F9
:10A7800020680069C0F3401058B12068C068C0F369
:10A79000401030B16FF02000216808612046FFF7BB
:10A7A0008BFD10BD7047704710B504460349206803
:10A7B000884201D101F074FA10BD0000000400408D
:10A7C00070477047704700002DE9F84F0446206835
:10A7D00005682068C668206847694FF00009CA46C6
:10A7E00005F00F09B9F1000F0AD105F0200038B1CA
:10A7F00006F0200020B1204601F0E2FCBDE8F88F11
:10A80000B9F1000F71D007F0010018B906F490708B
:10A8100000286AD005F0010030B106F4807018B14C
:10A82000206C40F00100206405F0040030B107F016
:10A83000010018B1206C40F00200206405F0020015
:10A8400030B107F0010018B1206C40F00400206422
:10A8500005F0080048B106F0200010B907F001002B
:10A8600018B1206C40F008002064206C68B305F03B
:10A87000200028B106F0200010B1204601F0A0FC15
:10A8800020684069C0F3801A206C00F0080010B9FD
:10A89000BAF1000F22D0204601F067FC2068406921
:10A8A00000F04000B0B12068406920F0400021680D
:10A8B0004861A06B50B15648A16B4863A06BFDF78F
:10A8C00037F910B1A06B416B88470CE02046FFF7C9
:10A8D00079FF08E02046FFF775FF04E02046FFF708
:10A8E00071FF0020206489E7FFE7206B012878D101
:10A8F00005F01000002874D006F01000002870D079
:10A9000000BF002000902068006800902068406828
:10A91000009000BF00BF2068406900F04000C0B355
:10A92000A06B006840681FFA80F8B8F1000F2FD0C4
:10A93000A08D40452CDDA4F82E80A06B80692028D6
:10A940001FD02068C06820F480702168C86020682B
:10A95000406920F00100216848612068406920F0CA
:10A96000400021684861202084F83E0000202063D8
:10A970002068C06820F010002168C860A06BFDF757
:10A98000ABF8A08DE28D801A81B22046FFF719FF47
:10A9900034E7FFE7A08DE18D401A1FFA80F8E08DC3
:10A9A000E8B1B8F1000F1AD02068C06820F49070A8
:10A9B0002168C8602068406920F001002168486172
:10A9C000202084F83E00002020632068C06820F02A
:10A9D00010002168C86041462046FFF7F2FE0DE7EF
:10A9E000FFE705F0800030B106F0800018B1204686
:10A9F00001F0D6FC02E705F0400030B106F040005F
:10AA000018B1204601F0CCFBF8E600BFF6E60000E6
:10AA100057C1000810B504460CB9012010BDA0694B
:10AA200000B100E000BF94F83D0028B9002084F890
:10AA30003C00204600F028F8242084F83D002068DF
:10AA4000C06820F400502168C860204601F02AFC4C
:10AA50002068006920F490402168086120684069FE
:10AA600020F02A00216848612068C06840F4005046
:10AA70002168C86000202064202084F83D0084F80C
:10AA80003E000020CAE7000010B586B00446002052
:10AA900002900390049005905D49206888423FD160
:10AAA00000BF5C48806940F480405A49886108468C
:10AAB000806900F48040019000BF00BF00BF0846DD
:10AAC000806940F0080088610846806900F008004D
:10AAD000019000BF00BF402002900220039003209D
:10AAE000059002A94C48FDF761F9802002900020F2
:10AAF0000390049002A94848FDF758F900BF474960
:10AB0000486840F0E06040F00400486000BF002268
:10AB100011462520FDF79EFB2520FDF78BFB75E0F8
:10AB20003F492068884236D100BF3A48C06940F4A6
:10AB300000303849C8610846C06900F4003001900F
:10AB400000BF00BF00BF0846806940F00400886174
:10AB50000846806900F00400019000BF00BF042097
:10AB60000290022003900320059002A92D48FDF7D2
:10AB70001DF90820029000200390049002A92948A2
:10AB8000FDF714F9002211462620FDF763FB26206D
:10AB9000FDF750FB3AE024492068884236D100BFD7
:10ABA0001C48C06940F480201A49C8610846C06941
:10ABB00000F48020019000BF00BF00BF08468069FC
:10ABC00040F0080088610846806900F008000190A4
:10ABD00000BF00BF081502900220039003200590DB
:10ABE00002A90D48FDF7E2F84FF400600290002042
:10ABF0000390049002A90848FDF7D8F800221146F6
:10AC00002720FDF727FB2720FDF714FB06B010BD1A
:10AC10000038014000100240000C014000000140DB
:10AC200000440040000801400048004070472DE902
:10AC3000F84F04460E46174699464FF0000A94F81E
:10AC40003D0020285AD106B117B90120BDE8F88F80
:10AC500000BF94F83C00012801D10220F6E7012052
:10AC600084F83C0000BF00202064212084F83D00CF
:10AC7000FDF73AFA8246A784E784A068B0F5805FC2
:10AC800004D1206910B90025B04602E035464FF0E6
:10AC9000000800BF002084F83C0000BF1BE05346C2
:10ACA000002280212046CDF8009001F0A9FB08B1D8
:10ACB0000320CBE745B9B8F80000C0F308002168CD
:10ACC000486008F1020803E02878216848606D1C9C
:10ACD000E08C401EE084E08C0028E0D15346002246
:10ACE00040212046CDF8009001F08AFB08B10320F6
:10ACF000ACE7202084F83D000020A7E70220A5E76C
:10AD00007047000006E004A005F008FDFE210A20BF
:10AD100005F0CEF8F7E700007B225265636976659F
:10AD2000223A7B22537461747573223A37307D7DE9
:10AD30000A00000030B59DB004460D467022284937
:10AD400001A8FAF7FFFD332D37D006DC102D0BD00C
:10AD5000122D3AD0142D40D117E0352D1DD0372DAE
:10AD60000BD0392D39D120E0A006010E1D4B01AAD0
:10AD7000602000F0ABF81DB030BDA006010E194BED
:10AD800005AA612000F0A2F8F5E7A006010E154B18
:10AD900009AA602000F09AF8EDE7A006010E114B19
:10ADA0000DAA612000F092F8E5E7A006010E0D4B18
:10ADB00011AA612000F08AF8DDE7A006010E094B18
:10ADC00015AA612000F082F8D5E7A006010E054B18
:10ADD00019AA602000F07AF8CDE70120CBE7000047
:10ADE000940B0108C81C002070B504460D46294686
:10ADF000204600F0EDF870BD70B505460026002431
:10AE000004E000200E490855601CC4B20A2CF8DB8F
:10AE10000B4800F092F808B14E2070BD084800F0D1
:10AE200010F908B94E20F8E7002404E00448005D5A
:10AE30002855601CC4B2042CF8DB0020EDE70000AC
:10AE4000C81C002030B50B46002100BF16E00A24C4
:10AE5000B4EB107F05D9302404EB107403F81140D3
:10AE600005E0412404EB10740A3C03F81140000192
:10AE700000254C00641C1D554C1CE1B29142E6DBE0
:10AE800030BD2DE9FC410446002700210D2004F0CF
:10AE9000DFF8932020702020607001A82346022252
:10AEA000214600900C2000F0F9F806465EB9002516
:10AEB00003E0605D4740681CC5B2042DF9DB605DAE
:10AEC000B84200D002263046BDE8FC812DE9F043AF
:10AED00085B006460F46904699468DF804608DF879
:10AEE0000570002406E018F8041001AAA01C1154F3
:10AEF000601CC4B2062CF6DB002407E019F804102D
:10AF000001AA04F108001154601CC4B2042CF5DB42
:10AF100004A801AB0C2201A900900E2000F0BEF89D
:10AF200005462DB9082000F0F1FD00F0080000B939
:10AF30000225284605B0BDE8F08370B50446082117
:10AF40000846FBF7BFFD2146522000F05CF805469D
:10AF50001DB92046FFF795FF0546284670BD000045
:10AF600010B5012210211848FDF7B8F80022012180
:10AF70001648FDF7B3F80120FCF732FE0122114616
:10AF80001248FDF7ABF80120FCF72AFE00F053F859
:10AF90008D212A2004F05CF83E212B2004F058F883
:10AFA0001E212D2004F054F800212C2004F050F82C
:10AFB0004021152004F04CF83D21112004F048F800
:10AFC000FBF77DFC10BD000000080140000C0140B3
:10AFD0007CB505460C46302020706570A21C02210D
:10AFE0002046FBF73DFD01A82346042221460090A0
:10AFF0000C2000F053F8064616B90198902800D0AE
:10B00000022630467CBD7CB506460C4607210D2045
:10B0100004F01EF8267001A8234601222146009064
:10B020000C2000F03BF8054615B90198102800D017
:10B03000022528467CBD10B50F21012004F008F838
:10B0400010BDF0B585B0074693208DF80400702040
:10B050008DF80500002405E0395D01AAA01C1154FB
:10B06000601CC4B2052CF7DB0DF10B02072101A80F
:10B07000FBF7F6FC04A801AB092201A900900C2003
:10B0800000F00CF805462DB90498182802D19DF857
:10B09000046000E00026304605B0F0BD2DE9FE4F0B
:10B0A0000646884691469A46DDF830B00220029066
:10B0B0000020019000900C2E06D00E2E09D11220F7
:10B0C00001901020009005E0772001903020009042
:10B0D00000E000BF00BF019840F08001022003F0B3
:10B0E000B7FF80210420FBF7EDFC80210A2000F04F
:10B0F000AAFD0021012003F0ABFF002505E018F8B0
:10B100000510092003F0A4FF6D1C4D45F7D331460F
:10B11000012003F09DFF0C2E03D180210D2000F0B3
:10B1200092FD4FF4FA6500BF042000F0EFFC0446E6
:10B130006D1E35B104F0010018B9009820400028B8
:10B14000F2D080210D20FBF7BDFC95B3062000F066
:10B15000DDFC00F01B0068BB00200290019820403D
:10B1600000F0010008B1012002900C2E24D10A2029
:10B1700000F0CCFC04460C2000F0C8FC00F00707EF
:10B180002FB1601E07EBC000CBF8000002E0E0002A
:10B19000CBF8000004B90124102C00DD1024002598
:10B1A00005E0092000F0B2FC0AF805006D1CA5427C
:10B1B000F7D301E0022002900298BDE8FE8F000064
:10B1C00000B585B00020019002900390049000BF6C
:10B1D0003448806940F0100032498861084680692F
:10B1E00000F01000009000BF00BF00BF084680695B
:10B1F00040F0200088610846806900F0200000903F
:10B2000000BF00BF00BF0846806940F004008861AD
:10B210000846806900F00400009000BF00BF00BF36
:10B220000846806940F0080088610846806900F09F
:10B230000800009000BF00BF00224FF4E2611A48EE
:10B24000FCF74CFF002201211848FCF747FF4FF4A0
:10B25000E2600190012002900020039003200490FE
:10B2600001A91148FCF7A2FD0120019002900020E5
:10B2700003900220049001A90C48FCF797FD0022DE
:10B2800008210A48FCF72AFF0820019001200290BB
:10B29000002003900220049001A90448FCF786FDD9
:10B2A00005B000BD0010024000080140000C014044
:10B2B00010B50748074908600620486040F6FF714E
:10B2C00004488160FCF716FF08B1FBF719FC10BDBC
:10B2D000003000400C0900201CB5002001900090B7
:10B2E0000748084908604FF0FF3048604FF480710C
:10B2F00004488160FEF758FC08B1FBF701FC1CBD57
:10B30000002800401809002010B50F480F490860B8
:10B310004FF48270486000210C488160C160016177
:10B3200041614FF4007181612821C16100210162F6
:10B3300041624FF4005181620921C162FEF7EBFDC9
:10B3400008B1FBF7DDFB10BD003001402C090020E7
:10B3500000B587B0002003900490059006900190FE
:10B36000029014481449086040F2DB504860002104
:10B37000114881600121C160002101618161FEF7F6
:10B38000DFFF08B1FBF7BCFB4FF48050039003A92B
:10B390000948FFF7B7F808B1FBF7B2FB00200190AE
:10B3A000029001A90448FEF789FF08B1FBF7A8FB4A
:10B3B00007B000BD000400408409002010B50B4810
:10B3C0000B4908604FF4165048600021084881601E
:10B3D000C16001610C21416100218161C161FFF700
:10B3E00019FB08B1FBF78CFB10BD000000380140D1
:10B3F000CC09002010B50B480B4908604FF4E13030
:10B400004860002108488160C16001610C214161F0
:10B4100000218161C161FFF7FDFA08B1FBF770FB04
:10B4200010BD000000440040100A002010B50B4879
:10B430000B4908604FF4E130486000210848816002
:10B44000C16001610C21416100218161C161FFF78F
:10B45000E1FA08B1FBF754FB10BD000000480040C2
:10B46000540A00201FB50020009001900290039024
:10B470004FF48050009001200190022002900320A0
:10B48000039069461448FCF791FC00224FF4805168
:10B490001148FCF723FE6420FCF7A2FB00220F49B1
:10B4A0000F4801F0ECFC08B1FBF72AFB0D490C48F2
:10B4B00001F07EFF08B1FBF723FB0B49084801F0C0
:10B4C00084F908B1FBF71CFB054802F03BF808B112
:10B4D000FBF716FB1FBD00000008014080000020A4
:10B4E000980A002018010020D800002000BFFEE7C5
:10B4F000FEF77AF800BFFEE72DE9F0470546EAE1DE
:10B500002868B0F844A00AF00F06002E7ED10AF099
:10B510001000B0BB00BF2968098848F60F7201EA25
:10B52000020040F400412A68118000BF05F12804A0
:10B530002868B0F85010207801EBC000801C296802
:10B5400001F5806131F81000C0F30900E061E169A4
:10B5500060690844606100212846FCF7F0FE95F818
:10B5600024000028CBD0A0690028C8D195F8240079
:10B5700040F080002968A1F84C00002085F82400E4
:10B58000A9E1FFE705F5B4742868B0F8008008F475
:10B59000006030B32868B0F85010207801EBC0008C
:10B5A000801D296801F5806131F81000C0F30900A1
:10B5B000E061A18B8BB2E28805F52C71286803F05D
:10B5C00077FB00BF2968098840F68F7201EA020004
:10B5D00040F080012A68118000BF2846FDF763FD16
:10B5E00079E108F40040002889D000BF2968098863
:10B5F00040F68F7201EA020040F080012A68118053
:10B6000000BF2868B0F85010207800E06FE001EB30
:10B61000C000801D296801F5806131F81000C0F379
:10B620000900E061E06990B1606980B1B4F81CC0C4
:10B630001FFA8CF3E2886169286803F039FBE1693D
:10B6400060690844606100212846FCF788FE28688C
:10B65000008800F40060002892D100BF2A682968A1
:10B66000B1F850100A4402F20C41084600BF2369A9
:10B6700053B9038848F2FF3C03EA0C0303800388B4
:10B6800043F4004303801EE023693E2B0DD800BF26
:10B6900023695908237C03F0010303B1491C4FF6C9
:10B6A000FF7303EA812303800DE000BF236959097A
:10B6B000237C03F01F0303B9491E4FF4004343EA00
:10B6C0008123038000BF00BF00BF00BF2968098835
:10B6D0004BF68F7201EA020080F4805080F4005033
:10B6E00040F4004141F080012A681180F3E07100CC
:10B6F000286830F8118008F4004000287ED000BF90
:10B700007200296831F8121040F68F7201EA0200C7
:10B7100040F0800173002A6822F8131000BF06EB86
:10B72000860105F5B47000EBC104207BB0B9286830
:10B73000B0F85010207801EBC000801D296801F599
:10B74000806131F81000C0F30907002F5BD0E28858
:10B7500061693B46286803F0ABFA54E0E0780228C0
:10B7600006D1424621462846FCF77CFE07464AE0C1
:10B7700000BF00BF22785200296831F8121048F645
:10B780008F7201EA020040F4004141F0C0012378C9
:10B790005B002A6822F8131000BF00BF217849001F
:10B7A000286830F8110000F48040A8B12868B0F88B
:10B7B0005010207801EBC000801C296801F58061E1
:10B7C00031F81000C0F30907EFB1228961693B46E7
:10B7D000286803F06DFA16E02868B0F85010207859
:10B7E00001EBC000801D296801F5806131F810006F
:10B7F000C0F309073FB16289616900E017E03B4689
:10B80000286803F055FAE0693844E061606938441B
:10B810006061A06910B12069B84204D92178284636
:10B82000FCF79DFD03E02146286802F066FC08F065
:10B830008000B0B306EB860105F1280000EBC104DF
:10B8400000BF7200296831F8121048F60F7201EA41
:10B85000020040F4004173002A6822F8131000BF70
:10B86000E078032807D0E07828B1E07802282DD1CD
:10B8700008F4807050BB2868B0F85010207801EBB5
:10B88000C000801C296801F5806131F81000C0F308
:10B890000909A069484505D9A069A0EB0900A06184
:10B8A00002E018E00020A061A06920B921782846B4
:10B8B000FCF745FD0FE0606948446061E069484479
:10B8C000E0612146286802F018FC04E04246214667
:10B8D0002846FCF773FE2868B0F8440000F40040E6
:10B8E00000287FF40DAEBDE8F087704710B5022444
:10B8F00005E00A49081904F0E9FD601CC4B20748D4
:10B900004078401CA042F4DA05A004F007FF4FF491
:10B9100016710248FAF72FF8002010BD82040020AB
:10B920007B2252656365697665223A7B2253746196
:10B93000747573223A32362C2254797065223A2279
:10B94000506F735472616E73616374696F6E227DA0
:10B950007D0A000001B582B06420012301AA02A97A
:10B9600000900348FEF778FB9DF804000EBD000030
:10B970002C09002008B508490968C9084FF47A72F3
:10B98000B1FBF2F14143009100BF00BF00994A1E94
:10B9900000920029F9D108BD04010020014600BF32
:10B9A000080900EB8000420001F00F001044C0B213
:10B9B000704770B504460025FCF796FB054607E086
:10B9C000FCF792FB401BB0F57A7F01D9032070BDD4
:10B9D0002068406800F020000028F1D0206840680E
:10B9E00040F01000216848600020F0E770B5044680
:10B9F00000252068406820F0100021684860FCF7AE
:10BA000073FB054607E0FCF76FFB401BB0F57A7F40
:10BA100001D9032070BD2068406800F02000002894
:10BA2000F1D00020F6E730B50146002200230024C3
:10BA300000200D68AD69AAB20D68ED69ACB20D6861
:10BA4000AD69ABB29A4205D00D68ED6963F31F454D
:10BA5000284601E044EA024030BDF0B504460B46FA
:10BA60000021002504F5FA61032B1BD2C3EBC300B0
:10BA700000EB03100926B0FBF6F01044001D461839
:10BA8000481E06EB90066427B0FBF7F0361A481EF6
:10BA9000BF00B0FBF7F030440726B0FBF6F706FB1B
:10BAA00017051AE0C3EBC30000EB03100926B0FB37
:10BAB000F6F01044001D084400EB91006426B1FB31
:10BAC000F6F6801B4FF4C876B1FBF6F63044801EC4
:10BAD0000726B0FBF6F706FB1705E8B2F0BD70B518
:10BAE00004460D4600262046FFF763FF08B10126F5
:10BAF0000AE0280C21688861A8B22168C861204644
:10BB0000FFF774FF00B10126304670BD70B50446E2
:10BB1000002210210A48FCF7E1FA7E2101EA4401E3
:10BB200041F08000FFF716FF0020FFF713FF0546E6
:10BB3000012210210248FCF7D1FA284670BD00000E
:10BB400000080140F8B504460D4616462B46002273
:10BB500080212046009600F009F828B1606D40F081
:10BB6000200060650320F8BD0020FCE72DE9F84FB8
:10BB700004460D4690461E46DDF82890FCF7B4FAC0
:10BB8000A0EB0900371AFCF7AFFA82462C48006890
:10BB9000C0F3CB307843009045E0701C002842D0C1
:10BBA000FCF7A2FAA0EB0A00B84200D2A7BB2068BB
:10BBB000406820F0E000216848606068B0F5827F4E
:10BBC0000DD1A068B0F5004F03D0A068B0F5806F2C
:10BBD00005D12068006820F0400021680860A06A54
:10BBE000B0F5005F0DD100BF2068006820F4005060
:10BBF000216808602068006840F4005021680860EF
:10BC000000BF012084F8510000BF002084F85000DC
:10BC100000BF0320BDE8F88FFFE7009800B90027B8
:10BC20000098401E0090206880682840A84201D1FA
:10BC3000012000E000204045AFD10020EAE70000ED
:10BC400004010020704770B505460C462846FFF7F2
:10BC50005DFF064646EA0401284603F0F9F970BD87
:10BC60000146012901DB012070470120024A02EB55
:10BC7000411290700020F7E7681C002070B5044660
:10BC80000D4629462046FCF721FA70BD70B50446E2
:10BC90000D461646324629462046FCF71FFA70BD6F
:10BCA00070B500F0F9F80546002411E0164800EBE5
:10BCB0004410C07F15490978884208D145FA04F23A
:10BCC00002F00101104A02EB441000F0ABF8641CD2
:10BCD000012CEBDB0D48007848B9002405E00A4947
:10BCE00001EB441000F01BF9641C012CF7DB074842
:10BCF0000078401C0549087008460078052801DBDB
:10BD00000020087070BD0000681C00201B0200208D
:10BD1000F0B504460D461646059F012C01DB0120B7
:10BD2000F0BD0020254901EB44110870234901EBC7
:10BD300044118871214901EB441148711F4901EBFD
:10BD4000441148811D4901EB441148701B4901EB26
:10BD500044118870194901EB44110871174901EB2E
:10BD60004411C870154901EB4411C871134901EB26
:10BD700044110872124800EB8410104901EB441181
:10BD8000C8600E4800EB441083610C4800EB44107F
:10BD900087830A4800EB44100561084800EB441013
:10BDA00086820020054901EB44118877034901EBA5
:10BDB0004411C877FFF754FF0020B1E7681C00204A
:10BDC000881C002030B503460C46012B01DB012006
:10BDD00030BD134800EB4310007808B10120F7E7AD
:10BDE00000200F4D05EB4315E8710D4800EB4310A3
:10BDF0000272002106E0605C094D05EB4315ED6819
:10BE00006854491C9142F6DB0120054D05EB4315B2
:10BE10002870034D05EB431568700020D8E700003B
:10BE2000681C002010B58278002A33D0827962B96C
:10BE300001B110BD002242718279521C827100232F
:10BE4000C26820324489135524E08279092A14DA21
:10BE5000C26820324389D25C01F001034479A340D7
:10BE60001A43D3B2C2682032448913558279521CD6
:10BE700082714279521C42710CE08279092A09D1FF
:10BE800000228271827729B142891F2A02DA42890F
:10BE9000521C428100BFCCE770B5002600242CE084
:10BEA000184A02EB4412918B164A02EB4412906935
:10BEB000FFF7E4FE0546134800EB44108079B0B963
:10BEC000104800EB4410807F88B985B90E4800788F
:10BED000801C052190FBF1F201FB1200094901EBE6
:10BEE0004411C8770120074901EB4411887705F018
:10BEF0000100A0403043C6B2641C012CD0DB3046A8
:10BF000070BD0000681C00201B02002070B50446B4
:10BF10000D46A18A2A462069FFF7B8FE70BD10B50C
:10BF20000446607800283FD0207958B9012020705D
:10BF30000020E07000212046FFF7E8FF2079401C38
:10BF4000207131E02079092810DAE279E068805C1C
:10BF5000E278104100F001012046FFF7D7FF207979
:10BF6000401C2071E078401CE0701DE02079092819
:10BF700007D101212046FFF7C9FF2079401C20711D
:10BF800012E020790A280FD100202071E079401CAE
:10BF9000E071207AE179884203DD01202070607031
:10BFA00002E000202070607010BD10B5FCF7D2F8E0
:10BFB00010BD00B593B0282109A8F9F7DCFC1421C5
:10BFC00004A8F9F7D8FC002000900190029003909B
:10BFD0000D2009904FF480300A9000200B90012032
:10BFE0000C900D900F9002201090C10311914FF40E
:10BFF000E011129109A8FDF707FB08B1FAF780FDDF
:10C000000F20049002200590002006904FF48060DD
:10C01000079000200890022104A8FDF7A9F908B1B3
:10C02000FAF76EFD112000904FF48070019000200F
:10C0300003906846FDF702F908B1FAF761FDFDF7D4
:10C040005DFA13B000BD0000014802490860704766
:10C050000058000808ED00E010B50348FEF7A4FB07
:10C060000148FEF7D4FA10BD8409002010B502681B
:10C07000184B984208D0B0F1804F05D0164B98422B
:10C0800002D0164B984203D122F070024B681A433B
:10C09000104B984208D0B0F1804F05D00E4B98421B
:10C0A00002D00E4B984203D122F44072CB681A435F
:10C0B00022F080034C6943EA040202608B68C36289
:10C0C0000B688362034B984201D10B690363012320
:10C0D000436110BD002C01400004004000080040F6
:10C0E00030B50C46816821F47F4142EA032525439F
:10C0F0002943816030BD0A46816821F0700142F019
:10C10000070319438160704730B50B461446026A35
:10C11000056A25F001050562816921F0F00141EA17
:10C12000041122F00A021A438161026230BD30B567
:10C130000B461446056A25F0100505628169026AFE
:10C1400021F4704141EA043122F0A00242EA0312D4
:10C150008161026230BD70B505466C6A0020E085E1
:10C16000E0842046FEF72EFB70BD0168C96821F40B
:10C1700090710268D1600168496921F0010102688B
:10C180005161016B012905D10168C96821F01001D5
:10C190000268D160202180F83E10002101637047C1
:10C1A00010B504462068C06820F040002168C860CF
:10C1B000202084F83D002046FEF7A2FD002010BD9F
:10C1C000F8B5044694F83E00222869D1A068B0F57D
:10C1D000805F0CD1206950B90025A66A20684068AC
:10C1E000C0F308003080A06A801CA06215E0A56A38
:10C1F0000026A068B0F5805F03D0A06828B9206948
:10C2000018B920684068287004E02068406800F091
:10C210007F002870A06A401CA062E08D401E80B2A2
:10C22000E085A8BB2068C06820F020002168C860B5
:10C230002068C06820F480702168C8602068406968
:10C2400020F0010021684861202084F83E00206B26
:10C2500001281ED1002020632068C06820F0100053
:10C260002168C8602068006800F0100010280AD11A
:10C2700000BF00200090206800680090206840689F
:10C28000009000BF00BFA18D2046FEF79AFA03E0A0
:10C2900004E02046FEF7CAFC0020F8BD0020FCE7C1
:10C2A0000220FAE770B504462168096921F440517B
:10C2B000E2681143226811612269A1681143626931
:10C2C00041EA02052168C96841F20C6291432943A1
:10C2D0002268D1602168496921F44071A269114343
:10C2E000226851612D4A2168914202D1FDF722F95D
:10C2F00001E0FDF70FF900EBC00101EB00116268EE
:10C300009200B1FBF2F100EBC00202EB0012636895
:10C310009B00B2FBF3F26423B2FBF3F202EBC20325
:10C3200003EB0212A1EB8201322202EB0111642223
:10C33000B1FBF2F101F0F00100EBC00202EB0012E0
:10C3400063689B00B2FBF3F26423B2FBF3F201EBF0
:10C35000021200EBC00101EB001163689B00B1FB0E
:10C36000F3F100EBC00303EB00136668B600B3FB08
:10C37000F6F36426B3FBF6F303EBC30606EB0313F5
:10C38000A1EB8301322303EB01116423B1FBF3F131
:10C3900001F00F0111442268916070BD0038014026
:10C3A000014691F83D00212828D18868B0F5805FCA
:10C3B0000BD1086948B90A6A1088C0F308000B68F5
:10C3C0005860086A801C086205E00B6A581C086205
:10C3D00018780B685860C88C401E80B2C88458B961
:10C3E0000868C06820F080000B68D8600868C068E2
:10C3F00040F040000B68D860002070470220FCE746
:10C400002DE9F04104460D4617469846069E21E068
:10C41000701CF8B12EB1FBF767FEA0EB0800B0422C
:10C4200018D92068C06820F4D0702168C8602068DE
:10C43000406920F0010021684861202084F83D0017
:10C4400084F83E0000BF002084F83C0000BF0320B9
:10C45000BDE8F081206800682840A84201D1012091
:10C4600000E00020B842D3D00020F1E710B50E481C
:10C47000FEF7AAF90C480068006800F020002028A8
:10C4800010D10A4800680A490A4A127888540021E3
:10C49000074A08480078401C115406480078401CA0
:10C4A0000449087010BD0000CC0900200438014088
:10C4B000200200201200002010B51348FEF784F976
:10C4C00011480068006800F0200020281BD10F48A8
:10C4D0000068C1B20E480F4A12688154002102461A
:10C4E0000C480068401C11540A480068401C094967
:10C4F000086009480078012805D108460068182816
:10C5000001D30020086010BD100A00200444004040
:10C510002A020020240000201000002010B50E4840
:10C52000FEF752F90C480068006800F0200020284F
:10C5300010D10A4800680A490A4A12788854002132
:10C54000074A08480078401C115406480078401CEF
:10C550000449087010BD0000540A0020044800403F
:10C56000160700205C0000202DE9F04104460D462E
:10C57000D4F8B862D4F8C072D4F8B80278B305EB36
:10C58000850104F1140000EB8100806808B305EB1D
:10C59000850104F1140000EB810005EB8502816840
:10C5A00007F1280000EBC2000069B1FBF0F200FBCC
:10C5B000121070B9002105EB850204F1140000EBA4
:10C5C0008200816000231A462946204600F0C4FEFE
:10C5D00002E00020C6F814020020BDE8F081FFE769
:10C5E0000220FAE770B504460E46D4F8B852314638
:10C5F000204600F056FDC5F80C02D4F8B80248B148
:10C60000D5F80402D4F8BC12CA6805F50371904746
:10C61000002070BD0220FCE770B504460E460025E0
:10C620008121204600F057FC0021E16201212046D3
:10C6300000F051FC0021C4F86C118221204600F06A
:10C640004AFC00212164D4F8B80250B1D4F8BC12DD
:10C6500048688047D4F8B80201F027F90020C4F8F0
:10C66000B802284670BD70B50546D5F8B842D5F871
:10C67000BC0278B194F80002FF280BD094F8012294
:10C6800094F80002D5F8BC128B6821469847FF2029
:10C6900084F80002002070BD01460A20088001488D
:10C6A000704700000C01002001464320088001482B
:10C6B0007047000094010020014643200880014893
:10C6C00070470000500100200146432008800148C7
:10C6D00070470000D80100202DE9F04104460F46C4
:10C6E0000026207C88B94FF4007302228121204665
:10C6F00000F03EFD0121E1624B020222204600F0E3
:10C7000037FD0121C4F86C110FE040230222812182
:10C71000204600F02DFD0121E16240230222204647
:10C7200000F026FD0121C4F86C11082303228221A8
:10C73000204600F01DFD012121644FF4077001F037
:10C74000B5F8C4F8B802D4F8B80208B901261CE05C
:10C75000D4F8B852D4F8BC12086880470020C5F855
:10C760001402C5F81802207C40B94FF4007301216F
:10C770002046D5F8042200F013FD06E040230121F5
:10C780002046D5F8042200F00BFD3046BDE8F081CC
:10C7900070B50446D4F8B852D4F8B80298B1207CE9
:10C7A00040B94FF4007301212046D5F8042200F06F
:10C7B000F7FC06E0402301212046D5F8042200F0D2
:10C7C000EFFC002070BD0220FCE70246022011B100
:10C7D000C2F8BC12002070470246D2F8B832C3F843
:10C7E00004120020704710B50346D3F8B842C4F8CD
:10C7F0000812C4F81022002010BD2DE9FC410546A6
:10C800000C46D5F8B86200200190009000272078EF
:10C8100000F0600040B320285FD1E088E0B12078CC
:10C8200000F0800060B1E2886078D5F8BC128B68B7
:10C8300031469847E2883146284600F0E6F812E093
:10C84000607886F80002A07986F80102E288314615
:10C85000284600F0B9F806E06078D5F8BC1200224E
:10C860008B68214698473EE0607820B10A2812D0B4
:10C870000B282AD11FE095F89C02032805D102223B
:10C880006946284600F0C1F804E02146284600F039
:10C890008FF802271FE095F89C02032805D101229A
:10C8A00001A9284600F0B1F804E02146284600F02E
:10C8B0007FF802270FE095F89C02032804D0214658
:10C8C000284600F075F8022705E02146284600F0CA
:10C8D0006FF8022700BF00BF05E02146284600F0A0
:10C8E00067F8022700BF00BF3846BDE8FC8170B57D
:10C8F0000546D5F8B842D5F8B802A8B1D4F8140264
:10C9000080B90120C4F81402D4F810122963B4F8D5
:10C91000100283B281212846D4F8082200F01CFDC1
:10C92000002070BD0120FCE70220FAE770B5044644
:10C930000D46D4F8B40229464268204690470020AC
:10C9400070BD70B504460D4694F89C02012804D0D1
:10C95000022803D003280CD101E000BF00BF688883
:10C96000012805D10020C4F8A402204600F05EF89A
:10C9700004E02946204600F01BF800BF00BF70BD50
:10C9800070B506460C4615462B4622460021304619
:10C9900000F006FC002070BD70B506460C4615463A
:10C9A0002B4622460021304600F0D6FC002070BD08
:10C9B00070B504460D468021204600F0A1FC002100
:10C9C000204600F09DFC70BD70B504460E4615462D
:10C9D0000320C4F894024FF4AE700551001D0551B8
:10C9E0002B4632460021204600F0DAFB002070BDC5
:10C9F00010B504460520C4F8940200231A461946CF
:10CA0000204600F0CDFB002010BD70B504460E4658
:10CA100015460220C4F89402E56125622B46324691
:10CA20000021204600F098FC002070BD10B504469F
:10CA30000420C4F8940200231A461946204600F048
:10CA40008BFC002010BD000070B505460C462DB9CA
:10CA50002246064906A000F0D3F904E02246034925
:10CA600003A000F0CDF9014870BD00005C0D00206E
:10CA700043444320436F6E666967000002461220FC
:10CA800008800148704700009C00002070B50546F2
:10CA90000C462DB92246064906A000F0B1F904E083
:10CAA0002246034903A000F0ABF9014870BD000025
:10CAB0005C0D002043444320496E746572666163D7
:10CAC000650000000246042008800148704700000D
:10CAD000B000002070B505460C462246024903A06E
:10CAE00000F08EF9004870BD5C0D00204A6168615D
:10CAF0006E476F737461720070B505460C462DB9B0
:10CB00002246064906A000F07BF904E022460349CC
:10CB100003A000F075F9014870BD00005C0D002015
:10CB20004A6168616E476F73746172506F7274000E
:10CB300070B505460C461A202080FAF7B3FF01486D
:10CB400070BD0000B400002070B504460D46E888B2
:10CB5000012804D029462046FFF72AFF1EE094F85A
:10CB60009C02012804D0022803D0032810D109E038
:10CB700000BF0020A060012204F108012046FFF759
:10CB800044FF0AE00122211D2046FFF73EFF04E09A
:10CB900029462046FFF70CFF00BF00BF70BDF8B567
:10CBA00004460E46002000900027002570880012E1
:10CBB000082875D2DFE800F0C7040C20C7C7A5B568
:10CBC000207CD4F8B0120A68694690470746C1E055
:10CBD000207C40B9D4F8B402816A68468847074689
:10CBE0000220787007E0D4F8B402C16A684688472A
:10CBF000074602207870ADE0B078062878D2DFE8EA
:10CC000000F00316293C5063D4F8B002406838B1F4
:10CC1000207CD4F8B0124A6869469047074605E080
:10CC200031462046FFF7C4FE681CC5B267E0D4F861
:10CC3000B002806838B1207CD4F8B0128A686946A6
:10CC40009047074605E031462046FFF7B1FE681CD5
:10CC5000C5B254E0D4F8B002C06838B1207CD4F832
:10CC6000B012CA6869469047074605E0314620463B
:10CC7000FFF79EFE681CC5B241E0D4F8B00200691F
:10CC800038B1207CD4F8B0120A696946904707464B
:10CC900005E031462046FFF78BFE681CC5B22EE04A
:10CCA00051E0D4F8B002406938B1207CD4F8B01219
:10CCB0004A6969469047074605E031462046FFF736
:10CCC00077FE681CC5B21AE0D4F8B002806940B1A2
:10CCD000207CD4F8B0128A6969469047074606E07E
:10CCE00006E031462046FFF763FE681CC5B206E049
:10CCF00031462046FFF75CFE681CC5B200BF00BF8E
:10CD000028E0207C30B9D4F8B402416B68468847EB
:10CD1000074605E031462046FFF74AFE681CC5B2CB
:10CD200018E0207C40B9D4F8B402016B684688470B
:10CD300007460720787005E031462046FFF738FEA9
:10CD4000681CC5B206E031462046FFF731FE681C7C
:10CD5000C5B200BF00BF05B1F8BDBDF8000088B185
:10CD6000F08878B1F088BDF80010884202DDBDF887
:10CD7000000000E0F0880090BDF800203946204611
:10CD8000FFF743FEF08810B92046FFF74FFE00BFC3
:10CD9000E2E70146002002E0421CD0B2491C0A78BA
:10CDA000002AF9D1704770B504460D4694F89C02EC
:10CDB000012804D0022803D003281AD101E000BFC3
:10CDC00000BFE888022804D029462046FFF7F0FD7E
:10CDD00014E00120E060D4F8A40218B1E06840F04B
:10CDE0000200E060022204F10C012046FFF70DFE74
:10CDF00004E029462046FFF7DBFD00BF00BF70BD01
:10CE00002DE9F04104460D4617460026FCB12046A8
:10CE1000FFF7BFFF022101EB400038803A7830462F
:10CE2000711CCEB22A5403223046711CCEB22A5451
:10CE30000AE014F8012B3046711CCEB22A540022AD
:10CE40003046711CCEB22A5420780028F1D1BDE8BA
:10CE5000F0810146002031B1012906D0022906D017
:10CE6000032908D105E0002007E0022005E00120A9
:10CE700003E0022001E0022000BF00BF704770B550
:10CE800004460D4616460CB9022070BDD4F8B40213
:10CE900010B10020C4F8B4020DB1C4F8B0520120A2
:10CEA00084F89C022670204600F004F90020ECE78C
:10CEB0002DE9F04104460D46002600272946D4F806
:10CEC000C002FBF791FA06463046FFF7C2FF07465D
:10CED0003846BDE8F0812DE9F04104460D460026B4
:10CEE00000272946D4F8C002FBF749FA0646304627
:10CEF000FFF7AFFF07463846BDE8F0812DE9F04166
:10CF000004460E461746002E64D104F11405D4F8E9
:10CF10009402022848D1D5E90301884210D9D5E905
:10CF20000301401AE860A88982B239462046FFF71B
:10CF300033FD00231A461946204600F031F93EE041
:10CF40002969A868B0FBF1F201FB1200B8B92969A0
:10CF5000A868884213D3A868D4F8981288420ED2E1
:10CF6000002211462046FFF717FD0020C4F8980262
:10CF700000231A461946204600F012F91FE0D4F8A3
:10CF8000B402C06840B194F89C02032804D1D4F8DC
:10CF9000B402C168204688478021204600F0B0F9DD
:10CFA0002046FFF725FD0AE0D4F89402042802D0B9
:10CFB000D4F8940218B98021204600F0A1F994F821
:10CFC000A002012818D1204600F0FAF9002084F8C8
:10CFD000A00211E0D4F8B402406950B194F89C0268
:10CFE000032806D1D4F8B40231464269204690475E
:10CFF00002E00220BDE8F0810020FBE72DE9F041CE
:10D0000004460E461746BEBB04F5AA75D4F8940232
:10D01000032825D1D5E90301884210D9D5E90301B8
:10D02000401AE860D5E90301884201D2E86800E0CF
:10D03000286982B239462046FFF7A2FC2FE0D4F8D7
:10D04000B402006940B194F89C02032804D1D4F8DA
:10D05000B4020169204688472046FFF7E7FC1EE03E
:10D06000D4F8940205281AD10020C4F894020021B3
:10D07000204600F045F912E0FFE7D4F8B4028069D9
:10D0800050B194F89C02032806D1D4F8B40231467A
:10D0900082692046904702E00220BDE8F08100202E
:10D0A000FBE770B504460D462946D4F8C002FBF7ED
:10D0B00019FD70BD10B504461D48C0F8E842C4F81B
:10D0C000C0021C481A49086008204860022118481C
:10D0D000816000218161C1610162FBF7DAFE08B164
:10D0E000F9F70EFD04F5307418230022114620686C
:10D0F000FBF702F95823002280212068FBF7FCF897
:10D10000C023002281212068FBF7F6F84FF48873D2
:10D11000002201212068FBF7EFF82068A4F53074A5
:10D120004FF4807300228221FBF7E6F8002010BD47
:10D130002C170020005C004010B50246D2F8C03227
:10D1400001F08000802809D101F07F0000EB80040D
:10D1500003F1280000EBC400807810BD01F07F00CF
:10D1600000EB800403F5B47000EBC4008078F4E7B2
:10D170002DE9F04704460F4615461E464FF00008BD
:10D18000C1462B4632463946D4F8C002FBF7B5FCFF
:10D1900080464046FFF75DFE81464846BDE8F08781
:10D1A0002DE9F04704460D4616461F464FF000088D
:10D1B000C1463B4632462946D4F8C002FBF7E3FCA1
:10D1C00080464046FFF745FE81464846BDE8F08769
:10D1D00010B504464023002211462046FFF7C8FF41
:10D1E00001214FF4AC70015140214FF4B270015154
:10D1F0004023002280212046FFF7BAFF0121A161D0
:10D2000040216162012084F89C020020C4F894024D
:10D210006060C4F8A402D4F8B80228B12179D4F827
:10D22000B402426820469047002010BD014691F8A4
:10D230009C02042803D191F89D0281F89C020020F1
:10D24000704710B5044694F89C02032808D1D4F81E
:10D25000B402C06920B1D4F8B402C169204688473D
:10D26000002010BD02461174002070472DE9F041E6
:10D2700004460D46002600272946D4F8C002FBF7D5
:10D28000F7FE06463046FFF7E4FD07463846BDE8A0
:10D29000F08170B504460D46294604F52A7000F069
:10D2A00073F80120C4F8940240F2AE20005BC4F889
:10D2B000980294F8A80200F01F0020B1012808D0BD
:10D2C000022812D10BE004F52A71204600F041F942
:10D2D00013E004F52A71204600F0A8FA0DE004F5E9
:10D2E0002A71204600F086F907E094F8A80200F0C1
:10D2F0008001204600F004F800BF00BF002070BD90
:10D300002DE9F04104460D46002600272946D4F8B1
:10D31000C002FBF75EFC06463046FFF79AFD074663
:10D320003846BDE8F08170B5044600250026D4F8E3
:10D33000C002FBF7C1FE05462846FFF78AFD0646F8
:10D34000304670BD014691F89C0281F89D02042090
:10D3500081F89C02002070472DE9F04704460D46F5
:10D3600016461F464FF00008C1463B463246294646
:10D37000D4F8C002FBF771FC80464046FFF769FD18
:10D3800081464846BDE8F0870A7802704A784270C4
:10D390008B78CA7803EB022242800B794A7903EB3F
:10D3A000022282808B79CA7903EB0222C280704705
:10D3B0000246002011B1C2F8B41200E0022070470A
:10D3C00001460020704770B504460D46A88810BB82
:10D3D000E88800BB688880281DD2A87800F07F0606
:10D3E00094F89C02032804D129462046FFF7E0FA6E
:10D3F00015E084F89E6231462046FFF737FF20464D
:10D40000FFF714FB1EB1022084F89C0207E0012004
:10D4100084F89C0203E029462046FFF7C9FA70BD54
:10D4200070B504460D460226D4F8B40238B1D4F8DB
:10D43000B402294602682046904700B900263046CB
:10D4400070BD000070B504460D46A87836490870D6
:10D4500008460078012804DD29462046FFF7A8FA8F
:10D4600060E094F89C02022802D003284FD11CE00F
:10D470002D480078A8B12C4800786060032084F81B
:10D480009C02294801782046FFF7CAFF022804D1F0
:10D4900029462046FFF78CFA70BD2046FFF7C6FAF2
:10D4A00002E02046FFF7C2FA3BE01F48007870B95F
:10D4B000022084F89C021C48007860601A480178B9
:10D4C0002046FFF733FA2046FFF7B0FA1EE0164970
:10D4D00009786068884216D021792046FFF726FA3D
:10D4E000114800786060104801782046FFF798FFE7
:10D4F000022804D129462046FFF75AFACCE72046F5
:10D50000FFF794FA02E02046FFF790FA09E0294677
:10D510002046FFF74DFA044801782046FFF706FA47
:10D5200000BF00BF00BFB7E70801002070B5054687
:10D530000C466088012804D1C5F8A4022846FFF7EC
:10D5400075FA70BD10B504462046FFF7ECFE0020CA
:10D5500010BD70B505460C460026207800F060002E
:10D5600060B1202802D040283CD100E000BFD5F8AF
:10D57000B402214682682846904738E060780A283D
:10D5800029D2DFE800F01923281E280A0528140FE5
:10D5900021462846FFF703FB22E021462846FFF7F5
:10D5A00012FF1DE021462846FFF74CFF18E02146F8
:10D5B0002846FFF7C9FA13E021462846FFF7F3FB98
:10D5C0000EE021462846FFF7B1FF09E02146284634
:10D5D000FFF7B7F904E021462846FFF7E9F900BF55
:10D5E00000BF04E021462846FFF7E2F900BF00BF74
:10D5F000304670BD2DE9F04105460E464FF000085B
:10D600003479307800F0600060B1202802D04028E2
:10D6100071D100E000BFD5F8B402314682682846D7
:10D62000904700E1307800F06000202809D1D5F85B
:10D63000B402314682682846904780464046BDE89D
:10D64000F081707800285ED001282FD0032876D191
:10D6500095F89C02022802D0032820D110E054B192
:10D66000802C08D021462846FFF74AFE8021284614
:10D67000FFF746FE03E031462846FFF799F913E02D
:10D68000708840B93CB1802C05D0F08818B921468B
:10D690002846FFF735FE2846FFF7C8F904E0314673
:10D6A0002846FFF785F900BF00BFB5E095F89C025A
:10D6B000022802D003281FD110E054B1802C08D0DA
:10D6C00021462846FFF71CFE80212846FFF718FE5A
:10D6D00003E031462846FFF76BF912E0708848B93D
:10D6E00004F07F0018B121462846FFF7E1FB2846E9
:10D6F000FFF79CF905E091E031462846FFF758F91D
:10D7000000BF00BF88E095F89C02022802D00328E1
:10D7100076D126E034B1802C04D031462846FFF77C
:10D7200047F972E004F08000802809D104F07F00FE
:10D7300000EB800105F1140000EB810008E066E0D9
:10D7400004F07F0000EB800105F5AA7000EB81007A
:10D75000074600203860022239462846FFF755F96F
:10D7600053E004F0800080280ED104F00F0000EB9D
:10D77000800105F1140000EB8100406898B9314642
:10D780002846FFF715F940E004F00F0000EB800198
:10D7900005F5AA7000EB8100406820B931462846A3
:10D7A000FFF706F931E004F08000802808D104F08A
:10D7B0007F0000EB800105F1140000EB810007E021
:10D7C00004F07F0000EB800105F5AA7000EB8100FA
:10D7D00007460CB1802C02D10020386009E02146B8
:10D7E0002846FFF7A9FC10B10120386001E00020B5
:10D7F0003860022239462846FFF707F905E0FFE7BF
:10D8000031462846FFF7D4F800BF00BF04E0314698
:10D810002846FFF7CDF800BF00BF04E03146284698
:10D82000FFF7C6F800BF00BF404608E770B50546E1
:10D830000C460026207800F0600030B1202802D08D
:10D8400040282AD100E000BF00BF95F89C020128C3
:10D8500004D0022803D0032818D101E000BF00BF84
:10D86000207901280DDCD5F8B402214682682846CB
:10D8700090470646E08840B93EB92846FFF7D6F8FB
:10D8800003E021462846FFF793F804E021462846A6
:10D89000FFF78EF800BF00BF04E021462846FFF7DF
:10D8A00087F800BF00BF002070BD704701460148E7
:10D8B00070470000181A0020F0B5024600260878CC
:10D8C000400032F8100048F68F1400EA0403C878CC
:10D8D00030B101280CD0022805D003280BD104E078
:10D8E00043F4007309E000BF07E043F4C06304E0C1
:10D8F00043F4806301E0012600BF00BF43F4004011
:10D9000040F080000C78640022F8140000BF0C780E
:10D91000640032F8144048F68F752C400D7844EAC4
:10D92000050040F4004444F080040D786D0022F8B6
:10D93000154000BF087B00287ED14878002852D0CF
:10D9400000BF1046B2F8505028440D7800F58067AB
:10D9500007EB0514CD886D106D00258000BF00BF5A
:10D960000C78640032F8140000F040048CB100BF61
:10D970000D786D0032F8155048F68F7705EA0704E8
:10D9800044F4004545F0C0050F787F0022F8175099
:10D9900000BF00BFC878012813D000BF0C78640016
:10D9A00032F8144048F6BF7504EA050080F0200004
:10D9B00040F4004444F080040D786D0022F81540D6
:10D9C0009EE100BF0C78640032F8144048F6BF7541
:10D9D00004EA050040F4004444F080040D786D0032
:10D9E00022F815408CE100BF1046B2F85050284490
:10D9F0000D78042707EBC50500F5806707EB4504A4
:10DA0000CD886D106D00258000BF00BF1546B2F8AF
:10DA1000504025440C78062707EBC40405F58067C1
:10DA200007EB4404204600BF0F6967B9078848F236
:10DA3000FF3C07EA0C0700E057E00780078847F43F
:10DA4000004707801EE00F693E2F0DD800BF0F6909
:10DA50007C080F7C07F0010707B1641C4FF6FF77C5
:10DA600007EA842707800DE000BF0F697C090F7C5F
:10DA700007F01F0707B9641E4FF4004747EA8427E1
:10DA8000078000BF00BF00BF00BF0C78640032F801
:10DA9000140000F480448CB100BF0D786D0032F8A2
:10DAA000155048F68F7705EA070444F4004545F41D
:10DAB00081450F787F0022F8175000BF00BF00BFDC
:10DAC0000C78640032F814404BF68F7504EA0500B8
:10DAD00080F4805080F4005040F4004444F080040E
:10DAE0000D786D0022F815400AE100BF0C78640043
:10DAF00032F8144048F68F7504EA050040F40044FB
:10DB000044F4C0740D786D0022F8154000BF00BFCA
:10DB100000BF00BF1046B2F8505028440D7800F501
:10DB2000806707EB05140D896D106D00258000BF1F
:10DB300000BF00BF00BF1046B2F8505028440D7817
:10DB4000042707EBC50500F5806707EB45044D8901
:10DB50006D106D00258000BF00BF00BF4878002811
:10DB60005DD100BF0C78640032F8140000F48044EA
:10DB70008CB100BF0D786D0032F8155048F68F77E4
:10DB800005EA070444F4004545F481450F787F0019
:10DB900022F8175000BF00BF00BF0C78640032F8B5
:10DBA000140000F040048CB100BF0D786D0032F815
:10DBB000155048F68F7705EA070444F4004545F010
:10DBC000C0050F787F0022F8175000BF00BF00BFCC
:10DBD0000C78640032F814404BF68F7504EA0500A7
:10DBE00080F4805080F4005040F4004444F08004FD
:10DBF0000D786D0022F8154000BF00BF0C7864005E
:10DC000032F8144048F6BF7504EA050040F40044B9
:10DC100044F080040D786D0022F8154070E000BFDC
:10DC20000C78640032F8140000F480448CB100BF1A
:10DC30000D786D0032F8155048F68F7705EA070425
:10DC400044F4004545F481450F787F0022F81750D1
:10DC500000BF00BF00BF0C78640032F8140000F071
:10DC600040048CB100BF0D786D0032F8155048F6B5
:10DC70008F7705EA070444F4004545F0C0050F78A6
:10DC80007F0022F8175000BF00BFC878012813D0CA
:10DC900000BF0C78640032F8144048F6BF7504EAFF
:10DCA000050080F0200040F4004444F080040D782A
:10DCB0006D0022F8154011E000BF0C78640032F8C6
:10DCC000144048F6BF7504EA050040F4004444F0EF
:10DCD00080040D786D0022F8154000BF00BF0C785D
:10DCE000640032F814404BF68F7504EA050040F4E6
:10DCF000004444F080040D786D0022F8154000BF08
:10DD00003046F0BD10B50446002010BD30B50246C7
:10DD1000087B00285BD1487860B300BF0B785B00BC
:10DD200032F8130000F040038BB100BF0C786400A0
:10DD300032F8144048F68F7504EA050343F40044B2
:10DD400044F0C0040D786D0022F8154000BF00BFFC
:10DD500000BF0B785B0032F8133048F6BF7403EA5B
:10DD6000040040F4004343F080030C78640022F880
:10DD7000143007E100BF0B785B0032F8130000F4A9
:10DD800080438BB100BF0C78640032F8144048F631
:10DD90008F7504EA050343F4004444F481440D788C
:10DDA0006D0022F8154000BF00BF00BF0B785B007C
:10DDB00032F813304BF68F7403EA040040F400434A
:10DDC00043F080030C78640022F81430DAE04878DD
:10DDD00000286BD100BF0B785B0032F8130000F411
:10DDE00080438BB100BF0C78640032F8144048F6D1
:10DDF0008F7504EA050343F4004444F481440D782C
:10DE00006D0022F8154000BF00BF00BF0B785B001B
:10DE100032F8130000F040038BB100BF0C786400AF
:10DE200032F8144048F68F7504EA050343F40044C1
:10DE300044F0C0040D786D0022F8154000BF00BF0B
:10DE400000BF0B785B0032F8133048F68F7403EA9A
:10DE5000040040F4004343F0C0030C78640022F84F
:10DE6000143000BF00BF0B785B0032F813304BF664
:10DE70008F7403EA040040F4004343F080030C78FD
:10DE8000640022F8143000BF00BF0B785B0032F84A
:10DE9000133048F6BF7403EA040040F4004343F033
:10DEA00080030C78640022F814306BE000BF0B781C
:10DEB0005B0032F8130000F480438BB100BF0C7894
:10DEC000640032F8144048F68F7504EA050343F401
:10DED000004444F481440D786D0022F8154000BFE1
:10DEE00000BF00BF0B785B0032F8130000F0400366
:10DEF0008BB100BF0C78640032F8144048F68F757F
:10DF000004EA050343F4004444F0C0040D786D00B6
:10DF100022F8154000BF00BF00BF0B785B0032F84D
:10DF2000133048F68F7403EA040040F4004343F4CE
:10DF300081430C78640022F8143000BF00BF0B78D6
:10DF40005B0032F8133048F6BF7403EA040040F473
:10DF5000004343F080030C78640022F8143000BFC3
:10DF600000BF0B785B0032F813304BF68F7403EA76
:10DF7000040040F4004343F080030C78640022F86E
:10DF8000143000BF002030BD01460020704701461C
:10DF90000020704710B50446012024F8400F0020EF
:10DFA0002080A0802082403C10BD01464FF43F42BB
:10DFB000B1F840009043A1F84000002070470246AD
:10DFC0000020704730B50246087B002865D14878AC
:10DFD00088B300BF0B785B0032F8130000F04003F9
:10DFE0008BB100BF0C78640032F8144048F68F758E
:10DFF00004EA050343F4004444F0C0040D786D00C6
:10E0000022F8154000BF00BFC878012845D000BFE6
:10E010000B785B0032F8133048F6BF7403EA040053
:10E0200080F0200040F4004343F080030C7864004B
:10E0300022F8143031E0FFE700BF0B785B0032F8C4
:10E04000130000F480438BB100BF0C78640032F8F9
:10E05000144048F68F7504EA050343F4004444F481
:10E0600081440D786D0022F8154000BF00BF00BF4D
:10E070000B785B0032F813304BF68F7403EA040020
:10E0800080F4805080F4005040F4004343F080035B
:10E090000C78640022F8143000BF002030BD10B5A9
:10E0A0000246487898B100BF0B785B0032F8133015
:10E0B00048F6BF7403EA040080F0100040F4004307
:10E0C00043F080030C78640022F8143013E000BFA2
:10E0D0000B785B0032F813304BF68F7403EA0400C0
:10E0E00080F4805040F4004343F080030C786400D7
:10E0F00022F8143000BF002010BD2DE9F04706467D
:10E100000C466078012876D12169A069884201D93E
:10E11000256900E0A569207BA0B9ABB2E288304652
:10E12000616900F0F4FD00BF3046B6F8502010449D
:10E130002278022303EBC20200F5806303EB420165
:10E140000D8081E3E07802287DD12169206A884230
:10E150007AD900BF2178490036F8111048F68F723D
:10E1600001EA020040F4004141F4C07122785200FB
:10E1700026F8121000BF206A401B20622078400061
:10E1800036F8100000F0400000287DD000BF334674
:10E19000607888BB00BF3246B6F850100A44217838
:10E1A0004FF0060909EBC10102F5806909EB410155
:10E1B000084600BF75B9B0F8009048F2FF3A09EA86
:10E1C0000A09A0F80090B0F8009049F40049A0F8BE
:10E1D000009021E03E2D10D800BF690805F001092C
:10E1E000B9F1000F00D0491C4FF6FF7909EA8129E7
:10E1F000A0F8009010E03DE310E000BF690905F0D1
:10E200001F09B9F1000F00D1491E4FF4004949EA36
:10E210008129A0F8009000BF00BF0FE060780128BE
:10E220000CD1B6F8500003442078062101EBC00061
:10E2300003F5806101EB400CACF8005000BF67892A
:10E24000ABB23A4601E057E12CE13046616900F09B
:10E250005EFD6069284460612169206A884203D9B3
:10E26000206A401B206202E0256A0020206200BF75
:10E270006078C0BB00BF3246B6F850100A4421781F
:10E28000022303EBC10100E049E002F5806303EBE8
:10E290004101084600BF55B9038848F2FF3C03EA34
:10E2A0000C030380038843F40043038019E03E2DF0
:10E2B0000BD800BF690805F0010303B1491C4FF6F4
:10E2C000FF7303EA812303800BE000BF690905F0B7
:10E2D0001F0303B9491E4FF4004343EA812303801F
:10E2E00000BF00BF12E0FFE7607801280ED100BF39
:10E2F0003046B6F8502010442278022303EBC202C5
:10E3000000F5806303EB42010D8000BF00BF278949
:10E31000ABB23A463046616900F0F9FC94E200BFC6
:10E320006078B0BB00BF3246B6F850100A4421787E
:10E33000022303EBC10102F5806303EB41010846B0
:10E3400000BF55B9038848F2FF3C03EA0C03038081
:10E35000038843F40043038019E03E2D0BD800BF2F
:10E36000690805F0010303B1491C4FF6FF7303EA86
:10E37000812303800BE000BF690905F01F0303B987
:10E38000491E4FF4004343EA8123038000BF00BFCE
:10E3900012E0FFE7607801280ED100BF3046B6F8E2
:10E3A000502010442278022303EBC20200F5806360
:10E3B00003EB42010D8000BF00BF2789ABB23A4694
:10E3C0003046616900F0A3FC6069284460612169FE
:10E3D000206A884203D9206A401B206202E0256A35
:10E3E0000020206200BF3346607880BB00BF324609
:10E3F000B6F850100A4421784FF0060909EBC10124
:10E4000002F5806909EB4101084600BF75B9B0F813
:10E41000009048F2FF3A09EA0A09A0F80090B0F823
:10E42000009049F40049A0F8009020E03E2D0FD85C
:10E4300000BF690805F00109B9F1000F00D0491CBF
:10E440004FF6FF7909EA8129A0F800900FE010E06B
:10E4500000BF690905F01F09B9F1000F00D1491E7D
:10E460004FF4004949EA8129A0F8009000BF00BF9D
:10E470000FE0607801280CD1B6F8500003442078F2
:10E48000062101EBC00003F5806101EB400CACF804
:10E49000005000BF6789ABB23A463046616900F070
:10E4A00036FCD1E1256A00BF2178490036F8111009
:10E4B00048F68F6201EA020040F4004141F0800119
:10E4C0002278520026F8121000BF00BF3046B6F87E
:10E4D000502010442278022303EBC20200F580632F
:10E4E00003EB42010D8000BF2789ABB23A463046AC
:10E4F000616900F00CFCA7E100BF2178490036F803
:10E50000111048F68F7201EA020040F4004141F414
:10E51000C0712278520026F8121000BF206A401BFA
:10E5200020622078400036F8100000F040000028FB
:10E530007DD000BF3346607880BB00BF3246B6F85E
:10E5400050100A4421784FF0060909EBC10102F589
:10E55000806909EB4101084600BF75B9B0F8009029
:10E5600048F2FF3A09EA0A09A0F80090B0F80090D2
:10E5700049F40049A0F8009020E03E2D0FD800BFDC
:10E58000690805F00109B9F1000F00D0491C4FF6E8
:10E59000FF7909EA8129A0F800900FE010E000BFA0
:10E5A000690905F01F09B9F1000F00D1491E4FF4A8
:10E5B000004949EA8129A0F8009000BF00BF0FE0A0
:10E5C000607801280CD1B6F8500003442078062169
:10E5D00001EBC00003F5806101EB400CACF800508A
:10E5E00000BF6789ABB23A463046616900F08FFBE5
:10E5F0006069284460612169206A884203D9206AE1
:10E60000401B206202E0256A00202062002D56D0C7
:10E6100000BF6078C0BB00BF3246B6F850100A4455
:10E620002178022303EBC10102F5806300E047E09B
:10E6300003EB4101084600BF55B9038848F2FF3C8F
:10E6400003EA0C030380038843F40043038019E0CA
:10E650003E2D0BD800BF690805F0010303B1491C2A
:10E660004FF6FF7303EA812303800BE000BF6909C3
:10E6700005F01F0303B9491E4FF4004343EA812309
:10E68000038000BF00BF12E0FFE7607801280ED1D1
:10E6900000BF3046B6F8502010442278022303EB26
:10E6A000C20200F5806303EB42010D8000BF00BF92
:10E6B0002789ABB23A463046616900F028FBC3E0D7
:10E6C00000BF6078B0BB00BF3246B6F850100A44B5
:10E6D0002178022303EBC10102F5806303EB4101C2
:10E6E000084600BF55B9038848F2FF3C03EA0C0313
:10E6F0000380038843F40043038019E03E2D0BD8C8
:10E7000000BF690805F0010303B1491C4FF6FF7310
:10E7100003EA812303800BE000BF690905F01F03B2
:10E7200003B9491E4FF4004343EA8123038000BF2D
:10E7300000BF12E0FFE7607801280ED100BF30462D
:10E74000B6F8502010442278022303EBC20200F5F1
:10E75000806303EB42010D8000BF00BF2789ABB28D
:10E760003A463046616900F0D2FA60692844606137
:10E770002169206A884203D9206A401B206202E096
:10E78000256A00202062A5B300BF3346607888BBAD
:10E7900000BF3246B6F850100A4421784FF00609FF
:10E7A00009EBC10102F5806909EB4101084600BF90
:10E7B00075B9B0F8009048F2FF3A09EA0A09A0F8E2
:10E7C0000090B0F8009049F40049A0F8009021E0D2
:10E7D0003E2D10D800BF690805F00109B9F1000FFE
:10E7E00000D0491C4FF6FF7909EA8129A0F8009072
:10E7F00010E029E010E000BF690905F01F09B9F138
:10E80000000F00D1491E4FF4004949EA8129A0F8C0
:10E81000009000BF00BF0FE0607801280CD1B6F86F
:10E82000500003442078062101EBC00003F580610D
:10E8300001EB400CACF8005000BF6789ABB23A4620
:10E840003046616900F063FA00BF2178490036F86C
:10E85000111048F6BF7201EA020080F0100080F04B
:10E86000200040F4004141F080012278520026F857
:10E87000121005E2207BA0BB2169A069884204D95F
:10E880002569A069401BA06102E0A5690020A06184
:10E8900000BF3246B6F850100A442178062303EB35
:10E8A000C10102F5806303EB4101084600BF55B981
:10E8B000038848F2FF3C03EA0C030380038843F417
:10E8C000004303801AE03E2D0CD800BF690805F014
:10E8D000010303B1491C4FF6FF7303EA8123038050
:10E8E0000CE00DE000BF690905F01F0303B9491EE4
:10E8F0004FF4004343EA8123038000BF00BFA9E136
:10E90000E07802287DD100BF00BF6078E0BB00BF87
:10E910003246B6F850100A442178022303EBC101B5
:10E9200002F5806303EB4101084600BF236953B938
:10E93000038848F2FF3C03EA0C030380038843F496
:10E94000004303801EE023693E2B0DD800BF2369DE
:10E950005908237C03F0010303B1491C4FF6FF73F0
:10E9600003EA812303800DE000BF23695909237C5A
:10E9700003F01F0303B9491E4FF4004343EA812308
:10E98000038000BF00BF13E0FFE7607801280FD1CC
:10E9900000BF3046B6F8502010442278022303EB23
:10E9A000C20200F5806303EB4201228A0A8000BFA5
:10E9B00000BF00BF33466078E8BB00BF3246B6F800
:10E9C00050100A4421784FF0060909EBC10102F505
:10E9D000806909EB4101084600BFD4F81090B9F1F5
:10E9E000000F0FD1B0F8009048F2FF3A09EA0A0987
:10E9F000A0F80090B0F8009049F40049A0F8009009
:10EA00002EE06BE0D4F81090B9F13E0F14D800BF9F
:10EA1000D4F810904FEA590194F8109009F00109C8
:10EA2000B9F1000F00D0491C4FF6FF7909EA81299E
:10EA3000A0F8009014E015E000BFD4F810904FEA61
:10EA4000591194F8109009F01F09B9F1000F00D185
:10EA5000491E4FF4004949EA8129A0F8009000BFFF
:10EA600000BF10E0607801280DD1B6F850000344D3
:10EA70002078062101EBC00003F5806101EB400C1A
:10EA8000208AACF8000000BF00BFE069002824D055
:10EA90002078400036F8108008F4804010B108F06B
:10EAA000400038B908F48040002816D108F0400032
:10EAB000002812D100BF00BF2178490036F811109C
:10EAC00048F68F7201EA020040F4004141F0C001B3
:10EAD0002278520026F8121000BFBBE0E07801282F
:10EAE0007CD12169A069884204D92569A069401BAD
:10EAF000A06102E0A5690020A06100BF00BF6078AE
:10EB0000B0BB00BF3246B6F850100A442178022349
:10EB100003EBC10102F5806303EB4101084600BF2E
:10EB200055B9038848F2FF3C03EA0C0303800388CD
:10EB300043F40043038019E03E2D0BD800BF690861
:10EB400005F0010303B1491C4FF6FF7303EA81236B
:10EB500003800BE000BF690905F01F0303B9491EDC
:10EB60004FF4004343EA8123038000BF00BF12E05B
:10EB7000FFE7607801280ED100BF3046B6F850207C
:10EB800010442278022303EBC20200F5806303EBFA
:10EB900042010D8000BF00BF00BF3346607890BBCC
:10EBA00000BF3246B6F850100A4421784FF00609EB
:10EBB00009EBC10102F5806909EB4101084600BF7C
:10EBC00085B9B0F8009048F2FF3A09EA0A09A0F8BE
:10EBD0000090B0F8009049F4004900E037E0A0F858
:10EBE000009020E03E2D0FD800BF690805F0010914
:10EBF000B9F1000F00D0491C4FF6FF7909EA8129CD
:10EC0000A0F800900FE010E000BF690905F01F09AF
:10EC1000B9F1000F00D1491E4FF4004949EA81299A
:10EC2000A0F8009000BF00BF0FE0607801280CD171
:10EC3000B6F8500003442078062101EBC00003F52C
:10EC4000806101EB400CACF8005000BF02E00120F5
:10EC5000BDE8F08700BF2178490036F811104BF667
:10EC60008F7201EA020080F4805080F4005040F47A
:10EC7000004141F080012278520026F8121000BFB6
:10EC80000020E5E701460020A1F844004FF43F4290
:10EC9000A1F840207047000010B50248FAF708F8C4
:10ECA00010BD00002C1700200146B1F84400704749
:10ECB0002DE9F04304460E4615464FEA530CA04694
:10ECC000304608F5806909EB450267460AE011887D
:10ECD000921C0170401C4FEA112980F80090401CE2
:10ECE000921C7F1E002FF2D103F00109B9F1000F31
:10ECF00001D011880170BDE8F08302460020704702
:10ED0000024611B98020A2F84C00002070472DE97E
:10ED1000F04704460D461E4606F1010A4FEA5A081E
:10ED2000A146284609F5806A0AEB420347460BE0F4
:10ED300090F800C0401C90F800A04CEA0A2119800D
:10ED40009B1C9B1C401C7F1E002FF1D1BDE8F0874F
:10ED500000BFFEE738B500200090804800782128E9
:10ED600009D17E484078242805D17DA001F0D6FC49
:10ED70000520F8F735FF79480078252809D177482C
:10ED800040782B2805D17CA001F0C8FC0520F8F7BD
:10ED900027FF72480078652809D1704840783128EB
:10EDA00005D17BA001F0BAFC0520F8F719FF6B48EC
:10EDB0000078722809D169484078322805D179A0B5
:10EDC00001F0ACFC0520F8F70BFF644800787428CC
:10EDD00009D162484078332805D177A001F09EFC24
:10EDE0000520F8F7FDFE5D4800786F2809D15B48E3
:10EDF00040786B2805D175A001F090FC0520F8F74C
:10EE0000EFFE56480078792809D1544840786528A3
:10EE100005D173A001F082FC0520F8F7E1FE4F4810
:10EE200000785B2824D14D4840795D2820D14B489B
:10EE3000407800064949897800EB01404749C97884
:10EE400000EB01214548007908446A4908600A201E
:10EE5000F8F7C6FE674868A102686D4800F020F91F
:10EE60006B4801F05BFC4FF496716948F6F783FD3F
:10EE70003A4800787B2824D1384840797D2820D131
:10EE80003648407800063549897800EB014033491F
:10EE9000C97800EB012131480079084455490860E0
:10EEA0000A20F8F79DFE53485AA10268584800F01E
:10EEB000F7F8574801F032FC4FF496715448F6F7D2
:10EEC0005AFD26480078282824D12448407929284A
:10EED00020D12248407800062049897800EB014083
:10EEE0001E49C97800EB01211C48007908444149BA
:10EEF00008600A20F8F774FE3E484AA102684448B8
:10EF000000F0CEF8424801F009FC4FF496714048F9
:10EF1000F6F731FD114800783A2819D16A4646A122
:10EF20000E48F6F73BFD0A20F8F75AFE0098F7F76F
:10EF300016F8044622460B4641A1354800F0B0F8C9
:10EF4000334801F0EBFB4FF496713148F6F713FDAF
:10EF50000A210248F6F70FFD38BD0000200200200C
:10EF60007B2257223A7B2243616C6962223A31321A
:10EF70003030677D7D0A00007B2257223A7B224396
:10EF8000616C6962223A33373430677D7D0A000054
:10EF90007B2257223A7B224572726F72223A317D70
:10EFA0007D0A00007B2257223A7B224572726F72E3
:10EFB000223A327D7D0A00007B2257223A7B22458D
:10EFC00072726F72223A337D7D0A00007B225722D3
:10EFD0003A7B2243616C6962223A307D7D0A0000EF
:10EFE0007B2257223A7B2243616C6962223A317D4F
:10EFF0007D0A0000140000207B2257223A7B224920
:10F000006E7454656D70223A25647D7D0A0000009F
:10F010007A0700207B2257223A7B2242223A25643B
:10F020007D7D0A007B2257223A7B224C4354223AB0
:10F0300025647D7D0A0000003A25663A0000000044
:10F040007B2257223A7B226D223A25667D7D0A007B
:10F0500070B504460D46002210210848F9F73EF825
:10F060007E2101EA4400FCF775FC2846FCF772FC9F
:10F07000012210210148F9F731F870BD0008014064
:10F080000FB4054B10B503A9044A029800F012F919
:10F0900010BC5DF814FB000029FD00081C020020D4
:10F0A0000FB4084B10B504A902AA039800F002F9A6
:10F0B000044602A9002000F094FC204610BC5DF834
:10F0C00014FB0000E3F9000802480068C0F30220C6
:10F0D000704700000CED00E010B5002804DB0A07C3
:10F0E000130E054A135406E00A07140E034A00F0F3
:10F0F0000F031B1FD45410BD00E400E018ED00E026
:10F1000002E008C8121F08C1002AFAD170477047F0
:10F11000002001E001C1121F002AFBD1704700004E
:10F120002DE9FF5F82B00021DDE90430020DDDF83A
:10F1300040B0034318D044F61050A2F2FF324243CD
:10F140001514119801281FD0A5EB0B00401C5FEA95
:10F15000000A4FF000064E4FDFF83891B046504697
:10F1600015D5CAF1000413E0119801244AA301281F
:10F1700001D16FEA0B010298119AC0E90031C0E990
:10F18000024206B0BDE8F09FCBF10000DFE7044685
:10F190000021404A491842EB0450CDE9001012E02A
:10F1A000E00707D032463B4640464946F7F778F835
:10F1B0008046894632463B4610461946F7F770F8B6
:10F1C00006460F466410002CEAD1DDE90401DDE9B2
:10F1D0000023BAF1000F06DAF7F762F842464B4611
:10F1E000F7F75EF805E0F6F74BFE42464B46F6F7BA
:10F1F00047FE04460E460022284BF7F7E7F803D8EF
:10F200004FF0FF30014607E00022254B20463146F3
:10F21000F6F79FFFF7F7C2F8102409E0002C0ADB8D
:10F220000A220023F6F7C4FE039B30321A55641EEF
:10F2300050EA0102F2D1641C039AC4F11103144490
:10F24000119A012A03D0012208430DD10AE0084394
:10F2500004D000204FF0110B119072E7A3EB0B05C7
:10F260006D1E0DE05B4504DD4FF0000205F1010568
:10F2700004E003DA4FF00002A5F10105002AECD00A
:10F2800002981199C0E90231C0E9004579E7000010
:10F29000000014400000F03F300000000000F04388
:10F2A0000000E03F30380A2801D2012070470020DA
:10F2B000704700002DE9FF4F95B09B4689460646F2
:10F2C00000250FE2252877D100242746F84A01219E
:10F2D000059400E0044316F8013F203B01FA03F0D7
:10F2E0001042F7D130782A2811D06FF02F033078F0
:10F2F000A0F13002092A16D8059A44F0020402EB64
:10F30000820203EB42021044761C0590EFE759F8A5
:10F31000042B0592002A03DA504244F4005405906D
:10F3200044F00204761C30782E2816D116F8010F0E
:10F3300044F004042A280DD06FF02F023078A0F199
:10F340003003092B09D807EB870302EB4303C718E7
:10F35000761CF3E759F8047B761C30786C280FD0C4
:10F3600006DC4C2817D068280DD06A2814D104E098
:10F37000742810D07A280FD10DE044F400140AE06C
:10F3800044F4801401E044F440147278824202D1C3
:10F3900004F58014761C761C307866280BD013DCBC
:10F3A000582877D009DC002875D04528F6D04628A3
:10F3B000F4D047281AD19DE118E0632835D064289D
:10F3C00079D0652812D195E1702873D008DC6728C0
:10F3D000F1D069286FD06E280DD06F2806D1B5E026
:10F3E00073282CD0752875D0782874D05A46179970
:10F3F00090476D1C75E1C4F30250022809D0032820
:10F400000DD0D9F8001004280DD00D6009F10409C1
:10F4100067E1D9F80010EA17C1E90052F6E7D9F818
:10F4200000100D80F2E70D70F0E719F8041B8DF85D
:10F43000001000208DF80100EA46012003E059F891
:10F4400004AB4FF0FF3061074FF0000102D40DE034
:10F4500008F101018846B9420FDA8045F8DB1AF855
:10F4600008100029F4D108E008F101018846814222
:10F47000FADB1AF808100029F6D105985B46A0EBD4
:10F48000080721463846179A00F094FA284400EB02
:10F49000080507E04DE029E10DE01AF8010B5A4696
:10F4A00017999047B8F10108F7D25B4621463846D4
:10F4B000179A13E142E00A220092C4F302524FF07D
:10F4C000000A022A08D059F804CB032A4FEAEC714B
:10F4D0000AD00DE029E02AE009F1070121F0070236
:10F4E000F2E802C1914609E00FFA8CFC4FEAEC7198
:10F4F000042A03D14FFA8CFC4FEAEC71002907DA99
:10F500000A460021DCF1000C61EB02012D2202E031
:10F51000220504D52B228DF80420012203E0E20706
:10F5200001D02022F7E7904659E00A2102E010229C
:10F530000DE010214FF0000A00910BE010224FF077
:10F54000000A44F004040827009203E008224FF068
:10F55000000A0092C4F30252022A05D059F804CBE3
:10F560000021032A08D009E009F1070121F0070270
:10F57000F2E802C1914605E01FFA8CFC042A01D191
:10F580000CF0FF0C4FF00008220728D5702806D099
:10F59000009B83F0100353EA0A0305D00EE04022DB
:10F5A0008DF80420012208E05CEA010206D0302236
:10F5B0008DF804208DF8050002229046009B83F010
:10F5C000080353EA0A030AD15CEA010201D1620787
:10F5D00005D530228DF804204FF001087F1E5828F1
:10F5E00004D034A003900EA802900DE036A0F9E7F5
:10F5F00053466046009AF6F7DBFC84460398825C2B
:10F600000298401E029002705CEA0100F0D102985C
:10F6100006A9081A00F1200A600702D524F48034F4
:10F6200000E00127574502DDA7EB0A0000E00020BB
:10F6300000EB0A01009005984144401A0590E00350
:10F6400006D45B462146179A059800F0B3F90544A5
:10F65000002706E001A85A46C05D179990476D1C27
:10F660007F1C4745F6DBE0030CD55B462146179A25
:10F67000059800F09FF9054404E030205A46179998
:10F6800090476D1C0099481E00900029F5DC08E0A9
:10F69000029802995A460078491C0291179990479E
:10F6A0006D1CBAF10001AAF1010AF1DC65E100006C
:10F6B0000928010030313233343536373839616248
:10F6C000636465660000000030313233343536370C
:10F6D00038394142434445460000000000F058F9E3
:10F6E0000544761C307800287FF4ECAD19B028462C
:10F6F000BDE8F08F620700D4062709F1070222F067
:10F70000070CFCE80223E14603F000485FEA080C1E
:10F7100002D00FF2702C0DE05FEA045C02D50FF20C
:10F72000682C07E05FEAC47C02D00FF2602C01E095
:10F73000AFF2700C4FF0FF3823F00043CDF850C00B
:10F7400065280CD006DC452809D046281DD047285E
:10F750003DD13DE0662818D067287ED138E00021F1
:10F76000112F01DB112000E0781CCDE9000106A972
:10F770000EA8FFF7D5FCDDE90F010E9A03910021D9
:10F78000009207F1010A04914DE04FF0004000970C
:10F79000CDE9011006A90EA8FFF7C2FCDDE90F02B2
:10F7A00003920E9B11990022DDF80CA000930492A5
:10F7B00011B9791C00EB010AB7EB0A0004D4C0F1BF
:10F7C000FF3007F1010A0490AAEB0700019044E022
:10F7D000012F00DA01270021112F01DD112000E0A7
:10F7E0003846CDE9000106A90EA8FFF799FCDDE92E
:10F7F0000F010E9A0391002104910092BA4621074D
:10F800000CD40399514500DA8A46BAF1010F05DD9F
:10F81000009AAAF10101515C302908D0B84202DAFD
:10F8200010F1040F06DA0121CDE9011015E0AAF16B
:10F830000101E9E7002805DC049901440491AAEBE1
:10F84000000102E0411C514500DD8A460499401A3E
:10F85000401C01904FF000400290200704D4019812
:10F86000504501DBCDF8048000208DF84F00029850
:10F870000DF14F07B0F1004F25D02B200E900298CC
:10F880004FF0020800280CDA404202902D200E9022
:10F8900007E00A210298F6F775FB3031029007F86D
:10F8A000011DB8F10001A8F10108F2DC029800285E
:10F8B000EFD1791E0E980870307800F0200040F0EB
:10F8C000450007F8020D12A8C01B00F107081498A4
:10F8D000007800B1012000EB0A01019801EBE07112
:10F8E00005984144401A401E0590E00306D45B464B
:10F8F0002146179A059800F05DF8054414980078A1
:10F9000018B15A46179990476D1CE00324D55B4601
:10F910002146179A059800F04DF805441CE004981C
:10F92000002807DBDDE90301884203DD0098405C25
:10F93000179901E0179930205A469047049805F12D
:10F940000105401C04900198401E019004D12E2016
:10F950005A46179990476D1CBAF10001AAF1010AA5
:10F96000DDDC05E017F8010B5A46179990476D1C2E
:10F97000B8F10001A8F10108F4DC5B462146179AB2
:10F980000598ABE62D0000002B00000020000000D1
:10F990002DE9F041044600251E461746880404D48C
:10F9A00005E039462020B0476D1C641EF9D5284675
:10F9B000BDE8F0812DE9F041044600251E46904641
:10F9C000C80301D5302700E02027880404D505E0CE
:10F9D00041463846B0476D1C641EF9D52846BDE83F
:10F9E000F0810A68531C0B601070704710B501203D
:10F9F000F8F7F6F805A000F091FEF7F707FB4FF4D3
:10FA000016710F48F5F7B7FF10BD00007B22526555
:10FA10006365697665223A7B22537461747573223B
:10FA20003A32367D2C2246223A7B22547970652266
:10FA30003A2243616E73656C227D7D0A00000000EE
:10FA400082040020014601F0030090B96420B1FB5C
:10FA5000F0F200FB121050B94FF4C870B1FBF0F295
:10FA600000FB121008B9012070470020FCE70120BC
:10FA7000FAE70020F8E7000070B5002500240DE04B
:10FA80001C48005D642801D1681CC5B21948005D9E
:10FA9000742801D1681CC5B2601CC4B21548F5F7C2
:10FAA00075FFA042ECD2022D11D1134A13A11148C7
:10FAB000F5F774FF10480068F7F708FB4FF416716C
:10FAC0000C48F5F758FF00200E49087010E013208D
:10FAD0000D4908700DA000F021FE002009490870B2
:10FAE0000549086000254FF416710248F5F743FFF9
:10FAF00070BD0000820400200400002064256474AE
:10FB000000000000090000201A0000207B2252653E
:10FB10006365697665223A7B22537461747573223A
:10FB20003A31397D7D0A000010B506A000F0F6FDDF
:10FB300008210B4800F082FE4FF416710848F5F7D3
:10FB40001AFF10BD7B2252656365697665223A7B98
:10FB500022537461747573223A32367D7D0A000037
:10FB60008204002010B586B00446F8F707F901209A
:10FB700004900F480390002001900120029005A9F5
:10FB800001A8F8F741F878B9F8F796F80598401CFD
:10FB900010B1002006B010BD24B9FF221021054885
:10FBA000F5F7E2FE0120F5E7F8F786F80020F1E727
:10FBB00040540008581C002000B5002210211046B7
:10FBC00000F002F800BD000030B503465818402888
:10FBD00001D9002030BD18460FE02AB1094C044479
:10FBE00094F840441470521C102805D2054C04446B
:10FBF00094F84044044D2C54401CCC188442ECD85A
:10FC00000120E7E700500008581C00202DE9F047CC
:10FC100006468946154606EB0900402802D9002011
:10FC2000BDE8F0870DB90020FAE7F8F7A7F800243F
:10FC300013E02A5D601C285C42EA0020C3170746D7
:10FC4000A019094A81183A460120F8F73FF818B17F
:10FC5000F8F732F80020E3E7A41C4C45E9D3F8F7A5
:10FC60002BF80120DCE700004054000870B50025A7
:10FC700000240DE01E48005D652801D1681CC5B256
:10FC80001B48005D4C2801D1681CC5B2601CC4B281
:10FC90001748F5F77BFEA042ECD2022D13D1154A8E
:10FCA00015A11348F5F77AFE12480068F6F7E2FF4F
:10FCB0004FF416710E48F5F75EFE002010490860FB
:10FCC0001049087013E013200F4908700FA000F0CE
:10FCD00025FD00200B4908700649086000254FF4F7
:10FCE00016710348F5F747FE00200549086070BD0E
:10FCF00082040020040000206525644C0000000000
:10FD00001C000020080000201A0000207B22526501
:10FD10006365697665223A7B225374617475732238
:10FD20003A31397D7D00000013B50C46012168464B
:10FD3000F6F77AFE0120F7F753FF00981CBD00008C
:10FD400000B585B00120F7F74BFF00221549164892
:10FD5000F9F7EAFE002215491348F9F787FE134820
:10FD6000007812498978114A5278104BDB78CDE936
:10FD70000132CDE903100B488078009009484378A0
:10FD800002780BA11948FFF78BF9184800F0C6FC60
:10FD90000120F7F725FF4FF416711548F5F7EBFD35
:10FDA00005B000BD76000020180900207900002071
:10FDB0007B2254223A7B2248223A25642C224D226F
:10FDC0003A25642C2253223A25642C2259223A25C2
:10FDD000642C226D223A25642C2244223A25642C7C
:10FDE0002257223A25647D7D0A000000DA060020B1
:10FDF0008204002010B507A000F090FCF7F706F988
:10FE00000020124908704FF416711148F5F7B3FD40
:10FE100010BD00007B2252656365697665223A7BDE
:10FE200022537461747573223A32367D2C22462235
:10FE30003A7B2254797065223A224964656E74696E
:10FE400066794F6666227D7D0A0000001100002061
:10FE50008204002010B507A000F060FC0120F7F735
:10FE6000BFFE0120104908704FF416710F48F5F7D6
:10FE700082FD10BD7B2252656365697665223A7BFF
:10FE800022537461747573223A32367D2C224622D5
:10FE90003A7B2254797065223A224964656E74690E
:10FEA0006679227D7D0A0000110000208204002076
:10FEB00070B504460D46002617E0012251020C4899
:10FEC000F8F70CF92846F7F78BFE00224FF4007183
:10FED0000748F8F703F92846F7F782FE0122510296
:10FEE0000348F8F7FBF8701CC6B2A642E5DB70BD0C
:10FEF0000008014008B500BFF8F738F9FCF759F8D9
:10FF0000FBF75EF9FBF7E8F9FBF7FEF9FBF720FAE0
:10FF1000FBF754FAFBF76EFAFBF788FAFBF7C8F920
:10FF2000FE48FAF7B3FAFD48FAF77AFA4FF40050B0
:10FF3000FB4B0822FB4900900020FBF7E9FE022161
:10FF4000F9A000F07BFCF9480068C06840F0200090
:10FF5000F6490968C8600A20F7F742FEF4480068CD
:10FF6000C06840F02000F2490968C860F1480068A4
:10FF7000C06840F02000EF490968C8600020EE49E1
:10FF80000860FAF7EDFFFFF717FE1E210720FFF7C5
:10FF90008FFF4FF47A70F7F723FEFBF763FA4FF405
:10FFA0007A70F7F71DFE0120E449087070E24AF606
:10FFB000AA20E34909680860FAF7D2FFE1480088FF
:10FFC00000287DD00120F7F70BFEDF480078572886
:10FFD00012D1DD48407965280ED1DCA000F09EFBEF
:10FFE000D94A40F23A216420F7F710FC0120DE499B
:10FFF0000870F6F7B9FC4BE2D348007865286FD05B
:020000040801F1
:1000000019DC49286DD009DCA0F14000082869D22C
:10001000DFE800F0E3EAEABB9DEA95C154286ED020
:1000200004DC4E286CD052285CD1CAE056281FD080
:100030006428F9D197E0732863D00CDC6E2866D071
:1000400004DC66286BD06928EED198E0702850D087
:100050007228E9D118E080283CD004DC75280DD046
:100060007628E1D1B3E081283DD0AF28DCD1B5E0DE
:1000700000F070FB0120BC490870C4E000F02AFDCC
:100080000120B9490870BEE0B8A000F047FB0A2083
:10009000F7F7A6FD00BF00BF00BF00BF00BFBFF362
:1000A0004F8F00BF00BF00BFB748006800F4E0609A
:1000B000B6490843001DB449086000BF00BF00E016
:1000C000B1E000BFBFF34F8F00BF00BF00BF00BF54
:1000D00000BFFDE700F022FC0120A349087092E078
:1000E0003BE046E080E0FFF72BFE01209E490870D0
:1000F00089E0FBF7FBFB01209B49087083E055E09A
:1001000015E000F0B5FB0120974908707BE0312134
:100110006E2000F03FFA01209349087073E031210E
:10012000662000F037FA01208F4908706BE0322119
:100130006E2000F02FFA01208B49087063E0322115
:10014000662000F027FA0120874908705BE0F6F787
:10015000C7FC01208449087055E001208C490870D3
:10016000814908704FE001208A4908707E49087073
:1001700049E0FFF73FFE01207B49087043E0FFF7AD
:1001800069FE0120784908703DE0FFF72FFC01204F
:100190007549087037E0F6F7F9FF012072490870D9
:1001A0004FF416716848F5F7E6FB2CE000F02CFCE4
:1001B00001206D4908704FF416716348F5F7DBFBB9
:1001C00021E0012074490870674908701BE0F7F7C7
:1001D00025FC01206449087015E000BFFFF7A4FC6E
:1001E0000120614908700EE06CA000F097FA13201E
:1001F0007149087000205C490870F6F7B5FB0020D3
:100200006E49086000BF00BF13206B4908700020D2
:1002100055490870694908604A490880684908805A
:100220000120F7F7DDFC6748007808B1F7F7F0F830
:100230005848007808B1FFF71FFC5548007808B10E
:10024000FFF714FD5448007808B100F04BF9384826
:100250000068C06840F0200035490968C8605A4805
:10026000007888B10A20F7F7BBFC57480178574857
:10027000F6F7DAFB0020544908700A20F7F7B0FCC3
:1002800064215248F5F777FB5148007838B10A20CD
:10029000F7F7A6FCFEF75EFD00204D4908704D48BB
:1002A000FAF7AAFD20B14B48FAF7A6FD00B1EFE03E
:1002B00010210020FAF73EFD70B14648FAF79CFD88
:1002C00020B14448FAF798FD00B1E1E01021002088
:1002D000FAF730FD00B1DBE001203F4908703F49EB
:1002E000FAF782FD002818D13C488079AB2813D159
:1002F0003A48C07980B93948C07B68B93648007837
:1003000050B136480078364908603448407809686A
:1003100001EB0020324965E0B4E0B8E08409002038
:1003200000100140000C014073730000100A00200F
:10033000540A0020CC0900202400002002000020E4
:100340000C0900200C000020820400207B22526552
:100350006365697665223A7B2253746174757322F2
:100360003A32367D0A000000620000207B2252658E
:1003700063697665223A7B22537461747573223AFD
:1003800037307D7D0A0000000CED00E00000FA052A
:1003900008000020090000200B0000207B2252658D
:1003A0006365697665223A7B2253746174757322A2
:1003B0003A31397D0A0000001A0000201C0000209C
:1003C0000E000020110000205C0000201607002015
:1003D000120000206500002074000020A608002004
:1003E0007000002008602B4880782B49086029485D
:1003F000C078096801EB002027490860254800798A
:10040000096801EB004024490860224840790968E6
:1004100001EB0060204908602048006800F40040BB
:10042000B0F5004F13D11D480068C0F30E001B4902
:1004300008600846006846F62921484017490860C8
:10044000154800684BF2A62148401349086014483B
:10045000007890B11348007850B9104803680E48EE
:10046000026811A10B48FEF71BFE0A4800F056F97E
:100470004FF47A70F7F7B4FB07E032210A20FFF758
:1004800017FD02E00FA000F049F9FAF769FD00BF7F
:100490008DE50000A60800206C0000207000002000
:1004A000010000205E0000207B2243223A7B22498B
:1004B00044223A25642C225543223A25647D7D0A44
:1004C000000000006572726F720A000010B50446E9
:1004D00001231A4621460248FAF7A9FB10BD000085
:1004E000540A002070B5002500240DE01C48005D72
:1004F000522801D1681CC5B21948005D642801D199
:10050000681CC5B2601CC4B21548F5F73FFAA0429A
:10051000ECD2022D11D1134A13A11148F5F73EFA7E
:1005200010480068F6F796FE4FF416710C48F5F780
:1005300022FA00200E49087010E013200D490870BF
:100540000DA000F0EBF8002009490870054908608B
:1005500000254FF416710248F5F70DFA70BD000042
:100560008204002004000020522564640000000082
:100570000B0000201A0000207B225265636569761B
:1005800065223A7B22537461747573223A31397D46
:100590007D0A000070B504460D46312D2AD16E2C1F
:1005A00012D1012211022A48F7F798FD0120F7F72E
:1005B00017FB28A000F0B2F80120324908704FF470
:1005C00016713148F5F7D7F9662C13D100224FF494
:1005D00080711F48F7F782FD0120F7F701FB2BA080
:1005E00000F09CF80120274908704FF41671264846
:1005F000F5F7C1F9322D2AD16E2C12D101229102C8
:100600001348F7F76BFD0120F7F7EAFA2BA000F08B
:1006100085F801201B4908704FF416711A48F5F748
:10062000AAF9662C13D100224FF480610848F7F72D
:1006300055FD0120F7F7D4FA2CA000F06FF8012047
:10064000104908704FF416710F48F5F794F970BD12
:10065000000801407B2252656365697665223A7B1A
:1006600022537461747573223A32367D2C225231D2
:10067000223A7B22537461747573223A32337D7D42
:100680000A00000062000020820400207B225265E4
:100690006365697665223A7B2253746174757322AF
:1006A0003A32367D2C225231223A7B2253746174C5
:1006B0007573223A32347D7D0A0000007B22526538
:1006C0006365697665223A7B22537461747573227F
:1006D0003A32367D2C225232223A7B225374617494
:1006E0007573223A32337D7D0A0000007B22526509
:1006F0006365697665223A7B22537461747573224F
:100700003A32367D2C225232223A7B225374617463
:100710007573223A32347D7D0A00000070B50446BC
:100720002046F5F733F9C5B229462046F6F77CF99D
:1007300000224FF400710648F7F7D0FC0120F7F7CC
:100740004FFA012251020248F7F7C8FC70BD0000C1
:100750000008014000B599B064216846F5F70BF92F
:10076000062212A16846FEF79BFC6846FFF7D6FFFB
:100770001CA0FFF7D3FF1EA0FFF7D0FF0120F7F763
:100780002FFA1FA0FFF7CAFF0120F7F729FA21A0CF
:10079000FFF7C4FF20A223A125A0FEF771FC4FF4B0
:1007A00016712548F5F7E7F819B000BD7B224669B8
:1007B000726D77617265223A7B2246223A312C2291
:1007C00044657669636554797065223A2253686F8F
:1007D00070222C2252656C65617365223A30256463
:1007E000000000002C22426F6F74223A310000009A
:1007F0002C224175746F5374617274223A30000078
:100800002C2252656164657254797065223A5243B4
:10081000353232007D7D0A0031313A30323A3231A0
:10082000000000004175672032392032303232003A
:1008300025732025730A00008204002070B5044649
:100840000D4600260FE0012221460020FBF7BAFAF0
:10085000641C4AF6AA200549096808600520F7F7D4
:10086000BFF9701CC6B2AE42EDDB70BD0C090020B2
:1008700010B50C48007810B90BA0FFF74FFF0948DE
:10088000007810B116A0FFF749FF0648007880F005
:100890000100044908704FF416711F48F5F76BF812
:1008A00010BD00005E0000207B2252656365697602
:1008B00065223A7B22537461747573223A32367D15
:1008C0002C2243223A7B2254797065223A22556EBB
:1008D00053656E6453657269616C227D7D0A000008
:1008E0007B2252656365697665223A7B2253746187
:1008F000747573223A32367D2C2243223A7B22547D
:10090000797065223A2253656E6453657269616C31
:10091000227D7D0A000000008204002010B51CA08A
:10092000FFF7FCFE28484078284908702648807860
:1009300048702548C0788870234800792449887019
:100940002148407948702048807908701E48C07955
:10095000C8700120F7F744F900221C491D48F9F737
:1009600059FA10B11CA0FFF7D9FE0120F7F738F9AA
:10097000002217491748F9F79FF910B11CA0FFF79B
:10098000CDFE4FF416711048F4F7F5FF10BD0000CE
:100990007B2252656365697665223A7B22537461D6
:1009A000747573223A32367D2C2254223A7B2254BB
:1009B000797065223A2253657454696D6544617497
:1009C00065227D7D0A000000820400207600002060
:1009D00079000020180900207B2254223A7B225300
:1009E0007461747573223A3132387D7D0A000000DB
:1009F0007B2254223A7B22537461747573223A31FC
:100A000032397D7D0A00000008B500200090F6F71D
:100A1000FDFA6420F7F7E4F86A4600214FF4A87065
:100A2000F6F7CAFD6420F7F7DBF812480078AA2829
:100A300013D11048407855280FD10E48807850289F
:100A40000BD10C48C078012807D10A480079042846
:100A500003D109A0FFF762FE02E012A0FFF75EFEDD
:100A6000C820F7F7BDF84FF416710248F4F783FF7A
:100A700008BD00002A0200207B2246223A7B225435
:100A8000797065223A2254657374436F6E6E6563A4
:100A900074696F6E222C22537461747573223A301C
:100AA0007D7D0A007B2246223A7B225479706522A2
:100AB0003A2254657374436F6E6E656374696F6E2A
:100AC000222C22537461747573223A31387D7D0A69
:100AD0000000000010B5FFF76FF8002819D064205F
:100AE000F7F77EF80020FFF73DF80CA20821002060
:100AF000FFF78CF848B10520F7F772F80AA0FFF766
:100B00000DFE0520F7F76CF806E010A0FFF706FED3
:100B100002E00EA0FFF702FE10BD0000426F6F540E
:100B200031323334000000007B22557064617465FB
:100B30004669726D77617265223A7B2253746174E3
:100B40007573223A32367D0A000000007B22557010
:100B5000646174654669726D77617265223A7B22C1
:100B6000537461747573223A31397D0A00000000B4
:100B70001F1C1F1E1F1E1F1F1E1F1E1F0000000008
:100B8000000000000102030406070809000000003D
:100B900001020304895171F21DCB00000000000026
:100BA000000000008D5F307CF05E0000000000005F
:100BB00000000000B22CE4247D9000000000000042
:100BC00000000000579B07B3A4E9000000000000EC
:100BD00000000000E32F50F2E3D00000000000000E
:100BE00000000000E9C1254FA07D000000000000CA
:100BF00000000000FFFFFFFFFFFF000000000000FB
:100C000000000000DDDDDDDDDCBBBBDDDDDDDDDDCD
:100C1000DDDDDDDD98888888888888887777777734
:100C20007788888885555556666666666666666600
:100C300066688888833333322222222222222222AB
:100C40002228888D7B2252656365697665223A7B0E
:100C500022537461747573223A32367D2C224622F7
:100C60003A7B2254797065223A224672696D776127
:100C70007265222C22537461747573223A25642E96
:100C800025647D7D0A0000007B22526563656976DC
:100C900065223A7B22537461747573223A32367D31
:100CA0002C2246223A7B2254797065223A224765EB
:100CB00074456D7074794944222C225374617475A3
:100CC00073223A25647D7D0A00000000EC0C0108C7
:100CD000000000202002000068680008C80D01081C
:100CE00020020020B820000010F10008011092013D
:100CF000D214022503CD0A0211304D89509917995B
:100D000015137DCA1B08C5041AD5041AF90413313A
:100D1000CB1B0849081A8D04131201140202021693
:100D200040830440571D02010203380E21040309C9
:100D3000041A8D1395691B08650413D5681B08B93F
:100D40000841BA10E02173B2074B24F4BE120632F8
:100D5000022A402413D9C61B0819044BFBC73C1AAE
:100D6000670C1369C51B08E504C11AB9181AA90450
:100D70001AC9041A99041C090243AB111DC0320997
:100D8000046D1A020B130524161001052401100925
:100D90000104240202052406170107058203081C2A
:100DA000100904E1320A1D070501027B2C070581A9
:100DB00007110937442A40072A8107112B090744E4
:080DC0000A3B0444410000005D
:04000005080058EDAA
:00000001FF
