:020000040800F2
:10580000F0260020015900083DAE0008C1990008AB
:1058100039AE0008555A000855FD00080000000088
:10582000000000000000000000000000BDCD0008E6
:10583000075C0008000000004FBF0008F5CF00081B
:105840001B5900081B5900081B5900081B59000868
:105850001B5900081B5900081B5900081B59000858
:105860001B5900081B5900081B5900081B59000848
:105870001B5900081B5900081B5900081B59000838
:105880001B5900081B5900081B5900081B59000828
:105890009DFC00081B5900081B5900081B590008F3
:1058A0001B5900081B5900081B5900081B59000808
:1058B0001B590008B1D000081B5900081B590008EB
:1058C0001B5900081B5900081B5900081B590008E8
:1058D0001B590008C5D40008D5D4000821D50008FC
:1058E0001B5900081B5900081B590008DFF80CD091
:1058F00000F06AF800480047B9110108F0260020BE
:105900000648804706480047FEE7FEE7FEE7FEE759
:10591000FEE7FEE7FEE7FEE7FEE7FEE7A1D00008B0
:10592000ED580008202A04DB203A21FA02F0002179
:10593000704721FA02F3D040C2F12002914008439F
:105940001946704740EA01039B0703D009E008C9E4
:10595000121F08C0042AFAD203E011F8013B00F834
:10596000013B521EF9D27047D2B201E000F8012B80
:10597000491EFBD270470022F6E710B513460A46CF
:1059800004461946FFF7F0FF204610BD421C10F8F0
:10599000011B0029FBD1801A704730B50B46014628
:1059A00000202022012409E021FA02F59D4205D3BE
:1059B00003FA02F5491B04FA02F52844151EA2F168
:1059C0000102F1DC30BD0000064C074D06E0E06846
:1059D00040F0010394E8070098471034AC42F6D336
:1059E000FFF788FFEC1F01080C20010870B58C1828
:1059F00010F8015B15F0070301D110F8013B2A11E3
:105A000006D110F8012B03E010F8016B01F8016BCF
:105A10005B1EF9D12B0705D40023521E0DD401F8CB
:105A2000013BFAE710F8013BCB1A921C03E013F894
:105A3000015B01F8015B521EF9D5A142D8D30020C9
:105A400070BD10B5142007F01DF90321142007F0D4
:105A5000B6F910BD00BFFEE730B50346042B15D0E4
:105A600007DC7BB1012B0ED0022B0DD0032B30D1E4
:105A70000BE0202B0BD0212B18D0222B22D0232B54
:105A800027D125E026E025E024E023E022E00020E5
:105A900003E00C5C114D2C54401C0728F9DB00205E
:105AA0000F4C207001200F4C207013E0002003E009
:105AB0000A4C245C0C54401C0728F9DB0020084CDD
:105AC000207007E006480078401C054C207001E07B
:105AD00000E000BF00BF002030BD0000C400002077
:105AE00000000020010000200020704710B50022B7
:105AF0000449054807F079FE0449034807F06EFEA3
:105B0000002010BD481300209C0A0020600F0020D8
:105B100070B504460D460B4928680860002003E074
:105B2000215C094A1154401C064909688842F7D390
:105B30002146064807F052FE044807F02BFE0020DD
:105B400070BD00000C000020880400209C0A00208A
:105B50002DE9F04104460D4600260A48D0F8B872F7
:105B6000D7F8140210B10120BDE8F0812A46214681
:105B7000044807F03AFE034807F0BBFE06463046ED
:105B8000F2E700009C0A00202DE9F0410746884614
:105B900015460421052000F029F880210A2007F08D
:105BA0000EF9002405E0395D09200AF055FE601C5D
:105BB000C4B24445F7DB032101200AF04DFEFF2467
:105BC00000BF052007F05EF80646601EC4B21CB197
:105BD00006F004000028F4D0222007F053F82870C3
:105BE000212007F04FF86870BDE8F08170B50546D8
:105BF0000C46284607F046F8064626EA04012846E1
:105C00000AF02AFE70BD70477CB50026002419A159
:105C100003C9CDE90001642305226946174803F052
:105C200064FE00F06DFD0546002004461DE00020E6
:105C3000134908700A2000F06DFE642305226946AE
:105C40000E4803F052FE0AF087F80546062D02D0F2
:105C5000152D04D101E064207CBD6920FCE7062DF0
:105C600000D104E0601CC0B20446022CDFDB00BFA0
:105C700000BFF1E70245530317000000580A002057
:105C80004C0000201CB50DA103C9CDE900010BF0AB
:105C900059F96423052269460A4803F026FE0AF0F2
:105CA0005BF80446062C02D0152C04D101E06420D8
:105CB0001CBD6920FCE76920FAE7000002444803A4
:105CC0000D000000580A002001460020486088604E
:105CD000C86188610862487308730861087548756F
:105CE000002205E0002301F124008354501CC2B2BD
:105CF000102AF7DB002205E0002301F13400835471
:105D0000501CC2B2102AF7DB002203E000208854A6
:105D1000501CC2B2042AF9DB0020704772B603E0BF
:105D20001E2164200BF026FAFAE700000021074A42
:105D3000D1610749096941F00401054A1161114621
:105D4000096941F04001116170470000401C0020CA
:105D5000002002400021074AD1610749096941F04A
:105D60000201054A116111464861096941F040018B
:105D700011617047401C0020002002400022054BAA
:105D8000DA61054A126942F00102034B1A6101808F
:105D900070470000401C00200020024000201E49E7
:105DA000C96801F0100139B11C49C96941F002010B
:105DB0001A4AD16140F010001749C96801F0040186
:105DC00039B11649C96941F00101144AD16140F065
:105DD00004001149C96901F0010169B10F49C9699C
:105DE00041F004010D4AD16100BF0B49C96921F09E
:105DF0000101094AD16100BF00BF40F20111884290
:105E000006D10549C96921F00101034AD16101E0C8
:105E10000149C86000BF704700200240401C0020BC
:105E200070B5044600F0FAFF054609E0601C38B181
:105E300024B100F0F3FF401BA04201D9032070BD44
:105E40001248C06800F001000028EFD10F48C06878
:105E500000F0200020B100BF20200C49C86000BF26
:105E60000A48C06800F0100048B90848C06900F04E
:105E7000010020B90548C06800F0040018B1FFF720
:105E80008DFF0120DBE70020D9E700000020024061
:105E90002DE9F04F8BB006464FF0000B002030602C
:105EA000DD480078012811D0022802D0032827D12C
:105EB00019E00520D94908701520D9490870372004
:105EC000D84908702020D849087026E00420D3491A
:105ED00008701020D24908703920D249087000207B
:105EE000D149087019E00520CC4908701520CC492B
:105EF00008703720CB4908704020CB4908700CE06F
:105F00000520C64908701420C54908703720C549C6
:105F100008700020C449087000BF00BF09A803F042
:105F200023FE38B109A803F01FFE18B101200BB001
:105F3000BDE8F08F002405E009A8005DBB490855C5
:105F4000601CC4B2042CF7DB1021002003F050FDCC
:105F500008B10120EBE701A9012003F0A3FD08B17E
:105F60000120E4E79DF80500B04988600846806894
:105F700000028860084680689DF804100844AB4918
:105F800088609DF809004860084640680002486043
:105F9000084640689DF808100844A449486008462F
:105FA000406800024860084640689DF807100844B1
:105FB0009E494860084640680002486008464068BC
:105FC0009DF806100844994948600846008900F485
:105FD0000040B0F5004F12D108460089C0F30E0012
:105FE00088600846806846F6292148408F498860C5
:105FF000084640684BF2A62148408C4948608B48CF
:1060000040688B490860874801788448007803F02D
:10601000EFFC08B10A208AE701A98148007803F063
:1060200041FD08B1142082E7002406E001A8015DCB
:106030007E4824300155601CC4B2102CF6DB4FF0B2
:10604000010A00240BE001A8015D01AA04F1080087
:10605000105C814201D04FF0000A601CC4B2042CD5
:10606000F1DB00240BE001A9201D085C095D81F033
:10607000FF01884201D04FF0000A601CC4B2042C1A
:10608000F1DB9DF8100050B99DF81100FF2806D1F2
:106090009DF8120018B99DF81300FF2801D04FF0A9
:1060A000000ABAF1000F3AD09DF807005F49C861B5
:1060B0000846C0690002C8610846C0699DF806101C
:1060C00008445A49C8610846C0690002C8610846C8
:1060D000C0699DF8051008445449C8610846C06964
:1060E0000002C8610846C0699DF8041008444F4981
:1060F000C8611421062003F07BFC08B10C2016E7D0
:106100006946182003F0D6FC08B10D200FE7474977
:10611000009808730846C0693060002007E74FF018
:106120004B08002406E041482430005D80EA08085E
:10613000601CC4B20F2CF6DB3C4890F8330040459D
:1061400001D00320F3E6394890F827003749C861A9
:106150000846C0690002C8610846C16990F8260077
:1061600008443249C8610846C0690002C86108464F
:10617000C16990F8250008442C49C8610846C069E7
:106180000002C8610846C06991F8241008442749F4
:10619000C861084690F82D703F0290F82C00074423
:1061A000084690F82B502D0290F82A0005442D0245
:1061B000084690F8290005442D02084690F828006A
:1061C0000544084690F82E90B9F1010F03D0B9F1BB
:1061D000020F12D108E005EB070B1448C0695845BF
:1061E00001D00520A3E60AE0A5EB070B0F48C06924
:1061F000584501D006209AE601E0072097E600BF47
:106200000A4890F82F0000F01F000849087308465C
:10621000C069306000208AE62402002020020020AD
:10622000210200202202002023020020E01C002086
:10623000280200202DE9F04F8DB007468946002541
:1062400000203860C9F80000FB480078012811D010
:10625000022802D0032827D119E00520F749087049
:106260001520F74908703720F64908702020F649B4
:10627000087026E00420F14908701020F0490870E9
:106280003920F04908700020EF49087019E0052016
:10629000EA4908701520EA4908703720E949087072
:1062A0004020E94908700CE00520E44908701420FA
:1062B000E34908703720E34908700020E24908707C
:1062C00000BF00BF0BA803F04FFC38B10BA803F0D0
:1062D0004BFC18B101200DB0BDE8F08F002405E0A3
:1062E0000BA8005DD9490855601CC4B2042CF7DB2B
:1062F0001021002003F07CFB08B10120EBE703A98B
:10630000012003F0CFFB08B10120E4E79DF80D0068
:10631000CE49886008468068000288600846806828
:106320009DF80C100844C94988609DF81100486028
:106330000846406800024860084640689DF8101012
:106340000844C24948600846406800024860084660
:1063500040689DF80F100844BC49486008464068F2
:1063600000024860084640689DF80E100844B7498E
:1063700048600846008900F40040B0F5004F12D193
:1063800008460089C0F30E0088600846806846F61B
:1063900029214840AD498860084640684BF2A62153
:1063A0004840AA494860A9484068A9490860A548EA
:1063B0000178A248007803F01BFB08B10A208AE7A5
:1063C0009D480078012835D103A9122003F06AFB0B
:1063D00008B114207FE79DF81000AB2812D19DF87A
:1063E0001100CD280ED19DF80F502D029DF80E0002
:1063F00005442D029DF80D0005442D029DF80C006A
:10640000054400E000259DF80C00FF280CD19DF804
:106410000D00FF2808D19DF80E00FF2804D19DF83B
:106420000F00FF2800D100258A48854200D10025B1
:10643000C9F8005003A98248007803F033FB08B183
:10644000142048E7002406E003A8015D7F482430BB
:106450000155601CC4B2102CF6DB01200290002410
:106460000BE003A8015D03AA04F10800105C81425F
:1064700001D000200290601CC4B2042CF1DB002487
:106480000BE003A9201D085C095D81F0FF01884233
:1064900001D000200290601CC4B2042CF1DB9DF8F6
:1064A000180050B99DF81900FF2806D19DF81A0070
:1064B00018B99DF81B00FF2801D000200290029817
:1064C00090B39DF80F006149C8610846C069000299
:1064D000C8610846C0699DF80E1008445B49C86150
:1064E0000846C0690002C8610846C0699DF80D10E1
:1064F00008445649C8610846C0690002C861084698
:10650000C0699DF80C1008445049C8611421062048
:1065100003F06EFA08B10C20DDE601A9182003F0A3
:10652000C9FA10B10D20D6E607E048490198087372
:106530000846C06938600020CDE64FF04B0A0024C1
:1065400006E042482430005D80EA0A0A601CC4B2BA
:106550000F2CF6DB3D4890F83300504501D0032066
:10656000B9E63A4890F827003849C8610846C0693A
:106570000002C8610846C16990F826000844334902
:10658000C8610846C0690002C8610846C16990F840
:10659000250008442D49C8610846C0690002C86149
:1065A0000846C06991F8241008442849C861084683
:1065B00090F82D804FEA082890F82C008044084677
:1065C00090F82B60360290F82A00064436020846FE
:1065D00090F8290006443602084690F82800064440
:1065E000084690F82EB0BBF1010F03D0BBF1020FAB
:1065F00012D108E006EB08051448C069A84201D092
:10660000052068E60AE0A6EB08051048C069A84224
:1066100001D006205FE601E007205CE600BF0B48E2
:1066200090F82F0000F01F00084908730846C06961
:10663000386000204FE600002402002020020020E5
:10664000210200202202002023020020E01C002062
:106650002802002017FCFF0001460E2924D2DFE8A3
:1066600001F007090B0D0F11131517191B1D1F2121
:10667000192070471A20FCE71C20FAE71D20F8E7D4
:106680001E20F6E72020F4E72120F2E72220F0E7A1
:106690002420EEE72520ECE72620EAE72820E8E79B
:1066A0002920E6E72A20E4E70020E2E701460E2958
:1066B00024D2DFE801F007090B0D0F11131517198C
:1066C0001B1D1F21192070471A20FCE71C20FAE728
:1066D0001D20F8E71E20F6E72020F4E72120F2E74E
:1066E0002220F0E72420EEE72520ECE72620EAE749
:1066F0002820E8E72920E6E72A20E4E70020E2E76F
:106700007CB52EA103C9CDE90001642305226946A9
:106710002C4803F0EAF809F01FFB0546062D01D0CE
:1067200079207CBD09F040FB04462749601A8C4261
:1067300036D012DC2549A4EB01008C422AD007DCBC
:1067400023482044F0B1012828D0022834D123E086
:1067500004281DD0FC282FD116E0B0F5FF3F23D030
:1067600009DCB0F5007F23D0B0F5C06F22D0B0F5C2
:106770007E4F21D10AE017490844B8B1B0F5802F07
:106780001AD10FE06420CCE76E20CAE76F20C8E77B
:106790006520C6E76620C4E76720C2E76820C0E737
:1067A0006A20BEE76B20BCE76C20BAE76D20B8E733
:1067B0006E20B6E76F20B4E77820B2E702524603B6
:1067C00015000000580A002030323000343030000C
:1067D000D0CFCFFF0002FCFF70B50A480468001D4F
:1067E0000568001D0668344454B108220649204655
:1067F00003F09BFF042204491031284603F095FF63
:1068000070BD0000E8F7FF1FAA000020014600222B
:1068100091F82100022808D00420886300BF0020DE
:1068200081F8200000BF012070470868006820F050
:106830000E000B6818600868006820F001000B6803
:10684000186091F8403001209840CB6B58600120CF
:1068500081F8210000BF002081F8200000BF104611
:10686000E2E7000070B50446002594F821000228F4
:1068700003D00420A063012548E02068006820F0D0
:106880000E00216808602068006820F0010021687F
:1068900008601F492068884201D1012026E01C4978
:1068A00014312068884201D110201FE01849283196
:1068B0002068884201D1801518E015493C312068D4
:1068C000884201D1801411E011495031206888427A
:1068D00002D14FF4803009E00D49643120688842CC
:1068E00002D14FF4801001E04FF080700849083960
:1068F0004860012084F8210000BF002084F82000B7
:1069000000BF606B10B12046616B8847284670BDA0
:106910000800024070B5044600F080FA064625469D
:10692000681C10B104480078054400BF00F076FAF6
:10693000801BA842FAD370BDE40000202DE9F0418D
:1069400004460E460127002500BF2648007E012888
:1069500002D10220BDE8F08101202249087600BF63
:106960002068022813D14CF25030FFF759FA90BB3F
:106970000120FFF7DBF94CF25030FFF751FA0746E0
:106980001948006920F004001749086123E04CF21F
:106990005030FFF745FAF0B94FF0FF303060A5688E
:1069A00012E02846FFF7D6F94CF25030FFF738FADC
:1069B00007460D48006920F002000B4908610FB13D
:1069C000356007E005F58065D4E9021001EB802011
:1069D000A842E6D800BF00BF00200249087600BFE9
:1069E0003846B7E7401C00200020024003480069F9
:1069F00040F08000014908610020704700200240FB
:106A00002DE9FE4F05468B46174698460126002481
:106A10000020029000BF2448007E012802D10220FD
:106A2000BDE8FE8F01202049087600BF4CF25030AF
:106A3000FFF7F6F9064686BB012D02D10120029030
:106A400006E0022D02D10220029001E00420029013
:106A500000241EE02201B946C24648465146FEF7D0
:106A600061FF80B20190022000FB04B00090019908
:106A7000FFF784F94CF25030FFF7D2F906460B4885
:106A8000006920F001000949086106B104E0601CBA
:106A9000C4B202988442DDDB00BF00BF002002497F
:106AA000087600BF3046BBE7401C002000200240B3
:106AB00000200849096901F0800151B10649054AE1
:106AC0005160064951601146096901F0800101B128
:106AD000012070470020024023016745AB89EFCDBC
:106AE0002DE9F8470346002294466EE14FF0010875
:106AF00008FA02F4D1F8008008EA0400A0427DD12F
:106B0000DFF8DCA2D1F80480A8EB0A09D0453AD01E
:106B100014DCB8F1030F50D009DCB8F1000F31D00C
:106B2000B8F1010F1CD0B8F1020F49D120E0B8F143
:106B3000110F18D0B8F1120F42D11EE0B9F5881F1D
:106B400025D006DCB9F5803F20D0B9F5801F37D1BC
:106B50001AE0B9F5001F18D0B9F5041F30D117E0BD
:106B6000D1F80CC02DE0D1F80C8008F1040C28E01D
:106B7000D1F80C8008F1080C23E0D1F80C8008F162
:106B80000C0C1EE000BF00BF00BF00BF00BF00BF75
:106B9000D1F80880B8F1000F02D14FF0040C0BE0DF
:106BA000D1F80880B8F1010F03D14FF0080C1C6137
:106BB00002E04FF0080C5C6103E04FF0000C00E0D5
:106BC00000BF00BFFF2801D8984601E003F1040888
:106BD0004646FF2802D84FEA820803E0A2F10808DF
:106BE0004FEA88084746D6F800804FF00F0909FAA7
:106BF00007F928EA09080CFA07F900E088E048EAF2
:106C00000908C6F80080D1F8048008F08058B8F16F
:106C1000805F7DD100BFDFF8CC81D8F8188048F0C4
:106C20000108DFF8C091C9F81880C846D8F8188064
:106C300008F00108CDF8008000BF00BF4FEAB93866
:106C40004FEA920958F829504FEA82784FEA1879AA
:106C50004FF00F0808FA09F825EA0805DFF88881DF
:106C6000434502D14FF0000816E0DFF8808143452C
:106C700002D14FF001080FE0DFF87481434502D1E3
:106C80004FF0020808E0DFF86C81434502D14FF075
:106C9000030801E04FF004084FEA82794FEA1979BE
:106CA00008FA09F848EA0505DFF84C814FEA92092D
:106CB00048F82950D1F8048008F48038B8F5803FAE
:106CC0000AD1DFF83881D8F8008048EA0008DFF8F8
:106CD0002C91C9F8008009E0DFF82081D8F8008005
:106CE00028EA0008DFF81491C9F80080D1F8048080
:106CF00008F40038B8F5003F10D1DFF8008108F142
:106D00000408D8F8008048EA0008DFF8F09000E0B6
:106D10005AE009F10409C9F800800DE0DFF8DC80D1
:106D200008F10408D8F8008028EA0008DFF8CC90C1
:106D300009F10409C9F80080D1F8048008F480182A
:106D4000B8F5801F0ED1DFF8B48008F10808D8F834
:106D5000008048EA0008DFF8A49009F10809C9F8A2
:106D600000800DE0DFF8948008F10808D8F8008072
:106D700028EA0008DFF8849009F10809C9F80080C2
:106D8000D1F8048008F40018B8F5001F0ED1DFF820
:106D90006C8008F10C08D8F8008048EA0008DFF899
:106DA0005C9009F10C09C9F800800DE0DFF84C8017
:106DB00008F10C08D8F8008028EA0008DFF83C90B9
:106DC00009F10C09C9F80080521CD1F8008028FA9A
:106DD00002F8B8F1000F7FF489AEBDE8F887000033
:106DE000000011100010024000080140000C01409A
:106DF000001001400014014008000140000401405F
:106E0000024693680B400BB1012000E00020704760
:106E10000AB1016101E00B04036170470148006899
:106E200070470000DC00002070B504460CB901205A
:106E300070BD4CF6CC402168086045F25550216881
:106E40000860D4E9001048602168A0688860FFF7F6
:106E5000E5FF05460BE0FFF7E1FF401B272806D9B9
:106E60002068C06800F0030008B10320E0E7206854
:106E7000C06800F003000028EDD14AF6AA2021687E
:106E800008600020D4E7000003480068034909783F
:106E90000844014908607047DC000020E40000203D
:106EA00010B50848006840F010000649086003204B
:106EB00000F0A8F8002000F007F800F02BF8002000
:106EC00010BD00000020024070B504460E48007856
:106ED0004FF47A71B1FBF0F00C490968B1FBF0F5A1
:106EE000284602F068F808B1012070BD102C07D2C6
:106EF00000222146501E00F047F80548046001E0DA
:106F00000120F2E70020F0E7E4000020F800002074
:106F1000E000002008B500BF1148806940F0010082
:106F20000F4988610846806900F00100009000BFA9
:106F300000BF00BF0846C06940F08050C8610846E5
:106F4000C06900F08050009000BF00BF00BF05493D
:106F5000486820F0E06040F00070486000BF08BD65
:106F6000001002400000014001460846002809DBED
:106F700000F01F0301229A4043099B0003F1E02324
:106F8000C3F8002100BF70472DE9F05F80460D4631
:106F90001646002709F08CFC074639462A46334638
:106FA00001F00700C0F1070ABAF1040F02D94FF04F
:106FB000040A01E0C0F1070AD14600F1040ABAF15F
:106FC000070F02D24FF0000A01E0A0F1030AD446F5
:106FD0004FF0010A0AFA09FAAAF1010A0AEA020ABA
:106FE0000AFA0CFA4FF0010B0BFA0CFBABF1010B98
:106FF0000BEA030B4AEA0B042146404609F060FC09
:10700000BDE8F09F00BF00F00702064B19684FF67D
:10701000FF031940044B0B4343EA0221014B196063
:1070200000BF70470CED00E00000FA0570B50546A2
:107030000C4604F08000802808D104F0070000EB23
:10704000800605F1280000EBC60105E004EB84068C
:1070500005F5B47000EBC6011AB900200873CB80A7
:1070600004E0012008730B81180C4881002070BDDA
:10707000704770B504460D4605EB850304F1280101
:1070800001EBC3014A692946D4F8E80206F038FF4B
:1070900070BD70B504460D4605EB850304F5B4716B
:1070A00001EBC3014A692946D4F8E80206F0A8FFBB
:1070B00070BD70B504460E4606F0800080280AD1E7
:1070C00006F0070000EB800104F1280000EBC10589
:1070D0000120687009E006F0070000EB800104F56C
:1070E000B47000EBC1050020687006F0070028703E
:1070F00000BF94F8A802012801D1022070BD012030
:1071000084F8A80200BF2946206807F001FE00BFEE
:10711000002084F8A80200BF00BFEFE770B5044666
:107120000E4606F00F006168884201D9012070BD4B
:1071300006F0800080280AD106F0070000EB8001ED
:1071400004F1280000EBC1050120687009E006F099
:10715000070000EB800104F5B47000EBC1050020CE
:1071600068700020A87006F00700287000BF94F82F
:10717000A802012801D10220D9E7012084F8A80241
:1071800000BF2946206807F01FFF00BF002084F8D9
:10719000A80200BF00BFCAE72DE9F04105460C4632
:1071A000174607F48040002850D02868B0F85010E7
:1071B000207801EBC000801C296801F5806131F85E
:1071C0001000C0F30906A069B04203D3A069801B78
:1071D000A06101E00020A061A069A8B900BF2278E9
:1071E0005200296831F812104BF68F7201EA020042
:1071F00080F4005040F4004141F0800123785B00AE
:107200002A6822F8131000BF07F04000A8B100BFA1
:1072100000BF22785200296831F8121048F68F72A8
:1072200001EA020040F4004141F0C00123785B0014
:107230002A6822F8131000BF00BF002E55D0228903
:1072400061693346286808F035FD4EE02868B0F8DB
:107250005010207801EBC000801D296801F5806185
:1072600031F81000C0F30906A069B04203D3A06949
:10727000801BA06101E00020A061A069A8B900BF47
:1072800022785200296831F812104BF68F7201EA09
:10729000020080F4005040F4004141F08001237866
:1072A0005B002A6822F8131000BF07F04000A8B95D
:1072B00000BF00BF22785200296831F8121048F64A
:1072C0008F7201EA020040F4004141F0C0012378CE
:1072D0005B002A6822F8131000BF00BF2EB162893C
:1072E00061693346286808F0E5FC3046BDE8F08166
:1072F0002DE9F04705460C46904608F0400000286E
:1073000071D02868B0F85010207801EBC000801CC4
:10731000296801F5806131F81000C0F30907A06900
:10732000B84203D9A069C01BA06101E00020A061A0
:10733000A06900287ED100BF6078C8B900BF296865
:107340002A68B2F8502011442278022303EBC202CB
:1073500001F5806303EB420000BF028848F2FF336F
:107360001A400280028842F40042028000BF13E00B
:107370006078012810D100BF28682A68B2F8502030
:1073800010442278022303EBC20200F5806303EB72
:10739000420100220A8000BF00BF00BF2968607858
:1073A00010BB00BF2B68D5F800C0BCF850C06344C8
:1073B00094F800C04FF0060909EBCC0C03F5806986
:1073C00009EB4C0000BFB0F800C048F2FF390CEAEE
:1073D000090CA0F800C0B0F800C04CF4004CA0F8B4
:1073E00000C000BF11E0C0E0607801280DD128681E
:1073F000B0F8500001442078062303EBC00001F5EB
:10740000806303EB40020020108000BF21782846F3
:10741000FFF72FFE08F48040002816D000BF00BF01
:1074200022785200296831F8121048F68F7201EA6A
:10743000020000E00AE040F4004141F48141237879
:107440005B002A6822F8131000BFCAE108F48040EC
:10745000A8B100BF00BF22785200296831F812108D
:1074600048F68F7201EA020040F4004141F4814283
:1074700023785B00296821F8132000BF00BF94F82F
:1074800024000128E1D1606938446061E069384432
:10749000E0612169206A884204D32669206A801B42
:1074A00020620BE0206A20B93E46002084F82400C8
:1074B00004E0002084F82400266A206200BF60787F
:1074C000B8BB00BF2A682968B1F850100A44217877
:1074D000022303EBC10102F5806303EB410108467F
:1074E00000BF56B9038848F2FF3C03EA0C0303804F
:1074F000038843F40043038019E03E2E0BD800BFFD
:10750000710806F0010303B1491C4FF6FF7303EA4B
:10751000812303800BE000BF710906F01F0303B94C
:10752000491E4FF4004343EA8123038000BF00BF9C
:1075300013E0FFE7607801280FD100BF28682A68B0
:10754000B2F8502010442278022303EBC20200F567
:10755000806303EB42010E8000BF00BFB3B22289FB
:107560006169286808F0D5FB3BE12868B0F8501045
:10757000207801EBC000801D296801F5806131F899
:107580001000C0F30907A069B84203D3A069C01B6B
:10759000A06101E00020A061A06900287DD100BFAA
:1075A0006078C8B900BF29682A68B2F85020114431
:1075B0002278022303EBC20201F5806303EB420051
:1075C00000BF028848F2FF331A400280028842F46A
:1075D0000042028000BF13E06078012810D100BF94
:1075E00028682A68B2F8502010442278022303EB5E
:1075F000C20200F5806303EB420100220A8000BF53
:1076000000BF00BF2968607808BB00BF2B68D5F8B1
:1076100000C0BCF850C0634494F800C04FF00609A5
:1076200009EBCC0C03F5806909EB4C0000BFB0F806
:1076300000C048F2FF390CEA090CA0F800C0B0F80D
:1076400000C04CF4004CA0F800C000BF10E060780F
:1076500001280DD12868B0F8500001442078062395
:1076600003EBC00001F5806303EB400200201080B3
:1076700000BF21782846FFF7FCFC08F48040002872
:1076800016D100BF00BF22785200296831F81210CD
:1076900048F68F7201EA020000E00AE040F400417F
:1076A00041F4814123785B002A6822F8131000BF5F
:1076B00097E008F48040A8B900BF00BF22785200CC
:1076C000296831F8121048F68F7201EA020040F47E
:1076D000004141F4814123785B002A6822F81310AD
:1076E00000BF00BF94F8240001287AD160693844B3
:1076F0006061E0693844E0612169206A884204D30E
:107700002669206A801B20620BE0206A20B93E4671
:10771000002084F8240004E0266A0020206284F817
:10772000240000BF2A68607890BB00BFD5F800C075
:107730002968B1F850108C4421784FF0060909EB04
:10774000C1010CF5806909EB4101084600BF76B91B
:10775000B0F8009048F2FF3A09EA0A09A0F8009050
:10776000B0F8009049F40049A0F8009020E03E2EC7
:107770000FD800BF710806F00109B9F1000F00D061
:10778000491C4FF6FF7909EA8129A0F800900FE023
:1077900010E000BF710906F01F09B9F1000F00D118
:1077A000491E4FF4004949EA8129A0F8009000BF22
:1077B00000BF0FE0607801280CD12868B0F85000B5
:1077C00002442078062101EBC00002F5806101EB44
:1077D00040031E8000BFB3B262896169286808F067
:1077E00098FA00BF22785200296831F8121048F642
:1077F000BF7201EA020080F0100080F0200040F427
:10780000004141F0800123785B002A6822F81310C0
:1078100000BF0020BDE8F087024601F0070000EB42
:10782000800302F5B47000EBC300C06970472DE916
:10783000F04705460E4690461F464FF0000906F0F9
:10784000800080280AD106F0070000EB800105F1D6
:10785000280000EBC1040120607009E006F0070079
:1078600000EB800105F5B47000EBC10400206070EE
:1078700006F007002070C4F81080E770607808B147
:107880002078E081022F01D10020207100BF95F8FF
:10789000A802012802D10220BDE8F087012085F866
:1078A000A80200BF2146286807F008F800BF0020A2
:1078B00085F8A80200BF4846EEE72DE9F0410546ED
:1078C0000E461746984606F0070000EB800105F5C6
:1078D000B47000EBC1046761C4F818800020E06157
:1078E000607006F00700207006F0070020B92146FE
:1078F000286807F004FC03E02146286807F0FFFB36
:107900000020BDE8F08170B504460D4605F0070083
:107910006168884201D9012070BD05F0800080288F
:107920000AD105F0070000EB800104F1280000EB0C
:10793000C1060120707007E005EB850104F5B47005
:1079400000EBC106002070700120B07005F0070048
:10795000307000BF94F8A802012801D10220DBE7B3
:10796000012084F8A80200BF3146206807F099FB87
:1079700005F0070020B904F52C71206807F021FB01
:1079800000BF002084F8A80200BF00BFC4E72DE9B3
:10799000F04105460E4690461F4606F0070000EBF4
:1079A000800105F1280000EBC104C4F81480A76130
:1079B000012084F8240027620020E061012060702B
:1079C00006F00700207006F0070020B9214628685D
:1079D00007F095FB03E02146286807F090FB0020A4
:1079E000BDE8F0817FB50446206808F05FF900F437
:1079F0000040B0F5004F02D1204604F0AFF82068F7
:107A000008F054F900F48060B0F5806F0FD1206861
:107A1000B0F844004FF6FF3108402168A1F8440057
:107A2000204600F09FF90021204600F0BBF92068B5
:107A300008F03CF900F48040B0F5804F08D1206890
:107A4000B0F844004BF6FF7108402168A1F84400EB
:107A5000206808F02BF900F40050B0F5005F08D161
:107A60002068B0F844004DF6FF7108402168A1F885
:107A70004400206808F01AF900F48050B0F5805FE7
:107A80001DD12068B0F840004FF6FB710840216816
:107A9000A1F840002068B0F840004FF6F7710840A8
:107AA0002168A1F84000204600F06EF92068B0F887
:107AB00044004EF6FF7108402168A1F84400206898
:107AC00008F0F4F800F40060B0F5006F55D100251F
:107AD00007E06900206830F811002DF81500681CD7
:107AE000C5B2082DF5D32068B0F8400040F0010081
:107AF0002168A1F840002068B0F840004FF6FE7100
:107B000008402168A1F8400000BF2068B0F8440098
:107B100000F480600028F8D02068B0F844004FF6E8
:107B2000FF3108402168A1F84400002507E03DF836
:107B300015006A00216821F81200681CC5B2082DE2
:107B4000F5D32068B0F8400040F008002168A1F8A3
:107B500040002068B0F844004FF2FF7108402168EF
:107B6000A1F844002068B0F8400040F0040021680B
:107B7000A1F84000204600F057F9206808F096F878
:107B800000F40070B0F5007F0BD12068B0F844001D
:107B90004FF6FF5108402168A1F84400204600F04C
:107BA000FAF8206808F082F800F48070B0F5807F61
:107BB00008D12068B0F844004FF6FF610840216802
:107BC000A1F844007FBD30B585B0044614B901204A
:107BD00005B030BD94F8A90228B9002084F8A802A5
:107BE000204600F09DF8032084F8A902206807F0E1
:107BF000DEF9142204F110016846FDF7A3FE94E8B3
:107C00000F0007F081F820B1022084F8A9020120BA
:107C1000DEE70021206808F072F8002531E001213C
:107C200005EB850204F1280000EBC200417005EB72
:107C3000850104F1280000F8315005EB850100EBC7
:107C4000C100C581002105EB850204F1280000EB8D
:107C5000C200C17005EB850204F1280000EBC200F0
:107C6000016105EB850204F1280000EBC2004161CF
:107C700005EB850204F1280000EBC2008161681C5D
:107C8000C5B26068A842CAD800252AE0002105EBE9
:107C9000850204F5B47000EBC200417005EB85016C
:107CA00004F5B47000F83150002105EB850200EBBB
:107CB000C200C17005EB850204F5B47000EBC20090
:107CC000016105EB850204F5B47000EBC20041616F
:107CD00005EB850204F5B47000EBC2008161681CFD
:107CE000C5B26068A842D1D8142204F110016846D8
:107CF000FDF728FE94E80F0007F04EF920B10220AE
:107D000084F8A902012063E7002084F82400012000
:107D100084F8A902206807F03CF9002058E7000029
:107D200038B504460D492068884215D100BF0C487B
:107D3000C06940F400000A49C8610846C06900F4FF
:107D40000000009000BF00BF002211461420FFF782
:107D50001BF91420FFF708F938BD0000005C004053
:107D60000010024070B504460125A068022801D029
:107D7000FDF7D4FF2946D4F8E80206F075FAD4F8E6
:107D8000E80206F027FA70BD10B50446D4F8E80200
:107D900006F04EFA10BD10B50446D4F8E80206F01D
:107DA00052FA10BD70B504460D4600BF94F8A80203
:107DB000012801D1022070BD012084F8A80200BF73
:107DC00084F824502946206807F09CFF00BF00205B
:107DD00084F8A80200BF00BFEDE710B5044604F523
:107DE0002C71D4F8E80206F056FA10BD10B504461E
:107DF00000BF94F8A802012801D1022010BD012083
:107E000084F8A80200BF206807F03EFF0121204649
:107E1000FFF72EF9206807F0B9F800BF002084F8BA
:107E2000A80200BF00BFE9E710B50446D4F8E80295
:107E300006F08AFAA06928B10348006840F00600FD
:107E40000149086010BD000010ED00E0012001496B
:107E50000862704700000E422DE9F04385B00646E7
:107E60003BA30FCB01AC0FC43DA0006800904FF0C6
:107E70000008002500270024A146012E30D0022E44
:107E800055D0102E5ED137484468006800F08070ED
:107E900000B301A8C4F38341475C04F4803070B19F
:107EA00030484068C0F340401DF8008004F4803042
:107EB00040B12D48B0FBF8F000FB07F502E02B487D
:107EC00007FB00F52748406800F48000B0F5800FFC
:107ED00001D1A94603E068000321B0FBF1F932E0CB
:107EE0002048046A04F44070B0F5807F05D104F0A6
:107EF000020010B14FF4004918E004F44070B0F5EE
:107F0000007F07D11748406A00F0020010B149F61F
:107F100040490BE004F44070B0F5407F06D11148B1
:107F2000006800F4003008B14FF224490BE000F083
:107F30009BF90C494968C1F38131491C4900B0FBE8
:107F4000F1F900E000BF00BF484605B0BDE8F0838E
:107F500002030405060708090A0B0C0D0E0F10108A
:107F6000010200000010024000127A0000093D00EA
:107F7000F8B5044600260025207800F0010000280E
:107F80006BD000274348C06900F0805070B900BF33
:107F90004048C06940F080503E49C8610846C06909
:107FA00000F08050009000BF00BF01273A480068F1
:107FB00000F48070B0B93848006840F480703649E9
:107FC0000860FEF72BFF064606E0FEF727FF801B42
:107FD000642801D90320F8BD2F48006800F48070A0
:107FE0000028F2D02B48006A00F440752DB3A08819
:107FF00000F44070A84220D02648006A20F4407562
:10800000012026490860002008602248056205F02A
:10801000010090B1FEF702FF064608E0FEF7FEFE03
:10802000801B41F28831884201D90320D3E71948E7
:10803000006A00F002000028F0D01648006A20F420
:1080400040706168084313490862012F04D1084653
:10805000C06920F08050C86100BF207800F00200A5
:10806000022807D10B48406820F44040A16808432B
:1080700008494860207800F01000102807D1054812
:10808000406820F48000E16808430249486000200D
:10809000A1E700000010024000700040400442428E
:1080A0007047000070B504460D460CB9012070BD44
:1080B0005A48006800F00700A8420ED257480068EE
:1080C00020F007002843554908600846006800F082
:1080D0000700A84201D00120E9E7207800F0020063
:1080E00002281DD1207800F00400042805D14C4856
:1080F000406840F4E0604A494860207800F0080099
:10810000082805D14648406840F46050444948601A
:108110004348406820F0F000A168084340494860A7
:10812000207800F0010078B36068012806D13C484F
:10813000006800F4003090B90120B8E760680228B8
:1081400006D13748006800F0007040B90120AEE762
:108150003348006800F0020008B90120A7E7304862
:10816000406820F00300616808432D494860FEF72D
:1081700055FE064609E0FEF751FE801B41F28831AC
:10818000884202D9032092E707E02548406800F0C2
:108190000C006168B0EB810FEDD12048006800F061
:1081A0000700A8420ED91D48006820F007002843A8
:1081B0001A4908600846006800F00700A84201D08C
:1081C000012074E7207800F00400042807D1144847
:1081D000406820F4E060E168084311494860207875
:1081E00000F00800082808D10D48406820F46050CD
:1081F000216940EAC1000A49486000F045F8084991
:108200004968C1F30311074A515CC8400649086038
:1082100006480068FEF758FE002048E700200240AC
:1082200000100240041F0108F8000020E0000020B8
:1082300001200149C86470470000424201480068BB
:1082400070470000F800002000B5FFF7F7FF044971
:108250004968C1F30221034A515CC84000BD0000D7
:1082600000100240141F010800B5FFF7E7FF0449A2
:108270004968C1F3C221034A515CC84000BD0000F7
:1082800000100240141F0108F0B585B00FF26C0C0D
:108290009CE8E01001A8A0E8E0101CA52D6800955E
:1082A00000210022002300240020194D696801F0FC
:1082B0000C05F5B1042D02D0082D19D101E01548A7
:1082C00019E001ADC1F38346AC5D01F4803555B1D1
:1082D0000F4D6D68C5F340451DF805200D4D6543F4
:1082E000B5FBF2F302E00C4D04FB05F3184602E087
:1082F00000BF084800BF00BF05B0F0BD0203040581
:10830000060708090A0B0C0D0E0F101001020000E1
:108310000010024000127A0000093D0010B5064826
:10832000806800F08000802804D1FFF7B9FE80202B
:108330000149887210BD000000100240F8B50446E3
:108340000CB90120F8BD207800F00100002878D099
:10835000F848406800F00C0004280CD0F54840684C
:1083600000F00C00082811D1F248406800F4803079
:10837000B0F5803F0AD1EF48006800F400300028D3
:108380005FD0606800285CD10120DBE700BF606837
:10839000B0F5803F06D1E748006840F48030E549F9
:1083A000086028E0606858B9E248006820F480302E
:1083B000E04908600846006820F4802008601AE060
:1083C0006068B0F5A02F0BD1DA48006840F4802037
:1083D000D84908600846006840F4803008600AE028
:1083E000D448006820F48030D2490860084600680C
:1083F00020F48020086000BF606888B1FEF70EFDA1
:10840000054606E0FEF70AFD401B642801D903205B
:1084100098E7C848006800F400300028F2D010E067
:10842000FEF7FCFC054606E0FEF7F8FC401B64285E
:1084300001D9032086E7BF48006800F40030002817
:10844000F2D1207800F00200022857D1B9484068E4
:1084500000F00C0050B1B748406800F00C0008284C
:1084600018D1B448406800F4803098B9B148006829
:1084700000F0020020B12069012801D0012061E74D
:10848000AC48006820F0F800616940EAC100A949E1
:10849000086033E02069E8B10120A7490860FEF7D1
:1084A000BDFC054606E0FEF7B9FC401B022801D9D9
:1084B000032047E79F48006800F002000028F2D040
:1084C0009C48006820F0F800616940EAC1009949C1
:1084D000086013E0002098490860FEF79FFC0546FD
:1084E00006E0FEF79BFC401B022801D9032029E788
:1084F0009048006800F002000028F2D1207800F0D7
:10850000080008282DD1A069B8B101208B49086066
:10851000FEF784FC054606E0FEF780FC401B0228BF
:1085200001D903200EE78348406A00F002000028CA
:10853000F2D0012003F0E8FF13E000207F4908603B
:10854000FEF76CFC054606E0FEF768FC401B0228BF
:1085500001D90320F6E67748406A00F002000028BF
:10856000F2D1207800F00400042873D1002771486C
:10857000C06900F0805070B900BF6E48C06940F01B
:1085800080506C49C8610846C06900F08050009076
:1085900000BF00BF01276A48006800F48070B0B9CE
:1085A0006748006840F4807065490860FEF736FC53
:1085B000054606E0FEF732FC401B642801D9032083
:1085C000C0E65F48006800F480700028F2D000BF69
:1085D000E068012806D15748006A40F0010055497B
:1085E000086227E0E06858B95248006A20F00100AC
:1085F000504908620846006A20F00400086219E049
:10860000E06805280BD14B48006A40F00400494956
:1086100008620846006A40F0010008620AE0454826
:10862000006A20F00100434908620846006A20F011
:108630000400086200BFE068A0B1FEF7EFFB05464A
:1086400009E0FEF7EBFB401B41F28831884202D97A
:10865000032077E622E03748006A00F00200002895
:10866000EFD012E0FEF7DAFB054608E0FEF7D6FB96
:10867000401B41F28831884201D9032062E62D482F
:10868000006A00F002000028F0D1012F05D129482E
:10869000C06920F080502749C86100BFE069C8B3B5
:1086A0002448406800F00C00082860D0E0690228E7
:1086B00048D1002020490866FEF7B0FB054606E0D9
:1086C000FEF7ACFB401B022801D903203AE619480B
:1086D000006800F000700028F2D1206AB0F5803FF9
:1086E00007D11448406820F40030A16808431149BC
:1086F0004860D4E9080108430E49496821F474111F
:1087000008430C49486001200B490866FEF786FBC8
:10871000054607E03DE0FEF781FB401B022801D93A
:1087200003200FE60348006800F000700028F2D034
:108730002FE000000010024000004242800442424C
:1087400000700040002014490866FEF767FB0546EC
:1087500006E0FEF763FB401B022801D90320F1E588
:108760000E48006800F000700028F2D111E0E069C6
:10877000012800D1E6E50948466806F48031206A00
:10878000814204D106F47011606A814201D0012057
:10879000D8E50020D6E5000000004242001002406B
:1087A0002DE9F04780460E4692460025002700241A
:1087B000A146404603F001FF81462548B9FBF0F48D
:1087C00024480068A04240D02248046040F2B275BC
:1087D0000EE0284608F09CFB012806D1B4F5B77FCF
:1087E00002D3A4F5B77402E005E0A4F26D146D1C89
:1087F000B4F5B67FEDD800BF2F46A5F5FA60F0704E
:10880000002515E0012D09D1384608F081FB01282B
:1088100004D11D2C01D31D3C09E00BE00E48405D46
:10882000A04203D80C48405D241A00E002E06D1C11
:108830001C2CE7D200BF681C7070601CB070B2784E
:108840007178F07803F0D3FE30700020BDE8F08737
:1088500080510100F4000020F81E01082DE9F047C6
:1088600007460C4691460026B04600253868406809
:10887000C0F3800010B10120BDE8F087384603F056
:108880009CFE06464FF46160B6FBF0F5B6FBF0F1D6
:1088900000FB11603C21B0FBF1F060704FF46160AF
:1088A000B6FBF0F100FB11603C21B0FBF1F201FBE3
:1088B0001200A0701820B5FBF0F100FB11502070E1
:1088C000182D08D31820B5FBF0F8B5FBF0F100FB2C
:1088D0001150207000E025700020CDE770B50446EF
:1088E00000250CB9012070BD607C20B900202074E7
:1088F000204600F05BF802206074204600F085F905
:1089000018B1042060740120EDE7204603F01BFE3F
:1089100018B1042060740120E5E72068406820F069
:10892000070021684860A06828B11F48006820F04F
:1089300001001D4908601C48001F006820F4607099
:10894000A16808431849091F08606068401C08B105
:10895000656809E00120FFF77FFA05461DB904208C
:1089600060740120BFE76D1E2068806820F00F0052
:1089700040EA1540216888602068C06865F30F00F0
:108980002168C860204603F0FBFD18B10420607424
:108990000120A8E70021E17301216173A173012087
:1089A000607400209FE70000306C004038B504463A
:1089B0000B492068884212D1FFF748FA00BF0948E6
:1089C000C06940F000600749C8610846C06900F00E
:1089D0000060009000BF00BF01200349086038BD5F
:1089E00000280040001002403C0442422DE9F04FB4
:1089F00087B006460F464FF00009002006908046DB
:108A00000024059004900390824600BF48A207CA44
:108A10008DE80700304603F0D0FD81464FF46160D9
:108A2000B9FBF0F006904FF46160B9FBF0F100FB88
:108A300011903C21B0FBF1F0C0B204904FF46160A2
:108A4000B9FBF0F100FB11903C21B0FBF1F201FB0E
:108A50001200039018210698B0FBF1F201FB1200FE
:108A60000590F87800F5FA6840F63300804500D9A3
:108A7000804640F2B270804500D2804640F2B27526
:108A80000AE0284608F044FA012802D12B480444A1
:108A900001E02B4804446D1C4545F2D397F801A032
:108AA000404608F035FA012804D1BAF1020F01D985
:108AB00024480444AAF1010A002507E01DF8050036
:108AC00040F2A321484304EBC0146D1C5545F5D377
:108AD00097F802B0ABF1010040F2A321484304EB48
:108AE000C0140598C0EB4011C1EB002004EB00144A
:108AF0000498C0EB001004EB80040398044400BF0A
:108B0000307C012803D1022007B0BDE8F08F01209E
:108B1000307400BF022070742146304603F0A9FD76
:108B20000120707400BF0020307400BF00BFEBE76D
:108B30001F1C1F1E1F1E1F1F1E1F1E1F0085E20160
:108B40008033E101805101002DE9F05F04460D46BC
:108B5000904600260027B146B246204603F02DFD80
:108B600007464FF46160B7FBF0F9B9F1180F0AD36B
:108B70001820B9FBF0FA0AEB4A00C0004FF461611B
:108B800000FB01F700E0002700BF207C012802D194
:108B90000220BDE8F09F0120207400BF0220607415
:108BA000B8F1000F0BD128784FF461614843697820
:108BB000C1EB011100EB8100A978461812E028787A
:108BC00003F0B6FC4FF4616100FB01FB687803F031
:108BD000AFFCC0EB00100BEB800BA87803F0A8FCF7
:108BE0000BEB00063E443146204603F042FD206870
:108BF000406820F00500216848600120607400BFD3
:108C00000020207400BF00BFC3E770B504460025F4
:108C10000CB9012070BD2068406820F00800216870
:108C20004860FEF7FBF8054607E0FEF7F7F8401B43
:108C3000B0F57A7F01D90320ECE72068406800F0A6
:108C400008000028F1D00020E4E710B504460CB974
:108C5000012010BD606A38B96068B0F5827F00D12C
:108C600005E00021E16102E0002121616161002154
:108C7000A16294F8510028B9002084F850002046E1
:108C800000F042F8022084F851002068006820F0CB
:108C9000400021680860A08800F48270218901F4F6
:108CA00004410843A18901F400610843217C01F0DB
:108CB00002010843217D01F001010843218B01F4E9
:108CC00000710843217F01F0380108432021095D2C
:108CD00001F080010843218D01F40051084321680F
:108CE00008600421A06901EA1040216848602068FA
:108CF000C06920F400602168C8610020606501201F
:108D000084F851000020A4E710B586B00446002086
:108D100002900390049005901949206888422DD153
:108D200000BF1848806940F48050164988610846A1
:108D3000806900F48050019000BF00BF00BF08466A
:108D4000806940F0040088610846806900F00400F2
:108D5000019000BF00BFA0200290022003900320DA
:108D6000059002A90848FDF7BBFE402002900020B4
:108D70000390049002A90448FDF7B2FE06B010BDAE
:108D80000030014000100240000801402DE9FF5F63
:108D90000446884691461D460E9E01200290002002
:108DA000019000BF94F85000012803D1022004B0C4
:108DB000BDE8F09F012084F8500000BFFEF72EF8B8
:108DC000074694F851B060680390AA46BBF1010FC2
:108DD0000BD00398B0F5827F04D1A06810B9BBF125
:108DE000040F02D002200190DBE0B8F1000F03D0A5
:108DF000B9F1000F00D015B901200190D1E094F82D
:108E00005100042802D0052084F85100002060653C
:108E1000C4F83890E587A587C4F83080E586A58634
:108E2000206460642068006800F04000402805D09D
:108E30002068006840F0400021680860E068B0F5F4
:108E4000006F4AD1606810B1BAF1010F09D1206BEF
:108E500000882168C860206B801C2063E08E401E63
:108E6000E08633E02068806800F00200022810D11C
:108E7000E08E70B1029801280BD1206B0088216828
:108E8000C860206B801C2063E08E401EE0860020BE
:108E900002902068806800F0010068B1E08F58B14E
:108EA0002068C068A16B0880A06B801CA063E08F65
:108EB000401EE08701200290FDF7B0FFC01BB042CA
:108EC00004D3701C10B1032001906AE0E08E0028EA
:108ED000C8D1E08F0028C5D14AE0606810B1BAF16E
:108EE000010F09D1206B007821680873206B401CAA
:108EF0002063E08E401EE08634E02068806800F049
:108F00000200022810D1E08E70B1029801280BD126
:108F1000206B007821680873206B401C2063E08E72
:108F2000401EE086002002902068806800F001006A
:108F300068B1E08F58B12068C068A16B0870A06B61
:108F4000401CA063E08F401EE08701200290FDF7E7
:108F500065FFC01BB04201D3701C00B916B90320D5
:108F600001901EE0E08E0028C7D1E08F0028C4D118
:108F70003A463146204603F0A1FE20B1012001907F
:108F8000202060650DE0A06850B900BF002000906F
:108F90002068C068009020688068009000BF00BF13
:108FA00000BF012084F8510000BF002084F8500069
:108FB00000BF0198FBE670B504462546681EB0F177
:108FC000807F01D301200FE0681E4FF0E02148614F
:108FD0000F214FF0FF3007F073FC00204FF0E0212D
:108FE000886107200861002070BD7047704700004D
:108FF00030B502460B4600BF92F83C00012801D173
:10900000022030BD012082F83C0000BF022082F81F
:109010003D00106844681068816824F07004186886
:10902000044310684460104D1068A8420BD01068CB
:10903000B0F1804F07D00D4D1068A84203D00C4D01
:109040001068A84205D121F08001586801431068DA
:109050008160012082F83D0000BF002082F83C00C2
:1090600000BF00BFCDE70000002C0140000400401D
:109070000008004010B504460CB9012010BD94F85A
:109080003D0028B9002084F83C00204600F026F876
:10909000022084F83D00211D206804F013F801200F
:1090A00084F8460000BF84F83E0001213F200155AE
:1090B000402001554120015500BF00BF012084F828
:1090C000420043200155442001554520015500BF71
:1090D000012084F83D000020D0E7000038B50446A8
:1090E0001A492068884216D100BF1948C06940F06B
:1090F00002001749C8610846C06900F002000090EC
:1091000000BF00BF002211461D20FDF73DFF1D20BE
:10911000FDF72AFF19E02068B0F1804F15D100BF9C
:109120000B48C06940F001000949C8610846C069A0
:1091300000F00100009000BF00BF022211461C2079
:10914000FDF722FF1C20FDF70FFF38BD0004004093
:1091500000100240014691F83D00012801D0012095
:109160007047022081F83D00124B086898420BD0EE
:109170000868B0F1804F07D00F4B0868984203D0C1
:109180000E4B086898420CD10868806800F007020E
:10919000062A0CD00868006840F001000B681860CF
:1091A00005E00868006840F001000B6818600020C6
:1091B000D6E70000002C01400004004000080040F9
:1091C0002DE9F04104460D4600BF94F83C0001280B
:1091D00002D10220BDE8F081012084F83C0000BFEC
:1091E000022084F83D002068866826F0770626F481
:1091F0007F46206886602868502833D00CDC202801
:1092000050D004DC00284BD0102851D149E0302840
:1092100049D040284CD139E060282DD0702807D0A3
:10922000B0F5805F03D0B0F5005F41D10DE040E0C4
:10923000D5E902136A68206803F07EFF206886681B
:1092400046F077062068866033E0D5E902136A6845
:10925000206803F071FF2068806840F48040216836
:10926000886026E0EA686968206803F079FF502189
:10927000206803F06CFF1CE0EA686968206803F06E
:1092800082FF6021206803F062FF12E0EA686968EB
:10929000206803F065FF4021206803F058FF08E0D4
:1092A00000BF00BF00BF2968206803F050FF00E046
:1092B00000BF00BF012084F83D0000BF002084F8FB
:1092C0003C0000BF00BF85E7704710B5044620682A
:1092D0000069C0F34000D8B12068C068C0F3400006
:1092E000B0B16FF00200216808610120207720688A
:1092F000806900F0030018B12046FFF7E5FF05E0A4
:10930000204600F0ADF8204600F0ABF800202077B2
:1093100020680069C0F38000D8B12068C068C0F33D
:109320008000B0B16FF0040021680861022020774E
:109330002068806900F4407018B12046FFF7C4FF30
:1093400005E0204600F08CF8204600F08AF8002066
:10935000207720680069C0F3C000D8B12068C068D9
:10936000C0F3C000B0B16FF00800216808610420AC
:1093700020772068C06900F0030018B12046FFF78D
:10938000A3FF05E0204600F06BF8204600F069F8E6
:109390000020207720680069C0F30010D8B1206851
:1093A000C068C0F30010B0B16FF010002168086110
:1093B000082020772068C06900F4407018B120466A
:1093C000FFF782FF05E0204600F04AF8204600F053
:1093D00048F8002020772068006900F0010058B1AB
:1093E0002068C06800F0010030B16FF00100216812
:1093F0000861204600F036F820680069C0F3C0100C
:1094000058B12068C068C0F3C01030B16FF0800060
:10941000216808612046FFF7E8FD20680069C0F375
:10942000801058B12068C068C0F3801030B16FF070
:10943000400021680861204600F020F8206800699B
:10944000C0F3401058B12068C068C0F3401030B17C
:109450006FF02000216808612046FFF7C7FD10BDAE
:109460007047704710B5044603492068884201D10F
:1094700003F0C4FC10BD00000004004070477047BA
:10948000704700002DE9F84F044620680568206801
:10949000C668206847694FF00009CA4605F00F0901
:1094A000B9F1000F0AD105F0200038B106F0200014
:1094B00020B1204603F0B0FEBDE8F88FB9F1000FEF
:1094C00071D007F0010018B906F4907000286AD036
:1094D00005F0010030B106F4807018B1206C40F046
:1094E0000100206405F0040030B107F0010018B15C
:1094F000206C40F00200206405F0020030B107F05B
:10950000010018B1206C40F00400206405F0080050
:1095100048B106F0200010B907F0010018B1206C26
:1095200040F008002064206C68B305F0200028B1EA
:1095300006F0200010B1204603F06EFE206840695E
:10954000C0F3801A206C00F0080010B9BAF1000FC7
:1095500022D0204603F035FE2068406900F040002C
:10956000B0B12068406920F0400021684861A06BDC
:1095700050B15648A16B4863A06BFDF773F910B169
:10958000A06B416B88470CE02046FFF779FF08E0AD
:109590002046FFF775FF04E02046FFF771FF00202B
:1095A000206489E7FFE7206B012878D105F01000DF
:1095B000002874D006F01000002870D000BF0020F2
:1095C000009020680068009020684068009000BF0C
:1095D00000BF2068406900F04000C0B3A06B006885
:1095E00040681FFA80F8B8F1000F2FD0A08D4045D9
:1095F0002CDDA4F82E80A06B806920281FD0206865
:10960000C06820F480702168C8602068406920F03C
:109610000100216848612068406920F0400021680D
:109620004861202084F83E00002020632068C06844
:1096300020F010002168C860A06BFDF7E7F8A08D4E
:10964000E28D801A81B22046FFF719FF34E7FFE769
:10965000A08DE18D401A1FFA80F8E08DE8B1B8F1D5
:10966000000F1AD02068C06820F490702168C8608C
:109670002068406920F0010021684861202084F8BA
:109680003E00002020632068C06820F010002168A0
:10969000C86041462046FFF7F2FE0DE7FFE705F000
:1096A000800030B106F0800018B1204603F0A4FE1F
:1096B00002E705F0400030B106F0400018B1204646
:1096C00003F09AFDF8E600BFF6E60000AFD100080F
:1096D00010B504460CB9012010BDA06900B100E02E
:1096E00000BF94F83D0028B9002084F83C002046D3
:1096F00000F028F8242084F83D002068C06820F499
:1097000000502168C860204603F0F8FD2068006919
:1097100020F49040216808612068406920F02A0008
:10972000216848612068C06840F400502168C86022
:1097300000202064202084F83D0084F83E000020B2
:10974000CAE7000010B586B00446002002900390DE
:10975000049005905D49206888423FD100BF5C4875
:10976000806940F480405A4988610846806900F465
:109770008040019000BF00BF00BF0846806940F0F4
:10978000080088610846806900F00800019000BF69
:1097900000BF40200290022003900320059002A900
:1097A0004C48FDF79DF98020029000200390049022
:1097B00002A94848FDF794F900BF4749486840F0BE
:1097C000E06040F00400486000BF00221146252000
:1097D000FDF7DAFB2520FDF7C7FB75E03F49206860
:1097E000884236D100BF3A48C06940F40030384959
:1097F000C8610846C06900F40030019000BF00BF96
:1098000000BF0846806940F004008861084680690E
:1098100000F00400019000BF00BF0420029002206D
:1098200003900320059002A92D48FDF759F908205F
:10983000029000200390049002A92948FDF750F9F6
:10984000002211462620FDF79FFB2620FDF78CFB0A
:109850003AE024492068884236D100BF1C48C069DC
:1098600040F480201A49C8610846C06900F480208D
:10987000019000BF00BF00BF0846806940F00800AB
:1098800088610846806900F00800019000BF00BFB1
:1098900008150290022003900320059002A90D48AC
:1098A000FDF71EF94FF40060029000200390049031
:1098B00002A90848FDF714F9002211462720FDF7F8
:1098C00063FB2720FDF750FB06B010BD00380140B8
:1098D00000100240000C0140000001400044004024
:1098E000000801400048004070472DE9F84F044649
:1098F0000E46174699464FF0000A94F83D0020287E
:109900005AD106B117B90120BDE8F88F00BF94F80D
:109910003C00012801D10220F6E7012084F83C0038
:1099200000BF00202064212084F83D00FDF776FA76
:109930008246A784E784A068B0F5805F04D12069DF
:1099400010B90025B04602E035464FF0000800BFD0
:10995000002084F83C0000BF1BE053460022802119
:109960002046CDF8009003F077FD08B10320CBE747
:1099700045B9B8F80000C0F308002168486008F154
:10998000020803E02878216848606D1CE08C401EC6
:10999000E084E08C0028E0D153460022402120469C
:1099A000CDF8009003F058FD08B10320ACE720206B
:1099B00084F83D000020A7E70220A5E770470000DB
:1099C00006E004A008F072F8FE210A2007F0D2FB9E
:1099D000F7E700007B22526563697665223A7B22B5
:1099E000537461747573223A37307D7D0A0000002C
:1099F00030B59DB004460D467022284901A8FBF7FA
:109A0000A1FF332D37D006DC102D0BD0122D3AD00C
:109A1000142D40D117E0352D1DD0372D0BD0392D09
:109A200039D120E0A006010E1D4B01AA602000F0F4
:109A3000C0FE1DB030BDA006010E194B05AA612065
:109A400000F0B7FEF5E7A006010E154B09AA60204D
:109A500000F0AFFEEDE7A006010E114B0DAA61204C
:109A600000F0A7FEE5E7A006010E0D4B11AA61204C
:109A700000F09FFEDDE7A006010E094B15AA61204C
:109A800000F097FED5E7A006010E054B19AA60204D
:109A900000F08FFECDE70120CBE700001C1F01087E
:109AA000E020002070B504460D462946204600F00F
:109AB00001FF70BD7FB506460C466946304600F092
:109AC000F9FE10B1012004B070BD00250BE01DF8B7
:109AD000051005F108001DF80000814201D00120A9
:109AE000F1E7681CC5B2042DF1DB00250CE0281D50
:109AF0001DF800001DF8051081F0FF01884201D01B
:109B00000120E0E7681CC5B2042DF0DB9DF80C00D5
:109B100050B99DF80D00FF2806D19DF80E0018B928
:109B20009DF80F00FF2801D00120CCE79DF803002D
:109B300020602068000220609DF802102068084420
:109B400020602068000220609DF801102068084411
:109B500020602068000220609DF800102068084402
:109B600020600020AFE7000070B505460026002405
:109B700004E000200E490855601CC4B20A2CF8DB32
:109B80000B4800F04DFE08B14E2070BD084800F0B3
:109B9000CAFE08B94E20F8E7002404E00448005D3E
:109BA0002855601CC4B2042CF8DB0020EDE700004F
:109BB000E020002070B504460D462946204600F0FE
:109BC00070FF70BD30B585B005460C462CA000680E
:109BD0000490E0B28DF81000200A8DF81100200CDE
:109BE0008DF81200200E8DF813009DF810008DF8EE
:109BF00000009DF811008DF801009DF812008DF80D
:109C000002009DF813008DF803009DF8100080F00D
:109C1000FF008DF804009DF8110080F0FF008DF822
:109C200005009DF8120080F0FF008DF806009DF8F9
:109C3000130080F0FF008DF807009DF810008DF8EC
:109C400008009DF811008DF809009DF812008DF8AC
:109C50000A009DF813008DF80B0000208DF80C0011
:109C6000FF208DF80D0000208DF80E00FF208DF8EC
:109C70000F006946284600F014FF05B030BD000013
:109C8000010000002DE9F04FADF5257D81468B46A2
:109C9000C8240020A4909F900027959091908B90CD
:109CA0008A90899088908790002508904AF6AA208B
:109CB000FE4909680860FE48007801280BD1FD497B
:109CC0000D70280A4870280C8870280EC870AB20C8
:109CD0000871CD2048714AF6AA20F4490968086045
:109CE000FDF79CF88C9000246BE1F3480078632822
:109CF00007D1F2A007F0DAFE00200DF5257DBDE8C2
:109D0000F08FFDF78BF88C99401A44F62061884259
:109D100004D90124F6A007F0C9FE53E14AF6AA20AF
:109D2000E24909680860A1A8FFF71EFF20B1A1A8B9
:109D3000FFF71AFF00B144E14AF6AA20DB4909689F
:109D4000086010210020FFF753FE00B139E196A909
:109D50000120FFF7A7FE00B133E19DF85E02AB28BA
:109D600000D02EE19DF858028F909DF859028F99EE
:109D700001EB00208F909DF85A829DF85B0208EB62
:109D800000289DF85C0208EB00489DF85D0208EB96
:109D900000688F9800F40040B0F5004F0CD18F9808
:109DA000C0F30E008F9046F629218F9848408F907F
:109DB0004BF2A62088EA00084AF6AA20BB490968A7
:109DC000086037210520FFF713FE70B1A1A8FFF747
:109DD000CBFE20B1A1A8FFF7C7FE00B1F1E037210B
:109DE0000520FFF705FE00B1EBE04AF6AA20AF49D7
:109DF0000968086096A91620FFF754FEC8B13721FC
:109E00000520FFF7F5FD70B1A1A8FFF7ADFE20B169
:109E1000A1A8FFF7A9FE00B1D3E037210520FFF785
:109E2000E7FD00B1CDE096A91620FFF73BFE00B19B
:109E3000C7E04AF6AA209D49096808609DF85902C2
:109E40008E908E9800028E909DF858128E9808443D
:109E50008E904AF6AA2095490968086039210420A5
:109E6000FFF7C6FD70B1A1A8FFF77EFE20B1A1A843
:109E7000FFF77AFE00B1A4E039210420FFF7B8FD16
:109E800000B19EE04AF6AA208849096808609D480A
:109E90000078012800D039E04FF0000A96A912207E
:109EA000FFF700FE00B18CE04AF6AA207F4909685E
:109EB00008609DF85C02AB2814D19DF85D02CD28A6
:109EC00010D19DF85BA24FEA0A2A9DF85A028244FB
:109ED0004FEA0A2A9DF8590282444FEA0A2A9DF85D
:109EE000580282449DF85802FF280DD19DF859026E
:109EF000FF2809D19DF85A02FF2805D19DF85B0281
:109F0000FF2801D14FF0000A0BEB0A054AF6AA2000
:109F100066490968086096A91120FFF7C3FDC8B11A
:109F200039210420FFF764FD70B1A1A8FFF71CFEE2
:109F300020B1A1A8FFF718FE00B142E039210420AA
:109F4000FFF756FD00B13CE096A91120FFF7AAFDEE
:109F500000B136E04AF6AA2054490968086000209A
:109F600090909E9008E096A99E98085C9099484031
:109F700090909E98401C9E909E980F28F3D30020AE
:109F800091909DF867129098814219D19DF858627E
:109F90009DF8590206EB0020C6B29DF85B028DF8D1
:109FA00048029DF85C028DF849029DF85D028DF82B
:109FB0004A0201209190162E02D100254FF0000B8D
:109FC00000E092E600BF4AF6AA2038490968086016
:109FD0000CB1012091E64C48007860B935490D700C
:109FE000280A4870280C8870280EC870AB200871A9
:109FF000CD2048710DE000252E480570280A2D4916
:10A000004870280C8870280EC870AB200871CD20CD
:10A01000487104E0A1A8FFF7A7FD00B900E0F9E747
:10A0200000BF00208D903948007818B1384800688A
:10A030008F9001E08F988F90002088901E480078C4
:10A04000632804D11DA007F031FD002055E64AF633
:10A05000AA2016490968086093A894A986AA89AB22
:10A06000CDE90432CDE906108AA82A4909682A4AAE
:10A0700012682A4B1B68CDE90032CDE90210224953
:10A080000978491CC8B24B468FAA8DA900F0DAFEA8
:10A090000446012C01D0092C78D193A894A986AA52
:10A0A00089ABCDE90432CDE9061039E01009002072
:10A0B00050000020D01C0020880400207B22526524
:10A0C0006365697665223A7B2253746174757322E5
:10A0D0003A32367D2C2243223A7B22547970652213
:10A0E0003A2243616E73656C227D7D0A0000000098
:10A0F0007B2243223A7B22537461747573223A3176
:10A100007D7D0A0024020020110200205100002061
:10A11000480000202C0000202800002024000020FF
:10A120008AA9FD480268FD480068FD4B1B68CDE91F
:10A130000030CDE90221FB490978491CC8B24B46E1
:10A140008FAA8DA900F07EFE0446012C01D0092CB7
:10A150001CD193A894A986AA89ABCDE90432CDE994
:10A1600006108AAAEC480168EC480068EC4B1B68B2
:10A17000CDE90030CDE90212EA490978491CC8B29C
:10A180004B468FAA8DA900F05DFE04464AF6AA2030
:10A19000E54909680860012C03D00D2C01D0092C79
:10A1A0003FD193A894A986AA89ABCDE90432CDE921
:10A1B00006108AA9D8480068D84A1268D84B1B688C
:10A1C000CDE90032CDE90201D6490978491CC8B26F
:10A1D0004B468FAA8DA900F035FE0446012C03D012
:10A1E0000D2C01D0092C1CD193A894A986AA89AB67
:10A1F000CDE90432CDE906108AA9C7480068C74AEC
:10A200001268C74B1B68CDE90032CDE90201C54990
:10A210000978491CC8B24B468FAA8DA900F012FEDE
:10A220000446C2480078D8B18998CDE903B90595AC
:10A230000290BF498A980968CDE90010BD480368BB
:10A240002246BD4909A806F01FFB09A807F02EFC0D
:10A2500009A8FBF79BFB0146079009A8FBF78BFBBE
:10A260004AF6AA20B04909680860102C01D10120E3
:10A2700043E54AF6AA20AC4909680860112C01D1CF
:10A2800001203AE5122C01D1012036E5DDF83482B7
:10A2900001208DF85802A3480078F0B1A748007853
:10A2A00058B9172E01D0192E03D11D208DF8580250
:10A2B00033E013208DF858022FE0A04800780128E1
:10A2C00003D133208DF8580227E09C4800780228FB
:10A2D00023D134208DF858021FE0162E03D115200B
:10A2E0008DF8580219E0172E06D101209449087004
:10A2F00016208DF8580210E0182E06D10120904942
:10A30000087018208DF8580207E0192E05D1012099
:10A310008B49087017208DF858024AF6AA20824906
:10A320000968086008F0FF008DF859024FEA18200C
:10A330008DF85A024FEA18408DF85B020A208DF81A
:10A340005C0280480078A0F5AF60C0B2A090A098F1
:10A350000007000EA0907C48007800F00F00A09944
:10A360000843A090A0988DF85D027848007800F02E
:10A3700007017748007861F35F108DF85E0273483B
:10A380000078C0F3C1007349097840EA8100C0B287
:10A390008DF85F02704800788DF86002899FF8B2EE
:10A3A0008DF86102380A8DF86202380C8DF863026C
:10A3B0008A9F4AF6AA205C4909680860F8B28DF8BD
:10A3C0006402380A8DF86502380C8DF8660209F0CF
:10A3D000FF008DF867024FEA19208DF8680200200F
:10A3E0008DF869028DF86A028DF86B024AF6AA2090
:10A3F0004D49096808609CB95148007810B949482E
:10A40000007828B19BA942F20F7000F086F90BE0AA
:10A4100042F20F71A1EB09009BA900F07EF903E065
:10A420009BA94E4800F079F90F208DF87002272083
:10A430008DF871024AF6AA203B490968086000209D
:10A440008DF872028DF873024FEA19408DF874028C
:10A45000314800788DF875022F480088000A8DF881
:10A4600076024AF6AA20304909680860002C77D1A4
:10A47000172E03D0182E01D0192E72D1294800783A
:10A4800018B139208DF858021CE01C208DF85802B4
:10A49000172E06D101202A49087019208DF858027C
:10A4A00010E0182E06D10120254908701A208DF8D9
:10A4B000580207E0192E05D10120214908701B2000
:10A4C0008DF858024AF6AA2017490968086008F072
:10A4D000FF008DF859024FEA18208DF85A024FEA12
:10A4E00018408DF85B0298208DF85C021A480078BD
:10A4F0003B2807D1174800783B2803D11348007840
:10A50000172842D0144800783B282BDA12480078EC
:10A51000401C1149087038E02C0000202800002061
:10A52000240000201102002010090020510000200A
:10A530005C000020600000208C1F01081202002037
:10A5400010020020440000203E00002040000020B7
:10A550003F0000204100002042000020FFE0F50500
:10A5600098E089E000205E4908705E480078401C51
:10A570005C490870084600783C2806DB002008701B
:10A5800059480078401C584908704AF6AA20574993
:10A590000968086056480078A0F5AF60C0B2A09086
:10A5A000A0980007000EA0905248007800F00F001D
:10A5B000A0990843A090A0988DF85D024A480078C1
:10A5C00000F007014C48007861F35F108DF85E02DF
:10A5D00045480078C0F3C1004249097840EA81004B
:10A5E000C0B28DF85F023E4800788DF86002089F87
:10A5F000F8B28DF86102380A8DF86202380C8DF8D5
:10A6000063022F464AF6AA20384909680860F8B262
:10A610008DF86402380A8DF86502380C8DF86602F0
:10A620000BF0FF008DF867024FEA1B208DF86802DF
:10A6300000208DF869028DF86A028DF86B029BA9E3
:10A6400042F20F7000F069F80F208DF87002272099
:10A650008DF8710200208DF872028DF873024FEAB6
:10A660001B408DF87402254800788DF87502234848
:10A670000088000A8DF876024AF6AA201B4909686C
:10A68000086000201E4908701E49087004201E49F9
:10A69000086023E0032C21D004F11E00C0B28DF825
:10A6A000580200208DF872028DF873028DF8740242
:10A6B000124800788DF8750210480088000A8DF85D
:10A6C00076024AF6AA2009490968086000200C4968
:10A6D00008700C49087004200B490860204679E492
:10A6E000420000204100002040000020100900200E
:10A6F000440000203E0000203F0000202C000020ED
:10A70000100200201102002014020020002001E0AD
:10A71000411CC8B20128FBDB70470870020A4A706E
:10A72000020C8A70020ECA70704730B50B460021C9
:10A7300000BF16E00A24B4EB107F05D9302404EBE7
:10A74000107403F8114005E0412404EB10740A3C36
:10A7500003F81140000100254C00641C1D554C1CE1
:10A76000E1B29142E6DB30BD2DE9FC410446002711
:10A7700000210D2006F070F89320207020206070DA
:10A7800001A823460222214600900C2000F0F8F890
:10A7900006465EB9002503E0605D4740681CC5B20F
:10A7A000042DF9DB605DB84200D002263046BDE8DA
:10A7B000FC812DE9F04385B006460F469046994648
:10A7C0008DF804608DF80570002406E018F8041078
:10A7D00001AAA01C1154601CC4B2062CF6DB002494
:10A7E00007E019F8041001AA04F108001154601CD4
:10A7F000C4B2042CF5DB04A801AB0C2201A9009023
:10A800000E2000F0BDF805462DB9082002F03AFAF6
:10A8100000F0080000B90225284605B0BDE8F08325
:10A8200070B5044608210846FBF7E0F9214652209E
:10A8300000F05BF805461DB92046FFF795FF054679
:10A84000284670BD10B5012210211848FCF7E0FA27
:10A85000002201211648FCF7DBFA0120FCF75AF828
:10A86000012211461248FCF7D3FA0120FCF752F8F6
:10A8700000F053F88D212A2005F0EEFF3E212B2019
:10A8800005F0EAFF1E212D2005F0E6FF00212C2017
:10A8900005F0E2FF4021152005F0DEFF3D211120EB
:10A8A00005F0DAFFFBF7CDF810BD0000000801400D
:10A8B000000C01407CB505460C46302020706570C8
:10A8C000A21C02212046FBF75FF901A823460422BF
:10A8D000214600900C2000F053F8064616B9019866
:10A8E000902800D0022630467CBD7CB506460C463A
:10A8F00007210D2005F0B0FF267001A82346012294
:10A90000214600900C2000F03BF8054615B901984F
:10A91000102800D0022528467CBD10B50F2101204B
:10A9200005F09AFF10BDF0B585B0074693208DF86D
:10A93000040070208DF80500002405E0395D01AAAF
:10A94000A01C1154601CC4B2052CF7DB0DF10B02E6
:10A95000072101A8FBF718F904A801AB092201A9F6
:10A9600000900C2000F00CF805462DB9049818282A
:10A9700002D19DF8046000E00026304605B0F0BD2D
:10A980002DE9FE4F0646884691469A46DDF830B0DE
:10A99000022002900020019000900C2E06D00E2E76
:10A9A00009D1122001901020009005E0772001903D
:10A9B0003020009000E000BF00BF019840F080010F
:10A9C000022005F049FF80210420FBF70FF98021C8
:10A9D0000A2002F0F4F90021012005F03DFF0025D6
:10A9E00005E018F80510092005F036FF6D1C4D45EF
:10A9F000F7D33146012005F02FFF0C2E03D1802123
:10AA00000D2002F0DCF94FF4FA6500BF042002F0DB
:10AA100039F904466D1E35B104F0010018B90098EB
:10AA200020400028F2D080210D20FBF7DFF895B3FD
:10AA3000062002F027F900F01B0068BB00200290FE
:10AA40000198204000F0010008B1012002900C2E76
:10AA500024D10A2002F016F904460C2002F012F963
:10AA600000F007072FB1601E07EBC000CBF8000015
:10AA700002E0E000CBF8000004B90124102C00DD56
:10AA80001024002505E0092002F0FCF80AF8050072
:10AA90006D1CA542F7D301E0022002900298BDE8A8
:10AAA000FE8FF0B587B006460F46A0208DF8040053
:10AAB0008DF805600DF10602022101A8FBF764F88C
:10AAC00006A801AB042201A900900C20FFF758FF53
:10AAD000054645B90698042805D19DF8040000F004
:10AAE0000F000A2800D002250DBB002404E0385DC9
:10AAF00001A90855601CC4B2102CF8DB05AA10216E
:10AB000001A8FBF741F806A801AB122201A90090A9
:10AB10000C20FFF735FF054645B90698042805D1F6
:10AB20009DF8040000F00F000A2800D002252846F6
:10AB300007B0F0BD00B585B00020019002900390F1
:10AB4000049000BF2C48806940F010002A498861B9
:10AB50000846806900F01000009000BF00BF00BFF1
:10AB60000846806940F0200088610846806900F04E
:10AB70002000009000BF00BF00BF0846806940F081
:10AB8000040088610846806900F00400009000BF5E
:10AB900000BF00BF0846806940F008008861084691
:10ABA000806900F00800009000BF00BF00224FF451
:10ABB000E2611248FCF72CF9002201211048FCF751
:10ABC00027F94FF4E26001900120029000200390E9
:10ABD0000320049001A90948FBF782FF012001909E
:10ABE0000290002003900220049001A90448FBF782
:10ABF00077FF05B000BD00000010024000080140D2
:10AC0000000C014010B5074807490860062048605D
:10AC100040F6FF7104488160FCF706F908B1FBF7C4
:10AC20007DF810BD00300040100900201CB5002048
:10AC3000019000900748084908604FF0FF304860D5
:10AC40004FF4807104488160FDF748FE08B1FBF7BE
:10AC500065F81CBD002800401C09002010B50F48F5
:10AC60000F4908604FF48270486000210C488160F1
:10AC7000C160016141614FF4007181612821C161AE
:10AC80000021016241624FF4005181620921C162D9
:10AC9000FDF7DBFF08B1FBF741F810BD00300140C4
:10ACA0003009002000B587B0002003900490059083
:10ACB00006900190029014481449086040F2DB505D
:10ACC00048600021114881600121C16000210161BB
:10ACD0008161FEF7CFF908B1FBF720F84FF48050FF
:10ACE000039003A90948FEF76BFA08B1FBF716F8C1
:10ACF00000200190029001A90448FEF779F908B1FB
:10AD0000FBF70CF807B000BD0004004088090020E4
:10AD100010B5094809490860002108488160C160F0
:10AD200001610C21416100218161C161FEF7D0FC0C
:10AD300008B1FAF7F3FF10BD00380140D009002038
:10AD400010B50B480B4908604FF4E1304860002112
:10AD500008488160C16001610C214161002181616D
:10AD6000C161FEF7B5FC08B1FAF7D8FF10BD0000CD
:10AD700000440040140A002010B50B480B4908603D
:10AD80004FF416504860002108488160C16001619D
:10AD90000C21416100218161C161FEF799FC08B17C
:10ADA000FAF7BCFF10BD000000480040580A002020
:10ADB0001FB5002000900190029003904FF4805046
:10ADC0000090012001900220029003200390694628
:10ADD0001448FBF785FE00224FF480511148FCF720
:10ADE00017F86420FBF796FD00220F490F4803F087
:10ADF00048F808B1FAF792FF0D490C4803F0DAFA67
:10AE000008B1FAF78BFF0B49084802F0E0FC08B1E3
:10AE1000FAF784FF054803F097FB08B1FAF77EFFC5
:10AE20001FBD000000080140740000209C0A0020A3
:10AE30000C010020CC00002000BFFEE7FDF76EFAF9
:10AE400000BFFEE72DE9FF4F91B00E469846002760
:10AE5000BB4601200390002002900190FE4800783C
:10AE6000012811D0022802D0032827D119E005209B
:10AE7000FA4908701520FA4908703720F949087016
:10AE80002020F949087026E00420F44908701020B9
:10AE9000F34908703920F34908700020F24908701E
:10AEA00019E00520ED4908701520ED49087037209C
:10AEB000EC4908704020EC4908700CE00520E74997
:10AEC00008701420E64908703720E6490870002011
:10AED000E549087000BF00BF0020E44908708246C1
:10AEE00000212198016022980160DCE00AF1010054
:10AEF00000F0FF0A00200390039800283BD10DA822
:10AF0000FEF732FE28B10DA8FEF72EFE08B17F1C19
:10AF1000C9E04AF6AA20D649096808607F1C0024C7
:10AF200005E00DA8005DD3490855601CC4B2042C8F
:10AF3000F7DBD0484068306000F062FA8146019843
:10AF4000072803DDFF2015B0BDE8F08FB9F1000F31
:10AF500011D0C84840683060B9F1040F03D0B9F18E
:10AF60000B0F07D101E00E20EDE70198401CC0B2A5
:10AF7000019098E097E000200390306830B1BD4820
:10AF800040683168884201D00920DCE7B948406850
:10AF90003060B84881681398006881420BD0B5488A
:10AFA000816813980160B3488068FB2801D10B20A9
:10AFB000C9E70A20C7E7AF48816813980160A9482C
:10AFC0000178A6480078FEF713FD00B16BE005A9F3
:10AFD000A3480078FEF766FD00B164E09DF8150017
:10AFE00004900498000204909DF8141004980844FA
:10AFF0000490A048417B249801709E4801692398E1
:10B0000001609C48017B25980170306800B94AE0D6
:10B01000002544E000240CE09648005D05EB051196
:10B02000954A02EB8101095D884200D003E0601C73
:10B03000C4B2042CF0DB00BF042C2EDB05EB0510A2
:10B040008D4901EB8000407D05EB05118A4A02EB3A
:10B050008101097DC1EB011100EB8100C0F13C00D1
:10B0600010901098002802DA109840421090109822
:10B070000A280ADA4FF0010B05EB05107E4A02EBB5
:10B08000800144227B48FAF75DFC05EB05117A4A02
:10B0900002EB8100FAF718FE03E0681CC5B2052D2B
:10B0A000B8DB00BF02E00A2FFFF420AF00BF052F7E
:10B0B00001D3012047E7BBF1000F50D16D48C169B2
:10B0C000219801606B48C0696A4908620846C0F867
:10B0D00018801198487369480078087568480078A6
:10B0E0004875209808610846007B0D2801DD002086
:10B0F00008731198012802D002282BD10FE05D4877
:10B10000C069404402901F990298884201D90320E7
:10B1100019E75848C06940445649C8611CE0554881
:10B12000C069A0EB080002901E990298884201DADB
:10B13000032008E70298002805DD1F99029888423D
:10B1400001D90320FFE64B48C069A0EB080049493C
:10B15000C86101E00520F6E600BF00F0EBF8BAF1A7
:10B16000010F01D14FF0000A002749E0BAF1010FA9
:10B1700003D10AF1010000F0FF0ABAF1010F2FDD3F
:10B180000DA8FEF7F1FC28B10DA8FEF7EDFC08B103
:10B190007F1C35E09DF8340050B99DF8350038B972
:10B1A0009DF8360020B99DF8370008B97F1C27E0CC
:10B1B000002408E02F48005D0DA9095D884200D0F9
:10B1C00003E0601CC4B2042CF4DB00BF042C07DADB
:10B1D000BBF1000F01D10420B5E64FF0040B11E0E4
:10B1E000002700F02BFB8146B9F1010F01DD4FF084
:10B1F000010BB9F1000F00D002E04FF0000B01E0AD
:10B20000142FB3D300BF306808B94FF0010B1948B1
:10B21000C169219801601748016A22980160BBF159
:10B22000000F38D0002409E004EB0410124901EBB0
:10B230008000406800B903E0601CC4B2052CF3DB59
:10B2400000BF052C00DB002404EB04110A4A02EBCA
:10B2500081004422074915E024020020200200203A
:10B260002102002022020020230200202C020020C4
:10B2700010090020E01C0020AC1D00204000002030
:10B2800041000020FAF75EFBBBF1040F01D104205E
:10B2900059E60D2057E6142F03D30BF10C00C0B272
:10B2A00051E6002511E00B48406805EB05110A4AFC
:10B2B00002EB81014968884205D105EB051102EBDB
:10B2C0008100FAF701FD681CC5B2052DEBDB0020FB
:10B2D00039E60000E01C0020AC1D002001462420BF
:10B2E0000E2924D2DFE801F007090B0D0F11131509
:10B2F00017191B1D1F21192019E01A2017E01C2007
:10B3000015E01D2013E01E2011E020200FE0212079
:10B310000DE022200BE0242009E0252007E0262074
:10B3200005E0282003E0292001E02A2000BF00BF1B
:10B33000704700002C48007E2B4B83F834001846E1
:10B34000008B030A284880F8353090F8203080F8C8
:10B350003630008C030A244880F83730006A030C2A
:10B36000214880F83830437B80F839301F48037813
:10B370001F48007863F31F10C3B21B4880F83A30AF
:10B380001C480378184880F83B30037F80F83C3035
:10B39000808B030A144880F83D30C069030C1248C2
:10B3A00080F83E30037C80F83F30008A030A0E4864
:10B3B00080F84030104803780B4880F841300F483F
:10B3C0000378094880F842300022002105E0064851
:10B3D0003430405C4240481CC1B20F29F7DB0248C0
:10B3E00080F8432000207047E01C0020440000202B
:10B3F0003E0000203F0000204000002041000020CF
:10B4000030B589B010210020FEF7F2FA10B101200A
:10B4100009B030BD01A90120FEF744FB08B10220AC
:10B42000F6E79DF80A00AB2801D00520F0E79DF86B
:10B430000500574988600846806800028860084611
:10B4400080689DF804100844514988609DF80900FF
:10B4500048600846406800024860084640689DF819
:10B46000081008444A49486008464068000248609D
:10B47000084640689DF8071008444549486008465A
:10B48000406800024860084640689DF8061008447D
:10B490003F4948600846008900F40040B0F5004F7D
:10B4A00012D108460089C0F30E0088600846806803
:10B4B00046F62921484036498860084640684BF2E4
:10B4C000A621484032494860314840683149086007
:10B4D00014210620FEF78CFA08B10A2098E7694685
:10B4E0001820FEF7E7FA08B10B2091E728490098E9
:10B4F0000873009810B90D20009002E00098401EDB
:10B5000000904AF6AA202449096808600099C8B248
:10B51000FFF7E4FE0446E11704EB91718810352132
:10B52000FEF766FA08B10D2072E701A92046FEF782
:10B53000B9FA08B10E206BE79DF809001449487369
:10B540009DF810000861084600690002086108467D
:10B5500000699DF80F1008440D4908610F480178F3
:10B560000F480078FEF744FA08B10C2050E708496C
:10B570001C310C480078FEF79DFA30B100F014F849
:10B5800008B1032044E7042042E7002040E7000020
:10B59000E01C0020280200201009002022020020C8
:10B5A00020020020210200202DE9F04389B04FF055
:10B5B000000814210620FEF71BFA18B1012009B07B
:10B5C000BDE8F08308A91820FEF774FAC7B22FB1BE
:10B5D000022F12D100F05EF80120F0E708980D2844
:10B5E00003DD00F057F80120E9E7089810B90D20B5
:10B5F000089002E00898401E08900899C8B2FBF72E
:10B600002BF80546E91705EB917188103521FEF7F7
:10B61000EFF908B10820D2E769462846FEF742FA5A
:10B6200008B10920CBE74FF00008002604E01DF820
:10B63000060080EA0808761C0F2EF8DB9DF80F0044
:10B64000404503D000F026F80A20B8E79DF80A40EC
:10B6500024029DF80900044424029DF808000444D3
:10B660000948017809480078FEF7C2F908B10B20B3
:10B67000A5E7214606480078FEF7A4FA08B10C2099
:10B680009DE700209BE7000022020020200200200E
:10B69000210200202DE9F04F93B00020099008907E
:10B6A00007900690059003900290C8250024A9E019
:10B6B000E0B2FFF713FE82464FEAEA710AEB91719E
:10B6C00088103521CDF804A0FEF792F918B10320B7
:10B6D00013B0BDE8F08F0BA95046FEF7E3F908B1AF
:10B6E0000420F5E700200390049009E00BA90498DA
:10B6F000085C0399484003900498401CC0B2049031
:10B7000004980F28F2DB9DF83B100398814204D087
:10B71000039810B10398FF2800D172E09DF8320021
:10B72000562101EB20100A909DF8320000F00F0620
:10B730009DF833709DF839809DF83A909DF830B0AF
:10B740004FEA0B2B9DF82F0083444FEA0B2B9DF8FB
:10B750002E0083440C2E07DC1F2F05DCB8F1170FD9
:10B7600002DCB9F13B0F00DD4BE0DDE90910884256
:10B7700001DDE5B227E0DDE90910884223D1089810
:10B78000864201DDE5B21EE0089886421BD107988B
:10B79000874201DDE5B216E00798874213D106988B
:10B7A000804501DDE5B20EE0069880450BD1059895
:10B7B000814501DDE5B206E00598814503D1029897
:10B7C000584500D1E5B2AC421AD10A9809900896C2
:10B7D0000797CDF81880CDF814909DF836000290A8
:10B7E0000298000202909DF83510029808440290D9
:10B7F0000298000202909DF83410029808440290CA
:10B8000000BF641C0E2CFFF653AFC82D00D10D25D0
:10B81000681CC5B20D2D00DD002535210620FEF780
:10B82000E7F808B1012053E729461820FEF7CAF9C6
:10B8300008B101204CE700204AE700007FB5C0496D
:10B84000087BFFF74BFD0446BE48007830B1012865
:10B8500073D0022872D0032871D14EE10020B9497B
:10B860000870E11704EB917188103521FEF7C0F8DC
:10B8700010B1012004B070BDB14934312046FEF74B
:10B8800099F908B10220F5E70120AE490870352189
:10B890000620FEF7ADF880B16846FEF765F928B1DD
:10B8A0006846FEF761F908B10320E3E73521062079
:10B8B000FEF79EF808B10320DCE7A148007B401C9E
:10B8C000C4B20D2C00DD002421461820FEF77AF9C1
:10B8D00008B10420CEE702209A4908709A480178FE
:10B8E0009A480078FEF784F890B16846FEF73CF974
:10B8F00028B16846FEF738F908B10520BAE7924842
:10B90000017892480078FEF773F808B10520B1E796
:10B910008B48C1698E480078FEF754F908B10620BB
:10B92000A8E78C480078012800D019E039210420CC
:10B93000FEF75EF820B10A209CE727E096E0FBE0E6
:10B9400085491220FEF736F908B1062092E77E48B5
:10B9500001787E480078FEF74BF808B1052089E7AA
:10B9600003207849087003A979480078FEF7A2F807
:10B9700008B107207EE77248C0690399884201D068
:10B98000082077E700206F490870D5E001206D4955
:10B99000087035210620FEF72BF808B1032069E76F
:10B9A0006748007B401CC4B20D2C00DD00242146FA
:10B9B0001820FEF707F908B104205BE7022061496F
:10B9C00008706148017861480078FEF711F890B17D
:10B9D0006846FEF7C9F828B16846FEF7C5F808B111
:10B9E000052047E75848017858480078FEF700F8E6
:10B9F00008B105203EE75248C16955480078FEF776
:10BA0000E1F808B1062035E752480078012800D057
:10BA100016E039210420FDF7EBFF08B10A2029E7E1
:10BA20004D491220FEF7C6F808B1062022E7464825
:10BA3000017846480078FDF7DBFF08B1052019E7DB
:10BA400003204049087003A941480078FEF732F806
:10BA500008B107200EE73A48C0690399884201D02F
:10BA6000082007E700203749087065E002203549C3
:10BA700008703548017835480078FDF7B9FF08B1FE
:10BA80000520F7E62E48C16931480078FEF79AF89C
:10BA900008B10620EEE62F480078012800D016E015
:10BAA00039210420FDF7A4FF08B10A20E2E62A4963
:10BAB0001220FEF77FF808B10620DBE62248017865
:10BAC00022480078FDF794FF08B10520D2E6032054
:10BAD0001C49087003A91E480078FDF7EBFF08B168
:10BAE0000720C7E61648C0690399884201D008209C
:10BAF000C0E60020134908701EE0032011490870B9
:10BB00001148017811480078FDF772FF08B105204F
:10BB1000B0E603A90E480078FDF7CCFF08B1072076
:10BB2000A8E60748C0690399884201D00820A1E629
:10BB300000200449087000BF00BF00209AE6000002
:10BB4000E01C00202C020020220200202002002005
:10BB50002102002024020020D01C00202DE9F04703
:10BB60000546EAE12868B0F844A00AF00F06002E66
:10BB70007ED10AF01000B0BB00BF2968098848F6E2
:10BB80000F7201EA020040F400412A68118000BFF0
:10BB900005F128042868B0F85010207801EBC000A7
:10BBA000801C296801F5806131F81000C0F309009C
:10BBB000E061E16960690844606100212846FBF7A3
:10BBC00058FA95F824000028CBD0A0690028C8D1E5
:10BBD00095F8240040F080002968A1F84C0000206E
:10BBE00085F82400A9E1FFE705F5B4742868B0F8EA
:10BBF000008008F4006030B32868B0F85010207856
:10BC000001EBC000801D296801F5806131F810004A
:10BC1000C0F30900E061A18B8BB2E28805F52C71BD
:10BC2000286804F047F800BF2968098840F68F7239
:10BC300001EA020040F080012A68118000BF284616
:10BC4000FCF7CBF879E108F40040002889D000BF68
:10BC50002968098840F68F7201EA020040F08001ED
:10BC60002A68118000BF2868B0F85010207800E0E2
:10BC70006FE001EBC000801D296801F5806131F89B
:10BC80001000C0F30900E061E06990B1606980B123
:10BC9000B4F81CC01FFA8CF3E2886169286804F0CC
:10BCA00009F8E16960690844606100212846FBF7F2
:10BCB000F0F92868008800F40060002892D100BFE5
:10BCC0002A682968B1F850100A4402F20C4108466B
:10BCD00000BF236953B9038848F2FF3C03EA0C0311
:10BCE0000380038843F4004303801EE023693E2B56
:10BCF0000DD800BF23695908237C03F0010303B169
:10BD0000491C4FF6FF7303EA812303800DE000BF57
:10BD100023695909237C03F01F0303B9491E4FF41B
:10BD2000004343EA8123038000BF00BF00BF00BF80
:10BD3000296809884BF68F7201EA020080F480506E
:10BD400080F4005040F4004141F080012A681180E5
:10BD5000F3E07100286830F8118008F400400028F2
:10BD60007ED000BF7200296831F8121040F68F7241
:10BD700001EA020040F0800173002A6822F81310E3
:10BD800000BF06EB860105F5B47000EBC104207B13
:10BD9000B0B92868B0F85010207801EBC000801DC1
:10BDA000296801F5806131F81000C0F30907002F00
:10BDB0005BD0E28861693B46286803F07BFF54E072
:10BDC000E078022806D1424621462846FBF7E4F9EE
:10BDD00007464AE000BF00BF22785200296831F8C8
:10BDE000121048F68F7201EA020040F4004141F05F
:10BDF000C00123785B002A6822F8131000BF00BF3F
:10BE000021784900286830F8110000F48040A8B17A
:10BE10002868B0F85010207801EBC000801C296819
:10BE200001F5806131F81000C0F30907EFB12289F4
:10BE300061693B46286803F03DFF16E02868B0F8CA
:10BE40005010207801EBC000801D296801F5806149
:10BE500031F81000C0F309073FB16289616900E061
:10BE600017E03B46286803F025FFE0693844E061AD
:10BE7000606938446061A06910B12069B84204D992
:10BE800021782846FBF705F903E02146286803F0EE
:10BE900036F908F08000B0B306EB860105F1280002
:10BEA00000EBC10400BF7200296831F8121048F697
:10BEB0000F7201EA020040F4004173002A6822F880
:10BEC000131000BFE078032807D0E07828B1E078AD
:10BED00002282DD108F4807050BB2868B0F85010AB
:10BEE000207801EBC000801C296801F5806131F8E1
:10BEF0001000C0F30909A069484505D9A069A0EB65
:10BF00000900A06102E018E00020A061A06920B94A
:10BF100021782846FBF7ADF80FE06069484460617E
:10BF2000E0694844E0612146286803F0E8F804E04D
:10BF3000424621462846FBF7DBF92868B0F8440062
:10BF400000F4004000287FF40DAEBDE8F087704794
:10BF500010B5022405E00A49081905F015FC601C1B
:10BF6000C4B207484078401CA042F4DA05A005F0AE
:10BF70009DFD4FF416710248F9F7FDFC002010BD3D
:10BF8000880400207B2252656365697665223A7BCE
:10BF900022537461747573223A32362C22547970AC
:10BFA00065223A22506F735472616E7361637469D3
:10BFB0006F6E227D7D0A000010B500206849088060
:10BFC00000BF09E06749095C654AB2F900205140A9
:10BFD000634A1180411CC8B22128F3DB614890F804
:10BFE00021005F49B1F90010884203D15D48807B90
:10BFF000642811D05CA005F059FD0020614908704B
:10C000006149087056490880604908704FF41671FC
:10C010005448F9F7B0FC10BD524890F8210050493F
:10C02000B1F90010884203D04E48807B64287CD14F
:10C0300010215748F9F79FFC4A4840785549086055
:10C040004848807800064749C97800EB01404549D7
:10C05000097900EB01204349497908444E490860B9
:10C060004048807900063F49C97900EB01403D49CD
:10C07000097A00EB01203B49497A084447490860A6
:10C080003848807A00063749C97A00EB01403549C3
:10C09000097B00EB01203349497B08444049086093
:10C0A0003048C07B00062F49097C00EB01402D4938
:10C0B000497C00EB01202B49897C08443949086000
:10C0C0002848C07C00062749097D00EB014025492E
:10C0D000497D00EB01202349897D084432490860ED
:10C0E0002048C07D314908601E48007E30490870F4
:10C0F0001C48407E2F4908701A48807E2E490870DF
:10C100001848C07E2D4908701648007F2C490870D9
:10C110001448407F00061349897F00EB0140114914
:10C12000C97F00EB01200F4900E017E091F82010D3
:10C1300008442449086024A005F0B8FC17480168A9
:10C1400015480068FDF79EFD4FF416710548F9F794
:10C1500012FC00200C4908700149088000BF5AE712
:10C1600010000020880400207B22526563656976F8
:10C1700065223A7B22537461747573223A31397D9A
:10C180007D0A00004F0000205100002054000020D4
:10C19000D01C0020180000201C00002034000020CB
:10C1A00024000020280000202C0000204400002053
:10C1B0003E0000203F000020400000204100002001
:10C1C00042000020480000207B22526563656976AA
:10C1D00065223A7B22537461747573223A32367D3C
:10C1E0002C2243223A7B2254797065223A224578E8
:10C1F00065635472616E73616374696F6E227D7DD5
:10C200000A00000010B5002099490880994840783C
:10C2100017286BD003DC38B116287DD135E01828FB
:10C220007BD01928F9D1C6E09248807892490860FD
:10C230009048C078914908708E48007990490870FC
:10C240008C4840798F4908708A4880798E490870F7
:10C250008848C0798D490870002009E08549095C4B
:10C26000834AB2F900205140814A1180411CC8B272
:10C270000828F3DB7F48007A7D49B1F90010884235
:10C2800002D1012082490870CAE07A48807A7A494E
:10C2900008607848C07A794908707648007B784908
:10C2A00008707448407B774908707248807B7649F3
:10C2B00008707048C07B75490870002009E06D491E
:10C2C000095C6B4AB2F900205140694A1180411C57
:10C2D000C8B21028F3DB6748007C6549B1F900104B
:10C2E000884202D101206A49087099E0614880784B
:10C2F000614908605F48C078604908705D4800790E
:10C300005F4908705B4840795E49087059488079F8
:10C310005D490870574801E07EE01BE0C0795B4949
:10C320000870002009E05349095C514AB2F9002025
:10C3300051404F4A1180411CC8B20828F3DB4D48D8
:10C34000007A4B49B1F90010884202D101205049CE
:10C35000087065E04748407A474908604548807A58
:10C36000464908704348C07A454908704148007BF7
:10C37000444908703F48407B434908703D48807BF2
:10C3800042490870002009E03A49095C384AB2F98C
:10C3900000205140364A1180411CC8B20F28F3DBFF
:10C3A0003448C07B3249B1F90010884202D10120E3
:10C3B0003749087034E02F48407A2F4908602D48EB
:10C3C000807A2E4908702B48C07A2D490870294878
:10C3D000007B2C4908702748407B2B490870254872
:10C3E000807B2A490870002009E02249095C204A24
:10C3F000B2F9002051401E4A1180411CC8B20F28DA
:10C40000F3DB1C48C07B1A49B1F90010884202D105
:10C4100001201F49087003E000201D49087000BF7B
:10C4200000BF1B480078A0B100201A4908601AA07C
:10C4300005F03CFB0F49487803F0F6FC00200C495E
:10C440000880134908704FF416710A48F9F793FAF7
:10C450000CE01EA005F02AFB00200D4908700449DD
:10C4600008804FF416710348F9F785FA10BD0000F3
:10C470001000002088040020440000203E0000201E
:10C480003F0000204000002041000020420000202A
:10C4900053000020240000207B22526563656976EA
:10C4A00065223A7B22537461747573223A32362CBA
:10C4B0002254797065223A224368616E67654F663F
:10C4C00047726F7570227D7D0A0000007B225265E5
:10C4D0006365697665223A7B2253746174757322B1
:10C4E0003A31397D7D0A000001B582B06420012314
:10C4F00001AA02A900900348FCF748FC9DF804003B
:10C500000EBD00003009002008B508490968C908B7
:10C510004FF47A72B1FBF2F14143009100BF00BFCA
:10C5200000994A1E00920029F9D108BDF8000020A8
:10C53000014600BF080900EB8000420001F00F0037
:10C540001044C0B2704770B504460025FAF766FC87
:10C55000054607E0FAF762FC401BB0F57A7F01D987
:10C56000032070BD2068406800F020000028F1D052
:10C570002068406840F01000216848600020F0E723
:10C5800070B5044600252068406820F0100021683E
:10C590004860FAF743FC054607E0FAF73FFC401B0A
:10C5A000B0F57A7F01D9032070BD2068406800F0A3
:10C5B00020000028F1D00020F6E730B50146002227
:10C5C0000023002400200D68AD69AAB20D68ED6952
:10C5D000ACB20D68AD69ABB29A4205D00D68ED6999
:10C5E00063F31F45284601E044EA024030BDF0B540
:10C5F00004460B460021002504F5FA61032B1BD2EB
:10C60000C3EBC30000EB03100926B0FBF6F01044A7
:10C61000001D4618481E06EB90066427B0FBF7F095
:10C62000361A481EBF00B0FBF7F030440726B0FBB7
:10C63000F6F706FB17051AE0C3EBC30000EB031087
:10C640000926B0FBF6F01044001D084400EB9100F1
:10C650006426B1FBF6F6801B4FF4C876B1FBF6F604
:10C660003044801E0726B0FBF6F706FB1705E8B23C
:10C67000F0BD70B504460D4600262046FFF763FF67
:10C6800008B101260AE0280C21688861A8B2216857
:10C69000C8612046FFF774FF00B10126304670BD27
:10C6A0002DE9F14F9CB000200790069005900026E0
:10C6B0000920049000200390352002900020019072
:10C6C000FEF724F8F4A005F0F1F9FAF7A7FB1890AB
:10C6D000ADE0FAF7A3FB1899401A42F228318842DC
:10C6E00008D9FBA005F0E2F90120FE4908601DB061
:10C6F000BDE8F08FFC48006870B1FC480078432822
:10C7000003D0FA480078632806D1F9A005F0CEF9E5
:10C710000020F5490860EAE715A8FDF725FA20B1E1
:10C7200015A8FDF721FA00B181E010210020FDF7E6
:10C730005FF900B17BE00CA90120FDF7B3F900B16E
:10C7400075E09DF830A09DF831000AEB00201FFA3B
:10C7500080FA9DF832909DF8330009EB00299DF88E
:10C76000340009EB00499DF8350009EB00690AF433
:10C770000040B0F5004F09D1CAF30E0A46F6292051
:10C780008AEA000A4BF2A62089EA00094AF6AA20A2
:10C79000E44909680860E4480078D0B9142106200B
:10C7A000FDF726F900B142E01AA91820FDF782F939
:10C7B00000B13CE037210520FDF71AF900B136E061
:10C7C0001BA91420FDF776F900B130E01A98C6B223
:10C7D00011E0D548007801280DD114210620FDF77D
:10C7E00007F900B123E01AA91820FDF763F900B199
:10C7F0001DE01A98C6B24AF6AA20CA49096808601C
:10C80000002619A91BA8F9F715FD0746012F04D129
:10C8100019A91BA8F9F70EFD07460FB15A2F01D130
:10C820001B98019017B15A2F00D000E000E050E7AC
:10C8300000BF4AF6AA20BB4909680860BA480078D8
:10C84000012801D11A98C6B216B1701EC6B200E016
:10C850000D261496002006908046E1E108F10100C3
:10C860001FFA80F8B8F1320F00DBDAE1B8F1190FE6
:10C8700008D115A8FDF778F920B115A8FDF774F9CE
:10C8800000B1CDE14AF6AA20A64909680860304601
:10C89000F9F70CFF0546E91705EB91718810142193
:10C8A000FDF7A6F888B115A8FDF75EF920B115A827
:10C8B000FDF75AF900B1B3E1E91705EB9171881062
:10C8C0001421FDF795F800B1AAE10CA92846FDF75F
:10C8D000E9F8F8B1E91705EB917188101421FDF71B
:10C8E00087F888B115A8FDF73FF920B115A8FDF725
:10C8F0003BF900B194E1E91705EB9171881014211F
:10C90000FDF776F800B18BE10CA92846FDF7CAF8CF
:10C9100000B185E14FF000084AF6AA208149096874
:10C920000860002405E00CA8005D08A90855601CFB
:10C9300084B2102CF7DB00200790002406E008A842
:10C94000005D079948400790601C84B20F2CF6DB0D
:10C950009DF82F100798814208D0002404E00020A1
:10C9600008A90855601C84B2102CF8DB002406E0EE
:10C9700008A8005DFF2800D003E0601C84B20F2CE3
:10C98000F6DB00BF0F2C08DB002404E0002008A920
:10C990000855601C84B2102CF8DB069A521C63A167
:10C9A000644803F071FF634805F080F89DF8252086
:10C9B00061A1604803F068FF5E4805F077F84AF629
:10C9C000AA205849096808609DF824005C4908605D
:10C9D0000846006800020860084600689DF82310B9
:10C9E0000844574908600846006800020860084685
:10C9F00000689DF82210084451490860084651A17A
:10CA000002684C4803F040FF4A4805F04FF89DF893
:10CA100026000921B1EB201F0ADD9DF826004FF406
:10CA2000AF6101EB20124AA1424803F02DFF0AE05A
:10CA30009DF82600562101EB201000F2145244A16B
:10CA40003C4803F021FF3B4805F030F89DF82600F4
:10CA500000F00F0241A1374803F016FF354805F0FA
:10CA600025F89DF8272040A1324803F00DFF3148FA
:10CA700005F01CF89DF82A00314908600846006856
:10CA800000020860084600689DF8291008442C49F7
:10CA90000860084600686BE07B2252656365697632
:10CAA00065223A7B22537461747573223A32367D63
:10CAB0002C2243223A7B2254797065223A22526515
:10CAC0006164436172645461626C65227D7D0A0019
:10CAD0007B2243223A7B22537461747573223A316C
:10CAE0007D7D0A00140200200C0000208804002034
:10CAF0007B2252656365697665223A7B22537461B5
:10CB0000747573223A32367D2C2243223A7B2254AA
:10CB1000797065223A2243616E73656C227D7D0ACD
:10CB2000000000001009002024020020526F773D11
:10CB300025642A00800700204F503D25642A00000C
:10CB40001C0200204574656261723D25752A000053
:10CB5000596561723D25642A000000004D6F6E74B6
:10CB6000683D25642A0000004461793D25642A005F
:10CB700000020860084600689DF828100844314902
:10CB80000860084630A10268334803F07DFE324851
:10CB900004F08CFF9DF82C002A49086008460068C4
:10CBA00000020860084600689DF82B1008442549DB
:10CBB0000860084629A10268274803F065FE264858
:10CBC00004F074FF9DF82D2026A1234803F05CFE9D
:10CBD000214804F06BFF9DF82E2025A11E4803F08C
:10CBE00053FE1D4804F062FF32211B48F8F7C3FED4
:10CBF0004AF6AA202149096808600698401CC1B27B
:10CC000006911C98814200DB0BE016B1701EC6B283
:10CC100000E00D264AF6AA2018490968086000BFFE
:10CC20001CE600BFB8F1320F07DAC820F9F772FE30
:10CC30004AF6AA20114909680860012010490860D5
:10CC400000BF54E51C02002052656D4574656261A9
:10CC5000723D25752A000000800700204449443DAC
:10CC600025752A00486F75723D25642A0000000072
:10CC70004D696E3D25642C0A00000000100900205B
:10CC80001402002070B50446002210210A48FAF769
:10CC9000BFF87E2101EA440141F08000FFF724FC47
:10CCA0000020FFF721FC0546012210210248FAF777
:10CCB000AFF8284670BD000000080140F8B50446F2
:10CCC0000D4616462B46002280212046009600F095
:10CCD00009F828B1606D40F0200060650320F8BDC0
:10CCE0000020FCE72DE9F84F04460D4690461E460D
:10CCF000DDF82890FAF792F8A0EB0900371AFAF756
:10CD00008DF882462C480068C0F3CB307843009001
:10CD100045E0701C002842D0FAF780F8A0EB0A002A
:10CD2000B84200D2A7BB2068406820F0E00021682C
:10CD300048606068B0F5827F0DD1A068B0F5004F03
:10CD400003D0A068B0F5806F05D12068006820F09E
:10CD5000400021680860A06AB0F5005F0DD100BFF7
:10CD60002068006820F4005021680860206800688E
:10CD700040F400502168086000BF012084F8510091
:10CD800000BF002084F8500000BF0320BDE8F88FEA
:10CD9000FFE7009800B900270098401E0090206827
:10CDA00080682840A84201D1012000E000204045D1
:10CDB000AFD10020EAE70000F8000020704770B50E
:10CDC00005460C462846FFF75DFF064646EA040185
:10CDD000284603F041FD70BD70B504460D46294656
:10CDE0002046FAF70DF870BD70B504460D4616469C
:10CDF000324629462046FAF70BF870BD70B500F0B0
:10CE00006FF80546002411E0164800EB4410C07F7F
:10CE100015490978884208D145FA04F202F0010167
:10CE2000104A02EB441000F021F8641C012CEBDBEB
:10CE30000D48007848B9002405E00A4901EB441088
:10CE400000F091F8641C012CF7DB07480078401CC7
:10CE50000549087008460078052801DB00200870A5
:10CE600070BD0000701C00200F02002010B58278F9
:10CE7000002A33D0827962B901B110BD002242711B
:10CE80008279521C82710023C26820324489135572
:10CE900024E08279092A14DAC26820324389D25CFC
:10CEA00001F001034479A3401A43D3B2C26820328F
:10CEB000448913558279521C82714279521C427105
:10CEC0000CE08279092A09D100228271827729B186
:10CED00042891F2A02DA4289521C428100BFCCE7F4
:10CEE00070B5002600242CE0184A02EB4412918B06
:10CEF000164A02EB44129069FFF76EFF054613488D
:10CF000000EB44108079B0B9104800EB4410807FEA
:10CF100088B985B90E480078801C052190FBF1F294
:10CF200001FB1200094901EB4411C87701200749B0
:10CF300001EB4411887705F00100A0403043C6B2F0
:10CF4000641C012CD0DB304670BD0000701C00203A
:10CF50000F02002070B504460D46A18A2A462069BA
:10CF6000FFF742FF70BD10B50446607800283FD03F
:10CF7000207958B9012020700020E070002120465F
:10CF8000FFF7E8FF2079401C207131E02079092863
:10CF900010DAE279E068805CE278104100F001018B
:10CFA0002046FFF7D7FF2079401C2071E078401C15
:10CFB000E0701DE02079092807D101212046FFF704
:10CFC000C9FF2079401C207112E020790A280FD176
:10CFD00000202071E079401CE071207AE1798842DC
:10CFE00003DD01202070607002E00020207060707E
:10CFF00010BD000010B5F9F747FF03480068401C5A
:10D000000149086010BD00006800002000B593B021
:10D01000282109A8F8F7AFFC142104A8F8F7ABFC05
:10D02000002000900190029003900D2009904FF491
:10D0300080300A9000200B9001200C900D900F90F2
:10D0400002201090C10311914FF4E011129109A830
:10D05000FBF774F908B1F8F761FE0F200490022085
:10D060000590002006904FF4806007900020089003
:10D07000022104A8FBF716F808B1F8F74FFE1120BB
:10D0800000904FF480700190002003906846FAF7FA
:10D090006FFF08B1F8F742FEFBF7CAF813B000BD06
:10D0A00001480249086070470058000808ED00E098
:10D0B00010B50348FCF7D6F90148FCF706F910BD96
:10D0C0008809002010B50268184B984208D0B0F1CA
:10D0D000804F05D0164B984202D0164B984203D190
:10D0E00022F070024B681A43104B984208D0B0F1FE
:10D0F000804F05D00E4B984202D00E4B984203D180
:10D1000022F44072CB681A4322F080034C6943EA50
:10D11000040202608B68C3620B688362034B98420F
:10D1200001D10B6903630123436110BD002C014051
:10D13000000400400008004030B50C46816821F42E
:10D140007F4142EA032525432943816030BD0A46D9
:10D15000816821F0700142F0070319438160704734
:10D1600030B50B461446026A056A25F001050562D2
:10D17000816921F0F00141EA041122F00A021A4308
:10D180008161026230BD30B50B461446056A25F058
:10D19000100505628169026A21F4704141EA043197
:10D1A00022F0A00242EA03128161026230BD70B532
:10D1B00005466C6A0020E085E0842046FCF760F9B3
:10D1C00070BD0168C96821F490710268D16001687E
:10D1D000496921F0010102685161016B012905D102
:10D1E0000168C96821F010010268D160202180F82F
:10D1F0003E1000210163704710B504462068C068E6
:10D2000020F040002168C860202084F83D002046BE
:10D21000FCF7D4FB002010BDF8B5044694F83E009E
:10D22000222869D1A068B0F5805F0CD1206950B97F
:10D230000025A66A20684068C0F308003080A06A14
:10D24000801CA06215E0A56A0026A068B0F5805F8A
:10D2500003D0A06828B9206918B9206840682870F0
:10D2600004E02068406800F07F002870A06A401C3D
:10D27000A062E08D401E80B2E085A8BB2068C06837
:10D2800020F020002168C8602068C06820F4807009
:10D290002168C8602068406920F001002168486169
:10D2A000202084F83E00206B01281ED1002020633E
:10D2B0002068C06820F010002168C86020680068FD
:10D2C00000F0100010280AD100BF00200090206854
:10D2D0000068009020684068009000BF00BFA18DEA
:10D2E0002046FCF7CCF803E004E02046FCF7FCFA0B
:10D2F0000020F8BD0020FCE70220FAE770B50446E4
:10D300002168096921F44051E268114322681161E2
:10D310002269A1681143626941EA02052168C9686E
:10D3200041F20C62914329432268D1602168496926
:10D3300021F44071A2691143226851612D4A21688C
:10D34000914202D1FAF790FF01E0FAF77DFF00EB7E
:10D35000C00101EB001162689200B1FBF2F100EB39
:10D36000C00202EB001263689B00B2FBF3F264237D
:10D37000B2FBF3F202EBC20303EB0212A1EB820158
:10D38000322202EB01116422B1FBF2F101F0F00153
:10D3900000EBC00202EB001263689B00B2FBF3F2E9
:10D3A0006423B2FBF3F201EB021200EBC00101EBCC
:10D3B000001163689B00B1FBF3F100EBC00303EBCA
:10D3C00000136668B600B3FBF6F36426B3FBF6F30E
:10D3D00003EBC30606EB0313A1EB8301322303EB3C
:10D3E00001116423B1FBF3F101F00F011144226834
:10D3F000916070BD00380140014691F83D00212840
:10D4000028D18868B0F5805F0BD1086948B90A6AED
:10D410001088C0F308000B685860086A801C086216
:10D4200005E00B6A581C086218780B685860C88CB5
:10D43000401E80B2C88458B90868C06820F08000D7
:10D440000B68D8600868C06840F040000B68D8607E
:10D45000002070470220FCE72DE9F04104460D460C
:10D4600017469846069E21E0701CF8B12EB1F9F7D8
:10D47000D5FCA0EB0800B04218D92068C06820F4A1
:10D48000D0702168C8602068406920F001002168E0
:10D490004861202084F83D0084F83E0000BF002051
:10D4A00084F83C0000BF0320BDE8F08120680068DC
:10D4B0002840A84201D1012000E00020B842D3D08A
:10D4C0000020F1E710B50248FBF7DCFF10BD0000BB
:10D4D000D009002010B50E48FBF7D4FF0C480068B7
:10D4E000006800F02000202811D10A480068C1B26D
:10D4F00009480A4A12688154002102460748006818
:10D50000401C115405480068401C0449086010BDC7
:10D51000140A0020044400403002002014000020BF
:10D5200010B50E48FBF7AEFF0C480068006800F02D
:10D530002000202810D10A4800680A490A4A1278B7
:10D5400088540021074A08480078401C11540648B6
:10D550000078401C0449087010BD0000580A0020E3
:10D56000044800401C0700204C0000202DE9F04139
:10D5700004460D46D4F8B862D4F8C072D4F8B802A4
:10D5800078B305EB850104F1140000EB810080689D
:10D5900008B305EB850104F1140000EB810005EBF5
:10D5A0008502816807F1280000EBC2000069B1FB29
:10D5B000F0F200FB121070B9002105EB850204F1B6
:10D5C000140000EB8200816000231A4629462046A1
:10D5D00000F0C4FE02E00020C6F814020020BDE8FE
:10D5E000F081FFE70220FAE770B504460E46D4F852
:10D5F000B8523146204600F056FDC5F80C02D4F86A
:10D60000B80248B1D5F80402D4F8BC12CA6805F5CE
:10D6100003719047002070BD0220FCE770B50446FE
:10D620000E4600258121204600F057FC0021E162D2
:10D630000121204600F051FC0021C4F86C11822128
:10D64000204600F04AFC00212164D4F8B80250B111
:10D65000D4F8BC1248688047D4F8B80201F027F922
:10D660000020C4F8B802284670BD70B50546D5F84C
:10D67000B842D5F8BC0278B194F80002FF280BD06C
:10D6800094F8012294F80002D5F8BC128B68214668
:10D690009847FF2084F80002002070BD01460A2050
:10D6A0000880014870470000000100200146432027
:10D6B000088001487047000088010020014643208F
:10D6C00008800148704700004401002001464320C3
:10D6D0000880014870470000CC0100202DE9F0418E
:10D6E00004460F460026207C88B94FF400730222BE
:10D6F0008121204600F03EFD0121E1624B02022221
:10D70000204600F037FD0121C4F86C110FE04023E2
:10D7100002228121204600F02DFD0121E1624023FB
:10D720000222204600F026FD0121C4F86C110823D6
:10D7300003228221204600F01DFD012121644FF4C7
:10D74000077001F0B5F8C4F8B802D4F8B80208B907
:10D7500001261CE0D4F8B852D4F8BC1208688047FF
:10D760000020C5F81402C5F81802207C40B94FF417
:10D77000007301212046D5F8042200F013FD06E0D5
:10D78000402301212046D5F8042200F00BFD30464D
:10D79000BDE8F08170B50446D4F8B852D4F8B802A8
:10D7A00098B1207C40B94FF4007301212046D5F890
:10D7B000042200F0F7FC06E0402301212046D5F8C2
:10D7C000042200F0EFFC002070BD0220FCE70246BE
:10D7D000022011B1C2F8BC12002070470246D2F8F4
:10D7E000B832C3F804120020704710B50346D3F8CE
:10D7F000B842C4F80812C4F81022002010BD2DE968
:10D80000FC4105460C46D5F8B86200200190009016
:10D810000027207800F0600040B320285FD1E08826
:10D82000E0B1207800F0800060B1E2886078D5F83F
:10D83000BC128B6831469847E2883146284600F092
:10D84000E6F812E0607886F80002A07986F8010216
:10D85000E2883146284600F0B9F806E06078D5F84D
:10D86000BC1200228B68214698473EE0607820B1C8
:10D870000A2812D00B282AD11FE095F89C02032811
:10D8800005D102226946284600F0C1F804E021468D
:10D89000284600F08FF802271FE095F89C02032825
:10D8A00005D1012201A9284600F0B1F804E0214683
:10D8B000284600F07FF802270FE095F89C02032825
:10D8C00004D02146284600F075F8022705E02146DD
:10D8D000284600F06FF8022700BF00BF05E0214690
:10D8E000284600F067F8022700BF00BF3846BDE8B1
:10D8F000FC8170B50546D5F8B842D5F8B802A8B194
:10D90000D4F8140280B90120C4F81402D4F810121B
:10D910002963B4F8100283B281212846D4F8082282
:10D9200000F01CFD002070BD0120FCE70220FAE79A
:10D9300070B504460D46D4F8B40229464268204624
:10D940009047002070BD70B504460D4694F89C02C7
:10D95000012804D0022803D003280CD101E000BF25
:10D9600000BF6888012805D10020C4F8A402204621
:10D9700000F05EF804E02946204600F01BF800BFE6
:10D9800000BF70BD70B506460C4615462B462246B4
:10D990000021304600F006FC002070BD70B5064640
:10D9A0000C4615462B4622460021304600F0D6FC98
:10D9B000002070BD70B504460D468021204600F061
:10D9C000A1FC0021204600F09DFC70BD70B504460E
:10D9D0000E4615460320C4F894024FF4AE7005516C
:10D9E000001D05512B4632460021204600F0DAFB8F
:10D9F000002070BD10B504460520C4F89402002331
:10DA00001A461946204600F0CDFB002010BD70B527
:10DA100004460E4615460220C4F89402E5612562CC
:10DA20002B4632460021204600F098FC002070BDB5
:10DA300010B504460420C4F8940200231A4619467F
:10DA4000204600F08BFC002010BD000070B505469C
:10DA50000C462DB92246064906A000F0D3F904E091
:10DA60002246034903A000F0CDF9014870BD000033
:10DA7000600D002043444320436F6E6669670000D9
:10DA800002461220088001487047000090000020E4
:10DA900070B505460C462DB92246064906A000F091
:10DAA000B1F904E02246034903A000F0ABF90148B4
:10DAB00070BD0000600D002043444320496E746532
:10DAC0007266616365000000024604200880014818
:10DAD00070470000A400002070B505460C462246A1
:10DAE000024903A000F08EF9004870BD600D0020CF
:10DAF0004A6168616E476F737461720070B5054664
:10DB00000C462DB92246064906A000F07BF904E038
:10DB10002246034903A000F075F9014870BD0000DA
:10DB2000600D00204A6168616E476F7374617250C6
:10DB30006F72740070B505460C461A202080F8F705
:10DB40004BFE014870BD0000A800002070B50446DF
:10DB50000D46E888012804D029462046FFF72AFF11
:10DB60001EE094F89C02012804D0022803D0032868
:10DB700010D109E000BF0020A060012204F10801DB
:10DB80002046FFF744FF0AE00122211D2046FFF74F
:10DB90003EFF04E029462046FFF70CFF00BF00BF10
:10DBA00070BDF8B504460E46002000900027002501
:10DBB00070880012082875D2DFE800F0C7040C2036
:10DBC000C7C7A5B5207CD4F8B0120A68694690474B
:10DBD0000746C1E0207C40B9D4F8B402816A6846A7
:10DBE000884707460220787007E0D4F8B402C16A7B
:10DBF00068468847074602207870ADE0B07806286E
:10DC000078D2DFE800F00316293C5063D4F8B00264
:10DC1000406838B1207CD4F8B0124A686946904711
:10DC2000074605E031462046FFF7C4FE681CC5B232
:10DC300067E0D4F8B002806838B1207CD4F8B01224
:10DC40008A6869469047074605E031462046FFF757
:10DC5000B1FE681CC5B254E0D4F8B002C06838B157
:10DC6000207CD4F8B012CA6869469047074605E0A0
:10DC700031462046FFF79EFE681CC5B241E0D4F84D
:10DC8000B002006938B1207CD4F8B0120A69694644
:10DC90009047074605E031462046FFF78BFE681C9B
:10DCA000C5B22EE051E0D4F8B002406938B1207C12
:10DCB000D4F8B0124A6969469047074605E03146F4
:10DCC0002046FFF777FE681CC5B21AE0D4F8B00210
:10DCD000806940B1207CD4F8B0128A6969469047C7
:10DCE000074606E006E031462046FFF763FE681C63
:10DCF000C5B206E031462046FFF75CFE681CC5B29F
:10DD000000BF00BF28E0207C30B9D4F8B402416BDA
:10DD100068468847074605E031462046FFF74AFE39
:10DD2000681CC5B218E0207C40B9D4F8B402016B7D
:10DD30006846884707460720787005E03146204648
:10DD4000FFF738FE681CC5B206E031462046FFF7F3
:10DD500031FE681CC5B200BF00BF05B1F8BDBDF8FB
:10DD6000000088B1F08878B1F088BDF800108842D2
:10DD700002DDBDF8000000E0F0880090BDF8002052
:10DD800039462046FFF743FEF08810B92046FFF7DA
:10DD90004FFE00BFE2E70146002002E0421CD0B285
:10DDA000491C0A78002AF9D1704770B504460D461F
:10DDB00094F89C02012804D0022803D003281AD129
:10DDC00001E000BF00BFE888022804D029462046B1
:10DDD000FFF7F0FD14E00120E060D4F8A40218B1D0
:10DDE000E06840F00200E060022204F10C012046ED
:10DDF000FFF70DFE04E029462046FFF7DBFD00BFDC
:10DE000000BF70BD2DE9F04104460D4617460026BF
:10DE1000FCB12046FFF7BFFF022101EB4000388034
:10DE20003A783046711CCEB22A5403223046711C17
:10DE3000CEB22A540AE014F8012B3046711CCEB23F
:10DE40002A5400223046711CCEB22A542078002871
:10DE5000F1D1BDE8F0810146002031B1012906D0A1
:10DE6000022906D0032908D105E0002007E002209E
:10DE700005E0012003E0022001E0022000BF00BF16
:10DE8000704770B504460D4616460CB9022070BDA9
:10DE9000D4F8B40210B10020C4F8B4020DB1C4F833
:10DEA000B052012084F89C022670204600F004F94C
:10DEB0000020ECE72DE9F04104460D46002600273E
:10DEC0002946D4F8C002F9F729F906463046FFF78B
:10DED000C2FF07463846BDE8F0812DE9F04104460F
:10DEE0000D46002600272946D4F8C002F9F7E1F8CC
:10DEF00006463046FFF7AFFF07463846BDE8F081DB
:10DF00002DE9F04104460E461746002E64D104F177
:10DF10001405D4F89402022848D1D5E903018842B7
:10DF200010D9D5E90301401AE860A88982B23946C0
:10DF30002046FFF733FD00231A461946204600F01D
:10DF400031F93EE02969A868B0FBF1F201FB12004B
:10DF5000B8B92969A868884213D3A868D4F8981278
:10DF600088420ED2002211462046FFF717FD0020FE
:10DF7000C4F8980200231A461946204600F012F908
:10DF80001FE0D4F8B402C06840B194F89C020328A2
:10DF900004D1D4F8B402C1682046884780212046C5
:10DFA00000F0B0F92046FFF725FD0AE0D4F894020E
:10DFB000042802D0D4F8940218B98021204600F039
:10DFC000A1F994F8A002012818D1204600F0FAF92E
:10DFD000002084F8A00211E0D4F8B402406950B1E6
:10DFE00094F89C02032806D1D4F8B4023146426961
:10DFF0002046904702E00220BDE8F0810020FBE7C8
:10E000002DE9F04104460E461746BEBB04F5AA753D
:10E01000D4F89402032825D1D5E90301884210D908
:10E02000D5E90301401AE860D5E90301884201D22D
:10E03000E86800E0286982B239462046FFF7A2FC72
:10E040002FE0D4F8B402006940B194F89C02032890
:10E0500004D1D4F8B4020169204688472046FFF76E
:10E06000E7FC1EE0D4F8940205281AD10020C4F879
:10E0700094020021204600F045F912E0FFE7D4F8B1
:10E08000B402806950B194F89C02032806D1D4F8F8
:10E09000B402314682692046904702E00220BDE882
:10E0A000F0810020FBE770B504460D462946D4F800
:10E0B000C002F9F7B1FB70BD10B504461D48C0F8A9
:10E0C000E842C4F8C0021C481A49086008204860A9
:10E0D00002211848816000218161C1610162F9F764
:10E0E00072FD08B1F7F71AFE04F530741823002208
:10E0F00011462068F8F79AFF5823002280212068F3
:10E10000F8F794FFC023002281212068F8F78EFFE2
:10E110004FF48873002201212068F8F787FF2068F8
:10E12000A4F530744FF4807300228221F8F77EFF4B
:10E13000002010BD30170020005C004010B50246E2
:10E14000D2F8C03201F08000802809D101F07F00B0
:10E1500000EB800403F1280000EBC400807810BDC0
:10E1600001F07F0000EB800403F5B47000EBC40005
:10E170008078F4E72DE9F04704460F4615461E4621
:10E180004FF00008C1462B4632463946D4F8C0024B
:10E19000F9F74DFB80464046FFF75DFE8146484655
:10E1A000BDE8F0872DE9F04704460D4616461F46A8
:10E1B0004FF00008C1463B4632462946D4F8C0021B
:10E1C000F9F77BFB80464046FFF745FE814648460F
:10E1D000BDE8F08710B504464023002211462046D2
:10E1E000FFF7C8FF01214FF4AC70015140214FF4FB
:10E1F000B27001514023002280212046FFF7BAFF70
:10E200000121A16140216162012084F89C0200206B
:10E21000C4F894026060C4F8A402D4F8B80228B12B
:10E220002179D4F8B402426820469047002010BDFE
:10E23000014691F89C02042803D191F89D0281F8CF
:10E240009C020020704710B5044694F89C020328F5
:10E2500008D1D4F8B402C06920B1D4F8B402C169BD
:10E2600020468847002010BD0246117400207047E8
:10E270002DE9F04104460D46002600272946D4F832
:10E28000C002F9F78FFD06463046FFF7E4FD07466A
:10E290003846BDE8F08170B504460D46294604F5C0
:10E2A0002A7000F073F80120C4F8940240F2AE2006
:10E2B000005BC4F8980294F8A80200F01F0020B197
:10E2C000012808D0022812D10BE004F52A7120465B
:10E2D00000F041F913E004F52A71204600F0A8FA95
:10E2E0000DE004F52A71204600F086F907E094F865
:10E2F000A80200F08001204600F004F800BF00BF33
:10E30000002070BD2DE9F04104460D46002600278F
:10E310002946D4F8C002F9F7F6FA06463046FFF768
:10E320009AFD07463846BDE8F08170B504460025E1
:10E330000026D4F8C002F9F759FD05462846FFF734
:10E340008AFD0646304670BD014691F89C0281F870
:10E350009D02042081F89C02002070472DE9F047BF
:10E3600004460D4616461F464FF00008C1463B4680
:10E3700032462946D4F8C002F9F709FB80464046E8
:10E38000FFF769FD81464846BDE8F0870A780270CC
:10E390004A7842708B78CA7803EB022242800B796C
:10E3A0004A7903EB022282808B79CA7903EB02223D
:10E3B000C28070470246002011B1C2F8B41200E0DA
:10E3C0000220704701460020704770B504460D4694
:10E3D000A88810BBE88800BB688880281DD2A87870
:10E3E00000F07F0694F89C02032804D129462046B9
:10E3F000FFF7E0FA15E084F89E6231462046FFF709
:10E4000037FF2046FFF714FB1EB1022084F89C0260
:10E4100007E0012084F89C0203E029462046FFF72C
:10E42000C9FA70BD70B504460D460226D4F8B40290
:10E4300038B1D4F8B402294602682046904700B9A2
:10E440000026304670BD000070B504460D46A87821
:10E450003649087008460078012804DD2946204620
:10E46000FFF7A8FA60E094F89C02022802D0032883
:10E470004FD11CE02D480078A8B12C48007860608E
:10E48000032084F89C02294801782046FFF7CAFF40
:10E49000022804D129462046FFF78CFA70BD204699
:10E4A000FFF7C6FA02E02046FFF7C2FA3BE01F483A
:10E4B000007870B9022084F89C021C4800786060E3
:10E4C0001A4801782046FFF733FA2046FFF7B0FAE2
:10E4D0001EE0164909786068884216D021792046E6
:10E4E000FFF726FA1148007860601048017820464E
:10E4F000FFF798FF022804D129462046FFF75AFA71
:10E50000CCE72046FFF794FA02E02046FFF790FAA6
:10E5100009E029462046FFF74DFA044801782046D5
:10E52000FFF706FA00BF00BF00BFB7E7FC000020FE
:10E5300070B505460C466088012804D1C5F8A402D0
:10E540002846FFF775FA70BD10B504462046FFF760
:10E55000ECFE002010BD70B505460C460026207864
:10E5600000F0600060B1202802D040283CD100E0DB
:10E5700000BFD5F8B402214682682846904738E0AB
:10E5800060780A2829D2DFE800F01923281E280A1B
:10E590000528140F21462846FFF703FB22E02146F9
:10E5A0002846FFF712FF1DE021462846FFF74CFFE3
:10E5B00018E021462846FFF7C9FA13E0214628460D
:10E5C000FFF7F3FB0EE021462846FFF7B1FF09E015
:10E5D00021462846FFF7B7F904E021462846FFF711
:10E5E000E9F900BF00BF04E021462846FFF7E2F941
:10E5F00000BF00BF304670BD2DE9F04105460E4614
:10E600004FF000083479307800F0600060B12028C5
:10E6100002D0402871D100E000BFD5F8B4023146E5
:10E6200082682846904700E1307800F0600020289A
:10E6300009D1D5F8B4023146826828469047804611
:10E640004046BDE8F081707800285ED001282FD0C8
:10E65000032876D195F89C02022802D0032820D105
:10E6600010E054B1802C08D021462846FFF74AFE1E
:10E6700080212846FFF746FE03E031462846FFF793
:10E6800099F913E0708840B93CB1802C05D0F0882E
:10E6900018B921462846FFF735FE2846FFF7C8F986
:10E6A00004E031462846FFF785F900BF00BFB5E01A
:10E6B00095F89C02022802D003281FD110E054B123
:10E6C000802C08D021462846FFF71CFE80212846D2
:10E6D000FFF718FE03E031462846FFF76BF912E01A
:10E6E000708848B904F07F0018B121462846FFF72A
:10E6F000E1FB2846FFF79CF905E091E0314628460A
:10E70000FFF758F900BF00BF88E095F89C02022887
:10E7100002D0032876D126E034B1802C04D03146D3
:10E720002846FFF747F972E004F08000802809D1FD
:10E7300004F07F0000EB800105F1140000EB810084
:10E7400008E066E004F07F0000EB800105F5AA70A8
:10E7500000EB810007460020386002223946284637
:10E76000FFF755F953E004F0800080280ED104F043
:10E770000F0000EB800105F1140000EB8100406800
:10E7800098B931462846FFF715F940E004F00F002C
:10E7900000EB800105F5AA7000EB8100406820B90C
:10E7A00031462846FFF706F931E004F08000802862
:10E7B00008D104F07F0000EB800105F1140000EBAC
:10E7C000810007E004F07F0000EB800105F5AA70EE
:10E7D00000EB810007460CB1802C02D1002038608C
:10E7E00009E021462846FFF7A9FC10B10120386056
:10E7F00001E000203860022239462846FFF707F979
:10E8000005E0FFE731462846FFF7D4F800BF00BF18
:10E8100004E031462846FFF7CDF800BF00BF04E012
:10E8200031462846FFF7C6F800BF00BF404608E75C
:10E8300070B505460C460026207800F0600030B127
:10E84000202802D040282AD100E000BF00BF95F860
:10E850009C02012804D0022803D0032818D101E02B
:10E8600000BF00BF207901280DDCD5F8B402214695
:10E870008268284690470646E08840B93EB9284657
:10E88000FFF7D6F803E021462846FFF793F804E0A7
:10E8900021462846FFF78EF800BF00BF04E021465E
:10E8A0002846FFF787F800BF00BF002070BD704703
:10E8B00001460148704700001C1A0020F0B50246CE
:10E8C00000260878400032F8100048F68F1400EA5D
:10E8D0000403C87830B101280CD0022805D00328E1
:10E8E0000BD104E043F4007309E000BF07E043F4F8
:10E8F000C06304E043F4806301E0012600BF00BF71
:10E9000043F4004040F080000C78640022F81400CA
:10E9100000BF0C78640032F8144048F68F752C4024
:10E920000D7844EA050040F4004444F080040D787A
:10E930006D0022F8154000BF087B00287ED1487882
:10E94000002852D000BF1046B2F8505028440D782D
:10E9500000F5806707EB0514CD886D106D002580EC
:10E9600000BF00BF0C78640032F8140000F04004CF
:10E970008CB100BF0D786D0032F8155048F68F77D6
:10E9800005EA070444F4004545F0C0050F787F0010
:10E9900022F8175000BF00BFC878012813D000BF6D
:10E9A0000C78640032F8144048F6BF7504EA05009C
:10E9B00080F0200040F4004444F080040D786D00A5
:10E9C00022F815409EE100BF0C78640032F8144034
:10E9D00048F6BF7504EA050040F4004444F08004A2
:10E9E0000D786D0022F815408CE100BF1046B2F89A
:10E9F000505028440D78042707EBC50500F58067C3
:10EA000007EB4504CD886D106D00258000BF00BF69
:10EA10001546B2F8504025440C78062707EBC4048D
:10EA200005F5806707EB4404204600BF0F6967B90E
:10EA3000078848F2FF3C07EA0C0700E057E0078030
:10EA4000078847F4004707801EE00F693E2F0DD866
:10EA500000BF0F697C080F7C07F0010707B1641C39
:10EA60004FF6FF7707EA842707800DE000BF0F69A4
:10EA70007C090F7C07F01F0707B9641E4FF400479D
:10EA800047EA8427078000BF00BF00BF00BF0C78A3
:10EA9000640032F8140000F480448CB100BF0D789B
:10EAA0006D0032F8155048F68F7705EA070444F4F4
:10EAB000004545F481450F787F0022F8175000BFCC
:10EAC00000BF00BF0C78640032F814404BF68F751D
:10EAD00004EA050080F4805080F4005040F40044C3
:10EAE00044F080040D786D0022F815400AE100BF63
:10EAF0000C78640032F8144048F68F7504EA05007B
:10EB000040F4004444F4C0740D786D0022F81540C0
:10EB100000BF00BF00BF00BF1046B2F850502844ED
:10EB20000D7800F5806707EB05140D896D106D00F9
:10EB3000258000BF00BF00BF00BF1046B2F8505094
:10EB400028440D78042707EBC50500F5806707EB1F
:10EB500045044D896D106D00258000BF00BF00BFCA
:10EB6000487800285DD100BF0C78640032F81400AA
:10EB700000F480448CB100BF0D786D0032F8155060
:10EB800048F68F7705EA070444F4004545F48145CB
:10EB90000F787F0022F8175000BF00BF00BF0C782D
:10EBA000640032F8140000F040048CB100BF0D780E
:10EBB0006D0032F8155048F68F7705EA070444F4E3
:10EBC000004545F0C0050F787F0022F8175000BFC0
:10EBD00000BF00BF0C78640032F814404BF68F750C
:10EBE00004EA050080F4805080F4005040F40044B2
:10EBF00044F080040D786D0022F8154000BF00BF7E
:10EC00000C78640032F8144048F6BF7504EA050039
:10EC100040F4004444F080040D786D0022F8154063
:10EC200070E000BF0C78640032F8140000F48044F7
:10EC30008CB100BF0D786D0032F8155048F68F7713
:10EC400005EA070444F4004545F481450F787F0048
:10EC500022F8175000BF00BF00BF0C78640032F8E4
:10EC6000140000F040048CB100BF0D786D0032F844
:10EC7000155048F68F7705EA070444F4004545F03F
:10EC8000C0050F787F0022F8175000BF00BFC8787A
:10EC9000012813D000BF0C78640032F8144048F605
:10ECA000BF7504EA050080F0200040F4004444F001
:10ECB00080040D786D0022F8154011E000BF0C783B
:10ECC000640032F8144048F6BF7504EA050040F4C9
:10ECD000004444F080040D786D0022F8154000BF18
:10ECE00000BF0C78640032F814404BF68F7504EACC
:10ECF000050040F4004444F080040D786D0022F8D3
:10ED0000154000BF3046F0BD10B50446002010BDD0
:10ED100030B50246087B00285BD1487860B300BF5D
:10ED20000B785B0032F8130000F040038BB100BF9A
:10ED30000C78640032F8144048F68F7504EA050335
:10ED400043F4004444F0C0040D786D0022F81540EF
:10ED500000BF00BF00BF0B785B0032F8133048F6ED
:10ED6000BF7403EA040040F4004343F080030C78CE
:10ED7000640022F8143007E100BF0B785B0032F822
:10ED8000130000F480438BB100BF0C78640032F8AC
:10ED9000144048F68F7504EA050343F4004444F434
:10EDA00081440D786D0022F8154000BF00BF00BF00
:10EDB0000B785B0032F813304BF68F7403EA0400D3
:10EDC00040F4004343F080030C78640022F81430D0
:10EDD000DAE0487800286BD100BF0B785B0032F88E
:10EDE000130000F480438BB100BF0C78640032F84C
:10EDF000144048F68F7504EA050343F4004444F4D4
:10EE000081440D786D0022F8154000BF00BF00BF9F
:10EE10000B785B0032F8130000F040038BB100BFA9
:10EE20000C78640032F8144048F68F7504EA050344
:10EE300043F4004444F0C0040D786D0022F81540FE
:10EE400000BF00BF00BF0B785B0032F8133048F6FC
:10EE50008F7403EA040040F4004343F0C0030C78CD
:10EE6000640022F8143000BF00BF0B785B0032F85A
:10EE700013304BF68F7403EA040040F4004343F070
:10EE800080030C78640022F8143000BF00BF0B78B8
:10EE90005B0032F8133048F6BF7403EA040040F414
:10EEA000004343F080030C78640022F814306BE0D8
:10EEB00000BF0B785B0032F8130000F480438BB185
:10EEC00000BF0C78640032F8144048F68F7504EAED
:10EED000050343F4004444F481440D786D0022F8A6
:10EEE000154000BF00BF00BF0B785B0032F8130075
:10EEF00000F040038BB100BF0C78640032F814407E
:10EF000048F68F7504EA050343F4004444F0C00456
:10EF10000D786D0022F8154000BF00BF00BF0B78D0
:10EF20005B0032F8133048F68F7403EA040040F4B3
:10EF3000004343F481430C78640022F8143000BF8E
:10EF400000BF0B785B0032F8133048F6BF7403EA59
:10EF5000040040F4004343F080030C78640022F87E
:10EF6000143000BF00BF0B785B0032F813304BF653
:10EF70008F7403EA040040F4004343F080030C78EC
:10EF8000640022F8143000BF002030BD014600208C
:10EF9000704701460020704710B50446012024F850
:10EFA000400F00202080A0802082403C10BD014600
:10EFB0004FF43F42B1F840009043A1F840000020D8
:10EFC000704702460020704730B50246087B002893
:10EFD00065D1487888B300BF0B785B0032F8130026
:10EFE00000F040038BB100BF0C78640032F814408D
:10EFF00048F68F7504EA050343F4004444F0C00466
:10F000000D786D0022F8154000BF00BFC8780128B8
:10F0100045D000BF0B785B0032F8133048F6BF7460
:10F0200003EA040080F0200040F4004343F0800332
:10F030000C78640022F8143031E0FFE700BF0B7851
:10F040005B0032F8130000F480438BB100BF0C78F2
:10F05000640032F8144048F68F7504EA050343F45F
:10F06000004444F481440D786D0022F8154000BF3F
:10F0700000BF00BF0B785B0032F813304BF68F7483
:10F0800003EA040080F4805080F4005040F4004310
:10F0900043F080030C78640022F8143000BF002095
:10F0A00030BD10B50246487898B100BF0B785B00C0
:10F0B00032F8133048F6BF7403EA040080F0100001
:10F0C00040F4004343F080030C78640022F81430CD
:10F0D00013E000BF0B785B0032F813304BF68F74EF
:10F0E00003EA040080F4805040F4004343F08003BE
:10F0F0000C78640022F8143000BF002010BD2DE908
:10F10000F04706460C466078012876D12169A0694F
:10F11000884201D9256900E0A569207BA0B9ABB27E
:10F12000E2883046616900F0F4FD00BF3046B6F871
:10F13000502010442278022303EBC20200F58063C2
:10F1400003EB42010D8081E3E07802287DD1216943
:10F15000206A88427AD900BF2178490036F8111018
:10F1600048F68F7201EA020040F4004141F4C07198
:10F170002278520026F8121000BF206A401B20623D
:10F180002078400036F8100000F0400000287DD0C4
:10F1900000BF3346607888BB00BF3246B6F85010D7
:10F1A0000A4421784FF0060909EBC10102F5806994
:10F1B00009EB4101084600BF75B9B0F8009048F26C
:10F1C000FF3A09EA0A09A0F80090B0F8009049F463
:10F1D0000049A0F8009021E03E2D10D800BF69083A
:10F1E00005F00109B9F1000F00D0491C4FF6FF7975
:10F1F00009EA8129A0F8009010E03DE310E000BF8B
:10F20000690905F01F09B9F1000F00D1491E4FF43B
:10F21000004949EA8129A0F8009000BF00BF0FE033
:10F22000607801280CD1B6F85000034420780621FC
:10F2300001EBC00003F5806101EB400CACF800501D
:10F2400000BF6789ABB23A4601E057E12CE1304696
:10F25000616900F05EFD6069284460612169206A8F
:10F26000884203D9206A401B206202E0256A002000
:10F27000206200BF6078C0BB00BF3246B6F85010B5
:10F280000A442178022303EBC10100E049E002F5C2
:10F29000806303EB4101084600BF55B9038848F27B
:10F2A000FF3C03EA0C030380038843F4004303801C
:10F2B00019E03E2D0BD800BF690805F0010303B12A
:10F2C000491C4FF6FF7303EA812303800BE000BF64
:10F2D000690905F01F0303B9491E4FF4004343EACF
:10F2E0008123038000BF00BF12E0FFE760780128A0
:10F2F0000ED100BF3046B6F85020104422780223C9
:10F3000003EBC20200F5806303EB42010D8000BFF6
:10F3100000BF2789ABB23A463046616900F0F9FC7C
:10F3200094E200BF6078B0BB00BF3246B6F8501020
:10F330000A442178022303EBC10102F5806303EB49
:10F340004101084600BF55B9038848F2FF3C03EA73
:10F350000C030380038843F40043038019E03E2D2F
:10F360000BD800BF690805F0010303B1491C4FF633
:10F37000FF7303EA812303800BE000BF690905F0F6
:10F380001F0303B9491E4FF4004343EA812303805E
:10F3900000BF00BF12E0FFE7607801280ED100BF78
:10F3A0003046B6F8502010442278022303EBC20204
:10F3B00000F5806303EB42010D8000BF00BF278989
:10F3C000ABB23A463046616900F0A3FC606928445C
:10F3D00060612169206A884203D9206A401B20624B
:10F3E00002E0256A0020206200BF3346607880BBBF
:10F3F00000BF3246B6F850100A4421784FF0060993
:10F4000009EBC10102F5806909EB4101084600BF23
:10F4100075B9B0F8009048F2FF3A09EA0A09A0F875
:10F420000090B0F8009049F40049A0F8009020E066
:10F430003E2D0FD800BF690805F00109B9F1000F92
:10F4400000D0491C4FF6FF7909EA8129A0F8009005
:10F450000FE010E000BF690905F01F09B9F1000FC6
:10F4600000D1491E4FF4004949EA8129A0F80090D3
:10F4700000BF00BF0FE0607801280CD1B6F8500043
:10F4800003442078062101EBC00003F5806101EB05
:10F49000400CACF8005000BF6789ABB23A4630462A
:10F4A000616900F036FCD1E1256A00BF217849008E
:10F4B00036F8111048F68F6201EA020040F400416C
:10F4C00041F080012278520026F8121000BF00BFE0
:10F4D0003046B6F8502010442278022303EBC202D3
:10F4E00000F5806303EB42010D8000BF2789ABB2BA
:10F4F0003A463046616900F00CFCA7E100BF217874
:10F50000490036F8111048F68F7201EA020040F403
:10F51000004141F4C0712278520026F8121000BF59
:10F52000206A401B20622078400036F8100000F06E
:10F53000400000287DD000BF3346607880BB00BF0C
:10F540003246B6F850100A4421784FF0060909EB0C
:10F55000C10102F5806909EB4101084600BF75B998
:10F56000B0F8009048F2FF3A09EA0A09A0F80090C2
:10F57000B0F8009049F40049A0F8009020E03E2D3A
:10F580000FD800BF690805F00109B9F1000F00D0DC
:10F59000491C4FF6FF7909EA8129A0F800900FE095
:10F5A00010E000BF690905F01F09B9F1000F00D193
:10F5B000491E4FF4004949EA8129A0F8009000BF94
:10F5C00000BF0FE0607801280CD1B6F8500003446A
:10F5D0002078062101EBC00003F5806101EB400CAF
:10F5E000ACF8005000BF6789ABB23A46304661695B
:10F5F00000F08FFB6069284460612169206A8842BD
:10F6000003D9206A401B206202E0256A00202062A4
:10F61000002D56D000BF6078C0BB00BF3246B6F8A0
:10F6200050100A442178022303EBC10102F58063E4
:10F6300000E047E003EB4101084600BF55B90388ED
:10F6400048F2FF3C03EA0C030380038843F40043C1
:10F65000038019E03E2D0BD800BF690805F00103B7
:10F6600003B1491C4FF6FF7303EA812303800BE0CB
:10F6700000BF690905F01F0303B9491E4FF4004399
:10F6800043EA8123038000BF00BF12E0FFE76078F8
:10F6900001280ED100BF3046B6F850201044227821
:10F6A000022303EBC20200F5806303EB42010D80ED
:10F6B00000BF00BF2789ABB23A463046616900F00F
:10F6C00028FBC3E000BF6078B0BB00BF3246B6F88D
:10F6D00050100A442178022303EBC10102F5806334
:10F6E00003EB4101084600BF55B9038848F2FF3CCF
:10F6F00003EA0C030380038843F40043038019E00A
:10F700003E2D0BD800BF690805F0010303B1491C69
:10F710004FF6FF7303EA812303800BE000BF690902
:10F7200005F01F0303B9491E4FF4004343EA812348
:10F73000038000BF00BF12E0FFE7607801280ED110
:10F7400000BF3046B6F8502010442278022303EB65
:10F75000C20200F5806303EB42010D8000BF00BFD1
:10F760002789ABB23A463046616900F0D2FA606947
:10F77000284460612169206A884203D9206A401BBD
:10F78000206202E0256A00202062A5B300BF334654
:10F79000607888BB00BF3246B6F850100A44217822
:10F7A0004FF0060909EBC10102F5806909EB41013F
:10F7B000084600BF75B9B0F8009048F2FF3A09EA70
:10F7C0000A09A0F80090B0F8009049F40049A0F8A8
:10F7D000009021E03E2D10D800BF690805F0010916
:10F7E000B9F1000F00D0491C4FF6FF7909EA8129D1
:10F7F000A0F8009010E029E010E000BF690905F0D2
:10F800001F09B9F1000F00D1491E4FF4004949EA20
:10F810008129A0F8009000BF00BF0FE060780128A8
:10F820000CD1B6F8500003442078062101EBC0004B
:10F8300003F5806101EB400CACF8005000BF678914
:10F84000ABB23A463046616900F063FA00BF2178F6
:10F85000490036F8111048F6BF7201EA020080F044
:10F86000100080F0200040F4004141F08001227837
:10F87000520026F8121005E2207BA0BB2169A06986
:10F88000884204D92569A069401BA06102E0A569EE
:10F890000020A06100BF3246B6F850100A4421781B
:10F8A000062303EBC10102F5806303EB4101084627
:10F8B00000BF55B9038848F2FF3C03EA0C030380FC
:10F8C000038843F4004303801AE03E2D0CD800BFA8
:10F8D000690805F0010303B1491C4FF6FF7303EA01
:10F8E000812303800CE00DE000BF690905F01F03D0
:10F8F00003B9491E4FF4004343EA8123038000BF4C
:10F9000000BFA9E1E07802287DD100BF00BF607888
:10F91000E0BB00BF3246B6F850100A4421780223FB
:10F9200003EBC10102F5806303EB4101084600BF10
:10F93000236953B9038848F2FF3C03EA0C030380B0
:10F94000038843F4004303801EE023693E2B0DD857
:10F9500000BF23695908237C03F0010303B1491C4C
:10F960004FF6FF7303EA812303800DE000BF236994
:10F970005909237C03F01F0303B9491E4FF40043C8
:10F9800043EA8123038000BF00BF13E0FFE76078F4
:10F9900001280FD100BF3046B6F85020104422781D
:10F9A000022303EBC20200F5806303EB4201228ACB
:10F9B0000A8000BF00BF00BF33466078E8BB00BFCD
:10F9C0003246B6F850100A4421784FF0060909EB88
:10F9D000C10102F5806909EB4101084600BFD4F876
:10F9E0001090B9F1000F0FD1B0F8009048F2FF3A33
:10F9F00009EA0A09A0F80090B0F8009049F400491B
:10FA0000A0F800902EE06BE0D4F81090B9F13E0F12
:10FA100014D800BFD4F810904FEA590194F8109010
:10FA200009F00109B9F1000F00D0491C4FF6FF7928
:10FA300009EA8129A0F8009014E015E000BFD4F88D
:10FA400010904FEA591194F8109009F01F09B9F17C
:10FA5000000F00D1491E4FF4004949EA8129A0F85E
:10FA6000009000BF00BF10E0607801280DD1B6F80B
:10FA7000500003442078062101EBC00003F58061AB
:10FA800001EB400C208AACF8000000BF00BFE06929
:10FA9000002824D02078400036F8108008F48040F8
:10FAA00010B108F0400038B908F48040002816D1A1
:10FAB00008F04000002812D100BF00BF21784900A3
:10FAC00036F8111048F68F7201EA020040F4004146
:10FAD00041F0C0012278520026F8121000BFBBE0AE
:10FAE000E07801287CD12169A069884204D9256980
:10FAF000A069401BA06102E0A5690020A06100BFD1
:10FB000000BF6078B0BB00BF3246B6F850100A4460
:10FB10002178022303EBC10102F5806303EB41016D
:10FB2000084600BF55B9038848F2FF3C03EA0C03BE
:10FB30000380038843F40043038019E03E2D0BD873
:10FB400000BF690805F0010303B1491C4FF6FF73BC
:10FB500003EA812303800BE000BF690905F01F035E
:10FB600003B9491E4FF4004343EA8123038000BFD9
:10FB700000BF12E0FFE7607801280ED100BF3046D9
:10FB8000B6F8502010442278022303EBC20200F59D
:10FB9000806303EB42010D8000BF00BF00BF33460E
:10FBA000607890BB00BF3246B6F850100A44217806
:10FBB0004FF0060909EBC10102F5806909EB41012B
:10FBC000084600BF85B9B0F8009048F2FF3A09EA4C
:10FBD0000A09A0F80090B0F8009049F4004900E04C
:10FBE00037E0A0F8009020E03E2D0FD800BF690854
:10FBF00005F00109B9F1000F00D0491C4FF6FF795B
:10FC000009EA8129A0F800900FE010E000BF69091F
:10FC100005F01F09B9F1000F00D1491E4FF400494A
:10FC200049EA8129A0F8009000BF00BF0FE060788A
:10FC300001280CD1B6F8500003442078062101EBCE
:10FC4000C00003F5806101EB400CACF8005000BF30
:10FC500002E00120BDE8F08700BF2178490036F8B6
:10FC600011104BF68F7201EA020080F4805080F48C
:10FC7000005040F4004141F080012278520026F803
:10FC8000121000BF0020E5E701460020A1F8440063
:10FC90004FF43F42A1F840207047000010B50248E1
:10FCA000F7F7A0FE10BD0000301700200146B1F8A4
:10FCB000440070472DE9F04304460E4615464FEACE
:10FCC000530CA046304608F5806909EB45026746AB
:10FCD0000AE01188921C0170401C4FEA112980F83B
:10FCE0000090401C921C7F1E002FF2D103F00109EE
:10FCF000B9F1000F01D011880170BDE8F083024610
:10FD000000207047024611B98020A2F84C00002064
:10FD100070472DE9F04704460D461E4606F1010ADC
:10FD20004FEA5A08A146284609F5806A0AEB4203C1
:10FD300047460BE090F800C0401C90F800A04CEA49
:10FD40000A2119809B1C9B1C401C7F1E002FF1D197
:10FD5000BDE8F08700BFFEE738B50520009014200D
:10FD6000F6F7D8FD0020044616E00D48005D062891
:10FD700003D00B48005D15280BD10948055D01F043
:10FD8000E1F80A23012269460648F9F7AEFD284644
:10FD900038BD601CC0B204461E2CE6DB00BFF7E78E
:10FDA0001C070020580A002070B564263220F6F7A0
:10FDB000B1FD1B48007808B9002070BD18480078D4
:10FDC000082801DA0020F8E716484078532801D0C7
:10FDD0000020F2E713488078462801D00020ECE7A5
:10FDE00010488079032801D00020E6E70025002490
:10FDF00003E00C48005D4540641C072CF9D309481A
:10FE0000C079A84201D00020D7E70648C478240270
:10FE10000079044424020348407904442046CCE796
:10FE20004C0000201C0700202DE9F04FA7B005462C
:10FE3000C8202690002025902190109000260027B1
:10FE40000F900D900C900B904AF6AA20FE4909687D
:10FE50000860002403E0002019A90855641C102C38
:10FE6000F9D31DB900208DF8660008E3162D79D16D
:10FE7000F64880788DF866000E909DF8660064283C
:10FE800003DB002027B0BDE8F08F9DF86600002856
:10FE900001DA0020F6E7ED48C078642190FBF1F22A
:10FEA00001FB12000190E94840790090E748007991
:10FEB000431CE7A102A8019A00F0E6FC002407E039
:10FEC00002A8005D202802D1302002A90855641C38
:10FED0000A2C03D202A8005D0028F1D19DF8090088
:10FEE00030389DF80810303901EB810100EB4100FA
:10FEF000C0B28DF867009DF80C0030389DF80B10EB
:10FF0000303901EB810100EB4100C0B28DF868008F
:10FF10009DF80F0030389DF80E10303901EB81014B
:10FF200000EB4100C0B28DF869004AF6AA20C6492C
:10FF3000096808609DF8670000280FDB9DF86800DD
:10FF400001280BDB9DF868000C2807DC9DF8690090
:10FF5000012803DB9DF869001F2804DD0120C0494A
:10FF600008608FE78AE0B948C3798279BDA102A809
:10FF700000F08AFC002407E002A8005D202802D1DE
:10FF8000302002A90855641C052C03D202A8005D8C
:10FF90000028F1D19DF8090030389DF8081030395B
:10FFA00001EB810100EB4100C0B28DF86A009DF8C1
:10FFB0000C0030389DF80B10303901EB810100EB5B
:10FFC0004100C0B28DF86B000020A84908709DF870
:10FFD0006A00172803DC9DF86B003B2803DD012035
:10FFE0009F4908604EE74AF6AA20974909680860C9
:10FFF0009648437A027A9BA102A800F045FC0024AF
:020000040801F1
:1000000007E002A8005D202802D1302002A908558F
:10001000641C052C03D202A8005D0028F1D19DF8D4
:10002000090030389DF80810303901EB810100EBF0
:100030004100C0B28DF86C009DF80C0030389DF87E
:100040000B10303901EB810100EB4100C0B28DF89B
:100050006D000020854908709DF86C00172803DCAE
:100060009DF86D003B2803DD01207D49086009E70C
:100070004AF6AA2074490968086000E2172DFCD0EE
:10008000182D6ED171488078642190FBF1F201FB4C
:10009000120001906D48007900906C48C3786CA103
:1000A00002A8019A00F0F0FB002407E002A8005D1E
:1000B000202802D1302002A90855641C0A2C03D242
:1000C00002A8005D0028F1D19DF8090030389DF8A4
:1000D0000810303901EB810100EB4100C0B28DF80E
:1000E00067009DF80C0030389DF80B10303901EB9B
:1000F000810100EB4100C0B28DF868009DF80F004F
:1001000030389DF80E10303901EB810100EB4100D1
:10011000C0B28DF869009DF8670000280FDB9DF8DC
:10012000680001280BDB9DF868000C2807DC9DF8AF
:100130006900012803DB9DF869001F2803DD012009
:10014000474908609EE64AF6AA203F4909680860C8
:100150003E488379427943A102A800F095FB002430
:1001600008E091E002A8005D202802D1302002A919
:100170000855641C052C03D202A8005D0028F1D1AB
:100180009DF8090030389DF80810303901EB8101E5
:1001900000EB4100C0B28DF86A009DF80C003038C9
:1001A0009DF80B10303901EB810100EB4100C0B22A
:1001B0008DF86B0000202D4908709DF86A00172803
:1001C00003DC9DF86B003B2803DD01202449086017
:1001D00058E61E48037AC27922A102A800F054FB17
:1001E000002407E002A8005D202802D1302002A9E7
:1001F0000855641C052C03D202A8005D0028F1D12B
:100200004AF6AA201049096808609DF809003038AC
:100210009DF80810303901EB810100EB4100C0B2BC
:100220008DF86C009DF80C0030389DF80B103039BB
:1002300001EB810100EB4100C0B28DF86D000020A0
:100240000A49087014E0000010090020880400200A
:10025000253032642F2532642F25326400000000DF
:10026000140200202532643A253264004200002046
:100270009DF86C00172803DC9DF86D003B287BDDA2
:100280000120FA490860FDE5192D75D1F8488078FC
:10029000642190FBF1F201FB12000190F448007917
:1002A0000090F348C378AFF2580102A8019A00F019
:1002B000EBFA002407E002A8005D202802D13020DC
:1002C00002A90855641C0A2C03D202A8005D00286C
:1002D000F1D19DF8090030389DF80810303901EB54
:1002E000810100EB4100C0B28DF867009DF80C0061
:1002F00030389DF80B10303901EB810100EB4100E3
:10030000C0B28DF868009DF80F0030389DF80E10CF
:10031000303901EB810100EB4100C0B28DF869007A
:100320004AF6AA20D349096808609DF867000028AA
:100330000FDB9DF8680001280BDB9DF868000C2896
:1003400007DC9DF86900012803DB9DF869001F2880
:1003500003DD0120C549086094E54AF6AA20C54995
:1003600009680860C24883794279AFF2081102A88F
:1003700000F08AFA002408E081E002A8005D20284D
:1003800002D1302002A90855641C052C03D202A812
:10039000005D0028F1D19DF8090030389DF8081063
:1003A000303901EB810100EB4100C0B28DF86A00E9
:1003B0009DF80C0030389DF80B10303901EB8101AD
:1003C00000EB4100C0B28DF86B000020AA49087014
:1003D0009DF86A00172803DC9DF86B003B2803DDBD
:1003E0000120A24908604DE54AF6AA20A149096802
:1003F00008609F48037AC279AFF2981102A800F012
:1004000043FA002407E002A8005D202802D1302032
:1004100002A90855641C052C03D202A8005D00281F
:10042000F1D19DF8090030389DF80810303901EB02
:10043000810100EB4100C0B28DF86C009DF80C000A
:1004400030389DF80B10303901EB810100EB410091
:10045000C0B28DF86D000020874908709DF86C00CF
:10046000172803DC9DF86D003B2803DD01207F4940
:10047000086007E54AF6AA207E49096808607E48B8
:1004800000780F904AF6AA207A4909680860F6F7C2
:10049000C5FC8346002026902846E91705EB11612C
:1004A0000912A5EB0121C9B28DF86410E91705EB1B
:1004B0001161090A8DF865100026002403E019A8CF
:1004C000005D4640641C0F2CF9D34AF6AA20694906
:1004D000096808608DF8736080E14AF6AA206549D2
:1004E00009680860F6F79AFCA0EB0B0042F228318D
:1004F000884204D9012026905C4908606FE14AF6E1
:10050000AA205C490968086022A8F9F72DFB20B1F0
:1005100022A8F9F729FB00B160E110210020F9F7CA
:1005200067FA70B122A8F9F71FFB20B122A8F9F7EA
:100530001BFB00B152E110210020F9F759FA00B17C
:100540004CE111A90120F9F7ADFA00B146E19DF89F
:1005500044809DF8450008EB00289DF846A09DF8D2
:1005600047000AEB002A9DF848000AEB004A9DF874
:1005700049000AEB006A08F40040B0F5004F09D1C9
:10058000C8F30E0846F6292088EA00084BF2A62098
:100590008AEA000A4AF6AA20364909680860392121
:1005A0000420F9F725FA70B122A8F9F7DDFA20B195
:1005B00022A8F9F7D9FA00B110E139210420F9F79E
:1005C00017FA00B10AE111A91120F9F76BFAC8B1C5
:1005D00039210420F9F70CFA70B122A8F9F7C4FA0E
:1005E00020B122A8F9F7C0FA00B1F7E039210420C0
:1005F000F9F7FEF900B1F1E011A91120F9F752FA6B
:1006000000B1EBE04AF6AA201A4909680860002602
:10061000002403E011A8005D4640641C0F2CF9D3B0
:100620004AF6AA201349096808604FF000099DF8AE
:100630005300B04205D19DF844909DF8450009EB68
:1006400000294AF6AA200B490968086000200B49D6
:10065000087048708870C870AB200871CD20487150
:100660001220F9F7A7FA58B1B8E0000014020020F0
:10067000880400201009002042000020D01C002027
:100680004D4546D00AA90DA8F5F7D4FD0746012F20
:1006900004D10AA90DA8F5F7CDFD074617B15A2FC9
:1006A00000D09BE00D9880B301205049087050495C
:1006B000087050490870B9F1170F02D0B9F1190F3D
:1006C00002D102204B49087040F2DC510D98F9F735
:1006D000D9FA002047490870444908704449087015
:1006E0004AF6AA204449096808600AA90DA8F5F746
:1006F000A1FD0746012F04D10AA90DA8F5F79AFD1F
:1007000007461FB15A2F01D068E002E00D9800B1F2
:1007100064E02846E91705EB11610912A5EB0121F8
:10072000C9B28DF86410E91705EB1161090A8DF85B
:1007300065100E988DF8660000264AF6AA202E490C
:1007400009680860002403E019A8005D4640641CA5
:100750000F2CF9D38DF873604AF6AA202649096850
:10076000086039210420F9F743F970B122A8F9F79C
:10077000FBF920B122A8F9F7F7F900B12EE03921F1
:100780000420F9F735F900B128E019A91120F9F78B
:1007900011FAC8B139210420F9F72AF970B122A859
:1007A000F9F7E2F920B122A8F9F7DEF900B115E076
:1007B00039210420F9F71CF900B10FE019A9112023
:1007C000F9F7F8F900B109E00220269001200B4961
:1007D00008600BA001F06AF9002048E47DE600BF44
:1007E00012A001F063F900BF41E4000010020020F4
:1007F0001102002012020020100900201402002023
:100800007B2243223A7B2254797065223A22436844
:10081000616E67654F6647726F7570222C22537444
:1008200061747573223A307D7D0A00007B22432279
:100830003A7B2254797065223A224368616E67657B
:100840004F6647726F7570222C22537461747573F2
:10085000223A317D7D0A000070B504460D46002223
:1008600010210848F6F7D4FA7E2101EA4400FBF78C
:100870003BFE2846FBF738FE012210210148F6F71F
:10088000C7FA70BD000801400FB4084B10B504A9A9
:1008900002AA039800F038F8044602A9002000F0EC
:1008A000D4F9204610BC5DF814FB00004B0C010885
:1008B00002480068C0F30220704700000CED00E021
:1008C00010B5002804DB0A07130E054A135406E08E
:1008D0000A07140E034A00F00F031B1FD45410BD67
:1008E00000E400E018ED00E002E008C8121F08C1B3
:1008F000002AFAD170477047002001E001C1121FA1
:10090000002AFBD1704700002DE9FF4F8BB08846CD
:100910000546002606E025280BD0DDE90D1290479C
:100920006D1C761C28780028F5D10FB03046BDE844
:10093000F08F0024A146A2460122AE4900E0044304
:1009400015F8013F203B02FA03F00842F7D128785E
:100950002A2810D06FF02F022878A0F13001092941
:1009600015D809EB890102EB410144F0020400EBC8
:1009700001096D1CF0E758F8041B5FEA010903D573
:1009800044F40054C9F1000944F002046D1C2878B5
:100990002E2817D115F8010F44F004042A280ED090
:1009A0006FF02F022878A0F1300109290AD80AEB4C
:1009B0008A0102EB410100EB010A6D1CF2E758F8D5
:1009C00004AB6D1C28786C280FD006DC4C2817D09F
:1009D00068280DD06A2814D104E0742810D07A2831
:1009E0000FD10DE044F400140AE044F4801401E057
:1009F00044F440146978814202D104F580146D1CDE
:100A00006D1C2878692865D006DC00288DD0632805
:100A100027D0642806D15DE06E2808D073282AD03C
:100A2000752877D0DDE90D129047761CE0E0C4F31D
:100A30000250022809D003280DD0D8F8001004284D
:100A40000DD00E6008F10408D2E0D8F80010F217BB
:100A5000C1E90062F6E7D8F800100E80F2E70E70E8
:100A6000F0E718F8041B8DF8001000208DF8010045
:100A7000EB46012003E058F804BB4FF0FF3061075C
:100A80004FF0000701D40AE07F1C57450DDA87427A
:100A9000FADB1BF807100029F6D106E07F1C87421D
:100AA000FCDB1BF807100029F8D1DDE90D23A9EBC9
:100AB00007008146214600F0B1F83044C61904E031
:100AC000DDE90D121BF8010B90477F1EF8D221467D
:100AD000484688E058F8040BC4F302514FF00A0B63
:100AE000032900D100B2042900D140B2002802DA63
:100AF00040422D2102E0210505D52B218DF824103F
:100B0000012104E006E0E10710D02021F6E708AF5C
:100B1000089113E058F8040BC4F302514FF00A0B8C
:100B2000032900D180B2042900D1C0B20021EEE730
:100B30005946F4F732FF303107F8011D0028F7D18C
:100B4000ADEB070000F1200B600702D524F48034E0
:100B500001E04FF0010ADA4502DDAAEB0B0000E0EC
:100B60000020824600EB0B0108980144A9EB01002C
:100B70000A90E00306D4DDE90D2321460A9800F02F
:100B80004DF806444FF0000908E009A911F80900E2
:100B9000DDE90D12904709F10109761C0899894594
:100BA000F3DBE0030CD5DDE90D2321460A9800F0C4
:100BB00035F8064404E0DDE90D1230209047761C3C
:100BC000BAF10001AAF1010AF5DC05E0DDE90D1238
:100BD00017F8010B9047761CBBF10001ABF1010B3C
:100BE000F4DC0A982146DDE90D2300F005F80644FF
:100BF0006D1C97E6092801002DE9F0410446002507
:100C00001E461746880404D405E039462020B04724
:100C10006D1C641EF9D52846BDE8F0812DE9F04130
:100C2000044600251E469046C80301D5302700E043
:100C30002027880404D505E041463846B0476D1C9E
:100C4000641EF9D52846BDE8F0810A68531C0B6084
:100C50001070704710B50120F5F75CFE09A000F098
:100C600025FF002014490860012014490870144928
:100C70000870144908704FF416711348F4F77BFE9E
:100C800010BD00007B2252656365697665223A7B60
:100C900022537461747573223A32367D2C224322BA
:100CA0003A7B2254797065223A2243616E73656CF7
:100CB000227D7D0A00000000180000204D00002069
:100CC00050000020520000208804002010B53AA0F7
:100CD00000F0ECFEF5F714FD64380C2862D2DFE872
:100CE00000F006393D4145494D5155595D35642067
:100CF000F5F710FEF4F7C6FF64280CD14FF4FA7034
:100D0000F5F708FEF4F780FF64281ED131A000F04B
:100D1000CDFE002010BD4FF4FA70F5F7FBFDF4F79F
:100D2000B1FF64280CD14FF4FA70F5F7F3FDF4F736
:100D30006BFF642809D127A000F0B8FE0020E9E786
:100D40002AA000F0B3FE0120E4E72FE02DA000F080
:100D5000ADFE2BE031A000F0A9FE27E035A000F0A9
:100D6000A5FE23E039A000F0A1FE1FE03DA000F0A9
:100D70009DFE1BE01DA000F099FE17E03FA000F0D3
:100D800095FE13E043A000F091FE0FE047A000F0B5
:100D90008DFE0BE04BA000F089FE07E04FA000F0B5
:100DA00085FE03E053A000F081FE00BF00BF0020DD
:100DB0005649087000BFADE77B22526563656976CE
:100DC00065223A7B22537461747573223A32367D00
:100DD0007D0A00007B22444953223A7B22537461EE
:100DE000747573223A3130307D7D0A007B2244498C
:100DF00053223A7B22537461747573223A31303531
:100E00007D7D0A007B22444953223A7B2253746140
:100E1000747573223A3131317D7D0A007B22444959
:100E200053223A7B22537461747573223A31303104
:100E30007D7D0A007B22444953223A7B2253746110
:100E4000747573223A3130327D7D0A007B22444929
:100E500053223A7B22537461747573223A313033D2
:100E60007D7D0A007B22444953223A7B22537461E0
:100E7000747573223A3130347D7D0A007B224449F7
:100E800053223A7B22537461747573223A3130369F
:100E90007D7D0A007B22444953223A7B22537461B0
:100EA000747573223A3130377D7D0A007B224449C4
:100EB00053223A7B22537461747573223A3130386D
:100EC0007D7D0A007B22444953223A7B2253746180
:100ED000747573223A3130397D7D0A007B22444992
:100EE00053223A7B22537461747573223A31313044
:100EF0007D7D0A007B22444953223A7B2253746150
:100F0000747573223A3131327D7D0A0088040020E5
:100F1000014601F0030090B96420B1FBF0F200FB40
:100F2000121050B94FF4C870B1FBF0F200FB121070
:100F300008B9012070470020FCE70120FAE70020F3
:100F4000F8E7000010B51E210348F4F714FD002057
:100F50000249087010BD00001C0700204C00002052
:100F600010B586B00446F5F7A3FD012004900F48A4
:100F70000390002001900120029005A901A8F5F737
:100F8000DDFC78B9F5F732FD0598401C10B1002062
:100F900006B010BD24B9FF2210210548F4F7E4FC87
:100FA0000120F5E7F5F722FD0020F1E740540008A5
:100FB000601C002000B500221021104600F002F84D
:100FC00000BD000030B503465818402801D9002064
:100FD00030BD18460FE02AB1094C044494F840444F
:100FE0001470521C102805D2054C044494F8404457
:100FF000044D2C54401CCC188442ECD80120E7E767
:1010000000500008601C00202DE9F0470646894684
:10101000154606EB0900402802D90020BDE8F087FC
:101020000DB90020FAE7F5F743FD002413E02A5D2F
:10103000601C285C42EA0020C3170746A019094A31
:1010400081183A460120F5F7DBFC18B1F5F7CEFC24
:101050000020E3E7A41C4C45E9D3F5F7C7FC0120C9
:10106000DCE700004054000810B506A000F01EFDAB
:101070000020114908704FF416711048F4F77BFCFA
:1010800010BD00007B2252656365697665223A7B5C
:1010900022537461747573223A32367D2C224322B6
:1010A0003A7B2254797065223A22457465626172F6
:1010B000227D7D0A000000004D00002088040020F1
:1010C00000B585B00120F5F725FC0022154916482A
:1010D000F7F7C4FB002215491348F7F761FB1348E3
:1010E000007812498978114A5278104BDB78CDE9A3
:1010F0000132CDE903100B4880780090094843780D
:1011000002780BA11948FFF7BFFB184800F0CEFC8E
:101110000120F5F7FFFB4FF416711548F4F72BFC8F
:1011200005B000BD6D0000201C09002070000020EB
:101130007B2254223A7B2248223A25642C224D22DB
:101140003A25642C2253223A25642C2259223A252E
:10115000642C226D223A25642C2244223A25642CE8
:101160002257223A25647D7D0A000000E006002017
:101170008804002070B504460D46002617E00122C1
:1011800051020C48F5F744FE2846F5F7C3FB002250
:101190004FF400710748F5F73BFE2846F5F7BAFB18
:1011A000012251020348F5F733FE701CC6B2A64275
:1011B000E5DB70BD0008014088B000BFF5F770FEA8
:1011C000FBF724FFF9F7B6FCF9F730FDF9F746FD18
:1011D000F9F768FDF9F79CFDF9F7B2FDF9F7CCFDD9
:1011E000F9F710FDFE48F7F7B5FFFE480068C06844
:1011F00040F02000FB490968C8600A20F5F78AFB27
:10120000F9480068C06840F02000F7490968C860E4
:10121000F6480068C06840F02000F4490968C860DA
:101220000020F3490860F9F70DFBFFF7C3FE1E210C
:101230000720FFF79FFF4FF47A70F5F76BFBF9F784
:10124000B7FD4FF47A70F5F765FB0120E9490870A6
:1012500066E24AF6AA20E84909680860F9F7F2FA56
:10126000E6480068002871D00120F5F753FBE448F8
:10127000007867286BD014DC4E2869D008DC12286F
:1012800067D02A286CD0452874D046286FD1B1E0A9
:10129000562819D05A287DD063286AD06628F5D1FF
:1012A00098E0732874D008DC682853D06E2870D07A
:1012B000702845D07228E9D112E075280AD080281C
:1012C00032D08128E2D135E000F00CFC0120CD497C
:1012D0000870A9E000F050FD0120CA490870A3E0A1
:1012E000C9A000F0E3FB0A20F5F714FB00BF00BF24
:1012F00000BF00BF00BFBFF34F8F00BF00BF00BFE4
:10130000C848006800F4E060C7490843001DC549AB
:10131000086000BF00BF00BFBFF34F8F00BF00BF1A
:1013200000BF00BF00BFFDE700F0B0FC0120B549E1
:10133000087079E0FFF7C4FE0120B249087073E03D
:10134000FAF706FE0120AF4908706DE078E017E07B
:1013500048E02BE0FAF756FF0120AA49087063E045
:101360000120B2490870A74908705DE002E049E039
:1013700010E015E0FFF778FE0120A249087053E065
:101380009F494878FBF78CF901209E4908704BE093
:1013900012E017E000F03EFD01209A49087043E09A
:1013A000FFF758FC0120974908703DE0FFF78EFCDD
:1013B00001209449087037E000F012FC01209149A7
:1013C000087031E031216E2000F0ACFA01208D4927
:1013D000087029E03121662000F0A4FA0120894933
:1013E000087021E032216E2000F09CFA012085492E
:1013F000087019E03221662000F094FA012081493A
:10140000087011E08AA000F051FB13208F4908708A
:1014100000207C4908704FF416717948F4F7ABFA54
:1014200000207649086000BF00BF1320874908707C
:10143000002074490870714908600120F5F76AFAC4
:101440007A48007808B1FAF7B7FD6948006890B1AA
:101450000A20F5F75FFA664801687D48F4F778FBE3
:101460000020634908600A20F5F754FA4FF416711A
:101470007748F4F780FA7748F8F776FB20B175489B
:10148000F8F772FB00B14BE110210020F8F7B0FA39
:1014900070B17048F8F768FB20B16E48F8F764FB4C
:1014A00000B13DE110210020F8F7A2FA00B137E1C8
:1014B0000120694908706949F8F7F4FA00287DD1DC
:1014C00066488079AB287AD16448C0790028FAD17F
:1014D0006248C07B0028F6D15F48007800286ED0B3
:1014E0005E4800785E4908605C484078096801EB16
:1014F00000205B490860594880785A49086057487D
:10150000C078096801EB002056490860534800790B
:10151000096801EB00405349086050484079096868
:1015200001EB00604F4908604D48006800F400403E
:10153000B0F5004F13D14A480068C0F30E00484987
:1015400008600846006846F629214840444908607A
:10155000444800684BF2A62148404249086042488E
:10156000007800283AD04148007840B940480078D7
:1015700080F001003E490870364800F011F93D48FE
:10158000007848BB00203C4908603C48F4F780FCE8
:1015900018BB3B483B493C4A3C4BCDE90432CDE9C2
:1015A000061036483A490A683A490968324B1B68BE
:1015B000CDE90031CDE90220294A01E0AFE0A9E000
:1015C000284903680220F9F73DFC204908700846C5
:1015D000007809287CD15FE092E08EE095E077E02A
:1015E00088090020140A0020580A0020D009002091
:1015F0001400002002000020100900200C00002030
:1016000088040020520000207B22526563697665C1
:10161000223A7B22537461747573223A37307D7D90
:101620000A0000000CED00E00000FA055100002067
:101630007B2252656365697665223A7B2253746129
:10164000747573223A31397D7D0A0000080000204C
:10165000300200205500002064000020AC0800206B
:10166000600000205C000020010000204E000020EF
:101670004D000020500000202400002030000020F9
:101680003D0000203C000020200000203800002009
:101690002C0000202800002022482349234A244B04
:1016A000CDE90432CDE90610224A234800682349D7
:1016B0000968234B1B68CDE90031CDE902021046D1
:1016C000204A214903680220F9F7BCFB1F49087032
:1016D0001848F4F7DDFB80B9164803681B48027808
:1016E0001BA12448FFF7D0F8224800F0DFF9224878
:1016F000007880F001002049087000201F49087020
:101700004FF47A70F5F706F907E032210A20FFF767
:1017100031FD02E01AA000F0C9F9F9F793F800BF13
:1017200097E500003D0000203C0000202000002044
:1017300038000020300000202C000020280000206D
:1017400024000020600000205C0000200800002031
:101750007B2243223A7B22537461747573223A25AB
:10176000752C22457465626172223A25757D7D0A69
:1017700000000000AC080020500000204E000020B7
:101780006572726F720A000010B5044601231A4692
:1017900021460248F8F7A9F810BD0000140A0020FD
:1017A0002DE9F043BBB00746F5F738FB8146002032
:1017B000049003907DE04AF6AA203E49096808603B
:1017C000F5F72CFBA0EB0900B0F57A7F06D93AA01B
:1017D00000F06CF9FF203BB0BDE8F0833846F8F725
:1017E000C3F920B13846F8F7BFF900B161E03921FB
:1017F0000420F8F7FDF870B13846F8F7B5F920B1D4
:101800003846F8F7B1F900B153E039210420F8F770
:10181000EFF800B14DE039210420F8F7E9F800288D
:1018200046D137A91120F8F73DF9002840D100260C
:10183000002504E037A8405D4640681CC5B20F2D66
:10184000F8DB9DF8EB00B0422DD19DF8DC409DF80F
:10185000DD0004EB0020C4B264B1162C0AD0172CB2
:1018600008D0182C06D0192C04D018A000F01EF9AE
:10187000FF20B0E79DF8DE8003A904A8F4F7DAFCA6
:1018800080B9DDE903108DE8130015480368154899
:10189000026815A105A8FEF7F7FF05A800F006F9F4
:1018A000002098E705E009A000F000F9FF2092E78A
:1018B00000BF80E7100900207B2243223A7B22539D
:1018C0007461747573223A317D7D0A007B22432254
:1018D0003A7B22537461747573223A327D7D0A001B
:1018E000600000205C0000207B2243223A7B2249DA
:1018F00044223A25642C225543223A25642C224561
:101900007465626172223A25752C224865646965A6
:10191000223A25642C224D6F64656C223A25647D41
:101920007D0A000070B504460D46312D2AD16E2C7B
:1019300012D1012211022A48F5F76AFA0120F4F7C0
:10194000E9FF28A000F0B2F80120324908704FF4F6
:1019500016713148F4F70FF8662C13D100224FF4BA
:1019600080711F48F5F754FA0120F4F7D3FF2BA03C
:1019700000F09CF80120274908704FF416712648A2
:10198000F3F7F9FF322D2AD16E2C12D101229102E8
:101990001348F5F73DFA0120F4F7BCFF2BA000F047
:1019A00085F801201B4908704FF416711A48F3F7A7
:1019B000E2FF662C13D100224FF480610848F5F74E
:1019C00027FA0120F4F7A6FF2CA000F06FF8012001
:1019D000104908704FF416710F48F3F7CCFF70BD33
:1019E000000801407B2252656365697665223A7B77
:1019F00022537461747573223A32367D2C2252312F
:101A0000223A7B22537461747573223A32337D7D9E
:101A10000A00000052000020880400207B2252654A
:101A20006365697665223A7B22537461747573220B
:101A30003A32367D2C225231223A7B225374617421
:101A40007573223A32347D7D0A0000007B22526594
:101A50006365697665223A7B2253746174757322DB
:101A60003A32367D2C225232223A7B2253746174F0
:101A70007573223A32337D7D0A0000007B22526565
:101A80006365697665223A7B2253746174757322AB
:101A90003A32367D2C225232223A7B2253746174C0
:101AA0007573223A32347D7D0A00000070B5044619
:101AB0002046F3F76BFFC5B229462046F4F748F8F5
:101AC00000224FF400710648F5F7A2F90120F4F75F
:101AD00021FF012251020248F5F79AF970BD00007A
:101AE0000008014000B599B064216846F3F743FF50
:101AF000072216A16846FEF7C7FE6846FFF7D6FF25
:101B000022A0FFF7D3FF24A0FFF7D0FF0120F4F7B6
:101B100001FF25A0FFF7CAFF0120F4F7FBFE27A075
:101B2000FFF7C4FF0120F4F7F5FE27A0FFF7BEFF83
:101B30000120F4F7EFFE28A0FFF7B8FF4FF416716D
:101B40002648F3F718FF19B000BD00007B22466954
:101B5000726D77617265223A7B2246223A312C22DD
:101B600044657669636554797065223A22416D75E2
:101B700073656D656E745061726B222C2252656CB8
:101B800065617365223A3025640000002C22426FA3
:101B90006F74223A310000002C224175746F537427
:101BA000617274223A3000002C22526561646572C1
:101BB00054797065223A5243353232002C22506FEC
:101BC00073223A31000000002C2263617264416389
:101BD00063446973223A31007D7D0A008804002045
:101BE00010B50C48007810B90BA0FFF75FFF09484B
:101BF000007810B116A0FFF759FF0648007880F072
:101C00000100044908704FF416711F48F3F7B3FE42
:101C100010BD00004E0000207B225265636569768E
:101C200065223A7B22537461747573223A32367D91
:101C30002C2243223A7B2254797065223A22556E37
:101C400053656E6453657269616C227D7D0A000084
:101C50007B2252656365697665223A7B2253746103
:101C6000747573223A32367D2C2243223A7B2254F9
:101C7000797065223A2253656E6453657269616CAE
:101C8000227D7D0A000000008804002010B51CA001
:101C9000FFF70CFF284840782849087026488078CC
:101CA00048702548C0788870234800792449887096
:101CB0002148407948702048807908701E48C079D2
:101CC000C8700120F4F726FE00221C491D48F6F7D3
:101CD0003BFF10B11CA0FFF7E9FE0120F4F71AFE4C
:101CE000002217491748F6F781FE10B11CA0FFF734
:101CF000DDFE4FF416711048F3F73DFE10BD0000F5
:101D00007B2252656365697665223A7B2253746152
:101D1000747573223A32367D2C2254223A7B225437
:101D2000797065223A2253657454696D6544617413
:101D300065227D7D0A000000880400206D000020DF
:101D4000700000201C0900207B2254223A7B225381
:101D50007461747573223A3132387D7D0A00000057
:101D60007B2254223A7B22537461747573223A3178
:101D700032397D7D0A00000010B5FFF71BF90028FD
:101D800019D06420F4F7C6FD0020FFF7E9F80CA293
:101D900008210020FFF738F948B10520F4F7BAFD13
:101DA0000AA0FFF783FE0520F4F7B4FD06E010A0BB
:101DB000FFF77CFE02E00EA0FFF778FE10BD0000EA
:101DC000426F6F5431323334000000007B22557073
:101DD000646174654669726D77617265223A7B222F
:101DE000537461747573223A32367D0A0000000024
:101DF0007B225570646174654669726D77617265A6
:101E0000223A7B22537461747573223A31397D0A08
:101E10000000000010B51EA0FFF748FE2A484078D9
:101E20002A49086028488078294908702648C078DF
:101E300028490870244800792749087022484079C9
:101E40002649087020488079254908701E48C079C5
:101E500000061D49097A00EB01401B49497A00EB55
:101E600001201949897A08441E49086000201E494A
:101E7000087001201D49087000201D4908700120CC
:101E80001C4908704FF416710F48F3F774FD10BD2C
:101E90007B2252656365697665223A7B22537461C1
:101EA000747573223A32367D2C2243223A7B2254B7
:101EB000797065223A225A69726F4574656261725F
:101EC000227D7D0A000000008804002044000020DC
:101ED0003E0000203F000020400000204100002084
:101EE000420000202C000020500000204E00002066
:101EF00051000020520000201F1C1F1E1F1E1F1F0C
:101F00001E1F1E1F0000000000000000010203044D
:101F1000060708090000000001020304895171F25C
:101F20001DCB000000000000000000008D5F307C31
:101F3000F05E00000000000000000000B22CE4246D
:101F40007D9000000000000000000000579B07B3D8
:101F5000A4E900000000000000000000E32F50F2A0
:101F6000E3D000000000000000000000E9C1254FA0
:101F7000A07D00000000000000000000FFFFFFFF48
:101F8000FFFF000000000000000000007B22432251
:101F90003A7B22537461747573223A25642C22555E
:101FA00043223A25752C224944223A25752C224594
:101FB0007465626172223A25752C225072654574EF
:101FC00065626172223A25752C224774223A257582
:101FD0002C225072696365223A25752C224865646B
:101FE0006965223A25757D7D0A0000000C200108F4
:101FF0000000002030020000EC590008F020010829
:1020000030020020C0240000F8080108413201F22B
:1020100014022503B50A0211301949294C0110692F
:102020001469081381DA1B08C9041AD9041AFD04BB
:102030001335DB1B084D081A910413120114020218
:10204000021640830440571D02010203350E21048D
:102050000309041A9113ED5A1B08E9041A590413D1
:10206000115B42089A10784173B2074B24F4C212F4
:102070000632022A402413DDD61B081D044BFFD76D
:102080003C1A6B0C1B6DD5541904C11ABD181AAD3E
:10209000041ACD041A9D041C090243AB111DC03261
:1020A00009046D1A020B13052416100105240110F2
:1020B000090104240202052406170107058203080A
:1020C0001C100904E1320A1D070501027B2C0705DB
:1020D0008107110937442A40072A8107112B090774
:1020E000440A3B0444011014051437B201000000F7
:04000005080058EDAA
:00000001FF
