:020000040800F2
:10580000682200200159000801A200081D99000823
:10581000FDA10008555A000891DF000800000000B3
:10582000000000000000000000000000C9AE0008F9
:10583000AF5F000800000000FBA5000831B20008BF
:105840001B5900081B5900081B5900081B59000868
:105850001B5900081B5900081B5900081B59000858
:105860001B5900081B5900081B5900081B59000848
:105870001B5900081B5900081B5900081B59000838
:105880001B5900081B5900081B5900081B59000828
:10589000D9DE00081B5900081B5900081B590008D5
:1058A0001B5900081B5900081B5900081B59000808
:1058B0001B590008EDB200081B5900081B590008CD
:1058C0001B5900081B5900081B5900081B590008E8
:1058D0001B59000801B7000811B700085DB70008A0
:1058E0001B5900081B5900081B590008DFF80CD091
:1058F00000F06AF800480047A1EA0008682200208A
:105900000648804706480047FEE7FEE7FEE7FEE759
:10591000FEE7FEE7FEE7FEE7FEE7FEE7DDB2000892
:10592000ED580008202A04DB203A21FA02F0002179
:10593000704721FA02F3D040C2F12002914008439F
:105940001946704740EA01039B0703D009E008C9E4
:10595000121F08C0042AFAD203E011F8013B00F834
:10596000013B521EF9D27047D2B201E000F8012B80
:10597000491EFBD270470022F6E710B513460A46CF
:1059800004461946FFF7F0FF204610BD421C10F8F0
:10599000011B0029FBD1801A704730B50B46014628
:1059A00000202022012409E021FA02F59D4205D3BE
:1059B00003FA02F5491B04FA02F52844151EA2F168
:1059C0000102F1DC30BD0000064C074D06E0E06846
:1059D00040F0010394E8070098471034AC42F6D336
:1059E000FFF788FFD8FA0008F8FA000870B58C189D
:1059F00010F8015B15F0070301D110F8013B2A11E3
:105A000006D110F8012B03E010F8016B01F8016BCF
:105A10005B1EF9D12B0705D40023521E0DD401F8CB
:105A2000013BFAE710F8013BCB1A921C03E013F894
:105A3000015B01F8015B521EF9D5A142D8D30020C9
:105A400070BD10B5142005F08FF90321142005F066
:105A50003CFA10BD00BFFEE730B50346042B15D05D
:105A600007DC7BB1012B0ED0022B0DD0032B2DD1E7
:105A70000BE0202B0BD0212B15D0222B1FD0232B5A
:105A800024D122E023E022E021E020E01FE00020FA
:105A900003E00C5C0F4D2C54401C0728F9DB002060
:105AA0000D4C207013E0002003E00A4C245C0C54E1
:105AB000401C0728F9DB0020074C207007E006484F
:105AC0000078401C044C207001E000E000BF00BFE3
:105AD000002030BDD00000200000002000207047D2
:105AE00010B500220449054805F09DFF044903480C
:105AF00005F092FF002010BDD0120020240A0020E3
:105B0000E80E002070B504460D460B492868086071
:105B1000002003E0215C094A1154401C0649096831
:105B20008842F7D32146064805F076FF044805F081
:105B30004FFF002070BD00002000002074040020F2
:105B4000240A00202DE9F04104460D4600260A48AB
:105B5000D0F8B872D7F8140210B10120BDE8F08176
:105B60002A462146044805F05EFF034805F0DFFFA2
:105B700006463046F2E70000240A00202DE9F041F5
:105B80000746884615460421052000F003FA8021C7
:105B90000A2005F09AF9002405E0395D092008F093
:105BA00037FB601CC4B24445F7DB0321012008F039
:105BB0002FFBFF2400BF052005F0D6F80646601E27
:105BC000C4B21CB106F004000028F4D0222005F075
:105BD000CBF82870212005F0C7F86870BDE8F08187
:105BE0007CB510A103C9CDE9000100240025642380
:105BF000072269460D4803F026FE0A2000F052FEF7
:105C000009F07AFE0446062C01D079207CBD4FF4C1
:105C1000FA7000F047FE3021322009F095FEC0B244
:105C2000F4E700000200023230030100E009002026
:105C300010B51348007800B910BD12A009F028FC77
:105C4000052000F02FFEFFF7CBFF45280DD04E2892
:105C500007D057280DD059280FD111A009F018FCF2
:105C60000BE015A009F014FC07E019A009F010FCE6
:105C700003E01DA009F00CFC00BF00BF00BFDBE784
:105C8000030000207B2252656365697665223A7BBA
:105C900022537461747573223A32367D7D0A000096
:105CA0007B22414343223A7B2253746174757322F1
:105CB0003A38397D7D0A00007B22414343223A7BFA
:105CC00022537461747573223A37387D7D0A00005F
:105CD0007B22414343223A7B2253746174757322C1
:105CE0003A36397D7D0A00007B22414343223A7BCC
:105CF00022537461747573223A38377D7D0A00002F
:105D00007CB510A103C9CDE900010024002564235E
:105D1000072269460D4803F096FD0A2000F0C2FDF7
:105D200009F0EAFD0446062C01D079207CBD4FF431
:105D3000FA7000F0B7FD3321322009F005FEC0B241
:105D4000F4E700000200023233030200E009002001
:105D500010B51348007800B910BD12A009F098FBE7
:105D6000052000F09FFDFFF7CBFF45280DD04E2802
:105D700007D057280DD059280FD111A009F088FB62
:105D80000BE015A009F084FB07E019A009F080FBE7
:105D900003E01DA009F07CFB00BF00BF00BFDBE7F4
:105DA000030000207B2252656365697665223A7B99
:105DB00022537461747573223A32367D7D0A000075
:105DC0007B22414343223A7B2253746174757322D0
:105DD0003A38397D7D0A00007B22414343223A7BD9
:105DE00022537461747573223A37387D7D0A00003E
:105DF0007B22414343223A7B2253746174757322A0
:105E00003A36397D7D0A00007B22414343223A7BAA
:105E100022537461747573223A38377D7D0A00000D
:105E200010B51E48007800B910BD1DA009F030FB68
:105E3000052000F037FD00F005FC463809282AD27D
:105E4000DFE800F005090D1115191D2125001BA023
:105E500009F01EFB1FE01FA009F01AFB1BE023A0A6
:105E600009F016FB17E027A009F012FB13E02BA0A6
:105E700009F00EFB0FE02FA009F00AFB0BE033A0A6
:105E800009F006FB07E037A009F002FB03E03BA0A6
:105E900009F0FEFA00BF00BF00BFC5E70300002005
:105EA0007B2252656365697665223A7B2253746171
:105EB000747573223A32367D7D0A00007B2241439D
:105EC00043223A7B22537461747573223A37307DD2
:105ED0007D0A00007B22414343223A7B22537461B6
:105EE000747573223A37317D7D0A00007B2241436D
:105EF00043223A7B22537461747573223A37327DA0
:105F00007D0A00007B22414343223A7B2253746185
:105F1000747573223A37337D7D0A00007B2241433A
:105F200043223A7B22537461747573223A37347D6D
:105F30007D0A00007B22414343223A7B2253746155
:105F4000747573223A37357D7D0A00007B22414308
:105F500043223A7B22537461747573223A37367D3B
:105F60007D0A00007B22414343223A7B2253746125
:105F7000747573223A37377D7D0A00007B224143D6
:105F800043223A7B22537461747573223A37387D09
:105F90007D0A000070B505460C46284604F0E4FE74
:105FA000064626EA0401284608F032F970BD70471B
:105FB00010B50446012C03DD0CA009F069FA0FE0CE
:105FC000184804701020184908700846447084F07E
:105FD00010008870032009F0FFF9012013490870B0
:105FE0004FF416711248FFF7C6FC10BD7B225265B4
:105FF0006365697665223A7B2253746174757322F6
:106000003A31397D2C2243223A7B22547970652221
:106010003A224465766963654D6F6465227D7D0A29
:1060200000000000030000200E00002011000020EE
:106030007404002010B50E480078012800D110BD6E
:106040000CA009F025FA052000F02CFC00F0C4F8A3
:10605000642802D0692808D103E00DA009F018FADD
:1060600003E011A009F014FA00BF00BF00BFE6E78B
:10607000030000207B2252656365697665223A7BC6
:1060800022537461747573223A32367D7D0A0000A2
:106090007B22444953223A7B2253746174757322E4
:1060A0003A3130307D7D0A007B22444953223A7BCD
:1060B00022537461747573223A3130357D7D0A0044
:1060C00010B50E480078012800D110BD0CA009F0D1
:1060D000DFF9052000F0E6FB00F0BCF8642802D0F0
:1060E000692808D103E00DA009F0D2F903E011A05E
:1060F00009F0CEF900BF00BF00BFE6E703000020B3
:106100007B2252656365697665223A7B225374610E
:10611000747573223A32367D7D0A00007B22444931
:1061200053223A7B22537461747573223A313030B2
:106130007D7D0A007B22444953223A7B22537461BD
:10614000747573223A3130357D7D0A0010B50E48E2
:106150000078012800D110BD0CA009F099F90520A4
:1061600000F0A0FB00F098F8642802D0692808D15C
:1061700003E00DA009F08CF903E011A009F088F903
:1061800000BF00BF00BFE6E7030000207B2252658E
:106190006365697665223A7B225374617475732254
:1061A0003A32367D7D0A00007B22444953223A7BF5
:1061B00022537461747573223A3130307D7D0A0048
:1061C0007B22444953223A7B2253746174757322B3
:1061D0003A3130357D7D0A007CB50026002419A1B6
:1061E00003C9CDE90001642305226946174803F07D
:1061F0002AFB00F04DFA0546002004461DE0002071
:10620000134908700A2000F04DFB642305226946FB
:106210000E4803F018FB07F0BDFE0546062D02D020
:10622000152D04D101E064207CBD6920FCE7062D1A
:1062300000D104E0601CC0B20446022CDFDB00BFCA
:1062400000BFF1E70245530317000000E0090020FA
:10625000600000201CB50DA103C9CDE9000108F0C4
:1062600003FA6423052269460A4803F0ECFA07F0B2
:1062700091FE0446062C02D0152C04D101E06420C6
:106280001CBD6920FCE76920FAE7000002444803CE
:106290000D000000E00900207CB500250BA103C91A
:1062A000CDE9000108F0E0F900F080FD0546642327
:1062B00005226946074803F0C6FA07F06BFE04465C
:1062C000062C01D164207CBD6920FCE70243500309
:1062D00012000000E009002072B603E01E216420D5
:1062E00008F0BCFBFAE700000021074AD16107492A
:1062F000096941F00401054A11611146096941F03B
:106300004001116170470000C81B002000200240BE
:106310000021074AD1610749096941F00201054A94
:10632000116111464861096941F0400111617047EE
:10633000C81B0020002002400022054BDA61054AFC
:10634000126942F00102034B1A610180704700009C
:10635000C81B00200020024000201E49C96801F02F
:10636000100139B11C49C96941F002011A4AD161D1
:1063700040F010001749C96801F0040139B116490D
:10638000C96941F00101144AD16140F0040011498A
:10639000C96901F0010169B10F49C96941F00401FE
:1063A0000D4AD16100BF0B49C96921F00101094AB9
:1063B000D16100BF00BF40F20111884206D10549FA
:1063C000C96921F00101034AD16101E00149C860B6
:1063D00000BF704700200240C81B002070B5044673
:1063E00000F0E4FC054609E0601C38B124B100F07F
:1063F000DDFC401BA04201D9032070BD1248C068DB
:1064000000F001000028EFD10F48C06800F0200024
:1064100020B100BF20200C49C86000BF0A48C068F6
:1064200000F0100048B90848C06900F0010020B928
:106430000548C06800F0040018B1FFF78DFF012087
:10644000DBE70020D9E700000020024010B5274814
:106450000078012800D110BD25A009F019F8052009
:1064600000F020FA00F014F964380C2837D2DFE885
:1064700000F0060E12161A1E22262A2E320A23A019
:1064800009F006F82FE027A009F002F82BE02BA076
:1064900008F0FEFF27E02FA008F0FAFF23E033A06A
:1064A00008F0F6FF1FE037A008F0F2FF1BE03BA06A
:1064B00008F0EEFF17E03FA008F0EAFF13E043A06A
:1064C00008F0E6FF0FE047A008F0E2FF0BE04BA06A
:1064D00008F0DEFF07E04FA008F0DAFF03E053A06A
:1064E00008F0D6FF00BF00BF00BFB4E703000020E4
:1064F0007B2252656365697665223A7B225374611B
:10650000747573223A32367D7D0A00007B2244493D
:1065100053223A7B22537461747573223A313030BE
:106520007D7D0A007B22444953223A7B22537461C9
:10653000747573223A3131317D7D0A007B224449E2
:1065400053223A7B22537461747573223A3130318D
:106550007D7D0A007B22444953223A7B2253746199
:10656000747573223A3130327D7D0A007B224449B2
:1065700053223A7B22537461747573223A3130335B
:106580007D7D0A007B22444953223A7B2253746169
:10659000747573223A3130347D7D0A007B22444980
:1065A00053223A7B22537461747573223A31303529
:1065B0007D7D0A007B22444953223A7B2253746139
:1065C000747573223A3130367D7D0A007B2244494E
:1065D00053223A7B22537461747573223A313037F7
:1065E0007D7D0A007B22444953223A7B2253746109
:1065F000747573223A3130387D7D0A007B2244491C
:1066000053223A7B22537461747573223A313039C4
:106610007D7D0A007B22444953223A7B22537461D8
:10662000747573223A3131307D7D0A007B224449F2
:1066300053223A7B22537461747573223A3131329A
:106640007D7D0A007CB50FA103C9CDE900010024BE
:1066500000256423072269460C4803F0F4F80A2059
:1066600000F020F909F048F90446062C01D0792001
:106670007CBD142000F016F93021312009F064F9B6
:10668000C0B2F5E70200023130030200E009002049
:106690007CB52EA103C9CDE900016423052269461A
:1066A0002C4803F0D0F807F075FC0546062D01D004
:1066B00079207CBD07F096FC04462749601A8C427D
:1066C00036D012DC2549A4EB01008C422AD007DC2D
:1066D00023482044F0B1012828D0022834D123E0F7
:1066E00004281DD0FC282FD116E0B0F5FF3F23D0A1
:1066F00009DCB0F5007F23D0B0F5C06F22D0B0F533
:106700007E4F21D10AE017490844B8B1B0F5802F77
:106710001AD10FE06420CCE76E20CAE76F20C8E7EB
:106720006520C6E76620C4E76720C2E76820C0E7A7
:106730006A20BEE76B20BCE76C20BAE76D20B8E7A3
:106740006E20B6E76F20B4E77820B2E70252460326
:1067500015000000E00900203032300034303000F5
:10676000D0CFCFFF0002FCFF70B50A480468001DBF
:106770000568001D0668344454B1082206492046C5
:1067800003F074F9042204491031284603F06EF92D
:1067900070BD0000E8F7FF1FB60000200146002290
:1067A00091F82100022808D00420886300BF00204F
:1067B00081F8200000BF012070470868006820F0C1
:1067C0000E000B6818600868006820F001000B6874
:1067D000186091F8403001209840CB6B5860012040
:1067E00081F8210000BF002081F8200000BF104682
:1067F000E2E7000070B50446002594F82100022865
:1068000003D00420A063012548E02068006820F040
:106810000E00216808602068006820F001002168EF
:1068200008601F492068884201D1012026E01C49E8
:1068300014312068884201D110201FE01849283106
:106840002068884201D1801518E015493C31206844
:10685000884201D1801411E01149503120688842EA
:1068600002D14FF4803009E00D496431206888423C
:1068700002D14FF4801001E04FF0807008490839D0
:106880004860012084F8210000BF002084F8200027
:1068900000BF606B10B12046616B8847284670BD11
:1068A0000800024070B5044600F080FA064625460E
:1068B000681C10B104480078054400BF00F076FA67
:1068C000801BA842FAD370BDF00000202DE9F041F2
:1068D00004460E460127002500BF2648007E0128F9
:1068E00002D10220BDE8F08101202249087600BFD4
:1068F0002068022813D14CF25030FFF76FFD90BB97
:106900000120FFF7F1FC4CF25030FFF767FD07461E
:106910001948006920F004001749086123E04CF28F
:106920005030FFF75BFDF0B94FF0FF303060A568E5
:1069300012E02846FFF7ECFC4CF25030FFF74EFD1A
:1069400007460D48006920F002000B4908610FB1AD
:10695000356007E005F58065D4E9021001EB802081
:10696000A842E6D800BF00BF00200249087600BF59
:106970003846B7E7C81B00200020024003480069E2
:1069800040F080000149086100207047002002406B
:106990002DE9FE4F05468B461746984601260024F2
:1069A0000020029000BF2448007E012802D102206E
:1069B000BDE8FE8F01202049087600BF4CF2503020
:1069C000FFF70CFD064686BB012D02D10120029087
:1069D00006E0022D02D10220029001E00420029084
:1069E00000241EE02201B946C24648465146FEF741
:1069F00099FF80B20190022000FB04B00090019941
:106A0000FFF79AFC4CF25030FFF7E8FC06460B48C3
:106A1000006920F001000949086106B104E0601C2A
:106A2000C4B202988442DDDB00BF00BF00200249EF
:106A3000087600BF3046BBE7C81B0020002002409C
:106A400000200849096901F0800151B10649054A51
:106A50005160064951601146096901F0800101B198
:106A6000012070470020024023016745AB89EFCD2C
:106A70002DE9F8470346002294466EE14FF00108E5
:106A800008FA02F4D1F8008008EA0400A0427DD19F
:106A9000DFF8DCA2D1F80480A8EB0A09D0453AD08F
:106AA00014DCB8F1030F50D009DCB8F1000F31D07D
:106AB000B8F1010F1CD0B8F1020F49D120E0B8F1B4
:106AC000110F18D0B8F1120F42D11EE0B9F5881F8E
:106AD00025D006DCB9F5803F20D0B9F5801F37D12D
:106AE0001AE0B9F5001F18D0B9F5041F30D117E02E
:106AF000D1F80CC02DE0D1F80C8008F1040C28E08E
:106B0000D1F80C8008F1080C23E0D1F80C8008F1D2
:106B10000C0C1EE000BF00BF00BF00BF00BF00BFE5
:106B2000D1F80880B8F1000F02D14FF0040C0BE04F
:106B3000D1F80880B8F1010F03D14FF0080C1C61A7
:106B400002E04FF0080C5C6103E04FF0000C00E045
:106B500000BF00BFFF2801D8984601E003F10408F8
:106B60004646FF2802D84FEA820803E0A2F108084F
:106B70004FEA88084746D6F800804FF00F0909FA17
:106B800007F928EA09080CFA07F900E088E048EA62
:106B90000908C6F80080D1F8048008F08058B8F1E0
:106BA000805F7DD100BFDFF8CC81D8F8188048F035
:106BB0000108DFF8C091C9F81880C846D8F81880D5
:106BC00008F00108CDF8008000BF00BF4FEAB938D7
:106BD0004FEA920958F829504FEA82784FEA18791B
:106BE0004FF00F0808FA09F825EA0805DFF8888150
:106BF000434502D14FF0000816E0DFF8808143459D
:106C000002D14FF001080FE0DFF87481434502D153
:106C10004FF0020808E0DFF86C81434502D14FF0E5
:106C2000030801E04FF004084FEA82794FEA19792E
:106C300008FA09F848EA0505DFF84C814FEA92099D
:106C400048F82950D1F8048008F48038B8F5803F1E
:106C50000AD1DFF83881D8F8008048EA0008DFF868
:106C60002C91C9F8008009E0DFF82081D8F8008075
:106C700028EA0008DFF81491C9F80080D1F80480F0
:106C800008F40038B8F5003F10D1DFF8008108F1B2
:106C90000408D8F8008048EA0008DFF8F09000E027
:106CA0005AE009F10409C9F800800DE0DFF8DC8042
:106CB00008F10408D8F8008028EA0008DFF8CC9032
:106CC00009F10409C9F80080D1F8048008F480189B
:106CD000B8F5801F0ED1DFF8B48008F10808D8F8A5
:106CE000008048EA0008DFF8A49009F10809C9F813
:106CF00000800DE0DFF8948008F10808D8F80080E3
:106D000028EA0008DFF8849009F10809C9F8008032
:106D1000D1F8048008F40018B8F5001F0ED1DFF890
:106D20006C8008F10C08D8F8008048EA0008DFF809
:106D30005C9009F10C09C9F800800DE0DFF84C8087
:106D400008F10C08D8F8008028EA0008DFF83C9029
:106D500009F10C09C9F80080521CD1F8008028FA0A
:106D600002F8B8F1000F7FF489AEBDE8F8870000A3
:106D7000000011100010024000080140000C01400A
:106D800000100140001401400800014000040140CF
:106D9000024693680B400BB1012000E000207047D1
:106DA0000AB1016101E00B0403617047014800680A
:106DB00070470000E800002070B504460CB90120BF
:106DC00070BD4CF6CC402168086045F255502168F2
:106DD0000860D4E9001048602168A0688860FFF767
:106DE000E5FF05460BE0FFF7E1FF401B272806D92A
:106DF0002068C06800F0030008B10320E0E72068C5
:106E0000C06800F003000028EDD14AF6AA202168EE
:106E100008600020D4E700000348006803490978AF
:106E20000844014908607047E8000020F000002095
:106E300010B50848006840F01000064908600320BB
:106E400000F0A8F8002000F007F800F02BF8002070
:106E500010BD00000020024070B504460E480078C6
:106E60004FF47A71B1FBF0F00C490968B1FBF0F511
:106E7000284602F068F808B1012070BD102C07D236
:106E800000222146501E00F047F80548046001E04A
:106E90000120F2E70020F0E7F000002004010020CC
:106EA000EC00002008B500BF1148806940F00100E7
:106EB0000F4988610846806900F00100009000BF1A
:106EC00000BF00BF0846C06940F08050C861084656
:106ED000C06900F08050009000BF00BF00BF0549AE
:106EE000486820F0E06040F00070486000BF08BDD6
:106EF000001002400000014001460846002809DB5E
:106F000000F01F0301229A4043099B0003F1E02394
:106F1000C3F8002100BF70472DE9F05F80460D46A1
:106F20001646002707F0B4F9074639462A46334685
:106F300001F00700C0F1070ABAF1040F02D94FF0BF
:106F4000040A01E0C0F1070AD14600F1040ABAF1CF
:106F5000070F02D24FF0000A01E0A0F1030AD44665
:106F60004FF0010A0AFA09FAAAF1010A0AEA020A2A
:106F70000AFA0CFA4FF0010B0BFA0CFBABF1010B08
:106F80000BEA030B4AEA0B042146404607F088F956
:106F9000BDE8F09F00BF00F00702064B19684FF6EE
:106FA000FF031940044B0B4343EA0221014B1960D4
:106FB00000BF70470CED00E00000FA0570B5054613
:106FC0000C4604F08000802808D104F0070000EB94
:106FD000800605F1280000EBC60105E004EB8406FD
:106FE00005F5B47000EBC6011AB900200873CB8018
:106FF00004E0012008730B81180C4881002070BD4B
:10700000704770B504460D4605EB850304F1280171
:1070100001EBC3014A692946D4F8E80205F08EF86D
:1070200070BD70B504460D4605EB850304F5B471DB
:1070300001EBC3014A692946D4F8E80205F0FEF8DD
:1070400070BD70B504460E4606F0800080280AD157
:1070500006F0070000EB800104F1280000EBC105F9
:107060000120687009E006F0070000EB800104F5DC
:10707000B47000EBC1050020687006F007002870AE
:1070800000BF94F8A802012801D1022070BD0120A0
:1070900084F8A80200BF2946206805F057FF00BF0A
:1070A000002084F8A80200BF00BFEFE770B50446D7
:1070B0000E4606F00F006168884201D9012070BDBC
:1070C00006F0800080280AD106F0070000EB80015E
:1070D00004F1280000EBC1050120687009E006F00A
:1070E000070000EB800104F5B47000EBC10500203F
:1070F00068700020A87006F00700287000BF94F8A0
:10710000A802012801D10220D9E7012084F8A802B1
:1071100000BF2946206806F075F800BF002084F8FB
:10712000A80200BF00BFCAE72DE9F04105460C46A2
:10713000174607F48040002850D02868B0F8501057
:10714000207801EBC000801C296801F5806131F8CE
:107150001000C0F30906A069B04203D3A069801BE8
:10716000A06101E00020A061A069A8B900BF227859
:107170005200296831F812104BF68F7201EA0200B2
:1071800080F4005040F4004141F0800123785B001E
:107190002A6822F8131000BF07F04000A8B100BF12
:1071A00000BF22785200296831F8121048F68F7219
:1071B00001EA020040F4004141F0C00123785B0085
:1071C0002A6822F8131000BF00BF002E55D0228974
:1071D00061693346286806F08BFE4EE02868B0F8F7
:1071E0005010207801EBC000801D296801F58061F6
:1071F00031F81000C0F30906A069B04203D3A069BA
:10720000801BA06101E00020A061A069A8B900BFB7
:1072100022785200296831F812104BF68F7201EA79
:10722000020080F4005040F4004141F080012378D6
:107230005B002A6822F8131000BF07F04000A8B9CD
:1072400000BF00BF22785200296831F8121048F6BA
:107250008F7201EA020040F4004141F0C00123783E
:107260005B002A6822F8131000BF00BF2EB16289AC
:1072700061693346286806F03BFE3046BDE8F08180
:107280002DE9F04705460C46904608F040000028DE
:1072900071D02868B0F85010207801EBC000801C35
:1072A000296801F5806131F81000C0F30907A06971
:1072B000B84203D9A069C01BA06101E00020A06111
:1072C000A06900287ED100BF6078C8B900BF2968D6
:1072D0002A68B2F8502011442278022303EBC2023C
:1072E00001F5806303EB420000BF028848F2FF33E0
:1072F0001A400280028842F40042028000BF13E07C
:107300006078012810D100BF28682A68B2F85020A0
:1073100010442278022303EBC20200F5806303EBE2
:10732000420100220A8000BF00BF00BF29686078C8
:1073300010BB00BF2B68D5F800C0BCF850C0634438
:1073400094F800C04FF0060909EBCC0C03F58069F6
:1073500009EB4C0000BFB0F800C048F2FF390CEA5E
:10736000090CA0F800C0B0F800C04CF4004CA0F824
:1073700000C000BF11E0C0E0607801280DD128688E
:10738000B0F8500001442078062303EBC00001F55B
:10739000806303EB40020020108000BF2178284664
:1073A000FFF72FFE08F48040002816D000BF00BF72
:1073B00022785200296831F8121048F68F7201EADB
:1073C000020000E00AE040F4004141F481412378EA
:1073D0005B002A6822F8131000BFCAE108F480405D
:1073E000A8B100BF00BF22785200296831F81210FE
:1073F00048F68F7201EA020040F4004141F48142F4
:1074000023785B00296821F8132000BF00BF94F89F
:1074100024000128E1D1606938446061E0693844A2
:10742000E0612169206A884204D32669206A801BB2
:1074300020620BE0206A20B93E46002084F8240038
:1074400004E0002084F82400266A206200BF6078EF
:10745000B8BB00BF2A682968B1F850100A442178E7
:10746000022303EBC10102F5806303EB41010846EF
:1074700000BF56B9038848F2FF3C03EA0C030380BF
:10748000038843F40043038019E03E2E0BD800BF6D
:10749000710806F0010303B1491C4FF6FF7303EABC
:1074A000812303800BE000BF710906F01F0303B9BD
:1074B000491E4FF4004343EA8123038000BF00BF0D
:1074C00013E0FFE7607801280FD100BF28682A6821
:1074D000B2F8502010442278022303EBC20200F5D8
:1074E000806303EB42010E8000BF00BFB3B222896C
:1074F0006169286806F02BFD3BE12868B0F8501060
:10750000207801EBC000801D296801F5806131F809
:107510001000C0F30907A069B84203D3A069C01BDB
:10752000A06101E00020A061A06900287DD100BF1A
:107530006078C8B900BF29682A68B2F850201144A1
:107540002278022303EBC20201F5806303EB4200C1
:1075500000BF028848F2FF331A400280028842F4DA
:107560000042028000BF13E06078012810D100BF04
:1075700028682A68B2F8502010442278022303EBCE
:10758000C20200F5806303EB420100220A8000BFC3
:1075900000BF00BF2968607808BB00BF2B68D5F822
:1075A00000C0BCF850C0634494F800C04FF0060916
:1075B00009EBCC0C03F5806909EB4C0000BFB0F877
:1075C00000C048F2FF390CEA090CA0F800C0B0F87E
:1075D00000C04CF4004CA0F800C000BF10E0607880
:1075E00001280DD12868B0F8500001442078062306
:1075F00003EBC00001F5806303EB40020020108024
:1076000000BF21782846FFF7FCFC08F480400028E2
:1076100016D100BF00BF22785200296831F812103D
:1076200048F68F7201EA020000E00AE040F40041EF
:1076300041F4814123785B002A6822F8131000BFCF
:1076400097E008F48040A8B900BF00BF227852003C
:10765000296831F8121048F68F7201EA020040F4EE
:10766000004141F4814123785B002A6822F813101D
:1076700000BF00BF94F8240001287AD16069384423
:107680006061E0693844E0612169206A884204D37E
:107690002669206A801B20620BE0206A20B93E46E2
:1076A000002084F8240004E0266A0020206284F888
:1076B000240000BF2A68607890BB00BFD5F800C0E6
:1076C0002968B1F850108C4421784FF0060909EB75
:1076D000C1010CF5806909EB4101084600BF76B98C
:1076E000B0F8009048F2FF3A09EA0A09A0F80090C1
:1076F000B0F8009049F40049A0F8009020E03E2E38
:107700000FD800BF710806F00109B9F1000F00D0D1
:10771000491C4FF6FF7909EA8129A0F800900FE093
:1077200010E000BF710906F01F09B9F1000F00D188
:10773000491E4FF4004949EA8129A0F8009000BF92
:1077400000BF0FE0607801280CD12868B0F8500025
:1077500002442078062101EBC00002F5806101EBB4
:1077600040031E8000BFB3B262896169286806F0D9
:10777000EEFB00BF22785200296831F8121048F65B
:10778000BF7201EA020080F0100080F0200040F497
:10779000004141F0800123785B002A6822F8131031
:1077A00000BF0020BDE8F087024601F0070000EBB3
:1077B000800302F5B47000EBC300C06970472DE987
:1077C000F04705460E4690461F464FF0000906F06A
:1077D000800080280AD106F0070000EB800105F147
:1077E000280000EBC1040120607009E006F00700EA
:1077F00000EB800105F5B47000EBC104002060705F
:1078000006F007002070C4F81080E770607808B1B7
:107810002078E081022F01D10020207100BF95F86F
:10782000A802012802D10220BDE8F087012085F8D6
:10783000A80200BF2146286805F05EF900BF0020BD
:1078400085F8A80200BF4846EEE72DE9F04105465D
:107850000E461746984606F0070000EB800105F536
:10786000B47000EBC1046761C4F818800020E061C7
:10787000607006F00700207006F0070020B921466E
:10788000286805F05AFD03E02146286805F055FDFB
:107890000020BDE8F08170B504460D4605F00700F4
:1078A0006168884201D9012070BD05F08000802800
:1078B0000AD105F0070000EB800104F1280000EB7D
:1078C000C1060120707007E005EB850104F5B47076
:1078D00000EBC106002070700120B07005F00700B9
:1078E000307000BF94F8A802012801D10220DBE724
:1078F000012084F8A80200BF3146206805F0EFFCA3
:1079000005F0070020B904F52C71206805F077FC1C
:1079100000BF002084F8A80200BF00BFC4E72DE923
:10792000F04105460E4690461F4606F0070000EB64
:10793000800105F1280000EBC104C4F81480A761A0
:10794000012084F8240027620020E061012060709B
:1079500006F00700207006F0070020B921462868CD
:1079600005F0EBFC03E02146286805F0E6FC00206A
:10797000BDE8F0817FB50446206806F0B5FA00F452
:107980000040B0F5004F02D1204602F03DFC2068D7
:1079900006F0AAFA00F48060B0F5806F0FD120687D
:1079A000B0F844004FF6FF3108402168A1F84400C8
:1079B000204600F09FF90021204600F0BBF9206826
:1079C00006F092FA00F48040B0F5804F08D12068AC
:1079D000B0F844004BF6FF7108402168A1F844005C
:1079E000206806F081FA00F40050B0F5005F08D17D
:1079F0002068B0F844004DF6FF7108402168A1F8F6
:107A00004400206806F070FA00F48050B0F5805F02
:107A10001DD12068B0F840004FF6FB710840216886
:107A2000A1F840002068B0F840004FF6F771084018
:107A30002168A1F84000204600F06EF92068B0F8F7
:107A400044004EF6FF7108402168A1F84400206808
:107A500006F04AFA00F40060B0F5006F55D1002539
:107A600007E06900206830F811002DF81500681C47
:107A7000C5B2082DF5D32068B0F8400040F00100F1
:107A80002168A1F840002068B0F840004FF6FE7170
:107A900008402168A1F8400000BF2068B0F8440009
:107AA00000F480600028F8D02068B0F844004FF659
:107AB000FF3108402168A1F84400002507E03DF8A7
:107AC00015006A00216821F81200681CC5B2082D53
:107AD000F5D32068B0F8400040F008002168A1F814
:107AE00040002068B0F844004FF2FF710840216860
:107AF000A1F844002068B0F8400040F0040021687C
:107B0000A1F84000204600F057F9206806F0ECF993
:107B100000F40070B0F5007F0BD12068B0F844008D
:107B20004FF6FF5108402168A1F84400204600F0BC
:107B3000FAF8206806F0D8F900F48070B0F5807F7C
:107B400008D12068B0F844004FF6FF610840216872
:107B5000A1F844007FBD30B585B0044614B90120BA
:107B600005B030BD94F8A90228B9002084F8A80215
:107B7000204600F09DF8032084F8A902206805F053
:107B800034FB142204F110016846FDF7DBFE94E893
:107B90000F0005F0D7F920B1022084F8A9020120D6
:107BA000DEE70021206806F0C8F9002531E0012158
:107BB00005EB850204F1280000EBC200417005EBE3
:107BC000850104F1280000F8315005EB850100EB38
:107BD000C100C581002105EB850204F1280000EBFE
:107BE000C200C17005EB850204F1280000EBC20061
:107BF000016105EB850204F1280000EBC200416140
:107C000005EB850204F1280000EBC2008161681CCD
:107C1000C5B26068A842CAD800252AE0002105EB59
:107C2000850204F5B47000EBC200417005EB8501DC
:107C300004F5B47000F83150002105EB850200EB2B
:107C4000C200C17005EB850204F5B47000EBC20000
:107C5000016105EB850204F5B47000EBC2004161DF
:107C600005EB850204F5B47000EBC2008161681C6D
:107C7000C5B26068A842D1D8142204F11001684648
:107C8000FDF760FE94E80F0005F0A4FA20B1022091
:107C900084F8A902012063E7002084F82400012071
:107CA00084F8A902206805F092FA002058E7000045
:107CB00038B504460D492068884215D100BF0C48EC
:107CC000C06940F400000A49C8610846C06900F470
:107CD0000000009000BF00BF002211461420FFF7F3
:107CE0001BF91420FFF708F938BD0000005C0040C4
:107CF0000010024070B504460125A068022801D09A
:107D0000FEF7EAFA2946D4F8E80204F0CBFBD4F8EF
:107D1000E80204F07DFB70BD10B50446D4F8E8021B
:107D200004F0A4FB10BD10B50446D4F8E80204F03A
:107D3000A8FB10BD70B504460D4600BF94F8A8021C
:107D4000012801D1022070BD012084F8A80200BFE3
:107D500084F824502946206806F0F2F800BF00207D
:107D600084F8A80200BF00BFEDE710B5044604F593
:107D70002C71D4F8E80204F0ACFB10BD10B5044639
:107D800000BF94F8A802012801D1022010BD0120F3
:107D900084F8A80200BF206806F094F8012120466C
:107DA000FFF72EF9206805F00FFA00BF002084F8D5
:107DB000A80200BF00BFE9E710B50446D4F8E80206
:107DC00004F0E0FBA06928B10348006840F0060019
:107DD0000149086010BD000010ED00E001200149DC
:107DE0000862704700000E422DE9F04385B0064658
:107DF0003BA30FCB01AC0FC43DA0006800904FF037
:107E00000008002500270024A146012E30D0022EB4
:107E100055D0102E5ED137484468006800F080705D
:107E200000B301A8C4F38341475C04F4803070B10F
:107E300030484068C0F340401DF8008004F48030B2
:107E400040B12D48B0FBF8F000FB07F502E02B48ED
:107E500007FB00F52748406800F48000B0F5800F6C
:107E600001D1A94603E068000321B0FBF1F932E03B
:107E70002048046A04F44070B0F5807F05D104F016
:107E8000020010B14FF4004918E004F44070B0F55E
:107E9000007F07D11748406A00F0020010B149F690
:107EA00040490BE004F44070B0F5407F06D1114822
:107EB000006800F4003008B14FF224490BE000F0F4
:107EC0009BF90C494968C1F38131491C4900B0FB59
:107ED000F1F900E000BF00BF484605B0BDE8F083FF
:107EE00002030405060708090A0B0C0D0E0F1010FB
:107EF000010200000010024000127A0000093D005B
:107F0000F8B5044600260025207800F0010000287E
:107F10006BD000274348C06900F0805070B900BFA3
:107F20004048C06940F080503E49C8610846C06979
:107F300000F08050009000BF00BF01273A48006861
:107F400000F48070B0B93848006840F48070364959
:107F50000860FEF72BFF064606E0FEF727FF801BB2
:107F6000642801D90320F8BD2F48006800F4807010
:107F70000028F2D02B48006A00F440752DB3A08889
:107F800000F44070A84220D02648006A20F44075D2
:107F9000012026490860002008602248056205F09B
:107FA000010090B1FEF702FF064608E0FEF7FEFE74
:107FB000801B41F28831884201D90320D3E7194858
:107FC000006A00F002000028F0D01648006A20F491
:107FD00040706168084313490862012F04D10846C4
:107FE000C06920F08050C86100BF207800F0020016
:107FF000022807D10B48406820F44040A16808439C
:1080000008494860207800F01000102807D1054882
:10801000406820F48000E16808430249486000207D
:10802000A1E70000001002400070004040044242FE
:108030007047000070B504460D460CB9012070BDB4
:108040005A48006800F00700A8420ED2574800685E
:1080500020F007002843554908600846006800F0F2
:108060000700A84201D00120E9E7207800F00200D3
:1080700002281DD1207800F00400042805D14C48C6
:10808000406840F4E0604A494860207800F0080009
:10809000082805D14648406840F46050444948608B
:1080A0004348406820F0F000A16808434049486018
:1080B000207800F0010078B36068012806D13C48C0
:1080C000006800F4003090B90120B8E76068022829
:1080D00006D13748006800F0007040B90120AEE7D3
:1080E0003348006800F0020008B90120A7E73048D3
:1080F000406820F00300616808432D494860FEF79E
:1081000055FE064609E0FEF751FE801B41F288311C
:10811000884202D9032092E707E02548406800F032
:108120000C006168B0EB810FEDD12048006800F0D1
:108130000700A8420ED91D48006820F00700284318
:108140001A4908600846006800F00700A84201D0FC
:10815000012074E7207800F00400042807D11448B7
:10816000406820F4E060E1680843114948602078E5
:1081700000F00800082808D10D48406820F460503D
:10818000216940EAC1000A49486000F045F8084901
:108190004968C1F30311074A515CC84006490860A9
:1081A00006480068FEF758FE002048E7002002401D
:1081B00000100240FCF9000804010020EC0000203F
:1081C00001200149C864704700004242014800682C
:1081D000704700000401002000B5FFF7F7FF0449D5
:1081E0004968C1F30221034A515CC84000BD000048
:1081F000001002400CFA000800B5FFF7E7FF044941
:108200004968C1F3C221034A515CC84000BD000067
:10821000001002400CFA0008F0B585B00FF26C0CAB
:108220009CE8E01001A8A0E8E0101CA52D680095CE
:1082300000210022002300240020194D696801F06C
:108240000C05F5B1042D02D0082D19D101E0154817
:1082500019E001ADC1F38346AC5D01F4803555B141
:108260000F4D6D68C5F340451DF805200D4D654364
:10827000B5FBF2F302E00C4D04FB05F3184602E0F7
:1082800000BF084800BF00BF05B0F0BD02030405F1
:10829000060708090A0B0C0D0E0F10100102000052
:1082A0000010024000127A0000093D0010B5064897
:1082B000806800F08000802804D1FFF7B9FE80209C
:1082C0000149887210BD000000100240F8B5044654
:1082D0000CB90120F8BD207800F00100002878D00A
:1082E000F848406800F00C0004280CD0F5484068BD
:1082F00000F00C00082811D1F248406800F48030EA
:10830000B0F5803F0AD1EF48006800F40030002843
:108310005FD0606800285CD10120DBE700BF6068A7
:10832000B0F5803F06D1E748006840F48030E54969
:10833000086028E0606858B9E248006820F480309E
:10834000E04908600846006820F4802008601AE0D0
:108350006068B0F5A02F0BD1DA48006840F48020A7
:10836000D84908600846006840F4803008600AE098
:10837000D448006820F48030D2490860084600687C
:1083800020F48020086000BF606888B1FEF70EFD11
:10839000054606E0FEF70AFD401B642801D90320CC
:1083A00098E7C848006800F400300028F2D010E0D8
:1083B000FEF7FCFC054606E0FEF7F8FC401B6428CF
:1083C00001D9032086E7BF48006800F40030002888
:1083D000F2D1207800F00200022857D1B948406855
:1083E00000F00C0050B1B748406800F00C000828BD
:1083F00018D1B448406800F4803098B9B14800689A
:1084000000F0020020B12069012801D0012061E7BD
:10841000AC48006820F0F800616940EAC100A94951
:10842000086033E02069E8B10120A7490860FEF741
:10843000BDFC054606E0FEF7B9FC401B022801D949
:10844000032047E79F48006800F002000028F2D0B0
:108450009C48006820F0F800616940EAC100994931
:10846000086013E0002098490860FEF79FFC05466D
:1084700006E0FEF79BFC401B022801D9032029E7F8
:108480009048006800F002000028F2D1207800F047
:10849000080008282DD1A069B8B101208B490860D7
:1084A000FEF784FC054606E0FEF780FC401B022830
:1084B00001D903200EE78348406A00F0020000283B
:1084C000F2D0012002F084FB13E000207F49086015
:1084D000FEF76CFC054606E0FEF768FC401B022830
:1084E00001D90320F6E67748406A00F00200002830
:1084F000F2D1207800F00400042873D100277148DD
:10850000C06900F0805070B900BF6E48C06940F08B
:1085100080506C49C8610846C06900F080500090E6
:1085200000BF00BF01276A48006800F48070B0B93E
:108530006748006840F4807065490860FEF736FCC3
:10854000054606E0FEF732FC401B642801D90320F3
:10855000C0E65F48006800F480700028F2D000BFD9
:10856000E068012806D15748006A40F001005549EB
:10857000086227E0E06858B95248006A20F001001C
:10858000504908620846006A20F00400086219E0B9
:10859000E06805280BD14B48006A40F004004949C7
:1085A00008620846006A40F0010008620AE0454897
:1085B000006A20F00100434908620846006A20F082
:1085C0000400086200BFE068A0B1FEF7EFFB0546BB
:1085D00009E0FEF7EBFB401B41F28831884202D9EB
:1085E000032077E622E03748006A00F00200002806
:1085F000EFD012E0FEF7DAFB054608E0FEF7D6FB07
:10860000401B41F28831884201D9032062E62D489F
:10861000006A00F002000028F0D1012F05D129489E
:10862000C06920F080502749C86100BFE069C8B325
:108630002448406800F00C00082860D0E069022857
:1086400048D1002020490866FEF7B0FB054606E049
:10865000FEF7ACFB401B022801D903203AE619487B
:10866000006800F000700028F2D1206AB0F5803F69
:1086700007D11448406820F40030A168084311492C
:108680004860D4E9080108430E49496821F474118F
:1086900008430C49486001200B490866FEF786FB39
:1086A000054607E03DE0FEF781FB401B022801D9AB
:1086B00003200FE60348006800F000700028F2D0A5
:1086C0002FE00000001002400000424280044242BD
:1086D00000700040002014490866FEF767FB05465D
:1086E00006E0FEF763FB401B022801D90320F1E5F9
:1086F0000E48006800F000700028F2D111E0E06937
:10870000012800D1E6E50948466806F48031206A70
:10871000814204D106F47011606A814201D00120C7
:10872000D8E50020D6E500000000424200100240DB
:108730002DE9F04780460E4692460025002700248A
:10874000A146404602F09DFA81462548B9FBF0F467
:1087500024480068A04240D02248046040F2B2752C
:108760000EE0284605F066FF012806D1B4F5B77F74
:1087700002D3A4F5B77402E005E0A4F26D146D1CF9
:10878000B4F5B67FEDD800BF2F46A5F5FA60F070BE
:10879000002515E0012D09D1384605F04BFF0128D1
:1087A00004D11D2C01D31D3C09E00BE00E48405DB7
:1087B000A04203D80C48405D241A00E002E06D1C82
:1087C0001C2CE7D200BF681C7070601CB070B278BF
:1087D0007178F07802F06FFA30700020BDE8F08711
:1087E0008051010000010020F0F900082DE9F04758
:1087F00007460C4691460026B0460025386840687A
:10880000C0F3800010B10120BDE8F087384602F0C7
:1088100038FA06464FF46160B6FBF0F5B6FBF0F1AE
:1088200000FB11603C21B0FBF1F060704FF461601F
:10883000B6FBF0F100FB11603C21B0FBF1F201FB53
:108840001200A0701820B5FBF0F100FB1150207051
:10885000182D08D31820B5FBF0F8B5FBF0F100FB9C
:108860001150207000E025700020CDE770B504465F
:1088700000250CB9012070BD607C20B90020207457
:10888000204600F05BF802206074204600F085F975
:1088900018B1042060740120EDE7204602F0B7F91A
:1088A00018B1042060740120E5E72068406820F0DA
:1088B000070021684860A06828B11F48006820F0C0
:1088C00001001D4908601C48001F006820F460700A
:1088D000A16808431849091F08606068401C08B176
:1088E000656809E00120FFF77FFA05461DB90420FD
:1088F00060740120BFE76D1E2068806820F00F00C3
:1089000040EA1540216888602068C06865F30F0060
:108910002168C860204602F097F918B104206074FD
:108920000120A8E70021E17301216173A1730120F7
:10893000607400209FE70000306C004038B50446AA
:108940000B492068884212D1FFF748FA00BF094856
:10895000C06940F000600749C8610846C06900F07E
:108960000060009000BF00BF01200349086038BDCF
:1089700000280040001002403C0442422DE9F04F24
:1089800087B006460F464FF000090020069080464B
:108990000024059004900390824600BF48A207CAB5
:1089A0008DE80700304602F06CF981464FF46160B3
:1089B000B9FBF0F006904FF46160B9FBF0F100FBF9
:1089C00011903C21B0FBF1F0C0B204904FF4616013
:1089D000B9FBF0F100FB11903C21B0FBF1F201FB7F
:1089E0001200039018210698B0FBF1F201FB12006F
:1089F0000590F87800F5FA6840F63300804500D914
:108A0000804640F2B270804500D2804640F2B27596
:108A10000AE0284605F00EFE012802D12B48044446
:108A200001E02B4804446D1C4545F2D397F801A0A2
:108A3000404605F0FFFD012804D1BAF1020F01D92B
:108A400024480444AAF1010A002507E01DF80500A6
:108A500040F2A321484304EBC0146D1C5545F5D3E7
:108A600097F802B0ABF1010040F2A321484304EBB8
:108A7000C0140598C0EB4011C1EB002004EB0014BA
:108A80000498C0EB001004EB80040398044400BF7A
:108A9000307C012803D1022007B0BDE8F08F01200F
:108AA000307400BF022070742146304602F045F950
:108AB0000120707400BF0020307400BF00BFEBE7DE
:108AC0001F1C1F1E1F1E1F1F1E1F1E1F0085E201D1
:108AD0008033E101805101002DE9F05F04460D462D
:108AE000904600260027B146B246204602F0C9F85B
:108AF00007464FF46160B7FBF0F9B9F1180F0AD3DC
:108B00001820B9FBF0FA0AEB4A00C0004FF461618B
:108B100000FB01F700E0002700BF207C012802D104
:108B20000220BDE8F09F0120207400BF0220607485
:108B3000B8F1000F0BD128784FF461614843697890
:108B4000C1EB011100EB8100A978461812E02878EA
:108B500002F052F84FF4616100FB01FB687802F00B
:108B60004BF8C0EB00100BEB800BA87802F044F838
:108B70000BEB00063E443146204602F0DEF820684A
:108B8000406820F00500216848600120607400BF43
:108B90000020207400BF00BFC3E770B50446002565
:108BA0000CB9012070BD2068406820F008002168E1
:108BB0004860FEF7FBF8054607E0FEF7F7F8401BB4
:108BC000B0F57A7F01D90320ECE72068406800F017
:108BD00008000028F1D00020E4E710B504460CB9E5
:108BE000012010BD606A38B96068B0F5827F00D19D
:108BF00005E00021E16102E00021216161610021C5
:108C0000A16294F8510028B9002084F85000204651
:108C100000F042F8022084F851002068006820F03B
:108C2000400021680860A08800F48270218901F466
:108C300004410843A18901F400610843217C01F04B
:108C400002010843217D01F001010843218B01F459
:108C500000710843217F01F0380108432021095D9C
:108C600001F080010843218D01F40051084321687F
:108C700008600421A06901EA10402168486020686A
:108C8000C06920F400602168C8610020606501208F
:108C900084F851000020A4E710B586B004460020F7
:108CA00002900390049005901949206888422DD1C4
:108CB00000BF1848806940F4805016498861084612
:108CC000806900F48050019000BF00BF00BF0846DB
:108CD000806940F0040088610846806900F0040063
:108CE000019000BF00BFA02002900220039003204B
:108CF000059002A90848FDF7BBFE40200290002025
:108D00000390049002A90448FDF7B2FE06B010BD1E
:108D10000030014000100240000801402DE9FF5FD3
:108D20000446884691461D460E9E01200290002072
:108D3000019000BF94F85000012803D1022004B034
:108D4000BDE8F09F012084F8500000BFFEF72EF828
:108D5000074694F851B060680390AA46BBF1010F32
:108D60000BD00398B0F5827F04D1A06810B9BBF195
:108D7000040F02D002200190DBE0B8F1000F03D015
:108D8000B9F1000F00D015B901200190D1E094F89D
:108D90005100042802D0052084F8510000206065AD
:108DA000C4F83890E587A587C4F83080E586A586A5
:108DB000206460642068006800F04000402805D00E
:108DC0002068006840F0400021680860E068B0F565
:108DD000006F4AD1606810B1BAF1010F09D1206B60
:108DE00000882168C860206B801C2063E08E401ED4
:108DF000E08633E02068806800F00200022810D18D
:108E0000E08E70B1029801280BD1206B0088216898
:108E1000C860206B801C2063E08E401EE08600202E
:108E200002902068806800F0010068B1E08F58B1BE
:108E30002068C068A16B0880A06B801CA063E08FD5
:108E4000401EE08701200290FDF7B0FFC01BB0423A
:108E500004D3701C10B1032001906AE0E08E00285A
:108E6000C8D1E08F0028C5D14AE0606810B1BAF1DE
:108E7000010F09D1206B007821680873206B401C1A
:108E80002063E08E401EE08634E02068806800F0B9
:108E90000200022810D1E08E70B1029801280BD197
:108EA000206B007821680873206B401C2063E08EE3
:108EB000401EE086002002902068806800F00100DB
:108EC00068B1E08F58B12068C068A16B0870A06BD2
:108ED000401CA063E08F401EE08701200290FDF758
:108EE00065FFC01BB04201D3701C00B916B9032046
:108EF00001901EE0E08E0028C7D1E08F0028C4D189
:108F00003A463146204601F05FFF20B10120019032
:108F1000202060650DE0A06850B900BF00200090DF
:108F20002068C068009020688068009000BF00BF83
:108F300000BF012084F8510000BF002084F85000D9
:108F400000BF0198FBE670B504462546681EB0F1E7
:108F5000807F01D301200FE0681E4FF0E0214861BF
:108F60000F214FF0FF3005F09BF900204FF0E0217A
:108F7000886107200861002070BD704770470000BD
:108F800030B502460B4600BF92F83C00012801D1E3
:108F9000022030BD012082F83C0000BF022082F890
:108FA0003D00106844681068816824F070041868F7
:108FB000044310684460104D1068A8420BD010683C
:108FC000B0F1804F07D00D4D1068A84203D00C4D72
:108FD0001068A84205D121F080015868014310684B
:108FE0008160012082F83D0000BF002082F83C0033
:108FF00000BF00BFCDE70000002C0140000400408E
:109000000008004010B504460CB9012010BD94F8CA
:109010003D0028B9002084F83C00204600F026F8E6
:10902000022084F83D00211D206802F069F901202A
:1090300084F8460000BF84F83E0001213F2001551E
:10904000402001554120015500BF00BF012084F898
:10905000420043200155442001554520015500BFE1
:10906000012084F83D000020D0E7000038B5044618
:109070000D492068884215D100BF0C48C06940F0F6
:1090800002000A49C8610846C06900F00200009069
:1090900000BF00BF002211461D20FDF73DFF1D202F
:1090A000FDF72AFF38BD0000000400400010024018
:1090B000014691F83D00012801D0012070470220AF
:1090C00081F83D00124B086898420BD00868B0F157
:1090D000804F07D00F4B0868984203D00E4B0868AA
:1090E00098420CD10868806800F00702062A0CD06C
:1090F0000868006840F001000B68186005E0086827
:10910000006840F001000B6818600020D6E70000FE
:10911000002C014000040040000800402DE9F0410F
:1091200004460D4600BF94F83C00012802D10220FD
:10913000BDE8F081012084F83C0000BF022084F8E3
:109140003D002068866826F0770626F47F46206872
:1091500086602868502833D00CDC202850D004DCEE
:1091600000284BD0102851D149E0302849D0402860
:109170004CD139E060282DD0702807D0B0F5805F41
:1091800003D0B0F5005F41D10DE040E0D5E9021316
:109190006A68206802F0EEF82068866846F0770674
:1091A0002068866033E0D5E902136A68206802F01F
:1091B000E1F82068806840F480402168886026E0FB
:1091C000EA686968206802F0E9F85021206802F036
:1091D000DCF81CE0EA686968206802F0F2F86021B7
:1091E000206802F0D2F812E0EA686968206802F0AC
:1091F000D5F84021206802F0C8F808E000BF00BFA1
:1092000000BF2968206802F0C0F800E000BF00BF7E
:10921000012084F83D0000BF002084F83C0000BF1E
:1092200000BF85E7704710B5044620680069C0F3A9
:109230004000D8B12068C068C0F34000B0B16FF002
:10924000020021680861012020772068806900F011
:10925000030018B12046FFF7E5FF05E0204600F0C7
:10926000ADF8204600F0ABF80020207720680069B8
:10927000C0F38000D8B12068C068C0F38000B0B1EE
:109280006FF004002168086102202077206880695F
:1092900000F4407018B12046FFF7C4FF05E02046F7
:1092A00000F08CF8204600F08AF800202077206833
:1092B0000069C0F3C000D8B12068C068C0F3C00026
:1092C000B0B16FF0080021680861042020772068A1
:1092D000C06900F0030018B12046FFF7A3FF05E0C6
:1092E000204600F06BF8204600F069F80020207757
:1092F00020680069C0F30010D8B12068C068C0F3CE
:109300000010B0B16FF010002168086108202077CC
:109310002068C06900F4407018B12046FFF782FF52
:1093200005E0204600F04AF8204600F048F800200A
:1093300020772068006900F0010058B12068C068FB
:1093400000F0010030B16FF0010021680861204693
:1093500000F036F820680069C0F3C01058B12068EA
:10936000C068C0F3C01030B16FF0800021680861A0
:109370002046FFF702FE20680069C0F3801058B154
:109380002068C068C0F3801030B16FF040002168E1
:109390000861204600F020F820680069C0F3401002
:1093A00058B12068C068C0F3401030B16FF02000A1
:1093B000216808612046FFF7E1FD10BD7047704746
:1093C00010B5044603492068884201D101F0AAFD86
:1093D00010BD000000040040704770477047000057
:1093E0002DE9F84F0446206805682068C6682068A3
:1093F00047694FF00009CA4605F00F09B9F1000F9F
:109400000AD105F0200038B106F0200020B1204636
:1094100002F020F8BDE8F88FB9F1000F71D007F025
:10942000010018B906F4907000286AD005F0010018
:1094300030B106F4807018B1206C40F00100206457
:1094400005F0040030B107F0010018B1206C40F0C5
:109450000200206405F0020030B107F0010018B1ED
:10946000206C40F00400206405F0080048B106F0CC
:10947000200010B907F0010018B1206C40F008007E
:109480002064206C68B305F0200028B106F02000AD
:1094900010B1204601F0DEFF20684069C0F3801A59
:1094A000206C00F0080010B9BAF1000F22D020465D
:1094B00001F0A5FF2068406900F04000B0B12068CD
:1094C000406920F0400021684861A06B50B15648C7
:1094D000A16B4863A06BFDF78DF910B1A06B416BD8
:1094E00088470CE02046FFF779FF08E02046FFF7A9
:1094F00075FF04E02046FFF771FF0020206489E734
:10950000FFE7206B012878D105F01000002874D007
:1095100006F01000002870D000BF002000902068E6
:109520000068009020684068009000BF00BF20687D
:10953000406900F04000C0B3A06B006840681FFAAB
:1095400080F8B8F1000F2FD0A08D40452CDDA4F895
:109550002E80A06B806920281FD02068C06820F46E
:1095600080702168C8602068406920F0010021688F
:1095700048612068406920F040002168486120204F
:1095800084F83E00002020632068C06820F01000AE
:109590002168C860A06BFDF701F9A08DE28D801AEB
:1095A00081B22046FFF719FF34E7FFE7A08DE18D78
:1095B000401A1FFA80F8E08DE8B1B8F1000F1AD018
:1095C0002068C06820F490702168C86020684069F5
:1095D00020F0010021684861202084F83E0000202E
:1095E00020632068C06820F010002168C8604146F0
:1095F0002046FFF7F2FE0DE7FFE705F0800030B1EF
:1096000006F0800018B1204602F014F802E705F0D9
:10961000400030B106F0400018B1204601F00AFFCA
:10962000F8E600BFF6E60000EBB3000810B504460C
:109630000CB9012010BDA06900B100E000BF94F892
:109640003D0028B9002084F83C00204600F028F8AE
:10965000242084F83D002068C06820F40050216870
:10966000C860204601F068FF2068006920F490403F
:10967000216808612068406920F02A00216848615B
:109680002068C06840F400502168C8600020206451
:10969000202084F83D0084F83E000020CAE7000046
:1096A00010B586B004460020029003900490059007
:1096B0005D49206888423FD100BF5C48806940F422
:1096C00080405A4988610846806900F480400190D2
:1096D00000BF00BF00BF0846806940F008008861F5
:1096E0000846806900F00800019000BF00BF4020DC
:1096F0000290022003900320059002A94C48FDF738
:10970000B7F98020029000200390049002A94848F5
:10971000FDF7AEF900BF4749486840F0E06040F00F
:109720000400486000BF002211462520FDF7F4FB2D
:109730002520FDF7E1FB75E03F492068884236D1DE
:1097400000BF3A48C06940F400303849C861084653
:10975000C06900F40030019000BF00BF00BF0846A0
:10976000806940F0040088610846806900F00400C8
:10977000019000BF00BF042002900220039003204C
:10978000059002A92D48FDF773F9082002900020EA
:109790000390049002A92948FDF76AF900221146B6
:1097A0002620FDF7B9FB2620FDF7A6FB3AE0244969
:1097B0002068884236D100BF1C48C06940F4802030
:1097C0001A49C8610846C06900F48020019000BFB2
:1097D00000BF00BF0846806940F008008861084665
:1097E000806900F00800019000BF00BF08150290DA
:1097F000022003900320059002A90D48FDF738F9D7
:109800004FF40060029000200390049002A90848E1
:10981000FDF72EF9002211462720FDF77DFB2720BA
:10982000FDF76AFB06B010BD003801400010024091
:10983000000C0140000001400044004000080140CD
:109840000048004070472DE9F84F04460E46174681
:1098500099464FF0000A94F83D0020285AD106B1ED
:1098600017B90120BDE8F88F00BF94F83C0001282B
:1098700001D10220F6E7012084F83C0000BF00205F
:109880002064212084F83D00FDF790FA8246A784E9
:10989000E784A068B0F5805F04D1206910B9002585
:1098A000B04602E035464FF0000800BF002084F8C3
:1098B0003C0000BF1BE05346002280212046CDF82B
:1098C000009001F0E7FE08B10320CBE745B9B8F8F6
:1098D0000000C0F308002168486008F1020803E0B6
:1098E0002878216848606D1CE08C401EE084E08C84
:1098F0000028E0D15346002240212046CDF80090B8
:1099000001F0C8FE08B10320ACE7202084F83D0038
:109910000020A7E70220A5E77047000006E004A0AA
:1099200005F0B6FDFE210A2005F098F8F7E70000E3
:109930007B22526563697665223A7B225374617497
:109940007573223A37307D7D0A00000030B59DB036
:1099500004460D467022284901A8FBF7F3FF332D7A
:1099600037D006DC102D0BD0122D3AD0142D40D15B
:1099700017E0352D1DD0372D0BD0392D39D120E0F2
:10998000A006010E1D4B01AA602000F0CCF81DB00E
:1099900030BDA006010E194B05AA612000F0C3F8E6
:1099A000F5E7A006010E154B09AA602000F0BBF8F0
:1099B000EDE7A006010E114B0DAA612000F0B3F8EF
:1099C000E5E7A006010E0D4B11AA612000F0ABF8EF
:1099D000DDE7A006010E094B15AA612000F0A3F8EF
:1099E000D5E7A006010E054B19AA602000F09BF8F0
:1099F000CDE70120CBE7000014FA0008581C002036
:109A000070B504460D462946204600F017F970BD92
:109A100070B505460026002404E000200E490855D4
:109A2000601CC4B20A2CF8DB0B4800F0B3F808B194
:109A30004E2070BD084800F03AF908B94E20F8E70A
:109A4000002404E00448005D2855601CC4B2042CC6
:109A5000F8DB0020EDE70000581C002070B504463C
:109A60000D462946204600F0E0F970BD30B50B46A2
:109A7000002100BF16E00A24B4EB107F05D9302482
:109A800004EB107403F8114005E0412404EB10745A
:109A90000A3C03F81140000100254C00641C1D55D0
:109AA0004C1CE1B29142E6DB30BD000010B503A0D2
:109AB00005F0EEFC00200849087010BD7B225265BD
:109AC0006365697665223A7B2253746174757322EB
:109AD0003A32367D7D0A0000670000202DE9FC4106
:109AE0000446002700210D2004F092FB93202070F3
:109AF0002020607001A823460222214600900C20FD
:109B000000F002F906465EB9002503E0605D4740BB
:109B1000681CC5B2042DF9DB605DB84200D0022696
:109B20003046BDE8FC812DE9F04385B006460F467E
:109B3000904699468DF804608DF80570002406E083
:109B400018F8041001AAA01C1154601CC4B2062C01
:109B5000F6DB002407E019F8041001AA04F108005C
:109B60001154601CC4B2042CF5DB04A801AB0C2218
:109B700001A900900E2000F0C7F805462DB9082075
:109B800001F0F2F800F0080000B90225284605B0FF
:109B9000BDE8F08370B5044608210846FCF7FAF9E1
:109BA0002146522000F065F805461DB92046FFF712
:109BB00095FF0546284670BD10B5002201211C48BE
:109BC000FDF7EEF80120FCF76DFE01221146184862
:109BD000FDF7E6F80120FCF765FE1648007828B18D
:109BE000012202211448FDF7DBF804E001221021D4
:109BF0001148FDF7D5F800F054F88D212A2004F023
:109C000007FB3E212B2004F003FB1E212D2004F036
:109C1000FFFA00212C2004F0FBFA4021152004F06B
:109C2000F7FA3D21112004F0F3FAFBF70AFF10BD0B
:109C3000000C014018000020000801407CB50546DA
:109C40000C46302020706570A21C02212046FBF7D4
:109C500095FF01A823460422214600900C2000F025
:109C600053F8064616B90198902800D002263046CF
:109C70007CBD7CB506460C4607210D2004F0C8FAD1
:109C8000267001A823460122214600900C2000F0F6
:109C90003BF8054615B90198102800D00225284642
:109CA0007CBD10B50F21012004F0B2FA10BDF0B553
:109CB00085B0074693208DF8040070208DF80500CC
:109CC000002405E0395D01AAA01C1154601CC4B237
:109CD000052CF7DB0DF10B02072101A8FBF74EFF66
:109CE00004A801AB092201A900900C2000F00CF897
:109CF00005462DB90498182802D19DF8046000E0AB
:109D00000026304605B0F0BD2DE9FE4F06468846D8
:109D100091469A46DDF830B0022002900020019072
:109D200000900C2E06D00E2E09D11220019010208A
:109D3000009005E0772001903020009000E000BF07
:109D400000BF019840F08001022004F061FA8021F8
:109D50000420FCF71FF980210A2001F0B6F8002149
:109D6000012004F055FA002505E018F80510092037
:109D700004F04EFA6D1C4D45F7D33146012004F036
:109D800047FA0C2E03D180210D2001F09EF84FF4EC
:109D9000FA6500BF042000F0E7FF04466D1E35B1F0
:109DA00004F0010018B9009820400028F2D080216A
:109DB0000D20FCF7EFF895B3062000F0D5FF00F07A
:109DC0001B0068BB002002900198204000F00100B9
:109DD00008B1012002900C2E24D10A2000F0C4FF0B
:109DE00004460C2000F0C0FF00F007072FB1601EF2
:109DF00007EBC000CBF8000002E0E000CBF8000069
:109E000004B90124102C00DD1024002505E00920F0
:109E100000F0AAFF0AF805006D1CA542F7D301E087
:109E2000022002900298BDE8FE8FF0B587B006468A
:109E30000F46A0208DF804008DF805600DF1060294
:109E4000022101A8FBF79AFE06A801AB042201A992
:109E500000900C20FFF758FF054645B906980428E6
:109E600005D19DF8040000F00F000A2800D002255B
:109E70000DBB002404E0385D01A90855601CC4B284
:109E8000102CF8DB05AA102101A8FBF777FE06A825
:109E900001AB122201A900900C20FFF735FF054607
:109EA00045B90698042805D19DF8040000F00F007C
:109EB0000A2800D00225284607B0F0BD00B585B0BD
:109EC0000020019002900390049000BF3B488069FD
:109ED00040F01000394988610846806900F01000A0
:109EE000009000BF00BF00BF0846806940F020001E
:109EF00088610846806900F02000009000BF00BF24
:109F000000BF0846806940F0040088610846806907
:109F100000F00400009000BF00BF00BF0846806949
:109F200040F0080088610846806900F00800009051
:109F300000BF00BF00224FF4E2612148FCF730FF70
:109F4000002209211F48FCF72BFF4FF4E26001902B
:109F500001200290002003900320049001A91848DA
:109F6000FCF786FD0920019001200290002003905B
:109F70000220049001A91348FCF77AFD0122022176
:109F80000F48FCF70DFF02200190012002900020F5
:109F900003900320049001A90948FCF769FD2020E3
:109FA000019000200290022003900320049001A958
:109FB0000448FCF75DFD05B000BD00000010024044
:109FC00000080140000C014010B50748074908602F
:109FD0000620486040F6FF7104488160FCF7ECFE03
:109FE00008B1FCF779F910BD003000409808002056
:109FF0001CB50020019000900748084908604FF008
:10A00000FF3048604FF4807104488160FEF72EFCF9
:10A0100008B1FCF761F91CBD00280040A40800202D
:10A0200010B50F480F4908604FF482704860002156
:10A030000C488160C160016141614FF40071816130
:10A040002821C1610021016241624FF40051816207
:10A050000921C162FEF7C1FD08B1FCF73DF910BD51
:10A0600000300140B808002000B587B00020039000
:10A0700004900590069001900290144814490860DD
:10A0800040F2DB5048600021114881600121C1602D
:10A09000002101618161FEF7B5FF08B1FCF71CF9F1
:10A0A0004FF48050039003A90948FFF737F808B12F
:10A0B000FCF712F900200190029001A90448FEF774
:10A0C0005FFF08B1FCF708F907B000BD00040040CD
:10A0D0001009002010B50948094908600021084806
:10A0E0008160C16001610C21416100218161C16118
:10A0F000FFF79CFA08B1FCF7EFF810BD00380140FB
:10A100005809002010B50B480B4908604FF4E130A6
:10A110004860002108488160C16001610C214161F3
:10A1200000218161C161FFF781FA08B1FCF7D4F821
:10A1300010BD0000004400409C09002010B50B48F1
:10A140000B4908604FF416504860002108488160B0
:10A15000C16001610C21416100218161C161FFF792
:10A1600065FA08B1FCF7B8F810BD000000480040DF
:10A17000E00900201FB5002000900190029003909C
:10A180004FF48050009001200190022002900320A3
:10A19000039069461448FCF76BFC00224FF4805191
:10A1A0001148FCF7FDFD6420FCF77CFB00220F4901
:10A1B0000F4801F084FF08B1FCF78EF80D490C48F8
:10A1C00002F016FA08B1FCF787F80B49084801F0CD
:10A1D0001CFC08B1FCF780F8054802F0D3FA08B17E
:10A1E000FCF77AF81FBD0000000801408000002045
:10A1F000240A002018010020D800002000BFFEE73C
:10A20000FEF754F800BFFEE72DE9F0470546EAE106
:10A210002868B0F844A00AF00F06002E7ED10AF09C
:10A220001000B0BB00BF2968098848F60F7201EA28
:10A23000020040F400412A68118000BF05F12804A3
:10A240002868B0F85010207801EBC000801C296805
:10A2500001F5806131F81000C0F30900E061E169A7
:10A2600060690844606100212846FCF7CAFE95F841
:10A2700024000028CBD0A0690028C8D195F824007C
:10A2800040F080002968A1F84C00002085F82400E7
:10A29000A9E1FFE705F5B4742868B0F8008008F478
:10A2A000006030B32868B0F85010207801EBC0008F
:10A2B000801D296801F5806131F81000C0F30900A4
:10A2C000E061A18B8BB2E28805F52C71286803F060
:10A2D0000FFE00BF2968098840F68F7201EA02006C
:10A2E00040F080012A68118000BF2846FDF73DFD3F
:10A2F00079E108F40040002889D000BF2968098866
:10A3000040F68F7201EA020040F080012A68118055
:10A3100000BF2868B0F85010207800E06FE001EB33
:10A32000C000801D296801F5806131F81000C0F37C
:10A330000900E061E06990B1606980B1B4F81CC0C7
:10A340001FFA8CF3E2886169286803F0D1FDE169A6
:10A3500060690844606100212846FCF762FE2868B5
:10A36000008800F40060002892D100BF2A682968A4
:10A37000B1F850100A4402F20C41084600BF2369AC
:10A3800053B9038848F2FF3C03EA0C0303800388B7
:10A3900043F4004303801EE023693E2B0DD800BF29
:10A3A00023695908237C03F0010303B1491C4FF6CC
:10A3B000FF7303EA812303800DE000BF236959097D
:10A3C000237C03F01F0303B9491E4FF4004343EA03
:10A3D0008123038000BF00BF00BF00BF2968098838
:10A3E0004BF68F7201EA020080F4805080F4005036
:10A3F00040F4004141F080012A681180F3E07100CF
:10A40000286830F8118008F4004000287ED000BF92
:10A410007200296831F8121040F68F7201EA0200CA
:10A4200040F0800173002A6822F8131000BF06EB89
:10A43000860105F5B47000EBC104207BB0B9286833
:10A44000B0F85010207801EBC000801D296801F59C
:10A45000806131F81000C0F30907002F5BD0E2885B
:10A4600061693B46286803F043FD54E0E078022828
:10A4700006D1424621462846FCF756FE07464AE0EA
:10A4800000BF00BF22785200296831F8121048F648
:10A490008F7201EA020040F4004141F0C0012378CC
:10A4A0005B002A6822F8131000BF00BF2178490022
:10A4B000286830F8110000F48040A8B12868B0F88E
:10A4C0005010207801EBC000801C296801F58061E4
:10A4D00031F81000C0F30907EFB1228961693B46EA
:10A4E000286803F005FD16E02868B0F850102078C1
:10A4F00001EBC000801D296801F5806131F8100072
:10A50000C0F309073FB16289616900E017E03B468B
:10A51000286803F0EDFCE0693844E0616069384484
:10A520006061A06910B12069B84204D92178284639
:10A53000FCF777FD03E02146286802F0FEFE08F0F4
:10A540008000B0B306EB860105F1280000EBC104E2
:10A5500000BF7200296831F8121048F60F7201EA44
:10A56000020040F4004173002A6822F8131000BF73
:10A57000E078032807D0E07828B1E07802282DD1D0
:10A5800008F4807050BB2868B0F85010207801EBB8
:10A59000C000801C296801F5806131F81000C0F30B
:10A5A0000909A069484505D9A069A0EB0900A06187
:10A5B00002E018E00020A061A06920B921782846B7
:10A5C000FCF71FFD0FE0606948446061E0694844A2
:10A5D000E0612146286802F0B0FE04E042462146D0
:10A5E0002846FCF74DFE2868B0F8440000F400400F
:10A5F00000287FF40DAEBDE8F087704710B5022447
:10A6000005E00A49081904F0B5FD601CC4B207480A
:10A610004078401CA042F4DA05A004F039FF4FF462
:10A6200016710248FBF7A7F9002010BD7404002042
:10A630007B2252656365697665223A7B2253746199
:10A64000747573223A32362C2254797065223A227C
:10A65000506F735472616E73616374696F6E227DA3
:10A660007D0A00002DE9F04F91B007464FF0050834
:10A670004FF037094FF0160A01260024A346FD4883
:10A68000007810B101287DD135E10022FA49FB485C
:10A69000FEF7ACF80022FA49F848FEF749F8F64808
:10A6A0000078F8490870F4484078F7490870F24893
:10A6B0008078F6490870FCF779FB054617E100241D
:10A6C000F348007810B9C820F2490870FCF76EFB17
:10A6D000401BB0F57A6F08D9EFA004F0D9FEFBF764
:10A6E000DBFDFF2011B0BDE8F08F4AF6AA20EF494C
:10A6F000096808603846FFF78BF920B13846FFF744
:10A7000087F900B1F3E049464046FFF71FF970B101
:10A710003846FFF77DF920B13846FFF779F900B1E7
:10A72000E5E049464046FFF711F900B1DFE0494650
:10A730004046FFF70BF900287ED109A95046FFF7E4
:10A740005FF9002879D14AF6AA20D849096808603B
:10A75000002004E009A9095C4C40411CC8B20F2844
:10A76000F8DB9DF83300A04268D14AF6AA20CF4911
:10A77000096808609DF8310000287CD100248DF81C
:10A78000240000E0FAE18DF825008DF826008DF810
:10A790002700BB48C0788DF82800B94840788DF86C
:10A7A0002900B74880788DF82A00B34800788DF8E2
:10A7B0002B00B14840788DF82C00AF4880788DF898
:10A7C0002D0000208DF82E008DF82F008DF8300020
:10A7D00001208DF83100AF4800788DF8320000205C
:10A7E00004E009A9095C4C40411CC8B20F28F8DB01
:10A7F0008DF8334009A95046FFF730F9E0BB9D487A
:10A8000003789D4880789C4949789B4A1278CDE925
:10A810000603CDE904219A4881784078984AD27895
:10A820009C4B1B78CDE90032CDE90201A0480368BA
:10A83000A0480268A04902E04FE044E039E09F48A8
:10A8400003F012FD9D4804F023FE9148007860B1AA
:10A850004FF47A70FCF726F8FBF7BEFC642804D0AE
:10A860006420FCF71FF8FBF7B7FC4AF6AA208F49D3
:10A870000968086001E012E007E04FF47A70FCF725
:10A8800011F804F05DFC00202CE78148007808B145
:10A89000FBF702FD8AA004F0FBFDFF2022E77C48C5
:10A8A000007808B1FBF7F8FC8AA004F0F1FDFF2066
:10A8B00018E77748007808B1FBF7EEFC8AA004F0AF
:10A8C000E7FDFF200EE77248007808B1FBF7E4FCD3
:10A8D0008AA004F0DDFDFF2004E76D48007808B190
:10A8E000FBF7DAFC8AA004F0D3FDFF20FAE6002E85
:10A8F0007FF4E5AE46E1FCF759FA05463AE100245B
:10A90000FCF754FA401BB0F57A6F06D962A004F048
:10A91000BFFDFBF765F9FF20E4E64AF6AA2063498C
:10A92000096808603846FFF773F820B13846FFF72A
:10A930006FF800B11EE149464046FFF707F870B1D5
:10A940003846FFF765F820B13846FFF761F800B1E7
:10A9500010E149464046FEF7F9FF00B10AE14946D9
:10A960004046FEF7F3FF00287ED109A95046FFF7C5
:10A9700047F8002879D14AF6AA204C4909680860AE
:10A98000002004E009A9095C4C40411CC8B20F2812
:10A99000F8DB9DF83300A04268D14AF6AA2043496B
:10A9A000096808609DF83100012861D10024002069
:10A9B0008DF824008DF825008DF826008DF82700ED
:10A9C0009DF828002E49C8709DF8290048709DF810
:10A9D0002A0088709DF82B00274908709DF82C00EC
:10A9E00048709DF82D00887000208DF82E008DF89D
:10A9F0002F008DF830008DF831009DF832B000BF87
:10AA000004E009A9095C4C40411CC8B20F28F8DBDE
:10AA10008DF8334009A95046FFF720F838BB154898
:10AA200003781548807814494978134A1278CDE99B
:10AA30000603CDE904211248807811494978104A6B
:10AA4000D278CDE900B2CDE902101948036819485F
:10AA500002681949194803F007FC184804F018FD6A
:10AA60000B48007828B15DE07EE077E070E05EE0C2
:10AA700063E05AE00300002078000020A4080020D2
:10AA80007B000020540000205500002056000020CC
:10AA900018000020190000207B2243223A7B225319
:10AAA0007461747573223A317D7D0A009808002024
:10AAB000740000207000002084FA00086C07002059
:10AAC0007B2243223A7B22537461747573223A329B
:10AAD0007D7D0A007B2243223A7B22537461747588
:10AAE00073223A337D7D0A007B2243223A7B225334
:10AAF0007461747573223A347D7D0A007B2243228F
:10AB00003A7B22537461747573223A357D7D0A0055
:10AB10007B2243223A7B22537461747573223A3646
:10AB20007D7D0A000120194908700020DAE5AFF2A6
:10AB3000700004F0ADFCFF20D4E5AFF2680004F033
:10AB4000A7FC1348007808B1FBF7DAF8FF20C9E545
:10AB5000AFF26C0004F09CFCFF20C3E5AFF2640090
:10AB600004F096FCFF20BDE5AFF25C0004F090FC21
:10AB7000FF20B7E5002E7FF4C2AE03E005A004F08D
:10AB800087FC00BF00BF00BFACE5000067000020ED
:10AB9000180000207B22436F6E666967223A7B2291
:10ABA000537461747573223A33307D7D0A0000005E
:10ABB00001B582B06420012301AA02A900900348D4
:10ABC000FEF7ACF89DF804000EBD0000B8080020A8
:10ABD00008B508490968C9084FF47A72B1FBF2F167
:10ABE0004143009100BF00BF00994A1E0092002916
:10ABF000F9D108BD04010020014600BF080900EB9F
:10AC00008000420001F00F001044C0B2704770B5E0
:10AC100004460025FCF7CAF8054607E0FCF7C6F82D
:10AC2000401BB0F57A7F01D9032070BD20684068D1
:10AC300000F020000028F1D02068406840F01000AB
:10AC4000216848600020F0E770B5044600252068C0
:10AC5000406820F0100021684860FCF7A7F805461E
:10AC600007E0FCF7A3F8401BB0F57A7F01D9032079
:10AC700070BD2068406800F020000028F1D000205E
:10AC8000F6E730B5014600220023002400200D68BD
:10AC9000AD69AAB20D68ED69ACB20D68AD69ABB231
:10ACA0009A4205D00D68ED6963F31F45284601E01F
:10ACB00044EA024030BDF0B504460B4600210025B1
:10ACC00004F5FA61032B1BD2C3EBC30000EB0310A6
:10ACD0000926B0FBF6F01044001D4618481E06EB8E
:10ACE00090066427B0FBF7F0361A481EBF00B0FB91
:10ACF000F7F030440726B0FBF6F706FB17051AE01D
:10AD0000C3EBC30000EB03100926B0FBF6F01044C0
:10AD1000001D084400EB91006426B1FBF6F6801B91
:10AD20004FF4C876B1FBF6F63044801E0726B0FB20
:10AD3000F6F706FB1705E8B2F0BD70B504460D4600
:10AD400000262046FFF763FF08B101260AE0280C21
:10AD500021688861A8B22168C8612046FFF774FFA6
:10AD600000B10126304670BD70B504461448007825
:10AD700028B1002202211348FCF712F804E0002257
:10AD800010211048FCF70CF87E2101EA440141F043
:10AD90008000FFF70DFF0020FFF70AFF0546084877
:10ADA000007828B1012202210648FBF7F9FF04E0F0
:10ADB000012210210348FBF7F3FF284670BD000075
:10ADC0001800002000080140F8B504460D4616465C
:10ADD0002B46002280212046009600F009F828B179
:10ADE000606D40F0200060650320F8BD0020FCE7A6
:10ADF0002DE9F84F04460D4690461E46DDF8289092
:10AE0000FBF7D4FFA0EB0900371AFBF7CFFF824610
:10AE10002C480068C0F3CB307843009045E0701CAC
:10AE2000002842D0FBF7C2FFA0EB0A00B84200D2D4
:10AE3000A7BB2068406820F0E00021684860606897
:10AE4000B0F5827F0DD1A068B0F5004F03D0A068A7
:10AE5000B0F5806F05D12068006820F040002168BF
:10AE60000860A06AB0F5005F0DD100BF20680068DF
:10AE700020F40050216808602068006840F4005009
:10AE80002168086000BF012084F8510000BF002045
:10AE900084F8500000BF0320BDE8F88FFFE700985A
:10AEA00000B900270098401E009020688068284064
:10AEB000A84201D1012000E000204045AFD1002090
:10AEC000EAE7000004010020704770B505460C4613
:10AED0002846FFF749FF064646EA0401284603F0E4
:10AEE00097F970BD0146012901DB0120704701205F
:10AEF000024A02EB411290700020F7E7F81B002095
:10AF000070B504460D4629462046FBF741FF70BD4B
:10AF100070B504460D461646324629462046FBF7D4
:10AF20003FFF70BD70B500F0F9F80546002411E050
:10AF3000164800EB4410C07F15490978884208D1B3
:10AF400045FA04F202F00101104A02EB441000F04D
:10AF5000ABF8641C012CEBDB0D48007848B90024E9
:10AF600005E00A4901EB441000F01BF9641C012CB8
:10AF7000F7DB07480078401C054908700846007850
:10AF8000052801DB0020087070BD0000F81B0020C0
:10AF90001B020020F0B504460D461646059F012C05
:10AFA00001DB0120F0BD0020254901EB44110870B0
:10AFB000234901EB44118871214901EB4411487187
:10AFC0001F4901EB441148811D4901EB44114870B0
:10AFD0001B4901EB44118870194901EB44110871B8
:10AFE000174901EB4411C870154901EB4411C871B0
:10AFF000134901EB44110872124800EB8410104908
:10B0000001EB4411C8600E4800EB441083610C480A
:10B0100000EB441087830A4800EB441005610848A0
:10B0200000EB441086820020054901EB441188772B
:10B03000034901EB4411C877FFF754FF0020B1E743
:10B04000F81B0020181C002030B503460C46012BCD
:10B0500001DB012030BD134800EB4310007808B13C
:10B060000120F7E700200F4D05EB4315E8710D486F
:10B0700000EB43100272002106E0605C094D05EB15
:10B080004315ED686854491C9142F6DB0120054DDB
:10B0900005EB43152870034D05EB43156870002040
:10B0A000D8E70000F81B002010B58278002A33D0C2
:10B0B000827962B901B110BD002242718279521CBD
:10B0C00082710023C26820324489135524E08279BA
:10B0D000092A14DAC26820324389D25C01F00103E4
:10B0E0004479A3401A43D3B2C2682032448913552D
:10B0F0008279521C82714279521C42710CE0827931
:10B10000092A09D100228271827729B142891F2A36
:10B1100002DA4289521C428100BFCCE770B500269A
:10B1200000242CE0184A02EB4412918B164A02EBE1
:10B1300044129069FFF7E4FE0546134800EB441003
:10B140008079B0B9104800EB4410807F88B985B988
:10B150000E480078801C052190FBF1F201FB1200E3
:10B16000094901EB4411C8770120074901EB44115B
:10B17000887705F00100A0403043C6B2641C012C62
:10B18000D0DB304670BD0000F81B00201B02002001
:10B1900070B504460D46A18A2A462069FFF7B8FE1D
:10B1A00070BD10B50446607800283FD0207958B9AA
:10B1B000012020700020E07000212046FFF7E8FF0A
:10B1C0002079401C207131E02079092810DAE279D9
:10B1D000E068805CE278104100F001012046FFF752
:10B1E000D7FF2079401C2071E078401CE0701DE002
:10B1F0002079092807D101212046FFF7C9FF2079CE
:10B20000401C207112E020790A280FD10020207103
:10B21000E079401CE071207AE179884203DD012069
:10B220002070607002E000202070607010BD00008F
:10B2300010B5FBF7F1FD03480068401C01490860A8
:10B2400010BD00001400002000B593B0282109A80B
:10B25000FAF791FB142104A8FAF78DFB0020009067
:10B260000190029003900D2009904FF480300A90D5
:10B2700000200B9001200C900D900F900220109058
:10B28000C10311914FF4E011129109A8FDF71EF8C6
:10B2900008B1FBF721F80F20049002200590002050
:10B2A00006904FF48060079000200890022104A8C7
:10B2B000FCF7C0FE08B1FBF70FF8112000904FF427
:10B2C00080700190002003906846FCF719FE08B1D9
:10B2D000FBF702F8FCF774FF13B000BD0148024908
:10B2E000086070470058000808ED00E010B50348FA
:10B2F000FEF766F80148FDF796FF10BD1009002023
:10B3000010B50268184B984208D0B0F1804F05D0B4
:10B31000164B984202D0164B984203D122F070028D
:10B320004B681A43104B984208D0B0F1804F05D0BB
:10B330000E4B984202D00E4B984203D122F4407239
:10B34000CB681A4322F080034C6943EA040202608E
:10B350008B68C3620B688362034B984201D10B690F
:10B3600003630123436110BD002C01400004004031
:10B370000008004030B50C46816821F47F4142EA64
:10B38000032525432943816030BD0A46816821F0A9
:10B39000700142F0070319438160704730B50B46D6
:10B3A0001446026A056A25F001050562816921F0EB
:10B3B000F00141EA041122F00A021A43816102629B
:10B3C00030BD30B50B461446056A25F01005056200
:10B3D0008169026A21F4704141EA043122F0A0023D
:10B3E00042EA03128161026230BD70B505466C6AA3
:10B3F0000020E085E0842046FDF7F0FF70BD016885
:10B40000C96821F490710268D1600168496921F02E
:10B41000010102685161016B012905D10168C96808
:10B4200021F010010268D160202180F83E10002137
:10B430000163704710B504462068C06820F04000E2
:10B440002168C860202084F83D002046FEF764FA99
:10B45000002010BDF8B5044694F83E00222869D1BA
:10B46000A068B0F5805F0CD1206950B90025A66AAC
:10B4700020684068C0F308003080A06A801CA06289
:10B4800015E0A56A0026A068B0F5805F03D0A0682B
:10B4900028B9206918B920684068287004E020683D
:10B4A000406800F07F002870A06A401CA062E08D18
:10B4B000401E80B2E085A8BB2068C06820F0200054
:10B4C0002168C8602068C06820F480702168C86066
:10B4D0002068406920F0010021684861202084F83C
:10B4E0003E00206B01281ED1002020632068C06828
:10B4F00020F010002168C8602068006800F010008B
:10B5000010280AD100BF0020009020680068009039
:10B5100020684068009000BF00BFA18D2046FDF765
:10B520005CFF03E004E02046FEF78CF90020F8BD44
:10B530000020FCE70220FAE770B50446216809699B
:10B5400021F44051E2681143226811612269A16827
:10B550001143626941EA02052168C96841F20C623F
:10B56000914329432268D1602168496921F44071DF
:10B57000A2691143226851612D4A2168914202D18A
:10B58000FCF73AFE01E0FCF727FE00EBC00101EBFF
:10B59000001162689200B1FBF2F100EBC00202EB15
:10B5A000001263689B00B2FBF3F26423B2FBF3F278
:10B5B00002EBC20303EB0212A1EB8201322202EB87
:10B5C00001116422B1FBF2F101F0F00100EBC002C5
:10B5D00002EB001263689B00B2FBF3F26423B2FB40
:10B5E000F3F201EB021200EBC00101EB0011636802
:10B5F0009B00B1FBF3F100EBC00303EB00136668A3
:10B60000B600B3FBF6F36426B3FBF6F303EBC30615
:10B6100006EB0313A1EB8301322303EB0111642337
:10B62000B1FBF3F101F00F0111442268916070BD8C
:10B6300000380140014691F83D00212828D1886852
:10B64000B0F5805F0BD1086948B90A6A1088C0F369
:10B6500008000B685860086A801C086205E00B6AE5
:10B66000581C086218780B685860C88C401E80B25D
:10B67000C88458B90868C06820F080000B68D8609A
:10B680000868C06840F040000B68D8600020704730
:10B690000220FCE72DE9F04104460D461746984686
:10B6A000069E21E0701CF8B12EB1FBF77FFBA0EBEA
:10B6B0000800B04218D92068C06820F4D070216812
:10B6C000C8602068406920F001002168486120209E
:10B6D00084F83D0084F83E0000BF002084F83C0060
:10B6E00000BF0320BDE8F081206800682840A84220
:10B6F00001D1012000E00020B842D3D00020F1E7C2
:10B7000010B50248FDF76CFE10BD0000580900207E
:10B7100010B50E48FDF764FE0C480068006800F0A4
:10B720002000202811D10A480068C1B209480A4AFD
:10B73000126881540021024607480068401C1154D9
:10B7400005480068401C0449086010BD9C090020A1
:10B75000044400401C0200202800002010B50E48C0
:10B76000FDF73EFE0C480068006800F0200020282D
:10B7700010D10A4800680A490A4A12788854002100
:10B78000074A08480078401C115406480078401CBD
:10B790000449087010BD0000E00900200448004082
:10B7A00008070020600000202DE9F04104460D4606
:10B7B000D4F8B862D4F8C072D4F8B80278B305EB04
:10B7C000850104F1140000EB8100806808B305EBEB
:10B7D000850104F1140000EB810005EB850281680E
:10B7E00007F1280000EBC2000069B1FBF0F200FB9A
:10B7F000121070B9002105EB850204F1140000EB72
:10B800008200816000231A462946204600F0C4FECB
:10B8100002E00020C6F814020020BDE8F081FFE736
:10B820000220FAE770B504460E46D4F8B852314605
:10B83000204600F056FDC5F80C02D4F8B80248B115
:10B84000D5F80402D4F8BC12CA6805F50371904714
:10B85000002070BD0220FCE770B504460E460025AE
:10B860008121204600F057FC0021E16201212046A1
:10B8700000F051FC0021C4F86C118221204600F038
:10B880004AFC00212164D4F8B80250B1D4F8BC12AB
:10B8900048688047D4F8B80201F027F90020C4F8BE
:10B8A000B802284670BD70B50546D5F8B842D5F83F
:10B8B000BC0278B194F80002FF280BD094F8012262
:10B8C00094F80002D5F8BC128B6821469847FF20F7
:10B8D00084F80002002070BD01460A20088001485B
:10B8E000704700000C0100200146432008800148F9
:10B8F0007047000094010020014643200880014861
:10B900007047000050010020014643200880014894
:10B9100070470000D80100202DE9F04104460F4691
:10B920000026207C88B94FF4007302228121204632
:10B9300000F03EFD0121E1624B020222204600F0B0
:10B9400037FD0121C4F86C110FE040230222812150
:10B95000204600F02DFD0121E16240230222204615
:10B9600000F026FD0121C4F86C1108230322822176
:10B97000204600F01DFD012121644FF4077001F005
:10B98000B5F8C4F8B802D4F8B80208B901261CE02A
:10B99000D4F8B852D4F8BC12086880470020C5F823
:10B9A0001402C5F81802207C40B94FF4007301213D
:10B9B0002046D5F8042200F013FD06E040230121C3
:10B9C0002046D5F8042200F00BFD3046BDE8F0819A
:10B9D00070B50446D4F8B852D4F8B80298B1207CB7
:10B9E00040B94FF4007301212046D5F8042200F03D
:10B9F000F7FC06E0402301212046D5F8042200F0A0
:10BA0000EFFC002070BD0220FCE70246022011B1CD
:10BA1000C2F8BC12002070470246D2F8B832C3F810
:10BA200004120020704710B50346D3F8B842C4F89A
:10BA30000812C4F81022002010BD2DE9FC41054673
:10BA40000C46D5F8B86200200190009000272078BD
:10BA500000F0600040B320285FD1E088E0B120789A
:10BA600000F0800060B1E2886078D5F8BC128B6885
:10BA700031469847E2883146284600F0E6F812E061
:10BA8000607886F80002A07986F80102E2883146E3
:10BA9000284600F0B9F806E06078D5F8BC1200221C
:10BAA0008B68214698473EE0607820B10A2812D082
:10BAB0000B282AD11FE095F89C02032805D1022209
:10BAC0006946284600F0C1F804E02146284600F007
:10BAD0008FF802271FE095F89C02032805D1012268
:10BAE00001A9284600F0B1F804E02146284600F0FC
:10BAF0007FF802270FE095F89C02032804D0214626
:10BB0000284600F075F8022705E02146284600F097
:10BB10006FF8022700BF00BF05E02146284600F06D
:10BB200067F8022700BF00BF3846BDE8FC8170B54A
:10BB30000546D5F8B842D5F8B802A8B1D4F8140231
:10BB400080B90120C4F81402D4F810122963B4F8A3
:10BB5000100283B281212846D4F8082200F01CFD8F
:10BB6000002070BD0120FCE70220FAE770B5044612
:10BB70000D46D4F8B402294642682046904700207A
:10BB800070BD70B504460D4694F89C02012804D09F
:10BB9000022803D003280CD101E000BF00BF688851
:10BBA000012805D10020C4F8A402204600F05EF868
:10BBB00004E02946204600F01BF800BF00BF70BD1E
:10BBC00070B506460C4615462B46224600213046E7
:10BBD00000F006FC002070BD70B506460C46154608
:10BBE0002B4622460021304600F0D6FC002070BDD6
:10BBF00070B504460D468021204600F0A1FC0021CE
:10BC0000204600F09DFC70BD70B504460E461546FA
:10BC10000320C4F894024FF4AE700551001D055185
:10BC20002B4632460021204600F0DAFB002070BD92
:10BC300010B504460520C4F8940200231A4619469C
:10BC4000204600F0CDFB002010BD70B504460E4626
:10BC500015460220C4F89402E56125622B4632465F
:10BC60000021204600F098FC002070BD10B504466D
:10BC70000420C4F8940200231A461946204600F016
:10BC80008BFC002010BD000070B505460C462DB998
:10BC90002246064906A000F0D3F904E022460349F3
:10BCA00003A000F0CDF9014870BD0000E80C0020B1
:10BCB00043444320436F6E666967000002461220CA
:10BCC00008800148704700009C00002070B50546C0
:10BCD0000C462DB92246064906A000F0B1F904E051
:10BCE0002246034903A000F0ABF9014870BD0000F3
:10BCF000E80C002043444320496E7465726661631A
:10BD000065000000024604200880014870470000DA
:10BD1000B000002070B505460C462246024903A03B
:10BD200000F08EF9004870BDE80C00204A6168619F
:10BD30006E476F737461720070B505460C462DB97D
:10BD40002246064906A000F07BF904E0224603499A
:10BD500003A000F075F9014870BD0000E80C002058
:10BD60004A6168616E476F73746172506F727400DC
:10BD700070B505460C461A202080FAF7F5FC0148FC
:10BD800070BD0000B400002070B504460D46E88880
:10BD9000012804D029462046FFF72AFF1EE094F828
:10BDA0009C02012804D0022803D0032810D109E006
:10BDB00000BF0020A060012204F108012046FFF727
:10BDC00044FF0AE00122211D2046FFF73EFF04E068
:10BDD00029462046FFF70CFF00BF00BF70BDF8B535
:10BDE00004460E46002000900027002570880012AF
:10BDF000082875D2DFE800F0C7040C20C7C7A5B536
:10BE0000207CD4F8B0120A68694690470746C1E022
:10BE1000207C40B9D4F8B402816A68468847074656
:10BE20000220787007E0D4F8B402C16A68468847F7
:10BE3000074602207870ADE0B078062878D2DFE8B7
:10BE400000F00316293C5063D4F8B002406838B1C2
:10BE5000207CD4F8B0124A6869469047074605E04E
:10BE600031462046FFF7C4FE681CC5B267E0D4F82F
:10BE7000B002806838B1207CD4F8B0128A68694674
:10BE80009047074605E031462046FFF7B1FE681CA3
:10BE9000C5B254E0D4F8B002C06838B1207CD4F800
:10BEA000B012CA6869469047074605E03146204609
:10BEB000FFF79EFE681CC5B241E0D4F8B0020069ED
:10BEC00038B1207CD4F8B0120A6969469047074619
:10BED00005E031462046FFF78BFE681CC5B22EE018
:10BEE00051E0D4F8B002406938B1207CD4F8B012E7
:10BEF0004A6969469047074605E031462046FFF704
:10BF000077FE681CC5B21AE0D4F8B002806940B16F
:10BF1000207CD4F8B0128A6969469047074606E04B
:10BF200006E031462046FFF763FE681CC5B206E016
:10BF300031462046FFF75CFE681CC5B200BF00BF5B
:10BF400028E0207C30B9D4F8B402416B68468847B9
:10BF5000074605E031462046FFF74AFE681CC5B299
:10BF600018E0207C40B9D4F8B402016B68468847D9
:10BF700007460720787005E031462046FFF738FE77
:10BF8000681CC5B206E031462046FFF731FE681C4A
:10BF9000C5B200BF00BF05B1F8BDBDF8000088B153
:10BFA000F08878B1F088BDF80010884202DDBDF855
:10BFB000000000E0F0880090BDF8002039462046DF
:10BFC000FFF743FEF08810B92046FFF74FFE00BF91
:10BFD000E2E70146002002E0421CD0B2491C0A7888
:10BFE000002AF9D1704770B504460D4694F89C02BA
:10BFF000012804D0022803D003281AD101E000BF91
:10C0000000BFE888022804D029462046FFF7F0FD4B
:10C0100014E00120E060D4F8A40218B1E06840F018
:10C020000200E060022204F10C012046FFF70DFE41
:10C0300004E029462046FFF7DBFD00BF00BF70BDCE
:10C040002DE9F04104460D4617460026FCB1204676
:10C05000FFF7BFFF022101EB400038803A783046FD
:10C06000711CCEB22A5403223046711CCEB22A541F
:10C070000AE014F8012B3046711CCEB22A5400227B
:10C080003046711CCEB22A5420780028F1D1BDE888
:10C09000F0810146002031B1012906D0022906D0E5
:10C0A000032908D105E0002007E0022005E0012077
:10C0B00003E0022001E0022000BF00BF704770B51E
:10C0C00004460D4616460CB9022070BDD4F8B402E1
:10C0D00010B10020C4F8B4020DB1C4F8B052012070
:10C0E00084F89C022670204600F004F90020ECE75A
:10C0F0002DE9F04104460D46002600272946D4F8D4
:10C10000C002FAF7D3FF06463046FFF7C2FF0746E4
:10C110003846BDE8F0812DE9F04104460D46002681
:10C1200000272946D4F8C002FAF78BFF06463046AE
:10C13000FFF7AFFF07463846BDE8F0812DE9F04133
:10C1400004460E461746002E64D104F11405D4F8B7
:10C150009402022848D1D5E90301884210D9D5E9D3
:10C160000301401AE860A88982B239462046FFF7E9
:10C1700033FD00231A461946204600F031F93EE00F
:10C180002969A868B0FBF1F201FB1200B8B929696E
:10C19000A868884213D3A868D4F8981288420ED2AF
:10C1A000002211462046FFF717FD0020C4F8980230
:10C1B00000231A461946204600F012F91FE0D4F871
:10C1C000B402C06840B194F89C02032804D1D4F8AA
:10C1D000B402C168204688478021204600F0B0F9AB
:10C1E0002046FFF725FD0AE0D4F89402042802D087
:10C1F000D4F8940218B98021204600F0A1F994F8EF
:10C20000A002012818D1204600F0FAF9002084F895
:10C21000A00211E0D4F8B402406950B194F89C0235
:10C22000032806D1D4F8B40231464269204690472B
:10C2300002E00220BDE8F0810020FBE72DE9F0419B
:10C2400004460E461746BEBB04F5AA75D4F8940200
:10C25000032825D1D5E90301884210D9D5E9030186
:10C26000401AE860D5E90301884201D2E86800E09D
:10C27000286982B239462046FFF7A2FC2FE0D4F8A5
:10C28000B402006940B194F89C02032804D1D4F8A8
:10C29000B4020169204688472046FFF7E7FC1EE00C
:10C2A000D4F8940205281AD10020C4F89402002181
:10C2B000204600F045F912E0FFE7D4F8B4028069A7
:10C2C00050B194F89C02032806D1D4F8B402314648
:10C2D00082692046904702E00220BDE8F0810020FC
:10C2E000FBE770B504460D462946D4F8C002FBF7BB
:10C2F0005BFA70BD10B504461D48C0F8E842C4F8AA
:10C30000C0021C481A4908600820486002211848E9
:10C31000816000218161C1610162FBF71CFC08B1F1
:10C32000F9F7DAFF04F5307418230022114620686B
:10C33000FAF744FE5823002280212068FAF73EFED7
:10C34000C023002281212068FAF738FE4FF4887359
:10C35000002201212068FAF731FE2068A4F530742C
:10C360004FF4807300228221FAF728FE002010BDCE
:10C37000B8160020005C004010B50246D2F8C0326A
:10C3800001F08000802809D101F07F0000EB8004DB
:10C3900003F1280000EBC400807810BD01F07F009D
:10C3A00000EB800403F5B47000EBC4008078F4E780
:10C3B0002DE9F04704460F4615461E464FF000088B
:10C3C000C1462B4632463946D4F8C002FBF7F7F98E
:10C3D00080464046FFF75DFE81464846BDE8F0874F
:10C3E0002DE9F04704460D4616461F464FF000085B
:10C3F000C1463B4632462946D4F8C002FBF725FA2F
:10C4000080464046FFF745FE81464846BDE8F08736
:10C4100010B504464023002211462046FFF7C8FF0E
:10C4200001214FF4AC70015140214FF4B270015121
:10C430004023002280212046FFF7BAFF0121A1619D
:10C4400040216162012084F89C020020C4F894021B
:10C450006060C4F8A402D4F8B80228B12179D4F8F5
:10C46000B402426820469047002010BD014691F872
:10C470009C02042803D191F89D0281F89C020020BF
:10C48000704710B5044694F89C02032808D1D4F8EC
:10C49000B402C06920B1D4F8B402C169204688470B
:10C4A000002010BD02461174002070472DE9F041B4
:10C4B00004460D46002600272946D4F8C002FBF7A3
:10C4C00039FC06463046FFF7E4FD07463846BDE82E
:10C4D000F08170B504460D46294604F52A7000F037
:10C4E00073F80120C4F8940240F2AE20005BC4F857
:10C4F000980294F8A80200F01F0020B1012808D08B
:10C50000022812D10BE004F52A71204600F041F90F
:10C5100013E004F52A71204600F0A8FA0DE004F5B6
:10C520002A71204600F086F907E094F8A80200F08E
:10C530008001204600F004F800BF00BF002070BD5D
:10C540002DE9F04104460D46002600272946D4F87F
:10C55000C002FBF7A0F906463046FFF79AFD0746F2
:10C560003846BDE8F08170B5044600250026D4F8B1
:10C57000C002FBF703FC05462846FFF78AFD064686
:10C58000304670BD014691F89C0281F89D0204205E
:10C5900081F89C02002070472DE9F04704460D46C3
:10C5A00016461F464FF00008C1463B463246294614
:10C5B000D4F8C002FBF7B3F980464046FFF769FDA7
:10C5C00081464846BDE8F0870A7802704A78427092
:10C5D0008B78CA7803EB022242800B794A7903EB0D
:10C5E000022282808B79CA7903EB0222C2807047D3
:10C5F0000246002011B1C2F8B41200E002207047D8
:10C6000001460020704770B504460D46A88810BB4F
:10C61000E88800BB688880281DD2A87800F07F06D3
:10C6200094F89C02032804D129462046FFF7E0FA3B
:10C6300015E084F89E6231462046FFF737FF20461A
:10C64000FFF714FB1EB1022084F89C0207E00120D2
:10C6500084F89C0203E029462046FFF7C9FA70BD22
:10C6600070B504460D460226D4F8B40238B1D4F8A9
:10C67000B402294602682046904700B90026304699
:10C6800070BD000070B504460D46A87836490870A4
:10C6900008460078012804DD29462046FFF7A8FA5D
:10C6A00060E094F89C02022802D003284FD11CE0DD
:10C6B0002D480078A8B12C4800786060032084F8E9
:10C6C0009C02294801782046FFF7CAFF022804D1BE
:10C6D00029462046FFF78CFA70BD2046FFF7C6FAC0
:10C6E00002E02046FFF7C2FA3BE01F48007870B92D
:10C6F000022084F89C021C48007860601A48017887
:10C700002046FFF733FA2046FFF7B0FA1EE016493D
:10C7100009786068884216D021792046FFF726FA0A
:10C72000114800786060104801782046FFF798FFB4
:10C73000022804D129462046FFF75AFACCE72046C2
:10C74000FFF794FA02E02046FFF790FA09E0294645
:10C750002046FFF74DFA044801782046FFF706FA15
:10C7600000BF00BF00BFB7E70801002070B5054655
:10C770000C466088012804D1C5F8A4022846FFF7BA
:10C7800075FA70BD10B504462046FFF7ECFE002098
:10C7900010BD70B505460C460026207800F06000FC
:10C7A00060B1202802D040283CD100E000BFD5F87D
:10C7B000B402214682682846904738E060780A280B
:10C7C00029D2DFE800F01923281E280A0528140FB3
:10C7D00021462846FFF703FB22E021462846FFF7C3
:10C7E00012FF1DE021462846FFF74CFF18E02146C6
:10C7F0002846FFF7C9FA13E021462846FFF7F3FB66
:10C800000EE021462846FFF7B1FF09E02146284601
:10C81000FFF7B7F904E021462846FFF7E9F900BF22
:10C8200000BF04E021462846FFF7E2F900BF00BF41
:10C83000304670BD2DE9F04105460E464FF0000828
:10C840003479307800F0600060B1202802D04028B0
:10C8500071D100E000BFD5F8B402314682682846A5
:10C86000904700E1307800F06000202809D1D5F829
:10C87000B402314682682846904780464046BDE86B
:10C88000F081707800285ED001282FD0032876D15F
:10C8900095F89C02022802D0032820D110E054B160
:10C8A000802C08D021462846FFF74AFE80212846E2
:10C8B000FFF746FE03E031462846FFF799F913E0FB
:10C8C000708840B93CB1802C05D0F08818B9214659
:10C8D0002846FFF735FE2846FFF7C8F904E0314641
:10C8E0002846FFF785F900BF00BFB5E095F89C0228
:10C8F000022802D003281FD110E054B1802C08D0A8
:10C9000021462846FFF71CFE80212846FFF718FE27
:10C9100003E031462846FFF76BF912E0708848B90A
:10C9200004F07F0018B121462846FFF7E1FB2846B6
:10C93000FFF79CF905E091E031462846FFF758F9EA
:10C9400000BF00BF88E095F89C02022802D00328AF
:10C9500076D126E034B1802C04D031462846FFF74A
:10C9600047F972E004F08000802809D104F07F00CC
:10C9700000EB800105F1140000EB810008E066E0A7
:10C9800004F07F0000EB800105F5AA7000EB810048
:10C99000074600203860022239462846FFF755F93D
:10C9A00053E004F0800080280ED104F00F0000EB6B
:10C9B000800105F1140000EB8100406898B9314610
:10C9C0002846FFF715F940E004F00F0000EB800166
:10C9D00005F5AA7000EB8100406820B93146284671
:10C9E000FFF706F931E004F08000802808D104F058
:10C9F0007F0000EB800105F1140000EB810007E0EF
:10CA000004F07F0000EB800105F5AA7000EB8100C7
:10CA100007460CB1802C02D10020386009E0214685
:10CA20002846FFF7A9FC10B10120386001E0002082
:10CA30003860022239462846FFF707F905E0FFE78C
:10CA400031462846FFF7D4F800BF00BF04E0314666
:10CA50002846FFF7CDF800BF00BF04E03146284666
:10CA6000FFF7C6F800BF00BF404608E770B50546AF
:10CA70000C460026207800F0600030B1202802D05B
:10CA800040282AD100E000BF00BF95F89C02012891
:10CA900004D0022803D0032818D101E000BF00BF52
:10CAA000207901280DDCD5F8B40221468268284699
:10CAB00090470646E08840B93EB92846FFF7D6F8C9
:10CAC00003E021462846FFF793F804E02146284674
:10CAD000FFF78EF800BF00BF04E021462846FFF7AD
:10CAE00087F800BF00BF002070BD704701460148B5
:10CAF00070470000A4190020F0B50246002608780F
:10CB0000400032F8100048F68F1400EA0403C87899
:10CB100030B101280CD0022805D003280BD104E045
:10CB200043F4007309E000BF07E043F4C06304E08E
:10CB300043F4806301E0012600BF00BF43F40040DE
:10CB400040F080000C78640022F8140000BF0C78DC
:10CB5000640032F8144048F68F752C400D7844EA92
:10CB6000050040F4004444F080040D786D0022F884
:10CB7000154000BF087B00287ED14878002852D09D
:10CB800000BF1046B2F8505028440D7800F5806779
:10CB900007EB0514CD886D106D00258000BF00BF28
:10CBA0000C78640032F8140000F040048CB100BF2F
:10CBB0000D786D0032F8155048F68F7705EA0704B6
:10CBC00044F4004545F0C0050F787F0022F8175067
:10CBD00000BF00BFC878012813D000BF0C786400E4
:10CBE00032F8144048F6BF7504EA050080F02000D2
:10CBF00040F4004444F080040D786D0022F81540A4
:10CC00009EE100BF0C78640032F8144048F6BF750E
:10CC100004EA050040F4004444F080040D786D00FF
:10CC200022F815408CE100BF1046B2F8505028445D
:10CC30000D78042707EBC50500F5806707EB450471
:10CC4000CD886D106D00258000BF00BF1546B2F87D
:10CC5000504025440C78062707EBC40405F580678F
:10CC600007EB4404204600BF0F6967B9078848F204
:10CC7000FF3C07EA0C0700E057E00780078847F40D
:10CC8000004707801EE00F693E2F0DD800BF0F69D7
:10CC90007C080F7C07F0010707B1641C4FF6FF7793
:10CCA00007EA842707800DE000BF0F697C090F7C2D
:10CCB00007F01F0707B9641E4FF4004747EA8427AF
:10CCC000078000BF00BF00BF00BF0C78640032F8CF
:10CCD000140000F480448CB100BF0D786D0032F870
:10CCE000155048F68F7705EA070444F4004545F4EB
:10CCF00081450F787F0022F8175000BF00BF00BFAA
:10CD00000C78640032F814404BF68F7504EA050085
:10CD100080F4805080F4005040F4004444F08004DB
:10CD20000D786D0022F815400AE100BF0C78640010
:10CD300032F8144048F68F7504EA050040F40044C8
:10CD400044F4C0740D786D0022F8154000BF00BF98
:10CD500000BF00BF1046B2F8505028440D7800F5CF
:10CD6000806707EB05140D896D106D00258000BFED
:10CD700000BF00BF00BF1046B2F8505028440D78E5
:10CD8000042707EBC50500F5806707EB45044D89CF
:10CD90006D106D00258000BF00BF00BF48780028DF
:10CDA0005DD100BF0C78640032F8140000F48044B8
:10CDB0008CB100BF0D786D0032F8155048F68F77B2
:10CDC00005EA070444F4004545F481450F787F00E7
:10CDD00022F8175000BF00BF00BF0C78640032F883
:10CDE000140000F040048CB100BF0D786D0032F8E3
:10CDF000155048F68F7705EA070444F4004545F0DE
:10CE0000C0050F787F0022F8175000BF00BF00BF99
:10CE10000C78640032F814404BF68F7504EA050074
:10CE200080F4805080F4005040F4004444F08004CA
:10CE30000D786D0022F8154000BF00BF0C7864002B
:10CE400032F8144048F6BF7504EA050040F4004487
:10CE500044F080040D786D0022F8154070E000BFAA
:10CE60000C78640032F8140000F480448CB100BFE8
:10CE70000D786D0032F8155048F68F7705EA0704F3
:10CE800044F4004545F481450F787F0022F817509F
:10CE900000BF00BF00BF0C78640032F8140000F03F
:10CEA00040048CB100BF0D786D0032F8155048F683
:10CEB0008F7705EA070444F4004545F0C0050F7874
:10CEC0007F0022F8175000BF00BFC878012813D098
:10CED00000BF0C78640032F8144048F6BF7504EACD
:10CEE000050080F0200040F4004444F080040D78F8
:10CEF0006D0022F8154011E000BF0C78640032F894
:10CF0000144048F6BF7504EA050040F4004444F0BC
:10CF100080040D786D0022F8154000BF00BF0C782A
:10CF2000640032F814404BF68F7504EA050040F4B3
:10CF3000004444F080040D786D0022F8154000BFD5
:10CF40003046F0BD10B50446002010BD30B5024695
:10CF5000087B00285BD1487860B300BF0B785B008A
:10CF600032F8130000F040038BB100BF0C7864006E
:10CF700032F8144048F68F7504EA050343F4004480
:10CF800044F0C0040D786D0022F8154000BF00BFCA
:10CF900000BF0B785B0032F8133048F6BF7403EA29
:10CFA000040040F4004343F080030C78640022F84E
:10CFB000143007E100BF0B785B0032F8130000F477
:10CFC00080438BB100BF0C78640032F8144048F6FF
:10CFD0008F7504EA050343F4004444F481440D785A
:10CFE0006D0022F8154000BF00BF00BF0B785B004A
:10CFF00032F813304BF68F7403EA040040F4004318
:10D0000043F080030C78640022F81430DAE04878AA
:10D0100000286BD100BF0B785B0032F8130000F4DE
:10D0200080438BB100BF0C78640032F8144048F69E
:10D030008F7504EA050343F4004444F481440D78F9
:10D040006D0022F8154000BF00BF00BF0B785B00E9
:10D0500032F8130000F040038BB100BF0C7864007D
:10D0600032F8144048F68F7504EA050343F400448F
:10D0700044F0C0040D786D0022F8154000BF00BFD9
:10D0800000BF0B785B0032F8133048F68F7403EA68
:10D09000040040F4004343F0C0030C78640022F81D
:10D0A000143000BF00BF0B785B0032F813304BF632
:10D0B0008F7403EA040040F4004343F080030C78CB
:10D0C000640022F8143000BF00BF0B785B0032F818
:10D0D000133048F6BF7403EA040040F4004343F001
:10D0E00080030C78640022F814306BE000BF0B78EA
:10D0F0005B0032F8130000F480438BB100BF0C7862
:10D10000640032F8144048F68F7504EA050343F4CE
:10D11000004444F481440D786D0022F8154000BFAE
:10D1200000BF00BF0B785B0032F8130000F0400333
:10D130008BB100BF0C78640032F8144048F68F754C
:10D1400004EA050343F4004444F0C0040D786D0084
:10D1500022F8154000BF00BF00BF0B785B0032F81B
:10D16000133048F68F7403EA040040F4004343F49C
:10D1700081430C78640022F8143000BF00BF0B78A4
:10D180005B0032F8133048F6BF7403EA040040F441
:10D19000004343F080030C78640022F8143000BF91
:10D1A00000BF0B785B0032F813304BF68F7403EA44
:10D1B000040040F4004343F080030C78640022F83C
:10D1C000143000BF002030BD0146002070470146EA
:10D1D0000020704710B50446012024F8400F0020BD
:10D1E0002080A0802082403C10BD01464FF43F4289
:10D1F000B1F840009043A1F840000020704702467B
:10D200000020704730B50246087B002865D1487879
:10D2100088B300BF0B785B0032F8130000F04003C6
:10D220008BB100BF0C78640032F8144048F68F755B
:10D2300004EA050343F4004444F0C0040D786D0093
:10D2400022F8154000BF00BFC878012845D000BFB4
:10D250000B785B0032F8133048F6BF7403EA040021
:10D2600080F0200040F4004343F080030C78640019
:10D2700022F8143031E0FFE700BF0B785B0032F892
:10D28000130000F480438BB100BF0C78640032F8C7
:10D29000144048F68F7504EA050343F4004444F44F
:10D2A00081440D786D0022F8154000BF00BF00BF1B
:10D2B0000B785B0032F813304BF68F7403EA0400EE
:10D2C00080F4805080F4005040F4004343F0800329
:10D2D0000C78640022F8143000BF002030BD10B577
:10D2E0000246487898B100BF0B785B0032F81330E3
:10D2F00048F6BF7403EA040080F0100040F40043D5
:10D3000043F080030C78640022F8143013E000BF6F
:10D310000B785B0032F813304BF68F7403EA04008D
:10D3200080F4805040F4004343F080030C786400A4
:10D3300022F8143000BF002010BD2DE9F04706464A
:10D340000C466078012876D12169A069884201D90C
:10D35000256900E0A569207BA0B9ABB2E288304620
:10D36000616900F0F4FD00BF3046B6F8502010446B
:10D370002278022303EBC20200F5806303EB420133
:10D380000D8081E3E07802287DD12169206A8842FE
:10D390007AD900BF2178490036F8111048F68F720B
:10D3A00001EA020040F4004141F4C07122785200C9
:10D3B00026F8121000BF206A401B2062207840002F
:10D3C00036F8100000F0400000287DD000BF334642
:10D3D000607888BB00BF3246B6F850100A44217806
:10D3E0004FF0060909EBC10102F5806909EB410123
:10D3F000084600BF75B9B0F8009048F2FF3A09EA54
:10D400000A09A0F80090B0F8009049F40049A0F88B
:10D41000009021E03E2D10D800BF690805F00109F9
:10D42000B9F1000F00D0491C4FF6FF7909EA8129B4
:10D43000A0F8009010E03DE310E000BF690905F09E
:10D440001F09B9F1000F00D1491E4FF4004949EA04
:10D450008129A0F8009000BF00BF0FE0607801288C
:10D460000CD1B6F8500003442078062101EBC0002F
:10D4700003F5806101EB400CACF8005000BF6789F8
:10D48000ABB23A4601E057E12CE13046616900F069
:10D490005EFD6069284460612169206A884203D981
:10D4A000206A401B206202E0256A0020206200BF43
:10D4B0006078C0BB00BF3246B6F850100A442178ED
:10D4C000022303EBC10100E049E002F5806303EBB6
:10D4D0004101084600BF55B9038848F2FF3C03EA02
:10D4E0000C030380038843F40043038019E03E2DBE
:10D4F0000BD800BF690805F0010303B1491C4FF6C2
:10D50000FF7303EA812303800BE000BF690905F084
:10D510001F0303B9491E4FF4004343EA81230380EC
:10D5200000BF00BF12E0FFE7607801280ED100BF06
:10D530003046B6F8502010442278022303EBC20292
:10D5400000F5806303EB42010D8000BF00BF278917
:10D55000ABB23A463046616900F0F9FC94E200BF94
:10D560006078B0BB00BF3246B6F850100A4421784C
:10D57000022303EBC10102F5806303EB410108467E
:10D5800000BF55B9038848F2FF3C03EA0C0303804F
:10D59000038843F40043038019E03E2D0BD800BFFD
:10D5A000690805F0010303B1491C4FF6FF7303EA54
:10D5B000812303800BE000BF690905F01F0303B955
:10D5C000491E4FF4004343EA8123038000BF00BF9C
:10D5D00012E0FFE7607801280ED100BF3046B6F8B0
:10D5E000502010442278022303EBC20200F580632E
:10D5F00003EB42010D8000BF00BF2789ABB23A4662
:10D600003046616900F0A3FC6069284460612169CB
:10D61000206A884203D9206A401B206202E0256A02
:10D620000020206200BF3346607880BB00BF3246D6
:10D63000B6F850100A4421784FF0060909EBC101F1
:10D6400002F5806909EB4101084600BF75B9B0F8E1
:10D65000009048F2FF3A09EA0A09A0F80090B0F8F1
:10D66000009049F40049A0F8009020E03E2D0FD82A
:10D6700000BF690805F00109B9F1000F00D0491C8D
:10D680004FF6FF7909EA8129A0F800900FE010E039
:10D6900000BF690905F01F09B9F1000F00D1491E4B
:10D6A0004FF4004949EA8129A0F8009000BF00BF6B
:10D6B0000FE0607801280CD1B6F8500003442078C0
:10D6C000062101EBC00003F5806101EB400CACF8D2
:10D6D000005000BF6789ABB23A463046616900F03E
:10D6E00036FCD1E1256A00BF2178490036F81110D7
:10D6F00048F68F6201EA020040F4004141F08001E7
:10D700002278520026F8121000BF00BF3046B6F84B
:10D71000502010442278022303EBC20200F58063FC
:10D7200003EB42010D8000BF2789ABB23A46304679
:10D73000616900F00CFCA7E100BF2178490036F8D0
:10D74000111048F68F7201EA020040F4004141F4E2
:10D75000C0712278520026F8121000BF206A401BC8
:10D7600020622078400036F8100000F040000028C9
:10D770007DD000BF3346607880BB00BF3246B6F82C
:10D7800050100A4421784FF0060909EBC10102F557
:10D79000806909EB4101084600BF75B9B0F80090F7
:10D7A00048F2FF3A09EA0A09A0F80090B0F80090A0
:10D7B00049F40049A0F8009020E03E2D0FD800BFAA
:10D7C000690805F00109B9F1000F00D0491C4FF6B6
:10D7D000FF7909EA8129A0F800900FE010E000BF6E
:10D7E000690905F01F09B9F1000F00D1491E4FF476
:10D7F000004949EA8129A0F8009000BF00BF0FE06E
:10D80000607801280CD1B6F8500003442078062136
:10D8100001EBC00003F5806101EB400CACF8005057
:10D8200000BF6789ABB23A463046616900F08FFBB2
:10D830006069284460612169206A884203D9206AAE
:10D84000401B206202E0256A00202062002D56D095
:10D8500000BF6078C0BB00BF3246B6F850100A4423
:10D860002178022303EBC10102F5806300E047E069
:10D8700003EB4101084600BF55B9038848F2FF3C5D
:10D8800003EA0C030380038843F40043038019E098
:10D890003E2D0BD800BF690805F0010303B1491CF8
:10D8A0004FF6FF7303EA812303800BE000BF690991
:10D8B00005F01F0303B9491E4FF4004343EA8123D7
:10D8C000038000BF00BF12E0FFE7607801280ED19F
:10D8D00000BF3046B6F8502010442278022303EBF4
:10D8E000C20200F5806303EB42010D8000BF00BF60
:10D8F0002789ABB23A463046616900F028FBC3E0A5
:10D9000000BF6078B0BB00BF3246B6F850100A4482
:10D910002178022303EBC10102F5806303EB41018F
:10D92000084600BF55B9038848F2FF3C03EA0C03E0
:10D930000380038843F40043038019E03E2D0BD895
:10D9400000BF690805F0010303B1491C4FF6FF73DE
:10D9500003EA812303800BE000BF690905F01F0380
:10D9600003B9491E4FF4004343EA8123038000BFFB
:10D9700000BF12E0FFE7607801280ED100BF3046FB
:10D98000B6F8502010442278022303EBC20200F5BF
:10D99000806303EB42010D8000BF00BF2789ABB25B
:10D9A0003A463046616900F0D2FA60692844606105
:10D9B0002169206A884203D9206A401B206202E064
:10D9C000256A00202062A5B300BF3346607888BB7B
:10D9D00000BF3246B6F850100A4421784FF00609CD
:10D9E00009EBC10102F5806909EB4101084600BF5E
:10D9F00075B9B0F8009048F2FF3A09EA0A09A0F8B0
:10DA00000090B0F8009049F40049A0F8009021E09F
:10DA10003E2D10D800BF690805F00109B9F1000FCB
:10DA200000D0491C4FF6FF7909EA8129A0F800903F
:10DA300010E029E010E000BF690905F01F09B9F105
:10DA4000000F00D1491E4FF4004949EA8129A0F88E
:10DA5000009000BF00BF0FE0607801280CD1B6F83D
:10DA6000500003442078062101EBC00003F58061DB
:10DA700001EB400CACF8005000BF6789ABB23A46EE
:10DA80003046616900F063FA00BF2178490036F83A
:10DA9000111048F6BF7201EA020080F0100080F019
:10DAA000200040F4004141F080012278520026F825
:10DAB000121005E2207BA0BB2169A069884204D92D
:10DAC0002569A069401BA06102E0A5690020A06152
:10DAD00000BF3246B6F850100A442178062303EB03
:10DAE000C10102F5806303EB4101084600BF55B94F
:10DAF000038848F2FF3C03EA0C030380038843F4E5
:10DB0000004303801AE03E2D0CD800BF690805F0E1
:10DB1000010303B1491C4FF6FF7303EA812303801D
:10DB20000CE00DE000BF690905F01F0303B9491EB1
:10DB30004FF4004343EA8123038000BF00BFA9E103
:10DB4000E07802287DD100BF00BF6078E0BB00BF55
:10DB50003246B6F850100A442178022303EBC10183
:10DB600002F5806303EB4101084600BF236953B906
:10DB7000038848F2FF3C03EA0C030380038843F464
:10DB8000004303801EE023693E2B0DD800BF2369AC
:10DB90005908237C03F0010303B1491C4FF6FF73BE
:10DBA00003EA812303800DE000BF23695909237C28
:10DBB00003F01F0303B9491E4FF4004343EA8123D6
:10DBC000038000BF00BF13E0FFE7607801280FD19A
:10DBD00000BF3046B6F8502010442278022303EBF1
:10DBE000C20200F5806303EB4201228A0A8000BF73
:10DBF00000BF00BF33466078E8BB00BF3246B6F8CE
:10DC000050100A4421784FF0060909EBC10102F5D2
:10DC1000806909EB4101084600BFD4F81090B9F1C2
:10DC2000000F0FD1B0F8009048F2FF3A09EA0A0954
:10DC3000A0F80090B0F8009049F40049A0F80090D6
:10DC40002EE06BE0D4F81090B9F13E0F14D800BF6D
:10DC5000D4F810904FEA590194F8109009F0010996
:10DC6000B9F1000F00D0491C4FF6FF7909EA81296C
:10DC7000A0F8009014E015E000BFD4F810904FEA2F
:10DC8000591194F8109009F01F09B9F1000F00D153
:10DC9000491E4FF4004949EA8129A0F8009000BFCD
:10DCA00000BF10E0607801280DD1B6F850000344A1
:10DCB0002078062101EBC00003F5806101EB400CE8
:10DCC000208AACF8000000BF00BFE069002824D023
:10DCD0002078400036F8108008F4804010B108F039
:10DCE000400038B908F48040002816D108F0400000
:10DCF000002812D100BF00BF2178490036F811106A
:10DD000048F68F7201EA020040F4004141F0C00180
:10DD10002278520026F8121000BFBBE0E0780128FC
:10DD20007CD12169A069884204D92569A069401B7A
:10DD3000A06102E0A5690020A06100BF00BF60787B
:10DD4000B0BB00BF3246B6F850100A442178022317
:10DD500003EBC10102F5806303EB4101084600BFFC
:10DD600055B9038848F2FF3C03EA0C03038003889B
:10DD700043F40043038019E03E2D0BD800BF69082F
:10DD800005F0010303B1491C4FF6FF7303EA812339
:10DD900003800BE000BF690905F01F0303B9491EAA
:10DDA0004FF4004343EA8123038000BF00BF12E029
:10DDB000FFE7607801280ED100BF3046B6F850204A
:10DDC00010442278022303EBC20200F5806303EBC8
:10DDD00042010D8000BF00BF00BF3346607890BB9A
:10DDE00000BF3246B6F850100A4421784FF00609B9
:10DDF00009EBC10102F5806909EB4101084600BF4A
:10DE000085B9B0F8009048F2FF3A09EA0A09A0F88B
:10DE10000090B0F8009049F4004900E037E0A0F825
:10DE2000009020E03E2D0FD800BF690805F00109E1
:10DE3000B9F1000F00D0491C4FF6FF7909EA81299A
:10DE4000A0F800900FE010E000BF690905F01F097D
:10DE5000B9F1000F00D1491E4FF4004949EA812968
:10DE6000A0F8009000BF00BF0FE0607801280CD13F
:10DE7000B6F8500003442078062101EBC00003F5FA
:10DE8000806101EB400CACF8005000BF02E00120C3
:10DE9000BDE8F08700BF2178490036F811104BF635
:10DEA0008F7201EA020080F4805080F4005040F448
:10DEB000004141F080012278520026F8121000BF84
:10DEC0000020E5E701460020A1F844004FF43F425E
:10DED000A1F840207047000010B50248F9F74AFD4C
:10DEE00010BD0000B81600200146B1F8440070478C
:10DEF0002DE9F04304460E4615464FEA530CA04662
:10DF0000304608F5806909EB450267460AE011884A
:10DF1000921C0170401C4FEA112980F80090401CAF
:10DF2000921C7F1E002FF2D103F00109B9F1000FFE
:10DF300001D011880170BDE8F083024600207047CF
:10DF4000024611B98020A2F84C00002070472DE94C
:10DF5000F04704460D461E4606F1010A4FEA5A08EC
:10DF6000A146284609F5806A0AEB420347460BE0C2
:10DF700090F800C0401C90F800A04CEA0A211980DB
:10DF80009B1C9B1C401C7F1E002FF1D1BDE8F0871D
:10DF900000BFFEE738B5052000901420F8F782FC9A
:10DFA0000020044616E00D48005D062803D00B480B
:10DFB000005D15280BD10948055D00F055FB0A23CB
:10DFC000012269460648FBF73EFC284638BD601C26
:10DFD000C0B204461E2CE6DB00BFF7E708070020AE
:10DFE000E009002070B564263220F8F75BFC1B487E
:10DFF000007808B9002070BD18480078082801DAB8
:10E000000020F8E716484078532801D00020F2E7B6
:10E0100013488078462801D00020ECE7104880792A
:10E02000032801D00020E6E70025002403E00C4887
:10E03000005D4540641C072CF9D30948C079A8420B
:10E0400001D00020D7E70648C478240200790444B0
:10E0500024020348407904442046CCE760000020B5
:10E06000080700202DE9F0418AB040A001F010FA25
:10E070000524372516260127F8F798FE804670E01C
:10E08000F8F794FEA0EB080041F28831884206D9E7
:10E0900044A001F0FDF9FF200AB0BDE8F0814AF686
:10E0A000AA204549096808606846FBF7B1FC20B121
:10E0B0006846FBF7ADFC00B153E029462046FBF76C
:10E0C00045FC70B16846FBF7A3FC20B16846FBF73E
:10E0D0009FFC00B145E029462046FBF737FC00B124
:10E0E0003FE029462046FBF731FC002834D14AF6B0
:10E0F000AA2031490968086000208DF808008DF8D1
:10E1000009008DF80A008DF80B008DF80C008DF8D1
:10E110000D008DF80E008DF80F008DF810008DF8B1
:10E1200011008DF812008DF813008DF814008DF891
:10E1300015008DF816008DF8170002A93046FBF780
:10E140008DFC20B91DA001F0A3F90020A4E726A0B2
:10E1500001F09EF9FF209FE728A001F099F9FF2028
:10E160009AE7002F8CD100BF96E700007B22526512
:10E170006365697665223A7B2253746174757322F4
:10E180003A32367D2C2243223A7B22547970652222
:10E190003A225772697465457869744D6F646522D7
:10E1A0007D7D0A007B2243223A7B22537461747581
:10E1B00073223A317D7D0A00980800207B22432299
:10E1C0003A7B22537461747573223A302C2254794D
:10E1D0007065223A225772697465457869744D6F8B
:10E1E0006465227D7D0A00007B2243223A7B225314
:10E1F0007461747573223A327D7D0A007B2243225A
:10E200003A7B22537461747573223A337D7D0A0020
:10E2100070B504460D461248007828B1002202214C
:10E220001048F8F7BDFD04E0002210210D48F8F772
:10E23000B7FD7E2101EA4400FCF7BAFC2846FCF752
:10E24000B7FC0748007828B1012202210548F8F7F9
:10E25000A7FD04E0012210210248F8F7A1FD70BDDE
:10E2600018000020000801400FB4084B10B504A9A5
:10E2700002AA039800F038F8044602A9002000F032
:10E28000D4F9204610BC5DF814FB00002BE6000812
:10E2900002480068C0F30220704700000CED00E067
:10E2A00010B5002804DB0A07130E054A135406E0D4
:10E2B0000A07140E034A00F00F031B1FD45410BDAD
:10E2C00000E400E018ED00E002E008C8121F08C1F9
:10E2D000002AFAD170477047002001E001C1121FE7
:10E2E000002AFBD1704700002DE9FF4F8BB0884614
:10E2F0000546002606E025280BD0DDE90D129047E3
:10E300006D1C761C28780028F5D10FB03046BDE88A
:10E31000F08F0024A146A2460122AE4900E004434A
:10E3200015F8013F203B02FA03F00842F7D12878A4
:10E330002A2810D06FF02F022878A0F13001092987
:10E3400015D809EB890102EB410144F0020400EB0E
:10E3500001096D1CF0E758F8041B5FEA010903D5B9
:10E3600044F40054C9F1000944F002046D1C2878FB
:10E370002E2817D115F8010F44F004042A280ED0D6
:10E380006FF02F022878A0F1300109290AD80AEB92
:10E390008A0102EB410100EB010A6D1CF2E758F81B
:10E3A00004AB6D1C28786C280FD006DC4C2817D0E5
:10E3B00068280DD06A2814D104E0742810D07A2877
:10E3C0000FD10DE044F400140AE044F4801401E09D
:10E3D00044F440146978814202D104F580146D1C24
:10E3E0006D1C2878692865D006DC00288DD063284C
:10E3F00027D0642806D15DE06E2808D073282AD083
:10E40000752877D0DDE90D129047761CE0E0C4F363
:10E410000250022809D003280DD0D8F80010042893
:10E420000DD00E6008F10408D2E0D8F80010F21701
:10E43000C1E90062F6E7D8F800100E80F2E70E702E
:10E44000F0E718F8041B8DF8001000208DF801008B
:10E45000EB46012003E058F804BB4FF0FF306107A2
:10E460004FF0000701D40AE07F1C57450DDA8742C0
:10E47000FADB1BF807100029F6D106E07F1C874263
:10E48000FCDB1BF807100029F8D1DDE90D23A9EB0F
:10E4900007008146214600F0B1F83044C61904E077
:10E4A000DDE90D121BF8010B90477F1EF8D22146C3
:10E4B000484688E058F8040BC4F302514FF00A0BA9
:10E4C000032900D100B2042900D140B2002802DAA9
:10E4D00040422D2102E0210505D52B218DF8241085
:10E4E000012104E006E0E10710D02021F6E708AFA3
:10E4F000089113E058F8040BC4F302514FF00A0BD3
:10E50000032900D180B2042900D1C0B20021EEE776
:10E510005946F7F742FA303107F8011D0028F7D1C4
:10E52000ADEB070000F1200B600702D524F4803426
:10E5300001E04FF0010ADA4502DDAAEB0B0000E032
:10E540000020824600EB0B0108980144A9EB010072
:10E550000A90E00306D4DDE90D2321460A9800F075
:10E560004DF806444FF0000908E009A911F8090028
:10E57000DDE90D12904709F10109761C08998945DA
:10E58000F3DBE0030CD5DDE90D2321460A9800F00A
:10E5900035F8064404E0DDE90D1230209047761C82
:10E5A000BAF10001AAF1010AF5DC05E0DDE90D127E
:10E5B00017F8010B9047761CBBF10001ABF1010B82
:10E5C000F4DC0A982146DDE90D2300F005F8064445
:10E5D0006D1C97E6092801002DE9F041044600254D
:10E5E0001E461746880404D405E039462020B0476B
:10E5F0006D1C641EF9D52846BDE8F0812DE9F04177
:10E60000044600251E469046C80301D5302700E089
:10E610002027880404D505E041463846B0476D1CE4
:10E62000641EF9D52846BDE8F0810A68531C0B60CA
:10E6300010707047014601F0030090B96420B1FBEF
:10E64000F0F200FB121050B94FF4C870B1FBF0F2B9
:10E6500000FB121008B9012070470020FCE70120E0
:10E66000FAE70020F8E7000010B51E210348F7F78D
:10E6700082F900200249087010BD00000807002040
:10E680006000002010B586B00446F8F7D9F90120E3
:10E6900004900F48006803900020019005A901A88C
:10E6A000F8F714F978B9F8F769F90598401C10B132
:10E6B000002006B010BD24B9FF2210210548F7F74D
:10E6C00053F90120F5E7F8F759F90020F1E70000C8
:10E6D00008000020E81B002000B500221021104691
:10E6E00000F002F800BD000030B5034658180D4C8C
:10E6F0002468A04201D9002030BD18460DE022B1A7
:10E70000094C2468045D1470521C102804D2064C75
:10E710002468045D054D2C54401CCC188442EED86E
:10E720000120E9E70400002008000020E81B002089
:10E730002DE9F04706468946154606EB09001449BF
:10E740000968884202D90020BDE8F0870DB9002091
:10E75000FAE7F8F775F9002414E02A5D601C285CDC
:10E7600042EA0020C3170746A0190A4A1268811816
:10E770003A460120F8F70CF918B1F8F7FFF8002035
:10E78000E2E7A41C4C45E8D3F8F7F8F80120DBE7F2
:10E79000040000200800002010B590B00120674957
:10E7A0000870FBF709FA66480078002828D1654808
:10E7B000007838B9644840786449087064A000F073
:10E7C00067FE05E05F48007810B164205F4908707B
:10E7D000F7F75EFF64280CD10520F8F763F8F7F728
:10E7E00039FD64280CD00A20F8F75CF8F7F732FD01
:10E7F00006E0F7F72BFE00205049087010B010BD5E
:10E800000520F8F74FF8F8F7D1FA044694E0F8F746
:10E81000CDFA001B41F28831884211D900204749C6
:10E82000087052A000F034FE45480078012801D15C
:10E83000F7F7D6F94248007808B9F7F72DFDDDE77C
:10E840000EA8FBF7E5F820B10EA8FBF7E1F800B140
:10E8500072E010210020FBF779F870B10EA8FBF7E9
:10E86000D7F820B10EA8FBF7D3F800B164E010216F
:10E870000020FBF76BF800B15EE001A90120FBF777
:10E88000BFF8002857D19DF80A00AB2852D19DF857
:10E8900004003B4908609DF80500096801EB002071
:10E8A000374908609DF80600364908609DF8070062
:10E8B000096801EB0020334908609DF808000968E9
:10E8C00001EB00402F4908609DF80900096801EB41
:10E8D00000602C4908602A48006800F40040B0F548
:10E8E000004F13D126480068C0F30E002449086089
:10E8F0000846006846F62921484021490860214819
:10E9000000684BF2A62148401E4908601E48007866
:10E9100030B10EA8FBF7A6FE0020084908706DE78D
:10E920001948007810B919A000F0B2FD0020034981
:10E93000087000E000E000BF69E700001800002058
:10E94000030000201A000020740400201900002099
:10E950007B2252656365697665223A7B2253746136
:10E96000747573223A32367D7D0A00007B22432281
:10E970003A7B22537461747573223A377D7D0A00A5
:10E980007400002070000020110000207B22436FE3
:10E990006E666967223A7B22537461747573223AFA
:10E9A00033307D7D0A00000000B585B00120F7F707
:10E9B00079FF002215491648F9F718FF002215497A
:10E9C0001348F9F7B5FE1348007812498978114ABF
:10E9D0005278104BDB78CDE90132CDE903100B48BA
:10E9E000807800900948437802780BA11948FFF716
:10E9F0003BFC184800F04CFD0120F7F753FF4FF4A3
:10EA000016711548F6F7B7FF05B000BD7800002075
:10EA1000A40800207B0000207B2254223A7B22485D
:10EA2000223A25642C224D223A25642C2253223A84
:10EA300025642C2259223A25642C226D223A256421
:10EA40002C2244223A25642C2257223A25647D7DCB
:10EA50000A000000CC0600207404002070B50446B3
:10EA60000D46002617E0012251020C48F8F798F9EC
:10EA70002846F7F717FF00224FF400710748F8F710
:10EA80008FF92846F7F70EFF012251020348F8F7E5
:10EA900087F9701CC6B2A642E5DB70BD00080140D4
:10EAA00008B500BFF8F7C4F9FCF7CEFBFBF706FA90
:10EAB000FBF79EFAFBF7B4FAFBF7D6FAFBF70AFB73
:10EAC000FBF720FBFBF73AFBFBF77EFAFB48FAF774
:10EAD000EFFA4FF40050FA4B0822FA490090002058
:10EAE000FCF758FA0221F8A000F0BCFDF7480068D6
:10EAF000C06840F02000F5490968C8600A20F7F7AF
:10EB0000D1FEF3480068C06840F02000F049096871
:10EB1000C860F0480068C06840F02000ED4909680E
:10EB2000C8600020EC490860FBF746F8FFF7D4FD09
:10EB30001E210720FFF792FF032000F027FB4FF470
:10EB40007A70F7F7AFFEFBF715FB4FF47A70F7F723
:10EB5000A9FE0120E1490870E1E24AF6AA20E04955
:10EB600009680860FBF728F8DE480068002871D0C3
:10EB70000120F7F797FEDC48007856283AD01CDCD5
:10EB8000432868D00CDC302872D004DC122870D006
:10EB900013286FD1BCE031286DD03328F9D1BDE006
:10EBA000462869D004DC442867D04528F1D1D3E059
:10EBB0004E286FD05228ECD1C8E070285ED00CDC13
:10EBC000662871D004DC642876D06528E1D193E012
:10EBD0006D2872D06E28DCD15EE0752810D004DC80
:10EBE000722813D07328D4D14EE0802834D08128E5
:10EBF000CFD137E000F0E2FC0120BC490870C9E049
:10EC000000F016FE0120B9490870C3E0B8A000F07A
:10EC10003FFC0A20F7F746FE00BF00BF00BF00BF61
:10EC200000BFBFF34F8F00BF00BF00BFB7480068F1
:10EC300000F4E060B6490843001DB449086000BF15
:10EC400000BF00BFBFF34F8F00BF00BF00BF00BFBA
:10EC500000BFFDE7AAE085E000F074FD0120A349B4
:10EC6000087097E0FFF7A0FE0120A049087091E02E
:10EC70005AE047E07CE05DE028E061E0FBF7BEFCA5
:10EC800001209A49087085E000F006FD01209749AF
:10EC900008707FE012E007E031216E2000F0D8FA22
:10ECA00001209249087075E03121662000F0D0FA09
:10ECB00001208E4908706DE018E00FE032216E20CF
:10ECC00000F0C6FA01208949087063E0322166200D
:10ECD00000F0BEFA0120854908705BE0824948785F
:10ECE000F7F766F901208149087053E000F0ECFB6A
:10ECF00001207E4908704DE0FFF7B4F901207B49FF
:10ED0000087047E0FFF748FD01207849087041E0AE
:10ED1000FAF7CCFE0120754908703BE0F7F718F8C8
:10ED200001207249087035E0F6F782FF01206F4933
:10ED300008702FE0F7F774F801206C49087029E09B
:10ED4000F7F7BEF901206949087023E0F7F77EFB69
:10ED50000120664908701DE0F7F76CF9012063494E
:10ED6000087017E0F7F7F2F901206049087011E028
:10ED700068A000F08DFB13206D49087000205B49EE
:10ED800008704FF416715848F6F7F5FD0020554904
:10ED9000086000BF00BF1320654908700020534978
:10EDA0000870504908600120F7F77CFD4A48006868
:10EDB00090B10A20F7F776FD474801685D48F6F7FD
:10EDC000C1FE0020444908600A20F7F76BFD4FF4AC
:10EDD00016715848F6F7CFFD5748007878B92021CA
:10EDE0003848F7F7D5FF012809D154490870FFF7D3
:10EDF000D3FC0A20F7F756FD002050490870504810
:10EE0000007838B132480068C06840F020003049CE
:10EE10000968C8604B480068B0F5FA7F3FD9002008
:10EE2000484908604848007810B948A000F030FB15
:10EE300045480078012832D13F48007801282ED17A
:10EE40004948007800282AD1F7F7FCFB4638082803
:10EE500024D2DFE800F004080C1014171B1F43A095
:10EE600000F016FB1AE047A000F012FB16E04BA0E2
:10EE700000F00EFB12E04FA000F00AFB0EE0FFF7DF
:10EE80008BFC0BE051A000F003FB07E055A000F065
:10EE9000FFFA03E059A000F0FBFA00BF00BF3720E3
:10EEA000FBF762FF5B4908705B48FAF7B1FD20B1E0
:10EEB0005948FAF7ADFD00B131E1AFE0100900208B
:10EEC00000100140000C0140737300009C090020F9
:10EED000E00900205809002028000020010000203F
:10EEE0009808002020000020740400206600002004
:10EEF0007B22526563697665223A7B225374617482
:10EF00007573223A37307D7D0A0000000CED00E079
:10EF10000000FA057B2252656365697665223A7BBB
:10EF200022537461747573223A31397D0A000000EE
:10EF30001F0000201C020020030000201A000020F7
:10EF40006000002014000020110000207B22436F8D
:10EF50006E666967223A7B22537461747573223A34
:10EF600033307D7D0A000000670000207B22414392
:10EF700043223A7B22537461747573223A37307D91
:10EF80007D0A00007B22414343223A7B2253746175
:10EF9000747573223A37317D7D0A00007B2241432C
:10EFA00043223A7B22537461747573223A37327D5F
:10EFB0007D0A00007B22414343223A7B2253746145
:10EFC000747573223A37337D7D0A00007B224143FA
:10EFD00043223A7B22537461747573223A37357D2C
:10EFE0007D0A00007B22414343223A7B2253746115
:10EFF000747573223A37367D7D0A00007B224143C7
:10F0000043223A7B22537461747573223A37377DF9
:10F010007D0A00001D000020690000201021002052
:10F02000FAF794FC70B13E48FAF7F2FC20B13C4884
:10F03000FAF7EEFC00B172E010210020FAF786FC2E
:10F0400000B16CE037490120FAF7DAFCE8BB35483B
:10F050008079AB285DD13348C079B8BB3148C07BDB
:10F06000A0BB30480078304908602E4840780968D5
:10F0700001EB00202C4908602A4880782B49086061
:10F080002848C078096801EB002028490860254815
:10F090000079096801EB0040244908602148407963
:10F0A000096801EB0060214908601F48006800F40E
:10F0B0000040B0F5004F16D11B480068C0F30E00A9
:10F0C000194908600846006801E027E021E046F69B
:10F0D0002921484014490860144800684BF2A621D1
:10F0E0004840124908601248007868B91148007811
:10F0F00018B10B48FBF7B6FA06E00E48007818B9CD
:10F10000AFF2B81000F0C4F94FF47A70F7F7CAFB09
:10F1100002E009A000F0BCF9FAF74EFD00BF1CE5C3
:10F1200069000020340800207400002070000020D6
:10F1300062000020110000206572726F720A0000E8
:10F1400010B5012291020948F7F72AFE4FF47A70B0
:10F15000F7F7A8FB4AF6AA200549096808600022CB
:10F160004FF480610148F7F71BFE10BD0008014015
:10F170009808002010B5044601231A46214602488B
:10F18000FAF761FB10BD00009C0900201CB5044685
:10F19000402020490860204820490860012020497B
:10F1A000087000201F490870FFF796FAA0B10A20E6
:10F1B000F7F778FB6A4621460020FFF795FA18B169
:10F1C0000520F7F76FFB0FE017A000F061F90020B2
:10F1D0001D49087001201CBD13A000F059F9002042
:10F1E000194908700120F6E79DF8000010280ED19B
:10F1F0009DF802009DF8011081F01001884206D1AF
:10F200000120114908709DF801001049087000BFE5
:10F21000E1E700000400002000FC010808000020D5
:10F220000C0000200D0000207B2252656164436FBA
:10F230006E666967223A7B22537461747573223A51
:10F2400031397D0A00000000110000200300002079
:10F2500070B504460D46312D2AD16E2C12D10122F3
:10F2600011022A48F7F79CFD0120F7F71BFB28A0A5
:10F2700000F00EF90120324908704FF41671314840
:10F28000F6F779FB662C13D100224FF480711F48EA
:10F29000F7F786FD0120F7F705FB2BA000F0F8F843
:10F2A0000120274908704FF416712648F6F763FBD2
:10F2B000322D2AD16E2C12D1012291021348F7F778
:10F2C0006FFD0120F7F7EEFA2BA000F0E1F8012026
:10F2D0001B4908704FF416711A48F6F74CFB662C60
:10F2E00013D100224FF480610848F7F759FD01203F
:10F2F000F7F7D8FA2CA000F0CBF8012010490870DD
:10F300004FF416710F48F6F736FB70BD0008014048
:10F310007B2252656365697665223A7B225374616C
:10F32000747573223A32367D2C225231223A7B2276
:10F33000537461747573223A32337D7D0A00000084
:10F3400066000020740400207B22526563656976A4
:10F3500065223A7B22537461747573223A32367D8A
:10F360002C225231223A7B22537461747573223AF3
:10F3700032347D7D0A0000007B2252656365697628
:10F3800065223A7B22537461747573223A32367D5A
:10F390002C225232223A7B22537461747573223AC2
:10F3A00032337D7D0A0000007B22526563656976F9
:10F3B00065223A7B22537461747573223A32367D2A
:10F3C0002C225232223A7B22537461747573223A92
:10F3D00032347D7D0A00000010B5044640201649F5
:10F3E0000860164816490860012016490870002078
:10F3F00015490870FFF770F9C8B10A20F7F752FAFB
:10F400000020FFF73FF9114A21460020FFF790F94D
:10F4100048B10520F7F746FA0DA000F039F80520AD
:10F42000F7F740FA06E012A000F032F802E010A070
:10F4300000F02EF810BD00000400002000FC0108C0
:10F44000080000200C0000200D0000200E0000200D
:10F450007B2253617665436F6E666967223A7B2231
:10F46000537461747573223A32367D0A00000000CD
:10F470007B2253617665436F6E666967223A7B2211
:10F48000537461747573223A31397D0A00000000AB
:10F4900070B504462046F6F779FAC5B229462046EB
:10F4A000F6F750FB00224FF400710648F7F778FC9E
:10F4B0000120F7F7F7F9012251020248F7F770FC33
:10F4C00070BD00000008014010B511480078002808
:10F4D00012D01048007810B1012808D103E00EA026
:10F4E000FFF7D6FF07E017A0FFF7D2FF03E020A049
:10F4F000FFF7CEFF00BF05E00548007810B927A050
:10F50000FFF7C6FF0A212C48F6F735FA10BD0000B8
:10F5100011000020030000207B225265636569769C
:10F5200065223A7B22537461747573223A32367DB8
:10F530002C224465766963654D6F6465223A307D9F
:10F540000A0000007B2252656365697665223A7B7A
:10F5500022537461747573223A32367D2C224465CD
:10F56000766963654D6F6465223A317D0A0000005B
:10F570007B2252656365697665223A7B225374610A
:10F58000747573223A31397D2C224465766963653E
:10F590004D6F6465223A3235357D0A007B22436F18
:10F5A0006E666967223A7B22537461747573223ADE
:10F5B00033307D7D0A0000007404002000B599B04E
:10F5C00064216846F6F7D7F904220DA16846FEF7D4
:10F5D0004BFE6846FFF75CFF0120F7F763F917A0C1
:10F5E000FFF756FF0120F7F75DF917A0FFF750FF6F
:10F5F0004FF416711A48F6F7BEF919B000BD0000B5
:10F600007B224669726D77617265223A7B224622BF
:10F610003A312C2244657669636554797065223AE3
:10F62000224175746F5061726B222C2252656C6599
:10F63000617365223A3025647D7D0A0057697468DC
:10F64000426F6F740A000000526561646572205455
:10F65000797065203A2052433532320A00000000AA
:10F660007404002070B504460D4600260FE0012208
:10F6700021460020FBF7E8FC641C4AF6AA20054955
:10F68000096808600520F7F70DF9701CC6B2AE4294
:10F69000EDDB70BD9808002010B50C48007810B95B
:10F6A0000BA0FFF7F5FE0948007810B116A0FFF790
:10F6B000EFFE0648007880F00100044908704FF41E
:10F6C00016711F48F6F757F910BD000062000020C0
:10F6D0007B2252656365697665223A7B22537461A9
:10F6E000747573223A32367D2C2243223A7B22549F
:10F6F000797065223A22556E53656E64536572695E
:10F70000616C227D7D0A00007B225265636569760B
:10F7100065223A7B22537461747573223A32367DC6
:10F720002C2243223A7B2254797065223A22536577
:10F730006E6453657269616C227D7D0A0000000071
:10F740007404002010B51CA0FFF7A2FE28484078E2
:10F75000284908702648807848702548C078887005
:10F76000234800792449887021484079487020480E
:10F77000807908701E48C079C8700120F7F792F8A8
:10F7800000221C491D48F9F7A7F910B11CA0FFF78A
:10F790007FFE0120F7F786F8002217491748F9F78E
:10F7A000EDF810B11CA0FFF773FE4FF4167110486E
:10F7B000F6F7E1F810BD00007B22526563656976BB
:10F7C00065223A7B22537461747573223A32367D16
:10F7D0002C2254223A7B2254797065223A225365B6
:10F7E0007454696D6544617465227D7D0A00000072
:10F7F00074040020780000207B000020A408002072
:10F800007B2254223A7B22537461747573223A31FD
:10F8100032387D7D0A0000007B2254223A7B22533D
:10F820007461747573223A3132397D7D0A000000AB
:10F8300010B5402016490860164817490860012095
:10F8400016490870002016490870FEF745FF002889
:10F8500019D06420F7F726F80020FEF713FF11A255
:10F8600008210020FEF764FF48B10520F7F71AF8D9
:10F870000FA0FFF70DFE0520F7F714F806E015A01E
:10F88000FFF706FE02E013A0FFF702FE10BD000026
:10F890000400002040540008080000200C00002054
:10F8A0000D000020426F6F543132333400000000ED
:10F8B0007B225570646174654669726D776172650B
:10F8C000223A7B22537461747573223A32367D0A70
:10F8D000000000007B225570646174654669726D9A
:10F8E00077617265223A7B22537461747573223A90
:10F8F00031397D0A0000000038B505200090F6F788
:10F90000D1FF0020044616E00D48005D062803D014
:10F910000B48005D15280BD10948055DFEF7A4FED4
:10F920000A23012269460748F9F78DFF284638BDAA
:10F93000601CC0B204461E2CE6DB00BFF7E70000E7
:10F9400008070020E00900202DE9F04106460F4697
:10F950004FF064082448007810B90020BDE8F08119
:10F9600021480078082801DA0020F7E71F480078CE
:10F97000022801D00020F1E71C48407808B100209F
:10F98000ECE71A48C078B04201D00020E6E71748FB
:10F990000079B84201D00020E0E70025312E0DD1DA
:10F9A000002403E01148005D4540641C092CF9D394
:10F9B0000E48407AA84201D00020CFE7322E0DD168
:10F9C000002403E00948005D4540641C072CF9D37E
:10F9D0000648C079A84201D00020BFE70348447917
:10F9E000FEF742FE2046B9E760000020080700202D
:10F9F0001F1C1F1E1F1E1F1F1E1F1E1F000000009A
:10FA000000000000010203040607080900000000CE
:10FA100001020304895171F21DCB000000000000B7
:10FA2000000000008D5F307CF05E000000000000F0
:10FA300000000000B22CE4247D90000000000000D3
:10FA400000000000579B07B3A4E90000000000007D
:10FA500000000000E32F50F2E3D00000000000009F
:10FA600000000000E9C1254FA07D0000000000005B
:10FA700000000000FFFFFFFFFFFF0000000000008C
:10FA8000000000007B2243223A7B224944223A258F
:10FA9000642C225543223A25642C224770223A25B1
:10FAA000642C2259223A25642C224D223A25642CBA
:10FAB0002244223A25642C2248223A25642C226DC5
:10FAC000223A25642C2253223A25642C2245454DA6
:10FAD000223A25647D7D0A00F8FA00080000002023
:10FAE0001C020000EC590008D4FB00081C02002096
:10FAF0004C200000D8E20008412A40041254E308D8
:10FB000001290FC214022503CD0A02113046D9582B
:10FB1000D113BDBC140805BD1B0815041A39041AFD
:10FB200071041A89141ACD04131201140202021668
:10FB300040830440571D02010203490E21040309BA
:10FB4000041A8913E15A1B08DD041A590413055BD2
:10FB500042085A10D58173B2074B24F4BA12063208
:10FB6000022A40241B19B93C12B84C083BBA3C1A73
:10FB7000A70C13A9B71B082508C11AF9101AE90424
:10FB80001A09302AD9081B0243AB111DC0320904DF
:10FB90006D1A020B1305241610010524011009012A
:10FBA00004240202052406170107058203081C101D
:10FBB0000904E1320A1D070501027B2C07058107B4
:10FBC000110937442A40072A8107112B0907440AE3
:04FBD0003B044400AE
:04000005080058EDAA
:00000001FF
