:020000040800F2
:105800008029002001590008499F000839950008A7
:10581000459F0008955A00086DDB00080000000055
:1058200000000000000000000000000019AB0008AC
:10583000C95B00080000000017A9000867AE000857
:105840001B5900081B5900081B5900081B59000868
:105850001B5900081B5900081B5900081B59000858
:105860001B5900081B5900081B5900081B59000848
:105870001B5900081B5900081B5900081B59000838
:105880001B5900081B5900081B5900081B59000828
:10589000B5DA00081B5900081B5900081B590008FD
:1058A0001B5900081B5900081B5900081B59000808
:1058B0001B59000815AF00081B5900081B590008A8
:1058C0001B5900081B5900081B5900081B590008E8
:1058D0001B59000829B3000839B300081B590008F8
:1058E0001B5900081B5900081B590008DFF80CD091
:1058F00000F084F80048004765E100088029002096
:105900000648804706480047FEE7FEE7FEE7FEE759
:10591000FEE7FEE7FEE7FEE7FEE7FEE705AF00086D
:10592000ED580008202A04DB203A21FA02F0002179
:10593000704721FA02F3D040C2F12002914008439F
:105940001946704740EA01039B0703D009E008C9E4
:10595000121F08C0042AFAD203E011F8013B00F834
:10596000013B521EF9D27047D2B201E000F8012B80
:10597000491EFBD270470022F6E710B513460A46CF
:1059800004461946FFF7F0FF204610BD421C10F8F0
:10599000011B0029FBD1801A70472DE9F05F0546F5
:1059A000002092469B4688460646814640241BE0DE
:1059B0002846414647462246FFF7B4FF53465A461B
:1059C000C01A914110D311461846224600F028F81B
:1059D0002D1A67EB01084F4622460120002100F0F6
:1059E0001FF817EB00094E41201EA4F10104DFDC73
:1059F000484631462A464346BDE8F09F064C074DCF
:105A000006E0E06840F0010394E80700984710348E
:105A1000AC42F6D3FFF76EFF08F4000828F4000844
:105A2000202A04DB203A00FA02F10020704791405E
:105A3000C2F1200320FA03F319439040704770B578
:105A40008C1810F8015B15F0070301D110F8013B29
:105A50002A1106D110F8012B03E010F8016B01F8B0
:105A6000016B5B1EF9D12B0705D40023521E0DD408
:105A700001F8013BFAE710F8013BCB1A921C03E056
:105A800013F8015B01F8015B521EF9D5A142D8D38E
:105A9000002070BD00BFFEE730B50346042B15D0D3
:105AA00007DC7BB1012B0ED0022B0DD0032B30D1A4
:105AB0000BE0202B0BD0212B18D0222B22D0232B14
:105AC00027D125E026E025E024E023E022E00020A5
:105AD00003E00C5C114D2C54401C0728F9DB00201E
:105AE0000F4C207001200F4C207013E0002003E0C9
:105AF0000A4C245C0C54401C0728F9DB0020084C9D
:105B0000207007E006480078401C054C207001E03A
:105B100000E000BF00BF002030BD000010010020E9
:105B200000000020010000200020704710B5002276
:105B30000449054805F065FD0449034805F05AFD90
:105B4000002010BDEC130020400B002004100020AA
:105B500070B504460D460B4928680860002003E034
:105B6000215C094A1154401C064909688842F7D350
:105B70002146064805F03EFD044805F017FD0020CB
:105B800070BD000018000020C0040020400B002061
:105B90002DE9F04104460D4600260A48D0F8B872B7
:105BA000D7F8140210B10120BDE8F0812A46214641
:105BB000044805F026FD034805F0A7FD06463046DB
:105BC000F2E70000400B00207047000010B50446CB
:105BD000022C03DD07A009F081F904E013480470EA
:105BE00013A009F07BF94FF416711F48FFF7C3FEAD
:105BF00010BD00007B2252656365697665223A7BA1
:105C000022537461747573223A31397D2C224322F8
:105C10003A7B2254797065223A224465766963653D
:105C20004D6F6465227D7D0A000000000B0000209E
:105C30007B2252656365697665223A7B22537461E3
:105C4000747573223A32367D2C2243223A7B2254D9
:105C5000797065223A224465766963654D6F6465A3
:105C6000227D7D0A00000000C004002072B603E01F
:105C70001E21642008F054FAFAE700000021074AC8
:105C8000D1610749096941F00401054A11611146D2
:105C9000096941F04001116170470000E01C0020DB
:105CA000002002400021074AD1610749096941F0FB
:105CB0000201054A116111464861096941F040013C
:105CC00011617047E01C0020002002400022054BBB
:105CD000DA61054A126942F00102034B1A61018040
:105CE00070470000E01C00200020024000201E49F8
:105CF000C96801F0100139B11C49C96941F00201BC
:105D00001A4AD16140F010001749C96801F0040136
:105D100039B11649C96941F00101144AD16140F015
:105D200004001149C96901F0010169B10F49C9694C
:105D300041F004010D4AD16100BF0B49C96921F04E
:105D40000101094AD16100BF00BF40F20111884240
:105D500006D10549C96921F00101034AD16101E079
:105D60000149C86000BF704700200240E01C0020CD
:105D700070B5044600F056FB054609E0601C38B1DA
:105D800024B100F04FFB401BA04201D9032070BD9D
:105D90001248C06800F001000028EFD10F48C06829
:105DA00000F0200020B100BF20200C49C86000BFD7
:105DB0000A48C06800F0100048B90848C06900F0FF
:105DC000010020B90548C06800F0040018B1FFF7D1
:105DD0008DFF0120DBE70020D9E700000020024012
:105DE00070B50A480468001D0568001D0668344443
:105DF00054B108220649204603F0D2FE0422044989
:105E00001031284603F0CCFE70BD0000E8F7FF1FFC
:105E1000F60000200146002291F82100022808D057
:105E20000420886300BF002081F8200000BF01200B
:105E300070470868006820F00E000B68186008685A
:105E4000006820F001000B68186091F840300120D4
:105E50009840CB6B5860012081F8210000BF0020E2
:105E600081F8200000BF1046E2E7000070B504464C
:105E7000002594F82100022803D00420A063012506
:105E800048E02068006820F00E0021680860206863
:105E9000006820F00100216808601F4920688842DE
:105EA00001D1012026E01C4914312068884201D12B
:105EB00010201FE0184928312068884201D1801540
:105EC00018E015493C312068884201D1801411E066
:105ED000114950312068884202D14FF4803009E0E6
:105EE0000D4964312068884202D14FF4801001E0EE
:105EF0004FF08070084908394860012084F821007B
:105F000000BF002084F8200000BF606B10B1204665
:105F1000616B8847284670BD0800024070B5044692
:105F200000F080FA06462546681C10B10448007847
:105F3000054400BF00F076FA801BA842FAD370BD7A
:105F4000300100202DE9F04104460E4601270025CE
:105F500000BF2648007E012802D10220BDE8F08162
:105F600001202249087600BF2068022813D14CF294
:105F70005030FFF7FDFE90BB0120FFF77FFE4CF293
:105F80005030FFF7F5FE07461948006920F004007D
:105F90001749086123E04CF25030FFF7E9FEF0B9F1
:105FA0004FF0FF303060A56812E02846FFF77AFE18
:105FB0004CF25030FFF7DCFE07460D48006920F038
:105FC00002000B4908610FB1356007E005F58065F7
:105FD000D4E9021001EB8020A842E6D800BF00BF40
:105FE00000200249087600BF3846B7E7E01C0020D1
:105FF000002002400348006940F080000149086128
:1060000000207047002002402DE9FE4F05468B46D8
:1060100017469846012600240020029000BF24481D
:10602000007E012802D10220BDE8FE8F0120204918
:10603000087600BF4CF25030FFF79AFE064686BB4A
:10604000012D02D10120029006E0022D02D1022092
:10605000029001E00420029000241EE02201B946D3
:10606000C24648465146FFF75DFC80B201900220CF
:1060700000FB04B000900199FFF728FE4CF250306D
:10608000FFF776FE06460B48006920F0010009493B
:10609000086106B104E0601CC4B202988442DDDBF2
:1060A00000BF00BF00200249087600BF3046BBE7B2
:1060B000E01C00200020024000200849096901F08E
:1060C000800151B10649054A5160064951601146A7
:1060D000096901F0800101B10120704700200240F0
:1060E00023016745AB89EFCD2DE9F8470346002230
:1060F00094466EE14FF0010808FA02F4D1F80080EE
:1061000008EA0400A0427DD1DFF8DCA2D1F80480C7
:10611000A8EB0A09D0453AD014DCB8F1030F50D0EF
:1061200009DCB8F1000F31D0B8F1010F1CD0B8F183
:10613000020F49D120E0B8F1110F18D0B8F1120FB9
:1061400042D11EE0B9F5881F25D006DCB9F5803FA5
:1061500020D0B9F5801F37D11AE0B9F5001F18D04B
:10616000B9F5041F30D117E0D1F80CC02DE0D1F8FB
:106170000C8008F1040C28E0D1F80C8008F1080C20
:1061800023E0D1F80C8008F10C0C1EE000BF00BF2A
:1061900000BF00BF00BF00BFD1F80880B8F1000FFA
:1061A00002D14FF0040C0BE0D1F80880B8F1010FD8
:1061B00003D14FF0080C1C6102E04FF0080C5C6149
:1061C00003E04FF0000C00E000BF00BFFF2801D843
:1061D000984601E003F104084646FF2802D84FEA3A
:1061E000820803E0A2F108084FEA88084746D6F87B
:1061F00000804FF00F0909FA07F928EA09080CFA9C
:1062000007F900E088E048EA0908C6F80080D1F8FC
:10621000048008F08058B8F1805F7DD100BFDFF8BE
:10622000CC81D8F8188048F00108DFF8C091C9F88F
:106230001880C846D8F8188008F00108CDF800800A
:1062400000BF00BF4FEAB9384FEA920958F8295009
:106250004FEA82784FEA18794FF00F0808FA09F8E8
:1062600025EA0805DFF88881434502D14FF0000890
:1062700016E0DFF88081434502D14FF001080FE0BE
:10628000DFF87481434502D14FF0020808E0DFF8DF
:106290006C81434502D14FF0030801E04FF0040840
:1062A0004FEA82794FEA197908FA09F848EA0505B0
:1062B000DFF84C814FEA920948F82950D1F8048060
:1062C00008F48038B8F5803F0AD1DFF83881D8F873
:1062D000008048EA0008DFF82C91C9F8008009E046
:1062E000DFF82081D8F8008028EA0008DFF8149150
:1062F000C9F80080D1F8048008F40038B8F5003FF0
:1063000010D1DFF8008108F10408D8F8008048EACD
:106310000008DFF8F09000E05AE009F10409C9F83C
:1063200000800DE0DFF8DC8008F10408D8F8008078
:1063300028EA0008DFF8CC9009F10409C9F80080C8
:10634000D1F8048008F48018B8F5801F0ED1DFF86A
:10635000B48008F10808D8F8008048EA0008DFF89F
:10636000A49009F10809C9F800800DE0DFF89480D5
:1063700008F10808D8F8008028EA0008DFF88490BF
:1063800009F10809C9F80080D1F8048008F4001860
:10639000B8F5001F0ED1DFF86C8008F10C08D8F8B2
:1063A000008048EA0008DFF85C9009F10C09C9F8A0
:1063B00000800DE0DFF84C8008F10C08D8F8008070
:1063C00028EA0008DFF83C9009F10C09C9F80080C0
:1063D000521CD1F8008028FA02F8B8F1000F7FF4BF
:1063E00089AEBDE8F88700000000111000100240DF
:1063F00000080140000C0140001001400014014061
:106400000800014000040140024693680B400BB1B4
:10641000012000E0002070470AB1016101E00B0497
:1064200003617047014800687047000028010020A0
:1064300070B504460CB9012070BD94F83D0028B930
:10644000002084F83C00204600F03EFB242084F825
:106450003D002068006820F0010021680860206885
:10646000006840F40040216808602068006820F45B
:1064700000402168086001F07DFD05465C496068C8
:10648000884206D85B48854201D2012007E00020FF
:1064900005E05948854201D2012000E00020012892
:1064A00000D1C9E75548B5FBF0F62068406820F0F8
:1064B0003F003043216848604D496068884201D8F8
:1064C000701C07E04FF4967070434FF47A71B0FB84
:1064D000F1F0401C2168096A21F03F01084321685E
:1064E000086243496068884214D8681E61684900A0
:1064F000B0FBF1F0401CC0F30B00042801D20420D3
:106500003DE0681E61684900B0FBF1F0401CC0F33B
:106510000B0034E0A06838B9681E616801EB4101E6
:10652000B0FBF1F0401C0AE0681E616801EBC1029B
:1065300002EB0111B0FBF1F0401C40F48040C0F3CD
:106540000B0008B901201AE0A06848B9681E61680C
:1065500001EB4101B0FBF1F0401CC0F30B000CE07B
:10656000681E616801EBC10202EB0111B0FBF1F0A2
:10657000401CC0F30B0040F4804040F40040216810
:10658000C9694CF6FF72914308432168C861D4E998
:10659000070108432168096821F0C0010843216808
:1065A0000860D4E9031008432168896848F2FF3283
:1065B0009143084321688860D4E9050108432168B4
:1065C000C96821F0FF0108432168C860206800689D
:1065D00040F001002168086000202064202084F839
:1065E0003D000020206384F83E0000BF24E7000047
:1065F000A086010080841E0000093D0040420F007B
:106600002DE9FC4704468946174698460A9E002015
:106610000190FFF707FF054694F83D0020286FD151
:1066200019230122C8492046009503F0E3F810B170
:106630000220BDE8FC8700BF94F83C00012801D18E
:106640000220F6E7012084F83C0000BF20680068C3
:1066500000F0010028B92068006840F001002168BE
:1066600008602068006820F400602168086022202B
:1066700084F83D00102084F83E000020206467620A
:10668000A4F82A80608D2085B048E0622B4632460F
:106690004946204602F084FF08B10120C9E7208D59
:1066A00088B900BF002000902068406900902068F1
:1066B0008069009000BF00BF2068006840F400704F
:1066C000216808604BE0208D01281AD120680068FD
:1066D00020F480602168086072B600BF002000903E
:1066E00020684069009020688069009000BF00BF6A
:1066F0002068006840F400702168086062B62EE0EF
:1067000020E1208D022819D12068006840F4006043
:106710002168086072B600BF0020009020684069C0
:10672000009020688069009000BF00BF206800686A
:1067300020F480602168086062B610E0206800687C
:1067400040F480602168086000BF0020009020684D
:106750004069009020688069009000BF00BFE2E0BF
:10676000208D03287ED8208D012815D12A46314658
:10677000204603F0E9F808B101205AE720680069D3
:10678000616A0870606A401C6062208D401E20852E
:10679000608D401E6085C6E0208D02282CD13346D6
:1067A00000226B492046009503F024F808B101202F
:1067B0003FE772B62068006840F400702168086006
:1067C00020680069616A0870606A401C6062208D00
:1067D000401E2085608D401E608562B6206800697D
:1067E000616A0870606A401C6062208D401E2085CE
:1067F000608D401E608596E0334600225449204655
:10680000009502F0F7FF08B1012012E72068006848
:1068100020F480602168086072B620680069616AAF
:106820000870606A401C6062208D401E2085608D6B
:10683000401E6085474800681921B0FBF1F04FF415
:106840007A71B0FBF1F0C0EBC00000EB800001906A
:1068500000BF0198401E01900198A8B90020206354
:10686000202000E038E084F83D00002084F83E005D
:10687000206C40F02000206462B600BF002084F845
:106880003C0000BF0120D4E620684069C0F38000CE
:106890000028DED02068006840F40070216808609D
:1068A00020680069616A0870606A401C6062208D1F
:1068B000401E2085608D401E608562B6206800699C
:1068C000616A0870606A401C6062208D401E2085ED
:1068D000608D401E608526E02A463146204603F042
:1068E00033F808B10120A4E620680069616A0870E5
:1068F000606A401C6062208D401E2085608D401EB5
:10690000608520684069C0F3800060B1206800693C
:10691000616A0870606A401C6062208D401E20859C
:10692000608D401E6085208D00287FF419AF2020E7
:1069300084F83D00002084F83E0000BF84F83C004D
:1069400000BF76E6022074E6020010000000FFFFA0
:1069500004000100440100202DE9F8430446894663
:1069600016461F46DDF82080FFF75CFD054694F8CB
:106970003D0020287ED1192301225149204600954F
:1069800002F038FF10B10220BDE8F88300BF94F890
:106990003C00012801D10220F6E7012084F83C00E8
:1069A00000BF2068006800F0010028B92068006876
:1069B00040F00100216808602068006820F4006051
:1069C00021680860212084F83D00102084F83E00F2
:1069D0000020206466626785608D20853948E0620A
:1069E0002B4642464946204602F076FE08B1012079
:1069F000CAE700BF0020009020684069009020682E
:106A00008069009000BF00BF44E02A46414620460E
:106A100002F0DAFF50B1206C042805D1206800682C
:106A200040F40070216808600120ADE7606A0078DA
:106A300021680861606A401C6062608D401E60854C
:106A4000208D401E208520684069C0F3800070B111
:106A5000208D60B1606A007821680861606A401C1E
:106A60006062608D401E6085208D401E20852A4614
:106A7000414600E022E0204602F08EFE50B1206C3C
:106A8000042805D12068006840F40070216808607F
:106A9000012079E7208D0028B7D12068006840F4F4
:106AA000007021680860202084F83D00002084F8F0
:106AB0003E0000BF84F83C0000BF65E7022063E7AA
:106AC000020010000000FFFF10B586B00446002051
:106AD00002900390049005901A49206888422FD1B3
:106AE00000BF1948806940F00800174988610846CE
:106AF000806900F00800019000BF00BF4FF44070B3
:106B00000290122003900320059002A90F48FFF77E
:106B1000EBFA00BF0E49486840F0E06040F0020028
:106B2000486000BF00BF0848C06940F40010064933
:106B3000C8610846C06900F40010019000BF00BFA2
:106B400006B010BD0054004000100240000C01408F
:106B50000000014070B504460CB9012070BD4CF630
:106B6000CC402168086045F2555021680860D4E99E
:106B7000001048602168A0688860FFF753FC054654
:106B80000BE0FFF74FFC401B272806D92068C068A0
:106B900000F0030008B10320E0E72068C06800F0BF
:106BA00003000028EDD14AF6AA20216808600020E1
:106BB000D4E7000003480068034909780844014904
:106BC00008607047280100203001002010B50848F7
:106BD000006840F0100006490860032000F0A8F8A3
:106BE000002000F007F800F02BF8002010BD000096
:106BF0000020024070B504460E4800784FF47A71C8
:106C0000B1FBF0F00C490968B1FBF0F5284601F042
:106C100053FF08B1012070BD102C07D2002221467D
:106C2000501E00F047F80548046001E00120F2E73B
:106C30000020F0E730010020440100202C0100205A
:106C400008B500BF1148806940F001000F49886114
:106C50000846806900F00100009000BF00BF00BF3F
:106C60000846C06940F08050C8610846C06900F01D
:106C70008050009000BF00BF00BF0549486820F069
:106C8000E06040F00070486000BF08BD00100240A6
:106C90000000014001460846002809DB00F01F0300
:106CA00001229A4043099B0003F1E023C3F800212D
:106CB00000BF70472DE9F05F80460D46164600275D
:106CC00006F07AFF074639462A46334601F00700A8
:106CD000C0F1070ABAF1040F02D94FF0040A01E02B
:106CE000C0F1070AD14600F1040ABAF1070F02D237
:106CF0004FF0000A01E0A0F1030AD4464FF0010A68
:106D00000AFA09FAAAF1010A0AEA020A0AFA0CFACC
:106D10004FF0010B0BFA0CFBABF1010B0BEA030B71
:106D20004AEA0B042146404606F04EFFBDE8F09FBC
:106D300000BF00F00702064B19684FF6FF03194029
:106D4000044B0B4343EA0221014B196000BF70471B
:106D50000CED00E00000FA0570B505460C4604F0A5
:106D60008000802808D104F0070000EB800605F1C0
:106D7000280000EBC60105E004EB840605F5B470BD
:106D800000EBC6011AB900200873CB8004E0012093
:106D900008730B81180C4881002070BD704770B5D6
:106DA00004460D4605EB850304F1280101EBC30100
:106DB0004A692946D4F8E80204F0AEFF70BD70B508
:106DC00004460D4605EB850304F5B47101EBC301E0
:106DD0004A692946D4F8E80205F01EF870BD70B57E
:106DE00004460E4606F0800080280AD106F007000F
:106DF00000EB800104F1280000EBC1050120687060
:106E000009E006F0070000EB800104F5B47000EB28
:106E1000C1050020687006F00700287000BF94F8D4
:106E2000A802012801D1022070BD012084F8A80227
:106E300000BF2946206805F077FE00BF002084F8D7
:106E4000A80200BF00BFEFE770B504460E4606F08B
:106E50000F006168884201D9012070BD06F08000F2
:106E600080280AD106F0070000EB800104F1280019
:106E700000EBC1050120687009E006F0070000EB97
:106E8000800104F5B47000EBC1050020687000209B
:106E9000A87006F00700287000BF94F8A802012827
:106EA00001D10220D9E7012084F8A80200BF2946B9
:106EB000206805F095FF00BF002084F8A80200BFFD
:106EC00000BFCAE72DE9F04105460C46174607F416
:106ED0008040002850D02868B0F85010207801EB8E
:106EE000C000801C296801F5806131F81000C0F3F2
:106EF0000906A069B04203D3A069801BA06101E02C
:106F00000020A061A069A8B900BF227852002968BA
:106F100031F812104BF68F7201EA020080F4005033
:106F200040F4004141F0800123785B002A6822F898
:106F3000131000BF07F04000A8B100BF00BF2278C7
:106F40005200296831F8121048F68F7201EA0200E7
:106F500040F4004141F0C00123785B002A6822F828
:106F6000131000BF00BF002E55D02289616933463F
:106F7000286806F0ABFD4EE02868B0F85010207885
:106F800001EBC000801D296801F5806131F8100017
:106F9000C0F30906A069B04203D3A069801BA061B9
:106FA00001E00020A061A069A8B900BF22785200CA
:106FB000296831F812104BF68F7201EA020080F452
:106FC000005040F4004141F0800123785B002A68C2
:106FD00022F8131000BF07F04000A8B900BF00BF9F
:106FE00022785200296831F8121048F68F7201EAAF
:106FF000020040F4004141F0C00123785B002A68A0
:1070000022F8131000BF00BF2EB1628961693346B8
:10701000286806F05BFD3046BDE8F0812DE9F047B9
:1070200005460C46904608F04000002871D02868BC
:10703000B0F85010207801EBC000801C296801F5E1
:10704000806131F81000C0F30907A069B84203D984
:10705000A069C01BA06101E00020A061A069002818
:107060007ED100BF6078C8B900BF29682A68B2F82D
:10707000502011442278022303EBC20201F5806301
:1070800003EB420000BF028848F2FF331A4002803F
:10709000028842F40042028000BF13E060780128B9
:1070A00010D100BF28682A68B2F850201044227816
:1070B000022303EBC20200F5806303EB42010022CE
:1070C0000A8000BF00BF00BF2968607810BB00BF06
:1070D0002B68D5F800C0BCF850C0634494F800C0D9
:1070E0004FF0060909EBCC0C03F5806909EB4C0065
:1070F00000BFB0F800C048F2FF390CEA090CA0F854
:1071000000C0B0F800C04CF4004CA0F800C000BFB4
:1071100011E0C0E0607801280DD12868B0F8500077
:1071200001442078062303EBC00001F5806303EBE4
:1071300040020020108000BF21782846FFF72FFE74
:1071400008F48040002816D000BF00BF227852000B
:10715000296831F8121048F68F7201EA020000E047
:107160000AE040F4004141F4814123785B002A6841
:1071700022F8131000BFCAE108F48040A8B100BF94
:1071800000BF22785200296831F8121048F68F7239
:1071900001EA020040F4004141F4814223785B009F
:1071A000296821F8132000BF00BF94F824000128AB
:1071B000E1D1606938446061E0693844E061216987
:1071C000206A884204D32669206A801B20620BE073
:1071D000206A20B93E46002084F8240004E0002004
:1071E00084F82400266A206200BF6078B8BB00BF24
:1071F0002A682968B1F850100A442178022303EB69
:10720000C10102F5806303EB4101084600BF56B996
:10721000038848F2FF3C03EA0C030380038843F42D
:107220000043038019E03E2E0BD800BF710806F022
:10723000010303B1491C4FF6FF7303EA8123038066
:107240000BE000BF710906F01F0303B9491E4FF49C
:10725000004343EA8123038000BF00BF13E0FFE740
:10726000607801280FD100BF28682A68B2F8502042
:1072700010442278022303EBC20200F5806303EB83
:1072800042010E8000BF00BFB3B222896169286845
:1072900006F04BFC3BE12868B0F85010207801EB79
:1072A000C000801D296801F5806131F81000C0F32D
:1072B0000907A069B84203D3A069C01BA06101E01F
:1072C0000020A061A06900287DD100BF6078C8B906
:1072D00000BF29682A68B2F850201144227802239E
:1072E00003EBC20201F5806303EB420000BF02889A
:1072F00048F2FF331A400280028842F400420280C2
:1073000000BF13E06078012810D100BF28682A6808
:10731000B2F8502010442278022303EBC20200F599
:10732000806303EB420100220A8000BF00BF00BF60
:107330002968607808BB00BF2B68D5F800C0BCF88E
:1073400050C0634494F800C04FF0060909EBCC0C20
:1073500003F5806909EB4C0000BFB0F800C048F2AB
:10736000FF390CEA090CA0F800C0B0F800C04CF4DA
:10737000004CA0F800C000BF10E0607801280DD1DB
:107380002868B0F8500001442078062303EBC000C1
:1073900001F5806303EB40020020108000BF2178DC
:1073A0002846FFF7FCFC08F48040002816D100BFF7
:1073B00000BF22785200296831F8121048F68F7207
:1073C00001EA020000E00AE040F4004141F481419A
:1073D00023785B002A6822F8131000BF97E008F4B6
:1073E0008040A8B900BF00BF22785200296831F858
:1073F000121048F68F7201EA020040F4004141F495
:10740000814123785B002A6822F8131000BF00BF77
:1074100094F8240001287AD1606938446061E069F9
:107420003844E0612169206A884204D32669206AD1
:10743000801B20620BE0206A20B93E46002084F8C1
:10744000240004E0266A0020206284F8240000BFA3
:107450002A68607890BB00BFD5F800C02968B1F8F1
:1074600050108C4421784FF0060909EBC1010CF54E
:10747000806909EB4101084600BF76B9B0F8009079
:1074800048F2FF3A09EA0A09A0F80090B0F8009023
:1074900049F40049A0F8009020E03E2E0FD800BF2C
:1074A000710806F00109B9F1000F00D0491C4FF630
:1074B000FF7909EA8129A0F800900FE010E000BFF1
:1074C000710906F01F09B9F1000F00D1491E4FF4F0
:1074D000004949EA8129A0F8009000BF00BF0FE0F1
:1074E000607801280CD12868B0F850000244207858
:1074F000062101EBC00002F5806101EB40031E8014
:1075000000BFB3B262896169286806F00EFB00BF54
:1075100022785200296831F8121048F6BF7201EA49
:10752000020080F0100080F0200040F4004141F0A3
:10753000800123785B002A6822F8131000BF002026
:10754000BDE8F087024601F0070000EB800302F57A
:10755000B47000EBC300C06970472DE9F0470546E1
:107560000E4690461F464FF0000906F08000802826
:107570000AD106F0070000EB800105F1280000EBBE
:10758000C1040120607009E006F0070000EB8001F3
:1075900005F5B47000EBC1040020607006F0070030
:1075A0002070C4F81080E770607808B12078E0811E
:1075B000022F01D10020207100BF95F8A8020128F8
:1075C00002D10220BDE8F087012085F8A80200BFA3
:1075D0002146286805F07EF800BF002085F8A80243
:1075E00000BF4846EEE72DE9F04105460E46174636
:1075F000984606F0070000EB800105F5B47000EB3B
:10760000C1046761C4F818800020E061607006F072
:107610000700207006F0070020B92146286805F011
:107620007AFC03E02146286805F075FC0020BDE8DF
:10763000F08170B504460D4605F007006168884288
:1076400001D9012070BD05F0800080280AD105F025
:10765000070000EB800104F1280000EBC1060120C7
:10766000707007E005EB850104F5B47000EBC1060E
:10767000002070700120B07005F00700307000BF6E
:1076800094F8A802012801D10220DBE7012084F848
:10769000A80200BF3146206805F00FFC05F0070086
:1076A00020B904F52C71206805F097FB00BF00207D
:1076B00084F8A80200BF00BFC4E72DE9F0410546E9
:1076C0000E4690461F4606F0070000EB800105F1CC
:1076D000280000EBC104C4F81480A761012084F8DD
:1076E000240027620020E0610120607006F007009E
:1076F000207006F0070020B92146286805F00BFC31
:1077000003E02146286805F006FC0020BDE8F08172
:107710007FB50446206806F0D5F900F40040B0F5C6
:10772000004F02D1204602F013FC206806F0CAF98F
:1077300000F48060B0F5806F0FD12068B0F844008D
:107740004FF6FF3108402168A1F84400204600F0C0
:107750009FF90021204600F0BBF9206806F0B2F93D
:1077600000F48040B0F5804F08D12068B0F84400A4
:107770004BF6FF7108402168A1F84400206806F02C
:10778000A1F900F40050B0F5005F08D12068B0F80E
:1077900044004DF6FF7108402168A1F844002068BC
:1077A00006F090F900F48050B0F5805F1DD120689C
:1077B000B0F840004FF6FB7108402168A1F8400086
:1077C0002068B0F840004FF6F77108402168A1F832
:1077D0004000204600F06EF92068B0F844004EF6F4
:1077E000FF7108402168A1F84400206806F06AF99A
:1077F00000F40060B0F5006F55D1002507E0690086
:10780000206830F811002DF81500681CC5B2082D4D
:10781000F5D32068B0F8400040F001002168A1F8DD
:1078200040002068B0F840004FF6FE710840216823
:10783000A1F8400000BF2068B0F8440000F4806068
:107840000028F8D02068B0F844004FF6FF31084017
:107850002168A1F84400002507E03DF815006A0002
:10786000216821F81200681CC5B2082DF5D32068E4
:10787000B0F8400040F008002168A1F840002068FE
:10788000B0F844004FF2FF7108402168A1F84400AD
:107890002068B0F8400040F004002168A1F84000E2
:1078A000204600F057F9206806F00CF900F400704B
:1078B000B0F5007F0BD12068B0F844004FF6FF51BF
:1078C00008402168A1F84400204600F0FAF820683A
:1078D00006F0F8F800F48070B0F5807F08D12068D9
:1078E000B0F844004FF6FF6108402168A1F8440059
:1078F0007FBD30B585B0044614B9012005B030BD58
:1079000094F8A90228B9002084F8A802204600F0C3
:107910009DF8032084F8A902206805F054FA142287
:1079200004F110016846FEF70DF894E80F0005F029
:10793000F7F820B1022084F8A9020120DEE7002137
:10794000206806F0E8F8002531E0012105EB85020A
:1079500004F1280000EBC200417005EB850104F141
:10796000280000F8315005EB850100EBC100C5810E
:10797000002105EB850204F1280000EBC200C17074
:1079800005EB850204F1280000EBC200016105EB64
:10799000850204F1280000EBC200416105EB85027D
:1079A00004F1280000EBC2008161681CC5B2606868
:1079B000A842CAD800252AE0002105EB850204F57B
:1079C000B47000EBC200417005EB850104F5B470A2
:1079D00000F83150002105EB850200EBC200C170B8
:1079E00005EB850204F5B47000EBC200016105EB04
:1079F000850204F5B47000EBC200416105EB85021D
:107A000004F5B47000EBC2008161681CC5B2606807
:107A1000A842D1D8142204F110016846FDF792FF64
:107A200094E80F0005F0C4F920B1022084F8A902FF
:107A3000012063E7002084F82400012084F8A902D3
:107A4000206805F0B2F9002058E7000038B5044678
:107A50000D492068884215D100BF0C48C06940F428
:107A600000000A49C8610846C06900F4000000909F
:107A700000BF00BF002211461420FFF71BF914209D
:107A8000FFF708F938BD0000005C0040001002401C
:107A900070B504460125A068022801D0FEF7E6F87B
:107AA0002946D4F8E80204F0EBFAD4F8E80204F02E
:107AB0009DFA70BD10B50446D4F8E80204F0C4FA8B
:107AC00010BD10B50446D4F8E80204F0C8FA10BDA1
:107AD00070B504460D4600BF94F8A802012801D1F4
:107AE000022070BD012084F8A80200BF84F8245051
:107AF0002946206806F012F800BF002084F8A8028A
:107B000000BF00BFEDE710B5044604F52C71D4F8B2
:107B1000E80204F0CCFA10BD10B5044600BF94F89A
:107B2000A802012801D1022010BD012084F8A8027A
:107B300000BF206805F0B4FF01212046FFF72EF9B1
:107B4000206805F02FF900BF002084F8A80200BFCC
:107B500000BFE9E710B50446D4F8E80204F000FBE2
:107B6000A06928B10348006840F006000149086098
:107B700010BD000010ED00E00120014908627047CF
:107B800000000E422DE9F04385B006463BA30FCB23
:107B900001AC0FC43DA0006800904FF00008002524
:107BA00000270024A146012E30D0022E55D0102EE1
:107BB0005ED137484468006800F0807000B301A8C7
:107BC000C4F38341475C04F4803070B130484068AE
:107BD000C0F340401DF8008004F4803040B12D48CF
:107BE000B0FBF8F000FB07F502E02B4807FB00F5BF
:107BF0002748406800F48000B0F5800F01D1A94605
:107C000003E068000321B0FBF1F932E02048046A88
:107C100004F44070B0F5807F05D104F0020010B18B
:107C20004FF4004918E004F44070B0F5007F07D12C
:107C30001748406A00F0020010B149F640490BE0D5
:107C400004F44070B0F5407F06D11148006800F49C
:107C5000003008B14FF224490BE000F09BF90C49C9
:107C60004968C1F38131491C4900B0FBF1F900E0DA
:107C700000BF00BF484605B0BDE8F083020304051D
:107C8000060708090A0B0C0D0E0F10100102000068
:107C90000010024000127A0000093D00F8B50446C9
:107CA00000260025207800F0010000286BD0002776
:107CB0004348C06900F0805070B900BF4048C069B7
:107CC00040F080503E49C8610846C06900F08050CD
:107CD000009000BF00BF01273A48006800F48070A0
:107CE000B0B93848006840F4807036490860FEF743
:107CF00099FB064606E0FEF795FB801B642801D938
:107D00000320F8BD2F48006800F480700028F2D0EE
:107D10002B48006A00F440752DB3A08800F4407031
:107D2000A84220D02648006A20F440750120264948
:107D30000860002008602248056205F0010090B14B
:107D4000FEF770FB064608E0FEF76CFB801B41F275
:107D50008831884201D90320D3E71948006A00F02E
:107D600002000028F0D01648006A20F440706168D4
:107D7000084313490862012F04D10846C06920F066
:107D80008050C86100BF207800F00200022807D1AF
:107D90000B48406820F44040A16808430849486007
:107DA000207800F01000102807D10548406820F422
:107DB0008000E1680843024948600020A1E7000014
:107DC0000010024000700040400442427047000032
:107DD00070B504460D460CB9012070BD5A480068C4
:107DE00000F00700A8420ED25748006820F00700B4
:107DF0002843554908600846006800F00700A8427B
:107E000001D00120E9E7207800F0020002281DD10E
:107E1000207800F00400042805D14C48406840F464
:107E2000E0604A494860207800F00800082805D141
:107E30004648406840F460504449486043484068C0
:107E400020F0F000A168084340494860207800F025
:107E5000010078B36068012806D13C48006800F44E
:107E6000003090B90120B8E76068022806D1374891
:107E7000006800F0007040B90120AEE733480068A8
:107E800000F0020008B90120A7E73048406820F060
:107E90000300616808432D494860FEF7C3FA0646AF
:107EA00009E0FEF7BFFA801B41F28831884202D90F
:107EB000032092E707E02548406800F00C00616865
:107EC000B0EB810FEDD12048006800F00700A84218
:107ED0000ED91D48006820F0070028431A490860A1
:107EE0000846006800F00700A84201D0012074E7AE
:107EF000207800F00400042807D11448406820F4DA
:107F0000E060E168084311494860207800F008000B
:107F1000082808D10D48406820F46050216940EAE3
:107F2000C1000A49486000F045F808494968C1F3B2
:107F30000311074A515CC8400649086006480068BA
:107F4000FEF758FE002048E70020024000100240E3
:107F500020F30008440100202C01002001200149E9
:107F6000C864704700004242014800687047000042
:107F70004401002000B5FFF7F7FF04494968C1F349
:107F80000221034A515CC84000BD000000100240BD
:107F900030F3000800B5FFF7E7FF04494968C1F373
:107FA000C221034A515CC84000BD000000100240DD
:107FB00030F30008F0B585B00FF26C0C9CE8E010CF
:107FC00001A8A0E8E0101CA52D6800950021002262
:107FD000002300240020194D696801F00C05F5B15B
:107FE000042D02D0082D19D101E0154819E001AD8A
:107FF000C1F38346AC5D01F4803555B10F4D6D681A
:10800000C5F340451DF805200D4D6543B5FBF2F362
:1080100002E00C4D04FB05F3184602E000BF0848DF
:1080200000BF00BF05B0F0BD020304050607080944
:108030000A0B0C0D0E0F1010010200000010024080
:1080400000127A0000093D0010B50648806800F073
:108050008000802804D1FFF7B9FE80200149887292
:1080600010BD000000100240F8B504460CB9012014
:10807000F8BD207800F00100002878D0F84840686A
:1080800000F00C0004280CD0F548406800F00C000B
:10809000082811D1F248406800F48030B0F5803FE4
:1080A0000AD1EF48006800F4003000285FD0606813
:1080B00000285CD10120DBE700BF6068B0F5803F9D
:1080C00006D1E748006840F48030E549086028E0C0
:1080D000606858B9E248006820F48030E0490860E0
:1080E0000846006820F4802008601AE06068B0F557
:1080F000A02F0BD1DA48006840F48020D8490860EE
:108100000846006840F4803008600AE0D4480068FF
:1081100020F48030D24908600846006820F48020AE
:10812000086000BF606888B1FEF77CF9054606E08C
:10813000FEF778F9401B642801D9032098E7C84866
:10814000006800F400300028F2D010E0FEF76AF971
:10815000054606E0FEF766F9401B642801D90320B6
:1081600086E7BF48006800F400300028F2D120788C
:1081700000F00200022857D1B948406800F00C0016
:1081800050B1B748406800F00C00082818D1B44836
:10819000406800F4803098B9B148006800F00200EF
:1081A00020B12069012801D0012061E7AC480068B6
:1081B00020F0F800616940EAC100A949086033E095
:1081C0002069E8B10120A7490860FEF72BF90546B0
:1081D00006E0FEF727F9401B022801D9032047E7F4
:1081E0009F48006800F002000028F2D09C48006818
:1081F00020F0F800616940EAC1009949086013E085
:10820000002098490860FEF70DF9054606E0FEF7E4
:1082100009F9401B022801D9032029E7904800688A
:1082200000F002000028F2D1207800F008000828B1
:108230002DD1A069B8B101208B490860FEF7F2F892
:10824000054606E0FEF7EEF8401B022801D90320A0
:108250000EE78348406A00F002000028F2D00120B7
:1082600002F08EFB13E000207F490860FEF7DAF889
:10827000054606E0FEF7D6F8401B022801D9032088
:10828000F6E67748406A00F002000028F2D1207834
:1082900000F00400042873D100277148C06900F081
:1082A000805070B900BF6E48C06940F080506C4982
:1082B000C8610846C06900F08050009000BF00BF50
:1082C00001276A48006800F48070B0B96748006808
:1082D00040F4807065490860FEF7A4F8054606E0A2
:1082E000FEF7A0F8401B642801D90320C0E65F48D0
:1082F000006800F480700028F2D000BFE068012818
:1083000006D15748006A40F001005549086227E04D
:10831000E06858B95248006A20F0010050490862EC
:108320000846006A20F00400086219E0E0680528A9
:108330000BD14B48006A40F00400494908620846E6
:10834000006A40F0010008620AE04548006A20F037
:108350000100434908620846006A20F004000862F0
:1083600000BFE068A0B1FEF75DF8054609E0FEF742
:1083700059F8401B41F28831884202D9032077E640
:1083800022E03748006A00F002000028EFD012E037
:10839000FEF748F8054608E0FEF744F8401B41F2B6
:1083A0008831884201D9032062E62D48006A00F036
:1083B00002000028F0D1012F05D12948C06920F022
:1083C00080502749C86100BFE069C8B324484068AD
:1083D00000F00C00082860D0E069022848D1002095
:1083E00020490866FEF71EF8054606E0FEF71AF873
:1083F000401B022801D903203AE61948006800F022
:1084000000700028F2D1206AB0F5803F07D11448EF
:10841000406820F40030A168084311494860D4E95D
:10842000080108430E49496821F4741108430C49B6
:10843000486001200B490866FDF7F4FF054607E098
:108440003DE0FDF7EFFF401B022801D903200FE6B6
:108450000348006800F000700028F2D02FE0000010
:10846000001002400000424280044242007000407E
:10847000002014490866FDF7D5FF054606E0FDF724
:10848000D1FF401B022801D90320F1E50E48006806
:1084900000F000700028F2D111E0E069012800D15D
:1084A000E6E50948466806F48031206A814204D135
:1084B00006F47011606A814201D00120D8E50020E5
:1084C000D6E5000000004242001002402DE9F047CE
:1084D00080460E469246002500270024A1464046CD
:1084E00002F0A7FA81462548B9FBF0F42448006859
:1084F000A04240D02248046040F2B2750EE0284607
:1085000005F0A1FC012806D1B4F5B77F02D3A4F58C
:10851000B77402E005E0A4F26D146D1CB4F5B67FEB
:10852000EDD800BF2F46A5F5FA60F070002515E0E4
:10853000012D09D1384605F086FC012804D11D2CF7
:1085400001D31D3C09E00BE00E48405DA04203D87A
:108550000C48405D241A00E002E06D1C1C2CE7D2A0
:1085600000BF681C7070601CB070B2787178F078D1
:1085700002F079FA30700020BDE8F08780510100E8
:108580004001002014F300082DE9F04707460C468F
:1085900091460026B046002538684068C0F3800048
:1085A00010B10120BDE8F087384602F042FA0646D5
:1085B0004FF46160B6FBF0F5B6FBF0F100FB116023
:1085C0003C21B0FBF1F060704FF46160B6FBF0F15C
:1085D00000FB11603C21B0FBF1F201FB1200A07026
:1085E0001820B5FBF0F100FB11502070182D08D3B6
:1085F0001820B5FBF0F8B5FBF0F100FB115020702E
:1086000000E025700020CDE770B5044600250CB9C8
:10861000012070BD607C20B900202074204600F04D
:108620005BF802206074204600F085F918B1042040
:1086300060740120EDE7204602F0C1F918B1042072
:1086400060740120E5E72068406820F00700216899
:108650004860A06828B11F48006820F001001D494B
:1086600008601C48001F006820F46070A16808437F
:108670001849091F08606068401C08B1656809E076
:108680000120FFF77FFA05461DB904206074012020
:10869000BFE76D1E2068806820F00F0040EA15409B
:1086A000216888602068C06865F30F002168C86091
:1086B000204602F0A1F918B1042060740120A8E757
:1086C0000021E17301216173A17301206074002016
:1086D0009FE70000306C004038B504460B49206825
:1086E000884212D1FFF748FA00BF0948C06940F03C
:1086F00000600749C8610846C06900F0006000904A
:1087000000BF00BF01200349086038BD00280040B9
:10871000001002403C0442422DE9F04F87B006466B
:108720000F464FF000090020069080460024059077
:1087300004900390824600BF48A207CA8DE8070054
:10874000304602F076F981464FF46160B9FBF0F0F3
:1087500006904FF46160B9FBF0F100FB11903C21F1
:10876000B0FBF1F0C0B204904FF46160B9FBF0F1DE
:1087700000FB11903C21B0FBF1F201FB12000390D1
:1087800018210698B0FBF1F201FB12000590F87871
:1087900000F5FA6840F63300804500D9804640F283
:1087A000B270804500D2804640F2B2750AE0284699
:1087B00005F049FB012802D12B48044401E02B4875
:1087C00004446D1C4545F2D397F801A0404605F0DE
:1087D0003AFB012804D1BAF1020F01D9244804441C
:1087E000AAF1010A002507E01DF8050040F2A321C7
:1087F000484304EBC0146D1C5545F5D397F802B0FF
:10880000ABF1010040F2A321484304EBC0140598EA
:10881000C0EB4011C1EB002004EB00140498C0EB46
:10882000001004EB80040398044400BF307C01284E
:1088300003D1022007B0BDE8F08F0120307400BFE3
:10884000022070742146304602F04FF90120707406
:1088500000BF0020307400BF00BFEBE71F1C1F1ECD
:108860001F1E1F1F1E1F1E1F0085E2018033E10116
:10887000805101002DE9F05F04460D469046002628
:108880000027B146B246204602F0D3F807464FF41F
:108890006160B7FBF0F9B9F1180F0AD31820B9FBE2
:1088A000F0FA0AEB4A00C0004FF4616100FB01F7E7
:1088B00000E0002700BF207C012802D10220BDE893
:1088C000F09F0120207400BF02206074B8F1000FF7
:1088D0000BD128784FF4616148436978C1EB0111ED
:1088E00000EB8100A978461812E0287802F05CF8C5
:1088F0004FF4616100FB01FB687802F055F8C0EBB2
:1089000000100BEB800BA87802F04EF80BEB000682
:108910003E443146204602F0E8F82068406820F0E6
:108920000500216848600120607400BF00202074A9
:1089300000BF00BFC3E770B5044600250CB9012095
:1089400070BD2068406820F0080021684860FDF78D
:1089500069FD054607E0FDF765FD401BB0F57A7F30
:1089600001D90320ECE72068406800F008000028E7
:10897000F1D00020E4E710B504460CB9012010BD89
:10898000606A38B96068B0F5827F00D105E00021E7
:10899000E16102E00021216161610021A16294F89E
:1089A000510028B9002084F85000204600F042F819
:1089B000022084F851002068006820F040002168FF
:1089C0000860A08800F48270218901F40441084302
:1089D000A18901F400610843217C01F002010843F0
:1089E000217D01F001010843218B01F4007108434E
:1089F000217F01F0380108432021095D01F0800149
:108A00000843218D01F400510843216808600421C6
:108A1000A06901EA1040216848602068C06920F41C
:108A200000602168C86100206065012084F8510061
:108A30000020A4E710B586B0044600200290039001
:108A4000049005901949206888422DD100BF18482C
:108A5000806940F48050164988610846806900F4B6
:108A60008050019000BF00BF00BF0846806940F001
:108A7000040088610846806900F00400019000BF8E
:108A800000BFA0200290022003900320059002A9BD
:108A90000848FDF729FB4020029000200390049035
:108AA00002A90448FDF720FB06B010BD00300140CC
:108AB000001002400008014070B504462546681EBB
:108AC000B0F1807F01D301200FE0681E4FF0E0215C
:108AD00048610F214FF0FF3005F076F800204FF08D
:108AE000E021886107200861002070BD7047704751
:108AF00030B502460B4600BF92F83C00012801D178
:108B0000022030BD012082F83C0000BF022082F824
:108B10003D00106844681068816824F0700418688B
:108B2000044310684460104D1068A8420BD01068D0
:108B3000B0F1804F07D00D4D1068A84203D00C4D06
:108B40001068A84205D121F08001586801431068DF
:108B50008160012082F83D0000BF002082F83C00C7
:108B600000BF00BFCDE70000002C01400004004022
:108B70000008004010B504460CB9012010BD94F85F
:108B80003D0028B9002084F83C00204600F026F87B
:108B9000022084F83D00211D206802F0C5F9012063
:108BA00084F8460000BF84F83E0001213F200155B3
:108BB000402001554120015500BF00BF012084F82D
:108BC000420043200155442001554520015500BF76
:108BD000012084F83D000020D0E7000038B50446AD
:108BE0001A492068884216D100BF1948C06940F070
:108BF00002001749C8610846C06900F002000090F1
:108C000000BF00BF002211461D20FEF753F81D20B3
:108C1000FEF740F819E02068B0F1804F15D100BF91
:108C20000B48C06940F001000949C8610846C069A5
:108C300000F00100009000BF00BF022211461C207E
:108C4000FEF738F81C20FEF725F838BD0004004078
:108C500000100240014691F83D00012801D001209A
:108C60007047022081F83D00124B086898420BD0F3
:108C70000868B0F1804F07D00F4B0868984203D0C6
:108C80000E4B086898420CD10868806800F0070213
:108C9000062A0CD00868006840F001000B681860D4
:108CA00005E00868006840F001000B6818600020CB
:108CB000D6E70000002C01400004004000080040FE
:108CC000014691F83D00012801D0012070470220A3
:108CD00081F83D000868C06840F001000B68D8606A
:108CE000124B086898420BD00868B0F1804F07D04B
:108CF0000F4B0868984203D00E4B086898420CD17D
:108D00000868806800F00702062A0CD0086800682E
:108D100040F001000B68186005E00868006840F04A
:108D200001000B6818600020D0E70000002C014013
:108D300000040040000800402DE9F04104460D46C3
:108D400000BF94F83C00012802D10220BDE8F08168
:108D5000012084F83C0000BF022084F83D00206818
:108D6000866826F0770626F47F46206886602868A5
:108D7000502833D00CDC202850D004DC00284BD005
:108D8000102851D149E0302849D040284CD139E051
:108D900060282DD0702807D0B0F5805F03D0B0F5E3
:108DA000005F41D10DE040E0D5E902136A68206818
:108DB00002F0F4F82068866846F07706206886603E
:108DC00033E0D5E902136A68206802F0E7F820680A
:108DD000806840F480402168886026E0EA6869681D
:108DE000206802F0EFF85021206802F0E2F81CE061
:108DF000EA686968206802F0F8F86021206802F0EB
:108E0000D8F812E0EA686968206802F0DBF84021CF
:108E1000206802F0CEF808E000BF00BF00BF29685C
:108E2000206802F0C6F800E000BF00BF012084F80F
:108E30003D0000BF002084F83C0000BF00BF85E774
:108E4000704710B5044620680069C0F34000D8B1EF
:108E50002068C068C0F34000B0B16FF00200216824
:108E60000861012020772068806900F0030018B1B4
:108E70002046FFF7E5FF05E0204600F0ADF820466C
:108E800000F0ABF80020207720680069C0F3800074
:108E9000D8B12068C068C0F38000B0B16FF00400A2
:108EA00021680861022020772068806900F4407002
:108EB00018B12046FFF7C4FF05E0204600F08CF80B
:108EC000204600F08AF80020207720680069C0F36F
:108ED000C000D8B12068C068C0F3C000B0B16FF066
:108EE000080021680861042020772068C06900F02C
:108EF000030018B12046FFF7A3FF05E0204600F06D
:108F00006BF8204600F069F800202077206800699F
:108F1000C0F30010D8B12068C068C0F30010B0B131
:108F20006FF0100021680861082020772068C06970
:108F300000F4407018B12046FFF782FF05E020469C
:108F400000F04AF8204600F048F80020207720681A
:108F5000006900F0010058B12068C06800F001000D
:108F600030B16FF0010021680861204600F036F84A
:108F700020680069C0F3C01058B12068C068C0F311
:108F8000C01030B16FF08000216808612046FFF703
:108F9000ADFD20680069C0F3801058B12068C0683A
:108FA000C0F3801030B16FF04000216808612046A6
:108FB00000F020F820680069C0F3401058B1206824
:108FC000C068C0F3401030B16FF020002168086124
:108FD0002046FFF78CFD10BD7047704710B5044662
:108FE00003492068884201D101F0B8FD10BD00009E
:108FF0000004004070477047704700002DE9F84FAB
:109000000446206805682068C668206847694FF0F4
:109010000009CA4605F00F09B9F1000F0AD105F0A1
:10902000200038B106F0200020B1204602F026F8DA
:10903000BDE8F88FB9F1000F71D007F0010018B941
:1090400006F4907000286AD005F0010030B106F4F3
:10905000807018B1206C40F00100206405F004001D
:1090600030B107F0010018B1206C40F0020020641C
:1090700005F0020030B107F0010018B1206C40F09B
:109080000400206405F0080048B106F0200010B983
:1090900007F0010018B1206C40F008002064206C3B
:1090A00068B305F0200028B106F0200010B120467A
:1090B00001F0E4FF20684069C0F3801A206C00F0E2
:1090C000080010B9BAF1000F22D0204601F0ABFF22
:1090D0002068406900F04000B0B12068406920F08D
:1090E000400021684861A06B50B15648A16B4863AD
:1090F000A06BFCF7BBFE10B1A06B416B88470CE086
:109100002046FFF779FF08E02046FFF775FF04E0EF
:109110002046FFF771FF0020206489E7FFE7206BFE
:10912000012878D105F01000002874D006F0100056
:10913000002870D000BF00200090206800680090D8
:1091400020684068009000BF00BF2068406900F0C0
:109150004000C0B3A06B006840681FFA80F8B8F107
:10916000000F2FD0A08D40452CDDA4F82E80A06BE1
:10917000806920281FD02068C06820F48070216892
:10918000C8602068406920F00100216848612068BB
:10919000406920F0400021684861202084F83E00AA
:1091A000002020632068C06820F010002168C8609B
:1091B000A06BFCF72FFEA08DE28D801A81B22046B5
:1091C000FFF719FF34E7FFE7A08DE18D401A1FFA82
:1091D00080F8E08DE8B1B8F1000F1AD02068C068BF
:1091E00020F490702168C8602068406920F0010078
:1091F00021684861202084F83E0000202063206818
:10920000C06820F010002168C86041462046FFF782
:10921000F2FE0DE7FFE705F0800030B106F08000B8
:1092200018B1204602F01AF802E705F0400030B10C
:1092300006F0400018B1204601F010FFF8E600BF2C
:10924000F6E6000013B0000810B504460CB9012082
:1092500010BDA06900B100E000BF94F83D0028B93E
:10926000002084F83C00204600F028F8242084F8F0
:109270003D002068C06820F400502168C860204686
:1092800001F06EFF2068006920F4904021680861B9
:109290002068406920F02A00216848612068C06881
:1092A00040F400502168C86000202064202084F829
:1092B0003D0084F83E000020CAE7000010B586B0EB
:1092C0000446002002900390049005905D492068B8
:1092D00088423FD100BF5C48806940F480405A49D1
:1092E00088610846806900F48040019000BF00BF9B
:1092F00000BF0846806940F0080088610846806920
:1093000000F00800019000BF00BF40200290022042
:1093100003900320059002A94C48FCF7E5FE80204D
:10932000029000200390049002A94848FCF7DCFE5C
:1093300000BF4749486840F0E06040F004004860E2
:1093400000BF002211462520FDF7B4FC2520FDF7C3
:10935000A1FC75E03F492068884236D100BF3A48F9
:10936000C06940F400303849C8610846C06900F45B
:109370000030019000BF00BF00BF0846806940F088
:10938000040088610846806900F00400019000BF75
:1093900000BF04200290022003900320059002A940
:1093A0002D48FCF7A1FE08200290002003900490B5
:1093B00002A92948FCF798FE002211462620FDF755
:1093C00079FC2620FDF766FC3AE0244920688842B3
:1093D00036D100BF1C48C06940F480201A49C861DA
:1093E0000846C06900F48020019000BF00BF00BFA4
:1093F0000846806940F0080088610846806900F0EE
:109400000800019000BF00BF0815029002200390E1
:109410000320059002A90D48FCF766FE4FF400609A
:10942000029000200390049002A90848FCF75CFE1B
:10943000002211462720FDF73DFC2720FDF72AFCDE
:1094400006B010BD0038014000100240000C014081
:109450000000014000440040000801400048004076
:1094600070472DE9F84F04460E46174699464FF0CF
:10947000000A94F83D0020285AD106B117B90120FE
:10948000BDE8F88F00BF94F83C00012801D102200C
:10949000F6E7012084F83C0000BF00202064212072
:1094A00084F83D00FCF7BEFF8246A784E784A068ED
:1094B000B0F5805F04D1206910B90025B04602E004
:1094C00035464FF0000800BF002084F83C0000BF84
:1094D0001BE05346002280212046CDF8009001F089
:1094E000EDFE08B10320CBE745B9B8F80000C0F3A2
:1094F00008002168486008F1020803E02878216824
:1095000048606D1CE08C401EE084E08C0028E0D1B7
:109510005346002240212046CDF8009001F0CEFEB7
:1095200008B10320ACE7202084F83D000020A7E725
:109530000220A5E77047000002E002A005F0CEFC83
:10954000FBE700007B22526563697665223A7B2245
:10955000537461747573223A37307D7D0A000000C0
:10956000014608684069C0F38020B0B16FF48060A4
:109570000A68506100200863202081F83D00002027
:1095800081F83E00086C40F00400086400BF002031
:1095900081F83C0000BF012070470020FCE700007C
:1095A0002DE9F84304460D4690461E46E76A2068BA
:1095B000006840F4806021680860082F04D0012F03
:1095C00002D017F5803F06D12068006840F4807013
:1095D0002168086008E0206B112805D12068006828
:1095E00040F4807021680860434600224FF001116A
:1095F0002046009600F0FEF860B12068006800F494
:109600008070B0F5807F02D14FF400702064032099
:10961000BDE8F8832069B0F5804F05D1E8B240F08D
:1096200001002168086149E005F44070F02141EA39
:10963000E01021680861334642462649204600F082
:1096400021F908B10120E3E7E8B221680861334657
:1096500042462049891F204600F014F908B1012034
:10966000D6E700BF00200090206840690090206885
:109670008069009000BF00BF2068006840F48070DF
:1096800021680860434600224FF0011120460096F1
:1096900000F0B0F858B12068006800F48070B0F5B0
:1096A000807F02D14FF4007020640320B0E705F4FE
:1096B0004070F12141EAE0102168086133464246DA
:1096C0000449891F204600F0DDF808B101209FE71A
:1096D00000209DE7080001002DE9F84304460D46EF
:1096E00017469846E66A082E04D0012E02D016F5D9
:1096F000803F06D12068006840F4807021680860CF
:1097000008E0206B122805D12068006840F48070C2
:10971000216808603B4600224FF001112046CDF839
:10972000008000F067F860B12068006800F4807085
:10973000B0F5807F02D14FF4007020640320BDE8B3
:10974000F8832069B0F5804F04D105F0FE00216850
:10975000086112E005F44070F02141EAE010216850
:10976000086143463A460B49204600F08BF808B1A1
:109770000120E4E7E8B22168086143463A4605491A
:10978000891F204600F07EF808B10120D7E70020AD
:10979000D5E700000800010070B504460D461646E6
:1097A00020E02046FFF7DCFE08B1012070BD681CF8
:1097B000C0B1FCF737FE801BA84200D895B9002045
:1097C0002063202084F83D00002084F83E00206CB7
:1097D00040F02000206400BF002084F83C0000BF5F
:1097E0000120E3E720684069C0F380000028D8D05A
:1097F0000020DBE72DE9F04704460D4617461E46DC
:10980000DDF820804FF000091FE0701CE8B109F17D
:109810000109FCF707FEA0EB0800B04200D8A6B98A
:1098200000202063202084F83D00002084F83E00C2
:10983000206C40F02000206400BF002084F83C0031
:1098400000BF81460120BDE8F087C5F3074001282D
:109850000AD120684069A9B20840A9B2884201D162
:1098600001200BE0002009E020688069A9B20840CF
:10987000A9B2884201D1012000E00020B842C4D042
:109880000020E0E72DE9F04104460D4616461F464C
:109890003DE020684069C0F38020E8B1206800689E
:1098A00040F40070216808606FF4806021684861AE
:1098B00000202063202084F83D00002084F83E0032
:1098C000206C40F00400206400BF002084F83C00BD
:1098D00000BF0120BDE8F081701CC0B1FCF7A2FD03
:1098E000C01BB04200D896B900202063202084F825
:1098F0003D00002084F83E00206C40F020002064F1
:1099000000BF002084F83C0000BF0120E2E7C5F35F
:10991000074001280AD120684069A9B20840A9B2CD
:10992000884201D101200BE0002009E02068806915
:10993000A9B20840A9B2884201D1012000E000206C
:109940000028A6D00020C5E770B504460D4616468F
:1099500032E020684069C0F30010A0B16FF0100041
:109960002168486100202063202084F83D00002009
:1099700084F83E00206C206400BF002084F83C0086
:1099800000BF012070BDFCF74DFD801BA84200D830
:1099900095B900202063202084F83D00002084F841
:1099A0003E00206C40F02000206400BF002084F8BE
:1099B0003C0000BF0120E5E720684069C0F380104B
:1099C0000028C6D00020DDE770B504460D461646D7
:1099D00020E02046FFF7C4FD08B1012070BD681CDF
:1099E000C0B1FCF71FFD801BA84200D895B900202C
:1099F0002063202084F83D00002084F83E00206C85
:109A000040F02000206400BF002084F83C0000BF2C
:109A10000120E3E720684069C0F3C0100028D8D0D7
:109A20000020DBE730B59FB004460D46702239496F
:109A300003A8FBF787FF332D50D006DC102D0BD089
:109A4000122D58D0142D63D121E0352D2CD0372D77
:109A500010D0392D5CD134E003A86021A300CDE9FA
:109A600000102D4802782D492D4800F0ADFDC0B200
:109A70001FB030BD07A86121A300CDE90010264822
:109A800002782649264800F09FFDC0B2F0E70BA8F7
:109A90006021A300CDE900101F4802781F4920482B
:109AA00000F092FDC0B2E3E70FA86121A300CDE969
:109AB0000010194802781949194800F085FDC0B214
:109AC000D6E713A86121A300CDE90010124802785F
:109AD0001249134800F078FDC0B2C9E717A8612108
:109AE000A300CDE900100C4802780C490C4800F0A6
:109AF0006BFDC0B2BCE71BA86021A300CDE900103C
:109B0000054802780549064800F05EFDC0B2AFE79F
:109B10000120ADE738F3000880000020701D002010
:109B20004809002070B504460D46224629460248E1
:109B300000F08CFDC0B270BD4809002070B504462D
:109B40003223002221460D4800F030FE0C49086007
:109B500008460068401C30B90020E070A0706070BA
:109B60002070012070BD002504E0605D0549485566
:109B7000681CC5B2042DF8DB0020F3E7480900207B
:109B800080000020701D002070B504460D4622465E
:109B90002946024800F088FDC0B270BD4809002087
:109BA00030B50B46002100BF16E00A24B4EB107F4D
:109BB00005D9302404EB107403F8114005E041246A
:109BC00004EB10740A3C03F81140000100254C001E
:109BD000641C1D554C1CE1B29142E6DB30BD000017
:109BE00010B5034800F0E9FC014800F03DFE10BD4F
:109BF0004809002000B585B0002001900290039034
:109C0000049000BF3D48806940F010003B498861E6
:109C10000846806900F01000009000BF00BF00BF40
:109C20000846806940F0200088610846806900F09D
:109C30002000009000BF00BF00BF0846806940F0D0
:109C4000040088610846806900F00400009000BFAD
:109C500000BF00BF0846806940F0080088610846E0
:109C6000806900F00800009000BF00BF00224FF4A0
:109C7000E2612348FCF7D0FB002201212148FCF7D8
:109C8000CBFB4FF4E2600190012002900020039092
:109C90000320049001A91A48FCF726FA012001903C
:109CA0000290002003900220049001A91548FCF7BF
:109CB0001BFA002208211348FCF7AEFB0820019094
:109CC00001200290002003900220049001A90D4879
:109CD000FCF70AFA0122D1030948FCF79DFB4FF477
:109CE0000040019001200290002003900320049086
:109CF00001A90348FCF7F8F905B000BD00100240C7
:109D000000080140000C014010B50C480C490860E7
:109D10000C48486000210A4881609021C1604FF4DE
:109D200080410161002141618161C1610162FCF7F3
:109D30007FFB08B1FBF79AFF10BD00000054004004
:109D40006C090020801A060010B507480749086012
:109D50000620486040F6FF7104488160FCF7FAFE77
:109D600008B1FBF783FF10BD003000406009002000
:109D70001CB50020019000900748084908604FF08A
:109D8000FF3048604FF4807104488160FEF73CFC6E
:109D900008B1FBF76BFF1CBD00280040C009002084
:109DA00010B50F480F4908604FF4827048600021D9
:109DB0000C488160C160016141614FF400718161B3
:109DC0001821C161802101620021416281620A2162
:109DD000C162FEF7D0FD08B1FBF748FF10BD0000DF
:109DE00000300140D409002000B587B00020039066
:109DF0000490059006900190029014481449086060
:109E000040F2DB5048600021114881600121C160AF
:109E1000002101618161FEF7ADFE08B1FBF726FF6D
:109E20004FF48050039003A90948FEF785FF08B15D
:109E3000FBF71CFF00200190029001A90448FEF7E7
:109E400057FE08B1FBF712FF07B000BD0004004049
:109E50002C0A002010B5094809490860002108486B
:109E60008160C16001610C21416100218161C1619A
:109E7000FFF7EAF908B1FBF7F9FE10BD0038014021
:109E8000740A002010B50B480B4908604FF4E1300C
:109E90004860002108488160C16001610C21416176
:109EA00000218161C161FFF7CFF908B1FBF7DEFE48
:109EB00010BD000000440040B80A00201FB500207B
:109EC00000900190029003904FF480500090012088
:109ED0000190022002900320039069461448FCF789
:109EE00003F900224FF480511148FCF795FA6420E1
:109EF000FCF714F800220F490F4801F0CEFE08B11C
:109F0000FBF7B4FE0D490C4802F060F908B1FBF70D
:109F1000ADFE0B49084801F066FB08B1FBF7A6FE51
:109F2000054802F01DFA08B1FBF7A0FE1FBD0000B6
:109F300000080140C0000020400B00205801002014
:109F40001801002000BFFEE7FEF77EF800BFFEE725
:109F50002DE9F0470546EAE12868B0F844A00AF088
:109F60000F06002E7ED10AF01000B0BB00BF29689A
:109F7000098848F60F7201EA020040F400412A689D
:109F8000118000BF05F128042868B0F8501020782F
:109F900001EBC000801C296801F5806131F81000D8
:109FA000C0F30900E061E169606908446061002173
:109FB0002846FCF7F4FE95F824000028CBD0A069D1
:109FC0000028C8D195F8240040F080002968A1F845
:109FD0004C00002085F82400A9E1FFE705F5B474E2
:109FE0002868B0F8008008F4006030B32868B0F842
:109FF0005010207801EBC000801D296801F58061B8
:10A0000031F81000C0F30900E061A18B8BB2E28847
:10A0100005F52C71286803F059FD00BF29680988EF
:10A0200040F68F7201EA020040F080012A68118038
:10A0300000BF2846FDF767FD79E108F400400028DD
:10A0400089D000BF2968098840F68F7201EA0200B2
:10A0500040F080012A68118000BF2868B0F85010D5
:10A06000207800E06FE001EBC000801D296801F559
:10A07000806131F81000C0F30900E061E06990B13F
:10A08000606980B1B4F81CC01FFA8CF3E288616982
:10A09000286803F01BFDE1696069084460610021E4
:10A0A0002846FCF78CFE2868008800F40060002831
:10A0B00092D100BF2A682968B1F850100A4402F210
:10A0C0000C41084600BF236953B9038848F2FF3C9E
:10A0D00003EA0C030380038843F4004303801EE07B
:10A0E00023693E2B0DD800BF23695908237C03F058
:10A0F000010303B1491C4FF6FF7303EA8123038078
:10A100000DE000BF23695909237C03F01F0303B945
:10A11000491E4FF4004343EA8123038000BF00BF80
:10A1200000BF00BF296809884BF68F7201EA020060
:10A1300080F4805080F4005040F4004141F08001F0
:10A140002A681180F3E07100286830F8118008F463
:10A15000004000287ED000BF7200296831F812103C
:10A1600040F68F7201EA020040F0800173002A6815
:10A1700022F8131000BF06EB860105F5B47000EB62
:10A18000C104207BB0B92868B0F85010207801EBEA
:10A19000C000801D296801F5806131F81000C0F30E
:10A1A0000907002F5BD0E28861693B46286803F00D
:10A1B0008DFC54E0E078022806D14246214628462C
:10A1C000FCF780FE07464AE000BF00BF227852003D
:10A1D000296831F8121048F68F7201EA020040F443
:10A1E000004141F0C00123785B002A6822F8131077
:10A1F00000BF00BF21784900286830F8110000F442
:10A200008040A8B12868B0F85010207801EBC00059
:10A21000801C296801F5806131F81000C0F309073E
:10A22000EFB1228961693B46286803F04FFC16E0D4
:10A230002868B0F85010207801EBC000801D296814
:10A2400001F5806131F81000C0F309073FB1628960
:10A25000616900E017E03B46286803F037FCE069DD
:10A260003844E061606938446061A06910B12069D8
:10A27000B84204D921782846FCF7A1FD03E0214625
:10A28000286802F048FE08F08000B0B306EB8601B3
:10A2900005F1280000EBC10400BF7200296831F805
:10A2A000121048F60F7201EA020040F400417300F8
:10A2B0002A6822F8131000BFE078032807D0E0785E
:10A2C00028B1E07802282DD108F4807050BB2868AE
:10A2D000B0F85010207801EBC000801C296801F50F
:10A2E000806131F81000C0F30909A069484505D91B
:10A2F000A069A0EB0900A06102E018E00020A061C5
:10A30000A06920B921782846FCF749FD0FE0606973
:10A3100048446061E0694844E0612146286802F0F1
:10A32000FAFD04E0424621462846FCF777FE2868FD
:10A33000B0F8440000F4004000287FF40DAEBDE802
:10A34000F08700002DE9F04F89B004460E46914693
:10A350001F46DDE9135BDDF848A0D4208DF804002A
:10A36000F0B28DF80500FF2D04DD4FF0FF3009B08D
:10A37000BDE8F08F002D02DA4FF0FF30F7E7002044
:10A3800006E01AF80020811C01AB5A54411CC8B2E7
:10A39000A842F6DBA81C82B201A9204600F07CFA94
:10A3A00020B1206980474FF0FF30E0E75846E16870
:10A3B000884710B94FF0FF30D9E7062101A862683D
:10A3C000904700210AE01A48405C01AA525C904282
:10A3D00002D04FF0FF30CAE7481CC1B20629F2D3C1
:10A3E0005846E168884710B94FF0FF30BFE7B81C06
:10A3F00082B201A9204600F080F980469DF8040051
:10A40000D52804D19DF80510701C814202D04FF070
:10A41000FF30ACE7002006E001AA811C515C09F87E
:10A420000010411CC8B2B842F6DBA8F102009EE75A
:10A43000A8F300083EB505460C464FF4FA7000211B
:10A44000009104232246CDE9011002212846FFF79E
:10A4500079FF401C28B908A003F08AFB4FF0FF30B9
:10A460003EBDE0780090A378627821780DA003F0DB
:10A470007FFB0020F4E700007B2243223A7B22523C
:10A48000656164657254797065223A504E35333295
:10A490002C2256657273696F6E223A4572726F7222
:10A4A0007D7D0A007B2243223A7B225265616465EE
:10A4B0007254797065223A504E3533322C225665EB
:10A4C0007273696F6E223A25642E25642E25642EE0
:10A4D00025647D7D0A000000054901600549416051
:10A4E000054981600549C160054901617047000067
:10A4F0002DA8000805A50008A9A500085DA500086D
:10A50000A5A50008F8B506460C4600200090671C7B
:10A51000384604F0DBF805460121684603F0DCFD0F
:10A520009DF80000012805D0284603F053FD4FF0A8
:10A53000FF30F8BD601C81B2284603F0CDFD00203D
:10A5400004E0411C695C3154411CC8B2A042F8DBF4
:10A55000284603F03FFD0020EBE7000038B5044635
:10A5600000200090FBF75EFF054611E00120FBF79D
:10A57000D5FC0121684603F0AFFD4AF6AA20084940
:10A580000968086000BF9DF80000012800D138BDAF
:10A59000FBF748FF401BA042E8D30020F7E700008C
:10A5A000600900200020704770B504460D4629461A
:10A5B000204603F0A3FD002070BD00B50246104602
:10A5C000FFF78AFF00BD00002DE9F04389B0074680
:10A5D0000D4614461E46DDE910891BA00068089050
:10A5E00001208DF80C0008F0FF008DF80D00F0B28E
:10A5F0008DF80E00002006E019F80020C11C03AB06
:10A600005A54411CC8B20628F6DB002006E02A5C3A
:10A6100000F1090103AB5A54411CC8B2A042F6DB59
:10A620004FF47A7104F1090003AA0123CDE9002057
:10A63000029108AA40213846FFF784FE9DF82000C9
:10A6400009B0BDE8F0830000FF00000070B58AB0DB
:10A6500006460C46154613A000680990E8B28DF82E
:10A6600026004FF47A70032109AA1123CDE90021B5
:10A67000029004AA40213046FFF764FE9DF81000C6
:10A6800018B19DF810000AB070BD002005E004AAC2
:10A69000411C515C2154411CC8B21028F7DB9DF8C5
:10A6A0001000F0E70130000070B58AB006460C4695
:10A6B000154601208DF81400A0208DF81500E8B291
:10A6C0008DF81600002005E0225CC11C05AB5A5431
:10A6D000411CC8B21028F7DB4FF47A70132105AA89
:10A6E0000123CDE90021029004AA40213046FFF762
:10A6F00029FE9DF810000AB070BD2DE9F0438BB023
:10A700008046894616460027F01D81B201A8D8F878
:10A710000420904700240AE0601CC4B206F108003F
:10A72000844204DB4FF0FF300BB0BDE8F08301A89A
:10A73000005D0028F0D001A8005DFF2802D04FF096
:10A74000FF30F1E7601CC4B206F10800844202DB6E
:10A750004FF0FF30E8E701A8055D01A9601C085C27
:10A760002844C0B210B14FF0FF30DDE7002007E011
:10A77000A11C014401AA515C3944CFB2411CC8B2AA
:10A78000691C8842F4DBFFB217B14FF0FF30CBE712
:10A79000002007E0A11C014401AA515C09F8001047
:10A7A000411CC8B2A842F5DB2846BDE72DE9F041BF
:10A7B0008AB007460C4615461E461BA00068099045
:10A7C0008DF82550022009A9132304AACDE901061A
:10A7D00000914A213846FFF7B5FD8046B8F1000FD9
:10A7E00004DA4FF0FF300AB0BDE8F0819DF81000A8
:10A7F000012802D04FF0FF30F5E79DF8150007283B
:10A8000002DD4FF0FF30EEE7002005E0811D04AAD5
:10A81000515C2154411CC8B29DF815108142F5DCF1
:10A820009DF81500DFE700000100000010B50122CF
:10A8300011460C48FBF7F0FD0120FBF76FFB0022EF
:10A8400001210848FBF7E8FD0120FBF767FB012227
:10A8500011460448FBF7E0FD0120FBF75FFB0020F9
:10A8600010BD0000000C01401FB5044609A000689F
:10A8700003904FF47A70032103AA0023CDE900214D
:10A8800002901A4614212046FFF75CFD002004B018
:10A8900010BD000001140000F0B58BB006460D4657
:10A8A00014461E2C01DC012C03DA4FF0FF300BB0F4
:10A8B000F0BD002700208DF804008DF80500FF2072
:10A8C0008DF80600FF27E0B28DF80700E043401C3A
:10A8D000C0B28DF80800002008E02A5C411D01ABE1
:10A8E0005A54295C3944CFB2411CC8B2A042F4DBAF
:10A8F000F843C1B201AA601D11540021A01D1154DA
:10A90000E01D81B201A8B268904710B14FF0FF304E
:10A91000CDE70020CBE7704710B5022405E00A49D7
:10A92000081903F009FF601CC4B207484078401CB6
:10A93000A042F4DA05A004F0D1FA4FF416710248EF
:10A94000FBF719F8002010BDC00400207B225265DF
:10A950006365697665223A7B22537461747573224C
:10A960003A32362C2254797065223A22506F735451
:10A9700072616E73616374696F6E227D7D0A00007F
:10A9800008B508490968C9084FF47A72B1FBF2F1B9
:10A990004143009100BF00BF00994A1E0092002968
:10A9A000F9D108BD44010020014600BF080900EBB1
:10A9B0008000420001F00F001044C0B2704770B533
:10A9C00004460025FBF72EFD054607E0FBF72AFDB0
:10A9D000401BB0F57A7F01D9032070BD2068406824
:10A9E00000F020000028F1D02068406840F01000FE
:10A9F000216848600020F0E770B504460025206813
:10AA0000406820F0100021684860FBF70BFD054608
:10AA100007E0FBF707FD401BB0F57A7F01D9032063
:10AA200070BD2068406800F020000028F1D00020B0
:10AA3000F6E730B5014600220023002400200D680F
:10AA4000AD69AAB20D68ED69ACB20D68AD69ABB283
:10AA50009A4205D00D68ED6963F31F45284601E071
:10AA600044EA024030BDF0B504460B460021002503
:10AA700004F5FA61032B1BD2C3EBC30000EB0310F8
:10AA80000926B0FBF6F01044001D4618481E06EBE0
:10AA900090066427B0FBF7F0361A481EBF00B0FBE3
:10AAA000F7F030440726B0FBF6F706FB17051AE06F
:10AAB000C3EBC30000EB03100926B0FBF6F0104413
:10AAC000001D084400EB91006426B1FBF6F6801BE4
:10AAD0004FF4C876B1FBF6F63044801E0726B0FB73
:10AAE000F6F706FB1705E8B2F0BD70B504460D4653
:10AAF00000262046FFF763FF08B101260AE0280C74
:10AB000021688861A8B22168C8612046FFF774FFF8
:10AB100000B10126304670BD704700000146012992
:10AB200001DB012070470120024A02EB41129070C4
:10AB30000020F7E7101D002070B504460D46294699
:10AB40002046FBF761FC70BD70B504460D46164605
:10AB5000324629462046FBF75FFC70BD70B500F019
:10AB6000F9F80546002411E0164800EB4410C07FB8
:10AB700015490978884208D145FA04F202F001012A
:10AB8000104A02EB441000F0ABF8641C012CEBDB24
:10AB90000D48007848B9002405E00A4901EB44104B
:10ABA00000F01BF9641C012CF7DB07480078401CFF
:10ABB0000549087008460078052801DB0020087068
:10ABC00070BD0000101D00205B020020F0B504469F
:10ABD0000D461646059F012C01DB0120F0BD00202B
:10ABE000254901EB44110870234901EB4411887198
:10ABF000214901EB441148711F4901EB441148817F
:10AC00001D4901EB441148701B4901EB4411887048
:10AC1000194901EB44110871174901EB4411C8703F
:10AC2000154901EB4411C871134901EB4411087235
:10AC3000124800EB8410104901EB4411C8600E4823
:10AC400000EB441083610C4800EB441087830A48F2
:10AC500000EB44100561084800EB44108682002098
:10AC6000054901EB44118877034901EB4411C8778A
:10AC7000FFF754FF0020B1E7101D0020301D002019
:10AC800030B503460C46012B01DB012030BD1348D3
:10AC900000EB4310007808B10120F7E700200F4DCA
:10ACA00005EB4315E8710D4800EB431002720021DB
:10ACB00006E0605C094D05EB4315ED686854491CDE
:10ACC0009142F6DB0120054D05EB43152870034D3D
:10ACD00005EB431568700020D8E70000101D002028
:10ACE00010B58278002A33D0827962B901B110BDE3
:10ACF000002242718279521C82710023C268203284
:10AD00004489135524E08279092A14DAC268203272
:10AD10004389D25C01F001034479A3401A43D3B2C2
:10AD2000C2682032448913558279521C827142795B
:10AD3000521C42710CE08279092A09D100228271E9
:10AD4000827729B142891F2A02DA4289521C428144
:10AD500000BFCCE770B5002600242CE0184A02EBB7
:10AD60004412918B164A02EB44129069FFF7E4FEFD
:10AD70000546134800EB44108079B0B9104800EB49
:10AD80004410807F88B985B90E480078801C052161
:10AD900090FBF1F201FB1200094901EB4411C87765
:10ADA0000120074901EB4411887705F00100A0401C
:10ADB0003043C6B2641C012CD0DB304670BD0000AD
:10ADC000101D00205B02002070B504460D46A18ACC
:10ADD0002A462069FFF7B8FE70BD10B504466078BA
:10ADE00000283FD0207958B9012020700020E07061
:10ADF00000212046FFF7E8FF2079401C207131E058
:10AE00002079092810DAE279E068805CE278104164
:10AE100000F001012046FFF7D7FF2079401C207188
:10AE2000E078401CE0701DE02079092807D101215D
:10AE30002046FFF7C9FF2079401C207112E02079DD
:10AE40000A280FD100202071E079401CE071207A9F
:10AE5000E179884203DD01202070607002E000206B
:10AE60002070607010BD10B5FBF7A4FE10BD00B5DA
:10AE700093B0282109A8FAF77EFD142104A8FAF757
:10AE80007AFD002000900190029003900D2009901F
:10AE90004FF480300A9000200B9001200C900D9010
:10AEA0000F9002201090C10311914FF4E011129104
:10AEB00009A8FDF7D9F808B1FAF7D8FE0F200490D9
:10AEC00002200590002006904FF48060079000203B
:10AED0000890022104A8FCF77BFF08B1FAF7C6FE30
:10AEE000112000904FF4807001900020039068467C
:10AEF000FCF7D4FE08B1FAF7B9FEFDF72FF813B04E
:10AF000000BD000001480249086070470058000871
:10AF100008ED00E010B50348FEF760F80148FDF7C2
:10AF200090FF10BD2C0A002010B50268184B984203
:10AF300008D0B0F1804F05D0164B984202D0164B86
:10AF4000984203D122F070024B681A43104B98428A
:10AF500008D0B0F1804F05D00E4B984202D00E4B76
:10AF6000984203D122F44072CB681A4322F0800346
:10AF70004C6943EA040202608B68C3620B68836217
:10AF8000034B984201D10B6903630123436110BD58
:10AF9000002C0140000400400008004030B50C4681
:10AFA000816821F47F4142EA0325254329438160DA
:10AFB00030BD0A46816821F0700142F00703194351
:10AFC0008160704730B50B461446026A056A25F069
:10AFD00001050562816921F0F00141EA041122F0C6
:10AFE0000A021A438161026230BD30B50B46144635
:10AFF000056A25F0100505628169026A21F4704135
:10B0000041EA043122F0A00242EA031281610262A5
:10B0100030BD70B505466C6A0020E085E0842046AE
:10B02000FDF7EAFF70BD0168C96821F490710268FC
:10B03000D1600168496921F0010102685161016B29
:10B04000012905D10168C96821F010010268D160A9
:10B05000202180F83E1000210163704710B504469E
:10B060002068C06820F040002168C860202084F873
:10B070003D002046FEF75EFA002010BDF8B50446FC
:10B0800094F83E00222869D1A068B0F5805F0CD109
:10B09000206950B90025A66A20684068C0F30800FE
:10B0A0003080A06A801CA06215E0A56A0026A06816
:10B0B000B0F5805F03D0A06828B9206918B920686E
:10B0C0004068287004E02068406800F07F00287025
:10B0D000A06A401CA062E08D401E80B2E085A8BB43
:10B0E0002068C06820F020002168C8602068C0681F
:10B0F00020F480702168C8602068406920F0010059
:10B1000021684861202084F83E00206B01281ED170
:10B11000002020632068C06820F010002168C8600B
:10B120002068006800F0100010280AD100BF00203D
:10B13000009020680068009020684068009000BF80
:10B1400000BFA18D2046FDF756FF03E004E0204636
:10B15000FEF786F90020F8BD0020FCE70220FAE7A0
:10B1600070B504462168096921F44051E268114331
:10B17000226811612269A1681143626941EA0205EE
:10B180002168C96841F20C62914329432268D16069
:10B190002168496921F44071A26911432268516113
:10B1A0002D4A2168914202D1FCF7F4FE01E0FCF740
:10B1B000E1FE00EBC00101EB001162689200B1FBFF
:10B1C000F2F100EBC00202EB001263689B00B2FBDD
:10B1D000F3F26423B2FBF3F202EBC20303EB0212BD
:10B1E000A1EB8201322202EB01116422B1FBF2F1E8
:10B1F00001F0F00100EBC00202EB001263689B005B
:10B20000B2FBF3F26423B2FBF3F201EB021200EBA8
:10B21000C00101EB001163689B00B1FBF3F100EB8F
:10B22000C00303EB00136668B600B3FBF6F36426B5
:10B23000B3FBF6F303EBC30606EB0313A1EB8301A9
:10B24000322303EB01116423B1FBF3F101F00F0191
:10B2500011442268916070BD00380140014691F8A8
:10B260003D00212828D18868B0F5805F0BD108699E
:10B2700048B90A6A1088C0F308000B685860086A69
:10B28000801C086205E00B6A581C086218780B687D
:10B290005860C88C401E80B2C88458B90868C0681D
:10B2A00020F080000B68D8600868C06840F040005B
:10B2B0000B68D860002070470220FCE72DE9F041C0
:10B2C00004460D4617469846069E21E0701CF8B1CC
:10B2D0002EB1FBF7A7F8A0EB0800B04218D9206800
:10B2E000C06820F4D0702168C8602068406920F0F0
:10B2F000010021684861202084F83D0084F83E0068
:10B3000000BF002084F83C0000BF0320BDE8F081AE
:10B31000206800682840A84201D1012000E00020F8
:10B32000B842D3D00020F1E710B50248FDF766FE21
:10B3300010BD0000740A002010B50E48FDF75EFE37
:10B340000C480068006800F02000202811D10A484D
:10B350000068C1B209480A4A1268815400210246B5
:10B3600007480068401C115405480068401C044907
:10B37000086010BDB80A00200444004068020020A4
:10B38000200000202DE9F04104460D46D4F8B862B3
:10B39000D4F8C072D4F8B80278B305EB850104F193
:10B3A000140000EB8100806808B305EB850104F10F
:10B3B000140000EB810005EB8502816807F128008D
:10B3C00000EBC2000069B1FBF0F200FB121070B993
:10B3D000002105EB850204F1140000EB820081607E
:10B3E00000231A462946204600F0C4FE02E0002051
:10B3F000C6F814020020BDE8F081FFE70220FAE75A
:10B4000070B504460E46D4F8B8523146204600F0D6
:10B4100056FDC5F80C02D4F8B80248B1D5F80402BC
:10B42000D4F8BC12CA6805F503719047002070BDBE
:10B430000220FCE770B504460E4600258121204617
:10B4400000F057FC0021E1620121204600F051FC90
:10B450000021C4F86C118221204600F04AFC002132
:10B460002164D4F8B80250B1D4F8BC1248688047BF
:10B47000D4F8B80201F027F90020C4F8B802284631
:10B4800070BD70B50546D5F8B842D5F8BC0278B1A4
:10B4900094F80002FF280BD094F8012294F80002DF
:10B4A000D5F8BC128B6821469847FF2084F800022B
:10B4B000002070BD01460A20088001487047000046
:10B4C0004C010020014643200880014870470000DD
:10B4D000D401002001464320088001487047000045
:10B4E0009001002001464320088001487047000079
:10B4F000180200202DE9F04104460F460026207C6A
:10B5000088B94FF4007302228121204600F03EFDED
:10B510000121E1624B020222204600F037FD0121A9
:10B52000C4F86C110FE0402302228121204600F074
:10B530002DFD0121E16240230222204600F026FD7C
:10B540000121C4F86C11082303228221204600F057
:10B550001DFD012121644FF4077001F0B5F8C4F816
:10B56000B802D4F8B80208B901261CE0D4F8B852E1
:10B57000D4F8BC12086880470020C5F81402C5F84A
:10B580001802207C40B94FF4007301212046D5F801
:10B59000042200F013FD06E0402301212046D5F8E7
:10B5A000042200F00BFD3046BDE8F08170B5044682
:10B5B000D4F8B852D4F8B80298B1207C40B94FF40E
:10B5C000007301212046D5F8042200F0F7FC06E0C4
:10B5D000402301212046D5F8042200F0EFFC002092
:10B5E00070BD0220FCE70246022011B1C2F8BC1275
:10B5F000002070470246D2F8B832C3F80412002087
:10B60000704710B50346D3F8B842C4F80812C4F81E
:10B610001022002010BD2DE9FC4105460C46D5F84E
:10B62000B8620020019000900027207800F06000B0
:10B6300040B320285FD1E088E0B1207800F080009E
:10B6400060B1E2886078D5F8BC128B6831469847C3
:10B65000E2883146284600F0E6F812E0607886F885
:10B660000002A07986F80102E2883146284600F0FF
:10B67000B9F806E06078D5F8BC1200228B68214644
:10B6800098473EE0607820B10A2812D00B282AD1D2
:10B690001FE095F89C02032805D10222694628463E
:10B6A00000F0C1F804E02146284600F08FF8022798
:10B6B0001FE095F89C02032805D1012201A9284624
:10B6C00000F0B1F804E02146284600F07FF8022798
:10B6D0000FE095F89C02032804D02146284600F08C
:10B6E00075F8022705E02146284600F06FF802278A
:10B6F00000BF00BF05E02146284600F067F802279A
:10B7000000BF00BF3846BDE8FC8170B50546D5F8DE
:10B71000B842D5F8B802A8B1D4F8140280B9012013
:10B72000C4F81402D4F810122963B4F8100283B2DA
:10B7300081212846D4F8082200F01CFD002070BDAD
:10B740000120FCE70220FAE770B504460D46D4F864
:10B75000B4022946426820469047002070BD70B56B
:10B7600004460D4694F89C02012804D0022803D018
:10B7700003280CD101E000BF00BF6888012805D173
:10B780000020C4F8A402204600F05EF804E0294638
:10B79000204600F01BF800BF00BF70BD70B5064624
:10B7A0000C4615462B4622460021304600F006FC8A
:10B7B000002070BD70B506460C4615462B46224645
:10B7C0000021304600F0D6FC002070BD70B5044664
:10B7D0000D468021204600F0A1FC0021204600F00B
:10B7E0009DFC70BD70B504460E4615460320C4F896
:10B7F00094024FF4AE700551001D05512B463246A0
:10B800000021204600F0DAFB002070BD10B5044690
:10B810000520C4F8940200231A461946204600F079
:10B82000CDFB002010BD70B504460E461546022023
:10B83000C4F89402E56125622B4632460021204679
:10B8400000F098FC002070BD10B504460420C4F838
:10B85000940200231A461946204600F08BFC002073
:10B8600010BD000070B505460C462DB922460649AC
:10B8700006A000F0D3F904E02246034903A000F03B
:10B88000CDF9014870BD0000040E00204344432060
:10B89000436F6E6669670000024612200880014807
:10B8A00070470000DC00002070B505460C462DB93D
:10B8B0002246064906A000F0B1F904E022460349F9
:10B8C00003A000F0ABF9014870BD0000040E002099
:10B8D00043444320496E74657266616365000000ED
:10B8E000024604200880014870470000F000002054
:10B8F00070B505460C462246024903A000F08EF9B9
:10B90000004870BD040E00204A6168616E476F7385
:10B910007461720070B505460C462DB92246064981
:10B9200006A000F07BF904E02246034903A000F0E2
:10B9300075F9014870BD0000040E00204A6168617D
:10B940006E476F73746172506F72740070B5054604
:10B950000C461A202080FAF743FA014870BD000017
:10B96000F400002070B504460D46E888012804D094
:10B9700029462046FFF72AFF1EE094F89C02012882
:10B9800004D0022803D0032810D109E000BF002012
:10B99000A060012204F108012046FFF744FF0AE0FD
:10B9A0000122211D2046FFF73EFF04E029462046E4
:10B9B000FFF70CFF00BF00BF70BDF8B504460E4690
:10B9C000002000900027002570880012082875D2FA
:10B9D000DFE800F0C7040C20C7C7A5B5207CD4F869
:10B9E000B0120A68694690470746C1E0207C40B91A
:10B9F000D4F8B402816A6846884707460220787006
:10BA000007E0D4F8B402C16A6846884707460220B6
:10BA10007870ADE0B078062878D2DFE800F0031641
:10BA2000293C5063D4F8B002406838B1207CD4F887
:10BA3000B0124A6869469047074605E031462046FD
:10BA4000FFF7C4FE681CC5B267E0D4F8B002806896
:10BA500038B1207CD4F8B0128A686946904707460E
:10BA600005E031462046FFF7B1FE681CC5B254E040
:10BA7000D4F8B002C06838B1207CD4F8B012CA68DB
:10BA800069469047074605E031462046FFF79EFE8F
:10BA9000681CC5B241E0D4F8B002006938B1207C1E
:10BAA000D4F8B0120A6969469047074605E0314666
:10BAB0002046FFF78BFE681CC5B22EE051E0D4F89B
:10BAC000B002406938B1207CD4F8B0124A696946A6
:10BAD0009047074605E031462046FFF777FE681C91
:10BAE000C5B21AE0D4F8B002806940B1207CD4F825
:10BAF000B0128A6969469047074606E006E031467B
:10BB00002046FFF763FE681CC5B206E031462046BA
:10BB1000FFF75CFE681CC5B200BF00BF28E0207CB8
:10BB200030B9D4F8B402416B68468847074605E04F
:10BB300031462046FFF74AFE681CC5B218E0207C5B
:10BB400040B9D4F8B402016B68468847074607201D
:10BB5000787005E031462046FFF738FE681CC5B214
:10BB600006E031462046FFF731FE681CC5B200BF33
:10BB700000BF05B1F8BDBDF8000088B1F08878B10C
:10BB8000F088BDF80010884202DDBDF8000000E03A
:10BB9000F0880090BDF8002039462046FFF743FEAC
:10BBA000F08810B92046FFF74FFE00BFE2E70146DC
:10BBB000002002E0421CD0B2491C0A78002AF9D1C8
:10BBC000704770B504460D4694F89C02012804D0D5
:10BBD000022803D003281AD101E000BF00BFE88883
:10BBE000022804D029462046FFF7F0FD14E001208A
:10BBF000E060D4F8A40218B1E06840F00200E06010
:10BC0000022204F10C012046FFF70DFE04E0294654
:10BC10002046FFF7DBFD00BF00BF70BD2DE9F041FE
:10BC200004460D4617460026FCB12046FFF7BFFF2D
:10BC3000022101EB400038803A783046711CCEB2C8
:10BC40002A5403223046711CCEB22A540AE014F85A
:10BC5000012B3046711CCEB22A5400223046711C92
:10BC6000CEB22A5420780028F1D1BDE8F0810146F7
:10BC7000002031B1012906D0022906D0032908D1BC
:10BC800005E0002007E0022005E0012003E002209B
:10BC900001E0022000BF00BF704770B504460D46AA
:10BCA00016460CB9022070BDD4F8B40210B10020C1
:10BCB000C4F8B4020DB1C4F8B052012084F89C025B
:10BCC0002670204600F004F90020ECE72DE9F04151
:10BCD00004460D46002600272946D4F8C002FBF78B
:10BCE000B3F806463046FFF7C2FF07463846BDE8C0
:10BCF000F0812DE9F04104460D4600260027294633
:10BD0000D4F8C002FBF76BF806463046FFF7AFFFEA
:10BD100007463846BDE8F0812DE9F04104460E465D
:10BD20001746002E64D104F11405D4F894020228B9
:10BD300048D1D5E90301884210D9D5E90301401A59
:10BD4000E860A88982B239462046FFF733FD002318
:10BD50001A461946204600F031F93EE02969A868E4
:10BD6000B0FBF1F201FB1200B8B92969A86888425A
:10BD700013D3A868D4F8981288420ED20022114634
:10BD80002046FFF717FD0020C4F8980200231A464A
:10BD90001946204600F012F91FE0D4F8B402C0683A
:10BDA00040B194F89C02032804D1D4F8B402C168CD
:10BDB000204688478021204600F0B0F92046FFF752
:10BDC00025FD0AE0D4F89402042802D0D4F89402A5
:10BDD00018B98021204600F0A1F994F8A0020128AA
:10BDE00018D1204600F0FAF9002084F8A00211E0F2
:10BDF000D4F8B402406950B194F89C02032806D1EB
:10BE0000D4F8B402314642692046904702E002204D
:10BE1000BDE8F0810020FBE72DE9F04104460E4625
:10BE20001746BEBB04F5AA75D4F89402032825D1A1
:10BE3000D5E90301884210D9D5E90301401AE86029
:10BE4000D5E90301884201D2E86800E0286982B29E
:10BE500039462046FFF7A2FC2FE0D4F8B40200696F
:10BE600040B194F89C02032804D1D4F8B4020169CB
:10BE7000204688472046FFF7E7FC1EE0D4F89402EE
:10BE800005281AD10020C4F894020021204600F0B1
:10BE900045F912E0FFE7D4F8B402806950B194F894
:10BEA0009C02032806D1D4F8B402314682692046A8
:10BEB000904702E00220BDE8F0810020FBE770B56A
:10BEC00004460D462946D4F8C002FBF73BFB70BD83
:10BED00010B504461D48C0F8E842C4F8C0021C482A
:10BEE0001A49086008204860022118488160002132
:10BEF0008161C1610162FBF7FCFC08B1F9F7B6FE94
:10BF000004F530741823002211462068FAF724FF44
:10BF10005823002280212068FAF71EFFC023002248
:10BF200081212068FAF718FF4FF48873002201215D
:10BF30002068FAF711FF2068A4F530744FF480737D
:10BF400000228221FAF708FF002010BDD41700203C
:10BF5000005C004010B50246D2F8C03201F080000B
:10BF6000802809D101F07F0000EB800403F1280054
:10BF700000EBC400807810BD01F07F0000EB80046E
:10BF800003F5B47000EBC4008078F4E72DE9F047C6
:10BF900004460F4615461E464FF00008C1462B4684
:10BFA00032463946D4F8C002FBF7D7FA80464046FD
:10BFB000FFF75DFE81464846BDE8F0872DE9F04772
:10BFC00004460D4616461F464FF00008C1463B4644
:10BFD00032462946D4F8C002FBF705FB80464046AE
:10BFE000FFF745FE81464846BDE8F08710B5044698
:10BFF0004023002211462046FFF7C8FF01214FF4DD
:10C00000AC70015140214FF4B27001514023002225
:10C0100080212046FFF7BAFF0121A1614021616222
:10C02000012084F89C020020C4F894026060C4F8E7
:10C03000A402D4F8B80228B12179D4F8B402426835
:10C0400020469047002010BD014691F89C0204282C
:10C0500003D191F89D0281F89C020020704710B531
:10C06000044694F89C02032808D1D4F8B402C069AD
:10C0700020B1D4F8B402C16920468847002010BD21
:10C0800002461174002070472DE9F04104460D4628
:10C09000002600272946D4F8C002FBF719FD064602
:10C0A0003046FFF7E4FD07463846BDE8F08170B53D
:10C0B00004460D46294604F52A7000F073F8012065
:10C0C000C4F8940240F2AE20005BC4F8980294F8E1
:10C0D000A80200F01F0020B1012808D0022812D1C8
:10C0E0000BE004F52A71204600F041F913E004F555
:10C0F0002A71204600F0A8FA0DE004F52A712046C6
:10C1000000F086F907E094F8A80200F080012046CC
:10C1100000F004F800BF00BF002070BD2DE9F04121
:10C1200004460D46002600272946D4F8C002FBF736
:10C1300080FA06463046FFF79AFD07463846BDE8C6
:10C14000F08170B5044600250026D4F8C002FBF744
:10C15000E3FC05462846FFF78AFD0646304670BDDB
:10C16000014691F89C0281F89D02042081F89C020E
:10C17000002070472DE9F04704460D4616461F463D
:10C180004FF00008C1463B4632462946D4F8C0026B
:10C19000FBF793FA80464046FFF769FD8146484623
:10C1A000BDE8F0870A7802704A7842708B78CA78C6
:10C1B00003EB022242800B794A7903EB0222828050
:10C1C0008B79CA7903EB0222C280704702460020B5
:10C1D00011B1C2F8B41200E00220704701460020FD
:10C1E000704770B504460D46A88810BBE88800BBB0
:10C1F000688880281DD2A87800F07F0694F89C02F9
:10C20000032804D129462046FFF7E0FA15E084F818
:10C210009E6231462046FFF737FF2046FFF714FBAA
:10C220001EB1022084F89C0207E0012084F89C02E1
:10C2300003E029462046FFF7C9FA70BD70B50446F1
:10C240000D460226D4F8B40238B1D4F8B402294617
:10C2500002682046904700B90026304670BD0000B5
:10C2600070B504460D46A87836490870084600782F
:10C27000012804DD29462046FFF7A8FA60E094F87B
:10C280009C02022802D003284FD11CE02D480078E0
:10C29000A8B12C4800786060032084F89C022948EB
:10C2A00001782046FFF7CAFF022804D1294620461C
:10C2B000FFF78CFA70BD2046FFF7C6FA02E0204671
:10C2C000FFF7C2FA3BE01F48007870B9022084F8FB
:10C2D0009C021C48007860601A4801782046FFF7ED
:10C2E00033FA2046FFF7B0FA1EE016490978606875
:10C2F000884216D021792046FFF726FA11480078A7
:10C300006060104801782046FFF798FF022804D1AA
:10C3100029462046FFF75AFACCE72046FFF794FA61
:10C3200002E02046FFF790FA09E029462046FFF791
:10C330004DFA044801782046FFF706FA00BF00BF17
:10C3400000BFB7E74801002070B505460C4660887D
:10C35000012804D1C5F8A4022846FFF775FA70BD7C
:10C3600010B504462046FFF7ECFE002010BD70B566
:10C3700005460C460026207800F0600060B12028B9
:10C3800002D040283CD100E000BFD5F8B4022146DD
:10C3900082682846904738E060780A2829D2DFE88A
:10C3A00000F01923281E280A0528140F21462846C4
:10C3B000FFF703FB22E021462846FFF712FF1DE0AE
:10C3C00021462846FFF74CFF18E021462846FFF794
:10C3D000C9FA13E021462846FFF7F3FB0EE0214699
:10C3E0002846FFF7B1FF09E021462846FFF7B7F9D5
:10C3F00004E021462846FFF7E9F900BF00BF04E04A
:10C4000021462846FFF7E2F900BF00BF304670BD65
:10C410002DE9F04105460E464FF00008347930789A
:10C4200000F0600060B1202802D0402871D100E007
:10C4300000BFD5F8B402314682682846904700E133
:10C44000307800F06000202809D1D5F8B4023146D8
:10C4500082682846904780464046BDE8F081707863
:10C4600000285ED001282FD0032876D195F89C02B1
:10C47000022802D0032820D110E054B1802C08D02B
:10C4800021462846FFF74AFE80212846FFF746FE50
:10C4900003E031462846FFF799F913E0708840B968
:10C4A0003CB1802C05D0F08818B921462846FFF70A
:10C4B00035FE2846FFF7C8F904E031462846FFF765
:10C4C00085F900BF00BFB5E095F89C02022802D0B4
:10C4D00003281FD110E054B1802C08D021462846F3
:10C4E000FFF71CFE80212846FFF718FE03E03146C7
:10C4F0002846FFF76BF912E0708848B904F07F0016
:10C5000018B121462846FFF7E1FB2846FFF79CF9C2
:10C5100005E091E031462846FFF758F900BF00BF1B
:10C5200088E095F89C02022802D0032876D126E004
:10C5300034B1802C04D031462846FFF747F972E029
:10C5400004F08000802809D104F07F0000EB800116
:10C5500005F1140000EB810008E066E004F07F00C4
:10C5600000EB800105F5AA7000EB81000746002072
:10C570003860022239462846FFF755F953E004F0A7
:10C58000800080280ED104F00F0000EB800105F13F
:10C59000140000EB8100406898B931462846FFF747
:10C5A00015F940E004F00F0000EB800105F5AA70DA
:10C5B00000EB8100406820B931462846FFF706F9B4
:10C5C00031E004F08000802808D104F07F0000EB07
:10C5D000800105F1140000EB810007E004F07F000A
:10C5E00000EB800105F5AA7000EB810007460CB155
:10C5F000802C02D10020386009E021462846FFF750
:10C60000A9FC10B10120386001E00020386002224E
:10C6100039462846FFF707F905E0FFE73146284687
:10C62000FFF7D4F800BF00BF04E031462846FFF70B
:10C63000CDF800BF00BF04E031462846FFF7C6F83A
:10C6400000BF00BF404608E770B505460C4600260F
:10C65000207800F0600030B1202802D040282AD194
:10C6600000E000BF00BF95F89C02012804D002281A
:10C6700003D0032818D101E000BF00BF20790128B2
:10C680000DDCD5F8B402214682682846904706465C
:10C69000E08840B93EB92846FFF7D6F803E02146C6
:10C6A0002846FFF793F804E021462846FFF78EF866
:10C6B00000BF00BF04E021462846FFF787F800BF0F
:10C6C00000BF002070BD7047014601487047000060
:10C6D000C01A0020F0B5024600260878400032F863
:10C6E000100048F68F1400EA0403C87830B101281E
:10C6F0000CD0022805D003280BD104E043F40073CA
:10C7000009E000BF07E043F4C06304E043F4806342
:10C7100001E0012600BF00BF43F4004040F080006C
:10C720000C78640022F8140000BF0C78640032F822
:10C73000144048F68F752C400D7844EA050040F40B
:10C74000004444F080040D786D0022F8154000BFCD
:10C75000087B00287ED14878002852D000BF1046C0
:10C76000B2F8505028440D7800F5806707EB0514A7
:10C77000CD886D106D00258000BF00BF0C7864006F
:10C7800032F8140000F040048CB100BF0D786D0049
:10C7900032F8155048F68F7705EA070444F400454F
:10C7A00045F0C0050F787F0022F8175000BF00BF8A
:10C7B000C878012813D000BF0C78640032F8144008
:10C7C00048F6BF7504EA050080F0200040F40044FC
:10C7D00044F080040D786D0022F815409EE100BF02
:10C7E0000C78640032F8144048F6BF7504EA05007E
:10C7F00040F4004444F080040D786D0022F81540A8
:10C800008CE100BF1046B2F8505028440D78042740
:10C8100007EBC50500F5806707EB4504CD886D1073
:10C820006D00258000BF00BF1546B2F8504025447A
:10C830000C78062707EBC40405F5806707EB440472
:10C84000204600BF0F6967B9078848F2FF3C07EA36
:10C850000C0700E057E00780078847F4004707808F
:10C860001EE00F693E2F0DD800BF0F697C080F7CBA
:10C8700007F0010707B1641C4FF6FF7707EA84272A
:10C8800007800DE000BF0F697C090F7C07F01F07D0
:10C8900007B9641E4FF4004747EA8427078000BFAA
:10C8A00000BF00BF00BF0C78640032F8140000F431
:10C8B00080448CB100BF0D786D0032F8155048F6F9
:10C8C0008F7705EA070444F4004545F481450F7865
:10C8D0007F0022F8175000BF00BF00BF0C78640033
:10C8E00032F814404BF68F7504EA050080F480504E
:10C8F00080F4005040F4004444F080040D786D0052
:10C9000022F815400AE100BF0C78640032F81440A8
:10C9100048F68F7504EA050040F4004444F4C074FE
:10C920000D786D0022F8154000BF00BF00BF00BFAA
:10C930001046B2F8505028440D7800F5806707EB98
:10C9400005140D896D106D00258000BF00BF00BF6C
:10C9500000BF1046B2F8505028440D78042707EB6A
:10C96000C50500F5806707EB45044D896D106D0026
:10C97000258000BF00BF00BF487800285DD100BF00
:10C980000C78640032F8140000F480448CB100BFCD
:10C990000D786D0032F8155048F68F7705EA0704D8
:10C9A00044F4004545F481450F787F0022F8175084
:10C9B00000BF00BF00BF0C78640032F8140000F024
:10C9C00040048CB100BF0D786D0032F8155048F668
:10C9D0008F7705EA070444F4004545F0C0050F7859
:10C9E0007F0022F8175000BF00BF00BF0C78640022
:10C9F00032F814404BF68F7504EA050080F480503D
:10CA000080F4005040F4004444F080040D786D0040
:10CA100022F8154000BF00BF0C78640032F81440C3
:10CA200048F6BF7504EA050040F4004444F0800471
:10CA30000D786D0022F8154070E000BF0C7864009E
:10CA400032F8140000F480448CB100BF0D786D0002
:10CA500032F8155048F68F7705EA070444F400458C
:10CA600045F481450F787F0022F8175000BF00BFC2
:10CA700000BF0C78640032F8140000F040048CB160
:10CA800000BF0D786D0032F8155048F68F7705EA33
:10CA9000070444F4004545F0C0050F787F0022F8F4
:10CAA000175000BF00BFC878012813D000BF0C7812
:10CAB000640032F8144048F6BF7504EA050080F0BF
:10CAC000200040F4004444F080040D786D0022F80A
:10CAD000154011E000BF0C78640032F8144048F6AD
:10CAE000BF7504EA050040F4004444F080040D786A
:10CAF0006D0022F8154000BF00BF0C78640032F8CA
:10CB000014404BF68F7504EA050040F4004444F0ED
:10CB100080040D786D0022F8154000BF3046F0BD4E
:10CB200010B50446002010BD30B50246087B002831
:10CB30005BD1487860B300BF0B785B0032F813001C
:10CB400000F040038BB100BF0C78640032F8144051
:10CB500048F68F7504EA050343F4004444F0C0042A
:10CB60000D786D0022F8154000BF00BF00BF0B78A4
:10CB70005B0032F8133048F6BF7403EA040040F457
:10CB8000004343F080030C78640022F8143007E17E
:10CB900000BF0B785B0032F8130000F480438BB1C8
:10CBA00000BF0C78640032F8144048F68F7504EA30
:10CBB000050343F4004444F481440D786D0022F8E9
:10CBC000154000BF00BF00BF0B785B0032F8133088
:10CBD0004BF68F7403EA040040F4004343F08003F3
:10CBE0000C78640022F81430DAE0487800286BD121
:10CBF00000BF0B785B0032F8130000F480438BB168
:10CC000000BF0C78640032F8144048F68F7504EACF
:10CC1000050343F4004444F481440D786D0022F888
:10CC2000154000BF00BF00BF0B785B0032F8130057
:10CC300000F040038BB100BF0C78640032F8144060
:10CC400048F68F7504EA050343F4004444F0C00439
:10CC50000D786D0022F8154000BF00BF00BF0B78B3
:10CC60005B0032F8133048F68F7403EA040040F496
:10CC7000004343F0C0030C78640022F8143000BF76
:10CC800000BF0B785B0032F813304BF68F7403EA69
:10CC9000040040F4004343F080030C78640022F861
:10CCA000143000BF00BF0B785B0032F8133048F639
:10CCB000BF7403EA040040F4004343F080030C789F
:10CCC000640022F814306BE000BF0B785B0032F890
:10CCD000130000F480438BB100BF0C78640032F87D
:10CCE000144048F68F7504EA050343F4004444F405
:10CCF00081440D786D0022F8154000BF00BF00BFD1
:10CD00000B785B0032F8130000F040038BB100BFDA
:10CD10000C78640032F8144048F68F7504EA050375
:10CD200043F4004444F0C0040D786D0022F815402F
:10CD300000BF00BF00BF0B785B0032F8133048F62D
:10CD40008F7403EA040040F4004343F481430C78F9
:10CD5000640022F8143000BF00BF0B785B0032F88B
:10CD6000133048F6BF7403EA040040F4004343F074
:10CD700080030C78640022F8143000BF00BF0B78E9
:10CD80005B0032F813304BF68F7403EA040040F472
:10CD9000004343F080030C78640022F8143000BF95
:10CDA000002030BD0146002070470146002070473A
:10CDB00010B50446012024F8400F00202080A080F8
:10CDC0002082403C10BD01464FF43F42B1F8400084
:10CDD0009043A1F8400000207047024600207047B1
:10CDE00030B50246087B002865D1487888B300BF7B
:10CDF0000B785B0032F8130000F040038BB100BFEA
:10CE00000C78640032F8144048F68F7504EA050384
:10CE100043F4004444F0C0040D786D0022F815403E
:10CE200000BF00BFC878012845D000BF0B785B0069
:10CE300032F8133048F6BF7403EA040080F0200093
:10CE400040F4004343F080030C78640022F814306F
:10CE500031E0FFE700BF0B785B0032F8130000F40D
:10CE600080438BB100BF0C78640032F8144048F660
:10CE70008F7504EA050343F4004444F481440D78BB
:10CE80006D0022F8154000BF00BF00BF0B785B00AB
:10CE900032F813304BF68F7403EA040080F48050AC
:10CEA00080F4005040F4004343F080030C786400A9
:10CEB00022F8143000BF002030BD10B5024648787B
:10CEC00098B100BF0B785B0032F8133048F6BF749E
:10CED00003EA040080F0100040F4004343F08003B4
:10CEE0000C78640022F8143013E000BF0B785B006C
:10CEF00032F813304BF68F7403EA040080F480504C
:10CF000040F4004343F080030C78640022F81430AE
:10CF100000BF002010BD2DE9F04706460C466078A2
:10CF2000012876D12169A069884201D9256900E0EC
:10CF3000A569207BA0B9ABB2E2883046616900F0F8
:10CF4000F4FD00BF3046B6F850201044227802238A
:10CF500003EBC20200F5806303EB42010D8081E325
:10CF6000E07802287DD12169206A88427AD900BF01
:10CF70002178490036F8111048F68F7201EA020054
:10CF800040F4004141F4C0712278520026F812109A
:10CF900000BF206A401B20622078400036F8100055
:10CFA00000F0400000287DD000BF3346607888BB89
:10CFB00000BF3246B6F850100A4421784FF00609F7
:10CFC00009EBC10102F5806909EB4101084600BF88
:10CFD00075B9B0F8009048F2FF3A09EA0A09A0F8DA
:10CFE0000090B0F8009049F40049A0F8009021E0CA
:10CFF0003E2D10D800BF690805F00109B9F1000FF6
:10D0000000D0491C4FF6FF7909EA8129A0F8009069
:10D0100010E03DE310E000BF690905F01F09B9F118
:10D02000000F00D1491E4FF4004949EA8129A0F8B8
:10D03000009000BF00BF0FE0607801280CD1B6F867
:10D04000500003442078062101EBC00003F5806105
:10D0500001EB400CACF8005000BF6789ABB23A4618
:10D0600001E057E12CE13046616900F05EFD606946
:10D07000284460612169206A884203D9206A401BE4
:10D08000206202E0256A0020206200BF6078C0BBF9
:10D0900000BF3246B6F850100A442178022303EB51
:10D0A000C10100E049E002F5806303EB410108465D
:10D0B00000BF55B9038848F2FF3C03EA0C03038024
:10D0C000038843F40043038019E03E2D0BD800BFD2
:10D0D000690805F0010303B1491C4FF6FF7303EA29
:10D0E000812303800BE000BF690905F01F0303B92A
:10D0F000491E4FF4004343EA8123038000BF00BF71
:10D1000012E0FFE7607801280ED100BF3046B6F884
:10D11000502010442278022303EBC20200F5806302
:10D1200003EB42010D8000BF00BF2789ABB23A4636
:10D130003046616900F0F9FC94E200BF6078B0BB52
:10D1400000BF3246B6F850100A442178022303EBA0
:10D15000C10102F5806303EB4101084600BF55B9E8
:10D16000038848F2FF3C03EA0C030380038843F47E
:10D170000043038019E03E2D0BD800BF690805F07D
:10D18000010303B1491C4FF6FF7303EA81230380B7
:10D190000BE000BF690905F01F0303B9491E4FF4F6
:10D1A000004343EA8123038000BF00BF12E0FFE792
:10D1B000607801280ED100BF3046B6F850201044E8
:10D1C0002278022303EBC20200F5806303EB4201E5
:10D1D0000D8000BF00BF2789ABB23A463046616977
:10D1E00000F0A3FC6069284460612169206A8842DC
:10D1F00003D9206A401B206202E0256A00202062D9
:10D2000000BF3346607880BB00BF3246B6F850108E
:10D210000A4421784FF0060909EBC10102F5806943
:10D2200009EB4101084600BF75B9B0F8009048F21B
:10D23000FF3A09EA0A09A0F80090B0F8009049F412
:10D240000049A0F8009020E03E2D0FD800BF6908EB
:10D2500005F00109B9F1000F00D0491C4FF6FF7924
:10D2600009EA8129A0F800900FE010E000BF6909E9
:10D2700005F01F09B9F1000F00D1491E4FF4004914
:10D2800049EA8129A0F8009000BF00BF0FE0607854
:10D2900001280CD1B6F8500003442078062101EB98
:10D2A000C00003F5806101EB400CACF8005000BFFA
:10D2B0006789ABB23A463046616900F036FCD1E18D
:10D2C000256A00BF2178490036F8111048F68F62B0
:10D2D00001EA020040F4004141F08001227852004E
:10D2E00026F8121000BF00BF3046B6F85020104498
:10D2F0002278022303EBC20200F5806303EB4201B4
:10D300000D8000BF2789ABB23A463046616900F014
:10D310000CFCA7E100BF2178490036F8111048F64F
:10D320008F7201EA020040F4004141F4C07122789A
:10D33000520026F8121000BF206A401B206220789D
:10D34000400036F8100000F0400000287DD000BFFB
:10D350003346607880BB00BF3246B6F850100A44AE
:10D3600021784FF0060909EBC10102F5806909EB4C
:10D370004101084600BF75B9B0F8009048F2FF3A85
:10D3800009EA0A09A0F80090B0F8009049F40049B1
:10D39000A0F8009020E03E2D0FD800BF690805F0EE
:10D3A0000109B9F1000F00D0491C4FF6FF7909EAD5
:10D3B0008129A0F800900FE010E000BF690905F096
:10D3C0001F09B9F1000F00D1491E4FF4004949EA85
:10D3D0008129A0F8009000BF00BF0FE0607801280D
:10D3E0000CD1B6F8500003442078062101EBC000B0
:10D3F00003F5806101EB400CACF8005000BF678979
:10D40000ABB23A463046616900F08FFB6069284450
:10D4100060612169206A884203D9206A401B20622A
:10D4200002E0256A00202062002D56D000BF6078FF
:10D43000C0BB00BF3246B6F850100A442178022320
:10D4400003EBC10102F5806300E047E003EB41011B
:10D45000084600BF55B9038848F2FF3C03EA0C03B5
:10D460000380038843F40043038019E03E2D0BD86A
:10D4700000BF690805F0010303B1491C4FF6FF73B3
:10D4800003EA812303800BE000BF690905F01F0355
:10D4900003B9491E4FF4004343EA8123038000BFD0
:10D4A00000BF12E0FFE7607801280ED100BF3046D0
:10D4B000B6F8502010442278022303EBC20200F594
:10D4C000806303EB42010D8000BF00BF2789ABB230
:10D4D0003A463046616900F028FBC3E000BF60783F
:10D4E000B0BB00BF3246B6F850100A442178022380
:10D4F00003EBC10102F5806303EB4101084600BF65
:10D5000055B9038848F2FF3C03EA0C030380038803
:10D5100043F40043038019E03E2D0BD800BF690897
:10D5200005F0010303B1491C4FF6FF7303EA8123A1
:10D5300003800BE000BF690905F01F0303B9491E12
:10D540004FF4004343EA8123038000BF00BF12E091
:10D55000FFE7607801280ED100BF3046B6F85020B2
:10D5600010442278022303EBC20200F5806303EB30
:10D5700042010D8000BF00BF2789ABB23A4630465A
:10D58000616900F0D2FA6069284460612169206A0B
:10D59000884203D9206A401B206202E0256A0020ED
:10D5A0002062A5B300BF3346607888BB00BF324617
:10D5B000B6F850100A4421784FF0060909EBC10172
:10D5C00002F5806909EB4101084600BF75B9B0F862
:10D5D000009048F2FF3A09EA0A09A0F80090B0F872
:10D5E000009049F40049A0F8009021E03E2D10D8A9
:10D5F00000BF690805F00109B9F1000F00D0491C0E
:10D600004FF6FF7909EA8129A0F8009010E029E09F
:10D6100010E000BF690905F01F09B9F1000F00D142
:10D62000491E4FF4004949EA8129A0F8009000BF43
:10D6300000BF0FE0607801280CD1B6F85000034419
:10D640002078062101EBC00003F5806101EB400C5E
:10D65000ACF8005000BF6789ABB23A46304661690A
:10D6600000F063FA00BF2178490036F8111048F63F
:10D67000BF7201EA020080F0100080F0200040F448
:10D68000004141F080012278520026F8121005E294
:10D69000207BA0BB2169A069884204D92569A069C3
:10D6A000401BA06102E0A5690020A06100BF3246D6
:10D6B000B6F850100A442178062303EBC10102F5A5
:10D6C000806303EB4101084600BF55B9038848F267
:10D6D000FF3C03EA0C030380038843F40043038008
:10D6E0001AE03E2D0CD800BF690805F0010303B114
:10D6F000491C4FF6FF7303EA812303800CE00DE021
:10D7000000BF690905F01F0303B9491E4FF4004328
:10D7100043EA8123038000BF00BFA9E1E07802282B
:10D720007DD100BF00BF6078E0BB00BF3246B6F8D5
:10D7300050100A442178022303EBC10102F58063F3
:10D7400003EB4101084600BF236953B9038848F23F
:10D75000FF3C03EA0C030380038843F40043038087
:10D760001EE023693E2B0DD800BF23695908237C96
:10D7700003F0010303B1491C4FF6FF7303EA812351
:10D7800003800DE000BF23695909237C03F01F03C8
:10D7900003B9491E4FF4004343EA8123038000BFCD
:10D7A00000BF13E0FFE7607801280FD100BF3046CB
:10D7B000B6F8502010442278022303EBC20200F591
:10D7C000806303EB4201228A0A8000BF00BF00BFD2
:10D7D00033466078E8BB00BF3246B6F850100A44C2
:10D7E00021784FF0060909EBC10102F5806909EBC8
:10D7F0004101084600BFD4F81090B9F1000F0FD1D5
:10D80000B0F8009048F2FF3A09EA0A09A0F800903F
:10D81000B0F8009049F40049A0F800902EE06BE0C9
:10D82000D4F81090B9F13E0F14D800BFD4F810907E
:10D830004FEA590194F8109009F00109B9F1000F6D
:10D8400000D0491C4FF6FF7909EA8129A0F8009021
:10D8500014E015E000BFD4F810904FEA591194F885
:10D86000109009F01F09B9F1000F00D1491E4FF4C3
:10D87000004949EA8129A0F8009000BF00BF10E0EC
:10D88000607801280DD1B6F85000034420780621B5
:10D8900001EBC00003F5806101EB400C208AACF87D
:10D8A000000000BF00BFE069002824D020784000BD
:10D8B00036F8108008F4804010B108F0400038B904
:10D8C00008F48040002816D108F04000002812D14A
:10D8D00000BF00BF2178490036F8111048F68F725A
:10D8E00001EA020040F4004141F0C00122785200F8
:10D8F00026F8121000BFBBE0E07801287CD1216936
:10D90000A069884204D92569A069401BA06102E092
:10D91000A5690020A06100BF00BF6078B0BB00BF58
:10D920003246B6F850100A442178022303EBC101B5
:10D9300002F5806303EB4101084600BF55B9038837
:10D9400048F2FF3C03EA0C030380038843F40043DE
:10D95000038019E03E2D0BD800BF690805F00103D4
:10D9600003B1491C4FF6FF7303EA812303800BE0E8
:10D9700000BF690905F01F0303B9491E4FF40043B6
:10D9800043EA8123038000BF00BF12E0FFE7607815
:10D9900001280ED100BF3046B6F85020104422783E
:10D9A000022303EBC20200F5806303EB42010D800A
:10D9B00000BF00BF00BF3346607890BB00BF324657
:10D9C000B6F850100A4421784FF0060909EBC1015E
:10D9D00002F5806909EB4101084600BF85B9B0F83E
:10D9E000009048F2FF3A09EA0A09A0F80090B0F85E
:10D9F000009049F4004900E037E0A0F8009020E0F2
:10DA00003E2D0FD800BF690805F00109B9F1000FDC
:10DA100000D0491C4FF6FF7909EA8129A0F800904F
:10DA20000FE010E000BF690905F01F09B9F1000F10
:10DA300000D1491E4FF4004949EA8129A0F800901D
:10DA400000BF00BF0FE0607801280CD1B6F850008D
:10DA500003442078062101EBC00003F5806101EB4F
:10DA6000400CACF8005000BF02E00120BDE8F08798
:10DA700000BF2178490036F811104BF68F7201EA89
:10DA8000020080F4805080F4005040F4004141F0E6
:10DA900080012278520026F8121000BF0020E5E72E
:10DAA00001460020A1F844004FF43F42A1F8402075
:10DAB0007047000010B50248F9F72AFE10BD0000BB
:10DAC000D41700200146B1F8440070472DE9F04317
:10DAD00004460E4615464FEA530CA046304608F55C
:10DAE000806909EB450267460AE01188921C0170C3
:10DAF000401C4FEA112980F80090401C921C7F1EA8
:10DB0000002FF2D103F00109B9F1000F01D0118803
:10DB10000170BDE8F083024600207047024611B94B
:10DB20008020A2F84C00002070472DE9F047044601
:10DB30000D461E4606F1010A4FEA5A08A14628463C
:10DB400009F5806A0AEB420347460BE090F800C0F3
:10DB5000401C90F800A04CEA0A2119809B1C9B1CD9
:10DB6000401C7F1E002FF1D1BDE8F08700BFFEE70B
:10DB70000FB4054B10B503A9044A029800F048F809
:10DB800010BC5DF814FB0000BDDF00085C02002043
:10DB90000FB4084B10B504A902AA039800F038F896
:10DBA000044602A9002000F049F9204610BC5DF8A7
:10DBB00014FB00003DDE000802480068C0F30220AC
:10DBC000704700000CED00E010B5002804DB0A07E8
:10DBD000130E054A135406E00A07140E034A00F018
:10DBE0000F031B1FD45410BD00E400E018ED00E04B
:10DBF00002E008C8121F08C1002AFAD17047704716
:10DC0000002001E001C1121F002AFBD17047000073
:10DC10002DE9FF4F8BB09A460F460446002606E0DA
:10DC200025280BD052460D999047641C761C20780D
:10DC30000028F5D10FB03046BDE8F08F0025A94689
:10DC400001227D4900E0054314F8013F203B02FA20
:10DC500003F00842F7D120782E2817D114F8010FCD
:10DC600045F004052A280ED06FF02F022078A0F18D
:10DC7000300109290AD809EB890102EB410100EBC7
:10DC80000109641CF2E757F8049B641C20786C2897
:10DC90000DD004DC4C2812D06A2811D104E074287D
:10DCA0000DD07A280CD10AE045F4001507E0617820
:10DCB00045F48015814202D1641C05F58015641C71
:10DCC000207869283ED006DC0028B3D063280BD02A
:10DCD000642804D136E0732810D075285CD05246F1
:10DCE0000D999047761CA5E017F8040B8DF80000FD
:10DCF00000208DF80100E846012003E057F8048B6E
:10DD00004FF0FF3069074FF0000501D40AE06D1CA9
:10DD10004D450DDA8542FADB18F805100029F6D1D9
:10DD200006E06D1C8542FCDB18F805100029F8D1CF
:10DD30002E4404E018F8010B52460D9990476D1ED1
:10DD4000F8D277E000200A90C5F302504FF00A0B9A
:10DD500002280CD001CFC117021E71F100020CDAAB
:10DD60000023D0EB030063EB01012D2208E0FF1D2F
:10DD700027F00707F7E80201EEE72A0504D52B2272
:10DD80008DF82420012203E0EA070FD02022F7E7D4
:10DD90000DF12008089218E000200A90C5F3025007
:10DDA0004FF00A0B022803D001CF00210022EFE739
:10DDB000FF1D27F00707F7E80201F7E75A460A9B1D
:10DDC000F7F7EBFD303208F8012D50EA0102F5D1EA
:10DDD000ADEB080000F1200B680701D44FF00109FA
:10DDE000D94502DDA9EB0B0000E0002081460025AB
:10DDF00006E009A85246405D0D9990476D1C761CBF
:10DE000008988542F5DB04E0302052460D99904792
:10DE1000761CB9F10001A9F10109F5DC05E018F85B
:10DE2000010B52460D999047761CBBF10001ABF1F6
:10DE3000010BF4DC641CFAE6092801000A68531C93
:10DE40000B6010707047014601F0030090B9642028
:10DE5000B1FBF0F200FB121050B94FF4C870B1FBE7
:10DE6000F0F200FB121008B9012070470020FCE717
:10DE70000120FAE70020F8E710B506A001F02EF81F
:10DE800008210B4801F0D0F84FF416710848F7F755
:10DE900072FD10BD7B2252656365697665223A7B0F
:10DEA00022537461747573223A32367D7D0A000004
:10DEB000C004002010B586B00446F8F7FDF8012034
:10DEC00004900F480390002001900120029005A9C2
:10DED00001A8F8F737F878B9F8F78CF80598401CDE
:10DEE00010B1002006B010BD24B9FF221021054852
:10DEF000F7F73AFD0120F5E7F8F77CF80020F1E7A5
:10DF000040540008001D002000B5002210211046DA
:10DF100000F002F800BD000030B503465818402854
:10DF200001D9002030BD18460FE02AB1094C044445
:10DF300094F840441470521C102805D2054C044437
:10DF400094F84044044D2C54401CCC188442ECD826
:10DF50000120E7E700500008001D00202DE9F047F0
:10DF600006468946154606EB0900402802D90020DE
:10DF7000BDE8F0870DB90020FAE7F8F79DF8002416
:10DF800013E02A5D601C285C42EA0020C3170746A4
:10DF9000A019094A81183A460120F8F735F818B156
:10DFA000F8F728F80020E3E7A41C4C45E9D3F8F77C
:10DFB00021F80120DCE700004054000813B50C46AE
:10DFC00001216846F7F7E4FD0120F7F7A7FF009865
:10DFD0001CBD000010B5002821D0114B0022001FED
:10DFE000196803E0814203D80A4649680029F9D13B
:10DFF00052B11368841A9C4204D10068184410601E
:10E00000104602E0506000E0186039B102680B1A57
:10E01000934203D10B681A4402604968416010BD05
:10E020006002002000B585B00120F7F777FF0022DD
:10E0300015491648FAF7A8FA002215491348FAF7C5
:10E0400045FA1348007812498978114A5278104BE2
:10E05000DB78CDE90132CDE903100B4880780090E0
:10E060000948437802780BA11948FFF791FD184839
:10E0700000F034FF0120F7F751FF4FF416711548F7
:10E08000F7F779FC05B000BDB8000020C0090020FA
:10E09000BB0000207B2254223A7B2248223A25648E
:10E0A0002C224D223A25642C2253223A25642C221C
:10E0B00059223A25642C226D223A25642C224422CE
:10E0C0003A25642C2257223A25647D7D0A000000FF
:10E0D00018070020C004002038B504460D460A2069
:10E0E0002B462246482100900248F8F789FA024957
:10E0F000087038BD6C0900208400002038B5044643
:10E100000D460A202B462246482100900248F8F787
:10E1100023FC0249087038BD6C09002084000020EF
:10E1200070B504460D46002617E0012251020C4846
:10E13000F8F772F92846F7F7F1FE00224FF4007164
:10E140000748F8F769F92846F7F7E8FE0122510277
:10E150000348F8F761F9701CC6B2A642E5DB70BD52
:10E160000008014008B5F8F731FDFCF780FEFBF729
:10E1700041FDFBF7FDFDFBF713FEFBF735FEFBF75B
:10E18000C3FD6420F7F7CAFEFBF764FEFBF77AFED7
:10E19000FBF7DAFDFE48FAF793FDFD48FAF75AFD62
:10E1A0004FF40050FB4B0822FB4900900020FCF785
:10E1B0000DFD0221F9A000F037FFF9480068C068A2
:10E1C00040F02000F6490968C8600A20F7F7A6FE6B
:10E1D000F4480068C06840F02000F2490968C8604F
:10E1E0000020F1490860FBF7FBFCFFF78DFE1E21C4
:10E1F0000720FFF795FF01229102EC48F8F70CF990
:10E2000001221102E948F8F707F940F2E970F7F73F
:10E2100085FE00224FF48061E448F8F7FDF8002203
:10E220004FF48071E148F8F7F7F84FF47A70F7F798
:10E2300075FEFBF743FE4FF47A70F7F76FFE00228E
:10E240004FF40041D948F8F7E7F840F2E970F7F7E2
:10E2500065FE0122D103D548F8F7DEF80120D44944
:10E26000087021E2D348007820B1FBF74DFD64200F
:10E27000F7F754FE4AF6AA20CF4909680860FBF771
:10E28000AFFCCE480068002871D00120F7F746FEA9
:10E29000CB4800786D286BD014DC462869D008DCA8
:10E2A00001285ED0022865D0032869D040286FD1AC
:10E2B0009EE04E286DD0562817D066286AD0672871
:10E2C000F5D19CE0752816D008DC6E2870D0702837
:10E2D00061D0722815D07328E9D162E0802834D04B
:10E2E000812838D0AF28E2D183E000F013FE01206E
:10E2F000B4490870A7E000F0BFFF0120B1490870E1
:10E30000A1E0B1A000F0EAFD0A20F7F707FE00BF88
:10E3100000BF00BF00BF00BFBFF34F8F00BF00BFF3
:10E3200000BFB048006800F4E060AF490843001D3A
:10E33000AC49086000BF00BF00BFBFF34F8F00BFF4
:10E3400000BF00BF00BF00BFFDE700F0DDFE012001
:10E350009C49087077E0FFF765FE01209949087035
:10E3600071E000F069FF0120964908706BE076E0EB
:10E370004FE035E000F03EFF01209249087062E076
:10E380009A499B48FCF756F801208E4908705AE0DC
:10E3900047E01DE014E0FCF7BFFA0120894908704E
:10E3A00051E000F05BFE0120864908704BE0FFE77A
:10E3B00031216E2000F0CCF901208249087042E042
:10E3C0003121662000F0C4F901207E4908703AE04E
:10E3D00032216E2000F0BCF901207A49087032E049
:10E3E0003221662000F0B4F90120764908702AE055
:10E3F00000BFFFF741FD01207249087023E070481B
:10E4000041787C4A012000F0BDFA01206D49087076
:10E4100019E06B494878F7F7D9FB01206949087082
:10E4200011E075A000F05AFD13207A490870002011
:10E43000644908704FF416716148F7F79CFA0020A0
:10E440005E49086000BF00BF1320724908700020B9
:10E450005C490870594908600120F7F75FFD524890
:10E46000006890B10A20F7F759FD4F4801686A48E3
:10E47000F7F78EFB00204C4908600A20F7F74EFDA5
:10E480004FF416716448F7F776FA5A48007888B95D
:10E490005848407870B95748807858B95548C0787E
:10E4A00040B9002004E000215C4A1154411CC8B26C
:10E4B0000428F8DB4F48FBF741FB20B14D48FBF740
:10E4C0003DFB00B1F0E04B480078544909788842A0
:10E4D00012D1484840785149497888420CD1454882
:10E4E00080784E498978884206D14248C0784B49A5
:10E4F000C978884200D1D7E010210020FBF792FABA
:10E5000070B13C48FBF71AFB20B13A48FBF716FB09
:10E5100000B1C9E010210020FBF784FA00B1C3E08C
:10E520003F490120FBF7FEFA002830D13C488079B2
:10E53000AB282BD13A48C07940BB3948C07B28BBB7
:10E54000002005E02B49095C344A1154411CC8B233
:10E550000428F7DB324800783249086030484078B8
:10E56000096801EB00202F4908602D4880782E496A
:10E5700008602B48C078096801EB00202A49086030
:10E5800027480079096801EB00404FE086E08AE007
:10E590002C0A002000100140000C014073730000A1
:10E5A000B80A0020740A0020200000200008014062
:10E5B00002000020840000206009002018000020D4
:10E5C000C00400205D0000207B22526563697665EF
:10E5D000223A7B22537461747573223A37307D7D01
:10E5E0000A0000000CED00E00000FA0585000020A4
:10E5F00048090020600000207B225265636569762F
:10E6000065223A7B22537461747573223A31397DE5
:10E610007D0A00001700002068020020650000202D
:10E62000E4080020700000206C0000201F490860F2
:10E630001F484079096801EB00601C4908601D48CB
:10E64000006800F40040B0F5004F13D1194800688D
:10E65000C0F30E00174908600846006846F62921F5
:10E66000484014490860114800684BF2A621484010
:10E670000E4908601048007858B11048007820B959
:10E680000F4A0021084600F07DF96420F7F746FCA8
:10E6900007E032210A20FFF743FD02E009A000F065
:10E6A0001DFCFBF79DFA00BFDCE500006C000020BC
:10E6B000E408002070000020010000205900002024
:10E6C000600000206572726F720A0000F0B50B30B6
:10E6D000154D20F007010024144A0FE003688B4217
:10E6E0000BD38B4205D95E1A43184768C3E900670C
:10E6F00000E04368136002C004E0021D10680028B7
:10E70000ECD12046002802D1286808B10020F0BDD5
:10E71000064A07481060074A121A22F00702C0E9A9
:10E72000002401202860D7E7640200206002002056
:10E73000841D00208023002010B5044601231A46C2
:10E7400021460248FAF78DFE10BD0000B80A0020ED
:10E7500070B504460D46312D2AD16E2C12D10122FE
:10E7600011022A48F7F758FE0120F7F7D7FB28A037
:10E7700000F0B4FB0120324908704FF416713148A3
:10E78000F7F7F9F8662C13D100224FF480711F4877
:10E79000F7F742FE0120F7F7C1FB2BA000F09EFB2C
:10E7A0000120274908704FF416712648F7F7E3F85F
:10E7B000322D2AD16E2C12D1012291021348F7F783
:10E7C0002BFE0120F7F7AAFB2BA000F087FB01200E
:10E7D0001B4908704FF416711A48F7F7CCF8662CED
:10E7E00013D100224FF480610848F7F715FE01208D
:10E7F000F7F794FB2CA000F071FB01201049087082
:10E800004FF416710F48F7F7B6F870BD00080140D5
:10E810007B2252656365697665223A7B2253746177
:10E82000747573223A32367D2C225231223A7B2281
:10E83000537461747573223A32337D7D0A0000008F
:10E840005D000020C00400207B225265636569766C
:10E8500065223A7B22537461747573223A32367D95
:10E860002C225231223A7B22537461747573223AFE
:10E8700032347D7D0A0000007B2252656365697633
:10E8800065223A7B22537461747573223A32367D65
:10E890002C225232223A7B22537461747573223ACD
:10E8A00032337D7D0A0000007B2252656365697604
:10E8B00065223A7B22537461747573223A32367D35
:10E8C0002C225232223A7B22537461747573223A9D
:10E8D00032347D7D0A0000002DE9FF4180460C4660
:10E8E00015260025F7F79EFD07464AE0F7F79AFD43
:10E8F000C01BB0F5FA7F03D9FF2004B0BDE8F0815A
:10E9000069463046FBF70EF9002839D100BF04E014
:10E910001DF800104D40411CC8B20F28F8DB9DF8CF
:10E920000F00A8422AD19DF80E000A2801DDFF2021
:10E93000E3E79DF80700182813DC9DF808003B2842
:10E940000FDC9DF809003B280BDC9DF806001F2812
:10E9500007DC9DF805000C2803DC9DF80400202846
:10E9600001DDFF20C9E7002004E01DF8001021545C
:10E97000411CC8B21028F8DB0020BEE7FF20BCE72E
:10E9800000BFB3E72DE9F04FC5B007468846914672
:10E990000520449037204390162042904FF0010A02
:10E9A000002515203D904FF0000B002401203A90E7
:10E9B00017B1012F7DD17CE1F7F734FD064673E1F5
:10E9C000F7F730FD801B41F28831884206D9F9A063
:10E9D00000F084FAFF2045B0BDE8F08F4AF6AA2087
:10E9E000F94909680860FBF7FBF84846FBF7A6F809
:10E9F00020B14846FBF7A2F800B155E1439944988D
:10EA0000FBF710F870B14846FBF798F820B148467C
:10EA1000FBF794F800B147E143994498FBF702F8FB
:10EA200000B141E13EA94298FBF77CF8002876D17D
:10EA3000F7F7F8FC064635E1F7F7F4FC801B41F2E6
:10EA40008831884204D9DBA000F048FAFF20C2E7F1
:10EA50004AF6AA20DC49096808600025002404E081
:10EA60003EA8005D4540601CC4B20F2CF8DB9DF849
:10EA70000701A8427ED19DF8F9003C903C98000225
:10EA80003C909DF8F8103C9808443C909DF806B1E5
:10EA90009DF806013B909DF806010A280BDD3EA972
:10EAA0004846FFF719FF28B1C8A000F017FAFF2069
:10EAB00091E7FAE1F6E09DF8FF00182813DC9DF8D5
:10EAC00000013B280FDC9DF801013B280BDC9DF881
:10EAD000FE001F2807DC9DF8FD000C2803DC9DF8D4
:10EAE000FC0020280ADD3EA94846FFF7F5FE20B1CC
:10EAF000BBA000F0F3F9FF206DE7D3E09DF8020121
:10EB0000012810D09DF8020168B13EA94846FFF7E0
:10EB1000E3FE28B1B7A000F0E1F9FF205BE7C2E017
:10EB200001203A90BEE03A98A8B100203A90B64849
:10EB3000007802280FD19DF80201012805D1B349C0
:10EB4000887100208DF8020105E00020AF4988712E
:10EB500001208DF80201AC48007820B900208DF822
:10EB60000201AA498871A8480078012805D18DF8CA
:10EB7000020100E08BE0A549887100259DF8FC00AA
:10EB8000A24908709DF8FD0048709DF8FE0088704D
:10EB90009DF8FF00C8709DF8000108719DF8010103
:10EBA000487100229A499B48F9F7EEFC00229A49E5
:10EBB0009848F9F78BFC9848C0788DF8FC00964887
:10EBC00040788DF8FD00944880788DF8FE009048DC
:10EBD00000788DF8FF008E4840788DF800018C4851
:10EBE00080788DF8010100208DF803018DF8040173
:10EBF0008DF805018DF806B100BF002404E03EA8A1
:10EC0000005D4540601CC4B20F2CF8DB8DF8075145
:10EC100043994498FAF706FF98BB3EA94298FAF741
:10EC2000B3FF78BB3EA93D98FAF7AEFF58BB012071
:10EC3000F7F774F97548807974494979734A1279FC
:10EC4000724BDB78CDE90432CDE906106F4880784D
:10EC50006E4949786D4A1278CDE900B2CDE90210CB
:10EC60006E4803686E4802686E4908A8FEF790FF78
:10EC700008A800F033F94FF47A70F7F74FF9002045
:10EC8000A9E603E001E0FFE70CE00BE00AE03EA9A3
:10EC90004846FFF721FE20B163A000F01FF9FF20D6
:10ECA00099E600BFC8E600BFBAF1000F7FF488AE56
:10ECB00000BF62A000F012F9F7F7B4FB0646F0E0DF
:10ECC0004AF6AA20404909680860F7F7ABFB801BA9
:10ECD00041F28831884204D936A000F0FFF8FF20C5
:10ECE00079E6002500208DF8FA008DF8FB008DF8FC
:10ECF000F9008DF8F800002245494648F9F744FC30
:10ED0000002245494348F9F7E1FB4348C0788DF8B4
:10ED1000FC00414840788DF8FD003F4880788DF830
:10ED2000FE003B4800788DF8FF00394840788DF8A8
:10ED30000001374880788DF8010100208DF801012D
:10ED40008DF802018DF803018DF804018DF805019D
:10ED500008F0FF008DF8060100208DF8020100BFC9
:10ED6000002404E03EA8005D4540601CC4B20F2CA6
:10ED7000F8DB8DF807514846FAF7E0FE20B1484627
:10ED8000FAF7DCFE00B18CE043994498FAF74AFEAA
:10ED900070B14846FAF7D2FE20B14846FAF7CEFEE7
:10EDA00000B17EE043994498FAF73CFE00B178E068
:10EDB00060E000007B2243223A7B22537461747529
:10EDC00073223A317D7D0A00600900207B224322B4
:10EDD0003A7B22537461747573223A387D7D0A0040
:10EDE0007B2243223A7B22537461747573223A3634
:10EDF0007D7D0A007B2243223A7B22537461747525
:10EE000073223A377D7D0A000B00002004000020A9
:10EE1000B8000020C0090020BB00002070000020C6
:10EE20006C000020B4F300087B2243223A7B22537B
:10EE30007461747573223A347D7D0A007B225265B9
:10EE40006365697665223A7B225374617475732217
:10EE50003A32367D2C2243223A7B22547970652245
:10EE60003A224368616E676547726F7570227D7DD7
:10EE70000A00000043994498FAF7D4FD80B93EA9EE
:10EE80004298FAF781FE50B93EA93D98FAF77CFE08
:10EE900020B907A000F022F800209CE501E000E086
:10EEA00000BFBAF1000F7FF40BAF00BF93E5000085
:10EEB0007B2243223A7B22537461747573223A3069
:10EEC0002C2254797065223A224368616E67654747
:10EED000726F7570227D7D0A0000000070B50446D7
:10EEE0002046F6F753FDC5B229462046F6F750FEF8
:10EEF00000224FF400710648F7F78EFA0120F7F769
:10EF00000DF8012251020248F7F786FA70BD0000A1
:10EF10000008014000B599B064216846F6F72BFD62
:10EF20000A2219A16846FEF733FE6846FFF7D6FFAE
:10EF300023A0FFF7D3FF25A0FFF7D0FF0120F6F7AE
:10EF4000EDFF26A0FFF7CAFF0120F6F7E7FF28A094
:10EF5000FFF7C4FF0120F6F7E1FF28A0FFF7BEFF8F
:10EF60000120F6F7DBFF28A0FFF7B8FF0120F6F736
:10EF7000D5FF2BA0FFF7B2FF4FF416712948F6F723
:10EF8000FAFC19B000BD00007B224669726D776102
:10EF90007265223A7B2246223A312C2244657669F8
:10EFA000636554797065223A225061726B696E67AD
:10EFB000222C2252656C65617365223A302564000B
:10EFC0002C22426F6F74223A310000002C224175CE
:10EFD000746F5374617274223A3100002C225265AE
:10EFE0006164657254797065223A504E353332004F
:10EFF0002C22506F73223A31000000002C2244531F
:10F0000037223A31000000002C226F6E6552656194
:10F010006443617264496E4669656C64223A3100EA
:10F020007D7D0A00C004002070B504460D46002610
:10F030000FE0012221460020FBF722FE641C4AF665
:10F04000AA200549096808600520F6F767FF701CCB
:10F05000C6B2AE42EDDB70BD6009002010B50C48B1
:10F06000007810B90BA0FFF739FF0948007810B1FC
:10F0700016A0FFF733FF0648007880F0010004492E
:10F0800008704FF416711F48F6F775FC10BD0000AC
:10F09000590000207B2252656365697665223A7BC0
:10F0A00022537461747573223A32367D2C224322C6
:10F0B0003A7B2254797065223A22556E53656E640C
:10F0C00053657269616C227D7D0A00007B22526566
:10F0D0006365697665223A7B225374617475732285
:10F0E0003A32367D2C2243223A7B225479706522B3
:10F0F0003A2253656E6453657269616C227D7D0AA4
:10F1000000000000C004002010B51CA0FFF7E6FEC0
:10F110002848407828490870264880784870254853
:10F12000C078887023480079244988702148407944
:10F1300048702048807908701E48C079C870012046
:10F14000F6F7ECFE00221C491D48F9F793FB10B1BD
:10F150001CA0FFF7C3FE0120F6F7E0FE00221749CE
:10F160001748F9F7D9FA10B11CA0FFF7B7FE4FF412
:10F1700016711048F6F7FFFB10BD00007B225265A8
:10F180006365697665223A7B2253746174757322D4
:10F190003A32367D2C2254223A7B225479706522F1
:10F1A0003A2253657454696D6544617465227D7DAE
:10F1B0000A000000C0040020B8000020BB000020AE
:10F1C000C00900207B2254223A7B2253746174755B
:10F1D00073223A3132387D7D0A0000007B225422AE
:10F1E0003A7B22537461747573223A3132397D7DD2
:10F1F0000A00000010B507484078FF2808D106A093
:10F20000FFF76CFE00224FF400410A48F7F704F9BB
:10F2100010BD0000C00400207B2252656365697642
:10F2200065223A7B22537461747573223A32367DBB
:10F230007D0A00000008014010B506484078AA2861
:10F2400007D105A0FFF74AFE0122D1030948F7F7CD
:10F25000E3F810BDC00400207B2252656365697627
:10F2600065223A7B22537461747573223A32367D7B
:10F270007D0A00000008014010B5FEF745FE002899
:10F2800019D06420F6F74AFE0020FEF713FE0CA208
:10F2900008210020FEF762FE48B10520F6F73EFE89
:10F2A0000AA0FFF71BFE0520F6F738FE06E010A0C7
:10F2B000FFF714FE02E00EA0FFF710FE10BD0000E5
:10F2C000426F6F5431323334000000007B2255709E
:10F2D000646174654669726D77617265223A7B225A
:10F2E000537461747573223A32367D0A000000004F
:10F2F0007B225570646174654669726D77617265D1
:10F30000223A7B22537461747573223A31397D0A33
:10F31000000000001F1C1F1E1F1E1F1F1E1F1E1F80
:10F3200000000000000000000102030406070809B5
:10F330000000000001020304895171F21DCB00009E
:10F3400000000000000000008D5F307CF05E0000D7
:10F350000000000000000000B22CE4247D900000BA
:10F360000000000000000000579B07B3A4E9000064
:10F370000000000000000000E32F50F2E3D0000086
:10F380000000000000000000E9C1254FA07D000042
:10F390000000000000000000FFFFFFFFFFFF000073
:10F3A00000000000000000000000FF00FF0000005F
:10F3B000FF0000007B2243223A7B224944223A2567
:10F3C000642C225543223A25642C224770223A2588
:10F3D000642C2259223A25642C224D223A25642C91
:10F3E0002244223A25642C2248223A25642C226D9C
:10F3F000223A25642C2253223A25642C2245454D7D
:10F40000223A25647D7D0A0028F4000800000020CF
:10F41000680200003E5A00080CF50008680200204F
:10F420001827000000DC0008B182022201C2140289
:10F430002503A50A02113019441903011669192977
:10F44000081AFF01013C1399B81B08E1041AF104E2
:10F450001315B91B084D041A650C1AA904131201DF
:10F46000140202021640830440571D020102037178
:10F470000E21040309041AD1132D5B1B0829041360
:10F48000995A1B085108419A10BC4173B207532482
:10F49000F4130A0632022A402413F5B41B0835047B
:10F4A0004B17B63C1A830C1385B31B080108C11A0D
:10F4B000D5101AC5041AE5041AB5041C090243AB99
:10F4C000111DC03209046D1A020B13052416100118
:10F4D000052401100901042402020524061701076E
:10F4E000058203081C100904E1320A1D0705010208
:10F4F0007B2C07058107110937442A40072A810719
:0CF50000112B0907440A3B0444C1000021
:04000005080058EDAA
:00000001FF
