:020000040800F2
:10580000202800200159000885940008BD8F000859
:1058100081940008435A000829D2000800000000C3
:10582000000000000000000000000000D5A10008FA
:10583000795B000800000000D19E000823A5000845
:105840001B5900081B5900081B5900081B59000868
:105850001B5900081B5900081B5900081B59000858
:105860001B5900081B5900081B5900081B59000848
:105870001B5900081B5900081B5900081B59000838
:105880001B5900081B5900081B5900081B59000828
:1058900071D100081B5900081B5900081B5900084A
:1058A0001B5900081B5900081B5900081B59000808
:1058B0001B590008D1A500081B5900081B590008F6
:1058C0001B5900081B5900081B5900081B590008E8
:1058D0001B590008E5A90008F5A900081B59000894
:1058E0001B5900081B5900081B590008DFF80CD091
:1058F00000F06AF800480047B9D8000820280020C6
:105900000648804706480047FEE7FEE7FEE7FEE759
:10591000FEE7FEE7FEE7FEE7FEE7FEE7C1A50008BB
:10592000ED580008202A04DB203A21FA02F0002179
:10593000704721FA02F3D040C2F12002914008439F
:105940001946704740EA01039B0703D009E008C9E4
:10595000121F08C0042AFAD203E011F8013B00F834
:10596000013B521EF9D27047D2B201E000F8012B80
:10597000491EFBD270470022F6E710B513460A46CF
:1059800004461946FFF7F0FF204610BD421C10F8F0
:10599000011B0029FBD1801A704730B50B46014628
:1059A00000202022012409E021FA02F59D4205D3BE
:1059B00003FA02F5491B04FA02F52844151EA2F168
:1059C0000102F1DC30BD0000064C074D06E0E06846
:1059D00040F0010394E8070098471034AC42F6D336
:1059E000FFF788FF68E8000888E8000870B58C18A1
:1059F00010F8015B15F0070301D110F8013B2A11E3
:105A000006D110F8012B03E010F8016B01F8016BCF
:105A10005B1EF9D12B0705D40023521E0DD401F8CB
:105A2000013BFAE710F8013BCB1A921C03E013F894
:105A3000015B01F8015B521EF9D5A142D8D30020C9
:105A400070BD00BFFEE7000030B50346042B15D043
:105A500007DC7BB1012B0ED0022B0DD0032B30D1F4
:105A60000BE0202B0BD0212B18D0222B22D0232B64
:105A700027D125E026E025E024E023E022E00020F5
:105A800003E00C5C114D2C54401C0728F9DB00206E
:105A90000F4C207001200F4C207013E0002003E019
:105AA0000A4C245C0C54401C0728F9DB0020084CED
:105AB000207007E006480078401C054C207001E08B
:105AC00000E000BF00BF002030BD0000D00000207B
:105AD00000000020010000200020704710B50022C7
:105AE0000449054805F0EBF80449034805F0E0F8DF
:105AF000002010BD8C120020E0090020A40E002020
:105B000070B504460D460B4928680860002003E084
:105B1000215C094A1154401C064909688842F7D3A0
:105B20002146064805F0C4F8044805F09DF8002019
:105B300070BD00001C0000207C040020E009002053
:105B40002DE9F04104460D4600260A48D0F8B87207
:105B5000D7F8140210B10120BDE8F0812A46214691
:105B6000044805F0ACF8034805F02DF90646304628
:105B7000F2E70000E00900207047000010B504467D
:105B8000022C03DD07A008F01DFC04E0134804709C
:105B900013A008F017FC4FF416711F48FFF7EBFE37
:105BA00010BD00007B2252656365697665223A7BF1
:105BB00022537461747573223A31397D2C22432249
:105BC0003A7B2254797065223A224465766963658E
:105BD0004D6F6465227D7D0A000000000B000020EF
:105BE0007B2252656365697665223A7B2253746134
:105BF000747573223A32367D2C2243223A7B22542A
:105C0000797065223A224465766963654D6F6465F3
:105C1000227D7D0A000000007C04002072B603E0B3
:105C20001E21642007F026FEFAE700000021074A43
:105C3000D1610749096941F00401054A1161114622
:105C4000096941F04001116170470000801B00208C
:105C5000002002400021074AD1610749096941F04B
:105C60000201054A116111464861096941F040018C
:105C700011617047801B0020002002400022054B6C
:105C8000DA61054A126942F00102034B1A61018090
:105C900070470000801B00200020024000201E49A9
:105CA000C96801F0100139B11C49C96941F002010C
:105CB0001A4AD16140F010001749C96801F0040187
:105CC00039B11649C96941F00101144AD16140F066
:105CD00004001149C96901F0010169B10F49C9699D
:105CE00041F004010D4AD16100BF0B49C96921F09F
:105CF0000101094AD16100BF00BF40F20111884291
:105D000006D10549C96921F00101034AD16101E0C9
:105D10000149C86000BF704700200240801B00207E
:105D200070B5044600F056FB054609E0601C38B12A
:105D300024B100F04FFB401BA04201D9032070BDED
:105D40001248C06800F001000028EFD10F48C06879
:105D500000F0200020B100BF20200C49C86000BF27
:105D60000A48C06800F0100048B90848C06900F04F
:105D7000010020B90548C06800F0040018B1FFF721
:105D80008DFF0120DBE70020D9E700000020024062
:105D900070B50A480468001D0568001D0668344493
:105DA00054B108220649204603F0DAF904220449D6
:105DB0001031284603F0D4F970BD0000E8F7FF1F4A
:105DC000B60000200146002291F82100022808D0E8
:105DD0000420886300BF002081F8200000BF01205C
:105DE00070470868006820F00E000B6818600868AB
:105DF000006820F001000B68186091F84030012025
:105E00009840CB6B5860012081F8210000BF002032
:105E100081F8200000BF1046E2E7000070B504469C
:105E2000002594F82100022803D00420A063012556
:105E300048E02068006820F00E00216808602068B3
:105E4000006820F00100216808601F49206888422E
:105E500001D1012026E01C4914312068884201D17B
:105E600010201FE0184928312068884201D1801590
:105E700018E015493C312068884201D1801411E0B6
:105E8000114950312068884202D14FF4803009E036
:105E90000D4964312068884202D14FF4801001E03E
:105EA0004FF08070084908394860012084F82100CB
:105EB00000BF002084F8200000BF606B10B12046B6
:105EC000616B8847284670BD0800024070B50446E3
:105ED00000F080FA06462546681C10B10448007898
:105EE000054400BF00F076FA801BA842FAD370BDCB
:105EF000F00000202DE9F04104460E460127002560
:105F000000BF2648007E012802D10220BDE8F081B2
:105F100001202249087600BF2068022813D14CF2E4
:105F20005030FFF7FDFE90BB0120FFF77FFE4CF2E3
:105F30005030FFF7F5FE07461948006920F00400CD
:105F40001749086123E04CF25030FFF7E9FEF0B941
:105F50004FF0FF303060A56812E02846FFF77AFE68
:105F60004CF25030FFF7DCFE07460D48006920F088
:105F700002000B4908610FB1356007E005F5806547
:105F8000D4E9021001EB8020A842E6D800BF00BF90
:105F900000200249087600BF3846B7E7801B002082
:105FA000002002400348006940F080000149086178
:105FB00000207047002002402DE9FE4F05468B4629
:105FC00017469846012600240020029000BF24486E
:105FD000007E012802D10220BDE8FE8F0120204969
:105FE000087600BF4CF25030FFF79AFE064686BB9B
:105FF000012D02D10120029006E0022D02D10220E3
:10600000029001E00420029000241EE02201B94623
:10601000C24648465146FFF785FC80B201900220F7
:1060200000FB04B000900199FFF728FE4CF25030BD
:10603000FFF776FE06460B48006920F0010009498B
:10604000086106B104E0601CC4B202988442DDDB42
:1060500000BF00BF00200249087600BF3046BBE702
:10606000801B00200020024000200849096901F03F
:10607000800151B10649054A5160064951601146F7
:10608000096901F0800101B1012070470020024040
:1060900023016745AB89EFCD2DE9F8470346002280
:1060A00094466EE14FF0010808FA02F4D1F800803E
:1060B00008EA0400A0427DD1DFF8DCA2D1F8048018
:1060C000A8EB0A09D0453AD014DCB8F1030F50D040
:1060D00009DCB8F1000F31D0B8F1010F1CD0B8F1D4
:1060E000020F49D120E0B8F1110F18D0B8F1120F0A
:1060F00042D11EE0B9F5881F25D006DCB9F5803FF6
:1061000020D0B9F5801F37D11AE0B9F5001F18D09B
:10611000B9F5041F30D117E0D1F80CC02DE0D1F84B
:106120000C8008F1040C28E0D1F80C8008F1080C70
:1061300023E0D1F80C8008F10C0C1EE000BF00BF7A
:1061400000BF00BF00BF00BFD1F80880B8F1000F4A
:1061500002D14FF0040C0BE0D1F80880B8F1010F28
:1061600003D14FF0080C1C6102E04FF0080C5C6199
:1061700003E04FF0000C00E000BF00BFFF2801D893
:10618000984601E003F104084646FF2802D84FEA8A
:10619000820803E0A2F108084FEA88084746D6F8CB
:1061A00000804FF00F0909FA07F928EA09080CFAEC
:1061B00007F900E088E048EA0908C6F80080D1F84D
:1061C000048008F08058B8F1805F7DD100BFDFF80F
:1061D000CC81D8F8188048F00108DFF8C091C9F8E0
:1061E0001880C846D8F8188008F00108CDF800805B
:1061F00000BF00BF4FEAB9384FEA920958F829505A
:106200004FEA82784FEA18794FF00F0808FA09F838
:1062100025EA0805DFF88881434502D14FF00008E0
:1062200016E0DFF88081434502D14FF001080FE00E
:10623000DFF87481434502D14FF0020808E0DFF82F
:106240006C81434502D14FF0030801E04FF0040890
:106250004FEA82794FEA197908FA09F848EA050500
:10626000DFF84C814FEA920948F82950D1F80480B0
:1062700008F48038B8F5803F0AD1DFF83881D8F8C3
:10628000008048EA0008DFF82C91C9F8008009E096
:10629000DFF82081D8F8008028EA0008DFF81491A0
:1062A000C9F80080D1F8048008F40038B8F5003F40
:1062B00010D1DFF8008108F10408D8F8008048EA1E
:1062C0000008DFF8F09000E05AE009F10409C9F88D
:1062D00000800DE0DFF8DC8008F10408D8F80080C9
:1062E00028EA0008DFF8CC9009F10409C9F8008019
:1062F000D1F8048008F48018B8F5801F0ED1DFF8BB
:10630000B48008F10808D8F8008048EA0008DFF8EF
:10631000A49009F10809C9F800800DE0DFF8948025
:1063200008F10808D8F8008028EA0008DFF884900F
:1063300009F10809C9F80080D1F8048008F40018B0
:10634000B8F5001F0ED1DFF86C8008F10C08D8F802
:10635000008048EA0008DFF85C9009F10C09C9F8F0
:1063600000800DE0DFF84C8008F10C08D8F80080C0
:1063700028EA0008DFF83C9009F10C09C9F8008010
:10638000521CD1F8008028FA02F8B8F1000F7FF40F
:1063900089AEBDE8F887000000001110001002402F
:1063A00000080140000C01400010014000140140B1
:1063B0000800014000040140024693680B400BB105
:1063C000012000E0002070470AB1016101E00B04E8
:1063D000036170470148006870470000E800002032
:1063E00070B504460CB9012070BD4CF6CC40216854
:1063F000086045F2555021680860D4E900104860F3
:106400002168A0688860FFF7E5FF05460BE0FFF70D
:10641000E1FF401B272806D92068C06800F0030070
:1064200008B10320E0E72068C06800F003000028FE
:10643000EDD14AF6AA20216808600020D4E70000C8
:106440000348006803490978084401490860704717
:10645000E8000020F000002010B50848006840F077
:10646000100006490860032000F0A8F8002000F0A2
:1064700007F800F02BF8002010BD000000200240BB
:1064800070B504460E4800784FF47A71B1FBF0F015
:106490000C490968B1FBF0F5284602F068F808B12C
:1064A000012070BD102C07D200222146501E00F0A2
:1064B00047F80548046001E00120F2E70020F0E71A
:1064C000F000002004010020EC00002008B500BF0F
:1064D0001148806940F001000F49886108468069D1
:1064E00000F00100009000BF00BF00BF0846C06977
:1064F00040F08050C8610846C06900F080500090AC
:1065000000BF00BF00BF0549486820F0E06040F0D0
:106510000070486000BF08BD00100240000001404C
:1065200001460846002809DB00F01F0301229A40BB
:1065300043099B0003F1E023C3F8002100BF70472B
:106540002DE9F05F80460D461646002706F082FED4
:10655000074639462A46334601F00700C0F1070ACC
:10656000BAF1040F02D94FF0040A01E0C0F1070AA2
:10657000D14600F1040ABAF1070F02D24FF0000A27
:1065800001E0A0F1030AD4464FF0010A0AFA09FA21
:10659000AAF1010A0AEA020A0AFA0CFA4FF0010B00
:1065A0000BFA0CFBABF1010B0BEA030B4AEA0B04F1
:1065B0002146404606F056FEBDE8F09F00BF00F0C1
:1065C0000702064B19684FF6FF031940044B0B43B3
:1065D00043EA0221014B196000BF70470CED00E057
:1065E0000000FA0570B505460C4604F080008028CE
:1065F00008D104F0070000EB800605F1280000EB4D
:10660000C60105E004EB840605F5B47000EBC60195
:106610001AB900200873CB8004E0012008730B81B5
:10662000180C4881002070BD704770B504460D46B7
:1066300005EB850304F1280101EBC3014A692946F2
:10664000D4F8E80204F0C6FE70BD70B504460D46ED
:1066500005EB850304F5B47101EBC3014A692946D2
:10666000D4F8E80204F036FF70BD70B504460E465B
:1066700006F0800080280AD106F0070000EB8001B8
:1066800004F1280000EBC1050120687009E006F064
:10669000070000EB800104F5B47000EBC105002099
:1066A000687006F00700287000BF94F8A80201285F
:1066B00001D1022070BD012084F8A80200BF294644
:1066C000206805F08FFD00BF002084F8A80200BFFD
:1066D00000BFEFE770B504460E4606F00F00616894
:1066E000884201D9012070BD06F0800080280AD1BF
:1066F00006F0070000EB800104F1280000EBC10563
:106700000120687009E006F0070000EB800104F545
:10671000B47000EBC105002068700020A87006F07E
:106720000700287000BF94F8A802012801D10220B8
:10673000D9E7012084F8A80200BF2946206805F0A7
:10674000ADFE00BF002084F8A80200BF00BFCAE76A
:106750002DE9F04105460C46174607F48040002815
:1067600050D02868B0F85010207801EBC000801C91
:10677000296801F5806131F81000C0F30906A069AD
:10678000B04203D3A069801BA06101E00020A0619A
:10679000A069A8B900BF22785200296831F8121008
:1067A0004BF68F7201EA020080F4005040F4004181
:1067B00041F0800123785B002A6822F8131000BFA3
:1067C00007F04000A8B100BF00BF2278520029683E
:1067D00031F8121048F68F7201EA020040F40041CD
:1067E00041F0C00123785B002A6822F8131000BF33
:1067F00000BF002E55D0228961693346286806F013
:10680000C3FC4EE02868B0F85010207801EBC000BF
:10681000801D296801F5806131F81000C0F3090678
:10682000A069B04203D3A069801BA06101E00020F1
:10683000A061A069A8B900BF22785200296831F888
:1068400012104BF68F7201EA020080F4005040F4FF
:10685000004141F0800123785B002A6822F8131080
:1068600000BF07F04000A8B900BF00BF2278520067
:10687000296831F8121048F68F7201EA020040F4DC
:10688000004141F0C00123785B002A6822F8131010
:1068900000BF00BF2EB1628961693346286806F0E7
:1068A00073FC3046BDE8F0812DE9F04705460C4603
:1068B000904608F04000002871D02868B0F85010C9
:1068C000207801EBC000801C296801F5806131F857
:1068D0001000C0F30907A069B84203D9A069C01B22
:1068E000A06101E00020A061A06900287ED100BF66
:1068F0006078C8B900BF29682A68B2F850201144EE
:106900002278022303EBC20201F5806303EB42000D
:1069100000BF028848F2FF331A400280028842F426
:106920000042028000BF13E06078012810D100BF50
:1069300028682A68B2F8502010442278022303EB1A
:10694000C20200F5806303EB420100220A8000BF0F
:1069500000BF00BF2968607810BB00BF2B68D5F866
:1069600000C0BCF850C0634494F800C04FF0060962
:1069700009EBCC0C03F5806909EB4C0000BFB0F8C3
:1069800000C048F2FF390CEA090CA0F800C0B0F8CA
:1069900000C04CF4004CA0F800C000BF11E0C0E003
:1069A000607801280DD12868B0F8500001442078A3
:1069B000062303EBC00001F5806303EB40020020D7
:1069C000108000BF21782846FFF72FFE08F4804092
:1069D000002816D000BF00BF22785200296831F885
:1069E000121048F68F7201EA020000E00AE040F45B
:1069F000004141F4814123785B002A6822F813109A
:106A000000BFCAE108F48040A8B100BF00BF2278EF
:106A10005200296831F8121048F68F7201EA02001C
:106A200040F4004141F4814223785B00296821F859
:106A3000132000BF00BF94F824000128E1D1606951
:106A400038446061E0693844E0612169206A884225
:106A500004D32669206A801B20620BE0206A20B9DB
:106A60003E46002084F8240004E0002084F824003E
:106A7000266A206200BF6078B8BB00BF2A68296818
:106A8000B1F850100A442178022303EBC10102F54A
:106A9000806303EB4101084600BF56B9038848F202
:106AA000FF3C03EA0C030380038843F400430380A4
:106AB00019E03E2E0BD800BF710806F0010303B1A8
:106AC000491C4FF6FF7303EA812303800BE000BFEC
:106AD000710906F01F0303B9491E4FF4004343EA4E
:106AE0008123038000BF00BF13E0FFE76078012827
:106AF0000FD100BF28682A68B2F8502010442278CD
:106B0000022303EBC20200F5806303EB42010E8017
:106B100000BF00BFB3B222896169286806F063FB39
:106B20003BE12868B0F85010207801EBC000801DD0
:106B3000296801F5806131F81000C0F30907A069E8
:106B4000B84203D3A069C01BA06101E00020A0618E
:106B5000A06900287DD100BF6078C8B900BF29684E
:106B60002A68B2F8502011442278022303EBC202B3
:106B700001F5806303EB420000BF028848F2FF3357
:106B80001A400280028842F40042028000BF13E0F3
:106B90006078012810D100BF28682A68B2F8502018
:106BA00010442278022303EBC20200F5806303EB5A
:106BB000420100220A8000BF00BF00BF2968607840
:106BC00008BB00BF2B68D5F800C0BCF850C06344B8
:106BD00094F800C04FF0060909EBCC0C03F580696E
:106BE00009EB4C0000BFB0F800C048F2FF390CEAD6
:106BF000090CA0F800C0B0F800C04CF4004CA0F89C
:106C000000C000BF10E0607801280DD12868B0F8FE
:106C1000500001442078062303EBC00001F5806397
:106C200003EB40020020108000BF21782846FFF7C8
:106C3000FCFC08F48040002816D100BF00BF227879
:106C40005200296831F8121048F68F7201EA0200EA
:106C500000E00AE040F4004141F4814123785B0008
:106C60002A6822F8131000BF97E008F48040A8B902
:106C700000BF00BF22785200296831F8121048F690
:106C80008F7201EA020040F4004141F4814123780F
:106C90005B002A6822F8131000BF00BF94F824009C
:106CA00001287AD1606938446061E0693844E06164
:106CB0002169206A884204D32669206A801B2062E9
:106CC0000BE0206A20B93E46002084F8240004E04E
:106CD000266A0020206284F8240000BF2A686078B9
:106CE00090BB00BFD5F800C02968B1F850108C44A3
:106CF00021784FF0060909EBC1010CF5806909EB19
:106D00004101084600BF76B9B0F8009048F2FF3A5A
:106D100009EA0A09A0F80090B0F8009049F4004987
:106D2000A0F8009020E03E2E0FD800BF710806F0BA
:106D30000109B9F1000F00D0491C4FF6FF7909EAAB
:106D40008129A0F800900FE010E000BF710906F063
:106D50001F09B9F1000F00D1491E4FF4004949EA5B
:106D60008129A0F8009000BF00BF0FE060780128E3
:106D70000CD12868B0F8500002442078062101EBBD
:106D8000C00002F5806101EB40031E8000BFB3B27A
:106D900062896169286806F026FA00BF22785200ED
:106DA000296831F8121048F6BF7201EA020080F03B
:106DB000100080F0200040F4004141F08001237871
:106DC0005B002A6822F8131000BF0020BDE8F0879E
:106DD000024601F0070000EB800302F5B47000EBFF
:106DE000C300C06970472DE9F04705460E4690463E
:106DF0001F464FF0000906F0800080280AD106F0F7
:106E0000070000EB800105F1280000EBC104012020
:106E1000607009E006F0070000EB800105F5B47032
:106E200000EBC1040020607006F007002070C4F879
:106E30001080E770607808B12078E081022F01D1DE
:106E40000020207100BF95F8A802012802D102207D
:106E5000BDE8F087012085F8A80200BF2146286818
:106E600004F096FF00BF002085F8A80200BF484646
:106E7000EEE72DE9F04105460E461746984606F026
:106E8000070000EB800105F5B47000EBC1046761F9
:106E9000C4F818800020E061607006F007002070E0
:106EA00006F0070020B92146286805F092FB03E0B0
:106EB0002146286805F08DFB0020BDE8F08170B503
:106EC00004460D4605F007006168884201D901209B
:106ED00070BD05F0800080280AD105F0070000EBA6
:106EE000800104F1280000EBC1060120707007E06A
:106EF00005EB850104F5B47000EBC106002070704D
:106F00000120B07005F00700307000BF94F8A802AF
:106F1000012801D10220DBE7012084F8A80200BF8C
:106F20003146206805F027FB05F0070020B904F57D
:106F30002C71206805F0AFFA00BF002084F8A80289
:106F400000BF00BFC4E72DE9F04105460E4690465C
:106F50001F4606F0070000EB800105F1280000EB5A
:106F6000C104C4F81480A761012084F824002762BA
:106F70000020E0610120607006F00700207006F03C
:106F8000070020B92146286805F023FB03E02146CD
:106F9000286805F01EFB0020BDE8F0817FB504469F
:106FA000206806F0EDF800F40040B0F5004F02D183
:106FB000204602F06BFA206806F0E2F800F48060E8
:106FC000B0F5806F0FD12068B0F844004FF6FF3164
:106FD00008402168A1F84400204600F09FF90021F4
:106FE000204600F0BBF9206806F0CAF800F48040A3
:106FF000B0F5804F08D12068B0F844004BF6FF711F
:1070000008402168A1F84400206806F0B9F800F4AF
:107010000050B0F5005F08D12068B0F844004DF68C
:10702000FF7108402168A1F84400206806F0A8F824
:1070300000F48050B0F5805F1DD12068B0F84000AA
:107040004FF6FB7108402168A1F840002068B0F8B5
:1070500040004FF6F77108402168A1F84000204633
:1070600000F06EF92068B0F844004EF6FF71084059
:107070002168A1F84400206806F082F800F400605E
:10708000B0F5006F55D1002507E06900206830F8A1
:1070900011002DF81500681CC5B2082DF5D3206825
:1070A000B0F8400040F001002168A1F840002068DD
:1070B000B0F840004FF6FE7108402168A1F840008A
:1070C00000BF2068B0F8440000F480600028F8D0C9
:1070D0002068B0F844004FF6FF3108402168A1F85D
:1070E0004400002507E03DF815006A00216821F8FA
:1070F0001200681CC5B2082DF5D32068B0F8400016
:1071000040F008002168A1F840002068B0F8440071
:107110004FF2FF7108402168A1F844002068B0F8E0
:10712000400040F004002168A1F84000204600F033
:1071300057F9206806F024F800F40070B0F5007FDD
:107140000BD12068B0F844004FF6FF510840216889
:10715000A1F84400204600F0FAF8206806F010F884
:1071600000F48070B0F5807F08D12068B0F844004A
:107170004FF6FF6108402168A1F844007FBD30B59B
:1071800085B0044614B9012005B030BD94F8A902B9
:1071900028B9002084F8A802204600F09DF80320BA
:1071A00084F8A902206805F06CF9142204F110019A
:1071B0006846FEF7C7FB94E80F0005F00FF820B112
:1071C000022084F8A9020120DEE70021206806F0F1
:1071D00000F8002531E0012105EB850204F12800CB
:1071E00000EBC200417005EB850104F1280000F8B6
:1071F000315005EB850100EBC100C581002105EB95
:10720000850204F1280000EBC200C17005EB850285
:1072100004F1280000EBC200016105EB850204F1D6
:10722000280000EBC200416105EB850204F1280053
:1072300000EBC2008161681CC5B26068A842CAD870
:1072400000252AE0002105EB850204F5B47000EB6F
:10725000C200417005EB850104F5B47000F83150AF
:10726000002105EB850200EBC200C17005EB850231
:1072700004F5B47000EBC200016105EB850204F572
:10728000B47000EBC200416105EB850204F5B470F7
:1072900000EBC2008161681CC5B26068A842D1D809
:1072A000142204F110016846FEF74CFB94E80F002D
:1072B00005F0DCF820B1022084F8A902012063E780
:1072C000002084F82400012084F8A902206805F039
:1072D000CAF8002058E7000038B504460D49206878
:1072E000884215D100BF0C48C06940F400000A492B
:1072F000C8610846C06900F40000009000BF00BFEC
:10730000002211461420FFF71BF91420FFF708F99B
:1073100038BD0000005C00400010024070B504461B
:107320000125A068022801D0FEF778FC2946D4F890
:10733000E80204F003FAD4F8E80204F0B5F970BDED
:1073400010B50446D4F8E80204F0DCF910BD10B51D
:107350000446D4F8E80204F0E0F910BD70B5044624
:107360000D4600BF94F8A802012801D1022070BD8B
:10737000012084F8A80200BF84F824502946206820
:1073800005F02AFF00BF002084F8A80200BF00BF5C
:10739000EDE710B5044604F52C71D4F8E80204F0CA
:1073A000E4F910BD10B5044600BF94F8A802012806
:1073B00001D1022010BD012084F8A80200BF20687E
:1073C00005F0CCFE01212046FFF72EF9206805F0DC
:1073D00047F800BF002084F8A80200BF00BFE9E71B
:1073E00010B50446D4F8E80204F018FAA06928B1F0
:1073F0000348006840F006000149086010BD000025
:1074000010ED00E0012001490862704700000E42C3
:107410002DE9F04385B006463BA30FCB01AC0FC46A
:107420003DA0006800904FF00008002500270024D0
:10743000A146012E30D0022E55D0102E5ED13748F5
:107440004468006800F0807000B301A8C4F3834171
:10745000475C04F4803070B130484068C0F340406D
:107460001DF8008004F4803040B12D48B0FBF8F0E6
:1074700000FB07F502E02B4807FB00F527484068B2
:1074800000F48000B0F5800F01D1A94603E0680048
:107490000321B0FBF1F932E02048046A04F44070A3
:1074A000B0F5807F05D104F0020010B14FF400491F
:1074B00018E004F44070B0F5007F07D11748406A27
:1074C00000F0020010B149F640490BE004F44070AE
:1074D000B0F5407F06D11148006800F4003008B1D3
:1074E0004FF224490BE000F09BF90C494968C1F3C5
:1074F0008131491C4900B0FBF1F900E000BF00BF39
:10750000484605B0BDE8F0830203040506070809F4
:107510000A0B0C0D0E0F10100102000000100240AB
:1075200000127A0000093D00F8B504460026002547
:10753000207800F0010000286BD000274348C06984
:1075400000F0805070B900BF4048C06940F08050E2
:107550003E49C8610846C06900F08050009000BFF5
:1075600000BF01273A48006800F48070B0B938487D
:10757000006840F4807036490860FEF72BFF06462D
:1075800006E0FEF727FF801B642801D90320F8BD21
:107590002F48006800F480700028F2D02B48006A61
:1075A00000F440752DB3A08800F44070A84220D0AC
:1075B0002648006A20F44075012026490860002012
:1075C00008602248056205F0010090B1FEF702FF55
:1075D000064608E0FEF7FEFE801B41F28831884235
:1075E00001D90320D3E71948006A00F002000028FF
:1075F000F0D01648006A20F44070616808431349CF
:107600000862012F04D10846C06920F08050C8618B
:1076100000BF207800F00200022807D10B48406824
:1076200020F44040A168084308494860207800F0F1
:107630001000102807D10548406820F48000E16858
:107640000843024948600020A1E700000010024002
:1076500000700040400442427047000070B504468C
:107660000D460CB9012070BD5A48006800F00700B3
:10767000A8420ED25748006820F007002843554919
:1076800008600846006800F00700A84201D0012009
:10769000E9E7207800F0020002281DD1207800F0F0
:1076A0000400042805D14C48406840F4E0604A4991
:1076B0004860207800F00800082805D14648406856
:1076C00040F46050444948604348406820F0F0006E
:1076D000A168084340494860207800F0010078B371
:1076E0006068012806D13C48006800F4003090B979
:1076F0000120B8E76068022806D13748006800F02A
:10770000007040B90120AEE73348006800F0020085
:1077100008B90120A7E73048406820F003006168FD
:1077200008432D494860FEF755FE064609E0FEF77E
:1077300051FE801B41F28831884202D9032092E732
:1077400007E02548406800F00C006168B0EB810F4D
:10775000EDD12048006800F00700A8420ED91D486E
:10776000006820F0070028431A49086008460068AE
:1077700000F00700A84201D0012074E7207800F053
:107780000400042807D11448406820F4E060E16850
:10779000084311494860207800F00800082808D103
:1077A0000D48406820F46050216940EAC1000A4950
:1077B000486000F045F808494968C1F30311074AD9
:1077C000515CC8400649086006480068FEF758FE4C
:1077D000002048E7002002400010024080E7000837
:1077E00004010020EC00002001200149C86470471A
:1077F0000000424201480068704700000401002078
:1078000000B5FFF7F7FF04494968C1F30221034AB5
:10781000515CC84000BD00000010024090E7000825
:1078200000B5FFF7E7FF04494968C1F3C221034AE5
:10783000515CC84000BD00000010024090E7000805
:10784000F0B585B00FF26C0C9CE8E01001A8A0E840
:10785000E0101CA52D6800950021002200230024C3
:107860000020194D696801F00C05F5B1042D02D016
:10787000082D19D101E0154819E001ADC1F3834687
:10788000AC5D01F4803555B10F4D6D68C5F34045D1
:107890001DF805200D4D6543B5FBF2F302E00C4DDC
:1078A00004FB05F3184602E000BF084800BF00BF14
:1078B00005B0F0BD02030405060708090A0B0C0D0C
:1078C0000E0F1010010200000010024000127A009A
:1078D00000093D0010B50648806800F0800080284F
:1078E00004D1FFF7B9FE80200149887210BD000065
:1078F00000100240F8B504460CB90120F8BD20780C
:1079000000F00100002878D0F848406800F00C0032
:1079100004280CD0F548406800F00C00082811D16C
:10792000F248406800F48030B0F5803F0AD1EF485B
:10793000006800F4003000285FD0606800285CD147
:107940000120DBE700BF6068B0F5803F06D1E74863
:10795000006840F48030E549086028E0606858B964
:10796000E248006820F48030E0490860084600687A
:1079700020F4802008601AE06068B0F5A02F0BD1D9
:10798000DA48006840F48020D8490860084600685A
:1079900040F4803008600AE0D448006820F4803069
:1079A000D24908600846006820F48020086000BFC3
:1079B000606888B1FEF70EFD054606E0FEF70AFD99
:1079C000401B642801D9032098E7C848006800F4E8
:1079D00000300028F2D010E0FEF7FCFC054606E07F
:1079E000FEF7F8FC401B642801D9032086E7BF4856
:1079F000006800F400300028F2D1207800F0020086
:107A0000022857D1B948406800F00C0050B1B7487F
:107A1000406800F00C00082818D1B448406800F411
:107A2000803098B9B148006800F0020020B12069A8
:107A3000012801D0012061E7AC48006820F0F8007F
:107A4000616940EAC100A949086033E02069E8B1F2
:107A50000120A7490860FEF7BDFC054606E0FEF7D9
:107A6000B9FC401B022801D9032047E79F48006862
:107A700000F002000028F2D09C48006820F0F800D6
:107A8000616940EAC1009949086013E00020984903
:107A90000860FEF79FFC054606E0FEF79BFC401BD6
:107AA000022801D9032029E79048006800F002006D
:107AB0000028F2D1207800F0080008282DD1A06914
:107AC000B8B101208B490860FEF784FC054606E04A
:107AD000FEF780FC401B022801D903200EE78348F3
:107AE000406A00F002000028F2D0012002F026FADD
:107AF00013E000207F490860FEF76CFC054606E0B5
:107B0000FEF768FC401B022801D90320F6E67748FF
:107B1000406A00F002000028F2D1207800F0040052
:107B2000042873D100277148C06900F0805070B9F3
:107B300000BF6E48C06940F080506C49C86108467B
:107B4000C06900F08050009000BF00BF01276A4864
:107B5000006800F48070B0B96748006840F4807035
:107B600065490860FEF736FC054606E0FEF732FC84
:107B7000401B642801D90320C0E65F48006800F478
:107B800080700028F2D000BFE068012806D1574875
:107B9000006A40F001005549086227E0E06858B9E2
:107BA0005248006A20F00100504908620846006A05
:107BB00020F00400086219E0E06805280BD14B486A
:107BC000006A40F00400494908620846006A40F033
:107BD000010008620AE04548006A20F001004349BC
:107BE00008620846006A20F00400086200BFE068EE
:107BF000A0B1FEF7EFFB054609E0FEF7EBFB401BEB
:107C000041F28831884202D9032077E622E03748E2
:107C1000006A00F002000028EFD012E0FEF7DAFB65
:107C2000054608E0FEF7D6FB401B41F2883188424A
:107C300001D9032062E62D48006A00F00200002806
:107C4000F0D1012F05D12948C06920F08050274983
:107C5000C86100BFE069C8B32448406800F00C0068
:107C6000082860D0E069022848D100202049086631
:107C7000FEF7B0FB054606E0FEF7ACFB401B022812
:107C800001D903203AE61948006800F00070002886
:107C9000F2D1206AB0F5803F07D11448406820F443
:107CA0000030A168084311494860D4E9080108433D
:107CB0000E49496821F4741108430C4948600120B9
:107CC0000B490866FEF786FB054607E03DE0FEF738
:107CD00081FB401B022801D903200FE603480068FE
:107CE00000F000700028F2D02FE0000000100240E9
:107CF00000004242800442420070004000201449CB
:107D00000866FEF767FB054606E0FEF763FB401BCF
:107D1000022801D90320F1E50E48006800F0007048
:107D20000028F2D111E0E069012800D1E6E5094818
:107D3000466806F48031206A814204D106F470114D
:107D4000606A814201D00120D8E50020D6E500001C
:107D500000004242001002402DE9F04780460E46E6
:107D60009246002500270024A146404602F03FF934
:107D700081462548B9FBF0F424480068A04240D071
:107D80002248046040F2B2750EE0284605F034FC4B
:107D9000012806D1B4F5B77F02D3A4F5B77402E089
:107DA00005E0A4F26D146D1CB4F5B67FEDD800BFEC
:107DB0002F46A5F5FA60F070002515E0012D09D1D8
:107DC000384605F019FC012804D11D2C01D31D3CB7
:107DD00009E00BE00E48405DA04203D80C48405D2E
:107DE000241A00E002E06D1C1C2CE7D200BF681CC6
:107DF0007070601CB070B2787178F07802F011F990
:107E000030700020BDE8F0878051010000010020A3
:107E100074E700082DE9F04707460C469146002616
:107E2000B046002538684068C0F3800010B10120DA
:107E3000BDE8F087384602F0DAF806464FF4616094
:107E4000B6FBF0F5B6FBF0F100FB11603C21B0FB96
:107E5000F1F060704FF46160B6FBF0F100FB11606F
:107E60003C21B0FBF1F201FB1200A0701820B5FB21
:107E7000F0F100FB11502070182D08D31820B5FB2D
:107E8000F0F8B5FBF0F100FB1150207000E0257018
:107E90000020CDE770B5044600250CB9012070BD67
:107EA000607C20B900202074204600F05BF802209E
:107EB0006074204600F085F918B104206074012038
:107EC000EDE7204602F059F818B104206074012053
:107ED000E5E72068406820F0070021684860A06856
:107EE00028B11F48006820F001001D4908601C48A7
:107EF000001F006820F46070A16808431849091F3A
:107F000008606068401C08B1656809E00120FFF75F
:107F10007FFA05461DB9042060740120BFE76D1E7D
:107F20002068806820F00F0040EA154021688860D2
:107F30002068C06865F30F002168C860204602F021
:107F400039F818B1042060740120A8E70021E1731A
:107F500001216173A1730120607400209FE700007C
:107F6000306C004038B504460B492068884212D175
:107F7000FFF748FA00BF0948C06940F000600749B0
:107F8000C8610846C06900F00060009000BF00BFF3
:107F900001200349086038BD00280040001002405D
:107FA0003C0442422DE9F04F87B006460F464FF0A1
:107FB000000900200690804600240590049003905C
:107FC000824600BF48A207CA8DE80700304602F08B
:107FD0000EF881464FF46160B9FBF0F006904FF463
:107FE0006160B9FBF0F100FB11903C21B0FBF1F0B6
:107FF000C0B204904FF46160B9FBF0F100FB119046
:108000003C21B0FBF1F201FB12000390182106980D
:10801000B0FBF1F201FB12000590F87800F5FA6868
:1080200040F63300804500D9804640F2B27080456A
:1080300000D2804640F2B2750AE0284605F0DCFA2C
:10804000012802D12B48044401E02B4804446D1C54
:108050004545F2D397F801A0404605F0CDFA012836
:1080600004D1BAF1020F01D924480444AAF1010A4B
:10807000002507E01DF8050040F2A321484304EB6A
:10808000C0146D1C5545F5D397F802B0ABF1010053
:1080900040F2A321484304EBC0140598C0EB401103
:1080A000C1EB002004EB00140498C0EB001004EBBB
:1080B00080040398044400BF307C012803D10220CF
:1080C00007B0BDE8F08F0120307400BF022070744B
:1080D0002146304601F0E7FF0120707400BF002008
:1080E000307400BF00BFEBE71F1C1F1E1F1E1F1FA9
:1080F0001E1F1E1F0085E2018033E1018051010037
:108100002DE9F05F04460D46904600260027B14653
:10811000B246204601F06BFF07464FF46160B7FBA3
:10812000F0F9B9F1180F0AD31820B9FBF0FA0AEBED
:108130004A00C0004FF4616100FB01F700E0002736
:1081400000BF207C012802D10220BDE8F09F012061
:10815000207400BF02206074B8F1000F0BD12878A2
:108160004FF4616148436978C1EB011100EB810074
:10817000A978461812E0287801F0F4FE4FF4616106
:1081800000FB01FB687801F0EDFEC0EB00100BEB8B
:10819000800BA87801F0E6FE0BEB00063E4431466A
:1081A000204601F080FF2068406820F0050021682B
:1081B00048600120607400BF0020207400BF00BF31
:1081C000C3E770B5044600250CB9012070BD2068D6
:1081D000406820F0080021684860FEF7FBF805467B
:1081E00007E0FEF7F7F8401BB0F57A7F01D90320CE
:1081F000ECE72068406800F008000028F1D000207B
:10820000E4E710B504460CB9012010BD606A38B926
:108210006068B0F5827F00D105E00021E16102E0F5
:108220000021216161610021A16294F8510028B907
:10823000002084F85000204600F042F8022084F824
:1082400051002068006820F0400021680860A08884
:1082500000F48270218901F404410843A18901F4EA
:1082600000610843217C01F002010843217D01F0F7
:1082700001010843218B01F400710843217F01F0C3
:10828000380108432021095D01F080010843218D58
:1082900001F400510843216808600421A06901EA43
:1082A0001040216848602068C06920F4006021689F
:1082B000C86100206065012084F851000020A4E717
:1082C00010B586B0044600200290039004900590FB
:1082D0001949206888422DD100BF1848806940F4B0
:1082E0008050164988610846806900F480500190EA
:1082F00000BF00BF00BF0846806940F004008861ED
:108300000846806900F00400019000BF00BFA02073
:108310000290022003900320059002A90848FDF76F
:10832000BBFE4020029000200390049002A9044864
:10833000FDF7B2FE06B010BD003001400010024053
:10834000000801402DE9FF5F0446884691461D461E
:108350000E9E012002900020019000BF94F8500072
:10836000012803D1022004B0BDE8F09F012084F869
:10837000500000BFFEF72EF8074694F851B0606831
:108380000390AA46BBF1010F0BD00398B0F5827F92
:1083900004D1A06810B9BBF1040F02D002200190F3
:1083A000DBE0B8F1000F03D0B9F1000F00D015B930
:1083B00001200190D1E094F85100042802D005205A
:1083C00084F8510000206065C4F83890E587A587DF
:1083D000C4F83080E586A586206460642068006863
:1083E00000F04000402805D02068006840F04000C0
:1083F00021680860E068B0F5006F4AD1606810B18C
:10840000BAF1010F09D1206B00882168C860206B88
:10841000801C2063E08E401EE08633E02068806888
:1084200000F00200022810D1E08E70B102980128FD
:108430000BD1206B00882168C860206B801C2063F2
:10844000E08E401EE086002002902068806800F0E8
:10845000010068B1E08F58B12068C068A16B088046
:10846000A06B801CA063E08F401EE087012002907B
:10847000FDF7B0FFC01BB04204D3701C10B1032045
:1084800001906AE0E08E0028C8D1E08F0028C5D1B5
:108490004AE0606810B1BAF1010F09D1206B007891
:1084A00021680873206B401C2063E08E401EE0862C
:1084B00034E02068806800F00200022810D1E08ECD
:1084C00070B1029801280BD1206B007821680873E5
:1084D000206B401C2063E08E401EE086002002904E
:1084E0002068806800F0010068B1E08F58B1206812
:1084F000C068A16B0870A06B401CA063E08F401E99
:10850000E08701200290FDF765FFC01BB04201D358
:10851000701C00B916B9032001901EE0E08E0028FF
:10852000C7D1E08F0028C4D13A463146204601F039
:10853000D1FD20B101200190202060650DE0A068F0
:1085400050B900BF002000902068C06800902068EB
:108550008068009000BF00BF00BF012084F8510078
:1085600000BF002084F8500000BF0198FBE670B502
:1085700004462546681EB0F1807F01D301200FE03C
:10858000681E4FF0E02148610F214FF0FF3004F0EA
:1085900069FE00204FF0E02188610720086100207B
:1085A00070BD70477047000030B502460B4600BFF3
:1085B00092F83C00012801D1022030BD012082F850
:1085C0003C0000BF022082F83D001068446810683B
:1085D000816824F070041868044310684460104DEA
:1085E0001068A8420BD01068B0F1804F07D00D4D35
:1085F0001068A84203D00C4D1068A84205D121F0A4
:1086000080015868014310688160012082F83D00B4
:1086100000BF002082F83C0000BF00BFCDE7000093
:10862000002C0140000400400008004010B5044642
:108630000CB9012010BD94F83D0028B9002084F841
:108640003C00204600F026F8022084F83D00211D61
:10865000206801F0C7FF012084F8460000BF84F8BD
:108660003E0001213F200155402001554120015588
:1086700000BF00BF012084F8420043200155442080
:1086800001554520015500BF012084F83D00002020
:10869000D0E7000038B504460D492068884215D15E
:1086A00000BF0C48C06940F002000A49C861084692
:1086B000C06900F00200009000BF00BF0022114618
:1086C0001D20FDF73DFF1D20FDF72AFF38BD0000EE
:1086D0000004004000100240014691F83D000128CE
:1086E00001D001207047022081F83D00124B08683C
:1086F00098420BD00868B0F1804F07D00F4B086844
:10870000984203D00E4B086898420CD108688068E4
:1087100000F00702062A0CD00868006840F001004B
:108720000B68186005E00868006840F001000B68FD
:1087300018600020D6E70000002C01400004004033
:1087400000080040014691F83D00012801D00120B9
:108750007047022081F83D000868C06840F00100C1
:108760000B68D860124B086898420BD00868B0F1CB
:10877000804F07D00F4B0868984203D00E4B086813
:1087800098420CD10868806800F00702062A0CD0D5
:108790000868006840F001000B68186005E0086890
:1087A000006840F001000B6818600020D0E700006E
:1087B000002C014000040040000800402DE9F04179
:1087C00004460D4600BF94F83C00012802D1022067
:1087D000BDE8F081012084F83C0000BF022084F84D
:1087E0003D002068866826F0770626F47F462068DC
:1087F00086602868502833D00CDC202850D004DC58
:1088000000284BD0102851D149E0302849D04028C9
:108810004CD139E060282DD0702807D0B0F5805FAA
:1088200003D0B0F5005F41D10DE040E0D5E902137F
:108830006A68206801F010FF2068866846F07706B5
:108840002068866033E0D5E902136A68206801F089
:1088500003FF2068806840F480402168886026E03B
:10886000EA686968206801F00BFF5021206801F078
:10887000FEFE1CE0EA686968206801F014FF6021D0
:10888000206801F0F4FE12E0EA686968206801F0EF
:10889000F7FE4021206801F0EAFE08E000BF00BFBB
:1088A00000BF2968206801F0E2FE00E000BF00BFC1
:1088B000012084F83D0000BF002084F83C0000BF88
:1088C00000BF85E7704710B5044620680069C0F313
:1088D0004000D8B12068C068C0F34000B0B16FF06C
:1088E000020021680861012020772068806900F07B
:1088F000030018B12046FFF7E5FF05E0204600F031
:10890000ADF8204600F0ABF8002020772068006921
:10891000C0F38000D8B12068C068C0F38000B0B157
:108920006FF00400216808610220207720688069C8
:1089300000F4407018B12046FFF7C4FF05E0204660
:1089400000F08CF8204600F08AF80020207720689C
:108950000069C0F3C000D8B12068C068C0F3C0008F
:10896000B0B16FF00800216808610420207720680A
:10897000C06900F0030018B12046FFF7A3FF05E02F
:10898000204600F06BF8204600F069F800202077C0
:1089900020680069C0F30010D8B12068C068C0F337
:1089A0000010B0B16FF01000216808610820207736
:1089B0002068C06900F4407018B12046FFF782FFBC
:1089C00005E0204600F04AF8204600F048F8002074
:1089D00020772068006900F0010058B12068C06865
:1089E00000F0010030B16FF00100216808612046FD
:1089F00000F036F820680069C0F3C01058B1206854
:108A0000C068C0F3C01030B16FF080002168086109
:108A10002046FFF7C6FD20680069C0F3801058B1FA
:108A20002068C068C0F3801030B16FF0400021684A
:108A30000861204600F020F820680069C0F340106B
:108A400058B12068C068C0F3401030B16FF020000A
:108A5000216808612046FFF7A5FD10BD70477047EB
:108A600010B5044603492068884201D101F0D4FBC7
:108A700010BD0000000400407047704770470000C0
:108A80002DE9F84F0446206805682068C66820680C
:108A900047694FF00009CA4605F00F09B9F1000F08
:108AA0000AD105F0200038B106F0200020B12046A0
:108AB00001F042FEBDE8F88FB9F1000F71D007F068
:108AC000010018B906F4907000286AD005F0010082
:108AD00030B106F4807018B1206C40F001002064C1
:108AE00005F0040030B107F0010018B1206C40F02F
:108AF0000200206405F0020030B107F0010018B157
:108B0000206C40F00400206405F0080048B106F035
:108B1000200010B907F0010018B1206C40F00800E7
:108B20002064206C68B305F0200028B106F0200016
:108B300010B1204601F000FE20684069C0F3801AA1
:108B4000206C00F0080010B9BAF1000F22D02046C6
:108B500001F0C7FD2068406900F04000B0B1206816
:108B6000406920F0400021684861A06B50B1564830
:108B7000A16B4863A06BFDF751F910B1A06B416B7D
:108B800088470CE02046FFF779FF08E02046FFF712
:108B900075FF04E02046FFF771FF0020206489E79D
:108BA000FFE7206B012878D105F01000002874D071
:108BB00006F01000002870D000BF00200090206850
:108BC0000068009020684068009000BF00BF2068E7
:108BD000406900F04000C0B3A06B006840681FFA15
:108BE00080F8B8F1000F2FD0A08D40452CDDA4F8FF
:108BF0002E80A06B806920281FD02068C06820F4D8
:108C000080702168C8602068406920F001002168F8
:108C100048612068406920F04000216848612020B8
:108C200084F83E00002020632068C06820F0100017
:108C30002168C860A06BFDF7C5F8A08DE28D801A91
:108C400081B22046FFF719FF34E7FFE7A08DE18DE1
:108C5000401A1FFA80F8E08DE8B1B8F1000F1AD081
:108C60002068C06820F490702168C860206840695E
:108C700020F0010021684861202084F83E00002097
:108C800020632068C06820F010002168C860414659
:108C90002046FFF7F2FE0DE7FFE705F0800030B158
:108CA00006F0800018B1204601F036FE02E705F01C
:108CB000400030B106F0400018B1204601F02CFD14
:108CC000F8E600BFF6E60000CFA6000810B504469F
:108CD0000CB9012010BDA06900B100E000BF94F8FC
:108CE0003D0028B9002084F83C00204600F028F818
:108CF000242084F83D002068C06820F400502168DA
:108D0000C860204601F08AFD2068006920F4904088
:108D1000216808612068406920F02A0021684861C4
:108D20002068C06840F400502168C86000202064BA
:108D3000202084F83D0084F83E000020CAE70000AF
:108D400010B586B004460020029003900490059070
:108D50005D49206888423FD100BF5C48806940F48B
:108D600080405A4988610846806900F4804001903B
:108D700000BF00BF00BF0846806940F0080088615E
:108D80000846806900F00800019000BF00BF402045
:108D90000290022003900320059002A94C48FDF7A1
:108DA0007BF98020029000200390049002A948489B
:108DB000FDF772F900BF4749486840F0E06040F0B5
:108DC0000400486000BF002211462520FDF7B8FBD3
:108DD0002520FDF7A5FB75E03F492068884236D184
:108DE00000BF3A48C06940F400303849C8610846BD
:108DF000C06900F40030019000BF00BF00BF08460A
:108E0000806940F0040088610846806900F0040031
:108E1000019000BF00BF04200290022003900320B5
:108E2000059002A92D48FDF737F90820029000208F
:108E30000390049002A92948FDF72EF9002211465B
:108E40002620FDF77DFB2620FDF76AFB3AE024494A
:108E50002068884236D100BF1C48C06940F4802099
:108E60001A49C8610846C06900F48020019000BF1B
:108E700000BF00BF0846806940F0080088610846CE
:108E8000806900F00800019000BF00BF0815029043
:108E9000022003900320059002A90D48FDF7FCF87D
:108EA0004FF40060029000200390049002A908484B
:108EB000FDF7F2F8002211462720FDF741FB27209D
:108EC000FDF72EFB06B010BD003801400010024037
:108ED000000C014000000140004400400008014037
:108EE0000048004070472DE9F84F04460E461746EB
:108EF00099464FF0000A94F83D0020285AD106B157
:108F000017B90120BDE8F88F00BF94F83C00012894
:108F100001D10220F6E7012084F83C0000BF0020C8
:108F20002064212084F83D00FDF754FA8246A7848E
:108F3000E784A068B0F5805F04D1206910B90025EE
:108F4000B04602E035464FF0000800BF002084F82C
:108F50003C0000BF1BE05346002280212046CDF894
:108F6000009001F009FD08B10320CBE745B9B8F83E
:108F70000000C0F308002168486008F1020803E01F
:108F80002878216848606D1CE08C401EE084E08CED
:108F90000028E0D15346002240212046CDF8009021
:108FA00001F0EAFC08B10320ACE7202084F83D0082
:108FB0000020A7E70220A5E77047000006E004A014
:108FC00005F000FAFE210A2004F054FCF7E7000047
:108FD0007B22526563697665223A7B225374617401
:108FE0007573223A37307D7D0A00000030B59FB09E
:108FF00004460D467022394903A8FCF7A3FC332D23
:1090000050D006DC102D0BD0122D58D0142D63D16A
:1090100021E0352D2CD0372D10D0392D5CD134E006
:1090200003A86021A300CDE900102D4802782D4946
:109030002D4800F099FCC0B21FB030BD07A86121D7
:10904000A300CDE90010264802782649264800F002
:109050008BFCC0B2F0E70BA86021A300CDE90010A3
:109060001F4802781F49204800F07EFCC0B2E3E7A9
:109070000FA86121A300CDE9001019480278194911
:10908000194800F071FCC0B2D6E713A86121A30013
:10909000CDE90010124802781249134800F064FC30
:1090A000C0B2C9E717A86121A300CDE900100C48A0
:1090B00002780C490C4800F057FCC0B2BCE71BA872
:1090C0006021A300CDE90010054802780549064853
:1090D00000F04AFCC0B2AFE70120ADE798E7000816
:1090E00074000020101C00203C08002070B50446CD
:1090F0000D4622462946024800F078FCC0B270BDF9
:109100003C08002070B505463223002229460B4852
:1091100000F08AFD0A49086008460068401C08B94A
:10912000012070BD002404E0285D06490855601C3C
:10913000C4B2042CF8DB0020F3E700003C08002058
:1091400074000020101C002070B504460D46224615
:109150002946024800F078FCC0B270BD3C080020EF
:1091600030B50B46002100BF16E00A24B4EB107F97
:1091700005D9302404EB107403F8114005E04124B4
:1091800004EB10740A3C03F81140000100254C0068
:10919000641C1D554C1CE1B29142E6DB30BD000061
:1091A00010B5034800F09EFD014800F031FE10BDEF
:1091B0003C08002000B585B000200190029003908B
:1091C000049000BF2C48806940F010002A49886153
:1091D0000846806900F01000009000BF00BF00BF8B
:1091E0000846806940F0200088610846806900F0E8
:1091F0002000009000BF00BF00BF0846806940F01B
:10920000040088610846806900F00400009000BFF7
:1092100000BF00BF0846806940F00800886108462A
:10922000806900F00800009000BF00BF00224FF4EA
:10923000E2611248FDF7C8F8002209211048FDF745
:10924000C3F84FF4E26001900120029000200390E7
:109250000320049001A90948FCF71EFF0920019092
:1092600001200290002003900220049001A90448EC
:10927000FCF712FF05B000BD0010024000080140DD
:10928000000C014010B507480749086006204860F7
:1092900040F6FF7104488160FDF7A2F808B1FCF7C1
:1092A000BDFC10BD00300040540800201CB500205B
:1092B000019000900748084908604FF0FF3048606F
:1092C0004FF4807104488160FEF7E4FD08B1FCF7BB
:1092D000A5FC1CBD002800406008002010B50F4808
:1092E0000F4908604FF48270486000210C4881608B
:1092F000C160016141614FF4007181612821C16148
:109300000021016241624FF4005181620921C16272
:10931000FEF777FF08B1FCF781FC10BD003001407B
:109320007408002000B587B00020039004900590D9
:1093300006900190029014481449086040F2DB50F6
:1093400048600021114881600121C1600021016154
:109350008161FFF76BF908B1FCF760FC4FF48050B6
:10936000039003A90948FFF729FA08B1FCF756FC56
:1093700000200190029001A90448FFF715F908B1F7
:10938000FCF74CFC07B000BD00040040CC080020F6
:1093900010B5094809490860002108488160C1608A
:1093A00001610C21416100218161C161FFF78EFCE7
:1093B00008B1FCF733FC10BD00380140140900204F
:1093C00010B50B480B4908604FF4E13048600021AC
:1093D00008488160C16001610C2141610021816107
:1093E000C161FFF773FC08B1FCF718FC10BD000069
:1093F00000440040580900201FB500200090019053
:10940000029003904FF480500090012001900220C0
:1094100002900320039069461448FCF73DFE0022A9
:109420004FF480511148FCF7CFFF6420FCF74EFD4C
:1094300000220F490F4801F08EFF08B1FCF7EEFB48
:109440000D490C4802F020FA08B1FCF7E7FB0B4984
:10945000084801F026FC08B1FCF7E0FB054802F0E3
:10946000DDFA08B1FCF7DAFB1FBD0000000801407F
:1094700080000020E009002018010020D800002012
:1094800000BFFEE7FEF726FA00BFFEE72DE9F04732
:109490000546EAE12868B0F844A00AF00F06002E5D
:1094A0007ED10AF01000B0BB00BF2968098848F6D9
:1094B0000F7201EA020040F400412A68118000BFE7
:1094C00005F128042868B0F85010207801EBC0009E
:1094D000801C296801F5806131F81000C0F3090093
:1094E000E061E16960690844606100212846FDF798
:1094F0009CF895F824000028CBD0A0690028C8D19A
:1095000095F8240040F080002968A1F84C00002064
:1095100085F82400A9E1FFE705F5B4742868B0F8E0
:10952000008008F4006030B32868B0F8501020784C
:1095300001EBC000801D296801F5806131F8100041
:10954000C0F30900E061A18B8BB2E28805F52C71B4
:10955000286803F019FE00BF2968098840F68F7259
:1095600001EA020040F080012A68118000BF28460D
:10957000FDF70FFF79E108F40040002889D000BF13
:109580002968098840F68F7201EA020040F08001E4
:109590002A68118000BF2868B0F85010207800E0D9
:1095A0006FE001EBC000801D296801F5806131F892
:1095B0001000C0F30900E061E06990B1606980B11A
:1095C000B4F81CC01FFA8CF3E2886169286803F0C4
:1095D000DBFDE16960690844606100212846FDF710
:1095E00034F82868008800F40060002892D100BF99
:1095F0002A682968B1F850100A4402F20C41084662
:1096000000BF236953B9038848F2FF3C03EA0C0307
:109610000380038843F4004303801EE023693E2B4C
:109620000DD800BF23695908237C03F0010303B15F
:10963000491C4FF6FF7303EA812303800DE000BF4E
:1096400023695909237C03F01F0303B9491E4FF412
:10965000004343EA8123038000BF00BF00BF00BF77
:10966000296809884BF68F7201EA020080F4805065
:1096700080F4005040F4004141F080012A681180DC
:10968000F3E07100286830F8118008F400400028E9
:109690007ED000BF7200296831F8121040F68F7238
:1096A00001EA020040F0800173002A6822F81310DA
:1096B00000BF06EB860105F5B47000EBC104207B0A
:1096C000B0B92868B0F85010207801EBC000801DB8
:1096D000296801F5806131F81000C0F30907002FF7
:1096E0005BD0E28861693B46286803F04DFD54E099
:1096F000E078022806D1424621462846FDF728F8A0
:1097000007464AE000BF00BF22785200296831F8BE
:10971000121048F68F7201EA020040F4004141F055
:10972000C00123785B002A6822F8131000BF00BF35
:1097300021784900286830F8110000F48040A8B171
:109740002868B0F85010207801EBC000801C296810
:1097500001F5806131F81000C0F30907EFB12289EB
:1097600061693B46286803F00FFD16E02868B0F8F1
:109770005010207801EBC000801D296801F5806140
:1097800031F81000C0F309073FB16289616900E058
:1097900017E03B46286803F0F7FCE0693844E061D5
:1097A000606938446061A06910B12069B84204D989
:1097B00021782846FCF749FF03E02146286802F09B
:1097C00008FF08F08000B0B306EB860105F1280021
:1097D00000EBC10400BF7200296831F8121048F68E
:1097E0000F7201EA020040F4004173002A6822F877
:1097F000131000BFE078032807D0E07828B1E078A4
:1098000002282DD108F4807050BB2868B0F85010A1
:10981000207801EBC000801C296801F5806131F8D7
:109820001000C0F30909A069484505D9A069A0EB5B
:109830000900A06102E018E00020A061A06920B941
:1098400021782846FCF7F1FE0FE06069484460612A
:10985000E0694844E0612146286802F0BAFE04E06D
:10986000424621462846FDF71FF82868B0F8440014
:1098700000F4004000287FF40DAEBDE8F087000042
:109880002DE9F04FC1B004460D4691461E46DDF865
:1098900030B1DDF828A14B9FD4208DF80400E8B248
:1098A0008DF80500FF2F04DD4FF0FF3041B0BDE81B
:1098B000F08F002006E01AF80020811C01AB5A54FA
:1098C000411CC8B2B842F6DBB81C82B201A92046DE
:1098D00000F0B6FA20B1206980474FF0FF30E5E78D
:1098E0005846E168884710B94FF0FF30DEE706219F
:1098F00001A86268904700210AE01A48405C01AA6A
:10990000525C904202D04FF0FF30CFE7481CC1B20A
:109910000629F2D35846E168884710B94FF0FF3066
:10992000C4E7B01C82B201A9204600F0B7F8804617
:109930009DF80400D52804D19DF80510681C8142CB
:1099400002D04FF0FF30B1E7002006E001AA811CF1
:10995000515C09F80010411CC8B2B042F6DBA8F116
:109960000200A3E708E800082DE9F04389B00746A4
:109970000D4614461E46DDE910891BA000680890BC
:1099800001208DF80C0008F0FF008DF80D00F0B2FA
:109990008DF80E00002006E019F80020C11C03AB72
:1099A0005A54411CC8B20628F6DB002006E02A5CA7
:1099B00000F1090103AB5A54411CC8B2A042F6DBC6
:1099C0004FF47A7104F1090003AA0123CDE90020C4
:1099D000029108AA40213846FFF752FF9DF8200067
:1099E00009B0BDE8F0830000FF00000070B58AB048
:1099F00006460C46154613A000680990E8B28DF89B
:109A000026004FF47A70032109AA1123CDE9002121
:109A1000029004AA40213046FFF732FF9DF8100063
:109A200018B19DF810000AB070BD002005E004AA2E
:109A3000411C515C2154411CC8B21028F7DB9DF831
:109A40001000F0E70130000070B58AB006460C4601
:109A5000154601208DF81400A0208DF81500E8B2FD
:109A60008DF81600002005E0225CC11C05AB5A549D
:109A7000411CC8B21028F7DB4FF47A70132105AAF5
:109A80000123CDE90021029004AA40213046FFF7CE
:109A9000F7FE9DF810000AB070BD00002DE9F043FC
:109AA000C3B00546894617464FF00008F81D81B23D
:109AB00001A86A68904700240DE0601CC4B207F159
:109AC0000800844207DB2BA0696988474FF0FF300C
:109AD00043B0BDE8F08301A8005D0028EDD001A8E7
:109AE000005DFF2805D023A0696988474FF0FF304B
:109AF000EEE7601CC4B207F10800844205DB2AA02F
:109B0000696988474FF0FF30E2E701A8065D01A9C7
:109B1000601C085C3044C0B228B12AA0696988473B
:109B20004FF0FF30D4E7002008E0A11C014401AA57
:109B3000515C414401F0FF08411CC8B2711C8842CD
:109B4000F3DB08F0FF08B8F1000F05D029A0696920
:109B500088474FF0FF30BBE7002007E0A11C01441D
:109B600001AA515C09F80010411CC8B2B042F5DBF3
:109B70003046ADE7526573706F6E73652066726133
:109B80006D6520707265616D626C6520646F6573D0
:109B9000206E6F7420636F6E7461696E2030783050
:109BA0003046462100000000526573706F6E736589
:109BB00020636F6E7461696E73206E6F20646174D0
:109BC00061210000526573706F6E7365206C656E65
:109BD00067746820636865636B73756D206469647E
:109BE000206E6F74206D61746368206C656E67749D
:109BF00068210000526573706F6E7365206368653D
:109C0000636B73756D20646964206E6F74206D6181
:109C10007463682065787065637465642063686543
:109C2000636B73756D0000002DE9F0418AB0074643
:109C30000C4615461E461BA0006809908DF825505D
:109C4000022009A9132304AACDE9010600914A21A3
:109C50003846FFF715FE8046B8F1000F04DA4FF0E2
:109C6000FF300AB0BDE8F0819DF81000012802D055
:109C70004FF0FF30F5E79DF81500072802DD4FF0A3
:109C8000FF30EEE7002005E0811D04AA515C21545D
:109C9000411CC8B29DF815108142F5DC9DF81500F5
:109CA000DFE700000100000010B5012211460C485A
:109CB000FCF78AFB0A20FCF709F900220121084879
:109CC000FCF782FB1420FCF701F90122114604483D
:109CD000FCF77AFB0A20FCF7F9F8002010BD000021
:109CE000000C014010B5044606482060064860603C
:109CF0000648A0600648E060064820612069804769
:109D000010BD0000A99C0008199D0008D59D000801
:109D10005D9D0008A19D00082DE9F04106460C4616
:109D2000671C384603F0E2FF054603202870012037
:109D3000FCF7CCF8601CC1B2284604F099FC002066
:109D400004E0411C695C3154411CC8B2A042F8DBFC
:109D5000284603F00DFD0020BDE8F08138B504462B
:109D60000EA000680090FCF735FB05460EE00A20C7
:109D7000FCF7ACF80221684604F07AFC9DF801007B
:109D8000012800D138BD0120FCF7A0F8FCF722FB28
:109D9000401BA042EBD30020F4E7000002000000CB
:109DA00008B5002000900120FCF790F80022102157
:109DB0000748FCF709FB0220FCF788F801216846F8
:109DC00004F056FC0120FCF781F8002008BD0000DB
:109DD000000801402DE9F04106460C46671C384654
:109DE00003F084FF054601202870002003E0325C68
:109DF000411C6A54C8B2A042F9DB601CC1B22846BB
:109E000004F036FC284603F0B3FC0020BDE8F081E6
:109E10001FB5044609A0006803904FF47A7003212F
:109E200003AA0023CDE9002102901A4614212046FE
:109E3000FFF726FD002004B010BD00000114010052
:109E4000F0B5C3B007460E461446FF2C01DC012CCA
:109E500003DA4FF0FF3043B0F0BD002500208DF84D
:109E600004008DF80500FF208DF80600002005E0B5
:109E700001A9095C2944CDB2411CC8B20328F7DB13
:109E8000E0B28DF80700E043401CC0B28DF8080036
:109E9000002008E0325C411D01AB5A54315C29447A
:109EA000CDB2411CC8B2A042F4DBE843C1B201AA62
:109EB000601D11540021A01D1154E01D81B201A8A4
:109EC000BA68904710B14FF0FF30C4E70020C2E7F6
:109ED0007047000010B5022405E00A49081903F094
:109EE0003BFF601CC4B207484078401CA042F4DA33
:109EF00005A004F067FA4FF416710248FBF73BFD2A
:109F0000002010BD7C0400207B22526563656976C9
:109F100065223A7B22537461747573223A32362C6F
:109F20002254797065223A22506F735472616E73B5
:109F3000616374696F6E227D7D0A000008B508496F
:109F40000968C9084FF47A72B1FBF2F141430091FC
:109F500000BF00BF00994A1E00920029F9D108BD38
:109F600004010020014600BF080900EB8000420008
:109F700001F00F001044C0B2704770B504460025D0
:109F8000FCF728FA054607E0FCF724FA401BB0F579
:109F90007A7F01D9032070BD2068406800F020005E
:109FA0000028F1D02068406840F010002168486027
:109FB0000020F0E770B5044600252068406820F0D6
:109FC000100021684860FCF705FA054607E0FCF739
:109FD00001FA401BB0F57A7F01D9032070BD2068DB
:109FE000406800F020000028F1D00020F6E730B5EE
:109FF000014600220023002400200D68AD69AAB2AA
:10A000000D68ED69ACB20D68AD69ABB29A4205D08E
:10A010000D68ED6963F31F45284601E044EA0240FC
:10A0200030BDF0B504460B460021002504F5FA6169
:10A03000032B1BD2C3EBC30000EB03100926B0FBBC
:10A04000F6F01044001D4618481E06EB90066427E3
:10A05000B0FBF7F0361A481EBF00B0FBF7F03044F3
:10A060000726B0FBF6F706FB17051AE0C3EBC300A3
:10A0700000EB03100926B0FBF6F01044001D084465
:10A0800000EB91006426B1FBF6F6801B4FF4C87616
:10A09000B1FBF6F63044801E0726B0FBF6F706FB50
:10A0A0001705E8B2F0BD70B504460D4600262046FF
:10A0B000FFF763FF08B101260AE0280C21688861D8
:10A0C000A8B22168C8612046FFF774FF00B10126DD
:10A0D000304670BDF8B504460D4616462B460022A4
:10A0E00080212046009600F009F828B1606D40F00C
:10A0F000200060650320F8BD0020FCE72DE9F84F43
:10A1000004460D4690461E46DDF82890FCF762F99D
:10A11000A0EB0900371AFCF75DF982462C4800686D
:10A12000C0F3CB307843009045E0701C002842D04B
:10A13000FCF750F9A0EB0A00B84200D2A7BB206898
:10A14000406820F0E000216848606068B0F5827FD8
:10A150000DD1A068B0F5004F03D0A068B0F5806FB6
:10A1600005D12068006820F0400021680860A06ADE
:10A17000B0F5005F0DD100BF2068006820F40050EA
:10A18000216808602068006840F400502168086079
:10A1900000BF012084F8510000BF002084F8500067
:10A1A00000BF0320BDE8F88FFFE7009800B9002743
:10A1B0000098401E0090206880682840A84201D185
:10A1C000012000E000204045AFD10020EAE7000078
:10A1D00004010020704700000146012901DB012035
:10A1E00070470120024A02EB411290700020F7E70D
:10A1F000B01B002070B504460D4629462046FCF7EA
:10A20000DBF870BD70B504460D4616463246294649
:10A210002046FCF7D9F870BD70B500F0F9F8054696
:10A22000002411E0164800EB4410C07F154909785E
:10A23000884208D145FA04F202F00101104A02EB0B
:10A24000441000F0ABF8641C012CEBDB0D480078E7
:10A2500048B9002405E00A4901EB441000F01BF95D
:10A26000641C012CF7DB07480078401C0549087086
:10A2700008460078052801DB0020087070BD00004A
:10A28000B01B00201B020020F0B504460D46164608
:10A29000059F012C01DB0120F0BD0020254901EBC9
:10A2A00044110870234901EB44118871214901EBE5
:10A2B000441148711F4901EB441148811D4901EBCC
:10A2C000441148701B4901EB44118870194901EB96
:10A2D00044110871174901EB4411C870154901EB8D
:10A2E0004411C871134901EB44110872124800EB84
:10A2F0008410104901EB4411C8600E4800EB441073
:10A3000083610C4800EB441087830A4800EB44103B
:10A310000561084800EB441086820020054901EBE6
:10A3200044118877034901EB4411C877FFF754FFC4
:10A330000020B1E7B01B0020D01B002030B5034641
:10A340000C46012B01DB012030BD134800EB43100C
:10A35000007808B10120F7E700200F4D05EB431509
:10A36000E8710D4800EB43100272002106E0605CCA
:10A37000094D05EB4315ED686854491C9142F6DB25
:10A380000120054D05EB43152870034D05EB4315E2
:10A3900068700020D8E70000B01B002010B582785C
:10A3A000002A33D0827962B901B110BD0022427116
:10A3B0008279521C82710023C2682032448913556D
:10A3C00024E08279092A14DAC26820324389D25CF7
:10A3D00001F001034479A3401A43D3B2C26820328A
:10A3E000448913558279521C82714279521C427100
:10A3F0000CE08279092A09D100228271827729B181
:10A4000042891F2A02DA4289521C428100BFCCE7EE
:10A4100070B5002600242CE0184A02EB4412918B00
:10A42000164A02EB44129069FFF7E4FE0546134812
:10A4300000EB44108079B0B9104800EB4410807FE5
:10A4400088B985B90E480078801C052190FBF1F28F
:10A4500001FB1200094901EB4411C87701200749AB
:10A4600001EB4411887705F00100A0403043C6B2EB
:10A47000641C012CD0DB304670BD0000B01B0020F6
:10A480001B02002070B504460D46A18A2A462069A9
:10A49000FFF7B8FE70BD10B50446607800283FD0C5
:10A4A000207958B9012020700020E070002120465A
:10A4B000FFF7E8FF2079401C207131E0207909285E
:10A4C00010DAE279E068805CE278104100F0010186
:10A4D0002046FFF7D7FF2079401C2071E078401C10
:10A4E000E0701DE02079092807D101212046FFF7FF
:10A4F000C9FF2079401C207112E020790A280FD171
:10A5000000202071E079401CE071207AE1798842D6
:10A5100003DD01202070607002E000202070607078
:10A5200010BD10B5FBF78CFF10BD00B593B028210E
:10A5300009A8FBF720FA142104A8FBF71CFA002055
:10A5400000900190029003900D2009904FF480300C
:10A550000A9000200B9001200C900D900F9002208B
:10A560001090C10311914FF4E011129109A8FDF769
:10A57000C1F908B1FBF752FB0F20049002200590AF
:10A58000002006904FF48060079000200890022180
:10A5900004A8FDF763F808B1FBF740FB1120009019
:10A5A0004FF480700190002003906846FCF7BCFFD8
:10A5B00008B1FBF733FBFDF717F913B000BD00003E
:10A5C00001480249086070470058000808ED00E0A3
:10A5D00010B50348FEF744FA0148FEF774F910BDC0
:10A5E000CC08002010B50268184B984208D0B0F192
:10A5F000804F05D0164B984202D0164B984203D19B
:10A6000022F070024B681A43104B984208D0B0F108
:10A61000804F05D00E4B984202D00E4B984203D18A
:10A6200022F44072CB681A4322F080034C6943EA5B
:10A63000040202608B68C3620B688362034B98421A
:10A6400001D10B6903630123436110BD002C01405C
:10A65000000400400008004030B50C46816821F439
:10A660007F4142EA032525432943816030BD0A46E4
:10A67000816821F0700142F007031943816070473F
:10A6800030B50B461446026A056A25F001050562DD
:10A69000816921F0F00141EA041122F00A021A4313
:10A6A0008161026230BD30B50B461446056A25F063
:10A6B000100505628169026A21F4704141EA0431A2
:10A6C00022F0A00242EA03128161026230BD70B53D
:10A6D00005466C6A0020E085E0842046FEF7CEF94E
:10A6E00070BD0168C96821F490710268D160016889
:10A6F000496921F0010102685161016B012905D10D
:10A700000168C96821F010010268D160202180F839
:10A710003E1000210163704710B504462068C068F0
:10A7200020F040002168C860202084F83D002046C9
:10A73000FEF742FC002010BDF8B5044694F83E0038
:10A74000222869D1A068B0F5805F0CD1206950B98A
:10A750000025A66A20684068C0F308003080A06A1F
:10A76000801CA06215E0A56A0026A068B0F5805F95
:10A7700003D0A06828B9206918B9206840682870FB
:10A7800004E02068406800F07F002870A06A401C48
:10A79000A062E08D401E80B2E085A8BB2068C06842
:10A7A00020F020002168C8602068C06820F4807014
:10A7B0002168C8602068406920F001002168486174
:10A7C000202084F83E00206B01281ED10020206349
:10A7D0002068C06820F010002168C8602068006808
:10A7E00000F0100010280AD100BF0020009020685F
:10A7F0000068009020684068009000BF00BFA18DF5
:10A800002046FEF73AF903E004E02046FEF76AFB33
:10A810000020F8BD0020FCE70220FAE770B50446EE
:10A820002168096921F44051E268114322681161ED
:10A830002269A1681143626941EA02052168C96879
:10A8400041F20C62914329432268D1602168496931
:10A8500021F44071A2691143226851612D4A216897
:10A86000914202D1FCF7DCFF01E0FCF7C9FF00EBED
:10A87000C00101EB001162689200B1FBF2F100EB44
:10A88000C00202EB001263689B00B2FBF3F2642388
:10A89000B2FBF3F202EBC20303EB0212A1EB820163
:10A8A000322202EB01116422B1FBF2F101F0F0015E
:10A8B00000EBC00202EB001263689B00B2FBF3F2F4
:10A8C0006423B2FBF3F201EB021200EBC00101EBD7
:10A8D000001163689B00B1FBF3F100EBC00303EBD5
:10A8E00000136668B600B3FBF6F36426B3FBF6F319
:10A8F00003EBC30606EB0313A1EB8301322303EB47
:10A9000001116423B1FBF3F101F00F01114422683E
:10A91000916070BD00380140014691F83D0021284A
:10A9200028D18868B0F5805F0BD1086948B90A6AF8
:10A930001088C0F308000B685860086A801C086221
:10A9400005E00B6A581C086218780B685860C88CC0
:10A95000401E80B2C88458B90868C06820F08000E2
:10A960000B68D8600868C06840F040000B68D86089
:10A97000002070470220FCE72DE9F04104460D4617
:10A9800017469846069E21E0701CF8B12EB1FBF7E1
:10A9900021FDA0EB0800B04218D92068C06820F45F
:10A9A000D0702168C8602068406920F001002168EB
:10A9B0004861202084F83D0084F83E0000BF00205C
:10A9C00084F83C0000BF0320BDE8F08120680068E7
:10A9D0002840A84201D1012000E00020B842D3D095
:10A9E0000020F1E710B50248FEF74AF810BD00005C
:10A9F0001409002010B50E48FEF742F80C48006814
:10AA0000006800F02000202811D10A480068C1B277
:10AA100009480A4A12688154002102460748006822
:10AA2000401C115405480068401C0449086010BDD2
:10AA30005809002004440040240200202400002083
:10AA40002DE9F04104460D46D4F8B862D4F8C0723E
:10AA5000D4F8B80278B305EB850104F1140000EBDB
:10AA60008100806808B305EB850104F1140000EB58
:10AA7000810005EB8502816807F1280000EBC20028
:10AA80000069B1FBF0F200FB121070B9002105EB78
:10AA9000850204F1140000EB8200816000231A4655
:10AAA0002946204600F0C4FE02E00020C6F8140249
:10AAB0000020BDE8F081FFE70220FAE770B5044608
:10AAC0000E46D4F8B8523146204600F056FDC5F87F
:10AAD0000C02D4F8B80248B1D5F80402D4F8BC127C
:10AAE000CA6805F503719047002070BD0220FCE79D
:10AAF00070B504460E4600258121204600F057FC23
:10AB00000021E1620121204600F051FC0021C4F83F
:10AB10006C118221204600F04AFC00212164D4F807
:10AB2000B80250B1D4F8BC1248688047D4F8B802D3
:10AB300001F027F90020C4F8B802284670BD70B5AE
:10AB40000546D5F8B842D5F8BC0278B194F80002B1
:10AB5000FF280BD094F8012294F80002D5F8BC121B
:10AB60008B6821469847FF2084F80002002070BDC2
:10AB700001460A2008800148704700000C010020AF
:10AB800001464320088001487047000094010020DE
:10AB90000146432008800148704700005001002012
:10ABA000014643200880014870470000D80100207A
:10ABB0002DE9F04104460F460026207C88B94FF469
:10ABC000007302228121204600F03EFD0121E16256
:10ABD0004B020222204600F037FD0121C4F86C111F
:10ABE0000FE0402302228121204600F02DFD0121AB
:10ABF000E16240230222204600F026FD0121C4F834
:10AC00006C11082303228221204600F01DFD012142
:10AC100021644FF4077001F0B5F8C4F8B802D4F815
:10AC2000B80208B901261CE0D4F8B852D4F8BC1216
:10AC3000086880470020C5F81402C5F81802207C77
:10AC400040B94FF4007301212046D5F8042200F0EA
:10AC500013FD06E0402301212046D5F8042200F030
:10AC60000BFD3046BDE8F08170B50446D4F8B8520B
:10AC7000D4F8B80298B1207C40B94FF40073012198
:10AC80002046D5F8042200F0F7FC06E0402301211D
:10AC90002046D5F8042200F0EFFC002070BD022011
:10ACA000FCE70246022011B1C2F8BC120020704736
:10ACB0000246D2F8B832C3F804120020704710B52B
:10ACC0000346D3F8B842C4F80812C4F81022002092
:10ACD00010BD2DE9FC4105460C46D5F8B8620020B0
:10ACE000019000900027207800F0600040B32028F9
:10ACF0005FD1E088E0B1207800F0800060B1E288A8
:10AD00006078D5F8BC128B6831469847E2883146A6
:10AD1000284600F0E6F812E0607886F80002A07994
:10AD200086F80102E2883146284600F0B9F806E0CC
:10AD30006078D5F8BC1200228B68214698473EE027
:10AD4000607820B10A2812D00B282AD11FE095F88C
:10AD50009C02032805D102226946284600F0C1F86A
:10AD600004E02146284600F08FF802271FE095F8FE
:10AD70009C02032805D1012201A9284600F0B1F860
:10AD800004E02146284600F07FF802270FE095F8FE
:10AD90009C02032804D02146284600F075F80227BB
:10ADA00005E02146284600F06FF8022700BF00BFEB
:10ADB00005E02146284600F067F8022700BF00BFE3
:10ADC0003846BDE8FC8170B50546D5F8B842D5F8DF
:10ADD000B802A8B1D4F8140280B90120C4F8140252
:10ADE000D4F810122963B4F8100283B281212846E6
:10ADF000D4F8082200F01CFD002070BD0120FCE703
:10AE00000220FAE770B504460D46D4F8B40229468C
:10AE1000426820469047002070BD70B504460D463C
:10AE200094F89C02012804D0022803D003280CD1F6
:10AE300001E000BF00BF6888012805D10020C4F8E8
:10AE4000A402204600F05EF804E02946204600F007
:10AE50001BF800BF00BF70BD70B506460C46154616
:10AE60002B4622460021304600F006FC002070BD33
:10AE700070B506460C4615462B4622460021304644
:10AE800000F0D6FC002070BD70B504460D46802150
:10AE9000204600F0A1FC0021204600F09DFC70BD82
:10AEA00070B504460E4615460320C4F894024FF4CC
:10AEB000AE700551001D05512B463246002120463B
:10AEC00000F0DAFB002070BD10B504460520C4F880
:10AED000940200231A461946204600F0CDFB0020BC
:10AEE00010BD70B504460E4615460220C4F8940203
:10AEF000E56125622B4632460021204600F098FC91
:10AF0000002070BD10B504460420C4F8940200234C
:10AF10001A461946204600F08BFC002010BD0000A8
:10AF200070B505460C462DB92246064906A000F02C
:10AF3000D3F904E02246034903A000F0CDF901480B
:10AF400070BD0000A40C002043444320436F6E6694
:10AF5000696700000246122008800148704700001F
:10AF60009C00002070B505460C462DB922460649C6
:10AF700006A000F0B1F904E02246034903A000F066
:10AF8000ABF9014870BD0000A40C002043444320ED
:10AF9000496E7465726661636500000002460420B4
:10AFA0000880014870470000B000002070B50546D9
:10AFB0000C462246024903A000F08EF9004870BDFD
:10AFC000A40C00204A6168616E476F73746172005F
:10AFD00070B505460C462DB92246064906A000F07C
:10AFE0007BF904E02246034903A000F075F901480B
:10AFF00070BD0000A40C00204A6168616E476F7349
:10B00000746172506F72740070B505460C461A2058
:10B010002080FAF7BDFE014870BD0000B40000209A
:10B0200070B504460D46E888012804D0294620461C
:10B03000FFF72AFF1EE094F89C02012804D00228A2
:10B0400003D0032810D109E000BF0020A060012236
:10B0500004F108012046FFF744FF0AE00122211D08
:10B060002046FFF73EFF04E029462046FFF70CFF8D
:10B0700000BF00BF70BDF8B504460E46002000902A
:10B080000027002570880012082875D2DFE800F03C
:10B09000C7040C20C7C7A5B5207CD4F8B0120A6835
:10B0A000694690470746C1E0207C40B9D4F8B40215
:10B0B000816A6846884707460220787007E0D4F81E
:10B0C000B402C16A68468847074602207870ADE03E
:10B0D000B078062878D2DFE800F00316293C5063E8
:10B0E000D4F8B002406838B1207CD4F8B0124A6875
:10B0F00069469047074605E031462046FFF7C4FE03
:10B10000681CC5B267E0D4F8B002806838B1207C12
:10B11000D4F8B0128A6869469047074605E0314680
:10B120002046FFF7B1FE681CC5B254E0D4F8B00267
:10B13000C06838B1207CD4F8B012CA68694690471C
:10B14000074605E031462046FFF79EFE681CC5B263
:10B1500041E0D4F8B002006938B1207CD4F8B012D4
:10B160000A6969469047074605E031462046FFF7E1
:10B170008BFE681CC5B22EE051E0D4F8B0024069E5
:10B1800038B1207CD4F8B0124A6969469047074626
:10B1900005E031462046FFF777FE681CC5B21AE08D
:10B1A000D4F8B002806940B1207CD4F8B0128A692A
:10B1B00069469047074606E006E031462046FFF71D
:10B1C00063FE681CC5B206E031462046FFF75CFE10
:10B1D000681CC5B200BF00BF28E0207C30B9D4F89D
:10B1E000B402416B68468847074605E03146204671
:10B1F000FFF74AFE681CC5B218E0207C40B9D4F8BD
:10B20000B402016B6846884707460720787005E05E
:10B2100031462046FFF738FE681CC5B206E03146CD
:10B220002046FFF731FE681CC5B200BF00BF05B164
:10B23000F8BDBDF8000088B1F08878B1F088BDF89D
:10B240000010884202DDBDF8000000E0F0880090A8
:10B25000BDF8002039462046FFF743FEF08810B9BC
:10B260002046FFF74FFE00BFE2E70146002002E064
:10B27000421CD0B2491C0A78002AF9D1704770B537
:10B2800004460D4694F89C02012804D0022803D0FD
:10B2900003281AD101E000BF00BFE888022804D0CB
:10B2A00029462046FFF7F0FD14E00120E060D4F8C5
:10B2B000A40218B1E06840F00200E060022204F14C
:10B2C0000C012046FFF70DFE04E029462046FFF75B
:10B2D000DBFD00BF00BF70BD2DE9F04104460D4607
:10B2E00017460026FCB12046FFF7BFFF022101EB05
:10B2F000400038803A783046711CCEB22A5403227E
:10B300003046711CCEB22A540AE014F8012B3046A4
:10B31000711CCEB22A5400223046711CCEB22A547F
:10B3200020780028F1D1BDE8F0810146002031B13C
:10B33000012906D0022906D0032908D105E0002002
:10B3400007E0022005E0012003E0022001E00220E6
:10B3500000BF00BF704770B504460D4616460CB9D5
:10B36000022070BDD4F8B40210B10020C4F8B402B9
:10B370000DB1C4F8B052012084F89C02267020461A
:10B3800000F004F90020ECE72DE9F04104460D46F9
:10B39000002600272946D4F8C002FBF79BF9064691
:10B3A0003046FFF7C2FF07463846BDE8F0812DE979
:10B3B000F04104460D46002600272946D4F8C00275
:10B3C000FBF753F906463046FFF7AFFF074638460E
:10B3D000BDE8F0812DE9F04104460E461746002EE7
:10B3E00064D104F11405D4F89402022848D1D5E9B7
:10B3F0000301884210D9D5E90301401AE860A88901
:10B4000082B239462046FFF733FD00231A4619461B
:10B41000204600F031F93EE02969A868B0FBF1F25E
:10B4200001FB1200B8B92969A868884213D3A8683B
:10B43000D4F8981288420ED2002211462046FFF717
:10B4400017FD0020C4F8980200231A46194620462A
:10B4500000F012F91FE0D4F8B402C06840B194F8CB
:10B460009C02032804D1D4F8B402C168204688475E
:10B470008021204600F0B0F92046FFF725FD0AE0C4
:10B48000D4F89402042802D0D4F8940218B9802188
:10B49000204600F0A1F994F8A002012818D1204616
:10B4A00000F0FAF9002084F8A00211E0D4F8B40208
:10B4B000406950B194F89C02032806D1D4F8B40234
:10B4C000314642692046904702E00220BDE8F08103
:10B4D0000020FBE72DE9F04104460E461746BEBBAF
:10B4E00004F5AA75D4F89402032825D1D5E90301FF
:10B4F000884210D9D5E90301401AE860D5E9030173
:10B50000884201D2E86800E0286982B239462046C4
:10B51000FFF7A2FC2FE0D4F8B402006940B194F820
:10B520009C02032804D1D4F8B4020169204688475C
:10B530002046FFF7E7FC1EE0D4F8940205281AD154
:10B540000020C4F894020021204600F045F912E0E2
:10B55000FFE7D4F8B402806950B194F89C02032844
:10B5600006D1D4F8B402314682692046904702E001
:10B570000220BDE8F0810020FBE770B504460D46CF
:10B580002946D4F8C002FBF723FC70BD10B5044671
:10B590001D48C0F8E842C4F8C0021C481A490860B7
:10B5A0000820486002211848816000218161C16142
:10B5B0000162FBF7E4FD08B1FAF730FB04F53074E3
:10B5C0001823002211462068FBF70CF858230022AC
:10B5D00080212068FBF706F8C02300228121206823
:10B5E000FBF700F84FF48873002201212068FAF776
:10B5F000F9FF2068A4F530744FF480730022822193
:10B60000FAF7F0FF002010BD74160020005C004027
:10B6100010B50246D2F8C03201F08000802809D16E
:10B6200001F07F0000EB800403F1280000EBC40070
:10B63000807810BD01F07F0000EB800403F5B4704A
:10B6400000EBC4008078F4E72DE9F04704460F468C
:10B6500015461E464FF00008C1462B463246394675
:10B66000D4F8C002FBF7BFFB80464046FFF75DFE03
:10B6700081464846BDE8F0872DE9F04704460D466F
:10B6800016461F464FF00008C1463B463246294643
:10B69000D4F8C002FBF7EDFB80464046FFF745FEBD
:10B6A00081464846BDE8F08710B504464023002295
:10B6B00011462046FFF7C8FF01214FF4AC7001513D
:10B6C00040214FF4B27001514023002280212046D6
:10B6D000FFF7BAFF0121A16140216162012084F8D6
:10B6E0009C020020C4F894026060C4F8A402D4F85C
:10B6F000B80228B12179D4F8B402426820469047B4
:10B70000002010BD014691F89C02042803D191F855
:10B710009D0281F89C020020704710B5044694F801
:10B720009C02032808D1D4F8B402C06920B1D4F82F
:10B73000B402C16920468847002010BD024611743A
:10B74000002070472DE9F04104460D4600260027F1
:10B750002946D4F8C002FBF701FE06463046FFF743
:10B76000E4FD07463846BDE8F08170B504460D4655
:10B77000294604F52A7000F073F80120C4F89402F9
:10B7800040F2AE20005BC4F8980294F8A80200F0E2
:10B790001F0020B1012808D0022812D10BE004F5C7
:10B7A0002A71204600F041F913E004F52A71204681
:10B7B00000F0A8FA0DE004F52A71204600F086F9A1
:10B7C00007E094F8A80200F08001204600F004F899
:10B7D00000BF00BF002070BD2DE9F04104460D46BA
:10B7E000002600272946D4F8C002FBF768FB06466E
:10B7F0003046FFF79AFD07463846BDE8F08170B540
:10B80000044600250026D4F8C002FBF7CBFD054610
:10B810002846FFF78AFD0646304670BD014691F87E
:10B820009C0281F89D02042081F89C020020704750
:10B830002DE9F04704460D4616461F464FF0000816
:10B84000C1463B4632462946D4F8C002FBF77BFB93
:10B8500080464046FFF769FD81464846BDE8F087CF
:10B860000A7802704A7842708B78CA7803EB022219
:10B8700042800B794A7903EB022282808B79CA7964
:10B8800003EB0222C28070470246002011B1C2F8C9
:10B89000B41200E00220704701460020704770B5E6
:10B8A00004460D46A88810BBE88800BB688880283D
:10B8B0001DD2A87800F07F0694F89C02032804D1DA
:10B8C00029462046FFF7E0FA15E084F89E623146EB
:10B8D0002046FFF737FF2046FFF714FB1EB102207A
:10B8E00084F89C0207E0012084F89C0203E02946CA
:10B8F0002046FFF7C9FA70BD70B504460D46022612
:10B90000D4F8B40238B1D4F8B4022946026820460B
:10B91000904700B90026304670BD000070B504465F
:10B920000D46A8783649087008460078012804DDDD
:10B9300029462046FFF7A8FA60E094F89C02022806
:10B9400002D003284FD11CE02D480078A8B12C4824
:10B9500000786060032084F89C0229480178204622
:10B96000FFF7CAFF022804D129462046FFF78CFAC8
:10B9700070BD2046FFF7C6FA02E02046FFF7C2FA84
:10B980003BE01F48007870B9022084F89C021C48F4
:10B99000007860601A4801782046FFF733FA2046A5
:10B9A000FFF7B0FA1EE0164909786068884216D0A1
:10B9B00021792046FFF726FA114800786060104888
:10B9C00001782046FFF798FF022804D12946204637
:10B9D000FFF75AFACCE72046FFF794FA02E0204638
:10B9E000FFF790FA09E029462046FFF74DFA044890
:10B9F00001782046FFF706FA00BF00BF00BFB7E797
:10BA00000801002070B505460C466088012804D165
:10BA1000C5F8A4022846FFF775FA70BD10B50446B4
:10BA20002046FFF7ECFE002010BD70B505460C4621
:10BA30000026207800F0600060B1202802D0402865
:10BA40003CD100E000BFD5F8B40221468268284608
:10BA5000904738E060780A2829D2DFE800F01923FF
:10BA6000281E280A0528140F21462846FFF703FB45
:10BA700022E021462846FFF712FF1DE02146284616
:10BA8000FFF74CFF18E021462846FFF7C9FA13E0FC
:10BA900021462846FFF7F3FB0EE021462846FFF734
:10BAA000B1FF09E021462846FFF7B7F904E0214637
:10BAB0002846FFF7E9F900BF00BF04E02146284609
:10BAC000FFF7E2F900BF00BF304670BD2DE9F0413D
:10BAD00005460E464FF000083479307800F06000DB
:10BAE00060B1202802D0402871D100E000BFD5F815
:10BAF000B402314682682846904700E1307800F071
:10BB00006000202809D1D5F8B40231468268284661
:10BB1000904780464046BDE8F081707800285ED0AE
:10BB200001282FD0032876D195F89C02022802D054
:10BB3000032820D110E054B1802C08D0214628469B
:10BB4000FFF74AFE80212846FFF746FE03E0314614
:10BB50002846FFF799F913E0708840B93CB1802C72
:10BB600005D0F08818B921462846FFF735FE28464B
:10BB7000FFF7C8F904E031462846FFF785F900BF12
:10BB800000BFB5E095F89C02022802D003281FD11F
:10BB900010E054B1802C08D021462846FFF71CFE47
:10BBA00080212846FFF718FE03E031462846FFF7BC
:10BBB0006BF912E0708848B904F07F0018B1214693
:10BBC0002846FFF7E1FB2846FFF79CF905E091E0E6
:10BBD00031462846FFF758F900BF00BF88E095F8C6
:10BBE0009C02022802D0032876D126E034B1802CB2
:10BBF00004D031462846FFF747F972E004F0800090
:10BC0000802809D104F07F0000EB800105F11400C9
:10BC100000EB810008E066E004F07F0000EB8001AB
:10BC200005F5AA7000EB810007460020386002226B
:10BC300039462846FFF755F953E004F08000802884
:10BC40000ED104F00F0000EB800105F1140000EBB1
:10BC50008100406898B931462846FFF715F940E061
:10BC600004F00F0000EB800105F5AA7000EB8100E5
:10BC7000406820B931462846FFF706F931E004F064
:10BC80008000802808D104F07F0000EB800105F1DE
:10BC9000140000EB810007E004F07F0000EB80015E
:10BCA00005F5AA7000EB810007460CB1802C02D18B
:10BCB0000020386009E021462846FFF7A9FC10B1B2
:10BCC0000120386001E00020386002223946284611
:10BCD000FFF707F905E0FFE731462846FFF7D4F8FC
:10BCE00000BF00BF04E031462846FFF7CDF800BF93
:10BCF00000BF04E031462846FFF7C6F800BF00BF8A
:10BD0000404608E770B505460C460026207800F04E
:10BD1000600030B1202802D040282AD100E000BFC6
:10BD200000BF95F89C02012804D0022803D0032804
:10BD300018D101E000BF00BF207901280DDCD5F843
:10BD4000B40221468268284690470646E08840B9FA
:10BD50003EB92846FFF7D6F803E021462846FFF70C
:10BD600093F804E021462846FFF78EF800BF00BF95
:10BD700004E021462846FFF787F800BF00BF0020F7
:10BD800070BD7047014601487047000060190020EF
:10BD9000F0B5024600260878400032F8100048F658
:10BDA0008F1400EA0403C87830B101280CD00228AF
:10BDB00005D003280BD104E043F4007309E000BF71
:10BDC00007E043F4C06304E043F4806301E001262C
:10BDD00000BF00BF43F4004040F080000C786400D6
:10BDE00022F8140000BF0C78640032F8144048F6C2
:10BDF0008F752C400D7844EA050040F4004444F06F
:10BE000080040D786D0022F8154000BF087B0028E3
:10BE10007ED14878002852D000BF1046B2F850506A
:10BE200028440D7800F5806707EB0514CD886D1068
:10BE30006D00258000BF00BF0C78640032F814004C
:10BE400000F040048CB100BF0D786D0032F8155041
:10BE500048F68F7705EA070444F4004545F0C0052D
:10BE60000F787F0022F8175000BF00BFC878012864
:10BE700013D000BF0C78640032F8144048F6BF7548
:10BE800004EA050080F0200040F4004444F08004FF
:10BE90000D786D0022F815409EE100BF0C7864001B
:10BEA00032F8144048F6BF7504EA050040F4004437
:10BEB00044F080040D786D0022F815408CE100BF3D
:10BEC0001046B2F8505028440D78042707EBC505FA
:10BED00000F5806707EB4504CD886D106D00258067
:10BEE00000BF00BF1546B2F8504025440C78062725
:10BEF00007EBC40405F5806707EB4404204600BF48
:10BF00000F6967B9078848F2FF3C07EA0C0700E0B1
:10BF100057E00780078847F4004707801EE00F6955
:10BF20003E2F0DD800BF0F697C080F7C07F001077A
:10BF300007B1641C4FF6FF7707EA842707800DE0FE
:10BF400000BF0F697C090F7C07F01F0707B9641E4B
:10BF50004FF4004747EA8427078000BF00BF00BFB7
:10BF600000BF0C78640032F8140000F480448CB1F7
:10BF700000BF0D786D0032F8155048F68F7705EA4E
:10BF8000070444F4004545F481450F787F0022F80A
:10BF9000175000BF00BF00BF0C78640032F8144097
:10BFA0004BF68F7504EA050080F4805080F4005051
:10BFB00040F4004444F080040D786D0022F81540F0
:10BFC0000AE100BF0C78640032F8144048F68F751F
:10BFD00004EA050040F4004444F4C0740D786D0098
:10BFE00022F8154000BF00BF00BF00BF1046B2F8E6
:10BFF000505028440D7800F5806707EB05140D8933
:10C000006D106D00258000BF00BF00BF00BF10464F
:10C01000B2F8505028440D78042707EBC50500F509
:10C02000806707EB45044D896D106D00258000BFCA
:10C0300000BF00BF487800285DD100BF0C786400C5
:10C0400032F8140000F480448CB100BF0D786D000C
:10C0500032F8155048F68F7705EA070444F4004596
:10C0600045F481450F787F0022F8175000BF00BFCC
:10C0700000BF0C78640032F8140000F040048CB16A
:10C0800000BF0D786D0032F8155048F68F7705EA3D
:10C09000070444F4004545F0C0050F787F0022F8FE
:10C0A000175000BF00BF00BF0C78640032F8144086
:10C0B0004BF68F7504EA050080F4805080F4005040
:10C0C00040F4004444F080040D786D0022F81540DF
:10C0D00000BF00BF0C78640032F8144048F6BF750A
:10C0E00004EA050040F4004444F080040D786D003B
:10C0F00022F8154070E000BF0C78640032F814009C
:10C1000000F480448CB100BF0D786D0032F81550FA
:10C1100048F68F7705EA070444F4004545F4814565
:10C120000F787F0022F8175000BF00BF00BF0C78C7
:10C13000640032F8140000F040048CB100BF0D78A8
:10C140006D0032F8155048F68F7705EA070444F47D
:10C15000004545F0C0050F787F0022F8175000BF5A
:10C1600000BFC878012813D000BF0C78640032F8F3
:10C17000144048F6BF7504EA050080F0200040F442
:10C18000004444F080040D786D0022F8154011E061
:10C1900000BF0C78640032F8144048F6BF7504EA1A
:10C1A000050040F4004444F080040D786D0022F84E
:10C1B000154000BF00BF0C78640032F814404BF605
:10C1C0008F7504EA050040F4004444F080040D78C3
:10C1D0006D0022F8154000BF3046F0BD10B5044692
:10C1E000002010BD30B50246087B00285BD148789E
:10C1F00060B300BF0B785B0032F8130000F040031F
:10C200008BB100BF0C78640032F8144048F68F758B
:10C2100004EA050343F4004444F0C0040D786D00C3
:10C2200022F8154000BF00BF00BF0B785B0032F85A
:10C23000133048F6BF7403EA040040F4004343F0AF
:10C2400080030C78640022F8143007E100BF0B78FB
:10C250005B0032F8130000F480438BB100BF0C7810
:10C26000640032F8144048F68F7504EA050343F47D
:10C27000004444F481440D786D0022F8154000BF5D
:10C2800000BF00BF0B785B0032F813304BF68F74A1
:10C2900003EA040040F4004343F080030C78640098
:10C2A00022F81430DAE0487800286BD100BF0B7810
:10C2B0005B0032F8130000F480438BB100BF0C78B0
:10C2C000640032F8144048F68F7504EA050343F41D
:10C2D000004444F481440D786D0022F8154000BFFD
:10C2E00000BF00BF0B785B0032F8130000F0400382
:10C2F0008BB100BF0C78640032F8144048F68F759B
:10C3000004EA050343F4004444F0C0040D786D00D2
:10C3100022F8154000BF00BF00BF0B785B0032F869
:10C32000133048F68F7403EA040040F4004343F0EE
:10C33000C0030C78640022F8143000BF00BF0B78F3
:10C340005B0032F813304BF68F7403EA040040F4BC
:10C35000004343F080030C78640022F8143000BFDF
:10C3600000BF0B785B0032F8133048F6BF7403EA65
:10C37000040040F4004343F080030C78640022F88A
:10C3800014306BE000BF0B785B0032F8130000F450
:10C3900080438BB100BF0C78640032F8144048F63B
:10C3A0008F7504EA050343F4004444F481440D7896
:10C3B0006D0022F8154000BF00BF00BF0B785B0086
:10C3C00032F8130000F040038BB100BF0C7864001A
:10C3D00032F8144048F68F7504EA050343F400442C
:10C3E00044F0C0040D786D0022F8154000BF00BF76
:10C3F00000BF0B785B0032F8133048F68F7403EA05
:10C40000040040F4004343F481430C78640022F8B4
:10C41000143000BF00BF0B785B0032F8133048F6D1
:10C42000BF7403EA040040F4004343F080030C7837
:10C43000640022F8143000BF00BF0B785B0032F8B4
:10C4400013304BF68F7403EA040040F4004343F0CA
:10C4500080030C78640022F8143000BF002030BD47
:10C4600001460020704701460020704710B5044681
:10C47000012024F8400F00202080A0802082403C32
:10C4800010BD01464FF43F42B1F840009043A1F87F
:10C4900040000020704702460020704730B5024639
:10C4A000087B002865D1487888B300BF0B785B0013
:10C4B00032F8130000F040038BB100BF0C78640029
:10C4C00032F8144048F68F7504EA050343F400443B
:10C4D00044F0C0040D786D0022F8154000BF00BF85
:10C4E000C878012845D000BF0B785B0032F81330C4
:10C4F00048F6BF7403EA040080F0200040F40043D3
:10C5000043F080030C78640022F8143031E0FFE738
:10C5100000BF0B785B0032F8130000F480438BB14E
:10C5200000BF0C78640032F8144048F68F7504EAB6
:10C53000050343F4004444F481440D786D0022F86F
:10C54000154000BF00BF00BF0B785B0032F813300E
:10C550004BF68F7403EA040080F4805080F400509E
:10C5600040F4004343F080030C78640022F8143058
:10C5700000BF002030BD10B50246487898B100BF1A
:10C580000B785B0032F8133048F6BF7403EA0400FE
:10C5900080F0100040F4004343F080030C78640006
:10C5A00022F8143013E000BF0B785B0032F8133030
:10C5B0004BF68F7403EA040080F4805040F400438B
:10C5C00043F080030C78640022F8143000BF002090
:10C5D00010BD2DE9F04706460C466078012876D15B
:10C5E0002169A069884201D9256900E0A569207BFD
:10C5F000A0B9ABB2E2883046616900F0F4FD00BF3B
:10C600003046B6F8502010442278022303EBC202D1
:10C6100000F5806303EB42010D8081E3E07802289E
:10C620007DD12169206A88427AD900BF21784900EA
:10C6300036F8111048F68F7201EA020040F400410A
:10C6400041F4C0712278520026F8121000BF206A0F
:10C65000401B20622078400036F8100000F04000B7
:10C6600000287DD000BF3346607888BB00BF3246CB
:10C67000B6F850100A4421784FF0060909EBC101C1
:10C6800002F5806909EB4101084600BF75B9B0F8B1
:10C69000009048F2FF3A09EA0A09A0F80090B0F8C1
:10C6A000009049F40049A0F8009021E03E2D10D8F8
:10C6B00000BF690805F00109B9F1000F00D0491C5D
:10C6C0004FF6FF7909EA8129A0F8009010E03DE3D8
:10C6D00010E000BF690905F01F09B9F1000F00D192
:10C6E000491E4FF4004949EA8129A0F8009000BF93
:10C6F00000BF0FE0607801280CD1B6F85000034469
:10C700002078062101EBC00003F5806101EB400CAD
:10C71000ACF8005000BF6789ABB23A4601E057E180
:10C720002CE13046616900F05EFD6069284460617B
:10C730002169206A884203D9206A401B206202E0F6
:10C74000256A0020206200BF6078C0BB00BF32466F
:10C75000B6F850100A442178022303EBC10100E02F
:10C7600049E002F5806303EB4101084600BF55B97B
:10C77000038848F2FF3C03EA0C030380038843F478
:10C780000043038019E03E2D0BD800BF690805F077
:10C79000010303B1491C4FF6FF7303EA81230380B1
:10C7A0000BE000BF690905F01F0303B9491E4FF4F0
:10C7B000004343EA8123038000BF00BF12E0FFE78C
:10C7C000607801280ED100BF3046B6F850201044E2
:10C7D0002278022303EBC20200F5806303EB4201DF
:10C7E0000D8000BF00BF2789ABB23A463046616971
:10C7F00000F0F9FC94E200BF6078B0BB00BF3246A5
:10C80000B6F850100A442178022303EBC10102F567
:10C81000806303EB4101084600BF55B9038848F225
:10C82000FF3C03EA0C030380038843F400430380C6
:10C8300019E03E2D0BD800BF690805F0010303B1D4
:10C84000491C4FF6FF7303EA812303800BE000BF0E
:10C85000690905F01F0303B9491E4FF4004343EA79
:10C860008123038000BF00BF12E0FFE7607801284A
:10C870000ED100BF3046B6F8502010442278022373
:10C8800003EBC20200F5806303EB42010D8000BFA1
:10C8900000BF2789ABB23A463046616900F0A3FC7D
:10C8A0006069284460612169206A884203D9206A4E
:10C8B000401B206202E0256A0020206200BF334650
:10C8C000607880BB00BF3246B6F850100A44217829
:10C8D0004FF0060909EBC10102F5806909EB41013E
:10C8E000084600BF75B9B0F8009048F2FF3A09EA6F
:10C8F0000A09A0F80090B0F8009049F40049A0F8A7
:10C90000009020E03E2D0FD800BF690805F0010916
:10C91000B9F1000F00D0491C4FF6FF7909EA8129CF
:10C92000A0F800900FE010E000BF690905F01F09B2
:10C93000B9F1000F00D1491E4FF4004949EA81299D
:10C94000A0F8009000BF00BF0FE0607801280CD174
:10C95000B6F8500003442078062101EBC00003F52F
:10C96000806101EB400CACF8005000BF6789ABB2AE
:10C970003A463046616900F036FCD1E1256A00BFD5
:10C980002178490036F8111048F68F6201EA02005A
:10C9900040F4004141F080012278520026F8121044
:10C9A00000BF00BF3046B6F8502010442278022362
:10C9B00003EBC20200F5806303EB42010D8000BF70
:10C9C0002789ABB23A463046616900F00CFCA7E11A
:10C9D00000BF2178490036F8111048F68F7201EA3D
:10C9E000020040F4004141F4C0712278520026F860
:10C9F000121000BF206A401B20622078400036F8E9
:10CA0000100000F0400000287DD000BF3346607861
:10CA100080BB00BF3246B6F850100A4421784FF070
:10CA2000060909EBC10102F5806909EB41010846DD
:10CA300000BF75B9B0F8009048F2FF3A09EA0A0958
:10CA4000A0F80090B0F8009049F40049A0F80090D8
:10CA500020E03E2D0FD800BF690805F00109B9F1AB
:10CA6000000F00D0491C4FF6FF7909EA8129A0F890
:10CA700000900FE010E000BF690905F01F09B9F14F
:10CA8000000F00D1491E4FF4004949EA8129A0F85E
:10CA9000009000BF00BF0FE0607801280CD1B6F80D
:10CAA000500003442078062101EBC00003F58061AB
:10CAB00001EB400CACF8005000BF6789ABB23A46BE
:10CAC0003046616900F08FFB60692844606121692C
:10CAD000206A884203D9206A401B206202E0256A4E
:10CAE00000202062002D56D000BF6078C0BB00BF80
:10CAF0003246B6F850100A442178022303EBC101F4
:10CB000002F5806300E047E003EB4101084600BF07
:10CB100055B9038848F2FF3C03EA0C0303800388FD
:10CB200043F40043038019E03E2D0BD800BF690891
:10CB300005F0010303B1491C4FF6FF7303EA81239B
:10CB400003800BE000BF690905F01F0303B9491E0C
:10CB50004FF4004343EA8123038000BF00BF12E08B
:10CB6000FFE7607801280ED100BF3046B6F85020AC
:10CB700010442278022303EBC20200F5806303EB2A
:10CB800042010D8000BF00BF2789ABB23A46304654
:10CB9000616900F028FBC3E000BF6078B0BB00BF54
:10CBA0003246B6F850100A442178022303EBC10143
:10CBB00002F5806303EB4101084600BF55B90388C5
:10CBC00048F2FF3C03EA0C030380038843F400436C
:10CBD000038019E03E2D0BD800BF690805F0010362
:10CBE00003B1491C4FF6FF7303EA812303800BE076
:10CBF00000BF690905F01F0303B9491E4FF4004344
:10CC000043EA8123038000BF00BF12E0FFE76078A2
:10CC100001280ED100BF3046B6F8502010442278CB
:10CC2000022303EBC20200F5806303EB42010D8097
:10CC300000BF00BF2789ABB23A463046616900F0B9
:10CC4000D2FA6069284460612169206A884203D968
:10CC5000206A401B206202E0256A00202062A5B302
:10CC600000BF3346607888BB00BF3246B6F850102C
:10CC70000A4421784FF0060909EBC10102F58069E9
:10CC800009EB4101084600BF75B9B0F8009048F2C1
:10CC9000FF3A09EA0A09A0F80090B0F8009049F4B8
:10CCA0000049A0F8009021E03E2D10D800BF69088F
:10CCB00005F00109B9F1000F00D0491C4FF6FF79CA
:10CCC00009EA8129A0F8009010E029E010E000BFF7
:10CCD000690905F01F09B9F1000F00D1491E4FF491
:10CCE000004949EA8129A0F8009000BF00BF0FE089
:10CCF000607801280CD1B6F8500003442078062152
:10CD000001EBC00003F5806101EB400CACF8005072
:10CD100000BF6789ABB23A463046616900F063FAFA
:10CD200000BF2178490036F8111048F6BF7201EAB9
:10CD3000020080F0100080F0200040F4004141F03B
:10CD400080012278520026F8121005E2207BA0BB59
:10CD50002169A069884204D92569A069401BA061A6
:10CD600002E0A5690020A06100BF3246B6F850106D
:10CD70000A442178062303EBC10102F5806303EB2B
:10CD80004101084600BF55B9038848F2FF3C03EA59
:10CD90000C030380038843F4004303801AE03E2D14
:10CDA0000CD800BF690805F0010303B1491C4FF618
:10CDB000FF7303EA812303800CE00DE000BF6909E3
:10CDC00005F01F0303B9491E4FF4004343EA8123D2
:10CDD000038000BF00BFA9E1E07802287DD100BF39
:10CDE00000BF6078E0BB00BF3246B6F850100A447E
:10CDF0002178022303EBC10102F5806303EB4101BB
:10CE0000084600BF236953B9038848F2FF3C03EA90
:10CE10000C030380038843F4004303801EE023696E
:10CE20003E2B0DD800BF23695908237C03F0010372
:10CE300003B1491C4FF6FF7303EA812303800DE021
:10CE400000BF23695909237C03F01F0303B9491E5E
:10CE50004FF4004343EA8123038000BF00BF13E087
:10CE6000FFE7607801280FD100BF3046B6F85020A8
:10CE700010442278022303EBC20200F5806303EB27
:10CE80004201228A0A8000BF00BF00BF334660789B
:10CE9000E8BB00BF3246B6F850100A4421784FF084
:10CEA000060909EBC10102F5806909EB4101084659
:10CEB00000BFD4F81090B9F1000F0FD1B0F8009076
:10CEC00048F2FF3A09EA0A09A0F80090B0F8009089
:10CED00049F40049A0F800902EE06BE0D4F81090DF
:10CEE000B9F13E0F14D800BFD4F810904FEA5901A1
:10CEF00094F8109009F00109B9F1000F00D0491C15
:10CF00004FF6FF7909EA8129A0F8009014E015E0B6
:10CF100000BFD4F810904FEA591194F8109009F01E
:10CF20001F09B9F1000F00D1491E4FF4004949EA29
:10CF30008129A0F8009000BF00BF10E060780128B0
:10CF40000DD1B6F8500003442078062101EBC00053
:10CF500003F5806101EB400C208AACF8000000BFB3
:10CF600000BFE069002824D02078400036F8108007
:10CF700008F4804010B108F0400038B908F480404F
:10CF8000002816D108F04000002812D100BF00BFD1
:10CF90002178490036F8111048F68F7201EA020034
:10CFA00040F4004141F0C0012278520026F81210EE
:10CFB00000BFBBE0E07801287CD12169A0698842EC
:10CFC00004D92569A069401BA06102E0A569002081
:10CFD000A06100BF00BF6078B0BB00BF3246B6F8AA
:10CFE00050100A442178022303EBC10102F580634B
:10CFF00003EB4101084600BF55B9038848F2FF3CE6
:10D0000003EA0C030380038843F40043038019E020
:10D010003E2D0BD800BF690805F0010303B1491C80
:10D020004FF6FF7303EA812303800BE000BF690919
:10D0300005F01F0303B9491E4FF4004343EA81235F
:10D04000038000BF00BF12E0FFE7607801280ED127
:10D0500000BF3046B6F8502010442278022303EB7C
:10D06000C20200F5806303EB42010D8000BF00BFE8
:10D0700000BF3346607890BB00BF3246B6F8501010
:10D080000A4421784FF0060909EBC10102F58069D5
:10D0900009EB4101084600BF85B9B0F8009048F29D
:10D0A000FF3A09EA0A09A0F80090B0F8009049F4A4
:10D0B000004900E037E0A0F8009020E03E2D0FD8B6
:10D0C00000BF690805F00109B9F1000F00D0491C43
:10D0D0004FF6FF7909EA8129A0F800900FE010E0EF
:10D0E00000BF690905F01F09B9F1000F00D1491E01
:10D0F0004FF4004949EA8129A0F8009000BF00BF21
:10D100000FE0607801280CD1B6F850000344207875
:10D11000062101EBC00003F5806101EB400CACF887
:10D12000005000BF02E00120BDE8F08700BF217879
:10D13000490036F811104BF68F7201EA020080F4B4
:10D14000805080F4005040F4004141F0800122788A
:10D15000520026F8121000BF0020E5E7014600202B
:10D16000A1F844004FF43F42A1F84020704700006E
:10D1700010B50248F9F712FF10BD00007416002028
:10D180000146B1F8440070472DE9F04304460E46CD
:10D1900015464FEA530CA046304608F5806909EB66
:10D1A000450267460AE01188921C0170401C4FEA54
:10D1B000112980F80090401C921C7F1E002FF2D194
:10D1C00003F00109B9F1000F01D011880170BDE829
:10D1D000F083024600207047024611B98020A2F871
:10D1E0004C00002070472DE9F04704460D461E46CE
:10D1F00006F1010A4FEA5A08A146284609F5806A55
:10D200000AEB420347460BE090F800C0401C90F840
:10D2100000A04CEA0A2119809B1C9B1C401C7F1E0D
:10D22000002FF1D1BDE8F08700BFFEE70FB4084B37
:10D2300010B504A902AA039800F038F8044602A920
:10D24000002000F0D4F9204610BC5DF814FB00006B
:10D25000EFD5000802480068C0F3022070470000C4
:10D260000CED00E010B5002804DB0A07130E054A98
:10D27000135406E00A07140E034A00F00F031B1FA5
:10D28000D45410BD00E400E018ED00E002E008C84E
:10D29000121F08C1002AFAD170477047002001E030
:10D2A00001C1121F002AFBD1704700002DE9FF4F7A
:10D2B0008BB088460546002606E025280BD0DDE920
:10D2C0000D1290476D1C761C28780028F5D10FB000
:10D2D0003046BDE8F08F0024A146A2460122AE49A7
:10D2E00000E0044315F8013F203B02FA03F0084236
:10D2F000F7D128782A2810D06FF02F022878A0F1D3
:10D300003001092915D809EB890102EB410144F0EC
:10D31000020400EB01096D1CF0E758F8041B5FEAFA
:10D32000010903D544F40054C9F1000944F0020492
:10D330006D1C28782E2817D115F8010F44F004042D
:10D340002A280ED06FF02F022878A0F13001092989
:10D350000AD80AEB8A0102EB410100EB010A6D1CBD
:10D36000F2E758F804AB6D1C28786C280FD006DC67
:10D370004C2817D068280DD06A2814D104E07428EE
:10D3800010D07A280FD10DE044F400140AE044F4E0
:10D39000801401E044F440146978814202D104F51C
:10D3A00080146D1C6D1C2878692865D006DC002867
:10D3B0008DD0632827D0642806D15DE06E2808D080
:10D3C00073282AD0752877D0DDE90D129047761C96
:10D3D000E0E0C4F30250022809D003280DD0D8F8A9
:10D3E000001004280DD00E6008F10408D2E0D8F82F
:10D3F0000010F217C1E90062F6E7D8F800100E80BD
:10D40000F2E70E70F0E718F8041B8DF8001000200A
:10D410008DF80100EB46012003E058F804BB4FF003
:10D42000FF3061074FF0000701D40AE07F1C574529
:10D430000DDA8742FADB1BF807100029F6D106E067
:10D440007F1C8742FCDB1BF807100029F8D1DDE9BF
:10D450000D23A9EB07008146214600F0B1F83044C6
:10D46000C61904E0DDE90D121BF8010B90477F1E81
:10D47000F8D22146484688E058F8040BC4F302511C
:10D480004FF00A0B032900D100B2042900D140B2A9
:10D49000002802DA40422D2102E0210505D52B218A
:10D4A0008DF82410012104E006E0E10710D02021CE
:10D4B000F6E708AF089113E058F8040BC4F30251E3
:10D4C0004FF00A0B032900D180B2042900D1C0B269
:10D4D0000021EEE75946F8F760FA303107F8011DF0
:10D4E0000028F7D1ADEB070000F1200B600702D553
:10D4F00024F4803401E04FF0010ADA4502DDAAEBA2
:10D500000B0000E00020824600EB0B01089801446C
:10D51000A9EB01000A90E00306D4DDE90D232146C2
:10D520000A9800F04DF806444FF0000908E009A9F8
:10D5300011F80900DDE90D12904709F10109761C87
:10D5400008998945F3DBE0030CD5DDE90D2321467D
:10D550000A9800F035F8064404E0DDE90D123020A9
:10D560009047761CBAF10001AAF1010AF5DC05E04A
:10D57000DDE90D1217F8010B9047761CBBF1000195
:10D58000ABF1010BF4DC0A982146DDE90D2300F034
:10D5900005F806446D1C97E6092801002DE9F041C5
:10D5A000044600251E461746880404D405E0394683
:10D5B0002020B0476D1C641EF9D52846BDE8F081D7
:10D5C0002DE9F041044600251E469046C80301D5CA
:10D5D000302700E02027880404D505E0414638467E
:10D5E000B0476D1C641EF9D52846BDE8F0810A6875
:10D5F000531C0B6010707047014601F0030090B996
:10D600006420B1FBF0F200FB121050B94FF4C87067
:10D61000B1FBF0F200FB121008B9012070470020A6
:10D62000FCE70120FAE70020F8E7000010B506A0AB
:10D6300000F0C8FE08210B4800F034FF4FF41671CB
:10D640000848F8F798F910BD7B2252656365697642
:10D6500065223A7B22537461747573223A32367DA7
:10D660007D0A00007C04002010B586B00446F8F75F
:10D67000FBFC012004900F48039000200190012042
:10D68000029005A901A8F8F735FC78B9F8F78AFCEB
:10D690000598401C10B1002006B010BD24B9FF222F
:10D6A00010210548F8F760F90120F5E7F8F77AFC52
:10D6B0000020F1E740540008A01B002000B5002224
:10D6C0001021104600F002F800BD000030B50346FE
:10D6D0005818402801D9002030BD18460FE02AB163
:10D6E000094C044494F840441470521C102805D28C
:10D6F000054C044494F84044044D2C54401CCC1870
:10D700008442ECD80120E7E700500008A01B00206D
:10D710002DE9F04706468946154606EB09004028E4
:10D7200002D90020BDE8F0870DB90020FAE7F8F72C
:10D730009BFC002413E02A5D601C285C42EA002068
:10D74000C3170746A019094A81183A460120F8F77D
:10D7500033FC18B1F8F726FC0020E3E7A41C4C4585
:10D76000E9D3F8F71FFC0120DCE700004054000873
:10D7700010B5002821D0114B0022001F196803E0CA
:10D78000814203D80A4649680029F9D152B1136889
:10D79000841A9C4204D1006818441060104602E0CC
:10D7A000506000E0186039B102680B1A934203D14F
:10D7B0000B681A4402604968416010BD1C020020D9
:10D7C00000B585B00120F8F781FB00221549164805
:10D7D000FAF720FB002215491348FAF7BDFA13485F
:10D7E000007812498978114A5278104BDB78CDE9DC
:10D7F0000132CDE903100B48807800900948437846
:10D8000002780BA11948FFF711FD184800F0DAFD66
:10D810000120F8F75BFB4FF416711548F8F7ABF8E9
:10D8200005B000BD78000020600800207B000020CB
:10D830007B2254223A7B2248223A25642C224D2214
:10D840003A25642C2253223A25642C2259223A2567
:10D85000642C226D223A25642C2244223A25642C21
:10D860002257223A25647D7D0A000000D40600205C
:10D870007C04002070B504460D46002617E0012206
:10D8800051020C48F8F7A0FD2846F8F71FFB0022CC
:10D890004FF400710748F8F797FD2846F8F716FB94
:10D8A000012251020348F8F78FFD701CC6B2A64250
:10D8B000E5DB70BD0008014008B500BFF8F7CCFDFE
:10D8C000FCF733FEFBF776FCFBF7F0FCFBF706FDFD
:10D8D000FBF728FDFBF75CFDFBF772FDFBF7D2FCC5
:10D8E000DC48FAF72FFFDB48FAF7F6FE4FF400505A
:10D8F000D94B0822D94900900020FCF7C5FC022131
:10D90000D7A000F0CFFDD7480068C06840F02000E5
:10D91000D4490968C8600A20F8F7D8FAD2480068E4
:10D92000C06840F02000D0490968C8600020CF4995
:10D930000860FBF735FCFFF7C1FE1E210720FFF74B
:10D9400099FF4FF47A70F8F7C1FAFBF755FD4FF4E1
:10D950007A70F8F7BBFA0120C549087078E14AF6F9
:10D96000AA20C44909680860FBF71AFCC24800688D
:10D97000002871D00120F8F7A9FAC04800786E2875
:10D980006CD010DC56281FD006DC402876D0462804
:10D9900075D04E2874D175E0662867D0672870D09E
:10D9A0006D28F7D18FE0752814D006DC702847D099
:10D9B000722815D07328EDD148E0802834D0812812
:10D9C00038D0AF28E6D16EE000F018FD0120AC4958
:10D9D000087092E000F080FE0120A94908708CE0F8
:10D9E000A8A000F0EFFC0A20F8F770FA00BF00BF13
:10D9F00000BF00BF00BFBFF34F8F00BF00BF00BF1D
:10DA0000A748006800F4E060A6490843001DA44947
:10DA1000086000BF00BF00BFBFF34F8F00BF00BF53
:10DA200000BF00BF00BFFDE700F0ACFD012094493E
:10DA3000087062E0FFF7C4FE0120914908705CE0C5
:10DA4000FCF748FA01208E49087056E000F044FDCA
:10DA500001208B49087050E05BE0FFE731216E2028
:10DA600000F086F901208649087046E031216620E1
:10DA700000F07EF90120824908703EE012E009E0E2
:10DA800029E016E032216E2000F072F901207C4975
:10DA9000087032E03221662000F06AF901207849EE
:10DAA00008702AE000BFFFF7C1FD0120744908702B
:10DAB00023E0724841787C4A012000F02DFA0120D1
:10DAC0006F49087019E06D494878F8F757F8012058
:10DAD0006B49087011E075A000F074FC13207A49BE
:10DAE00008700020664908704FF416716348F7F714
:10DAF00042FF00206049086000BF00BF1320724948
:10DB0000087000205E4908705B4908600120F8F742
:10DB1000DDF95648006890B10A20F8F7D7F9534864
:10DB200001686A48F8F70CF80020504908600A209C
:10DB3000F8F7CCF94FF416716448F7F71CFF5A4810
:10DB4000FBF7E0FA20B15848FBF7DCFA00B17FE0C0
:10DB500010210020FBF74AFA70B15348FBF7D2FAC4
:10DB600020B15148FBF7CEFA00B171E0102100203E
:10DB7000FBF73CFA00B16BE055490120FBF7B6FA20
:10DB8000002864D152488079AB285BD15048C079D5
:10DB9000E8BB4F48C07BD0BB4D4800784D4908607A
:10DBA0004B484078096801EB00204A490860484822
:10DBB0008078494908604648C078096801EB002030
:10DBC0004549086042480079096801EB0040424934
:10DBD00008603F484079096801EB00603E490860F1
:10DBE0003C48006800F40040B0F5004F15D13948BA
:10DBF0000068C0F30E00374908600846006846F622
:10DC000029214840334908603348006800E019E0A2
:10DC10004BF2A6214840304908603048007860B196
:10DC20002F48007820B9204A0021084600F074F9F6
:10DC30004FF47A70F8F74AF907E032210A20FFF72B
:10DC400019FE02E027A000F0BDFBFBF7A9FA00BF18
:10DC500085E60000CC08002000100140000C0140C7
:10DC600073730000580900201409002024000020CC
:10DC700002000020540800201C0000207C0400202A
:10DC8000610000207B22526563697665223A7B221F
:10DC9000537461747573223A37307D7D0A00000039
:10DCA0000CED00E00000FA05640000207B225265C4
:10DCB0006365697665223A7B2253746174757322B9
:10DCC0003A31397D0A0000001800002024020020AB
:10DCD000D8070020700000206C0000200100002008
:10DCE0005D0000206572726F720A0000F0B50B30A3
:10DCF000154D20F007010024144A0FE003688B4201
:10DD00000BD38B4205D95E1A43184768C3E90067F5
:10DD100000E04368136002C004E0021D10680028A0
:10DD2000ECD12046002802D1286808B10020F0BDBF
:10DD3000064A07481060074A121A22F00702C0E993
:10DD4000002401202860D7E7200200201C020020C8
:10DD5000241C00202022002010B5044601231A466E
:10DD600021460248FBF7BFF810BD0000580900200B
:10DD700070B504460D46312D2AD16E2C12D10122E8
:10DD800011022A48F8F720FB0120F8F79FF828A095
:10DD900000F018FB0120324908704FF41671314829
:10DDA000F7F7E9FD662C13D100224FF480711F486C
:10DDB000F8F70AFB0120F8F789F82BA000F002FB26
:10DDC0000120274908704FF416712648F7F7D3FD54
:10DDD000322D2AD16E2C12D1012291021348F8F76C
:10DDE000F3FA0120F8F772F82BA000F0EBFA01200B
:10DDF0001B4908704FF416711A48F7F7BCFD662CE2
:10DE000013D100224FF480610848F8F7DDFA0120B1
:10DE1000F8F75CF82CA000F0D5FA01201049087042
:10DE20004FF416710F48F7F7A6FD70BD00080140CA
:10DE30007B2252656365697665223A7B2253746161
:10DE4000747573223A32367D2C225231223A7B226B
:10DE5000537461747573223A32337D7D0A00000079
:10DE6000610000207C0400207B2252656365697696
:10DE700065223A7B22537461747573223A32367D7F
:10DE80002C225231223A7B22537461747573223AE8
:10DE900032347D7D0A0000007B225265636569761D
:10DEA00065223A7B22537461747573223A32367D4F
:10DEB0002C225232223A7B22537461747573223AB7
:10DEC00032337D7D0A0000007B22526563656976EE
:10DED00065223A7B22537461747573223A32367D1F
:10DEE0002C225232223A7B22537461747573223A87
:10DEF00032347D7D0A00000001460020002208E047
:10DF00004306180E01F001030344D8B24910531C14
:10DF1000DAB2082AF4DB70472DE9F04FC7B00746A4
:10DF2000884691460520469037204590162044901B
:10DF30004FF0010A002500203B90044617B1012F45
:10DF40007ED141E1F8F746FA064638E1F8F742FAA1
:10DF5000801B41F28831884206D9E4A000F032FAF1
:10DF6000FF2047B0BDE8F08F4AF6AA20E4490968CF
:10DF70000860FBF715F94846FBF7C4F820B148469E
:10DF8000FBF7C0F800B11AE145994698FBF72EF867
:10DF900070B14846FBF7B6F820B14846FBF7B2F837
:10DFA00000B10CE145994698FBF720F800B106E175
:10DFB00045994698FBF71AF800287CD13CA944986B
:10DFC000FBF794F8002877D10025002404E03CA852
:10DFD000005D4540601CC4B20F2CF8DB9DF8FF00CB
:10DFE000A8426AD19DF8F1B04FEA0B2B9DF8F000E2
:10DFF00083449DF8FE003B909DF8FE003A909DF80A
:10E00000FE000A2804DDBFA000F0DCF9FF20A8E72D
:10E010009DF8F700182815DC9DF8F8003B2811DC66
:10E020009DF8F9003B280DDC9DF8F6001F2809DC5F
:10E030009DF8F5000C2805DC9DF8F400202800E090
:10E0400052E104DDB4A000F0BDF9FF2089E79DF89E
:10E05000FA00012805D09DF8FA0010B100208DF8D3
:10E06000FA00B248007802280FD19DF8FA00012882
:10E0700005D1AF49887100208DF8FA0005E0002035
:10E08000AB49887101208DF8FA00A848007820B9C2
:10E0900000208DF8FA00A6498871A448007801286C
:10E0A00003D18DF8FA00A249887100259DF8F4008B
:10E0B0009F49087002E081E07FE079E09DF8F5007B
:10E0C00048709DF8F60088709DF8F700C8709DF8BC
:10E0D000F80008719DF8F9004871002295499648AA
:10E0E000F9F798FE002295499348F9F735FE9348D1
:10E0F000C0788DF8F400914840788DF8F5008F488D
:10E1000080788DF8F6008B4800788DF8F700894804
:10E1100040788DF8F800874880788DF8F900002065
:10E120008DF8FB008DF8FC008DF8FD003B988DF814
:10E13000FE0000BF002404E03CA8005D4540601CD8
:10E14000C4B20F2CF8DB8DF8FF5045994698FAF7CA
:10E150004DFF60BB3CA94498FAF7F6FF30BB74480A
:10E16000807973494979724A1279714BDB78CDE92C
:10E170000432CDE906106E48817840786C4A1278F6
:10E180003B9BCDE90032CDE902016D4803686D4843
:10E1900002686D4908A8FFF749F808A800F012F9CD
:10E1A0004FF47A70F7F792FE0020DAE607E006E017
:10E1B00066A000F007F9FF20D3E600E000BFBAF147
:10E1C000000F7FF4C3AE00BF65A000F0FBF8F8F7C6
:10E1D00001F9064684E04AF6AA2049490968086020
:10E1E000F8F7F8F8801B41F28831884204D93FA043
:10E1F00000F0E8F8FF20B4E6002500208DF8F200DA
:10E200008DF8F30000224B494B48F9F703FE00223A
:10E210004A494948F9F7A0FD4848C0788DF8F4000C
:10E22000464840788DF8F500444880788DF8F6002F
:10E23000404800788DF8F7003E4840788DF8F800A7
:10E240003C4880788DF8F90000208DF8F9008DF8B1
:10E25000FA008DF8FB008DF8FC008DF8FD0008F049
:10E26000FF008DF8FE0000208DF8FA0000BF0024AA
:10E2700004E03CA8005D4540601CC4B20F2CF8DBF4
:10E280008DF8FF504846FAF73DFF20B14846FAF7AF
:10E2900039FF00B124E045994698FAF7A7FE70B11E
:10E2A0004846FAF72FFF20B14846FAF72BFF00B196
:10E2B00016E045994698FAF799FE00B110E04599A5
:10E2C0004698FAF793FE50B93CA94498FAF73CFFF8
:10E2D00020B931A000F076F8002042E600E000BF4F
:10E2E000BAF1000F7FF477AF00BF3AE67B224322FA
:10E2F0003A7B22537461747573223A317D7D0A0032
:10E30000540800207B2243223A7B225374617475A7
:10E3100073223A387D7D0A007B2243223A7B2253C6
:10E320007461747573223A367D7D0A000B000020FB
:10E330000400002078000020600800207B000020FE
:10E34000700000206C00002014E800087B224322AB
:10E350003A7B22537461747573223A347D7D0A00CE
:10E360007B2252656365697665223A7B225374612C
:10E37000747573223A32367D2C2243223A7B225422
:10E38000797065223A224368616E676547726F75DE
:10E3900070227D7D0A0000007B2243223A7B2253BB
:10E3A0007461747573223A302C2254797065223A64
:10E3B000224368616E676547726F7570227D7D0AC2
:10E3C0000000000070B504462046F7F7DFFAC5B23A
:10E3D00029462046F7F7B4FB00224FF400710648A7
:10E3E000F7F7F2FF0120F7F771FD01225102024811
:10E3F000F7F7EAFF70BD00000008014000B599B0D2
:10E4000064216846F7F7B7FA04220DA16846FEF7C3
:10E410000DFF6846FFF7D6FF0120F7F757FD17A05D
:10E42000FFF7D0FF0120F7F751FD17A0FFF7CAFF54
:10E430004FF416711A48F7F79EFA19B000BD0000A4
:10E440007B224669726D77617265223A7B22462291
:10E450003A312C2244657669636554797065223AB5
:10E46000225061726B696E67222C2252656C656165
:10E470007365223A3025647D7D0A0000576974680F
:10E48000426F6F740A000000526561646572205427
:10E49000797065203A20504E3533320A0000000072
:10E4A0007C04002070B504460D4600260FE00122D2
:10E4B00021460020FBF742FF641C4AF6AA200549CA
:10E4C000096808600520F7F701FD701CC6B2AE426E
:10E4D000EDDB70BD5408002010B50C48007810B971
:10E4E0000BA0FFF76FFF0948007810B116A0FFF7E7
:10E4F00069FF0648007880F00100044908704FF475
:10E5000016711F48F7F737FA10BD00005D000020B4
:10E510007B2252656365697665223A7B225374617A
:10E52000747573223A32367D2C2243223A7B225470
:10E53000797065223A22556E53656E64536572692F
:10E54000616C227D7D0A00007B22526563656976DD
:10E5500065223A7B22537461747573223A32367D98
:10E560002C2243223A7B2254797065223A22536549
:10E570006E6453657269616C227D7D0A0000000043
:10E580007C04002010B51CA0FFF71CFF2848407831
:10E59000284908702648807848702548C0788870D7
:10E5A00023480079244988702148407948702048E0
:10E5B000807908701E48C079C8700120F7F786FC82
:10E5C00000221C491D48F9F79BFD10B11CA0FFF764
:10E5D000F9FE0120F7F77AFC002217491748F9F7EE
:10E5E000E1FC10B11CA0FFF7EDFE4FF416711048CE
:10E5F000F7F7C1F910BD00007B22526563656976AB
:10E6000065223A7B22537461747573223A32367DE7
:10E610002C2254223A7B2254797065223A22536587
:10E620007454696D6544617465227D7D0A00000043
:10E630007C040020780000207B000020600800207F
:10E640007B2254223A7B22537461747573223A31CF
:10E6500032387D7D0A0000007B2254223A7B22530F
:10E660007461747573223A3132397D7D0A0000007D
:10E67000F8B504460D46002210211548F7F7A4FE10
:10E680000120F7F723FC002605E0A05DFFF734FC2E
:10E69000A055701CC6B2AE42F7DB0A202B462246BC
:10E6A000214600900B48F9F74DFE002605E0A05DDD
:10E6B000FFF722FCA055701CC6B2AE42F7DB01206A
:10E6C000F7F704FC012210210148F7F77DFEF8BDA1
:10E6D000000801407408002010B5FEF7EFFF002885
:10E6E00019D06420F7F7F2FB0020FEF7BDFF0CA263
:10E6F00008210020FFF70CF848B10520F7F7E6FBEA
:10E700000AA0FFF75FFE0520F7F7E0FB06E010A088
:10E71000FFF758FE02E00EA0FFF754FE10BD000008
:10E72000426F6F5431323334000000007B22557049
:10E73000646174654669726D77617265223A7B2205
:10E74000537461747573223A32367D0A00000000FA
:10E750007B225570646174654669726D776172657C
:10E76000223A7B22537461747573223A31397D0ADF
:10E77000000000001F1C1F1E1F1E1F1F1E1F1E1F2C
:10E780000000000000000000010203040607080961
:10E790000000000001020304895171F21DCB00004A
:10E7A00000000000000000008D5F307CF05E000083
:10E7B0000000000000000000B22CE4247D90000066
:10E7C0000000000000000000579B07B3A4E9000010
:10E7D0000000000000000000E32F50F2E3D0000032
:10E7E0000000000000000000E9C1254FA07D0000EE
:10E7F0000000000000000000FFFFFFFFFFFF00001F
:10E8000000000000000000000000FF00FF0000000A
:10E81000FF0000007B2243223A7B224944223A2512
:10E82000642C225543223A25642C224770223A2533
:10E83000642C2259223A25642C224D223A25642C3C
:10E840002244223A25642C2248223A25642C226D47
:10E85000223A25642C2253223A25642C2245454D28
:10E86000223A25647D7D0A0088E800080000002027
:10E8700024020000EC59000864E90008240200208A
:10E88000FC2500009CD20008B182023201F2140281
:10E890002503A50A0211301948294B011D1355AF54
:10E8A0001B089D041AAD041AD1041309B01B0821DA
:10E8B000081A650413120114020202164083044070
:10E8C000571D020102034E0E21040309041A8D1381
:10E8D000DD5A1B08D9041A490413015B42085A1077
:10E8E000DC8173B2074B24F4BE120632022A4024A4
:10E8F00013B1AB1408F1AA4C08D3AC3C1A3F101A60
:10E9000041101ABD04C11A91181A81041AA1041ADF
:10E9100071041C090243AB111DC03209046D1A02B7
:10E920000B1305241610010524011009010424020B
:10E9300002052406170107058203081C100904E1DB
:10E94000320A1D070501027B2C07058107110937D3
:10E95000442A40072A8107112B0907440A3B044433
:04E960008100000032
:04000005080058EDAA
:00000001FF
