:020000040800F2
:10580000E02200200159000869980008059000086E
:1058100065980008555A0008F9CE000800000000FD
:10582000000000000000000000000000559F00087C
:10583000075C000800000000639C00088DA10008C0
:105840001B5900081B5900081B5900081B59000868
:105850001B5900081B5900081B5900081B59000858
:105860001B5900081B5900081B5900081B59000848
:105870001B5900081B5900081B5900081B59000838
:105880001B5900081B5900081B5900081B59000828
:1058900041CE00081B5900081B5900081B5900087D
:1058A0001B5900081B5900081B5900081B59000808
:1058B0001B59000855A200081B5900081B59000875
:1058C0001B5900081B5900081B5900081B590008E8
:1058D0001B59000869A6000879A60008C5A600089B
:1058E0001B5900081B5900081B590008DFF80CD091
:1058F00000F06AF800480047F1D70008E0220020D5
:105900000648804706480047FEE7FEE7FEE7FEE759
:10591000FEE7FEE7FEE7FEE7FEE7FEE745A200083A
:10592000ED580008202A04DB203A21FA02F0002179
:10593000704721FA02F3D040C2F12002914008439F
:105940001946704740EA01039B0703D009E008C9E4
:10595000121F08C0042AFAD203E011F8013B00F834
:10596000013B521EF9D27047D2B201E000F8012B80
:10597000491EFBD270470022F6E710B513460A46CF
:1059800004461946FFF7F0FF204610BD421C10F8F0
:10599000011B0029FBD1801A704730B50B46014628
:1059A00000202022012409E021FA02F59D4205D3BE
:1059B00003FA02F5491B04FA02F52844151EA2F168
:1059C0000102F1DC30BD0000064C074D06E0E06846
:1059D00040F0010394E8070098471034AC42F6D336
:1059E000FFF788FFECEC00080CED000870B58C1890
:1059F00010F8015B15F0070301D110F8013B2A11E3
:105A000006D110F8012B03E010F8016B01F8016BCF
:105A10005B1EF9D12B0705D40023521E0DD401F8CB
:105A2000013BFAE710F8013BCB1A921C03E013F894
:105A3000015B01F8015B521EF9D5A142D8D30020C9
:105A400070BD10B5142004F0E9F90321142004F00E
:105A500082FA10BD00BFFEE730B50346042B15D017
:105A600007DC7BB1012B0ED0022B0DD0032B30D1E4
:105A70000BE0202B0BD0212B18D0222B22D0232B54
:105A800027D125E026E025E024E023E022E00020E5
:105A900003E00C5C114D2C54401C0728F9DB00205E
:105AA0000F4C207001200F4C207013E0002003E009
:105AB0000A4C245C0C54401C0728F9DB0020084CDD
:105AC000207007E006480078401C054C207001E07B
:105AD00000E000BF00BF002030BD0000DC0000205F
:105AE00000000020010000200020704710B50022B7
:105AF0000449054804F04BFF0449034804F040FF03
:105B0000002010BD481300209C0A0020600F0020D8
:105B100070B504460D460B4928680860002003E074
:105B2000215C094A1154401C064909688842F7D390
:105B30002146064804F024FF044804F0FDFE00203E
:105B400070BD000028000020880400209C0A00206E
:105B50002DE9F04104460D4600260A48D0F8B872F7
:105B6000D7F8140210B10120BDE8F0812A46214681
:105B7000044804F00CFF034804F08DFF064630464D
:105B8000F2E700009C0A00202DE9F0410746884614
:105B900015460421052000F029F880210A2004F090
:105BA000DAF9002405E0395D092007F0EDFA601C00
:105BB000C4B24445F7DB0321012007F0E5FAFF24D6
:105BC00000BF052004F02AF90646601EC4B21CB1CD
:105BD00006F004000028F4D0222004F01FF92870F9
:105BE000212004F01BF96870BDE8F08170B505460E
:105BF0000C46284604F012F9064626EA0401284617
:105C000007F0C2FA70BD704710B50446022C03DDE0
:105C100007A008F059FD04E01348047013A008F031
:105C200053FD4FF416711F48FFF7A5FE10BD00008D
:105C30007B2252656365697665223A7B22537461E3
:105C4000747573223A31397D2C2243223A7B2254D7
:105C5000797065223A224465766963654D6F6465A3
:105C6000227D7D0A00000000170000207B22526583
:105C70006365697665223A7B225374617475732279
:105C80003A32367D2C2243223A7B225479706522A7
:105C90003A224465766963654D6F6465227D7D0AAD
:105CA000000000008804002072B603E01E2164207A
:105CB00007F07CFDFAE700000021074AD16107499F
:105CC000096941F00401054A11611146096941F071
:105CD0004001116170470000401C0020002002407C
:105CE0000021074AD1610749096941F00201054ACB
:105CF000116111464861096941F040011161704725
:105D0000401C0020002002400022054BDA61054AB9
:105D1000126942F00102034B1A61018070470000D2
:105D2000401C00200020024000201E49C96801F0EC
:105D3000100139B11C49C96941F002011A4AD16107
:105D400040F010001749C96801F0040139B1164943
:105D5000C96941F00101144AD16140F004001149C0
:105D6000C96901F0010169B10F49C96941F0040134
:105D70000D4AD16100BF0B49C96921F00101094AEF
:105D8000D16100BF00BF40F20111884206D1054930
:105D9000C96921F00101034AD16101E00149C860EC
:105DA00000BF704700200240401C002070B5044630
:105DB00000F056FB054609E0601C38B124B100F044
:105DC0004FFB401BA04201D9032070BD1248C068A0
:105DD00000F001000028EFD10F48C06800F020005B
:105DE00020B100BF20200C49C86000BF0A48C0682D
:105DF00000F0100048B90848C06900F0010020B95F
:105E00000548C06800F0040018B1FFF78DFF0120BD
:105E1000DBE70020D9E700000020024070B50A4807
:105E20000468001D0568001D0668344454B108224A
:105E30000649204603F08EF9042204491031284611
:105E400003F088F970BD0000E8F7FF1FC2000020D2
:105E50000146002291F82100022808D0042088631E
:105E600000BF002081F8200000BF012070470868B3
:105E7000006820F00E000B6818600868006820F0C9
:105E800001000B68186091F8403001209840CB6BFE
:105E90005860012081F8210000BF002081F8200017
:105EA00000BF1046E2E7000070B50446002594F8F4
:105EB0002100022803D00420A063012548E02068C7
:105EC000006820F00E00216808602068006820F05B
:105ED0000100216808601F492068884201D1012023
:105EE00026E01C4914312068884201D110201FE0AF
:105EF000184928312068884201D1801518E01549D9
:105F00003C312068884201D1801411E011495031A0
:105F10002068884202D14FF4803009E00D49643195
:105F20002068884202D14FF4801001E04FF0807069
:105F3000084908394860012084F8210000BF00208A
:105F400084F8200000BF606B10B12046616B884769
:105F5000284670BD0800024070B5044600F080FA83
:105F600006462546681C10B104480078054400BF69
:105F700000F076FA801BA842FAD370BDFC00002026
:105F80002DE9F04104460E460127002500BF2648B2
:105F9000007E012802D10220BDE8F08101202249C3
:105FA000087600BF2068022813D14CF25030FFF76A
:105FB000FDFE90BB0120FFF77FFE4CF25030FFF753
:105FC000F5FE07461948006920F0040017490861EA
:105FD00023E04CF25030FFF7E9FEF0B94FF0FF300C
:105FE0003060A56812E02846FFF77AFE4CF2503088
:105FF000FFF7DCFE07460D48006920F002000B4960
:1060000008610FB1356007E005F58065D4E902103D
:1060100001EB8020A842E6D800BF00BF0020024963
:10602000087600BF3846B7E7401C00200020024039
:106030000348006940F08000014908610020704772
:10604000002002402DE9FE4F05468B461746984634
:10605000012600240020029000BF2448007E012871
:1060600002D10220BDE8FE8F01202049087600BF42
:106070004CF25030FFF79AFE064686BB012D02D146
:106080000120029006E0022D02D10220029001E0E0
:106090000420029000241EE02201B946C246484670
:1060A0005146FFF73FFC80B20190022000FB04B094
:1060B00000900199FFF728FE4CF25030FFF776FE72
:1060C00006460B48006920F001000949086106B145
:1060D00004E0601CC4B202988442DDDB00BF00BF54
:1060E00000200249087600BF3046BBE7401C002074
:1060F0000020024000200849096901F0800151B1E7
:106100000649054A5160064951601146096901F086
:10611000800101B101207047002002402301674542
:10612000AB89EFCD2DE9F8470346002294466EE196
:106130004FF0010808FA02F4D1F8008008EA0400E0
:10614000A0427DD1DFF8DCA2D1F80480A8EB0A09D7
:10615000D0453AD014DCB8F1030F50D009DCB8F1C7
:10616000000F31D0B8F1010F1CD0B8F1020F49D1A6
:1061700020E0B8F1110F18D0B8F1120F42D11EE093
:10618000B9F5881F25D006DCB9F5803F20D0B9F5D8
:10619000801F37D11AE0B9F5001F18D0B9F5041FD8
:1061A00030D117E0D1F80CC02DE0D1F80C8008F107
:1061B000040C28E0D1F80C8008F1080C23E0D1F899
:1061C0000C8008F10C0C1EE000BF00BF00BF00BF38
:1061D00000BF00BFD1F80880B8F1000F02D14FF026
:1061E000040C0BE0D1F80880B8F1010F03D14FF097
:1061F000080C1C6102E04FF0080C5C6103E04FF0FA
:10620000000C00E000BF00BFFF2801D8984601E065
:1062100003F104084646FF2802D84FEA820803E04B
:10622000A2F108084FEA88084746D6F800804FF0E8
:106230000F0909FA07F928EA09080CFA07F900E03A
:1062400088E048EA0908C6F80080D1F8048008F020
:106250008058B8F1805F7DD100BFDFF8CC81D8F8DD
:10626000188048F00108DFF8C091C9F81880C846C6
:10627000D8F8188008F00108CDF8008000BF00BFF2
:106280004FEAB9384FEA920958F829504FEA827814
:106290004FEA18794FF00F0808FA09F825EA0805BF
:1062A000DFF88881434502D14FF0000816E0DFF89F
:1062B0008081434502D14FF001080FE0DFF874817F
:1062C000434502D14FF0020808E0DFF86C814345F6
:1062D00002D14FF0030801E04FF004084FEA827941
:1062E0004FEA197908FA09F848EA0505DFF84C8100
:1062F0004FEA920948F82950D1F8048008F4803810
:10630000B8F5803F0AD1DFF83881D8F8008048EA34
:106310000008DFF82C91C9F8008009E0DFF820813F
:10632000D8F8008028EA0008DFF81491C9F8008046
:10633000D1F8048008F40038B8F5003F10D1DFF838
:10634000008108F10408D8F8008048EA0008DFF866
:10635000F09000E05AE009F10409C9F800800DE06E
:10636000DFF8DC8008F10408D8F8008028EA00088B
:10637000DFF8CC9009F10409C9F80080D1F8048055
:1063800008F48018B8F5801F0ED1DFF8B48008F14A
:106390000808D8F8008048EA0008DFF8A49009F15E
:1063A0000809C9F800800DE0DFF8948008F10808BA
:1063B000D8F8008028EA0008DFF8849009F108097D
:1063C000C9F80080D1F8048008F40018B8F5001F5F
:1063D0000ED1DFF86C8008F10C08D8F8008048EA8C
:1063E0000008DFF85C9009F10C09C9F800800DE0A5
:1063F000DFF84C8008F10C08D8F8008028EA000883
:10640000DFF83C9009F10C09C9F80080521CD1F862
:10641000008028FA02F8B8F1000F7FF489AEBDE8D9
:10642000F887000000001110001002400008014031
:10643000000C014000100140001401400800014020
:1064400000040140024693680B400BB1012000E0BC
:10645000002070470AB1016101E00B04036170473D
:106460000148006870470000F400002070B5044641
:106470000CB9012070BD4CF6CC402168086045F293
:10648000555021680860D4E9001048602168A06870
:106490008860FFF7E5FF05460BE0FFF7E1FF401BD3
:1064A000272806D92068C06800F0030008B103203F
:1064B000E0E72068C06800F003000028EDD14AF64C
:1064C000AA20216808600020D4E700000348006883
:1064D000034909780844014908607047F400002026
:1064E000FC00002010B50848006840F01000064984
:1064F0000860032000F0A8F8002000F007F800F082
:106500002BF8002010BD00000020024070B50446AA
:106510000E4800784FF47A71B1FBF0F00C4909682D
:10652000B1FBF0F5284602F068F808B1012070BD13
:10653000102C07D200222146501E00F047F80548D3
:10654000046001E00120F2E70020F0E7FC000020F9
:1065500010010020F800002008B500BF1148806934
:1065600040F001000F4988610846806900F0010091
:10657000009000BF00BF00BF0846C06940F08050D7
:10658000C8610846C06900F08050009000BF00BF9D
:1065900000BF0549486820F0E06040F000704860A6
:1065A00000BF08BD0010024000000140014608463F
:1065B000002809DB00F01F0301229A4043099B00D9
:1065C00003F1E023C3F8002100BF70472DE9F05F1D
:1065D00080460D461646002706F002FE074639465D
:1065E0002A46334601F00700C0F1070ABAF1040F4A
:1065F00002D94FF0040A01E0C0F1070AD14600F1C8
:10660000040ABAF1070F02D24FF0000A01E0A0F12C
:10661000030AD4464FF0010A0AFA09FAAAF1010A5C
:106620000AEA020A0AFA0CFA4FF0010B0BFA0CFB09
:10663000ABF1010B0BEA030B4AEA0B04214640467F
:1066400006F0D6FDBDE8F09F00BF00F00702064B44
:1066500019684FF6FF031940044B0B4343EA02212C
:10666000014B196000BF70470CED00E00000FA0517
:1066700070B505460C4604F08000802808D104F06F
:10668000070000EB800605F1280000EBC60105E0DD
:1066900004EB840605F5B47000EBC6011AB90020BE
:1066A0000873CB8004E0012008730B81180C48812B
:1066B000002070BD704770B504460D4605EB85039C
:1066C00004F1280101EBC3014A692946D4F8E80224
:1066D00004F0E8FC70BD70B504460D4605EB85037B
:1066E00004F5B47101EBC3014A692946D4F8E80204
:1066F00004F058FD70BD70B504460E4606F08000EB
:1067000080280AD106F0070000EB800104F1280080
:1067100000EBC1050120687009E006F0070000EBFE
:10672000800104F5B47000EBC1050020687006F02C
:106730000700287000BF94F8A802012801D10220A8
:1067400070BD012084F8A80200BF2946206805F02A
:10675000B1FB00BF002084F8A80200BF00BFEFE734
:1067600070B504460E4606F00F006168884201D9F4
:10677000012070BD06F0800080280AD106F00700D5
:1067800000EB800104F1280000EBC10501206870D6
:1067900009E006F0070000EB800104F5B47000EB9F
:1067A000C105002068700020A87006F0070028705E
:1067B00000BF94F8A802012801D10220D9E70120E6
:1067C00084F8A80200BF2946206805F0CFFC00BF6E
:1067D000002084F8A80200BF00BFCAE72DE9F041FD
:1067E00005460C46174607F48040002850D028681C
:1067F000B0F85010207801EBC000801C296801F52A
:10680000806131F81000C0F30906A069B04203D3DB
:10681000A069801BA06101E00020A061A069A8B967
:1068200000BF22785200296831F812104BF68F729F
:1068300001EA020080F4005040F4004141F0800180
:1068400023785B002A6822F8131000BF07F040008D
:10685000A8B100BF00BF22785200296831F8121099
:1068600048F68F7201EA020040F4004141F0C00195
:1068700023785B002A6822F8131000BF00BF002EA7
:1068800055D0228961693346286806F0E5FA4EE062
:106890002868B0F85010207801EBC000801D2968EE
:1068A00001F5806131F81000C0F30906A069B0421B
:1068B00003D3A069801BA06101E00020A061A06952
:1068C000A8B900BF22785200296831F812104BF69F
:1068D0008F7201EA020080F4005040F4004141F060
:1068E000800123785B002A6822F8131000BF07F0AC
:1068F0004000A8B900BF00BF22785200296831F8D3
:10690000121048F68F7201EA020040F4004141F093
:10691000C00123785B002A6822F8131000BF00BF73
:106920002EB1628961693346286806F095FA3046CF
:10693000BDE8F0812DE9F04705460C46904608F089
:106940004000002871D02868B0F85010207801EB82
:10695000C000801C296801F5806131F81000C0F387
:106960000907A069B84203D9A069C01BA06101E072
:106970000020A061A06900287ED100BF6078C8B95E
:1069800000BF29682A68B2F85020114422780223F7
:1069900003EBC20201F5806303EB420000BF0288F3
:1069A00048F2FF331A400280028842F4004202801B
:1069B00000BF13E06078012810D100BF28682A6862
:1069C000B2F8502010442278022303EBC20200F5F3
:1069D000806303EB420100220A8000BF00BF00BFBA
:1069E0002968607810BB00BF2B68D5F800C0BCF8E0
:1069F00050C0634494F800C04FF0060909EBCC0C7A
:106A000003F5806909EB4C0000BFB0F800C048F204
:106A1000FF390CEA090CA0F800C0B0F800C04CF433
:106A2000004CA0F800C000BF11E0C0E06078012871
:106A30000DD12868B0F8500001442078062303EBFC
:106A4000C00001F5806303EB40020020108000BF0E
:106A500021782846FFF72FFE08F48040002816D042
:106A600000BF00BF22785200296831F8121048F6A2
:106A70008F7201EA020000E00AE040F4004141F4B4
:106A8000814123785B002A6822F8131000BFCAE115
:106A900008F48040A8B100BF00BF227852002968E6
:106AA00031F8121048F68F7201EA020040F40041FA
:106AB00041F4814223785B00296821F8132000BF4C
:106AC00000BF94F824000128E1D160693844606176
:106AD000E0693844E0612169206A884204D326696C
:106AE000206A801B20620BE0206A20B93E4600200D
:106AF00084F8240004E0002084F82400266A206240
:106B000000BF6078B8BB00BF2A682968B1F8501090
:106B10000A442178022303EBC10102F5806303EBF1
:106B20004101084600BF56B9038848F2FF3C03EA1A
:106B30000C030380038843F40043038019E03E2ED6
:106B40000BD800BF710806F0010303B1491C4FF6D2
:106B5000FF7303EA812303800BE000BF710906F095
:106B60001F0303B9491E4FF4004343EA8123038006
:106B700000BF00BF13E0FFE7607801280FD100BF1E
:106B800028682A68B2F8502010442278022303EBC8
:106B9000C20200F5806303EB42010E8000BF00BF1C
:106BA000B3B222896169286806F085F93BE128685B
:106BB000B0F85010207801EBC000801D296801F565
:106BC000806131F81000C0F30907A069B84203D30F
:106BD000A069C01BA06101E00020A061A06900289D
:106BE0007DD100BF6078C8B900BF29682A68B2F8B3
:106BF000502011442278022303EBC20201F5806386
:106C000003EB420000BF028848F2FF331A400280C3
:106C1000028842F40042028000BF13E0607801283D
:106C200010D100BF28682A68B2F85020104422789A
:106C3000022303EBC20200F5806303EB4201002252
:106C40000A8000BF00BF00BF2968607808BB00BF92
:106C50002B68D5F800C0BCF850C0634494F800C05D
:106C60004FF0060909EBCC0C03F5806909EB4C00E9
:106C700000BFB0F800C048F2FF390CEA090CA0F8D8
:106C800000C0B0F800C04CF4004CA0F800C000BF39
:106C900010E0607801280DD12868B0F85000014458
:106CA0002078062303EBC00001F5806303EB40026C
:106CB0000020108000BF21782846FFF7FCFC08F474
:106CC0008040002816D100BF00BF227852002968FA
:106CD00031F8121048F68F7201EA020000E00AE073
:106CE00040F4004141F4814123785B002A6822F896
:106CF000131000BF97E008F48040A8B900BF00BFA0
:106D000022785200296831F8121048F68F7201EA91
:106D1000020040F4004141F4814123785B002A687D
:106D200022F8131000BF00BF94F8240001287AD184
:106D3000606938446061E0693844E0612169206A33
:106D4000884204D32669206A801B20620BE0206AF7
:106D500020B93E46002084F8240004E0266A002082
:106D6000206284F8240000BF2A68607890BB00BFCE
:106D7000D5F800C02968B1F850108C4421784FF044
:106D8000060909EBC1010CF5806909EB41010846D0
:106D900000BF76B9B0F8009048F2FF3A09EA0A0954
:106DA000A0F80090B0F8009049F40049A0F80090D5
:106DB00020E03E2E0FD800BF710806F00109B9F19E
:106DC000000F00D0491C4FF6FF7909EA8129A0F88D
:106DD00000900FE010E000BF710906F01F09B9F143
:106DE000000F00D1491E4FF4004949EA8129A0F85B
:106DF000009000BF00BF0FE0607801280CD1286828
:106E0000B0F8500002442078062101EBC00002F5E2
:106E1000806101EB40031E8000BFB3B262896169EB
:106E2000286806F048F800BF22785200296831F837
:106E3000121048F6BF7201EA020080F0100080F0E4
:106E4000200040F4004141F0800123785B002A6873
:106E500022F8131000BF0020BDE8F087024601F0C1
:106E6000070000EB800302F5B47000EBC300C069BB
:106E700070472DE9F04705460E4690461F464FF0F5
:106E8000000906F0800080280AD106F0070000EB18
:106E9000800105F1280000EBC1040120607009E0C9
:106EA00006F0070000EB800105F5B47000EBC104AB
:106EB0000020607006F007002070C4F81080E770B2
:106EC000607808B12078E081022F01D10020207184
:106ED00000BF95F8A802012802D10220BDE8F08782
:106EE000012085F8A80200BF2146286804F0B8FDFB
:106EF00000BF002085F8A80200BF4846EEE72DE954
:106F0000F04105460E461746984606F0070000EB8E
:106F1000800105F5B47000EBC1046761C4F8188006
:106F20000020E061607006F00700207006F00700A6
:106F300020B92146286805F0B4F903E02146286805
:106F400005F0AFF90020BDE8F08170B504460D46AC
:106F500005F007006168884201D9012070BD05F085
:106F6000800080280AD105F0070000EB800104F1C1
:106F7000280000EBC1060120707007E005EB8501D9
:106F800004F5B47000EBC106002070700120B070F1
:106F900005F00700307000BF94F8A802012801D165
:106FA0000220DBE7012084F8A80200BF31462068F8
:106FB00005F049F905F0070020B904F52C712068A7
:106FC00005F0D1F800BF002084F8A80200BF00BF80
:106FD000C4E72DE9F04105460E4690461F4606F0EF
:106FE000070000EB800105F1280000EBC104C4F8A4
:106FF0001480A761012084F8240027620020E0614A
:107000000120607006F00700207006F0070020B92C
:107010002146286805F045F903E02146286805F077
:1070200040F90020BDE8F0817FB50446206805F0F6
:107030000FFF00F40040B0F5004F02D1204602F0EF
:1070400017FC206805F004FF00F48060B0F5806F45
:107050000FD12068B0F844004FF6FF310840216896
:10706000A1F84400204600F09FF90021204600F0DE
:10707000BBF9206805F0ECFE00F48040B0F5804FCD
:1070800008D12068B0F844004BF6FF710840216831
:10709000A1F84400206805F0DBFE00F40050B0F5D4
:1070A000005F08D12068B0F844004DF6FF71084039
:1070B0002168A1F84400206805F0CAFE00F4805061
:1070C000B0F5805F1DD12068B0F840004FF6FB712D
:1070D00008402168A1F840002068B0F840004FF651
:1070E000F77108402168A1F84000204600F06EF9D1
:1070F0002068B0F844004EF6FF7108402168A1F8FE
:107100004400206805F0A4FE00F40060B0F5006FB4
:1071100055D1002507E06900206830F811002DF8EE
:107120001500681CC5B2082DF5D32068B0F84000E2
:1071300040F001002168A1F840002068B0F840004C
:107140004FF6FE7108402168A1F8400000BF20689A
:10715000B0F8440000F480600028F8D02068B0F84F
:1071600044004FF6FF3108402168A1F84400002593
:1071700007E03DF815006A00216821F81200681C3C
:10718000C5B2082DF5D32068B0F8400040F00800E3
:107190002168A1F840002068B0F844004FF2FF7168
:1071A00008402168A1F844002068B0F8400040F091
:1071B00004002168A1F84000204600F057F920683B
:1071C00005F046FE00F40070B0F5007F0BD120689A
:1071D000B0F844004FF6FF5108402168A1F8440080
:1071E000204600F0FAF8206805F032FE00F48070C6
:1071F000B0F5807F08D12068B0F844004FF6FF61F9
:1072000008402168A1F844007FBD30B585B0044630
:1072100014B9012005B030BD94F8A90228B90020A6
:1072200084F8A802204600F09DF8032084F8A90203
:10723000206804F08EFF142204F110016846FEF766
:1072400081FB94E80F0004F031FE20B1022084F8A5
:10725000A9020120DEE70021206805F022FE0025BA
:1072600031E0012105EB850204F1280000EBC200AA
:10727000417005EB850104F1280000F8315005EB61
:10728000850100EBC100C581002105EB850204F1F9
:10729000280000EBC200C17005EB850204F1280054
:1072A00000EBC200016105EB850204F1280000EB50
:1072B000C200416105EB850204F1280000EBC20029
:1072C0008161681CC5B26068A842CAD800252AE05E
:1072D000002105EB850204F5B47000EBC20041709B
:1072E00005EB850104F5B47000F83150002105EB81
:1072F000850200EBC200C17005EB850204F5B47095
:1073000000EBC200016105EB850204F5B47000EBEF
:10731000C200416105EB850204F5B47000EBC200C8
:107320008161681CC5B26068A842D1D8142204F1FA
:1073300010016846FEF706FB94E80F0004F0FEFE1D
:1073400020B1022084F8A902012063E7002084F81C
:107350002400012084F8A902206804F0ECFE00203B
:1073600058E7000038B504460D492068884215D119
:1073700000BF0C48C06940F400000A49C8610846D3
:10738000C06900F40000009000BF00BF0022114659
:107390001420FFF71BF91420FFF708F938BD00008F
:1073A000005C00400010024070B504460125A06852
:1073B000022801D0FEF778FC2946D4F8E80204F050
:1073C00025F8D4F8E80203F0D7FF70BD10B50446E5
:1073D000D4F8E80203F0FEFF10BD10B50446D4F85F
:1073E000E80204F002F810BD70B504460D4600BF77
:1073F00094F8A802012801D1022070BD012084F870
:10740000A80200BF84F824502946206805F04CFDEE
:1074100000BF002084F8A80200BF00BFEDE710B550
:10742000044604F52C71D4F8E80204F006F810BD07
:1074300010B5044600BF94F8A802012801D102202B
:1074400010BD012084F8A80200BF206805F0EEFC02
:1074500001212046FFF72EF9206804F069FE00BFE5
:10746000002084F8A80200BF00BFE9E710B5044679
:10747000D4F8E80204F03AF8A06928B1034800689B
:1074800040F006000149086010BD000010ED00E06A
:10749000012001490862704700000E422DE9F043C7
:1074A00085B006463BA30FCB01AC0FC43DA00068DE
:1074B00000904FF00008002500270024A146012E6F
:1074C00030D0022E55D0102E5ED137484468006867
:1074D00000F0807000B301A8C4F38341475C04F45A
:1074E000803070B130484068C0F340401DF80080E3
:1074F00004F4803040B12D48B0FBF8F000FB07F5F4
:1075000002E02B4807FB00F52748406800F48000A4
:10751000B0F5800F01D1A94603E068000321B0FB5C
:10752000F1F932E02048046A04F44070B0F5807F3D
:1075300005D104F0020010B14FF4004918E004F442
:107540004070B0F5007F07D11748406A00F0020094
:1075500010B149F640490BE004F44070B0F5407FAB
:1075600006D11148006800F4003008B14FF22449F8
:107570000BE000F09BF90C494968C1F38131491CCB
:107580004900B0FBF1F900E000BF00BF484605B07C
:10759000BDE8F08302030405060708090A0B0C0D79
:1075A0000E0F1010010200000010024000127A00BD
:1075B00000093D00F8B5044600260025207800F0BB
:1075C000010000286BD000274348C06900F08050BC
:1075D00070B900BF4048C06940F080503E49C86162
:1075E0000846C06900F08050009000BF00BF01272E
:1075F0003A48006800F48070B0B93848006840F438
:10760000807036490860FEF72BFF064606E0FEF75D
:1076100027FF801B642801D90320F8BD2F4800688C
:1076200000F480700028F2D02B48006A00F4407506
:107630002DB3A08800F44070A84220D02648006AEC
:1076400020F4407501202649086000200860224887
:10765000056205F0010090B1FEF702FF064608E062
:10766000FEF7FEFE801B41F28831884201D90320DB
:10767000D3E71948006A00F002000028F0D016484D
:10768000006A20F440706168084313490862012FC2
:1076900004D10846C06920F08050C86100BF20783E
:1076A00000F00200022807D10B48406820F4404057
:1076B000A168084308494860207800F010001028AD
:1076C00007D10548406820F48000E168084302497A
:1076D00048600020A1E70000001002400070004058
:1076E000400442427047000070B504460D460CB994
:1076F000012070BD5A48006800F00700A8420ED271
:107700005748006820F0070028435549086008469C
:10771000006800F00700A84201D00120E9E72078C6
:1077200000F0020002281DD1207800F00400042897
:1077300005D14C48406840F4E0604A4948602078F0
:1077400000F00800082805D14648406840F4605021
:10775000444948604348406820F0F000A16808436D
:1077600040494860207800F0010078B36068012843
:1077700006D13C48006800F4003090B90120B8E719
:107780006068022806D13748006800F0007040B9F0
:107790000120AEE73348006800F0020008B901207C
:1077A000A7E73048406820F00300616808432D498E
:1077B0004860FEF755FE064609E0FEF751FE801BC5
:1077C00041F28831884202D9032092E707E0254838
:1077D000406800F00C006168B0EB810FEDD12048EB
:1077E000006800F00700A8420ED91D48006820F08C
:1077F000070028431A4908600846006800F007009F
:10780000A84201D0012074E7207800F00400042889
:1078100007D11448406820F4E060E168084311494A
:107820004860207800F00800082808D10D4840681A
:1078300020F46050216940EAC1000A49486000F024
:1078400045F808494968C1F30311074A515CC8402B
:107850000649086006480068FEF758FE002048E721
:10786000002002400010024010EC0008100100202F
:10787000F800002001200149C8647047000042421E
:1078800001480068704700001001002000B5FFF7B4
:10789000F7FF04494968C1F30221034A515CC8401B
:1078A00000BD00000010024020EC000800B5FFF70A
:1078B000E7FF04494968C1F3C221034A515CC8404B
:1078C00000BD00000010024020EC0008F0B585B0BB
:1078D0000FF26C0C9CE8E01001A8A0E8E0101CA5D9
:1078E0002D68009500210022002300240020194D5E
:1078F000696801F00C05F5B1042D02D0082D19D1ED
:1079000001E0154819E001ADC1F38346AC5D01F417
:10791000803555B10F4D6D68C5F340451DF8052004
:107920000D4D6543B5FBF2F302E00C4D04FB05F38E
:10793000184602E000BF084800BF00BF05B0F0BD18
:1079400002030405060708090A0B0C0D0E0F1010A0
:10795000010200000010024000127A0000093D0000
:1079600010B50648806800F08000802804D1FFF739
:10797000B9FE80200149887210BD0000001002404D
:10798000F8B504460CB90120F8BD207800F00100DC
:10799000002878D0F848406800F00C0004280CD08B
:1079A000F548406800F00C00082811D1F248406802
:1079B00000F48030B0F5803F0AD1EF48006800F451
:1079C000003000285FD0606800285CD10120DBE730
:1079D00000BF6068B0F5803F06D1E748006840F41A
:1079E0008030E549086028E0606858B9E2480068DE
:1079F00020F48030E04908600846006820F48020C8
:107A000008601AE06068B0F5A02F0BD1DA48006872
:107A100040F48020D84908600846006840F480306F
:107A200008600AE0D448006820F48030D249086039
:107A30000846006820F48020086000BF606888B1B4
:107A4000FEF70EFD054606E0FEF70AFD401B642822
:107A500001D9032098E7C848006800F400300028E6
:107A6000F2D010E0FEF7FCFC054606E0FEF7F8FC5D
:107A7000401B642801D9032086E7BF48006800F452
:107A800000300028F2D1207800F00200022857D1FF
:107A9000B948406800F00C0050B1B748406800F0A9
:107AA0000C00082818D1B448406800F4803098B918
:107AB000B148006800F0020020B12069012801D01F
:107AC000012061E7AC48006820F0F800616940EAF5
:107AD000C100A949086033E02069E8B10120A74945
:107AE0000860FEF7BDFC054606E0FEF7B9FC401B4A
:107AF000022801D9032047E79F48006800F00200F0
:107B00000028F2D09C48006820F0F800616940EA43
:107B1000C1009949086013E0002098490860FEF709
:107B20009FFC054606E0FEF79BFC401B022801D99E
:107B3000032029E79048006800F002000028F2D1F5
:107B4000207800F0080008282DD1A069B8B10120E4
:107B50008B490860FEF784FC054606E0FEF780FCD2
:107B6000401B022801D903200EE78348406A00F039
:107B700002000028F2D0012002F084F813E0002077
:107B80007F490860FEF76CFC054606E0FEF768FCDE
:107B9000401B022801D90320F6E67748406A00F02E
:107BA00002000028F2D1207800F00400042873D1EC
:107BB00000277148C06900F0805070B900BF6E485E
:107BC000C06940F080506C49C8610846C06900F047
:107BD0008050009000BF00BF01276A48006800F491
:107BE0008070B0B96748006840F4807065490860EB
:107BF000FEF736FC054606E0FEF732FC401B642823
:107C000001D90320C0E65F48006800F480700028B6
:107C1000F2D000BFE068012806D15748006A40F062
:107C200001005549086227E0E06858B95248006AE7
:107C300020F00100504908620846006A20F0040064
:107C4000086219E0E06805280BD14B48006A40F053
:107C50000400494908620846006A40F001000862D1
:107C60000AE04548006A20F00100434908620846DE
:107C7000006A20F00400086200BFE068A0B1FEF7CF
:107C8000EFFB054609E0FEF7EBFB401B41F28831B4
:107C9000884202D9032077E622E03748006A00F0E4
:107CA00002000028EFD012E0FEF7DAFB054608E0FC
:107CB000FEF7D6FB401B41F28831884201D90320F0
:107CC00062E62D48006A00F002000028F0D1012F82
:107CD00005D12948C06920F080502749C86100BFFC
:107CE000E069C8B32448406800F00C00082860D060
:107CF000E069022848D1002020490866FEF7B0FB61
:107D0000054606E0FEF7ACFB401B022801D9032024
:107D10003AE61948006800F000700028F2D1206AA5
:107D2000B0F5803F07D11448406820F40030A168C6
:107D3000084311494860D4E9080108430E494968DD
:107D400021F4741108430C49486001200B4908666E
:107D5000FEF786FB054607E03DE0FEF781FB401B92
:107D6000022801D903200FE60348006800F00070E4
:107D70000028F2D02FE00000001002400000424234
:107D80008004424200700040002014490866FEF75B
:107D900067FB054606E0FEF763FB401B022801D99E
:107DA0000320F1E50E48006800F000700028F2D1D1
:107DB00011E0E069012800D1E6E50948466806F4CB
:107DC0008031206A814204D106F47011606A8142D8
:107DD00001D00120D8E50020D6E500000000424295
:107DE000001002402DE9F04780460E4692460025DD
:107DF00000270024A146404601F09DFF814625480A
:107E0000B9FBF0F424480068A04240D02248046046
:107E100040F2B2750EE0284605F0B4FB012806D109
:107E2000B4F5B77F02D3A4F5B77402E005E0A4F27D
:107E30006D146D1CB4F5B67FEDD800BF2F46A5F5C7
:107E4000FA60F070002515E0012D09D1384605F0E3
:107E500099FB012804D11D2C01D31D3C09E00BE046
:107E60000E48405DA04203D80C48405D241A00E053
:107E700002E06D1C1C2CE7D200BF681C7070601CF7
:107E8000B070B2787178F07801F06FFF3070002038
:107E9000BDE8F087805101000C01002004EC0008CF
:107EA0002DE9F04707460C4691460026B0460025CE
:107EB00038684068C0F3800010B10120BDE8F08749
:107EC000384601F038FF06464FF46160B6FBF0F526
:107ED000B6FBF0F100FB11603C21B0FBF1F06070EB
:107EE0004FF46160B6FBF0F100FB11603C21B0FB88
:107EF000F1F201FB1200A0701820B5FBF0F100FBBD
:107F000011502070182D08D31820B5FBF0F8B5FBE0
:107F1000F0F100FB1150207000E025700020CDE74B
:107F200070B5044600250CB9012070BD607C20B9F5
:107F300000202074204600F05BF802206074204688
:107F400000F085F918B1042060740120EDE72046A7
:107F500001F0B7FE18B1042060740120E5E7206845
:107F6000406820F0070021684860A06828B11F48D9
:107F7000006820F001001D4908601C48001F0068CF
:107F800020F46070A16808431849091F0860606800
:107F9000401C08B1656809E00120FFF77FFA05463B
:107FA0001DB9042060740120BFE76D1E2068806841
:107FB00020F00F0040EA1540216888602068C06802
:107FC00065F30F002168C860204601F097FE18B1E4
:107FD000042060740120A8E70021E173012161738E
:107FE000A1730120607400209FE70000306C004006
:107FF00038B504460B492068884212D1FFF748FA89
:1080000000BF0948C06940F000600749C8610846E0
:10801000C06900F00060009000BF00BF012003496C
:10802000086038BD00280040001002403C04424275
:108030002DE9F04F87B006460F464FF000090020AB
:10804000069080460024059004900390824600BF6D
:1080500048A207CA8DE80700304601F06CFE814651
:108060004FF46160B9FBF0F006904FF46160B9FB2A
:10807000F0F100FB11903C21B0FBF1F0C0B2049094
:108080004FF46160B9FBF0F100FB11903C21B0FBB3
:10809000F1F201FB1200039018210698B0FBF1F2F7
:1080A00001FB12000590F87800F5FA6840F63300FD
:1080B000804500D9804640F2B270804500D28046AB
:1080C00040F2B2750AE0284605F05CFA012802D1B8
:1080D0002B48044401E02B4804446D1C4545F2D371
:1080E00097F801A0404605F04DFA012804D1BAF1F5
:1080F000020F01D924480444AAF1010A002507E02F
:108100001DF8050040F2A321484304EBC0146D1C88
:108110005545F5D397F802B0ABF1010040F2A32129
:10812000484304EBC0140598C0EB4011C1EB00209C
:1081300004EB00140498C0EB001004EB80040398D7
:10814000044400BF307C012803D1022007B0BDE801
:10815000F08F0120307400BF022070742146304639
:1081600001F045FE0120707400BF0020307400BF94
:1081700000BFEBE71F1C1F1E1F1E1F1F1E1F1E1F01
:108180000085E2018033E101805101002DE9F05FBB
:1081900004460D46904600260027B146B2462046CA
:1081A00001F0C9FD07464FF46160B7FBF0F9B9F182
:1081B000180F0AD31820B9FBF0FA0AEB4A00C000E6
:1081C0004FF4616100FB01F700E0002700BF207C55
:1081D000012802D10220BDE8F09F0120207400BFD9
:1081E00002206074B8F1000F0BD128784FF4616160
:1081F00048436978C1EB011100EB8100A97846186A
:1082000012E0287801F052FD4FF4616100FB01FBA0
:10821000687801F04BFDC0EB00100BEB800BA878E9
:1082200001F044FD0BEB00063E443146204601F0D0
:10823000DEFD2068406820F00500216848600120CC
:10824000607400BF0020207400BF00BFC3E770B59A
:10825000044600250CB9012070BD2068406820F05C
:10826000080021684860FEF7FBF8054607E0FEF7C6
:10827000F7F8401BB0F57A7F01D90320ECE72068BE
:10828000406800F008000028F1D00020E4E710B5B5
:1082900004460CB9012010BD606A38B96068B0F5B9
:1082A000827F00D105E00021E16102E0002121612F
:1082B00061610021A16294F8510028B9002084F87E
:1082C0005000204600F042F8022084F85100206857
:1082D000006820F0400021680860A08800F48270E7
:1082E000218901F404410843A18901F40061084394
:1082F000217C01F002010843217D01F001010843C6
:10830000218B01F400710843217F01F038010843FB
:108310002021095D01F080010843218D01F4005105
:108320000843216808600421A06901EA104021681F
:1083300048602068C06920F400602168C86100209E
:108340006065012084F851000020A4E710B586B0D4
:10835000044600200290039004900590194920687B
:1083600088422DD100BF1848806940F480501649DA
:1083700088610846806900F48050019000BF00BF0A
:1083800000BF0846806940F00400886108468069A3
:1083900000F00400019000BF00BFA0200290022066
:1083A00003900320059002A90848FDF7BBFE40207A
:1083B000029000200390049002A90448FDF7B2FE49
:1083C00006B010BD0030014000100240000801401E
:1083D0002DE9FF5F0446884691461D460E9E01200A
:1083E00002900020019000BF94F85000012803D1B2
:1083F000022004B0BDE8F09F012084F8500000BFC7
:10840000FEF72EF8074694F851B060680390AA462C
:10841000BBF1010F0BD00398B0F5827F04D1A068A7
:1084200010B9BBF1040F02D002200190DBE0B8F1DB
:10843000000F03D0B9F1000F00D015B90120019051
:10844000D1E094F85100042802D0052084F85100AE
:1084500000206065C4F83890E587A587C4F83080AF
:10846000E586A586206460642068006800F040000E
:10847000402805D02068006840F04000216808606E
:10848000E068B0F5006F4AD1606810B1BAF1010F31
:1084900009D1206B00882168C860206B801C206394
:1084A000E08E401EE08633E02068806800F0020025
:1084B000022810D1E08E70B1029801280BD1206BF8
:1084C00000882168C860206B801C2063E08E401EFD
:1084D000E086002002902068806800F0010068B10A
:1084E000E08F58B12068C068A16B0880A06B801C29
:1084F000A063E08F401EE08701200290FDF7B0FFEF
:10850000C01BB04204D3701C10B1032001906AE07C
:10851000E08E0028C8D1E08F0028C5D14AE060680D
:1085200010B1BAF1010F09D1206B007821680873EE
:10853000206B401C2063E08E401EE08634E0206803
:10854000806800F00200022810D1E08E70B102981D
:1085500001280BD1206B007821680873206B401C28
:108560002063E08E401EE086002002902068806834
:1085700000F0010068B1E08F58B12068C068A16BBD
:108580000870A06B401CA063E08F401EE0870120B4
:108590000290FDF765FFC01BB04201D3701C00B90B
:1085A00016B9032001901EE0E08E0028C7D1E08FAD
:1085B0000028C4D13A463146204601F04BFC20B198
:1085C00001200190202060650DE0A06850B900BF37
:1085D000002000902068C0680090206880680090AB
:1085E00000BF00BF00BF012084F8510000BF002081
:1085F00084F8500000BF0198FBE670B5044625469C
:10860000681EB0F1807F01D301200FE0681E4FF09B
:10861000E02148610F214FF0FF3004F0E9FD002018
:108620004FF0E021886107200861002070BD70478D
:108630007047000030B502460B4600BF92F83C0080
:10864000012801D1022030BD012082F83C0000BF8A
:10865000022082F83D00106844681068816824F0A8
:1086600070041868044310684460104D1068A842F4
:108670000BD01068B0F1804F07D00D4D1068A842A4
:1086800003D00C4D1068A84205D121F08001586834
:10869000014310688160012082F83D0000BF002086
:1086A00082F83C0000BF00BFCDE70000002C014075
:1086B000000400400008004010B504460CB9012039
:1086C00010BD94F83D0028B9002084F83C002046F5
:1086D00000F026F8022084F83D00211D206801F0FA
:1086E000C3FD012084F8460000BF84F83E0001214C
:1086F0003F200155402001554120015500BF00BFDA
:10870000012084F8420043200155442001554520B2
:10871000015500BF012084F83D000020D0E7000093
:1087200038B504461A492068884216D100BF194856
:10873000C06940F002001749C8610846C06900F0EE
:108740000200009000BF00BF002211461D20FDF76F
:108750003DFF1D20FDF72AFF19E02068B0F1804F92
:1087600015D100BF0B48C06940F001000949C8613C
:108770000846C06900F00100009000BF00BF02225F
:1087800011461C20FDF722FF1C20FDF70FFF38BD0E
:108790000004004000100240014691F83D0001280D
:1087A00001D001207047022081F83D00124B08687B
:1087B00098420BD00868B0F1804F07D00F4B086883
:1087C000984203D00E4B086898420CD10868806824
:1087D00000F00702062A0CD00868006840F001008B
:1087E0000B68186005E00868006840F001000B683D
:1087F00018600020D6E70000002C01400004004073
:10880000000800402DE9F04104460D4600BF94F8F1
:108810003C00012802D10220BDE8F081012084F84B
:108820003C0000BF022084F83D002068866826F0E6
:10883000770626F47F46206886602868502833D063
:108840000CDC202850D004DC00284BD0102851D15B
:1088500049E0302849D040284CD139E060282DD05B
:10886000702807D0B0F5805F03D0B0F5005F41D12C
:108870000DE040E0D5E902136A68206801F02EFDA2
:108880002068866846F077062068866033E0D5E980
:1088900002136A68206801F021FD2068806840F4B6
:1088A00080402168886026E0EA686968206801F0F5
:1088B00029FD5021206801F01CFD1CE0EA68696870
:1088C000206801F032FD6021206801F012FD12E005
:1088D000EA686968206801F015FD4021206801F010
:1088E00008FD08E000BF00BF00BF2968206801F054
:1088F00000FD00E000BF00BF012084F83D0000BF84
:10890000002084F83C0000BF00BF85E7704710B529
:10891000044620680069C0F34000D8B12068C068F0
:10892000C0F34000B0B16FF002002168086101207F
:1089300020772068806900F0030018B12046FFF717
:10894000E5FF05E0204600F0ADF8204600F0ABF86A
:108950000020207720680069C0F38000D8B120682B
:10896000C068C0F38000B0B16FF0040021680861F6
:10897000022020772068806900F4407018B12046FA
:10898000FFF7C4FF05E0204600F08CF8204600F019
:108990008AF80020207720680069C0F3C000D8B1B1
:1089A0002068C068C0F3C000B0B16FF00800216853
:1089B0000861042020772068C06900F0030018B126
:1089C0002046FFF7A3FF05E0204600F06BF82046A5
:1089D00000F069F80020207720680069C0F30010DB
:1089E000D8B12068C068C0F30010B0B16FF01000BB
:1089F00021680861082020772068C06900F4407071
:108A000018B12046FFF782FF05E0204600F04AF843
:108A1000204600F048F8002020772068006900F028
:108A2000010058B12068C06800F0010030B16FF05B
:108A3000010021680861204600F036F820680069CE
:108A4000C0F3C01058B12068C068C0F3C01030B186
:108A50006FF08000216808612046FFF7E8FD20687C
:108A60000069C0F3801058B12068C068C0F380105E
:108A700030B16FF0400021680861204600F020F816
:108A800020680069C0F3401058B12068C068C0F386
:108A9000401030B16FF02000216808612046FFF7D8
:108AA000C7FD10BD7047704710B5044603492068E4
:108AB000884201D101F06EFA10BD000000040040B0
:108AC00070477047704700002DE9F84F0446206852
:108AD00005682068C668206847694FF00009CA46E3
:108AE00005F00F09B9F1000F0AD105F0200038B1E7
:108AF00006F0200020B1204601F060FCBDE8F88FB0
:108B0000B9F1000F71D007F0010018B906F49070A8
:108B100000286AD005F0010030B106F4807018B169
:108B2000206C40F00100206405F0040030B107F033
:108B3000010018B1206C40F00200206405F0020032
:108B400030B107F0010018B1206C40F0040020643F
:108B500005F0080048B106F0200010B907F0010048
:108B600018B1206C40F008002064206C68B305F058
:108B7000200028B106F0200010B1204601F01EFCB4
:108B800020684069C0F3801A206C00F0080010B91A
:108B9000BAF1000F22D0204601F0E5FB20684069C1
:108BA00000F04000B0B12068406920F0400021682A
:108BB0004861A06B50B15648A16B4863A06BFDF7AC
:108BC00073F910B1A06B416B88470CE02046FFF7AA
:108BD00079FF08E02046FFF775FF04E02046FFF725
:108BE00071FF0020206489E7FFE7206B012878D11E
:108BF00005F01000002874D006F01000002870D096
:108C000000BF002000902068006800902068406845
:108C1000009000BF00BF2068406900F04000C0B372
:108C2000A06B006840681FFA80F8B8F1000F2FD0E1
:108C3000A08D40452CDDA4F82E80A06B80692028F3
:108C40001FD02068C06820F480702168C860206848
:108C5000406920F00100216848612068406920F0E7
:108C6000400021684861202084F83E0000202063F5
:108C70002068C06820F010002168C860A06BFDF774
:108C8000E7F8A08DE28D801A81B22046FFF719FF28
:108C900034E7FFE7A08DE18D401A1FFA80F8E08DE0
:108CA000E8B1B8F1000F1AD02068C06820F49070C5
:108CB0002168C8602068406920F00100216848618F
:108CC000202084F83E00002020632068C06820F047
:108CD00010002168C86041462046FFF7F2FE0DE70C
:108CE000FFE705F0800030B106F0800018B12046A3
:108CF00001F054FC02E705F0400030B106F04000FE
:108D000018B1204601F04AFBF8E600BFF6E6000085
:108D100053A3000810B504460CB9012010BDA0698A
:108D200000B100E000BF94F83D0028B9002084F8AD
:108D30003C00204600F028F8242084F83D002068FC
:108D4000C06820F400502168C860204601F0A8FBEC
:108D50002068006920F4904021680861206840691B
:108D600020F02A00216848612068C06840F4005063
:108D70002168C86000202064202084F83D0084F829
:108D80003E000020CAE7000010B586B0044600206F
:108D900002900390049005905D49206888423FD17D
:108DA00000BF5C48806940F480405A4988610846A9
:108DB000806900F48040019000BF00BF00BF0846FA
:108DC000806940F0080088610846806900F008006A
:108DD000019000BF00BF40200290022003900320BA
:108DE000059002A94C48FDF79DF9802002900020D3
:108DF0000390049002A94848FDF794F900BF474941
:108E0000486840F0E06040F00400486000BF002285
:108E100011462520FDF7DAFB2520FDF7C7FB75E09D
:108E20003F492068884236D100BF3A48C06940F4C3
:108E300000303849C8610846C06900F4003001902C
:108E400000BF00BF00BF0846806940F00400886191
:108E50000846806900F00400019000BF00BF0420B4
:108E60000290022003900320059002A92D48FDF7EF
:108E700059F90820029000200390049002A9294883
:108E8000FDF750F9002211462620FDF79FFB262012
:108E9000FDF78CFB3AE024492068884236D100BFB8
:108EA0001C48C06940F480201A49C8610846C0695E
:108EB00000F48020019000BF00BF00BF0846806919
:108EC00040F0080088610846806900F008000190C1
:108ED00000BF00BF081502900220039003200590F8
:108EE00002A90D48FDF71EF94FF400600290002022
:108EF0000390049002A90848FDF714F900221146D6
:108F00002720FDF763FB2720FDF750FB06B010BDBF
:108F10000038014000100240000C014000000140F8
:108F200000440040000801400048004070472DE91F
:108F3000F84F04460E46174699464FF0000A94F83B
:108F40003D0020285AD106B117B90120BDE8F88F9D
:108F500000BF94F83C00012801D10220F6E701206F
:108F600084F83C0000BF00202064212084F83D00EC
:108F7000FDF776FA8246A784E784A068B0F5805FA3
:108F800004D1206910B90025B04602E035464FF003
:108F9000000800BF002084F83C0000BF1BE05346DF
:108FA000002280212046CDF8009001F027FB08B177
:108FB0000320CBE745B9B8F80000C0F308002168EA
:108FC000486008F1020803E02878216848606D1CB9
:108FD000E08C401EE084E08C0028E0D15346002263
:108FE00040212046CDF8009001F008FB08B1032095
:108FF000ACE7202084F83D000020A7E70220A5E789
:109000007047000006E004A005F05EFBFE210A2088
:1090100004F0CCFBF7E700007B22526563697665BC
:10902000223A7B22537461747573223A37307D7D06
:109030000A00000030B59DB004460D467022284954
:1090400001A8FCF77FFC332D37D006DC102D0BD0A8
:10905000122D3AD0142D40D117E0352D1DD0372DCB
:109060000BD0392D39D120E0A006010E1D4B01AAED
:10907000602000F0B3F81DB030BDA006010E194B02
:1090800005AA612000F0AAF8F5E7A006010E154B2D
:1090900009AA602000F0A2F8EDE7A006010E114B2E
:1090A0000DAA612000F09AF8E5E7A006010E0D4B2D
:1090B00011AA612000F092F8DDE7A006010E094B2D
:1090C00015AA612000F08AF8D5E7A006010E054B2D
:1090D00019AA602000F082F8CDE70120CBE700005C
:1090E00028EC0008D01C002070B504460D46294627
:1090F000204600F0F5F870BD70B505460026002446
:1091000004E000200E490855601CC4B20A2CF8DBAC
:109110000B4800F09AF808B14E2070BD084800F0E6
:1091200018F908B94E20F8E7002404E00448005D6F
:109130002855601CC4B2042CF8DB0020EDE70000C9
:10914000D01C002070B504460D462946204600F08C
:10915000BEF970BD30B50B46002100BF16E00A24F1
:10916000B4EB107F05D9302404EB107403F81140E0
:1091700005E0412404EB10740A3C03F8114000019F
:1091800000254C00641C1D554C1CE1B29142E6DBED
:1091900030BD2DE9FC410446002700210D2003F0DD
:1091A000F3FF932020702020607001A82346022244
:1091B000214600900C2000F0F9F806465EB9002523
:1091C00003E0605D4740681CC5B2042DF9DB605DBB
:1091D000B84200D002263046BDE8FC812DE9F043BC
:1091E00085B006460F46904699468DF804608DF886
:1091F0000570002406E018F8041001AAA01C115400
:10920000601CC4B2062CF6DB002407E019F8041039
:1092100001AA04F108001154601CC4B2042CF5DB4F
:1092200004A801AB0C2201A900900E2000F0BEF8AA
:1092300005462DB9082000F0F1FD00F0080000B946
:109240000225284605B0BDE8F08370B50446082124
:109250000846FCF7CBFC2146522000F05CF805469E
:109260001DB92046FFF795FF0546284670BD000052
:1092700010B5012210211848FDF7ECF80022012159
:109280001648FDF7E7F80120FCF766FE01221146BB
:109290001248FDF7DFF80120FCF75EFE00F053F8FE
:1092A0008D212A2003F070FF3E212B2003F06CFF5C
:1092B0001E212D2003F068FF00212C2003F064FF05
:1092C0004021152003F060FF3D21112003F05CFFD9
:1092D000FCF7B7FB10BD000000080140000C014086
:1092E0007CB505460C46302020706570A21C02211A
:1092F0002046FCF749FC01A82346042221460090A1
:109300000C2000F053F8064616B90198902800D0BA
:10931000022630467CBD7CB506460C4607210D2052
:1093200003F032FF267001A8234601222146009057
:109330000C2000F03BF8054615B90198102800D024
:10934000022528467CBD10B50F21012003F01CFF2B
:1093500010BDF0B585B0074693208DF8040070204D
:109360008DF80500002405E0395D01AAA01C115408
:10937000601CC4B2052CF7DB0DF10B02072101A81C
:10938000FCF702FC04A801AB092201A900900C2003
:1093900000F00CF805462DB90498182802D19DF864
:1093A000046000E00026304605B0F0BD2DE9FE4F18
:1093B0000646884691469A46DDF830B00220029073
:1093C0000020019000900C2E06D00E2E09D1122004
:1093D00001901020009005E077200190302000904F
:1093E00000E000BF00BF019840F08001022003F0C0
:1093F000CBFE80210420FCF7F9FB80210A2000F03D
:10940000AAFD0021012003F0BFFE002505E018F8A9
:109410000510092003F0B8FE6D1C4D45F7D3314609
:10942000012003F0B1FE0C2E03D180210D2000F0AD
:1094300092FD4FF4FA6500BF042000F0EFFC0446F3
:109440006D1E35B104F0010018B9009820400028C5
:10945000F2D080210D20FCF7C9FB95B3062000F067
:10946000DDFC00F01B0068BB00200290019820404A
:1094700000F0010008B1012002900C2E24D10A2036
:1094800000F0CCFC04460C2000F0C8FC00F00707FC
:109490002FB1601E07EBC000CBF8000002E0E00037
:1094A000CBF8000004B90124102C00DD10240025A5
:1094B00005E0092000F0B2FC0AF805006D1CA54289
:1094C000F7D301E0022002900298BDE8FE8FF0B5CC
:1094D00087B006460F46A0208DF804008DF8056081
:1094E0000DF10602022101A8FCF74EFB06A801AB14
:1094F000042201A900900C20FFF758FF054645B94A
:109500000698042805D19DF8040000F00F000A28F1
:1095100000D002250DBB002404E0385D01A90855E8
:10952000601CC4B2102CF8DB05AA102101A8FCF7BE
:109530002BFB06A801AB122201A900900C20FFF71B
:1095400035FF054645B90698042805D19DF8040065
:1095500000F00F000A2800D00225284607B0F0BD11
:1095600000B585B00020019002900390049000BFE8
:109570002C48806940F010002A49886108468069BB
:1095800000F01000009000BF00BF00BF08468069D7
:1095900040F0200088610846806900F020000090BB
:1095A00000BF00BF00BF0846806940F0040088612A
:1095B0000846806900F00400009000BF00BF00BFB3
:1095C0000846806940F0080088610846806900F01C
:1095D0000800009000BF00BF00224FF4E261124873
:1095E000FCF738FF002201211048FCF733FF4FF44D
:1095F000E26001900120029000200390032004907B
:1096000001A90948FCF78EFD01200190029000207D
:1096100003900220049001A90448FCF783FD05B0E3
:1096200000BD00000010024000080140000C014095
:1096300010B50748074908600620486040F6FF71EA
:1096400004488160FCF712FF08B1FCF72DFB10BD48
:1096500000300040100900201CB50020019000904F
:109660000748084908604FF0FF3048604FF48071A8
:1096700004488160FEF754FC08B1FCF715FB1CBDE3
:10968000002800401C09002010B50F480F49086051
:109690004FF48270486000210C488160C160016114
:1096A00041614FF4007181612821C1610021016293
:1096B00041624FF4005181620921C162FEF7E7FD6A
:1096C00008B1FCF7F1FA10BD00300140300900206C
:1096D00000B587B00020039004900590069001909B
:1096E000029014481449086040F2DB5048600021A1
:1096F000114881600121C160002101618161FEF793
:10970000DBFF08B1FCF7D0FA4FF48050039003A9B7
:109710000948FFF777F808B1FCF7C6FA0020019076
:10972000029001A90448FEF785FF08B1FCF7BCFAD6
:1097300007B000BD000400408809002010B50948AA
:1097400009490860002108488160C16001610C215D
:10975000416100218161C161FFF7DCFA08B1FCF7CA
:10976000A3FA10BD00380140D009002010B50B4805
:109770000B4908604FF4E1304860002108488160DF
:10978000C16001610C21416100218161C161FFF76C
:10979000C1FA08B1FCF788FA10BD0000004400408F
:1097A000140A002010B50B480B4908604FF4E13053
:1097B0004860002108488160C16001610C2141615D
:1097C00000218161C161FFF7A5FA08B1FCF76CFACD
:1097D00010BD000000480040580A00201FB50020BE
:1097E00000900190029003904FF48050009001206F
:1097F0000190022002900320039069461448FCF770
:1098000091FC00224FF480511148FCF723FE6420A4
:10981000FCF7A2FB00220F490F4801F004FC08B13D
:10982000FCF742FA0D490C4801F096FE08B1FCF72E
:109830003BFA0B49084801F09CF808B1FCF734FAF0
:10984000054801F053FF08B1FCF72EFA1FBD0000D8
:10985000000801408C0000209C0A00202401002008
:10986000E400002000BFFEE7FEF77AF800BFFEE745
:109870002DE9F0470546EAE12868B0F844A00AF06F
:109880000F06002E7ED10AF01000B0BB00BF296881
:10989000098848F60F7201EA020040F400412A6884
:1098A000118000BF05F128042868B0F85010207816
:1098B00001EBC000801C296801F5806131F81000BF
:1098C000C0F30900E061E16960690844606100215A
:1098D0002846FCF7F0FE95F824000028CBD0A069BC
:1098E0000028C8D195F8240040F080002968A1F82C
:1098F0004C00002085F82400A9E1FFE705F5B474C9
:109900002868B0F8008008F4006030B32868B0F828
:109910005010207801EBC000801D296801F580619E
:1099200031F81000C0F30900E061A18B8BB2E2882E
:1099300005F52C71286803F08FFA00BF29680988A3
:1099400040F68F7201EA020040F080012A6811801F
:1099500000BF2846FDF763FD79E108F400400028C8
:1099600089D000BF2968098840F68F7201EA020099
:1099700040F080012A68118000BF2868B0F85010BC
:10998000207800E06FE001EBC000801D296801F540
:10999000806131F81000C0F30900E061E06990B126
:1099A000606980B1B4F81CC01FFA8CF3E288616969
:1099B000286803F051FAE169606908446061002198
:1099C0002846FCF788FE2868008800F4006000281C
:1099D00092D100BF2A682968B1F850100A4402F2F7
:1099E0000C41084600BF236953B9038848F2FF3C85
:1099F00003EA0C030380038843F4004303801EE062
:109A000023693E2B0DD800BF23695908237C03F03E
:109A1000010303B1491C4FF6FF7303EA812303805E
:109A20000DE000BF23695909237C03F01F0303B92C
:109A3000491E4FF4004343EA8123038000BF00BF67
:109A400000BF00BF296809884BF68F7201EA020047
:109A500080F4805080F4005040F4004141F08001D7
:109A60002A681180F3E07100286830F8118008F44A
:109A7000004000287ED000BF7200296831F8121023
:109A800040F68F7201EA020040F0800173002A68FC
:109A900022F8131000BF06EB860105F5B47000EB49
:109AA000C104207BB0B92868B0F85010207801EBD1
:109AB000C000801D296801F5806131F81000C0F3F5
:109AC0000907002F5BD0E28861693B46286803F0F4
:109AD000C3F954E0E078022806D1424621462846E0
:109AE000FCF77CFE07464AE000BF00BF2278520028
:109AF000296831F8121048F68F7201EA020040F42A
:109B0000004141F0C00123785B002A6822F813105D
:109B100000BF00BF21784900286830F8110000F428
:109B20008040A8B12868B0F85010207801EBC00040
:109B3000801C296801F5806131F81000C0F3090725
:109B4000EFB1228961693B46286803F085F916E088
:109B50002868B0F85010207801EBC000801D2968FB
:109B600001F5806131F81000C0F309073FB1628947
:109B7000616900E017E03B46286803F06DF9E06991
:109B80003844E061606938446061A06910B12069BF
:109B9000B84204D921782846FCF79DFD03E0214610
:109BA000286802F07EFB08F08000B0B306EB860167
:109BB00005F1280000EBC10400BF7200296831F8EC
:109BC000121048F60F7201EA020040F400417300DF
:109BD0002A6822F8131000BFE078032807D0E07845
:109BE00028B1E07802282DD108F4807050BB286895
:109BF000B0F85010207801EBC000801C296801F5F6
:109C0000806131F81000C0F30909A069484505D901
:109C1000A069A0EB0900A06102E018E00020A061AB
:109C2000A06920B921782846FCF745FD0FE060695E
:109C300048446061E0694844E0612146286802F0D8
:109C400030FB04E0424621462846FCF773FE2868B4
:109C5000B0F8440000F4004000287FF40DAEBDE8E9
:109C6000F087704701B582B06420012301AA02A9E0
:109C700000900348FEF7ACFB9DF804000EBD000009
:109C80003009002008B508490968C9084FF47A72FC
:109C9000B1FBF2F14143009100BF00BF00994A1EA1
:109CA00000920029F9D108BD10010020014600BF33
:109CB000080900EB8000420001F00F001044C0B220
:109CC000704770B504460025FCF7CAFB054607E05F
:109CD000FCF7C6FB401BB0F57A7F01D9032070BDAD
:109CE0002068406800F020000028F1D0206840681B
:109CF00040F01000216848600020F0E770B504468D
:109D000000252068406820F0100021684860FCF7BA
:109D1000A7FB054607E0FCF7A3FB401BB0F57A7FE5
:109D200001D9032070BD2068406800F020000028A1
:109D3000F1D00020F6E730B50146002200230024D0
:109D400000200D68AD69AAB20D68ED69ACB20D686E
:109D5000AD69ABB29A4205D00D68ED6963F31F455A
:109D6000284601E044EA024030BDF0B504460B4607
:109D70000021002504F5FA61032B1BD2C3EBC300BD
:109D800000EB03100926B0FBF6F01044001D461846
:109D9000481E06EB90066427B0FBF7F0361A481E03
:109DA000BF00B0FBF7F030440726B0FBF6F706FB28
:109DB00017051AE0C3EBC30000EB03100926B0FB44
:109DC000F6F01044001D084400EB91006426B1FB3E
:109DD000F6F6801B4FF4C876B1FBF6F63044801ED1
:109DE0000726B0FBF6F706FB1705E8B2F0BD70B525
:109DF00004460D4600262046FFF763FF08B1012602
:109E00000AE0280C21688861A8B22168C861204650
:109E1000FFF774FF00B10126304670BD70B50446EF
:109E2000002210210A48FCF715FB7E2101EA4401BB
:109E300041F08000FFF716FF0020FFF713FF0546F3
:109E4000012210210248FCF705FB284670BD0000E6
:109E500000080140F8B504460D4616462B46002280
:109E600080212046009600F009F828B1606D40F08E
:109E7000200060650320F8BD0020FCE72DE9F84FC5
:109E800004460D4690461E46DDF82890FCF7E8FA99
:109E9000A0EB0900371AFCF7E3FA82462C48006869
:109EA000C0F3CB307843009045E0701C002842D0CE
:109EB000FCF7D6FAA0EB0A00B84200D2A7BB206894
:109EC000406820F0E000216848606068B0F5827F5B
:109ED0000DD1A068B0F5004F03D0A068B0F5806F39
:109EE00005D12068006820F0400021680860A06A61
:109EF000B0F5005F0DD100BF2068006820F400506D
:109F0000216808602068006840F4005021680860FB
:109F100000BF012084F8510000BF002084F85000E9
:109F200000BF0320BDE8F88FFFE7009800B90027C5
:109F30000098401E0090206880682840A84201D107
:109F4000012000E000204045AFD10020EAE70000FA
:109F500010010020704770B505460C462846FFF7F3
:109F60005DFF064646EA0401284603F00DF970BD80
:109F700070B504460D4629462046FCF763FA70BDCD
:109F800070B504460D461646324629462046FCF773
:109F900061FA70BD70B500F06FF80546002411E05D
:109FA000164800EB4410C07F15490978884208D153
:109FB00045FA04F202F00101104A02EB441000F0ED
:109FC00021F8641C012CEBDB0D48007848B9002413
:109FD00005E00A4901EB441000F091F8641C012CE3
:109FE000F7DB07480078401C0549087008460078F0
:109FF000052801DB0020087070BD0000701C0020E7
:10A000002702002010B58278002A33D0827962B905
:10A0100001B110BD002242718279521C827100236D
:10A02000C26820324489135524E08279092A14DA5F
:10A03000C26820324389D25C01F001034479A34015
:10A040001A43D3B2C2682032448913558279521C14
:10A0500082714279521C42710CE08279092A09D13D
:10A0600000228271827729B142891F2A02DA42894D
:10A07000521C428100BFCCE770B5002600242CE0C2
:10A08000184A02EB4412918B164A02EB4412906973
:10A09000FFF76EFF0546134800EB44108079B0B916
:10A0A000104800EB4410807F88B985B90E480078CD
:10A0B000801C052190FBF1F201FB1200094901EB24
:10A0C0004411C8770120074901EB4411887705F056
:10A0D0000100A0403043C6B2641C012CD0DB3046E6
:10A0E00070BD0000701C00202702002070B50446DF
:10A0F0000D46A18A2A462069FFF742FF70BD10B5C0
:10A100000446607800283FD0207958B9012020709B
:10A110000020E07000212046FFF7E8FF2079401C76
:10A12000207131E02079092810DAE279E068805C5A
:10A13000E278104100F001012046FFF7D7FF2079B7
:10A14000401C2071E078401CE0701DE02079092857
:10A1500007D101212046FFF7C9FF2079401C20715B
:10A1600012E020790A280FD100202071E079401CEC
:10A17000E071207AE179884203DD0120207060706F
:10A1800002E000202070607010BD000010B5FCF7E8
:10A190009DF905480068401C0349086003480068B1
:10A1A000401C0249086010BD080000200C0000207F
:10A1B00000B593B0282109A8FBF7DDFB142104A802
:10A1C000FBF7D9FB002000900190029003900D2036
:10A1D00009904FF480300A9000200B9001200C90E1
:10A1E0000D900F9002201090C10311914FF4E011D7
:10A1F000129109A8FDF7C4FB08B1FBF755FD0F202C
:10A20000049002200590002006904FF48060079093
:10A2100000200890022104A8FDF766FA08B1FBF7B8
:10A2200043FD112000904FF48070019000200390B6
:10A230006846FDF7BFF908B1FBF736FDFDF71AFBDD
:10A2400013B000BD0148024908607047005800087B
:10A2500008ED00E010B50348FEF726FC0148FEF7C4
:10A2600056FB10BD8809002010B50268184B9842B3
:10A2700008D0B0F1804F05D0164B984202D0164B53
:10A28000984203D122F070024B681A43104B984257
:10A2900008D0B0F1804F05D00E4B984202D00E4B43
:10A2A000984203D122F44072CB681A4322F0800313
:10A2B0004C6943EA040202608B68C3620B688362E4
:10A2C000034B984201D10B6903630123436110BD25
:10A2D000002C0140000400400008004030B50C464E
:10A2E000816821F47F4142EA0325254329438160A7
:10A2F00030BD0A46816821F0700142F0070319431E
:10A300008160704730B50B461446026A056A25F035
:10A3100001050562816921F0F00141EA041122F092
:10A320000A021A438161026230BD30B50B46144601
:10A33000056A25F0100505628169026A21F4704101
:10A3400041EA043122F0A00242EA03128161026272
:10A3500030BD70B505466C6A0020E085E08420467B
:10A36000FEF7B0FB70BD0168C96821F49071026806
:10A37000D1600168496921F0010102685161016BF6
:10A38000012905D10168C96821F010010268D16076
:10A39000202180F83E1000210163704710B504466B
:10A3A0002068C06820F040002168C860202084F840
:10A3B0003D002046FEF724FE002010BDF8B50446FF
:10A3C00094F83E00222869D1A068B0F5805F0CD1D6
:10A3D000206950B90025A66A20684068C0F30800CB
:10A3E0003080A06A801CA06215E0A56A0026A068E3
:10A3F000B0F5805F03D0A06828B9206918B920683B
:10A400004068287004E02068406800F07F002870F1
:10A41000A06A401CA062E08D401E80B2E085A8BB0F
:10A420002068C06820F020002168C8602068C068EB
:10A4300020F480702168C8602068406920F0010025
:10A4400021684861202084F83E00206B01281ED13D
:10A45000002020632068C06820F010002168C860D8
:10A460002068006800F0100010280AD100BF00200A
:10A47000009020680068009020684068009000BF4D
:10A4800000BFA18D2046FEF71CFB03E004E0204640
:10A49000FEF74CFD0020F8BD0020FCE70220FAE7A3
:10A4A00070B504462168096921F44051E2681143FE
:10A4B000226811612269A1681143626941EA0205BB
:10A4C0002168C96841F20C62914329432268D16036
:10A4D0002168496921F44071A269114322685161E0
:10A4E0002D4A2168914202D1FDF7E0F901E0FDF724
:10A4F000CDF900EBC00101EB001162689200B1FBE5
:10A50000F2F100EBC00202EB001263689B00B2FBA9
:10A51000F3F26423B2FBF3F202EBC20303EB021289
:10A52000A1EB8201322202EB01116422B1FBF2F1B4
:10A5300001F0F00100EBC00202EB001263689B0027
:10A54000B2FBF3F26423B2FBF3F201EB021200EB75
:10A55000C00101EB001163689B00B1FBF3F100EB5C
:10A56000C00303EB00136668B600B3FBF6F3642682
:10A57000B3FBF6F303EBC30606EB0313A1EB830176
:10A58000322303EB01116423B1FBF3F101F00F015E
:10A5900011442268916070BD00380140014691F875
:10A5A0003D00212828D18868B0F5805F0BD108696B
:10A5B00048B90A6A1088C0F308000B685860086A36
:10A5C000801C086205E00B6A581C086218780B684A
:10A5D0005860C88C401E80B2C88458B90868C068EA
:10A5E00020F080000B68D8600868C06840F0400028
:10A5F0000B68D860002070470220FCE72DE9F0418D
:10A6000004460D4617469846069E21E0701CF8B198
:10A610002EB1FBF725FFA0EB0800B04218D9206847
:10A62000C06820F4D0702168C8602068406920F0BC
:10A63000010021684861202084F83D0084F83E0034
:10A6400000BF002084F83C0000BF0320BDE8F0817B
:10A65000206800682840A84201D1012000E00020C5
:10A66000B842D3D00020F1E710B50248FEF72CFA2B
:10A6700010BD0000D009002010B50E48FEF724FAE6
:10A680000C480068006800F02000202811D10A481A
:10A690000068C1B209480A4A126881540021024682
:10A6A00007480068401C115405480068401C0449D4
:10A6B000086010BD140A002004440040300200204D
:10A6C0003000002010B50E48FEF7FEF90C48006877
:10A6D000006800F02000202810D10A4800680A49CC
:10A6E0000A4A127888540021074A08480078401C1A
:10A6F000115406480078401C0449087010BD000041
:10A70000580A0020044800401C0700206800002070
:10A710002DE9F04104460D46D4F8B862D4F8C07271
:10A72000D4F8B80278B305EB850104F1140000EB0E
:10A730008100806808B305EB850104F1140000EB8B
:10A74000810005EB8502816807F1280000EBC2005B
:10A750000069B1FBF0F200FB121070B9002105EBAB
:10A76000850204F1140000EB8200816000231A4688
:10A770002946204600F0C4FE02E00020C6F814027C
:10A780000020BDE8F081FFE70220FAE770B504463B
:10A790000E46D4F8B8523146204600F056FDC5F8B2
:10A7A0000C02D4F8B80248B1D5F80402D4F8BC12AF
:10A7B000CA6805F503719047002070BD0220FCE7D0
:10A7C00070B504460E4600258121204600F057FC56
:10A7D0000021E1620121204600F051FC0021C4F873
:10A7E0006C118221204600F04AFC00212164D4F83B
:10A7F000B80250B1D4F8BC1248688047D4F8B80207
:10A8000001F027F90020C4F8B802284670BD70B5E1
:10A810000546D5F8B842D5F8BC0278B194F80002E4
:10A82000FF280BD094F8012294F80002D5F8BC124E
:10A830008B6821469847FF2084F80002002070BDF5
:10A8400001460A20088001487047000018010020D6
:10A85000014643200880014870470000A001002005
:10A860000146432008800148704700005C01002039
:10A87000014643200880014870470000E4010020A1
:10A880002DE9F04104460F460026207C88B94FF49C
:10A89000007302228121204600F03EFD0121E16289
:10A8A0004B020222204600F037FD0121C4F86C1152
:10A8B0000FE0402302228121204600F02DFD0121DE
:10A8C000E16240230222204600F026FD0121C4F867
:10A8D0006C11082303228221204600F01DFD012176
:10A8E00021644FF4077001F0B5F8C4F8B802D4F849
:10A8F000B80208B901261CE0D4F8B852D4F8BC124A
:10A90000086880470020C5F81402C5F81802207CAA
:10A9100040B94FF4007301212046D5F8042200F01D
:10A9200013FD06E0402301212046D5F8042200F063
:10A930000BFD3046BDE8F08170B50446D4F8B8523E
:10A94000D4F8B80298B1207C40B94FF400730121CB
:10A950002046D5F8042200F0F7FC06E04023012150
:10A960002046D5F8042200F0EFFC002070BD022044
:10A97000FCE70246022011B1C2F8BC120020704769
:10A980000246D2F8B832C3F804120020704710B55E
:10A990000346D3F8B842C4F80812C4F810220020C5
:10A9A00010BD2DE9FC4105460C46D5F8B8620020E3
:10A9B000019000900027207800F0600040B320282C
:10A9C0005FD1E088E0B1207800F0800060B1E288DB
:10A9D0006078D5F8BC128B6831469847E2883146DA
:10A9E000284600F0E6F812E0607886F80002A079C8
:10A9F00086F80102E2883146284600F0B9F806E000
:10AA00006078D5F8BC1200228B68214698473EE05A
:10AA1000607820B10A2812D00B282AD11FE095F8BF
:10AA20009C02032805D102226946284600F0C1F89D
:10AA300004E02146284600F08FF802271FE095F831
:10AA40009C02032805D1012201A9284600F0B1F893
:10AA500004E02146284600F07FF802270FE095F831
:10AA60009C02032804D02146284600F075F80227EE
:10AA700005E02146284600F06FF8022700BF00BF1E
:10AA800005E02146284600F067F8022700BF00BF16
:10AA90003846BDE8FC8170B50546D5F8B842D5F812
:10AAA000B802A8B1D4F8140280B90120C4F8140285
:10AAB000D4F810122963B4F8100283B28121284619
:10AAC000D4F8082200F01CFD002070BD0120FCE736
:10AAD0000220FAE770B504460D46D4F8B4022946C0
:10AAE000426820469047002070BD70B504460D4670
:10AAF00094F89C02012804D0022803D003280CD12A
:10AB000001E000BF00BF6888012805D10020C4F81B
:10AB1000A402204600F05EF804E02946204600F03A
:10AB20001BF800BF00BF70BD70B506460C46154649
:10AB30002B4622460021304600F006FC002070BD66
:10AB400070B506460C4615462B4622460021304677
:10AB500000F0D6FC002070BD70B504460D46802183
:10AB6000204600F0A1FC0021204600F09DFC70BDB5
:10AB700070B504460E4615460320C4F894024FF4FF
:10AB8000AE700551001D05512B463246002120466E
:10AB900000F0DAFB002070BD10B504460520C4F8B3
:10ABA000940200231A461946204600F0CDFB0020EF
:10ABB00010BD70B504460E4615460220C4F8940236
:10ABC000E56125622B4632460021204600F098FCC4
:10ABD000002070BD10B504460420C4F89402002380
:10ABE0001A461946204600F08BFC002010BD0000DC
:10ABF00070B505460C462DB92246064906A000F060
:10AC0000D3F904E02246034903A000F0CDF901483E
:10AC100070BD0000600D002043444320436F6E660A
:10AC20006967000002461220088001487047000052
:10AC3000A800002070B505460C462DB922460649ED
:10AC400006A000F0B1F904E02246034903A000F099
:10AC5000ABF9014870BD0000600D00204344432063
:10AC6000496E7465726661636500000002460420E7
:10AC70000880014870470000BC00002070B5054600
:10AC80000C462246024903A000F08EF9004870BD30
:10AC9000600D00204A6168616E476F7374617200D5
:10ACA00070B505460C462DB92246064906A000F0AF
:10ACB0007BF904E02246034903A000F075F901483E
:10ACC00070BD0000600D00204A6168616E476F73BF
:10ACD000746172506F72740070B505460C461A208C
:10ACE0002080FBF79BF8014870BD0000C0000020E9
:10ACF00070B504460D46E888012804D02946204650
:10AD0000FFF72AFF1EE094F89C02012804D00228D5
:10AD100003D0032810D109E000BF0020A060012269
:10AD200004F108012046FFF744FF0AE00122211D3B
:10AD30002046FFF73EFF04E029462046FFF70CFFC0
:10AD400000BF00BF70BDF8B504460E46002000905D
:10AD50000027002570880012082875D2DFE800F06F
:10AD6000C7040C20C7C7A5B5207CD4F8B0120A6868
:10AD7000694690470746C1E0207C40B9D4F8B40248
:10AD8000816A6846884707460220787007E0D4F851
:10AD9000B402C16A68468847074602207870ADE071
:10ADA000B078062878D2DFE800F00316293C50631B
:10ADB000D4F8B002406838B1207CD4F8B0124A68A8
:10ADC00069469047074605E031462046FFF7C4FE36
:10ADD000681CC5B267E0D4F8B002806838B1207C46
:10ADE000D4F8B0128A6869469047074605E03146B4
:10ADF0002046FFF7B1FE681CC5B254E0D4F8B0029B
:10AE0000C06838B1207CD4F8B012CA68694690474F
:10AE1000074605E031462046FFF79EFE681CC5B296
:10AE200041E0D4F8B002006938B1207CD4F8B01207
:10AE30000A6969469047074605E031462046FFF714
:10AE40008BFE681CC5B22EE051E0D4F8B002406918
:10AE500038B1207CD4F8B0124A6969469047074659
:10AE600005E031462046FFF777FE681CC5B21AE0C0
:10AE7000D4F8B002806940B1207CD4F8B0128A695D
:10AE800069469047074606E006E031462046FFF750
:10AE900063FE681CC5B206E031462046FFF75CFE43
:10AEA000681CC5B200BF00BF28E0207C30B9D4F8D0
:10AEB000B402416B68468847074605E031462046A4
:10AEC000FFF74AFE681CC5B218E0207C40B9D4F8F0
:10AED000B402016B6846884707460720787005E092
:10AEE00031462046FFF738FE681CC5B206E0314601
:10AEF0002046FFF731FE681CC5B200BF00BF05B198
:10AF0000F8BDBDF8000088B1F08878B1F088BDF8D0
:10AF10000010884202DDBDF8000000E0F0880090DB
:10AF2000BDF8002039462046FFF743FEF08810B9EF
:10AF30002046FFF74FFE00BFE2E70146002002E097
:10AF4000421CD0B2491C0A78002AF9D1704770B56A
:10AF500004460D4694F89C02012804D0022803D030
:10AF600003281AD101E000BF00BFE888022804D0FE
:10AF700029462046FFF7F0FD14E00120E060D4F8F8
:10AF8000A40218B1E06840F00200E060022204F17F
:10AF90000C012046FFF70DFE04E029462046FFF78E
:10AFA000DBFD00BF00BF70BD2DE9F04104460D463A
:10AFB00017460026FCB12046FFF7BFFF022101EB38
:10AFC000400038803A783046711CCEB22A540322B1
:10AFD0003046711CCEB22A540AE014F8012B3046D8
:10AFE000711CCEB22A5400223046711CCEB22A54B3
:10AFF00020780028F1D1BDE8F0810146002031B170
:10B00000012906D0022906D0032908D105E0002035
:10B0100007E0022005E0012003E0022001E0022019
:10B0200000BF00BF704770B504460D4616460CB908
:10B03000022070BDD4F8B40210B10020C4F8B402EC
:10B040000DB1C4F8B052012084F89C02267020464D
:10B0500000F004F90020ECE72DE9F04104460D462C
:10B06000002600272946D4F8C002FBF779FB0646E4
:10B070003046FFF7C2FF07463846BDE8F0812DE9AC
:10B08000F04104460D46002600272946D4F8C002A8
:10B09000FBF731FB06463046FFF7AFFF0746384661
:10B0A000BDE8F0812DE9F04104460E461746002E1A
:10B0B00064D104F11405D4F89402022848D1D5E9EA
:10B0C0000301884210D9D5E90301401AE860A88934
:10B0D00082B239462046FFF733FD00231A4619464F
:10B0E000204600F031F93EE02969A868B0FBF1F292
:10B0F00001FB1200B8B92969A868884213D3A8686F
:10B10000D4F8981288420ED2002211462046FFF74A
:10B1100017FD0020C4F8980200231A46194620465D
:10B1200000F012F91FE0D4F8B402C06840B194F8FE
:10B130009C02032804D1D4F8B402C1682046884791
:10B140008021204600F0B0F92046FFF725FD0AE0F7
:10B15000D4F89402042802D0D4F8940218B98021BB
:10B16000204600F0A1F994F8A002012818D1204649
:10B1700000F0FAF9002084F8A00211E0D4F8B4023B
:10B18000406950B194F89C02032806D1D4F8B40267
:10B19000314642692046904702E00220BDE8F08136
:10B1A0000020FBE72DE9F04104460E461746BEBBE2
:10B1B00004F5AA75D4F89402032825D1D5E9030132
:10B1C000884210D9D5E90301401AE860D5E90301A6
:10B1D000884201D2E86800E0286982B239462046F8
:10B1E000FFF7A2FC2FE0D4F8B402006940B194F854
:10B1F0009C02032804D1D4F8B40201692046884790
:10B200002046FFF7E7FC1EE0D4F8940205281AD187
:10B210000020C4F894020021204600F045F912E015
:10B22000FFE7D4F8B402806950B194F89C02032877
:10B2300006D1D4F8B402314682692046904702E034
:10B240000220BDE8F0810020FBE770B504460D4602
:10B250002946D4F8C002FBF701FE70BD10B50446C4
:10B260001D48C0F8E842C4F8C0021C481A490860EA
:10B270000820486002211848816000218161C16175
:10B280000162FBF7C2FF08B1FAF70EFD04F5307456
:10B290001823002211462068FBF7EAF95823002200
:10B2A00080212068FBF7E4F9C02300228121206877
:10B2B000FBF7DEF94FF48873002201212068FBF7C9
:10B2C000D7F92068A4F530744FF4807300228221EE
:10B2D000FBF7CEF9002010BD30170020005C0040C5
:10B2E00010B50246D2F8C03201F08000802809D1A2
:10B2F00001F07F0000EB800403F1280000EBC400A4
:10B30000807810BD01F07F0000EB800403F5B4707D
:10B3100000EBC4008078F4E72DE9F04704460F46BF
:10B3200015461E464FF00008C1462B4632463946A8
:10B33000D4F8C002FBF79DFD80464046FFF75DFE56
:10B3400081464846BDE8F0872DE9F04704460D46A2
:10B3500016461F464FF00008C1463B463246294676
:10B36000D4F8C002FBF7CBFD80464046FFF745FE10
:10B3700081464846BDE8F08710B5044640230022C8
:10B3800011462046FFF7C8FF01214FF4AC70015170
:10B3900040214FF4B2700151402300228021204609
:10B3A000FFF7BAFF0121A16140216162012084F809
:10B3B0009C020020C4F894026060C4F8A402D4F88F
:10B3C000B80228B12179D4F8B402426820469047E7
:10B3D000002010BD014691F89C02042803D191F889
:10B3E0009D0281F89C020020704710B5044694F835
:10B3F0009C02032808D1D4F8B402C06920B1D4F863
:10B40000B402C16920468847002010BD024611746D
:10B41000002070472DE9F04104460D460026002724
:10B420002946D4F8C002FBF7DFFF06463046FFF797
:10B43000E4FD07463846BDE8F08170B504460D4688
:10B44000294604F52A7000F073F80120C4F894022C
:10B4500040F2AE20005BC4F8980294F8A80200F015
:10B460001F0020B1012808D0022812D10BE004F5FA
:10B470002A71204600F041F913E004F52A712046B4
:10B4800000F0A8FA0DE004F52A71204600F086F9D4
:10B4900007E094F8A80200F08001204600F004F8CC
:10B4A00000BF00BF002070BD2DE9F04104460D46ED
:10B4B000002600272946D4F8C002FBF746FD0646C1
:10B4C0003046FFF79AFD07463846BDE8F08170B573
:10B4D000044600250026D4F8C002FBF7A9FF054664
:10B4E0002846FFF78AFD0646304670BD014691F8B2
:10B4F0009C0281F89D02042081F89C020020704784
:10B500002DE9F04704460D4616461F464FF0000849
:10B51000C1463B4632462946D4F8C002FBF759FDE6
:10B5200080464046FFF769FD81464846BDE8F08702
:10B530000A7802704A7842708B78CA7803EB02224C
:10B5400042800B794A7903EB022282808B79CA7997
:10B5500003EB0222C28070470246002011B1C2F8FC
:10B56000B41200E00220704701460020704770B519
:10B5700004460D46A88810BBE88800BB6888802870
:10B580001DD2A87800F07F0694F89C02032804D10D
:10B5900029462046FFF7E0FA15E084F89E6231461E
:10B5A0002046FFF737FF2046FFF714FB1EB10220AD
:10B5B00084F89C0207E0012084F89C0203E02946FD
:10B5C0002046FFF7C9FA70BD70B504460D46022645
:10B5D000D4F8B40238B1D4F8B4022946026820463F
:10B5E000904700B90026304670BD000070B5044693
:10B5F0000D46A8783649087008460078012804DD11
:10B6000029462046FFF7A8FA60E094F89C02022839
:10B6100002D003284FD11CE02D480078A8B12C4857
:10B6200000786060032084F89C0229480178204655
:10B63000FFF7CAFF022804D129462046FFF78CFAFB
:10B6400070BD2046FFF7C6FA02E02046FFF7C2FAB7
:10B650003BE01F48007870B9022084F89C021C4827
:10B66000007860601A4801782046FFF733FA2046D8
:10B67000FFF7B0FA1EE0164909786068884216D0D4
:10B6800021792046FFF726FA1148007860601048BB
:10B6900001782046FFF798FF022804D1294620466A
:10B6A000FFF75AFACCE72046FFF794FA02E020466B
:10B6B000FFF790FA09E029462046FFF74DFA0448C3
:10B6C00001782046FFF706FA00BF00BF00BFB7E7CA
:10B6D0001401002070B505460C466088012804D18D
:10B6E000C5F8A4022846FFF775FA70BD10B50446E8
:10B6F0002046FFF7ECFE002010BD70B505460C4655
:10B700000026207800F0600060B1202802D0402898
:10B710003CD100E000BFD5F8B4022146826828463B
:10B72000904738E060780A2829D2DFE800F0192332
:10B73000281E280A0528140F21462846FFF703FB78
:10B7400022E021462846FFF712FF1DE02146284649
:10B75000FFF74CFF18E021462846FFF7C9FA13E02F
:10B7600021462846FFF7F3FB0EE021462846FFF767
:10B77000B1FF09E021462846FFF7B7F904E021466A
:10B780002846FFF7E9F900BF00BF04E0214628463C
:10B79000FFF7E2F900BF00BF304670BD2DE9F04170
:10B7A00005460E464FF000083479307800F060000E
:10B7B00060B1202802D0402871D100E000BFD5F848
:10B7C000B402314682682846904700E1307800F0A4
:10B7D0006000202809D1D5F8B40231468268284695
:10B7E000904780464046BDE8F081707800285ED0E2
:10B7F00001282FD0032876D195F89C02022802D088
:10B80000032820D110E054B1802C08D021462846CE
:10B81000FFF74AFE80212846FFF746FE03E0314647
:10B820002846FFF799F913E0708840B93CB1802CA5
:10B8300005D0F08818B921462846FFF735FE28467E
:10B84000FFF7C8F904E031462846FFF785F900BF45
:10B8500000BFB5E095F89C02022802D003281FD152
:10B8600010E054B1802C08D021462846FFF71CFE7A
:10B8700080212846FFF718FE03E031462846FFF7EF
:10B880006BF912E0708848B904F07F0018B12146C6
:10B890002846FFF7E1FB2846FFF79CF905E091E019
:10B8A00031462846FFF758F900BF00BF88E095F8F9
:10B8B0009C02022802D0032876D126E034B1802CE5
:10B8C00004D031462846FFF747F972E004F08000C3
:10B8D000802809D104F07F0000EB800105F11400FD
:10B8E00000EB810008E066E004F07F0000EB8001DF
:10B8F00005F5AA7000EB810007460020386002229F
:10B9000039462846FFF755F953E004F080008028B7
:10B910000ED104F00F0000EB800105F1140000EBE4
:10B920008100406898B931462846FFF715F940E094
:10B9300004F00F0000EB800105F5AA7000EB810018
:10B94000406820B931462846FFF706F931E004F097
:10B950008000802808D104F07F0000EB800105F111
:10B96000140000EB810007E004F07F0000EB800191
:10B9700005F5AA7000EB810007460CB1802C02D1BE
:10B980000020386009E021462846FFF7A9FC10B1E5
:10B990000120386001E00020386002223946284644
:10B9A000FFF707F905E0FFE731462846FFF7D4F82F
:10B9B00000BF00BF04E031462846FFF7CDF800BFC6
:10B9C00000BF04E031462846FFF7C6F800BF00BFBD
:10B9D000404608E770B505460C460026207800F082
:10B9E000600030B1202802D040282AD100E000BFFA
:10B9F00000BF95F89C02012804D0022803D0032838
:10BA000018D101E000BF00BF207901280DDCD5F876
:10BA1000B40221468268284690470646E08840B92D
:10BA20003EB92846FFF7D6F803E021462846FFF73F
:10BA300093F804E021462846FFF78EF800BF00BFC8
:10BA400004E021462846FFF787F800BF00BF00202A
:10BA500070BD704701460148704700001C1A002065
:10BA6000F0B5024600260878400032F8100048F68B
:10BA70008F1400EA0403C87830B101280CD00228E2
:10BA800005D003280BD104E043F4007309E000BFA4
:10BA900007E043F4C06304E043F4806301E001265F
:10BAA00000BF00BF43F4004040F080000C78640009
:10BAB00022F8140000BF0C78640032F8144048F6F5
:10BAC0008F752C400D7844EA050040F4004444F0A2
:10BAD00080040D786D0022F8154000BF087B002817
:10BAE0007ED14878002852D000BF1046B2F850509E
:10BAF00028440D7800F5806707EB0514CD886D109C
:10BB00006D00258000BF00BF0C78640032F814007F
:10BB100000F040048CB100BF0D786D0032F8155074
:10BB200048F68F7705EA070444F4004545F0C00560
:10BB30000F787F0022F8175000BF00BFC878012897
:10BB400013D000BF0C78640032F8144048F6BF757B
:10BB500004EA050080F0200040F4004444F0800432
:10BB60000D786D0022F815409EE100BF0C7864004E
:10BB700032F8144048F6BF7504EA050040F400446A
:10BB800044F080040D786D0022F815408CE100BF70
:10BB90001046B2F8505028440D78042707EBC5052D
:10BBA00000F5806707EB4504CD886D106D0025809A
:10BBB00000BF00BF1546B2F8504025440C78062758
:10BBC00007EBC40405F5806707EB4404204600BF7B
:10BBD0000F6967B9078848F2FF3C07EA0C0700E0E5
:10BBE00057E00780078847F4004707801EE00F6989
:10BBF0003E2F0DD800BF0F697C080F7C07F00107AE
:10BC000007B1641C4FF6FF7707EA842707800DE031
:10BC100000BF0F697C090F7C07F01F0707B9641E7E
:10BC20004FF4004747EA8427078000BF00BF00BFEA
:10BC300000BF0C78640032F8140000F480448CB12A
:10BC400000BF0D786D0032F8155048F68F7705EA81
:10BC5000070444F4004545F481450F787F0022F83D
:10BC6000175000BF00BF00BF0C78640032F81440CA
:10BC70004BF68F7504EA050080F4805080F4005084
:10BC800040F4004444F080040D786D0022F8154023
:10BC90000AE100BF0C78640032F8144048F68F7552
:10BCA00004EA050040F4004444F4C0740D786D00CB
:10BCB00022F8154000BF00BF00BF00BF1046B2F819
:10BCC000505028440D7800F5806707EB05140D8966
:10BCD0006D106D00258000BF00BF00BF00BF104683
:10BCE000B2F8505028440D78042707EBC50500F53D
:10BCF000806707EB45044D896D106D00258000BFFE
:10BD000000BF00BF487800285DD100BF0C786400F8
:10BD100032F8140000F480448CB100BF0D786D003F
:10BD200032F8155048F68F7705EA070444F40045C9
:10BD300045F481450F787F0022F8175000BF00BFFF
:10BD400000BF0C78640032F8140000F040048CB19D
:10BD500000BF0D786D0032F8155048F68F7705EA70
:10BD6000070444F4004545F0C0050F787F0022F831
:10BD7000175000BF00BF00BF0C78640032F81440B9
:10BD80004BF68F7504EA050080F4805080F4005073
:10BD900040F4004444F080040D786D0022F8154012
:10BDA00000BF00BF0C78640032F8144048F6BF753D
:10BDB00004EA050040F4004444F080040D786D006E
:10BDC00022F8154070E000BF0C78640032F81400CF
:10BDD00000F480448CB100BF0D786D0032F815502E
:10BDE00048F68F7705EA070444F4004545F4814599
:10BDF0000F787F0022F8175000BF00BF00BF0C78FB
:10BE0000640032F8140000F040048CB100BF0D78DB
:10BE10006D0032F8155048F68F7705EA070444F4B0
:10BE2000004545F0C0050F787F0022F8175000BF8D
:10BE300000BFC878012813D000BF0C78640032F826
:10BE4000144048F6BF7504EA050080F0200040F475
:10BE5000004444F080040D786D0022F8154011E094
:10BE600000BF0C78640032F8144048F6BF7504EA4D
:10BE7000050040F4004444F080040D786D0022F881
:10BE8000154000BF00BF0C78640032F814404BF638
:10BE90008F7504EA050040F4004444F080040D78F6
:10BEA0006D0022F8154000BF3046F0BD10B50446C5
:10BEB000002010BD30B50246087B00285BD14878D1
:10BEC00060B300BF0B785B0032F8130000F0400352
:10BED0008BB100BF0C78640032F8144048F68F75BF
:10BEE00004EA050343F4004444F0C0040D786D00F7
:10BEF00022F8154000BF00BF00BF0B785B0032F88E
:10BF0000133048F6BF7403EA040040F4004343F0E2
:10BF100080030C78640022F8143007E100BF0B782E
:10BF20005B0032F8130000F480438BB100BF0C7843
:10BF3000640032F8144048F68F7504EA050343F4B0
:10BF4000004444F481440D786D0022F8154000BF90
:10BF500000BF00BF0B785B0032F813304BF68F74D4
:10BF600003EA040040F4004343F080030C786400CB
:10BF700022F81430DAE0487800286BD100BF0B7843
:10BF80005B0032F8130000F480438BB100BF0C78E3
:10BF9000640032F8144048F68F7504EA050343F450
:10BFA000004444F481440D786D0022F8154000BF30
:10BFB00000BF00BF0B785B0032F8130000F04003B5
:10BFC0008BB100BF0C78640032F8144048F68F75CE
:10BFD00004EA050343F4004444F0C0040D786D0006
:10BFE00022F8154000BF00BF00BF0B785B0032F89D
:10BFF000133048F68F7403EA040040F4004343F022
:10C00000C0030C78640022F8143000BF00BF0B7826
:10C010005B0032F813304BF68F7403EA040040F4EF
:10C02000004343F080030C78640022F8143000BF12
:10C0300000BF0B785B0032F8133048F6BF7403EA98
:10C04000040040F4004343F080030C78640022F8BD
:10C0500014306BE000BF0B785B0032F8130000F483
:10C0600080438BB100BF0C78640032F8144048F66E
:10C070008F7504EA050343F4004444F481440D78C9
:10C080006D0022F8154000BF00BF00BF0B785B00B9
:10C0900032F8130000F040038BB100BF0C7864004D
:10C0A00032F8144048F68F7504EA050343F400445F
:10C0B00044F0C0040D786D0022F8154000BF00BFA9
:10C0C00000BF0B785B0032F8133048F68F7403EA38
:10C0D000040040F4004343F481430C78640022F8E8
:10C0E000143000BF00BF0B785B0032F8133048F605
:10C0F000BF7403EA040040F4004343F080030C786B
:10C10000640022F8143000BF00BF0B785B0032F8E7
:10C1100013304BF68F7403EA040040F4004343F0FD
:10C1200080030C78640022F8143000BF002030BD7A
:10C1300001460020704701460020704710B50446B4
:10C14000012024F8400F00202080A0802082403C65
:10C1500010BD01464FF43F42B1F840009043A1F8B2
:10C1600040000020704702460020704730B502466C
:10C17000087B002865D1487888B300BF0B785B0046
:10C1800032F8130000F040038BB100BF0C7864005C
:10C1900032F8144048F68F7504EA050343F400446E
:10C1A00044F0C0040D786D0022F8154000BF00BFB8
:10C1B000C878012845D000BF0B785B0032F81330F7
:10C1C00048F6BF7403EA040080F0200040F4004306
:10C1D00043F080030C78640022F8143031E0FFE76C
:10C1E00000BF0B785B0032F8130000F480438BB182
:10C1F00000BF0C78640032F8144048F68F7504EAEA
:10C20000050343F4004444F481440D786D0022F8A2
:10C21000154000BF00BF00BF0B785B0032F8133041
:10C220004BF68F7403EA040080F4805080F40050D1
:10C2300040F4004343F080030C78640022F814308B
:10C2400000BF002030BD10B50246487898B100BF4D
:10C250000B785B0032F8133048F6BF7403EA040031
:10C2600080F0100040F4004343F080030C78640039
:10C2700022F8143013E000BF0B785B0032F8133063
:10C280004BF68F7403EA040080F4805040F40043BE
:10C2900043F080030C78640022F8143000BF0020C3
:10C2A00010BD2DE9F04706460C466078012876D18E
:10C2B0002169A069884201D9256900E0A569207B30
:10C2C000A0B9ABB2E2883046616900F0F4FD00BF6E
:10C2D0003046B6F8502010442278022303EBC20205
:10C2E00000F5806303EB42010D8081E3E0780228D2
:10C2F0007DD12169206A88427AD900BF217849001E
:10C3000036F8111048F68F7201EA020040F400413D
:10C3100041F4C0712278520026F8121000BF206A42
:10C32000401B20622078400036F8100000F04000EA
:10C3300000287DD000BF3346607888BB00BF3246FE
:10C34000B6F850100A4421784FF0060909EBC101F4
:10C3500002F5806909EB4101084600BF75B9B0F8E4
:10C36000009048F2FF3A09EA0A09A0F80090B0F8F4
:10C37000009049F40049A0F8009021E03E2D10D82B
:10C3800000BF690805F00109B9F1000F00D0491C90
:10C390004FF6FF7909EA8129A0F8009010E03DE30B
:10C3A00010E000BF690905F01F09B9F1000F00D1C5
:10C3B000491E4FF4004949EA8129A0F8009000BFC6
:10C3C00000BF0FE0607801280CD1B6F8500003449C
:10C3D0002078062101EBC00003F5806101EB400CE1
:10C3E000ACF8005000BF6789ABB23A4601E057E1B4
:10C3F0002CE13046616900F05EFD606928446061AF
:10C400002169206A884203D9206A401B206202E029
:10C41000256A0020206200BF6078C0BB00BF3246A2
:10C42000B6F850100A442178022303EBC10100E062
:10C4300049E002F5806303EB4101084600BF55B9AE
:10C44000038848F2FF3C03EA0C030380038843F4AB
:10C450000043038019E03E2D0BD800BF690805F0AA
:10C46000010303B1491C4FF6FF7303EA81230380E4
:10C470000BE000BF690905F01F0303B9491E4FF423
:10C48000004343EA8123038000BF00BF12E0FFE7BF
:10C49000607801280ED100BF3046B6F85020104415
:10C4A0002278022303EBC20200F5806303EB420112
:10C4B0000D8000BF00BF2789ABB23A4630466169A4
:10C4C00000F0F9FC94E200BF6078B0BB00BF3246D8
:10C4D000B6F850100A442178022303EBC10102F59B
:10C4E000806303EB4101084600BF55B9038848F259
:10C4F000FF3C03EA0C030380038843F400430380FA
:10C5000019E03E2D0BD800BF690805F0010303B107
:10C51000491C4FF6FF7303EA812303800BE000BF41
:10C52000690905F01F0303B9491E4FF4004343EAAC
:10C530008123038000BF00BF12E0FFE7607801287D
:10C540000ED100BF3046B6F85020104422780223A6
:10C5500003EBC20200F5806303EB42010D8000BFD4
:10C5600000BF2789ABB23A463046616900F0A3FCB0
:10C570006069284460612169206A884203D9206A81
:10C58000401B206202E0256A0020206200BF334683
:10C59000607880BB00BF3246B6F850100A4421785C
:10C5A0004FF0060909EBC10102F5806909EB410171
:10C5B000084600BF75B9B0F8009048F2FF3A09EAA2
:10C5C0000A09A0F80090B0F8009049F40049A0F8DA
:10C5D000009020E03E2D0FD800BF690805F001094A
:10C5E000B9F1000F00D0491C4FF6FF7909EA812903
:10C5F000A0F800900FE010E000BF690905F01F09E6
:10C60000B9F1000F00D1491E4FF4004949EA8129D0
:10C61000A0F8009000BF00BF0FE0607801280CD1A7
:10C62000B6F8500003442078062101EBC00003F562
:10C63000806101EB400CACF8005000BF6789ABB2E1
:10C640003A463046616900F036FCD1E1256A00BF08
:10C650002178490036F8111048F68F6201EA02008D
:10C6600040F4004141F080012278520026F8121077
:10C6700000BF00BF3046B6F8502010442278022395
:10C6800003EBC20200F5806303EB42010D8000BFA3
:10C690002789ABB23A463046616900F00CFCA7E14D
:10C6A00000BF2178490036F8111048F68F7201EA70
:10C6B000020040F4004141F4C0712278520026F893
:10C6C000121000BF206A401B20622078400036F81C
:10C6D000100000F0400000287DD000BF3346607895
:10C6E00080BB00BF3246B6F850100A4421784FF0A4
:10C6F000060909EBC10102F5806909EB4101084611
:10C7000000BF75B9B0F8009048F2FF3A09EA0A098B
:10C71000A0F80090B0F8009049F40049A0F800900B
:10C7200020E03E2D0FD800BF690805F00109B9F1DE
:10C73000000F00D0491C4FF6FF7909EA8129A0F8C3
:10C7400000900FE010E000BF690905F01F09B9F182
:10C75000000F00D1491E4FF4004949EA8129A0F891
:10C76000009000BF00BF0FE0607801280CD1B6F840
:10C77000500003442078062101EBC00003F58061DE
:10C7800001EB400CACF8005000BF6789ABB23A46F1
:10C790003046616900F08FFB60692844606121695F
:10C7A000206A884203D9206A401B206202E0256A81
:10C7B00000202062002D56D000BF6078C0BB00BFB3
:10C7C0003246B6F850100A442178022303EBC10127
:10C7D00002F5806300E047E003EB4101084600BF3B
:10C7E00055B9038848F2FF3C03EA0C030380038831
:10C7F00043F40043038019E03E2D0BD800BF6908C5
:10C8000005F0010303B1491C4FF6FF7303EA8123CE
:10C8100003800BE000BF690905F01F0303B9491E3F
:10C820004FF4004343EA8123038000BF00BF12E0BE
:10C83000FFE7607801280ED100BF3046B6F85020DF
:10C8400010442278022303EBC20200F5806303EB5D
:10C8500042010D8000BF00BF2789ABB23A46304687
:10C86000616900F028FBC3E000BF6078B0BB00BF87
:10C870003246B6F850100A442178022303EBC10176
:10C8800002F5806303EB4101084600BF55B90388F8
:10C8900048F2FF3C03EA0C030380038843F400439F
:10C8A000038019E03E2D0BD800BF690805F0010395
:10C8B00003B1491C4FF6FF7303EA812303800BE0A9
:10C8C00000BF690905F01F0303B9491E4FF4004377
:10C8D00043EA8123038000BF00BF12E0FFE76078D6
:10C8E00001280ED100BF3046B6F8502010442278FF
:10C8F000022303EBC20200F5806303EB42010D80CB
:10C9000000BF00BF2789ABB23A463046616900F0EC
:10C91000D2FA6069284460612169206A884203D99B
:10C92000206A401B206202E0256A00202062A5B335
:10C9300000BF3346607888BB00BF3246B6F850105F
:10C940000A4421784FF0060909EBC10102F580691C
:10C9500009EB4101084600BF75B9B0F8009048F2F4
:10C96000FF3A09EA0A09A0F80090B0F8009049F4EB
:10C970000049A0F8009021E03E2D10D800BF6908C2
:10C9800005F00109B9F1000F00D0491C4FF6FF79FD
:10C9900009EA8129A0F8009010E029E010E000BF2A
:10C9A000690905F01F09B9F1000F00D1491E4FF4C4
:10C9B000004949EA8129A0F8009000BF00BF0FE0BC
:10C9C000607801280CD1B6F8500003442078062185
:10C9D00001EBC00003F5806101EB400CACF80050A6
:10C9E00000BF6789ABB23A463046616900F063FA2E
:10C9F00000BF2178490036F8111048F6BF7201EAED
:10CA0000020080F0100080F0200040F4004141F06E
:10CA100080012278520026F8121005E2207BA0BB8C
:10CA20002169A069884204D92569A069401BA061D9
:10CA300002E0A5690020A06100BF3246B6F85010A0
:10CA40000A442178062303EBC10102F5806303EB5E
:10CA50004101084600BF55B9038848F2FF3C03EA8C
:10CA60000C030380038843F4004303801AE03E2D47
:10CA70000CD800BF690805F0010303B1491C4FF64B
:10CA8000FF7303EA812303800CE00DE000BF690916
:10CA900005F01F0303B9491E4FF4004343EA812305
:10CAA000038000BF00BFA9E1E07802287DD100BF6C
:10CAB00000BF6078E0BB00BF3246B6F850100A44B1
:10CAC0002178022303EBC10102F5806303EB4101EE
:10CAD000084600BF236953B9038848F2FF3C03EAC4
:10CAE0000C030380038843F4004303801EE02369A2
:10CAF0003E2B0DD800BF23695908237C03F00103A6
:10CB000003B1491C4FF6FF7303EA812303800DE054
:10CB100000BF23695909237C03F01F0303B9491E91
:10CB20004FF4004343EA8123038000BF00BF13E0BA
:10CB3000FFE7607801280FD100BF3046B6F85020DB
:10CB400010442278022303EBC20200F5806303EB5A
:10CB50004201228A0A8000BF00BF00BF33466078CE
:10CB6000E8BB00BF3246B6F850100A4421784FF0B7
:10CB7000060909EBC10102F5806909EB410108468C
:10CB800000BFD4F81090B9F1000F0FD1B0F80090A9
:10CB900048F2FF3A09EA0A09A0F80090B0F80090BC
:10CBA00049F40049A0F800902EE06BE0D4F8109012
:10CBB000B9F13E0F14D800BFD4F810904FEA5901D4
:10CBC00094F8109009F00109B9F1000F00D0491C48
:10CBD0004FF6FF7909EA8129A0F8009014E015E0EA
:10CBE00000BFD4F810904FEA591194F8109009F052
:10CBF0001F09B9F1000F00D1491E4FF4004949EA5D
:10CC00008129A0F8009000BF00BF10E060780128E3
:10CC10000DD1B6F8500003442078062101EBC00086
:10CC200003F5806101EB400C208AACF8000000BFE6
:10CC300000BFE069002824D02078400036F810803A
:10CC400008F4804010B108F0400038B908F4804082
:10CC5000002816D108F04000002812D100BF00BF04
:10CC60002178490036F8111048F68F7201EA020067
:10CC700040F4004141F0C0012278520026F8121021
:10CC800000BFBBE0E07801287CD12169A06988421F
:10CC900004D92569A069401BA06102E0A5690020B4
:10CCA000A06100BF00BF6078B0BB00BF3246B6F8DD
:10CCB00050100A442178022303EBC10102F580637E
:10CCC00003EB4101084600BF55B9038848F2FF3C19
:10CCD00003EA0C030380038843F40043038019E054
:10CCE0003E2D0BD800BF690805F0010303B1491CB4
:10CCF0004FF6FF7303EA812303800BE000BF69094D
:10CD000005F01F0303B9491E4FF4004343EA812392
:10CD1000038000BF00BF12E0FFE7607801280ED15A
:10CD200000BF3046B6F8502010442278022303EBAF
:10CD3000C20200F5806303EB42010D8000BF00BF1B
:10CD400000BF3346607890BB00BF3246B6F8501043
:10CD50000A4421784FF0060909EBC10102F5806908
:10CD600009EB4101084600BF85B9B0F8009048F2D0
:10CD7000FF3A09EA0A09A0F80090B0F8009049F4D7
:10CD8000004900E037E0A0F8009020E03E2D0FD8E9
:10CD900000BF690805F00109B9F1000F00D0491C76
:10CDA0004FF6FF7909EA8129A0F800900FE010E022
:10CDB00000BF690905F01F09B9F1000F00D1491E34
:10CDC0004FF4004949EA8129A0F8009000BF00BF54
:10CDD0000FE0607801280CD1B6F8500003442078A9
:10CDE000062101EBC00003F5806101EB400CACF8BB
:10CDF000005000BF02E00120BDE8F08700BF2178AD
:10CE0000490036F811104BF68F7201EA020080F4E7
:10CE1000805080F4005040F4004141F080012278BD
:10CE2000520026F8121000BF0020E5E7014600205E
:10CE3000A1F844004FF43F42A1F8402070470000A1
:10CE400010B50248FAF7F0F810BD000030170020C6
:10CE50000146B1F8440070472DE9F04304460E4600
:10CE600015464FEA530CA046304608F5806909EB99
:10CE7000450267460AE01188921C0170401C4FEA87
:10CE8000112980F80090401C921C7F1E002FF2D1C7
:10CE900003F00109B9F1000F01D011880170BDE85C
:10CEA000F083024600207047024611B98020A2F8A4
:10CEB0004C00002070472DE9F04704460D461E4601
:10CEC00006F1010A4FEA5A08A146284609F5806A88
:10CED0000AEB420347460BE090F800C0401C90F874
:10CEE00000A04CEA0A2119809B1C9B1C401C7F1E41
:10CEF000002FF1D1BDE8F08700BFFEE72DE9F04338
:10CF00008BB004460D4617460026B0460A208DF821
:10CF10001400FF208DF8150015208DF816008520CF
:10CF20008DF8170003208DF8180000208DF81900E7
:10CF300008208DF81A004DB9072005E0C11F615C7B
:10CF400005AA1154411CC8B21628F7DD012D7ED167
:10CF500020798DF8040060798DF80500A0798DF8AE
:10CF60000600E0798DF80700207A8DF80800607AD5
:10CF70008DF80900A07A8DF80A00A07B8DF80B00CF
:10CF80009DF80B009DF80A1008449DF8091008440C
:10CF90009DF8081008449DF8071008449DF80610F5
:10CFA00008449DF8051008449DF8041000EB0108A2
:10CFB00008F0FF008DF80C0000208DF80D009DF8A2
:10CFC0000400162805DB9DF804001638C0B28DF861
:10CFD0000D009DF80D000007000E8DF80D009DF866
:10CFE0000D009DF8051008438DF80D009DF8060012
:10CFF0008DF80E009DF807008DF80F009DF80800D1
:10D000008DF810009DF809008DF811009DF80A00B8
:10D010008DF812009DF812000007000E8DF8120026
:10D020009DF812009DF80B1008438DF8120008F0CF
:10D03000FF008DF81300072007E008E0C11F01AAD8
:10D04000515C05AA1154411CC8B21628F6DD002017
:10D0500005E005A9095C31448EB2411CC8B217280D
:10D06000F7DD86F0FF06701C86B2F6B28DF82B60F5
:10D07000012F31D100F0AEFA4FF0000929E04FF452
:10D08000FA73182205A92E48FBF751FF6E20F8F716
:10D0900063FF4AF6AA202B49096808600121032092
:10D0A00001F0B4FC78B100202749087027490860D6
:10D0B00015B90BB0BDE8F083012D04D124A001F017
:10D0C00003FB0020F5E700F085FA09F1010000F00C
:10D0D000FF09B9F1320FD2DB022F2FD100F06CFA29
:10D0E0004FF0000927E04FF4FA73192205A92348ED
:10D0F000FBF71DFF6E20F8F72FFF4AF6AA20114913
:10D10000096808600221032001F080FC68B100205A
:10D110001B4908701B49086005B9CAE7012D04D1F5
:10D120000BA001F0D1FA0020C3E700F045FA09F1A5
:10D13000010000F0FF09B9F1320FD4DB0120B8E79C
:10D14000580A0020100900200400002008000020D8
:10D150007B2243223A7B22537461747573223A30E6
:10D160002C2254797065223A224368616E676547C4
:10D17000726F7570227D7D0A00000000140A002085
:10D18000050000200C00002070B504460D4600226A
:10D1900010210848F9F75EF97E2101EA4400FCF706
:10D1A00061FD2846FCF75EFD012210210148F9F7D8
:10D1B00051F970BD000801400FB4084B10B504A927
:10D1C00002AA039800F038F8044602A9002000F0F3
:10D1D000D4F9204610BC5DF814FB00007BD5000894
:10D1E00002480068C0F30220704700000CED00E028
:10D1F00010B5002804DB0A07130E054A135406E095
:10D200000A07140E034A00F00F031B1FD45410BD6D
:10D2100000E400E018ED00E002E008C8121F08C1B9
:10D22000002AFAD170477047002001E001C1121FA7
:10D23000002AFBD1704700002DE9FF4F8BB08846D4
:10D240000546002606E025280BD0DDE90D129047A3
:10D250006D1C761C28780028F5D10FB03046BDE84B
:10D26000F08F0024A146A2460122AE4900E004430B
:10D2700015F8013F203B02FA03F00842F7D1287865
:10D280002A2810D06FF02F022878A0F13001092948
:10D2900015D809EB890102EB410144F0020400EBCF
:10D2A00001096D1CF0E758F8041B5FEA010903D57A
:10D2B00044F40054C9F1000944F002046D1C2878BC
:10D2C0002E2817D115F8010F44F004042A280ED097
:10D2D0006FF02F022878A0F1300109290AD80AEB53
:10D2E0008A0102EB410100EB010A6D1CF2E758F8DC
:10D2F00004AB6D1C28786C280FD006DC4C2817D0A6
:10D3000068280DD06A2814D104E0742810D07A2837
:10D310000FD10DE044F400140AE044F4801401E05D
:10D3200044F440146978814202D104F580146D1CE4
:10D330006D1C2878692865D006DC00288DD063280C
:10D3400027D0642806D15DE06E2808D073282AD043
:10D35000752877D0DDE90D129047761CE0E0C4F324
:10D360000250022809D003280DD0D8F80010042854
:10D370000DD00E6008F10408D2E0D8F80010F217C2
:10D38000C1E90062F6E7D8F800100E80F2E70E70EF
:10D39000F0E718F8041B8DF8001000208DF801004C
:10D3A000EB46012003E058F804BB4FF0FF30610763
:10D3B0004FF0000701D40AE07F1C57450DDA874281
:10D3C000FADB1BF807100029F6D106E07F1C874224
:10D3D000FCDB1BF807100029F8D1DDE90D23A9EBD0
:10D3E00007008146214600F0B1F83044C61904E038
:10D3F000DDE90D121BF8010B90477F1EF8D2214684
:10D40000484688E058F8040BC4F302514FF00A0B69
:10D41000032900D100B2042900D140B2002802DA69
:10D4200040422D2102E0210505D52B218DF8241045
:10D43000012104E006E0E10710D02021F6E708AF63
:10D44000089113E058F8040BC4F302514FF00A0B93
:10D45000032900D180B2042900D1C0B20021EEE737
:10D460005946F8F79AFA303107F8011D0028F7D12C
:10D47000ADEB070000F1200B600702D524F48034E7
:10D4800001E04FF0010ADA4502DDAAEB0B0000E0F3
:10D490000020824600EB0B0108980144A9EB010033
:10D4A0000A90E00306D4DDE90D2321460A9800F036
:10D4B0004DF806444FF0000908E009A911F80900E9
:10D4C000DDE90D12904709F10109761C089989459B
:10D4D000F3DBE0030CD5DDE90D2321460A9800F0CB
:10D4E00035F8064404E0DDE90D1230209047761C43
:10D4F000BAF10001AAF1010AF5DC05E0DDE90D123F
:10D5000017F8010B9047761CBBF10001ABF1010B42
:10D51000F4DC0A982146DDE90D2300F005F8064405
:10D520006D1C97E6092801002DE9F041044600250D
:10D530001E461746880404D405E039462020B0472B
:10D540006D1C641EF9D52846BDE8F0812DE9F04137
:10D55000044600251E469046C80301D5302700E04A
:10D560002027880404D505E041463846B0476D1CA5
:10D57000641EF9D52846BDE8F0810A68531C0B608B
:10D5800010707047014601F0030090B96420B1FBB0
:10D59000F0F200FB121050B94FF4C870B1FBF0F27A
:10D5A00000FB121008B9012070470020FCE70120A1
:10D5B000FAE70020F8E7000010B528210348F8F743
:10D5C000DAF900200249086010BD00003002002096
:10D5D0003000002010B528210348F8F7CCF90020CE
:10D5E0000249087010BD00001C07002068000020E0
:10D5F00010B586B00446F8F77DFD012004900F4871
:10D600000390002001900120029005A901A8F8F7DD
:10D61000B7FC78B9F8F70CFD0598401C10B1002054
:10D6200006B010BD24B9FF2210210548F8F79CF977
:10D630000120F5E7F8F7FCFC0020F1E74054000872
:10D64000601C002000B500221021104600F002F8F6
:10D6500000BD000030B503465818402801D900200D
:10D6600030BD18460FE02AB1094C044494F84044F8
:10D670001470521C102805D2054C044494F8404400
:10D68000044D2C54401CCC188442ECD80120E7E710
:10D6900000500008601C00202DE9F047064689462E
:10D6A000154606EB0900402802D90020BDE8F087A6
:10D6B0000DB90020FAE7F8F71DFD002413E02A5DFC
:10D6C000601C285C42EA0020C3170746A019094ADB
:10D6D00081183A460120F8F7B5FC18B1F8F7A8FC14
:10D6E0000020E3E7A41C4C45E9D3F8F7A1FC012096
:10D6F000DCE700004054000800B585B00120F8F7D1
:10D700002BFC002215491648FAF7CAFB00221549DE
:10D710001348FAF767FB1348007812498978114AD1
:10D720005278104BDB78CDE90132CDE903100B487C
:10D73000807800900948437802780BA11948FFF7D8
:10D740003BFD184800F0C0FF0120F8F705FC4FF43E
:10D7500016711548F8F70FF905B000BD82000020DA
:10D760001C090020850000207B2254223A7B22489D
:10D77000223A25642C224D223A25642C2253223A47
:10D7800025642C2259223A25642C226D223A2564E4
:10D790002C2244223A25642C2257223A25647D7D8E
:10D7A0000A000000E00600208804002070B504464E
:10D7B0000D46002617E0012251020C48F8F74AFEF8
:10D7C0002846F8F7C9FB00224FF400710748F8F724
:10D7D00041FE2846F8F7C0FB012251020348F8F742
:10D7E00039FE701CC6B2A642E5DB70BD00080140E0
:10D7F00000BFF8F777FEFCF7DBFCFBF7B1FEFBF7A9
:10D800002BFFFBF741FFFBF763FFFBF797FFFBF7EE
:10D81000ADFFFBF7C7FFFBF70BFFE148FAF7BCFFD3
:10D82000E0480068C06840F02000DE490968C86030
:10D830000A20F8F791FBDC480068C06840F020003F
:10D84000D9490968C860D9480068C06840F020001C
:10D85000D6490968C8600020D5490860FBF708FD73
:10D86000FFF7F0FE1E210720FFF7A0FF4FF47A70AC
:10D87000F8F772FBFBF7B2FF4FF47A70F8F76CFB26
:10D880000120CC49087089E14AF6AA20CA490968F2
:10D890000860FBF7EDFCC9480068002875D001203E
:10D8A000F8F75AFBC64800786E285ED00EDC662872
:10D8B00063D006DC462874D04E286AD0562867D13B
:10D8C00011E0672876D06D28F9D17DE0752810D059
:10D8D00004DC722813D073287ED140E0802832D037
:10D8E000812879D135E000F00BFF0120B54908709F
:10D8F00084E001F03DF80120B24908707EE0B2A05A
:10D9000000F0E2FE0A20F8F727FB00BF00BF00BFCF
:10D9100000BF00BFBFF34F8F00BF00BF00BFB148C3
:10D92000006800F4E060B0490843001DAD4908609C
:10D9300000BF00BF00BFBFF34F8F00BF00BF00BFDD
:10D9400000BF00BFFDE700F09DFF01209D4908706A
:10D9500054E0FFF7D1FE01209A4908704EE000F034
:10D960003BFF01209749087048E031216E2000F00C
:10D97000C9F901209349087040E03121662000F088
:10D98000C1F901208F49087038E043E009E000E068
:10D9900022E032216E2000F0B5F90120894908709B
:10D9A0002CE03221662000F0ADF901208549087095
:10D9B00024E0FFE7824841788C4A012000F066FAB3
:10D9C00001208049087019E07D494878F8F71CF972
:10D9D00001207C49087011E085A000F075FE13203D
:10D9E0008A4908700020774908704FF4167174480E
:10D9F000F7F7C1FF00207149086000BF00BF132086
:10DA00008249087000206F4908706C490860012045
:10DA1000F8F7A2FA7E48007858B97E48006842F2CA
:10DA20001071884205D900207A49086001207849A0
:10DA300008707748007840B1002076490860764841
:10DA4000007810B9012000F0FBF87448007858B94C
:10DA50007348006842F21071884205D9002070496D
:10DA6000086001206D4908706C48007840B10020C2
:10DA70006B4908606848007810B9022000F0E0F8AF
:10DA80005A48FBF739FB20B15848FBF735FB00B18A
:10DA900084E010210020FBF7CDFA70B15348FBF76A
:10DAA0002BFB20B15148FBF727FB00B176E010219A
:10DAB0000020FBF7BFFA00B170E00120594908705F
:10DAC0005949FBF711FB002867D157488079AB28EB
:10DAD0005ED15548C079E8BB5348C07BD0BB5148A4
:10DAE0000078B8B350480078504908604E484078F4
:10DAF000096801EB00204D4908604B4880784C498B
:10DB000008604948C078096801EB0020484908606E
:10DB100045480079096801EB0040454908604248E2
:10DB20004079096801EB0060414908603F4800689E
:10DB300000F40040B0F5004F15D13C480068C0F338
:10DB40000E003A4908600846006846F62921484018
:10DB5000364900E01CE00860354800684BF2A62119
:10DB60004840334908603348007860B12A4800785B
:10DB700020B91E4A0021084600F088F94FF47A7057
:10DB8000F8F7EAF907E032210A20FFF70FFE02E07A
:10DB900029A000F099FDFBF76BFB00BF74E60000C5
:10DBA00088090020140A0020580A0020D00900200B
:10DBB0003000002002000020100900202800002072
:10DBC000880400206E0000207B2252656369766520
:10DBD000223A7B22537461747573223A37307D7D0B
:10DBE0000A0000000CED00E00000FA0571000020C2
:10DBF0007B2252656365697665223A7B22537461A4
:10DC0000747573223A31397D7D0A000024000020AA
:10DC100004000020080000206A0000200500002009
:10DC20000C00002080000020AC0800207C000020B8
:10DC300078000020010000206572726F720A0000F7
:10DC400010B586B0044627A30FCBCDE90423CDE958
:10DC5000020128A103C9CDE90001012C1ED1FFF763
:10DC6000B9FC0A230E2202A92448FBF760F93C20E4
:10DC7000F8F772F90121084600F0C8FE70B1FFF70D
:10DC8000A9FC0A23062269461C48FBF750F93C20F0
:10DC9000F8F762F90121022000F0B8FE022C1ED133
:10DCA000FFF78AFC0A230E2202A91548FBF73FF969
:10DCB0003C20F8F751F90221012000F0A7FE70B1D5
:10DCC000FFF77AFC0A23062269460D48FBF72FF975
:10DCD0003C20F8F741F90221084600F097FE0020A9
:10DCE00006B010BD0AFF0B840A000000020000000D
:10DCF000085400000AFF034101B20000580A002046
:10DD0000140A002070B504460D46312D2AD16E2C20
:10DD100012D1012211022A48F8F79CFB0120F8F7E2
:10DD20001BF928A000F0D0FC0120324908704FF404
:10DD300016713148F7F71FFE662C13D100224FF4FD
:10DD400080711F48F8F786FB0120F8F705F92BA032
:10DD500000F0BAFC0120274908704FF416712648DC
:10DD6000F7F709FE322D2AD16E2C12D10122910231
:10DD70001348F8F76FFB0120F8F7EEF82BA000F03E
:10DD8000A3FC01201B4908704FF416711A48F7F7DD
:10DD9000F2FD662C13D100224FF480610848F8F799
:10DDA00059FB0120F8F7D8F82CA000F08DFC0120D9
:10DDB000104908704FF416710F48F7F7DCFD70BD7D
:10DDC000000801407B2252656365697665223A7BD3
:10DDD00022537461747573223A32367D2C2252318B
:10DDE000223A7B22537461747573223A32337D7DFB
:10DDF0000A0000006E000020880400207B2252658B
:10DE00006365697665223A7B225374617475732267
:10DE10003A32367D2C225231223A7B22537461747D
:10DE20007573223A32347D7D0A0000007B225265F0
:10DE30006365697665223A7B225374617475732237
:10DE40003A32367D2C225232223A7B22537461744C
:10DE50007573223A32337D7D0A0000007B225265C1
:10DE60006365697665223A7B225374617475732207
:10DE70003A32367D2C225232223A7B22537461741C
:10DE80007573223A32347D7D0A0000002DE9F04F8F
:10DE9000C7B00746884691460520469037204590F2
:10DEA000162044904FF0010A002500203B900446C4
:10DEB00017B1012F7ED142E1F8F7D2FA064639E1D7
:10DEC000F8F7CEFA801B41F28831884206D9EBA0E0
:10DED00000F0FAFBFF2047B0BDE8F08F4AF6AA2019
:10DEE000EB4909680860FBF7C3F94846FBF704F9FA
:10DEF00020B14846FBF700F900B11BE1459946986F
:10DF0000FBF798F870B14846FBF7F6F820B14846A1
:10DF1000FBF7F2F800B10DE145994698FBF78AF856
:10DF200000B107E145994698FBF784F800287CD1B9
:10DF30003CA94498FBF7D8F8002877D100250024A5
:10DF400004E03CA8005D4540601CC4B20F2CF8DB27
:10DF50009DF8FF00A8426AD19DF8F1B04FEA0B2B63
:10DF60009DF8F00083449DF8FE003B909DF8FE0074
:10DF70003A909DF8FE000A2804DDC6A000F0A4FB3C
:10DF8000FF20A8E79DF8F700182815DC9DF8F80099
:10DF90003B2811DC9DF8F9003B280DDC9DF8F600CC
:10DFA0001F2809DC9DF8F5000C2805DC9DF8F4001D
:10DFB000202800E05FE104DDBBA000F085FBFF202E
:10DFC00089E79DF8FA00012805D09DF8FA0010B104
:10DFD00000208DF8FA00B948007802280FD19DF88A
:10DFE000FA00012805D1B649887100208DF8FA00A1
:10DFF00005E00020B249887101208DF8FA00AF4891
:10E00000007820B900208DF8FA00AD498871AB483E
:10E010000078012803D18DF8FA00A94988710025FC
:10E020009DF8F400A649087002E082E080E07AE002
:10E030009DF8F50048709DF8F60088709DF8F7008F
:10E04000C8709DF8F80008719DF8F9004871002229
:10E050009C499D48F9F724FF00229C499A48F9F70A
:10E06000C1FE9A48C0788DF8F400984840788DF841
:10E07000F500964880788DF8F600924800788DF883
:10E08000F700904840788DF8F8008E4880788DF839
:10E09000F90000208DF8FB008DF8FC008DF8FD00E4
:10E0A0003B988DF8FE0000BF002404E03CA8005D12
:10E0B0004540601CC4B20F2CF8DB8DF8FF50459929
:10E0C0004698FAF7B7FF68BB3CA94498FBF73AF8C3
:10E0D00038BB7B4880797A494979794A1279784BFB
:10E0E000DB78CDE90432CDE90610754880787449B3
:10E0F0004978734A12783B9BCDE90032CDE9021092
:10E100007348036873480268734908A8FFF754F816
:10E1100008A800F0D9FA4FF47A70F7F71DFF002035
:10E12000D9E607E006E06DA000F0CEFAFF20D2E6C7
:10E1300000E000BFBAF1000F7FF4C2AE00BF6CA0D8
:10E1400000F0C2FAF8F78CF9064690E04AF6AA20E9
:10E150004F4909680860F8F783F9801B41F288315C
:10E16000884204D945A000F0AFFAFF20B3E60025AD
:10E1700000208DF8F2008DF8F3008DF8F1008DF895
:10E18000F00000224F495048F9F78AFE00224F491B
:10E190004D48F9F727FE4D48C0788DF8F4004B48FC
:10E1A00040788DF8F500494880788DF8F6004548AC
:10E1B00000788DF8F700434840788DF8F800414822
:10E1C00080788DF8F90000208DF8F9008DF8FA00BC
:10E1D0008DF8FB008DF8FC008DF8FD0008F0FF00C5
:10E1E0008DF8FE0000208DF8FA0000BF002404E046
:10E1F0003CA8005D4540601CC4B20F2CF8DB8DF8D4
:10E20000FF50012211463CA8FEF778FE08B9002015
:10E2100061E64846FAF770FF20B14846FAF76CFF0E
:10E2200000B124E045994698FAF704FF70B14846DA
:10E23000FAF762FF20B14846FAF75EFF00B116E038
:10E2400045994698FAF7F6FE00B110E045994698D0
:10E25000FAF7F0FE50B93CA94498FAF773FF20B9D9
:10E2600031A000F031FA002035E600E000BFBAF13D
:10E27000000F7FF46BAF00BF2DE600007B2243222E
:10E280003A7B22537461747573223A317D7D0A00A2
:10E29000100900207B2243223A7B2253746174755B
:10E2A00073223A387D7D0A007B2243223A7B225337
:10E2B0007461747573223A367D7D0A001700002060
:10E2C00010000020820000201C0900208500002092
:10E2D0007C0000207800002098EC00087B2243227C
:10E2E0003A7B22537461747573223A347D7D0A003F
:10E2F0007B2252656365697665223A7B225374619D
:10E30000747573223A32367D2C2243223A7B225492
:10E31000797065223A224368616E676547726F754E
:10E3200070227D7D0A0000007B2243223A7B22532B
:10E330007461747573223A302C2254797065223AD4
:10E34000224368616E676547726F7570227D7D0A32
:10E35000000000002DE9F04FC3B0074690469946F3
:10E360004FF0000A00240025002600200990834673
:10E3700000BF05E018F800100DAA1154411CC8B2E6
:10E380001028F7DB002F72D163E14AF6AA20B249C8
:10E39000096808600025002405E00DA8005D2844F8
:10E3A00085B2601CC4B2082CF7DBEDB29DF83C00CE
:10E3B000A84201D14FF0010BBBF1000F47D19DF8EE
:10E3C0003D00162101EB20108DF828009DF83D003E
:10E3D00000F00F008DF829009DF83E008DF82A000E
:10E3E0009DF83F008DF82B009DF840008DF82C0023
:10E3F0009DF841008DF82D009DF8420000118DF828
:10E400002E009DF8420000F00F008DF82F009DF8BF
:10E4100043008DF830000026002405E00AA8005DC6
:10E42000304486B2601CC4B2082CF7DBF6B29DF80B
:10E430003000B0420BD14FF0020B002005E00AA9DA
:10E44000095C0DAA1154411CC8B20928F7DBBBF1C5
:10E45000000F7DD09DF83BA09DF83B000A2807DD0A
:10E460007EA000F031F9FF2043B0BDE8F08FF1E06D
:10E470009DF83700182813DC9DF838003B280FDC86
:10E480009DF839003B280BDC9DF836001F2807DC7F
:10E490009DF835000C2803DC9DF83400202804DDAD
:10E4A00073A000F011F9FF20DEE79DF83A00012883
:10E4B00005D09DF83A0010B100208DF83A009DF883
:10E4C0003A00012805D16F49887100208DF83A0083
:10E4D00005E000206B49887101208DF83A00002585
:10E4E0009DF83400674908709DF8350048709DF824
:10E4F000360088709DF83700C8709DF838000871A4
:10E500009DF83900487100225F496048F9F7C8FC5E
:10E5100000225F495D48F9F765FC5D48C0788DF8D9
:10E5200034005B4840788DF83500594880788DF884
:10E530003600554800788DF83700534840788DF8FC
:10E540003800514880788DF839008DF83BA000E004
:10E550007AE000BF002405E00DA8005D284485B2E4
:10E56000601CC4B2082CF7DBE8B28DF83C009DF8C3
:10E5700034001638C0B28DF83D009DF83D0000070C
:10E58000000E8DF83D009DF83D009DF835100843C4
:10E590008DF83D009DF836008DF83E009DF837005F
:10E5A0008DF83F009DF838008DF840009DF8390047
:10E5B0008DF841009DF83A008DF842009DF8420028
:10E5C0000007000E8DF842009DF842009DF83B10B8
:10E5D00008438DF84200E8B28DF843004A46002116
:10E5E0000DA8FEF78BFC30BB264880792549497978
:10E5F000244A1279234BDB78CDE90432CDE90610A9
:10E60000204880781F4949781E4A1278CDE900A237
:10E61000CDE902101F4803681F4802681F4911A86E
:10E62000FEF7CAFD11A800F04FF84FF4FA60F7F7B3
:10E6300093FC002018E71AA000F046F84FF4FA7097
:10E64000F7F78AFCFF200FE71AA000F03DF8FF2043
:10E650000AE79AE600BF07E7100900207B22432261
:10E660003A7B22537461747573223A387D7D0A00B7
:10E670007B2243223A7B22537461747573223A36AB
:10E680007D7D0A0028020020820000201C09002055
:10E69000850000207C0000207800002098EC000815
:10E6A0007B2243223A7B22537461747573223A327F
:10E6B0007D7D0A007B2243223A7B2253746174756C
:10E6C00073223A347D7D0A0070B504462046F7F780
:10E6D0005DF9C5B229462046F7F73AFA00224FF411
:10E6E00000710648F7F7B6FE0120F7F735FC012266
:10E6F00051020248F7F7AEFE70BD0000000801406D
:10E7000000B599B064216846F7F735F9062213A1E0
:10E710006846FEF751FD6846FFF7D6FF1DA0FFF7DC
:10E72000D3FF1FA0FFF7D0FF0120F7F715FC20A0B3
:10E73000FFF7CAFF0120F7F70FFC22A0FFF7C4FF85
:10E740000120F7F709FC22A0FFF7BEFF4FF4167176
:10E750002048F7F710F919B000BD00007B22466988
:10E76000726D77617265223A7B2246223A312C2201
:10E7700044657669636554797065223A2250617206
:10E780006B696E67222C2252656C65617365223A53
:10E79000302564002C22426F6F74223A3100000051
:10E7A0002C224175746F5374617274223A300000E8
:10E7B0002C2252656164657254797065223A524325
:10E7C000353232002C22554846223A3100000000F2
:10E7D0007D7D0A008804002010B50C48007810B92F
:10E7E0000BA0FFF771FF0948007810B116A0FFF7E2
:10E7F0006BFF0648007880F00100044908704FF470
:10E8000016711F48F7F7B7F810BD00006A00002026
:10E810007B2252656365697665223A7B2253746177
:10E82000747573223A32367D2C2243223A7B22546D
:10E83000797065223A22556E53656E64536572692C
:10E84000616C227D7D0A00007B22526563656976DA
:10E8500065223A7B22537461747573223A32367D95
:10E860002C2243223A7B2254797065223A22536546
:10E870006E6453657269616C227D7D0A0000000040
:10E880008804002010B51CA0FFF71EFF2848407820
:10E89000284908702648807848702548C0788870D4
:10E8A00023480079244988702148407948702048DD
:10E8B000807908701E48C079C8700120F7F74CFBBA
:10E8C00000221C491D48F9F761FC10B11CA0FFF79C
:10E8D000FBFE0120F7F740FB002217491748F9F724
:10E8E000A7FB10B11CA0FFF7EFFE4FF41671104804
:10E8F000F7F741F810BD00007B2252656365697629
:10E9000065223A7B22537461747573223A32367DE4
:10E910002C2254223A7B2254797065223A22536584
:10E920007454696D6544617465227D7D0A00000040
:10E930008804002082000020850000201C0900209F
:10E940007B2254223A7B22537461747573223A31CC
:10E9500032387D7D0A0000007B2254223A7B22530C
:10E960007461747573223A3132397D7D0A0000007A
:10E9700010B5FEF767FE002819D06420F7F7ECFA0F
:10E980000020FEF735FE0CA208210020FEF784FED1
:10E9900048B10520F7F7E0FA0AA0FFF795FE052039
:10E9A000F7F7DAFA06E010A0FFF78EFE02E00EA0FD
:10E9B000FFF78AFE10BD0000426F6F5431323334CE
:10E9C000000000007B225570646174654669726DB9
:10E9D00077617265223A7B22537461747573223AAF
:10E9E00032367D0A000000007B2255706461746538
:10E9F0004669726D77617265223A7B225374617445
:10EA00007573223A31397D0A000000007FB5054652
:10EA10000E46002000900190029003900446012EC3
:10EA200074D172480078042802DA002004B070BD66
:10EA30006F4800780B2801D00020F7E70024002061
:10EA400005E06B49095C21448CB2411CC8B267499E
:10EA50000978491E8142F4DC84F0FF04601C84B212
:10EA6000E4B262480078401E6149085CA04201D0CF
:10EA70000020DBE7012D07D15D48407910B15C48EB
:10EA80004079D3E70020D1E7032D07D1584800791A
:10EA900010B157480079C9E70020C7E7022D35D1EA
:10EAA0000F216846F6F767FF0021504A1278113AA5
:10EAB000D0B207E04E4A125C0DF80120421CD0B2E1
:10EAC0004A1CD1B2494A1278521E8242F2DC4848AE
:10EAD000C079484908604648007A096801EB00207F
:10EAE000444908604248407A434908604048807A77
:10EAF000096801EB00204049086001236A460021B3
:10EB00000846FFF727FC002090E7FFE7022E6AD1B6
:10EB10003A480068052801D2002087E73848007885
:10EB20000B2801D0002081E70024002005E03449B3
:10EB3000095C21448CB2411CC8B230490968491EA5
:10EB40008142F4D884F0FF04601C84B2E4B22B4804
:10EB50000068401E2A49085CA04201D0002065E7F9
:10EB6000012D05D12648407910B1254840795DE74F
:10EB7000032D05D12248007910B12148007955E7CD
:10EB8000022D30D10021194A1278113AD0B207E093
:10EB90001B4A125C0DF80120421CD0B24A1CD1B2B3
:10EBA000164A1268521E8242F2D81548C07911499D
:10EBB00008601348007A096801EB00200D490860DD
:10EBC0000F48407A0C4908600D48807A096801EBCB
:10EBD00000200949086002236A4600210846FFF721
:10EBE000B9FB002022E700BF20E7000068000020FA
:10EBF0001C0700207C00002078000020300000204E
:10EC0000300200201F1C1F1E1F1E1F1F1E1F1E1F45
:10EC100000000000000000000102030406070809CC
:10EC20000000000001020304895171F21DCB0000B5
:10EC300000000000000000008D5F307CF05E0000EE
:10EC40000000000000000000B22CE4247D900000D1
:10EC50000000000000000000579B07B3A4E900007B
:10EC60000000000000000000E32F50F2E3D000009D
:10EC70000000000000000000E9C1254FA07D000059
:10EC80000000000000000000FFFFFFFFFFFF00008A
:10EC900000000000000000007B2243223A7B224952
:10ECA00044223A25642C225543223A25642C2247DB
:10ECB00070223A25642C2259223A25642C224D22B6
:10ECC0003A25642C2244223A25642C2248223A25F3
:10ECD000642C226D223A25642C2253223A25642C7E
:10ECE0002245454D223A25647D7D0A000CED000841
:10ECF0000000002030020000EC590008ECED000894
:10ED000030020020B020000028D200084103110189
:10ED1000018202291BF214022503B50A02113019DF
:10ED200049091067C97C1325AC1B086D041A7D04C2
:10ED30001AA1041AD90413F1AB1B083508131201E8
:10ED4000140202021640830440571D0201020338D8
:10ED50000E21040309041A8D13ED5A1B08E9041A45
:10ED6000590413115B42085A10DC8173B2074B241B
:10ED7000F4BE120632022A40241381A81408C1A747
:10ED80004C08A3A93C1A0F101A11101A8D04C11AAD
:10ED900061181A51041A71041A41041C090243AB88
:10EDA000111DC03209046D1A020B1305241610013F
:10EDB0000524011009010424020205240617010795
:10EDC000058203081C100904E1320A1D070501022F
:10EDD0007B2C07058107110937442A40072A810740
:0CEDE000112B0907440A3B044481000089
:04000005080058EDAA
:00000001FF
