:020000040800F2
:10580000002300200159000861990008E590000874
:105810005D990008A75A000831D100080000000077
:10582000000000000000000000000000B5A000081B
:105830005B5C0008000000005B9D00081DA40008E0
:105840001B5900081B5900081B5900081B59000868
:105850001B5900081B5900081B5900081B59000858
:105860001B5900081B5900081B5900081B59000848
:105870001B5900081B5900081B5900081B59000838
:105880001B5900081B5900081B5900081B59000828
:1058900079D000081B5900081B5900081B59000843
:1058A0001B5900081B5900081B5900081B59000808
:1058B0001B590008D9A400081B5900081B590008EF
:1058C0001B5900081B5900081B5900081B590008E8
:1058D0001B590008EDA80008FDA800081B59000886
:1058E0001B5900081B5900081B590008DFF80CD091
:1058F00000F084F800480047C1D6000800230020CB
:105900000648804706480047FEE7FEE7FEE7FEE759
:10591000FEE7FEE7FEE7FEE7FEE7FEE7C9A40008B4
:10592000ED580008202A04DB203A21FA02F0002179
:10593000704721FA02F3D040C2F12002914008439F
:105940001946704740EA01039B0703D009E008C9E4
:10595000121F08C0042AFAD203E011F8013B00F834
:10596000013B521EF9D27047D2B201E000F8012B80
:10597000491EFBD270470022F6E710B513460A46CF
:1059800004461946FFF7F0FF204610BD421C10F8F0
:10599000011B0029FBD1801A70472DE9F05F0546F5
:1059A000002092469B4688460646814640241BE0DE
:1059B0002846414647462246FFF7B4FF53465A461B
:1059C000C01A914110D311461846224600F028F81B
:1059D0002D1A67EB01084F4622460120002100F0F6
:1059E0001FF817EB00094E41201EA4F10104DFDC73
:1059F000484631462A464346BDE8F09F064C074DCF
:105A000006E0E06840F0010394E80700984710348E
:105A1000AC42F6D3FFF76EFFE8E8000808E900089B
:105A2000202A04DB203A00FA02F10020704791405E
:105A3000C2F1200320FA03F319439040704770B578
:105A40008C1810F8015B15F0070301D110F8013B29
:105A50002A1106D110F8012B03E010F8016B01F8B0
:105A6000016B5B1EF9D12B0705D40023521E0DD408
:105A700001F8013BFAE710F8013BCB1A921C03E056
:105A800013F8015B01F8015B521EF9D5A142D8D38E
:105A9000002070BD10B5142004F070FA032114200A
:105AA00004F009FB10BD00BFFEE7000030B503465F
:105AB000042B15D007DC7BB1012B0ED0022B0DD0AF
:105AC000032B30D10BE0202B0BD0212B18D0222B15
:105AD00022D0232B27D125E026E025E024E023E077
:105AE00022E0002003E00C5C114D2C54401C0728E0
:105AF000F9DB00200F4C207001200F4C207013E0C8
:105B0000002003E00A4C245C0C54401C0728F9DBFD
:105B10000020084C207007E006480078401C054C27
:105B2000207001E000E000BF00BF002030BD000099
:105B30000401002000000020010000200020704728
:105B400010B500220449054805F03DF80449034812
:105B500005F032F8002010BD6C130020C00A0020B0
:105B6000840F002070B504460D460B492868086074
:105B7000002003E0215C094A1154401C06490968D1
:105B80008842F7D32146064805F016F8044804F089
:105B9000EFFF002070BD000018000020AC040020C2
:105BA000C00A00202DE9F04104460D4600260A48AF
:105BB000D0F8B872D7F8140210B10120BDE8F08116
:105BC0002A462146044804F0FEFF034805F07FF80A
:105BD00006463046F2E70000C00A00202DE9F041F9
:105BE0000746884615460421052000F029F8802143
:105BF0000A2004F060FA002405E0395D092007F06E
:105C000099FA601CC4B24445F7DB0321012007F078
:105C100091FAFF2400BF052004F0B0F90646601E8B
:105C2000C4B21CB106F004000028F4D0222004F015
:105C3000A5F92870212004F0A1F96870BDE8F08171
:105C400070B505460C46284604F098F9064626EA43
:105C50000401284607F06EFA70BD704710B504467F
:105C6000022C03DD07A008F0AFFB04E0134804702A
:105C700013A008F0A9FB4FF416711F48FFF77BFE35
:105C800010BD00007B2252656365697665223A7B10
:105C900022537461747573223A31397D2C22432268
:105CA0003A7B2254797065223A22446576696365AD
:105CB0004D6F6465227D7D0A000000000B0000200E
:105CC0007B2252656365697665223A7B2253746153
:105CD000747573223A32367D2C2243223A7B225449
:105CE000797065223A224465766963654D6F646513
:105CF000227D7D0A00000000AC04002072B603E0A3
:105D00001E21642007F0BAFCFAE700000021074AD0
:105D1000D1610749096941F00401054A1161114641
:105D2000096941F04001116170470000601C0020CA
:105D3000002002400021074AD1610749096941F06A
:105D40000201054A116111464861096941F04001AB
:105D500011617047601C0020002002400022054BAA
:105D6000DA61054A126942F00102034B1A610180AF
:105D700070470000601C00200020024000201E49E7
:105D8000C96801F0100139B11C49C96941F002012B
:105D90001A4AD16140F010001749C96801F00401A6
:105DA00039B11649C96941F00101144AD16140F085
:105DB00004001149C96901F0010169B10F49C969BC
:105DC00041F004010D4AD16100BF0B49C96921F0BE
:105DD0000101094AD16100BF00BF40F201118842B0
:105DE00006D10549C96921F00101034AD16101E0E9
:105DF0000149C86000BF704700200240601C0020BD
:105E000070B5044600F060FB054609E0601C38B13F
:105E100024B100F059FB401BA04201D9032070BD02
:105E20001248C06800F001000028EFD10F48C06898
:105E300000F0200020B100BF20200C49C86000BF46
:105E40000A48C06800F0100048B90848C06900F06E
:105E5000010020B90548C06800F0040018B1FFF740
:105E60008DFF0120DBE70020D9E700000020024081
:105E700070B50A480468001D0568001D06683444B2
:105E800054B108220649204603F0DAF904220449F5
:105E90001031284603F0D4F970BD0000E8F7FF1F69
:105EA000EA0000200146002291F82100022808D0D3
:105EB0000420886300BF002081F8200000BF01207B
:105EC00070470868006820F00E000B6818600868CA
:105ED000006820F001000B68186091F84030012044
:105EE0009840CB6B5860012081F8210000BF002052
:105EF00081F8200000BF1046E2E7000070B50446BC
:105F0000002594F82100022803D00420A063012575
:105F100048E02068006820F00E00216808602068D2
:105F2000006820F00100216808601F49206888424D
:105F300001D1012026E01C4914312068884201D19A
:105F400010201FE0184928312068884201D18015AF
:105F500018E015493C312068884201D1801411E0D5
:105F6000114950312068884202D14FF4803009E055
:105F70000D4964312068884202D14FF4801001E05D
:105F80004FF08070084908394860012084F82100EA
:105F900000BF002084F8200000BF606B10B12046D5
:105FA000616B8847284670BD0800024070B5044602
:105FB00000F08AFA06462546681C10B104480078AD
:105FC000054400BF00F080FA801BA842FAD370BDE0
:105FD000240100202DE9F04104460E46012700254A
:105FE00000BF2648007E012802D10220BDE8F081D2
:105FF00001202249087600BF2068022813D14CF204
:106000005030FFF7FDFE90BB0120FFF77FFE4CF202
:106010005030FFF7F5FE07461948006920F00400EC
:106020001749086123E04CF25030FFF7E9FEF0B960
:106030004FF0FF303060A56812E02846FFF77AFE87
:106040004CF25030FFF7DCFE07460D48006920F0A7
:1060500002000B4908610FB1356007E005F5806566
:10606000D4E9021001EB8020A842E6D800BF00BFAF
:1060700000200249087600BF3846B7E7601C0020C0
:10608000002002400348006940F080000149086197
:1060900000207047002002402DE9FE4F05468B4648
:1060A00017469846012600240020029000BF24488D
:1060B000007E012802D10220BDE8FE8F0120204988
:1060C000087600BF4CF25030FFF79AFE064686BBBA
:1060D000012D02D10120029006E0022D02D1022002
:1060E000029001E00420029000241EE02201B94643
:1060F000C24648465146FFF715FC80B20190022087
:1061000000FB04B000900199FFF728FE4CF25030DC
:10611000FFF776FE06460B48006920F001000949AA
:10612000086106B104E0601CC4B202988442DDDB61
:1061300000BF00BF00200249087600BF3046BBE721
:10614000601C00200020024000200849096901F07D
:10615000800151B10649054A516006495160114616
:10616000096901F0800101B101207047002002405F
:1061700023016745AB89EFCD2DE9F847034600229F
:1061800094466EE14FF0010808FA02F4D1F800805D
:1061900008EA0400A0427DD1DFF8DCA2D1F8048037
:1061A000A8EB0A09D0453AD014DCB8F1030F50D05F
:1061B00009DCB8F1000F31D0B8F1010F1CD0B8F1F3
:1061C000020F49D120E0B8F1110F18D0B8F1120F29
:1061D00042D11EE0B9F5881F25D006DCB9F5803F15
:1061E00020D0B9F5801F37D11AE0B9F5001F18D0BB
:1061F000B9F5041F30D117E0D1F80CC02DE0D1F86B
:106200000C8008F1040C28E0D1F80C8008F1080C8F
:1062100023E0D1F80C8008F10C0C1EE000BF00BF99
:1062200000BF00BF00BF00BFD1F80880B8F1000F69
:1062300002D14FF0040C0BE0D1F80880B8F1010F47
:1062400003D14FF0080C1C6102E04FF0080C5C61B8
:1062500003E04FF0000C00E000BF00BFFF2801D8B2
:10626000984601E003F104084646FF2802D84FEAA9
:10627000820803E0A2F108084FEA88084746D6F8EA
:1062800000804FF00F0909FA07F928EA09080CFA0B
:1062900007F900E088E048EA0908C6F80080D1F86C
:1062A000048008F08058B8F1805F7DD100BFDFF82E
:1062B000CC81D8F8188048F00108DFF8C091C9F8FF
:1062C0001880C846D8F8188008F00108CDF800807A
:1062D00000BF00BF4FEAB9384FEA920958F8295079
:1062E0004FEA82784FEA18794FF00F0808FA09F858
:1062F00025EA0805DFF88881434502D14FF0000800
:1063000016E0DFF88081434502D14FF001080FE02D
:10631000DFF87481434502D14FF0020808E0DFF84E
:106320006C81434502D14FF0030801E04FF00408AF
:106330004FEA82794FEA197908FA09F848EA05051F
:10634000DFF84C814FEA920948F82950D1F80480CF
:1063500008F48038B8F5803F0AD1DFF83881D8F8E2
:10636000008048EA0008DFF82C91C9F8008009E0B5
:10637000DFF82081D8F8008028EA0008DFF81491BF
:10638000C9F80080D1F8048008F40038B8F5003F5F
:1063900010D1DFF8008108F10408D8F8008048EA3D
:1063A0000008DFF8F09000E05AE009F10409C9F8AC
:1063B00000800DE0DFF8DC8008F10408D8F80080E8
:1063C00028EA0008DFF8CC9009F10409C9F8008038
:1063D000D1F8048008F48018B8F5801F0ED1DFF8DA
:1063E000B48008F10808D8F8008048EA0008DFF80F
:1063F000A49009F10809C9F800800DE0DFF8948045
:1064000008F10808D8F8008028EA0008DFF884902E
:1064100009F10809C9F80080D1F8048008F40018CF
:10642000B8F5001F0ED1DFF86C8008F10C08D8F821
:10643000008048EA0008DFF85C9009F10C09C9F80F
:1064400000800DE0DFF84C8008F10C08D8F80080DF
:1064500028EA0008DFF83C9009F10C09C9F800802F
:10646000521CD1F8008028FA02F8B8F1000F7FF42E
:1064700089AEBDE8F887000000001110001002404E
:1064800000080140000C01400010014000140140D0
:106490000800014000040140024693680B400BB124
:1064A000012000E00020704710B5C26821EA020315
:1064B00002EA010443EA0443036110BD0AB1016129
:1064C00001E00B0403617047014800687047000059
:1064D0001C01002070B504460CB9012070BD4CF6BB
:1064E000CC402168086045F2555021680860D4E925
:1064F000001048602168A0688860FFF7E5FF054646
:106500000BE0FFF7E1FF401B272806D92068C06891
:1065100000F0030008B10320E0E72068C06800F045
:1065200003000028EDD14AF6AA2021680860002067
:10653000D4E700000348006803490978084401498A
:10654000086070471C0100202401002010B5084895
:10655000006840F0100006490860032000F0A8F829
:10656000002000F007F800F02BF8002010BD00001C
:106570000020024070B504460E4800784FF47A714E
:10658000B1FBF0F00C490968B1FBF0F5284602F0C8
:1065900068F808B1012070BD102C07D200222146F6
:1065A000501E00F047F80548046001E00120F2E7C2
:1065B0000020F0E724010020380100202001002005
:1065C00008B500BF1148806940F001000F4988619B
:1065D0000846806900F00100009000BF00BF00BFC6
:1065E0000846C06940F08050C8610846C06900F0A4
:1065F0008050009000BF00BF00BF0549486820F0F0
:10660000E06040F00070486000BF08BD001002402C
:106610000000014001460846002809DB00F01F0386
:1066200001229A4043099B0003F1E023C3F80021B3
:1066300000BF70472DE9F05F80460D4616460027E3
:1066400006F0B4FD074639462A46334601F00700F6
:10665000C0F1070ABAF1040F02D94FF0040A01E0B1
:10666000C0F1070AD14600F1040ABAF1070F02D2BD
:106670004FF0000A01E0A0F1030AD4464FF0010AEE
:106680000AFA09FAAAF1010A0AEA020A0AFA0CFA53
:106690004FF0010B0BFA0CFBABF1010B0BEA030BF8
:1066A0004AEA0B042146404606F088FDBDE8F09F0B
:1066B00000BF00F00702064B19684FF6FF031940B0
:1066C000044B0B4343EA0221014B196000BF7047A2
:1066D0000CED00E00000FA0570B505460C4604F02C
:1066E0008000802808D104F0070000EB800605F147
:1066F000280000EBC60105E004EB840605F5B47044
:1067000000EBC6011AB900200873CB8004E0012019
:1067100008730B81180C4881002070BD704770B55C
:1067200004460D4605EB850304F1280101EBC30186
:106730004A692946D4F8E80204F0D0FD70BD70B56E
:1067400004460D4605EB850304F5B47101EBC30166
:106750004A692946D4F8E80204F040FE70BD70B5DD
:1067600004460E4606F0800080280AD106F0070095
:1067700000EB800104F1280000EBC10501206870E6
:1067800009E006F0070000EB800104F5B47000EBAF
:10679000C1050020687006F00700287000BF94F85B
:1067A000A802012801D1022070BD012084F8A802AE
:1067B00000BF2946206805F099FC00BF002084F83E
:1067C000A80200BF00BFEFE770B504460E4606F012
:1067D0000F006168884201D9012070BD06F0800079
:1067E00080280AD106F0070000EB800104F12800A0
:1067F00000EBC1050120687009E006F0070000EB1E
:10680000800104F5B47000EBC10500206870002021
:10681000A87006F00700287000BF94F8A8020128AD
:1068200001D10220D9E7012084F8A80200BF29463F
:10683000206805F0B7FD00BF002084F8A80200BF63
:1068400000BFCAE72DE9F04105460C46174607F49C
:106850008040002850D02868B0F85010207801EB14
:10686000C000801C296801F5806131F81000C0F378
:106870000906A069B04203D3A069801BA06101E0B2
:106880000020A061A069A8B900BF22785200296841
:1068900031F812104BF68F7201EA020080F40050BA
:1068A00040F4004141F0800123785B002A6822F81F
:1068B000131000BF07F04000A8B100BF00BF22784E
:1068C0005200296831F8121048F68F7201EA02006E
:1068D00040F4004141F0C00123785B002A6822F8AF
:1068E000131000BF00BF002E55D0228961693346C6
:1068F000286806F0CDFB4EE02868B0F850102078EC
:1069000001EBC000801D296801F5806131F810009D
:10691000C0F30906A069B04203D3A069801BA0613F
:1069200001E00020A061A069A8B900BF2278520050
:10693000296831F812104BF68F7201EA020080F4D8
:10694000005040F4004141F0800123785B002A6848
:1069500022F8131000BF07F04000A8B900BF00BF25
:1069600022785200296831F8121048F68F7201EA35
:10697000020040F4004141F0C00123785B002A6826
:1069800022F8131000BF00BF2EB16289616933463F
:10699000286806F07DFB3046BDE8F0812DE9F04720
:1069A00005460C46904608F04000002871D0286843
:1069B000B0F85010207801EBC000801C296801F568
:1069C000806131F81000C0F30907A069B84203D90B
:1069D000A069C01BA06101E00020A061A06900289F
:1069E0007ED100BF6078C8B900BF29682A68B2F8B4
:1069F000502011442278022303EBC20201F5806388
:106A000003EB420000BF028848F2FF331A400280C5
:106A1000028842F40042028000BF13E0607801283F
:106A200010D100BF28682A68B2F85020104422789C
:106A3000022303EBC20200F5806303EB4201002254
:106A40000A8000BF00BF00BF2968607810BB00BF8C
:106A50002B68D5F800C0BCF850C0634494F800C05F
:106A60004FF0060909EBCC0C03F5806909EB4C00EB
:106A700000BFB0F800C048F2FF390CEA090CA0F8DA
:106A800000C0B0F800C04CF4004CA0F800C000BF3B
:106A900011E0C0E0607801280DD12868B0F85000FE
:106AA00001442078062303EBC00001F5806303EB6B
:106AB00040020020108000BF21782846FFF72FFEFB
:106AC00008F48040002816D000BF00BF2278520092
:106AD000296831F8121048F68F7201EA020000E0CE
:106AE0000AE040F4004141F4814123785B002A68C8
:106AF00022F8131000BFCAE108F48040A8B100BF1B
:106B000000BF22785200296831F8121048F68F72BF
:106B100001EA020040F4004141F4814223785B0025
:106B2000296821F8132000BF00BF94F82400012831
:106B3000E1D1606938446061E0693844E06121690D
:106B4000206A884204D32669206A801B20620BE0F9
:106B5000206A20B93E46002084F8240004E000208A
:106B600084F82400266A206200BF6078B8BB00BFAA
:106B70002A682968B1F850100A442178022303EBEF
:106B8000C10102F5806303EB4101084600BF56B91D
:106B9000038848F2FF3C03EA0C030380038843F4B4
:106BA0000043038019E03E2E0BD800BF710806F0A9
:106BB000010303B1491C4FF6FF7303EA81230380ED
:106BC0000BE000BF710906F01F0303B9491E4FF423
:106BD000004343EA8123038000BF00BF13E0FFE7C7
:106BE000607801280FD100BF28682A68B2F85020C9
:106BF00010442278022303EBC20200F5806303EB0A
:106C000042010E8000BF00BFB3B2228961692868CB
:106C100006F06DFA3BE12868B0F85010207801EBDF
:106C2000C000801D296801F5806131F81000C0F3B3
:106C30000907A069B84203D3A069C01BA06101E0A5
:106C40000020A061A06900287DD100BF6078C8B98C
:106C500000BF29682A68B2F8502011442278022324
:106C600003EBC20201F5806303EB420000BF028820
:106C700048F2FF331A400280028842F40042028048
:106C800000BF13E06078012810D100BF28682A688F
:106C9000B2F8502010442278022303EBC20200F520
:106CA000806303EB420100220A8000BF00BF00BFE7
:106CB0002968607808BB00BF2B68D5F800C0BCF815
:106CC00050C0634494F800C04FF0060909EBCC0CA7
:106CD00003F5806909EB4C0000BFB0F800C048F232
:106CE000FF390CEA090CA0F800C0B0F800C04CF461
:106CF000004CA0F800C000BF10E0607801280DD162
:106D00002868B0F8500001442078062303EBC00047
:106D100001F5806303EB40020020108000BF217862
:106D20002846FFF7FCFC08F48040002816D100BF7D
:106D300000BF22785200296831F8121048F68F728D
:106D400001EA020000E00AE040F4004141F4814120
:106D500023785B002A6822F8131000BF97E008F43C
:106D60008040A8B900BF00BF22785200296831F8DE
:106D7000121048F68F7201EA020040F4004141F41B
:106D8000814123785B002A6822F8131000BF00BFFE
:106D900094F8240001287AD1606938446061E06980
:106DA0003844E0612169206A884204D32669206A58
:106DB000801B20620BE0206A20B93E46002084F848
:106DC000240004E0266A0020206284F8240000BF2A
:106DD0002A68607890BB00BFD5F800C02968B1F878
:106DE00050108C4421784FF0060909EBC1010CF5D5
:106DF000806909EB4101084600BF76B9B0F8009000
:106E000048F2FF3A09EA0A09A0F80090B0F80090A9
:106E100049F40049A0F8009020E03E2E0FD800BFB2
:106E2000710806F00109B9F1000F00D0491C4FF6B6
:106E3000FF7909EA8129A0F800900FE010E000BF77
:106E4000710906F01F09B9F1000F00D1491E4FF476
:106E5000004949EA8129A0F8009000BF00BF0FE077
:106E6000607801280CD12868B0F8500002442078DE
:106E7000062101EBC00002F5806101EB40031E809A
:106E800000BFB3B262896169286806F030F900BFBB
:106E900022785200296831F8121048F6BF7201EAD0
:106EA000020080F0100080F0200040F4004141F02A
:106EB000800123785B002A6822F8131000BF0020AD
:106EC000BDE8F087024601F0070000EB800302F501
:106ED000B47000EBC300C06970472DE9F047054668
:106EE0000E4690461F464FF0000906F080008028AD
:106EF0000AD106F0070000EB800105F1280000EB45
:106F0000C1040120607009E006F0070000EB800179
:106F100005F5B47000EBC1040020607006F00700B6
:106F20002070C4F81080E770607808B12078E081A4
:106F3000022F01D10020207100BF95F8A80201287E
:106F400002D10220BDE8F087012085F8A80200BF29
:106F50002146286804F0A0FE00BF002085F8A802A2
:106F600000BF4846EEE72DE9F04105460E461746BC
:106F7000984606F0070000EB800105F5B47000EBC1
:106F8000C1046761C4F818800020E061607006F0F9
:106F90000700207006F0070020B92146286805F098
:106FA0009CFA03E02146286805F097FA0020BDE826
:106FB000F08170B504460D4605F00700616888420F
:106FC00001D9012070BD05F0800080280AD105F0AC
:106FD000070000EB800104F1280000EBC10601204E
:106FE000707007E005EB850104F5B47000EBC10695
:106FF000002070700120B07005F00700307000BFF5
:1070000094F8A802012801D10220DBE7012084F8CE
:10701000A80200BF3146206805F031FA05F00700EC
:1070200020B904F52C71206805F0B9F900BF0020E3
:1070300084F8A80200BF00BFC4E72DE9F04105466F
:107040000E4690461F4606F0070000EB800105F152
:10705000280000EBC104C4F81480A761012084F863
:10706000240027620020E0610120607006F0070024
:10707000207006F0070020B92146286805F02DFA97
:1070800003E02146286805F028FA0020BDE8F081D9
:107090007FB50446206805F0F7FF00F40040B0F526
:1070A000004F02D1204602F05FFC206805F0ECFFA3
:1070B00000F48060B0F5806F0FD12068B0F8440014
:1070C0004FF6FF3108402168A1F84400204600F047
:1070D0009FF90021204600F0BBF9206805F0D4FF9D
:1070E00000F48040B0F5804F08D12068B0F844002B
:1070F0004BF6FF7108402168A1F84400206805F0B4
:10710000C3FF00F40050B0F5005F08D12068B0F86C
:1071100044004DF6FF7108402168A1F84400206842
:1071200005F0B2FF00F48050B0F5805F1DD12068FB
:10713000B0F840004FF6FB7108402168A1F840000C
:107140002068B0F840004FF6F77108402168A1F8B8
:107150004000204600F06EF92068B0F844004EF67A
:10716000FF7108402168A1F84400206805F08CFFF9
:1071700000F40060B0F5006F55D1002507E069000C
:10718000206830F811002DF81500681CC5B2082DD4
:10719000F5D32068B0F8400040F001002168A1F864
:1071A00040002068B0F840004FF6FE7108402168AA
:1071B000A1F8400000BF2068B0F8440000F48060EF
:1071C0000028F8D02068B0F844004FF6FF3108409E
:1071D0002168A1F84400002507E03DF815006A0089
:1071E000216821F81200681CC5B2082DF5D320686B
:1071F000B0F8400040F008002168A1F84000206885
:10720000B0F844004FF2FF7108402168A1F8440033
:107210002068B0F8400040F004002168A1F8400068
:10722000204600F057F9206805F02EFF00F40070AA
:10723000B0F5007F0BD12068B0F844004FF6FF5145
:1072400008402168A1F84400204600F0FAF82068C0
:1072500005F01AFF00F48070B0F5807F08D1206837
:10726000B0F844004FF6FF6108402168A1F84400DF
:107270007FBD30B585B0044614B9012005B030BDDE
:1072800094F8A90228B9002084F8A802204600F04A
:107290009DF8032084F8A902206805F076F81422EE
:1072A00004F110016846FEF74DFB94E80F0004F06E
:1072B00019FF20B1022084F8A9020120DEE7002195
:1072C000206805F00AFF002531E0012105EB850269
:1072D00004F1280000EBC200417005EB850104F1C8
:1072E000280000F8315005EB850100EBC100C58195
:1072F000002105EB850204F1280000EBC200C170FB
:1073000005EB850204F1280000EBC200016105EBEA
:10731000850204F1280000EBC200416105EB850203
:1073200004F1280000EBC2008161681CC5B26068EE
:10733000A842CAD800252AE0002105EB850204F501
:10734000B47000EBC200417005EB850104F5B47028
:1073500000F83150002105EB850200EBC200C1703E
:1073600005EB850204F5B47000EBC200016105EB8A
:10737000850204F5B47000EBC200416105EB8502A3
:1073800004F5B47000EBC2008161681CC5B260688E
:10739000A842D1D8142204F110016846FEF7D2FAAF
:1073A00094E80F0004F0E6FF20B1022084F8A9025F
:1073B000012063E7002084F82400012084F8A9025A
:1073C000206804F0D4FF002058E7000038B50446D8
:1073D0000D492068884215D100BF0C48C06940F4AF
:1073E00000000A49C8610846C06900F40000009026
:1073F00000BF00BF002211461420FFF71BF9142024
:10740000FFF708F938BD0000005C004000100240A2
:1074100070B504460125A068022801D0FEF76EFC75
:107420002946D4F8E80204F00DF9D4F8E80204F093
:10743000BFF870BD10B50446D4F8E80204F0E6F8D1
:1074400010BD10B50446D4F8E80204F0EAF810BD07
:1074500070B504460D4600BF94F8A802012801D17A
:10746000022070BD012084F8A80200BF84F82450D7
:107470002946206805F034FE00BF002084F8A802E9
:1074800000BF00BFEDE710B5044604F52C71D4F839
:10749000E80204F0EEF810BD10B5044600BF94F801
:1074A000A802012801D1022010BD012084F8A80201
:1074B00000BF206805F0D6FD01212046FFF72EF918
:1074C000206804F051FF00BF002084F8A80200BF2C
:1074D00000BFE9E710B50446D4F8E80204F022F949
:1074E000A06928B10348006840F00600014908601F
:1074F00010BD000010ED00E0012001490862704756
:1075000000000E422DE9F04385B006463BA30FCBA9
:1075100001AC0FC43DA0006800904FF000080025AA
:1075200000270024A146012E30D0022E55D0102E67
:107530005ED137484468006800F0807000B301A84D
:10754000C4F38341475C04F4803070B13048406834
:10755000C0F340401DF8008004F4803040B12D4855
:10756000B0FBF8F000FB07F502E02B4807FB00F545
:107570002748406800F48000B0F5800F01D1A9468B
:1075800003E068000321B0FBF1F932E02048046A0F
:1075900004F44070B0F5807F05D104F0020010B112
:1075A0004FF4004918E004F44070B0F5007F07D1B3
:1075B0001748406A00F0020010B149F640490BE05C
:1075C00004F44070B0F5407F06D11148006800F423
:1075D000003008B14FF224490BE000F09BF90C4950
:1075E0004968C1F38131491C4900B0FBF1F900E061
:1075F00000BF00BF484605B0BDE8F08302030405A4
:10760000060708090A0B0C0D0E0F101001020000EE
:107610000010024000127A0000093D00F8B504464F
:1076200000260025207800F0010000286BD00027FC
:107630004348C06900F0805070B900BF4048C0693D
:1076400040F080503E49C8610846C06900F0805053
:10765000009000BF00BF01273A48006800F4807026
:10766000B0B93848006840F4807036490860FEF7C9
:107670002BFF064606E0FEF727FF801B642801D992
:107680000320F8BD2F48006800F480700028F2D075
:107690002B48006A00F440752DB3A08800F44070B8
:1076A000A84220D02648006A20F4407501202649CF
:1076B0000860002008602248056205F0010090B1D2
:1076C000FEF702FF064608E0FEF7FEFE801B41F2D1
:1076D0008831884201D90320D3E71948006A00F0B5
:1076E00002000028F0D01648006A20F4407061685B
:1076F000084313490862012F04D10846C06920F0ED
:107700008050C86100BF207800F00200022807D135
:107710000B48406820F44040A1680843084948608D
:10772000207800F01000102807D10548406820F4A8
:107730008000E1680843024948600020A1E700009A
:1077400000100240007000404004424270470000B8
:1077500070B504460D460CB9012070BD5A4800684A
:1077600000F00700A8420ED25748006820F007003A
:107770002843554908600846006800F00700A84201
:1077800001D00120E9E7207800F0020002281DD195
:10779000207800F00400042805D14C48406840F4EB
:1077A000E0604A494860207800F00800082805D1C8
:1077B0004648406840F46050444948604348406847
:1077C00020F0F000A168084340494860207800F0AC
:1077D000010078B36068012806D13C48006800F4D5
:1077E000003090B90120B8E76068022806D1374818
:1077F000006800F0007040B90120AEE7334800682F
:1078000000F0020008B90120A7E73048406820F0E6
:107810000300616808432D494860FEF755FE06469F
:1078200009E0FEF751FE801B41F28831884202D9FF
:10783000032092E707E02548406800F00C006168EB
:10784000B0EB810FEDD12048006800F00700A8429E
:107850000ED91D48006820F0070028431A49086027
:107860000846006800F00700A84201D0012074E734
:10787000207800F00400042807D11448406820F460
:10788000E060E168084311494860207800F0080092
:10789000082808D10D48406820F46050216940EA6A
:1078A000C1000A49486000F045F808494968C1F339
:1078B0000311074A515CC840064908600648006841
:1078C000FEF758FE002048E700200240001002406A
:1078D0000CE80008380100202001002001200149A7
:1078E000C8647047000042420148006870470000C9
:1078F0003801002000B5FFF7F7FF04494968C1F3DC
:107900000221034A515CC84000BD00000010024043
:107910001CE8000800B5FFF7E7FF04494968C1F318
:10792000C221034A515CC84000BD00000010024063
:107930001CE80008F0B585B00FF26C0C9CE8E01074
:1079400001A8A0E8E0101CA52D68009500210022E8
:10795000002300240020194D696801F00C05F5B1E1
:10796000042D02D0082D19D101E0154819E001AD10
:10797000C1F38346AC5D01F4803555B10F4D6D68A0
:10798000C5F340451DF805200D4D6543B5FBF2F3E9
:1079900002E00C4D04FB05F3184602E000BF084866
:1079A00000BF00BF05B0F0BD0203040506070809CB
:1079B0000A0B0C0D0E0F1010010200000010024007
:1079C00000127A0000093D0010B50648806800F0FA
:1079D0008000802804D1FFF7B9FE80200149887219
:1079E00010BD000000100240F8B504460CB901209B
:1079F000F8BD207800F00100002878D0F8484068F1
:107A000000F00C0004280CD0F548406800F00C0091
:107A1000082811D1F248406800F48030B0F5803F6A
:107A20000AD1EF48006800F4003000285FD0606899
:107A300000285CD10120DBE700BF6068B0F5803F23
:107A400006D1E748006840F48030E549086028E046
:107A5000606858B9E248006820F48030E049086066
:107A60000846006820F4802008601AE06068B0F5DD
:107A7000A02F0BD1DA48006840F48020D849086074
:107A80000846006840F4803008600AE0D448006886
:107A900020F48030D24908600846006820F4802035
:107AA000086000BF606888B1FEF70EFD054606E07D
:107AB000FEF70AFD401B642801D9032098E7C84857
:107AC000006800F400300028F2D010E0FEF7FCFC63
:107AD000054606E0FEF7F8FC401B642801D90320A8
:107AE00086E7BF48006800F400300028F2D1207813
:107AF00000F00200022857D1B948406800F00C009D
:107B000050B1B748406800F00C00082818D1B448BC
:107B1000406800F4803098B9B148006800F0020075
:107B200020B12069012801D0012061E7AC4800683C
:107B300020F0F800616940EAC100A949086033E01B
:107B40002069E8B10120A7490860FEF7BDFC0546A1
:107B500006E0FEF7B9FC401B022801D9032047E7E5
:107B60009F48006800F002000028F2D09C4800689E
:107B700020F0F800616940EAC1009949086013E00B
:107B8000002098490860FEF79FFC054606E0FEF7D6
:107B90009BFC401B022801D9032029E7904800687C
:107BA00000F002000028F2D1207800F00800082838
:107BB0002DD1A069B8B101208B490860FEF784FC83
:107BC000054606E0FEF780FC401B022801D9032091
:107BD0000EE78348406A00F002000028F2D001203E
:107BE00002F000F913E000207F490860FEF76CFC0A
:107BF000054606E0FEF768FC401B022801D9032079
:107C0000F6E67748406A00F002000028F2D12078BA
:107C100000F00400042873D100277148C06900F007
:107C2000805070B900BF6E48C06940F080506C4908
:107C3000C8610846C06900F08050009000BF00BFD6
:107C400001276A48006800F48070B0B9674800688E
:107C500040F4807065490860FEF736FC054606E092
:107C6000FEF732FC401B642801D90320C0E65F48C0
:107C7000006800F480700028F2D000BFE06801289E
:107C800006D15748006A40F001005549086227E0D4
:107C9000E06858B95248006A20F001005049086273
:107CA0000846006A20F00400086219E0E068052830
:107CB0000BD14B48006A40F004004949086208466D
:107CC000006A40F0010008620AE04548006A20F0BE
:107CD0000100434908620846006A20F00400086277
:107CE00000BFE068A0B1FEF7EFFB054609E0FEF734
:107CF000EBFB401B41F28831884202D9032077E632
:107D000022E03748006A00F002000028EFD012E0BD
:107D1000FEF7DAFB054608E0FEF7D6FB401B41F212
:107D20008831884201D9032062E62D48006A00F0BC
:107D300002000028F0D1012F05D12948C06920F0A8
:107D400080502749C86100BFE069C8B32448406833
:107D500000F00C00082860D0E069022848D100201B
:107D600020490866FEF7B0FB054606E0FEF7ACFBCF
:107D7000401B022801D903203AE61948006800F0A8
:107D800000700028F2D1206AB0F5803F07D1144876
:107D9000406820F40030A168084311494860D4E9E4
:107DA000080108430E49496821F4741108430C493D
:107DB000486001200B490866FEF786FB054607E090
:107DC0003DE0FEF781FB401B022801D903200FE6AE
:107DD0000348006800F000700028F2D02FE0000097
:107DE0000010024000004242800442420070004005
:107DF000002014490866FEF767FB054606E0FEF71B
:107E000063FB401B022801D90320F1E50E480068FE
:107E100000F000700028F2D111E0E069012800D1E3
:107E2000E6E50948466806F48031206A814204D1BB
:107E300006F47011606A814201D00120D8E500206B
:107E4000D6E5000000004242001002402DE9F04754
:107E500080460E469246002500270024A146404653
:107E600002F019F881462548B9FBF0F4244800686F
:107E7000A04240D02248046040F2B2750EE028468D
:107E800005F0DBFA012806D1B4F5B77F02D3A4F5DB
:107E9000B77402E005E0A4F26D146D1CB4F5B67F72
:107EA000EDD800BF2F46A5F5FA60F070002515E06B
:107EB000012D09D1384605F0C0FA012804D11D2C46
:107EC00001D31D3C09E00BE00E48405DA04203D801
:107ED0000C48405D241A00E002E06D1C1C2CE7D227
:107EE00000BF681C7070601CB070B2787178F07858
:107EF00001F0EBFF30700020BDE8F08780510100F9
:107F00003401002000E800082DE9F04707460C4640
:107F100091460026B046002538684068C0F38000CE
:107F200010B10120BDE8F087384601F0B4FF0646E5
:107F30004FF46160B6FBF0F5B6FBF0F100FB1160A9
:107F40003C21B0FBF1F060704FF46160B6FBF0F1E2
:107F500000FB11603C21B0FBF1F201FB1200A070AC
:107F60001820B5FBF0F100FB11502070182D08D33C
:107F70001820B5FBF0F8B5FBF0F100FB11502070B4
:107F800000E025700020CDE770B5044600250CB94F
:107F9000012070BD607C20B900202074204600F0D4
:107FA0005BF802206074204600F085F918B10420C7
:107FB00060740120EDE7204601F033FF18B1042082
:107FC00060740120E5E72068406820F00700216820
:107FD0004860A06828B11F48006820F001001D49D2
:107FE00008601C48001F006820F46070A168084306
:107FF0001849091F08606068401C08B1656809E0FD
:108000000120FFF77FFA05461DB9042060740120A6
:10801000BFE76D1E2068806820F00F0040EA154021
:10802000216888602068C06865F30F002168C86017
:10803000204601F013FF18B1042060740120A8E766
:108040000021E17301216173A1730120607400209C
:108050009FE70000306C004038B504460B492068AB
:10806000884212D1FFF748FA00BF0948C06940F0C2
:1080700000600749C8610846C06900F000600090D0
:1080800000BF00BF01200349086038BD0028004040
:10809000001002403C0442422DE9F04F87B00646F2
:1080A0000F464FF0000900200690804600240590FE
:1080B00004900390824600BF48A207CA8DE80700DB
:1080C000304601F0E8FE81464FF46160B9FBF0F004
:1080D00006904FF46160B9FBF0F100FB11903C2178
:1080E000B0FBF1F0C0B204904FF46160B9FBF0F165
:1080F00000FB11903C21B0FBF1F201FB1200039058
:1081000018210698B0FBF1F201FB12000590F878F7
:1081100000F5FA6840F63300804500D9804640F209
:10812000B270804500D2804640F2B2750AE028461F
:1081300005F083F9012802D12B48044401E02B48C3
:1081400004446D1C4545F2D397F801A0404605F064
:1081500074F9012804D1BAF1020F01D9244804446A
:10816000AAF1010A002507E01DF8050040F2A3214D
:10817000484304EBC0146D1C5545F5D397F802B085
:10818000ABF1010040F2A321484304EBC014059871
:10819000C0EB4011C1EB002004EB00140498C0EBCD
:1081A000001004EB80040398044400BF307C0128D5
:1081B00003D1022007B0BDE8F08F0120307400BF6A
:1081C000022070742146304601F0C1FE0120707417
:1081D00000BF0020307400BF00BFEBE71F1C1F1E54
:1081E0001F1E1F1F1E1F1E1F0085E2018033E1019D
:1081F000805101002DE9F05F04460D4690460026AF
:108200000027B146B246204601F045FE07464FF42E
:108210006160B7FBF0F9B9F1180F0AD31820B9FB68
:10822000F0FA0AEB4A00C0004FF4616100FB01F76D
:1082300000E0002700BF207C012802D10220BDE819
:10824000F09F0120207400BF02206074B8F1000F7D
:108250000BD128784FF4616148436978C1EB011173
:1082600000EB8100A978461812E0287801F0CEFDD5
:108270004FF4616100FB01FB687801F0C7FDC0EBC2
:1082800000100BEB800BA87801F0C0FD0BEB000693
:108290003E443146204601F05AFE2068406820F0F6
:1082A0000500216848600120607400BF0020207430
:1082B00000BF00BFC3E770B5044600250CB901201C
:1082C00070BD2068406820F0080021684860FEF713
:1082D000FBF8054607E0FEF7F7F8401BB0F57A7F9C
:1082E00001D90320ECE72068406800F0080000286E
:1082F000F1D00020E4E710B504460CB9012010BD10
:10830000606A38B96068B0F5827F00D105E000216D
:10831000E16102E00021216161610021A16294F824
:10832000510028B9002084F85000204600F042F89F
:10833000022084F851002068006820F04000216885
:108340000860A08800F48270218901F40441084388
:10835000A18901F400610843217C01F00201084376
:10836000217D01F001010843218B01F400710843D4
:10837000217F01F0380108432021095D01F08001CF
:108380000843218D01F4005108432168086004214D
:10839000A06901EA1040216848602068C06920F4A3
:1083A00000602168C86100206065012084F85100E8
:1083B0000020A4E710B586B0044600200290039088
:1083C000049005901949206888422DD100BF1848B3
:1083D000806940F48050164988610846806900F43D
:1083E0008050019000BF00BF00BF0846806940F088
:1083F000040088610846806900F00400019000BF15
:1084000000BFA0200290022003900320059002A943
:108410000848FDF7B1FE4020029000200390049030
:1084200002A90448FDF7A8FE06B010BD00300140C7
:1084300000100240000801402DE9FF5F0446884615
:1084400091461D460E9E012002900020019000BF23
:1084500094F85000012803D1022004B0BDE8F09F39
:10846000012084F8500000BFFEF72EF8074694F86C
:1084700051B060680390AA46BBF1010F0BD003987E
:10848000B0F5827F04D1A06810B9BBF1040F02D00F
:1084900002200190DBE0B8F1000F03D0B9F1000F2A
:1084A00000D015B901200190D1E094F851000428C2
:1084B00002D0052084F8510000206065C4F838908F
:1084C000E587A587C4F83080E586A58620646064CA
:1084D0002068006800F04000402805D0206800684F
:1084E00040F0400021680860E068B0F5006F4AD1B4
:1084F000606810B1BAF1010F09D1206B00882168C2
:10850000C860206B801C2063E08E401EE08633E054
:108510002068806800F00200022810D1E08E70B15F
:10852000029801280BD1206B00882168C860206B5D
:10853000801C2063E08E401EE086002002902068B0
:10854000806800F0010068B1E08F58B12068C06811
:10855000A16B0880A06B801CA063E08F401EE087A9
:1085600001200290FDF7B0FFC01BB04204D3701C85
:1085700010B1032001906AE0E08E0028C8D1E08F9E
:108580000028C5D14AE0606810B1BAF1010F09D1E5
:10859000206B007821680873206B401C2063E08EFC
:1085A000401EE08634E02068806800F00200022867
:1085B00010D1E08E70B1029801280BD1206B0078A9
:1085C00021680873206B401C2063E08E401EE0860B
:1085D000002002902068806800F0010068B1E08F00
:1085E00058B12068C068A16B0870A06B401CA063E4
:1085F000E08F401EE08701200290FDF765FFC01B61
:10860000B04201D3701C00B916B9032001901EE0DE
:10861000E08E0028C7D1E08F0028C4D13A46314609
:10862000204601F0C7FC20B10120019020206065A8
:108630000DE0A06850B900BF002000902068C0681D
:10864000009020688068009000BF00BF00BF01203C
:1086500084F8510000BF002084F8500000BF01984A
:10866000FBE670B504462546681EB0F1807F01D355
:1086700001200FE0681E4FF0E02148610F214FF00C
:10868000FF3004F09BFD00204FF0E02188610720BF
:108690000861002070BD70477047000030B5024689
:1086A0000B4600BF92F83C00012801D1022030BDEA
:1086B000012082F83C0000BF022082F83D001068D3
:1086C00044681068816824F07004186804431068D6
:1086D0004460104D1068A8420BD01068B0F1804F74
:1086E00007D00D4D1068A84203D00C4D1068A84269
:1086F00005D121F080015868014310688160012094
:1087000082F83D0000BF002082F83C0000BF00BF9F
:10871000CDE70000002C01400004004000080040AC
:1087200010B504460CB9012010BD94F83D0028B9DD
:10873000002084F83C00204600F026F8022084F84F
:108740003D00211D206801F0D1FE012084F8460083
:1087500000BF84F83E0001213F2001554020015513
:108760004120015500BF00BF012084F84200432092
:108770000155442001554520015500BF012084F8D2
:108780003D000020D0E7000038B504461A492068B3
:10879000884216D100BF1948C06940F0020017494D
:1087A000C8610846C06900F00200009000BF00BF29
:1087B000002211461D20FDF73DFF1D20FDF72AFF79
:1087C00019E02068B0F1804F15D100BF0B48C06997
:1087D00040F001000949C8610846C06900F0010085
:1087E000009000BF00BF022211461C20FDF722FFAF
:1087F0001C20FDF70FFF38BD0004004000100240B0
:10880000014691F83D00012801D001207047022067
:1088100081F83D00124B086898420BD00868B0F10F
:10882000804F07D00F4B0868984203D00E4B086862
:1088300098420CD10868806800F00702062A0CD024
:108840000868006840F001000B68186005E00868DF
:10885000006840F001000B6818600020D6E70000B7
:10886000002C01400004004000080040014691F83F
:108870003D00012801D001207047022081F83D0011
:108880000868C06840F001000B68D860124B0868A7
:1088900098420BD00868B0F1804F07D00F4B0868A2
:1088A000984203D00E4B086898420CD10868806843
:1088B00000F00702062A0CD00868006840F00100AA
:1088C0000B68186005E00868006840F001000B685C
:1088D00018600020D0E70000002C01400004004098
:1088E000000800402DE9F04104460D4600BF94F811
:1088F0003C00012802D10220BDE8F081012084F86B
:108900003C0000BF022084F83D002068866826F005
:10891000770626F47F46206886602868502833D082
:108920000CDC202850D004DC00284BD0102851D17A
:1089300049E0302849D040284CD139E060282DD07A
:10894000702807D0B0F5805F03D0B0F5005F41D14B
:108950000DE040E0D5E902136A68206801F000FEEE
:108960002068866846F077062068866033E0D5E99F
:1089700002136A68206801F0F3FD2068806840F403
:1089800080402168886026E0EA686968206801F014
:10899000FBFD5021206801F0EEFD1CE0EA686968EB
:1089A000206801F004FE6021206801F0E4FD12E07F
:1089B000EA686968206801F0E7FD4021206801F05D
:1089C000DAFD08E000BF00BF00BF2968206801F0A1
:1089D000D2FD00E000BF00BF012084F83D0000BFD1
:1089E000002084F83C0000BF00BF85E7704710B549
:1089F000044620680069C0F34000D8B12068C06810
:108A0000C0F34000B0B16FF002002168086101209E
:108A100020772068806900F0030018B12046FFF736
:108A2000E5FF05E0204600F0ADF8204600F0ABF889
:108A30000020207720680069C0F38000D8B120684A
:108A4000C068C0F38000B0B16FF004002168086115
:108A5000022020772068806900F4407018B1204619
:108A6000FFF7C4FF05E0204600F08CF8204600F038
:108A70008AF80020207720680069C0F3C000D8B1D0
:108A80002068C068C0F3C000B0B16FF00800216872
:108A90000861042020772068C06900F0030018B145
:108AA0002046FFF7A3FF05E0204600F06BF82046C4
:108AB00000F069F80020207720680069C0F30010FA
:108AC000D8B12068C068C0F30010B0B16FF01000DA
:108AD00021680861082020772068C06900F4407090
:108AE00018B12046FFF782FF05E0204600F04AF863
:108AF000204600F048F8002020772068006900F048
:108B0000010058B12068C06800F0010030B16FF07A
:108B1000010021680861204600F036F820680069ED
:108B2000C0F3C01058B12068C068C0F3C01030B1A5
:108B30006FF08000216808612046FFF7ACFD2068D7
:108B40000069C0F3801058B12068C068C0F380107D
:108B500030B16FF0400021680861204600F020F835
:108B600020680069C0F3401058B12068C068C0F3A5
:108B7000401030B16FF02000216808612046FFF7F7
:108B80008BFD10BD7047704710B50446034920683F
:108B9000884201D101F0BCFA10BD00000004004081
:108BA00070477047704700002DE9F84F0446206871
:108BB00005682068C668206847694FF00009CA4602
:108BC00005F00F09B9F1000F0AD105F0200038B106
:108BD00006F0200020B1204601F032FDBDE8F88FFC
:108BE000B9F1000F71D007F0010018B906F49070C8
:108BF00000286AD005F0010030B106F4807018B189
:108C0000206C40F00100206405F0040030B107F052
:108C1000010018B1206C40F00200206405F0020051
:108C200030B107F0010018B1206C40F0040020645E
:108C300005F0080048B106F0200010B907F0010067
:108C400018B1206C40F008002064206C68B305F077
:108C5000200028B106F0200010B1204601F0F0FC01
:108C600020684069C0F3801A206C00F0080010B939
:108C7000BAF1000F22D0204601F0B7FC206840690D
:108C800000F04000B0B12068406920F04000216849
:108C90004861A06B50B15648A16B4863A06BFDF7CB
:108CA0002DF910B1A06B416B88470CE02046FFF70F
:108CB00079FF08E02046FFF775FF04E02046FFF744
:108CC00071FF0020206489E7FFE7206B012878D13D
:108CD00005F01000002874D006F01000002870D0B5
:108CE00000BF002000902068006800902068406865
:108CF000009000BF00BF2068406900F04000C0B392
:108D0000A06B006840681FFA80F8B8F1000F2FD000
:108D1000A08D40452CDDA4F82E80A06B8069202812
:108D20001FD02068C06820F480702168C860206867
:108D3000406920F00100216848612068406920F006
:108D4000400021684861202084F83E000020206314
:108D50002068C06820F010002168C860A06BFDF793
:108D6000A1F8A08DE28D801A81B22046FFF719FF8D
:108D700034E7FFE7A08DE18D401A1FFA80F8E08DFF
:108D8000E8B1B8F1000F1AD02068C06820F49070E4
:108D90002168C8602068406920F0010021684861AE
:108DA000202084F83E00002020632068C06820F066
:108DB00010002168C86041462046FFF7F2FE0DE72B
:108DC000FFE705F0800030B106F0800018B12046C2
:108DD00001F026FD02E705F0400030B106F040004A
:108DE00018B1204601F01CFCF8E600BFF6E60000D2
:108DF000D7A5000810B504460CB9012010BDA06924
:108E000000B100E000BF94F83D0028B9002084F8CC
:108E10003C00204600F028F8242084F83D0020681B
:108E2000C06820F400502168C860204601F07AFC38
:108E30002068006920F4904021680861206840693A
:108E400020F02A00216848612068C06840F4005082
:108E50002168C86000202064202084F83D0084F848
:108E60003E000020CAE7000010B586B0044600208E
:108E700002900390049005905D49206888423FD19C
:108E800000BF5C48806940F480405A4988610846C8
:108E9000806900F48040019000BF00BF00BF084619
:108EA000806940F0080088610846806900F0080089
:108EB000019000BF00BF40200290022003900320D9
:108EC000059002A94C48FDF757F980200290002038
:108ED0000390049002A94848FDF74EF900BF4749A6
:108EE000486840F0E06040F00400486000BF0022A5
:108EF00011462520FDF79EFB2520FDF78BFB75E035
:108F00003F492068884236D100BF3A48C06940F4E2
:108F100000303849C8610846C06900F4003001904B
:108F200000BF00BF00BF0846806940F004008861B0
:108F30000846806900F00400019000BF00BF0420D3
:108F40000290022003900320059002A92D48FDF70E
:108F500013F90820029000200390049002A92948E8
:108F6000FDF70AF9002211462620FDF763FB2620B3
:108F7000FDF750FB3AE024492068884236D100BF13
:108F80001C48C06940F480201A49C8610846C0697D
:108F900000F48020019000BF00BF00BF0846806938
:108FA00040F0080088610846806900F008000190E0
:108FB00000BF00BF08150290022003900320059017
:108FC00002A90D48FDF7D8F84FF400600290002088
:108FD0000390049002A90848FDF7CEF8002211463C
:108FE0002720FDF727FB2720FDF714FB06B010BD57
:108FF0000038014000100240000C01400000014018
:1090000000440040000801400048004070472DE93E
:10901000F84F04460E46174699464FF0000A94F85A
:109020003D0020285AD106B117B90120BDE8F88FBC
:1090300000BF94F83C00012801D10220F6E701208E
:1090400084F83C0000BF00202064212084F83D000B
:10905000FDF73AFA8246A784E784A068B0F5805FFE
:1090600004D1206910B90025B04602E035464FF022
:10907000000800BF002084F83C0000BF1BE05346FE
:10908000002280212046CDF8009001F0F9FB08B1C4
:109090000320CBE745B9B8F80000C0F30800216809
:1090A000486008F1020803E02878216848606D1CD8
:1090B000E08C401EE084E08C0028E0D15346002282
:1090C00040212046CDF8009001F0DAFB08B10320E2
:1090D000ACE7202084F83D000020A7E70220A5E7A8
:1090E0007047000002E002A005F06EF9FBE7000007
:1090F0007B22526563697665223A7B2253746174E0
:109100007573223A37307D7D0A00000030B59DB07E
:1091100004460D467022284901A8FCF713FC332DA4
:1091200037D006DC102D0BD0122D3AD0142D40D1A3
:1091300017E0352D1DD0372D0BD0392D39D120E03A
:10914000A006010E1D4B01AA602000F0BDF81DB065
:1091500030BDA006010E194B05AA612000F0B4F83D
:10916000F5E7A006010E154B09AA602000F0ACF847
:10917000EDE7A006010E114B0DAA612000F0A4F846
:10918000E5E7A006010E0D4B11AA612000F09CF846
:10919000DDE7A006010E094B15AA612000F094F846
:1091A000D5E7A006010E054B19AA602000F08CF847
:1091B000CDE70120CBE7000024E80008F01C0020E8
:1091C00070B504460D462946204600F0FFF870BDF4
:1091D00070B504460026002504E0002013494855D8
:1091E000681CC5B20A2DF8DB104800F0A4F830B1B5
:1091F0000020E070A070607020704E2070BD0B48A1
:1092000000F01DF930B90020E070A070607020708F
:109210004E20F3E7002504E00448405D6055681CDB
:10922000C5B2042DF8DB0020E8E70000F01C0020A8
:1092300070B504460D462946204600F0BEF970BDC3
:1092400030B50B46002100BF16E00A24B4EB107FB6
:1092500005D9302404EB107403F8114005E04124D3
:1092600004EB10740A3C03F81140000100254C0087
:10927000641C1D554C1CE1B29142E6DB30BD2DE96A
:10928000FC410446002700210D2003F053FF9320EA
:1092900020702020607001A8234602222146009001
:1092A0000C2000F0F9F806465EB9002503E0605D89
:1092B0004740681CC5B2042DF9DB605DB84200D0A0
:1092C00002263046BDE8FC812DE9F04385B0064614
:1092D0000F46904699468DF804608DF8057000247D
:1092E00006E018F8041001AAA01C1154601CC4B2B6
:1092F000062CF6DB002407E019F8041001AA04F19B
:1093000008001154601CC4B2042CF5DB04A801ABA6
:109310000C2201A900900E2000F0BEF805462DB9E0
:10932000082000F02BFE00F0080000B902252846B6
:1093300005B0BDE8F08370B5044608210846FCF787
:109340007FFC2146522000F05CF805461DB92046FE
:10935000FFF795FF0546284670BD000010B50122B5
:1093600010211848FDF7AAF8002201211648FDF740
:10937000A5F80120FCF71AFE012211461248FDF75C
:109380009DF80120FCF712FE00F053F88D212A20F1
:1093900003F0D0FE3E212B2003F0CCFE1E212D2019
:1093A00003F0C8FE00212C2003F0C4FE402115204C
:1093B00003F0C0FE3D21112003F0BCFEFCF76AFB68
:1093C00010BD000000080140000C01407CB50546BE
:1093D0000C46302020706570A21C02212046FCF74C
:1093E000FDFB01A823460422214600900C2000F03A
:1093F00053F8064616B90198902800D00226304648
:109400007CBD7CB506460C4607210D2003F092FE7C
:10941000267001A823460122214600900C2000F06E
:109420003BF8054615B90198102800D002252846BA
:109430007CBD10B50F21012003F07CFE10BDF0B5FE
:1094400085B0074693208DF8040070208DF8050044
:10945000002405E0395D01AAA01C1154601CC4B2AF
:10946000052CF7DB0DF10B02072101A8FCF7B6FB79
:1094700004A801AB092201A900900C2000F00CF80F
:1094800005462DB90498182802D19DF8046000E023
:109490000026304605B0F0BD2DE9FE4F0646884651
:1094A00091469A46DDF830B00220029000200190EB
:1094B00000900C2E06D00E2E09D112200190102003
:1094C000009005E0772001903020009000E000BF80
:1094D00000BF019840F08001022003F02BFE8021A4
:1094E0000420FCF7ADFB80210A2000F0E4FD002100
:1094F000012003F01FFE002505E018F805100920E3
:1095000003F018FE6D1C4D45F7D33146012003F0E2
:1095100011FE0C2E03D180210D2000F0CCFD4FF464
:10952000FA6500BF042000F029FD04466D1E35B128
:1095300004F0010018B9009820400028F2D08021E2
:109540000D20FCF77DFB95B3062000F017FD00F021
:109550001B0068BB002002900198204000F0010031
:1095600008B1012002900C2E24D10A2000F006FD43
:1095700004460C2000F002FD00F007072FB1601E2A
:1095800007EBC000CBF8000002E0E000CBF80000E1
:1095900004B90124102C00DD1024002505E0092069
:1095A00000F0ECFC0AF805006D1CA542F7D301E0C1
:1095B000022002900298BDE8FE8FF0B587B0064603
:1095C0000F46A0208DF804008DF805600DF106020D
:1095D000022101A8FCF702FB06A801AB042201A9A5
:1095E00000900C20FFF758FF054645B9069804285F
:1095F00005D19DF8040000F00F000A2800D00225D4
:109600000DBB002404E0385D01A90855601CC4B2FC
:10961000102CF8DB05AA102101A8FCF7DFFA06A838
:1096200001AB122201A900900C20FFF735FF05467F
:1096300045B90698042805D19DF8040000F00F00F4
:109640000A2800D00225284607B0F0BD00B585B035
:109650000020019002900390049000BF3D48806973
:1096600040F010003B4988610846806900F0100016
:10967000009000BF00BF00BF0846806940F0200096
:1096800088610846806900F02000009000BF00BF9C
:1096900000BF0846806940F0040088610846806980
:1096A00000F00400009000BF00BF00BF08468069C2
:1096B00040F0080088610846806900F008000090CA
:1096C00000BF00BF00224FF4E2612348FCF7F6FE22
:1096D000002201212148FCF7F1FE4FF4E2600190E5
:1096E00001200290002003900320049001A91A4851
:1096F000FCF742FD0120019002900020039002201F
:10970000049001A91548FCF737FD002208211348F1
:10971000FCF7D4FE08200190012002900020039065
:109720000220049001A90D48FCF726FD0122D10377
:109730000948FCF7C3FE4FF400400190012002905D
:10974000002003900320049001A90348FCF714FDB6
:1097500005B000BD0010024000080140000C0140AF
:1097600010B50748074908600620486040F6FF71B9
:1097700004488160FCF7AEFE08B1FCF7BFFA10BDEB
:1097800000300040340900201CB5002001900090FA
:109790000748084908604FF0FF3048604FF4807177
:1097A00004488160FEF7F0FB08B1FCF7A7FA1CBD86
:1097B000002800404009002010B50F480F490860FC
:1097C0004FF48270486000210C488160C1600161E3
:1097D00041614FF4007181612821C1610021016262
:1097E00041624FF4005181620921C162FEF783FD9D
:1097F00008B1FCF783FA10BD003001405409002085
:1098000000B587B000200390049005900690019069
:10981000029014481449086040F2DB50486000216F
:10982000114881600121C160002101618161FEF761
:1098300077FF08B1FCF762FA4FF48050039003A958
:109840000948FFF74FF808B1FCF758FA00200190DB
:10985000029001A90448FEF721FF08B1FCF74EFA77
:1098600007B000BD00040040AC09002010B5094855
:1098700009490860002108488160C16001610C212C
:10988000416100218161C161FFF7B4FA08B1FCF7C1
:1098900035FA10BD00380140F409002010B50B481E
:1098A0000B4908604FF4E1304860002108488160AE
:1098B000C16001610C21416100218161C161FFF73B
:1098C00099FA08B1FCF71AFA10BD000000440040F4
:1098D000380A00201FB500200090019002900390EC
:1098E0004FF480500090012001900220029003204C
:1098F000039069461448FCF73FFC00224FF4805166
:109900001148FCF7DBFD6420FCF750FB00220F49F7
:109910000F4801F0A4FC08B1FCF7F0F90D490C4820
:1099200001F036FF08B1FCF7E9F90B49084801F0EE
:109930003CF908B1FCF7E2F9054801F0F3FF08B182
:10994000FCF7DCF91FBD000000080140B400002056
:10995000C00A00204C0100200C01002000BFFEE7DF
:10996000FEF732F800BFFEE72DE9F0470546EAE1D1
:109970002868B0F844A00AF00F06002E7ED10AF045
:109980001000B0BB00BF2968098848F60F7201EAD1
:10999000020040F400412A68118000BF05F128044C
:1099A0002868B0F85010207801EBC000801C2968AE
:1099B00001F5806131F81000C0F30900E061E16950
:1099C00060690844606100212846FCF7A8FE95F80C
:1099D00024000028CBD0A0690028C8D195F8240025
:1099E00040F080002968A1F84C00002085F8240090
:1099F000A9E1FFE705F5B4742868B0F8008008F421
:109A0000006030B32868B0F85010207801EBC00037
:109A1000801D296801F5806131F81000C0F309004C
:109A2000E061A18B8BB2E28805F52C71286803F008
:109A30002FFB00BF2968098840F68F7201EA0200F7
:109A400040F080012A68118000BF2846FDF71BFD09
:109A500079E108F40040002889D000BF296809880E
:109A600040F68F7201EA020040F080012A681180FE
:109A700000BF2868B0F85010207800E06FE001EBDC
:109A8000C000801D296801F5806131F81000C0F325
:109A90000900E061E06990B1606980B1B4F81CC070
:109AA0001FFA8CF3E2886169286803F0F1FAE16932
:109AB00060690844606100212846FCF740FE286880
:109AC000008800F40060002892D100BF2A6829684D
:109AD000B1F850100A4402F20C41084600BF236955
:109AE00053B9038848F2FF3C03EA0C030380038860
:109AF00043F4004303801EE023693E2B0DD800BFD2
:109B000023695908237C03F0010303B1491C4FF674
:109B1000FF7303EA812303800DE000BF2369590925
:109B2000237C03F01F0303B9491E4FF4004343EAAB
:109B30008123038000BF00BF00BF00BF29680988E0
:109B40004BF68F7201EA020080F4805080F40050DE
:109B500040F4004141F080012A681180F3E0710077
:109B6000286830F8118008F4004000287ED000BF3B
:109B70007200296831F8121040F68F7201EA020073
:109B800040F0800173002A6822F8131000BF06EB32
:109B9000860105F5B47000EBC104207BB0B92868DC
:109BA000B0F85010207801EBC000801D296801F545
:109BB000806131F81000C0F30907002F5BD0E28804
:109BC00061693B46286803F063FA54E0E0780228B4
:109BD00006D1424621462846FCF734FE07464AE0B5
:109BE00000BF00BF22785200296831F8121048F6F1
:109BF0008F7201EA020040F4004141F0C001237875
:109C00005B002A6822F8131000BF00BF21784900CA
:109C1000286830F8110000F48040A8B12868B0F836
:109C20005010207801EBC000801C296801F580618C
:109C300031F81000C0F30907EFB1228961693B4692
:109C4000286803F025FA16E02868B0F8501020784C
:109C500001EBC000801D296801F5806131F810001A
:109C6000C0F309073FB16289616900E017E03B4634
:109C7000286803F00DFAE0693844E061606938440F
:109C80006061A06910B12069B84204D921782846E2
:109C9000FCF755FD03E02146286802F01EFC08F0A1
:109CA0008000B0B306EB860105F1280000EBC1048B
:109CB00000BF7200296831F8121048F60F7201EAED
:109CC000020040F4004173002A6822F8131000BF1C
:109CD000E078032807D0E07828B1E07802282DD179
:109CE00008F4807050BB2868B0F85010207801EB61
:109CF000C000801C296801F5806131F81000C0F3B4
:109D00000909A069484505D9A069A0EB0900A0612F
:109D100002E018E00020A061A06920B9217828465F
:109D2000FCF7FDFC0FE0606948446061E06948446D
:109D3000E0612146286802F0D0FB04E0424621465B
:109D40002846FCF72BFE2868B0F8440000F40040D9
:109D500000287FF40DAEBDE8F087704710B50224EF
:109D600005E00A49081903F05DFF601CC4B207480A
:109D70004078401CA042F4DA05A004F025FB4FF423
:109D800016710248FBF7F7FD002010BDAC0400205F
:109D90007B2252656365697665223A7B2253746142
:109DA000747573223A32362C2254797065223A2225
:109DB000506F735472616E73616374696F6E227D4C
:109DC0007D0A000001B582B06420012301AA02A926
:109DD00000900348FEF730FB9DF804000EBD000024
:109DE0005409002008B508490968C9084FF47A7277
:109DF000B1FBF2F14143009100BF00BF00994A1E40
:109E000000920029F9D108BD38010020014600BFA9
:109E1000080900EB8000420001F00F001044C0B2BE
:109E2000704770B504460025FCF74EFB054607E079
:109E3000FCF74AFB401BB0F57A7F01D9032070BDC7
:109E40002068406800F020000028F1D020684068B9
:109E500040F01000216848600020F0E770B504462B
:109E600000252068406820F0100021684860FCF759
:109E70002BFB054607E0FCF727FB401BB0F57A7F7C
:109E800001D9032070BD2068406800F02000002840
:109E9000F1D00020F6E730B501460022002300246F
:109EA00000200D68AD69AAB20D68ED69ACB20D680D
:109EB000AD69ABB29A4205D00D68ED6963F31F45F9
:109EC000284601E044EA024030BDF0B504460B46A6
:109ED0000021002504F5FA61032B1BD2C3EBC3005C
:109EE00000EB03100926B0FBF6F01044001D4618E5
:109EF000481E06EB90066427B0FBF7F0361A481EA2
:109F0000BF00B0FBF7F030440726B0FBF6F706FBC6
:109F100017051AE0C3EBC30000EB03100926B0FBE2
:109F2000F6F01044001D084400EB91006426B1FBDC
:109F3000F6F6801B4FF4C876B1FBF6F63044801E6F
:109F40000726B0FBF6F706FB1705E8B2F0BD70B5C3
:109F500004460D4600262046FFF763FF08B10126A0
:109F60000AE0280C21688861A8B22168C8612046EF
:109F7000FFF774FF00B10126304670BD70B504468E
:109F8000002210210A48FCF799FA7E2101EA4401D7
:109F900041F08000FFF716FF0020FFF713FF054692
:109FA000012210210248FCF789FA284670BD000002
:109FB00000080140F8B504460D4616462B4600221F
:109FC00080212046009600F009F828B1606D40F02D
:109FD000200060650320F8BD0020FCE72DE9F84F64
:109FE00004460D4690461E46DDF82890FCF76CFAB4
:109FF000A0EB0900371AFCF767FA82462C48006884
:10A00000C0F3CB307843009045E0701C002842D06C
:10A01000FCF75AFAA0EB0A00B84200D2A7BB2068AE
:10A02000406820F0E000216848606068B0F5827FF9
:10A030000DD1A068B0F5004F03D0A068B0F5806FD7
:10A0400005D12068006820F0400021680860A06AFF
:10A05000B0F5005F0DD100BF2068006820F400500B
:10A06000216808602068006840F40050216808609A
:10A0700000BF012084F8510000BF002084F8500088
:10A0800000BF0320BDE8F88FFFE7009800B9002764
:10A090000098401E0090206880682840A84201D1A6
:10A0A000012000E000204045AFD10020EAE7000099
:10A0B00038010020704770B505460C462846FFF76A
:10A0C0005DFF064646EA0401284603F033F870BDFA
:10A0D0000146012901DB012070470120024A02EB01
:10A0E000411290700020F7E7901C002070B50446E4
:10A0F0000D4629462046FCF7CFF970BD70B50446E1
:10A100000D461646324629462046FCF7D7F970BD63
:10A1100070B500F0F9F80546002411E0164800EB90
:10A120004410C07F15490978884208D145FA04F2E5
:10A1300002F00101104A02EB441000F0ABF8641C7D
:10A14000012CEBDB0D48007848B9002405E00A49F2
:10A1500001EB441000F01BF9641C012CF7DB0748ED
:10A160000078401C0549087008460078052801DB86
:10A170000020087070BD0000901C00204F020020DD
:10A18000F0B504460D461646059F012C01DB012063
:10A19000F0BD0020254901EB44110870234901EB73
:10A1A00044118871214901EB441148711F4901EBA9
:10A1B000441148811D4901EB441148701B4901EBD2
:10A1C00044118870194901EB44110871174901EBDA
:10A1D0004411C870154901EB4411C871134901EBD2
:10A1E00044110872124800EB8410104901EB44112D
:10A1F000C8600E4800EB441083610C4800EB44102B
:10A2000087830A4800EB44100561084800EB4410BE
:10A2100086820020054901EB44118877034901EB50
:10A220004411C877FFF754FF0020B1E7901C0020CD
:10A23000B01C002030B503460C46012B01DB012089
:10A2400030BD134800EB4310007808B10120F7E758
:10A2500000200F4D05EB4315E8710D4800EB43104E
:10A260000272002106E0605C094D05EB4315ED68C4
:10A270006854491C9142F6DB0120054D05EB43155E
:10A280002870034D05EB431568700020D8E70000E7
:10A29000901C002010B58278002A33D0827962B9F0
:10A2A00001B110BD002242718279521C82710023DB
:10A2B000C26820324489135524E08279092A14DACD
:10A2C000C26820324389D25C01F001034479A34083
:10A2D0001A43D3B2C2682032448913558279521C82
:10A2E00082714279521C42710CE08279092A09D1AB
:10A2F00000228271827729B142891F2A02DA4289BB
:10A30000521C428100BFCCE770B5002600242CE02F
:10A31000184A02EB4412918B164A02EB44129069E0
:10A32000FFF7E4FE0546134800EB44108079B0B90E
:10A33000104800EB4410807F88B985B90E4800783A
:10A34000801C052190FBF1F201FB1200094901EB91
:10A350004411C8770120074901EB4411887705F0C3
:10A360000100A0403043C6B2641C012CD0DB304653
:10A3700070BD0000901C00204F02002070B5044604
:10A380000D46A18A2A462069FFF7B8FE70BD10B5B8
:10A390000446607800283FD0207958B90120207009
:10A3A0000020E07000212046FFF7E8FF2079401CE4
:10A3B000207131E02079092810DAE279E068805CC8
:10A3C000E278104100F001012046FFF7D7FF207925
:10A3D000401C2071E078401CE0701DE020790928C5
:10A3E00007D101212046FFF7C9FF2079401C2071C9
:10A3F00012E020790A280FD100202071E079401C5A
:10A40000E071207AE179884203DD012020706070DC
:10A4100002E000202070607010BD000010B5FCF755
:10A4200089F803480088401C0149088010BD0000DD
:10A430006000002000B593B0282109A8FBF79BFA23
:10A44000142104A8FBF797FA0020009001900290D5
:10A4500003900D2009904FF480300A9000200B905B
:10A4600001200C900D900F9002201090C1031191CB
:10A470004FF4E011129109A8FDF7B6FA08B1FBF705
:10A480003DFC0F20049002200590002006904FF420
:10A490008060079000200890022104A8FDF758F979
:10A4A00008B1FBF72BFC112000904FF48070019055
:10A4B000002003906846FDF7B1F808B1FBF71EFCD9
:10A4C000FDF70CFA13B000BD01480249086070475F
:10A4D0000058000808ED00E010B50348FEF754FBF3
:10A4E0000148FEF784FA10BDAC09002010B50268DF
:10A4F000184B984208D0B0F1804F05D0164B9842C7
:10A5000002D0164B984203D122F070024B681A43D6
:10A51000104B984208D0B0F1804F05D00E4B9842B6
:10A5200002D00E4B984203D122F44072CB681A43FA
:10A5300022F080034C6943EA040202608B68C36224
:10A540000B688362034B984201D10B6903630123BB
:10A55000436110BD002C0140000400400008004091
:10A5600030B50C46816821F47F4142EA032525433A
:10A570002943816030BD0A46816821F0700142F0B4
:10A58000070319438160704730B50B461446026AD1
:10A59000056A25F001050562816921F0F00141EAB3
:10A5A000041122F00A021A438161026230BD30B503
:10A5B0000B461446056A25F0100505628169026A9A
:10A5C00021F4704141EA043122F0A00242EA031270
:10A5D0008161026230BD70B505466C6A0020E0857D
:10A5E000E0842046FEF7DEFA70BD0168C96821F4F8
:10A5F00090710268D1600168496921F00101026827
:10A600005161016B012905D10168C96821F0100170
:10A610000268D160202180F83E100021016370475C
:10A6200010B504462068C06820F040002168C8606A
:10A63000202084F83D002046FEF752FD002010BD8A
:10A64000F8B5044694F83E00222869D1A068B0F518
:10A65000805F0CD1206950B90025A66A2068406847
:10A66000C0F308003080A06A801CA06215E0A56AD3
:10A670000026A068B0F5805F03D0A06828B92069E3
:10A6800018B920684068287004E02068406800F02D
:10A690007F002870A06A401CA062E08D401E80B23E
:10A6A000E085A8BB2068C06820F020002168C86051
:10A6B0002068C06820F480702168C8602068406904
:10A6C00020F0010021684861202084F83E00206BC2
:10A6D00001281ED1002020632068C06820F01000EF
:10A6E0002168C8602068006800F0100010280AD1B6
:10A6F00000BF00200090206800680090206840683B
:10A70000009000BF00BFA18D2046FEF74AFA03E08B
:10A7100004E02046FEF77AFC0020F8BD0020FCE7AC
:10A720000220FAE770B504462168096921F4405116
:10A73000E2681143226811612269A16811436269CC
:10A7400041EA02052168C96841F20C62914329433C
:10A750002268D1602168496921F44071A2691143DE
:10A76000226851612D4A2168914202D1FDF7D2F849
:10A7700001E0FDF7BFF800EBC00101EB00116268DA
:10A780009200B1FBF2F100EBC00202EB0012636831
:10A790009B00B2FBF3F26423B2FBF3F202EBC203C1
:10A7A00003EB0212A1EB8201322202EB01116422BF
:10A7B000B1FBF2F101F0F00100EBC00202EB00127C
:10A7C00063689B00B2FBF3F26423B2FBF3F201EB8C
:10A7D000021200EBC00101EB001163689B00B1FBAA
:10A7E000F3F100EBC00303EB00136668B600B3FBA4
:10A7F000F6F36426B3FBF6F303EBC30606EB031391
:10A80000A1EB8301322303EB01116423B1FBF3F1CC
:10A8100001F00F0111442268916070BD00380140C1
:10A82000014691F83D00212828D18868B0F5805F65
:10A830000BD1086948B90A6A1088C0F308000B6890
:10A840005860086A801C086205E00B6A581C0862A0
:10A8500018780B685860C88C401E80B2C88458B9FC
:10A860000868C06820F080000B68D8600868C0687D
:10A8700040F040000B68D860002070470220FCE7E1
:10A880002DE9F04104460D4617469846069E21E004
:10A89000701CF8B12EB1FBF717FEA0EB0800B04218
:10A8A00018D92068C06820F4D0702168C86020687A
:10A8B000406920F0010021684861202084F83D00B3
:10A8C00084F83E0000BF002084F83C0000BF032055
:10A8D000BDE8F081206800682840A84201D101202D
:10A8E00000E00020B842D3D00020F1E710B50248C4
:10A8F000FEF75AF910BD0000F409002010B50E480B
:10A90000FEF752F90C480068006800F0200020288B
:10A9100011D10A480068C1B209480A4A1268815434
:10A920000021024607480068401C11540548006891
:10A93000401C0449086010BD380A0020044400404F
:10A9400054020020200000202DE9F04104460D466D
:10A95000D4F8B862D4F8C072D4F8B80278B305EB72
:10A96000850104F1140000EB8100806808B305EB59
:10A97000850104F1140000EB810005EB850281687C
:10A9800007F1280000EBC2000069B1FBF0F200FB08
:10A99000121070B9002105EB850204F1140000EBE0
:10A9A0008200816000231A462946204600F0C4FE3A
:10A9B00002E00020C6F814020020BDE8F081FFE7A5
:10A9C0000220FAE770B504460E46D4F8B852314674
:10A9D000204600F056FDC5F80C02D4F8B80248B184
:10A9E000D5F80402D4F8BC12CA6805F50371904783
:10A9F000002070BD0220FCE770B504460E4600251D
:10AA00008121204600F057FC0021E162012120460F
:10AA100000F051FC0021C4F86C118221204600F0A6
:10AA20004AFC00212164D4F8B80250B1D4F8BC1219
:10AA300048688047D4F8B80201F027F90020C4F82C
:10AA4000B802284670BD70B50546D5F8B842D5F8AD
:10AA5000BC0278B194F80002FF280BD094F80122D0
:10AA600094F80002D5F8BC128B6821469847FF2065
:10AA700084F80002002070BD01460A2008800148C9
:10AA80007047000040010020014643200880014833
:10AA900070470000C801002001464320088001489B
:10AAA00070470000840100200146432008800148CF
:10AAB000704700000C0200202DE9F04104460F46CB
:10AAC0000026207C88B94FF40073022281212046A1
:10AAD00000F03EFD0121E1624B020222204600F01F
:10AAE00037FD0121C4F86C110FE0402302228121BF
:10AAF000204600F02DFD0121E16240230222204684
:10AB000000F026FD0121C4F86C11082303228221E4
:10AB1000204600F01DFD012121644FF4077001F073
:10AB2000B5F8C4F8B802D4F8B80208B901261CE098
:10AB3000D4F8B852D4F8BC12086880470020C5F891
:10AB40001402C5F81802207C40B94FF400730121AB
:10AB50002046D5F8042200F013FD06E04023012131
:10AB60002046D5F8042200F00BFD3046BDE8F08108
:10AB700070B50446D4F8B852D4F8B80298B1207C25
:10AB800040B94FF4007301212046D5F8042200F0AB
:10AB9000F7FC06E0402301212046D5F8042200F00E
:10ABA000EFFC002070BD0220FCE70246022011B13C
:10ABB000C2F8BC12002070470246D2F8B832C3F87F
:10ABC00004120020704710B50346D3F8B842C4F809
:10ABD0000812C4F81022002010BD2DE9FC410546E2
:10ABE0000C46D5F8B862002001900090002720782C
:10ABF00000F0600040B320285FD1E088E0B1207809
:10AC000000F0800060B1E2886078D5F8BC128B68F3
:10AC100031469847E2883146284600F0E6F812E0CF
:10AC2000607886F80002A07986F80102E288314651
:10AC3000284600F0B9F806E06078D5F8BC1200228A
:10AC40008B68214698473EE0607820B10A2812D0F0
:10AC50000B282AD11FE095F89C02032805D1022277
:10AC60006946284600F0C1F804E02146284600F075
:10AC70008FF802271FE095F89C02032805D10122D6
:10AC800001A9284600F0B1F804E02146284600F06A
:10AC90007FF802270FE095F89C02032804D0214694
:10ACA000284600F075F8022705E02146284600F006
:10ACB0006FF8022700BF00BF05E02146284600F0DC
:10ACC00067F8022700BF00BF3846BDE8FC8170B5B9
:10ACD0000546D5F8B842D5F8B802A8B1D4F81402A0
:10ACE00080B90120C4F81402D4F810122963B4F812
:10ACF000100283B281212846D4F8082200F01CFDFE
:10AD0000002070BD0120FCE70220FAE770B5044680
:10AD10000D46D4F8B40229464268204690470020E8
:10AD200070BD70B504460D4694F89C02012804D00D
:10AD3000022803D003280CD101E000BF00BF6888BF
:10AD4000012805D10020C4F8A402204600F05EF8D6
:10AD500004E02946204600F01BF800BF00BF70BD8C
:10AD600070B506460C4615462B4622460021304655
:10AD700000F006FC002070BD70B506460C46154676
:10AD80002B4622460021304600F0D6FC002070BD44
:10AD900070B504460D468021204600F0A1FC00213C
:10ADA000204600F09DFC70BD70B504460E46154669
:10ADB0000320C4F894024FF4AE700551001D0551F4
:10ADC0002B4632460021204600F0DAFB002070BD01
:10ADD00010B504460520C4F8940200231A4619460B
:10ADE000204600F0CDFB002010BD70B504460E4695
:10ADF00015460220C4F89402E56125622B463246CE
:10AE00000021204600F098FC002070BD10B50446DB
:10AE10000420C4F8940200231A461946204600F084
:10AE20008BFC002010BD000070B505460C462DB906
:10AE30002246064906A000F0D3F904E02246034961
:10AE400003A000F0CDF9014870BD0000840D002082
:10AE500043444320436F6E66696700000246122038
:10AE60000880014870470000D000002070B50546FA
:10AE70000C462DB92246064906A000F0B1F904E0BF
:10AE80002246034903A000F0ABF9014870BD000061
:10AE9000840D002043444320496E746572666163EB
:10AEA0006500000002460420088001487047000049
:10AEB000E400002070B505460C462246024903A076
:10AEC00000F08EF9004870BD840D00204A61686171
:10AED0006E476F737461720070B505460C462DB9EC
:10AEE0002246064906A000F07BF904E02246034909
:10AEF00003A000F075F9014870BD0000840D00202A
:10AF00004A6168616E476F73746172506F7274004A
:10AF100070B505460C461A202080FAF7A9FF0148B3
:10AF200070BD0000E800002070B504460D46E888BA
:10AF3000012804D029462046FFF72AFF1EE094F896
:10AF40009C02012804D0022803D0032810D109E074
:10AF500000BF0020A060012204F108012046FFF795
:10AF600044FF0AE00122211D2046FFF73EFF04E0D6
:10AF700029462046FFF70CFF00BF00BF70BDF8B5A3
:10AF800004460E460020009000270025708800121D
:10AF9000082875D2DFE800F0C7040C20C7C7A5B5A4
:10AFA000207CD4F8B0120A68694690470746C1E091
:10AFB000207C40B9D4F8B402816A684688470746C5
:10AFC0000220787007E0D4F8B402C16A6846884766
:10AFD000074602207870ADE0B078062878D2DFE826
:10AFE00000F00316293C5063D4F8B002406838B131
:10AFF000207CD4F8B0124A6869469047074605E0BD
:10B0000031462046FFF7C4FE681CC5B267E0D4F89D
:10B01000B002806838B1207CD4F8B0128A686946E2
:10B020009047074605E031462046FFF7B1FE681C11
:10B03000C5B254E0D4F8B002C06838B1207CD4F86E
:10B04000B012CA6869469047074605E03146204677
:10B05000FFF79EFE681CC5B241E0D4F8B00200695B
:10B0600038B1207CD4F8B0120A6969469047074687
:10B0700005E031462046FFF78BFE681CC5B22EE086
:10B0800051E0D4F8B002406938B1207CD4F8B01255
:10B090004A6969469047074605E031462046FFF772
:10B0A00077FE681CC5B21AE0D4F8B002806940B1DE
:10B0B000207CD4F8B0128A6969469047074606E0BA
:10B0C00006E031462046FFF763FE681CC5B206E085
:10B0D00031462046FFF75CFE681CC5B200BF00BFCA
:10B0E00028E0207C30B9D4F8B402416B6846884728
:10B0F000074605E031462046FFF74AFE681CC5B208
:10B1000018E0207C40B9D4F8B402016B6846884747
:10B1100007460720787005E031462046FFF738FEE5
:10B12000681CC5B206E031462046FFF731FE681CB8
:10B13000C5B200BF00BF05B1F8BDBDF8000088B1C1
:10B14000F08878B1F088BDF80010884202DDBDF8C3
:10B15000000000E0F0880090BDF80020394620464D
:10B16000FFF743FEF08810B92046FFF74FFE00BFFF
:10B17000E2E70146002002E0421CD0B2491C0A78F6
:10B18000002AF9D1704770B504460D4694F89C0228
:10B19000012804D0022803D003281AD101E000BFFF
:10B1A00000BFE888022804D029462046FFF7F0FDBA
:10B1B00014E00120E060D4F8A40218B1E06840F087
:10B1C0000200E060022204F10C012046FFF70DFEB0
:10B1D00004E029462046FFF7DBFD00BF00BF70BD3D
:10B1E0002DE9F04104460D4617460026FCB12046E5
:10B1F000FFF7BFFF022101EB400038803A7830466C
:10B20000711CCEB22A5403223046711CCEB22A548D
:10B210000AE014F8012B3046711CCEB22A540022E9
:10B220003046711CCEB22A5420780028F1D1BDE8F6
:10B23000F0810146002031B1012906D0022906D053
:10B24000032908D105E0002007E0022005E00120E5
:10B2500003E0022001E0022000BF00BF704770B58C
:10B2600004460D4616460CB9022070BDD4F8B4024F
:10B2700010B10020C4F8B4020DB1C4F8B0520120DE
:10B2800084F89C022670204600F004F90020ECE7C8
:10B290002DE9F04104460D46002600272946D4F842
:10B2A000C002FBF791FA06463046FFF7C2FF074699
:10B2B0003846BDE8F0812DE9F04104460D460026F0
:10B2C00000272946D4F8C002FBF749FA0646304663
:10B2D000FFF7AFFF07463846BDE8F0812DE9F041A2
:10B2E00004460E461746002E64D104F11405D4F826
:10B2F0009402022848D1D5E90301884210D9D5E942
:10B300000301401AE860A88982B239462046FFF757
:10B3100033FD00231A461946204600F031F93EE07D
:10B320002969A868B0FBF1F201FB1200B8B92969DC
:10B33000A868884213D3A868D4F8981288420ED21D
:10B34000002211462046FFF717FD0020C4F898029E
:10B3500000231A461946204600F012F91FE0D4F8DF
:10B36000B402C06840B194F89C02032804D1D4F818
:10B37000B402C168204688478021204600F0B0F919
:10B380002046FFF725FD0AE0D4F89402042802D0F5
:10B39000D4F8940218B98021204600F0A1F994F85D
:10B3A000A002012818D1204600F0FAF9002084F804
:10B3B000A00211E0D4F8B402406950B194F89C02A4
:10B3C000032806D1D4F8B40231464269204690479A
:10B3D00002E00220BDE8F0810020FBE72DE9F0410A
:10B3E00004460E461746BEBB04F5AA75D4F894026F
:10B3F000032825D1D5E90301884210D9D5E90301F5
:10B40000401AE860D5E90301884201D2E86800E00B
:10B41000286982B239462046FFF7A2FC2FE0D4F813
:10B42000B402006940B194F89C02032804D1D4F816
:10B43000B4020169204688472046FFF7E7FC1EE07A
:10B44000D4F8940205281AD10020C4F894020021EF
:10B45000204600F045F912E0FFE7D4F8B402806915
:10B4600050B194F89C02032806D1D4F8B4023146B6
:10B4700082692046904702E00220BDE8F08100206A
:10B48000FBE770B504460D462946D4F8C002FBF729
:10B4900019FD70BD10B504461D48C0F8E842C4F857
:10B4A000C0021C481A490860082048600221184858
:10B4B000816000218161C1610162FBF7DAFE08B1A0
:10B4C000FAF71CFC04F5307418230022114620689A
:10B4D000FBF702F95823002280212068FBF7FCF8D3
:10B4E000C023002281212068FBF7F6F84FF488730F
:10B4F000002201212068FBF7EFF82068A4F53074E2
:10B500004FF4807300228221FBF7E6F8002010BD83
:10B5100054170020005C004010B50246D2F8C0323B
:10B5200001F08000802809D101F07F0000EB800449
:10B5300003F1280000EBC400807810BD01F07F000B
:10B5400000EB800403F5B47000EBC4008078F4E7EE
:10B550002DE9F04704460F4615461E464FF00008F9
:10B56000C1462B4632463946D4F8C002FBF7B5FC3B
:10B5700080464046FFF75DFE81464846BDE8F087BD
:10B580002DE9F04704460D4616461F464FF00008C9
:10B59000C1463B4632462946D4F8C002FBF7E3FCDD
:10B5A00080464046FFF745FE81464846BDE8F087A5
:10B5B00010B504464023002211462046FFF7C8FF7D
:10B5C00001214FF4AC70015140214FF4B270015190
:10B5D0004023002280212046FFF7BAFF0121A1610C
:10B5E00040216162012084F89C020020C4F894028A
:10B5F0006060C4F8A402D4F8B80228B12179D4F864
:10B60000B402426820469047002010BD014691F8E0
:10B610009C02042803D191F89D0281F89C0200202D
:10B62000704710B5044694F89C02032808D1D4F85A
:10B63000B402C06920B1D4F8B402C1692046884779
:10B64000002010BD02461174002070472DE9F04122
:10B6500004460D46002600272946D4F8C002FBF711
:10B66000F7FE06463046FFF7E4FD07463846BDE8DC
:10B67000F08170B504460D46294604F52A7000F0A5
:10B6800073F80120C4F8940240F2AE20005BC4F8C5
:10B69000980294F8A80200F01F0020B1012808D0F9
:10B6A000022812D10BE004F52A71204600F041F97E
:10B6B00013E004F52A71204600F0A8FA0DE004F525
:10B6C0002A71204600F086F907E094F8A80200F0FD
:10B6D0008001204600F004F800BF00BF002070BDCC
:10B6E0002DE9F04104460D46002600272946D4F8EE
:10B6F000C002FBF75EFC06463046FFF79AFD0746A0
:10B700003846BDE8F08170B5044600250026D4F81F
:10B71000C002FBF7C1FE05462846FFF78AFD064634
:10B72000304670BD014691F89C0281F89D020420CC
:10B7300081F89C02002070472DE9F04704460D4631
:10B7400016461F464FF00008C1463B463246294682
:10B75000D4F8C002FBF771FC80464046FFF769FD54
:10B7600081464846BDE8F0870A7802704A78427000
:10B770008B78CA7803EB022242800B794A7903EB7B
:10B78000022282808B79CA7903EB0222C280704741
:10B790000246002011B1C2F8B41200E00220704746
:10B7A00001460020704770B504460D46A88810BBBE
:10B7B000E88800BB688880281DD2A87800F07F0642
:10B7C00094F89C02032804D129462046FFF7E0FAAA
:10B7D00015E084F89E6231462046FFF737FF204689
:10B7E000FFF714FB1EB1022084F89C0207E0012041
:10B7F00084F89C0203E029462046FFF7C9FA70BD91
:10B8000070B504460D460226D4F8B40238B1D4F817
:10B81000B402294602682046904700B90026304607
:10B8200070BD000070B504460D46A8783649087012
:10B8300008460078012804DD29462046FFF7A8FACB
:10B8400060E094F89C02022802D003284FD11CE04B
:10B850002D480078A8B12C4800786060032084F857
:10B860009C02294801782046FFF7CAFF022804D12C
:10B8700029462046FFF78CFA70BD2046FFF7C6FA2E
:10B8800002E02046FFF7C2FA3BE01F48007870B99B
:10B89000022084F89C021C48007860601A480178F5
:10B8A0002046FFF733FA2046FFF7B0FA1EE01649AC
:10B8B00009786068884216D021792046FFF726FA79
:10B8C000114800786060104801782046FFF798FF23
:10B8D000022804D129462046FFF75AFACCE7204631
:10B8E000FFF794FA02E02046FFF790FA09E02946B4
:10B8F0002046FFF74DFA044801782046FFF706FA84
:10B9000000BF00BF00BFB7E73C01002070B505468F
:10B910000C466088012804D1C5F8A4022846FFF728
:10B9200075FA70BD10B504462046FFF7ECFE002006
:10B9300010BD70B505460C460026207800F060006A
:10B9400060B1202802D040283CD100E000BFD5F8EB
:10B95000B402214682682846904738E060780A2879
:10B9600029D2DFE800F01923281E280A0528140F21
:10B9700021462846FFF703FB22E021462846FFF731
:10B9800012FF1DE021462846FFF74CFF18E0214634
:10B990002846FFF7C9FA13E021462846FFF7F3FBD4
:10B9A0000EE021462846FFF7B1FF09E02146284670
:10B9B000FFF7B7F904E021462846FFF7E9F900BF91
:10B9C00000BF04E021462846FFF7E2F900BF00BFB0
:10B9D000304670BD2DE9F04105460E464FF0000897
:10B9E0003479307800F0600060B1202802D040281F
:10B9F00071D100E000BFD5F8B40231468268284614
:10BA0000904700E1307800F06000202809D1D5F897
:10BA1000B402314682682846904780464046BDE8D9
:10BA2000F081707800285ED001282FD0032876D1CD
:10BA300095F89C02022802D0032820D110E054B1CE
:10BA4000802C08D021462846FFF74AFE8021284650
:10BA5000FFF746FE03E031462846FFF799F913E069
:10BA6000708840B93CB1802C05D0F08818B92146C7
:10BA70002846FFF735FE2846FFF7C8F904E03146AF
:10BA80002846FFF785F900BF00BFB5E095F89C0296
:10BA9000022802D003281FD110E054B1802C08D016
:10BAA00021462846FFF71CFE80212846FFF718FE96
:10BAB00003E031462846FFF76BF912E0708848B979
:10BAC00004F07F0018B121462846FFF7E1FB284625
:10BAD000FFF79CF905E091E031462846FFF758F959
:10BAE00000BF00BF88E095F89C02022802D003281E
:10BAF00076D126E034B1802C04D031462846FFF7B9
:10BB000047F972E004F08000802809D104F07F003A
:10BB100000EB800105F1140000EB810008E066E015
:10BB200004F07F0000EB800105F5AA7000EB8100B6
:10BB3000074600203860022239462846FFF755F9AB
:10BB400053E004F0800080280ED104F00F0000EBD9
:10BB5000800105F1140000EB8100406898B931467E
:10BB60002846FFF715F940E004F00F0000EB8001D4
:10BB700005F5AA7000EB8100406820B931462846DF
:10BB8000FFF706F931E004F08000802808D104F0C6
:10BB90007F0000EB800105F1140000EB810007E05D
:10BBA00004F07F0000EB800105F5AA7000EB810036
:10BBB00007460CB1802C02D10020386009E02146F4
:10BBC0002846FFF7A9FC10B10120386001E00020F1
:10BBD0003860022239462846FFF707F905E0FFE7FB
:10BBE00031462846FFF7D4F800BF00BF04E03146D5
:10BBF0002846FFF7CDF800BF00BF04E031462846D5
:10BC0000FFF7C6F800BF00BF404608E770B505461D
:10BC10000C460026207800F0600030B1202802D0C9
:10BC200040282AD100E000BF00BF95F89C020128FF
:10BC300004D0022803D0032818D101E000BF00BFC0
:10BC4000207901280DDCD5F8B40221468268284607
:10BC500090470646E08840B93EB92846FFF7D6F837
:10BC600003E021462846FFF793F804E021462846E2
:10BC7000FFF78EF800BF00BF04E021462846FFF71B
:10BC800087F800BF00BF002070BD70470146014823
:10BC900070470000401A0020F0B5024600260878E0
:10BCA000400032F8100048F68F1400EA0403C87808
:10BCB00030B101280CD0022805D003280BD104E0B4
:10BCC00043F4007309E000BF07E043F4C06304E0FD
:10BCD00043F4806301E0012600BF00BF43F400404D
:10BCE00040F080000C78640022F8140000BF0C784B
:10BCF000640032F8144048F68F752C400D7844EA01
:10BD0000050040F4004444F080040D786D0022F8F2
:10BD1000154000BF087B00287ED14878002852D00B
:10BD200000BF1046B2F8505028440D7800F58067E7
:10BD300007EB0514CD886D106D00258000BF00BF96
:10BD40000C78640032F8140000F040048CB100BF9D
:10BD50000D786D0032F8155048F68F7705EA070424
:10BD600044F4004545F0C0050F787F0022F81750D5
:10BD700000BF00BFC878012813D000BF0C78640052
:10BD800032F8144048F6BF7504EA050080F0200040
:10BD900040F4004444F080040D786D0022F8154012
:10BDA0009EE100BF0C78640032F8144048F6BF757D
:10BDB00004EA050040F4004444F080040D786D006E
:10BDC00022F815408CE100BF1046B2F850502844CC
:10BDD0000D78042707EBC50500F5806707EB4504E0
:10BDE000CD886D106D00258000BF00BF1546B2F8EC
:10BDF000504025440C78062707EBC40405F58067FE
:10BE000007EB4404204600BF0F6967B9078848F272
:10BE1000FF3C07EA0C0700E057E00780078847F47B
:10BE2000004707801EE00F693E2F0DD800BF0F6945
:10BE30007C080F7C07F0010707B1641C4FF6FF7701
:10BE400007EA842707800DE000BF0F697C090F7C9B
:10BE500007F01F0707B9641E4FF4004747EA84271D
:10BE6000078000BF00BF00BF00BF0C78640032F83D
:10BE7000140000F480448CB100BF0D786D0032F8DE
:10BE8000155048F68F7705EA070444F4004545F459
:10BE900081450F787F0022F8175000BF00BF00BF18
:10BEA0000C78640032F814404BF68F7504EA0500F4
:10BEB00080F4805080F4005040F4004444F080044A
:10BEC0000D786D0022F815400AE100BF0C7864007F
:10BED00032F8144048F68F7504EA050040F4004437
:10BEE00044F4C0740D786D0022F8154000BF00BF07
:10BEF00000BF00BF1046B2F8505028440D7800F53E
:10BF0000806707EB05140D896D106D00258000BF5B
:10BF100000BF00BF00BF1046B2F8505028440D7853
:10BF2000042707EBC50500F5806707EB45044D893D
:10BF30006D106D00258000BF00BF00BF487800284D
:10BF40005DD100BF0C78640032F8140000F4804426
:10BF50008CB100BF0D786D0032F8155048F68F7720
:10BF600005EA070444F4004545F481450F787F0055
:10BF700022F8175000BF00BF00BF0C78640032F8F1
:10BF8000140000F040048CB100BF0D786D0032F851
:10BF9000155048F68F7705EA070444F4004545F04C
:10BFA000C0050F787F0022F8175000BF00BF00BF08
:10BFB0000C78640032F814404BF68F7504EA0500E3
:10BFC00080F4805080F4005040F4004444F0800439
:10BFD0000D786D0022F8154000BF00BF0C7864009A
:10BFE00032F8144048F6BF7504EA050040F40044F6
:10BFF00044F080040D786D0022F8154070E000BF19
:10C000000C78640032F8140000F480448CB100BF56
:10C010000D786D0032F8155048F68F7705EA070461
:10C0200044F4004545F481450F787F0022F817500D
:10C0300000BF00BF00BF0C78640032F8140000F0AD
:10C0400040048CB100BF0D786D0032F8155048F6F1
:10C050008F7705EA070444F4004545F0C0050F78E2
:10C060007F0022F8175000BF00BFC878012813D006
:10C0700000BF0C78640032F8144048F6BF7504EA3B
:10C08000050080F0200040F4004444F080040D7866
:10C090006D0022F8154011E000BF0C78640032F802
:10C0A000144048F6BF7504EA050040F4004444F02B
:10C0B00080040D786D0022F8154000BF00BF0C7899
:10C0C000640032F814404BF68F7504EA050040F422
:10C0D000004444F080040D786D0022F8154000BF44
:10C0E0003046F0BD10B50446002010BD30B5024604
:10C0F000087B00285BD1487860B300BF0B785B00F9
:10C1000032F8130000F040038BB100BF0C786400DC
:10C1100032F8144048F68F7504EA050343F40044EE
:10C1200044F0C0040D786D0022F8154000BF00BF38
:10C1300000BF0B785B0032F8133048F6BF7403EA97
:10C14000040040F4004343F080030C78640022F8BC
:10C15000143007E100BF0B785B0032F8130000F4E5
:10C1600080438BB100BF0C78640032F8144048F66D
:10C170008F7504EA050343F4004444F481440D78C8
:10C180006D0022F8154000BF00BF00BF0B785B00B8
:10C1900032F813304BF68F7403EA040040F4004386
:10C1A00043F080030C78640022F81430DAE0487819
:10C1B00000286BD100BF0B785B0032F8130000F44D
:10C1C00080438BB100BF0C78640032F8144048F60D
:10C1D0008F7504EA050343F4004444F481440D7868
:10C1E0006D0022F8154000BF00BF00BF0B785B0058
:10C1F00032F8130000F040038BB100BF0C786400EC
:10C2000032F8144048F68F7504EA050343F40044FD
:10C2100044F0C0040D786D0022F8154000BF00BF47
:10C2200000BF0B785B0032F8133048F68F7403EAD6
:10C23000040040F4004343F0C0030C78640022F88B
:10C24000143000BF00BF0B785B0032F813304BF6A0
:10C250008F7403EA040040F4004343F080030C7839
:10C26000640022F8143000BF00BF0B785B0032F886
:10C27000133048F6BF7403EA040040F4004343F06F
:10C2800080030C78640022F814306BE000BF0B7858
:10C290005B0032F8130000F480438BB100BF0C78D0
:10C2A000640032F8144048F68F7504EA050343F43D
:10C2B000004444F481440D786D0022F8154000BF1D
:10C2C00000BF00BF0B785B0032F8130000F04003A2
:10C2D0008BB100BF0C78640032F8144048F68F75BB
:10C2E00004EA050343F4004444F0C0040D786D00F3
:10C2F00022F8154000BF00BF00BF0B785B0032F88A
:10C30000133048F68F7403EA040040F4004343F40A
:10C3100081430C78640022F8143000BF00BF0B7812
:10C320005B0032F8133048F6BF7403EA040040F4AF
:10C33000004343F080030C78640022F8143000BFFF
:10C3400000BF0B785B0032F813304BF68F7403EAB2
:10C35000040040F4004343F080030C78640022F8AA
:10C36000143000BF002030BD014600207047014658
:10C370000020704710B50446012024F8400F00202B
:10C380002080A0802082403C10BD01464FF43F42F7
:10C39000B1F840009043A1F84000002070470246E9
:10C3A0000020704730B50246087B002865D14878E8
:10C3B00088B300BF0B785B0032F8130000F0400335
:10C3C0008BB100BF0C78640032F8144048F68F75CA
:10C3D00004EA050343F4004444F0C0040D786D0002
:10C3E00022F8154000BF00BFC878012845D000BF23
:10C3F0000B785B0032F8133048F6BF7403EA040090
:10C4000080F0200040F4004343F080030C78640087
:10C4100022F8143031E0FFE700BF0B785B0032F800
:10C42000130000F480438BB100BF0C78640032F835
:10C43000144048F68F7504EA050343F4004444F4BD
:10C4400081440D786D0022F8154000BF00BF00BF89
:10C450000B785B0032F813304BF68F7403EA04005C
:10C4600080F4805080F4005040F4004343F0800397
:10C470000C78640022F8143000BF002030BD10B5E5
:10C480000246487898B100BF0B785B0032F8133051
:10C4900048F6BF7403EA040080F0100040F4004343
:10C4A00043F080030C78640022F8143013E000BFDE
:10C4B0000B785B0032F813304BF68F7403EA0400FC
:10C4C00080F4805040F4004343F080030C78640013
:10C4D00022F8143000BF002010BD2DE9F0470646B9
:10C4E0000C466078012876D12169A069884201D97B
:10C4F000256900E0A569207BA0B9ABB2E28830468F
:10C50000616900F0F4FD00BF3046B6F850201044D9
:10C510002278022303EBC20200F5806303EB4201A1
:10C520000D8081E3E07802287DD12169206A88426C
:10C530007AD900BF2178490036F8111048F68F7279
:10C5400001EA020040F4004141F4C0712278520037
:10C5500026F8121000BF206A401B2062207840009D
:10C5600036F8100000F0400000287DD000BF3346B0
:10C57000607888BB00BF3246B6F850100A44217874
:10C580004FF0060909EBC10102F5806909EB410191
:10C59000084600BF75B9B0F8009048F2FF3A09EAC2
:10C5A0000A09A0F80090B0F8009049F40049A0F8FA
:10C5B000009021E03E2D10D800BF690805F0010968
:10C5C000B9F1000F00D0491C4FF6FF7909EA812923
:10C5D000A0F8009010E03DE310E000BF690905F00D
:10C5E0001F09B9F1000F00D1491E4FF4004949EA73
:10C5F0008129A0F8009000BF00BF0FE060780128FB
:10C600000CD1B6F8500003442078062101EBC0009D
:10C6100003F5806101EB400CACF8005000BF678966
:10C62000ABB23A4601E057E12CE13046616900F0D7
:10C630005EFD6069284460612169206A884203D9EF
:10C64000206A401B206202E0256A0020206200BFB1
:10C650006078C0BB00BF3246B6F850100A4421785B
:10C66000022303EBC10100E049E002F5806303EB24
:10C670004101084600BF55B9038848F2FF3C03EA70
:10C680000C030380038843F40043038019E03E2D2C
:10C690000BD800BF690805F0010303B1491C4FF630
:10C6A000FF7303EA812303800BE000BF690905F0F3
:10C6B0001F0303B9491E4FF4004343EA812303805B
:10C6C00000BF00BF12E0FFE7607801280ED100BF75
:10C6D0003046B6F8502010442278022303EBC20201
:10C6E00000F5806303EB42010D8000BF00BF278986
:10C6F000ABB23A463046616900F0F9FC94E200BF03
:10C700006078B0BB00BF3246B6F850100A442178BA
:10C71000022303EBC10102F5806303EB41010846EC
:10C7200000BF55B9038848F2FF3C03EA0C030380BD
:10C73000038843F40043038019E03E2D0BD800BF6B
:10C74000690805F0010303B1491C4FF6FF7303EAC2
:10C75000812303800BE000BF690905F01F0303B9C3
:10C76000491E4FF4004343EA8123038000BF00BF0A
:10C7700012E0FFE7607801280ED100BF3046B6F81E
:10C78000502010442278022303EBC20200F580639C
:10C7900003EB42010D8000BF00BF2789ABB23A46D0
:10C7A0003046616900F0A3FC60692844606121693A
:10C7B000206A884203D9206A401B206202E0256A71
:10C7C0000020206200BF3346607880BB00BF324645
:10C7D000B6F850100A4421784FF0060909EBC10160
:10C7E00002F5806909EB4101084600BF75B9B0F850
:10C7F000009048F2FF3A09EA0A09A0F80090B0F860
:10C80000009049F40049A0F8009020E03E2D0FD898
:10C8100000BF690805F00109B9F1000F00D0491CFB
:10C820004FF6FF7909EA8129A0F800900FE010E0A7
:10C8300000BF690905F01F09B9F1000F00D1491EB9
:10C840004FF4004949EA8129A0F8009000BF00BFD9
:10C850000FE0607801280CD1B6F85000034420782E
:10C86000062101EBC00003F5806101EB400CACF840
:10C87000005000BF6789ABB23A463046616900F0AC
:10C8800036FCD1E1256A00BF2178490036F8111045
:10C8900048F68F6201EA020040F4004141F0800155
:10C8A0002278520026F8121000BF00BF3046B6F8BA
:10C8B000502010442278022303EBC20200F580636B
:10C8C00003EB42010D8000BF2789ABB23A463046E8
:10C8D000616900F00CFCA7E100BF2178490036F83F
:10C8E000111048F68F7201EA020040F4004141F451
:10C8F000C0712278520026F8121000BF206A401B37
:10C9000020622078400036F8100000F04000002837
:10C910007DD000BF3346607880BB00BF3246B6F89A
:10C9200050100A4421784FF0060909EBC10102F5C5
:10C93000806909EB4101084600BF75B9B0F8009065
:10C9400048F2FF3A09EA0A09A0F80090B0F800900E
:10C9500049F40049A0F8009020E03E2D0FD800BF18
:10C96000690805F00109B9F1000F00D0491C4FF624
:10C97000FF7909EA8129A0F800900FE010E000BFDC
:10C98000690905F01F09B9F1000F00D1491E4FF4E4
:10C99000004949EA8129A0F8009000BF00BF0FE0DC
:10C9A000607801280CD1B6F85000034420780621A5
:10C9B00001EBC00003F5806101EB400CACF80050C6
:10C9C00000BF6789ABB23A463046616900F08FFB21
:10C9D0006069284460612169206A884203D9206A1D
:10C9E000401B206202E0256A00202062002D56D004
:10C9F00000BF6078C0BB00BF3246B6F850100A4492
:10CA00002178022303EBC10102F5806300E047E0D7
:10CA100003EB4101084600BF55B9038848F2FF3CCB
:10CA200003EA0C030380038843F40043038019E006
:10CA30003E2D0BD800BF690805F0010303B1491C66
:10CA40004FF6FF7303EA812303800BE000BF6909FF
:10CA500005F01F0303B9491E4FF4004343EA812345
:10CA6000038000BF00BF12E0FFE7607801280ED10D
:10CA700000BF3046B6F8502010442278022303EB62
:10CA8000C20200F5806303EB42010D8000BF00BFCE
:10CA90002789ABB23A463046616900F028FBC3E013
:10CAA00000BF6078B0BB00BF3246B6F850100A44F1
:10CAB0002178022303EBC10102F5806303EB4101FE
:10CAC000084600BF55B9038848F2FF3C03EA0C034F
:10CAD0000380038843F40043038019E03E2D0BD804
:10CAE00000BF690805F0010303B1491C4FF6FF734D
:10CAF00003EA812303800BE000BF690905F01F03EF
:10CB000003B9491E4FF4004343EA8123038000BF69
:10CB100000BF12E0FFE7607801280ED100BF304669
:10CB2000B6F8502010442278022303EBC20200F52D
:10CB3000806303EB42010D8000BF00BF2789ABB2C9
:10CB40003A463046616900F0D2FA60692844606173
:10CB50002169206A884203D9206A401B206202E0D2
:10CB6000256A00202062A5B300BF3346607888BBE9
:10CB700000BF3246B6F850100A4421784FF006093B
:10CB800009EBC10102F5806909EB4101084600BFCC
:10CB900075B9B0F8009048F2FF3A09EA0A09A0F81E
:10CBA0000090B0F8009049F40049A0F8009021E00E
:10CBB0003E2D10D800BF690805F00109B9F1000F3A
:10CBC00000D0491C4FF6FF7909EA8129A0F80090AE
:10CBD00010E029E010E000BF690905F01F09B9F174
:10CBE000000F00D1491E4FF4004949EA8129A0F8FD
:10CBF000009000BF00BF0FE0607801280CD1B6F8AC
:10CC0000500003442078062101EBC00003F5806149
:10CC100001EB400CACF8005000BF6789ABB23A465C
:10CC20003046616900F063FA00BF2178490036F8A8
:10CC3000111048F6BF7201EA020080F0100080F087
:10CC4000200040F4004141F080012278520026F893
:10CC5000121005E2207BA0BB2169A069884204D99B
:10CC60002569A069401BA06102E0A5690020A061C0
:10CC700000BF3246B6F850100A442178062303EB71
:10CC8000C10102F5806303EB4101084600BF55B9BD
:10CC9000038848F2FF3C03EA0C030380038843F453
:10CCA000004303801AE03E2D0CD800BF690805F050
:10CCB000010303B1491C4FF6FF7303EA812303808C
:10CCC0000CE00DE000BF690905F01F0303B9491E20
:10CCD0004FF4004343EA8123038000BF00BFA9E172
:10CCE000E07802287DD100BF00BF6078E0BB00BFC4
:10CCF0003246B6F850100A442178022303EBC101F2
:10CD000002F5806303EB4101084600BF236953B974
:10CD1000038848F2FF3C03EA0C030380038843F4D2
:10CD2000004303801EE023693E2B0DD800BF23691A
:10CD30005908237C03F0010303B1491C4FF6FF732C
:10CD400003EA812303800DE000BF23695909237C96
:10CD500003F01F0303B9491E4FF4004343EA812344
:10CD6000038000BF00BF13E0FFE7607801280FD108
:10CD700000BF3046B6F8502010442278022303EB5F
:10CD8000C20200F5806303EB4201228A0A8000BFE1
:10CD900000BF00BF33466078E8BB00BF3246B6F83C
:10CDA00050100A4421784FF0060909EBC10102F541
:10CDB000806909EB4101084600BFD4F81090B9F131
:10CDC000000F0FD1B0F8009048F2FF3A09EA0A09C3
:10CDD000A0F80090B0F8009049F40049A0F8009045
:10CDE0002EE06BE0D4F81090B9F13E0F14D800BFDC
:10CDF000D4F810904FEA590194F8109009F0010905
:10CE0000B9F1000F00D0491C4FF6FF7909EA8129DA
:10CE1000A0F8009014E015E000BFD4F810904FEA9D
:10CE2000591194F8109009F01F09B9F1000F00D1C1
:10CE3000491E4FF4004949EA8129A0F8009000BF3B
:10CE400000BF10E0607801280DD1B6F8500003440F
:10CE50002078062101EBC00003F5806101EB400C56
:10CE6000208AACF8000000BF00BFE069002824D091
:10CE70002078400036F8108008F4804010B108F0A7
:10CE8000400038B908F48040002816D108F040006E
:10CE9000002812D100BF00BF2178490036F81110D8
:10CEA00048F68F7201EA020040F4004141F0C001EF
:10CEB0002278520026F8121000BFBBE0E07801286B
:10CEC0007CD12169A069884204D92569A069401BE9
:10CED000A06102E0A5690020A06100BF00BF6078EA
:10CEE000B0BB00BF3246B6F850100A442178022386
:10CEF00003EBC10102F5806303EB4101084600BF6B
:10CF000055B9038848F2FF3C03EA0C030380038809
:10CF100043F40043038019E03E2D0BD800BF69089D
:10CF200005F0010303B1491C4FF6FF7303EA8123A7
:10CF300003800BE000BF690905F01F0303B9491E18
:10CF40004FF4004343EA8123038000BF00BF12E097
:10CF5000FFE7607801280ED100BF3046B6F85020B8
:10CF600010442278022303EBC20200F5806303EB36
:10CF700042010D8000BF00BF00BF3346607890BB08
:10CF800000BF3246B6F850100A4421784FF0060927
:10CF900009EBC10102F5806909EB4101084600BFB8
:10CFA00085B9B0F8009048F2FF3A09EA0A09A0F8FA
:10CFB0000090B0F8009049F4004900E037E0A0F894
:10CFC000009020E03E2D0FD800BF690805F0010950
:10CFD000B9F1000F00D0491C4FF6FF7909EA812909
:10CFE000A0F800900FE010E000BF690905F01F09EC
:10CFF000B9F1000F00D1491E4FF4004949EA8129D7
:10D00000A0F8009000BF00BF0FE0607801280CD1AD
:10D01000B6F8500003442078062101EBC00003F568
:10D02000806101EB400CACF8005000BF02E0012031
:10D03000BDE8F08700BF2178490036F811104BF6A3
:10D040008F7201EA020080F4805080F4005040F4B6
:10D05000004141F080012278520026F8121000BFF2
:10D060000020E5E701460020A1F844004FF43F42CC
:10D07000A1F840207047000010B50248FAF708F800
:10D0800010BD0000541700200146B1F8440070475D
:10D090002DE9F04304460E4615464FEA530CA046D0
:10D0A000304608F5806909EB450267460AE01188B9
:10D0B000921C0170401C4FEA112980F80090401C1E
:10D0C000921C7F1E002FF2D103F00109B9F1000F6D
:10D0D00001D011880170BDE8F0830246002070473E
:10D0E000024611B98020A2F84C00002070472DE9BB
:10D0F000F04704460D461E4606F1010A4FEA5A085B
:10D10000A146284609F5806A0AEB420347460BE030
:10D1100090F800C0401C90F800A04CEA0A21198049
:10D120009B1C9B1C401C7F1E002FF1D1BDE8F0878B
:10D1300000BFFEE770B504460D46002210210848E6
:10D14000F9F7BCF97E2101EA4400FCF73BFE2846D2
:10D15000FCF738FE012210210148F9F7AFF970BD44
:10D16000000801400FB4054B10B503A9044A02980A
:10D1700000F048F810BC5DF814FB0000B1D50008C1
:10D18000500200200FB4084B10B504A902AA03985E
:10D1900000F038F8044602A9002000F049F92046C2
:10D1A00010BC5DF814FB000031D400080248006890
:10D1B000C0F30220704700000CED00E010B500281D
:10D1C00004DB0A07130E054A135406E00A07140E7F
:10D1D000034A00F00F031B1FD45410BD00E400E00D
:10D1E00018ED00E002E008C8121F08C1002AFAD1B9
:10D1F00070477047002001E001C1121F002AFBD1D7
:10D20000704700002DE9FF4F8BB09A460F46044649
:10D21000002606E025280BD052460D999047641C45
:10D22000761C20780028F5D10FB03046BDE8F08F8D
:10D230000025A94601227D4900E0054314F8013F7D
:10D24000203B02FA03F00842F7D120782E2817D1AC
:10D2500014F8010F45F004052A280ED06FF02F02B4
:10D260002078A0F1300109290AD809EB890102EBE5
:10D27000410100EB0109641CF2E757F8049B641CB0
:10D2800020786C280DD004DC4C2812D06A2811D1EB
:10D2900004E074280DD07A280CD10AE045F400157A
:10D2A00007E0617845F48015814202D1641C05F5E0
:10D2B0008015641C207869283ED006DC0028B3D095
:10D2C00063280BD0642804D136E0732810D0752869
:10D2D0005CD052460D999047761CA5E017F8040BD8
:10D2E0008DF8000000208DF80100E846012003E0E1
:10D2F00057F8048B4FF0FF3069074FF0000501D459
:10D300000AE06D1C4D450DDA8542FADB18F8051070
:10D310000029F6D106E06D1C8542FCDB18F80510EB
:10D320000029F8D12E4404E018F8010B52460D995B
:10D3300090476D1EF8D277E000200A90C5F30250A6
:10D340004FF00A0B02280CD001CFC117021E71F159
:10D3500000020CDA0023D0EB030063EB01012D2265
:10D3600008E0FF1D27F00707F7E80201EEE72A05AE
:10D3700004D52B228DF82420012203E0EA070FD0E8
:10D380002022F7E70DF12008089218E000200A900B
:10D39000C5F302504FF00A0B022803D001CF002141
:10D3A0000022EFE7FF1D27F00707F7E80201F7E784
:10D3B0005A460A9BF8F7F1FA303208F8012D50EA84
:10D3C0000102F5D1ADEB080000F1200B680701D494
:10D3D0004FF00109D94502DDA9EB0B0000E0002068
:10D3E0008146002506E009A85246405D0D99904708
:10D3F0006D1C761C08988542F5DB04E0302052460F
:10D400000D999047761CB9F10001A9F10109F5DCED
:10D4100005E018F8010B52460D999047761CBBF1B8
:10D420000001ABF1010BF4DC641CFAE609280100F1
:10D430000A68531C0B6010707047014601F003002E
:10D4400090B96420B1FBF0F200FB121050B94FF418
:10D45000C870B1FBF0F200FB121008B90120704750
:10D460000020FCE70120FAE70020F8E710B506A04D
:10D4700000F0AAFF08210B4801F04CF84FF4167198
:10D480000848F8F778FA10BD7B2252656365697623
:10D4900065223A7B22537461747573223A32367D69
:10D4A0007D0A0000AC04002010B586B00446F8F7F1
:10D4B0004BFE012004900F480390002001900120B2
:10D4C000029005A901A8F8F785FD78B9F8F7DAFD0B
:10D4D0000598401C10B1002006B010BD24B9FF22F1
:10D4E00010210548F8F740FA0120F5E7F8F7CAFDE2
:10D4F0000020F1E740540008801C002000B5002205
:10D500001021104600F002F800BD000030B50346BF
:10D510005818402801D9002030BD18460FE02AB124
:10D52000094C044494F840441470521C102805D24D
:10D53000054C044494F84044044D2C54401CCC1831
:10D540008442ECD80120E7E700500008801C00204E
:10D550002DE9F04706468946154606EB09004028A6
:10D5600002D90020BDE8F0870DB90020FAE7F8F7EE
:10D57000EBFD002413E02A5D601C285C42EA0020D9
:10D58000C3170746A019094A81183A460120F8F73F
:10D5900083FD18B1F8F776FD0020E3E7A41C4C45A5
:10D5A000E9D3F8F76FFD0120DCE7000040540008E4
:10D5B00013B50C4601216846F8F7F4FA0120F8F794
:10D5C000F5FC00981CBD000000B585B00120F8F7FF
:10D5D000EDFC002215491648FAF796FC0022154981
:10D5E0001348FAF733FC1348007812498978114A36
:10D5F0005278104BDB78CDE90132CDE903100B48AE
:10D60000807800900948437802780BA11948FFF709
:10D61000B9FD184800F0D8FE0120F8F7C7FC4FF418
:10D6200016711548F8F7A7F905B000BDAC00002049
:10D6300040090020AF0000207B2254223A7B224880
:10D64000223A25642C224D223A25642C2253223A78
:10D6500025642C2259223A25642C226D223A256415
:10D660002C2244223A25642C2257223A25647D7DBF
:10D670000A00000004070020AC04002070B5044636
:10D680000D46002617E0012251020C48F8F716FF5C
:10D690002846F8F78BFC00224FF400710748F8F792
:10D6A0000DFF2846F8F782FC012251020348F8F7E3
:10D6B00005FF701CC6B2A642E5DB70BD0008014044
:10D6C00008B5F8F743FFFCF7B5FEFBF7BFFFFCF723
:10D6D0005BF8FCF771F8FCF793F8FCF7C7F8FCF778
:10D6E000DDF8FCF73DF8FD48FBF7C0F8FB48FBF719
:10D6F00087F84FF40050FA4B0822FA4900900020B6
:10D70000FCF73EFD0221F8A000F004FFF748006896
:10D71000C06840F02000F5490968C8600A20F8F7A1
:10D7200045FCF3480068C06840F02000F0490968F3
:10D73000C8600020EF490860FBF710FEFFF7DEFE2F
:10D740001E210720FFF79AFF4FF47A70F8F72EFC9E
:10D75000FCF7C0F84FF47A70F8F728FC00224FF479
:10D760000041E548F8F7AAFE40F2E970F8F71EFC20
:10D770000122D103E048F8F7A1FE0120DF4908703B
:10D7800033E24AF6AA20DE4909680860FBF7E6FDA5
:10D79000DC480068002871D00120F8F707FCDA485F
:10D7A00000786D286BD014DC462869D008DC01288D
:10D7B0005ED0022865D0032869D040286DD1A3E04F
:10D7C0004E286BD0562817D0662868D06728F5D128
:10D7D000A1E0752816D008DC6E2875D0702866D0B8
:10D7E000722815D07328E9D168E0802834D08128C8
:10D7F00038D0AF28E2D188E000F002FE0120C34912
:10D800000870ACE000F0AEFF0120C0490870A6E04F
:10D81000BFA000F0D9FD0A20F8F7C8FB00BF00BF89
:10D8200000BF00BF00BFBFF34F8F00BF00BF00BFEE
:10D83000BE48006800F4E060BD490843001DBB49D4
:10D84000086000BF00BF00BFBFF34F8F00BF00BF25
:10D8500000BF00BF00BFFDE700F0CCFE0120AB49D8
:10D8600008707CE0FFF7B0FE0120A849087076E060
:10D8700000F058FF0120A549087070E07BE054E0FB
:10D880003AE000F02DFF0120A049087067E0372042
:10D89000FCF774FB0446214602E04EE024E01BE066
:10D8A000A4A0FFF75FFC01209849087057E0FCF73F
:10D8B00055FA01209549087051E005E000F044FE5A
:10D8C0000120924908704AE031216E2000F0B6F93B
:10D8D00001208E49087042E03121662000F0AEF947
:10D8E00001208A4908703AE032216E2000F0A6F942
:10D8F00001208649087032E03221662000F09EF94E
:10D900000120824908702AE000BFFFF7AFFD012027
:10D910007E49087023E07C484178914A012000F05C
:10D92000A7FA01207949087019E077494878F8F793
:10D9300095F901207549087011E08AA000F044FDB6
:10D9400013208F4908700020704908704FF4167139
:10D950006D48F8F710F800206A49086000BF00BF62
:10D9600013208749087000206849087065490860DD
:10D970000120F8F71BFB5F48006890B10A20F8F718
:10D9800015FB5C4801687F48F8F70CF900205949FD
:10D9900008600A20F8F70AFB4FF416717948F7F788
:10D9A000EAFF79480088B0F5FA6F07DD0020764974
:10D9B00008804FF400715048F8F776FD6848007809
:10D9C00088B96748407870B96548807858B9644824
:10D9D000C07840B9002004E000216C4A1154411C79
:10D9E000C8B20428F8DB5E48FBF7F2FB20B15C48C4
:10D9F000FBF7EEFB00B1F8E059480078634909787D
:10DA0000884212D1564840786049497888420CD102
:10DA1000534880785D498978884206D15048C0785B
:10DA20005A49C978884200D1DFE010210020FBF775
:10DA30006DFB70B14A48FBF7CBFB20B14848FBF7C0
:10DA4000C7FB00B1D1E010210020FBF75FFB00B164
:10DA5000CBE04F490120FBF7B3FB00283DD100BFCD
:10DA600005E03F49095C494A1154411CC8B20428E9
:10DA7000F7DB47480078474908604548407809681F
:10DA800001EB002043490860414880784249086022
:10DA90003F48C078096801EB00203F4908603C48D6
:10DAA0000079096801EB00403B490860384840793B
:10DAB000096801EB0060384908603648006800F4E6
:10DAC0000040B0F5004F76D132480068C0F30E0038
:10DAD000304908600846006861E085E0AC09002034
:10DAE00000100140000C014073730000380A002050
:10DAF000F40900202000002000080140020000205E
:10DB00003409002018000020AC0400205D00002033
:10DB10007B22526563697665223A7B225374617475
:10DB20007573223A37307D7D0A0000000CED00E06D
:10DB30000000FA057B2243223A7B2252656164652C
:10DB40007254797065223A52433532322C2256652E
:10DB50007273696F6E223A25647D7D0A00000000B1
:10DB6000620000207B2252656365697665223A7BFC
:10DB700022537461747573223A31397D7D0A000035
:10DB800017000020540200206000002067000020E1
:10DB9000D0080020700000206C0000200BE046F64A
:10DBA0002921484011490860114800684BF2A6211C
:10DBB00048400F4908600F48007878B10E48007857
:10DBC00028B90E4A0021084600F052F902E00CA0E4
:10DBD00000F0FAFBFA20F8F7E9F903E032210A2015
:10DBE000FFF74CFDFBF7BAFB00BFCAE57000002051
:10DBF0006C0000200100002059000020620000207D
:10DC00007B2243223A7B2254797065223A22507259
:10DC10006F63657373436172644F6666227D7D0A2C
:10DC20000000000010B5044601231A4621460248B0
:10DC3000FBF7EDF910BD0000380A002070B504466E
:10DC40000D46312D2AD16E2C12D1012211022A4803
:10DC5000F8F734FC0120F8F7A9F928A000F0B4FB8C
:10DC60000120324908704FF416713148F7F783FEEE
:10DC7000662C13D100224FF480711F48F8F71EFC68
:10DC80000120F8F793F92BA000F09EFB0120274913
:10DC900008704FF416712648F7F76DFE322D2AD121
:10DCA0006E2C12D1012291021348F8F707FC0120D3
:10DCB000F8F77CF92BA000F087FB01201B490870C6
:10DCC0004FF416711A48F7F756FE662C13D100224E
:10DCD0004FF480610848F8F7F1FB0120F8F766F986
:10DCE0002CA000F071FB0120104908704FF4167150
:10DCF0000F48F7F740FE70BD000801407B225265D7
:10DD00006365697665223A7B225374617475732268
:10DD10003A32367D2C225231223A7B22537461747E
:10DD20007573223A32337D7D0A0000005D000020C9
:10DD3000AC0400207B2252656365697665223A7BDC
:10DD400022537461747573223A32367D2C2252311B
:10DD5000223A7B22537461747573223A32347D7D8A
:10DD60000A0000007B2252656365697665223A7B72
:10DD700022537461747573223A32367D2C225232EA
:10DD8000223A7B22537461747573223A32337D7D5B
:10DD90000A0000007B2252656365697665223A7B42
:10DDA00022537461747573223A32367D2C225232BA
:10DDB000223A7B22537461747573223A32347D7D2A
:10DDC0000A0000002DE9FF4180460C46152600257B
:10DDD000F8F77AFB07464AE0F8F776FBC01BB0F588
:10DDE000FA7F03D9FF2004B0BDE8F08169463046D0
:10DDF000FBF7E6F9002839D100BF04E01DF8001058
:10DE00004D40411CC8B20F28F8DB9DF80F00A84216
:10DE10002AD19DF80E000A2801DDFF20E3E79DF8D6
:10DE20000700182813DC9DF808003B280FDC9DF83C
:10DE300009003B280BDC9DF806001F2807DC9DF835
:10DE400005000C2803DC9DF80400202801DDFF20DC
:10DE5000C9E7002004E01DF800102154411CC8B29D
:10DE60001028F8DB0020BEE7FF20BCE700BFB3E7C7
:10DE70002DE9F04FC5B007468846914605204490ED
:10DE800037204390162042904FF0010A00251520BC
:10DE90003D904FF0000B002401203A9017B1012F64
:10DEA0007DD17CE1F8F710FB064673E1F8F70CFB37
:10DEB000801B41F28831884206D9F9A000F084FA2B
:10DEC000FF2045B0BDE8F08F4AF6AA20F94909685D
:10DED0000860FBF743FA4846FBF77AF920B1484659
:10DEE000FBF776F900B155E143994498FBF70EF939
:10DEF00070B14846FBF76CF920B14846FBF768F96A
:10DF000000B147E143994498FBF700F900B141E1C2
:10DF10003EA94298FBF754F9002876D1F8F7D4FAD5
:10DF2000064635E1F8F7D0FA801B41F28831884285
:10DF300004D9DBA000F048FAFF20C2E74AF6AA2085
:10DF4000DC49096808600025002404E03EA8005D63
:10DF50004540601CC4B20F2CF8DB9DF80701A842B5
:10DF60007ED19DF8F9003C903C9800023C909DF8D1
:10DF7000F8103C9808443C909DF806B19DF80601C5
:10DF80003B909DF806010A280BDD3EA94846FFF7A5
:10DF900019FF28B1C8A000F017FAFF2091E7FAE1B5
:10DFA000F6E09DF8FF00182813DC9DF800013B28DF
:10DFB0000FDC9DF801013B280BDC9DF8FE001F28BB
:10DFC00007DC9DF8FD000C2803DC9DF8FC002028F0
:10DFD0000ADD3EA94846FFF7F5FE20B1BBA000F0E0
:10DFE000F3F9FF206DE7D3E09DF80201012810D07E
:10DFF0009DF8020168B13EA94846FFF7E3FE28B14B
:10E00000B7A000F0E1F9FF205BE7C2E001203A9001
:10E01000BEE03A98A8B100203A90B64800780228AD
:10E020000FD19DF80201012805D1B3498871002064
:10E030008DF8020105E00020AF49887101208DF8BC
:10E040000201AC48007820B900208DF80201AA49ED
:10E050008871A8480078012805D18DF8020100E0F8
:10E060008BE0A549887100259DF8FC00A249087045
:10E070009DF8FD0048709DF8FE0088709DF8FF0037
:10E08000C8709DF8000108719DF8010148710022D7
:10E090009A499B48F9F738FF00229A499848F9F7BE
:10E0A000D5FE9848C0788DF8FC00964840788DF8E9
:10E0B000FD00944880788DF8FE00904800788DF837
:10E0C000FF008E4840788DF800018C4880788DF8EC
:10E0D000010100208DF803018DF804018DF8050180
:10E0E0008DF806B100BF002404E03EA8005D454065
:10E0F000601CC4B20F2CF8DB8DF80751439944988B
:10E10000FBF704F898BB3EA94298FBF791F878BB5F
:10E110003EA93D98FBF78CF858BB0120F7F746FF66
:10E120007548807974494979734A1279724BDB7862
:10E13000CDE90432CDE906106F4880786E49497800
:10E140006D4A1278CDE900B2CDE902106E4803683D
:10E150006E4802686E4908A8FFF714F808A800F096
:10E1600033F94FF47A70F7F721FF0020A9E603E0B6
:10E1700001E0FFE70CE00BE00AE03EA94846FFF7AC
:10E1800021FE20B163A000F01FF9FF2099E600BF37
:10E19000C8E600BFBAF1000F7FF488AE00BF62A0EE
:10E1A00000F012F9F8F790F90646F0E04AF6AA20D6
:10E1B000404909680860F8F787F9801B41F2883107
:10E1C000884204D936A000F0FFF8FF2079E6002548
:10E1D00000208DF8FA008DF8FB008DF8F9008DF81D
:10E1E000F800002245494648F9F78EFE00224549CD
:10E1F0004348F9F72BFE4348C0788DF8FC004148AE
:10E2000040788DF8FD003F4880788DF8FE003B484F
:10E2100000788DF8FF00394840788DF800013748C4
:10E2200080788DF8010100208DF801018DF8020140
:10E230008DF803018DF804018DF8050108F0FF0049
:10E240008DF8060100208DF8020100BF002404E0D3
:10E250003EA8005D4540601CC4B20F2CF8DB8DF871
:10E2600007514846FAF7B4FF20B14846FAF7B0FF25
:10E2700000B18CE043994498FAF748FF70B14846E2
:10E28000FAF7A6FF20B14846FAF7A2FF00B17EE0F8
:10E2900043994498FAF73AFF00B178E060E0000053
:10E2A0007B2243223A7B22537461747573223A3184
:10E2B0007D7D0A00340900207B2243223A7B2253D1
:10E2C0007461747573223A387D7D0A007B22432283
:10E2D0003A7B22537461747573223A367D7D0A004D
:10E2E0007B2243223A7B22537461747573223A373E
:10E2F0007D7D0A000B00002004000020AC000020FF
:10E3000040090020AF000020700000206C000020B9
:10E3100094E800087B2243223A7B2253746174758F
:10E3200073223A347D7D0A007B22526563656976EB
:10E3300065223A7B22537461747573223A32367DBA
:10E340002C2243223A7B2254797065223A22436878
:10E35000616E676547726F7570227D7D0A000000EF
:10E3600043994498FAF7D2FE80B93EA94298FAF749
:10E370005FFF50B93EA93D98FAF75AFF20B907A0B0
:10E3800000F022F800209CE501E000E000BFBAF1B7
:10E39000000F7FF40BAF00BF93E500007B22432208
:10E3A0003A7B22537461747573223A302C2254796B
:10E3B0007065223A224368616E676547726F7570B7
:10E3C000227D7D0A0000000070B504462046F7F764
:10E3D000DDFAC5B229462046F7F7E4FB00224FF4E8
:10E3E00000710648F8F76AF80120F7F7DFFD01220F
:10E3F00051020248F8F762F870BD000000080140C1
:10E4000000B599B064216846F7F7B5FA0B2219A157
:10E410006846FEF7B7FE6846FFF7D6FF23A0FFF772
:10E42000D3FF25A0FFF7D0FF0120F7F7BFFD26A0FF
:10E43000FFF7CAFF0120F7F7B9FD28A0FFF7C4FFD7
:10E440000120F7F7B3FD28A0FFF7BEFF0120F7F783
:10E45000ADFD28A0FFF7B8FF0120F7F7A7FD2BA01F
:10E46000FFF7B2FF4FF416712948F7F784FA19B095
:10E4700000BD00007B224669726D77617265223AA9
:10E480007B2246223A312C224465766963655479B1
:10E490007065223A225061726B696E67222C22529B
:10E4A000656C65617365223A256400002C22426F19
:10E4B0006F74223A310000002C224175746F53743E
:10E4C000617274223A3100002C22526561646572D7
:10E4D00054797065223A5243353232002C22506F03
:10E4E00073223A31000000002C22445337223A3183
:10E4F000000000002C226F6E6552656164436172FA
:10E5000064496E4669656C64223A31007D7D0A007B
:10E51000AC04002070B504460D4600260FE0012231
:10E5200021460020FBF786FE641C4AF6AA20054916
:10E53000096808600520F7F739FD701CC6B2AE42C5
:10E54000EDDB70BD3409002010B50C48007810B91F
:10E550000BA0FFF739FF0948007810B116A0FFF7AC
:10E5600033FF0648007880F00100044908704FF43A
:10E5700016711F48F7F7FFF910BD00005900002081
:10E580007B2252656365697665223A7B225374610A
:10E59000747573223A32367D2C2243223A7B225400
:10E5A000797065223A22556E53656E6453657269BF
:10E5B000616C227D7D0A00007B225265636569766D
:10E5C00065223A7B22537461747573223A32367D28
:10E5D0002C2243223A7B2254797065223A225365D9
:10E5E0006E6453657269616C227D7D0A00000000D3
:10E5F000AC04002010B51CA0FFF7E6FE28484078C8
:10E60000284908702648807848702548C078887066
:10E61000234800792449887021484079487020486F
:10E62000807908701E48C079C8700120F7F7BEFCD9
:10E6300000221C491D48F9F7DDFD10B11CA0FFF7B1
:10E64000C3FE0120F7F7B2FC002217491748F9F77B
:10E6500023FD10B11CA0FFF7B7FE4FF41671104850
:10E66000F7F789F910BD00007B2252656365697672
:10E6700065223A7B22537461747573223A32367D77
:10E680002C2254223A7B2254797065223A22536517
:10E690007454696D6544617465227D7D0A000000D3
:10E6A000AC040020AC000020AF0000204009002096
:10E6B0007B2254223A7B22537461747573223A315F
:10E6C00032387D7D0A0000007B2254223A7B22539F
:10E6D0007461747573223A3132397D7D0A0000000D
:10E6E00010B507484078FF2808D106A0FFF76CFE58
:10E6F00000224FF400410A48F7F7E0FE10BD000089
:10E70000AC0400207B2252656365697665223A7B02
:10E7100022537461747573223A32367D7D0A00008B
:10E720000008014010B506484078AA2807D105A086
:10E73000FFF74AFE0122D1030948F7F7BFFE10BDDB
:10E74000AC0400207B2252656365697665223A7BC2
:10E7500022537461747573223A32367D7D0A00004B
:10E760000008014010B5FEF7C9FE002819D064204A
:10E77000F7F71CFC0020FEF797FE0CA208210020F2
:10E78000FEF7E6FE48B10520F7F710FC0AA0FFF7F8
:10E790001BFE0520F7F70AFC06E010A0FFF714FEA9
:10E7A00002E00EA0FFF710FE10BD0000426F6F5494
:10E7B00031323334000000007B225570646174658F
:10E7C0004669726D77617265223A7B225374617477
:10E7D0007573223A32367D0A000000007B225570A4
:10E7E000646174654669726D77617265223A7B2255
:10E7F000537461747573223A31397D0A0000000048
:10E800001F1C1F1E1F1E1F1F1E1F1E1F000000009B
:10E8100000000000010203040607080900000000D0
:10E8200001020304895171F21DCB000000000000B9
:10E83000000000008D5F307CF05E000000000000F2
:10E8400000000000B22CE4247D90000000000000D5
:10E8500000000000579B07B3A4E90000000000007F
:10E8600000000000E32F50F2E3D0000000000000A1
:10E8700000000000E9C1254FA07D0000000000005D
:10E8800000000000FFFFFFFFFFFF0000000000008E
:10E89000000000007B2243223A7B224944223A2591
:10E8A000642C225543223A25642C224770223A25B3
:10E8B000642C2259223A25642C224D223A25642CBC
:10E8C0002244223A25642C2248223A25642C226DC7
:10E8D000223A25642C2253223A25642C2245454DA8
:10E8E000223A25647D7D0A0008E900080000002026
:10E8F000540200003E5A0008E8E9000854020020D3
:10E90000AC200000F4D10008B182022201C214023E
:10E910002503A50A021130194419030116691909C2
:10E920001721011F135DAE1B08A5041AB5041AD9DF
:10E93000041311AF1B0829081A6D041312011402E5
:10E9400002021640830440571D02010203650E2196
:10E95000040309041AC513415B1B083D0413AD5A97
:10E960001B08650841DA10A873B2074B24F4F612AD
:10E970000632022A402413B9AA1408F9A94C08DB6C
:10E98000AB3C1A47101A49101AC504C11A99181A33
:10E9900089041AA9041A79041C090243AB111DC089
:10E9A0003209046D1A020B13052416100105240107
:10E9B0001009010424020205240617010705820339
:10E9C000081C100904E1320A1D070501027B2C070F
:10E9D000058107110937442A40072A8107112B09AD
:08E9E00007440A3B0444410016
:04000005080058EDAA
:00000001FF
