:020000040800F2
:105800007824002001590008A5A40008719B000815
:10581000A1A40008A75A000881EE000800000000BB
:10582000000000000000000000000000C1BD0008F2
:10583000C7600008000000009FA8000829C10008F8
:105840001B5900081B5900081B5900081B59000868
:105850001B5900081B5900081B5900081B59000858
:105860001B5900081B5900081B5900081B59000848
:105870001B5900081B5900081B5900081B59000838
:105880001B5900081B5900081B5900081B59000828
:10589000C9ED00081B5900081B5900081B590008D6
:1058A0001B5900081B5900081B5900081B59000808
:1058B0001B590008F1C100081B5900081B590008BA
:1058C0001B5900081B5900081B5900081B590008E8
:1058D0001B59000805C6000815C600084DC600087B
:1058E0001B5900081B5900081B590008DFF80CD091
:1058F00000F084F80048004789FA00087824002066
:105900000648804706480047FEE7FEE7FEE7FEE759
:10591000FEE7FEE7FEE7FEE7FEE7FEE7E1C100087F
:10592000ED580008202A04DB203A21FA02F0002179
:10593000704721FA02F3D040C2F12002914008439F
:105940001946704740EA01039B0703D009E008C9E4
:10595000121F08C0042AFAD203E011F8013B00F834
:10596000013B521EF9D27047D2B201E000F8012B80
:10597000491EFBD270470022F6E710B513460A46CF
:1059800004461946FFF7F0FF204610BD421C10F8F0
:10599000011B0029FBD1801A70472DE9F05F0546F5
:1059A000002092469B4688460646814640241BE0DE
:1059B0002846414647462246FFF7B4FF53465A461B
:1059C000C01A914110D311461846224600F028F81B
:1059D0002D1A67EB01084F4622460120002100F0F6
:1059E0001FF817EB00094E41201EA4F10104DFDC73
:1059F000484631462A464346BDE8F09F064C074DCF
:105A000006E0E06840F0010394E80700984710348E
:105A1000AC42F6D3FFF76EFF381C0108581C010892
:105A2000202A04DB203A00FA02F10020704791405E
:105A3000C2F1200320FA03F319439040704770B578
:105A40008C1810F8015B15F0070301D110F8013B29
:105A50002A1106D110F8012B03E010F8016B01F8B0
:105A6000016B5B1EF9D12B0705D40023521E0DD408
:105A700001F8013BFAE710F8013BCB1A921C03E056
:105A800013F8015B01F8015B521EF9D5A142D8D38E
:105A9000002070BD10B5142005F022FF0321142052
:105AA00006F08FF910BD00BFFEE7000030B50346D9
:105AB000042B15D007DC7BB1012B0ED0022B0DD0AF
:105AC000032B30D10BE0202B0BD0212B18D0222B15
:105AD00022D0232B27D125E026E025E024E023E077
:105AE00022E0002003E00C5C114D2C54401C0728E0
:105AF000F9DB00200F4C207001200F4C207013E0C8
:105B0000002003E00A4C245C0C54401C0728F9DBFD
:105B10000020084C207007E006480078401C054C27
:105B2000207001E000E000BF00BF002030BD000099
:105B30002C01002000000020010000200020704700
:105B4000002003E00021064A1154401CB0F5167FE6
:105B5000F8D30020034908800349088070470000FB
:105B6000D4040020040000200600002010B500220C
:105B70000449054806F0CFFE0449034806F0C4FE78
:105B8000002010BDE0140020340C0020F81000208C
:105B90002DE9F04105460E4619493068086000209D
:105BA00003E0295C174A1154401C154909688842D2
:105BB000F7D32946144806F0A7FE3778134804881F
:105BC000002113E0685C0F4A1055601C80B24FF44E
:105BD000167290FBF2F302FB130084B20C480088AB
:105BE000844202D10220BDE8F081491CB942E9D3C8
:105BF00006480480044806F063FE0020F3E7000036
:105C000034000020D4040020340C002004000020C4
:105C1000060000202DE9F04104460D4600260A4802
:105C2000D0F8B872D7F8140210B10120BDE8F081A5
:105C30002A462146044806F06EFE034806F0EFFEB1
:105C400006463046F2E70000340C00202DE9F04112
:105C50000746884615460421052000F027FA8021D2
:105C60000A2006F0AEF8002405E0395D092009F0AD
:105C700047FA601CC4B24445F7DB0321012009F058
:105C80003FFAFF2400BF052005F02AFE0646601EED
:105C9000C4B21CB106F004000028F4D0222005F0A4
:105CA0001FFE2870212005F01BFE6870BDE8F08102
:105CB0007CB510A103C9CDE90001002400256423AF
:105CC000072269460D4803F0E8FE0A2000F0B4FE02
:105CD0000BF0E8FD0446062C01D079207CBD4FF482
:105CE000FA7000F0A9FE302132200BF003FEC0B2A2
:105CF000F4E700000200023230030100F00B002044
:105D000010B51748007800B910BD16A00BF0ACF81C
:105D1000052000F091FEFFF7CBFF45280DD04E285F
:105D200007D057280DD059280FD115A00BF09CF89B
:105D30000BE019A00BF098F807E01DA00BF094F809
:105D400003E021A00BF090F800BF00BF0A21244817
:105D5000FFF711FE00202349086000BFD4E70000D0
:105D6000140000207B2252656365697665223A7BC8
:105D700022537461747573223A32367D7D0A0000B5
:105D80007B22414343223A7B225374617475732210
:105D90003A38397D7D0A00007B22414343223A7B19
:105DA00022537461747573223A37387D7D0A00007E
:105DB0007B22414343223A7B2253746174757322E0
:105DC0003A36397D7D0A00007B22414343223A7BEB
:105DD00022537461747573223A38377D7D0A00004E
:105DE000D4040020340000207CB510A103C9CDE903
:105DF0000001002400256423072269460D4803F0B2
:105E00004CFE0A2000F018FE0BF04CFD0446062C58
:105E100001D079207CBD4FF4FA7000F00DFE3321E3
:105E200032200BF067FDC0B2F4E70000020002323E
:105E300033030200F00B002010B51748007800B9BA
:105E400010BD16A00BF010F8052000F0F5FDFFF7CF
:105E5000CBFF45280DD04E2807D057280DD0592804
:105E60000FD115A00BF000F80BE019A00AF0FCFF11
:105E700007E01DA00AF0F8FF03E021A00AF0F4FFFC
:105E800000BF00BF0A212448FFF775FD0020234909
:105E9000086000BFD4E70000140000207B22526598
:105EA0006365697665223A7B225374617475732247
:105EB0003A32367D7D0A00007B22414343223A7B01
:105EC00022537461747573223A38397D7D0A00005B
:105ED0007B22414343223A7B2253746174757322BF
:105EE0003A37387D7D0A00007B22414343223A7BCA
:105EF00022537461747573223A36397D7D0A00002D
:105F00007B22414343223A7B22537461747573228E
:105F10003A38377D7D0A0000D40400203400002088
:105F200010B52248007800B910BD21A00AF09CFFEE
:105F3000052000F081FD00F04FFC463809282AD2E8
:105F4000DFE800F005090D1115191D2125001FA01E
:105F50000AF08AFF1FE023A00AF086FF1BE027A0BB
:105F60000AF082FF17E02BA00AF07EFF13E02FA0BB
:105F70000AF07AFF0FE033A00AF076FF0BE037A0BB
:105F80000AF072FF07E03BA00AF06EFF03E03FA0BB
:105F90000AF06AFF00BF00BF0A214248FFF7EBFC8E
:105FA00000204149086000BFBEE700001400002047
:105FB0007B2252656365697665223A7B2253746160
:105FC000747573223A32367D7D0A00007B2241438C
:105FD00043223A7B22537461747573223A37307DC1
:105FE0007D0A00007B22414343223A7B22537461A5
:105FF000747573223A37317D7D0A00007B2241435C
:1060000043223A7B22537461747573223A37327D8E
:106010007D0A00007B22414343223A7B2253746174
:10602000747573223A37337D7D0A00007B22414329
:1060300043223A7B22537461747573223A37347D5C
:106040007D0A00007B22414343223A7B2253746144
:10605000747573223A37357D7D0A00007B224143F7
:1060600043223A7B22537461747573223A37367D2A
:106070007D0A00007B22414343223A7B2253746114
:10608000747573223A37377D7D0A00007B224143C5
:1060900043223A7B22537461747573223A37387DF8
:1060A0007D0A0000D40400203400002070B50546AD
:1060B0000C46284605F014FC064626EA040128464C
:1060C00009F01EF870BD704710B504462CB1112CB4
:1060D00003D0212C01D0202C16D104F00F000F4941
:1060E000087004F0F0000E49087010200D49087087
:1060F0000846447084F01000887003200AF058FEAF
:1061000001200949087002E008A00AF0ADFE4FF432
:1061100016711448FFF72FFC10BD0000140000207A
:106120001500002022000020250000207B2252655F
:106130006365697665223A7B2253746174757322B4
:106140003A31397D2C2243223A7B225479706522E0
:106150003A224465766963654D6F6465227D7D0AE8
:1061600000000000D404002010B512480078012877
:1061700000D110BD10A00AF077FE052000F05CFCF5
:1061800000F0E8F8642802D0692808D103E011A0E3
:106190000AF06AFE03E015A00AF066FE00BF00BF29
:1061A0000A211848FFF7E7FB00201749086000BFE5
:1061B000DFE70000140000207B22526563656976EA
:1061C00065223A7B22537461747573223A32367DAC
:1061D0007D0A00007B22444953223A7B225374619A
:1061E000747573223A3130307D7D0A007B22444938
:1061F00053223A7B22537461747573223A313035DD
:106200007D7D0A00D40400203400002010B512481F
:106210000078012800D110BD10A00AF025FE05204D
:1062200000F00AFC00F0D4F8642802D0692808D1F4
:1062300003E011A00AF018FE03E015A00AF014FE16
:1062400000BF00BF0A211848FFF795FB002017493F
:10625000086000BFDFE70000140000207B225265C9
:106260006365697665223A7B225374617475732283
:106270003A32367D7D0A00007B22444953223A7B24
:1062800022537461747573223A3130307D7D0A0077
:106290007B22444953223A7B2253746174757322E2
:1062A0003A3130357D7D0A00D404002034000020CE
:1062B00010B512480078012800D110BD10A00AF0D6
:1062C000D3FD052000F0B8FB00F0A4F8642802D04C
:1062D000692808D103E011A00AF0C6FD03E015A06B
:1062E0000AF0C2FD00BF00BF0A211848FFF743FBB8
:1062F00000201749086000BFDFE7000014000020FD
:106300007B2252656365697665223A7B225374610C
:10631000747573223A32367D7D0A00007B2244492F
:1063200053223A7B22537461747573223A313030B0
:106330007D7D0A007B22444953223A7B22537461BB
:10634000747573223A3130357D7D0A00D404002003
:10635000340000207CB50026002419A103C9CDE932
:106360000001642305226946174803F096FB00F0FC
:1063700059FA0546002004461DE000201349086034
:106380000A2000F059FB6423052269460E4803F0F9
:1063900084FB08F077FD0546062D02D0152D04D1AB
:1063A00001E064207CBD6920FCE7062D00D104E0FB
:1063B000601CC0B20446022CDFDB00BF00BFF1E767
:1063C0000245530317000000F00B0020740000206A
:1063D0001CB50DA103C9CDE9000109F041F8642302
:1063E000052269460A4803F058FB08F04BFD0446B5
:1063F000062C02D0152C04D101E064201CBD6920BC
:10640000FCE76920FAE70000024448030D000000A1
:10641000F00B00207CB500250BA103C9CDE90001DC
:1064200009F01EF800F096FD054664230522694632
:10643000074803F032FB08F025FD0446062C01D185
:1064400064207CBD6920FCE7024350031200000079
:10645000F00B002072B603E01E21642009F0F2FA6E
:10646000FAE700000021074AD1610749096941F0B4
:106470000401054A11611146096941F040011161A9
:1064800070470000D81D0020002002400021074A6C
:10649000D1610749096941F00201054A11611146BC
:1064A0004861096941F0400111617047D81D002021
:1064B000002002400022054BDA61054A126942F0D1
:1064C0000102034B1A61018070470000D81D0020B3
:1064D0000020024000201E49C96801F0100139B1B6
:1064E0001C49C96941F002011A4AD16140F010000B
:1064F0001749C96801F0040139B11649C96941F069
:106500000101144AD16140F004001149C96901F048
:10651000010169B10F49C96941F004010D4AD16116
:1065200000BF0B49C96921F00101094AD16100BFCF
:1065300000BF40F20111884206D10549C96921F026
:106540000101034AD16101E00149C86000BF704701
:1065500000200240D81D002070B5044600F0FAFC6F
:10656000054609E0601C38B124B100F0F3FC401B83
:10657000A04201D9032070BD1248C06800F001009C
:106580000028EFD10F48C06800F0200020B100BF04
:1065900020200C49C86000BF0A48C06800F0100005
:1065A00048B90848C06900F0010020B90548C06832
:1065B00000F0040018B1FFF78DFF0120DBE7002099
:1065C000D9E700000020024010B52B4800780128D0
:1065D00000D110BD29A00AF047FC052000F02CFADC
:1065E00000F020F964380C2837D2DFE800F0060EFE
:1065F00012161A1E22262A2E320A27A00AF034FC6E
:106600002FE02BA00AF030FC2BE02FA00AF02CFC8E
:1066100027E033A00AF028FC23E037A00AF024FC8E
:106620001FE03BA00AF020FC1BE03FA00AF01CFC8E
:1066300017E043A00AF018FC13E047A00AF014FC8E
:106640000FE04BA00AF010FC0BE04FA00AF00CFC8E
:1066500007E053A00AF008FC03E057A00AF004FC8E
:1066600000BF00BF0A215A48FFF785F900205949A9
:10667000086000BFADE70000140000207B225265D7
:106680006365697665223A7B22537461747573225F
:106690003A32367D7D0A00007B22444953223A7B00
:1066A00022537461747573223A3130307D7D0A0053
:1066B0007B22444953223A7B2253746174757322BE
:1066C0003A3131317D7D0A007B22444953223A7BA5
:1066D00022537461747573223A3130317D7D0A0022
:1066E0007B22444953223A7B22537461747573228E
:1066F0003A3130327D7D0A007B22444953223A7B75
:1067000022537461747573223A3130337D7D0A00EF
:106710007B22444953223A7B22537461747573225D
:106720003A3130347D7D0A007B22444953223A7B42
:1067300022537461747573223A3130357D7D0A00BD
:106740007B22444953223A7B22537461747573222D
:106750003A3130367D7D0A007B22444953223A7B10
:1067600022537461747573223A3130377D7D0A008B
:106770007B22444953223A7B2253746174757322FD
:106780003A3130387D7D0A007B22444953223A7BDE
:1067900022537461747573223A3130397D7D0A0059
:1067A0007B22444953223A7B2253746174757322CD
:1067B0003A3131307D7D0A007B22444953223A7BB5
:1067C00022537461747573223A3131327D7D0A002F
:1067D000D4040020340000207CB50FA103C9CDE90A
:1067E0000001002400256423072269460C4803F0B9
:1067F00054F90A2000F020F90BF054F80446062C56
:1068000001D079207CBD142000F016F93021312010
:106810000BF070F8C0B2F5E702000231300302005D
:10682000F00B00207CB52EA103C9CDE90001642343
:10683000052269462C4803F030F908F023FB054691
:10684000062D01D079207CBD08F044FB0446274981
:10685000601A8C4236D012DC2549A4EB01008C4230
:106860002AD007DC23482044F0B1012828D0022890
:1068700034D123E004281DD0FC282FD116E0B0F538
:10688000FF3F23D009DCB0F5007F23D0B0F5C06F07
:1068900022D0B0F57E4F21D10AE017490844B8B1A3
:1068A000B0F5802F1AD10FE06420CCE76E20CAE744
:1068B0006F20C8E76520C6E76620C4E76720C2E707
:1068C0006820C0E76A20BEE76B20BCE76C20BAE70F
:1068D0006D20B8E76E20B6E76F20B4E77820B2E706
:1068E0000252460315000000F00B00203032300049
:1068F00034303000D0CFCFFF0002FCFF70B50A4823
:106900000468001D0568001D0668344454B108225F
:106910000649204603F0DAF90422044910312846DA
:1069200003F0D4F970BD0000E8F7FF1F120100204A
:106930000146002291F82100022808D00420886333
:1069400000BF002081F8200000BF012070470868C8
:10695000006820F00E000B6818600868006820F0DE
:1069600001000B68186091F8403001209840CB6B13
:106970005860012081F8210000BF002081F820002C
:1069800000BF1046E2E7000070B50446002594F809
:106990002100022803D00420A063012548E02068DC
:1069A000006820F00E00216808602068006820F070
:1069B0000100216808601F492068884201D1012038
:1069C00026E01C4914312068884201D110201FE0C4
:1069D000184928312068884201D1801518E01549EE
:1069E0003C312068884201D1801411E011495031B6
:1069F0002068884202D14FF4803009E00D496431AB
:106A00002068884202D14FF4801001E04FF080707E
:106A1000084908394860012084F8210000BF00209F
:106A200084F8200000BF606B10B12046616B88477E
:106A3000284670BD0800024070B5044600F08AFA8E
:106A400006462546681C10B104480078054400BF7E
:106A500000F080FA801BA842FAD370BD4C010020E0
:106A60002DE9F04104460E460127002500BF2648C7
:106A7000007E012802D10220BDE8F08101202249D8
:106A8000087600BF2068022813D14CF25030FFF77F
:106A900063FD90BB0120FFF7E5FC4CF25030FFF79F
:106AA0005BFD07461948006920F00400174908619A
:106AB00023E04CF25030FFF74FFDF0B94FF0FF30BC
:106AC0003060A56812E02846FFF7E0FC4CF2503039
:106AD000FFF742FD07460D48006920F002000B4910
:106AE00008610FB1356007E005F58065D4E9021053
:106AF00001EB8020A842E6D800BF00BF0020024979
:106B0000087600BF3846B7E7D81D002000200240B5
:106B10000348006940F08000014908610020704787
:106B2000002002402DE9FE4F05468B461746984649
:106B3000012600240020029000BF2448007E012886
:106B400002D10220BDE8FE8F01202049087600BF57
:106B50004CF25030FFF700FD064686BB012D02D1F6
:106B60000120029006E0022D02D10220029001E0F5
:106B70000420029000241EE02201B946C246484685
:106B80005146FEF7CFFE80B20190022000FB04B018
:106B900000900199FFF78EFC4CF25030FFF7DCFCBF
:106BA00006460B48006920F001000949086106B15A
:106BB00004E0601CC4B202988442DDDB00BF00BF69
:106BC00000200249087600BF3046BBE7D81D0020F0
:106BD0000020024000200849096901F0800151B1FC
:106BE0000649054A5160064951601146096901F09C
:106BF000800101B101207047002002402301674558
:106C0000AB89EFCD2DE9F8470346002294466EE1AB
:106C10004FF0010808FA02F4D1F8008008EA0400F5
:106C2000A0427DD1DFF8DCA2D1F80480A8EB0A09EC
:106C3000D0453AD014DCB8F1030F50D009DCB8F1DC
:106C4000000F31D0B8F1010F1CD0B8F1020F49D1BB
:106C500020E0B8F1110F18D0B8F1120F42D11EE0A8
:106C6000B9F5881F25D006DCB9F5803F20D0B9F5ED
:106C7000801F37D11AE0B9F5001F18D0B9F5041FED
:106C800030D117E0D1F80CC02DE0D1F80C8008F11C
:106C9000040C28E0D1F80C8008F1080C23E0D1F8AE
:106CA0000C8008F10C0C1EE000BF00BF00BF00BF4D
:106CB00000BF00BFD1F80880B8F1000F02D14FF03B
:106CC000040C0BE0D1F80880B8F1010F03D14FF0AC
:106CD000080C1C6102E04FF0080C5C6103E04FF00F
:106CE000000C00E000BF00BFFF2801D8984601E07B
:106CF00003F104084646FF2802D84FEA820803E061
:106D0000A2F108084FEA88084746D6F800804FF0FD
:106D10000F0909FA07F928EA09080CFA07F900E04F
:106D200088E048EA0908C6F80080D1F8048008F035
:106D30008058B8F1805F7DD100BFDFF8CC81D8F8F2
:106D4000188048F00108DFF8C091C9F81880C846DB
:106D5000D8F8188008F00108CDF8008000BF00BF07
:106D60004FEAB9384FEA920958F829504FEA827829
:106D70004FEA18794FF00F0808FA09F825EA0805D4
:106D8000DFF88881434502D14FF0000816E0DFF8B4
:106D90008081434502D14FF001080FE0DFF8748194
:106DA000434502D14FF0020808E0DFF86C8143450B
:106DB00002D14FF0030801E04FF004084FEA827956
:106DC0004FEA197908FA09F848EA0505DFF84C8115
:106DD0004FEA920948F82950D1F8048008F4803825
:106DE000B8F5803F0AD1DFF83881D8F8008048EA4A
:106DF0000008DFF82C91C9F8008009E0DFF8208155
:106E0000D8F8008028EA0008DFF81491C9F800805B
:106E1000D1F8048008F40038B8F5003F10D1DFF84D
:106E2000008108F10408D8F8008048EA0008DFF87B
:106E3000F09000E05AE009F10409C9F800800DE083
:106E4000DFF8DC8008F10408D8F8008028EA0008A0
:106E5000DFF8CC9009F10409C9F80080D1F804806A
:106E600008F48018B8F5801F0ED1DFF8B48008F15F
:106E70000808D8F8008048EA0008DFF8A49009F173
:106E80000809C9F800800DE0DFF8948008F10808CF
:106E9000D8F8008028EA0008DFF8849009F1080992
:106EA000C9F80080D1F8048008F40018B8F5001F74
:106EB0000ED1DFF86C8008F10C08D8F8008048EAA1
:106EC0000008DFF85C9009F10C09C9F800800DE0BA
:106ED000DFF84C8008F10C08D8F8008028EA000898
:106EE000DFF83C9009F10C09C9F80080521CD1F878
:106EF000008028FA02F8B8F1000F7FF489AEBDE8EF
:106F0000F887000000001110001002400008014046
:106F1000000C014000100140001401400800014035
:106F200000040140024693680B400BB1012000E0D1
:106F30000020704710B5C26821EA020302EA01048A
:106F400043EA0443036110BD0AB1016101E00B048F
:106F50000361704701480068704700004401002049
:106F600070B504460CB9012070BD4CF6CC402168C8
:106F7000086045F2555021680860D4E90010486067
:106F80002168A0688860FFF7E5FF05460BE0FFF782
:106F9000E1FF401B272806D92068C06800F00300E5
:106FA00008B10320E0E72068C06800F00300002873
:106FB000EDD14AF6AA20216808600020D4E700003D
:106FC000034800680349097808440149086070478C
:106FD000440100204C01002010B50848006840F032
:106FE000100006490860032000F0A8F8002000F017
:106FF00007F800F02BF8002010BD00000020024030
:1070000070B504460E4800784FF47A71B1FBF0F089
:107010000C490968B1FBF0F5284602F068F808B1A0
:10702000012070BD102C07D200222146501E00F016
:1070300047F80548046001E00120F2E70020F0E78E
:107040004C010020600100204801002008B500BF6D
:107050001148806940F001000F4988610846806945
:1070600000F00100009000BF00BF00BF0846C069EB
:1070700040F08050C8610846C06900F08050009020
:1070800000BF00BF00BF0549486820F0E06040F045
:107090000070486000BF08BD0010024000000140C1
:1070A00001460846002809DB00F01F0301229A4030
:1070B00043099B0003F1E023C3F8002100BF7047A0
:1070C0002DE9F05F80460D461646002708F068F867
:1070D000074639462A46334601F00700C0F1070A41
:1070E000BAF1040F02D94FF0040A01E0C0F1070A17
:1070F000D14600F1040ABAF1070F02D24FF0000A9C
:1071000001E0A0F1030AD4464FF0010A0AFA09FA95
:10711000AAF1010A0AEA020A0AFA0CFA4FF0010B74
:107120000BFA0CFBABF1010B0BEA030B4AEA0B0465
:107130002146404608F03CF8BDE8F09F00BF00F053
:107140000702064B19684FF6FF031940044B0B4327
:1071500043EA0221014B196000BF70470CED00E0CB
:107160000000FA0570B505460C4604F08000802842
:1071700008D104F0070000EB800605F1280000EBC1
:10718000C60105E004EB840605F5B47000EBC6010A
:107190001AB900200873CB8004E0012008730B812A
:1071A000180C4881002070BD704770B504460D462C
:1071B00005EB850304F1280101EBC3014A69294667
:1071C000D4F8E80205F032FF70BD70B504460D46F4
:1071D00005EB850304F5B47101EBC3014A69294647
:1071E000D4F8E80205F0A2FF70BD70B504460E4663
:1071F00006F0800080280AD106F0070000EB80012D
:1072000004F1280000EBC1050120687009E006F0D8
:10721000070000EB800104F5B47000EBC10500200D
:10722000687006F00700287000BF94F8A8020128D3
:1072300001D1022070BD012084F8A80200BF2946B8
:10724000206806F0FBFD00BF002084F8A80200BF04
:1072500000BFEFE770B504460E4606F00F00616808
:10726000884201D9012070BD06F0800080280AD133
:1072700006F0070000EB800104F1280000EBC105D7
:107280000120687009E006F0070000EB800104F5BA
:10729000B47000EBC105002068700020A87006F0F3
:1072A0000700287000BF94F8A802012801D102202D
:1072B000D9E7012084F8A80200BF2946206806F01B
:1072C00019FF00BF002084F8A80200BF00BFCAE772
:1072D0002DE9F04105460C46174607F4804000288A
:1072E00050D02868B0F85010207801EBC000801C06
:1072F000296801F5806131F81000C0F30906A06922
:10730000B04203D3A069801BA06101E00020A0610E
:10731000A069A8B900BF22785200296831F812107C
:107320004BF68F7201EA020080F4005040F40041F5
:1073300041F0800123785B002A6822F8131000BF17
:1073400007F04000A8B100BF00BF227852002968B2
:1073500031F8121048F68F7201EA020040F4004141
:1073600041F0C00123785B002A6822F8131000BFA7
:1073700000BF002E55D0228961693346286807F086
:107380002FFD4EE02868B0F85010207801EBC000C7
:10739000801D296801F5806131F81000C0F30906ED
:1073A000A069B04203D3A069801BA06101E0002066
:1073B000A061A069A8B900BF22785200296831F8FD
:1073C00012104BF68F7201EA020080F4005040F474
:1073D000004141F0800123785B002A6822F81310F5
:1073E00000BF07F04000A8B900BF00BF22785200DC
:1073F000296831F8121048F68F7201EA020040F451
:10740000004141F0C00123785B002A6822F8131084
:1074100000BF00BF2EB1628961693346286807F05A
:10742000DFFC3046BDE8F0812DE9F04705460C460B
:10743000904608F04000002871D02868B0F850103D
:10744000207801EBC000801C296801F5806131F8CB
:107450001000C0F30907A069B84203D9A069C01B96
:10746000A06101E00020A061A06900287ED100BFDA
:107470006078C8B900BF29682A68B2F85020114462
:107480002278022303EBC20201F5806303EB420082
:1074900000BF028848F2FF331A400280028842F49B
:1074A0000042028000BF13E06078012810D100BFC5
:1074B00028682A68B2F8502010442278022303EB8F
:1074C000C20200F5806303EB420100220A8000BF84
:1074D00000BF00BF2968607810BB00BF2B68D5F8DB
:1074E00000C0BCF850C0634494F800C04FF00609D7
:1074F00009EBCC0C03F5806909EB4C0000BFB0F838
:1075000000C048F2FF390CEA090CA0F800C0B0F83E
:1075100000C04CF4004CA0F800C000BF11E0C0E077
:10752000607801280DD12868B0F850000144207817
:10753000062303EBC00001F5806303EB400200204B
:10754000108000BF21782846FFF72FFE08F4804006
:10755000002816D000BF00BF22785200296831F8F9
:10756000121048F68F7201EA020000E00AE040F4CF
:10757000004141F4814123785B002A6822F813100E
:1075800000BFCAE108F48040A8B100BF00BF227864
:107590005200296831F8121048F68F7201EA020091
:1075A00040F4004141F4814223785B00296821F8CE
:1075B000132000BF00BF94F824000128E1D16069C6
:1075C00038446061E0693844E0612169206A88429A
:1075D00004D32669206A801B20620BE0206A20B950
:1075E0003E46002084F8240004E0002084F82400B3
:1075F000266A206200BF6078B8BB00BF2A6829688D
:10760000B1F850100A442178022303EBC10102F5BE
:10761000806303EB4101084600BF56B9038848F276
:10762000FF3C03EA0C030380038843F40043038018
:1076300019E03E2E0BD800BF710806F0010303B11C
:10764000491C4FF6FF7303EA812303800BE000BF60
:10765000710906F01F0303B9491E4FF4004343EAC2
:107660008123038000BF00BF13E0FFE7607801289B
:107670000FD100BF28682A68B2F850201044227841
:10768000022303EBC20200F5806303EB42010E808C
:1076900000BF00BFB3B222896169286807F0CFFB41
:1076A0003BE12868B0F85010207801EBC000801D45
:1076B000296801F5806131F81000C0F30907A0695D
:1076C000B84203D3A069C01BA06101E00020A06103
:1076D000A06900287DD100BF6078C8B900BF2968C3
:1076E0002A68B2F8502011442278022303EBC20228
:1076F00001F5806303EB420000BF028848F2FF33CC
:107700001A400280028842F40042028000BF13E067
:107710006078012810D100BF28682A68B2F850208C
:1077200010442278022303EBC20200F5806303EBCE
:10773000420100220A8000BF00BF00BF29686078B4
:1077400008BB00BF2B68D5F800C0BCF850C063442C
:1077500094F800C04FF0060909EBCC0C03F58069E2
:1077600009EB4C0000BFB0F800C048F2FF390CEA4A
:10777000090CA0F800C0B0F800C04CF4004CA0F810
:1077800000C000BF10E0607801280DD12868B0F873
:10779000500001442078062303EBC00001F580630C
:1077A00003EB40020020108000BF21782846FFF73D
:1077B000FCFC08F48040002816D100BF00BF2278EE
:1077C0005200296831F8121048F68F7201EA02005F
:1077D00000E00AE040F4004141F4814123785B007D
:1077E0002A6822F8131000BF97E008F48040A8B977
:1077F00000BF00BF22785200296831F8121048F605
:107800008F7201EA020040F4004141F48141237883
:107810005B002A6822F8131000BF00BF94F8240010
:1078200001287AD1606938446061E0693844E061D8
:107830002169206A884204D32669206A801B20625D
:107840000BE0206A20B93E46002084F8240004E0C2
:10785000266A0020206284F8240000BF2A6860782D
:1078600090BB00BFD5F800C02968B1F850108C4417
:1078700021784FF0060909EBC1010CF5806909EB8D
:107880004101084600BF76B9B0F8009048F2FF3ACF
:1078900009EA0A09A0F80090B0F8009049F40049FC
:1078A000A0F8009020E03E2E0FD800BF710806F02F
:1078B0000109B9F1000F00D0491C4FF6FF7909EA20
:1078C0008129A0F800900FE010E000BF710906F0D8
:1078D0001F09B9F1000F00D1491E4FF4004949EAD0
:1078E0008129A0F8009000BF00BF0FE06078012858
:1078F0000CD12868B0F8500002442078062101EB32
:10790000C00002F5806101EB40031E8000BFB3B2EE
:1079100062896169286807F092FA00BF22785200F4
:10792000296831F8121048F6BF7201EA020080F0AF
:10793000100080F0200040F4004141F080012378E5
:107940005B002A6822F8131000BF0020BDE8F08712
:10795000024601F0070000EB800302F5B47000EB73
:10796000C300C06970472DE9F04705460E469046B2
:107970001F464FF0000906F0800080280AD106F06B
:10798000070000EB800105F1280000EBC104012095
:10799000607009E006F0070000EB800105F5B470A7
:1079A00000EBC1040020607006F007002070C4F8EE
:1079B0001080E770607808B12078E081022F01D153
:1079C0000020207100BF95F8A802012802D10220F2
:1079D000BDE8F087012085F8A80200BF214628688D
:1079E00006F002F800BF002085F8A80200BF484654
:1079F000EEE72DE9F04105460E461746984606F09B
:107A0000070000EB800105F5B47000EBC10467616D
:107A1000C4F818800020E061607006F00700207054
:107A200006F0070020B92146286806F0FEFB03E0B7
:107A30002146286806F0F9FB0020BDE8F08170B50A
:107A400004460D4605F007006168884201D901200F
:107A500070BD05F0800080280AD105F0070000EB1A
:107A6000800104F1280000EBC1060120707007E0DE
:107A700005EB850104F5B47000EBC10600207070C1
:107A80000120B07005F00700307000BF94F8A80224
:107A9000012801D10220DBE7012084F8A80200BF01
:107AA0003146206806F093FB05F0070020B904F585
:107AB0002C71206806F01BFB00BF002084F8A80290
:107AC00000BF00BFC4E72DE9F04105460E469046D1
:107AD0001F4606F0070000EB800105F1280000EBCF
:107AE000C104C4F81480A761012084F8240027622F
:107AF0000020E0610120607006F00700207006F0B1
:107B0000070020B92146286806F08FFB03E02146D4
:107B1000286806F08AFB0020BDE8F0817FB50446A6
:107B2000206807F059F900F40040B0F5004F02D189
:107B3000204602F0BBFC206807F04EF900F480609C
:107B4000B0F5806F0FD12068B0F844004FF6FF31D8
:107B500008402168A1F84400204600F09FF9002168
:107B6000204600F0BBF9206807F036F900F48040A9
:107B7000B0F5804F08D12068B0F844004BF6FF7193
:107B800008402168A1F84400206807F025F900F4B6
:107B90000050B0F5005F08D12068B0F844004DF601
:107BA000FF7108402168A1F84400206807F014F92B
:107BB00000F48050B0F5805F1DD12068B0F840001F
:107BC0004FF6FB7108402168A1F840002068B0F82A
:107BD00040004FF6F77108402168A1F840002046A8
:107BE00000F06EF92068B0F844004EF6FF710840CE
:107BF0002168A1F84400206807F0EEF800F4006066
:107C0000B0F5006F55D1002507E06900206830F815
:107C100011002DF81500681CC5B2082DF5D3206899
:107C2000B0F8400040F001002168A1F84000206851
:107C3000B0F840004FF6FE7108402168A1F84000FE
:107C400000BF2068B0F8440000F480600028F8D03D
:107C50002068B0F844004FF6FF3108402168A1F8D1
:107C60004400002507E03DF815006A00216821F86E
:107C70001200681CC5B2082DF5D32068B0F840008A
:107C800040F008002168A1F840002068B0F84400E6
:107C90004FF2FF7108402168A1F844002068B0F855
:107CA000400040F004002168A1F84000204600F0A8
:107CB00057F9206807F090F800F40070B0F5007FE5
:107CC0000BD12068B0F844004FF6FF5108402168FE
:107CD000A1F84400204600F0FAF8206807F07CF88C
:107CE00000F48070B0F5807F08D12068B0F84400BF
:107CF0004FF6FF6108402168A1F844007FBD30B510
:107D000085B0044614B9012005B030BD94F8A9022D
:107D100028B9002084F8A802204600F09DF803202E
:107D200084F8A902206806F0D8F9142204F11001A1
:107D30006846FDF707FE94E80F0006F07BF820B1D7
:107D4000022084F8A9020120DEE70021206807F064
:107D50006CF8002531E0012105EB850204F12800D3
:107D600000EBC200417005EB850104F1280000F82A
:107D7000315005EB850100EBC100C581002105EB09
:107D8000850204F1280000EBC200C17005EB8502FA
:107D900004F1280000EBC200016105EB850204F14B
:107DA000280000EBC200416105EB850204F12800C8
:107DB00000EBC2008161681CC5B26068A842CAD8E5
:107DC00000252AE0002105EB850204F5B47000EBE4
:107DD000C200417005EB850104F5B47000F8315024
:107DE000002105EB850200EBC200C17005EB8502A6
:107DF00004F5B47000EBC200016105EB850204F5E7
:107E0000B47000EBC200416105EB850204F5B4706B
:107E100000EBC2008161681CC5B26068A842D1D87D
:107E2000142204F110016846FDF78CFD94E80F0060
:107E300006F048F920B1022084F8A902012063E786
:107E4000002084F82400012084F8A902206806F0AC
:107E500036F9002058E7000038B504460D4920687F
:107E6000884215D100BF0C48C06940F400000A499F
:107E7000C8610846C06900F40000009000BF00BF60
:107E8000002211461420FFF71BF91420FFF708F910
:107E900038BD0000005C00400010024070B5044690
:107EA0000125A068022801D0FEF7D4FA2946D4F8AB
:107EB000E80205F06FFAD4F8E80205F021FA70BD87
:107EC00010B50446D4F8E80205F048FA10BD10B524
:107ED0000446D4F8E80205F04CFA10BD70B504462B
:107EE0000D4600BF94F8A802012801D1022070BD00
:107EF000012084F8A80200BF84F824502946206895
:107F000006F096FF00BF002084F8A80200BF00BF63
:107F1000EDE710B5044604F52C71D4F8E80205F03D
:107F200050FA10BD10B5044600BF94F8A80201280D
:107F300001D1022010BD012084F8A80200BF2068F2
:107F400006F038FF01212046FFF72EF9206806F0E1
:107F5000B3F800BF002084F8A80200BF00BFE9E723
:107F600010B50446D4F8E80205F084FAA06928B1F7
:107F70000348006840F006000149086010BD000099
:107F800010ED00E0012001490862704700000E4238
:107F90002DE9F04385B006463BA30FCB01AC0FC4DF
:107FA0003DA0006800904FF0000800250027002445
:107FB000A146012E30D0022E55D0102E5ED137486A
:107FC0004468006800F0807000B301A8C4F38341E6
:107FD000475C04F4803070B130484068C0F34040E2
:107FE0001DF8008004F4803040B12D48B0FBF8F05B
:107FF00000FB07F502E02B4807FB00F52748406827
:1080000000F48000B0F5800F01D1A94603E06800BC
:108010000321B0FBF1F932E02048046A04F4407017
:10802000B0F5807F05D104F0020010B14FF4004993
:1080300018E004F44070B0F5007F07D11748406A9B
:1080400000F0020010B149F640490BE004F4407022
:10805000B0F5407F06D11148006800F4003008B147
:108060004FF224490BE000F09BF90C494968C1F339
:108070008131491C4900B0FBF1F900E000BF00BFAD
:10808000484605B0BDE8F083020304050607080969
:108090000A0B0C0D0E0F1010010200000010024020
:1080A00000127A0000093D00F8B5044600260025BC
:1080B000207800F0010000286BD000274348C069F9
:1080C00000F0805070B900BF4048C06940F0805057
:1080D0003E49C8610846C06900F08050009000BF6A
:1080E00000BF01273A48006800F48070B0B93848F2
:1080F000006840F4807036490860FEF72BFF0646A2
:1081000006E0FEF727FF801B642801D90320F8BD95
:108110002F48006800F480700028F2D02B48006AD5
:1081200000F440752DB3A08800F44070A84220D020
:108130002648006A20F44075012026490860002086
:1081400008602248056205F0010090B1FEF702FFC9
:10815000064608E0FEF7FEFE801B41F288318842A9
:1081600001D90320D3E71948006A00F00200002873
:10817000F0D01648006A20F4407061680843134943
:108180000862012F04D10846C06920F08050C86100
:1081900000BF207800F00200022807D10B48406899
:1081A00020F44040A168084308494860207800F066
:1081B0001000102807D10548406820F48000E168CD
:1081C0000843024948600020A1E700000010024077
:1081D00000700040400442427047000070B5044601
:1081E0000D460CB9012070BD5A48006800F0070028
:1081F000A8420ED25748006820F00700284355498E
:1082000008600846006800F00700A84201D001207D
:10821000E9E7207800F0020002281DD1207800F064
:108220000400042805D14C48406840F4E0604A4905
:108230004860207800F00800082805D146484068CA
:1082400040F46050444948604348406820F0F000E2
:10825000A168084340494860207800F0010078B3E5
:108260006068012806D13C48006800F4003090B9ED
:108270000120B8E76068022806D13748006800F09E
:10828000007040B90120AEE73348006800F00200FA
:1082900008B90120A7E73048406820F00300616872
:1082A00008432D494860FEF755FE064609E0FEF7F3
:1082B00051FE801B41F28831884202D9032092E7A7
:1082C00007E02548406800F00C006168B0EB810FC2
:1082D000EDD12048006800F00700A8420ED91D48E3
:1082E000006820F0070028431A4908600846006823
:1082F00000F00700A84201D0012074E7207800F0C8
:108300000400042807D11448406820F4E060E168C4
:10831000084311494860207800F00800082808D177
:108320000D48406820F46050216940EAC1000A49C4
:10833000486000F045F808494968C1F30311074A4D
:10834000515CC8400649086006480068FEF758FEC0
:10835000002048E70020024000100240111B0108E5
:10836000600100204801002001200149C8647047D5
:108370000000424201480068704700006001002090
:1083800000B5FFF7F7FF04494968C1F30221034A2A
:10839000515CC84000BD000000100240211B0108D4
:1083A00000B5FFF7E7FF04494968C1F3C221034A5A
:1083B000515CC84000BD000000100240211B0108B4
:1083C000F0B585B00FF26C0C9CE8E01001A8A0E8B5
:1083D000E0101CA52D680095002100220023002438
:1083E0000020194D696801F00C05F5B1042D02D08B
:1083F000082D19D101E0154819E001ADC1F38346FC
:10840000AC5D01F4803555B10F4D6D68C5F3404545
:108410001DF805200D4D6543B5FBF2F302E00C4D50
:1084200004FB05F3184602E000BF084800BF00BF88
:1084300005B0F0BD02030405060708090A0B0C0D80
:108440000E0F1010010200000010024000127A000E
:1084500000093D0010B50648806800F080008028C3
:1084600004D1FFF7B9FE80200149887210BD0000D9
:1084700000100240F8B504460CB90120F8BD207880
:1084800000F00100002878D0F848406800F00C00A7
:1084900004280CD0F548406800F00C00082811D1E1
:1084A000F248406800F48030B0F5803F0AD1EF48D0
:1084B000006800F4003000285FD0606800285CD1BC
:1084C0000120DBE700BF6068B0F5803F06D1E748D8
:1084D000006840F48030E549086028E0606858B9D9
:1084E000E248006820F48030E049086008460068EF
:1084F00020F4802008601AE06068B0F5A02F0BD14E
:10850000DA48006840F48020D849086008460068CE
:1085100040F4803008600AE0D448006820F48030DD
:10852000D24908600846006820F48020086000BF37
:10853000606888B1FEF70EFD054606E0FEF70AFD0D
:10854000401B642801D9032098E7C848006800F45C
:1085500000300028F2D010E0FEF7FCFC054606E0F3
:10856000FEF7F8FC401B642801D9032086E7BF48CA
:10857000006800F400300028F2D1207800F00200FA
:10858000022857D1B948406800F00C0050B1B748F4
:10859000406800F00C00082818D1B448406800F486
:1085A000803098B9B148006800F0020020B120691D
:1085B000012801D0012061E7AC48006820F0F800F4
:1085C000616940EAC100A949086033E02069E8B167
:1085D0000120A7490860FEF7BDFC054606E0FEF74E
:1085E000B9FC401B022801D9032047E79F480068D7
:1085F00000F002000028F2D09C48006820F0F8004B
:10860000616940EAC1009949086013E00020984977
:108610000860FEF79FFC054606E0FEF79BFC401B4A
:10862000022801D9032029E79048006800F00200E1
:108630000028F2D1207800F0080008282DD1A06988
:10864000B8B101208B490860FEF784FC054606E0BE
:10865000FEF780FC401B022801D903200EE7834867
:10866000406A00F002000028F2D0012003F06CF80C
:1086700013E000207F490860FEF76CFC054606E029
:10868000FEF768FC401B022801D90320F6E6774874
:10869000406A00F002000028F2D1207800F00400C7
:1086A000042873D100277148C06900F0805070B968
:1086B00000BF6E48C06940F080506C49C8610846F0
:1086C000C06900F08050009000BF00BF01276A48D9
:1086D000006800F48070B0B96748006840F48070AA
:1086E00065490860FEF736FC054606E0FEF732FCF9
:1086F000401B642801D90320C0E65F48006800F4ED
:1087000080700028F2D000BFE068012806D15748E9
:10871000006A40F001005549086227E0E06858B956
:108720005248006A20F00100504908620846006A79
:1087300020F00400086219E0E06805280BD14B48DE
:10874000006A40F00400494908620846006A40F0A7
:10875000010008620AE04548006A20F00100434930
:1087600008620846006A20F00400086200BFE06862
:10877000A0B1FEF7EFFB054609E0FEF7EBFB401B5F
:1087800041F28831884202D9032077E622E0374857
:10879000006A00F002000028EFD012E0FEF7DAFBDA
:1087A000054608E0FEF7D6FB401B41F288318842BF
:1087B00001D9032062E62D48006A00F0020000287B
:1087C000F0D1012F05D12948C06920F080502749F8
:1087D000C86100BFE069C8B32448406800F00C00DD
:1087E000082860D0E069022848D1002020490866A6
:1087F000FEF7B0FB054606E0FEF7ACFB401B022887
:1088000001D903203AE61948006800F000700028FA
:10881000F2D1206AB0F5803F07D11448406820F4B7
:108820000030A168084311494860D4E908010843B1
:108830000E49496821F4741108430C49486001202D
:108840000B490866FEF786FB054607E03DE0FEF7AC
:1088500081FB401B022801D903200FE60348006872
:1088600000F000700028F2D02FE00000001002405D
:10887000000042428004424200700040002014493F
:108880000866FEF767FB054606E0FEF763FB401B44
:10889000022801D90320F1E50E48006800F00070BD
:1088A0000028F2D111E0E069012800D1E6E509488D
:1088B000466806F48031206A814204D106F47011C2
:1088C000606A814201D00120D8E50020D6E5000091
:1088D00000004242001002402DE9F04780460E465B
:1088E0009246002500270024A146404602F085FF5D
:1088F00081462548B9FBF0F424480068A04240D0E6
:108900002248046040F2B2750EE0284606F08FFD62
:10891000012806D1B4F5B77F02D3A4F5B77402E0FD
:1089200005E0A4F26D146D1CB4F5B67FEDD800BF60
:108930002F46A5F5FA60F070002515E0012D09D14C
:10894000384606F074FD012804D11D2C01D31D3CCE
:1089500009E00BE00E48405DA04203D80C48405DA2
:10896000241A00E002E06D1C1C2CE7D200BF681C3A
:108970007070601CB070B2787178F07802F057FFB8
:1089800030700020BDE8F087805101005C010020BC
:10899000051B01082DE9F04707460C4691460026C5
:1089A000B046002538684068C0F3800010B101204F
:1089B000BDE8F087384602F020FF06464FF46160BC
:1089C000B6FBF0F5B6FBF0F100FB11603C21B0FB0B
:1089D000F1F060704FF46160B6FBF0F100FB1160E4
:1089E0003C21B0FBF1F201FB1200A0701820B5FB96
:1089F000F0F100FB11502070182D08D31820B5FBA2
:108A0000F0F8B5FBF0F100FB1150207000E025708C
:108A10000020CDE770B5044600250CB9012070BDDB
:108A2000607C20B900202074204600F05BF8022012
:108A30006074204600F085F918B1042060740120AC
:108A4000EDE7204602F09FFE18B10420607401207B
:108A5000E5E72068406820F0070021684860A068CA
:108A600028B11F48006820F001001D4908601C481B
:108A7000001F006820F46070A16808431849091FAE
:108A800008606068401C08B1656809E00120FFF7D4
:108A90007FFA05461DB9042060740120BFE76D1EF2
:108AA0002068806820F00F0040EA15402168886047
:108AB0002068C06865F30F002168C860204602F096
:108AC0007FFE18B1042060740120A8E70021E17343
:108AD00001216173A1730120607400209FE70000F1
:108AE000306C004038B504460B492068884212D1EA
:108AF000FFF748FA00BF0948C06940F00060074925
:108B0000C8610846C06900F00060009000BF00BF67
:108B100001200349086038BD0028004000100240D1
:108B20003C0442422DE9F04F87B006460F464FF015
:108B300000090020069080460024059004900390D0
:108B4000824600BF48A207CA8DE80700304602F0FF
:108B500054FE81464FF46160B9FBF0F006904FF48B
:108B60006160B9FBF0F100FB11903C21B0FBF1F02A
:108B7000C0B204904FF46160B9FBF0F100FB1190BA
:108B80003C21B0FBF1F201FB120003901821069882
:108B9000B0FBF1F201FB12000590F87800F5FA68DD
:108BA00040F63300804500D9804640F2B2708045DF
:108BB00000D2804640F2B2750AE0284606F037FC43
:108BC000012802D12B48044401E02B4804446D1CC9
:108BD0004545F2D397F801A0404606F028FC01284D
:108BE00004D1BAF1020F01D924480444AAF1010AC0
:108BF000002507E01DF8050040F2A321484304EBDF
:108C0000C0146D1C5545F5D397F802B0ABF10100C7
:108C100040F2A321484304EBC0140598C0EB401177
:108C2000C1EB002004EB00140498C0EB001004EB2F
:108C300080040398044400BF307C012803D1022043
:108C400007B0BDE8F08F0120307400BF02207074BF
:108C50002146304602F02DFE0120707400BF002036
:108C6000307400BF00BFEBE71F1C1F1E1F1E1F1F1D
:108C70001E1F1E1F0085E2018033E10180510100AB
:108C80002DE9F05F04460D46904600260027B146C8
:108C9000B246204602F0B1FD07464FF46160B7FBD3
:108CA000F0F9B9F1180F0AD31820B9FBF0FA0AEB62
:108CB0004A00C0004FF4616100FB01F700E00027AB
:108CC00000BF207C012802D10220BDE8F09F0120D6
:108CD000207400BF02206074B8F1000F0BD1287817
:108CE0004FF4616148436978C1EB011100EB8100E9
:108CF000A978461812E0287802F03AFD4FF4616135
:108D000000FB01FB687802F033FDC0EB00100BEBB9
:108D1000800BA87802F02CFD0BEB00063E44314698
:108D2000204602F0C6FD2068406820F0050021685A
:108D300048600120607400BF0020207400BF00BFA5
:108D4000C3E770B5044600250CB9012070BD20684A
:108D5000406820F0080021684860FEF7FBF80546EF
:108D600007E0FEF7F7F8401BB0F57A7F01D9032042
:108D7000ECE72068406800F008000028F1D00020EF
:108D8000E4E710B504460CB9012010BD606A38B99B
:108D90006068B0F5827F00D105E00021E16102E06A
:108DA0000021216161610021A16294F8510028B97C
:108DB000002084F85000204600F042F8022084F899
:108DC00051002068006820F0400021680860A088F9
:108DD00000F48270218901F404410843A18901F45F
:108DE00000610843217C01F002010843217D01F06C
:108DF00001010843218B01F400710843217F01F038
:108E0000380108432021095D01F080010843218DCC
:108E100001F400510843216808600421A06901EAB7
:108E20001040216848602068C06920F40060216813
:108E3000C86100206065012084F851000020A4E78B
:108E400010B586B00446002002900390049005906F
:108E50001949206888422DD100BF1848806940F424
:108E60008050164988610846806900F4805001905E
:108E700000BF00BF00BF0846806940F00400886161
:108E80000846806900F00400019000BF00BFA020E8
:108E90000290022003900320059002A90848FDF7E4
:108EA000B1FE4020029000200390049002A90448E3
:108EB000FDF7A8FE06B010BD0030014000100240D2
:108EC000000801402DE9FF5F0446884691461D4693
:108ED0000E9E012002900020019000BF94F85000E7
:108EE000012803D1022004B0BDE8F09F012084F8DE
:108EF000500000BFFEF72EF8074694F851B06068A6
:108F00000390AA46BBF1010F0BD00398B0F5827F06
:108F100004D1A06810B9BBF1040F02D00220019067
:108F2000DBE0B8F1000F03D0B9F1000F00D015B9A4
:108F300001200190D1E094F85100042802D00520CE
:108F400084F8510000206065C4F83890E587A58753
:108F5000C4F83080E586A5862064606420680068D7
:108F600000F04000402805D02068006840F0400034
:108F700021680860E068B0F5006F4AD1606810B100
:108F8000BAF1010F09D1206B00882168C860206BFD
:108F9000801C2063E08E401EE08633E020688068FD
:108FA00000F00200022810D1E08E70B10298012872
:108FB0000BD1206B00882168C860206B801C206367
:108FC000E08E401EE086002002902068806800F05D
:108FD000010068B1E08F58B12068C068A16B0880BB
:108FE000A06B801CA063E08F401EE08701200290F0
:108FF000FDF7B0FFC01BB04204D3701C10B10320BA
:1090000001906AE0E08E0028C8D1E08F0028C5D129
:109010004AE0606810B1BAF1010F09D1206B007805
:1090200021680873206B401C2063E08E401EE086A0
:1090300034E02068806800F00200022810D1E08E41
:1090400070B1029801280BD1206B00782168087359
:10905000206B401C2063E08E401EE08600200290C2
:109060002068806800F0010068B1E08F58B1206886
:10907000C068A16B0870A06B401CA063E08F401E0D
:10908000E08701200290FDF765FFC01BB04201D3CD
:10909000701C00B916B9032001901EE0E08E002874
:1090A000C7D1E08F0028C4D13A463146204602F0AD
:1090B00007FE20B101200190202060650DE0A0682E
:1090C00050B900BF002000902068C0680090206860
:1090D0008068009000BF00BF00BF012084F85100ED
:1090E00000BF002084F8500000BF0198FBE670B577
:1090F00004462546681EB0F1807F01D301200FE0B1
:10910000681E4FF0E02148610F214FF0FF3006F05C
:109110004FF800204FF0E02188610720086100200F
:1091200070BD70477047000030B502460B4600BF67
:1091300092F83C00012801D1022030BD012082F8C4
:109140003C0000BF022082F83D00106844681068AF
:10915000816824F070041868044310684460104D5E
:109160001068A8420BD01068B0F1804F07D00D4DA9
:109170001068A84203D00C4D1068A84205D121F018
:1091800080015868014310688160012082F83D0029
:1091900000BF002082F83C0000BF00BFCDE7000008
:1091A000002C0140000400400008004010B50446B7
:1091B0000CB9012010BD94F83D0028B9002084F8B6
:1091C0003C00204600F026F8022084F83D00211DD6
:1091D000206803F017F8012084F8460000BF84F8E7
:1091E0003E0001213F2001554020015541200155FD
:1091F00000BF00BF012084F84200432001554420F5
:1092000001554520015500BF012084F83D00002094
:10921000D0E7000038B504461A492068884216D1C4
:1092200000BF1948C06940F002001749C8610846EC
:10923000C06900F00200009000BF00BF002211468C
:109240001D20FDF73DFF1D20FDF72AFF19E02068D6
:10925000B0F1804F15D100BF0B48C06940F001004C
:109260000949C8610846C06900F00100009000BFCC
:1092700000BF022211461C20FDF722FF1C20FDF733
:109280000FFF38BD0004004000100240014691F875
:109290003D00012801D001207047022081F83D00E7
:1092A000124B086898420BD00868B0F1804F07D085
:1092B0000F4B0868984203D00E4B086898420CD1B7
:1092C0000868806800F00702062A0CD00868006869
:1092D00040F001000B68186005E00868006840F085
:1092E00001000B6818600020D6E70000002C014048
:1092F0000004004000080040014691F83D000128AC
:1093000001D001207047022081F83D000868C06844
:1093100040F001000B68D860124B086898420BD0EF
:109320000868B0F1804F07D00F4B0868984203D00F
:109330000E4B086898420CD10868806800F007025C
:10934000062A0CD00868006840F001000B6818601D
:1093500005E00868006840F001000B681860002014
:10936000D0E70000002C014000040040000800404D
:109370002DE9F04104460D4600BF94F83C00012859
:1093800002D10220BDE8F081012084F83C0000BF3A
:10939000022084F83D002068866826F0770626F4CF
:1093A0007F46206886602868502833D00CDC20284F
:1093B00050D004DC00284BD0102851D149E030288F
:1093C00049D040284CD139E060282DD0702807D0F2
:1093D000B0F5805F03D0B0F5005F41D10DE040E013
:1093E000D5E902136A68206802F046FF20688668A3
:1093F00046F077062068866033E0D5E902136A6894
:10940000206802F039FF2068806840F480402168BD
:10941000886026E0EA686968206802F041FF502110
:10942000206802F034FF1CE0EA686968206802F0F6
:109430004AFF6021206802F02AFF12E0EA686968AA
:10944000206802F02DFF4021206802F020FF08E094
:1094500000BF00BF00BF2968206802F018FF00E0CD
:1094600000BF00BF012084F83D0000BF002084F849
:109470003C0000BF00BF85E7704710B50446206878
:109480000069C0F34000D8B12068C068C0F3400054
:10949000B0B16FF0020021680861012020772068D8
:1094A000806900F0030018B12046FFF7E5FF05E0F2
:1094B000204600F0ADF8204600F0ABF80020207701
:1094C00020680069C0F38000D8B12068C068C0F38C
:1094D0008000B0B16FF0040021680861022020779D
:1094E0002068806900F4407018B12046FFF7C4FF7F
:1094F00005E0204600F08CF8204600F08AF80020B5
:10950000207720680069C0F3C000D8B12068C06827
:10951000C0F3C000B0B16FF00800216808610420FA
:1095200020772068C06900F0030018B12046FFF7DB
:10953000A3FF05E0204600F06BF8204600F069F834
:109540000020207720680069C0F30010D8B120689F
:10955000C068C0F30010B0B16FF01000216808615E
:10956000082020772068C06900F4407018B12046B8
:10957000FFF782FF05E0204600F04AF8204600F0A1
:1095800048F8002020772068006900F0010058B1F9
:109590002068C06800F0010030B16FF00100216860
:1095A0000861204600F036F820680069C0F3C0105A
:1095B00058B12068C068C0F3C01030B16FF08000AF
:1095C000216808612046FFF7ACFD20680069C0F300
:1095D000801058B12068C068C0F3801030B16FF0BF
:1095E000400021680861204600F020F820680069EA
:1095F000C0F3401058B12068C068C0F3401030B1CB
:109600006FF02000216808612046FFF78BFD10BD38
:109610007047704710B5044603492068884201D15D
:1096200002F0FCFB10BD00000004004070477047D2
:10963000704700002DE9F84F04462068056820684F
:10964000C668206847694FF00009CA4605F00F094F
:10965000B9F1000F0AD105F0200038B106F0200062
:1096600020B1204602F078FEBDE8F88FB9F1000F76
:1096700071D007F0010018B906F4907000286AD084
:1096800005F0010030B106F4807018B1206C40F094
:109690000100206405F0040030B107F0010018B1AA
:1096A000206C40F00200206405F0020030B107F0A9
:1096B000010018B1206C40F00400206405F008009F
:1096C00048B106F0200010B907F0010018B1206C75
:1096D00040F008002064206C68B305F0200028B139
:1096E00006F0200010B1204602F036FE20684069E6
:1096F000C0F3801A206C00F0080010B9BAF1000F16
:1097000022D0204602F0FDFD2068406900F04000B4
:10971000B0B12068406920F0400021684861A06B2A
:1097200050B15648A16B4863A06BFDF72DF910B1FD
:10973000A06B416B88470CE02046FFF779FF08E0FB
:109740002046FFF775FF04E02046FFF771FF002079
:10975000206489E7FFE7206B012878D105F010002D
:10976000002874D006F01000002870D000BF002040
:10977000009020680068009020684068009000BF5A
:1097800000BF2068406900F04000C0B3A06B0068D3
:1097900040681FFA80F8B8F1000F2FD0A08D404527
:1097A0002CDDA4F82E80A06B806920281FD02068B3
:1097B000C06820F480702168C8602068406920F08B
:1097C0000100216848612068406920F0400021685C
:1097D0004861202084F83E00002020632068C06893
:1097E00020F010002168C860A06BFDF7A1F8A08DE3
:1097F000E28D801A81B22046FFF719FF34E7FFE7B8
:10980000A08DE18D401A1FFA80F8E08DE8B1B8F123
:10981000000F1AD02068C06820F490702168C860DA
:109820002068406920F0010021684861202084F808
:109830003E00002020632068C06820F010002168EE
:10984000C86041462046FFF7F2FE0DE7FFE705F04E
:10985000800030B106F0800018B1204602F06CFEA6
:1098600002E705F0400030B106F0400018B1204694
:1098700002F062FDF8E600BFF6E60000EFC2000865
:1098800010B504460CB9012010BDA06900B100E07C
:1098900000BF94F83D0028B9002084F83C00204621
:1098A00000F028F8242084F83D002068C06820F4E7
:1098B00000502168C860204602F0C0FD20680069A1
:1098C00020F49040216808612068406920F02A0057
:1098D000216848612068C06840F400502168C86071
:1098E00000202064202084F83D0084F83E00002001
:1098F000CAE7000010B586B004460020029003902D
:10990000049005905D49206888423FD100BF5C48C3
:10991000806940F480405A4988610846806900F4B3
:109920008040019000BF00BF00BF0846806940F042
:10993000080088610846806900F00800019000BFB7
:1099400000BF40200290022003900320059002A94E
:109950004C48FDF757F980200290002003900490B6
:1099600002A94848FDF74EF900BF4749486840F052
:10997000E06040F00400486000BF0022114625204E
:10998000FDF79EFB2520FDF78BFB75E03F49206826
:10999000884236D100BF3A48C06940F400303849A7
:1099A000C8610846C06900F40030019000BF00BFE4
:1099B00000BF0846806940F004008861084680695D
:1099C00000F00400019000BF00BF042002900220BC
:1099D00003900320059002A92D48FDF713F90820F4
:1099E000029000200390049002A92948FDF70AF98B
:1099F000002211462620FDF763FB2620FDF750FBD1
:109A00003AE024492068884236D100BF1C48C0692A
:109A100040F480201A49C8610846C06900F48020DB
:109A2000019000BF00BF00BF0846806940F00800F9
:109A300088610846806900F00800019000BF00BFFF
:109A400008150290022003900320059002A90D48FA
:109A5000FDF7D8F84FF400600290002003900490C6
:109A600002A90848FDF7CEF8002211462720FDF78D
:109A700027FB2720FDF714FB06B010BD003801407E
:109A800000100240000C0140000001400044004072
:109A9000000801400048004070472DE9F84F044697
:109AA0000E46174699464FF0000A94F83D002028CC
:109AB0005AD106B117B90120BDE8F88F00BF94F85C
:109AC0003C00012801D10220F6E7012084F83C0087
:109AD00000BF00202064212084F83D00FDF73AFA01
:109AE0008246A784E784A068B0F5805F04D120692E
:109AF00010B90025B04602E035464FF0000800BF1F
:109B0000002084F83C0000BF1BE053460022802167
:109B10002046CDF8009002F03FFD08B10320CBE7CE
:109B200045B9B8F80000C0F308002168486008F1A2
:109B3000020803E02878216848606D1CE08C401E14
:109B4000E084E08C0028E0D15346002240212046EA
:109B5000CDF8009002F020FD08B10320ACE72020F2
:109B600084F83D000020A7E70220A5E77047000029
:109B700002E002A007F078F9FBE700007B225265C3
:109B800063697665223A7B22537461747573223A55
:109B900037307D7D0A00000030B59DB004460D468B
:109BA0007022284901A8FBF7CDFE332D37D006DC03
:109BB000102D0BD0122D3AD0142D40D117E0352D99
:109BC0001DD0372D0BD0392D39D120E0A006010E44
:109BD0001D4B01AA602000F0D6F81DB030BDA006D4
:109BE000010E194B05AA612000F0CDF8F5E7A0069B
:109BF000010E154B09AA602000F0C5F8EDE7A0069C
:109C0000010E114B0DAA612000F0BDF8E5E7A0069A
:109C1000010E0D4B11AA612000F0B5F8DDE7A0069A
:109C2000010E094B15AA612000F0ADF8D5E7A0069A
:109C3000010E054B19AA602000F0A5F8CDE7012020
:109C4000CBE700002C1B0108681E002070B50446FD
:109C50000D462946204600F021F970BD70B5044636
:109C60000026002504E0002013494855681CC5B2B1
:109C70000A2DF8DB104800F0BDF830B10020E0708C
:109C8000A070607020704E2070BD0B4800F03FF94E
:109C900030B90020E070A070607020704E20F3E7B3
:109CA000002504E00448405D6055681CC5B2042DE1
:109CB000F8DB0020E8E70000681E002070B50446CD
:109CC0000D462946204600F0E0F970BD30B50B4640
:109CD000002100BF16E00A24B4EB107F05D9302420
:109CE00004EB107403F8114005E0412404EB1074F8
:109CF0000A3C03F81140000100254C00641C1D556E
:109D00004C1CE1B29142E6DB30BD000010B503A06F
:109D100007F0AAF800200849087010BD7B225265A0
:109D20006365697665223A7B225374617475732288
:109D30003A32367D7D0A00007E0000202DE9FC418C
:109D40000446002700210D2005F0DAF99320207049
:109D50002020607001A823460222214600900C209A
:109D600000F002F906465EB9002503E0605D474059
:109D7000681CC5B2042DF9DB605DB84200D0022634
:109D80003046BDE8FC812DE9F04385B006460F461C
:109D9000904699468DF804608DF80570002406E021
:109DA00018F8041001AAA01C1154601CC4B2062C9F
:109DB000F6DB002407E019F8041001AA04F10800FA
:109DC0001154601CC4B2042CF5DB04A801AB0C22B6
:109DD00001A900900E2000F0C7F805462DB9082013
:109DE00001F07EFD00F0080000B90225284605B00C
:109DF000BDE8F08370B5044608210846FCF756F923
:109E00002146522000F065F805461DB92046FFF7AF
:109E100095FF0546284670BD10B5002201211C485B
:109E2000FDF792F80120FCF707FE012211461848C1
:109E3000FDF78AF80120FCF7FFFD1648007828B1ED
:109E4000012202211448FDF77FF804E001221021CD
:109E50001148FDF779F800F054F88D212A2005F01B
:109E60004FF93E212B2005F04BF91E212D2005F046
:109E700047F900212C2005F043F94021152005F079
:109E80003FF93D21112005F03BF9FBF703FE10BD22
:109E9000000C01402C000020000801407CB5054664
:109EA0000C46302020706570A21C02212046FBF772
:109EB000CDFE01A823460422214600900C2000F08C
:109EC00053F8064616B90198902800D0022630466D
:109ED0007CBD7CB506460C4607210D2005F010F927
:109EE000267001A823460122214600900C2000F094
:109EF0003BF8054615B90198102800D002252846E0
:109F00007CBD10B50F21012005F0FAF810BDF0B5A9
:109F100085B0074693208DF8040070208DF8050069
:109F2000002405E0395D01AAA01C1154601CC4B2D4
:109F3000052CF7DB0DF10B02072101A8FBF786FECC
:109F400004A801AB092201A900900C2000F00CF834
:109F500005462DB90498182802D19DF8046000E048
:109F60000026304605B0F0BD2DE9FE4F0646884676
:109F700091469A46DDF830B0022002900020019010
:109F800000900C2E06D00E2E09D112200190102028
:109F9000009005E0772001903020009000E000BFA5
:109FA00000BF019840F08001022005F0A9F880214F
:109FB0000420FCF77BF880210A2001F002FF002139
:109FC000012005F09DF8002505E018F8051009208E
:109FD00005F096F86D1C4D45F7D33146012005F08C
:109FE0008FF80C2E03D180210D2001F0EAFE4FF4F2
:109FF000FA6500BF042001F073FC04466D1E35B104
:10A0000004F0010018B9009820400028F2D0802107
:10A010000D20FCF74BF895B3062001F061FC00F031
:10A020001B0068BB002002900198204000F0010056
:10A0300008B1012002900C2E24D10A2001F050FC1E
:10A0400004460C2001F04CFC00F007072FB1601E05
:10A0500007EBC000CBF8000002E0E000CBF8000006
:10A0600004B90124102C00DD1024002505E009208E
:10A0700001F036FC0AF805006D1CA542F7D301E09B
:10A08000022002900298BDE8FE8FF0B587B0064628
:10A090000F46A0208DF804008DF805600DF1060232
:10A0A000022101A8FBF7D2FD06A801AB042201A9F9
:10A0B00000900C20FFF758FF054645B90698042884
:10A0C00005D19DF8040000F00F000A2800D00225F9
:10A0D0000DBB002404E0385D01A90855601CC4B222
:10A0E000102CF8DB05AA102101A8FBF7AFFD06A88C
:10A0F00001AB122201A900900C20FFF735FF0546A5
:10A1000045B90698042805D19DF8040000F00F0019
:10A110000A2800D00225284607B0F0BD00B585B05A
:10A120000020019002900390049000BF4C48806989
:10A1300040F010004A4988610846806900F010002C
:10A14000009000BF00BF00BF0846806940F02000BB
:10A1500088610846806900F02000009000BF00BFC1
:10A1600000BF0846806940F00400886108468069A5
:10A1700000F00400009000BF00BF00BF08468069E7
:10A1800040F0080088610846806900F008000090EF
:10A1900000BF00BF00224FF4E2613248FCF7D4FE5A
:10A1A000002201213048FCF7CFFE4FF4E26001901D
:10A1B00001200290002003900320049001A9294867
:10A1C000FCF720FD01200190029000200390022066
:10A1D000049001A92448FCF715FD0022082122481B
:10A1E000FCF7B2FE082001900120029000200390AD
:10A1F0000220049001A91C48FCF704FD0122022161
:10A200001848FCF7A1FE02200190012002900020D6
:10A2100003900320049001A91248FCF7F3FC2020CE
:10A22000019000200290022003900320049001A9D5
:10A230000D48FCF7E7FC0122D1030A48FCF784FE35
:10A240004FF4004001900120029000200390032071
:10A25000049001A90348FCF7D5FC05B000BD00003F
:10A260000010024000080140000C014010B50748F2
:10A27000074908600620486040F6FF710448816085
:10A28000FCF76EFE08B1FCF7E5F810BD00300040A9
:10A29000A80A00201CB5002001900090074808493A
:10A2A00008604FF0FF3048604FF4807104488160CF
:10A2B000FEF7B0FB08B1FCF7CDF81CBD002800404C
:10A2C000B40A002010B50F480F4908604FF482709F
:10A2D000486000210C488160C160016141614FF418
:10A2E000007181612821C1610021016241624FF446
:10A2F000005181620921C162FEF743FD08B1FCF7FC
:10A30000A9F810BD00300140C80A002000B587B090
:10A31000002003900490059006900190029014484C
:10A320001449086040F2DB50486000211148816008
:10A330000121C160002101618161FEF737FF08B191
:10A34000FCF788F84FF48050039003A90948FFF701
:10A350000FF808B1FCF77EF800200190029001A9E7
:10A360000448FEF7E1FE08B1FCF774F807B000BD41
:10A3700000040040200B002010B50948094908607E
:10A38000002108488160C16001610C214161002108
:10A390008161C161FFF774FA08B1FCF75BF810BD89
:10A3A00000380140680B002010B50B480B490860CD
:10A3B0004FF496404860002108488160C160016107
:10A3C0000C21416100218161C161FFF759FA08B197
:10A3D000FCF740F810BD000000440040AC0B00202A
:10A3E00010B50B480B4908604FF416504860002127
:10A3F00008488160C16001610C21416100218161D7
:10A40000C161FFF73DFA08B1FCF724F810BD000068
:10A4100000480040F00B00201FB500200090019084
:10A42000029003904FF48050009001200190022090
:10A4300002900320039069461448FCF7E3FB0022D6
:10A440004FF480511148FCF77FFD6420FCF7F4FACB
:10A4500000220F490F4802F0AAFD08B1FBF7FAFFEE
:10A460000D490C4803F03CF808B1FBF7F3FF0B492A
:10A47000084802F042FA08B1FBF7ECFF054803F088
:10A48000F9F808B1FBF7E6FF1FBD00000008014026
:10A49000DC000020340C0020740100203401002076
:10A4A00000BFFEE7FDF7D6FF00BFFEE72DE9F0474E
:10A4B0000546EAE12868B0F844A00AF00F06002E2D
:10A4C0007ED10AF01000B0BB00BF2968098848F6A9
:10A4D0000F7201EA020040F400412A68118000BFB7
:10A4E00005F128042868B0F85010207801EBC0006E
:10A4F000801C296801F5806131F81000C0F3090063
:10A50000E061E16960690844606100212846FCF768
:10A510004CFE95F824000028CBD0A0690028C8D1B3
:10A5200095F8240040F080002968A1F84C00002034
:10A5300085F82400A9E1FFE705F5B4742868B0F8B0
:10A54000008008F4006030B32868B0F8501020781C
:10A5500001EBC000801D296801F5806131F8100011
:10A56000C0F30900E061A18B8BB2E28805F52C7184
:10A57000286804F035FC00BF2968098840F68F720E
:10A5800001EA020040F080012A68118000BF2846DD
:10A59000FDF7BFFC79E108F40040002889D000BF36
:10A5A0002968098840F68F7201EA020040F08001B4
:10A5B0002A68118000BF2868B0F85010207800E0A9
:10A5C0006FE001EBC000801D296801F5806131F862
:10A5D0001000C0F30900E061E06990B1606980B1EA
:10A5E000B4F81CC01FFA8CF3E2886169286804F093
:10A5F000F7FBE16960690844606100212846FCF7C7
:10A60000E4FD2868008800F40060002892D100BFB3
:10A610002A682968B1F850100A4402F20C41084631
:10A6200000BF236953B9038848F2FF3C03EA0C03D7
:10A630000380038843F4004303801EE023693E2B1C
:10A640000DD800BF23695908237C03F0010303B12F
:10A65000491C4FF6FF7303EA812303800DE000BF1E
:10A6600023695909237C03F01F0303B9491E4FF4E2
:10A67000004343EA8123038000BF00BF00BF00BF47
:10A68000296809884BF68F7201EA020080F4805035
:10A6900080F4005040F4004141F080012A681180AC
:10A6A000F3E07100286830F8118008F400400028B9
:10A6B0007ED000BF7200296831F8121040F68F7208
:10A6C00001EA020040F0800173002A6822F81310AA
:10A6D00000BF06EB860105F5B47000EBC104207BDA
:10A6E000B0B92868B0F85010207801EBC000801D88
:10A6F000296801F5806131F81000C0F30907002FC7
:10A700005BD0E28861693B46286804F069FB54E04D
:10A71000E078022806D1424621462846FCF7D8FDBB
:10A7200007464AE000BF00BF22785200296831F88E
:10A73000121048F68F7201EA020040F4004141F025
:10A74000C00123785B002A6822F8131000BF00BF05
:10A7500021784900286830F8110000F48040A8B141
:10A760002868B0F85010207801EBC000801C2968E0
:10A7700001F5806131F81000C0F30907EFB12289BB
:10A7800061693B46286804F02BFB16E02868B0F8A6
:10A790005010207801EBC000801D296801F5806110
:10A7A00031F81000C0F309073FB16289616900E028
:10A7B00017E03B46286804F013FBE0693844E06189
:10A7C000606938446061A06910B12069B84204D959
:10A7D00021782846FCF7F9FC03E02146286803F0BD
:10A7E00024FD08F08000B0B306EB860105F12800D7
:10A7F00000EBC10400BF7200296831F8121048F65E
:10A800000F7201EA020040F4004173002A6822F846
:10A81000131000BFE078032807D0E07828B1E07873
:10A8200002282DD108F4807050BB2868B0F8501071
:10A83000207801EBC000801C296801F5806131F8A7
:10A840001000C0F30909A069484505D9A069A0EB2B
:10A850000900A06102E018E00020A061A06920B911
:10A8600021782846FCF7A1FC0FE06069484460614C
:10A87000E0694844E0612146286803F0D6FC04E022
:10A88000424621462846FCF7CFFD2868B0F8440030
:10A8900000F4004000287FF40DAEBDE8F08770475B
:10A8A000F0B5E3B00024C82131A8FBF764F8002517
:10A8B00000273422F3A11CA8FBF744F86C22FE49C0
:10A8C00001A8FBF73FF8FD48407801280CD1032090
:10A8D000FB490870002604E01CA9881905F0EEFD6C
:10A8E000761C322EF8D9F9E3F448407802280CD1CE
:10A8F0000420F3490870002604E001A9881905F036
:10A90000DDFD761C692EF8D9EDE7EC484078032888
:10A910007ED1EB4908700024E8488078082805DAE1
:10A92000E8A006F0A1FA012063B0F0BDE348C078CA
:10A93000E24909794840E14949794840DF49897944
:10A9400080EA0107DD48C079B84204D0DDA006F0F6
:10A950008BFA0120E8E7D948C0780006D749097981
:10A9600000EB0140D549497900EB0121D3488079BA
:10A970000844DB4908602EA9D948006805F04AFD63
:10A98000054600208DF8C6008DF8C5008DF8C4007E
:10A99000032405F10900C2B22146641C31A84254C7
:10A9A00002222146641C4254F9222146641C42546E
:10A9B00045222146641C425470222146641C4254A4
:10A9C00000212246641C81542246641C8154224684
:10A9D000641C81542246641C81542246641C8154A8
:10A9E0002246641C81542246641C81542246641C05
:10A9F000815431222146641C425432222046611C7B
:10AA00008CB231A90A5434222046611C8CB200E079
:10AA10004BE031A90A5435222046611C8CB231A981
:10AA20000A541C222046611C8CB231A90A54002011
:10AA300008E02EA90B5C2146621C94B231AA535443
:10AA4000411CC8B2A842F4DB1C222146601C84B21F
:10AA500031A842542046611C8CB231A90A542046C8
:10AA6000611C8CB231A90A542046611C8CB231A9F8
:10AA70000A5429AA214631A800F062FF002008E00C
:10AA800029A90B5C2146621C94B231AA5354411C83
:10AA9000C8B21428F4DB002604E031A9881905F0B7
:10AAA0000DFD761CA642F8D330E384484078042894
:10AAB0007ED183490870002480488078082804DA11
:10AAC00080A006F0D1F901202EE77C48C0787B49B0
:10AAD000097948407949497948407849897980EA33
:10AAE00001077648C079B84204D076A006F0BCF9D8
:10AAF000012019E77148C07800067049097900EB18
:10AB000001406E49497900EB01216C488079084485
:10AB1000734908602EA97248006805F07BFC054661
:10AB200002208DF8C40075208DF8C50000208DF836
:10AB3000C6008DF8C7008DF8C80001208DF8C90047
:10AB400072208DF8CA006F208DF8CB000824B12246
:10AB50002146641C31A842541A222146641C4254E6
:10AB600081222146641C42542146641C4554002025
:10AB700008E02EA90B5C2146621C94B231AA535402
:10AB8000411CC8B2A842F4DB82222046611C8CB270
:10AB900031A90A5409222046611C8CB231A90A54F9
:10ABA000E4222046611C8CB231A90A54C72200E07D
:10ABB0009DE22046611C8CB231A90A54E322204652
:10ABC000611C8CB231A90A543A222046611C8CB215
:10ABD00031A90A54CD222046611C8CB231A90A54F5
:10ABE000D3222046611C8CB231A90A54ED222046A2
:10ABF000611C8CB231A90A54E4222046611C8CB23B
:10AC000031A90A540A222046611C8CB231A90A5487
:10AC100083222046611C8CB231A90A5401222046AD
:10AC2000611C8CB231A90A542046611C8CB231A936
:10AC30000A5484222046611C8CB231A90A54012294
:10AC40002046611C8CB231A90A5403222046611CA3
:10AC50008CB231A90A5485222046611C8CB231A9DC
:10AC60000A5401222046611C8CB231A90A540022E8
:10AC70002046611C8CB231A90A54B2222046611CC4
:10AC80008CB22FE00000000E02F9457000000000B9
:10AC900000000000313234351C32303030301C1CA2
:10ACA0001C1C1656800F7393FCCEE6AABF7A453C57
:10ACB0006A6EA83144FD00009C1A0108D4040020EB
:10ACC000A10000207B2252656365697665223A7B8C
:10ACD00022537461747573223A31397D7D0A000004
:10ACE000A400002031A90A5451222146601C84B2DC
:10ACF00031A84254A1222046611C8CB231A90A54C9
:10AD000005F11700C2B22046611C8CB231A90A5469
:10AD100081222146601C84B231A842542046611C25
:10AD20008CB231A90D54002008E02EA90B5C2146FD
:10AD3000621C94B231AA5354411CC8B2A842F4DB3D
:10AD400082222046611C8CB231A90A54012220467D
:10AD5000611C8CB231A90A5430222046611C8CB28D
:10AD600031A90A5483222046611C8CB231A90A54AD
:10AD700001222046611C8CB231A90A54302220469F
:10AD8000611C8CB231A90A5484222046611C8CB209
:10AD900031A90A5401222046611C8CB231A90A54FF
:10ADA00030222046611C8CB231A90A5485222046EB
:10ADB000611C8CB231A90A5401222046611C8CB25C
:10ADC00031A90A5430222046611C8CB231A90A54A0
:10ADD00086222046611C8CB231A90A5401222046E9
:10ADE000611C8CB231A90A5430222046611C8CB2FD
:10ADF00031A90A5487222046611C8CB231A90A5419
:10AE000001222046611C8CB231A90A54302220460E
:10AE1000611C8CB231A90A5488222046611C8CB274
:10AE200031A90A5401222046611C8CB231A90A546E
:10AE300030222046611C8CB231A90A54A22220463D
:10AE4000611C8CB231A90A5432222046611C8CB29A
:10AE500031A90A54A1222046611C8CB231A90A549E
:10AE60000B222046611C8CB231A90A548122204653
:10AE7000611C8CB231A90A5403222046611C8CB299
:10AE800031A90A54E4222046611C8CB231A90A542B
:10AE9000C7222046611C8CB231A90A54E322204605
:10AEA000611C8CB231A90A5482222046611C8CB2EA
:10AEB00031A90A5404222046611C8CB231A90A54DB
:10AEC000CD222046611C8CB231A90A54D3222046DF
:10AED000611C8CB231A90A54ED222046611C8CB24F
:10AEE00031A90A54E4222046611C8CB231A90A54CB
:10AEF000A1222046611C8CB231A90A54112220469D
:10AF0000611C8CB231A90A5481222046611C8CB28A
:10AF100031A90A5406222046611C8CB231A90A5478
:10AF200044222046611C8CB231A90A546C2220466E
:10AF3000611C8CB231A90A542046611C8CB231A923
:10AF40000A5456222046611C8CB231A90A5465224B
:10AF50002046611C8CB231A90A5472222046611C21
:10AF60008CB231A90A5482222046611C8CB231A9CC
:10AF70000A5407222046611C8CB231A90A5432229D
:10AF80002046611C8CB231A90A542E222046611C35
:10AF90008CB231A90A5433222046611C8CB231A9EB
:10AFA0000A542E222046611C8CB231A90A54302248
:10AFB0002046611C8CB231A90A542E222046611C05
:10AFC0008CB231A90A5431222046611C8CB231A9BD
:10AFD0000A54A1222046611C8CB231A90A541022C5
:10AFE0002046611C8CB231A90A5481222046611C82
:10AFF0008CB231A90A5406222046611C8CB231A9B8
:10B000000A5450222046611C8CB231A90A54722283
:10B010002046611C8CB231A90A5467222046611C6B
:10B020008CB231A90A5456222146601C84B231A840
:10B03000425465222046611C8CB231A90A54722206
:10B040002046611C8CB231A90A5482222046611C20
:10B050008CB231A90A5406222046611C8CB231A957
:10B060000A5470222046611C8CB231A90A54722203
:10B070002046611C8CB231A90A5467222046611C0B
:10B080008CB231A90A5476222046611C8CB231A9B7
:10B090000A5465222046611C8CB231A90A547222DE
:10B0A0002046611C8CB231A90A54F2222146601C50
:10B0B00084B231A842541D222046611C8CB231A9B1
:10B0C0000A542046611C8CB231A90A54EB22204656
:10B0D000611C8CB231A90A54002605E016E031A9A2
:10B0E000881905F0EBF9761CA642F8D30EE0002093
:10B0F0000B490870022604E00A49881905F0DEF9B8
:10B10000761C08484078401CB042F5D206A005F0F5
:10B11000ABFE4FF416710348FAF72DFC002003E450
:10B12000A1000020D40400207B225265636569766B
:10B1300065223A7B22537461747573223A32362C3D
:10B140002254797065223A22506F735472616E7383
:10B15000616374696F6E227D7D0A00002DE9F04FF6
:10B1600091B007464FF005084FF037094FF0160A27
:10B1700001260024A346FE48007810B101287DD1A5
:10B1800051E10022FB49FC48FDF704FC0022FB4989
:10B19000F948FDF7A1FBF7480078F9490870F54830
:10B1A0004078F8490870F3488078F7490870FBF751
:10B1B000D1FE054633E10024F448007810B9C820D8
:10B1C000F3490870FBF7C6FE401BB0F57A6F0CD947
:10B1D000F0A005F049FEED480078012801D1FBF709
:10B1E00019F9FF2011B0BDE8F08F4AF6AA20EE4908
:10B1F000096808603846FEF731FD20B13846FEF791
:10B200002DFD00B10BE149464046FEF7C5FC70B18B
:10B210003846FEF723FD20B13846FEF71FFD00B18A
:10B22000FDE049464046FEF7B7FC00B1F7E049466D
:10B230004046FEF7B1FC00287ED109A95046FEF732
:10B2400005FD002879D14AF6AA20D7490968086087
:10B25000002004E009A9095C4C40411CC8B20F2839
:10B26000F8DB9DF83300A04268D14AF6AA20CE4907
:10B27000096808609DF83100002800E02EE27ED1C8
:10B2800000248DF824008DF825008DF826008DF817
:10B290002700BA48C0788DF82800B84840788DF863
:10B2A0002900B64880788DF82A00B24800788DF8D9
:10B2B0002B00B04840788DF82C00AE4880788DF88F
:10B2C0002D0001208DF82E0000208DF82F008DF824
:10B2D000300001208DF83100AD4800788DF8320043
:10B2E000002004E009A9095C4C40411CC8B20F28A9
:10B2F000F8DB8DF8334009A95046FEF7DFFCE8BBC8
:10B300009B4803789B4880789A494978994A1278F3
:10B31000CDE90603CDE9042198488078974949781A
:10B32000964AD2789A4B1B78CDE90032CDE90210CB
:10B330009E4803689E4802E067E05CE051E00268D6
:10B340009C499D4803F018FF9B4805F08DFD8F48F0
:10B350000078D8B1FAF7FEFF642817D04FF47A705E
:10B36000FBF76AFBFAF7F6FF64280FD04FF47A7008
:10B37000FBF762FBFAF7EEFF642801E012E01BE046
:10B3800004D06420FBF758FBFBF71EF94AF6AA200D
:10B390008549096808600120FBF74EFB05F074F849
:10B3A00000201FE77948007808B1FBF733F883A045
:10B3B00005F05AFDFF2015E77448007808B1FBF747
:10B3C00029F8834800680090784803687848026844
:10B3D00080A1794803F0D0FE774805F045FDFF20B5
:10B3E00000E76A48007808B1FBF714F882A005F07E
:10B3F0003BFDFF20F6E66548007808B1FBF70AF848
:10B4000082A005F031FDFF20ECE66048007808B12D
:10B41000FBF700F882A005F027FDFF20E2E6002EF2
:10B420007FF4C9AE5EE1FBF795FD054652E10024CD
:10B43000FBF790FD401BB0F57A6F0AD955A005F0D7
:10B4400013FD52480078012801D1FAF731FCFF20A2
:10B45000C8E64AF6AA205449096808603846FEF74B
:10B46000FDFB20B13846FEF7F9FB00B132E1494659
:10B470004046FEF791FB70B13846FEF7EFFB20B176
:10B480003846FEF7EBFB00B124E149464046FEF7A3
:10B4900083FB00B11EE149464046FEF77DFB0028D4
:10B4A00060D109A95046FEF7D1FB00285BD14AF6CE
:10B4B000AA203D4909680860002004E009A9095C48
:10B4C0004C40411CC8B20F28F8DB9DF83300A04265
:10B4D0004AD14AF6AA203449096808609DF831002B
:10B4E000012843D1002400208DF824008DF8250088
:10B4F0008DF826008DF827009DF828001F49C87098
:10B500009DF8290048709DF82A0088709DF82B004E
:10B51000184908709DF82C0048709DF82D0088701F
:10B5200000208DF82E008DF82F008DF830008DF85A
:10B5300031009DF832B000BF04E009A9095C4C401D
:10B54000411CC8B20F28F8DB8DF8334009A95046DA
:10B55000FEF7B4FB48B9064803780648817840787E
:10B56000044A67E0B0E0A9E0A2E085E08AE00000DC
:10B5700014000020D4000020B40A0020D7000020CE
:10B5800068000020690000206A0000202C000020D4
:10B590002D0000207B2243223A7B22537461747574
:10B5A00073223A317D7D0A00A80A00209400002011
:10B5B00090000020E41B0108940800207B22432215
:10B5C0003A7B22537461747573223A327D7D0A008E
:10B5D000580000207B2243223A7B224944223A250C
:10B5E000642C225543223A25642C225374617475CD
:10B5F00073223A337D7D0A007B2243223A7B225319
:10B600007461747573223A347D7D0A007B22432273
:10B610003A7B22537461747573223A357D7D0A003A
:10B620007B2243223A7B22537461747573223A362B
:10B630007D7D0A001278CDE90613CDE904202B4860
:10B6400080782A494978294AD278CDE900B2CDE9F3
:10B65000021027480368274802682749274803F053
:10B660008BFD264805F000FC2548007810B101202C
:10B67000244908700020B5E5AFF2C00005F0F4FBE6
:10B68000FF20AFE52048006800901948036819487A
:10B690000268AFF2C001194803F06EFD174805F0CB
:10B6A000E3FB1748007808B1FAF79EFBFF2099E505
:10B6B000AFF2BC0005F0D8FBFF2093E5AFF2B40079
:10B6C00005F0D2FBFF208DE5AFF2AC0005F0CCFB1E
:10B6D000FF2087E5002E7FF4AAAE03E00BA005F063
:10B6E000C3FB00BF00BF00BF7CE50000D700002007
:10B6F0009400002090000020E41B01089408002022
:10B700002C0000207E000020580000207B22436F88
:10B710006E666967223A7B22537461747573223AAC
:10B7200033307D7D0A00000001B582B06420012322
:10B7300001AA02A900900348FDF7C4FB9DF804008C
:10B740000EBD0000C80A002008B508490968C908EC
:10B750004FF47A72B1FBF2F14143009100BF00BF98
:10B7600000994A1E00920029F9D108BD600100200D
:10B77000014600BF080900EB8000420001F00F0005
:10B780001044C0B2704770B504460025FBF7E2FBD9
:10B79000054607E0FBF7DEFB401BB0F57A7F01D9D9
:10B7A000032070BD2068406800F020000028F1D020
:10B7B0002068406840F01000216848600020F0E7F1
:10B7C00070B5044600252068406820F0100021680C
:10B7D0004860FBF7BFFB054607E0FBF7BBFB401BE0
:10B7E000B0F57A7F01D9032070BD2068406800F071
:10B7F00020000028F1D00020F6E730B501460022F5
:10B800000023002400200D68AD69AAB20D68ED691F
:10B81000ACB20D68AD69ABB29A4205D00D68ED6966
:10B8200063F31F45284601E044EA024030BDF0B50D
:10B8300004460B460021002504F5FA61032B1BD2B8
:10B84000C3EBC30000EB03100926B0FBF6F0104475
:10B85000001D4618481E06EB90066427B0FBF7F063
:10B86000361A481EBF00B0FBF7F030440726B0FB85
:10B87000F6F706FB17051AE0C3EBC30000EB031055
:10B880000926B0FBF6F01044001D084400EB9100BF
:10B890006426B1FBF6F6801B4FF4C876B1FBF6F6D2
:10B8A0003044801E0726B0FBF6F706FB1705E8B20A
:10B8B000F0BD70B504460D4600262046FFF763FF35
:10B8C00008B101260AE0280C21688861A8B2216825
:10B8D000C8612046FFF774FF00B10126304670BDF5
:10B8E00070B504461448007828B10022022113489C
:10B8F000FBF72AFB04E0002210211048FBF724FB91
:10B900007E2101EA440141F08000FFF70DFF002095
:10B91000FFF70AFF05460848007828B101220221F6
:10B920000648FBF711FB04E0012210210348FBF756
:10B930000BFB284670BD00002C00002000080140D1
:10B940002DE9F74FFEB00E46DFF85893D6487D90AC
:10B950006FEA09007C90D448C0437B90D3487A902A
:10B96000002074900CE0DDF8D0A17E9810F80AA0B9
:10B970000DF5A67B74980BF800A07498401C749089
:10B980007498B042EFD331460F4680200DF5A67A69
:10B990000AF801004FF0000A0DF5A67B481C0BF8D1
:10B9A00000A053A8405C5290491C08464FEAE17A37
:10B9B00001EB9A6A4FEAAA1AA1EB8A1ACDF844A1C0
:10B9C000DDF844A1BAF1380F04DA5198C0F138001B
:10B9D000519003E05198C0F178005190002306E0A7
:10B9E00000200DF5A67A0AF80100491C5B1C51984D
:10B9F0008342F5D34FF0000A0DF5A67B481C0BF8E7
:10BA000000A0002306E000200DF5A67A0AF8010048
:10BA1000491C5B1C062BF6D3F8004FEAE07A00EBDA
:10BA20001A6ACAF3072A0DF5A67B0BF801A0491C78
:10BA3000F8004FEAE07A00EB1A6A4FEA2A2AA0EBF4
:10BA40000A2A0BF801A0491C002001EB030A0BF89D
:10BA50000A0008464FEAE17A01EB9A6A4FEAAA1A0D
:10BA6000CDF840A10023DCE000202BE04FEA831A50
:10BA70000AEB800A0DF5A67B1BF80AA04FEA0A6ABA
:10BA80004FEA831B0BEB800B0BF1010B0DF5A67E30
:10BA90001EF80BB00AEB0B4A4FEA831B0BEB800B33
:10BAA0000BF1020B1EF80BB00AEB0B2A4FEA831BBB
:10BAB0000BEB800B0BF1030B1EF80BB0DA444DF8C7
:10BAC00020A0401C1028D1DB102430E0E01E5DF8DF
:10BAD0002000A4F1080A5DF82AA080EA0A00A4F177
:10BAE0000E0A5DF82AA080EA0A00A4F1100A5DF8A7
:10BAF0002AA080EA0A004FEA400AE01E5DF8200012
:10BB0000A4F1080B5DF82BB080EA0B00A4F10E0B3A
:10BB10005DF82BB080EA0B00A4F1100B5DF82BB0A0
:10BB200080EA0B004AEAD0704DF82400641C502CC7
:10BB3000CCD3CDF8E4917D9DDDF8F0C1DDF8EC814A
:10BB40007A987890002059E013280CDC05EA0C0A5A
:10BB500028EA050B4AEA0B0ACDF8DCA1DFF850A170
:10BB6000CDF8D8A129E027280ADC85EA0C0A8AEA60
:10BB7000080ACDF8DCA1DFF83CA1CDF8D8A11CE083
:10BB80003B2810DC05EA0C0A05EA080B4AEA0B0A16
:10BB90000CEA080B4AEA0B0ACDF8DCA1DFF818A181
:10BBA000CDF8D8A109E085EA0C0A8AEA080ACDF89E
:10BBB000DCA1DFF808A1CDF8D8A1DDF8E4A14FEAB7
:10BBC0004A1B4BEADA6BDDF8DCA1D344DDF8E0A1D7
:10BBD000D344DDF8D8A1DA445DF820B0DA44CDF8DA
:10BBE000D4A1CDF8E081E0464FEA857A4AEA950C87
:10BBF000799DDDF8D4A1CDF8E4A1401C5028A3DB49
:10BC0000799881447D9828447D907C9860447C900C
:10BC10007B9840447B90DDF8E0A17A9850447A907C
:10BC20005B1C50988342FFF41FAF4FEA19601070FD
:10BC30004FEA194050704FEA1920907082F8039033
:10BC40007D98000E10717D98000C50717D98000A4F
:10BC500090717D98D0717C98000E10727C98000CC9
:10BC600050727C98000A90727C98D0727B98000E7B
:10BC700010737B98000C50737B98000A90737B982C
:10BC8000D0737A98000E10747A98000C50747A98D9
:10BC9000000A90747A98C0B2D0740DF5017DBDE8A9
:10BCA000F08F00000123456789ABCDEFF0E1D2C3EF
:10BCB0009979825AA1EBD96EDCBC1B8FD6C162CABE
:10BCC000F8B504460D4616462B4600228021204634
:10BCD000009600F009F828B1606D40F02000606522
:10BCE0000320F8BD0020FCE72DE9F84F04460D467F
:10BCF00090461E46DDF82890FBF72CF9A0EB0900D2
:10BD0000371AFBF727F982462C480068C0F3CB307E
:10BD10007843009045E0701C002842D0FBF71AF9E8
:10BD2000A0EB0A00B84200D2A7BB2068406820F010
:10BD3000E000216848606068B0F5827F0DD1A0689E
:10BD4000B0F5004F03D0A068B0F5806F05D1206832
:10BD5000006820F0400021680860A06AB0F5005F2C
:10BD60000DD100BF2068006820F4005021680860F1
:10BD70002068006840F400502168086000BF01207E
:10BD800084F8510000BF002084F8500000BF032059
:10BD9000BDE8F88FFFE7009800B900270098401E23
:10BDA0000090206880682840A84201D1012000E06E
:10BDB00000204045AFD10020EAE7000060010020EC
:10BDC000704770B505460C462846FFF789FD0646C4
:10BDD00046EA0401284603F093F970BD01460129A3
:10BDE00001DB012070470120024A02EB41129070F2
:10BDF0000020F7E7081E002070B504460D462946CE
:10BE00002046FBF78FF870BD70B504460D46164608
:10BE1000324629462046FBF797F870BD70B500F012
:10BE2000F9F80546002411E0164800EB4410C07FE5
:10BE300015490978884208D145FA04F202F0010157
:10BE4000104A02EB441000F0ABF8641C012CEBDB51
:10BE50000D48007848B9002405E00A4901EB441078
:10BE600000F01BF9641C012CF7DB07480078401C2C
:10BE70000549087008460078052801DB0020087095
:10BE800070BD0000081E002077020020F0B50446B7
:10BE90000D461646059F012C01DB0120F0BD002058
:10BEA000254901EB44110870234901EB44118871C5
:10BEB000214901EB441148711F4901EB44114881AC
:10BEC0001D4901EB441148701B4901EB4411887076
:10BED000194901EB44110871174901EB4411C8706D
:10BEE000154901EB4411C871134901EB4411087263
:10BEF000124800EB8410104901EB4411C8600E4851
:10BF000000EB441083610C4800EB441087830A481F
:10BF100000EB44100561084800EB441086820020C5
:10BF2000054901EB44118877034901EB4411C877B7
:10BF3000FFF754FF0020B1E7081E0020281E002054
:10BF400030B503460C46012B01DB012030BD134800
:10BF500000EB4310007808B10120F7E700200F4DF7
:10BF600005EB4315E8710D4800EB43100272002108
:10BF700006E0605C094D05EB4315ED686854491C0B
:10BF80009142F6DB0120054D05EB43152870034D6A
:10BF900005EB431568700020D8E70000081E00205C
:10BFA00010B58278002A33D0827962B901B110BD10
:10BFB000002242718279521C82710023C2682032B1
:10BFC0004489135524E08279092A14DAC2682032A0
:10BFD0004389D25C01F001034479A3401A43D3B2F0
:10BFE000C2682032448913558279521C8271427989
:10BFF000521C42710CE08279092A09D10022827117
:10C00000827729B142891F2A02DA4289521C428171
:10C0100000BFCCE770B5002600242CE0184A02EBE4
:10C020004412918B164A02EB44129069FFF7E4FE2A
:10C030000546134800EB44108079B0B9104800EB76
:10C040004410807F88B985B90E480078801C05218E
:10C0500090FBF1F201FB1200094901EB4411C87792
:10C060000120074901EB4411887705F00100A04049
:10C070003043C6B2641C012CD0DB304670BD0000DA
:10C08000081E00207702002070B504460D46A18AE4
:10C090002A462069FFF7B8FE70BD10B504466078E7
:10C0A00000283FD0207958B9012020700020E0708E
:10C0B00000212046FFF7E8FF2079401C207131E085
:10C0C0002079092810DAE279E068805CE278104192
:10C0D00000F001012046FFF7D7FF2079401C2071B6
:10C0E000E078401CE0701DE02079092807D101218B
:10C0F0002046FFF7C9FF2079401C207112E020790B
:10C100000A280FD100202071E079401CE071207ACC
:10C11000E179884203DD01202070607002E0002098
:10C120002070607010BD000010B5FAF749FF054897
:10C130000088401C0349088003480068401C0249ED
:10C14000086010BD800000202800002000B593B0DA
:10C15000282109A8F9F70FFC142104A8F9F70BFC12
:10C16000002000900190029003900D2009904FF460
:10C1700080300A9000200B9001200C900D900F90C1
:10C1800002201090C10311914FF4E011129109A8FF
:10C19000FCF770F908B1FAF75DF90F20049002205E
:10C1A0000590002006904FF48060079000200890D2
:10C1B000022104A8FCF712F808B1FAF74BF9112094
:10C1C00000904FF480700190002003906846FBF7C8
:10C1D0006BFF08B1FAF73EF9FCF7C6F813B000BDE3
:10C1E00001480249086070470058000808ED00E067
:10C1F00010B50348FDF70EFA0148FDF73EF910BDF2
:10C20000200B002010B50268184B984208D0B0F1FE
:10C21000804F05D0164B984202D0164B984203D15E
:10C2200022F070024B681A43104B984208D0B0F1CC
:10C23000804F05D00E4B984202D00E4B984203D14E
:10C2400022F44072CB681A4322F080034C6943EA1F
:10C25000040202608B68C3620B688362034B9842DE
:10C2600001D10B6903630123436110BD002C014020
:10C27000000400400008004030B50C46816821F4FD
:10C280007F4142EA032525432943816030BD0A46A8
:10C29000816821F0700142F0070319438160704703
:10C2A00030B50B461446026A056A25F001050562A1
:10C2B000816921F0F00141EA041122F00A021A43D7
:10C2C0008161026230BD30B50B461446056A25F027
:10C2D000100505628169026A21F4704141EA043166
:10C2E00022F0A00242EA03128161026230BD70B501
:10C2F00005466C6A0020E085E0842046FDF798F949
:10C3000070BD0168C96821F490710268D16001684C
:10C31000496921F0010102685161016B012905D1D0
:10C320000168C96821F010010268D160202180F8FD
:10C330003E1000210163704710B504462068C068B4
:10C3400020F040002168C860202084F83D0020468D
:10C35000FDF70CFC002010BDF8B5044694F83E0033
:10C36000222869D1A068B0F5805F0CD1206950B94E
:10C370000025A66A20684068C0F308003080A06AE3
:10C38000801CA06215E0A56A0026A068B0F5805F59
:10C3900003D0A06828B9206918B9206840682870BF
:10C3A00004E02068406800F07F002870A06A401C0C
:10C3B000A062E08D401E80B2E085A8BB2068C06806
:10C3C00020F020002168C8602068C06820F48070D8
:10C3D0002168C8602068406920F001002168486138
:10C3E000202084F83E00206B01281ED1002020630D
:10C3F0002068C06820F010002168C86020680068CC
:10C4000000F0100010280AD100BF00200090206822
:10C410000068009020684068009000BF00BFA18DB8
:10C420002046FDF704F903E004E02046FDF734FB65
:10C430000020F8BD0020FCE70220FAE770B50446B2
:10C440002168096921F44051E268114322681161B1
:10C450002269A1681143626941EA02052168C9683D
:10C4600041F20C62914329432268D16021684969F5
:10C4700021F44071A2691143226851612D4A21685B
:10C48000914202D1FBF78CFF01E0FBF779FF00EB53
:10C49000C00101EB001162689200B1FBF2F100EB08
:10C4A000C00202EB001263689B00B2FBF3F264234C
:10C4B000B2FBF3F202EBC20303EB0212A1EB820127
:10C4C000322202EB01116422B1FBF2F101F0F00122
:10C4D00000EBC00202EB001263689B00B2FBF3F2B8
:10C4E0006423B2FBF3F201EB021200EBC00101EB9B
:10C4F000001163689B00B1FBF3F100EBC00303EB99
:10C5000000136668B600B3FBF6F36426B3FBF6F3DC
:10C5100003EBC30606EB0313A1EB8301322303EB0A
:10C5200001116423B1FBF3F101F00F011144226802
:10C53000916070BD00380140014691F83D0021280E
:10C5400028D18868B0F5805F0BD1086948B90A6ABC
:10C550001088C0F308000B685860086A801C0862E5
:10C5600005E00B6A581C086218780B685860C88C84
:10C57000401E80B2C88458B90868C06820F08000A6
:10C580000B68D8600868C06840F040000B68D8604D
:10C59000002070470220FCE72DE9F04104460D46DB
:10C5A00017469846069E21E0701CF8B12EB1FAF7A6
:10C5B000D1FCA0EB0800B04218D92068C06820F474
:10C5C000D0702168C8602068406920F001002168AF
:10C5D0004861202084F83D0084F83E0000BF002020
:10C5E00084F83C0000BF0320BDE8F08120680068AB
:10C5F0002840A84201D1012000E00020B842D3D059
:10C600000020F1E710B50248FDF714F810BD000056
:10C61000680B002009480068006800F0200020280E
:10C620000AD1074800680749074A12688854064833
:10C630000068401C0449086070470000AC0B0020F3
:10C64000044400407C0200203C00002010B50E484D
:10C65000FCF7F0FF0C480068006800F0200020287C
:10C6600011D10A480068C1B209480A4A12688154C7
:10C670000021024607480068401C11540548006824
:10C68000401C0449086010BDF00B00200448004025
:10C6900068070020740000202DE9F04104460D4693
:10C6A000D4F8B862D4F8C072D4F8B80278B305EB05
:10C6B000850104F1140000EB8100806808B305EBEC
:10C6C000850104F1140000EB810005EB850281680F
:10C6D00007F1280000EBC2000069B1FBF0F200FB9B
:10C6E000121070B9002105EB850204F1140000EB73
:10C6F0008200816000231A462946204600F0C4FECD
:10C7000002E00020C6F814020020BDE8F081FFE737
:10C710000220FAE770B504460E46D4F8B852314606
:10C72000204600F056FDC5F80C02D4F8B80248B116
:10C73000D5F80402D4F8BC12CA6805F50371904715
:10C74000002070BD0220FCE770B504460E460025AF
:10C750008121204600F057FC0021E16201212046A2
:10C7600000F051FC0021C4F86C118221204600F039
:10C770004AFC00212164D4F8B80250B1D4F8BC12AC
:10C7800048688047D4F8B80201F027F90020C4F8BF
:10C79000B802284670BD70B50546D5F8B842D5F840
:10C7A000BC0278B194F80002FF280BD094F8012263
:10C7B00094F80002D5F8BC128B6821469847FF20F8
:10C7C00084F80002002070BD01460A20088001485C
:10C7D000704700006801002001464320088001489E
:10C7E00070470000F0010020014643200880014806
:10C7F00070470000AC01002001464320088001483A
:10C8000070470000340200202DE9F04104460F4635
:10C810000026207C88B94FF4007302228121204633
:10C8200000F03EFD0121E1624B020222204600F0B1
:10C8300037FD0121C4F86C110FE040230222812151
:10C84000204600F02DFD0121E16240230222204616
:10C8500000F026FD0121C4F86C1108230322822177
:10C86000204600F01DFD012121644FF4077001F006
:10C87000B5F8C4F8B802D4F8B80208B901261CE02B
:10C88000D4F8B852D4F8BC12086880470020C5F824
:10C890001402C5F81802207C40B94FF4007301213E
:10C8A0002046D5F8042200F013FD06E040230121C4
:10C8B0002046D5F8042200F00BFD3046BDE8F0819B
:10C8C00070B50446D4F8B852D4F8B80298B1207CB8
:10C8D00040B94FF4007301212046D5F8042200F03E
:10C8E000F7FC06E0402301212046D5F8042200F0A1
:10C8F000EFFC002070BD0220FCE70246022011B1CF
:10C90000C2F8BC12002070470246D2F8B832C3F811
:10C9100004120020704710B50346D3F8B842C4F89B
:10C920000812C4F81022002010BD2DE9FC41054674
:10C930000C46D5F8B86200200190009000272078BE
:10C9400000F0600040B320285FD1E088E0B120789B
:10C9500000F0800060B1E2886078D5F8BC128B6886
:10C9600031469847E2883146284600F0E6F812E062
:10C97000607886F80002A07986F80102E2883146E4
:10C98000284600F0B9F806E06078D5F8BC1200221D
:10C990008B68214698473EE0607820B10A2812D083
:10C9A0000B282AD11FE095F89C02032805D102220A
:10C9B0006946284600F0C1F804E02146284600F008
:10C9C0008FF802271FE095F89C02032805D1012269
:10C9D00001A9284600F0B1F804E02146284600F0FD
:10C9E0007FF802270FE095F89C02032804D0214627
:10C9F000284600F075F8022705E02146284600F099
:10CA00006FF8022700BF00BF05E02146284600F06E
:10CA100067F8022700BF00BF3846BDE8FC8170B54B
:10CA20000546D5F8B842D5F8B802A8B1D4F8140232
:10CA300080B90120C4F81402D4F810122963B4F8A4
:10CA4000100283B281212846D4F8082200F01CFD90
:10CA5000002070BD0120FCE70220FAE770B5044613
:10CA60000D46D4F8B402294642682046904700207B
:10CA700070BD70B504460D4694F89C02012804D0A0
:10CA8000022803D003280CD101E000BF00BF688852
:10CA9000012805D10020C4F8A402204600F05EF869
:10CAA00004E02946204600F01BF800BF00BF70BD1F
:10CAB00070B506460C4615462B46224600213046E8
:10CAC00000F006FC002070BD70B506460C46154609
:10CAD0002B4622460021304600F0D6FC002070BDD7
:10CAE00070B504460D468021204600F0A1FC0021CF
:10CAF000204600F09DFC70BD70B504460E461546FC
:10CB00000320C4F894024FF4AE700551001D055186
:10CB10002B4632460021204600F0DAFB002070BD93
:10CB200010B504460520C4F8940200231A4619469D
:10CB3000204600F0CDFB002010BD70B504460E4627
:10CB400015460220C4F89402E56125622B46324660
:10CB50000021204600F098FC002070BD10B504466E
:10CB60000420C4F8940200231A461946204600F017
:10CB70008BFC002010BD000070B505460C462DB999
:10CB80002246064906A000F0D3F904E022460349F4
:10CB900003A000F0CDF9014870BD0000F80E0020A0
:10CBA00043444320436F6E666967000002461220CB
:10CBB0000880014870470000F800002070B5054665
:10CBC0000C462DB92246064906A000F0B1F904E052
:10CBD0002246034903A000F0ABF9014870BD0000F4
:10CBE000F80E002043444320496E74657266616309
:10CBF00065000000024604200880014870470000DC
:10CC00000C01002070B505460C462246024903A0DF
:10CC100000F08EF9004870BDF80E00204A6168618E
:10CC20006E476F737461720070B505460C462DB97E
:10CC30002246064906A000F07BF904E0224603499B
:10CC400003A000F075F9014870BD0000F80E002047
:10CC50004A6168616E476F73746172506F727400DD
:10CC600070B505460C461A202080F9F747FE0148AA
:10CC700070BD00001001002070B504460D46E88824
:10CC8000012804D029462046FFF72AFF1EE094F829
:10CC90009C02012804D0022803D0032810D109E007
:10CCA00000BF0020A060012204F108012046FFF728
:10CCB00044FF0AE00122211D2046FFF73EFF04E069
:10CCC00029462046FFF70CFF00BF00BF70BDF8B536
:10CCD00004460E46002000900027002570880012B0
:10CCE000082875D2DFE800F0C7040C20C7C7A5B537
:10CCF000207CD4F8B0120A68694690470746C1E024
:10CD0000207C40B9D4F8B402816A68468847074657
:10CD10000220787007E0D4F8B402C16A68468847F8
:10CD2000074602207870ADE0B078062878D2DFE8B8
:10CD300000F00316293C5063D4F8B002406838B1C3
:10CD4000207CD4F8B0124A6869469047074605E04F
:10CD500031462046FFF7C4FE681CC5B267E0D4F830
:10CD6000B002806838B1207CD4F8B0128A68694675
:10CD70009047074605E031462046FFF7B1FE681CA4
:10CD8000C5B254E0D4F8B002C06838B1207CD4F801
:10CD9000B012CA6869469047074605E0314620460A
:10CDA000FFF79EFE681CC5B241E0D4F8B0020069EE
:10CDB00038B1207CD4F8B0120A696946904707461A
:10CDC00005E031462046FFF78BFE681CC5B22EE019
:10CDD00051E0D4F8B002406938B1207CD4F8B012E8
:10CDE0004A6969469047074605E031462046FFF705
:10CDF00077FE681CC5B21AE0D4F8B002806940B171
:10CE0000207CD4F8B0128A6969469047074606E04C
:10CE100006E031462046FFF763FE681CC5B206E017
:10CE200031462046FFF75CFE681CC5B200BF00BF5C
:10CE300028E0207C30B9D4F8B402416B68468847BA
:10CE4000074605E031462046FFF74AFE681CC5B29A
:10CE500018E0207C40B9D4F8B402016B68468847DA
:10CE600007460720787005E031462046FFF738FE78
:10CE7000681CC5B206E031462046FFF731FE681C4B
:10CE8000C5B200BF00BF05B1F8BDBDF8000088B154
:10CE9000F08878B1F088BDF80010884202DDBDF856
:10CEA000000000E0F0880090BDF8002039462046E0
:10CEB000FFF743FEF08810B92046FFF74FFE00BF92
:10CEC000E2E70146002002E0421CD0B2491C0A7889
:10CED000002AF9D1704770B504460D4694F89C02BB
:10CEE000012804D0022803D003281AD101E000BF92
:10CEF00000BFE888022804D029462046FFF7F0FD4D
:10CF000014E00120E060D4F8A40218B1E06840F019
:10CF10000200E060022204F10C012046FFF70DFE42
:10CF200004E029462046FFF7DBFD00BF00BF70BDCF
:10CF30002DE9F04104460D4617460026FCB1204677
:10CF4000FFF7BFFF022101EB400038803A783046FE
:10CF5000711CCEB22A5403223046711CCEB22A5420
:10CF60000AE014F8012B3046711CCEB22A5400227C
:10CF70003046711CCEB22A5420780028F1D1BDE889
:10CF8000F0810146002031B1012906D0022906D0E6
:10CF9000032908D105E0002007E0022005E0012078
:10CFA00003E0022001E0022000BF00BF704770B51F
:10CFB00004460D4616460CB9022070BDD4F8B402E2
:10CFC00010B10020C4F8B4020DB1C4F8B052012071
:10CFD00084F89C022670204600F004F90020ECE75B
:10CFE0002DE9F04104460D46002600272946D4F8D5
:10CFF000C002FAF72FF906463046FFF7C2FF074690
:10D000003846BDE8F0812DE9F04104460D46002682
:10D0100000272946D4F8C002FAF7E7F8064630465A
:10D02000FFF7AFFF07463846BDE8F0812DE9F04134
:10D0300004460E461746002E64D104F11405D4F8B8
:10D040009402022848D1D5E90301884210D9D5E9D4
:10D050000301401AE860A88982B239462046FFF7EA
:10D0600033FD00231A461946204600F031F93EE010
:10D070002969A868B0FBF1F201FB1200B8B929696F
:10D08000A868884213D3A868D4F8981288420ED2B0
:10D09000002211462046FFF717FD0020C4F8980231
:10D0A00000231A461946204600F012F91FE0D4F872
:10D0B000B402C06840B194F89C02032804D1D4F8AB
:10D0C000B402C168204688478021204600F0B0F9AC
:10D0D0002046FFF725FD0AE0D4F89402042802D088
:10D0E000D4F8940218B98021204600F0A1F994F8F0
:10D0F000A002012818D1204600F0FAF9002084F897
:10D10000A00211E0D4F8B402406950B194F89C0236
:10D11000032806D1D4F8B40231464269204690472C
:10D1200002E00220BDE8F0810020FBE72DE9F0419C
:10D1300004460E461746BEBB04F5AA75D4F8940201
:10D14000032825D1D5E90301884210D9D5E9030187
:10D15000401AE860D5E90301884201D2E86800E09E
:10D16000286982B239462046FFF7A2FC2FE0D4F8A6
:10D17000B402006940B194F89C02032804D1D4F8A9
:10D18000B4020169204688472046FFF7E7FC1EE00D
:10D19000D4F8940205281AD10020C4F89402002182
:10D1A000204600F045F912E0FFE7D4F8B4028069A8
:10D1B00050B194F89C02032806D1D4F8B402314649
:10D1C00082692046904702E00220BDE8F0810020FD
:10D1D000FBE770B504460D462946D4F8C002FAF7BD
:10D1E000B7FB70BD10B504461D48C0F8E842C4F84E
:10D1F000C0021C481A4908600820486002211848EB
:10D20000816000218161C1610162FAF778FD08B196
:10D21000F9F720F904F5307418230022114620682C
:10D22000F9F7A0FF5823002280212068F9F79AFF20
:10D23000C023002281212068F9F794FF4FF48873FE
:10D24000002201212068F9F78DFF2068A4F53074D1
:10D250004FF4807300228221F9F784FF002010BD73
:10D26000C8180020005C004010B50246D2F8C03259
:10D2700001F08000802809D101F07F0000EB8004DC
:10D2800003F1280000EBC400807810BD01F07F009E
:10D2900000EB800403F5B47000EBC4008078F4E781
:10D2A0002DE9F04704460F4615461E464FF000088C
:10D2B000C1462B4632463946D4F8C002FAF753FB32
:10D2C00080464046FFF75DFE81464846BDE8F08750
:10D2D0002DE9F04704460D4616461F464FF000085C
:10D2E000C1463B4632462946D4F8C002FAF781FBD4
:10D2F00080464046FFF745FE81464846BDE8F08738
:10D3000010B504464023002211462046FFF7C8FF0F
:10D3100001214FF4AC70015140214FF4B270015122
:10D320004023002280212046FFF7BAFF0121A1619E
:10D3300040216162012084F89C020020C4F894021C
:10D340006060C4F8A402D4F8B80228B12179D4F8F6
:10D35000B402426820469047002010BD014691F873
:10D360009C02042803D191F89D0281F89C020020C0
:10D37000704710B5044694F89C02032808D1D4F8ED
:10D38000B402C06920B1D4F8B402C169204688470C
:10D39000002010BD02461174002070472DE9F041B5
:10D3A00004460D46002600272946D4F8C002FAF7A5
:10D3B00095FD06463046FFF7E4FD07463846BDE8D2
:10D3C000F08170B504460D46294604F52A7000F038
:10D3D00073F80120C4F8940240F2AE20005BC4F858
:10D3E000980294F8A80200F01F0020B1012808D08C
:10D3F000022812D10BE004F52A71204600F041F911
:10D4000013E004F52A71204600F0A8FA0DE004F5B7
:10D410002A71204600F086F907E094F8A80200F08F
:10D420008001204600F004F800BF00BF002070BD5E
:10D430002DE9F04104460D46002600272946D4F880
:10D44000C002FAF7FCFA06463046FFF79AFD074697
:10D450003846BDE8F08170B5044600250026D4F8B2
:10D46000C002FAF75FFD05462846FFF78AFD06462B
:10D47000304670BD014691F89C0281F89D0204205F
:10D4800081F89C02002070472DE9F04704460D46C4
:10D4900016461F464FF00008C1463B463246294615
:10D4A000D4F8C002FAF70FFB80464046FFF769FD4B
:10D4B00081464846BDE8F0870A7802704A78427093
:10D4C0008B78CA7803EB022242800B794A7903EB0E
:10D4D000022282808B79CA7903EB0222C2807047D4
:10D4E0000246002011B1C2F8B41200E002207047D9
:10D4F00001460020704770B504460D46A88810BB51
:10D50000E88800BB688880281DD2A87800F07F06D4
:10D5100094F89C02032804D129462046FFF7E0FA3C
:10D5200015E084F89E6231462046FFF737FF20461B
:10D53000FFF714FB1EB1022084F89C0207E00120D3
:10D5400084F89C0203E029462046FFF7C9FA70BD23
:10D5500070B504460D460226D4F8B40238B1D4F8AA
:10D56000B402294602682046904700B9002630469A
:10D5700070BD000070B504460D46A87836490870A5
:10D5800008460078012804DD29462046FFF7A8FA5E
:10D5900060E094F89C02022802D003284FD11CE0DE
:10D5A0002D480078A8B12C4800786060032084F8EA
:10D5B0009C02294801782046FFF7CAFF022804D1BF
:10D5C00029462046FFF78CFA70BD2046FFF7C6FAC1
:10D5D00002E02046FFF7C2FA3BE01F48007870B92E
:10D5E000022084F89C021C48007860601A48017888
:10D5F0002046FFF733FA2046FFF7B0FA1EE016493F
:10D6000009786068884216D021792046FFF726FA0B
:10D61000114800786060104801782046FFF798FFB5
:10D62000022804D129462046FFF75AFACCE72046C3
:10D63000FFF794FA02E02046FFF790FA09E0294646
:10D640002046FFF74DFA044801782046FFF706FA16
:10D6500000BF00BF00BFB7E76401002070B50546FA
:10D660000C466088012804D1C5F8A4022846FFF7BB
:10D6700075FA70BD10B504462046FFF7ECFE002099
:10D6800010BD70B505460C460026207800F06000FD
:10D6900060B1202802D040283CD100E000BFD5F87E
:10D6A000B402214682682846904738E060780A280C
:10D6B00029D2DFE800F01923281E280A0528140FB4
:10D6C00021462846FFF703FB22E021462846FFF7C4
:10D6D00012FF1DE021462846FFF74CFF18E02146C7
:10D6E0002846FFF7C9FA13E021462846FFF7F3FB67
:10D6F0000EE021462846FFF7B1FF09E02146284603
:10D70000FFF7B7F904E021462846FFF7E9F900BF23
:10D7100000BF04E021462846FFF7E2F900BF00BF42
:10D72000304670BD2DE9F04105460E464FF0000829
:10D730003479307800F0600060B1202802D04028B1
:10D7400071D100E000BFD5F8B402314682682846A6
:10D75000904700E1307800F06000202809D1D5F82A
:10D76000B402314682682846904780464046BDE86C
:10D77000F081707800285ED001282FD0032876D160
:10D7800095F89C02022802D0032820D110E054B161
:10D79000802C08D021462846FFF74AFE80212846E3
:10D7A000FFF746FE03E031462846FFF799F913E0FC
:10D7B000708840B93CB1802C05D0F08818B921465A
:10D7C0002846FFF735FE2846FFF7C8F904E0314642
:10D7D0002846FFF785F900BF00BFB5E095F89C0229
:10D7E000022802D003281FD110E054B1802C08D0A9
:10D7F00021462846FFF71CFE80212846FFF718FE29
:10D8000003E031462846FFF76BF912E0708848B90B
:10D8100004F07F0018B121462846FFF7E1FB2846B7
:10D82000FFF79CF905E091E031462846FFF758F9EB
:10D8300000BF00BF88E095F89C02022802D00328B0
:10D8400076D126E034B1802C04D031462846FFF74B
:10D8500047F972E004F08000802809D104F07F00CD
:10D8600000EB800105F1140000EB810008E066E0A8
:10D8700004F07F0000EB800105F5AA7000EB810049
:10D88000074600203860022239462846FFF755F93E
:10D8900053E004F0800080280ED104F00F0000EB6C
:10D8A000800105F1140000EB8100406898B9314611
:10D8B0002846FFF715F940E004F00F0000EB800167
:10D8C00005F5AA7000EB8100406820B93146284672
:10D8D000FFF706F931E004F08000802808D104F059
:10D8E0007F0000EB800105F1140000EB810007E0F0
:10D8F00004F07F0000EB800105F5AA7000EB8100C9
:10D9000007460CB1802C02D10020386009E0214686
:10D910002846FFF7A9FC10B10120386001E0002083
:10D920003860022239462846FFF707F905E0FFE78D
:10D9300031462846FFF7D4F800BF00BF04E0314667
:10D940002846FFF7CDF800BF00BF04E03146284667
:10D95000FFF7C6F800BF00BF404608E770B50546B0
:10D960000C460026207800F0600030B1202802D05C
:10D9700040282AD100E000BF00BF95F89C02012892
:10D9800004D0022803D0032818D101E000BF00BF53
:10D99000207901280DDCD5F8B4022146826828469A
:10D9A00090470646E08840B93EB92846FFF7D6F8CA
:10D9B00003E021462846FFF793F804E02146284675
:10D9C000FFF78EF800BF00BF04E021462846FFF7AE
:10D9D00087F800BF00BF002070BD704701460148B6
:10D9E00070470000B41B0020F0B5024600260878FE
:10D9F000400032F8100048F68F1400EA0403C8789B
:10DA000030B101280CD0022805D003280BD104E046
:10DA100043F4007309E000BF07E043F4C06304E08F
:10DA200043F4806301E0012600BF00BF43F40040DF
:10DA300040F080000C78640022F8140000BF0C78DD
:10DA4000640032F8144048F68F752C400D7844EA93
:10DA5000050040F4004444F080040D786D0022F885
:10DA6000154000BF087B00287ED14878002852D09E
:10DA700000BF1046B2F8505028440D7800F580677A
:10DA800007EB0514CD886D106D00258000BF00BF29
:10DA90000C78640032F8140000F040048CB100BF30
:10DAA0000D786D0032F8155048F68F7705EA0704B7
:10DAB00044F4004545F0C0050F787F0022F8175068
:10DAC00000BF00BFC878012813D000BF0C786400E5
:10DAD00032F8144048F6BF7504EA050080F02000D3
:10DAE00040F4004444F080040D786D0022F81540A5
:10DAF0009EE100BF0C78640032F8144048F6BF7510
:10DB000004EA050040F4004444F080040D786D0000
:10DB100022F815408CE100BF1046B2F8505028445E
:10DB20000D78042707EBC50500F5806707EB450472
:10DB3000CD886D106D00258000BF00BF1546B2F87E
:10DB4000504025440C78062707EBC40405F5806790
:10DB500007EB4404204600BF0F6967B9078848F205
:10DB6000FF3C07EA0C0700E057E00780078847F40E
:10DB7000004707801EE00F693E2F0DD800BF0F69D8
:10DB80007C080F7C07F0010707B1641C4FF6FF7794
:10DB900007EA842707800DE000BF0F697C090F7C2E
:10DBA00007F01F0707B9641E4FF4004747EA8427B0
:10DBB000078000BF00BF00BF00BF0C78640032F8D0
:10DBC000140000F480448CB100BF0D786D0032F871
:10DBD000155048F68F7705EA070444F4004545F4EC
:10DBE00081450F787F0022F8175000BF00BF00BFAB
:10DBF0000C78640032F814404BF68F7504EA050087
:10DC000080F4805080F4005040F4004444F08004DC
:10DC10000D786D0022F815400AE100BF0C78640011
:10DC200032F8144048F68F7504EA050040F40044C9
:10DC300044F4C0740D786D0022F8154000BF00BF99
:10DC400000BF00BF1046B2F8505028440D7800F5D0
:10DC5000806707EB05140D896D106D00258000BFEE
:10DC600000BF00BF00BF1046B2F8505028440D78E6
:10DC7000042707EBC50500F5806707EB45044D89D0
:10DC80006D106D00258000BF00BF00BF48780028E0
:10DC90005DD100BF0C78640032F8140000F48044B9
:10DCA0008CB100BF0D786D0032F8155048F68F77B3
:10DCB00005EA070444F4004545F481450F787F00E8
:10DCC00022F8175000BF00BF00BF0C78640032F884
:10DCD000140000F040048CB100BF0D786D0032F8E4
:10DCE000155048F68F7705EA070444F4004545F0DF
:10DCF000C0050F787F0022F8175000BF00BF00BF9B
:10DD00000C78640032F814404BF68F7504EA050075
:10DD100080F4805080F4005040F4004444F08004CB
:10DD20000D786D0022F8154000BF00BF0C7864002C
:10DD300032F8144048F6BF7504EA050040F4004488
:10DD400044F080040D786D0022F8154070E000BFAB
:10DD50000C78640032F8140000F480448CB100BFE9
:10DD60000D786D0032F8155048F68F7705EA0704F4
:10DD700044F4004545F481450F787F0022F81750A0
:10DD800000BF00BF00BF0C78640032F8140000F040
:10DD900040048CB100BF0D786D0032F8155048F684
:10DDA0008F7705EA070444F4004545F0C0050F7875
:10DDB0007F0022F8175000BF00BFC878012813D099
:10DDC00000BF0C78640032F8144048F6BF7504EACE
:10DDD000050080F0200040F4004444F080040D78F9
:10DDE0006D0022F8154011E000BF0C78640032F895
:10DDF000144048F6BF7504EA050040F4004444F0BE
:10DE000080040D786D0022F8154000BF00BF0C782B
:10DE1000640032F814404BF68F7504EA050040F4B4
:10DE2000004444F080040D786D0022F8154000BFD6
:10DE30003046F0BD10B50446002010BD30B5024696
:10DE4000087B00285BD1487860B300BF0B785B008B
:10DE500032F8130000F040038BB100BF0C7864006F
:10DE600032F8144048F68F7504EA050343F4004481
:10DE700044F0C0040D786D0022F8154000BF00BFCB
:10DE800000BF0B785B0032F8133048F6BF7403EA2A
:10DE9000040040F4004343F080030C78640022F84F
:10DEA000143007E100BF0B785B0032F8130000F478
:10DEB00080438BB100BF0C78640032F8144048F600
:10DEC0008F7504EA050343F4004444F481440D785B
:10DED0006D0022F8154000BF00BF00BF0B785B004B
:10DEE00032F813304BF68F7403EA040040F4004319
:10DEF00043F080030C78640022F81430DAE04878AC
:10DF000000286BD100BF0B785B0032F8130000F4DF
:10DF100080438BB100BF0C78640032F8144048F69F
:10DF20008F7504EA050343F4004444F481440D78FA
:10DF30006D0022F8154000BF00BF00BF0B785B00EA
:10DF400032F8130000F040038BB100BF0C7864007E
:10DF500032F8144048F68F7504EA050343F4004490
:10DF600044F0C0040D786D0022F8154000BF00BFDA
:10DF700000BF0B785B0032F8133048F68F7403EA69
:10DF8000040040F4004343F0C0030C78640022F81E
:10DF9000143000BF00BF0B785B0032F813304BF633
:10DFA0008F7403EA040040F4004343F080030C78CC
:10DFB000640022F8143000BF00BF0B785B0032F819
:10DFC000133048F6BF7403EA040040F4004343F002
:10DFD00080030C78640022F814306BE000BF0B78EB
:10DFE0005B0032F8130000F480438BB100BF0C7863
:10DFF000640032F8144048F68F7504EA050343F4D0
:10E00000004444F481440D786D0022F8154000BFAF
:10E0100000BF00BF0B785B0032F8130000F0400334
:10E020008BB100BF0C78640032F8144048F68F754D
:10E0300004EA050343F4004444F0C0040D786D0085
:10E0400022F8154000BF00BF00BF0B785B0032F81C
:10E05000133048F68F7403EA040040F4004343F49D
:10E0600081430C78640022F8143000BF00BF0B78A5
:10E070005B0032F8133048F6BF7403EA040040F442
:10E08000004343F080030C78640022F8143000BF92
:10E0900000BF0B785B0032F813304BF68F7403EA45
:10E0A000040040F4004343F080030C78640022F83D
:10E0B000143000BF002030BD0146002070470146EB
:10E0C0000020704710B50446012024F8400F0020BE
:10E0D0002080A0802082403C10BD01464FF43F428A
:10E0E000B1F840009043A1F840000020704702467C
:10E0F0000020704730B50246087B002865D148787B
:10E1000088B300BF0B785B0032F8130000F04003C7
:10E110008BB100BF0C78640032F8144048F68F755C
:10E1200004EA050343F4004444F0C0040D786D0094
:10E1300022F8154000BF00BFC878012845D000BFB5
:10E140000B785B0032F8133048F6BF7403EA040022
:10E1500080F0200040F4004343F080030C7864001A
:10E1600022F8143031E0FFE700BF0B785B0032F893
:10E17000130000F480438BB100BF0C78640032F8C8
:10E18000144048F68F7504EA050343F4004444F450
:10E1900081440D786D0022F8154000BF00BF00BF1C
:10E1A0000B785B0032F813304BF68F7403EA0400EF
:10E1B00080F4805080F4005040F4004343F080032A
:10E1C0000C78640022F8143000BF002030BD10B578
:10E1D0000246487898B100BF0B785B0032F81330E4
:10E1E00048F6BF7403EA040080F0100040F40043D6
:10E1F00043F080030C78640022F8143013E000BF71
:10E200000B785B0032F813304BF68F7403EA04008E
:10E2100080F4805040F4004343F080030C786400A5
:10E2200022F8143000BF002010BD2DE9F04706464B
:10E230000C466078012876D12169A069884201D90D
:10E24000256900E0A569207BA0B9ABB2E288304621
:10E25000616900F0F4FD00BF3046B6F8502010446C
:10E260002278022303EBC20200F5806303EB420134
:10E270000D8081E3E07802287DD12169206A8842FF
:10E280007AD900BF2178490036F8111048F68F720C
:10E2900001EA020040F4004141F4C07122785200CA
:10E2A00026F8121000BF206A401B20622078400030
:10E2B00036F8100000F0400000287DD000BF334643
:10E2C000607888BB00BF3246B6F850100A44217807
:10E2D0004FF0060909EBC10102F5806909EB410124
:10E2E000084600BF75B9B0F8009048F2FF3A09EA55
:10E2F0000A09A0F80090B0F8009049F40049A0F88D
:10E30000009021E03E2D10D800BF690805F00109FA
:10E31000B9F1000F00D0491C4FF6FF7909EA8129B5
:10E32000A0F8009010E03DE310E000BF690905F09F
:10E330001F09B9F1000F00D1491E4FF4004949EA05
:10E340008129A0F8009000BF00BF0FE0607801288D
:10E350000CD1B6F8500003442078062101EBC00030
:10E3600003F5806101EB400CACF8005000BF6789F9
:10E37000ABB23A4601E057E12CE13046616900F06A
:10E380005EFD6069284460612169206A884203D982
:10E39000206A401B206202E0256A0020206200BF44
:10E3A0006078C0BB00BF3246B6F850100A442178EE
:10E3B000022303EBC10100E049E002F5806303EBB7
:10E3C0004101084600BF55B9038848F2FF3C03EA03
:10E3D0000C030380038843F40043038019E03E2DBF
:10E3E0000BD800BF690805F0010303B1491C4FF6C3
:10E3F000FF7303EA812303800BE000BF690905F086
:10E400001F0303B9491E4FF4004343EA81230380ED
:10E4100000BF00BF12E0FFE7607801280ED100BF07
:10E420003046B6F8502010442278022303EBC20293
:10E4300000F5806303EB42010D8000BF00BF278918
:10E44000ABB23A463046616900F0F9FC94E200BF95
:10E450006078B0BB00BF3246B6F850100A4421784D
:10E46000022303EBC10102F5806303EB410108467F
:10E4700000BF55B9038848F2FF3C03EA0C03038050
:10E48000038843F40043038019E03E2D0BD800BFFE
:10E49000690805F0010303B1491C4FF6FF7303EA55
:10E4A000812303800BE000BF690905F01F0303B956
:10E4B000491E4FF4004343EA8123038000BF00BF9D
:10E4C00012E0FFE7607801280ED100BF3046B6F8B1
:10E4D000502010442278022303EBC20200F580632F
:10E4E00003EB42010D8000BF00BF2789ABB23A4663
:10E4F0003046616900F0A3FC6069284460612169CD
:10E50000206A884203D9206A401B206202E0256A03
:10E510000020206200BF3346607880BB00BF3246D7
:10E52000B6F850100A4421784FF0060909EBC101F2
:10E5300002F5806909EB4101084600BF75B9B0F8E2
:10E54000009048F2FF3A09EA0A09A0F80090B0F8F2
:10E55000009049F40049A0F8009020E03E2D0FD82B
:10E5600000BF690805F00109B9F1000F00D0491C8E
:10E570004FF6FF7909EA8129A0F800900FE010E03A
:10E5800000BF690905F01F09B9F1000F00D1491E4C
:10E590004FF4004949EA8129A0F8009000BF00BF6C
:10E5A0000FE0607801280CD1B6F8500003442078C1
:10E5B000062101EBC00003F5806101EB400CACF8D3
:10E5C000005000BF6789ABB23A463046616900F03F
:10E5D00036FCD1E1256A00BF2178490036F81110D8
:10E5E00048F68F6201EA020040F4004141F08001E8
:10E5F0002278520026F8121000BF00BF3046B6F84D
:10E60000502010442278022303EBC20200F58063FD
:10E6100003EB42010D8000BF2789ABB23A4630467A
:10E62000616900F00CFCA7E100BF2178490036F8D1
:10E63000111048F68F7201EA020040F4004141F4E3
:10E64000C0712278520026F8121000BF206A401BC9
:10E6500020622078400036F8100000F040000028CA
:10E660007DD000BF3346607880BB00BF3246B6F82D
:10E6700050100A4421784FF0060909EBC10102F558
:10E68000806909EB4101084600BF75B9B0F80090F8
:10E6900048F2FF3A09EA0A09A0F80090B0F80090A1
:10E6A00049F40049A0F8009020E03E2D0FD800BFAB
:10E6B000690805F00109B9F1000F00D0491C4FF6B7
:10E6C000FF7909EA8129A0F800900FE010E000BF6F
:10E6D000690905F01F09B9F1000F00D1491E4FF477
:10E6E000004949EA8129A0F8009000BF00BF0FE06F
:10E6F000607801280CD1B6F8500003442078062138
:10E7000001EBC00003F5806101EB400CACF8005058
:10E7100000BF6789ABB23A463046616900F08FFBB3
:10E720006069284460612169206A884203D9206AAF
:10E73000401B206202E0256A00202062002D56D096
:10E7400000BF6078C0BB00BF3246B6F850100A4424
:10E750002178022303EBC10102F5806300E047E06A
:10E7600003EB4101084600BF55B9038848F2FF3C5E
:10E7700003EA0C030380038843F40043038019E099
:10E780003E2D0BD800BF690805F0010303B1491CF9
:10E790004FF6FF7303EA812303800BE000BF690992
:10E7A00005F01F0303B9491E4FF4004343EA8123D8
:10E7B000038000BF00BF12E0FFE7607801280ED1A0
:10E7C00000BF3046B6F8502010442278022303EBF5
:10E7D000C20200F5806303EB42010D8000BF00BF61
:10E7E0002789ABB23A463046616900F028FBC3E0A6
:10E7F00000BF6078B0BB00BF3246B6F850100A4484
:10E800002178022303EBC10102F5806303EB410190
:10E81000084600BF55B9038848F2FF3C03EA0C03E1
:10E820000380038843F40043038019E03E2D0BD896
:10E8300000BF690805F0010303B1491C4FF6FF73DF
:10E8400003EA812303800BE000BF690905F01F0381
:10E8500003B9491E4FF4004343EA8123038000BFFC
:10E8600000BF12E0FFE7607801280ED100BF3046FC
:10E87000B6F8502010442278022303EBC20200F5C0
:10E88000806303EB42010D8000BF00BF2789ABB25C
:10E890003A463046616900F0D2FA60692844606106
:10E8A0002169206A884203D9206A401B206202E065
:10E8B000256A00202062A5B300BF3346607888BB7C
:10E8C00000BF3246B6F850100A4421784FF00609CE
:10E8D00009EBC10102F5806909EB4101084600BF5F
:10E8E00075B9B0F8009048F2FF3A09EA0A09A0F8B1
:10E8F0000090B0F8009049F40049A0F8009021E0A1
:10E900003E2D10D800BF690805F00109B9F1000FCC
:10E9100000D0491C4FF6FF7909EA8129A0F8009040
:10E9200010E029E010E000BF690905F01F09B9F106
:10E93000000F00D1491E4FF4004949EA8129A0F88F
:10E94000009000BF00BF0FE0607801280CD1B6F83E
:10E95000500003442078062101EBC00003F58061DC
:10E9600001EB400CACF8005000BF6789ABB23A46EF
:10E970003046616900F063FA00BF2178490036F83B
:10E98000111048F6BF7201EA020080F0100080F01A
:10E99000200040F4004141F080012278520026F826
:10E9A000121005E2207BA0BB2169A069884204D92E
:10E9B0002569A069401BA06102E0A5690020A06153
:10E9C00000BF3246B6F850100A442178062303EB04
:10E9D000C10102F5806303EB4101084600BF55B950
:10E9E000038848F2FF3C03EA0C030380038843F4E6
:10E9F000004303801AE03E2D0CD800BF690805F0E3
:10EA0000010303B1491C4FF6FF7303EA812303801E
:10EA10000CE00DE000BF690905F01F0303B9491EB2
:10EA20004FF4004343EA8123038000BF00BFA9E104
:10EA3000E07802287DD100BF00BF6078E0BB00BF56
:10EA40003246B6F850100A442178022303EBC10184
:10EA500002F5806303EB4101084600BF236953B907
:10EA6000038848F2FF3C03EA0C030380038843F465
:10EA7000004303801EE023693E2B0DD800BF2369AD
:10EA80005908237C03F0010303B1491C4FF6FF73BF
:10EA900003EA812303800DE000BF23695909237C29
:10EAA00003F01F0303B9491E4FF4004343EA8123D7
:10EAB000038000BF00BF13E0FFE7607801280FD19B
:10EAC00000BF3046B6F8502010442278022303EBF2
:10EAD000C20200F5806303EB4201228A0A8000BF74
:10EAE00000BF00BF33466078E8BB00BF3246B6F8CF
:10EAF00050100A4421784FF0060909EBC10102F5D4
:10EB0000806909EB4101084600BFD4F81090B9F1C3
:10EB1000000F0FD1B0F8009048F2FF3A09EA0A0955
:10EB2000A0F80090B0F8009049F40049A0F80090D7
:10EB30002EE06BE0D4F81090B9F13E0F14D800BF6E
:10EB4000D4F810904FEA590194F8109009F0010997
:10EB5000B9F1000F00D0491C4FF6FF7909EA81296D
:10EB6000A0F8009014E015E000BFD4F810904FEA30
:10EB7000591194F8109009F01F09B9F1000F00D154
:10EB8000491E4FF4004949EA8129A0F8009000BFCE
:10EB900000BF10E0607801280DD1B6F850000344A2
:10EBA0002078062101EBC00003F5806101EB400CE9
:10EBB000208AACF8000000BF00BFE069002824D024
:10EBC0002078400036F8108008F4804010B108F03A
:10EBD000400038B908F48040002816D108F0400001
:10EBE000002812D100BF00BF2178490036F811106B
:10EBF00048F68F7201EA020040F4004141F0C00182
:10EC00002278520026F8121000BFBBE0E0780128FD
:10EC10007CD12169A069884204D92569A069401B7B
:10EC2000A06102E0A5690020A06100BF00BF60787C
:10EC3000B0BB00BF3246B6F850100A442178022318
:10EC400003EBC10102F5806303EB4101084600BFFD
:10EC500055B9038848F2FF3C03EA0C03038003889C
:10EC600043F40043038019E03E2D0BD800BF690830
:10EC700005F0010303B1491C4FF6FF7303EA81233A
:10EC800003800BE000BF690905F01F0303B9491EAB
:10EC90004FF4004343EA8123038000BF00BF12E02A
:10ECA000FFE7607801280ED100BF3046B6F850204B
:10ECB00010442278022303EBC20200F5806303EBC9
:10ECC00042010D8000BF00BF00BF3346607890BB9B
:10ECD00000BF3246B6F850100A4421784FF00609BA
:10ECE00009EBC10102F5806909EB4101084600BF4B
:10ECF00085B9B0F8009048F2FF3A09EA0A09A0F88D
:10ED00000090B0F8009049F4004900E037E0A0F826
:10ED1000009020E03E2D0FD800BF690805F00109E2
:10ED2000B9F1000F00D0491C4FF6FF7909EA81299B
:10ED3000A0F800900FE010E000BF690905F01F097E
:10ED4000B9F1000F00D1491E4FF4004949EA812969
:10ED5000A0F8009000BF00BF0FE0607801280CD140
:10ED6000B6F8500003442078062101EBC00003F5FB
:10ED7000806101EB400CACF8005000BF02E00120C4
:10ED8000BDE8F08700BF2178490036F811104BF636
:10ED90008F7201EA020080F4805080F4005040F449
:10EDA000004141F080012278520026F8121000BF85
:10EDB0000020E5E701460020A1F844004FF43F425F
:10EDC000A1F840207047000010B50248F8F7A6FEF1
:10EDD00010BD0000C81800200146B1F8440070477B
:10EDE0002DE9F04304460E4615464FEA530CA04663
:10EDF000304608F5806909EB450267460AE011884C
:10EE0000921C0170401C4FEA112980F80090401CB0
:10EE1000921C7F1E002FF2D103F00109B9F1000FFF
:10EE200001D011880170BDE8F083024600207047D0
:10EE3000024611B98020A2F84C00002070472DE94D
:10EE4000F04704460D461E4606F1010A4FEA5A08ED
:10EE5000A146284609F5806A0AEB420347460BE0C3
:10EE600090F800C0401C90F800A04CEA0A211980DC
:10EE70009B1C9B1C401C7F1E002FF1D1BDE8F0871E
:10EE800000BFFEE738B5052000901420F7F7D4FD49
:10EE90000020044616E00D48005D062803D00B480C
:10EEA000005D15280BD10948055D00F0D9FA0A2349
:10EEB000012269460648FAF7F0FD284638BD601C75
:10EEC000C0B204461E2CE6DB00BFF7E7680700204F
:10EED000F00B002070B564263220F7F7ADFD1B481B
:10EEE000006808B9002070BD18480068082801D2E1
:10EEF0000020F8E716484078532801D00020F2E7B8
:10EF000013488078462801D00020ECE7104880792B
:10EF1000032801D00020E6E70025002403E00C4888
:10EF2000005D4540641C072CF9D30948C079A8420C
:10EF300001D00020D7E70648C478240200790444B1
:10EF400024020348407904442046CCE774000020A2
:10EF5000680700202DE9F0418AB040A001F084FF4D
:10EF60000524372516260127F7F7F4FF804670E0C1
:10EF7000F7F7F0FFA0EB080041F28831884206D98C
:10EF800044A001F071FFFF200AB0BDE8F0814AF60D
:10EF9000AA204549096808606846FAF75FFE20B173
:10EFA0006846FAF75BFE00B153E029462046FAF7BF
:10EFB000F3FD70B16846FAF751FE20B16846FAF7E2
:10EFC0004DFE00B145E029462046FAF7E5FD00B1C7
:10EFD0003FE029462046FAF7DFFD002834D14AF603
:10EFE000AA2031490968086000208DF808008DF8D2
:10EFF00009008DF80A008DF80B008DF80C008DF8D3
:10F000000D008DF80E008DF80F008DF810008DF8B2
:10F0100011008DF812008DF813008DF814008DF892
:10F0200015008DF816008DF8170002A93046FAF782
:10F0300045FE20B91DA001F017FF0020A4E726A07F
:10F0400001F012FFFF209FE728A001F00DFFFF2035
:10F050009AE7002F8CD100BF96E700007B22526513
:10F060006365697665223A7B2253746174757322F5
:10F070003A32367D2C2243223A7B22547970652223
:10F080003A225772697465457869744D6F646522D8
:10F090007D7D0A007B2243223A7B22537461747582
:10F0A00073223A317D7D0A00A80A00207B22432288
:10F0B0003A7B22537461747573223A302C2254794E
:10F0C0007065223A225772697465457869744D6F8C
:10F0D0006465227D7D0A00007B2243223A7B225315
:10F0E0007461747573223A327D7D0A007B2243225B
:10F0F0003A7B22537461747573223A337D7D0A0022
:10F1000070B504460D461248007828B1002202214D
:10F110001048F7F719FF04E0002210210D48F7F717
:10F1200013FF7E2101EA4400FCF7FEFA2846FCF7B3
:10F13000FBFA0748007828B1012202210548F7F7B9
:10F1400003FF04E0012210210248F7F7FDFE70BD25
:10F150002C000020000801400FB4054B10B503A996
:10F16000044A029800F048F810BC5DF814FB000057
:10F1700079F90008780200200FB4084B10B504A9F3
:10F1800002AA039800F038F8044602A9002000F013
:10F1900049F9204610BC5DF814FB000025F4000876
:10F1A00002480068C0F30220704700000CED00E048
:10F1B00010B5002804DB0A07130E054A135406E0B5
:10F1C0000A07140E034A00F00F031B1FD45410BD8E
:10F1D00000E400E018ED00E002E008C8121F08C1DA
:10F1E000002AFAD170477047002001E001C1121FC8
:10F1F000002AFBD1704700002DE9FF4F8BB09A46E3
:10F200000F460446002606E025280BD052460D99ED
:10F210009047641C761C20780028F5D10FB030464A
:10F22000BDE8F08F0025A94601227D4900E0054395
:10F2300014F8013F203B02FA03F00842F7D120788E
:10F240002E2817D114F8010F45F004052A280ED0F6
:10F250006FF02F022078A0F1300109290AD809EBBC
:10F26000890102EB410100EB0109641CF2E757F848
:10F27000049B641C20786C280DD004DC4C2812D030
:10F280006A2811D104E074280DD07A280CD10AE044
:10F2900045F4001507E0617845F48015814202D1FC
:10F2A000641C05F58015641C207869283ED006DCB6
:10F2B0000028B3D063280BD0642804D136E073282B
:10F2C00010D075285CD052460D999047761CA5E069
:10F2D00017F8040B8DF8000000208DF80100E846B7
:10F2E000012003E057F8048B4FF0FF3069074FF01F
:10F2F000000501D40AE06D1C4D450DDA8542FADBAC
:10F3000018F805100029F6D106E06D1C8542FCDBDB
:10F3100018F805100029F8D12E4404E018F8010B64
:10F3200052460D9990476D1EF8D277E000200A9062
:10F33000C5F302504FF00A0B02280CD001CFC117C1
:10F34000021E71F100020CDA0023D0EB030063EB24
:10F3500001012D2208E0FF1D27F00707F7E8020151
:10F36000EEE72A0504D52B228DF82420012203E0A4
:10F37000EA070FD02022F7E70DF12008089218E0E5
:10F3800000200A90C5F302504FF00A0B022803D068
:10F3900001CF00210022EFE7FF1D27F00707F7E864
:10F3A0000201F7E75A460A9BF6F7F7FA303208F8F7
:10F3B000012D50EA0102F5D1ADEB080000F1200B60
:10F3C000680701D44FF00109D94502DDA9EB0B0014
:10F3D00000E000208146002506E009A85246405D75
:10F3E0000D9990476D1C761C08988542F5DB04E06A
:10F3F000302052460D999047761CB9F10001A9F1D1
:10F400000109F5DC05E018F8010B52460D9990470B
:10F41000761CBBF10001ABF1010BF4DC641CFAE6D5
:10F42000092801000A68531C0B60107070470146E0
:10F4300001F0030090B96420B1FBF0F200FB121060
:10F4400050B94FF4C870B1FBF0F200FB121008B9CC
:10F45000012070470020FCE70120FAE70020F8E7D0
:10F4600010B51E210348F6F786FA0020024908600D
:10F4700010BD0000680700207400002010B506A031
:10F4800001F0F2FC08210B4802F080F84FF41671ED
:10F490000848F6F770FA10BD7B22526563656976FD
:10F4A00065223A7B22537461747573223A32367D39
:10F4B0007D0A0000D404002010B586B00446F7F79A
:10F4C00089FB012004900F48006803900020019000
:10F4D00005A901A8F7F7C4FA78B9F7F719FB059859
:10F4E000401C10B1002006B010BD24B9FF2210212D
:10F4F0000548F6F739FA0120F5E7F7F709FB002090
:10F50000F1E700001C000020F81D002000B50022DB
:10F510001021104600F002F800BD000030B503468F
:10F5200058180D4C2468A04201D9002030BD18465F
:10F530000DE022B1094C2468045D1470521C10289F
:10F5400004D2064C2468045D054D2C54401CCC1894
:10F550008442EED80120E9E7180000201C000020BA
:10F56000F81D00202DE9F04706468946154606EBB2
:10F57000090014490968884202D90020BDE8F087D3
:10F580000DB90020FAE7F7F725FB002414E02A5D07
:10F59000601C285C42EA0020C3170746A0190A4AEB
:10F5A000126881183A460120F7F7BCFA18B1F7F74C
:10F5B000AFFA0020E2E7A41C4C45E8D3F7F7A8FA1D
:10F5C0000120DBE7180000201C000020F0B58FB000
:10F5D0000120C4490870FAF71FFCC34800780028CE
:10F5E00032D1C248007838B9C1484078C149087062
:10F5F000C1A001F039FC08E0BC48007828B1C5A0E2
:10F6000001F032FC0020BB490870F7F70BF96428C1
:10F6100014D13220F7F710FAF6F7DAFE642813D087
:10F620003220F7F709FAF6F7D3FE64280CD0F6F784
:10F63000CBFF0020AB4908700FB0F0BDF6F7C4FF58
:10F640000020A8490870F7E70520F7F7F5F9F7F764
:10F6500081FC044644E1F7F77DFC001B41F2883150
:10F66000884211D900209F490870B1A001F0FCFB2D
:10F670009D480078012801D1F6F71AFB9A480078D6
:10F6800008B9F6F7C7FED7E70DA8FAF7E7FA20B1F1
:10F690000DA8FAF7E3FA00B122E110210020FAF7F1
:10F6A0007BFA70B10DA8FAF7D9FA20B10DA8FAF7D4
:10F6B000D5FA00B114E110210020FAF76DFA00B17B
:10F6C0000EE169460120FAF7C1FA00286FD100BFA8
:10F6D00005E01DF800109B4A1154411CC8B21028C7
:10F6E000F7DBC92098490870002008E09549095CBB
:10F6F000954A12785140944A1170411CC8B20F28A3
:10F70000F4DB9048C07B9049097888424ED10020B4
:10F7100025E00146C51700EB9575AD10A0EB8505FA
:10F720000DAE765D0246C51700EB9575AD106D1CEC
:10F7300096FBF5F5854E755D0346C61700EB96768C
:10F74000B610A0EB8606C6F103060DAFBE5D754090
:10F750007C4E365C75407B4E3554411CC8B20F2838
:10F76000D7DBE22078490870002008E07549095C81
:10F77000754A12785140744A1170411CC8B20E2863
:10F78000F4DB7048807B70490978884210D00020F3
:10F7900005E01DF800106B4A1154411CC8B2102836
:10F7A000F7DB6848C07B401C6749087034E096E08E
:10F7B00064484078664908600846006800020860AE
:10F7C0006048007809680844614908605D484079EC
:10F7D00060490860084600680002086059480079DE
:10F7E000096808445B490860084600680002086030
:10F7F0005448C078096808445649086008460068BB
:10F80000000208604F488078096808445149086040
:10F810004C48C07B4C4908704A48C07B4A4909782B
:10F82000884249D09DF80600AB2844D19DF80700D6
:10F83000F0BB9DF80000464908609DF8010009688A
:10F8400001EB0020424908609DF802004149086030
:10F850009DF80300096801EB00203E4908609DF80F
:10F860000400096801EB00403A4908609DF8050072
:10F87000096801EB0060374908603548006800F40A
:10F880000040B0F5004F17D131480068C0F30E00BA
:10F890002F4908600846006846F6292148402C494F
:10F8A00008602C4800684BF2A6214840294900E036
:10F8B00001E0086000E013E02748007830B10DA8AF
:10F8C000FBF74CFC002007490870B5E62248007899
:10F8D00010B922A001F0C8FA00200249087000BF48
:10F8E000B9E600002C000020140000202E000020AB
:10F8F000D40400202D0000207B22526563656976C8
:10F9000065223A7B22537461747573223A32367DD4
:10F910007D0A00007B2252656365697665223A7B29
:10F9200022537461747573223A38357D7D0A000064
:10F930007B2243223A7B22537461747573223A37D7
:10F940007D7D0A00240A0020820000209C19010805
:10F950009400002090000020250000207B22436FAF
:10F960006E666967223A7B22537461747573223A1A
:10F9700033307D7D0A00000013B50C460121684636
:10F98000F6F748F90120F7F757F800981CBD00007A
:10F9900000B585B00120F7F74FF800221549164849
:10F9A000F8F7F8FF002215491348F8F795FF1348B8
:10F9B000007812498978114A5278104BDB78CDE9EA
:10F9C0000132CDE903100B48807800900948437854
:10F9D00002780BA11948FFF7CFFB184801F044FA51
:10F9E0000120F7F729F84FF416711548F5F7C3FF12
:10F9F00005B000BDD4000020B40A0020D7000020CC
:10FA00007B2254223A7B2248223A25642C224D2222
:10FA10003A25642C2253223A25642C2259223A2575
:10FA2000642C226D223A25642C2244223A25642C2F
:10FA30002257223A25647D7D0A0000002C07002011
:10FA4000D404002070B504460D46002617E00122BC
:10FA500051020C48F7F778FA2846F6F7EDFF002236
:10FA60004FF400710748F7F76FFA2846F6F7E4FFFE
:10FA7000012251020348F7F767FA701CC6B2A6428A
:10FA8000E5DB70BD0008014008B5F7F7A5FAFCF703
:10FA90005DFBFAF743FBFAF7FDFBFAF713FCFAF705
:10FAA00035FCFAF769FCFAF77FFCFAF799FCFAF7EC
:10FAB000DDFBFE48F9F720FCFC48F9F7E7FB4FF4C3
:10FAC0000050FB4B0822FB4900900020FCF7DEF9B8
:10FAD0000221F9A001F05AFDF8480068C06840F022
:10FAE0002000F6490968C8600A20F6F7A5FFF44827
:10FAF0000068C06840F02000F1490968C860F1481A
:10FB00000068C06840F02000EE490968C860002025
:10FB1000ED490860FAF780F9FFF7F8FC1E2107208D
:10FB2000FFF790FF032000F0D5FC4FF47A70F6F752
:10FB300083FFFAF771FC4FF47A70F6F77DFF00222D
:10FB40004FF40041E148F7F7FFF940F2E970F6F7AA
:10FB500073FF0122D103DD48F7F7F6F90120DC49F4
:10FB600008704AF6AA20DB4909680860BCE34AF637
:10FB7000AA20D84909680860FAF74EF9D6480088E3
:10FB800000287DD00120F6F757FFD448007852288E
:10FB900077D022DC332875D010DC122873D006DC35
:10FBA000012871D0022870D003286FD192E0132869
:10FBB0006DD030286CD03128F7D101E1452868D0CC
:10FBC00006DC402872D0432871D04428EDD1FDE0F6
:10FBD00046286DD04E28E8D1A5E0702869D010DC09
:10FBE000662867D006DC56281AD064286FD06528AE
:10FBF000DBD1C7E067286BD06D286AD06E28D4D1DE
:10FC000081E0802846D006DC722815D0732874D095
:10FC10007528CAD10AE0812842D0AF28C5D193E027
:10FC200001F00EFC0120AE490870F6E001F0D6FDAF
:10FC30000120AB490870F0E0AAA001F015F90A20F4
:10FC4000F6F7FAFE00BF00BF00BF00BF00BFBFF362
:10FC50004F8F00BF00BF00BFA948006800F4E060FC
:10FC6000A8490843001DA649086000BF00BF00BFA7
:10FC7000BFF34F8F00BF00BF00BF00BF00BFFDE755
:10FC8000DBE0A9E090E083E015E01AE0B6E085E073
:10FC900090E0A7E001F0EAFC012091490870BCE087
:10FCA000FFF776FE01208E490870B6E04BE09FE03A
:10FCB00041E01BE02FE001F071FD01208849087050
:10FCC000ABE001F049FD012085490870A5E053E053
:10FCD00040E049E03720FBF703FE044621468AA0B6
:10FCE000FFF73AFA01207E49087096E0FAF7D8FD4E
:10FCF00001207B49087090E0FFE701F061FC0120E2
:10FD00007749087089E031216E2000F04FFC012016
:10FD10007349087081E03121662000F047FC012022
:10FD20006F49087079E032216E2000F03FFC01201D
:10FD30006B49087071E03221662000F037FC012029
:10FD40006749087069E000BFFFF798FB012064492C
:10FD5000087062E061484178764A012000F040FD79
:10FD600001205F49087058E05C494878F6F7ACF923
:10FD700001205B49087050E001F092F801205849D9
:10FD800008704AE0FFF7E6F801205549087044E0A2
:10FD9000FFF71CFC0120524908703EE0F9F7B6FF5E
:10FDA00001204F49087038E0F6F746F801204C4929
:10FDB000087032E0F5F7A4FF0120494908702CE0F3
:10FDC000F6F7AEF801204649087026E0F6F71EFA6D
:10FDD00001204349087020E0F6F7F6FB0120404976
:10FDE00008701AE0F6F7C0F901203D49087014E0E8
:10FDF000F6F75EFA01203A4908700EE04EA001F0D5
:10FE000033F8132053490870002035490870F5F77E
:10FE100097FE00205049086000BF00BF13204D49E5
:10FE2000087000202E4908704B4908602A49088054
:10FE30004A4908800120F6F7FFFD2348006880B199
:10FE40004FF49670F6F7F8FD1F480168444801F03A
:10FE5000E5F800201C4908604FF416714048F5F79A
:10FE60008AFD4048007878B920211248F7F75AF8FF
:10FE7000012809D13C490870FFF7A8FB0A20F6F7D2
:10FE8000DBFD0020384908703848006838B10C485C
:10FE90000068C06840F0200009490968C86034481B
:10FEA0000068B0F5FA7F7DD9002063E0200B0020C8
:10FEB00000100140000C014073730000AC0B0020E7
:10FEC000F00B0020680B00203C00002000080140DF
:10FED00002000020A80A002004000020D404002012
:10FEE0007D0000207B22526563697665223A7B2281
:10FEF000537461747573223A37307D7D0A000000B7
:10FF00000CED00E00000FA057B2243223A7B2252EE
:10FF1000656164657254797065223A5243353232B4
:10FF20002C2256657273696F6E223A25647D7D0AB4
:10FF300000000000830000207B2252656365697623
:10FF400065223A7B22537461747573223A31397D8C
:10FF50007D0A00003200002034000020060000204E
:10FF60007C020020140000202E00002074000020DD
:10FF700028000020DD490860DD48007810B9DDA0C8
:10FF800000F072FFDA480078012833D1E0480078A9
:10FF900001282FD1DF48007820B9F6F71DFC46383C
:10FFA000082800E026E024D2DFE800F004080C1066
:10FFB00014171B1FD8A000F057FF1AE0DCA000F0B8
:10FFC00053FF16E0E0A000F04FFF12E0E4A000F0C5
:10FFD0004BFF0EE0FFF7FAFA0BE0E7A000F044FF5A
:10FFE00007E0EBA000F040FF03E0EFA000F03CFFD3
:10FFF00000BF00BFF248008841F28831884207DD27
:020000040801F1
:100000000020EF4908804FF40071EE48F6F792FFA8
:10001000ED48007888B9EC48407870B9EA488078B3
:1000200058B9E948C07840B9002004E00021E74A07
:100030001154411CC8B20428F8DBE348F9F70EFE5E
:1000400020B1E148F9F70AFE00B14DE1DE48007841
:10005000DE490978884212D1DB484078DB4949788B
:1000600088420CD1D8488078D8498978884206D10E
:10007000D548C078D549C978884200D134E11021EB
:100080000020F9F789FD70B1CF48F9F7E7FD20B1FD
:10009000CD48F9F7E3FD00B126E110210020F9F782
:1000A0007BFD00B120E1CA490120F9F7CFFD00280E
:1000B00079D100BF05E0C449095CC44A1154411C10
:1000C000C8B20428F7DB002005E0C149095CC14A39
:1000D0001154411CC8B21028F7DBC920BE49087072
:1000E000002008E0BB49095CBB4A12785140BA4A7B
:1000F0001170411CC8B20F28F4DBB648C07BB6496A
:10010000097888427ED1002025E00146C41700EB23
:100110009474A410A0EB8404AB4D2D5D0246C4176B
:1001200000EB9474A410641C95FBF4F4AB4D2C5DAF
:100130000346C51700EB9575AD10A0EB8505C5F11D
:100140000305A14E755D6C40A24D2D5C6C40A14D28
:100150002C54411CC8B20F28D7DBE2209E490870FE
:10016000002008E09B49095C9B4A127851409A4A5A
:100170001170411CC8B20E28F4DB9648807B96496A
:100180000978884210D0002005E09149095C914A25
:100190001154411CC8B21028F7DB8E48C07B401CAC
:1001A0008D4908707CE09EE08A4840788C49086060
:1001B000084600680002086086480078096808441C
:1001C0008749086083484079864908600846006886
:1001D000000208607F480079096808448149086086
:1001E00008460068000208607A48C0780968084438
:1001F0007C490860084600680002086075488078FD
:10020000096800E007E00844764908607148C07B4F
:100210007149087044E06F48C07B6F490978884293
:100220003ED06B4800786E4908606948407809689C
:1002300001EB00206A4908606548807869490860D8
:100240006348C078096801EB00206649086060488F
:100250000079096801EB0040624908605C48407918
:10026000096801EB00605F4908605D48006800F4C0
:100270000040B0F5004F13D159480068C0F30E009C
:10028000574908600846006846F629214840544905
:100290000860544800684BF2A62148405149086064
:1002A00051480078C8B15148007878B910480078B2
:1002B00028B1454A0021084600F092FA09E00C48AE
:1002C000007830B90BA000F0CFFD02E048A000F0AC
:1002D000CBFDFA20F6F7B0FB03E032210A20FFF74E
:1002E000B1FBF9F799FD00BF41E4000028000020B0
:1002F000250000207B22436F6E666967223A7B22CD
:10030000537461747573223A33307D7D0A000000A6
:10031000140000207E0000207B22414343223A7BD0
:1003200022537461747573223A37307D7D0A000060
:100330007B22414343223A7B2253746174757322BA
:100340003A37317D7D0A00007B22414343223A7BCC
:1003500022537461747573223A37327D7D0A00002E
:100360007B22414343223A7B22537461747573228A
:100370003A37337D7D0A00007B22414343223A7B9A
:1003800022537461747573223A37357D7D0A0000FB
:100390007B22414343223A7B22537461747573225A
:1003A0003A37367D7D0A00007B22414343223A7B67
:1003B00022537461747573223A37377D7D0A0000C9
:1003C00080000020000801408300002088000020F9
:1003D000440A0020240A0020820000209C19010801
:1003E00094000020900000200100002079000020EF
:1003F0007B2243223A7B2254797065223A22507242
:100400006F63657373436172644F6666227D7D0A14
:10041000000000002DE9F04104460D4600210026B1
:10042000012200202346092111E00122002604E0D8
:1004300002EB82077A00771CBEB28E42F8DBB3FB78
:10044000F2F717B14F1CB9B203E04F1EB9B2002941
:10045000EBD100BFC8B2002112E0B3FBF2F7303796
:1004600007F0FF080F4601F1010C1FFA8CF105F8A7
:100470000780B3FBF2F702FB17330A27B2FBF7F250
:100480008142EADBBDE8F08110B501229102094802
:10049000F6F75AFD4FF47A70F6F7CEFA4AF6AA202C
:1004A00005490968086000224FF480610148F6F7A9
:1004B0004BFD10BD00080140A80A002010B50446FD
:1004C00001231A4621460248F9F7E7FA10BD000059
:1004D000AC0B00201CB50446402024490860244889
:1004E000244908600120244908700020234908702D
:1004F000FFF70CF8A0B10A20F6F79EFA6A462146EB
:100500000020FFF70BF818B10520F6F795FA0FE079
:100510001BA000F0A9FC00202149087001201CBD8F
:1005200017A000F0A1FC00201D4908700120F6E78B
:100530009DF80000102816D19DF802009DF80110CA
:1005400081F0100188420ED10120154908709DF8F4
:10055000010000F00F00134908709DF8010000F041
:10056000F0001149087000BFD9E700001800002012
:1005700000FC01081C0000202000002021000020B9
:100580007B2252656164436F6E666967223A7B2203
:10059000537461747573223A31397D7D0A0000000D
:1005A00025000020140000201500002070B504462E
:1005B0000D46312D2AD16E2C12D1012211022A486A
:1005C000F6F7C2FC0120F6F737FA28A000F04CFC41
:1005D0000120324908704FF416713148F5F7CBF914
:1005E000662C13D100224FF480711F48F6F7ACFC43
:1005F0000120F6F721FA2BA000F036FC0120274954
:1006000008704FF416712648F5F7B5F9322D2AD146
:100610006E2C12D1012291021348F6F795FC0120AD
:10062000F6F70AFA2BA000F01FFC01201B49087006
:100630004FF416711A48F5F79EF9662C13D1002273
:100640004FF480610848F6F77FFC0120F6F7F4F9D3
:100650002CA000F009FC0120104908704FF416711D
:100660000F48F5F788F970BD000801407B225265FC
:100670006365697665223A7B2253746174757322CF
:100680003A32367D2C225231223A7B2253746174E5
:100690007573223A32337D7D0A0000007D00002010
:1006A000D40400207B2252656365697665223A7B1B
:1006B00022537461747573223A32367D2C22523182
:1006C000223A7B22537461747573223A32347D7DF1
:1006D0000A0000007B2252656365697665223A7BD9
:1006E00022537461747573223A32367D2C22523251
:1006F000223A7B22537461747573223A32337D7DC2
:100700000A0000007B2252656365697665223A7BA8
:1007100022537461747573223A32367D2C22523220
:10072000223A7B22537461747573223A32347D7D90
:100730000A0000002DE9FF4180460C4615260025E1
:10074000F6F708FC07464AE0F6F704FCC01BB0F5D4
:10075000FA7F03D9FF2004B0BDE8F0816946304636
:10076000F9F774FA002839D100BF04E01DF8001031
:100770004D40411CC8B20F28F8DB9DF80F00A8427D
:100780002AD19DF80E000A2801DDFF20E3E79DF83D
:100790000700182813DC9DF808003B280FDC9DF8A3
:1007A00009003B280BDC9DF806001F2807DC9DF89C
:1007B00005000C2803DC9DF80400202801DDFF2043
:1007C000C9E7002004E01DF800102154411CC8B204
:1007D0001028F8DB0020BEE7FF20BCE700BFB3E72E
:1007E0002DE9F04FC5B00746884691460520449054
:1007F00037204390162042904FF0010A0025152023
:100800003D904FF0000B002401203A9017B1012FCA
:100810007DD1A5E1F6F79EFB06469CE1F6F79AFB33
:10082000801B41F28831884206D9FAA000F01CFBF7
:10083000FF2045B0BDE8F08F4AF6AA20FA490968C2
:100840000860F9F7E9FA4846F9F708FA20B148468E
:10085000F9F704FA00B17EE143994498F9F79CF95D
:1008600070B14846F9F7FAF920B14846F9F7F6F9B8
:1008700000B170E143994498F9F78EF900B16AE14B
:100880003EA94298F9F7E2F9002876D1F6F762FB23
:1008900006465EE1F6F75EFB801B41F28831884236
:1008A00004D9DCA000F0E0FAFF20C2E74AF6AA2053
:1008B000DD49096808600025002404E03EA8005DC9
:1008C0004540601CC4B20F2CF8DB9DF80701A8421C
:1008D0007DD19DF8F9003C903C9800023C909DF839
:1008E000F8103C9808443C909DF806B19DF806012C
:1008F0003B909DF806010A280BDD3EA94846FFF70C
:1009000019FF28B1C9A000F0AFFAFF2091E736E245
:100910001FE19DF8FF00182813DC9DF800013B281B
:100920000FDC9DF801013B280BDC9DF8FE001F2821
:1009300007DC9DF8FD000C2803DC9DF8FC00202856
:100940000ADD3EA94846FFF7F5FE20B1BCA000F045
:100950008BFAFF206DE7FCE09DF80201012810D022
:100960009DF8020168B13EA94846FFF7E3FE28B1B1
:10097000B8A000F079FAFF205BE7EBE001203A90A5
:10098000E7E03A98A8B100203A90B74800782028CC
:100990000FD19DF80201012805D1B44988710020CA
:1009A0008DF8020105E00020B049887101208DF822
:1009B0000201AD480078C8B99DF8020188B9AC4879
:1009C00000680090AB480368AB48026800E0B5E0FF
:1009D000AAA108A8FEF7D0FB08A800F045FA00205D
:1009E00027E700208DF80201A04988719E48007811
:1009F000102818D19DF8020101280FD19C480068E9
:100A000000909C4803689C4802689CA108A8FEF7D7
:100A1000B3FB08A800F028FA00200AE701208DF8AF
:100A200002019249887100259DF8FC008F490870E9
:100A30009DF8FD0048709DF8FE0088709DF8FF004D
:100A4000C8709DF8000108719DF8010148710022ED
:100A500093499448F7F79EFF002293499148F7F78E
:100A60003BFF9148C0788DF8FC008F4840788DF8A6
:100A7000FD008D4880788DF8FE00894800788DF85B
:100A8000FF00874840788DF80001854880788DF810
:100A9000010100208DF803018DF804019DF8020189
:100AA0008DF805018DF806B100BF002404E03EA8D2
:100AB000005D4540601CC4B20F2CF8DB8DF8075177
:100AC00043994498F9F768F890BB3EA94298F9F722
:100AD000F5F870BB3EA93D98F9F7F0F850BB01203E
:100AE000F5F7AAFF61488079604949795F4A127930
:100AF0005E4BDB78CDE90432CDE906105B488178A6
:100B000040785A4A1278CDE900B2CDE9020159483D
:100B1000036859480268654908A8FEF72DFB08A834
:100B200000F0A2F94FF47A70F5F786FF002080E616
:100B300003E001E0FFE70CE00BE00AE03EA94846D5
:100B4000FFF7F8FD20B15AA000F08EF9FF2070E603
:100B500000BF9FE600BFBAF1000F7FF45FAE00BF99
:100B600058A000F081F9F6F7F5F9064603E14AF6D8
:100B7000AA202D4909680860F6F7ECF9801B41F2BC
:100B80008831884204D923A000F06EF9FF2050E696
:100B9000002500208DF8FA008DF8FB008DF8F90093
:100BA0008DF8F80000223E493E48F7F7F3FE002298
:100BB0003D493C48F7F790FE3B48C0788DF8FC0073
:100BC000394840788DF8FD00374880788DF8FE0070
:100BD000334800788DF8FF00314840788DF80001E7
:100BE0002F4880788DF8010100208DF801018DF8E3
:100BF00002018DF803018DF804018DF8050108F05C
:100C0000FF008DF8060100208DF8020100BF0024CE
:100C100079E000007B2243223A7B22537461747591
:100C200073223A317D7D0A00A80A00207B224322EC
:100C30003A7B22537461747573223A387D7D0A00C1
:100C40007B2243223A7B22537461747573223A36B5
:100C50007D7D0A007B2243223A7B225374617475A6
:100C600073223A377D7D0A0015000020080000201D
:100C70005800002094000020900000207B22432296
:100C80003A7B224944223A25642C225543223A25B4
:100C9000642C22537461747573223A337D7D0A008B
:100CA000D4000020B40A0020D7000020E41B010873
:100CB0007B2243223A7B22537461747573223A3447
:100CC0007D7D0A007B2252656365697665223A7BE9
:100CD00022537461747573223A32367D2C2243227A
:100CE0003A7B2254797065223A224368616E6765C7
:100CF00047726F7570227D7D0A0000003EA8005D7E
:100D00004540601CC4B20F2CF8DB8DF807514846F3
:100D1000F8F7A4FF20B14846F8F7A0FF00B12AE099
:100D200043994498F8F738FF70B14846F8F796FFB2
:100D300020B14846F8F792FF00B11CE0439944986F
:100D4000F8F72AFF00B116E043994498F8F724FF1A
:100D500080B93EA94298F8F7B1FF50B93EA93D9835
:100D6000F8F7ACFF20B907A000F07EF8002060E59E
:100D700001E000E000BFBAF1000F7FF4F8AE00BF61
:100D800057E500007B2243223A7B2253746174753D
:100D900073223A302C2254797065223A22436861DA
:100DA0006E676547726F7570227D7D0A00000000D6
:100DB00010B50446402016490860164816490860D8
:100DC000012016490870002015490870FEF79EFBA7
:100DD000C8B10A20F5F730FE0020FEF76DFB114A7E
:100DE00021460020FEF7BEFB48B10520F5F724FEA2
:100DF0000DA000F039F80520F5F71EFE06E012A060
:100E000000F032F802E010A000F02EF810BD000053
:100E10001800002000FC01081C0000202000002019
:100E200021000020220000207B2253617665436F61
:100E30006E666967223A7B22537461747573223A35
:100E400032367D7D0A0000007B2253617665436F58
:100E50006E666967223A7B22537461747573223A15
:100E600031397D7D0A00000070B504462046F4F754
:100E70008DFDC5B229462046F4F7CCFE00224FF482
:100E800000710648F6F760F80120F5F7D5FD01225C
:100E900051020248F6F758F870BD00000008014002
:100EA00010B518480078002821D017480078174955
:100EB0000978084330B1112808D020280ED0212805
:100EC00010D107E012A0FFF7CFFF0FE01CA0FFF743
:100ED000CBFF0BE026A0FFF7C7FF07E030A0FFF72E
:100EE000C3FF03E03AA0FFF7BFFF00BF05E00548DE
:100EF000007810B941A0FFF7B7FF0A214648F4F780
:100F00003AFD10BD2500002015000020140000202F
:100F10007B2252656365697665223A7B2253746150
:100F2000747573223A32367D2C2244657669636586
:100F30004D6F6465223A307830307D0A0000000041
:100F40007B2252656365697665223A7B2253746120
:100F5000747573223A32367D2C2244657669636556
:100F60004D6F6465223A307831317D0A000000000F
:100F70007B2252656365697665223A7B22537461F0
:100F8000747573223A32367D2C2244657669636526
:100F90004D6F6465223A307832317D0A00000000DE
:100FA0007B2252656365697665223A7B22537461C0
:100FB000747573223A32367D2C22446576696365F6
:100FC0004D6F6465223A307832307D0A00000000AF
:100FD0007B2252656365697665223A7B2253746190
:100FE000747573223A31397D2C22446576696365C4
:100FF0004D6F6465223A3235357D0A007B22436F9E
:101000006E666967223A7B22537461747573223A63
:1010100033307D7D0A000000D40400202DE9F04F1C
:10102000A1B004468846002700250026F74800782E
:1010300048B941462046F4F7EDFD0A20F5F7FCFCDF
:1010400021B0BDE8F08FF148007803287ED12079E7
:10105000092825D16079622822D1A07945281FD19D
:10106000E07970281CD1207C312819D1607C32288D
:1010700016D1A07C342813D1E07C352810D1E07D36
:101080001C280DD1207D303864214843617D3039E2
:1010900001EB810100EB4101A07D30380F1803E026
:1010A000DBA0FFF7E1FECBE7002F66D1002600258D
:1010B00007E0605D1C2803D1761C042E00D102E0FD
:1010C0006D1C4545F5D900BFA81C205C3038691C53
:1010D000615C303901EB810100EB410000F0FF0958
:1010E000281D205C3038E91C615C303901EB81013E
:1010F00000EB410000F0FF0AA81D205C3038691D9C
:10110000615C303901EB810100EB410000F0FF0B25
:1011100005F10800205C3038E91D615C303901EBD5
:10112000810100EB4100C0B2209005F10A00205C73
:10113000303805F10901615C303901EB810100EBC8
:101140004100C0B21F9005F10B0000E0A9E0205C57
:101150001C2804D0002083468246814620901F9898
:1011600001A9A1E8010E20980090B0483A46B04984
:10117000036806A8FEF700F88CE0372F0DD1002099
:1011800001900290039004900090A8483A46A84924
:10119000036806A8FDF7F0FF7CE04E2F0DD100207C
:1011A00001900290039004900090A0483A46A04914
:1011B000036806A8FDF7E0FF6CE0802F0DD100204A
:1011C000019002900390049000909848032298495F
:1011D000036806A8FDF7D0FF5CE04B2F0DD100207F
:1011E0000190029003900490009090483A469049F4
:1011F000036806A8FDF7C0FF4CE03D2F0DD100208D
:101200000190029003900490009088483A468849E3
:10121000036806A8FDF7B0FF3CE0332F0DD1002096
:101220000190029003900490009080483A468049D3
:10123000036806A8FDF7A0FF2CE0132F0DD10020B6
:101240000190029003900490009078483A467849C3
:10125000036806A8FDF790FF1CE07F2F0DD100204A
:101260000190029003900490009070480122704910
:10127000036806A8FDF780FF0CE0002001900290B3
:1012800003900490009069483A466949036806A8AB
:10129000FDF772FF06A8FFF7E7FD0120F5F7CCFB8D
:1012A000CEE65A48007804287DD1A07972287BD1F7
:1012B00000250CE0605D882808D1681C205C0228AD
:1012C00004D1A81C205C012800D102E06D1C45451A
:1012D000F0D900BF454503D34DA0FFF7C5FDAFE6EC
:1012E000E81C205C002879D1002608E0A05D872852
:1012F00004D1701C205C132800D102E0761C464506
:10130000F4D900BF464500D3002676B900200190ED
:101310000290039004900090E81C225C43484449EA
:10132000036806A8FDF728FF53E0701D205C3038E5
:10133000311D615C303901EB810100EB410000F0AF
:10134000FF0906F10800205C3038F11D615C30397E
:1013500001EB810100EB410000F0FF0A06F10B00F8
:10136000205C303806F10A01615C303901EB810103
:1013700000EB410000F0FF0B06F10E00205C30385E
:1013800006F10D01615C303901EB810100EB410098
:10139000C0B2209006F11100205C303806F1100137
:1013A000615C303901E049E044E001EB810100EB90
:1013B0004100C0B21F901F9801A9A1E8010E20981A
:1013C0000090E81C225C19481949036806A8FDF73B
:1013D000D3FE06A8FFF748FD12E0FFE700200190CA
:1013E0000290039004900090E81C225C0F48104982
:1013F000036806A8FDF7C0FE06A8FFF735FD00BF8D
:1014000000BF0120F5F718FB1AE60000A10000203C
:101410007B2250223A7B22726573706F6E73654334
:101420006F6465223A2D317D7D0A0000A400002002
:101430009C1B0108AFF22800FFF716FD00BFFFE577
:1014400000B599B064216846F4F795FA10221FA1FF
:101450006846FDF791FE6846FFF706FD2AA0FFF7F4
:1014600003FD2CA0FFF700FD0120F5F7E5FA2DA004
:10147000FFF7FAFC0120F5F7DFFA2F4841682FA0AB
:10148000FDF76AFE0120F5F7D7FA4FF416512EA0AA
:10149000FDF762FE0120F5F7CFFA2E4841682EA035
:1014A000FDF75AFE0120F5F7C7FA30A0FFF7DCFC84
:1014B0000120F5F7C1FA33A0FFF7D6FC4FF41671FF
:1014C0003148F4F758FA19B000BD00007B22466994
:1014D000726D77617265223A7B2246223A312C2264
:1014E00044657669636554797065223A2241757462
:1014F0006F5061726B696E67222C2252656C656158
:101500007365223A256400002C22426F6F74223AE0
:10151000310000002C224175746F53746172742283
:101520003A3100002C22526561646572547970650D
:10153000223A524335323200AC0B00202C22506F3D
:1015400073223A25640000002C22445337223A25A6
:1015500064000000F00B00202C2263617264416380
:1015600063446973223A2564000000002C226F6EE8
:10157000655265616443617264496E4669656C6475
:10158000223A31007D7D0A00D404002070B5044663
:101590000D4600260FE0012221460020FAF7D0FC7C
:1015A000641C4AF6AA200549096808600520F5F779
:1015B00043FA701CC6B2AE42EDDB70BDA80A002033
:1015C00010B50C48007810B90BA0FFF74DFC094886
:1015D000007810B116A0FFF747FC0648007880F0AD
:1015E0000100044908704FF416711F48F4F7C3F95D
:1015F00010BD0000790000207B225265636569768A
:1016000065223A7B22537461747573223A32367DB7
:101610002C2243223A7B2254797065223A22556E5D
:1016200053656E6453657269616C227D7D0A0000AA
:101630007B2252656365697665223A7B2253746129
:10164000747573223A32367D2C2243223A7B22541F
:10165000797065223A2253656E6453657269616CD4
:10166000227D7D0A00000000D404002010B51CA0DB
:10167000FFF7FAFB28484078284908702648807808
:1016800048702548C07888702348007924498870BC
:101690002148407948702048807908701E48C079F8
:1016A000C8700120F5F7C8F900221C491D48F7F75A
:1016B000E7FA10B11CA0FFF7D7FB0120F5F7BCF942
:1016C000002217491748F7F72DFA10B11CA0FFF7B1
:1016D000CBFB4FF416711048F4F74DF910BD000024
:1016E0007B2252656365697665223A7B2253746179
:1016F000747573223A32367D2C2254223A7B22545E
:10170000797065223A2253657454696D6544617439
:1017100065227D7D0A000000D4040020D400002052
:10172000D7000020B40A00207B2254223A7B2253A7
:101730007461747573223A3132387D7D0A0000007D
:101740007B2254223A7B22537461747573223A319E
:1017500032397D7D0A00000010B507484078FF2827
:1017600008D106A0FFF780FB00224FF400410A4891
:10177000F5F7EAFB10BD0000D40400207B2252657F
:101780006365697665223A7B2253746174757322AE
:101790003A32367D7D0A00000008014010B5064847
:1017A0004078AA2807D105A0FFF75EFB0122D103EC
:1017B0000948F5F7C9FB10BDD40400207B2252650F
:1017C0006365697665223A7B22537461747573226E
:1017D0003A32367D7D0A00000008014010B54020F5
:1017E0001649086016481749086001201649087014
:1017F000002016490870FDF789FE002819D06420E2
:10180000F5F71AF90020FDF757FE11A20821002074
:10181000FDF7A8FE48B10520F5F70EF90FA0FFF778
:1018200023FB0520F5F708F906E015A0FFF71CFBE0
:1018300002E013A0FFF718FB10BD00001800002005
:10184000405400081C00002020000020210000203F
:10185000426F6F5431323334000000007B225570E8
:10186000646174654669726D77617265223A7B22A4
:10187000537461747573223A32367D0A0000000099
:101880007B225570646174654669726D776172651B
:10189000223A7B22537461747573223A31397D0A7E
:1018A0000000000038B505200090F5F7C5F80020CD
:1018B000044616E00D48005D062803D00B48005D85
:1018C00015280BD10948055DFDF7CAFD0A23012241
:1018D00069460748F8F7E1F8284638BD601CC0B2F1
:1018E00004461E2CE6DB00BFF7E700006807002077
:1018F000F00B00202DE9F04106460F464FF064083A
:101900002448006810B90020BDE8F0812148006833
:10191000082801D20020F7E71F480078022801D0EC
:101920000020F1E71C48407808B10020ECE71A4895
:10193000C078B04201D00020E6E717480079B842ED
:1019400001D00020E0E70025312E0DD1002403E076
:101950001148005D4540641C092CF9D30E48407ABB
:10196000A84201D00020CFE7322E0DD1002403E0A1
:101970000948005D4540641C072CF9D30648C0792E
:10198000A84201D00020BFE703484479FDF768FD75
:101990002046B9E77400002068070020F4411727AB
:1019A000AB9DFAE33076CC02E52A3562B1BAEAFEA5
:1019B0002F4C46D38F926D52BE74E0C9C28E58B977
:1019C000E18820CEDF1A51537C428400646B810889
:1019D000A43FA5A24845DE7B734B1F55EBB5C53729
:1019E00028BF0316CF790769DA0534A62EF38AF6E5
:1019F0008360716E21DD3EE654C4065098BD40D927
:101A0000E88919C8802B115A0E85AE2D0F5C5B3604
:101A10000A57EE9BC0DC771293A0221B098BB61EDF
:101A2000F175997F4323EDE4017266FB316397C63C
:101A30004ABBF9299EB286C1B37094E9FCF07D33AC
:101A40004938CAD43A785F7EF57AB7AD8DD839C3B4
:101A50005DD0D525AC189C3B26599A4F95FFBC15F7
:101A6000E76F9FB04E8290A704ECCD914DEFAA9600
:101A7000D16A2C655E8C870BCB326CB867DB10D6D5
:101A8000D7A1F813A9611C47D2F214C7F7FD3D4452
:101A9000AF6824A31DE23C0DA80CB45602630000FD
:101AA0000001725DB11381043130303082023A0A94
:101AB000830101840103860100B246A11B81043128
:101AC000303030820130830130840130850130862E
:101AD0000130870130880130A227A1058180820171
:101AE0005FA1118106446C6C5665728207322E39F3
:101AF0002E302E30A10B810650726756657282011E
:101B00005F8E534A661F1C1F1E1F1E1F1F1E1F1E97
:101B10001F00000000000000000102030406070887
:101B2000090000000001020304000000895171F265
:101B30001DCB000000000000000000008D5F307C25
:101B4000F05E00000000000000000000B22CE42461
:101B50007D9000000000000000000000579B07B3CC
:101B6000A4E900000000000000000000E32F50F294
:101B7000E3D000000000000000000000E9C1254F94
:101B8000A07D00000000000000000000FFFFFFFF3C
:101B9000FFFF000000000000000000007B22502238
:101BA0003A7B22726573436F6465223A25642C2266
:101BB000416D6F756E74223A256C642C2248223A6E
:101BC00025642C224D223A25642C2259223A256480
:101BD0002C226D223A25642C2244223A25647D7DF4
:101BE0000A0000007B2243223A7B224944223A2504
:101BF000642C225543223A25642C224770223A2530
:101C0000642C2259223A25642C224D223A25642C38
:101C10002244223A25642C2248223A25642C226D43
:101C2000223A25642C2253223A25642C2245454D24
:101C3000223A25647D7D0A00581C0108000000201E
:101C40007C0200003E5A00083C1D01087C02002076
:101C5000FC210000E8F1000801182A40041254E3B6
:101C60000801190FD214022503FD0A02113049D9C7
:101C70005BF920B908013413ADCB1B08F50413053B
:101C8000CC1B0829041A61041A79101ABD04131216
:101C900001140202021640830440571D0201020390
:101CA000690E21040309041AD1136D5B1B083D045E
:101CB00013AD5A1B08910841DA10AC73B2075324D4
:101CC000F4130A0632022A40241309C8140849C72B
:101CD0004C082BC93C1A970C1399C61B081508C150
:101CE0001AE9101AD9041AF9041AC9041C09024382
:101CF000AB111DC03209046D1A020B130524161016
:101D0000010524011009010424020205240617011B
:101D100007058203081C100904E1320A1D070501AA
:101D2000027B2C07058107110937442A40072A81C5
:0C1D300007112B0907440A3B0444410042
:04000005080058EDAA
:00000001FF
