:020000040800F2
:105800004024002001590008FDB50008E1AD000862
:10581000F9B50008D1680008E1EE000800000000BA
:10582000000000000000000000000000D9BD0008DA
:10583000DF6A000800000000F7B9000841C1000855
:105840001B5900081B5900081B5900081B59000868
:105850001B5900081B5900081B5900081B59000858
:105860001B5900081B5900081B5900081B59000848
:105870001B5900081B5900081B5900081B59000838
:105880001B5900081B5900081B5900081B59000828
:1058900029EE00081B5900081B5900081B59000875
:1058A0001B5900081B5900081B5900081B59000808
:1058B0001B590008FDC100081B5900081B590008AE
:1058C0001B5900081B5900081B5900081B590008E8
:1058D0001B59000811C600085DC60008ADC60008C7
:1058E0001B5900081B5900081B590008DFF80CD091
:1058F00000F0A0FD004800471901010840240020E5
:105900000648804706480047FEE7FEE7FEE7FEE759
:10591000FEE7FEE7FEE7FEE7FEE7FEE7EDC1000873
:10592000ED580008202A04DB203A21FA02F0002179
:10593000704721FA02F3D040C2F12002914008439F
:105940001946704740EA01039B0703D009E008C9E4
:10595000121F08C0042AFAD203E011F8013B00F834
:10596000013B521EF9D27047D2B201E000F8012B80
:10597000491EFBD270470022F6E710B513460A46CF
:1059800004461946FFF7F0FF204610BD421C10F8F0
:10599000011B0029FBD1801A704700000FB400B52D
:1059A0008DB010A909900B9000914FF0FF300A9034
:1059B00000200C9005480690054807906A4609A803
:1059C0000F9900F03BFB0DB05DF814FB5960000827
:1059D000776000082DE9FF5F1D464FF0FF3BD5E9DA
:1059E000014691465F464FF00008A9697F1C019867
:1059F0008847296A824688470028F6D1BAF1FF3FD6
:105A00000CD024F4C064002E19DD600614D5BAF160
:105A10002B0F09D0BAF12D0F0ED103E0584604B078
:105A2000BDE8F09F44F48064A9697F1C0198884711
:105A3000761E8246002E02DDBAF1300F03D0B9F196
:105A4000000F26D032E0A969761E44F400747F1C52
:105A5000019888478246002E05DDBAF1780F06D0FE
:105A6000BAF1580F03D0B9F1000F10D01EE0B9F110
:105A7000000F02D0B9F1100F18D1A969761E24F4D5
:105A800000747F1C019888478246102002E008209D
:105A900000E00A20814609E008FB0908A969761E92
:105AA00044F400747F1C019888478246002E05DD6F
:105AB0004946504600F0ADFA0028EDDAE969019850
:105AC0008847A00502D46FF00100A8E7E00725D1C0
:105AD000600613D5600502D5C8F1000000E040461D
:105AE00029680A1D2A600968220501D5087015E099
:105AF000220701D5088011E008600FE02868011D29
:105B000029600068210502D580F8008006E02107A1
:105B100002D5A0F8008001E0C0F8008038467EE79A
:105B20002DE9FF4F087883B09946FF2805D0491C1E
:105B30002D2804D00024002008E000200BE00124E0
:105B4000F9E700EB800003EB4000491C0B78FF2BCA
:105B5000F7D104B1404200230293147819461D4640
:105B60002D2C01D02B2C04D1521C2D2C13D0002411
:105B70000294AA461478FF2C0FD00A25A3FB0578BF
:105B800001FB05814FF0000C03FB0C11521CE319C3
:105B90004AEB0101EEE70124EAE7814453EA010000
:105BA00002D019F5C87F06DA03980021C0E9001178
:105BB00007B0BDE8F08F0025AE4E2F46DFF8B88263
:105BC000184600F0DFFBCDE90001B9F1000002DA70
:105BD000C9F1000400E004460023A74A1AEB030BB6
:105BE00042EB045A12E0E00707D02A463346384613
:105BF000414600F055FB074688462A463346104684
:105C0000194600F04DFB05460E466410002CEAD103
:105C1000DDE90001B9F1000F5A46534606DA00F0FB
:105C20002FF93A46434600F02BF905E000F038FB27
:105C30003A46434600F034FB029A0AB181F0004133
:105C4000039AC2E90001B3E72DE9FF4F1F468DB06B
:105C5000D7E901464FF0FF382E2045464FF00009A6
:105C60000B90B9696D1C0E988847396A824688473F
:105C70000028F6D1BAF1FF3F0AD024F4D064002EF8
:105C800011DDBAF12B0F08D0BAF12D0F0BD102E0C4
:105C9000404611B08DE744F48064B9696D1C0E98DC
:105CA00088478246761E6946600501D52D2000E0B2
:105CB0002B208DF8000001F1010B0DF1200809E007
:105CC000B9696D1C0E98884782460F9844F4007499
:105CD000761E0560002E02DDBAF1300FF0D00B9970
:105CE0008A453ED144F0800406E00F99681CA9F172
:105CF000010944F400740860B9696D1C761E0E98A1
:105D0000884782463028F0D02BE00B998A4505D190
:105D1000200603D444F08004761E18E0504609F0B3
:105D200089FB08B30DF11301761E44F400748B4512
:105D300008D2AAF130000BF8010B200607D5A9F113
:105D4000010003E0200602D409F101008146A0050C
:105D500002D50F99681C0860B9696D1C0E988847B8
:105D60008246002ED1DC53E0002E51DDBAF1650FE2
:105D700002D0BAF1450F4BD1A00549D5B9696D1CC8
:105D800024F44074761E0E9888478246002E0CDD5F
:105D90002B2804D0BAF12D0F07D144F48074B969CF
:105DA0006D1C0E9888478246761EE00501D52D2190
:105DB00000E02B2108F8011BCDF82C8021E00DF12B
:105DC0002901761E44F4007488450CD2AAF13000F3
:105DD00010F0FF0088F8000002D10B99884509D91E
:105DE00008F1010806E0E00501D5244801E042F28F
:105DF0000F708146B9696D1C0E98884782460F98CE
:105E00000560002E04DD504609F014FB0028D6D1B1
:105E1000F9690E988847FF208BF8000088F8000089
:105E20000020069007904B466A4608A906A8FFF78F
:105E300077FEA00502D46FF001002AE714F0240FCA
:105E40000AD0E00714D1DDE906123868031D3B6073
:105E50000068C0E900120BE0DDE9060100F0CEFAAF
:105E60000146E00704D13868021D3A60006801600D
:105E700028460EE7000014400000F03FF1D8FFFF75
:105E80002DE9F04D81EA030404F0004B21F00045B8
:105E900014464FF0000A23F0004150EA050220D0DA
:105EA00054EA01021DD0C5F30A570246C5F3130395
:105EB000C1F31300C1F30A5640F4801543F4801374
:105EC000A7EB0608101BD64608F2FD3873EB050059
:105ED00002D308F1010801E092185B41B8F1000F0C
:105EE00003DA00200146BDE8F08D00204FF4801158
:105EF000064684460EE0171B73EB050705D3121BFD
:105F000063EB050306434CEA010C49084FEA3000F5
:105F100092185B4150EA0107EDD152EA030012D01A
:105F200082EA040083EA0501084305D0101BAB4157
:105F300006D20122002306E000224FF0004302E0D7
:105F40006FF0010253101AEB06004CEB085110EBF6
:105F50000A0041EB0B01BDE8F04D00F09DB800F0E8
:105F6000004230F000400AD0C10D01F56071C0F36D
:105F7000160042EA0151C208400711437047002051
:105F80000146704730B50B4601460020202201240F
:105F900009E021FA02F59D4205D303FA02F5491BF7
:105FA00004FA02F52844151EA2F10102F1DC30BD0D
:105FB0002DE9F05F0546002092469B46884606463E
:105FC000814640241BE02846414647462246FFF7CB
:105FD000A9FC53465A46C01A914110D3114618469F
:105FE000224600F039FA2D1A67EB01084F46224687
:105FF0000120002100F030FA17EB00094E41201E6D
:10600000A4F10104DFDC484631462A464346BDE898
:10601000F09F3A2800D2303820F02002412A01D3E4
:10602000A2F13700884201D34FF0FF3070470000E3
:10603000026811441378016018467047D160044922
:1060400051610449116200211161114600F02ABA20
:10605000316000089B640008426842B1016811F891
:10606000013B23B1521EC0E90012184670470121BE
:10607000C160881E704742685AB1C368016843B95D
:1060800083688B4205D0491E521CC0E900120020D3
:1060900070474FF0FF30704710B5141E73F10004C5
:1060A00008DA401C41F1000192185B411A4301D10A
:1060B00020F0010010BD2DE9F04D92469B4611B134
:1060C000B1FA81F202E0B0FA80F22032904600F09C
:1060D000C3F904460F4640EA0A0041EA0B01534661
:1060E0005A46084313D0114653EA010019D0C8F1AB
:1060F00040025046FFF716FC05460E4650465946EC
:10610000424600F0A9F9084305D0012004E02046EA
:106110003946BDE8F08D0020054346EAE0762C4381
:1061200037430A986305E40AA0EB08000022FD0A41
:1061300044EA47540A3002D500200146E9E7010548
:1061400010196941DDE9084500196941BDE8F04DC4
:10615000A2E72DE9FE4F804681EA0300C00F0C46FE
:10616000009021F0004123F00045B8EB0200A94166
:1061700005D24046214690461C460B46024623F077
:106180000040104347D0270DC7F30A00C3F30A515C
:106190000290401A019040286BDAC3F3130040F4D8
:1061A000801B0098924620B10023D2EB030A63EBD8
:1061B0000B0B01985946C0F14002504600F04CF9D3
:1061C00006460D4650465946019A00F054F910EB28
:1061D00008006141002487EA115284EAE7731A43F8
:1061E00040D0009A62B3019A012A4FEA075215DCA7
:1061F000001B61EB02014FF0004202EA0752CDE9B9
:106200000042001C41F5801132462B46FFF753FF38
:1062100003B0BDE8F08F40462146F9E7001B61EB73
:106220000201001C41F5801300185B412018A2F503
:10623000001747EB030140EAD570B6196D4111E034
:106240006D084FEA360645EAC0754FEA0752001B53
:1062500061EB0201001C41F5801149084FEA300052
:106260000019514132462B4603B0BDE8F04FFFF70D
:1062700013BF0098012240000023D0EB020263EB21
:10628000E073009821464FEAE074B8EB000061EB40
:106290000401E9E783F000435BE781F0004158E740
:1062A0002DE9FE4F81EA030404F0004421F000418F
:1062B00000944FF0000B23F0004350EA01045ED03D
:1062C00052EA03045BD0C3F30A54C1F30A552C44C9
:1062D000A4F2F3340194A0FB0254C1F3130141F47E
:1062E0008011C3F3130343F4801301FB024400FB4A
:1062F000034E840A970A44EA815447EA8357A4FB71
:10630000076802958D0A05FB07854FEA932C04FB6D
:106310000C542705029D4FEA065847EA1637B5EB9D
:1063200008056EEB070C870E920E47EA811742EACA
:106330008312A7FB0201B6EB0B0164EB00042B0DEB
:1063400043EA0C335E1844EB1C50DA465146E7FB37
:106350000201C5F313044FEA0B3343EA14534FEA27
:106360000432019C43EA0603A4F10C040294009C4D
:10637000CDE900B4FFF79FFE03B0BDE8F08F002029
:106380000146F9E70EB540F2334202920022CDE910
:1063900000221346FFF78FFE03B000BDC1F30A527F
:1063A000C1F3130140F2FF3341F480119A4202DA43
:1063B00000200146704740F233439A42A2F2334232
:1063C00002DC5242FFF7AEBA00F046B830B5041E08
:1063D00071F1000404DB4FF00044404264EB010122
:1063E000141E73F1000405DB1C464FF000435242BB
:1063F00063EB0403994208BF904230BD01F00043B3
:1064000030B421F0004150EA010206D00A0DA2F595
:106410006072C1F31301002A02DC30BC0020704717
:10642000440F44EAC104C100E01830BC00EBC25084
:1064300000F0CEB9064C074D06E0E06840F00103DD
:1064400094E8070098471034AC42F6D3FFF752FAAD
:106450007C1101089C110108202A04DB203A00FA73
:1064600002F1002070479140C2F1200320FA03F3AB
:10647000194390407047202A06DBCB17203A41FA97
:1064800002F043EAE07306E041FA02F3D040C2F1C1
:1064900020029140084319467047C0B24FF4F051B2
:1064A00000F0CEB92DE9F34F8BB04FF0000801F1A9
:1064B0000C000C464FF0010B46460DF1080A019006
:1064C0006269012101989047051E2DD0252D2CD001
:1064D000216A8847C0B16269012101989047216A09
:1064E00088470028F7D1411E62690198904700E073
:1064F000761CA1690B988847216A88470028F7D144
:10650000E1690B988847DBE7A1690B988847074644
:10651000A84201D1761CD3E7E1690B9888477F1C1C
:1065200002D1B8F1000F6FD046E1002762693D4605
:106530003946019890472A2804D1626901210198BF
:1065400090470125DFF88492626901210198904704
:10655000A0F130010A290AD24F45E5DC07EB87019B
:1065600000EB4107303FDFD445F01005ECE7E906CA
:1065700001D46FF000476C280AD04C2814D068284A
:1065800015D06A280DD074281CD07A281AD01DE0A6
:1065900062690121019890476C2802D045F00405FA
:1065A00014E045F002050DE045F020050AE06269BF
:1065B000012101989047682802D045F0080505E0C0
:1065C00045F400656269012101989047C4E90157CB
:1065D00065283DD019DC58287AD00CDC452837D006
:1065E00004DC252826D0412831D131E046282FD09F
:1065F00047282CD12CE05B2877D0612828D063284D
:106600007CD0642823D15AE0D0E06F2848D008DC41
:1066100066281DD067281BD0692821D06E2816D186
:1066200027E0702845D0732868D0752847D078288F
:106630000DD14DE0A1690B988847054625283FF408
:1066400069AFE1690B9888476D1C3FF46AAFB3E00E
:1066500023466A466FF001000B99FFF7F5FA9EE0BA
:1066600045F040006060A80723464FF0000236D492
:106670003EE0E8077FF447AF2068011D2160006815
:10668000290501D506701BE7290701D5068017E704
:10669000A90703D5F117C0E9006111E706600FE70C
:1066A00045F040006060A80723464FF0080216D46A
:1066B0001EE040F60E0125EA0100606016E045F09C
:1066C00040006060A80723464FF00A0207D40FE09D
:1066D00045F040006060A80708D5234610226FF0FF
:1066E00001000B99AFF3008059E007E02346102228
:1066F0006FF001000B99FFF76DF950E04FF00009C2
:106700004F464B46632802D05B2806D040E0E8069F
:1067100001D40120A06001273AE0626901210198BB
:1067200090475E2805D14FF00109626949460198FA
:106730009047216939B900210A46534643F8212080
:10674000491C0829FADBB0B3216969B9C11700EB0C
:10675000D16253110AEB830122F01F02821A012039
:106760000B68904003430B606269012101989047D8
:106770005D28E8D1B9F1000F09D00020514651F849
:106780002020D24341F82020401C0828F7DB02AB30
:10679000224600976FF001000B99AFF300800028AC
:1067A0000CDA401C08D1BBF1000F05D04FF0FF30D0
:1067B0000DB0BDE8F08FFFE74046F9E7E90701D1EA
:1067C00008F1010806444FF0000B79E6CCCCCC0C64
:1067D0000029A8BF7047401C490008BF20F00100F5
:1067E000704710B4B0FA80FC00FA0CF050EA0104D3
:1067F00004BF10BC704749B1CCF1200421FA04F465
:1068000011FA0CF118BF012121430843A3EB0C013D
:10681000CB1D4FEA00614FEA102042BF002010BCA0
:10682000704700EBC35010440029A4BF10BC704750
:10683000401C490008BF20F0010010BC7047000058
:106840007F2801D9002208E0064A02EB5002C00767
:10685000127800D1120902F00F0201209040084086
:1068600070470000B410010870B58C1810F8015B77
:1068700015F0070301D110F8013B2A1106D110F8D9
:10688000012B03E010F8016B01F8016B5B1EF9D1DD
:106890002B0705D40023521E0DD401F8013BFAE763
:1068A00010F8013BCB1A921C03E013F8015B01F8CE
:1068B000015B521EF9D5A142D8D3002070BD10B59E
:1068C000142005F0EDF90321142005F086FA10BD1F
:1068D00000BFFEE730B50346042B15D007DC7BB1C3
:1068E000012B0ED0022B0DD0032B30D10BE0202B2F
:1068F0000BD0212B18D0222B22D0232B27D125E0FF
:1069000026E025E024E023E022E0002003E00C5C08
:10691000114D2C54401C0728F9DB00200F4C20702F
:1069200001200F4C207013E0002003E00A4C245C8F
:106930000C54401C0728F9DB0020084C207007E0AD
:1069400006480078401C054C207001E000E000BFC4
:1069500000BF002030BD00000C010020000000201E
:106960000100002000207047002003E00021064ABB
:106970001154401CB0F5167FF8D30020034908805D
:106980000349088070470000BE0400200C0000206E
:106990000E00002010B500220449054805F0EBFF69
:1069A0000449034805F0E0FF002010BDAC140020AE
:1069B000000C0020C41000202DE9F04105460E46D1
:1069C0001449306808602946134805F0CDFF377830
:1069D00012480488002113E0685C114A1055601CBD
:1069E00080B24FF4167290FBF2F302FB130084B2F4
:1069F0000C480088844202D10220BDE8F081491C85
:106A0000B942E9D305480480034805F089FF002016
:106A1000F3E700001C000020000C00200C00002008
:106A2000BE0400200E0000202DE9F04104460D4672
:106A300000260A48D0F8B872D7F8140210B1012025
:106A4000BDE8F0812A462146044805F094FF03483A
:106A500006F015F806463046F2E70000000C00206C
:106A60002DE9F0410746884615460421052000F02F
:106A700029F880210A2005F0B0F9002405E0395DED
:106A8000092008F0ADFB601CC4B24445F7DB0321CC
:106A9000012008F0A5FBFF2400BF052005F000F948
:106AA0000646601EC4B21CB106F004000028F4D0F3
:106AB000222005F0F5F82870212005F0F1F8687023
:106AC000BDE8F08170B505460C46284605F0E8F8AB
:106AD000064626EA0401284608F082FB70BD70478E
:106AE00010B500F003FB0020034908704FF4167145
:106AF0000248FEF740FF10BD11000020BE04002038
:106B000072B603E01E21642009F0E4FAFAE70000FF
:106B10000021074AD1610749096941F00401054A8A
:106B200011611146096941F040011161704700008F
:106B3000A01D0020002002400021074AD161074922
:106B4000096941F00201054A11611146486109696C
:106B500041F0400111617047A01D0020002002405B
:106B60000022054BDA61054A126942F00102034B2B
:106B70001A61018070470000A01D00200020024023
:106B800000201E49C96801F0100139B11C49C969CA
:106B900041F002011A4AD16140F010001749C9685A
:106BA00001F0040139B11649C96941F00101144AE3
:106BB000D16140F004001149C96901F0010169B1D6
:106BC0000F49C96941F004010D4AD16100BF0B4969
:106BD000C96921F00101094AD16100BF00BF40F23B
:106BE0000111884206D10549C96921F00101034A12
:106BF000D16101E00149C86000BF70470020024038
:106C0000A01D002070B5044601F0DCFA054609E03D
:106C1000601C38B124B101F0D5FA401BA04201D963
:106C2000032070BD1248C06800F001000028EFD1B9
:106C30000F48C06800F0200020B100BF20200C49A0
:106C4000C86000BF0A48C06800F0100048B9084892
:106C5000C06900F0010020B90548C06800F00400D8
:106C600018B1FFF78DFF0120DBE70020D9E7000016
:106C7000002002402DE9F04399B0074664216846A0
:106C8000FEF779FE4FF000080020C9490860002493
:106C9000C84805780026A1462BE100F009FAF8B2B1
:106CA0008DF80000380A8DF801000020C049086006
:106CB0006A46022140F2031000F0E2FCC82000F016
:106CC000F3FFBD480078AA287ED1BB4840785528FC
:106CD000FAD1B9488079002877D1F5E0B648017A31
:106CE000407A01EB00244FF6F170844233D1B3486F
:106CF0000078432812D100F0DBF9AE48057001207E
:106D000000F0D2FF0020AE490880AC490870ADA069
:106D100009F0A6FE002019B0BDE8F0830020A549C7
:106D200008702246B4A1684608F082FA684609F065
:106D300097FE64216846FEF71EFE4FF4FA7000F0DD
:106D4000B3FF701CC6B24AF6AA20BB4909680860A6
:106D50000020974908604FF6F270844231D197487D
:106D60000078432810D100F0A3F992480570012063
:106D700000F09AFF0020924908809049087091A085
:106D800009F06EFE0020C6E700208A4908702246FE
:106D900099A1684608F04CFA684609F061FE642142
:106DA0006846FEF7E8FD4FF4FA7000F07DFF002022
:106DB0007F490860701CC6B24AF6AA209E4909683D
:106DC00008604FF6F37001E083E08EE0844231D139
:106DD0007A480078432810D100F06AF975480570A8
:106DE000012000F061FF0020754908807349087098
:106DF00074A009F035FE00208DE700206D49087071
:106E000022467DA1684608F013FA684609F028FE7C
:106E100064216846FEF7AFFD4FF4FA7000F044FFBE
:106E2000002063490860701CC6B24AF6AA20824955
:106E3000096808604FF6F470844221D1701CC6B214
:106E400000205C49087022466BA1684608F0F0F902
:106E5000684609F005FE64216846FEF78CFD4FF494
:106E6000FA7000F021FF0020514908605248017A71
:106E7000407A01EB00244AF6AA206F4909680860AD
:106E80004FF6F37084420ED0401E84420BD0401E59
:106E9000844208D0C01C844205D024B14FF00108C0
:106EA00000264FF002093C2E0ED1002600F000F91A
:106EB0004FF416714048FEF75EFD3E4805705FA036
:106EC00009F0CEFD002026E7B8F1000F3FF406AF31
:106ED0000BE0642000F0E8FE4FF416713648FEF730
:106EE0004AFD00203249086007E009F1010000F086
:106EF000FF09B9F1020FFFF6D0AE00BF2E480078AF
:106F0000AA283FD12C48407855283BD12A4880797F
:106F1000002837D02848017A407A01EB0024642108
:106F20006846FEF728FD602C0DD0142C0BD0412CA8
:106F300009D0232C07D0212C05D0302C03D0192CBC
:106F400001D0512C05D1224646A1684608F070F9BF
:106F500004E0212243A1684608F06AF9684609F076
:106F60007FFD0020124908601248057000F0A0F86B
:106F7000642000F099FE4FF416710F48FEF7FBFCF9
:106F80000020C8E6B8F1010F02D140A009F068FD69
:106F9000012000F089FE4FF416710748FEF7EBFC64
:106FA0000020034908600120024908700020B2E671
:106FB000240000201100002066020020BE040020F2
:106FC0000C0000207B2252656365697665223A7B5E
:106FD00022537461747573223A32367D2C22462214
:106FE0003A7B2254797065223A2243616E73656C54
:106FF000227D7D0A000000007B2252656365697670
:1070000065223A7B22537461747573223A32367D5D
:107010002C2246223A7B2254797065223A22456E10
:10702000726F6C6C222C22537461747573223A2532
:10703000647D7D0A00000000740A00207B22462245
:107040003A7B2254797065223A22456E726F6C6CDD
:10705000222C22537461747573223A31387D7D0A73
:10706000000000007B2246223A7B22547970652280
:107070003A22456E726F6C6C222C225374617475C7
:1070800073223A25647D7D0A000000007B2246229F
:107090003A7B2254797065223A22456E726F6C6C8D
:1070A000222C22537461747573223A307D7D0A005C
:1070B00000B58DB034216846FEF75DFC6A460021BC
:1070C0004FF4987000F0DCFA642000F0EDFD4FF40E
:1070D00016710448FEF74FFC0020034908600DB00C
:1070E00000BD0000660200202400002010B59AB008
:1070F000642101A8FEF73FFC0024FFF7D9FF6420BC
:1071000000F0D2FD01AA00214FF4837000F0B8FA1C
:107110000948827909A101A808F08AF801A809F0B4
:107120009FFCC82000F0C0FD4FF416710248FEF726
:1071300022FC00201AB010BD660200207B2252659E
:107140006365697665223A7B225374617475732294
:107150003A32367D2C2246223A7B225479706522BF
:107160003A2244656C657465414C4C222C22537460
:1071700061747573223A25647D7D0A0030B599B03B
:107180000446002021490860FFF792FF642000F0C8
:107190008BFDE0B28DF80000200A8DF801006A46F0
:1071A000022140F2051000F06BFA4FF47A7000F003
:1071B0007BFD17480078AA2823D11548807930B97B
:1071C0001348827913A1684608F032F809E01048A4
:1071D000017A407A01EB00252A460EA1684608F0A4
:1071E00027F8684609F03CFCFFF762FFC82000F072
:1071F0005BFD4FF416710648FEF7BDFB002019B089
:1072000030BDC82000F050FD0120F8E72400002028
:10721000660200207B2252656365697665223A7BAF
:1072200022537461747573223A32367D2C224622C1
:107230003A7B2254797065223A2244656C65746504
:10724000222C22537461747573223A25647D7D0A61
:107250000000000010B59AB000201D490860FFF73B
:1072600027FF0A2000F020FD01AA002140F20710AC
:1072700000F006FAFA2000F017FD16480078AA2858
:107280001DD114484078552819D11248017A407A06
:1072900001EB00249CB10F48807928B922460EA149
:1072A00001A807F0C5FF04E022461B4901A807F02A
:1072B000BFFF01A809F0D4FB0A2000F0F5FC4FF451
:1072C00016710448FEF757FB00201AB010BD0000ED
:1072D00024000020660200207B22526563656976E7
:1072E00065223A7B22537461747573223A32367D7B
:1072F0002C2246223A7B2254797065223A22476535
:1073000074456D7074794944222C224944223A25EF
:10731000647D7D0A00000000381101082DE9F0436A
:10732000ADF5297D0646002500204C4908704C49E2
:107330000860FFF7BDFE642000F0B6FC002048495D
:1073400008604FF416714748FEF715FB642000F003
:10735000ABFCF0B28DF84002300A8DF84102642097
:1073600000F0A2FC90AA02214FF4857000F088F989
:10737000642000F099FC002413E03A48005DA52841
:107380000ED13849601C085C5A2809D1A01C085C41
:107390000A2805D1E01C085C012801D1254603E03C
:1073A000641CB4F5167FE8D300BF2E49281D095C84
:1073B0002C4A681D105C01EB0020071F114605F1E7
:1073C0000800095C401C105C01EB00294FF40F71B0
:1073D00001A8FEF7D0FA4FF47A7000F065FC0024A3
:1073E00007E005F10A0020441E49085C01A9085580
:1073F000641CBC42F5D301201849087019488079F3
:10740000B0B93B46324618A190A807F011FF90A8EA
:1074100009F026FB0A2000F047FC394601A8FFF7D7
:1074200003FB0A2000F040FC1EA009F019FB0CE051
:107430000C48017A407A01EB002842461BA190A833
:1074400007F0F6FE90A809F00BFB4FF41671054803
:10745000FEF791FA0DF5297DBDE8F08310000020BC
:1074600024000020660200207B2246223A7B225420
:10747000797065223A225265616454656D706C6161
:107480007465222C224944223A25642C22446174DA
:107490006153697A65223A25642C22446174612221
:1074A0003A220000227D7D0A000000007B22462255
:1074B0003A7B2254797065223A22526561645465A0
:1074C0006D706C617465222C225374617475732223
:1074D0003A25647D7D0A000010B59AB0642101A8A8
:1074E000FEF749FA00204E49086001AA00214FF436
:1074F000817000F0C5F80F2000F0D6FB4948017AF2
:10750000407A01EB002447480078AA2819D1454861
:107510008079B8B94FF6F47084427AD0002C78D0D4
:10752000224641A101A807F083FE01A809F098FABC
:10753000642101A8FEF71FFA4FF416713948FEF7CF
:107540001AFA66E02046232C53D006DC122828D0F5
:1075500015280FD021285AD152E041283BD0A0F560
:1075600010502F3800282FD0A0F55B40C5380028D8
:107570004DD137E0224637A101A807F059FE01A8F6
:1075800009F06EFA00203D4908704FF41671254845
:10759000FEF7F1F9642101A8FEF7EDF900201AB019
:1075A00010BD221D2BA101A807F042FE01A809F081
:1075B00057FA4FF416711B48FEF7DDF9642101A854
:1075C000FEF7D9F90020EAE74FF416711548FEF7E7
:1075D000D2F90020E3E74FF416711248FEF7CBF919
:1075E0000020DCE74FF416710E48FEF7C4F90020C6
:1075F000D5E74FF416710B48FEF7BDF90020CEE732
:107600004FF416710748FEF7B6F90020C7E700BF30
:1076100000BF4FF416710348FEF7ADF90020BEE736
:1076200024000020660200207B2246223A7B22545E
:10763000797065223A224964656E74696679222CF4
:107640002254656D706C617465223A25647D7D0AF3
:10765000000000007B2246223A7B2254797065228A
:107660003A224964656E74696679222C22537461EA
:10767000747573223A25647D7D0A00001100002094
:107680002DE9F0418EB005460C4690460026552067
:107690008DF8040001A800F019FA5536AA208DF8DB
:1076A00005000DF1050000F011FAAA362846E91789
:1076B00005EB11610912A5EB0121C9B28DF8061085
:1076C0000DF1060000F002FA2846E91705EB1161FA
:1076D0000912A5EB012131448EB2E91705EB1161C6
:1076E000090A8DF807100DF1070000F0EFF92846A0
:1076F000E91705EB116106EB21218EB22046E11757
:1077000004EB11610912A4EB0121C9B28DF8081034
:1077100002A800F0DBF92046E11704EB1161091221
:10772000A4EB012131448EB2E11704EB1161090A87
:107730008DF809100DF1090000F0C8F92046E11795
:1077400004EB116106EB21218EB200270EE018F840
:107750000710B81D01AA115408EB070000F0B6F994
:1077600018F80700304486B2781CC7B2A742EEDB97
:1077700009E00021B81D01AA1154B91D881800F0B4
:10778000A5F9781CC7B2102FF3DB3046F11706EBD2
:1077900011610912A6EB0121C9B28DF81A100DF181
:1077A0001A0000F093F93046F11706EB1161090A4F
:1077B0008DF81B100DF11B0000F088F900270EB0AA
:1077C000BDE8F0812DE9F0438DB004460E46174622
:1077D0009946002500BF5A208DF80000684600F049
:1077E00075F95A35A5208DF801000DF1010000F062
:1077F0006DF9A5352046E11704EB11610912A4EBE0
:107800000121C9B28DF802100DF1020000F05EF9FD
:107810002046E11704EB11610912A4EB01210D448C
:10782000E11704EB1161090A8DF803100DF1030053
:1078300000F04CF92046E11704EB116105EB21251E
:10784000B01CC0B28DF8040001A800F03FF9B01CD4
:10785000C0B20544B01C000A8DF805000DF105000A
:1078600000F034F9B01C05EB1025F8B28DF80600D5
:107870000DF1060000F02AF9F8B20544380A8DF837
:1078800007000DF1070000F021F905EB17254FF077
:1078900000080BE009EB080000F018F919F80800DF
:1078A0000544052000F000FA08F10108B045F1D3C5
:1078B000E8B28DF82F000DF12F0000F007F9280A2B
:1078C0008DF830000CA800F001F94FF000080DB061
:1078D000BDE8F083F0B5ADF5297D07460D461446A9
:1078E0004FF40F7101A8FEF746F8A178607801EB1C
:1078F00000272179E07801EB0025062004E0225CD6
:10790000811F01AB5A54401CA91D8842F7D3FFF7D1
:10791000CFFB642000F0C8F94FF416713548FEF72C
:107920002AF8002034490860002603E0002090A9CE
:107930008855761C642EF9D3642000F0B5F9E8B2BE
:107940008DF84002280A8DF841024AF6AA202B49F8
:107950000968086090AA022140F20B10FFF790FE20
:10796000642000F0A1F901AB3A46294640F20B1021
:10797000FFF728FF4AF6AA202049096808604FF45B
:107980007A7000F091F91B480078A52829D1194890
:107990008079002817D1A178607801EB0022154882
:1079A000017A407A01EB0020824208D13A4614A1C4
:1079B00090A807F03DFC90A809F052F811E020A033
:1079C00009F04EF80DE00B48007A602802D128A09B
:1079D00009F046F80748007A702802D12FA009F074
:1079E0003FF84FF416710348FDF7C5FF01200DF570
:1079F000297DF0BD6602002024000020740A0020CA
:107A00007B2246223A7B2254797065223A225772B1
:107A100069746554656D706C617465222C225772AF
:107A200069746554656D706C6174654944223A25CA
:107A3000642C22537461747573223A307D7D0A0080
:107A40007B2246223A7B2254797065223A22577271
:107A500069746554656D706C617465222C22537471
:107A600061747573223A3130307D7D0A0000000068
:107A70007B2246223A7B2254797065223A22577241
:107A800069746554656D706C617465222C22537441
:107A900061747573223A39367D7D0A007B22462255
:107AA0003A7B2254797065223A2257726974655480
:107AB000656D706C617465222C22537461747573EA
:107AC000223A3131327D7D0A0000000010B50446B3
:107AD00001231A462146024803F017F910BD0000A1
:107AE000780B002000B59FB0642106A8FDF743FF86
:107AF000FFF7DEFA642000F0D7F8182212A16846DA
:107B0000FDF720FF322319226946154803F0FDF8DE
:107B1000642000F0C9F813480078AA280DD1114854
:107B20004078552809D10F48437A027A0E4906A8B1
:107B300007F07EFB06A808F093FF1E210948FDF719
:107B40001AFF1FB000BD000055AA1201000000007E
:107B50000000000000000000000000000000120112
:107B6000780B002066020020F410010870B50A4866
:107B70000468001D0568001D0668344454B10822DD
:107B80000649204603F0D2F9042204491031284660
:107B900003F0CCF970BD0000E8F7FF1FF2000020F1
:107BA0000146002291F82100022808D004208863B1
:107BB00000BF002081F8200000BF01207047086846
:107BC000006820F00E000B6818600868006820F05C
:107BD00001000B68186091F8403001209840CB6B91
:107BE0005860012081F8210000BF002081F82000AA
:107BF00000BF1046E2E7000070B50446002594F887
:107C00002100022803D00420A063012548E0206859
:107C1000006820F00E00216808602068006820F0ED
:107C20000100216808601F492068884201D10120B5
:107C300026E01C4914312068884201D110201FE041
:107C4000184928312068884201D1801518E015496B
:107C50003C312068884201D1801411E01149503133
:107C60002068884202D14FF4803009E00D49643128
:107C70002068884202D14FF4801001E04FF08070FC
:107C8000084908394860012084F8210000BF00201D
:107C900084F8200000BF606B10B12046616B8847FC
:107CA000284670BD0800024070B5044600F08AFA0C
:107CB00006462546681C10B104480078054400BFFC
:107CC00000F080FA801BA842FAD370BD2C0100207E
:107CD0002DE9F04104460E460127002500BF264845
:107CE000007E012802D10220BDE8F0810120224956
:107CF000087600BF2068022813D14CF25030FEF7FE
:107D000081FF90BB0120FEF703FF4CF25030FEF7DD
:107D100079FF07461948006920F0040017490861F7
:107D200023E04CF25030FEF76DFFF0B94FF0FF301A
:107D30003060A56812E02846FEF7FEFE4CF2503097
:107D4000FEF760FF07460D48006920F002000B496E
:107D500008610FB1356007E005F58065D4E90210D0
:107D600001EB8020A842E6D800BF00BF00200249F6
:107D7000087600BF3846B7E7A01D0020002002406B
:107D80000348006940F08000014908610020704705
:107D9000002002402DE9FE4F05468B4617469846C7
:107DA000012600240020029000BF2448007E012804
:107DB00002D10220BDE8FE8F01202049087600BFD5
:107DC0004CF25030FEF71EFF064686BB012D02D155
:107DD0000120029006E0022D02D10220029001E073
:107DE0000420029000241EE02201B946C246484603
:107DF0005146FDF797FD80B20190022000FB04B0D0
:107E000000900199FEF7ACFE4CF25030FEF7FAFEFE
:107E100006460B48006920F001000949086106B1D7
:107E200004E0601CC4B202988442DDDB00BF00BFE6
:107E300000200249087600BF3046BBE7A01D0020A5
:107E40000020024000200849096901F0800151B179
:107E50000649054A5160064951601146096901F019
:107E6000800101B1012070470020024023016745D5
:107E7000AB89EFCD2DE9F8470346002294466EE129
:107E80004FF0010808FA02F4D1F8008008EA040073
:107E9000A0427DD1DFF8DCA2D1F80480A8EB0A096A
:107EA000D0453AD014DCB8F1030F50D009DCB8F15A
:107EB000000F31D0B8F1010F1CD0B8F1020F49D139
:107EC00020E0B8F1110F18D0B8F1120F42D11EE026
:107ED000B9F5881F25D006DCB9F5803F20D0B9F56B
:107EE000801F37D11AE0B9F5001F18D0B9F5041F6B
:107EF00030D117E0D1F80CC02DE0D1F80C8008F19A
:107F0000040C28E0D1F80C8008F1080C23E0D1F82B
:107F10000C8008F10C0C1EE000BF00BF00BF00BFCA
:107F200000BF00BFD1F80880B8F1000F02D14FF0B8
:107F3000040C0BE0D1F80880B8F1010F03D14FF029
:107F4000080C1C6102E04FF0080C5C6103E04FF08C
:107F5000000C00E000BF00BFFF2801D8984601E0F8
:107F600003F104084646FF2802D84FEA820803E0DE
:107F7000A2F108084FEA88084746D6F800804FF07B
:107F80000F0909FA07F928EA09080CFA07F900E0CD
:107F900088E048EA0908C6F80080D1F8048008F0B3
:107FA0008058B8F1805F7DD100BFDFF8CC81D8F870
:107FB000188048F00108DFF8C091C9F81880C84659
:107FC000D8F8188008F00108CDF8008000BF00BF85
:107FD0004FEAB9384FEA920958F829504FEA8278A7
:107FE0004FEA18794FF00F0808FA09F825EA080552
:107FF000DFF88881434502D14FF0000816E0DFF832
:108000008081434502D14FF001080FE0DFF8748111
:10801000434502D14FF0020808E0DFF86C81434588
:1080200002D14FF0030801E04FF004084FEA8279D3
:108030004FEA197908FA09F848EA0505DFF84C8192
:108040004FEA920948F82950D1F8048008F48038A2
:10805000B8F5803F0AD1DFF83881D8F8008048EAC7
:108060000008DFF82C91C9F8008009E0DFF82081D2
:10807000D8F8008028EA0008DFF81491C9F80080D9
:10808000D1F8048008F40038B8F5003F10D1DFF8CB
:10809000008108F10408D8F8008048EA0008DFF8F9
:1080A000F09000E05AE009F10409C9F800800DE001
:1080B000DFF8DC8008F10408D8F8008028EA00081E
:1080C000DFF8CC9009F10409C9F80080D1F80480E8
:1080D00008F48018B8F5801F0ED1DFF8B48008F1DD
:1080E0000808D8F8008048EA0008DFF8A49009F1F1
:1080F0000809C9F800800DE0DFF8948008F108084D
:10810000D8F8008028EA0008DFF8849009F108090F
:10811000C9F80080D1F8048008F40018B8F5001FF1
:108120000ED1DFF86C8008F10C08D8F8008048EA1E
:108130000008DFF85C9009F10C09C9F800800DE037
:10814000DFF84C8008F10C08D8F8008028EA000815
:10815000DFF83C9009F10C09C9F80080521CD1F8F5
:10816000008028FA02F8B8F1000F7FF489AEBDE86C
:10817000F8870000000011100010024000080140C4
:10818000000C0140001001400014014008000140B3
:1081900000040140024693680B400BB1012000E04F
:1081A0000020704710B5C26821EA020302EA010408
:1081B00043EA0443036110BD0AB1016101E00B040D
:1081C00003617047014800687047000024010020E7
:1081D00070B504460CB9012070BD4CF6CC40216846
:1081E000086045F2555021680860D4E900104860E5
:1081F0002168A0688860FFF7E5FF05460BE0FFF700
:10820000E1FF401B272806D92068C06800F0030062
:1082100008B10320E0E72068C06800F003000028F0
:10822000EDD14AF6AA20216808600020D4E70000BA
:108230000348006803490978084401490860704709
:10824000240100202C01002010B50848006840F0EF
:10825000100006490860032000F0A8F8002000F094
:1082600007F800F02BF8002010BD000000200240AD
:1082700070B504460E4800784FF47A71B1FBF0F007
:108280000C490968B1FBF0F5284602F068F808B11E
:10829000012070BD102C07D200222146501E00F094
:1082A00047F80548046001E00120F2E70020F0E70C
:1082B0002C010020400100202801002008B500BF4B
:1082C0001148806940F001000F49886108468069C3
:1082D00000F00100009000BF00BF00BF0846C06969
:1082E00040F08050C8610846C06900F0805000909E
:1082F00000BF00BF00BF0549486820F0E06040F0C3
:108300000070486000BF08BD00100240000001403E
:1083100001460846002809DB00F01F0301229A40AD
:1083200043099B0003F1E023C3F8002100BF70471D
:108330002DE9F05F80460D461646002706F08CFFBB
:10834000074639462A46334601F00700C0F1070ABE
:10835000BAF1040F02D94FF0040A01E0C0F1070A94
:10836000D14600F1040ABAF1070F02D24FF0000A19
:1083700001E0A0F1030AD4464FF0010A0AFA09FA13
:10838000AAF1010A0AEA020A0AFA0CFA4FF0010BF2
:108390000BFA0CFBABF1010B0BEA030B4AEA0B04E3
:1083A0002146404606F060FFBDE8F09F00BF00F0A8
:1083B0000702064B19684FF6FF031940044B0B43A5
:1083C00043EA0221014B196000BF70470CED00E049
:1083D0000000FA0570B505460C4604F080008028C0
:1083E00008D104F0070000EB800605F1280000EB3F
:1083F000C60105E004EB840605F5B47000EBC60188
:108400001AB900200873CB8004E0012008730B81A7
:10841000180C4881002070BD704770B504460D46A9
:1084200005EB850304F1280101EBC3014A692946E4
:10843000D4F8E80204F02AFE70BD70B504460D467B
:1084400005EB850304F5B47101EBC3014A692946C4
:10845000D4F8E80204F09AFE70BD70B504460E46EA
:1084600006F0800080280AD106F0070000EB8001AA
:1084700004F1280000EBC1050120687009E006F056
:10848000070000EB800104F5B47000EBC10500208B
:10849000687006F00700287000BF94F8A802012851
:1084A00001D1022070BD012084F8A80200BF294636
:1084B000206805F0F3FC00BF002084F8A80200BF8C
:1084C00000BFEFE770B504460E4606F00F00616886
:1084D000884201D9012070BD06F0800080280AD1B1
:1084E00006F0070000EB800104F1280000EBC10555
:1084F0000120687009E006F0070000EB800104F538
:10850000B47000EBC105002068700020A87006F070
:108510000700287000BF94F8A802012801D10220AA
:10852000D9E7012084F8A80200BF2946206805F099
:1085300011FE00BF002084F8A80200BF00BFCAE7F8
:108540002DE9F04105460C46174607F48040002807
:1085500050D02868B0F85010207801EBC000801C83
:10856000296801F5806131F81000C0F30906A0699F
:10857000B04203D3A069801BA06101E00020A0618C
:10858000A069A8B900BF22785200296831F81210FA
:108590004BF68F7201EA020080F4005040F4004173
:1085A00041F0800123785B002A6822F8131000BF95
:1085B00007F04000A8B100BF00BF22785200296830
:1085C00031F8121048F68F7201EA020040F40041BF
:1085D00041F0C00123785B002A6822F8131000BF25
:1085E00000BF002E55D0228961693346286806F005
:1085F00027FC4EE02868B0F85010207801EBC0004E
:10860000801D296801F5806131F81000C0F309066A
:10861000A069B04203D3A069801BA06101E00020E3
:10862000A061A069A8B900BF22785200296831F87A
:1086300012104BF68F7201EA020080F4005040F4F1
:10864000004141F0800123785B002A6822F8131072
:1086500000BF07F04000A8B900BF00BF2278520059
:10866000296831F8121048F68F7201EA020040F4CE
:10867000004141F0C00123785B002A6822F8131002
:1086800000BF00BF2EB1628961693346286806F0D9
:10869000D7FB3046BDE8F0812DE9F04705460C4692
:1086A000904608F04000002871D02868B0F85010BB
:1086B000207801EBC000801C296801F5806131F849
:1086C0001000C0F30907A069B84203D9A069C01B14
:1086D000A06101E00020A061A06900287ED100BF58
:1086E0006078C8B900BF29682A68B2F850201144E0
:1086F0002278022303EBC20201F5806303EB420000
:1087000000BF028848F2FF331A400280028842F418
:108710000042028000BF13E06078012810D100BF42
:1087200028682A68B2F8502010442278022303EB0C
:10873000C20200F5806303EB420100220A8000BF01
:1087400000BF00BF2968607810BB00BF2B68D5F858
:1087500000C0BCF850C0634494F800C04FF0060954
:1087600009EBCC0C03F5806909EB4C0000BFB0F8B5
:1087700000C048F2FF390CEA090CA0F800C0B0F8BC
:1087800000C04CF4004CA0F800C000BF11E0C0E0F5
:10879000607801280DD12868B0F850000144207895
:1087A000062303EBC00001F5806303EB40020020C9
:1087B000108000BF21782846FFF72FFE08F4804084
:1087C000002816D000BF00BF22785200296831F877
:1087D000121048F68F7201EA020000E00AE040F44D
:1087E000004141F4814123785B002A6822F813108C
:1087F00000BFCAE108F48040A8B100BF00BF2278E2
:108800005200296831F8121048F68F7201EA02000E
:1088100040F4004141F4814223785B00296821F84B
:10882000132000BF00BF94F824000128E1D1606943
:1088300038446061E0693844E0612169206A884217
:1088400004D32669206A801B20620BE0206A20B9CD
:108850003E46002084F8240004E0002084F8240030
:10886000266A206200BF6078B8BB00BF2A6829680A
:10887000B1F850100A442178022303EBC10102F53C
:10888000806303EB4101084600BF56B9038848F2F4
:10889000FF3C03EA0C030380038843F40043038096
:1088A00019E03E2E0BD800BF710806F0010303B19A
:1088B000491C4FF6FF7303EA812303800BE000BFDE
:1088C000710906F01F0303B9491E4FF4004343EA40
:1088D0008123038000BF00BF13E0FFE76078012819
:1088E0000FD100BF28682A68B2F8502010442278BF
:1088F000022303EBC20200F5806303EB42010E800A
:1089000000BF00BFB3B222896169286806F0C7FAC8
:108910003BE12868B0F85010207801EBC000801DC2
:10892000296801F5806131F81000C0F30907A069DA
:10893000B84203D3A069C01BA06101E00020A06180
:10894000A06900287DD100BF6078C8B900BF296840
:108950002A68B2F8502011442278022303EBC202A5
:1089600001F5806303EB420000BF028848F2FF3349
:108970001A400280028842F40042028000BF13E0E5
:108980006078012810D100BF28682A68B2F850200A
:1089900010442278022303EBC20200F5806303EB4C
:1089A000420100220A8000BF00BF00BF2968607832
:1089B00008BB00BF2B68D5F800C0BCF850C06344AA
:1089C00094F800C04FF0060909EBCC0C03F5806960
:1089D00009EB4C0000BFB0F800C048F2FF390CEAC8
:1089E000090CA0F800C0B0F800C04CF4004CA0F88E
:1089F00000C000BF10E0607801280DD12868B0F8F1
:108A0000500001442078062303EBC00001F5806389
:108A100003EB40020020108000BF21782846FFF7BA
:108A2000FCFC08F48040002816D100BF00BF22786B
:108A30005200296831F8121048F68F7201EA0200DC
:108A400000E00AE040F4004141F4814123785B00FA
:108A50002A6822F8131000BF97E008F48040A8B9F4
:108A600000BF00BF22785200296831F8121048F682
:108A70008F7201EA020040F4004141F48141237801
:108A80005B002A6822F8131000BF00BF94F824008E
:108A900001287AD1606938446061E0693844E06156
:108AA0002169206A884204D32669206A801B2062DB
:108AB0000BE0206A20B93E46002084F8240004E040
:108AC000266A0020206284F8240000BF2A686078AB
:108AD00090BB00BFD5F800C02968B1F850108C4495
:108AE00021784FF0060909EBC1010CF5806909EB0B
:108AF0004101084600BF76B9B0F8009048F2FF3A4D
:108B000009EA0A09A0F80090B0F8009049F4004979
:108B1000A0F8009020E03E2E0FD800BF710806F0AC
:108B20000109B9F1000F00D0491C4FF6FF7909EA9D
:108B30008129A0F800900FE010E000BF710906F055
:108B40001F09B9F1000F00D1491E4FF4004949EA4D
:108B50008129A0F8009000BF00BF0FE060780128D5
:108B60000CD12868B0F8500002442078062101EBAF
:108B7000C00002F5806101EB40031E8000BFB3B26C
:108B800062896169286806F08AF900BF227852007C
:108B9000296831F8121048F6BF7201EA020080F02D
:108BA000100080F0200040F4004141F08001237863
:108BB0005B002A6822F8131000BF0020BDE8F08790
:108BC000024601F0070000EB800302F5B47000EBF1
:108BD000C300C06970472DE9F04705460E46904630
:108BE0001F464FF0000906F0800080280AD106F0E9
:108BF000070000EB800105F1280000EBC104012013
:108C0000607009E006F0070000EB800105F5B47024
:108C100000EBC1040020607006F007002070C4F86B
:108C20001080E770607808B12078E081022F01D1D0
:108C30000020207100BF95F8A802012802D102206F
:108C4000BDE8F087012085F8A80200BF214628680A
:108C500004F0FAFE00BF002085F8A80200BF4846D5
:108C6000EEE72DE9F04105460E461746984606F018
:108C7000070000EB800105F5B47000EBC1046761EB
:108C8000C4F818800020E061607006F007002070D2
:108C900006F0070020B92146286805F0F6FA03E03F
:108CA0002146286805F0F1FA0020BDE8F08170B592
:108CB00004460D4605F007006168884201D901208D
:108CC00070BD05F0800080280AD105F0070000EB98
:108CD000800104F1280000EBC1060120707007E05C
:108CE00005EB850104F5B47000EBC106002070703F
:108CF0000120B07005F00700307000BF94F8A802A2
:108D0000012801D10220DBE7012084F8A80200BF7E
:108D10003146206805F08BFA05F0070020B904F50C
:108D20002C71206805F013FA00BF002084F8A80217
:108D300000BF00BFC4E72DE9F04105460E4690464E
:108D40001F4606F0070000EB800105F1280000EB4C
:108D5000C104C4F81480A761012084F824002762AC
:108D60000020E0610120607006F00700207006F02E
:108D7000070020B92146286805F087FA03E021465C
:108D8000286805F082FA0020BDE8F0817FB504462E
:108D9000206806F051F800F40040B0F5004F02D111
:108DA000204602F02FFC206806F046F800F48060B0
:108DB000B0F5806F0FD12068B0F844004FF6FF3156
:108DC00008402168A1F84400204600F09FF90021E6
:108DD000204600F0BBF9206806F02EF800F4804031
:108DE000B0F5804F08D12068B0F844004BF6FF7111
:108DF00008402168A1F84400206806F01DF800F43E
:108E00000050B0F5005F08D12068B0F844004DF67E
:108E1000FF7108402168A1F84400206806F00CF8B2
:108E200000F48050B0F5805F1DD12068B0F840009C
:108E30004FF6FB7108402168A1F840002068B0F8A7
:108E400040004FF6F77108402168A1F84000204625
:108E500000F06EF92068B0F844004EF6FF7108404B
:108E60002168A1F84400206805F0E6FF00F40060E6
:108E7000B0F5006F55D1002507E06900206830F893
:108E800011002DF81500681CC5B2082DF5D3206817
:108E9000B0F8400040F001002168A1F840002068CF
:108EA000B0F840004FF6FE7108402168A1F840007C
:108EB00000BF2068B0F8440000F480600028F8D0BB
:108EC0002068B0F844004FF6FF3108402168A1F84F
:108ED0004400002507E03DF815006A00216821F8EC
:108EE0001200681CC5B2082DF5D32068B0F8400008
:108EF00040F008002168A1F840002068B0F8440064
:108F00004FF2FF7108402168A1F844002068B0F8D2
:108F1000400040F004002168A1F84000204600F025
:108F200057F9206805F088FF00F40070B0F5007F65
:108F30000BD12068B0F844004FF6FF51084021687B
:108F4000A1F84400204600F0FAF8206805F074FF0C
:108F500000F48070B0F5807F08D12068B0F844003C
:108F60004FF6FF6108402168A1F844007FBD30B58D
:108F700085B0044614B9012005B030BD94F8A902AB
:108F800028B9002084F8A802204600F09DF80320AC
:108F900084F8A902206805F0D0F8142204F1100129
:108FA0006846FCF7CFFC94E80F0004F073FF20B193
:108FB000022084F8A9020120DEE70021206805F0E4
:108FC00064FF002531E0012105EB850204F1280052
:108FD00000EBC200417005EB850104F1280000F8A8
:108FE000315005EB850100EBC100C581002105EB87
:108FF000850204F1280000EBC200C17005EB850278
:1090000004F1280000EBC200016105EB850204F1C8
:10901000280000EBC200416105EB850204F1280045
:1090200000EBC2008161681CC5B26068A842CAD862
:1090300000252AE0002105EB850204F5B47000EB61
:10904000C200417005EB850104F5B47000F83150A1
:10905000002105EB850200EBC200C17005EB850223
:1090600004F5B47000EBC200016105EB850204F564
:10907000B47000EBC200416105EB850204F5B470E9
:1090800000EBC2008161681CC5B26068A842D1D8FB
:10909000142204F110016846FCF754FC94E80F0018
:1090A00005F040F820B1022084F8A902012063E70E
:1090B000002084F82400012084F8A902206805F02B
:1090C0002EF8002058E7000038B504460D49206806
:1090D000884215D100BF0C48C06940F400000A491D
:1090E000C8610846C06900F40000009000BF00BFDE
:1090F000002211461420FFF71BF91420FFF708F98E
:1091000038BD0000005C00400010024070B504460D
:109110000125A068022801D0FDF7F2FC2946D4F809
:10912000E80204F067F9D4F8E80204F019F970BD18
:1091300010B50446D4F8E80204F040F910BD10B5AB
:109140000446D4F8E80204F044F910BD70B50446B2
:109150000D4600BF94F8A802012801D1022070BD7D
:10916000012084F8A80200BF84F824502946206812
:1091700005F08EFE00BF002084F8A80200BF00BFEB
:10918000EDE710B5044604F52C71D4F8E80204F0BC
:1091900048F910BD10B5044600BF94F8A802012894
:1091A00001D1022010BD012084F8A80200BF206870
:1091B00005F030FE01212046FFF72EF9206804F06B
:1091C000ABFF00BF002084F8A80200BF00BFE9E7A2
:1091D00010B50446D4F8E80204F07CF9A06928B17F
:1091E0000348006840F006000149086010BD000017
:1091F00010ED00E0012001490862704700000E42B6
:109200002DE9F04385B006463BA30FCB01AC0FC45C
:109210003DA0006800904FF00008002500270024C2
:10922000A146012E30D0022E55D0102E5ED13748E7
:109230004468006800F0807000B301A8C4F3834163
:10924000475C04F4803070B130484068C0F340405F
:109250001DF8008004F4803040B12D48B0FBF8F0D8
:1092600000FB07F502E02B4807FB00F527484068A4
:1092700000F48000B0F5800F01D1A94603E068003A
:109280000321B0FBF1F932E02048046A04F4407095
:10929000B0F5807F05D104F0020010B14FF4004911
:1092A00018E004F44070B0F5007F07D11748406A19
:1092B00000F0020010B149F640490BE004F44070A0
:1092C000B0F5407F06D11148006800F4003008B1C5
:1092D0004FF224490BE000F09BF90C494968C1F3B7
:1092E0008131491C4900B0FBF1F900E000BF00BF2B
:1092F000484605B0BDE8F0830203040506070809E7
:109300000A0B0C0D0E0F101001020000001002409D
:1093100000127A0000093D00F8B504460026002539
:10932000207800F0010000286BD000274348C06976
:1093300000F0805070B900BF4048C06940F08050D4
:109340003E49C8610846C06900F08050009000BFE7
:1093500000BF01273A48006800F48070B0B938486F
:10936000006840F4807036490860FEF72BFF06461F
:1093700006E0FEF727FF801B642801D90320F8BD13
:109380002F48006800F480700028F2D02B48006A53
:1093900000F440752DB3A08800F44070A84220D09E
:1093A0002648006A20F44075012026490860002004
:1093B00008602248056205F0010090B1FEF702FF47
:1093C000064608E0FEF7FEFE801B41F28831884227
:1093D00001D90320D3E71948006A00F002000028F1
:1093E000F0D01648006A20F44070616808431349C1
:1093F0000862012F04D10846C06920F08050C8617E
:1094000000BF207800F00200022807D10B48406816
:1094100020F44040A168084308494860207800F0E3
:109420001000102807D10548406820F48000E1684A
:109430000843024948600020A1E7000000100240F4
:1094400000700040400442427047000070B504467E
:109450000D460CB9012070BD5A48006800F00700A5
:10946000A8420ED25748006820F00700284355490B
:1094700008600846006800F00700A84201D00120FB
:10948000E9E7207800F0020002281DD1207800F0E2
:109490000400042805D14C48406840F4E0604A4983
:1094A0004860207800F00800082805D14648406848
:1094B00040F46050444948604348406820F0F00060
:1094C000A168084340494860207800F0010078B363
:1094D0006068012806D13C48006800F4003090B96B
:1094E0000120B8E76068022806D13748006800F01C
:1094F000007040B90120AEE73348006800F0020078
:1095000008B90120A7E73048406820F003006168EF
:1095100008432D494860FEF755FE064609E0FEF770
:1095200051FE801B41F28831884202D9032092E724
:1095300007E02548406800F00C006168B0EB810F3F
:10954000EDD12048006800F00700A8420ED91D4860
:10955000006820F0070028431A49086008460068A0
:1095600000F00700A84201D0012074E7207800F045
:109570000400042807D11448406820F4E060E16842
:10958000084311494860207800F00800082808D1F5
:109590000D48406820F46050216940EAC1000A4942
:1095A000486000F045F808494968C1F30311074ACB
:1095B000515CC8400649086006480068FEF758FE3E
:1095C000002048E700200240001002402910010856
:1095D000400100202801002001200149C864704793
:1095E000000042420148006870470000400100202E
:1095F00000B5FFF7F7FF04494968C1F30221034AA8
:10960000515CC84000BD0000001002403910010844
:1096100000B5FFF7E7FF04494968C1F3C221034AD7
:10962000515CC84000BD0000001002403910010824
:10963000F0B585B00FF26C0C9CE8E01001A8A0E832
:10964000E0101CA52D6800950021002200230024B5
:109650000020194D696801F00C05F5B1042D02D008
:10966000082D19D101E0154819E001ADC1F3834679
:10967000AC5D01F4803555B10F4D6D68C5F34045C3
:109680001DF805200D4D6543B5FBF2F302E00C4DCE
:1096900004FB05F3184602E000BF084800BF00BF06
:1096A00005B0F0BD02030405060708090A0B0C0DFE
:1096B0000E0F1010010200000010024000127A008C
:1096C00000093D0010B50648806800F08000802841
:1096D00004D1FFF7B9FE80200149887210BD000057
:1096E00000100240F8B504460CB90120F8BD2078FE
:1096F00000F00100002878D0F848406800F00C0025
:1097000004280CD0F548406800F00C00082811D15E
:10971000F248406800F48030B0F5803F0AD1EF484D
:10972000006800F4003000285FD0606800285CD139
:109730000120DBE700BF6068B0F5803F06D1E74855
:10974000006840F48030E549086028E0606858B956
:10975000E248006820F48030E0490860084600686C
:1097600020F4802008601AE06068B0F5A02F0BD1CB
:10977000DA48006840F48020D8490860084600684C
:1097800040F4803008600AE0D448006820F480305B
:10979000D24908600846006820F48020086000BFB5
:1097A000606888B1FEF70EFD054606E0FEF70AFD8B
:1097B000401B642801D9032098E7C848006800F4DA
:1097C00000300028F2D010E0FEF7FCFC054606E071
:1097D000FEF7F8FC401B642801D9032086E7BF4848
:1097E000006800F400300028F2D1207800F0020078
:1097F000022857D1B948406800F00C0050B1B74872
:10980000406800F00C00082818D1B448406800F403
:10981000803098B9B148006800F0020020B120699A
:10982000012801D0012061E7AC48006820F0F80071
:10983000616940EAC100A949086033E02069E8B1E4
:109840000120A7490860FEF7BDFC054606E0FEF7CB
:10985000B9FC401B022801D9032047E79F48006854
:1098600000F002000028F2D09C48006820F0F800C8
:10987000616940EAC1009949086013E000209849F5
:109880000860FEF79FFC054606E0FEF79BFC401BC8
:10989000022801D9032029E79048006800F002005F
:1098A0000028F2D1207800F0080008282DD1A06906
:1098B000B8B101208B490860FEF784FC054606E03C
:1098C000FEF780FC401B022801D903200EE78348E5
:1098D000406A00F002000028F2D0012002F014F9E2
:1098E00013E000207F490860FEF76CFC054606E0A7
:1098F000FEF768FC401B022801D90320F6E67748F2
:10990000406A00F002000028F2D1207800F0040044
:10991000042873D100277148C06900F0805070B9E5
:1099200000BF6E48C06940F080506C49C86108466D
:10993000C06900F08050009000BF00BF01276A4856
:10994000006800F48070B0B96748006840F4807027
:1099500065490860FEF736FC054606E0FEF732FC76
:10996000401B642801D90320C0E65F48006800F46A
:1099700080700028F2D000BFE068012806D1574867
:10998000006A40F001005549086227E0E06858B9D4
:109990005248006A20F00100504908620846006AF7
:1099A00020F00400086219E0E06805280BD14B485C
:1099B000006A40F00400494908620846006A40F025
:1099C000010008620AE04548006A20F001004349AE
:1099D00008620846006A20F00400086200BFE068E0
:1099E000A0B1FEF7EFFB054609E0FEF7EBFB401BDD
:1099F00041F28831884202D9032077E622E03748D5
:109A0000006A00F002000028EFD012E0FEF7DAFB57
:109A1000054608E0FEF7D6FB401B41F2883188423C
:109A200001D9032062E62D48006A00F002000028F8
:109A3000F0D1012F05D12948C06920F08050274975
:109A4000C86100BFE069C8B32448406800F00C005A
:109A5000082860D0E069022848D100202049086623
:109A6000FEF7B0FB054606E0FEF7ACFB401B022804
:109A700001D903203AE61948006800F00070002878
:109A8000F2D1206AB0F5803F07D11448406820F435
:109A90000030A168084311494860D4E9080108432F
:109AA0000E49496821F4741108430C4948600120AB
:109AB0000B490866FEF786FB054607E03DE0FEF72A
:109AC00081FB401B022801D903200FE603480068F0
:109AD00000F000700028F2D02FE0000000100240DB
:109AE00000004242800442420070004000201449BD
:109AF0000866FEF767FB054606E0FEF763FB401BC2
:109B0000022801D90320F1E50E48006800F000703A
:109B10000028F2D111E0E069012800D1E6E509480A
:109B2000466806F48031206A814204D106F470113F
:109B3000606A814201D00120D8E50020D6E500000E
:109B400000004242001002402DE9F04780460E46D8
:109B50009246002500270024A146404602F02DF839
:109B600081462548B9FBF0F424480068A04240D063
:109B70002248046040F2B2750EE0284606F02AF84A
:109B8000012806D1B4F5B77F02D3A4F5B77402E07B
:109B900005E0A4F26D146D1CB4F5B67FEDD800BFDE
:109BA0002F46A5F5FA60F070002515E0012D09D1CA
:109BB000384606F00FF8012804D11D2C01D31D3CB6
:109BC00009E00BE00E48405DA04203D80C48405D20
:109BD000241A00E002E06D1C1C2CE7D200BF681CB8
:109BE0007070601CB070B2787178F07801F0FFFF8F
:109BF00030700020BDE8F087805101003C0100205A
:109C00001D1001082DE9F04707460C469146002635
:109C1000B046002538684068C0F3800010B10120CC
:109C2000BDE8F087384601F0C8FF06464FF4616092
:109C3000B6FBF0F5B6FBF0F100FB11603C21B0FB88
:109C4000F1F060704FF46160B6FBF0F100FB116061
:109C50003C21B0FBF1F201FB1200A0701820B5FB13
:109C6000F0F100FB11502070182D08D31820B5FB1F
:109C7000F0F8B5FBF0F100FB1150207000E025700A
:109C80000020CDE770B5044600250CB9012070BD59
:109C9000607C20B900202074204600F05BF8022090
:109CA0006074204600F085F918B10420607401202A
:109CB000EDE7204601F047FF18B104206074012051
:109CC000E5E72068406820F0070021684860A06848
:109CD00028B11F48006820F001001D4908601C4899
:109CE000001F006820F46070A16808431849091F2C
:109CF00008606068401C08B1656809E00120FFF752
:109D00007FFA05461DB9042060740120BFE76D1E6F
:109D10002068806820F00F0040EA154021688860C4
:109D20002068C06865F30F002168C860204601F014
:109D300027FF18B1042060740120A8E70021E17317
:109D400001216173A1730120607400209FE700006E
:109D5000306C004038B504460B492068884212D167
:109D6000FFF748FA00BF0948C06940F000600749A2
:109D7000C8610846C06900F00060009000BF00BFE5
:109D800001200349086038BD00280040001002404F
:109D90003C0442422DE9F04F87B006460F464FF093
:109DA000000900200690804600240590049003904E
:109DB000824600BF48A207CA8DE80700304601F07E
:109DC000FCFE81464FF46160B9FBF0F006904FF461
:109DD0006160B9FBF0F100FB11903C21B0FBF1F0A8
:109DE000C0B204904FF46160B9FBF0F100FB119038
:109DF0003C21B0FBF1F201FB120003901821069800
:109E0000B0FBF1F201FB12000590F87800F5FA685A
:109E100040F63300804500D9804640F2B27080455C
:109E200000D2804640F2B2750AE0284605F0D2FE24
:109E3000012802D12B48044401E02B4804446D1C46
:109E40004545F2D397F801A0404605F0C3FE01282E
:109E500004D1BAF1020F01D924480444AAF1010A3D
:109E6000002507E01DF8050040F2A321484304EB5C
:109E7000C0146D1C5545F5D397F802B0ABF1010045
:109E800040F2A321484304EBC0140598C0EB4011F5
:109E9000C1EB002004EB00140498C0EB001004EBAD
:109EA00080040398044400BF307C012803D10220C1
:109EB00007B0BDE8F08F0120307400BF022070743D
:109EC0002146304601F0D5FE0120707400BF00200D
:109ED000307400BF00BFEBE71F1C1F1E1F1E1F1F9B
:109EE0001E1F1E1F0085E2018033E1018051010029
:109EF0002DE9F05F04460D46904600260027B14646
:109F0000B246204601F059FE07464FF46160B7FBA8
:109F1000F0F9B9F1180F0AD31820B9FBF0FA0AEBDF
:109F20004A00C0004FF4616100FB01F700E0002728
:109F300000BF207C012802D10220BDE8F09F012053
:109F4000207400BF02206074B8F1000F0BD1287894
:109F50004FF4616148436978C1EB011100EB810066
:109F6000A978461812E0287801F0E2FD4FF461610B
:109F700000FB01FB687801F0DBFDC0EB00100BEB90
:109F8000800BA87801F0D4FD0BEB00063E4431466F
:109F9000204601F06EFE2068406820F00500216830
:109FA00048600120607400BF0020207400BF00BF23
:109FB000C3E770B5044600250CB9012070BD2068C8
:109FC000406820F0080021684860FEF7FBF805466D
:109FD00007E0FEF7F7F8401BB0F57A7F01D90320C0
:109FE000ECE72068406800F008000028F1D000206D
:109FF000E4E710B504460CB9012010BD606A38B919
:10A000006068B0F5827F00D105E00021E16102E0E7
:10A010000021216161610021A16294F8510028B9F9
:10A02000002084F85000204600F042F8022084F816
:10A0300051002068006820F0400021680860A08876
:10A0400000F48270218901F404410843A18901F4DC
:10A0500000610843217C01F002010843217D01F0E9
:10A0600001010843218B01F400710843217F01F0B5
:10A07000380108432021095D01F080010843218D4A
:10A0800001F400510843216808600421A06901EA35
:10A090001040216848602068C06920F40060216891
:10A0A000C86100206065012084F851000020A4E709
:10A0B00010B586B0044600200290039004900590ED
:10A0C0001949206888422DD100BF1848806940F4A2
:10A0D0008050164988610846806900F480500190DC
:10A0E00000BF00BF00BF0846806940F004008861DF
:10A0F0000846806900F00400019000BF00BFA02066
:10A100000290022003900320059002A90848FDF761
:10A11000B1FE4020029000200390049002A9044860
:10A12000FDF7A8FE06B010BD00300140001002404F
:10A13000000801402DE9FF5F0446884691461D4610
:10A140000E9E012002900020019000BF94F8500064
:10A15000012803D1022004B0BDE8F09F012084F85B
:10A16000500000BFFEF72EF8074694F851B0606823
:10A170000390AA46BBF1010F0BD00398B0F5827F84
:10A1800004D1A06810B9BBF1040F02D002200190E5
:10A19000DBE0B8F1000F03D0B9F1000F00D015B922
:10A1A00001200190D1E094F85100042802D005204C
:10A1B00084F8510000206065C4F83890E587A587D1
:10A1C000C4F83080E586A586206460642068006855
:10A1D00000F04000402805D02068006840F04000B2
:10A1E00021680860E068B0F5006F4AD1606810B17E
:10A1F000BAF1010F09D1206B00882168C860206B7B
:10A20000801C2063E08E401EE08633E0206880687A
:10A2100000F00200022810D1E08E70B102980128EF
:10A220000BD1206B00882168C860206B801C2063E4
:10A23000E08E401EE086002002902068806800F0DA
:10A24000010068B1E08F58B12068C068A16B088038
:10A25000A06B801CA063E08F401EE087012002906D
:10A26000FDF7B0FFC01BB04204D3701C10B1032037
:10A2700001906AE0E08E0028C8D1E08F0028C5D1A7
:10A280004AE0606810B1BAF1010F09D1206B007883
:10A2900021680873206B401C2063E08E401EE0861E
:10A2A00034E02068806800F00200022810D1E08EBF
:10A2B00070B1029801280BD1206B007821680873D7
:10A2C000206B401C2063E08E401EE0860020029040
:10A2D0002068806800F0010068B1E08F58B1206804
:10A2E000C068A16B0870A06B401CA063E08F401E8B
:10A2F000E08701200290FDF765FFC01BB04201D34B
:10A30000701C00B916B9032001901EE0E08E0028F1
:10A31000C7D1E08F0028C4D13A463146204601F02B
:10A32000DBFC20B101200190202060650DE0A068D9
:10A3300050B900BF002000902068C06800902068DD
:10A340008068009000BF00BF00BF012084F851006A
:10A3500000BF002084F8500000BF0198FBE670B5F4
:10A3600004462546681EB0F1807F01D301200FE02E
:10A37000681E4FF0E02148610F214FF0FF3004F0DC
:10A3800073FF00204FF0E021886107200861002062
:10A3900070BD70477047000030B502460B4600BFE5
:10A3A00092F83C00012801D1022030BD012082F842
:10A3B0003C0000BF022082F83D001068446810682D
:10A3C000816824F070041868044310684460104DDC
:10A3D0001068A8420BD01068B0F1804F07D00D4D27
:10A3E0001068A84203D00C4D1068A84205D121F096
:10A3F00080015868014310688160012082F83D00A7
:10A4000000BF002082F83C0000BF00BFCDE7000085
:10A41000002C0140000400400008004010B5044634
:10A420000CB9012010BD94F83D0028B9002084F833
:10A430003C00204600F026F8022084F83D00211D53
:10A44000206801F0E5FE012084F8460000BF84F892
:10A450003E0001213F20015540200155412001557A
:10A4600000BF00BF012084F8420043200155442072
:10A4700001554520015500BF012084F83D00002012
:10A48000D0E7000038B504461A492068884216D142
:10A4900000BF1948C06940F002001749C86108466A
:10A4A000C06900F00200009000BF00BF002211460A
:10A4B0001D20FDF73DFF1D20FDF72AFF19E0206854
:10A4C000B0F1804F15D100BF0B48C06940F00100CA
:10A4D0000949C8610846C06900F00100009000BF4A
:10A4E00000BF022211461C20FDF722FF1C20FDF7B1
:10A4F0000FFF38BD0004004000100240014691F8F3
:10A500003D00012801D001207047022081F83D0064
:10A51000124B086898420BD00868B0F1804F07D002
:10A520000F4B0868984203D00E4B086898420CD134
:10A530000868806800F00702062A0CD008680068E6
:10A5400040F001000B68186005E00868006840F002
:10A5500001000B6818600020D6E70000002C0140C5
:10A560000004004000080040014691F83D00012829
:10A5700001D001207047022081F83D000868C068C2
:10A5800040F001000B68D860124B086898420BD06D
:10A590000868B0F1804F07D00F4B0868984203D08D
:10A5A0000E4B086898420CD10868806800F00702DA
:10A5B000062A0CD00868006840F001000B6818609B
:10A5C00005E00868006840F001000B681860002092
:10A5D000D0E70000002C01400004004000080040CB
:10A5E0002DE9F04104460D4600BF94F83C000128D7
:10A5F00002D10220BDE8F081012084F83C0000BFB8
:10A60000022084F83D002068866826F0770626F44C
:10A610007F46206886602868502833D00CDC2028CC
:10A6200050D004DC00284BD0102851D149E030280C
:10A6300049D040284CD139E060282DD0702807D06F
:10A64000B0F5805F03D0B0F5005F41D10DE040E090
:10A65000D5E902136A68206801F014FE2068866854
:10A6600046F077062068866033E0D5E902136A6811
:10A67000206801F007FE2068806840F4804021686F
:10A68000886026E0EA686968206801F00FFE5021C2
:10A69000206801F002FE1CE0EA686968206801F0A9
:10A6A00018FE6021206801F0F8FD12E0EA68696890
:10A6B000206801F0FBFD4021206801F0EEFD08E07C
:10A6C00000BF00BF00BF2968206801F0E6FD00E080
:10A6D00000BF00BF012084F83D0000BF002084F8C7
:10A6E0003C0000BF00BF85E7704710B504462068F6
:10A6F0000069C0F34000D8B12068C068C0F34000D2
:10A70000B0B16FF002002168086101202077206855
:10A71000806900F0030018B12046FFF7E5FF05E06F
:10A72000204600F0ADF8204600F0ABF8002020777E
:10A7300020680069C0F38000D8B12068C068C0F309
:10A740008000B0B16FF0040021680861022020771A
:10A750002068806900F4407018B12046FFF7C4FFFC
:10A7600005E0204600F08CF8204600F08AF8002032
:10A77000207720680069C0F3C000D8B12068C068A5
:10A78000C0F3C000B0B16FF0080021680861042078
:10A7900020772068C06900F0030018B12046FFF759
:10A7A000A3FF05E0204600F06BF8204600F069F8B2
:10A7B0000020207720680069C0F30010D8B120681D
:10A7C000C068C0F30010B0B16FF0100021680861DC
:10A7D000082020772068C06900F4407018B1204636
:10A7E000FFF782FF05E0204600F04AF8204600F01F
:10A7F00048F8002020772068006900F0010058B177
:10A800002068C06800F0010030B16FF001002168DD
:10A810000861204600F036F820680069C0F3C010D7
:10A8200058B12068C068C0F3C01030B16FF080002C
:10A83000216808612046FFF7ACFD20680069C0F37D
:10A84000801058B12068C068C0F3801030B16FF03C
:10A85000400021680861204600F020F82068006967
:10A86000C0F3401058B12068C068C0F3401030B148
:10A870006FF02000216808612046FFF78BFD10BDB6
:10A880007047704710B5044603492068884201D1DB
:10A8900001F0D0FA10BD000000040040704770477E
:10A8A000704700002DE9F84F0446206805682068CD
:10A8B000C668206847694FF00009CA4605F00F09CD
:10A8C000B9F1000F0AD105F0200038B106F02000E0
:10A8D00020B1204601F046FDBDE8F88FB9F1000F28
:10A8E00071D007F0010018B906F4907000286AD002
:10A8F00005F0010030B106F4807018B1206C40F012
:10A900000100206405F0040030B107F0010018B127
:10A91000206C40F00200206405F0020030B107F026
:10A92000010018B1206C40F00400206405F008001C
:10A9300048B106F0200010B907F0010018B1206CF2
:10A9400040F008002064206C68B305F0200028B1B6
:10A9500006F0200010B1204601F004FD2068406997
:10A96000C0F3801A206C00F0080010B9BAF1000F93
:10A9700022D0204601F0CBFC2068406900F0400066
:10A98000B0B12068406920F0400021684861A06BA8
:10A9900050B15648A16B4863A06BFDF72DF910B17B
:10A9A000A06B416B88470CE02046FFF779FF08E079
:10A9B0002046FFF775FF04E02046FFF771FF0020F7
:10A9C000206489E7FFE7206B012878D105F01000AB
:10A9D000002874D006F01000002870D000BF0020BE
:10A9E000009020680068009020684068009000BFD8
:10A9F00000BF2068406900F04000C0B3A06B006851
:10AA000040681FFA80F8B8F1000F2FD0A08D4045A4
:10AA10002CDDA4F82E80A06B806920281FD0206830
:10AA2000C06820F480702168C8602068406920F008
:10AA30000100216848612068406920F040002168D9
:10AA40004861202084F83E00002020632068C06810
:10AA500020F010002168C860A06BFDF7A1F8A08D60
:10AA6000E28D801A81B22046FFF719FF34E7FFE735
:10AA7000A08DE18D401A1FFA80F8E08DE8B1B8F1A1
:10AA8000000F1AD02068C06820F490702168C86058
:10AA90002068406920F0010021684861202084F886
:10AAA0003E00002020632068C06820F0100021686C
:10AAB000C86041462046FFF7F2FE0DE7FFE705F0CC
:10AAC000800030B106F0800018B1204601F03AFD58
:10AAD00002E705F0400030B106F0400018B1204612
:10AAE00001F030FCF8E600BFF6E60000FBC200080B
:10AAF00010B504460CB9012010BDA06900B100E0FA
:10AB000000BF94F83D0028B9002084F83C0020469E
:10AB100000F028F8242084F83D002068C06820F464
:10AB200000502168C860204601F08EFC2068006952
:10AB300020F49040216808612068406920F02A00D4
:10AB4000216848612068C06840F400502168C860EE
:10AB500000202064202084F83D0084F83E0000207E
:10AB6000CAE7000010B586B00446002002900390AA
:10AB7000049005905D49206888423FD100BF5C4841
:10AB8000806940F480405A4988610846806900F431
:10AB90008040019000BF00BF00BF0846806940F0C0
:10ABA000080088610846806900F00800019000BF35
:10ABB00000BF40200290022003900320059002A9CC
:10ABC0004C48FDF757F98020029000200390049034
:10ABD00002A94848FDF74EF900BF4749486840F0D0
:10ABE000E06040F00400486000BF002211462520CC
:10ABF000FDF79EFB2520FDF78BFB75E03F492068A4
:10AC0000884236D100BF3A48C06940F40030384924
:10AC1000C8610846C06900F40030019000BF00BF61
:10AC200000BF0846806940F00400886108468069DA
:10AC300000F00400019000BF00BF04200290022039
:10AC400003900320059002A92D48FDF713F9082071
:10AC5000029000200390049002A92948FDF70AF908
:10AC6000002211462620FDF763FB2620FDF750FB4E
:10AC70003AE024492068884236D100BF1C48C069A8
:10AC800040F480201A49C8610846C06900F4802059
:10AC9000019000BF00BF00BF0846806940F0080077
:10ACA00088610846806900F00800019000BF00BF7D
:10ACB00008150290022003900320059002A90D4878
:10ACC000FDF7D8F84FF40060029000200390049044
:10ACD00002A90848FDF7CEF8002211462720FDF70B
:10ACE00027FB2720FDF714FB06B010BD00380140FC
:10ACF00000100240000C01400000014000440040F0
:10AD0000000801400048004070472DE9F84F044614
:10AD10000E46174699464FF0000A94F83D00202849
:10AD20005AD106B117B90120BDE8F88F00BF94F8D9
:10AD30003C00012801D10220F6E7012084F83C0004
:10AD400000BF00202064212084F83D00FDF73AFA7E
:10AD50008246A784E784A068B0F5805F04D12069AB
:10AD600010B90025B04602E035464FF0000800BF9C
:10AD7000002084F83C0000BF1BE0534600228021E5
:10AD80002046CDF8009001F00DFC08B10320CBE780
:10AD900045B9B8F80000C0F308002168486008F120
:10ADA000020803E02878216848606D1CE08C401E92
:10ADB000E084E08C0028E0D1534600224021204668
:10ADC000CDF8009001F0EEFB08B10320ACE72020A5
:10ADD00084F83D000020A7E70220A5E770470000A7
:10ADE00002E002A005F03CFEFBE700007B2252657A
:10ADF00063697665223A7B22537461747573223AD3
:10AE000037307D7D0A00000030B59DB004460D4608
:10AE10007022284901A8FAF795FD332D37D006DCBA
:10AE2000102D0BD0122D3AD0142D40D117E0352D16
:10AE30001DD0372D0BD0392D39D120E0A006010EC1
:10AE40001D4B01AA602000F0B5F81DB030BDA00672
:10AE5000010E194B05AA612000F0ACF8F5E7A00639
:10AE6000010E154B09AA602000F0A4F8EDE7A0063A
:10AE7000010E114B0DAA612000F09CF8E5E7A00639
:10AE8000010E0D4B11AA612000F094F8DDE7A00639
:10AE9000010E094B15AA612000F08CF8D5E7A00639
:10AEA000010E054B19AA602000F084F8CDE70120BF
:10AEB000CBE7000044100108301E002070B50446A6
:10AEC0000D462946204600F0F7F870BD70B50446DF
:10AED0000026002504E0002013494855681CC5B22F
:10AEE0000A2DF8DB104800F09CF830B10020E0702B
:10AEF000A070607020704E2070BD0B4800F015F9F6
:10AF000030B90020E070A070607020704E20F3E730
:10AF1000002504E00448405D6055681CC5B2042D5E
:10AF2000F8DB0020E8E70000301E002030B50B46BB
:10AF3000002100BF16E00A24B4EB107F05D93024AD
:10AF400004EB107403F8114005E0412404EB107485
:10AF50000A3C03F81140000100254C00641C1D55FB
:10AF60004C1CE1B29142E6DB30BD2DE9FC410446C8
:10AF7000002700210D2004F033F9932020702020B9
:10AF8000607001A823460222214600900C2000F0A8
:10AF9000F9F806465EB9002503E0605D4740681C8D
:10AFA000C5B2042DF9DB605DB84200D00226304600
:10AFB000BDE8FC812DE9F04385B006460F4690467A
:10AFC00099468DF804608DF80570002406E018F8A5
:10AFD000041001AAA01C1154601CC4B2062CF6DB9C
:10AFE000002407E019F8041001AA04F10800115424
:10AFF000601CC4B2042CF5DB04A801AB0C2201A92F
:10B0000000900E2000F0BEF805462DB9082000F093
:10B0100047FE00F0080000B90225284605B0BDE84B
:10B02000F08370B5044608210846FBF74BFD214626
:10B03000522000F05CF805461DB92046FFF795FF49
:10B040000546284670BD000010B5012210211848A1
:10B05000FDF7B2F8002201211648FDF7ADF80120F6
:10B06000FCF722FE012211461248FDF7A5F8012047
:10B07000FCF71AFE00F053F88D212A2004F0B0F8F6
:10B080003E212B2004F0ACF81E212D2004F0A8F85E
:10B0900000212C2004F0A4F84021152004F0A0F891
:10B0A0003D21112004F09CF8FBF709FC10BD0000C5
:10B0B00000080140000C01407CB505460C463020DC
:10B0C00020706570A21C02212046FBF7C9FC01A874
:10B0D00023460422214600900C2000F053F8064637
:10B0E00016B90198902800D0022630467CBD7CB568
:10B0F00006460C4607210D2004F072F8267001A8C0
:10B1000023460122214600900C2000F03BF8054622
:10B1100015B90198102800D0022528467CBD10B52D
:10B120000F21012004F05CF810BDF0B585B0074692
:10B1300093208DF8040070208DF80500002405E0B0
:10B14000395D01AAA01C1154601CC4B2052CF7DBA8
:10B150000DF10B02072101A8FBF782FC04A801AB4B
:10B16000092201A900900C2000F00CF805462DB929
:10B170000498182802D19DF8046000E000263046AB
:10B1800005B0F0BD2DE9FE4F0646884691469A4629
:10B19000DDF830B0022002900020019000900C2ECB
:10B1A00006D00E2E09D1122001901020009005E04B
:10B1B000772001903020009000E000BF00BF019890
:10B1C00040F08001022004F00BF880210420FBF7FE
:10B1D00079FC80210A2000F000FE0021012003F00C
:10B1E000FFFF002505E018F80510092003F0F8FF1F
:10B1F0006D1C4D45F7D33146012003F0F1FF0C2EB5
:10B2000003D180210D2000F0E8FD4FF4FA6500BF66
:10B21000042000F045FD04466D1E35B104F0010028
:10B2200018B9009820400028F2D080210D20FBF7AB
:10B2300049FC95B3062000F033FD00F01B0068BB0D
:10B24000002002900198204000F0010008B1012088
:10B2500002900C2E24D10A2000F022FD04460C207E
:10B2600000F01EFD00F007072FB1601E07EBC000C5
:10B27000CBF8000002E0E000CBF8000004B90124A4
:10B28000102C00DD1024002505E0092000F008FD49
:10B290000AF805006D1CA542F7D301E002200290D8
:10B2A0000298BDE8FE8F000000B585B00020019037
:10B2B00002900390049000BF3D48806940F0100068
:10B2C0003B4988610846806900F01000009000BF8B
:10B2D00000BF00BF0846806940F020008861084632
:10B2E000806900F02000009000BF00BF00BF08464A
:10B2F000806940F0040088610846806900F004001D
:10B30000009000BF00BF00BF0846806940F0080001
:10B3100088610846806900F00800009000BF00BF07
:10B3200000224FF4E2612348FCF746FF002201218E
:10B330002148FCF741FF4FF4E260019001200290A8
:10B34000002003900320049001A91A48FCF792FD05
:10B35000012001900290002003900220049001A996
:10B360001548FCF787FD002208211348FCF724FF4D
:10B3700008200190012002900020039002200490F8
:10B3800001A90D48FCF776FD0122D1030948FCF71D
:10B3900013FF4FF400400190012002900020039021
:10B3A0000320049001A90348FCF764FD05B000BD2B
:10B3B0000010024000080140000C014010B5074891
:10B3C000074908600620486040F6FF710448816024
:10B3D000FCF7FEFE08B1FBF793FB10BD0030004008
:10B3E000740A00201CB5002001900090074808490D
:10B3F00008604FF0FF3048604FF48071044881606E
:10B40000FEF740FC08B1FBF77BFB1CBD00280040A9
:10B41000800A002010B50F480F4908604FF4827071
:10B42000486000210C488160C160016141614FF4B6
:10B43000007181612821C1610021016241624FF4E4
:10B44000005181620921C162FEF7D3FD08B1FBF70B
:10B4500057FB10BD00300140940A002000B587B0B2
:10B4600000200390049005900690019002901448EB
:10B470001449086040F2DB504860002111488160A7
:10B480000121C160002101618161FEF7C7FF08B1A0
:10B49000FBF736FB4FF48050039003A90948FFF7F0
:10B4A0009FF808B1FBF72CFB00200190029001A946
:10B4B0000448FEF771FF08B1FBF722FB07B000BD9F
:10B4C00000040040EC0A002010B50B480B4908604E
:10B4D0004FF416504860002108488160C160016146
:10B4E0000C21416100218161C161FFF701FB08B1BD
:10B4F000FBF706FB10BD000000380140340B0020B4
:10B5000010B50B480B4908604FF4E130486000214A
:10B5100008488160C16001610C21416100218161A5
:10B52000C161FFF7E5FA08B1FBF7EAFA10BD0000C8
:10B5300000440040780B002010B50B480B49086010
:10B540004FF496404860002108488160C160016165
:10B550000C21416100218161C161FFF7C9FA08B185
:10B56000FBF7CEFA10BD000000480040BC0B0020E5
:10B570001FB5002000900190029003904FF480507E
:10B580000090012001900220029003200390694660
:10B590001448FCF76FFC00224FF480511148FCF76F
:10B5A0000BFE6420FCF780FB00220F490F4801F0DE
:10B5B0002EFD08B1FBF7A4FA0D490C4801F0C0FFBD
:10B5C00008B1FBF79DFA0B49084801F0C6F908B12C
:10B5D000FBF796FA054802F07DF808B1FBF790FA00
:10B5E0001FBD000000080140BC000020000C00202E
:10B5F000540100201401002000BFFEE7FEF762F8AE
:10B6000000BFFEE72DE9F0470546EAE12868B0F8FB
:10B6100044A00AF00F06002E7ED10AF01000B0BB45
:10B6200000BF2968098848F60F7201EA020040F459
:10B6300000412A68118000BF05F128042868B0F88D
:10B640005010207801EBC000801C296801F5806152
:10B6500031F81000C0F30900E061E1696069084455
:10B66000606100212846FCF7D8FE95F824000028E8
:10B67000CBD0A0690028C8D195F8240040F0800004
:10B680002968A1F84C00002085F82400A9E1FFE713
:10B6900005F5B4742868B0F8008008F4006030B391
:10B6A0002868B0F85010207801EBC000801D296890
:10B6B00001F5806131F81000C0F30900E061A18B51
:10B6C0008BB2E28805F52C71286803F0B9FB00BF46
:10B6D0002968098840F68F7201EA020040F0800173
:10B6E0002A68118000BF2846FDF74BFD79E108F478
:10B6F0000040002889D000BF2968098840F68F7271
:10B7000001EA020040F080012A68118000BF286829
:10B71000B0F85010207800E06FE001EBC000801D11
:10B72000296801F5806131F81000C0F30900E0617B
:10B73000E06990B1606980B1B4F81CC01FFA8CF365
:10B74000E2886169286803F07BFBE169606908446D
:10B75000606100212846FCF770FE2868008800F42C
:10B760000060002892D100BF2A682968B1F8501003
:10B770000A4402F20C41084600BF236953B903880A
:10B7800048F2FF3C03EA0C030380038843F40043C0
:10B7900003801EE023693E2B0DD800BF23695908A2
:10B7A000237C03F0010303B1491C4FF6FF7303EA46
:10B7B000812303800DE000BF23695909237C03F036
:10B7C0001F0303B9491E4FF4004343EA812303805A
:10B7D00000BF00BF00BF00BF296809884BF68F7209
:10B7E00001EA020080F4805080F4005040F40041EF
:10B7F00041F080012A681180F3E07100286830F878
:10B80000118008F4004000287ED000BF7200296833
:10B8100031F8121040F68F7201EA020040F0800108
:10B8200073002A6822F8131000BF06EB860105F5A5
:10B83000B47000EBC104207BB0B92868B0F8501098
:10B84000207801EBC000801D296801F5806131F886
:10B850001000C0F30907002F5BD0E28861693B4606
:10B86000286803F0EDFA54E0E078022806D1424659
:10B8700021462846FCF764FE07464AE000BF00BFA9
:10B8800022785200296831F8121048F68F7201EAC6
:10B89000020040F4004141F0C00123785B002A68B7
:10B8A00022F8131000BF00BF21784900286830F843
:10B8B000110000F48040A8B12868B0F8501020783A
:10B8C00001EBC000801C296801F5806131F810008F
:10B8D000C0F30907EFB1228961693B46286803F08C
:10B8E000AFFA16E02868B0F85010207801EBC000DD
:10B8F000801D296801F5806131F81000C0F3090747
:10B900003FB16289616900E017E03B46286803F0B7
:10B9100097FAE0693844E061606938446061A06981
:10B9200010B12069B84204D921782846FCF785FD7A
:10B9300003E02146286802F0A8FC08F08000B0B3BC
:10B9400006EB860105F1280000EBC10400BF720080
:10B95000296831F8121048F60F7201EA020040F42B
:10B96000004173002A6822F8131000BFE078032812
:10B9700007D0E07828B1E07802282DD108F4807053
:10B9800050BB2868B0F85010207801EBC000801C34
:10B99000296801F5806131F81000C0F30909A06938
:10B9A000484505D9A069A0EB0900A06102E018E0B4
:10B9B0000020A061A06920B921782846FCF72DFD60
:10B9C0000FE0606948446061E0694844E0612146F5
:10B9D000286802F05AFC04E0424621462846FCF75B
:10B9E0005BFE2868B0F8440000F4004000287FF4B3
:10B9F0000DAEBDE8F087704710B5A8B034221EA187
:10BA00001BA8F9F79FFF6C2228496846F9F79AFFAF
:10BA100027484078012809D1002404E01BA908190F
:10BA200004F004FF641C322CF8D919E02048407857
:10BA3000022809D1002404E00DEB040004F0F6FE16
:10BA4000641C692CF8D90BE0022404E01849081999
:10BA500004F0ECFE641C16484078401CA042F5D26D
:10BA600014A004F0FDFF4FF416711148F9F783FF9D
:10BA7000002028B010BD00000000000E02F9457043
:10BA80000000000000000000313234351C3230303C
:10BA900030301C1C1C1C1656800F7393FCCEE6AA7B
:10BAA000BF7A453C6A6EA83144FD0000B40F01081E
:10BAB000BE0400207B2252656365697665223A7B6D
:10BAC00022537461747573223A32362C2254797081
:10BAD00065223A22506F735472616E7361637469A8
:10BAE0006F6E227D7D0A000001B582B064200123C3
:10BAF00001AA02A900900348FEF71CFB9DF8040070
:10BB00000EBD0000940A002008B508490968C9085C
:10BB10004FF47A72B1FBF2F14143009100BF00BFD4
:10BB200000994A1E00920029F9D108BD4001002069
:10BB3000014600BF080900EB8000420001F00F0041
:10BB40001044C0B2704770B504460025FCF73AFBBC
:10BB5000054607E0FCF736FB401BB0F57A7F01D9BC
:10BB6000032070BD2068406800F020000028F1D05C
:10BB70002068406840F01000216848600020F0E72D
:10BB800070B5044600252068406820F01000216848
:10BB90004860FCF717FB054607E0FCF713FB401B6A
:10BBA000B0F57A7F01D9032070BD2068406800F0AD
:10BBB00020000028F1D00020F6E730B50146002231
:10BBC0000023002400200D68AD69AAB20D68ED695C
:10BBD000ACB20D68AD69ABB29A4205D00D68ED69A3
:10BBE00063F31F45284601E044EA024030BDF0B54A
:10BBF00004460B460021002504F5FA61032B1BD2F5
:10BC0000C3EBC30000EB03100926B0FBF6F01044B1
:10BC1000001D4618481E06EB90066427B0FBF7F09F
:10BC2000361A481EBF00B0FBF7F030440726B0FBC1
:10BC3000F6F706FB17051AE0C3EBC30000EB031091
:10BC40000926B0FBF6F01044001D084400EB9100FB
:10BC50006426B1FBF6F6801B4FF4C876B1FBF6F60E
:10BC60003044801E0726B0FBF6F706FB1705E8B246
:10BC7000F0BD70B504460D4600262046FFF763FF71
:10BC800008B101260AE0280C21688861A8B2216861
:10BC9000C8612046FFF774FF00B10126304670BD31
:10BCA00070B50446002210210A48FCF785FA7E216F
:10BCB00001EA440141F08000FFF716FF0020FFF782
:10BCC00013FF0546012210210248FCF775FA2846A9
:10BCD00070BD000000080140F8B504460D46164648
:10BCE0002B46002280212046009600F009F828B15A
:10BCF000606D40F0200060650320F8BD0020FCE787
:10BD00002DE9F84F04460D4690461E46DDF8289072
:10BD1000FCF758FAA0EB0900371AFCF753FA8246F1
:10BD20002C480068C0F3CB307843009045E0701C8D
:10BD3000002842D0FCF746FAA0EB0A00B84200D235
:10BD4000A7BB2068406820F0E00021684860606878
:10BD5000B0F5827F0DD1A068B0F5004F03D0A06888
:10BD6000B0F5806F05D12068006820F040002168A0
:10BD70000860A06AB0F5005F0DD100BF20680068C0
:10BD800020F40050216808602068006840F40050EA
:10BD90002168086000BF012084F8510000BF002026
:10BDA00084F8500000BF0320BDE8F88FFFE700983B
:10BDB00000B900270098401E009020688068284045
:10BDC000A84201D1012000E000204045AFD1002071
:10BDD000EAE7000040010020704770B505460C46B8
:10BDE0002846FFF75DFF064646EA0401284603F0B1
:10BDF000F7F970BD0146012901DB012070470120E0
:10BE0000024A02EB411290700020F7E7D01D00209B
:10BE100070B504460D4629462046FCF7BBF970BDB7
:10BE200070B504460D461646324629462046FCF7B4
:10BE3000C3F970BD70B500F0F9F80546002411E0B3
:10BE4000164800EB4410C07F15490978884208D194
:10BE500045FA04F202F00101104A02EB441000F02E
:10BE6000ABF8641C012CEBDB0D48007848B90024CA
:10BE700005E00A4901EB441000F01BF9641C012C99
:10BE8000F7DB07480078401C054908700846007831
:10BE9000052801DB0020087070BD0000D01D0020C7
:10BEA00057020020F0B504460D461646059F012CAA
:10BEB00001DB0120F0BD0020254901EB4411087091
:10BEC000234901EB44118871214901EB4411487168
:10BED0001F4901EB441148811D4901EB4411487091
:10BEE0001B4901EB44118870194901EB4411087199
:10BEF000174901EB4411C870154901EB4411C87191
:10BF0000134901EB44110872124800EB84101049E8
:10BF100001EB4411C8600E4800EB441083610C48EB
:10BF200000EB441087830A4800EB44100561084881
:10BF300000EB441086820020054901EB441188770C
:10BF4000034901EB4411C877FFF754FF0020B1E724
:10BF5000D01D0020F01D002030B503460C46012BFB
:10BF600001DB012030BD134800EB4310007808B11D
:10BF70000120F7E700200F4D05EB4315E8710D4850
:10BF800000EB43100272002106E0605C094D05EBF6
:10BF90004315ED686854491C9142F6DB0120054DBC
:10BFA00005EB43152870034D05EB43156870002021
:10BFB000D8E70000D01D002010B58278002A33D0C9
:10BFC000827962B901B110BD002242718279521C9E
:10BFD00082710023C26820324489135524E082799B
:10BFE000092A14DAC26820324389D25C01F00103C5
:10BFF0004479A3401A43D3B2C2682032448913550E
:10C000008279521C82714279521C42710CE0827911
:10C01000092A09D100228271827729B142891F2A17
:10C0200002DA4289521C428100BFCCE770B500267B
:10C0300000242CE0184A02EB4412918B164A02EBC2
:10C0400044129069FFF7E4FE0546134800EB4410E4
:10C050008079B0B9104800EB4410807F88B985B969
:10C060000E480078801C052190FBF1F201FB1200C4
:10C07000094901EB4411C8770120074901EB44113C
:10C08000887705F00100A0403043C6B2641C012C43
:10C09000D0DB304670BD0000D01D002057020020CC
:10C0A00070B504460D46A18A2A462069FFF7B8FEFE
:10C0B00070BD10B50446607800283FD0207958B98B
:10C0C000012020700020E07000212046FFF7E8FFEB
:10C0D0002079401C207131E02079092810DAE279BA
:10C0E000E068805CE278104100F001012046FFF733
:10C0F000D7FF2079401C2071E078401CE0701DE0E3
:10C100002079092807D101212046FFF7C9FF2079AE
:10C11000401C207112E020790A280FD100202071E4
:10C12000E079401CE071207AE179884203DD01204A
:10C130002070607002E000202070607010BD000070
:10C1400010B5FCF775F803480088401C01490880C9
:10C1500010BD00006800002000B593B0282109A898
:10C16000F9F709FC142104A8F9F705FC0020009058
:10C170000190029003900D2009904FF480300A90B6
:10C1800000200B9001200C900D900F900220109039
:10C19000C10311914FF4E011129109A8FDF7A2FA21
:10C1A00008B1FAF7ADFC0F200490022005900020A2
:10C1B00006904FF48060079000200890022104A8A8
:10C1C000FDF744F908B1FAF79BFC112000904FF4F9
:10C1D00080700190002003906846FDF79DF808B13B
:10C1E000FAF78EFCFDF7F8F913B000BD01480249DB
:10C1F000086070470058000808ED00E010B50348DB
:10C20000FEF740FB0148FEF770FA10BDEC0A002073
:10C2100010B50268184B984208D0B0F1804F05D095
:10C22000164B984202D0164B984203D122F070026E
:10C230004B681A43104B984208D0B0F1804F05D09C
:10C240000E4B984202D00E4B984203D122F440721A
:10C25000CB681A4322F080034C6943EA040202606F
:10C260008B68C3620B688362034B984201D10B69F0
:10C2700003630123436110BD002C01400004004012
:10C280000008004030B50C46816821F47F4142EA45
:10C29000032525432943816030BD0A46816821F08A
:10C2A000700142F0070319438160704730B50B46B7
:10C2B0001446026A056A25F001050562816921F0CC
:10C2C000F00141EA041122F00A021A43816102627C
:10C2D00030BD30B50B461446056A25F010050562E1
:10C2E0008169026A21F4704141EA043122F0A0021E
:10C2F00042EA03128161026230BD70B505466C6A84
:10C300000020E085E0842046FEF7CAFA70BD01688F
:10C31000C96821F490710268D1600168496921F00F
:10C32000010102685161016B012905D10168C968E9
:10C3300021F010010268D160202180F83E10002118
:10C340000163704710B504462068C06820F04000C3
:10C350002168C860202084F83D002046FEF73EFD9D
:10C36000002010BDF8B5044694F83E00222869D19B
:10C37000A068B0F5805F0CD1206950B90025A66A8D
:10C3800020684068C0F308003080A06A801CA0626A
:10C3900015E0A56A0026A068B0F5805F03D0A0680C
:10C3A00028B9206918B920684068287004E020681E
:10C3B000406800F07F002870A06A401CA062E08DF9
:10C3C000401E80B2E085A8BB2068C06820F0200035
:10C3D0002168C8602068C06820F480702168C86047
:10C3E0002068406920F0010021684861202084F81D
:10C3F0003E00206B01281ED1002020632068C06809
:10C4000020F010002168C8602068006800F010006B
:10C4100010280AD100BF002000902068006800901A
:10C4200020684068009000BF00BFA18D2046FEF745
:10C4300036FA03E004E02046FEF766FC0020F8BD73
:10C440000020FCE70220FAE770B50446216809697C
:10C4500021F44051E2681143226811612269A16808
:10C460001143626941EA02052168C96841F20C6220
:10C47000914329432268D1602168496921F44071C0
:10C48000A2691143226851612D4A2168914202D16B
:10C49000FDF7BEF801E0FDF7ABF800EBC00101EBE2
:10C4A000001162689200B1FBF2F100EBC00202EBF6
:10C4B000001263689B00B2FBF3F26423B2FBF3F259
:10C4C00002EBC20303EB0212A1EB8201322202EB68
:10C4D00001116422B1FBF2F101F0F00100EBC002A6
:10C4E00002EB001263689B00B2FBF3F26423B2FB21
:10C4F000F3F201EB021200EBC00101EB00116368E3
:10C500009B00B1FBF3F100EBC00303EB0013666883
:10C51000B600B3FBF6F36426B3FBF6F303EBC306F6
:10C5200006EB0313A1EB8301322303EB0111642318
:10C53000B1FBF3F101F00F0111442268916070BD6D
:10C5400000380140014691F83D00212828D1886833
:10C55000B0F5805F0BD1086948B90A6A1088C0F34A
:10C5600008000B685860086A801C086205E00B6AC6
:10C57000581C086218780B685860C88C401E80B23E
:10C58000C88458B90868C06820F080000B68D8607B
:10C590000868C06840F040000B68D8600020704711
:10C5A0000220FCE72DE9F04104460D461746984667
:10C5B000069E21E0701CF8B12EB1FBF703FEA0EB44
:10C5C0000800B04218D92068C06820F4D0702168F3
:10C5D000C8602068406920F001002168486120207F
:10C5E00084F83D0084F83E0000BF002084F83C0041
:10C5F00000BF0320BDE8F081206800682840A84201
:10C6000001D1012000E00020B842D3D00020F1E7A2
:10C6100010B50E48FEF746F90C480068006800F0B7
:10C620002000202810D10A4800680A490A4A1278D6
:10C6300088540021074A08480078401C11540648D5
:10C640000078401C0449087010BD0000340B002025
:10C65000043801405C020020120000200E480068EF
:10C66000006800F02000202814D10C4800680C4914
:10C670000C4A126888540B480068401C094908603D
:10C6800009480078012805D108460068182801D318
:10C690000020086070470000780B00200444004030
:10C6A00066020020240000201000002010B50E4873
:10C6B000FEF7F8F80C480068006800F02000202819
:10C6C00011D10A480068C1B209480A4A1268815467
:10C6D0000021024607480068401C115405480068C4
:10C6E000401C0449086010BDBC0B002004480040F9
:10C6F000520700205C0000202DE9F04104460D4661
:10C70000D4F8B862D4F8C072D4F8B80278B305EBA4
:10C71000850104F1140000EB8100806808B305EB8B
:10C72000850104F1140000EB810005EB85028168AE
:10C7300007F1280000EBC2000069B1FBF0F200FB3A
:10C74000121070B9002105EB850204F1140000EB12
:10C750008200816000231A462946204600F0C4FE6C
:10C7600002E00020C6F814020020BDE8F081FFE7D7
:10C770000220FAE770B504460E46D4F8B8523146A6
:10C78000204600F056FDC5F80C02D4F8B80248B1B6
:10C79000D5F80402D4F8BC12CA6805F503719047B5
:10C7A000002070BD0220FCE770B504460E4600254F
:10C7B0008121204600F057FC0021E1620121204642
:10C7C00000F051FC0021C4F86C118221204600F0D9
:10C7D0004AFC00212164D4F8B80250B1D4F8BC124C
:10C7E00048688047D4F8B80201F027F90020C4F85F
:10C7F000B802284670BD70B50546D5F8B842D5F8E0
:10C80000BC0278B194F80002FF280BD094F8012202
:10C8100094F80002D5F8BC128B6821469847FF2097
:10C8200084F80002002070BD01460A2008800148FB
:10C83000704700004801002001464320088001485D
:10C8400070470000D00100200146432008800148C5
:10C85000704700008C0100200146432008800148F9
:10C8600070470000140200202DE9F04104460F46F5
:10C870000026207C88B94FF40073022281212046D3
:10C8800000F03EFD0121E1624B020222204600F051
:10C8900037FD0121C4F86C110FE0402302228121F1
:10C8A000204600F02DFD0121E162402302222046B6
:10C8B00000F026FD0121C4F86C1108230322822117
:10C8C000204600F01DFD012121644FF4077001F0A6
:10C8D000B5F8C4F8B802D4F8B80208B901261CE0CB
:10C8E000D4F8B852D4F8BC12086880470020C5F8C4
:10C8F0001402C5F81802207C40B94FF400730121DE
:10C900002046D5F8042200F013FD06E04023012163
:10C910002046D5F8042200F00BFD3046BDE8F0813A
:10C9200070B50446D4F8B852D4F8B80298B1207C57
:10C9300040B94FF4007301212046D5F8042200F0DD
:10C94000F7FC06E0402301212046D5F8042200F040
:10C95000EFFC002070BD0220FCE70246022011B16E
:10C96000C2F8BC12002070470246D2F8B832C3F8B1
:10C9700004120020704710B50346D3F8B842C4F83B
:10C980000812C4F81022002010BD2DE9FC41054614
:10C990000C46D5F8B862002001900090002720785E
:10C9A00000F0600040B320285FD1E088E0B120783B
:10C9B00000F0800060B1E2886078D5F8BC128B6826
:10C9C00031469847E2883146284600F0E6F812E002
:10C9D000607886F80002A07986F80102E288314684
:10C9E000284600F0B9F806E06078D5F8BC120022BD
:10C9F0008B68214698473EE0607820B10A2812D023
:10CA00000B282AD11FE095F89C02032805D10222A9
:10CA10006946284600F0C1F804E02146284600F0A7
:10CA20008FF802271FE095F89C02032805D1012208
:10CA300001A9284600F0B1F804E02146284600F09C
:10CA40007FF802270FE095F89C02032804D02146C6
:10CA5000284600F075F8022705E02146284600F038
:10CA60006FF8022700BF00BF05E02146284600F00E
:10CA700067F8022700BF00BF3846BDE8FC8170B5EB
:10CA80000546D5F8B842D5F8B802A8B1D4F81402D2
:10CA900080B90120C4F81402D4F810122963B4F844
:10CAA000100283B281212846D4F8082200F01CFD30
:10CAB000002070BD0120FCE70220FAE770B50446B3
:10CAC0000D46D4F8B402294642682046904700201B
:10CAD00070BD70B504460D4694F89C02012804D040
:10CAE000022803D003280CD101E000BF00BF6888F2
:10CAF000012805D10020C4F8A402204600F05EF809
:10CB000004E02946204600F01BF800BF00BF70BDBE
:10CB100070B506460C4615462B4622460021304687
:10CB200000F006FC002070BD70B506460C461546A8
:10CB30002B4622460021304600F0D6FC002070BD76
:10CB400070B504460D468021204600F0A1FC00216E
:10CB5000204600F09DFC70BD70B504460E4615469B
:10CB60000320C4F894024FF4AE700551001D055126
:10CB70002B4632460021204600F0DAFB002070BD33
:10CB800010B504460520C4F8940200231A4619463D
:10CB9000204600F0CDFB002010BD70B504460E46C7
:10CBA00015460220C4F89402E56125622B46324600
:10CBB0000021204600F098FC002070BD10B504460E
:10CBC0000420C4F8940200231A461946204600F0B7
:10CBD0008BFC002010BD000070B505460C462DB939
:10CBE0002246064906A000F0D3F904E02246034994
:10CBF00003A000F0CDF9014870BD0000C40E002074
:10CC000043444320436F6E6669670000024612206A
:10CC10000880014870470000D800002070B5054624
:10CC20000C462DB92246064906A000F0B1F904E0F1
:10CC30002246034903A000F0ABF9014870BD000093
:10CC4000C40E002043444320496E746572666163DC
:10CC5000650000000246042008800148704700007B
:10CC6000EC00002070B505460C462246024903A0A0
:10CC700000F08EF9004870BDC40E00204A61686162
:10CC80006E476F737461720070B505460C462DB91E
:10CC90002246064906A000F07BF904E0224603493B
:10CCA00003A000F075F9014870BD0000C40E00201B
:10CCB0004A6168616E476F73746172506F7274007D
:10CCC00070B505460C461A202080FAF74FFF014840
:10CCD00070BD0000F000002070B504460D46E888E5
:10CCE000012804D029462046FFF72AFF1EE094F8C9
:10CCF0009C02012804D0022803D0032810D109E0A7
:10CD000000BF0020A060012204F108012046FFF7C7
:10CD100044FF0AE00122211D2046FFF73EFF04E008
:10CD200029462046FFF70CFF00BF00BF70BDF8B5D5
:10CD300004460E460020009000270025708800124F
:10CD4000082875D2DFE800F0C7040C20C7C7A5B5D6
:10CD5000207CD4F8B0120A68694690470746C1E0C3
:10CD6000207C40B9D4F8B402816A684688470746F7
:10CD70000220787007E0D4F8B402C16A6846884798
:10CD8000074602207870ADE0B078062878D2DFE858
:10CD900000F00316293C5063D4F8B002406838B163
:10CDA000207CD4F8B0124A6869469047074605E0EF
:10CDB00031462046FFF7C4FE681CC5B267E0D4F8D0
:10CDC000B002806838B1207CD4F8B0128A68694615
:10CDD0009047074605E031462046FFF7B1FE681C44
:10CDE000C5B254E0D4F8B002C06838B1207CD4F8A1
:10CDF000B012CA6869469047074605E031462046AA
:10CE0000FFF79EFE681CC5B241E0D4F8B00200698D
:10CE100038B1207CD4F8B0120A69694690470746B9
:10CE200005E031462046FFF78BFE681CC5B22EE0B8
:10CE300051E0D4F8B002406938B1207CD4F8B01287
:10CE40004A6969469047074605E031462046FFF7A4
:10CE500077FE681CC5B21AE0D4F8B002806940B110
:10CE6000207CD4F8B0128A6969469047074606E0EC
:10CE700006E031462046FFF763FE681CC5B206E0B7
:10CE800031462046FFF75CFE681CC5B200BF00BFFC
:10CE900028E0207C30B9D4F8B402416B684688475A
:10CEA000074605E031462046FFF74AFE681CC5B23A
:10CEB00018E0207C40B9D4F8B402016B684688477A
:10CEC00007460720787005E031462046FFF738FE18
:10CED000681CC5B206E031462046FFF731FE681CEB
:10CEE000C5B200BF00BF05B1F8BDBDF8000088B1F4
:10CEF000F08878B1F088BDF80010884202DDBDF8F6
:10CF0000000000E0F0880090BDF80020394620467F
:10CF1000FFF743FEF08810B92046FFF74FFE00BF31
:10CF2000E2E70146002002E0421CD0B2491C0A7828
:10CF3000002AF9D1704770B504460D4694F89C025A
:10CF4000012804D0022803D003281AD101E000BF31
:10CF500000BFE888022804D029462046FFF7F0FDEC
:10CF600014E00120E060D4F8A40218B1E06840F0B9
:10CF70000200E060022204F10C012046FFF70DFEE2
:10CF800004E029462046FFF7DBFD00BF00BF70BD6F
:10CF90002DE9F04104460D4617460026FCB1204617
:10CFA000FFF7BFFF022101EB400038803A7830469E
:10CFB000711CCEB22A5403223046711CCEB22A54C0
:10CFC0000AE014F8012B3046711CCEB22A5400221C
:10CFD0003046711CCEB22A5420780028F1D1BDE829
:10CFE000F0810146002031B1012906D0022906D086
:10CFF000032908D105E0002007E0022005E0012018
:10D0000003E0022001E0022000BF00BF704770B5BE
:10D0100004460D4616460CB9022070BDD4F8B40281
:10D0200010B10020C4F8B4020DB1C4F8B052012010
:10D0300084F89C022670204600F004F90020ECE7FA
:10D040002DE9F04104460D46002600272946D4F874
:10D05000C002FBF737FA06463046FFF7C2FF074625
:10D060003846BDE8F0812DE9F04104460D46002622
:10D0700000272946D4F8C002FBF7EFF906463046F0
:10D08000FFF7AFFF07463846BDE8F0812DE9F041D4
:10D0900004460E461746002E64D104F11405D4F858
:10D0A0009402022848D1D5E90301884210D9D5E974
:10D0B0000301401AE860A88982B239462046FFF78A
:10D0C00033FD00231A461946204600F031F93EE0B0
:10D0D0002969A868B0FBF1F201FB1200B8B929690F
:10D0E000A868884213D3A868D4F8981288420ED250
:10D0F000002211462046FFF717FD0020C4F89802D1
:10D1000000231A461946204600F012F91FE0D4F811
:10D11000B402C06840B194F89C02032804D1D4F84A
:10D12000B402C168204688478021204600F0B0F94B
:10D130002046FFF725FD0AE0D4F89402042802D027
:10D14000D4F8940218B98021204600F0A1F994F88F
:10D15000A002012818D1204600F0FAF9002084F836
:10D16000A00211E0D4F8B402406950B194F89C02D6
:10D17000032806D1D4F8B4023146426920469047CC
:10D1800002E00220BDE8F0810020FBE72DE9F0413C
:10D1900004460E461746BEBB04F5AA75D4F89402A1
:10D1A000032825D1D5E90301884210D9D5E9030127
:10D1B000401AE860D5E90301884201D2E86800E03E
:10D1C000286982B239462046FFF7A2FC2FE0D4F846
:10D1D000B402006940B194F89C02032804D1D4F849
:10D1E000B4020169204688472046FFF7E7FC1EE0AD
:10D1F000D4F8940205281AD10020C4F89402002122
:10D20000204600F045F912E0FFE7D4F8B402806947
:10D2100050B194F89C02032806D1D4F8B4023146E8
:10D2200082692046904702E00220BDE8F08100209C
:10D23000FBE770B504460D462946D4F8C002FBF75B
:10D24000BFFC70BD10B504461D48C0F8E842C4F8E4
:10D25000C0021C481A49086008204860022118488A
:10D26000816000218161C1610162FBF780FE08B12C
:10D27000F9F746FC04F530741823002211462068A3
:10D28000FBF7A8F85823002280212068FBF7A2F8BA
:10D29000C023002281212068FBF79CF84FF488739B
:10D2A000002201212068FBF795F82068A4F530746E
:10D2B0004FF4807300228221FBF78CF8002010BD10
:10D2C00094180020005C004010B50246D2F8C0322D
:10D2D00001F08000802809D101F07F0000EB80047C
:10D2E00003F1280000EBC400807810BD01F07F003E
:10D2F00000EB800403F5B47000EBC4008078F4E721
:10D300002DE9F04704460F4615461E464FF000082B
:10D31000C1462B4632463946D4F8C002FBF75BFCC7
:10D3200080464046FFF75DFE81464846BDE8F087EF
:10D330002DE9F04704460D4616461F464FF00008FB
:10D34000C1463B4632462946D4F8C002FBF789FC69
:10D3500080464046FFF745FE81464846BDE8F087D7
:10D3600010B504464023002211462046FFF7C8FFAF
:10D3700001214FF4AC70015140214FF4B2700151C2
:10D380004023002280212046FFF7BAFF0121A1613E
:10D3900040216162012084F89C020020C4F89402BC
:10D3A0006060C4F8A402D4F8B80228B12179D4F896
:10D3B000B402426820469047002010BD014691F813
:10D3C0009C02042803D191F89D0281F89C02002060
:10D3D000704710B5044694F89C02032808D1D4F88D
:10D3E000B402C06920B1D4F8B402C16920468847AC
:10D3F000002010BD02461174002070472DE9F04155
:10D4000004460D46002600272946D4F8C002FBF743
:10D410009DFE06463046FFF7E4FD07463846BDE868
:10D42000F08170B504460D46294604F52A7000F0D7
:10D4300073F80120C4F8940240F2AE20005BC4F8F7
:10D44000980294F8A80200F01F0020B1012808D02B
:10D45000022812D10BE004F52A71204600F041F9B0
:10D4600013E004F52A71204600F0A8FA0DE004F557
:10D470002A71204600F086F907E094F8A80200F02F
:10D480008001204600F004F800BF00BF002070BDFE
:10D490002DE9F04104460D46002600272946D4F820
:10D4A000C002FBF704FC06463046FFF79AFD07462C
:10D4B0003846BDE8F08170B5044600250026D4F852
:10D4C000C002FBF767FE05462846FFF78AFD0646C1
:10D4D000304670BD014691F89C0281F89D020420FF
:10D4E00081F89C02002070472DE9F04704460D4664
:10D4F00016461F464FF00008C1463B4632462946B5
:10D50000D4F8C002FBF717FC80464046FFF769FDE0
:10D5100081464846BDE8F0870A7802704A78427032
:10D520008B78CA7803EB022242800B794A7903EBAD
:10D53000022282808B79CA7903EB0222C280704773
:10D540000246002011B1C2F8B41200E00220704778
:10D5500001460020704770B504460D46A88810BBF0
:10D56000E88800BB688880281DD2A87800F07F0674
:10D5700094F89C02032804D129462046FFF7E0FADC
:10D5800015E084F89E6231462046FFF737FF2046BB
:10D59000FFF714FB1EB1022084F89C0207E0012073
:10D5A00084F89C0203E029462046FFF7C9FA70BDC3
:10D5B00070B504460D460226D4F8B40238B1D4F84A
:10D5C000B402294602682046904700B9002630463A
:10D5D00070BD000070B504460D46A8783649087045
:10D5E00008460078012804DD29462046FFF7A8FAFE
:10D5F00060E094F89C02022802D003284FD11CE07E
:10D600002D480078A8B12C4800786060032084F889
:10D610009C02294801782046FFF7CAFF022804D15E
:10D6200029462046FFF78CFA70BD2046FFF7C6FA60
:10D6300002E02046FFF7C2FA3BE01F48007870B9CD
:10D64000022084F89C021C48007860601A48017827
:10D650002046FFF733FA2046FFF7B0FA1EE01649DE
:10D6600009786068884216D021792046FFF726FAAB
:10D67000114800786060104801782046FFF798FF55
:10D68000022804D129462046FFF75AFACCE7204663
:10D69000FFF794FA02E02046FFF790FA09E02946E6
:10D6A0002046FFF74DFA044801782046FFF706FAB6
:10D6B00000BF00BF00BFB7E74401002070B50546BA
:10D6C0000C466088012804D1C5F8A4022846FFF75B
:10D6D00075FA70BD10B504462046FFF7ECFE002039
:10D6E00010BD70B505460C460026207800F060009D
:10D6F00060B1202802D040283CD100E000BFD5F81E
:10D70000B402214682682846904738E060780A28AB
:10D7100029D2DFE800F01923281E280A0528140F53
:10D7200021462846FFF703FB22E021462846FFF763
:10D7300012FF1DE021462846FFF74CFF18E0214666
:10D740002846FFF7C9FA13E021462846FFF7F3FB06
:10D750000EE021462846FFF7B1FF09E021462846A2
:10D76000FFF7B7F904E021462846FFF7E9F900BFC3
:10D7700000BF04E021462846FFF7E2F900BF00BFE2
:10D78000304670BD2DE9F04105460E464FF00008C9
:10D790003479307800F0600060B1202802D0402851
:10D7A00071D100E000BFD5F8B40231468268284646
:10D7B000904700E1307800F06000202809D1D5F8CA
:10D7C000B402314682682846904780464046BDE80C
:10D7D000F081707800285ED001282FD0032876D100
:10D7E00095F89C02022802D0032820D110E054B101
:10D7F000802C08D021462846FFF74AFE8021284683
:10D80000FFF746FE03E031462846FFF799F913E09B
:10D81000708840B93CB1802C05D0F08818B92146F9
:10D820002846FFF735FE2846FFF7C8F904E03146E1
:10D830002846FFF785F900BF00BFB5E095F89C02C8
:10D84000022802D003281FD110E054B1802C08D048
:10D8500021462846FFF71CFE80212846FFF718FEC8
:10D8600003E031462846FFF76BF912E0708848B9AB
:10D8700004F07F0018B121462846FFF7E1FB284657
:10D88000FFF79CF905E091E031462846FFF758F98B
:10D8900000BF00BF88E095F89C02022802D0032850
:10D8A00076D126E034B1802C04D031462846FFF7EB
:10D8B00047F972E004F08000802809D104F07F006D
:10D8C00000EB800105F1140000EB810008E066E048
:10D8D00004F07F0000EB800105F5AA7000EB8100E9
:10D8E000074600203860022239462846FFF755F9DE
:10D8F00053E004F0800080280ED104F00F0000EB0C
:10D90000800105F1140000EB8100406898B93146B0
:10D910002846FFF715F940E004F00F0000EB800106
:10D9200005F5AA7000EB8100406820B93146284611
:10D93000FFF706F931E004F08000802808D104F0F8
:10D940007F0000EB800105F1140000EB810007E08F
:10D9500004F07F0000EB800105F5AA7000EB810068
:10D9600007460CB1802C02D10020386009E0214626
:10D970002846FFF7A9FC10B10120386001E0002023
:10D980003860022239462846FFF707F905E0FFE72D
:10D9900031462846FFF7D4F800BF00BF04E0314607
:10D9A0002846FFF7CDF800BF00BF04E03146284607
:10D9B000FFF7C6F800BF00BF404608E770B5054650
:10D9C0000C460026207800F0600030B1202802D0FC
:10D9D00040282AD100E000BF00BF95F89C02012832
:10D9E00004D0022803D0032818D101E000BF00BFF3
:10D9F000207901280DDCD5F8B4022146826828463A
:10DA000090470646E08840B93EB92846FFF7D6F869
:10DA100003E021462846FFF793F804E02146284614
:10DA2000FFF78EF800BF00BF04E021462846FFF74D
:10DA300087F800BF00BF002070BD70470146014855
:10DA400070470000801B0020F0B5024600260878D1
:10DA5000400032F8100048F68F1400EA0403C8783A
:10DA600030B101280CD0022805D003280BD104E0E6
:10DA700043F4007309E000BF07E043F4C06304E02F
:10DA800043F4806301E0012600BF00BF43F400407F
:10DA900040F080000C78640022F8140000BF0C787D
:10DAA000640032F8144048F68F752C400D7844EA33
:10DAB000050040F4004444F080040D786D0022F825
:10DAC000154000BF087B00287ED14878002852D03E
:10DAD00000BF1046B2F8505028440D7800F580671A
:10DAE00007EB0514CD886D106D00258000BF00BFC9
:10DAF0000C78640032F8140000F040048CB100BFD0
:10DB00000D786D0032F8155048F68F7705EA070456
:10DB100044F4004545F0C0050F787F0022F8175007
:10DB200000BF00BFC878012813D000BF0C78640084
:10DB300032F8144048F6BF7504EA050080F0200072
:10DB400040F4004444F080040D786D0022F8154044
:10DB50009EE100BF0C78640032F8144048F6BF75AF
:10DB600004EA050040F4004444F080040D786D00A0
:10DB700022F815408CE100BF1046B2F850502844FE
:10DB80000D78042707EBC50500F5806707EB450412
:10DB9000CD886D106D00258000BF00BF1546B2F81E
:10DBA000504025440C78062707EBC40405F5806730
:10DBB00007EB4404204600BF0F6967B9078848F2A5
:10DBC000FF3C07EA0C0700E057E00780078847F4AE
:10DBD000004707801EE00F693E2F0DD800BF0F6978
:10DBE0007C080F7C07F0010707B1641C4FF6FF7734
:10DBF00007EA842707800DE000BF0F697C090F7CCE
:10DC000007F01F0707B9641E4FF4004747EA84274F
:10DC1000078000BF00BF00BF00BF0C78640032F86F
:10DC2000140000F480448CB100BF0D786D0032F810
:10DC3000155048F68F7705EA070444F4004545F48B
:10DC400081450F787F0022F8175000BF00BF00BF4A
:10DC50000C78640032F814404BF68F7504EA050026
:10DC600080F4805080F4005040F4004444F080047C
:10DC70000D786D0022F815400AE100BF0C786400B1
:10DC800032F8144048F68F7504EA050040F4004469
:10DC900044F4C0740D786D0022F8154000BF00BF39
:10DCA00000BF00BF1046B2F8505028440D7800F570
:10DCB000806707EB05140D896D106D00258000BF8E
:10DCC00000BF00BF00BF1046B2F8505028440D7886
:10DCD000042707EBC50500F5806707EB45044D8970
:10DCE0006D106D00258000BF00BF00BF4878002880
:10DCF0005DD100BF0C78640032F8140000F4804459
:10DD00008CB100BF0D786D0032F8155048F68F7752
:10DD100005EA070444F4004545F481450F787F0087
:10DD200022F8175000BF00BF00BF0C78640032F823
:10DD3000140000F040048CB100BF0D786D0032F883
:10DD4000155048F68F7705EA070444F4004545F07E
:10DD5000C0050F787F0022F8175000BF00BF00BF3A
:10DD60000C78640032F814404BF68F7504EA050015
:10DD700080F4805080F4005040F4004444F080046B
:10DD80000D786D0022F8154000BF00BF0C786400CC
:10DD900032F8144048F6BF7504EA050040F4004428
:10DDA00044F080040D786D0022F8154070E000BF4B
:10DDB0000C78640032F8140000F480448CB100BF89
:10DDC0000D786D0032F8155048F68F7705EA070494
:10DDD00044F4004545F481450F787F0022F8175040
:10DDE00000BF00BF00BF0C78640032F8140000F0E0
:10DDF00040048CB100BF0D786D0032F8155048F624
:10DE00008F7705EA070444F4004545F0C0050F7814
:10DE10007F0022F8175000BF00BFC878012813D038
:10DE200000BF0C78640032F8144048F6BF7504EA6D
:10DE3000050080F0200040F4004444F080040D7898
:10DE40006D0022F8154011E000BF0C78640032F834
:10DE5000144048F6BF7504EA050040F4004444F05D
:10DE600080040D786D0022F8154000BF00BF0C78CB
:10DE7000640032F814404BF68F7504EA050040F454
:10DE8000004444F080040D786D0022F8154000BF76
:10DE90003046F0BD10B50446002010BD30B5024636
:10DEA000087B00285BD1487860B300BF0B785B002B
:10DEB00032F8130000F040038BB100BF0C7864000F
:10DEC00032F8144048F68F7504EA050343F4004421
:10DED00044F0C0040D786D0022F8154000BF00BF6B
:10DEE00000BF0B785B0032F8133048F6BF7403EACA
:10DEF000040040F4004343F080030C78640022F8EF
:10DF0000143007E100BF0B785B0032F8130000F417
:10DF100080438BB100BF0C78640032F8144048F69F
:10DF20008F7504EA050343F4004444F481440D78FA
:10DF30006D0022F8154000BF00BF00BF0B785B00EA
:10DF400032F813304BF68F7403EA040040F40043B8
:10DF500043F080030C78640022F81430DAE048784B
:10DF600000286BD100BF0B785B0032F8130000F47F
:10DF700080438BB100BF0C78640032F8144048F63F
:10DF80008F7504EA050343F4004444F481440D789A
:10DF90006D0022F8154000BF00BF00BF0B785B008A
:10DFA00032F8130000F040038BB100BF0C7864001E
:10DFB00032F8144048F68F7504EA050343F4004430
:10DFC00044F0C0040D786D0022F8154000BF00BF7A
:10DFD00000BF0B785B0032F8133048F68F7403EA09
:10DFE000040040F4004343F0C0030C78640022F8BE
:10DFF000143000BF00BF0B785B0032F813304BF6D3
:10E000008F7403EA040040F4004343F080030C786B
:10E01000640022F8143000BF00BF0B785B0032F8B8
:10E02000133048F6BF7403EA040040F4004343F0A1
:10E0300080030C78640022F814306BE000BF0B788A
:10E040005B0032F8130000F480438BB100BF0C7802
:10E05000640032F8144048F68F7504EA050343F46F
:10E06000004444F481440D786D0022F8154000BF4F
:10E0700000BF00BF0B785B0032F8130000F04003D4
:10E080008BB100BF0C78640032F8144048F68F75ED
:10E0900004EA050343F4004444F0C0040D786D0025
:10E0A00022F8154000BF00BF00BF0B785B0032F8BC
:10E0B000133048F68F7403EA040040F4004343F43D
:10E0C00081430C78640022F8143000BF00BF0B7845
:10E0D0005B0032F8133048F6BF7403EA040040F4E2
:10E0E000004343F080030C78640022F8143000BF32
:10E0F00000BF0B785B0032F813304BF68F7403EAE5
:10E10000040040F4004343F080030C78640022F8DC
:10E11000143000BF002030BD01460020704701468A
:10E120000020704710B50446012024F8400F00205D
:10E130002080A0802082403C10BD01464FF43F4229
:10E14000B1F840009043A1F840000020704702461B
:10E150000020704730B50246087B002865D148781A
:10E1600088B300BF0B785B0032F8130000F0400367
:10E170008BB100BF0C78640032F8144048F68F75FC
:10E1800004EA050343F4004444F0C0040D786D0034
:10E1900022F8154000BF00BFC878012845D000BF55
:10E1A0000B785B0032F8133048F6BF7403EA0400C2
:10E1B00080F0200040F4004343F080030C786400BA
:10E1C00022F8143031E0FFE700BF0B785B0032F833
:10E1D000130000F480438BB100BF0C78640032F868
:10E1E000144048F68F7504EA050343F4004444F4F0
:10E1F00081440D786D0022F8154000BF00BF00BFBC
:10E200000B785B0032F813304BF68F7403EA04008E
:10E2100080F4805080F4005040F4004343F08003C9
:10E220000C78640022F8143000BF002030BD10B517
:10E230000246487898B100BF0B785B0032F8133083
:10E2400048F6BF7403EA040080F0100040F4004375
:10E2500043F080030C78640022F8143013E000BF10
:10E260000B785B0032F813304BF68F7403EA04002E
:10E2700080F4805040F4004343F080030C78640045
:10E2800022F8143000BF002010BD2DE9F0470646EB
:10E290000C466078012876D12169A069884201D9AD
:10E2A000256900E0A569207BA0B9ABB2E2883046C1
:10E2B000616900F0F4FD00BF3046B6F8502010440C
:10E2C0002278022303EBC20200F5806303EB4201D4
:10E2D0000D8081E3E07802287DD12169206A88429F
:10E2E0007AD900BF2178490036F8111048F68F72AC
:10E2F00001EA020040F4004141F4C071227852006A
:10E3000026F8121000BF206A401B206220784000CF
:10E3100036F8100000F0400000287DD000BF3346E2
:10E32000607888BB00BF3246B6F850100A442178A6
:10E330004FF0060909EBC10102F5806909EB4101C3
:10E34000084600BF75B9B0F8009048F2FF3A09EAF4
:10E350000A09A0F80090B0F8009049F40049A0F82C
:10E36000009021E03E2D10D800BF690805F001099A
:10E37000B9F1000F00D0491C4FF6FF7909EA812955
:10E38000A0F8009010E03DE310E000BF690905F03F
:10E390001F09B9F1000F00D1491E4FF4004949EAA5
:10E3A0008129A0F8009000BF00BF0FE0607801282D
:10E3B0000CD1B6F8500003442078062101EBC000D0
:10E3C00003F5806101EB400CACF8005000BF678999
:10E3D000ABB23A4601E057E12CE13046616900F00A
:10E3E0005EFD6069284460612169206A884203D922
:10E3F000206A401B206202E0256A0020206200BFE4
:10E400006078C0BB00BF3246B6F850100A4421788D
:10E41000022303EBC10100E049E002F5806303EB56
:10E420004101084600BF55B9038848F2FF3C03EAA2
:10E430000C030380038843F40043038019E03E2D5E
:10E440000BD800BF690805F0010303B1491C4FF662
:10E45000FF7303EA812303800BE000BF690905F025
:10E460001F0303B9491E4FF4004343EA812303808D
:10E4700000BF00BF12E0FFE7607801280ED100BFA7
:10E480003046B6F8502010442278022303EBC20233
:10E4900000F5806303EB42010D8000BF00BF2789B8
:10E4A000ABB23A463046616900F0F9FC94E200BF35
:10E4B0006078B0BB00BF3246B6F850100A442178ED
:10E4C000022303EBC10102F5806303EB410108461F
:10E4D00000BF55B9038848F2FF3C03EA0C030380F0
:10E4E000038843F40043038019E03E2D0BD800BF9E
:10E4F000690805F0010303B1491C4FF6FF7303EAF5
:10E50000812303800BE000BF690905F01F0303B9F5
:10E51000491E4FF4004343EA8123038000BF00BF3C
:10E5200012E0FFE7607801280ED100BF3046B6F850
:10E53000502010442278022303EBC20200F58063CE
:10E5400003EB42010D8000BF00BF2789ABB23A4602
:10E550003046616900F0A3FC60692844606121696C
:10E56000206A884203D9206A401B206202E0256AA3
:10E570000020206200BF3346607880BB00BF324677
:10E58000B6F850100A4421784FF0060909EBC10192
:10E5900002F5806909EB4101084600BF75B9B0F882
:10E5A000009048F2FF3A09EA0A09A0F80090B0F892
:10E5B000009049F40049A0F8009020E03E2D0FD8CB
:10E5C00000BF690805F00109B9F1000F00D0491C2E
:10E5D0004FF6FF7909EA8129A0F800900FE010E0DA
:10E5E00000BF690905F01F09B9F1000F00D1491EEC
:10E5F0004FF4004949EA8129A0F8009000BF00BF0C
:10E600000FE0607801280CD1B6F850000344207860
:10E61000062101EBC00003F5806101EB400CACF872
:10E62000005000BF6789ABB23A463046616900F0DE
:10E6300036FCD1E1256A00BF2178490036F8111077
:10E6400048F68F6201EA020040F4004141F0800187
:10E650002278520026F8121000BF00BF3046B6F8EC
:10E66000502010442278022303EBC20200F580639D
:10E6700003EB42010D8000BF2789ABB23A4630461A
:10E68000616900F00CFCA7E100BF2178490036F871
:10E69000111048F68F7201EA020040F4004141F483
:10E6A000C0712278520026F8121000BF206A401B69
:10E6B00020622078400036F8100000F0400000286A
:10E6C0007DD000BF3346607880BB00BF3246B6F8CD
:10E6D00050100A4421784FF0060909EBC10102F5F8
:10E6E000806909EB4101084600BF75B9B0F8009098
:10E6F00048F2FF3A09EA0A09A0F80090B0F8009041
:10E7000049F40049A0F8009020E03E2D0FD800BF4A
:10E71000690805F00109B9F1000F00D0491C4FF656
:10E72000FF7909EA8129A0F800900FE010E000BF0E
:10E73000690905F01F09B9F1000F00D1491E4FF416
:10E74000004949EA8129A0F8009000BF00BF0FE00E
:10E75000607801280CD1B6F85000034420780621D7
:10E7600001EBC00003F5806101EB400CACF80050F8
:10E7700000BF6789ABB23A463046616900F08FFB53
:10E780006069284460612169206A884203D9206A4F
:10E79000401B206202E0256A00202062002D56D036
:10E7A00000BF6078C0BB00BF3246B6F850100A44C4
:10E7B0002178022303EBC10102F5806300E047E00A
:10E7C00003EB4101084600BF55B9038848F2FF3CFE
:10E7D00003EA0C030380038843F40043038019E039
:10E7E0003E2D0BD800BF690805F0010303B1491C99
:10E7F0004FF6FF7303EA812303800BE000BF690932
:10E8000005F01F0303B9491E4FF4004343EA812377
:10E81000038000BF00BF12E0FFE7607801280ED13F
:10E8200000BF3046B6F8502010442278022303EB94
:10E83000C20200F5806303EB42010D8000BF00BF00
:10E840002789ABB23A463046616900F028FBC3E045
:10E8500000BF6078B0BB00BF3246B6F850100A4423
:10E860002178022303EBC10102F5806303EB410130
:10E87000084600BF55B9038848F2FF3C03EA0C0381
:10E880000380038843F40043038019E03E2D0BD836
:10E8900000BF690805F0010303B1491C4FF6FF737F
:10E8A00003EA812303800BE000BF690905F01F0321
:10E8B00003B9491E4FF4004343EA8123038000BF9C
:10E8C00000BF12E0FFE7607801280ED100BF30469C
:10E8D000B6F8502010442278022303EBC20200F560
:10E8E000806303EB42010D8000BF00BF2789ABB2FC
:10E8F0003A463046616900F0D2FA606928446061A6
:10E900002169206A884203D9206A401B206202E004
:10E91000256A00202062A5B300BF3346607888BB1B
:10E9200000BF3246B6F850100A4421784FF006096D
:10E9300009EBC10102F5806909EB4101084600BFFE
:10E9400075B9B0F8009048F2FF3A09EA0A09A0F850
:10E950000090B0F8009049F40049A0F8009021E040
:10E960003E2D10D800BF690805F00109B9F1000F6C
:10E9700000D0491C4FF6FF7909EA8129A0F80090E0
:10E9800010E029E010E000BF690905F01F09B9F1A6
:10E99000000F00D1491E4FF4004949EA8129A0F82F
:10E9A000009000BF00BF0FE0607801280CD1B6F8DE
:10E9B000500003442078062101EBC00003F580617C
:10E9C00001EB400CACF8005000BF6789ABB23A468F
:10E9D0003046616900F063FA00BF2178490036F8DB
:10E9E000111048F6BF7201EA020080F0100080F0BA
:10E9F000200040F4004141F080012278520026F8C6
:10EA0000121005E2207BA0BB2169A069884204D9CD
:10EA10002569A069401BA06102E0A5690020A061F2
:10EA200000BF3246B6F850100A442178062303EBA3
:10EA3000C10102F5806303EB4101084600BF55B9EF
:10EA4000038848F2FF3C03EA0C030380038843F485
:10EA5000004303801AE03E2D0CD800BF690805F082
:10EA6000010303B1491C4FF6FF7303EA81230380BE
:10EA70000CE00DE000BF690905F01F0303B9491E52
:10EA80004FF4004343EA8123038000BF00BFA9E1A4
:10EA9000E07802287DD100BF00BF6078E0BB00BFF6
:10EAA0003246B6F850100A442178022303EBC10124
:10EAB00002F5806303EB4101084600BF236953B9A7
:10EAC000038848F2FF3C03EA0C030380038843F405
:10EAD000004303801EE023693E2B0DD800BF23694D
:10EAE0005908237C03F0010303B1491C4FF6FF735F
:10EAF00003EA812303800DE000BF23695909237CC9
:10EB000003F01F0303B9491E4FF4004343EA812376
:10EB1000038000BF00BF13E0FFE7607801280FD13A
:10EB200000BF3046B6F8502010442278022303EB91
:10EB3000C20200F5806303EB4201228A0A8000BF13
:10EB400000BF00BF33466078E8BB00BF3246B6F86E
:10EB500050100A4421784FF0060909EBC10102F573
:10EB6000806909EB4101084600BFD4F81090B9F163
:10EB7000000F0FD1B0F8009048F2FF3A09EA0A09F5
:10EB8000A0F80090B0F8009049F40049A0F8009077
:10EB90002EE06BE0D4F81090B9F13E0F14D800BF0E
:10EBA000D4F810904FEA590194F8109009F0010937
:10EBB000B9F1000F00D0491C4FF6FF7909EA81290D
:10EBC000A0F8009014E015E000BFD4F810904FEAD0
:10EBD000591194F8109009F01F09B9F1000F00D1F4
:10EBE000491E4FF4004949EA8129A0F8009000BF6E
:10EBF00000BF10E0607801280DD1B6F85000034442
:10EC00002078062101EBC00003F5806101EB400C88
:10EC1000208AACF8000000BF00BFE069002824D0C3
:10EC20002078400036F8108008F4804010B108F0D9
:10EC3000400038B908F48040002816D108F04000A0
:10EC4000002812D100BF00BF2178490036F811100A
:10EC500048F68F7201EA020040F4004141F0C00121
:10EC60002278520026F8121000BFBBE0E07801289D
:10EC70007CD12169A069884204D92569A069401B1B
:10EC8000A06102E0A5690020A06100BF00BF60781C
:10EC9000B0BB00BF3246B6F850100A4421780223B8
:10ECA00003EBC10102F5806303EB4101084600BF9D
:10ECB00055B9038848F2FF3C03EA0C03038003883C
:10ECC00043F40043038019E03E2D0BD800BF6908D0
:10ECD00005F0010303B1491C4FF6FF7303EA8123DA
:10ECE00003800BE000BF690905F01F0303B9491E4B
:10ECF0004FF4004343EA8123038000BF00BF12E0CA
:10ED0000FFE7607801280ED100BF3046B6F85020EA
:10ED100010442278022303EBC20200F5806303EB68
:10ED200042010D8000BF00BF00BF3346607890BB3A
:10ED300000BF3246B6F850100A4421784FF0060959
:10ED400009EBC10102F5806909EB4101084600BFEA
:10ED500085B9B0F8009048F2FF3A09EA0A09A0F82C
:10ED60000090B0F8009049F4004900E037E0A0F8C6
:10ED7000009020E03E2D0FD800BF690805F0010982
:10ED8000B9F1000F00D0491C4FF6FF7909EA81293B
:10ED9000A0F800900FE010E000BF690905F01F091E
:10EDA000B9F1000F00D1491E4FF4004949EA812909
:10EDB000A0F8009000BF00BF0FE0607801280CD1E0
:10EDC000B6F8500003442078062101EBC00003F59B
:10EDD000806101EB400CACF8005000BF02E0012064
:10EDE000BDE8F08700BF2178490036F811104BF6D6
:10EDF0008F7201EA020080F4805080F4005040F4E9
:10EE0000004141F080012278520026F8121000BF24
:10EE10000020E5E701460020A1F844004FF43F42FE
:10EE2000A1F840207047000010B50248F9F7AEFF86
:10EE300010BD0000941800200146B1F8440070474E
:10EE40002DE9F04304460E4615464FEA530CA04602
:10EE5000304608F5806909EB450267460AE01188EB
:10EE6000921C0170401C4FEA112980F80090401C50
:10EE7000921C7F1E002FF2D103F00109B9F1000F9F
:10EE800001D011880170BDE8F08302460020704770
:10EE9000024611B98020A2F84C00002070472DE9ED
:10EEA000F04704460D461E4606F1010A4FEA5A088D
:10EEB000A146284609F5806A0AEB420347460BE063
:10EEC00090F800C0401C90F800A04CEA0A2119807C
:10EED0009B1C9B1C401C7F1E002FF1D1BDE8F087BE
:10EEE00000BFFEE738B50020009080480078212858
:10EEF00009D17E484078242805D17DA001F0B0FDDD
:10EF00000520F8F7D1FE79480078252809D17748FF
:10EF100040782B2805D17CA001F0A2FD0520F8F750
:10EF2000C3FE72480078652809D1704840783128BE
:10EF300005D17BA001F094FD0520F8F7B5FE6B48E4
:10EF40000078722809D169484078322805D179A023
:10EF500001F086FD0520F8F7A7FE644800787428C4
:10EF600009D162484078332805D177A001F078FDB7
:10EF70000520F8F799FE5D4800786F2809D15B48B5
:10EF800040786B2805D175A001F06AFD0520F8F7DF
:10EF90008BFE56480078792809D154484078652876
:10EFA00005D173A001F05CFD0520F8F77DFE4F4808
:10EFB00000785B2824D14D4840795D2820D14B480A
:10EFC000407800064949897800EB01404749C978F3
:10EFD00000EB01214548007908446A4908600A208D
:10EFE000F8F762FE674868A102686D4800F020F9F2
:10EFF0006B4801F035FD4FF4C8716948F6F7BBFC6A
:10F000003A4800787B2824D1384840797D2820D19F
:10F010003648407800063549897800EB014033498D
:10F02000C97800EB0121314800790844554908604E
:10F030000A20F8F739FE53485AA10268584800F0F0
:10F04000F7F8574801F00CFD4FF4C8715448F6F733
:10F0500092FC26480078282824D124484079292881
:10F0600020D12248407800062049897800EB0140F1
:10F070001E49C97800EB01211C4800790844414928
:10F0800008600A20F8F710FE3E484AA1026844488A
:10F0900000F0CEF8424801F0E3FC4FF4C87140485C
:10F0A000F6F769FC114800783A2819D16A4646A15A
:10F0B0000E48F6F773FC0A20F8F7F6FD0098F6F70D
:10F0C0004EFF044622460B4641A1354800F0B0F8F9
:10F0D000334801F0C5FC4FF4C8713148F6F74BFCDA
:10F0E0000A210248F6F747FC38BD00005C02002008
:10F0F0007B2257223A7B2243616C6962223A313289
:10F100003030677D7D0A00007B2257223A7B224304
:10F11000616C6962223A33373430677D7D0A0000C2
:10F120007B2257223A7B224572726F72223A317DDE
:10F130007D0A00007B2257223A7B224572726F7251
:10F14000223A327D7D0A00007B2257223A7B2245FB
:10F1500072726F72223A337D7D0A00007B22572241
:10F160003A7B2243616C6962223A307D7D0A00005D
:10F170007B2257223A7B2243616C6962223A317DBD
:10F180007D0A0000140000207B2257223A7B22498E
:10F190006E7454656D70223A25647D7D0A0000000E
:10F1A0007E0800207B2257223A7B2242223A2564A5
:10F1B0007D7D0A007B2257223A7B224C4354223A1F
:10F1C00025647D7D0A0000003A25663A00000000B3
:10F1D0007B2257223A7B226D223A25667D7D0A00EA
:10F1E00070B504460D46002210210848F8F7E4FFE8
:10F1F0007E2101EA4400FCF777FC2846FCF774FC0A
:10F20000012210210148F8F7D7FF70BD0008014026
:10F210000FB4054B10B503A9044A029800F012F987
:10F2200010BC5DF814FB00004DFF000858020020E0
:10F230000FB4084B10B504A902AA039800F002F914
:10F24000044602A9002000F094FC204610BC5DF8A2
:10F2500014FB000073FB000802480068C0F30220A2
:10F26000704700000CED00E010B5002804DB0A0731
:10F27000130E054A135406E00A07140E034A00F061
:10F280000F031B1FD45410BD00E400E018ED00E094
:10F2900002E008C8121F08C1002AFAD1704770475F
:10F2A000002001E001C1121F002AFBD170470000BD
:10F2B0002DE9FF5F82B00021DDE90430020DDDF8A9
:10F2C00040B0034318D044F61050A2F2FF3242433C
:10F2D0001514119801281FD0A5EB0B00401C5FEA04
:10F2E000000A4FF000064E4FDFF83891B046504606
:10F2F00015D5CAF1000413E0119801244AA301288E
:10F3000001D16FEA0B010298119AC0E90031C0E9FE
:10F31000024206B0BDE8F09FCBF10000DFE70446F3
:10F320000021404A491842EB0450CDE9001012E098
:10F33000E00707D032463B4640464946F6F7B0FF65
:10F340008046894632463B4610461946F6F7A8FFE6
:10F3500006460F466410002CEAD1DDE90401DDE920
:10F360000023BAF1000F06DAF6F79AFF42464B4641
:10F37000F6F796FF05E0F6F783FD42464B46F6F7B3
:10F380007FFD04460E460022284BF7F71FF803D8EE
:10F390004FF0FF30014607E00022254B2046314662
:10F3A000F6F7D7FEF6F7FAFF102409E0002C0ADB87
:10F3B0000A220023F6F7FCFD039B30321A55641E27
:10F3C00050EA0102F2D1641C039AC4F111031444FF
:10F3D000119A012A03D0012208430DD10AE0084303
:10F3E00004D000204FF0110B119072E7A3EB0B0536
:10F3F0006D1E0DE05B4504DD4FF0000205F10105D7
:10F4000004E003DA4FF00002A5F10105002AECD078
:10F4100002981199C0E90231C0E9004579E700007E
:10F42000000014400000F03F300000000000F043F6
:10F430000000E03F30380A2801D201207047002048
:10F44000704700002DE9FF4F95B09B468946064660
:10F4500000250FE2252877D100242746F84A01210C
:10F46000059400E0044316F8013F203B01FA03F045
:10F470001042F7D130782A2811D06FF02F0330785E
:10F48000A0F13002092A16D8059A44F0020402EBD2
:10F49000820203EB42021044761C0590EFE759F814
:10F4A000042B0592002A03DA504244F400540590DC
:10F4B00044F00204761C30782E2816D116F8010F7D
:10F4C00044F004042A280DD06FF02F023078A0F108
:10F4D0003003092B09D807EB870302EB4303C71856
:10F4E000761CF3E759F8047B761C30786C280FD033
:10F4F00006DC4C2817D068280DD06A2814D104E007
:10F50000742810D07A280FD10DE044F400140AE0DA
:10F5100044F4801401E044F440147278824202D131
:10F5200004F58014761C761C307866280BD013DC2A
:10F53000582877D009DC002875D04528F6D0462811
:10F54000F4D047281AD19DE118E0632835D064280B
:10F5500079D0652812D195E1702873D008DC67282E
:10F56000F1D069286FD06E280DD06F2806D1B5E094
:10F5700073282CD0752875D0782874D05A461799DE
:10F5800090476D1C75E1C4F30250022809D003288E
:10F590000DD0D9F8001004280DD00D6009F1040930
:10F5A00067E1D9F80010EA17C1E90052F6E7D9F887
:10F5B00000100D80F2E70D70F0E719F8041B8DF8CC
:10F5C000001000208DF80100EA46012003E059F800
:10F5D00004AB4FF0FF3061074FF0000102D40DE0A3
:10F5E00008F101018846B9420FDA8045F8DB1AF8C4
:10F5F00008100029F4D108E008F101018846814291
:10F60000FADB1AF808100029F6D105985B46A0EB42
:10F61000080721463846179A00F094FA284400EB70
:10F62000080507E04DE029E10DE01AF8010B5A4604
:10F6300017999047B8F10108F7D25B462146384642
:10F64000179A13E142E00A220092C4F302524FF0EB
:10F65000000A022A08D059F804CB032A4FEAEC71B9
:10F660000AD00DE029E02AE009F1070121F00702A4
:10F67000F2E802C1914609E00FFA8CFC4FEAEC7106
:10F68000042A03D14FFA8CFC4FEAEC71002907DA07
:10F690000A460021DCF1000C61EB02012D2202E0A0
:10F6A000220504D52B228DF80420012203E0E20775
:10F6B00001D02022F7E7904659E00A2102E010220B
:10F6C0000DE010214FF0000A00910BE010224FF0E6
:10F6D000000A44F004040827009203E008224FF0D7
:10F6E000000A0092C4F30252022A05D059F804CB52
:10F6F0000021032A08D009E009F1070121F00702DF
:10F70000F2E802C1914605E01FFA8CFC042A01D1FF
:10F710000CF0FF0C4FF00008220728D5702806D007
:10F72000009B83F0100353EA0A0305D00EE0402249
:10F730008DF80420012208E05CEA010206D03022A4
:10F740008DF804208DF8050002229046009B83F07E
:10F75000080353EA0A030AD15CEA010201D16207F5
:10F7600005D530228DF804204FF001087F1E58285F
:10F7700004D034A003900EA802900DE036A0F9E763
:10F7800053466046009AF6F713FC84460398825C61
:10F790000298401E029002705CEA0100F0D10298CB
:10F7A00006A9081A00F1200A600702D524F4803463
:10F7B00000E00127574502DDA7EB0A0000E000202A
:10F7C00000EB0A01009005984144401A0590E003BF
:10F7D00006D45B462146179A059800F0B3F9054414
:10F7E000002706E001A85A46C05D179990476D1C96
:10F7F0007F1C4745F6DBE0030CD55B462146179A94
:10F80000059800F09FF9054404E030205A46179906
:10F8100090476D1C0099481E00900029F5DC08E017
:10F82000029802995A460078491C0291179990470C
:10F830006D1CBAF10001AAF1010AF1DC65E10000DA
:10F8400009280100303132333435363738396162B6
:10F85000636465660000000030313233343536377A
:10F8600038394142434445460000000000F058F951
:10F870000544761C307800287FF4ECAD19B028469A
:10F88000BDE8F08F620700D4062709F1070222F0D5
:10F89000070CFCE80223E14603F000485FEA080C8D
:10F8A00002D00FF2702C0DE05FEA045C02D50FF27B
:10F8B000682C07E05FEAC47C02D00FF2602C01E004
:10F8C000AFF2700C4FF0FF3823F00043CDF850C07A
:10F8D00065280CD006DC452809D046281DD04728CD
:10F8E0003DD13DE0662818D067287ED138E0002160
:10F8F000112F01DB112000E0781CCDE9000106A9E1
:10F900000EA8FFF7D5FCDDE90F010E9A0391002147
:10F91000009207F1010A04914DE04FF0004000977A
:10F92000CDE9011006A90EA8FFF7C2FCDDE90F0220
:10F9300003920E9B11990022DDF80CA00093049213
:10F9400011B9791C00EB010AB7EB0A0004D4C0F12D
:10F95000FF3007F1010A0490AAEB0700019044E090
:10F96000012F00DA01270021112F01DD112000E015
:10F970003846CDE9000106A90EA8FFF799FCDDE99C
:10F980000F010E9A0391002104910092BA462107BB
:10F990000CD40399514500DA8A46BAF1010F05DD0E
:10F9A000009AAAF10101515C302908D0B84202DA6C
:10F9B00010F1040F06DA0121CDE9011015E0AAF1DA
:10F9C0000101E9E7002805DC049901440491AAEB50
:10F9D000000102E0411C514500DD8A460499401AAD
:10F9E000401C01904FF000400290200704D4019881
:10F9F000504501DBCDF8048000208DF84F000298BF
:10FA00000DF14F07B0F1004F25D02B200E9002983A
:10FA10004FF0020800280CDA404202902D200E9090
:10FA200007E00A210298F6F7ADFA3031029007F8A4
:10FA3000011DB8F10001A8F10108F2DC02980028CC
:10FA4000EFD1791E0E980870307800F0200040F059
:10FA5000450007F8020D12A8C01B00F10708149812
:10FA6000007800B1012000EB0A01019801EBE07180
:10FA700005984144401A401E0590E00306D45B46B9
:10FA80002146179A059800F05DF80544149800780F
:10FA900018B15A46179990476D1CE00324D55B4670
:10FAA0002146179A059800F04DF805441CE004988B
:10FAB000002807DBDDE90301884203DD0098405C94
:10FAC000179901E0179930205A469047049805F19C
:10FAD0000105401C04900198401E019004D12E2085
:10FAE0005A46179990476D1CBAF10001AAF1010A14
:10FAF000DDDC05E017F8010B5A46179990476D1C9D
:10FB0000B8F10001A8F10108F4DC5B462146179A20
:10FB10000598ABE62D0000002B000000200000003F
:10FB20002DE9F041044600251E461746880404D4FA
:10FB300005E039462020B0476D1C641EF9D52846E3
:10FB4000BDE8F0812DE9F041044600251E469046AF
:10FB5000C80301D5302700E02027880404D505E03C
:10FB600041463846B0476D1C641EF9D52846BDE8AD
:10FB7000F0810A68531C0B601070704710B50120AB
:10FB8000F8F792F805A000F06BFFF7F791FA4FF441
:10FB900016710F48F5F7EFFE10BD00007B2252658D
:10FBA0006365697665223A7B2253746174757322AA
:10FBB0003A32367D2C2246223A7B225479706522D5
:10FBC0003A2243616E73656C227D7D0A000000005D
:10FBD000BE040020014601F0030090B96420B1FB8F
:10FBE000F0F200FB121050B94FF4C870B1FBF0F204
:10FBF00000FB121008B9012070470020FCE701202B
:10FC0000FAE70020F8E7000070B5002500240DE0B9
:10FC10001C48005D642801D1681CC5B21948005D0C
:10FC2000742801D1681CC5B2601CC4B21548F5F730
:10FC3000ADFEA042ECD2022D11D1134A13A11148FE
:10FC4000F5F7ACFE10480068F7F798FA4FF4167114
:10FC50000C48F5F790FE00200E49087010E01320C4
:10FC60000D4908700DA000F0FBFE00200949087046
:10FC70000549086000254FF416710248F5F77BFE30
:10FC800070BD0000BE0400200400002064256474E0
:10FC90000000000009000020190000207B225265AE
:10FCA0006365697665223A7B2253746174757322A9
:10FCB0003A31397D7D0A000010B506A000F0D0FE73
:10FCC00008210B4800F09AFF4FF416710848F5F729
:10FCD00052FE10BD7B2252656365697665223A7BD0
:10FCE00022537461747573223A32367D7D0A0000A6
:10FCF000BE04002010B586B00446F8F7A3F8012032
:10FD000004900F480390002001900120029005A963
:10FD100001A8F7F7DDFF78B9F8F732F80598401C2D
:10FD200010B1002006B010BD24B9FF2210210548F3
:10FD3000F5F71AFE0120F5E7F8F722F80020F1E7C1
:10FD400040540008C01D002000B5002210211046BC
:10FD500000F002F800BD000030B5034658184028F6
:10FD600001D9002030BD18460FE02AB1094C0444E7
:10FD700094F840441470521C102805D2054C0444D9
:10FD800094F84044044D2C54401CCC188442ECD8C8
:10FD90000120E7E700500008C01D00202DE9F047D2
:10FDA00006468946154606EB0900402802D9002080
:10FDB000BDE8F0870DB90020FAE7F8F743F8002412
:10FDC00013E02A5D601C285C42EA0020C317074646
:10FDD000A019094A81183A460120F7F7DBFF18B14C
:10FDE000F7F7CEFF0020E3E7A41C4C45E9D3F7F773
:10FDF000C7FF0120DCE700004054000838B50024AC
:10FE00000020009000BF0DE03E49095C652901D14A
:10FE1000611CCCB23B49095C4C2901D1611CCCB2BC
:10FE2000411CC8B21428EFDB022C54DB364A37A140
:10FE30003448F5F7B3FD344800788DF800003248B7
:10FE40000088000A8DF80100002032490860F7F7A9
:10FE50002FF900242BE06A46022140F20510F7F743
:10FE60000FFC9620F7F720FF2B480078AA2807D12F
:10FE700029488078052803D12748007A00B118E086
:10FE80004AF6AA202549096808604FF46170F7F71F
:10FE90000BFF21480078AA2807D11F488078052841
:10FEA00003D11D48007A00B103E0601CC4B2032CEA
:10FEB000D1DB00BF14480068F6F7DCFE4FF4167182
:10FEC0001048F5F758FD00201549088015490860CD
:10FED0001549087015E013201449087014A000F0AB
:10FEE000BFFD0020104908700749086000244FF446
:10FEF00016710448F5F73FFD0020094908800949BB
:10FF0000086038BDBE040020040000206525644C54
:10FF1000000000002400002066020020740A002077
:10FF20000C0000201C000020080000201900002008
:10FF30007B2252656365697665223A7B2253746140
:10FF4000747573223A31397D7D00000013B50C467B
:10FF500001216846F6F768FD0120F7F7A5FE009835
:10FF60001CBD000000B585B00120F7F79DFE002202
:10FF700015491648F9F746FE002215491348F9F7C6
:10FF8000E3FD1348007812498978114A5278104BE2
:10FF9000DB78CDE90132CDE903100B488078009081
:10FFA0000948437802780BA11948FFF741F918482E
:10FFB00000F056FD0120F7F777FE4FF41671154853
:10FFC000F5F7D9FC05B000BDB4000020800A002080
:10FFD000B70000207B2254223A7B2248223A256433
:10FFE0002C224D223A25642C2253223A25642C22BD
:10FFF00059223A25642C226D223A25642C2244226F
:020000040801F1
:100000003A25642C2257223A25647D7D0A0000009F
:1000100016070020BE04002010B507A000F020FD48
:10002000F7F746F80020124908704FF4167111488E
:10003000F5F7A1FC10BD00007B225265636569766F
:1000400065223A7B22537461747573223A32367D8D
:100050002C2246223A7B2254797065223A22496446
:10006000656E746966794F6666227D7D0A000000C0
:1000700011000020BE04002010B507A000F0F0FC25
:100080000120F7F711FE0120104908704FF4167196
:100090000F48F5F770FC10BD7B22526563656976E9
:1000A00065223A7B22537461747573223A32367D2D
:1000B0002C2246223A7B2254797065223A224964E6
:1000C000656E74696679227D7D0A0000110000204A
:1000D000BE04002070B504460D46002617E001223C
:1000E00051020C48F8F768F82846F7F7DDFD0022C2
:1000F0004FF400710748F8F75FF82846F7F7D4FD8A
:10010000012251020348F8F757F8701CC6B2A64204
:10011000E5DB70BD0008014008B5F8F795F8FCF77D
:100120001BF8FBF7C1F8FBF75DF9FBF773F9FBF779
:1001300095F9FBF7C9F9FBF7E3F9FBF7FDF9FBF7D5
:100140003DF9FD48FAF710FAFB48FAF7D7F94FF4F2
:100150000050FA4B0822FA4900900020FBF7A2FE5B
:100160000221F8A000F04AFDF7480068C06840F09E
:100170002000F5490968C8600A20F7F795FDF348A3
:100180000068C06840F02000F0490968C860F04885
:100190000068C06840F02000ED490968C860002090
:1001A000EC490860FAF750FFFFF7CEFD1E2107204B
:1001B000FFF790FF4FF47A70F7F776FDFBF7D8F969
:1001C0004FF47A70F7F770FD00224FF40041E248D7
:1001D000F7F7F2FF40F2E970F7F766FD0122D1036D
:1001E000DD48F7F7E9FF0120DC4908704AF6AA204C
:1001F000DB4909680860E3E24AF6AA20D8490968A1
:100200000860FAF721FFD748008800287DD0012038
:10021000F7F74AFDD4480078572812D1D2484079E0
:1002200065280ED1D1A000F01BFCCF4A40F23A2144
:100230006420F7F74FFB0120D3490870F6F794FBD1
:10024000BEE2C9480078642872D020DC462870D00D
:100250000EDC40286ED006DC01286CD002286BD062
:1002600003286AD18CE0432868D04428F9D1BFE044
:10027000522870D006DC47286ED049286DD04E2811
:10028000EFD1A5E0542869D05628EAD11EE07328A2
:1002900071D00EDC6E286FD006DC65286DD0662824
:1002A0006CD06928DDD1BBE0702875D07228D8D118
:1002B00018E0802843D004DC75280DD07628D0D1F2
:1002C000D6E0812841D0AF28CBD1D8E000F0E4FBC4
:1002D0000120AD490870E7E000F01EFE0120AA49A8
:1002E0000870E1E0A9A000F0BBFB0A20F7F7DCFCF6
:1002F00000BF00BF00BF00BF00BFBFF34F8F00BFF4
:1003000000BF00BFA848006800E0DDE000F4E06046
:10031000A6490843001DA449086000BF00BF00BFF4
:10032000BFF34F8F00BF00BF00BF00BF00BFFDE79E
:100330006AE055E0A2E012E017E0A6E076E000F007
:10034000CDFC012090490870AEE0FFF70BFE0120C4
:100350008D490870A8E085E06EE05BE077E000F092
:1003600055FD0120884908709EE000F02DFD012018
:100370008549087098E015E01AE03FE020E00BE0C6
:100380003720FBF78DFC0446214689A0FEF740FF8D
:1003900001207D49087087E0FBF72EFB01207A4998
:1003A000087081E000F044FC0120774908707BE090
:1003B00031216E2000F090FA01207349087073E03B
:1003C0003121662000F088FA01206F4908706BE047
:1003D00032216E2000F080FA01206B49087063E042
:1003E0003221662000F078FA0120674908705BE04E
:1003F000F6F776FB01206449087055E00120774943
:100400000870614908704FE00120754908705E4925
:10041000087049E0FFF700FE01205B49087043E0E7
:10042000FFF72AFE0120584908703DE0FFF7A6FBC0
:1004300001205549087037E0F6F70CFF01205249BA
:1004400008704FF416714848F5F795FA2CE000F063
:10045000FDFC01204C4908704FF416714248F5F735
:100460008AFA21E001205F490870474908701BE0C3
:10047000F7F738FB01204449087015E000BFFFF78B
:100480001BFC0120404908700EE057A000F0E8FA7C
:1004900013205C49087000203B490870F6F764FAA5
:1004A00000205949086000BF00BF1320554908705B
:1004B000002035490870544908602A49088053498A
:1004C00008800120F7F7F0FB5148007808B1F7F7F2
:1004D00003F84348007808B1FFF796FB3F480078DF
:1004E00008B1FFF78BFC3F48007808B100F0AAF98B
:1004F00016480068C06840F0200014490968C860C8
:100500004448006890B16420F7F7CEFB4148016889
:100510004148F6F789FA00203E4908600A20F7F7BB
:10052000C3FB4FF496713C48F5F725FA3B48007839
:1005300008B10A2074E07AE0EC0A002000100140C3
:10054000000C014073730000780B0020BC0B0020EE
:10055000340B00202400002000080140020000208D
:10056000740A00200C000020BE0400207B2252658B
:100570006365697665223A7B2253746174757322D0
:100580003A32367D0A000000650000207B22526569
:1005900063697665223A7B22537461747573223ADB
:1005A00037307D7D0A0000000CED00E00000FA0508
:1005B0007B2243223A7B22526561646572547970D2
:1005C00065223A52433532322C2256657273696F76
:1005D0006E223A25647D7D0A00000000080000209C
:1005E000090000200B0000207B22526563656976BC
:1005F00065223A7B22537461747573223A31397DD6
:100600007D0A0000190000201C0000200E000020C0
:10061000110000205C000020520700201200002082
:10062000F7F742FBFEF75EFC00206649087066485B
:10063000008841F28831884207DD00206249088045
:100640004FF400716148F7F7ADFD6148007888B953
:100650005F48407870B95E48807858B95C48C07887
:1006600040B9002004E000215A4A1154411CC8B28C
:100670000428F8DB5648FAF729FC20B15448FAF769
:1006800025FC00B19CE05248007852490978884224
:1006900012D14F4840784F49497888420CD14C4894
:1006A00080784C498978884206D14948C0784949C0
:1006B000C978884200D183E010210020FAF7A4FB1A
:1006C00070B14348FAF702FC20B14148FAF7FEFB4B
:1006D00000B175E010210020FAF796FB00B16FE041
:1006E0003D490120FAF7EAFBE8BB002005E0384964
:1006F000095C384A1154411CC8B20428F7DB36485B
:1007000000783649086034484078096801EB0020D9
:100710003249086030488078314908602E48C078F6
:10072000096801EB00202E4908602B480079096810
:1007300001EB00402A49086027484079096801EB2D
:100740000060274908602548006800F40040B0F5C3
:10075000004F15D121480068C0F30E001F49086002
:100760000846006800E02AE046F6292148401B4977
:1007700008601B4800684BF2A621484018490860F1
:1007800018480078A8B11848007858B91348036889
:100790001348026815A11048FEF74AFD0E4800F004
:1007A0005FF902E018A000F05BF9FA20F7F77CFA95
:1007B00003E032210A20FFF78DFCFAF745FC00BF69
:1007C0001AE5000012000020680000200008014027
:1007D0006A0000206F0000200E0A00207800002030
:1007E0007400002001000020610000207B224322D1
:1007F0003A7B224944223A25642C225543223A2549
:10080000647D7D0A000000007B2243223A7B225453
:10081000797065223A2250726F6365737343617217
:10082000644F6666227D7D0A0000000010B5044614
:1008300001231A4621460248FAF767FA10BD000064
:10084000BC0B002070B5002500240DE01648005DAB
:10085000522801D1681CC5B21348005D642801D13B
:10086000681CC5B2601CC4B20F48F5F78FF8A042EF
:10087000ECD2022D09D10D4A0DA10B48F5F78EF8E7
:100880000A480068F6F74AFD02E00BA000F0E8F81D
:100890004FF416710448F5F76EF800200D49087002
:1008A00002490860002570BDBE040020040000203D
:1008B00052256464000000007B22526563656976FE
:1008C00065223A7B22537461747573223A31397D03
:1008D0007D0A00000B00002070B504460D46312D46
:1008E0002AD16E2C12D1012211022A48F7F764FC9A
:1008F0000120F7F7D9F928A000F0B2F80120324919
:1009000008704FF416713148F5F735F8662C13D19D
:1009100000224FF480711F48F7F74EFC0120F7F7D3
:10092000C3F92BA000F09CF80120274908704FF470
:1009300016712648F5F71FF8322D2AD16E2C12D1E8
:10094000012291021348F7F737FC0120F7F7ACF9C1
:100950002BA000F085F801201B4908704FF4167198
:100960001A48F5F708F8662C13D100224FF480617D
:100970000848F7F721FC0120F7F796F92CA000F0C2
:100980006FF80120104908704FF416710F48F4F702
:10099000F2FF70BD000801407B22526563656976F5
:1009A00065223A7B22537461747573223A32367D24
:1009B0002C225231223A7B22537461747573223A8D
:1009C00032337D7D0A00000065000020BE04002057
:1009D0007B2252656365697665223A7B2253746196
:1009E000747573223A32367D2C225231223A7B22A0
:1009F000537461747573223A32347D7D0A000000AD
:100A00007B2252656365697665223A7B2253746165
:100A1000747573223A32367D2C225232223A7B226E
:100A2000537461747573223A32337D7D0A0000007D
:100A30007B2252656365697665223A7B2253746135
:100A4000747573223A32367D2C225232223A7B223E
:100A5000537461747573223A32347D7D0A0000004C
:100A600070B504462046F4F791FFC5B229462046EA
:100A7000F5F7DAFF00224FF400710648F7F79CFB08
:100A80000120F7F711F9012251020248F7F794FB10
:100A900070BD00000008014000B599B064216846AF
:100AA000F4F769FF0D2223A16846FEF7C1FB6846F3
:100AB000FFF7D6FF2CA0FFF7D3FF2EA0FFF7D0FF44
:100AC0000120F7F7F1F82FA0FFF7CAFF0120F7F791
:100AD000EBF83148416831A0FEF79AFB0120F7F7A7
:100AE000E3F83248416832A0FEF792FB0120F7F7A5
:100AF000DBF84FF4165131A0FEF78AFB0120F7F71F
:100B0000D3F83148416831A0FEF782FB0120F7F7A6
:100B1000CBF832A0FFF7A4FF0120F7F7C5F835A006
:100B2000FFF79EFF4FF416713348F4F724FF19B016
:100B300000BD00007B224669726D77617265223AC2
:100B40007B2246223A312C224465766963655479CA
:100B50007065223A2253686F70222C2252656C65B0
:100B6000617365223A2564002C22426F6F74223A29
:100B7000310000002C224175746F5374617274222D
:100B80003A3100002C2252656164657254797065B7
:100B9000223A524335323200780B00202C2246692B
:100BA0006E676572223A256400000000BC0B0020CD
:100BB0002C22506F73223A25640000002C224453EB
:100BC00037223A2564000000340B00202C225461A7
:100BD00072617A6F223A2564000000002C226F6E49
:100BE000655265616443617264496E4669656C640F
:100BF000223A31007D7D0A00BE04002070B5044613
:100C00000D4600260FE0012221460020FBF7A4F943
:100C1000641C4AF6AA200549096808600520F7F710
:100C200043F8701CC6B2AE42EDDB70BD740A002002
:100C300010B50C48007810B90BA0FFF711FF094858
:100C4000007810B116A0FFF70BFF0648007880F07F
:100C50000100044908704FF416711F48F4F78BFE29
:100C600010BD0000610000207B225265636569763B
:100C700065223A7B22537461747573223A32367D51
:100C80002C2243223A7B2254797065223A22556EF7
:100C900053656E6453657269616C227D7D0A000044
:100CA0007B2252656365697665223A7B22537461C3
:100CB000747573223A32367D2C2243223A7B2254B9
:100CC000797065223A2253656E6453657269616C6E
:100CD000227D7D0A00000000BE04002010B51CA08B
:100CE000FFF7BEFE284840782849087026488078DB
:100CF00048702548C0788870234800792449887056
:100D00002148407948702048807908701E48C07991
:100D1000C8700120F6F7C8FF00221C491D48F9F7EA
:100D2000E7F810B11CA0FFF79BFE0120F6F7BCFF0F
:100D3000002217491748F9F72DF810B11CA0FFF74A
:100D40008FFE4FF416711048F4F715FE10BD000029
:100D50007B2252656365697665223A7B2253746112
:100D6000747573223A32367D2C2254223A7B2254F7
:100D7000797065223A2253657454696D65446174D3
:100D800065227D7D0A000000BE040020B400002022
:100D9000B7000020800A00207B2254223A7B225395
:100DA0007461747573223A3132387D7D0A00000017
:100DB0007B2254223A7B22537461747573223A3138
:100DC00032397D7D0A00000010B507484078FF28C1
:100DD00008D106A0FFF744FE00224FF400410A4864
:100DE000F7F7EAF910BD0000BE0400207B2252652F
:100DF0006365697665223A7B225374617475732248
:100E00003A32367D7D0A00000008014010B50648E0
:100E10004078AA2807D105A0FFF722FE0122D103BE
:100E20000948F7F7C9F910BDBE0400207B225265BE
:100E30006365697665223A7B225374617475732207
:100E40003A32367D7D0A00000008014008B50020D6
:100E50000090F6F72DF96420F6F726FF6A46002188
:100E60004FF4A870F6F70CFC6420F6F71DFF12484B
:100E70000078AA2813D11048407855280FD10E4881
:100E8000807850280BD10C48C078012807D10A4837
:100E90000079042803D109A0FFF7E2FD02E012A0C7
:100EA000FFF7DEFDC820F6F7FFFE4FF4167102488B
:100EB000F4F761FD08BD0000660200207B22462297
:100EC0003A7B2254797065223A2254657374436FD9
:100ED0006E6E656374696F6E222C22537461747533
:100EE00073223A307D7D0A007B2246223A7B2254CF
:100EF000797065223A2254657374436F6E6E656330
:100F000074696F6E222C22537461747573223A31A6
:100F1000387D7D0A0000000010B5FEF715FF00289F
:100F200019D06420F6F7C0FE0020FEF7E3FE0CA205
:100F300008210020FEF732FF48B10520F6F7B4FE85
:100F40000AA0FFF78DFD0520F6F7AEFE06E010A023
:100F5000FFF786FD02E00EA0FFF782FD10BD000046
:100F6000426F6F5431323334000000007B225570E1
:100F7000646174654669726D77617265223A7B229D
:100F8000537461747573223A32367D0A0000000092
:100F90007B225570646174654669726D7761726514
:100FA000223A7B22537461747573223A31397D0A77
:100FB00000000000026300000001725DB1138104B3
:100FC0003130303082023A0A830101840103860104
:100FD00000B246A11B8104313030308201308301E0
:100FE000308401308501308601308701308801303E
:100FF000A227A105818082015FA1118106446C6C4A
:101000005665728207322E392E302E30A10B8106A2
:1010100050726756657282015F8E534A661F1C1FAD
:101020001E1F1E1F1F1E1F1E1F00000000000000AD
:101030000001020304060708090000000001020382
:1010400004000000895171F21DCB00000000000077
:10105000000000008D5F307CF05E000000000000AA
:1010600000000000B22CE4247D900000000000008D
:1010700000000000579B07B3A4E900000000000037
:1010800000000000E32F50F2E3D000000000000059
:1010900000000000E9C1254FA07D00000000000015
:1010A00000000000FFFFFFFFFFFF00000000000046
:1010B00000000000DDDDDDDDDCBBBBDDDDDDDDDD19
:1010C000DDDDDDDD98888888888888887777777780
:1010D000778888888555555666666666666666664C
:1010E00066688888833333322222222222222222F7
:1010F0002228888D7B2252656365697665223A7B5A
:1011000022537461747573223A32367D2C22462242
:101110003A7B2254797065223A224672696D776172
:101120007265222C22537461747573223A25642EE1
:1011300025647D7D0A0000007B2252656365697627
:1011400065223A7B22537461747573223A32367D7C
:101150002C2246223A7B2254797065223A22476536
:1011600074456D7074794944222C225374617475EE
:1011700073223A25647D7D0A000000009C1101085D
:10118000000000205C020000686800087812010876
:101190005C020020E4210000A0F20008011082019E
:1011A000E214022503FD0A02113050795309166C2E
:1011B000091721011F130DCC1B0855041A65041AC9
:1011C00089041AC10413D9CB1B081D08131201147A
:1011D0000202021640830440571D02010203650EFD
:1011E00021040309041AC91B956954190413D5680D
:1011F0001B08B90841DA10A873B2074B24F4FA129D
:101200000632022A40241369C81408A9C74C088B67
:10121000C93C1AF70C13F9C61B087508C11A4928EE
:101220001A39041A59041A29041C090243AB111D66
:10123000C03209046D1A020B13052416100105248F
:101240000110090104240202052406170107058282
:1012500003081C100904E1320A1D070501027B2C5A
:1012600007058107110937442A40072A8107112BF6
:081270000907440A3B04444154
:04000005080058EDAA
:00000001FF
