:020000040800F2
:10580000D02D00200159000805AC0008659D000856
:1058100001AC0008955A0008690C0108000000005E
:1058200000000000000000000000000049DD00084A
:10583000395C00080000000007C3000869DF0008A9
:105840001B5900081B5900081B5900081B59000868
:105850001B5900081B5900081B5900081B59000858
:105860001B5900081B5900081B5900081B59000848
:105870001B5900081B5900081B5900081B59000838
:105880001B5900081B5900081B5900081B59000828
:10589000B10B01081B5900081B5900081B590008CF
:1058A0001B5900081B5900081B5900081B59000808
:1058B0001B59000825E000081B5900081B59000867
:1058C0001B5900081B5900081B5900081B590008E8
:1058D0001B59000839E4000849E400081B59000876
:1058E0001B5900081B5900081B590008DFF80CD091
:1058F00000F084F80048004701130108D02D002073
:105900000648804706480047FEE7FEE7FEE7FEE759
:10591000FEE7FEE7FEE7FEE7FEE7FEE715E000082C
:10592000ED580008202A04DB203A21FA02F0002179
:10593000704721FA02F3D040C2F12002914008439F
:105940001946704740EA01039B0703D009E008C9E4
:10595000121F08C0042AFAD203E011F8013B00F834
:10596000013B521EF9D27047D2B201E000F8012B80
:10597000491EFBD270470022F6E710B513460A46CF
:1059800004461946FFF7F0FF204610BD421C10F8F0
:10599000011B0029FBD1801A70472DE9F05F0546F5
:1059A000002092469B4688460646814640241BE0DE
:1059B0002846414647462246FFF7B4FF53465A461B
:1059C000C01A914110D311461846224600F028F81B
:1059D0002D1A67EB01084F4622460120002100F0F6
:1059E0001FF817EB00094E41201EA4F10104DFDC73
:1059F000484631462A464346BDE8F09F064C074DCF
:105A000006E0E06840F0010394E80700984710348E
:105A1000AC42F6D3FFF76EFFC42D0108E42D010858
:105A2000202A04DB203A00FA02F10020704791405E
:105A3000C2F1200320FA03F319439040704770B578
:105A40008C1810F8015B15F0070301D110F8013B29
:105A50002A1106D110F8012B03E010F8016B01F8B0
:105A6000016B5B1EF9D12B0705D40023521E0DD408
:105A700001F8013BFAE710F8013BCB1A921C03E056
:105A800013F8015B01F8015B521EF9D5A142D8D38E
:105A9000002070BD00BFFEE730B50346042B15D0D3
:105AA00007DC7BB1012B0ED0022B0DD0032B30D1A4
:105AB0000BE0202B0BD0212B18D0222B22D0232B14
:105AC00027D125E026E025E024E023E022E00020A5
:105AD00003E00C5C114D2C54401C0728F9DB00201E
:105AE0000F4C207001200F4C207013E0002003E0C9
:105AF0000A4C245C0C54401C0728F9DB0020084C9D
:105B0000207007E006480078401C054C207001E03A
:105B100000E000BF00BF002030BD00000C010020ED
:105B2000000000200100002000207047002003E05A
:105B30000021064A1154401CB0F5167FF8D300200E
:105B4000034908800349088070470000DC040020F6
:105B5000040000200600002010B50022044905487A
:105B600008F0CDFD0449034808F0C2FD002010BD37
:105B7000281400207C0B0020401000202DE9F0416B
:105B800005460E46194930680860002003E0295C8C
:105B9000174A1154401C154909688842F7D3294611
:105BA000144808F0A5FD377813480488002113E055
:105BB000685C0F4A1055601C80B24FF4167290FB5F
:105BC000F2F302FB130084B20C480088844202D135
:105BD0000220BDE8F081491CB942E9D3064804809F
:105BE000044808F061FD0020F3E700000C000020ED
:105BF000DC0400207C0B00200400002006000020B4
:105C00002DE9F04104460D4600260A48D0F8B87246
:105C1000D7F8140210B10120BDE8F0812A462146D0
:105C2000044808F06CFD034808F0EDFD06463046D8
:105C3000F2E700007C0B002070470146002048601E
:105C40008860C861886108624873087308610875D4
:105C50004875002205E0002301F124008354501C04
:105C6000C2B2102AF7DB002205E0002301F1340064
:105C70008354501CC2B2102AF7DB002203E000203C
:105C80008854501CC2B2042AF9DB0020704772B657
:105C900003E01E2164200BF011FBFAE70021074A04
:105CA000D1610749096941F00401054A11611146B2
:105CB000096941F04001116170470000201D00207A
:105CC000002002400021074AD1610749096941F0DB
:105CD0000201054A116111464861096941F040011C
:105CE00011617047201D0020002002400022054B5A
:105CF000DA61054A126942F00102034B1A61018020
:105D000070470000201D00200020024000201E4996
:105D1000C96801F0100139B11C49C96941F002019B
:105D20001A4AD16140F010001749C96801F0040116
:105D300039B11649C96941F00101144AD16140F0F5
:105D400004001149C96901F0010169B10F49C9692C
:105D500041F004010D4AD16100BF0B49C96921F02E
:105D60000101094AD16100BF00BF40F20111884220
:105D700006D10549C96921F00101034AD16101E059
:105D80000149C86000BF704700200240201D00206C
:105D900070B5044600F098FF054609E0601C38B174
:105DA00024B100F091FF401BA04201D9032070BD37
:105DB0001248C06800F001000028EFD10F48C06809
:105DC00000F0200020B100BF20200C49C86000BFB7
:105DD0000A48C06800F0100048B90848C06900F0DF
:105DE000010020B90548C06800F0040018B1FFF7B1
:105DF0008DFF0120DBE70020D9E7000000200240F2
:105E00002DE9F04F8BB006464FF0000B00203060BC
:105E1000DD480078012811D0022802D0032827D1BC
:105E200019E00520D94908701520D9490870372094
:105E3000D84908702020D849087026E00420D349AA
:105E400008701020D24908703920D249087000200B
:105E5000D149087019E00520CC4908701520CC49BB
:105E600008703720CB4908704020CB4908700CE0FF
:105E70000520C64908701420C54908703720C54957
:105E800008700020C449087000BF00BF09A804F0D2
:105E9000D9FA38B109A804F0D5FA18B101200BB02D
:105EA000BDE8F08F002405E009A8005DBB49085556
:105EB000601CC4B2042CF7DB1021002004F0C8F9E8
:105EC00008B10120EBE701A9012004F053FA08B161
:105ED0000120E4E79DF80500B04988600846806825
:105EE00000028860084680689DF804100844AB49A9
:105EF00088609DF8090048600846406800024860D4
:105F0000084640689DF808100844A44948600846BF
:105F1000406800024860084640689DF80710084441
:105F20009E4948600846406800024860084640684C
:105F30009DF806100844994948600846008900F415
:105F40000040B0F5004F12D108460089C0F30E00A2
:105F500088600846806846F6292148408F49886055
:105F6000084640684BF2A62148408C4948608B485F
:105F700040688B490860874801788448007804F0BD
:105F800067F908B10A208AE701A98148007804F07E
:105F9000F1F908B1142082E7002406E001A8015DB0
:105FA0007E4824300155601CC4B2102CF6DB4FF043
:105FB000010A00240BE001A8015D01AA04F1080018
:105FC000105C814201D04FF0000A601CC4B2042C66
:105FD000F1DB00240BE001A9201D085C095D81F0C4
:105FE000FF01884201D04FF0000A601CC4B2042CAB
:105FF000F1DB9DF8100050B99DF81100FF2806D183
:106000009DF8120018B99DF81300FF2801D04FF039
:10601000000ABAF1000F3AD09DF807005F49C86145
:106020000846C0690002C8610846C0699DF80610AC
:1060300008445A49C8610846C0690002C861084658
:10604000C0699DF8051008445449C8610846C069F4
:106050000002C8610846C0699DF8041008444F4911
:10606000C8611421062004F0F3F808B10C2016E7EB
:106070006946182004F08AF908B10D200FE7474956
:10608000009808730846C0693060002007E74FF0A9
:106090004B08002406E041482430005D80EA0808EF
:1060A000601CC4B20F2CF6DB3C4890F8330040452E
:1060B00001D00320F3E6394890F827003749C8613A
:1060C0000846C0690002C8610846C16990F8260008
:1060D00008443249C8610846C0690002C8610846E0
:1060E000C16990F8250008442C49C8610846C06978
:1060F0000002C8610846C06991F824100844274985
:10610000C861084690F82D703F0290F82C000744B3
:10611000084690F82B502D0290F82A0005442D02D5
:10612000084690F8290005442D02084690F82800FA
:106130000544084690F82E90B9F1010F03D0B9F14B
:10614000020F12D108E005EB070B1448C06958454F
:1061500001D00520A3E60AE0A5EB070B0F48C069B4
:10616000584501D006209AE601E0072097E600BFD7
:106170000A4890F82F0000F01F00084908730846ED
:10618000C069306000208AE66D02002069020020AC
:106190006A0200206B0200206C020020C01D00205B
:1061A000700200202DE9F04F8DB00746894600258A
:1061B00000203860C9F80000FB480078012811D0A1
:1061C000022802D0032827D119E00520F7490870DA
:1061D0001520F74908703720F64908702020F64945
:1061E000087026E00420F14908701020F04908707A
:1061F0003920F04908700020EF49087019E00520A7
:10620000EA4908701520EA4908703720E949087002
:106210004020E94908700CE00520E449087014208A
:10622000E34908703720E34908700020E24908700C
:1062300000BF00BF0BA804F005F938B10BA804F0AB
:1062400001F918B101200DB0BDE8F08F002405E080
:106250000BA8005DD9490855601CC4B2042CF7DBBB
:106260001021002003F0F4FF08B10120EBE703A99F
:10627000012004F07FF808B10120E4E79DF80D004B
:10628000CE498860084680680002886008468068B9
:106290009DF80C100844C94988609DF811004860B9
:1062A0000846406800024860084640689DF81010A3
:1062B0000844C249486008464068000248600846F1
:1062C00040689DF80F100844BC4948600846406883
:1062D00000024860084640689DF80E100844B7491F
:1062E00048600846008900F40040B0F5004F12D124
:1062F00008460089C0F30E0088600846806846F6AC
:1063000029214840AD498860084640684BF2A621E3
:106310004840AA494860A9484068A9490860A5487A
:106320000178A248007803F093FF08B10A208AE7B9
:106330009D480078012835D103A9122004F01AF8ED
:1063400008B114207FE79DF81000AB2812D19DF80A
:106350001100CD280ED19DF80F502D029DF80E0092
:1063600005442D029DF80D0005442D029DF80C00FA
:10637000054400E000259DF80C00FF280CD19DF895
:106380000D00FF2808D19DF80E00FF2804D19DF8CC
:106390000F00FF2800D100258A48854200D1002542
:1063A000C9F8005003A98248007803F0E3FF08B160
:1063B000142048E7002406E003A8015D7F4824304C
:1063C0000155601CC4B2102CF6DB012002900024A1
:1063D0000BE003A8015D03AA04F10800105C8142F0
:1063E00001D000200290601CC4B2042CF1DB002418
:1063F0000BE003A9201D085C095D81F0FF018842C4
:1064000001D000200290601CC4B2042CF1DB9DF886
:10641000180050B99DF81900FF2806D19DF81A0000
:1064200018B99DF81B00FF2801D0002002900298A7
:1064300090B39DF80F006149C8610846C069000229
:10644000C8610846C0699DF80E1008445B49C861E0
:106450000846C0690002C8610846C0699DF80D1071
:1064600008445649C8610846C0690002C861084628
:10647000C0699DF80C1008445049C86114210620D9
:1064800003F0E6FE08B10C20DDE601A9182003F0B8
:106490007DFF10B10D20D6E607E04849019808734A
:1064A0000846C06938600020CDE64FF04B0A002452
:1064B00006E042482430005D80EA0A0A601CC4B24B
:1064C0000F2CF6DB3D4890F83300504501D00320F7
:1064D000B9E63A4890F827003849C8610846C069CB
:1064E0000002C8610846C16990F826000844334993
:1064F000C8610846C0690002C8610846C16990F8D1
:10650000250008442D49C8610846C0690002C861D9
:106510000846C06991F8241008442849C861084613
:1065200090F82D804FEA082890F82C008044084607
:1065300090F82B60360290F82A000644360208468E
:1065400090F8290006443602084690F828000644D0
:10655000084690F82EB0BBF1010F03D0BBF1020F3B
:1065600012D108E006EB08051448C069A84201D022
:10657000052068E60AE0A6EB08051048C069A842B5
:1065800001D006205FE601E007205CE600BF0B4873
:1065900090F82F0000F01F00084908730846C069F2
:1065A000386000204FE600006D02002069020020E4
:1065B0006A0200206B0200206C020020C01D002037
:1065C0007002002017FCFF0001460E2924D2DFE8EC
:1065D00001F007090B0D0F11131517191B1D1F21B2
:1065E000192070471A20FCE71C20FAE71D20F8E765
:1065F0001E20F6E72020F4E72120F2E72220F0E732
:106600002420EEE72520ECE72620EAE72820E8E72B
:106610002920E6E72A20E4E70020E2E701460E29E8
:1066200024D2DFE801F007090B0D0F11131517191C
:106630001B1D1F21192070471A20FCE71C20FAE7B8
:106640001D20F8E71E20F6E72020F4E72120F2E7DE
:106650002220F0E72420EEE72520ECE72620EAE7D9
:106660002820E8E72920E6E72A20E4E70020E2E7FF
:1066700070B50A480468001D0568001D06683444AA
:1066800054B108220649204604F0FBF804220449CC
:106690001031284604F0F5F870BD0000E8F7FF1F40
:1066A000F20000200146002291F82100022808D0C3
:1066B0000420886300BF002081F8200000BF012073
:1066C00070470868006820F00E000B6818600868C2
:1066D000006820F001000B68186091F8403001203C
:1066E0009840CB6B5860012081F8210000BF00204A
:1066F00081F8200000BF1046E2E7000070B50446B4
:10670000002594F82100022803D00420A06301256D
:1067100048E02068006820F00E00216808602068CA
:10672000006820F00100216808601F492068884245
:1067300001D1012026E01C4914312068884201D192
:1067400010201FE0184928312068884201D18015A7
:1067500018E015493C312068884201D1801411E0CD
:10676000114950312068884202D14FF4803009E04D
:106770000D4964312068884202D14FF4801001E055
:106780004FF08070084908394860012084F82100E2
:1067900000BF002084F8200000BF606B10B12046CD
:1067A000616B8847284670BD0800024070B50446FA
:1067B00000F08AFA06462546681C10B104480078A5
:1067C000054400BF00F080FA801BA842FAD370BDD8
:1067D0002C0100202DE9F04104460E46012700253A
:1067E00000BF2648007E012802D10220BDE8F081CA
:1067F00001202249087600BF2068022813D14CF2FC
:106800005030FFF7C5FA90BB0120FFF747FA4CF272
:106810005030FFF7BDFA07461948006920F0040020
:106820001749086123E04CF25030FFF7B1FAF0B994
:106830004FF0FF303060A56812E02846FFF742FABB
:106840004CF25030FFF7A4FA07460D48006920F0DB
:1068500002000B4908610FB1356007E005F580655E
:10686000D4E9021001EB8020A842E6D800BF00BFA7
:1068700000200249087600BF3846B7E7201D0020F7
:10688000002002400348006940F08000014908618F
:1068900000207047002002402DE9FE4F05468B4640
:1068A00017469846012600240020029000BF244885
:1068B000007E012802D10220BDE8FE8F0120204980
:1068C000087600BF4CF25030FFF762FA064686BBEE
:1068D000012D02D10120029006E0022D02D10220FA
:1068E000029001E00420029000241EE02201B9463B
:1068F000C24648465146FFF715F880B20190022083
:1069000000FB04B000900199FFF7F0F94CF2503011
:10691000FFF73EFA06460B48006920F001000949DE
:10692000086106B104E0601CC4B202988442DDDB59
:1069300000BF00BF00200249087600BF3046BBE719
:10694000201D00200020024000200849096901F0B4
:10695000800151B10649054A51600649516011460E
:10696000096901F0800101B1012070470020024057
:1069700023016745AB89EFCD2DE9F8470346002297
:1069800094466EE14FF0010808FA02F4D1F8008055
:1069900008EA0400A0427DD1DFF8DCA2D1F804802F
:1069A000A8EB0A09D0453AD014DCB8F1030F50D057
:1069B00009DCB8F1000F31D0B8F1010F1CD0B8F1EB
:1069C000020F49D120E0B8F1110F18D0B8F1120F21
:1069D00042D11EE0B9F5881F25D006DCB9F5803F0D
:1069E00020D0B9F5801F37D11AE0B9F5001F18D0B3
:1069F000B9F5041F30D117E0D1F80CC02DE0D1F863
:106A00000C8008F1040C28E0D1F80C8008F1080C87
:106A100023E0D1F80C8008F10C0C1EE000BF00BF91
:106A200000BF00BF00BF00BFD1F80880B8F1000F61
:106A300002D14FF0040C0BE0D1F80880B8F1010F3F
:106A400003D14FF0080C1C6102E04FF0080C5C61B0
:106A500003E04FF0000C00E000BF00BFFF2801D8AA
:106A6000984601E003F104084646FF2802D84FEAA1
:106A7000820803E0A2F108084FEA88084746D6F8E2
:106A800000804FF00F0909FA07F928EA09080CFA03
:106A900007F900E088E048EA0908C6F80080D1F864
:106AA000048008F08058B8F1805F7DD100BFDFF826
:106AB000CC81D8F8188048F00108DFF8C091C9F8F7
:106AC0001880C846D8F8188008F00108CDF8008072
:106AD00000BF00BF4FEAB9384FEA920958F8295071
:106AE0004FEA82784FEA18794FF00F0808FA09F850
:106AF00025EA0805DFF88881434502D14FF00008F8
:106B000016E0DFF88081434502D14FF001080FE025
:106B1000DFF87481434502D14FF0020808E0DFF846
:106B20006C81434502D14FF0030801E04FF00408A7
:106B30004FEA82794FEA197908FA09F848EA050517
:106B4000DFF84C814FEA920948F82950D1F80480C7
:106B500008F48038B8F5803F0AD1DFF83881D8F8DA
:106B6000008048EA0008DFF82C91C9F8008009E0AD
:106B7000DFF82081D8F8008028EA0008DFF81491B7
:106B8000C9F80080D1F8048008F40038B8F5003F57
:106B900010D1DFF8008108F10408D8F8008048EA35
:106BA0000008DFF8F09000E05AE009F10409C9F8A4
:106BB00000800DE0DFF8DC8008F10408D8F80080E0
:106BC00028EA0008DFF8CC9009F10409C9F8008030
:106BD000D1F8048008F48018B8F5801F0ED1DFF8D2
:106BE000B48008F10808D8F8008048EA0008DFF807
:106BF000A49009F10809C9F800800DE0DFF894803D
:106C000008F10808D8F8008028EA0008DFF8849026
:106C100009F10809C9F80080D1F8048008F40018C7
:106C2000B8F5001F0ED1DFF86C8008F10C08D8F819
:106C3000008048EA0008DFF85C9009F10C09C9F807
:106C400000800DE0DFF84C8008F10C08D8F80080D7
:106C500028EA0008DFF83C9009F10C09C9F8008027
:106C6000521CD1F8008028FA02F8B8F1000F7FF426
:106C700089AEBDE8F8870000000011100010024046
:106C800000080140000C01400010014000140140C8
:106C90000800014000040140024693680B400BB11C
:106CA000012000E00020704710B5C26821EA02030D
:106CB00002EA010443EA0443036110BD0AB1016121
:106CC00001E00B0403617047014800687047000051
:106CD0002401002070B504460CB9012070BD94F861
:106CE0003D0028B9002084F83C00204600F03EFB1F
:106CF000242084F83D002068006820F0010021680D
:106D000008602068006840F400402168086020683E
:106D1000006820F400402168086001F07DFD054610
:106D20005C496068884206D85B48854201D20120F0
:106D300007E0002005E05948854201D2012000E02B
:106D40000020012800D1C9E75548B5FBF0F62068BE
:106D5000406820F03F003043216848604D4960683A
:106D6000884201D8701C07E04FF4967070434FF4CE
:106D70007A71B0FBF1F0401C2168096A21F03F01F3
:106D800008432168086243496068884214D8681E35
:106D900061684900B0FBF1F0401CC0F30B0004280F
:106DA00001D204203DE0681E61684900B0FBF1F0AB
:106DB000401CC0F30B0034E0A06838B9681E61685D
:106DC00001EB4101B0FBF1F0401C0AE0681E616874
:106DD00001EBC10202EB0111B0FBF1F0401C40F4E9
:106DE0008040C0F30B0008B901201AE0A06848B940
:106DF000681E616801EB4101B0FBF1F0401CC0F37B
:106E00000B000CE0681E616801EBC10202EB01118E
:106E1000B0FBF1F0401CC0F30B0040F4804040F4A4
:106E200000402168C9694CF6FF729143084321680C
:106E3000C861D4E9070108432168096821F0C0014D
:106E4000084321680860D4E9031008432168896871
:106E500048F2FF329143084321688860D4E9050174
:106E600008432168C96821F0FF0108432168C86010
:106E70002068006840F0010021680860002020645C
:106E8000202084F83D000020206384F83E0000BFED
:106E900024E70000A086010080841E0000093D0058
:106EA00040420F002DE9FC470446894617469846A4
:106EB0000A9E00200190FFF707FF054694F83D0069
:106EC00020286FD119230122C8492046009503F0DC
:106ED000A7F810B10220BDE8FC8700BF94F83C0081
:106EE000012801D10220F6E7012084F83C0000BF10
:106EF0002068006800F0010028B92068006840F0B0
:106F00000100216808602068006820F400602168A2
:106F10000860222084F83D00102084F83E00002004
:106F200020646762A4F82A80608D2085B048E06202
:106F30002B4632464946204602F048FF08B1012060
:106F4000C9E7208D88B900BF002000902068406903
:106F5000009020688069009000BF00BF2068006832
:106F600040F40070216808604BE0208D01281AD1A0
:106F70002068006820F480602168086072B600BF55
:106F8000002000902068406900902068806900908F
:106F900000BF00BF2068006840F4007021680860EE
:106FA00062B62EE020E1208D022819D12068006809
:106FB00040F400602168086072B600BF00200090B5
:106FC00020684069009020688069009000BF00BF81
:106FD0002068006820F480602168086062B610E0D4
:106FE0002068006840F480602168086000BF0020CD
:106FF000009020684069009020688069009000BF80
:1070000000BFE2E0208D03287ED8208D012815D115
:107010002A463146204603F0ADF808B101205AE770
:1070200020680069616A0870606A401C6062208D97
:10703000401E2085608D401E6085C6E0208D0228A0
:107040002CD1334600226B492046009502F0E8FF20
:1070500008B101203FE772B62068006840F4007074
:107060002168086020680069616A0870606A401CD5
:107070006062208D401E2085608D401E608562B656
:1070800020680069616A0870606A401C6062208D37
:10709000401E2085608D401E608596E033460022AC
:1070A00054492046009502F0BBFF08B1012012E7C9
:1070B0002068006820F480602168086072B620684B
:1070C0000069616A0870606A401C6062208D401E21
:1070D0002085608D401E6085474800681921B0FBFF
:1070E000F1F04FF47A71B0FBF1F0C0EBC00000EBAF
:1070F0008000019000BF0198401E01900198A8B93E
:1071000000202063202000E038E084F83D000020CB
:1071100084F83E00206C40F02000206462B600BF7E
:10712000002084F83C0000BF0120D4E620684069BC
:10713000C0F380000028DED02068006840F40070B2
:107140002168086020680069616A0870606A401CF4
:107150006062208D401E2085608D401E608562B675
:1071600020680069616A0870606A401C6062208D56
:10717000401E2085608D401E608526E02A463146EF
:10718000204602F0F7FF08B10120A4E6206800695C
:10719000616A0870606A401C6062208D401E208514
:1071A000608D401E608520684069C0F3800060B13A
:1071B00020680069616A0870606A401C6062208D06
:1071C000401E2085608D401E6085208D00287FF444
:1071D00019AF202084F83D00002084F83E0000BF55
:1071E00084F83C0000BF76E6022074E6020010003E
:1071F0000000FFFF04000100400100202DE9F843DA
:107200000446894616461F46DDF82080FFF75CFDE0
:10721000054694F83D0020287ED1192301225149CA
:107220002046009502F0FCFE10B10220BDE8F88374
:1072300000BF94F83C00012801D10220F6E70120AC
:1072400084F83C0000BF2068006800F0010028B905
:107250002068006840F0010021680860206800682C
:1072600020F4006021680860212084F83D0010208F
:1072700084F83E000020206466626785608D20856A
:107280003948E0622B4642464946204602F03AFE23
:1072900008B10120CAE700BF0020009020684069C3
:1072A000009020688069009000BF00BF44E02A463B
:1072B0004146204602F09EFF50B1206C042805D1C3
:1072C0002068006840F40070216808600120ADE784
:1072D000606A007821680861606A401C6062608DA5
:1072E000401E6085208D401E208520684069C0F3C7
:1072F000800070B1208D60B1606A007821680861FB
:10730000606A401C6062608D401E6085208D401E5A
:1073100020852A46414600E022E0204602F052FE47
:1073200050B1206C042805D12068006840F400703A
:1073300021680860012079E7208D0028B7D12068F6
:10734000006840F4007021680860202084F83D0047
:10735000002084F83E0000BF84F83C0000BF65E7D1
:10736000022063E7020010000000FFFF10B586B0A6
:107370000446002002900390049005901A4920686A
:1073800088422FD100BF1948806940F00800174992
:1073900088610846806900F00800019000BF00BFC6
:1073A0004FF440700290122003900320059002A930
:1073B0000F48FFF7E1FA00BF0E49486840F0E0606F
:1073C00040F00200486000BF00BF0848C06940F4B8
:1073D00000100649C8610846C06900F40010019019
:1073E00000BF00BF06B010BD0054004000100240B6
:1073F000000C01400000014070B504460CB90120AA
:1074000070BD4CF6CC402168086045F255502168AB
:107410000860D4E9001048602168A0688860FFF720
:1074200053FC05460BE0FFF74FFC401B272806D90D
:107430002068C06800F0030008B10320E0E720687E
:10744000C06800F003000028EDD14AF6AA202168A8
:1074500008600020D4E70000034800680349097869
:107460000844014908607047240100202C010020D5
:1074700010B50848006840F0100006490860032075
:1074800000F0A8F8002000F007F800F02BF800202A
:1074900010BD00000020024070B504460E48007880
:1074A0004FF47A71B1FBF0F00C490968B1FBF0F5CB
:1074B000284601F053FF08B1012070BD102C07D2FF
:1074C00000222146501E00F047F80548046001E004
:1074D0000120F2E70020F0E72C010020400100200D
:1074E0002801002008B500BF1148806940F0010064
:1074F0000F4988610846806900F00100009000BFD4
:1075000000BF00BF0846C06940F08050C86108460F
:10751000C06900F08050009000BF00BF00BF054967
:10752000486820F0E06040F00070486000BF08BD8F
:10753000001002400000014001460846002809DB17
:1075400000F01F0301229A4043099B0003F1E0234E
:10755000C3F8002100BF70472DE9F05F80460D465B
:107560001646002709F0A6FB074639462A46334649
:1075700001F00700C0F1070ABAF1040F02D94FF079
:10758000040A01E0C0F1070AD14600F1040ABAF189
:10759000070F02D24FF0000A01E0A0F1030AD4461F
:1075A0004FF0010A0AFA09FAAAF1010A0AEA020AE4
:1075B0000AFA0CFA4FF0010B0BFA0CFBABF1010BC2
:1075C0000BEA030B4AEA0B042146404609F07AFB1A
:1075D000BDE8F09F00BF00F00702064B19684FF6A8
:1075E000FF031940044B0B4343EA0221014B19608E
:1075F00000BF70470CED00E00000FA0570B50546CD
:107600000C4604F08000802808D104F0070000EB4D
:10761000800605F1280000EBC60105E004EB8406B6
:1076200005F5B47000EBC6011AB900200873CB80D1
:1076300004E0012008730B81180C4881002070BD04
:10764000704770B504460D4605EB850304F128012B
:1076500001EBC3014A692946D4F8E80207F0DAFBD6
:1076600070BD70B504460D4605EB850304F5B47195
:1076700001EBC3014A692946D4F8E80207F04AFC45
:1076800070BD70B504460E4606F0800080280AD111
:1076900006F0070000EB800104F1280000EBC105B3
:1076A0000120687009E006F0070000EB800104F596
:1076B000B47000EBC1050020687006F00700287068
:1076C00000BF94F8A802012801D1022070BD01205A
:1076D00084F8A80200BF2946206808F0A3FA00BF7A
:1076E000002084F8A80200BF00BFEFE770B5044691
:1076F0000E4606F00F006168884201D9012070BD76
:1077000006F0800080280AD106F0070000EB800117
:1077100004F1280000EBC1050120687009E006F0C3
:10772000070000EB800104F5B47000EBC1050020F8
:1077300068700020A87006F00700287000BF94F859
:10774000A802012801D10220D9E7012084F8A8026B
:1077500000BF2946206808F0C1FB00BF002084F864
:10776000A80200BF00BFCAE72DE9F04105460C465C
:10777000174607F48040002850D02868B0F8501011
:10778000207801EBC000801C296801F5806131F888
:107790001000C0F30906A069B04203D3A069801BA2
:1077A000A06101E00020A061A069A8B900BF227813
:1077B0005200296831F812104BF68F7201EA02006C
:1077C00080F4005040F4004141F0800123785B00D8
:1077D0002A6822F8131000BF07F04000A8B100BFCC
:1077E00000BF22785200296831F8121048F68F72D3
:1077F00001EA020040F4004141F0C00123785B003F
:107800002A6822F8131000BF00BF002E55D022892D
:1078100061693346286809F0D7F94EE02868B0F866
:107820005010207801EBC000801D296801F58061AF
:1078300031F81000C0F30906A069B04203D3A06973
:10784000801BA06101E00020A061A069A8B900BF71
:1078500022785200296831F812104BF68F7201EA33
:10786000020080F4005040F4004141F08001237890
:107870005B002A6822F8131000BF07F04000A8B987
:1078800000BF00BF22785200296831F8121048F674
:107890008F7201EA020040F4004141F0C0012378F8
:1078A0005B002A6822F8131000BF00BF2EB1628966
:1078B00061693346286809F087F93046BDE8F081F0
:1078C0002DE9F04705460C46904608F04000002898
:1078D00071D02868B0F85010207801EBC000801CEF
:1078E000296801F5806131F81000C0F30907A0692B
:1078F000B84203D9A069C01BA06101E00020A061CB
:10790000A06900287ED100BF6078C8B900BF29688F
:107910002A68B2F8502011442278022303EBC202F5
:1079200001F5806303EB420000BF028848F2FF3399
:107930001A400280028842F40042028000BF13E035
:107940006078012810D100BF28682A68B2F850205A
:1079500010442278022303EBC20200F5806303EB9C
:10796000420100220A8000BF00BF00BF2968607882
:1079700010BB00BF2B68D5F800C0BCF850C06344F2
:1079800094F800C04FF0060909EBCC0C03F58069B0
:1079900009EB4C0000BFB0F800C048F2FF390CEA18
:1079A000090CA0F800C0B0F800C04CF4004CA0F8DE
:1079B00000C000BF11E0C0E0607801280DD1286848
:1079C000B0F8500001442078062303EBC00001F515
:1079D000806303EB40020020108000BF217828461E
:1079E000FFF72FFE08F48040002816D000BF00BF2C
:1079F00022785200296831F8121048F68F7201EA95
:107A0000020000E00AE040F4004141F481412378A3
:107A10005B002A6822F8131000BFCAE108F4804016
:107A2000A8B100BF00BF22785200296831F81210B7
:107A300048F68F7201EA020040F4004141F48142AD
:107A400023785B00296821F8132000BF00BF94F859
:107A500024000128E1D1606938446061E06938445C
:107A6000E0612169206A884204D32669206A801B6C
:107A700020620BE0206A20B93E46002084F82400F2
:107A800004E0002084F82400266A206200BF6078A9
:107A9000B8BB00BF2A682968B1F850100A442178A1
:107AA000022303EBC10102F5806303EB41010846A9
:107AB00000BF56B9038848F2FF3C03EA0C03038079
:107AC000038843F40043038019E03E2E0BD800BF27
:107AD000710806F0010303B1491C4FF6FF7303EA76
:107AE000812303800BE000BF710906F01F0303B977
:107AF000491E4FF4004343EA8123038000BF00BFC7
:107B000013E0FFE7607801280FD100BF28682A68DA
:107B1000B2F8502010442278022303EBC20200F591
:107B2000806303EB42010E8000BF00BFB3B2228925
:107B30006169286809F077F83BE12868B0F85010CF
:107B4000207801EBC000801D296801F5806131F8C3
:107B50001000C0F30907A069B84203D3A069C01B95
:107B6000A06101E00020A061A06900287DD100BFD4
:107B70006078C8B900BF29682A68B2F8502011445B
:107B80002278022303EBC20201F5806303EB42007B
:107B900000BF028848F2FF331A400280028842F494
:107BA0000042028000BF13E06078012810D100BFBE
:107BB00028682A68B2F8502010442278022303EB88
:107BC000C20200F5806303EB420100220A8000BF7D
:107BD00000BF00BF2968607808BB00BF2B68D5F8DC
:107BE00000C0BCF850C0634494F800C04FF00609D0
:107BF00009EBCC0C03F5806909EB4C0000BFB0F831
:107C000000C048F2FF390CEA090CA0F800C0B0F837
:107C100000C04CF4004CA0F800C000BF10E0607839
:107C200001280DD12868B0F85000014420780623BF
:107C300003EBC00001F5806303EB400200201080DD
:107C400000BF21782846FFF7FCFC08F4804000289C
:107C500016D100BF00BF22785200296831F81210F7
:107C600048F68F7201EA020000E00AE040F40041A9
:107C700041F4814123785B002A6822F8131000BF89
:107C800097E008F48040A8B900BF00BF22785200F6
:107C9000296831F8121048F68F7201EA020040F4A8
:107CA000004141F4814123785B002A6822F81310D7
:107CB00000BF00BF94F8240001287AD160693844DD
:107CC0006061E0693844E0612169206A884204D338
:107CD0002669206A801B20620BE0206A20B93E469C
:107CE000002084F8240004E0266A0020206284F842
:107CF000240000BF2A68607890BB00BFD5F800C0A0
:107D00002968B1F850108C4421784FF0060909EB2E
:107D1000C1010CF5806909EB4101084600BF76B945
:107D2000B0F8009048F2FF3A09EA0A09A0F800907A
:107D3000B0F8009049F40049A0F8009020E03E2EF1
:107D40000FD800BF710806F00109B9F1000F00D08B
:107D5000491C4FF6FF7909EA8129A0F800900FE04D
:107D600010E000BF710906F01F09B9F1000F00D142
:107D7000491E4FF4004949EA8129A0F8009000BF4C
:107D800000BF0FE0607801280CD12868B0F85000DF
:107D900002442078062101EBC00002F5806101EB6E
:107DA00040031E8000BFB3B262896169286808F091
:107DB0003AFF00BF22785200296831F8121048F6C5
:107DC000BF7201EA020080F0100080F0200040F451
:107DD000004141F0800123785B002A6822F81310EB
:107DE00000BF0020BDE8F087024601F0070000EB6D
:107DF000800302F5B47000EBC300C06970472DE941
:107E0000F04705460E4690461F464FF0000906F023
:107E1000800080280AD106F0070000EB800105F100
:107E2000280000EBC1040120607009E006F00700A3
:107E300000EB800105F5B47000EBC1040020607018
:107E400006F007002070C4F81080E770607808B171
:107E50002078E081022F01D10020207100BF95F829
:107E6000A802012802D10220BDE8F087012085F890
:107E7000A80200BF2146286807F0AAFC00BF002026
:107E800085F8A80200BF4846EEE72DE9F041054617
:107E90000E461746984606F0070000EB800105F5F0
:107EA000B47000EBC1046761C4F818800020E06181
:107EB000607006F00700207006F0070020B9214628
:107EC000286808F0A6F803E02146286808F0A1F821
:107ED0000020BDE8F08170B504460D4605F00700AE
:107EE0006168884201D9012070BD05F080008028BA
:107EF0000AD105F0070000EB800104F1280000EB37
:107F0000C1060120707007E005EB850104F5B4702F
:107F100000EBC106002070700120B07005F0070072
:107F2000307000BF94F8A802012801D10220DBE7DD
:107F3000012084F8A80200BF3146206808F03BF811
:107F400005F0070020B904F52C71206807F0C3FF85
:107F500000BF002084F8A80200BF00BFC4E72DE9DD
:107F6000F04105460E4690461F4606F0070000EB1E
:107F7000800105F1280000EBC104C4F81480A7615A
:107F8000012084F8240027620020E0610120607055
:107F900006F00700207006F0070020B92146286887
:107FA00008F037F803E02146286808F032F800208E
:107FB000BDE8F0817FB50446206808F001FE00F4BA
:107FC0000040B0F5004F02D1204603F0B7FC206816
:107FD00008F0F6FD00F48060B0F5806F0FD12068E6
:107FE000B0F844004FF6FF3108402168A1F8440082
:107FF000204600F09FF90021204600F0BBF92068E0
:1080000008F0DEFD00F48040B0F5804F08D1206814
:10801000B0F844004BF6FF7108402168A1F8440015
:10802000206808F0CDFD00F40050B0F5005F08D1E5
:108030002068B0F844004DF6FF7108402168A1F8AF
:108040004400206808F0BCFD00F48050B0F5805F6B
:108050001DD12068B0F840004FF6FB710840216840
:10806000A1F840002068B0F840004FF6F7710840D2
:108070002168A1F84000204600F06EF92068B0F8B1
:1080800044004EF6FF7108402168A1F844002068C2
:1080900008F096FD00F40060B0F5006F55D10025A2
:1080A00007E06900206830F811002DF81500681C01
:1080B000C5B2082DF5D32068B0F8400040F00100AB
:1080C0002168A1F840002068B0F840004FF6FE712A
:1080D00008402168A1F8400000BF2068B0F84400C3
:1080E00000F480600028F8D02068B0F844004FF613
:1080F000FF3108402168A1F84400002507E03DF861
:1081000015006A00216821F81200681CC5B2082D0C
:10811000F5D32068B0F8400040F008002168A1F8CD
:1081200040002068B0F844004FF2FF710840216819
:10813000A1F844002068B0F8400040F00400216835
:10814000A1F84000204600F057F9206808F038FDFB
:1081500000F40070B0F5007F0BD12068B0F8440047
:108160004FF6FF5108402168A1F84400204600F076
:10817000FAF8206808F024FD00F48070B0F5807FE4
:1081800008D12068B0F844004FF6FF61084021682C
:10819000A1F844007FBD30B585B0044614B9012074
:1081A00005B030BD94F8A90228B9002084F8A802CF
:1081B000204600F09DF8032084F8A902206807F00B
:1081C00080FE142204F110016846FDF7BBFB94E821
:1081D0000F0007F023FD20B1022084F8A90201203E
:1081E000DEE70021206808F014FD002531E00121C0
:1081F00005EB850204F1280000EBC200417005EB9D
:10820000850104F1280000F8315005EB850100EBF1
:10821000C100C581002105EB850204F1280000EBB7
:10822000C200C17005EB850204F1280000EBC2001A
:10823000016105EB850204F1280000EBC2004161F9
:1082400005EB850204F1280000EBC2008161681C87
:10825000C5B26068A842CAD800252AE0002105EB13
:10826000850204F5B47000EBC200417005EB850196
:1082700004F5B47000F83150002105EB850200EBE5
:10828000C200C17005EB850204F5B47000EBC200BA
:10829000016105EB850204F5B47000EBC200416199
:1082A00005EB850204F5B47000EBC2008161681C27
:1082B000C5B26068A842D1D8142204F11001684602
:1082C000FDF740FB94E80F0007F0F0FD20B102201D
:1082D00084F8A902012063E7002084F8240001202B
:1082E00084F8A902206807F0DEFD002058E70000AE
:1082F00038B504460D492068884215D100BF0C48A6
:10830000C06940F400000A49C8610846C06900F429
:108310000000009000BF00BF002211461420FFF7AC
:108320001BF91420FFF708F938BD0000005C00407D
:108330000010024070B504460125A068022801D053
:10834000FDF7A5FC2946D4F8E80206F017FFD4F89B
:10835000E80206F0C9FE70BD10B50446D4F8E80284
:1083600006F0F0FE10BD10B50446D4F8E80206F0A1
:10837000F4FE10BD70B504460D4600BF94F8A80287
:10838000012801D1022070BD012084F8A80200BF9D
:1083900084F824502946206808F03EFC00BF0020E5
:1083A00084F8A80200BF00BFEDE710B5044604F54D
:1083B0002C71D4F8E80206F0F8FE10BD10B50446A2
:1083C00000BF94F8A802012801D1022010BD0120AD
:1083D00084F8A80200BF206808F0E0FB01212046D5
:1083E000FFF72EF9206807F05BFD00BF002084F83E
:1083F000A80200BF00BFE9E710B50446D4F8E802C0
:1084000006F02CFFA06928B10348006840F0060080
:108410000149086010BD000010ED00E00120014995
:108420000862704700000E422DE9F04385B0064611
:108430003BA30FCB01AC0FC43DA0006800904FF0F0
:108440000008002500270024A146012E30D0022E6E
:1084500055D0102E5ED137484468006800F0807017
:1084600000B301A8C4F38341475C04F4803070B1C9
:1084700030484068C0F340401DF8008004F480306C
:1084800040B12D48B0FBF8F000FB07F502E02B48A7
:1084900007FB00F52748406800F48000B0F5800F26
:1084A00001D1A94603E068000321B0FBF1F932E0F5
:1084B0002048046A04F44070B0F5807F05D104F0D0
:1084C000020010B14FF4004918E004F44070B0F518
:1084D000007F07D11748406A00F0020010B149F64A
:1084E00040490BE004F44070B0F5407F06D11148DC
:1084F000006800F4003008B14FF224490BE000F0AE
:108500009BF90C494968C1F38131491C4900B0FB12
:10851000F1F900E000BF00BF484605B0BDE8F083B8
:1085200002030405060708090A0B0C0D0E0F1010B4
:10853000010200000010024000127A0000093D0014
:10854000F8B5044600260025207800F00100002838
:108550006BD000274348C06900F0805070B900BF5D
:108560004048C06940F080503E49C8610846C06933
:1085700000F08050009000BF00BF01273A4800681B
:1085800000F48070B0B93848006840F48070364913
:108590000860FEF799FB064606E0FEF795FB801B98
:1085A000642801D90320F8BD2F48006800F48070CA
:1085B0000028F2D02B48006A00F440752DB3A08843
:1085C00000F44070A84220D02648006A20F440758C
:1085D000012026490860002008602248056205F055
:1085E000010090B1FEF770FB064608E0FEF76CFB59
:1085F000801B41F28831884201D90320D3E7194812
:10860000006A00F002000028F0D01648006A20F44A
:1086100040706168084313490862012F04D108467D
:10862000C06920F08050C86100BF207800F00200CF
:10863000022807D10B48406820F44040A168084355
:1086400008494860207800F01000102807D105483C
:10865000406820F48000E168084302494860002037
:10866000A1E70000001002400070004040044242B8
:108670007047000070B504460D460CB9012070BD6E
:108680005A48006800F00700A8420ED25748006818
:1086900020F007002843554908600846006800F0AC
:1086A0000700A84201D00120E9E7207800F002008D
:1086B00002281DD1207800F00400042805D14C4880
:1086C000406840F4E0604A494860207800F00800C3
:1086D000082805D14648406840F460504449486045
:1086E0004348406820F0F000A168084340494860D2
:1086F000207800F0010078B36068012806D13C487A
:10870000006800F4003090B90120B8E760680228E2
:1087100006D13748006800F0007040B90120AEE78C
:108720003348006800F0020008B90120A7E730488C
:10873000406820F00300616808432D494860FEF757
:10874000C3FA064609E0FEF7BFFA801B41F2883102
:10875000884202D9032092E707E02548406800F0EC
:108760000C006168B0EB810FEDD12048006800F08B
:108770000700A8420ED91D48006820F007002843D2
:108780001A4908600846006800F00700A84201D0B6
:10879000012074E7207800F00400042807D1144871
:1087A000406820F4E060E16808431149486020789F
:1087B00000F00800082808D10D48406820F46050F7
:1087C000216940EAC1000A49486000F045F80849BB
:1087D0004968C1F30311074A515CC8400649086063
:1087E00006480068FEF758FE002048E700200240D7
:1087F00000100240992C01084001002028010020AF
:1088000001200149C86470470000424201480068E5
:10881000704700004001002000B5FFF7F7FF044952
:108820004968C1F30221034A515CC84000BD000001
:1088300000100240A92C010800B5FFF7E7FF04492A
:108840004968C1F3C221034A515CC84000BD000021
:1088500000100240A92C0108F0B585B00FF26C0C95
:108860009CE8E01001A8A0E8E0101CA52D68009588
:1088700000210022002300240020194D696801F026
:108880000C05F5B1042D02D0082D19D101E01548D1
:1088900019E001ADC1F38346AC5D01F4803555B1FB
:1088A0000F4D6D68C5F340451DF805200D4D65431E
:1088B000B5FBF2F302E00C4D04FB05F3184602E0B1
:1088C00000BF084800BF00BF05B0F0BD02030405AB
:1088D000060708090A0B0C0D0E0F1010010200000C
:1088E0000010024000127A0000093D0010B5064851
:1088F000806800F08000802804D1FFF7B9FE802056
:108900000149887210BD000000100240F8B504460D
:108910000CB90120F8BD207800F00100002878D0C3
:10892000F848406800F00C0004280CD0F548406876
:1089300000F00C00082811D1F248406800F48030A3
:10894000B0F5803F0AD1EF48006800F400300028FD
:108950005FD0606800285CD10120DBE700BF606861
:10896000B0F5803F06D1E748006840F48030E54923
:10897000086028E0606858B9E248006820F4803058
:10898000E04908600846006820F4802008601AE08A
:108990006068B0F5A02F0BD1DA48006840F4802061
:1089A000D84908600846006840F4803008600AE052
:1089B000D448006820F48030D24908600846006836
:1089C00020F48020086000BF606888B1FEF77CF961
:1089D000054606E0FEF778F9401B642801D903201C
:1089E00098E7C848006800F400300028F2D010E092
:1089F000FEF76AF9054606E0FEF766F9401B6428B3
:108A000001D9032086E7BF48006800F40030002841
:108A1000F2D1207800F00200022857D1B94840680E
:108A200000F00C0050B1B748406800F00C00082876
:108A300018D1B448406800F4803098B9B148006853
:108A400000F0020020B12069012801D0012061E777
:108A5000AC48006820F0F800616940EAC100A9490B
:108A6000086033E02069E8B10120A7490860FEF7FB
:108A70002BF9054606E0FEF727F9401B022801D92D
:108A8000032047E79F48006800F002000028F2D06A
:108A90009C48006820F0F800616940EAC1009949EB
:108AA000086013E0002098490860FEF70DF90546BC
:108AB00006E0FEF709F9401B022801D9032029E747
:108AC0009048006800F002000028F2D1207800F001
:108AD000080008282DD1A069B8B101208B49086091
:108AE000FEF7F2F8054606E0FEF7EEF8401B022816
:108AF00001D903200EE78348406A00F002000028F5
:108B0000F2D0012004F080FB13E000207F490860D0
:108B1000FEF7DAF8054606E0FEF7D6F8401B022815
:108B200001D90320F6E67748406A00F002000028E9
:108B3000F2D1207800F00400042873D10027714896
:108B4000C06900F0805070B900BF6E48C06940F045
:108B500080506C49C8610846C06900F080500090A0
:108B600000BF00BF01276A48006800F48070B0B9F8
:108B70006748006840F4807065490860FEF7A4F813
:108B8000054606E0FEF7A0F8401B642801D9032043
:108B9000C0E65F48006800F480700028F2D000BF93
:108BA000E068012806D15748006A40F001005549A5
:108BB000086227E0E06858B95248006A20F00100D6
:108BC000504908620846006A20F00400086219E073
:108BD000E06805280BD14B48006A40F00400494981
:108BE00008620846006A40F0010008620AE0454851
:108BF000006A20F00100434908620846006A20F03C
:108C00000400086200BFE068A0B1FEF75DF8054609
:108C100009E0FEF759F8401B41F28831884202D939
:108C2000032077E622E03748006A00F002000028BF
:108C3000EFD012E0FEF748F8054608E0FEF744F8EA
:108C4000401B41F28831884201D9032062E62D4859
:108C5000006A00F002000028F0D1012F05D1294858
:108C6000C06920F080502749C86100BFE069C8B3DF
:108C70002448406800F00C00082860D0E069022811
:108C800048D1002020490866FEF71EF8054606E098
:108C9000FEF71AF8401B022801D903203AE61948CA
:108CA000006800F000700028F2D1206AB0F5803F23
:108CB00007D11448406820F40030A16808431149E6
:108CC0004860D4E9080108430E49496821F4741149
:108CD00008430C49486001200B490866FDF7F4FF82
:108CE000054607E03DE0FDF7EFFF401B022801D9F4
:108CF00003200FE60348006800F000700028F2D05F
:108D00002FE0000000100240000042428004424276
:108D100000700040002014490866FDF7D5FF0546A5
:108D200006E0FDF7D1FF401B022801D90320F1E541
:108D30000E48006800F000700028F2D111E0E069F0
:108D4000012800D1E6E50948466806F48031206A2A
:108D5000814204D106F47011606A814201D0012081
:108D6000D8E50020D6E50000000042420010024095
:108D70002DE9F04780460E46924600250027002444
:108D8000A146404604F099FA81462548B9FBF0F423
:108D900024480068A04240D02248046040F2B275E6
:108DA0000EE0284608F00EF9012806D1B4F5B77F89
:108DB00002D3A4F5B77402E005E0A4F26D146D1CB3
:108DC000B4F5B67FEDD800BF2F46A5F5FA60F07078
:108DD000002515E0012D09D1384608F0F3F80128E7
:108DE00004D11D2C01D31D3C09E00BE00E48405D71
:108DF000A04203D80C48405D241A00E002E06D1C3C
:108E00001C2CE7D200BF681C7070601CB070B27878
:108E10007178F07804F06BFA30700020BDE8F087CC
:108E2000805101003C0100208D2C01082DE9F04704
:108E300007460C4691460026B04600253868406833
:108E4000C0F3800010B10120BDE8F087384604F07F
:108E500034FA06464FF46160B6FBF0F5B6FBF0F16C
:108E600000FB11603C21B0FBF1F060704FF46160D9
:108E7000B6FBF0F100FB11603C21B0FBF1F201FB0D
:108E80001200A0701820B5FBF0F100FB115020700B
:108E9000182D08D31820B5FBF0F8B5FBF0F100FB56
:108EA0001150207000E025700020CDE770B5044619
:108EB00000250CB9012070BD607C20B90020207411
:108EC000204600F05BF802206074204600F085F92F
:108ED00018B1042060740120EDE7204604F0B3F9D6
:108EE00018B1042060740120E5E72068406820F094
:108EF000070021684860A06828B11F48006820F07A
:108F000001001D4908601C48001F006820F46070C3
:108F1000A16808431849091F08606068401C08B12F
:108F2000656809E00120FFF77FFA05461DB90420B6
:108F300060740120BFE76D1E2068806820F00F007C
:108F400040EA1540216888602068C06865F30F001A
:108F50002168C860204604F093F918B104206074B9
:108F60000120A8E70021E17301216173A1730120B1
:108F7000607400209FE70000306C004038B5044664
:108F80000B492068884212D1FFF748FA00BF094810
:108F9000C06940F000600749C8610846C06900F038
:108FA0000060009000BF00BF01200349086038BD89
:108FB00000280040001002403C0442422DE9F04FDE
:108FC00087B006460F464FF0000900200690804605
:108FD0000024059004900390824600BF48A207CA6F
:108FE0008DE80700304604F068F981464FF461606F
:108FF000B9FBF0F006904FF46160B9FBF0F100FBB3
:1090000011903C21B0FBF1F0C0B204904FF46160CC
:10901000B9FBF0F100FB11903C21B0FBF1F201FB38
:109020001200039018210698B0FBF1F201FB120028
:109030000590F87800F5FA6840F63300804500D9CD
:10904000804640F2B270804500D2804640F2B27550
:109050000AE0284607F0B6FF012802D12B48044455
:1090600001E02B4804446D1C4545F2D397F801A05C
:10907000404607F0A7FF012804D1BAF1020F01D939
:1090800024480444AAF1010A002507E01DF8050060
:1090900040F2A321484304EBC0146D1C5545F5D3A1
:1090A00097F802B0ABF1010040F2A321484304EB72
:1090B000C0140598C0EB4011C1EB002004EB001474
:1090C0000498C0EB001004EB80040398044400BF34
:1090D000307C012803D1022007B0BDE8F08F0120C9
:1090E000307400BF022070742146304604F041F90C
:1090F0000120707400BF0020307400BF00BFEBE798
:109100001F1C1F1E1F1E1F1F1E1F1E1F0085E2018A
:109110008033E101805101002DE9F05F04460D46E6
:10912000904600260027B146B246204604F0C5F816
:1091300007464FF46160B7FBF0F9B9F1180F0AD395
:109140001820B9FBF0FA0AEB4A00C0004FF4616145
:1091500000FB01F700E0002700BF207C012802D1BE
:109160000220BDE8F09F0120207400BF022060743F
:10917000B8F1000F0BD128784FF46161484369784A
:10918000C1EB011100EB8100A978461812E02878A4
:1091900004F04EF84FF4616100FB01FB687804F0C5
:1091A00047F8C0EB00100BEB800BA87804F040F8F8
:1091B0000BEB00063E443146204604F0DAF8206806
:1091C000406820F00500216848600120607400BFFD
:1091D0000020207400BF00BFC3E770B5044600251F
:1091E0000CB9012070BD2068406820F0080021689B
:1091F0004860FDF769FD054607E0FDF765FD401B8A
:10920000B0F57A7F01D90320ECE72068406800F0D0
:1092100008000028F1D00020E4E710B504460CB99E
:10922000012010BD606A38B96068B0F5827F00D156
:1092300005E00021E16102E000212161616100217E
:10924000A16294F8510028B9002084F8500020460B
:1092500000F042F8022084F851002068006820F0F5
:10926000400021680860A08800F48270218901F420
:1092700004410843A18901F400610843217C01F005
:1092800002010843217D01F001010843218B01F413
:1092900000710843217F01F0380108432021095D56
:1092A00001F080010843218D01F400510843216839
:1092B00008600421A06901EA104021684860206824
:1092C000C06920F400602168C86100206065012049
:1092D00084F851000020A4E710B586B004460020B1
:1092E00002900390049005901949206888422DD17E
:1092F00000BF1848806940F48050164988610846CC
:10930000806900F48050019000BF00BF00BF084694
:10931000806940F0040088610846806900F004001C
:10932000019000BF00BFA020029002200390032004
:10933000059002A90848FDF71FFB4020029000207D
:109340000390049002A90448FDF716FB06B010BD77
:1093500000300140001002400008014070B5044692
:109360002546681EB0F1807F01D301200FE0681E02
:109370004FF0E02148610F214FF0FF3007F0A2FCD1
:1093800000204FF0E021886107200861002070BDB7
:109390007047704730B502460B4600BF92F83C005C
:1093A000012801D1022030BD012082F83C0000BF1D
:1093B000022082F83D00106844681068816824F03B
:1093C00070041868044310684460104D1068A84287
:1093D0000BD01068B0F1804F07D00D4D1068A84237
:1093E00003D00C4D1068A84205D121F080015868C7
:1093F000014310688160012082F83D0000BF002019
:1094000082F83C0000BF00BFCDE70000002C014007
:10941000000400400008004010B504460CB90120CB
:1094200010BD94F83D0028B9002084F83C00204687
:1094300000F026F8022084F83D00211D206804F089
:10944000FBFD012084F8460000BF84F83E000121A6
:109450003F200155402001554120015500BF00BF6C
:10946000012084F842004320015544200155452045
:10947000015500BF012084F83D000020D0E7000026
:1094800038B504461A492068884216D100BF1948E9
:10949000C06940F002001749C8610846C06900F081
:1094A0000200009000BF00BF002211461D20FEF701
:1094B00053F81D20FEF740F819E02068B0F1804F06
:1094C00015D100BF0B48C06940F001000949C861CF
:1094D0000846C06900F00100009000BF00BF0222F2
:1094E00011461C20FEF738F81C20FEF725F838BD81
:1094F0000004004000100240014691F83D000128A0
:1095000001D001207047022081F83D00124B08680D
:1095100098420BD00868B0F1804F07D00F4B086815
:10952000984203D00E4B086898420CD108688068B6
:1095300000F00702062A0CD00868006840F001001D
:109540000B68186005E00868006840F001000B68CF
:1095500018600020D6E70000002C01400004004005
:10956000000800402DE9F04104460D4600BF94F884
:109570003C00012802D10220BDE8F081012084F8DE
:109580003C0000BF022084F83D002068866826F079
:10959000770626F47F46206886602868502833D0F6
:1095A0000CDC202850D004DC00284BD0102851D1EE
:1095B00049E0302849D040284CD139E060282DD0EE
:1095C000702807D0B0F5805F03D0B0F5005F41D1BF
:1095D0000DE040E0D5E902136A68206804F066FDFA
:1095E0002068866846F077062068866033E0D5E913
:1095F00002136A68206804F059FD2068806840F40E
:1096000080402168886026E0EA686968206804F084
:1096100061FD5021206804F054FD1CE0EA6869688F
:10962000206804F06AFD6021206804F04AFD12E021
:10963000EA686968206804F04DFD4021206804F064
:1096400040FD08E000BF00BF00BF2968206804F0AB
:1096500038FD00E000BF00BF012084F83D0000BFDE
:10966000002084F83C0000BF00BF85E7704710B5BC
:10967000044620680069C0F34000D8B12068C06883
:10968000C0F34000B0B16FF0020021680861012012
:1096900020772068806900F0030018B12046FFF7AA
:1096A000E5FF05E0204600F0ADF8204600F0ABF8FD
:1096B0000020207720680069C0F38000D8B12068BE
:1096C000C068C0F38000B0B16FF004002168086189
:1096D000022020772068806900F4407018B120468D
:1096E000FFF7C4FF05E0204600F08CF8204600F0AC
:1096F0008AF80020207720680069C0F3C000D8B144
:109700002068C068C0F3C000B0B16FF008002168E5
:109710000861042020772068C06900F0030018B1B8
:109720002046FFF7A3FF05E0204600F06BF8204637
:1097300000F069F80020207720680069C0F300106D
:10974000D8B12068C068C0F30010B0B16FF010004D
:1097500021680861082020772068C06900F4407003
:1097600018B12046FFF782FF05E0204600F04AF8D6
:10977000204600F048F8002020772068006900F0BB
:10978000010058B12068C06800F0010030B16FF0EE
:10979000010021680861204600F036F82068006961
:1097A000C0F3C01058B12068C068C0F3C01030B119
:1097B0006FF08000216808612046FFF7E9FD20680E
:1097C0000069C0F3801058B12068C068C0F38010F1
:1097D00030B16FF0400021680861204600F020F8A9
:1097E00020680069C0F3401058B12068C068C0F319
:1097F000401030B16FF02000216808612046FFF76B
:10980000C8FD10BD7047704710B504460349206875
:10981000884201D104F0ACFA10BD00000004004001
:1098200070477047704700002DE9F84F04462068E4
:1098300005682068C668206847694FF00009CA4675
:1098400005F00F09B9F1000F0AD105F0200038B179
:1098500006F0200020B1204604F098FCBDE8F88F07
:10986000B9F1000F71D007F0010018B906F490703B
:1098700000286AD005F0010030B106F4807018B1FC
:10988000206C40F00100206405F0040030B107F0C6
:10989000010018B1206C40F00200206405F00200C5
:1098A00030B107F0010018B1206C40F004002064D2
:1098B00005F0080048B106F0200010B907F00100DB
:1098C00018B1206C40F008002064206C68B305F0EB
:1098D000200028B106F0200010B1204604F056FC0C
:1098E00020684069C0F3801A206C00F0080010B9AD
:1098F000BAF1000F22D0204604F01DFC2068406918
:1099000000F04000B0B12068406920F040002168BC
:109910004861A06B50B15648A16B4863A06BFCF73F
:10992000EDFE10B1A06B416B88470CE02046FFF7BD
:1099300079FF08E02046FFF775FF04E02046FFF7B7
:1099400071FF0020206489E7FFE7206B012878D1B0
:1099500005F01000002874D006F01000002870D028
:1099600000BF0020009020680068009020684068D8
:10997000009000BF00BF2068406900F04000C0B305
:10998000A06B006840681FFA80F8B8F1000F2FD074
:10999000A08D40452CDDA4F82E80A06B8069202886
:1099A0001FD02068C06820F480702168C8602068DB
:1099B000406920F00100216848612068406920F07A
:1099C000400021684861202084F83E000020206388
:1099D0002068C06820F010002168C860A06BFCF708
:1099E00061FEA08DE28D801A81B22046FFF719FF3B
:1099F00034E7FFE7A08DE18D401A1FFA80F8E08D73
:109A0000E8B1B8F1000F1AD02068C06820F4907057
:109A10002168C8602068406920F001002168486121
:109A2000202084F83E00002020632068C06820F0D9
:109A300010002168C86041462046FFF7F2FE0DE79E
:109A4000FFE705F0800030B106F0800018B1204635
:109A500004F08CFC02E705F0400030B106F0400055
:109A600018B1204604F082FBF8E600BFF6E60000DD
:109A700023E1000810B504460CB9012010BDA0690F
:109A800000B100E000BF94F83D0028B9002084F840
:109A90003C00204600F028F8242084F83D0020688F
:109AA000C06820F400502168C860204604F0E0FB44
:109AB0002068006920F490402168086120684069AE
:109AC00020F02A00216848612068C06840F40050F6
:109AD0002168C86000202064202084F83D0084F8BC
:109AE0003E000020CAE7000010B586B00446002002
:109AF00002900390049005905D49206888423FD110
:109B000000BF5C48806940F480405A49886108463B
:109B1000806900F48040019000BF00BF00BF08468C
:109B2000806940F0080088610846806900F00800FC
:109B3000019000BF00BF402002900220039003204C
:109B4000059002A94C48FCF717FF802002900020E6
:109B50000390049002A94848FCF70EFF00BF474954
:109B6000486840F0E06040F00400486000BF002218
:109B700011462520FDF7F0FC2520FDF7DDFC75E002
:109B80003F492068884236D100BF3A48C06940F456
:109B900000303849C8610846C06900F400300190BF
:109BA00000BF00BF00BF0846806940F00400886124
:109BB0000846806900F00400019000BF00BF042047
:109BC0000290022003900320059002A92D48FCF783
:109BD000D3FE0820029000200390049002A9294897
:109BE000FCF7CAFE002211462620FDF7B5FC262010
:109BF000FDF7A2FC3AE024492068884236D100BF34
:109C00001C48C06940F480201A49C8610846C069F0
:109C100000F48020019000BF00BF00BF08468069AB
:109C200040F0080088610846806900F00800019053
:109C300000BF00BF0815029002200390032005908A
:109C400002A90D48FCF798FE4FF400600290002036
:109C50000390049002A90848FCF78EFE00221146EA
:109C60002720FDF779FC2720FDF766FC06B010BD24
:109C70000038014000100240000C0140000001408B
:109C800000440040000801400048004070472DE9B2
:109C9000F84F04460E46174699464FF0000A94F8CE
:109CA0003D0020285AD106B117B90120BDE8F88F30
:109CB00000BF94F83C00012801D10220F6E7012002
:109CC00084F83C0000BF00202064212084F83D007F
:109CD000FCF7FAFF8246A784E784A068B0F5805FAE
:109CE00004D1206910B90025B04602E035464FF096
:109CF000000800BF002084F83C0000BF1BE0534672
:109D0000002280212046CDF8009004F05FFB08B1CE
:109D10000320CBE745B9B8F80000C0F3080021687C
:109D2000486008F1020803E02878216848606D1C4B
:109D3000E08C401EE084E08C0028E0D153460022F5
:109D400040212046CDF8009004F040FB08B10320EC
:109D5000ACE7202084F83D000020A7E70220A5E71B
:109D60007047000002E002A008F062FAFBE7000082
:109D70007B22526563697665223A7B225374617453
:109D80007573223A37307D7D0A000000014608686D
:109D90004069C0F38020B0B16FF480600A68506100
:109DA00000200863202081F83D00002081F83E005B
:109DB000086C40F00400086400BF002081F83C00FB
:109DC00000BF012070470020FCE700002DE9F843A8
:109DD00004460D4690461E46E76A2068006840F437
:109DE000806021680860082F04D0012F02D017F589
:109DF000803F06D12068006840F4807021680860C8
:109E000008E0206B112805D12068006840F48070BC
:109E100021680860434600224FF001112046009659
:109E200000F0FEF860B12068006800F48070B0F5C2
:109E3000807F02D14FF4007020640320BDE8F883D6
:109E40002069B0F5804F05D1E8B240F001002168EB
:109E5000086149E005F44070F02141EAE010216812
:109E60000861334642462649204600F021F908B1F0
:109E70000120E3E7E8B22168086133464246204901
:109E8000891F204600F014F908B10120D6E700BF71
:109E90000020009020684069009020688069009050
:109EA00000BF00BF2068006840F48070216808602F
:109EB000434600224FF001112046009600F0B0F812
:109EC00058B12068006800F48070B0F5807F02D13E
:109ED0004FF4007020640320B0E705F44070F121D6
:109EE00041EAE01021680861334642460449891F6F
:109EF000204600F0DDF808B101209FE700209DE733
:109F0000080001002DE9F84304460D46174698461F
:109F1000E66A082E04D0012E02D016F5803F06D145
:109F20002068006840F480702168086008E0206BB9
:109F3000122805D12068006840F48070216808600C
:109F40003B4600224FF001112046CDF8008000F082
:109F500067F860B12068006800F48070B0F5807F19
:109F600002D14FF4007020640320BDE8F88320691B
:109F7000B0F5804F04D105F0FE002168086112E0C1
:109F800005F44070F02141EAE01021680861434681
:109F90003A460B49204600F08BF808B10120E4E76F
:109FA000E8B22168086143463A460549891F2046C0
:109FB00000F07EF808B10120D7E70020D5E70000C7
:109FC0000800010070B504460D46164620E0204604
:109FD000FFF7DCFE08B1012070BD681CC0B1FCF7C2
:109FE00073FE801BA84200D895B900202063202072
:109FF00084F83D00002084F83E00206C40F02000F2
:10A00000206400BF002084F83C0000BF0120E3E78B
:10A0100020684069C0F380000028D8D00020DBE72A
:10A020002DE9F04704460D4617461E46DDF8208010
:10A030004FF000091FE0701CE8B109F10109FCF7BD
:10A0400043FEA0EB0800B04200D8A6B90020206370
:10A05000202084F83D00002084F83E00206C40F071
:10A060002000206400BF002084F83C0000BF81462F
:10A070000120BDE8F087C5F3074001280AD1206818
:10A080004069A9B20840A9B2884201D101200BE081
:10A09000002009E020688069A9B20840A9B288427E
:10A0A00001D1012000E00020B842C4D00020E0E748
:10A0B0002DE9F04104460D4616461F463DE0206856
:10A0C0004069C0F38020E8B12068006840F4007067
:10A0D000216808606FF48060216848610020206377
:10A0E000202084F83D00002084F83E00206C40F0E1
:10A0F0000400206400BF002084F83C0000BF012061
:10A10000BDE8F081701CC0B1FCF7DEFDC01BB042A1
:10A1100000D896B900202063202084F83D0000205C
:10A1200084F83E00206C40F02000206400BF002036
:10A1300084F83C0000BF0120E2E7C5F30740012896
:10A140000AD120684069A9B20840A9B2884201D169
:10A1500001200BE0002009E020688069A9B20840D6
:10A16000A9B2884201D1012000E000200028A6D039
:10A170000020C5E770B504460D46164632E020685B
:10A180004069C0F30010A0B16FF010002168486171
:10A1900000202063202084F83D00002084F83E0049
:10A1A000206C206400BF002084F83C0000BF012028
:10A1B00070BDFCF789FD801BA84200D895B900202E
:10A1C0002063202084F83D00002084F83E00206CAD
:10A1D00040F02000206400BF002084F83C0000BF55
:10A1E0000120E5E720684069C0F380100028C6D050
:10A1F0000020DDE770B504460D46164620E02046F7
:10A20000FFF7C4FD08B1012070BD681CC0B1FCF7A8
:10A210005BFD801BA84200D895B900202063202058
:10A2200084F83D00002084F83E00206C40F02000BF
:10A23000206400BF002084F83C0000BF0120E3E759
:10A2400020684069C0F3C0100028D8D00020DBE7A8
:10A2500030B59FB004460D467022424903A8FBF773
:10A2600071FB41480068401C10B901201FB030BD8F
:10A270003E48007838B93D48407820B93B4880785E
:10A2800008B90120F2E7332D4FD006DC102D0BD09A
:10A29000122D57D0142D62D120E0352D2BD0372D23
:10A2A0000FD0392D5BD133E003A86021A300CDE9A5
:10A2B00000102D4802782D492D4801F07DFEC0B2D6
:10A2C000D4E707A86121A300CDE900102648027851
:10A2D0002649274801F070FEC0B2C7E70BA86021ED
:10A2E000A300CDE90010204802782049204801F061
:10A2F00063FEC0B2BAE70FA86121A300CDE9001048
:10A300001948027819491A4801F056FEC0B2ADE763
:10A3100013A86121A300CDE9001013480278134966
:10A32000134801F049FEC0B2A0E717A86121A300BD
:10A33000CDE900100C4802780C490D4801F03CFEB4
:10A34000C0B293E71BA86021A300CDE90010064826
:10A3500002780649064801F02FFEC0B286E70120C8
:10A3600084E70000B42C010878000020C021002000
:10A370008409002070B504460D462246294602484D
:10A3800001F05CFEC0B270BD840900207FB50646B6
:10A390000C46324669462A4801F050FE10B10120B1
:10A3A00004B070BD00250BE01DF8051005F1080094
:10A3B0001DF80000814201D00120F1E7681CC5B200
:10A3C000042DF1DB00250CE0281D1DF800001DF810
:10A3D000051081F0FF01884201D00120E0E7681CF0
:10A3E000C5B2042DF0DB9DF80C0050B99DF80D00AE
:10A3F000FF2806D19DF80E0018B99DF80F00FF2820
:10A4000001D00120CCE79DF8030020602068000205
:10A4100020609DF802102068084420602068000237
:10A4200020609DF801102068084420602068000228
:10A4300020609DF800102068084420600020AFE7ED
:10A440008409002070B504463223002221460D48BD
:10A4500001F0A4FE0C49086008460068401C30B9B1
:10A460000020E070A07060702070012070BD002599
:10A4700004E0605D05494855681CC5B2042DF8DB51
:10A480000020F3E78409002078000020C02100208C
:10A4900070B504460D4622462946024801F0FCFDEF
:10A4A000C0B270BD8409002030B585B005460C46A9
:10A4B0002DA000680490E0B28DF81000200A8DF8FD
:10A4C0001100200C8DF81200200E8DF813009DF85D
:10A4D00010008DF800009DF811008DF801009DF826
:10A4E00012008DF802009DF813008DF803009DF80E
:10A4F000100080F0FF008DF804009DF8110080F03E
:10A50000FF008DF805009DF8120080F0FF008DF827
:10A5100006009DF8130080F0FF008DF807009DF8FD
:10A5200010008DF808009DF811008DF809009DF8C5
:10A5300012008DF80A009DF813008DF80B00002022
:10A540008DF80C00FF208DF80D0000208DF80E0016
:10A55000FF208DF80F002A466946044801F09CFD53
:10A56000C0B205B030BD0000010000008409002029
:10A570002DE9F043ADF50F7D06468846C82500203D
:10A580008790869000249D48007801280BD19C4933
:10A590000C70200A4870200C8870200EC870AB2008
:10A5A0000871CD204871FCF78FFB0746002500207D
:10A5B000944908601EE14AF6AA2093490968086098
:10A5C0009048006888B191480078632803D08F488C
:10A5D000007843280CD18EA007F02AFE002089497C
:10A5E00008600DF50F7DBDE8F08300208549086007
:10A5F000FCF76AFBC01B44F62061884205D901259F
:10A6000090A007F015FE0120EBE78CA8FFF71AFFDA
:10A6100020B18CA8FFF716FF00B1EBE08E48007860
:10A6200060B977490C70200A4870200C8870200EA1
:10A63000C870AB200871CD2048710DE0002470482F
:10A640000470200A6E494870200C8870200EC87073
:10A65000AB200871CD204871002088907F48007899
:10A6600018B17F480068899001E0899889908AA88C
:10A670008BA985AA86ABCDE90432CDE9061087A85F
:10A6800078490968784A1268784B1B68CDE900322E
:10A69000CDE9021070490978491CC8B2334689AA2D
:10A6A00088A900F0B3FA0546012D01D0092D3DD14E
:10A6B0008AA88BA985AA86ABCDE90432CDE906101C
:10A6C00087A868490968684A1268684B1B68CDE921
:10A6D0000032CDE9021060490978491CC8B23346FE
:10A6E00089AA88A900F092FA0546012D01D0092D0A
:10A6F0001CD18AA88BA985AA86ABCDE90432CDE905
:10A70000061087A857490968574A1268574B1B68B3
:10A71000CDE90032CDE902104F490978491CC8B291
:10A72000334689AA88A900F071FA0546012D03D0A5
:10A730000D2D01D0092D3FD18AA88BA985AA86AB02
:10A74000CDE90432CDE9061087A846490A68464992
:10A750000968464B1B68CDE90031CDE902203E492E
:10A760000978491CC8B2334689AA88A900F04EFA74
:10A770000546012D03D00D2D01D0092D1CD18AA82D
:10A780008BA985AA86ABCDE90432CDE9061087A84E
:10A7900034490A6834490968344B1B68CDE90031F3
:10A7A000CDE902202C490978491CC8B2334689AA50
:10A7B00088A900F02BFA054628480078C8B1879A86
:10A7C00088998698CDE90206CDE900122A462849E3
:10A7D00008A8899B06F05AFA08A807F029FD08A8DE
:10A7E000FBF7D4F88146494608A8FBF7C4F80120D6
:10A7F000F7E600E0DFE600BF2846F2E64F00002063
:10A80000B01D00200C0000209C090020DC0400206A
:10A810007B2252656365697665223A7B22537461B7
:10A82000747573223A32367D2C2243223A7B2254AD
:10A83000797065223A2243616E73656C227D7D0AD0
:10A84000000000007B2243223A7B2253746174751E
:10A8500073223A317D7D0A00590200205000002009
:10A86000480000202C0000202800002024000020A8
:10A87000782D0108002001E0411CC8B20128FBDB53
:10A88000704730B50B46002100BF16E00A24B4EB38
:10A89000107F05D9302404EB107403F8114005E053
:10A8A000412404EB10740A3C03F811400001002518
:10A8B0004C00641C1D554C1CE1B29142E6DB30BDDE
:10A8C00010B5034801F071FB014801F0C5FC10BD53
:10A8D0008409002000B585B000200190029003900B
:10A8E000049000BF3548806940F01000334988610A
:10A8F0000846806900F01000009000BF00BF00BF54
:10A900000846806940F0200088610846806900F0B0
:10A910002000009000BF00BF00BF0846806940F0E3
:10A92000040088610846806900F00400009000BFC0
:10A9300000BF00BF0846806940F0080088610846F3
:10A94000806900F00800009000BF00BF00224FF4B3
:10A95000E2611B48FCF7B2F9002201211948FCF71B
:10A96000ADF94FF4E26001900120029000200390C5
:10A970000320049001A91248FBF7FEFF012001907B
:10A980000290002003900220049001A90D48FBF7DB
:10A99000F3FF0122D1030A48FCF790F94FF400407D
:10A9A000019001200290002003900320049001A94F
:10A9B0000348FBF7E1FF05B000BD000000100240B6
:10A9C00000080140000C014010B50C480C4908601B
:10A9D0000C48486000210A4881609021C1604FF412
:10A9E00080410161002141618161C1610162FCF727
:10A9F00071F908B1FBF74BF910BD0000005400409D
:10AA0000A8090020801A060010B507480749086009
:10AA10000620486040F6FF7104488160FCF7ECFCBA
:10AA200008B1FBF734F910BD003000409C0900204C
:10AA30001CB50020019000900748084908604FF0BD
:10AA4000FF3048604FF4807104488160FEF72EFAB1
:10AA500008B1FBF71CF91CBD00280040FC090020D0
:10AA600010B50E480E4908604FF48270486000210E
:10AA70000B488160C160016141614FF400718161E7
:10AA80000021016241624FF4005181620921C162DB
:10AA9000FEF7C3FB08B1FBF7FAF810BD0030014028
:10AAA000100A002000B587B00020039004900590A4
:10AAB00006900190029014481449086040F2DB505F
:10AAC00048600021114881600121C16000210161BD
:10AAD0008161FEF7A1FC08B1FBF7D9F84FF4805073
:10AAE000039003A90948FEF73DFD08B1FBF7CFF835
:10AAF00000200190029001A90448FEF74BFC08B128
:10AB0000FBF7C5F807B000BD00040040680A00204C
:10AB100010B5094809490860002108488160C160F2
:10AB200001610C21416100218161C161FEF7A2FF39
:10AB300008B1FBF7ACF810BD00380140B00A0020A6
:10AB400010B50B480B4908604FF49640486000214F
:10AB500008488160C16001610C214161002181616F
:10AB6000C161FEF787FF08B1FBF791F810BD000047
:10AB700000440040F40A00201FB50020009001901E
:10AB8000029003904FF48050009001200190022029
:10AB900002900320039069461448FBF7EDFE002263
:10ABA0004FF480511148FCF789F86420FBF7FEFD53
:10ABB00000220F490F4804F0EEF808B1FBF767F8E0
:10ABC0000D490C4804F080FB08B1FBF760F80B4915
:10ABD000084803F086FD08B1FBF759F8054804F072
:10ABE0003DFC08B1FBF753F81FBD00000008014011
:10ABF000BC0000207C0B0020540100201401002028
:10AC000000BFFEE7FDF772FE00BFFEE72DE9FF4F34
:10AC100091B00F4698460026B346012003900020CD
:10AC200002900190FA480078012811D0022802D041
:10AC3000032827D119E00520F64908701520F649A8
:10AC400008703720F54908702020F549087026E083
:10AC50000420F04908701020EF4908703920EF49AE
:10AC600008700020EE49087019E00520E9490870D5
:10AC70001520E94908703720E84908704020E84964
:10AC800008700CE00520E34908701420E2490870C0
:10AC90003720E24908700020E149087000BF00BF7A
:10ACA0000020E04908708246002121980160229826
:10ACB0000160DCE00AF1010000F0FF0A00200390CF
:10ACC000039800283BD10DA8FFF7BCFB28B10DA8C5
:10ACD000FFF7B8FB08B1761CC9E04AF6AA20D249B2
:10ACE00009680860761C002405E00DA8005DCF49C6
:10ACF0000855601CC4B2042CF7DBCC4840683860AF
:10AD000000F072FA81460198072803DDFF2015B094
:10AD1000BDE8F08FB9F1000F11D0C4484068386029
:10AD2000B9F1040F03D0B9F10B0F07D101E00E20E8
:10AD3000EDE70198401CC0B2019098E097E0002038
:10AD40000390386830B1B94840683968884201D00A
:10AD50000920DCE7B54840683860B448816813983A
:10AD6000006881420BD0B148816813980160AF48F8
:10AD70008068FB2801D10B20C9E70A20C7E7AB4850
:10AD8000816813980160A5480178A2480078FFF710
:10AD90005FFA00B16BE005A99F480078FFF7EAFA77
:10ADA00000B164E09DF8150004900498000204903E
:10ADB0009DF814100498084404909C48417B249802
:10ADC00001709A480169239801609848017B259891
:10ADD0000170386800B94AE0002544E000240CE026
:10ADE0009248005D05EB0511914A02EB8101095D76
:10ADF000884200D003E0601CC4B2042CF0DB00BF2A
:10AE0000042C2EDB05EB0510894901EB8000407D09
:10AE100005EB0511864A02EB8101097DC1EB0111A9
:10AE200000EB8100C0F13C0010901098002802DA7D
:10AE300010984042109010980A280ADA4FF0010B3F
:10AE400005EB05107A4A02EB800144227748FAF7B5
:10AE500079FD05EB0511764A02EB8100FAF7EDFE6C
:10AE600003E0681CC5B2052DB8DB00BF02E00A2E66
:10AE7000FFF420AF00BF052E01D3012047E7BBF14F
:10AE8000000F5CD16B48007808B1522011906748E0
:10AE9000C169219801606548C06964490862084633
:10AEA000C0F81880119848736348007808756348A3
:10AEB00000784875209808610846007B0D2801DD60
:10AEC000002008731198132801D1022011901198C5
:10AED00000F00F00012802D002282BD10FE05348C8
:10AEE000C069404402901F990298884201D903200A
:10AEF0000DE74E48C06940444C49C8611CE04B48CE
:10AF0000C069A0EB080002901E990298884201DAFD
:10AF10000320FCE60298002805DD1F99029888426C
:10AF200001D90320F3E64148C069A0EB08003F497E
:10AF3000C86101E00520EAE600BF00F0EFF8BAF1D1
:10AF4000010F01D14FF0000A00264DE0142E01D36D
:10AF50000120DCE6BAF1010F03D10AF1010000F093
:10AF6000FF0ABAF1010F2FDD0DA8FFF76BFA28B128
:10AF70000DA8FFF767FA08B1761C35E09DF834009C
:10AF800050B99DF8350038B99DF8360020B99DF8C4
:10AF9000370008B9761C27E0002408E02348005D4C
:10AFA0000DA9095D884200D003E0601CC4B2042CE6
:10AFB000F4DB00BF042C07DABBF1000F01D1042041
:10AFC000A5E64FF0040B11E0761C00F02BFB814648
:10AFD000B9F1010F01DD4FF0010BB9F1000F00D005
:10AFE00002E04FF0000B01E0142EAFD300BF386831
:10AFF00008B94FF0010B0D48C169219801600B4859
:10B00000016A22980160BBF1000F39D0002421E0D1
:10B010006D020020690200206A0200206B020020FD
:10B020006C020020740200209C090020C01D00203A
:10B030008C1E0020680200204000002041000020FB
:10B0400004EB04101D4901EB8000406800B903E0E7
:10B05000601CC4B2052CF3DB00BF052C00DB002410
:10B0600004EB0411154A02EB810044221449FAF75B
:10B0700069FCBBF1040F01D1042048E60D2046E62F
:10B08000142E03D30BF10C00C0B240E6002511E0F2
:10B090000B48406805EB0511084A02EB810149683D
:10B0A000884205D105EB051102EB8100FAF7C5FDD9
:10B0B000681CC5B2052DEBDB002028E68C1E0020A5
:10B0C000C01D0020014624200E2924D2DFE801F013
:10B0D00007090B0D0F11131517191B1D1F2119201F
:10B0E00019E01A2017E01C2015E01D2013E01E2097
:10B0F00011E020200FE021200DE022200BE0242091
:10B1000009E0252007E0262005E0282003E029208B
:10B1100001E02A2000BF00BF704700002C48007EDD
:10B120002B4B83F834001846008B030A284880F81C
:10B13000353090F8203080F83630008C030A2448EF
:10B1400080F83730006A030C214880F83830437BA0
:10B1500080F839301F4803781F48007863F31F10C8
:10B16000C3B21B4880F83A301C480378184880F86E
:10B170003B30037F80F83C30808B030A144880F812
:10B180003D30C069030C124880F83E30037C80F8E3
:10B190003F30008A030A0E4880F840301048037898
:10B1A0000B4880F841300F480378094880F8423056
:10B1B0000022002105E006483430405C4240481C33
:10B1C000C1B20F29F7DB024880F843200020704706
:10B1D000C01D0020440000203E0000203F00002051
:10B1E000400000204100002030B589B0102100202F
:10B1F000FFF72EF810B1012009B030BD01A90120E0
:10B20000FFF7B8F808B10220F6E79DF80A00AB286E
:10B2100001D00520F0E79DF80500574988600846F1
:10B22000806800028860084680689DF80410084421
:10B23000514988609DF8090048600846406800024E
:10B240004860084640689DF8081008444A4948602C
:10B250000846406800024860084640689DF80710AC
:10B26000084445494860084640680002486008466E
:10B2700040689DF8061008443F4948600846008928
:10B2800000F40040B0F5004F12D108460089C0F329
:10B290000E0088600846806846F6292148403649F5
:10B2A0008860084640684BF2A62148403249486011
:10B2B000314840683149086014210620FEF7C8FF74
:10B2C00008B10A2098E769461820FFF75FF808B12F
:10B2D0000B2091E7284900980873009810B90D20B9
:10B2E000009002E00098401E00904AF6AA202449EF
:10B2F000096808600099C8B2FFF7E4FE0446E11748
:10B3000004EB917188103521FEF7A2FF08B10D20E2
:10B3100072E701A92046FFF72DF808B10E206BE770
:10B320009DF80900144948739DF81000086108460B
:10B33000006900020861084600699DF80F10084482
:10B340000D4908610F4801780F480078FEF780FF2B
:10B3500008B10C2050E708491C310C480078FFF771
:10B3600015F830B100F014F808B1032044E70420C8
:10B3700042E7002040E70000C01D002070020020CE
:10B380009C0900206B020020690200206A02002054
:10B390002DE9F04389B04FF0000814210620FEF794
:10B3A00057FF18B1012009B0BDE8F08308A91820A3
:10B3B000FEF7ECFFC7B22FB1022F12D100F05EF8FA
:10B3C0000120F0E708980D2803DD00F057F8012070
:10B3D000E9E7089810B90D20089002E00898401E8F
:10B3E00008900899C8B2FBF7EFF80546E91705EB96
:10B3F000917188103521FEF72BFF08B10820D2E7A4
:10B4000069462846FEF7B6FF08B10920CBE74FF0A2
:10B410000008002604E01DF8060080EA0808761CF3
:10B420000F2EF8DB9DF80F00404503D000F026F802
:10B430000A20B8E79DF80A4024029DF80900044458
:10B4400024029DF80800044409480178094800785E
:10B45000FEF7FEFE08B10B20A5E72146064800785E
:10B46000FFF722F808B10C209DE700209BE70000C1
:10B470006B020020690200206A0200202DE9F04FD3
:10B4800093B00020099008900790069005900390D3
:10B490000290C8250024A9E0E0B2FFF713FE82461F
:10B4A0004FEAEA710AEB917188103521CDF804A0BA
:10B4B000FEF7CEFE18B1032013B0BDE8F08F0BA944
:10B4C0005046FEF757FF08B10420F5E7002003902F
:10B4D000049009E00BA90498085C03994840039084
:10B4E0000498401CC0B2049004980F28F2DB9DF829
:10B4F0003B100398814204D0039810B10398FF28B1
:10B5000000D172E09DF83200562101EB20100A9024
:10B510009DF8320000F00F069DF833709DF83980D9
:10B520009DF83A909DF830B04FEA0B2B9DF82F0014
:10B5300083444FEA0B2B9DF82E0083440C2E07DC2E
:10B540001F2F05DCB8F1170F02DCB9F13B0F00DD4E
:10B550004BE0DDE90910884201DDE5B227E0DDE9D5
:10B560000910884223D10898864201DDE5B21EE029
:10B57000089886421BD10798874201DDE5B216E0A4
:10B580000798874213D10698804501DDE5B20EE0A9
:10B59000069880450BD10598814501DDE5B206E0AE
:10B5A0000598814503D10298584500D1E5B2AC42D7
:10B5B0001AD10A98099008960797CDF81880CDF807
:10B5C00014909DF8360002900298000202909DF8B7
:10B5D00035100298084402900298000202909DF8EB
:10B5E000341002980844029000BF641C0E2CFFF631
:10B5F00053AFC82D00D10D25681CC5B20D2D00DD3F
:10B60000002535210620FEF723FE08B1012053E76F
:10B6100029461820FEF748FF08B101204CE700201A
:10B620004AE700007FB5BE49087BFFF74BFD0446A3
:10B63000BC48007830B1012872D0022871D00328AC
:10B6400070D14BE10020B7490870E11704EB91710C
:10B6500088103521FEF7FCFD10B1012004B070BD4B
:10B66000AF4934312046FEF713FF08B10220F5E759
:10B670000120AC49087035210620FEF7E9FD80B1B4
:10B680006846FEF7DFFE28B16846FEF7DBFE08B12C
:10B690000320E3E735210620FEF7DAFD08B1032099
:10B6A000DCE79F48007B401CC4B20D2C00DD002469
:10B6B00021461820FEF7F8FE08B10420CEE702204C
:10B6C000984908709848017898480078FEF7C0FDBE
:10B6D00090B16846FEF7B6FE28B16846FEF7B2FEA6
:10B6E00008B10520BAE79048017890480078FEF745
:10B6F000AFFD08B10520B1E78948C1698C480078E1
:10B70000FEF7D2FE08B10620A8E78A480078012893
:10B7100019D139210420FEF79BFD20B10A209DE7B5
:10B7200027E095E0F9E084491220FEF7B1FE08B168
:10B73000062093E77C4801787C480078FEF788FD76
:10B7400008B105208AE703207649087003A97848E4
:10B750000078FEF71BFE08B107207FE77048C0693C
:10B760000399884201D0082078E700206D490870CD
:10B77000D3E001206B49087035210620FEF768FDF3
:10B7800008B103206AE76648007B401CC4B20D2C58
:10B7900000DD002421461820FEF786FE08B10420B3
:10B7A0005CE702205F4908705F4801785F480078D5
:10B7B000FEF74EFD90B16846FEF744FE28B168469C
:10B7C000FEF740FE08B1052048E757480178574882
:10B7D0000078FEF73DFD08B105203FE75048C169FC
:10B7E00053480078FEF760FE08B1062036E751485E
:10B7F0000078012816D139210420FEF729FD08B16F
:10B800000A202BE74C491220FEF742FE08B1062021
:10B8100024E74548017845480078FEF719FD08B14E
:10B8200005201BE703203F49087003A94048007822
:10B83000FEF7ACFD08B1072010E73948C06903994D
:10B84000884201D0082009E700203649087064E0EA
:10B850000220344908703448017834480078FEF7F3
:10B86000F7FC08B10520F9E62D48C1693048007899
:10B87000FEF71AFE08B10620F0E62E4800780128EF
:10B8800016D139210420FEF7E3FC08B10A20E5E6D1
:10B8900029491220FEF7FCFD08B10620DEE6224809
:10B8A000017822480078FEF7D3FC08B10520D5E6E0
:10B8B00003201C49087003A91D480078FEF766FDA7
:10B8C00008B10720CAE61648C0690399884201D02A
:10B8D0000820C3E60020134908701EE00320114928
:10B8E00008701148017811480078FEF7B1FC08B1E2
:10B8F0000520B3E603A90E480078FEF747FD08B11E
:10B900000720ABE60648C0690399884201D00820A9
:10B91000A4E600200349087000BF00BF00209DE698
:10B92000C01D0020740200206B020020690200206C
:10B930006A0200206D020020B01D00202DE9F047B2
:10B940000546EAE12868B0F844A00AF00F06002E88
:10B950007ED10AF01000B0BB00BF2968098848F604
:10B960000F7201EA020040F400412A68118000BF12
:10B9700005F128042868B0F85010207801EBC000C9
:10B98000801C296801F5806131F81000C0F30900BE
:10B99000E061E16960690844606100212846FBF7C5
:10B9A00050FE95F824000028CBD0A0690028C8D10B
:10B9B00095F8240040F080002968A1F84C00002090
:10B9C00085F82400A9E1FFE705F5B4742868B0F80C
:10B9D000008008F4006030B32868B0F85010207878
:10B9E00001EBC000801D296801F5806131F810006D
:10B9F000C0F30900E061A18B8BB2E28805F52C71E0
:10BA0000286805F0E1F800BF2968098840F68F72C0
:10BA100001EA020040F080012A68118000BF284638
:10BA2000FCF7C3FC79E108F40040002889D000BF8E
:10BA30002968098840F68F7201EA020040F080010F
:10BA40002A68118000BF2868B0F85010207800E004
:10BA50006FE001EBC000801D296801F5806131F8BD
:10BA60001000C0F30900E061E06990B1606980B145
:10BA7000B4F81CC01FFA8CF3E2886169286805F0ED
:10BA8000A3F8E16960690844606100212846FBF77A
:10BA9000E8FD2868008800F40060002892D100BF0B
:10BAA0002A682968B1F850100A4402F20C4108468D
:10BAB00000BF236953B9038848F2FF3C03EA0C0333
:10BAC0000380038843F4004303801EE023693E2B78
:10BAD0000DD800BF23695908237C03F0010303B18B
:10BAE000491C4FF6FF7303EA812303800DE000BF7A
:10BAF00023695909237C03F01F0303B9491E4FF43E
:10BB0000004343EA8123038000BF00BF00BF00BFA2
:10BB1000296809884BF68F7201EA020080F4805090
:10BB200080F4005040F4004141F080012A68118007
:10BB3000F3E07100286830F8118008F40040002814
:10BB40007ED000BF7200296831F8121040F68F7263
:10BB500001EA020040F0800173002A6822F8131005
:10BB600000BF06EB860105F5B47000EBC104207B35
:10BB7000B0B92868B0F85010207801EBC000801DE3
:10BB8000296801F5806131F81000C0F30907002F22
:10BB90005BD0E28861693B46286805F015F854E0FF
:10BBA000E078022806D1424621462846FBF7DCFD14
:10BBB00007464AE000BF00BF22785200296831F8EA
:10BBC000121048F68F7201EA020040F4004141F081
:10BBD000C00123785B002A6822F8131000BF00BF61
:10BBE00021784900286830F8110000F48040A8B19D
:10BBF0002868B0F85010207801EBC000801C29683C
:10BC000001F5806131F81000C0F30907EFB1228916
:10BC100061693B46286804F0D7FF16E02868B0F851
:10BC20005010207801EBC000801D296801F580616B
:10BC300031F81000C0F309073FB16289616900E083
:10BC400017E03B46286804F0BFFFE0693844E06134
:10BC5000606938446061A06910B12069B84204D9B4
:10BC600021782846FBF7FDFC03E02146286804F014
:10BC7000D0F908F08000B0B306EB860105F128008A
:10BC800000EBC10400BF7200296831F8121048F6B9
:10BC90000F7201EA020040F4004173002A6822F8A2
:10BCA000131000BFE078032807D0E07828B1E078CF
:10BCB00002282DD108F4807050BB2868B0F85010CD
:10BCC000207801EBC000801C296801F5806131F803
:10BCD0001000C0F30909A069484505D9A069A0EB87
:10BCE0000900A06102E018E00020A061A06920B96D
:10BCF00021782846FBF7A5FC0FE0606948446061A5
:10BD0000E0694844E0612146286804F082F904E0D3
:10BD1000424621462846FBF7D3FD2868B0F8440088
:10BD200000F4004000287FF40DAEBDE8F08700006D
:10BD30002DE9F04F89B004460E4691461F46DDE9D5
:10BD4000135BDDF848A0D4208DF80400F0B28DF824
:10BD50000500FF2D04DD4FF0FF3009B0BDE8F08F86
:10BD6000002D02DA4FF0FF30F7E7002006E01AF866
:10BD70000020811C01AB5A54411CC8B2A842F6DB1A
:10BD8000A81C82B201A9204600F07EFA20B12069E9
:10BD900080474FF0FF30E0E75846E168884710B928
:10BDA0004FF0FF30D9E7062101A8626890470021D3
:10BDB0000AE01A48405C01AA525C904202D04FF05F
:10BDC000FF30CAE7481CC1B20629F2D35846E168E1
:10BDD000884710B94FF0FF30BFE7B81C82B201A905
:10BDE000204600F082F980469DF80400D52804D151
:10BDF0009DF80510701C814202D04FF0FF30ACE777
:10BE0000002006E001AA811C515C09F80010411CC9
:10BE1000C8B2B842F6DBA8F102009EE7242D010863
:10BE2000FEB506460C4615464FF4FA700021009107
:10BE300004232246CDE9011002213046FFF778FFA6
:10BE4000401C30B915B108A004F010FF4FF0FF30CE
:10BE5000FEBD3DB1E0780090A378627821780DA016
:10BE600004F004FF0020F3E77B2243223A7B2252B6
:10BE7000656164657254797065223A504E3533328B
:10BE80002C2256657273696F6E223A4572726F7218
:10BE90007D7D0A007B2243223A7B225265616465E4
:10BEA0007254797065223A504E3533322C225665E1
:10BEB0007273696F6E223A25642E25642E25642ED6
:10BEC00025647D7D0A000000054901600549416047
:10BED000054981600549C16005490161704700005D
:10BEE0001DC20008F5BE000899BF00084DBF00083C
:10BEF00095BF0008F8B506460C4600200090671C68
:10BF0000384605F073FE05460121684605F0B2F992
:10BF10009DF80000012805D0284605F029F94FF0CA
:10BF2000FF30F8BD601C81B2284605F0A3F900205F
:10BF300004E0411C695C3154411CC8B2A042F8DBEA
:10BF4000284605F015F90020EBE7000038B5044657
:10BF500000200090FAF7B8FE054611E00120FAF73C
:10BF600025FC0121684605F085F94AF6AA20084912
:10BF70000968086000BF9DF80000012800D138BDA5
:10BF8000FAF7A2FE401BA042E8D30020F7E700002A
:10BF90009C0900200020704770B504460D462946D4
:10BFA000204605F079F9002070BD00B50246104624
:10BFB000FFF78AFF00BD00002DE9F04389B0074676
:10BFC0000D4614461E46DDE910891BA00068089046
:10BFD00001208DF80C0008F0FF008DF80D00F0B284
:10BFE0008DF80E00002006E019F80020C11C03ABFC
:10BFF0005A54411CC8B20628F6DB002006E02A5C31
:10C0000000F1090103AB5A54411CC8B2A042F6DB4F
:10C010004FF47A7104F1090003AA0123CDE900204D
:10C02000029108AA40213846FFF782FE9DF82000C1
:10C0300009B0BDE8F0830000FF00000070B58AB0D1
:10C0400006460C46154613A000680990E8B28DF824
:10C0500026004FF47A70032109AA1123CDE90021AB
:10C06000029004AA40213046FFF762FE9DF81000BE
:10C0700018B19DF810000AB070BD002005E004AAB8
:10C08000411C515C2154411CC8B21028F7DB9DF8BB
:10C090001000F0E70130000070B58AB006460C468B
:10C0A000154601208DF81400A0208DF81500E8B287
:10C0B0008DF81600002005E0225CC11C05AB5A5427
:10C0C000411CC8B21028F7DB4FF47A70132105AA7F
:10C0D0000123CDE90021029004AA40213046FFF758
:10C0E00027FE9DF810000AB070BD2DE9F0438BB01B
:10C0F0008046894616460027F01D81B201A8D8F86F
:10C100000420904700240AE0601CC4B206F1080035
:10C11000844204DB4FF0FF300BB0BDE8F08301A890
:10C12000005D0028F0D001A8005DFF2802D04FF08C
:10C13000FF30F1E7601CC4B206F10800844202DB64
:10C140004FF0FF30E8E701A8055D01A9601C085C1D
:10C150002844C0B210B14FF0FF30DDE7002007E007
:10C16000A11C014401AA515C3944CFB2411CC8B2A0
:10C17000691C8842F4DBFFB217B14FF0FF30CBE708
:10C18000002007E0A11C014401AA515C09F800103D
:10C19000411CC8B2A842F5DB2846BDE72DE9F041B5
:10C1A0008AB007460C4615461E461BA0006809903B
:10C1B0008DF82550022009A9132304AACDE9010610
:10C1C00000914A213846FFF7B3FD8046B8F1000FD1
:10C1D00004DA4FF0FF300AB0BDE8F0819DF810009E
:10C1E000012802D04FF0FF30F5E79DF81500072831
:10C1F00002DD4FF0FF30EEE7002005E0811D04AACC
:10C20000515C2154411CC8B29DF815108142F5DCE7
:10C210009DF81500DFE700000100000010B50122C5
:10C2200011460C48FAF74AFD0120FAF7BFFA00223E
:10C2300001210848FAF742FD0120FAF7B7FA012276
:10C2400011460448FAF73AFD0120FAF7AFFA002048
:10C2500010BD0000000C01401FB5044609A0006895
:10C2600003904FF47A70032103AA0023CDE9002143
:10C2700002901A4614212046FFF75AFD002004B010
:10C2800010BD000001140100F0B58BB006460D464C
:10C2900014461E2C01DC012C03DA4FF0FF300BB0EA
:10C2A000F0BD002700208DF804008DF80500FF2068
:10C2B0008DF80600FF27E0B28DF80700E043401C30
:10C2C000C0B28DF80800002008E02A5C411D01ABD7
:10C2D0005A54295C3944CFB2411CC8B2A042F4DBA5
:10C2E000F843C1B201AA601D11540021A01D1154D0
:10C2F000E01D81B201A8B268904710B14FF0FF3045
:10C30000CDE70020CBE77047F0B5E3B00024C821AB
:10C3100031A8F9F730FB002500273422F3A11CA82F
:10C32000F9F710FB6C22FE4901A8F9F70BFBFD4859
:10C33000407801280CD10320FB490870002604E056
:10C340001CA9881905F088FC761C322EF8D9F9E36F
:10C35000F448407802280CD10420F34908700026E4
:10C3600004E001A9881905F077FC761C692EF8D93C
:10C37000EDE7EC48407803287ED1EB4908700024B3
:10C38000E8488078082805DAE8A005F051FF012088
:10C3900063B0F0BDE348C078E24909794840E1491B
:10C3A00049794840DF49897980EA0107DD48C07949
:10C3B000B84204D0DDA005F03BFF0120E8E7D948F2
:10C3C000C0780006D749097900EB0140D549497981
:10C3D00000EB0121D34880790844DB4908602EA98D
:10C3E000D948006805F0C8FB054600208DF8C60056
:10C3F0008DF8C5008DF8C400032405F10900C2B210
:10C400002146641C31A8425402222146641C425435
:10C41000F9222146641C425445222146641C4254A0
:10C4200070222146641C425400212246641C81541F
:10C430002246641C81542246641C81542246641C9A
:10C4400081542246641C81542246641C8154224635
:10C45000641C81542246641C815431222146641C90
:10C46000425432222046611C8CB231A90A54342233
:10C470002046611C8CB200E04BE031A90A54352201
:10C480002046611C8CB231A90A541C222046611C32
:10C490008CB231A90A54002008E02EA90B5C214679
:10C4A000621C94B231AA5354411CC8B2A842F4DBB6
:10C4B0001C222146601C84B231A842542046611CD3
:10C4C0008CB231A90A542046611C8CB231A90A549D
:10C4D0002046611C8CB231A90A5429AA214631A8F0
:10C4E00001F072FA002008E029A90B5C2146621CC9
:10C4F00094B231AA5354411CC8B21428F4DB00266C
:10C5000004E031A9881905F0A7FB761CA642F8D3F0
:10C5100030E38448407804287ED1834908700024A1
:10C5200080488078082804DA80A005F081FE012088
:10C530002EE77C48C0787B49097948407949497998
:10C5400048407849897980EA01077648C079B8423D
:10C5500004D076A005F06CFE012019E77148C07880
:10C5600000067049097900EB01406E49497900EBFA
:10C5700001216C4880790844734908602EA97248EB
:10C58000006805F0F9FA054602208DF8C400752010
:10C590008DF8C50000208DF8C6008DF8C7008DF815
:10C5A000C80001208DF8C90072208DF8CA006F20E4
:10C5B0008DF8CB000824B1222146641C31A84254D6
:10C5C0001A222146641C425481222146641C425492
:10C5D0002146641C4554002008E02EA90B5C21462E
:10C5E000621C94B231AA5354411CC8B2A842F4DB75
:10C5F00082222046611C8CB231A90A5409222046AD
:10C60000611C8CB231A90A54E4222046611C8CB210
:10C6100031A90A54C72200E09DE22046611C8CB279
:10C6200031A90A54E3222046611C8CB231A90A5474
:10C630003A222046611C8CB231A90A54CD222046F0
:10C64000611C8CB231A90A54D3222046611C8CB2E1
:10C6500031A90A54ED222046611C8CB231A90A543A
:10C66000E4222046611C8CB231A90A540A222046D9
:10C67000611C8CB231A90A5483222046611C8CB201
:10C6800031A90A5401222046611C8CB231A90A54F6
:10C690002046611C8CB231A90A5484222046611CB8
:10C6A0008CB231A90A5401222046611C8CB231A9F6
:10C6B0000A5403222046611C8CB231A90A548522F7
:10C6C0002046611C8CB231A90A5401222046611C0B
:10C6D0008CB231A90A5400222046611C8CB231A9C7
:10C6E0000A54B2222046611C8CB22FE00000000EDA
:10C6F00002F94570000000000000000031323435BE
:10C700001C32303030301C1C1C1C1656800F7393AA
:10C71000FCCEE6AABF7A453C6A6EA83144FD000013
:10C72000242C0108DC040020810000207B225265BB
:10C730006365697665223A7B22537461747573224E
:10C740003A31397D7D0A00008400002031A90A5465
:10C7500051222146601C84B231A84254A1222046B5
:10C76000611C8CB231A90A5405F11700C2B22046EF
:10C77000611C8CB231A90A5481222146601C84B20A
:10C7800031A842542046611C8CB231A90D540020BE
:10C7900008E02EA90B5C2146621C94B231AA5354C6
:10C7A000411CC8B2A842F4DB82222046611C8CB234
:10C7B00031A90A5401222046611C8CB231A90A54C5
:10C7C00030222046611C8CB231A90A5483222046B3
:10C7D000611C8CB231A90A5401222046611C8CB222
:10C7E00031A90A5430222046611C8CB231A90A5466
:10C7F00084222046611C8CB231A90A5401222046B1
:10C80000611C8CB231A90A5430222046611C8CB2C2
:10C8100031A90A5485222046611C8CB231A90A54E0
:10C8200001222046611C8CB231A90A5430222046D4
:10C83000611C8CB231A90A5486222046611C8CB23C
:10C8400031A90A5401222046611C8CB231A90A5434
:10C8500030222046611C8CB231A90A54872220461E
:10C86000611C8CB231A90A5401222046611C8CB291
:10C8700031A90A5430222046611C8CB231A90A54D5
:10C8800088222046611C8CB231A90A54012220461C
:10C89000611C8CB231A90A5430222046611C8CB232
:10C8A00031A90A54A2222046611C8CB231A90A5433
:10C8B00032222046611C8CB231A90A54A1222046A2
:10C8C000611C8CB231A90A540B222046611C8CB227
:10C8D00031A90A5481222046611C8CB231A90A5424
:10C8E00003222046611C8CB231A90A54E42220465E
:10C8F000611C8CB231A90A54C7222046611C8CB23B
:10C9000031A90A54E3222046611C8CB231A90A5491
:10C9100082222046611C8CB231A90A54042220468E
:10C92000611C8CB231A90A54CD222046611C8CB204
:10C9300031A90A54D3222046611C8CB231A90A5471
:10C94000ED222046611C8CB231A90A54E422204613
:10C95000611C8CB231A90A54A1222046611C8CB200
:10C9600031A90A5411222046611C8CB231A90A5403
:10C9700081222046611C8CB231A90A54062220462D
:10C98000611C8CB231A90A5444222046611C8CB22D
:10C9900031A90A546C222046611C8CB231A90A5478
:10C9A0002046611C8CB231A90A5456222046611CD3
:10C9B0008CB231A90A5465222046611C8CB231A97F
:10C9C0000A5472222046611C8CB231A90A54822278
:10C9D0002046611C8CB231A90A5407222046611CF2
:10C9E0008CB231A90A5432222046611C8CB231A982
:10C9F0000A542E222046611C8CB231A90A543322DB
:10CA00002046611C8CB231A90A542E222046611C9A
:10CA10008CB231A90A5430222046611C8CB231A953
:10CA20000A542E222046611C8CB231A90A543122AC
:10CA30002046611C8CB231A90A54A1222046611CF7
:10CA40008CB231A90A5410222046611C8CB231A943
:10CA50000A5481222046611C8CB231A90A54062254
:10CA60002046611C8CB231A90A5450222046611C18
:10CA70008CB231A90A5472222046611C8CB231A9B1
:10CA80000A5467222046611C8CB231A90A545622EE
:10CA90002146601C84B231A8425465222046611CA4
:10CAA0008CB231A90A5472222046611C8CB231A981
:10CAB0000A5482222046611C8CB231A90A540622F3
:10CAC0002046611C8CB231A90A5470222046611C98
:10CAD0008CB231A90A5472222046611C8CB231A951
:10CAE0000A5467222046611C8CB231A90A5476226E
:10CAF0002046611C8CB231A90A5465222046611C73
:10CB00008CB231A90A5472222046611C8CB231A920
:10CB10000A54F2222146601C84B231A842541D22DC
:10CB20002046611C8CB231A90A542046611C8CB28B
:10CB300031A90A54EB222046611C8CB231A90A5457
:10CB4000002605E016E031A9881905F085F8761C65
:10CB5000A642F8D30EE000200B490870022604E03C
:10CB60000A49881905F078F8761C08484078401C76
:10CB7000B042F5D206A005F05BFB4FF416710348F6
:10CB8000F8F7F9FE002003E481000020DC04002017
:10CB90007B2252656365697665223A7B2253746114
:10CBA000747573223A32362C2254797065223A22F7
:10CBB000506F735472616E73616374696F6E227D1E
:10CBC0007D0A000010B5ADF5087D00200890002416
:10CBD000B849088000BF09E0B749095CB54AB2F915
:10CBE00000205140B34A1180411CC8B22128F3DB18
:10CBF000B14890F82100AF49B1F90010884203D143
:10CC0000AD48807B64280FD0ACA005F011FB00205C
:10CC1000B1490870A74908804FF41671A648F8F783
:10CC2000AAFE0DF5087D10BDA34890F82100A1498A
:10CC3000B1F90010884203D09F48807B64287DD1E1
:10CC40009D484078A54908609B48807800069A492D
:10CC5000C97800EB01409849097900EB0120964919
:10CC6000497908449E4908609348807900069249B2
:10CC7000C97900EB01409049097A00EB01208E4907
:10CC8000497A0844974908608B48807A00068A49A7
:10CC9000C97A00EB01408849097B00EB01208649F5
:10CCA000497B0844904908608348C07B000682495C
:10CCB000097C00EB01408049497C00EB01207E4962
:10CCC000897C0844894908607B48C07C00067A4911
:10CCD000097D00EB01407849497D00EB0120764950
:10CCE000897D0844824908607348C07D8149086095
:10CCF0007148007E804908706F48407E7F49087007
:10CD00006D48807E7E4908706B48C07E7D49087002
:10CD10006948007F7C4908706748407F0006664983
:10CD2000897F00EB01406449C97F00EB0120624923
:10CD300091F8201008447549086000E0B8E0002030
:10CD40007349086073A005F073FAF9F7BDFF044654
:10CD5000A4E04AF6AA207F4909680860F9F7B4FF01
:10CD6000001BB0F57A5F03D97BA005F061FA96E06D
:10CD70006748006870B150480078632803D04E4877
:10CD80000078432803D179A005F052FA87E000200B
:10CD90005F49086009A8FDF755FB20B109A8FDF718
:10CDA00051FB00B17AE07E487E497F4A7F4BCDE956
:10CDB0000432CDE906107E4A4D4800684B490968A7
:10CDC000494B1B68CDE90031CDE9020244484F4A86
:10CDD00008A903681320FDF719FF76490870084673
:10CDE0000078092803D00846007801281BD16C4838
:10CDF0006C496D4A6D4BCDE90432CDE906106C49A2
:10CE00003B48026839480068374B1B68CDE9003061
:10CE1000CDE9022132483D4A08A903681320FDF7F5
:10CE2000F5FE6449087063480078092803D061481A
:10CE3000007801281BD15A485A495B4A5B4BCDE91F
:10CE40000432CDE906105A4829490A682749096879
:10CE5000254B1B68CDE90031CDE9022020482B4A43
:10CE600008A903681320FDF7D1FE524908701C4839
:10CE700001684E4800684E4A1268089BCDE90032AE
:10CE8000CDE90201214803684A4802784A490BA8C3
:10CE900003F0FCFE0BA805F0CBF900E059E700BF5A
:10CEA00000200D4908700349088019490860B8E658
:10CEB00000BFB6E610000020DC0400207B22526593
:10CEC0006365697665223A7B2253746174757322B7
:10CED0003A31397D7D0A00005600002018000020FC
:10CEE0001C00002034000020240000202800002026
:10CEF0002C000020440000203E0000203F000020C5
:10CF00004000002041000020420000204800002096
:10CF10000C0000207B2252656365697665223A7BAE
:10CF200022537461747573223A32367D2C22432267
:10CF30003A7B2254797065223A22446563726561B6
:10CF400073655472616E73616374696F6E227D7D67
:10CF50000A0000009C0900207B2243223A7B2253D6
:10CF60007461747573223A317D7D0A007B225265AB
:10CF70006365697665223A7B225374617475732206
:10CF80003A32367D2C2243223A7B22547970652234
:10CF90003A2243616E73656C227D7D0A00000000B9
:10CFA0003D0000203C000020200000203800002030
:10CFB000300000200B000020782D010810B5002063
:10CFC0006849088000BF09E06749095C654AB2F911
:10CFD00000205140634A1180411CC8B22128F3DB74
:10CFE000614890F821005F49B1F90010884203D1EF
:10CFF0005D48807B642811D05CA005F019F9002001
:10D000006149087061490870564908806049087094
:10D010004FF416715448F8F7AEFC10BD524890F822
:10D0200021005049B1F90010884203D04E48807B5E
:10D0300064287CD110215748F8F79DFC4A48407875
:10D04000554908604848807800064749C97800EB90
:10D0500001404549097900EB0120434949790844D9
:10D060004E4908604048807900063F49C97900EB85
:10D0700001403D49097A00EB01203B49497A0844C7
:10D08000474908603848807A00063749C97A00EB7A
:10D0900001403549097B00EB01203349497B0844B5
:10D0A000404908603048C07B00062F49097C00EBEE
:10D0B00001402D49497C00EB01202B49897C084423
:10D0C000394908602848C07C00062749097D00EBE3
:10D0D00001402549497D00EB01202349897D084411
:10D0E000324908602048C07D314908601E48007EF2
:10D0F000304908701C48407E2F4908701A48807ECD
:10D100002E4908701848C07E2D4908701648007FC7
:10D110002C4908701448407F00061349897F00EBB2
:10D1200001401149C97F00EB01200F4900E017E0E1
:10D1300091F8201008442449086024A005F078F8EC
:10D140001748016815480068FDF712FA4FF4167188
:10D150000548F8F710FC00200C49087001490880C8
:10D1600000BF5AE710000020DC0400207B2252653B
:10D170006365697665223A7B225374617475732204
:10D180003A31397D7D0A00004E0000205000002019
:10D1900053000020B01D0020180000201C000020BB
:10D1A0003400002024000020280000202C00002053
:10D1B000440000203E0000203F00002040000020EE
:10D1C0004100002042000020480000207B225265E0
:10D1D0006365697665223A7B2253746174757322A4
:10D1E0003A32367D2C2243223A7B225479706522D2
:10D1F0003A22457865635472616E73616374696F36
:10D200006E227D7D0A00000008B508490968C9083A
:10D210004FF47A72B1FBF2F14143009100BF00BFBD
:10D2200000994A1E00920029F9D108BD4001002052
:10D23000014600BF080900EB8000420001F00F002A
:10D240001044C0B2704770B504460025F9F73CFDA4
:10D25000054607E0F9F738FD401BB0F57A7F01D9A4
:10D26000032070BD2068406800F020000028F1D045
:10D270002068406840F01000216848600020F0E716
:10D2800070B5044600252068406820F01000216831
:10D290004860F9F719FD054607E0F9F715FD401B51
:10D2A000B0F57A7F01D9032070BD2068406800F096
:10D2B00020000028F1D00020F6E730B5014600221A
:10D2C0000023002400200D68AD69AAB20D68ED6945
:10D2D000ACB20D68AD69ABB29A4205D00D68ED698C
:10D2E00063F31F45284601E044EA024030BDF0B533
:10D2F00004460B460021002504F5FA61032B1BD2DE
:10D30000C3EBC30000EB03100926B0FBF6F010449A
:10D31000001D4618481E06EB90066427B0FBF7F088
:10D32000361A481EBF00B0FBF7F030440726B0FBAA
:10D33000F6F706FB17051AE0C3EBC30000EB03107A
:10D340000926B0FBF6F01044001D084400EB9100E4
:10D350006426B1FBF6F6801B4FF4C876B1FBF6F6F7
:10D360003044801E0726B0FBF6F706FB1705E8B22F
:10D37000F0BD70B504460D4600262046FFF763FF5A
:10D3800008B101260AE0280C21688861A8B221684A
:10D39000C8612046FFF774FF00B10126304670BD1A
:10D3A0002DE9F14F9CB000200790069005900026D3
:10D3B0000920049000200390352002900020019065
:10D3C000FDF758FAF4A004F033FFF9F77DFC18904C
:10D3D000B2E0F9F779FC1899401A42F228318842F4
:10D3E00008D9FBA004F024FF0120FE4908601DB00D
:10D3F000BDE8F08F4AF6AA20FB4909680860FB489F
:10D40000006870B1FA480078432803D0F8480078E3
:10D41000632806D1F7A004F00BFF0020F349086051
:10D42000E5E715A8FDF70EF820B115A8FDF70AF8F5
:10D4300000B181E010210020FCF70AFF00B17BE081
:10D440000CA90120FCF796FF00B175E09DF8309023
:10D450009DF8310009EB00201FFA80F99DF8328019
:10D460009DF8330008EB00289DF8340008EB0048D5
:10D470009DF8350008EB006809F40040B0F5004F56
:10D4800009D1C9F30E0946F6292089EA00094BF2B1
:10D49000A62088EA00084AF6AA20D349096808604D
:10D4A000E1480078D0B914210620FCF7D1FE00B184
:10D4B00042E01AA91820FCF769FF00B13CE03721CF
:10D4C0000520FCF7C5FE00B136E01BA91420FCF7CF
:10D4D0005DFF00B130E01A98C6B211E0D248007882
:10D4E00001280DD114210620FCF7B2FE00B123E083
:10D4F0001AA91820FCF74AFF00B11DE01A98C6B21D
:10D500004AF6AA20B84909680860002619A91BA88C
:10D51000F8F748FE0746012F04D119A91BA8F8F710
:10D5200041FE07460FB15A2F01D11B98019017B148
:10D530005A2F00D000E000E04BE700BF4AF6AA20D7
:10D54000A94909680860B8480078012801D11A98EB
:10D55000C6B216B1701EC6B200E00D2614960020A9
:10D5600006908246FDE14AF6AA209F4909680860B4
:10D570000AF101001FFA80FABAF1320F00DBF1E183
:10D5800015A8FCF75FFF20B115A8FCF75BFF00B101
:10D59000E7E14AF6AA209449096808603046F9F79D
:10D5A0003DF80546E91705EB917188101421FCF749
:10D5B0004FFE88B115A8FCF745FF20B115A8FCF770
:10D5C00041FF00B1CDE1E91705EB917188101421FD
:10D5D000FCF73EFE00B1C4E10CA92846FCF7CAFEE8
:10D5E000F8B1E91705EB917188101421FCF730FEB2
:10D5F00088B115A8FCF726FF20B115A8FCF722FF7B
:10D6000000B1AEE1E91705EB917188101421FCF728
:10D610001FFE00B1A5E10CA92846FCF7ABFE00B146
:10D620009FE14FF0000A002405E00CA8005D08A966
:10D630000855601C84B2102CF7DB002007900024F2
:10D6400006E008A8005D079948400790601C84B276
:10D650000F2CF6DB9DF82F100798814208D000248C
:10D6600004E0002008A90855601C84B2102CF8DBE7
:10D67000002406E008A8005DFF2800D003E0601C3D
:10D6800084B20F2CF6DB00BF0F2C08DB002404E073
:10D69000002008A90855601C84B2102CF8DB069AFB
:10D6A000521C62A1634803F0F1FA624804F0C0FD25
:10D6B0000120F9F77BF89DF825205FA15D4803F074
:10D6C000E5FA5C4804F0B4FD0120F9F76FF84AF67A
:10D6D000AA204549096808609DF824005849086057
:10D6E0000846006800020860084600689DF823109C
:10D6F000084453490860084600680002086008466C
:10D7000000689DF8221008444D49086008464DA164
:10D710000268484803F0BAFA464804F089FD01203F
:10D72000F9F744F89DF826000921B1EB201F0ADD26
:10D730009DF826004FF4AF6101EB201244A13D4853
:10D7400003F0A4FA0AE09DF82600562101EB201010
:10D7500000F214523EA1374803F098FA354804F01D
:10D7600067FD0120F9F722F89DF8260000F00F026E
:10D770003AA1304803F08AFA2E4804F059FD0120FE
:10D78000F9F714F84AF6AA201749096808609DF8C5
:10D79000272035A127486BE07B22526563656976B7
:10D7A00065223A7B22537461747573223A32367D56
:10D7B0002C2243223A7B2254797065223A22526508
:10D7C0006164436172645461626C65227D7D0A000C
:10D7D0007B2243223A7B22537461747573223A315F
:10D7E0007D7D0A005C0200209C0900200C000020C6
:10D7F000DC0400207B2252656365697665223A7BF2
:10D8000022537461747573223A32367D2C2243227E
:10D810003A7B2254797065223A2243616E73656CBB
:10D82000227D7D0A000000006D020020526F773DCE
:10D8300025642A00700700204F503D25642A00000F
:10D84000640200204574656261723D25752A0000FE
:10D85000596561723D25642A000000004D6F6E74A9
:10D86000683D25642A0000004461793D25642A0052
:10D8700003F00CFA444804F0DBFC0120F8F796FFB3
:10D880009DF82A00414908600846006800020860C7
:10D89000084600689DF8291008443C49086008467D
:10D8A000006800020860084600689DF828100844D7
:10D8B00036490860084636A10268334803F0E6F9A5
:10D8C000314804F0B5FC0120F8F770FF9DF82C00FA
:10D8D0002E49086008460068000208600846006893
:10D8E0009DF82B1008442949086008462CA10268BD
:10D8F000254803F0CBF9244804F09AFC0120F8F7FE
:10D9000055FF9DF82D2028A11F4803F0BFF91E48A0
:10D9100004F08EFC0120F8F749FF4AF6AA202549B9
:10D92000096808609DF82E2023A1174803F0AEF97E
:10D93000154804F07DFC0120F8F738FF0698401CDC
:10D94000C1B206911C98814200DB0BE016B1701E3B
:10D95000C6B200E00D264AF6AA20164909680860FA
:10D9600000BF00E600BFBAF1320F07DA0A20F8F76D
:10D970001DFF4AF6AA200F490968086001201149D5
:10D98000086000BF33E5000070070020640200203B
:10D9900052656D4574656261723D25752A0000000F
:10D9A0004449443D25752A00486F75723D25642A17
:10D9B000000000009C0900204D696E3D25642C0A82
:10D9C000000000005C0200202DE9F74FFEB00E467B
:10D9D000DFF85893D6487D906FEA09007C90D448D0
:10D9E000C0437B90D3487A90002074900CE0DDF81F
:10D9F000D0A17E9810F80AA00DF5A67B74980BF8BC
:10DA000000A07498401C74907498B042EFD33146D3
:10DA10000F4680200DF5A67A0AF801004FF0000AA3
:10DA20000DF5A67B481C0BF800A053A8405C529053
:10DA3000491C08464FEAE17A01EB9A6A4FEAAA1AB2
:10DA4000A1EB8A1ACDF844A1DDF844A1BAF1380F50
:10DA500004DA5198C0F13800519003E05198C0F1B8
:10DA600078005190002306E000200DF5A67A0AF810
:10DA70000100491C5B1C51988342F5D34FF0000A0A
:10DA80000DF5A67B481C0BF800A0002306E0002043
:10DA90000DF5A67A0AF80100491C5B1C062BF6D38B
:10DAA000F8004FEAE07A00EB1A6ACAF3072A0DF58C
:10DAB000A67B0BF801A0491CF8004FEAE07A00EBC6
:10DAC0001A6A4FEA2A2AA0EB0A2A0BF801A0491C7D
:10DAD000002001EB030A0BF80A0008464FEAE17A3E
:10DAE00001EB9A6A4FEAAA1ACDF840A10023DCE0C4
:10DAF00000202BE04FEA831A0AEB800A0DF5A67B83
:10DB00001BF80AA04FEA0A6A4FEA831B0BEB800B53
:10DB10000BF1010B0DF5A67E1EF80BB00AEB0B4ABC
:10DB20004FEA831B0BEB800B0BF1020B1EF80BB0C3
:10DB30000AEB0B2A4FEA831B0BEB800B0BF1030B59
:10DB40001EF80BB0DA444DF820A0401C1028D1DBA1
:10DB5000102430E0E01E5DF82000A4F1080A5DF812
:10DB60002AA080EA0A00A4F10E0A5DF82AA080EA41
:10DB70000A00A4F1100A5DF82AA080EA0A004FEA20
:10DB8000400AE01E5DF82000A4F1080B5DF82BB000
:10DB900080EA0B00A4F10E0B5DF82BB080EA0B00BD
:10DBA000A4F1100B5DF82BB080EA0B004AEAD070AC
:10DBB0004DF82400641C502CCCD3CDF8E4917D9D0D
:10DBC000DDF8F0C1DDF8EC817A987890002059E01A
:10DBD00013280CDC05EA0C0A28EA050B4AEA0B0AB2
:10DBE000CDF8DCA1DFF850A1CDF8D8A129E0272895
:10DBF0000ADC85EA0C0A8AEA080ACDF8DCA1DFF81B
:10DC00003CA1CDF8D8A11CE03B2810DC05EA0C0AA9
:10DC100005EA080B4AEA0B0A0CEA080B4AEA0B0A67
:10DC2000CDF8DCA1DFF818A1CDF8D8A109E085EA8C
:10DC30000C0A8AEA080ACDF8DCA1DFF808A1CDF8C1
:10DC4000D8A1DDF8E4A14FEA4A1B4BEADA6BDDF814
:10DC5000DCA1D344DDF8E0A1D344DDF8D8A1DA4457
:10DC60005DF820B0DA44CDF8D4A1CDF8E081E046EB
:10DC70004FEA857A4AEA950C799DDDF8D4A1CDF872
:10DC8000E4A1401C5028A3DB799881447D98284466
:10DC90007D907C9860447C907B9840447B90DDF83C
:10DCA000E0A17A9850447A905B1C50988342FFF42C
:10DCB0001FAF4FEA196010704FEA194050704FEAD9
:10DCC0001920907082F803907D98000E10717D9855
:10DCD000000C50717D98000A90717D98D0717C98ED
:10DCE000000E10727C98000C50727C98000A9072A2
:10DCF0007C98D0727B98000E10737B98000C507348
:10DD00007B98000A90737B98D0737A98000E1074F9
:10DD10007A98000C50747A98000A90747A98C0B27D
:10DD2000D0740DF5017DBDE8F08F0000012345673B
:10DD300089ABCDEFF0E1D2C39979825AA1EBD96ECC
:10DD4000DCBC1B8FD6C162CA704770B504460D4655
:10DD500029462046F8F7A0FF70BD70B504460D4671
:10DD60001646324629462046F8F7A8FF70BD000047
:10DD700070B500F06FF80546002411E0164800EB7E
:10DD80004410C07F15490978884208D145FA04F249
:10DD900002F00101104A02EB441000F021F8641C6B
:10DDA000012CEBDB0D48007848B9002405E00A4956
:10DDB00001EB441000F091F8641C012CF7DB0748DC
:10DDC0000078401C0549087008460078052801DBEA
:10DDD0000020087070BD0000501D00205702002078
:10DDE00010B58278002A33D0827962B901B110BDB2
:10DDF000002242718279521C82710023C268203253
:10DE00004489135524E08279092A14DAC268203241
:10DE10004389D25C01F001034479A3401A43D3B291
:10DE2000C2682032448913558279521C827142792A
:10DE3000521C42710CE08279092A09D100228271B8
:10DE4000827729B142891F2A02DA4289521C428113
:10DE500000BFCCE770B5002600242CE0184A02EB86
:10DE60004412918B164A02EB44129069FFF76DFF42
:10DE70000546134800EB44108079B0B9104800EB18
:10DE80004410807F88B985B90E480078801C052130
:10DE900090FBF1F201FB1200094901EB4411C87734
:10DEA0000120074901EB4411887705F00100A040EB
:10DEB0003043C6B2641C012CD0DB304670BD00007C
:10DEC000501D00205702002070B504460D46A18A5F
:10DED0002A462069FFF741FF70BD10B504466078FF
:10DEE00000283FD0207958B9012020700020E07030
:10DEF00000212046FFF7E8FF2079401C207131E027
:10DF00002079092810DAE279E068805CE278104133
:10DF100000F001012046FFF7D7FF2079401C207157
:10DF2000E078401CE0701DE02079092807D101212C
:10DF30002046FFF7C9FF2079401C207112E02079AC
:10DF40000A280FD100202071E079401CE071207A6E
:10DF5000E179884203DD01202070607002E000203A
:10DF60002070607010BD000010B5F9F775FA034815
:10DF70000088401C0149088010BD000054000020AA
:10DF800000B593B0282109A8F7F7F5FC142104A8DF
:10DF9000F7F7F1FC002000900190029003900D2013
:10DFA00009904FF480300A9000200B9001200C90D3
:10DFB0000D900F9002201090C10311914FF4E011C9
:10DFC000129109A8FAF7A2FC08B1F7F760FE0F203A
:10DFD000049002200590002006904FF48060079086
:10DFE00000200890022104A8FAF744FB08B1F7F7D3
:10DFF0004EFE112000904FF480700190002003909D
:10E000006846FAF79DFA08B1F7F741FEFAF7F8FB10
:10E0100013B000BD0148024908607047005800086D
:10E0200008ED00E010B50348FBF7EEFB0148FBF7F5
:10E030001EFB10BD680A002010B50268184B9842FC
:10E0400008D0B0F1804F05D0164B984202D0164B45
:10E05000984203D122F070024B681A43104B984249
:10E0600008D0B0F1804F05D00E4B984202D00E4B35
:10E07000984203D122F44072CB681A4322F0800305
:10E080004C6943EA040202608B68C3620B688362D6
:10E09000034B984201D10B6903630123436110BD17
:10E0A000002C0140000400400008004030B50C4640
:10E0B000816821F47F4142EA032525432943816099
:10E0C00030BD0A46816821F0700142F00703194310
:10E0D0008160704730B50B461446026A056A25F028
:10E0E00001050562816921F0F00141EA041122F085
:10E0F0000A021A438161026230BD30B50B461446F4
:10E10000056A25F0100505628169026A21F47041F3
:10E1100041EA043122F0A00242EA03128161026264
:10E1200030BD70B505466C6A0020E085E08420466D
:10E13000FBF778FB70BD0168C96821F49071026833
:10E14000D1600168496921F0010102685161016BE8
:10E15000012905D10168C96821F010010268D16068
:10E16000202180F83E1000210163704710B504465D
:10E170002068C06820F040002168C860202084F832
:10E180003D002046FBF7ECFD002010BDF8B504462D
:10E1900094F83E00222869D1A068B0F5805F0CD1C8
:10E1A000206950B90025A66A20684068C0F30800BD
:10E1B0003080A06A801CA06215E0A56A0026A068D5
:10E1C000B0F5805F03D0A06828B9206918B920682D
:10E1D0004068287004E02068406800F07F002870E4
:10E1E000A06A401CA062E08D401E80B2E085A8BB02
:10E1F0002068C06820F020002168C8602068C068DE
:10E2000020F480702168C8602068406920F0010017
:10E2100021684861202084F83E00206B01281ED12F
:10E22000002020632068C06820F010002168C860CA
:10E230002068006800F0100010280AD100BF0020FC
:10E24000009020680068009020684068009000BF3F
:10E2500000BFA18D2046FBF7E4FA03E004E020466E
:10E26000FBF714FD0020F8BD0020FCE70220FAE7D0
:10E2700070B504462168096921F44051E2681143F0
:10E28000226811612269A1681143626941EA0205AD
:10E290002168C96841F20C62914329432268D16028
:10E2A0002168496921F44071A269114322685161D2
:10E2B0002D4A2168914202D1FAF7BEFA01E0FAF73D
:10E2C000ABFA00EBC00101EB001162689200B1FBF8
:10E2D000F2F100EBC00202EB001263689B00B2FB9C
:10E2E000F3F26423B2FBF3F202EBC20303EB02127C
:10E2F000A1EB8201322202EB01116422B1FBF2F1A7
:10E3000001F0F00100EBC00202EB001263689B0019
:10E31000B2FBF3F26423B2FBF3F201EB021200EB67
:10E32000C00101EB001163689B00B1FBF3F100EB4E
:10E33000C00303EB00136668B600B3FBF6F3642674
:10E34000B3FBF6F303EBC30606EB0313A1EB830168
:10E35000322303EB01116423B1FBF3F101F00F0150
:10E3600011442268916070BD00380140014691F867
:10E370003D00212828D18868B0F5805F0BD108695D
:10E3800048B90A6A1088C0F308000B685860086A28
:10E39000801C086205E00B6A581C086218780B683C
:10E3A0005860C88C401E80B2C88458B90868C068DC
:10E3B00020F080000B68D8600868C06840F040001A
:10E3C0000B68D860002070470220FCE72DE9F0417F
:10E3D00004460D4617469846069E21E0701CF8B18B
:10E3E0002EB1F8F771FCA0EB0800B04218D92068F4
:10E3F000C06820F4D0702168C8602068406920F0AF
:10E40000010021684861202084F83D0084F83E0026
:10E4100000BF002084F83C0000BF0320BDE8F0816D
:10E42000206800682840A84201D1012000E00020B7
:10E43000B842D3D00020F1E710B50248FBF7F4F959
:10E4400010BD0000B00A002009480068006800F014
:10E45000200020280AD1074800680749074A1268A7
:10E46000885406480068401C044908607047000052
:10E47000F40A00200444004084020020140000201C
:10E480002DE9F04104460D46D4F8B862D4F8C072C4
:10E49000D4F8B80278B305EB850104F1140000EB61
:10E4A0008100806808B305EB850104F1140000EBDE
:10E4B000810005EB8502816807F1280000EBC200AE
:10E4C0000069B1FBF0F200FB121070B9002105EBFE
:10E4D000850204F1140000EB8200816000231A46DB
:10E4E0002946204600F0C4FE02E00020C6F81402CF
:10E4F0000020BDE8F081FFE70220FAE770B504468E
:10E500000E46D4F8B8523146204600F056FDC5F804
:10E510000C02D4F8B80248B1D5F80402D4F8BC1201
:10E52000CA6805F503719047002070BD0220FCE722
:10E5300070B504460E4600258121204600F057FCA8
:10E540000021E1620121204600F051FC0021C4F8C5
:10E550006C118221204600F04AFC00212164D4F88D
:10E56000B80250B1D4F8BC1248688047D4F8B80259
:10E5700001F027F90020C4F8B802284670BD70B534
:10E580000546D5F8B842D5F8BC0278B194F8000237
:10E59000FF280BD094F8012294F80002D5F8BC12A1
:10E5A0008B6821469847FF2084F80002002070BD48
:10E5B00001460A20088001487047000048010020F9
:10E5C000014643200880014870470000D001002028
:10E5D0000146432008800148704700008C0100205C
:10E5E00001464320088001487047000014020020C3
:10E5F0002DE9F04104460F460026207C88B94FF4EF
:10E60000007302228121204600F03EFD0121E162DB
:10E610004B020222204600F037FD0121C4F86C11A4
:10E620000FE0402302228121204600F02DFD012130
:10E63000E16240230222204600F026FD0121C4F8B9
:10E640006C11082303228221204600F01DFD0121C8
:10E6500021644FF4077001F0B5F8C4F8B802D4F89B
:10E66000B80208B901261CE0D4F8B852D4F8BC129C
:10E67000086880470020C5F81402C5F81802207CFD
:10E6800040B94FF4007301212046D5F8042200F070
:10E6900013FD06E0402301212046D5F8042200F0B6
:10E6A0000BFD3046BDE8F08170B50446D4F8B85291
:10E6B000D4F8B80298B1207C40B94FF4007301211E
:10E6C0002046D5F8042200F0F7FC06E040230121A3
:10E6D0002046D5F8042200F0EFFC002070BD022097
:10E6E000FCE70246022011B1C2F8BC1200207047BC
:10E6F0000246D2F8B832C3F804120020704710B5B1
:10E700000346D3F8B842C4F80812C4F81022002017
:10E7100010BD2DE9FC4105460C46D5F8B862002035
:10E72000019000900027207800F0600040B320287E
:10E730005FD1E088E0B1207800F0800060B1E2882D
:10E740006078D5F8BC128B6831469847E28831462C
:10E75000284600F0E6F812E0607886F80002A0791A
:10E7600086F80102E2883146284600F0B9F806E052
:10E770006078D5F8BC1200228B68214698473EE0AD
:10E78000607820B10A2812D00B282AD11FE095F812
:10E790009C02032805D102226946284600F0C1F8F0
:10E7A00004E02146284600F08FF802271FE095F884
:10E7B0009C02032805D1012201A9284600F0B1F8E6
:10E7C00004E02146284600F07FF802270FE095F884
:10E7D0009C02032804D02146284600F075F8022741
:10E7E00005E02146284600F06FF8022700BF00BF71
:10E7F00005E02146284600F067F8022700BF00BF69
:10E800003846BDE8FC8170B50546D5F8B842D5F864
:10E81000B802A8B1D4F8140280B90120C4F81402D7
:10E82000D4F810122963B4F8100283B2812128466B
:10E83000D4F8082200F01CFD002070BD0120FCE788
:10E840000220FAE770B504460D46D4F8B402294612
:10E85000426820469047002070BD70B504460D46C2
:10E8600094F89C02012804D0022803D003280CD17C
:10E8700001E000BF00BF6888012805D10020C4F86E
:10E88000A402204600F05EF804E02946204600F08D
:10E890001BF800BF00BF70BD70B506460C4615469C
:10E8A0002B4622460021304600F006FC002070BDB9
:10E8B00070B506460C4615462B46224600213046CA
:10E8C00000F0D6FC002070BD70B504460D468021D6
:10E8D000204600F0A1FC0021204600F09DFC70BD08
:10E8E00070B504460E4615460320C4F894024FF452
:10E8F000AE700551001D05512B46324600212046C1
:10E9000000F0DAFB002070BD10B504460520C4F805
:10E91000940200231A461946204600F0CDFB002041
:10E9200010BD70B504460E4615460220C4F8940288
:10E93000E56125622B4632460021204600F098FC16
:10E94000002070BD10B504460420C4F894020023D2
:10E950001A461946204600F08BFC002010BD00002E
:10E9600070B505460C462DB92246064906A000F0B2
:10E97000D3F904E02246034903A000F0CDF9014891
:10E9800070BD0000400E002043444320436F6E667C
:10E9900069670000024612200880014870470000A5
:10E9A000D800002070B505460C462DB92246064910
:10E9B00006A000F0B1F904E02246034903A000F0EC
:10E9C000ABF9014870BD0000400E002043444320D5
:10E9D000496E74657266616365000000024604203A
:10E9E0000880014870470000EC00002070B5054623
:10E9F0000C462246024903A000F08EF9004870BD83
:10EA0000400E00204A6168616E476F737461720046
:10EA100070B505460C462DB92246064906A000F001
:10EA20007BF904E02246034903A000F075F9014890
:10EA300070BD0000400E00204A6168616E476F7330
:10EA4000746172506F72740070B505460C461A20DE
:10EA50002080F7F70DFE014870BD0000F000002097
:10EA600070B504460D46E888012804D029462046A2
:10EA7000FFF72AFF1EE094F89C02012804D0022828
:10EA800003D0032810D109E000BF0020A0600122BC
:10EA900004F108012046FFF744FF0AE00122211D8E
:10EAA0002046FFF73EFF04E029462046FFF70CFF13
:10EAB00000BF00BF70BDF8B504460E4600200090B0
:10EAC0000027002570880012082875D2DFE800F0C2
:10EAD000C7040C20C7C7A5B5207CD4F8B0120A68BB
:10EAE000694690470746C1E0207C40B9D4F8B4029B
:10EAF000816A6846884707460220787007E0D4F8A4
:10EB0000B402C16A68468847074602207870ADE0C3
:10EB1000B078062878D2DFE800F00316293C50636D
:10EB2000D4F8B002406838B1207CD4F8B0124A68FA
:10EB300069469047074605E031462046FFF7C4FE88
:10EB4000681CC5B267E0D4F8B002806838B1207C98
:10EB5000D4F8B0128A6869469047074605E0314606
:10EB60002046FFF7B1FE681CC5B254E0D4F8B002ED
:10EB7000C06838B1207CD4F8B012CA6869469047A2
:10EB8000074605E031462046FFF79EFE681CC5B2E9
:10EB900041E0D4F8B002006938B1207CD4F8B0125A
:10EBA0000A6969469047074605E031462046FFF767
:10EBB0008BFE681CC5B22EE051E0D4F8B00240696B
:10EBC00038B1207CD4F8B0124A69694690470746AC
:10EBD00005E031462046FFF777FE681CC5B21AE013
:10EBE000D4F8B002806940B1207CD4F8B0128A69B0
:10EBF00069469047074606E006E031462046FFF7A3
:10EC000063FE681CC5B206E031462046FFF75CFE95
:10EC1000681CC5B200BF00BF28E0207C30B9D4F822
:10EC2000B402416B68468847074605E031462046F6
:10EC3000FFF74AFE681CC5B218E0207C40B9D4F842
:10EC4000B402016B6846884707460720787005E0E4
:10EC500031462046FFF738FE681CC5B206E0314653
:10EC60002046FFF731FE681CC5B200BF00BF05B1EA
:10EC7000F8BDBDF8000088B1F08878B1F088BDF823
:10EC80000010884202DDBDF8000000E0F08800902E
:10EC9000BDF8002039462046FFF743FEF08810B942
:10ECA0002046FFF74FFE00BFE2E70146002002E0EA
:10ECB000421CD0B2491C0A78002AF9D1704770B5BD
:10ECC00004460D4694F89C02012804D0022803D083
:10ECD00003281AD101E000BF00BFE888022804D051
:10ECE00029462046FFF7F0FD14E00120E060D4F84B
:10ECF000A40218B1E06840F00200E060022204F1D2
:10ED00000C012046FFF70DFE04E029462046FFF7E0
:10ED1000DBFD00BF00BF70BD2DE9F04104460D468C
:10ED200017460026FCB12046FFF7BFFF022101EB8A
:10ED3000400038803A783046711CCEB22A54032203
:10ED40003046711CCEB22A540AE014F8012B30462A
:10ED5000711CCEB22A5400223046711CCEB22A5405
:10ED600020780028F1D1BDE8F0810146002031B1C2
:10ED7000012906D0022906D0032908D105E0002088
:10ED800007E0022005E0012003E0022001E002206C
:10ED900000BF00BF704770B504460D4616460CB95B
:10EDA000022070BDD4F8B40210B10020C4F8B4023F
:10EDB0000DB1C4F8B052012084F89C0226702046A0
:10EDC00000F004F90020ECE72DE9F04104460D467F
:10EDD000002600272946D4F8C002F8F787FC06462B
:10EDE0003046FFF7C2FF07463846BDE8F0812DE9FF
:10EDF000F04104460D46002600272946D4F8C002FB
:10EE0000F8F73FFC06463046FFF7AFFF07463846A7
:10EE1000BDE8F0812DE9F04104460E461746002E6C
:10EE200064D104F11405D4F89402022848D1D5E93C
:10EE30000301884210D9D5E90301401AE860A88986
:10EE400082B239462046FFF733FD00231A461946A1
:10EE5000204600F031F93EE02969A868B0FBF1F2E4
:10EE600001FB1200B8B92969A868884213D3A868C1
:10EE7000D4F8981288420ED2002211462046FFF79D
:10EE800017FD0020C4F8980200231A4619462046B0
:10EE900000F012F91FE0D4F8B402C06840B194F851
:10EEA0009C02032804D1D4F8B402C16820468847E4
:10EEB0008021204600F0B0F92046FFF725FD0AE04A
:10EEC000D4F89402042802D0D4F8940218B980210E
:10EED000204600F0A1F994F8A002012818D120469C
:10EEE00000F0FAF9002084F8A00211E0D4F8B4028E
:10EEF000406950B194F89C02032806D1D4F8B402BA
:10EF0000314642692046904702E00220BDE8F08188
:10EF10000020FBE72DE9F04104460E461746BEBB34
:10EF200004F5AA75D4F89402032825D1D5E9030184
:10EF3000884210D9D5E90301401AE860D5E90301F8
:10EF4000884201D2E86800E0286982B2394620464A
:10EF5000FFF7A2FC2FE0D4F8B402006940B194F8A6
:10EF60009C02032804D1D4F8B402016920468847E2
:10EF70002046FFF7E7FC1EE0D4F8940205281AD1DA
:10EF80000020C4F894020021204600F045F912E068
:10EF9000FFE7D4F8B402806950B194F89C020328CA
:10EFA00006D1D4F8B402314682692046904702E087
:10EFB0000220BDE8F0810020FBE770B504460D4655
:10EFC0002946D4F8C002F8F70FFF70BD10B504460B
:10EFD0001D48C0F8E842C4F8C0021C481A4908603D
:10EFE0000820486002211848816000218161C161C8
:10EFF0000162F9F7D0F808B1F6F749FE04F530746C
:10F000001823002211462068F8F7F8FA5823002246
:10F0100080212068F8F7F2FAC023002281212068BD
:10F02000F8F7ECFA4FF48873002201212068F8F712
:10F03000E5FA2068A4F530744FF480730022822131
:10F04000F8F7DCFA002010BD10180020005C00402A
:10F0500010B50246D2F8C03201F08000802809D1F4
:10F0600001F07F0000EB800403F1280000EBC400F6
:10F07000807810BD01F07F0000EB800403F5B470D0
:10F0800000EBC4008078F4E72DE9F04704460F4612
:10F0900015461E464FF00008C1462B4632463946FB
:10F0A000D4F8C002F8F7ABFE80464046FFF75DFE9D
:10F0B00081464846BDE8F0872DE9F04704460D46F5
:10F0C00016461F464FF00008C1463B4632462946C9
:10F0D000D4F8C002F8F7D9FE80464046FFF745FE57
:10F0E00081464846BDE8F08710B50446402300221B
:10F0F00011462046FFF7C8FF01214FF4AC700151C3
:10F1000040214FF4B270015140230022802120465B
:10F11000FFF7BAFF0121A16140216162012084F85B
:10F120009C020020C4F894026060C4F8A402D4F8E1
:10F13000B80228B12179D4F8B40242682046904739
:10F14000002010BD014691F89C02042803D191F8DB
:10F150009D0281F89C020020704710B5044694F887
:10F160009C02032808D1D4F8B402C06920B1D4F8B5
:10F17000B402C16920468847002010BD02461174C0
:10F18000002070472DE9F04104460D460026002777
:10F190002946D4F8C002F9F7EDF806463046FFF7E5
:10F1A000E4FD07463846BDE8F08170B504460D46DB
:10F1B000294604F52A7000F073F80120C4F894027F
:10F1C00040F2AE20005BC4F8980294F8A80200F068
:10F1D0001F0020B1012808D0022812D10BE004F54D
:10F1E0002A71204600F041F913E004F52A71204607
:10F1F00000F0A8FA0DE004F52A71204600F086F927
:10F2000007E094F8A80200F08001204600F004F81E
:10F2100000BF00BF002070BD2DE9F04104460D463F
:10F22000002600272946D4F8C002F8F754FE064607
:10F230003046FFF79AFD07463846BDE8F08170B5C5
:10F24000044600250026D4F8C002F9F7B7F80546B1
:10F250002846FFF78AFD0646304670BD014691F804
:10F260009C0281F89D02042081F89C0200207047D6
:10F270002DE9F04704460D4616461F464FF000089C
:10F28000C1463B4632462946D4F8C002F8F767FE2D
:10F2900080464046FFF769FD81464846BDE8F08755
:10F2A0000A7802704A7842708B78CA7803EB02229F
:10F2B00042800B794A7903EB022282808B79CA79EA
:10F2C00003EB0222C28070470246002011B1C2F84F
:10F2D000B41200E00220704701460020704770B56C
:10F2E00004460D46A88810BBE88800BB68888028C3
:10F2F0001DD2A87800F07F0694F89C02032804D160
:10F3000029462046FFF7E0FA15E084F89E62314670
:10F310002046FFF737FF2046FFF714FB1EB10220FF
:10F3200084F89C0207E0012084F89C0203E029464F
:10F330002046FFF7C9FA70BD70B504460D46022697
:10F34000D4F8B40238B1D4F8B40229460268204691
:10F35000904700B90026304670BD000070B50446E5
:10F360000D46A8783649087008460078012804DD63
:10F3700029462046FFF7A8FA60E094F89C0202288C
:10F3800002D003284FD11CE02D480078A8B12C48AA
:10F3900000786060032084F89C02294801782046A8
:10F3A000FFF7CAFF022804D129462046FFF78CFA4E
:10F3B00070BD2046FFF7C6FA02E02046FFF7C2FA0A
:10F3C0003BE01F48007870B9022084F89C021C487A
:10F3D000007860601A4801782046FFF733FA20462B
:10F3E000FFF7B0FA1EE0164909786068884216D027
:10F3F00021792046FFF726FA11480078606010480E
:10F4000001782046FFF798FF022804D129462046BC
:10F41000FFF75AFACCE72046FFF794FA02E02046BD
:10F42000FFF790FA09E029462046FFF74DFA044815
:10F4300001782046FFF706FA00BF00BF00BFB7E71C
:10F440004401002070B505460C466088012804D1AF
:10F45000C5F8A4022846FFF775FA70BD10B504463A
:10F460002046FFF7ECFE002010BD70B505460C46A7
:10F470000026207800F0600060B1202802D04028EB
:10F480003CD100E000BFD5F8B4022146826828468E
:10F49000904738E060780A2829D2DFE800F0192385
:10F4A000281E280A0528140F21462846FFF703FBCB
:10F4B00022E021462846FFF712FF1DE0214628469C
:10F4C000FFF74CFF18E021462846FFF7C9FA13E082
:10F4D00021462846FFF7F3FB0EE021462846FFF7BA
:10F4E000B1FF09E021462846FFF7B7F904E02146BD
:10F4F0002846FFF7E9F900BF00BF04E0214628468F
:10F50000FFF7E2F900BF00BF304670BD2DE9F041C2
:10F5100005460E464FF000083479307800F0600060
:10F5200060B1202802D0402871D100E000BFD5F89A
:10F53000B402314682682846904700E1307800F0F6
:10F540006000202809D1D5F8B402314682682846E7
:10F55000904780464046BDE8F081707800285ED034
:10F5600001282FD0032876D195F89C02022802D0DA
:10F57000032820D110E054B1802C08D02146284621
:10F58000FFF74AFE80212846FFF746FE03E031469A
:10F590002846FFF799F913E0708840B93CB1802CF8
:10F5A00005D0F08818B921462846FFF735FE2846D1
:10F5B000FFF7C8F904E031462846FFF785F900BF98
:10F5C00000BFB5E095F89C02022802D003281FD1A5
:10F5D00010E054B1802C08D021462846FFF71CFECD
:10F5E00080212846FFF718FE03E031462846FFF742
:10F5F0006BF912E0708848B904F07F0018B1214619
:10F600002846FFF7E1FB2846FFF79CF905E091E06B
:10F6100031462846FFF758F900BF00BF88E095F84B
:10F620009C02022802D0032876D126E034B1802C37
:10F6300004D031462846FFF747F972E004F0800015
:10F64000802809D104F07F0000EB800105F114004F
:10F6500000EB810008E066E004F07F0000EB800131
:10F6600005F5AA7000EB81000746002038600222F1
:10F6700039462846FFF755F953E004F0800080280A
:10F680000ED104F00F0000EB800105F1140000EB37
:10F690008100406898B931462846FFF715F940E0E7
:10F6A00004F00F0000EB800105F5AA7000EB81006B
:10F6B000406820B931462846FFF706F931E004F0EA
:10F6C0008000802808D104F07F0000EB800105F164
:10F6D000140000EB810007E004F07F0000EB8001E4
:10F6E00005F5AA7000EB810007460CB1802C02D111
:10F6F0000020386009E021462846FFF7A9FC10B138
:10F700000120386001E00020386002223946284696
:10F71000FFF707F905E0FFE731462846FFF7D4F881
:10F7200000BF00BF04E031462846FFF7CDF800BF18
:10F7300000BF04E031462846FFF7C6F800BF00BF0F
:10F74000404608E770B505460C460026207800F0D4
:10F75000600030B1202802D040282AD100E000BF4C
:10F7600000BF95F89C02012804D0022803D003288A
:10F7700018D101E000BF00BF207901280DDCD5F8C9
:10F78000B40221468268284690470646E08840B980
:10F790003EB92846FFF7D6F803E021462846FFF792
:10F7A00093F804E021462846FFF78EF800BF00BF1B
:10F7B00004E021462846FFF787F800BF00BF00207D
:10F7C00070BD70470146014870470000FC1A0020D8
:10F7D000F0B5024600260878400032F8100048F6DE
:10F7E0008F1400EA0403C87830B101280CD0022835
:10F7F00005D003280BD104E043F4007309E000BFF7
:10F8000007E043F4C06304E043F4806301E00126B1
:10F8100000BF00BF43F4004040F080000C7864005B
:10F8200022F8140000BF0C78640032F8144048F647
:10F830008F752C400D7844EA050040F4004444F0F4
:10F8400080040D786D0022F8154000BF087B002869
:10F850007ED14878002852D000BF1046B2F85050F0
:10F8600028440D7800F5806707EB0514CD886D10EE
:10F870006D00258000BF00BF0C78640032F81400D2
:10F8800000F040048CB100BF0D786D0032F81550C7
:10F8900048F68F7705EA070444F4004545F0C005B3
:10F8A0000F787F0022F8175000BF00BFC8780128EA
:10F8B00013D000BF0C78640032F8144048F6BF75CE
:10F8C00004EA050080F0200040F4004444F0800485
:10F8D0000D786D0022F815409EE100BF0C786400A1
:10F8E00032F8144048F6BF7504EA050040F40044BD
:10F8F00044F080040D786D0022F815408CE100BFC3
:10F900001046B2F8505028440D78042707EBC5057F
:10F9100000F5806707EB4504CD886D106D002580EC
:10F9200000BF00BF1546B2F8504025440C780627AA
:10F9300007EBC40405F5806707EB4404204600BFCD
:10F940000F6967B9078848F2FF3C07EA0C0700E037
:10F9500057E00780078847F4004707801EE00F69DB
:10F960003E2F0DD800BF0F697C080F7C07F0010700
:10F9700007B1641C4FF6FF7707EA842707800DE084
:10F9800000BF0F697C090F7C07F01F0707B9641ED1
:10F990004FF4004747EA8427078000BF00BF00BF3D
:10F9A00000BF0C78640032F8140000F480448CB17D
:10F9B00000BF0D786D0032F8155048F68F7705EAD4
:10F9C000070444F4004545F481450F787F0022F890
:10F9D000175000BF00BF00BF0C78640032F814401D
:10F9E0004BF68F7504EA050080F4805080F40050D7
:10F9F00040F4004444F080040D786D0022F8154076
:10FA00000AE100BF0C78640032F8144048F68F75A4
:10FA100004EA050040F4004444F4C0740D786D001D
:10FA200022F8154000BF00BF00BF00BF1046B2F86B
:10FA3000505028440D7800F5806707EB05140D89B8
:10FA40006D106D00258000BF00BF00BF00BF1046D5
:10FA5000B2F8505028440D78042707EBC50500F58F
:10FA6000806707EB45044D896D106D00258000BF50
:10FA700000BF00BF487800285DD100BF0C7864004B
:10FA800032F8140000F480448CB100BF0D786D0092
:10FA900032F8155048F68F7705EA070444F400451C
:10FAA00045F481450F787F0022F8175000BF00BF52
:10FAB00000BF0C78640032F8140000F040048CB1F0
:10FAC00000BF0D786D0032F8155048F68F7705EAC3
:10FAD000070444F4004545F0C0050F787F0022F884
:10FAE000175000BF00BF00BF0C78640032F814400C
:10FAF0004BF68F7504EA050080F4805080F40050C6
:10FB000040F4004444F080040D786D0022F8154064
:10FB100000BF00BF0C78640032F8144048F6BF758F
:10FB200004EA050040F4004444F080040D786D00C0
:10FB300022F8154070E000BF0C78640032F8140021
:10FB400000F480448CB100BF0D786D0032F8155080
:10FB500048F68F7705EA070444F4004545F48145EB
:10FB60000F787F0022F8175000BF00BF00BF0C784D
:10FB7000640032F8140000F040048CB100BF0D782E
:10FB80006D0032F8155048F68F7705EA070444F403
:10FB9000004545F0C0050F787F0022F8175000BFE0
:10FBA00000BFC878012813D000BF0C78640032F879
:10FBB000144048F6BF7504EA050080F0200040F4C8
:10FBC000004444F080040D786D0022F8154011E0E7
:10FBD00000BF0C78640032F8144048F6BF7504EAA0
:10FBE000050040F4004444F080040D786D0022F8D4
:10FBF000154000BF00BF0C78640032F814404BF68B
:10FC00008F7504EA050040F4004444F080040D7848
:10FC10006D0022F8154000BF3046F0BD10B5044617
:10FC2000002010BD30B50246087B00285BD1487823
:10FC300060B300BF0B785B0032F8130000F04003A4
:10FC40008BB100BF0C78640032F8144048F68F7511
:10FC500004EA050343F4004444F0C0040D786D0049
:10FC600022F8154000BF00BF00BF0B785B0032F8E0
:10FC7000133048F6BF7403EA040040F4004343F035
:10FC800080030C78640022F8143007E100BF0B7881
:10FC90005B0032F8130000F480438BB100BF0C7896
:10FCA000640032F8144048F68F7504EA050343F403
:10FCB000004444F481440D786D0022F8154000BFE3
:10FCC00000BF00BF0B785B0032F813304BF68F7427
:10FCD00003EA040040F4004343F080030C7864001E
:10FCE00022F81430DAE0487800286BD100BF0B7896
:10FCF0005B0032F8130000F480438BB100BF0C7836
:10FD0000640032F8144048F68F7504EA050343F4A2
:10FD1000004444F481440D786D0022F8154000BF82
:10FD200000BF00BF0B785B0032F8130000F0400307
:10FD30008BB100BF0C78640032F8144048F68F7520
:10FD400004EA050343F4004444F0C0040D786D0058
:10FD500022F8154000BF00BF00BF0B785B0032F8EF
:10FD6000133048F68F7403EA040040F4004343F074
:10FD7000C0030C78640022F8143000BF00BF0B7879
:10FD80005B0032F813304BF68F7403EA040040F442
:10FD9000004343F080030C78640022F8143000BF65
:10FDA00000BF0B785B0032F8133048F6BF7403EAEB
:10FDB000040040F4004343F080030C78640022F810
:10FDC00014306BE000BF0B785B0032F8130000F4D6
:10FDD00080438BB100BF0C78640032F8144048F6C1
:10FDE0008F7504EA050343F4004444F481440D781C
:10FDF0006D0022F8154000BF00BF00BF0B785B000C
:10FE000032F8130000F040038BB100BF0C7864009F
:10FE100032F8144048F68F7504EA050343F40044B1
:10FE200044F0C0040D786D0022F8154000BF00BFFB
:10FE300000BF0B785B0032F8133048F68F7403EA8A
:10FE4000040040F4004343F481430C78640022F83A
:10FE5000143000BF00BF0B785B0032F8133048F657
:10FE6000BF7403EA040040F4004343F080030C78BD
:10FE7000640022F8143000BF00BF0B785B0032F83A
:10FE800013304BF68F7403EA040040F4004343F050
:10FE900080030C78640022F8143000BF002030BDCD
:10FEA00001460020704701460020704710B5044607
:10FEB000012024F8400F00202080A0802082403CB8
:10FEC00010BD01464FF43F42B1F840009043A1F805
:10FED00040000020704702460020704730B50246BF
:10FEE000087B002865D1487888B300BF0B785B0099
:10FEF00032F8130000F040038BB100BF0C786400AF
:10FF000032F8144048F68F7504EA050343F40044C0
:10FF100044F0C0040D786D0022F8154000BF00BF0A
:10FF2000C878012845D000BF0B785B0032F8133049
:10FF300048F6BF7403EA040080F0200040F4004358
:10FF400043F080030C78640022F8143031E0FFE7BE
:10FF500000BF0B785B0032F8130000F480438BB1D4
:10FF600000BF0C78640032F8144048F68F7504EA3C
:10FF7000050343F4004444F481440D786D0022F8F5
:10FF8000154000BF00BF00BF0B785B0032F8133094
:10FF90004BF68F7403EA040080F4805080F4005024
:10FFA00040F4004343F080030C78640022F81430DE
:10FFB00000BF002030BD10B50246487898B100BFA0
:10FFC0000B785B0032F8133048F6BF7403EA040084
:10FFD00080F0100040F4004343F080030C7864008C
:10FFE00022F8143013E000BF0B785B0032F81330B6
:10FFF0004BF68F7403EA040080F4805040F4004311
:020000040801F1
:1000000043F080030C78640022F8143000BF002015
:1000100010BD2DE9F04706460C466078012876D1E0
:100020002169A069884201D9256900E0A569207B82
:10003000A0B9ABB2E2883046616900F0F4FD00BFC0
:100040003046B6F8502010442278022303EBC20257
:1000500000F5806303EB42010D8081E3E078022824
:100060007DD12169206A88427AD900BF2178490070
:1000700036F8111048F68F7201EA020040F4004190
:1000800041F4C0712278520026F8121000BF206A95
:10009000401B20622078400036F8100000F040003D
:1000A00000287DD000BF3346607888BB00BF324651
:1000B000B6F850100A4421784FF0060909EBC10147
:1000C00002F5806909EB4101084600BF75B9B0F837
:1000D000009048F2FF3A09EA0A09A0F80090B0F847
:1000E000009049F40049A0F8009021E03E2D10D87E
:1000F00000BF690805F00109B9F1000F00D0491CE3
:100100004FF6FF7909EA8129A0F8009010E03DE35D
:1001100010E000BF690905F01F09B9F1000F00D117
:10012000491E4FF4004949EA8129A0F8009000BF18
:1001300000BF0FE0607801280CD1B6F850000344EE
:100140002078062101EBC00003F5806101EB400C33
:10015000ACF8005000BF6789ABB23A4601E057E106
:100160002CE13046616900F05EFD60692844606101
:100170002169206A884203D9206A401B206202E07C
:10018000256A0020206200BF6078C0BB00BF3246F5
:10019000B6F850100A442178022303EBC10100E0B5
:1001A00049E002F5806303EB4101084600BF55B901
:1001B000038848F2FF3C03EA0C030380038843F4FE
:1001C0000043038019E03E2D0BD800BF690805F0FD
:1001D000010303B1491C4FF6FF7303EA8123038037
:1001E0000BE000BF690905F01F0303B9491E4FF476
:1001F000004343EA8123038000BF00BF12E0FFE712
:10020000607801280ED100BF3046B6F85020104467
:100210002278022303EBC20200F5806303EB420164
:100220000D8000BF00BF2789ABB23A4630466169F6
:1002300000F0F9FC94E200BF6078B0BB00BF32462A
:10024000B6F850100A442178022303EBC10102F5ED
:10025000806303EB4101084600BF55B9038848F2AB
:10026000FF3C03EA0C030380038843F4004303804C
:1002700019E03E2D0BD800BF690805F0010303B15A
:10028000491C4FF6FF7303EA812303800BE000BF94
:10029000690905F01F0303B9491E4FF4004343EAFF
:1002A0008123038000BF00BF12E0FFE760780128D0
:1002B0000ED100BF3046B6F85020104422780223F9
:1002C00003EBC20200F5806303EB42010D8000BF27
:1002D00000BF2789ABB23A463046616900F0A3FC03
:1002E0006069284460612169206A884203D9206AD4
:1002F000401B206202E0256A0020206200BF3346D6
:10030000607880BB00BF3246B6F850100A442178AE
:100310004FF0060909EBC10102F5806909EB4101C3
:10032000084600BF75B9B0F8009048F2FF3A09EAF4
:100330000A09A0F80090B0F8009049F40049A0F82C
:10034000009020E03E2D0FD800BF690805F001099C
:10035000B9F1000F00D0491C4FF6FF7909EA812955
:10036000A0F800900FE010E000BF690905F01F0938
:10037000B9F1000F00D1491E4FF4004949EA812923
:10038000A0F8009000BF00BF0FE0607801280CD1FA
:10039000B6F8500003442078062101EBC00003F5B5
:1003A000806101EB400CACF8005000BF6789ABB234
:1003B0003A463046616900F036FCD1E1256A00BF5B
:1003C0002178490036F8111048F68F6201EA0200E0
:1003D00040F4004141F080012278520026F81210CA
:1003E00000BF00BF3046B6F85020104422780223E8
:1003F00003EBC20200F5806303EB42010D8000BFF6
:100400002789ABB23A463046616900F00CFCA7E19F
:1004100000BF2178490036F8111048F68F7201EAC2
:10042000020040F4004141F4C0712278520026F8E5
:10043000121000BF206A401B20622078400036F86E
:10044000100000F0400000287DD000BF33466078E7
:1004500080BB00BF3246B6F850100A4421784FF0F6
:10046000060909EBC10102F5806909EB4101084663
:1004700000BF75B9B0F8009048F2FF3A09EA0A09DE
:10048000A0F80090B0F8009049F40049A0F800905E
:1004900020E03E2D0FD800BF690805F00109B9F131
:1004A000000F00D0491C4FF6FF7909EA8129A0F816
:1004B00000900FE010E000BF690905F01F09B9F1D5
:1004C000000F00D1491E4FF4004949EA8129A0F8E4
:1004D000009000BF00BF0FE0607801280CD1B6F893
:1004E000500003442078062101EBC00003F5806131
:1004F00001EB400CACF8005000BF6789ABB23A4644
:100500003046616900F08FFB6069284460612169B1
:10051000206A884203D9206A401B206202E0256AD3
:1005200000202062002D56D000BF6078C0BB00BF05
:100530003246B6F850100A442178022303EBC10179
:1005400002F5806300E047E003EB4101084600BF8D
:1005500055B9038848F2FF3C03EA0C030380038883
:1005600043F40043038019E03E2D0BD800BF690817
:1005700005F0010303B1491C4FF6FF7303EA812321
:1005800003800BE000BF690905F01F0303B9491E92
:100590004FF4004343EA8123038000BF00BF12E011
:1005A000FFE7607801280ED100BF3046B6F8502032
:1005B00010442278022303EBC20200F5806303EBB0
:1005C00042010D8000BF00BF2789ABB23A463046DA
:1005D000616900F028FBC3E000BF6078B0BB00BFDA
:1005E0003246B6F850100A442178022303EBC101C9
:1005F00002F5806303EB4101084600BF55B903884B
:1006000048F2FF3C03EA0C030380038843F40043F1
:10061000038019E03E2D0BD800BF690805F00103E7
:1006200003B1491C4FF6FF7303EA812303800BE0FB
:1006300000BF690905F01F0303B9491E4FF40043C9
:1006400043EA8123038000BF00BF12E0FFE7607828
:1006500001280ED100BF3046B6F850201044227851
:10066000022303EBC20200F5806303EB42010D801D
:1006700000BF00BF2789ABB23A463046616900F03F
:10068000D2FA6069284460612169206A884203D9EE
:10069000206A401B206202E0256A00202062A5B388
:1006A00000BF3346607888BB00BF3246B6F85010B2
:1006B0000A4421784FF0060909EBC10102F580696F
:1006C00009EB4101084600BF75B9B0F8009048F247
:1006D000FF3A09EA0A09A0F80090B0F8009049F43E
:1006E0000049A0F8009021E03E2D10D800BF690815
:1006F00005F00109B9F1000F00D0491C4FF6FF7950
:1007000009EA8129A0F8009010E029E010E000BF7C
:10071000690905F01F09B9F1000F00D1491E4FF416
:10072000004949EA8129A0F8009000BF00BF0FE00E
:10073000607801280CD1B6F85000034420780621D7
:1007400001EBC00003F5806101EB400CACF80050F8
:1007500000BF6789ABB23A463046616900F063FA80
:1007600000BF2178490036F8111048F6BF7201EA3F
:10077000020080F0100080F0200040F4004141F0C1
:1007800080012278520026F8121005E2207BA0BBDF
:100790002169A069884204D92569A069401BA0612C
:1007A00002E0A5690020A06100BF3246B6F85010F3
:1007B0000A442178062303EBC10102F5806303EBB1
:1007C0004101084600BF55B9038848F2FF3C03EADF
:1007D0000C030380038843F4004303801AE03E2D9A
:1007E0000CD800BF690805F0010303B1491C4FF69E
:1007F000FF7303EA812303800CE00DE000BF690969
:1008000005F01F0303B9491E4FF4004343EA812357
:10081000038000BF00BFA9E1E07802287DD100BFBE
:1008200000BF6078E0BB00BF3246B6F850100A4403
:100830002178022303EBC10102F5806303EB410140
:10084000084600BF236953B9038848F2FF3C03EA16
:100850000C030380038843F4004303801EE02369F4
:100860003E2B0DD800BF23695908237C03F00103F8
:1008700003B1491C4FF6FF7303EA812303800DE0A7
:1008800000BF23695909237C03F01F0303B9491EE4
:100890004FF4004343EA8123038000BF00BF13E00D
:1008A000FFE7607801280FD100BF3046B6F850202E
:1008B00010442278022303EBC20200F5806303EBAD
:1008C0004201228A0A8000BF00BF00BF3346607821
:1008D000E8BB00BF3246B6F850100A4421784FF00A
:1008E000060909EBC10102F5806909EB41010846DF
:1008F00000BFD4F81090B9F1000F0FD1B0F80090FC
:1009000048F2FF3A09EA0A09A0F80090B0F800900E
:1009100049F40049A0F800902EE06BE0D4F8109064
:10092000B9F13E0F14D800BFD4F810904FEA590126
:1009300094F8109009F00109B9F1000F00D0491C9A
:100940004FF6FF7909EA8129A0F8009014E015E03C
:1009500000BFD4F810904FEA591194F8109009F0A4
:100960001F09B9F1000F00D1491E4FF4004949EAAF
:100970008129A0F8009000BF00BF10E06078012836
:100980000DD1B6F8500003442078062101EBC000D9
:1009900003F5806101EB400C208AACF8000000BF39
:1009A00000BFE069002824D02078400036F810808D
:1009B00008F4804010B108F0400038B908F48040D5
:1009C000002816D108F04000002812D100BF00BF57
:1009D0002178490036F8111048F68F7201EA0200BA
:1009E00040F4004141F0C0012278520026F8121074
:1009F00000BFBBE0E07801287CD12169A069884272
:100A000004D92569A069401BA06102E0A569002006
:100A1000A06100BF00BF6078B0BB00BF3246B6F82F
:100A200050100A442178022303EBC10102F58063D0
:100A300003EB4101084600BF55B9038848F2FF3C6B
:100A400003EA0C030380038843F40043038019E0A6
:100A50003E2D0BD800BF690805F0010303B1491C06
:100A60004FF6FF7303EA812303800BE000BF69099F
:100A700005F01F0303B9491E4FF4004343EA8123E5
:100A8000038000BF00BF12E0FFE7607801280ED1AD
:100A900000BF3046B6F8502010442278022303EB02
:100AA000C20200F5806303EB42010D8000BF00BF6E
:100AB00000BF3346607890BB00BF3246B6F8501096
:100AC0000A4421784FF0060909EBC10102F580695B
:100AD00009EB4101084600BF85B9B0F8009048F223
:100AE000FF3A09EA0A09A0F80090B0F8009049F42A
:100AF000004900E037E0A0F8009020E03E2D0FD83C
:100B000000BF690805F00109B9F1000F00D0491CC8
:100B10004FF6FF7909EA8129A0F800900FE010E074
:100B200000BF690905F01F09B9F1000F00D1491E86
:100B30004FF4004949EA8129A0F8009000BF00BFA6
:100B40000FE0607801280CD1B6F8500003442078FB
:100B5000062101EBC00003F5806101EB400CACF80D
:100B6000005000BF02E00120BDE8F08700BF2178FF
:100B7000490036F811104BF68F7201EA020080F43A
:100B8000805080F4005040F4004141F08001227810
:100B9000520026F8121000BF0020E5E701460020B1
:100BA000A1F844004FF43F42A1F8402070470000F4
:100BB00010B50248F7F7FEF910BD0000101800202C
:100BC0000146B1F8440070472DE9F04304460E4653
:100BD00015464FEA530CA046304608F5806909EBEC
:100BE000450267460AE01188921C0170401C4FEADA
:100BF000112980F80090401C921C7F1E002FF2D11A
:100C000003F00109B9F1000F01D011880170BDE8AE
:100C1000F083024600207047024611B98020A2F8F6
:100C20004C00002070472DE9F04704460D461E4653
:100C300006F1010A4FEA5A08A146284609F5806ADA
:100C40000AEB420347460BE090F800C0401C90F8C6
:100C500000A04CEA0A2119809B1C9B1C401C7F1E93
:100C6000002FF1D1BDE8F08700BFFEE70FB4054BC0
:100C700010B503A9044A029800F048F810BC5DF8CA
:100C800014FB000059110108780200200FB4084B32
:100C900010B504A902AA039800F038F8044602A986
:100CA000002000F049F9204610BC5DF814FB00005C
:100CB000390F010802480068C0F3022070470000A5
:100CC0000CED00E010B5002804DB0A07130E054AFE
:100CD000135406E00A07140E034A00F00F031B1F0B
:100CE000D45410BD00E400E018ED00E002E008C8B4
:100CF000121F08C1002AFAD170477047002001E096
:100D000001C1121F002AFBD1704700002DE9FF4FDF
:100D10008BB09A460F460446002606E025280BD0E5
:100D200052460D999047641C761C20780028F5D116
:100D30000FB03046BDE8F08F0025A94601227D495D
:100D400000E0054314F8013F203B02FA03F008429B
:100D5000F7D120782E2817D114F8010F45F004059B
:100D60002A280ED06FF02F022078A0F13001092937
:100D70000AD809EB890102EB410100EB0109641C6F
:100D8000F2E757F8049B641C20786C280DD004DC33
:100D90004C2812D06A2811D104E074280DD07A288A
:100DA0000CD10AE045F4001507E0617845F48015A0
:100DB000814202D1641C05F58015641C20786928E5
:100DC0003ED006DC0028B3D063280BD0642804D1C1
:100DD00036E0732810D075285CD052460D999047A4
:100DE000761CA5E017F8040B8DF8000000208DF8A4
:100DF0000100E846012003E057F8048B4FF0FF3074
:100E000069074FF0000501D40AE06D1C4D450DDA6D
:100E10008542FADB18F805100029F6D106E06D1CB2
:100E20008542FCDB18F805100029F8D12E4404E0B7
:100E300018F8010B52460D9990476D1EF8D277E0D5
:100E400000200A90C5F302504FF00A0B02280CD084
:100E500001CFC117021E71F100020CDA0023D0EBA2
:100E6000030063EB01012D2208E0FF1D27F00707B7
:100E7000F7E80201EEE72A0504D52B228DF824209D
:100E8000012203E0EA070FD02022F7E70DF1200846
:100E9000089218E000200A90C5F302504FF00A0BA8
:100EA000022803D001CF00210022EFE7FF1D27F029
:100EB0000707F7E80201F7E75A460A9BF4F76DFDCA
:100EC000303208F8012D50EA0102F5D1ADEB0800EF
:100ED00000F1200B680701D44FF00109D94502DD6C
:100EE000A9EB0B0000E000208146002506E009A8E0
:100EF0005246405D0D9990476D1C761C08988542BE
:100F0000F5DB04E0302052460D999047761CB9F18C
:100F10000001A9F10109F5DC05E018F8010B5246C2
:100F20000D999047761CBBF10001ABF1010BF4DC8D
:100F3000641CFAE6092801000A68531C0B60107053
:100F40007047000010B50120F5F730FC0AA001F051
:100F50006FF90020154908600120154908701549EE
:100F60000870154908700020144908704FF4167174
:100F70001348F4F700FD10BD7B2252656365697666
:100F800065223A7B22537461747573223A32367D3E
:100F90002C2243223A7B2254797065223A22436103
:100FA0006E73656C227D7D0A000000001800002031
:100FB0004C0000204F000020510000204D00002078
:100FC000DC040020014601F0030090B96420B1FB6D
:100FD000F0F200FB121050B94FF4C870B1FBF0F200
:100FE00000FB121008B9012070470020FCE7012027
:100FF000FAE70020F8E7000010B586B00446F5F7E0
:10100000A3FC012004900F480390002001900120D0
:10101000029005A901A8F5F7DDFB78B9F5F732FCD8
:101020000598401C10B1002006B010BD24B9FF2265
:1010300010210548F4F798FC0120F5E7F5F722FCAC
:101040000020F1E740540008401D002000B50022B8
:101050001021104600F002F800BD000030B5034634
:101060005818402801D9002030BD18460FE02AB199
:10107000094C044494F840441470521C102805D2C2
:10108000054C044494F84044044D2C54401CCC18A6
:101090008442ECD80120E7E700500008401D002002
:1010A0002DE9F04706468946154606EB090040281B
:1010B00002D90020BDE8F0870DB90020FAE7F5F766
:1010C00043FC002413E02A5D601C285C42EA0020F7
:1010D000C3170746A019094A81183A460120F5F7B7
:1010E000DBFB18B1F5F7CEFB0020E3E7A41C4C4571
:1010F000E9D3F5F7C7FB0120DCE700004054000806
:1011000010B506A001F094F80020114908704FF4C2
:1011100016711048F4F72FFC10BD00007B225265B9
:101120006365697665223A7B225374617475732214
:101130003A32367D2C2243223A7B22547970652242
:101140003A22457465626172227D7D0A00000000CA
:101150004C000020DC04002013B50C460121684639
:10116000F4F74EFD0120F5F721FB00981CBD0000AF
:1011700010B5002821D0114B0022001F196803E090
:10118000814203D80A4649680029F9D152B113684F
:10119000841A9C4204D1006818441060104602E092
:1011A000506000E0186039B102680B1A934203D115
:1011B0000B681A4402604968416010BD7C0200203F
:1011C00000B585B00120F5F7F1FA0022154916485F
:1011D000F7F72CFE002215491348F7F7C9FD13480D
:1011E000007812498978114A5278104BDB78CDE9A2
:1011F0000132CDE903100B4880780090094843780C
:1012000002780BA11948FFF741FD184801F010F8CA
:101210000120F5F7CBFA4FF416711548F4F7ABFB44
:1012200005B000BDB4000020FC090020B70000207C
:101230007B2254223A7B2248223A25642C224D22DA
:101240003A25642C2253223A25642C2259223A252D
:10125000642C226D223A25642C2244223A25642CE7
:101260002257223A25647D7D0A00000034070020C1
:10127000DC04002038B504460D460A202B462246E1
:10128000482100900248F5F70DFE0249087038BD6C
:10129000A80900207C00002038B504460D460A202D
:1012A0002B462246482100900248F5F7A7FF024945
:1012B000087038BDA80900207C00002070B50446E5
:1012C0000D46002617E0012251020C48F5F7F6FC06
:1012D0002846F5F76BFA00224FF400710748F5F73E
:1012E000EDFC2846F5F762FA012251020348F5F7B2
:1012F000E5FC701CC6B2A642E5DB70BD00080140EB
:1013000088B0F6F7B5F8FCF73BFEF9F7E3FAF9F722
:101310008FFBF9F7A5FBF9F7C5FBF9F755FBF9F7D3
:10132000F7FBF9F70DFCF9F76FFBF848F8F7E4F86D
:10133000F7480068C06840F02000F5490968C860B7
:101340000A20F5F733FAF3480068C06840F020003F
:10135000F0490968C8600020EF490860FAF75EFFAD
:10136000F9F7AEFAFFF772FE1E210720FFF7A6FF7E
:101370004FF47A70F5F71AFAF9F7FEFB4FF47A702A
:10138000F5F714FA00224FF40041E448F5F796FC13
:1013900040F2E970F5F70AFA0122D103DF48F5F7C8
:1013A0008DFC0120DE4908704AF6AA20DD49096853
:1013B00008608FE3DC48007858B1FAF72FFF4AF64F
:1013C000AA20D84909680860F9F7FEFA0120F5F764
:1013D000EDF94AF6AA20D34909680860F9F770FACE
:1013E000D248008800286FD00120F5F7DFF9D048F7
:1013F00000785A2869D018DC2A2867D00CDC03282A
:101400007BD004DC012868D002286DD16FE007286A
:101410006BD02328F9D199E0452867D0462875D0AC
:101420004E2874D05628F0D118E0722822D00CDC57
:1014300067287DD004DC63286BD06628E5D1AFE057
:101440006E2867D07028E0D165E073286FD07528CA
:101450000AD0802832D08128D7D138E001F016F99F
:101460000120B4490870C2E001F0A2FA0120B1499C
:101470000870BCE0B0A000F0DBFE0A20F5F796F99A
:1014800000BF00BF00BF00BF00BFBFF34F8F00BF52
:1014900000BF00BFAF48006800F4E060AE490843F9
:1014A000001DAC49086000BF00BF00BFBFF34F8FF5
:1014B00000BF00BF00BF00BF00BFFDE701F0C0F9E3
:1014C00001209C49087092E0A1E045E038E0FFF778
:1014D00077FE01209749087089E001F049FA012060
:1014E0009449087083E008E072E03BE019E001F005
:1014F0001DFA01208F49087079E001229749984828
:10150000FAF78EFC01208B49087070E058E04FE03C
:101510000EE031E03CE0FAF7F7FE01208549087063
:1015200065E0FFF7EDFD0120824908705FE029E0EA
:101530007F494878FBF734FF01207E49087056E068
:101540000120884908707B49087050E001208649D5
:101550000870784908704AE001F078FA012075496E
:10156000087044E072484178804A012000F044FC51
:101570000120704908703AE0FFF7E4FC01206D4952
:10158000087034E001F006F901206A4908702EE085
:1015900031216E2000F06CFB01206649087026E0C6
:1015A0003121662000F064FB0120624908701EE0D2
:1015B00032216E2000F05CFB01205E49087016E0CD
:1015C0003221662000F054FB01205A4908700EE0D9
:1015D00067A000F02DFE13206C49087000205549CB
:1015E0000870F4F7A3FA00206949086000BF00BF43
:1015F00013206649087000204E490870644908604D
:101600004A490880634908800120F5F7CFF855481A
:10161000007808B1FBF7D2FC5348007808B1FBF71B
:10162000D1FA3D48006880B14FF49670F5F7BEF8E6
:1016300039480168584800F017FE00203649086014
:101640004FF416715448F4F796F95448008841F263
:101650008831884207DD0020504908804FF400712E
:101660002E48F5F721FB4148007888B93F4840787B
:1016700070B93E48807858B93C48C07840B90020DD
:1016800004E00021464A1154411CC8B20428F8DB8A
:101690003648F8F7D7FE20B13448F8F7D3FE00B14A
:1016A00018E2324800783E490978884212D12F4822
:1016B00040783B49497888420CD12C488078384999
:1016C0008978884206D12948C0783549C978884246
:1016D00000D1FFE110210020F8F7BAFD70B12348D6
:1016E000F8F7B0FE20B12148F8F7ACFE00B1F1E107
:1016F00010210020F8F7ACFD00B1EBE129490120F1
:10170000F8F738FE002879D100BF53E0680A0020BE
:10171000F40A0020B00A0020140000200008014054
:10172000020000209C0900207C0000200400002012
:10173000DC040020510000207B225265636976653D
:10174000223A7B22537461747573223A37307D7D5F
:101750000A0000000CED00E00000FA057D0000200A
:10176000840900205000002056000020580000206E
:101770007B2252656365697665223A7B22537461E8
:10178000747573223A31397D7D0A00000B00002008
:101790000C000020060000208402002054000020DD
:1017A0005D00002020090020CB49095CCB4A115480
:1017B000411CC8B20428F7DB002005E0C849095CD9
:1017C000C84A1154411CC8B21028F7DBC920C649C9
:1017D0000870002008E0C349095CC34A12785140F0
:1017E000C14A1170411CC8B20F28F4DBBD48C07B50
:1017F000BD49097888427DD1002026E069E1014693
:10180000C41700EB9474A410A0EB8404B24D2D5DBA
:101810000246C41700EB9474A410641C95FBF4F406
:10182000B24D2C5D0346C51700EB9575AD10A0EBCE
:101830008505C5F10305A84E755D6C40A94D2D5C6D
:101840006C40A84D2C54411CC8B20F28D7DBE220B5
:10185000A5490870002008E0A249095CA24A127854
:101860005140A14A1170411CC8B20E28F4DB9D48BA
:10187000807B9D49097888420FD0002005E0984977
:10188000095C984A1154411CC8B21028F7DB9548EE
:10189000C07B401C944908707BE092484078944992
:1018A000086008460068000208608E4800780968F1
:1018B00008448F4908608B4840798E490860084683
:1018C000006800020860874800790968084489496F
:1018D000086008460068000208608248C07809680D
:1018E00008448449086008460068000208607D4892
:1018F000807800E008E0096808447E49086079487B
:10190000C07B7949087044E07648C07B7649097805
:1019100088423ED072480078754908607048407827
:10192000096801EB0020724908606D4880787149B0
:1019300008606B48C078096801EB00206D490860B9
:1019400067480079096801EB00406A49086064480B
:101950004079096801EB00606649086064480068E6
:1019600000F40040B0F5004F13D161480068C0F3A7
:101970000E005F4908600846006846F62921484085
:101980005B4908605B4800684BF2A6214840594912
:10199000086059480078002873D05848F4F730FAA6
:1019A00068B9564800680090514803685148026879
:1019B00053A14B48FFF76AF9494800F039FC5A48EF
:1019C0000078D8B94D48F4F71BFA88B96421444827
:1019D000F3F7D1FF4948006800904548036845483F
:1019E000026847A13E48FFF751F93D4800F020FC4E
:1019F0004D48007880F001004B4908704B48007852
:101A0000F0BB00204A4908603C48F4F7F9F9B8BB3C
:101A100048484949494A4A4BCDE90432CDE90610C4
:101A2000364A4848006848490968414B1B68CDE977
:101A30000031CDE9020210462D4A2E4903680220EA
:101A4000F9F7E4F8414908700846007809281ED1E2
:101A500038483949394A3A4BCDE90432CDE90610C4
:101A6000264A3848006838490968314B1B68CDE977
:101A70000031CDE9020210461D4A1E49036801E00B
:101A80001DE020E00220F9F7C1F8304908701B483A
:101A9000F4F7B6F998B9194803682C4802782CA1D4
:101AA0000F48FFF7F3F80E4800F0C2FB1F4800781C
:101AB00080F001001D49087000202E490860642054
:101AC000F4F774FE03E032210A20FFF7F7FBF8F782
:101AD000F7FE00BF6EE40000580000205D0000200B
:101AE000200900200009002057000020242B0108B5
:101AF0006800002064000020010000203000002069
:101B00007B2243223A7B224944223A25642C2255E7
:101B100043223A25642C22457465626172223A257B
:101B2000757D7D0A000000004C0000204F00002061
:101B3000240000203D0000203C0000202000002068
:101B4000380000202C000020280000200B0000207E
:101B50007B2243223A7B22537461747573223A25A7
:101B6000752C22457465626172223A25757D7D0A65
:101B700000000000700000202DE9F04104460D46F1
:101B800000210026012200202346092111E0012224
:101B9000002604E002EB82077A00771CBEB28E4278
:101BA000F8DBB3FBF2F717B14F1CB9B203E04F1EDD
:101BB000B9B20029EBD100BFC8B2002112E0B3FBDB
:101BC000F2F7303707F0FF080F4601F1010C1FFA5A
:101BD0008CF105F80780B3FBF2F702FB17330A27F5
:101BE000B2FBF7F28142EADBBDE8F081F0B50B30E1
:101BF000154D20F007010024144A0FE003688B42C2
:101C00000BD38B4205D95E1A43184768C3E90067B6
:101C100000E04368136002C004E0021D1068002861
:101C2000ECD12046002802D1286808B10020F0BD80
:101C3000064A07481060074A121A22F00702C0E954
:101C4000002401202860D7E7800200207C020020C9
:101C5000D4210020D027002010B5044601231A46C5
:101C600021460248F8F713F810BD0000F40A0020DE
:101C700070B504460D46312D2AD16E2C12D10122A9
:101C800011022A48F5F71AF80120F4F78FFD28A071
:101C900000F0CEFA0120324908704FF41671314835
:101CA000F3F769FE662C13D100224FF480711F48B0
:101CB000F5F704F80120F4F779FD2BA000F0B8FA4D
:101CC0000120274908704FF416712648F3F753FE98
:101CD000322D2AD16E2C12D1012291021348F4F731
:101CE000EDFF0120F4F762FD2BA000F0A1FA012026
:101CF0001B4908704FF416711A48F3F73CFE662C26
:101D000013D100224FF480610848F4F7D7FF012077
:101D1000F4F74CFD2CA000F08BFA0120104908705C
:101D20004FF416710F48F3F726FE70BD000801400E
:101D30007B2252656365697665223A7B2253746122
:101D4000747573223A32367D2C225231223A7B222C
:101D5000537461747573223A32337D7D0A0000003A
:101D600051000020DC0400207B2252656365697607
:101D700065223A7B22537461747573223A32367D40
:101D80002C225231223A7B22537461747573223AA9
:101D900032347D7D0A0000007B22526563656976DE
:101DA00065223A7B22537461747573223A32367D10
:101DB0002C225232223A7B22537461747573223A78
:101DC00032337D7D0A0000007B22526563656976AF
:101DD00065223A7B22537461747573223A32367DE0
:101DE0002C225232223A7B22537461747573223A48
:101DF00032347D7D0A0000002DE9F04F8BB006469D
:101E00000F4690464FF0050B37200A901620099098
:101E10004FF0010900208246002E6ED10022C549F4
:101E2000C548F7F703F80022C449C348F6F7A0FFF6
:101E3000F4F74AFF0546C1E0F4F746FF401BB0F552
:101E4000FA6F06D9BEA000F0F3F9FF200BB0BDE891
:101E5000F08F4AF6AA20BF49096808604046F8F7A3
:101E6000F1FA20B14046F8F7EDFA00B1A6E0584685
:101E70000A99F8F7EDF9002872D101A90998F8F745
:101E800079FA00286DD1002400BF04E001A9095CA3
:101E90004C40411CC8B20F28F8DB9DF81300A0424B
:101EA00076D19DF809009DF80B10884201DDFF20D6
:101EB000CCE79DF80900172813DC9DF80B001728C4
:101EC0000FDC9DF805000C280BDC9DF808001F288E
:101ED00007DC9DF80A003B2803DC9DF80C003B283A
:101EE00001DDFF20B2E79DF81200002803DB9DF81A
:101EF0001200092802DDFF20A8E764E09DF8120027
:101F000010B99DF81200A1E79DF804008B49C9782B
:101F1000884201DAFE2099E79DF804008749C978D4
:101F2000884215D19DF8050084494978884201DA34
:101F3000FE208BE7814840789DF80510884207D144
:101F40009DF808007D498978884201DAFE207DE706
:101F5000784800789DF80910884203DAFE2075E77A
:101F60002BE029E0734800789DF80910884207D1DA
:101F7000704840789DF80A10884201DAFE2065E733
:101F80006C4800789DF80B10884202DDFE205DE76A
:101F900010E0684800789DF80B10884207D165482A
:101FA00040789DF80C10884201DDFE204EE79DF838
:101FB00012004BE7FF2049E700E000BFB9F1000F36
:101FC0007FF43AAFB4E0012EFCD1002005E0624975
:101FD000095C81EA0A0A411CC8B20928F7DB5E489D
:101FE000407A504504D05DA000F022F901202DE791
:101FF000594840795849C979884204DD5EA000F00B
:1020000017F9012022E754484079172813DC524879
:10201000C07917280FDC5048C0780C280BDC4E48DC
:1020200000791F2807DC4C4880793B2803DC4A48AC
:10203000007A3B2804DD55A000F0FAF8012005E7FE
:1020400057A000F0F5F8F4F73FFE05466DE04AF6BC
:10205000AA20404909680860F4F736FE401B41F2A7
:102060008831884204D936A000F0E2F8FF20EDE67E
:102070004046F8F7E7F920B14046F8F7E3F900B138
:1020800053E00024344880788DF804003248C0784A
:102090008DF80500304800798DF808002E48407909
:1020A0008DF809002C4880798DF80A002A48C079FB
:1020B0008DF80B002848007A8DF80C0000208DF870
:1020C0000D008DF80D008DF80E008DF80F008DF8C5
:1020D00010008DF81100F8B28DF8120000208DF874
:1020E0000E0000BF04E001A9095C4C40411CC8B2CD
:1020F0000F28F8DB8DF8134058460A99F8F7A8F82E
:1021000070B901A90998F8F7C3F920B932A000F015
:102110008FF800209AE63BA000F08AF8FF2095E6B1
:1021200038A000F085F8FF2090E6B9F1000F8ED1BD
:1021300000BF8BE6B4000020FC090020B70000209F
:102140007B2243223A7B22537461747573223A31A5
:102150007D7D0A009C090020DC0400207B22526562
:102160006365697665223A7B2253746174757322C4
:102170003A31397D7D0A00007B2243223A7B22538B
:102180007461747573223A327D7D0A007B2243228A
:102190003A7B22537461747573223A337D7D0A0051
:1021A0007B2252656365697665223A7B22537461AE
:1021B000747573223A32367D2C2243223A7B2254A4
:1021C000797065223A224368616E676547726F7560
:1021D00070227D7D0A0000007B2243223A7B22543C
:1021E000797065223A224368616E676547726F7540
:1021F00070222C22537461747573223A307D7D0AEB
:10220000000000007B2243223A7B22547970652231
:102210003A224368616E676547726F7570222C229F
:10222000537461747573223A31397D7D0A00000060
:1022300070B504462046F3F7A9FBC5B229462046EF
:10224000F3F7DEFC00224FF400710648F4F736FD88
:102250000120F4F7ABFA012251020248F4F72EFDF7
:1022600070BD0000000801402DE9F04FA1B0044608
:102270008846002700250026F748007848B94146DF
:102280002046F3F7BDFC0A20F4F790FA21B0BDE830
:10229000F08FF148007803287ED12079092825D1D4
:1022A0006079622822D1A07945281FD1E079702871
:1022B0001CD1207C312819D1607C322816D1A07C19
:1022C000342813D1E07C352810D1E07D1C280DD1B5
:1022D000207D303864214843617D303901EB810134
:1022E00000EB4101A07D30380F1803E0DBA0FFF7C1
:1022F0009FFFCBE7002F66D10026002507E0605D39
:102300001C2803D1761C042E00D102E06D1C45452B
:10231000F5D900BFA81C205C3038691C615C3039DD
:1023200001EB810100EB410000F0FF09281D205C5A
:102330003038E91C615C303901EB810100EB410070
:1023400000F0FF0AA81D205C3038691D615C30393F
:1023500001EB810100EB410000F0FF0B05F10800EB
:10236000205C3038E91D615C303901EB810100EB04
:102370004100C0B2209005F10A00205C303805F120
:102380000901615C303901EB810100EB4100C0B211
:102390001F9005F10B0000E0A9E0205C1C2804D090
:1023A000002083468246814620901F9801A9A1E81B
:1023B000010E20980090B0483A46B049036806A83C
:1023C000FEF764FC8CE0372F0DD1002001900290C5
:1023D000039004900090A8483A46A849036806A8CC
:1023E000FEF754FC7CE04E2F0DD1002001900290AE
:1023F000039004900090A0483A46A049036806A8BC
:10240000FEF744FC6CE0802F0DD10020019002907B
:10241000039004900090984803229849036806A806
:10242000FEF734FC5CE04B2F0DD1002001900290B0
:1024300003900490009090483A469049036806A89B
:10244000FEF724FC4CE03D2F0DD1002001900290BE
:1024500003900490009088483A468849036806A88B
:10246000FEF714FC3CE0332F0DD1002001900290C8
:1024700003900490009080483A468049036806A87B
:10248000FEF704FC2CE0132F0DD1002001900290E8
:1024900003900490009078483A467849036806A86B
:1024A000FEF7F4FB1CE07F2F0DD10020019002907D
:1024B000039004900090704801227049036806A8B8
:1024C000FEF7E4FB0CE000200190029003900490E2
:1024D000009069483A466949036806A8FEF7D6FBAA
:1024E00006A8FFF7A5FE0120F4F760F9CEE65A48EA
:1024F000007804287DD1A07972287BD100250CE0DA
:10250000605D882808D1681C205C022804D1A81CC2
:10251000205C012800D102E06D1C4545F0D900BFC8
:10252000454503D34DA0FFF783FEAFE6E81C205CD2
:10253000002879D1002608E0A05D872804D1701C0E
:10254000205C132800D102E0761C4645F4D900BF78
:10255000464500D3002676B90020019002900390F2
:1025600004900090E81C225C43484449036806A894
:10257000FEF78CFB53E0701D205C3038311D615C30
:10258000303901EB810100EB410000F0FF0906F159
:102590000800205C3038F11D615C303901EB8101AD
:1025A00000EB410000F0FF0A06F10B00205C303820
:1025B00006F10A01615C303901EB810100EB410059
:1025C00000F0FF0B06F10E00205C303806F10D0123
:1025D000615C303901EB810100EB4100C0B2209019
:1025E00006F11100205C303806F11001615C3039D1
:1025F00001E049E044E001EB810100EB4100C0B2A1
:102600001F901F9801A9A1E8010E20980090E81CD6
:10261000225C19481949036806A8FEF737FB06A88B
:10262000FFF706FE12E0FFE7002001900290039002
:1026300004900090E81C225C0F481049036806A82B
:10264000FEF724FB06A8FFF7F3FD00BF00BF012043
:10265000F4F7ACF81AE60000810000207B2250223B
:102660003A7B22726573706F6E7365436F64652287
:102670003A2D317D7D0A000084000020302D0108B4
:10268000AFF22800FFF7D4FD00BFFFE500B599B019
:1026900064216846F3F76FF9102217A16846FEF728
:1026A000F5FA6846FFF7C4FD22A0FFF7C1FD24A09C
:1026B000FFF7BEFD0120F4F779F825A0FFF7B8FD7C
:1026C0000120F4F773F82748416827A0FEF7CEFAF7
:1026D0000120F4F76BF827A0FFF7AAFD0120F4F71B
:1026E00065F82AA0FFF7A4FD4FF416712848F3F708
:1026F00042F919B000BD00007B224669726D776116
:102700007265223A7B2246223A312C224465766950
:10271000636554797065223A224275734574656227
:102720006172222C2252656C65617365223A2564C0
:10273000000000002C22426F6F74223A310000002A
:102740002C224175746F5374617274223A31000007
:102750002C2252656164657254797065223A504E3C
:1027600035333200F40A00202C22506F73223A25B0
:10277000640000002C226F6E6552656164436172D3
:1027800064496E4669656C64223A31007D7D0A00B9
:10279000DC04002010B50C48007810B90BA0FFF73E
:1027A00047FD0948007810B116A0FFF741FD064823
:1027B000007880F00100044908704FF416711F483A
:1027C000F3F7D9F810BD00004D0000207B225265C0
:1027D0006365697665223A7B22537461747573224E
:1027E0003A32367D2C2243223A7B2254797065227C
:1027F0003A22556E53656E6453657269616C227D31
:102800007D0A00007B2252656365697665223A7B0A
:1028100022537461747573223A32367D2C2243221E
:102820003A7B2254797065223A2253656E6453656F
:102830007269616C227D7D0A00000000DC040020CA
:1028400010B51CA0FFF7F4FC284840782849087010
:102850002648807848702548C078887023480079D9
:102860002449887021484079487020488079087050
:102870001E48C079C8700120F3F798FF00221C4958
:102880001D48F6F749FC10B11CA0FFF7D1FC012050
:10289000F3F78CFF002217491748F6F78FFB10B1AA
:1028A0001CA0FFF7C5FC4FF416711048F3F763F84E
:1028B00010BD00007B2252656365697665223A7B14
:1028C00022537461747573223A32367D2C2254225D
:1028D0003A7B2254797065223A2253657454696DAB
:1028E0006544617465227D7D0A000000DC040020DF
:1028F000B4000020B7000020FC0900207B225422F5
:102900003A7B22537461747573223A3132387D7D7B
:102910000A0000007B2254223A7B225374617475B2
:1029200073223A3132397D7D0A00000010B5074824
:102930004078FF2808D106A0FFF77AFC00224FF468
:1029400000410A48F4F7BAF910BD0000DC04002089
:102950007B2252656365697665223A7B22537461F6
:10296000747573223A32367D7D0A000000080140FA
:1029700010B506484078AA2807D105A0FFF758FCF3
:102980000122D1030948F4F799F910BDDC040020B5
:102990007B2252656365697665223A7B22537461B6
:1029A000747573223A32367D7D0A000000080140BA
:1029B00010B5FEF74BFB002819D06420F3F7F6FEA4
:1029C0000020FEF719FB0CA208210020FEF768FB8F
:1029D00048B10520F3F7EAFE0AA0FFF729FC05201D
:1029E000F3F7E4FE06E010A0FFF722FC02E00EA0E1
:1029F000FFF71EFC10BD0000426F6F5431323334BC
:102A0000000000007B225570646174654669726D38
:102A100077617265223A7B22537461747573223A2E
:102A200032367D0A000000007B22557064617465B7
:102A30004669726D77617265223A7B2253746174C4
:102A40007573223A31397D0A0000000010B51CA0D0
:102A5000FFF7EEFB28484078284908602648807830
:102A6000274908702448C078264908702248007910
:102A70002549087020484079244908701E4880790B
:102A8000234908701C48C07900061B49097A00EBED
:102A900001401949497A00EB01201749897A084415
:102AA0001C49086000201C4908701C49087001205E
:102AB0001B4908704FF416710F48F2F75CFF10BD08
:102AC0007B2252656365697665223A7B2253746185
:102AD000747573223A32367D2C2243223A7B22547B
:102AE000797065223A225A69726F45746562617223
:102AF000227D7D0A00000000DC040020440000204C
:102B00003E0000203F000020400000204100002047
:102B1000420000202C0000204F0000204D0000202B
:102B200051000020F4411727AB9DFAE33076CC0228
:102B3000E52A3562B1BAEAFE2F4C46D38F926D5228
:102B4000BE74E0C9C28E58B9E18820CEDF1A515355
:102B50007C428400646B8108A43FA5A24845DE7BCB
:102B6000734B1F55EBB5C53728BF0316CF790769DF
:102B7000DA0534A62EF38AF68360716E21DD3EE617
:102B800054C4065098BD40D9E88919C8802B115A01
:102B90000E85AE2D0F5C5B360A57EE9BC0DC7712BC
:102BA00093A0221B098BB61EF175997F4323EDE498
:102BB000017266FB316397C64ABBF9299EB286C192
:102BC000B37094E9FCF07D334938CAD43A785F7E1B
:102BD000F57AB7AD8DD839C35DD0D525AC189C3BFF
:102BE00026599A4F95FFBC15E76F9FB04E8290A76C
:102BF00004ECCD914DEFAA96D16A2C655E8C870BC3
:102C0000CB326CB867DB10D6D7A1F813A9611C478B
:102C1000D2F214C7F7FD3D44AF6824A31DE23C0D7A
:102C2000A80CB456026300000001725DB113810468
:102C30003130303082023A0A830101840103860177
:102C400000B246A11B810431303030820130830153
:102C500030840130850130860130870130880130B1
:102C6000A227A105818082015FA1118106446C6CBD
:102C70005665728207322E392E302E30A10B810616
:102C800050726756657282015F8E534A661F1C1F21
:102C90001E1F1E1F1F1E1F1E1F0000000000000021
:102CA00000010203040607080900000000010203F6
:102CB00004000000895171F21DCB000000000000EB
:102CC000000000008D5F307CF05E0000000000001E
:102CD00000000000B22CE4247D9000000000000001
:102CE00000000000579B07B3A4E9000000000000AB
:102CF00000000000E32F50F2E3D0000000000000CD
:102D000000000000E9C1254FA07D00000000000088
:102D100000000000FFFFFFFFFFFF000000000000B9
:102D2000000000000000FF00FF000000FF000000A6
:102D30007B2250223A7B22726573436F6465223A8C
:102D400025642C22416D6F756E74223A256C642CBB
:102D50002248223A25642C224D223A25642C2259FD
:102D6000223A25642C226D223A25642C2244223AF0
:102D700025647D7D0A0000007B2243223A7B22539A
:102D80007461747573223A25642C225543223A25C6
:102D9000752C224944223A25752C224574656261BE
:102DA00072223A25752C22507265457465626172F3
:102DB000223A25752C225072696365223A25757D69
:102DC0007D0A0000E42D01080000002084020000BC
:102DD0003E5A0008CC2E0108840200204C2B000033
:102DE000FC0C0108812201C214022503A50A02116C
:102DF0003019441903011A691D29081AFF010140FD
:102E00001395E91B08DD041AED041311EA1B0849A8
:102E1000041A610C1AA504131201140202021640CE
:102E2000830440571D02010203750E2104030904A7
:102E30001AD913595B1B08290413995A1B087D08DA
:102E4000419A10C04173B2075324F4130A063202A8
:102E50002A402413F1E51B0831044B13E73C1A7F89
:102E60000C1381E41B08FD04C11AD1181AC1041AFD
:102E7000E1041AB1041C090243AB111DC03209045C
:102E80006D1A020B13052416100105240110090107
:102E900004240202052406170107058203081C10FA
:102EA0000904E1320A1D070501027B2C0705810791
:102EB000110937442A40072A8107112B0907440AC0
:0C2EC0003B044401110418051437000005
:04000005080058EDAA
:00000001FF
