:020000040800F2
:10580000A02D00200159000839AB0008DF9C0008DA
:1058100035AB0008955A0008C9FF000800000000D9
:10582000000000000000000000000000A5D00008FB
:10583000C95B00080000000037C20008C3D200089E
:105840001B5900081B5900081B5900081B59000868
:105850001B5900081B5900081B5900081B59000858
:105860001B5900081B5900081B5900081B59000848
:105870001B5900081B5900081B5900081B59000838
:105880001B5900081B5900081B5900081B59000828
:1058900011FF00081B5900081B5900081B5900087C
:1058A0001B5900081B5900081B5900081B59000808
:1058B0001B59000871D300081B5900081B59000828
:1058C0001B5900081B5900081B5900081B590008E8
:1058D0001B59000885D7000895D700081B590008F8
:1058E0001B5900081B5900081B590008DFF80CD091
:1058F00000F084F80048004761060108A02D002050
:105900000648804706480047FEE7FEE7FEE7FEE759
:10591000FEE7FEE7FEE7FEE7FEE7FEE761D30008ED
:10592000ED580008202A04DB203A21FA02F0002179
:10593000704721FA02F3D040C2F12002914008439F
:105940001946704740EA01039B0703D009E008C9E4
:10595000121F08C0042AFAD203E011F8013B00F834
:10596000013B521EF9D27047D2B201E000F8012B80
:10597000491EFBD270470022F6E710B513460A46CF
:1059800004461946FFF7F0FF204610BD421C10F8F0
:10599000011B0029FBD1801A70472DE9F05F0546F5
:1059A000002092469B4688460646814640241BE0DE
:1059B0002846414647462246FFF7B4FF53465A461B
:1059C000C01A914110D311461846224600F028F81B
:1059D0002D1A67EB01084F4622460120002100F0F6
:1059E0001FF817EB00094E41201EA4F10104DFDC73
:1059F000484631462A464346BDE8F09F064C074DCF
:105A000006E0E06840F0010394E80700984710348E
:105A1000AC42F6D3FFF76EFF601901088019010848
:105A2000202A04DB203A00FA02F10020704791405E
:105A3000C2F1200320FA03F319439040704770B578
:105A40008C1810F8015B15F0070301D110F8013B29
:105A50002A1106D110F8012B03E010F8016B01F8B0
:105A6000016B5B1EF9D12B0705D40023521E0DD408
:105A700001F8013BFAE710F8013BCB1A921C03E056
:105A800013F8015B01F8015B521EF9D5A142D8D38E
:105A9000002070BD00BFFEE730B50346042B15D0D3
:105AA00007DC7BB1012B0ED0022B0DD0032B30D1A4
:105AB0000BE0202B0BD0212B18D0222B22D0232B14
:105AC00027D125E026E025E024E023E022E00020A5
:105AD00003E00C5C114D2C54401C0728F9DB00201E
:105AE0000F4C207001200F4C207013E0002003E0C9
:105AF0000A4C245C0C54401C0728F9DB0020084C9D
:105B0000207007E006480078401C054C207001E03A
:105B100000E000BF00BF002030BD000000010020F9
:105B200000000020010000200020704710B5002276
:105B30000449054807F093FF0449034807F088FF2C
:105B4000002010BDFC130020500B0020141000207A
:105B500070B504460D460B4928680860002003E034
:105B6000215C094A1154401C064909688842F7D350
:105B70002146064807F06CFF044807F045FF002067
:105B800070BD000008000020D0040020500B002051
:105B90002DE9F04104460D4600260A48D0F8B872B7
:105BA000D7F8140210B10120BDE8F0812A46214641
:105BB000044807F054FF034807F0D5FF0646304677
:105BC000F2E70000500B00207047014600204860BB
:105BD0008860C86188610862487308730861087545
:105BE0004875002205E0002301F124008354501C75
:105BF000C2B2102AF7DB002205E0002301F13400D5
:105C00008354501CC2B2102AF7DB002203E00020AC
:105C10008854501CC2B2042AF9DB0020704772B6C7
:105C200003E01E2164200AF0F9FCFAE70021074A8C
:105C3000D1610749096941F00401054A1161114622
:105C4000096941F04001116170470000F01C00201B
:105C5000002002400021074AD1610749096941F04B
:105C60000201054A116111464861096941F040018C
:105C700011617047F01C0020002002400022054BFB
:105C8000DA61054A126942F00102034B1A61018090
:105C900070470000F01C00200020024000201E4938
:105CA000C96801F0100139B11C49C96941F002010C
:105CB0001A4AD16140F010001749C96801F0040187
:105CC00039B11649C96941F00101144AD16140F066
:105CD00004001149C96901F0010169B10F49C9699D
:105CE00041F004010D4AD16100BF0B49C96921F09F
:105CF0000101094AD16100BF00BF40F20111884291
:105D000006D10549C96921F00101034AD16101E0C9
:105D10000149C86000BF704700200240F01C00200D
:105D200070B5044600F08EFF054609E0601C38B1EE
:105D300024B100F087FF401BA04201D9032070BDB1
:105D40001248C06800F001000028EFD10F48C06879
:105D500000F0200020B100BF20200C49C86000BF27
:105D60000A48C06800F0100048B90848C06900F04F
:105D7000010020B90548C06800F0040018B1FFF721
:105D80008DFF0120DBE70020D9E700000020024062
:105D90002DE9F04F8BB006464FF0000B002030602D
:105DA000DD480078012811D0022802D0032827D12D
:105DB00019E00520D94908701520D9490870372005
:105DC000D84908702020D849087026E00420D3491B
:105DD00008701020D24908703920D249087000207C
:105DE000D149087019E00520CC4908701520CC492C
:105DF00008703720CB4908704020CB4908700CE070
:105E00000520C64908701420C54908703720C549C7
:105E100008700020C449087000BF00BF09A804F042
:105E2000A9FA38B109A804F0A5FA18B101200BB0FD
:105E3000BDE8F08F002405E009A8005DBB490855C6
:105E4000601CC4B2042CF7DB1021002004F0AAF976
:105E500008B10120EBE701A9012004F023FA08B101
:105E60000120E4E79DF80500B04988600846806895
:105E700000028860084680689DF804100844AB4919
:105E800088609DF809004860084640680002486044
:105E9000084640689DF808100844A4494860084630
:105EA000406800024860084640689DF807100844B2
:105EB0009E494860084640680002486008464068BD
:105EC0009DF806100844994948600846008900F486
:105ED0000040B0F5004F12D108460089C0F30E0013
:105EE00088600846806846F6292148408F498860C6
:105EF000084640684BF2A62148408C4948608B48D0
:105F000040688B490860874801788448007804F02D
:105F100049F908B10A208AE701A98148007804F00C
:105F2000C1F908B1142082E7002406E001A8015D50
:105F30007E4824300155601CC4B2102CF6DB4FF0B3
:105F4000010A00240BE001A8015D01AA04F1080088
:105F5000105C814201D04FF0000A601CC4B2042CD6
:105F6000F1DB00240BE001A9201D085C095D81F034
:105F7000FF01884201D04FF0000A601CC4B2042C1B
:105F8000F1DB9DF8100050B99DF81100FF2806D1F3
:105F90009DF8120018B99DF81300FF2801D04FF0AA
:105FA000000ABAF1000F3AD09DF807005F49C861B6
:105FB0000846C0690002C8610846C0699DF806101D
:105FC00008445A49C8610846C0690002C8610846C9
:105FD000C0699DF8051008445449C8610846C06965
:105FE0000002C8610846C0699DF8041008444F4982
:105FF000C8611421062004F0D5F808B10C2016E77A
:106000006946182004F05AF908B10D200FE74749F6
:10601000009808730846C0693060002007E74FF019
:106020004B08002406E041482430005D80EA08085F
:10603000601CC4B20F2CF6DB3C4890F8330040459E
:1060400001D00320F3E6394890F827003749C861AA
:106050000846C0690002C8610846C16990F8260078
:1060600008443249C8610846C0690002C861084650
:10607000C16990F8250008442C49C8610846C069E8
:106080000002C8610846C06991F8241008442749F5
:10609000C861084690F82D703F0290F82C00074424
:1060A000084690F82B502D0290F82A0005442D0246
:1060B000084690F8290005442D02084690F828006B
:1060C0000544084690F82E90B9F1010F03D0B9F1BC
:1060D000020F12D108E005EB070B1448C0695845C0
:1060E00001D00520A3E60AE0A5EB070B0F48C06925
:1060F000584501D006209AE601E0072097E600BF48
:106100000A4890F82F0000F01F000849087308465D
:10611000C069306000208AE6610200205D02002034
:106120005E0200205F02002060020020901D00201F
:10613000640200202DE9F04F8DB007468946002506
:1061400000203860C9F80000FB480078012811D011
:10615000022802D0032827D119E00520F74908704A
:106160001520F74908703720F64908702020F649B5
:10617000087026E00420F14908701020F0490870EA
:106180003920F04908700020EF49087019E0052017
:10619000EA4908701520EA4908703720E949087073
:1061A0004020E94908700CE00520E44908701420FB
:1061B000E34908703720E34908700020E24908707D
:1061C00000BF00BF0BA804F0D5F838B10BA804F04D
:1061D000D1F818B101200DB0BDE8F08F002405E022
:1061E0000BA8005DD9490855601CC4B2042CF7DB2C
:1061F0001021002003F0D6FF08B10120EBE703A92E
:10620000012004F04FF808B10120E4E79DF80D00EB
:10621000CE49886008468068000288600846806829
:106220009DF80C100844C94988609DF81100486029
:106230000846406800024860084640689DF8101013
:106240000844C24948600846406800024860084661
:1062500040689DF80F100844BC49486008464068F3
:1062600000024860084640689DF80E100844B7498F
:1062700048600846008900F40040B0F5004F12D194
:1062800008460089C0F30E0088600846806846F61C
:1062900029214840AD498860084640684BF2A62154
:1062A0004840AA494860A9484068A9490860A548EB
:1062B0000178A248007803F075FF08B10A208AE748
:1062C0009D480078012835D103A9122003F0EAFF88
:1062D00008B114207FE79DF81000AB2812D19DF87B
:1062E0001100CD280ED19DF80F502D029DF80E0003
:1062F00005442D029DF80D0005442D029DF80C006B
:10630000054400E000259DF80C00FF280CD19DF805
:106310000D00FF2808D19DF80E00FF2804D19DF83C
:106320000F00FF2800D100258A48854200D10025B2
:10633000C9F8005003A98248007803F0B3FF08B100
:10634000142048E7002406E003A8015D7F482430BC
:106350000155601CC4B2102CF6DB01200290002411
:106360000BE003A8015D03AA04F10800105C814260
:1063700001D000200290601CC4B2042CF1DB002488
:106380000BE003A9201D085C095D81F0FF01884234
:1063900001D000200290601CC4B2042CF1DB9DF8F7
:1063A000180050B99DF81900FF2806D19DF81A0071
:1063B00018B99DF81B00FF2801D000200290029818
:1063C00090B39DF80F006149C8610846C06900029A
:1063D000C8610846C0699DF80E1008445B49C86151
:1063E0000846C0690002C8610846C0699DF80D10E2
:1063F00008445649C8610846C0690002C861084699
:10640000C0699DF80C1008445049C8611421062049
:1064100003F0C8FE08B10C20DDE601A9182003F046
:106420004DFF10B10D20D6E607E0484901980873EA
:106430000846C06938600020CDE64FF04B0A0024C2
:1064400006E042482430005D80EA0A0A601CC4B2BB
:106450000F2CF6DB3D4890F83300504501D0032067
:10646000B9E63A4890F827003849C8610846C0693B
:106470000002C8610846C16990F826000844334903
:10648000C8610846C0690002C8610846C16990F841
:10649000250008442D49C8610846C0690002C8614A
:1064A0000846C06991F8241008442849C861084684
:1064B00090F82D804FEA082890F82C008044084678
:1064C00090F82B60360290F82A00064436020846FF
:1064D00090F8290006443602084690F82800064441
:1064E000084690F82EB0BBF1010F03D0BBF1020FAC
:1064F00012D108E006EB08051448C069A84201D093
:10650000052068E60AE0A6EB08051048C069A84225
:1065100001D006205FE601E007205CE600BF0B48E3
:1065200090F82F0000F01F00084908730846C06962
:10653000386000204FE60000610200205D0200206C
:106540005E0200205F02002060020020901D0020FB
:106550006402002017FCFF0001460E2924D2DFE868
:1065600001F007090B0D0F11131517191B1D1F2122
:10657000192070471A20FCE71C20FAE71D20F8E7D5
:106580001E20F6E72020F4E72120F2E72220F0E7A2
:106590002420EEE72520ECE72620EAE72820E8E79C
:1065A0002920E6E72A20E4E70020E2E701460E2959
:1065B00024D2DFE801F007090B0D0F11131517198D
:1065C0001B1D1F21192070471A20FCE71C20FAE729
:1065D0001D20F8E71E20F6E72020F4E72120F2E74F
:1065E0002220F0E72420EEE72520ECE72620EAE74A
:1065F0002820E8E72920E6E72A20E4E70020E2E770
:1066000070B50A480468001D0568001D066834441A
:1066100054B108220649204604F0CBF8042204496C
:106620001031284604F0C5F870BD0000E8F7FF1FE0
:10663000E60000200146002291F82100022808D03F
:106640000420886300BF002081F8200000BF0120E3
:1066500070470868006820F00E000B681860086832
:10666000006820F001000B68186091F840300120AC
:106670009840CB6B5860012081F8210000BF0020BA
:1066800081F8200000BF1046E2E7000070B5044624
:10669000002594F82100022803D00420A0630125DE
:1066A00048E02068006820F00E002168086020683B
:1066B000006820F00100216808601F4920688842B6
:1066C00001D1012026E01C4914312068884201D103
:1066D00010201FE0184928312068884201D1801518
:1066E00018E015493C312068884201D1801411E03E
:1066F000114950312068884202D14FF4803009E0BE
:106700000D4964312068884202D14FF4801001E0C5
:106710004FF08070084908394860012084F8210052
:1067200000BF002084F8200000BF606B10B120463D
:10673000616B8847284670BD0800024070B504466A
:1067400000F080FA06462546681C10B1044800781F
:10675000054400BF00F076FA801BA842FAD370BD52
:10676000200100202DE9F04104460E4601270025B6
:1067700000BF2648007E012802D10220BDE8F0813A
:1067800001202249087600BF2068022813D14CF26C
:106790005030FFF7C5FA90BB0120FFF747FA4CF2E3
:1067A0005030FFF7BDFA07461948006920F0040091
:1067B0001749086123E04CF25030FFF7B1FAF0B905
:1067C0004FF0FF303060A56812E02846FFF742FA2C
:1067D0004CF25030FFF7A4FA07460D48006920F04C
:1067E00002000B4908610FB1356007E005F58065CF
:1067F000D4E9021001EB8020A842E6D800BF00BF18
:1068000000200249087600BF3846B7E7F01C002098
:10681000002002400348006940F0800001490861FF
:1068200000207047002002402DE9FE4F05468B46B0
:1068300017469846012600240020029000BF2448F5
:10684000007E012802D10220BDE8FE8F01202049F0
:10685000087600BF4CF25030FFF762FA064686BB5E
:10686000012D02D10120029006E0022D02D102206A
:10687000029001E00420029000241EE02201B946AB
:10688000C24648465146FFF74DF880B201900220BB
:1068900000FB04B000900199FFF7F0F94CF2503082
:1068A000FFF73EFA06460B48006920F0010009494F
:1068B000086106B104E0601CC4B202988442DDDBCA
:1068C00000BF00BF00200249087600BF3046BBE78A
:1068D000F01C00200020024000200849096901F056
:1068E000800151B10649054A51600649516011467F
:1068F000096901F0800101B10120704700200240C8
:1069000023016745AB89EFCD2DE9F8470346002207
:1069100094466EE14FF0010808FA02F4D1F80080C5
:1069200008EA0400A0427DD1DFF8DCA2D1F804809F
:10693000A8EB0A09D0453AD014DCB8F1030F50D0C7
:1069400009DCB8F1000F31D0B8F1010F1CD0B8F15B
:10695000020F49D120E0B8F1110F18D0B8F1120F91
:1069600042D11EE0B9F5881F25D006DCB9F5803F7D
:1069700020D0B9F5801F37D11AE0B9F5001F18D023
:10698000B9F5041F30D117E0D1F80CC02DE0D1F8D3
:106990000C8008F1040C28E0D1F80C8008F1080CF8
:1069A00023E0D1F80C8008F10C0C1EE000BF00BF02
:1069B00000BF00BF00BF00BFD1F80880B8F1000FD2
:1069C00002D14FF0040C0BE0D1F80880B8F1010FB0
:1069D00003D14FF0080C1C6102E04FF0080C5C6121
:1069E00003E04FF0000C00E000BF00BFFF2801D81B
:1069F000984601E003F104084646FF2802D84FEA12
:106A0000820803E0A2F108084FEA88084746D6F852
:106A100000804FF00F0909FA07F928EA09080CFA73
:106A200007F900E088E048EA0908C6F80080D1F8D4
:106A3000048008F08058B8F1805F7DD100BFDFF896
:106A4000CC81D8F8188048F00108DFF8C091C9F867
:106A50001880C846D8F8188008F00108CDF80080E2
:106A600000BF00BF4FEAB9384FEA920958F82950E1
:106A70004FEA82784FEA18794FF00F0808FA09F8C0
:106A800025EA0805DFF88881434502D14FF0000868
:106A900016E0DFF88081434502D14FF001080FE096
:106AA000DFF87481434502D14FF0020808E0DFF8B7
:106AB0006C81434502D14FF0030801E04FF0040818
:106AC0004FEA82794FEA197908FA09F848EA050588
:106AD000DFF84C814FEA920948F82950D1F8048038
:106AE00008F48038B8F5803F0AD1DFF83881D8F84B
:106AF000008048EA0008DFF82C91C9F8008009E01E
:106B0000DFF82081D8F8008028EA0008DFF8149127
:106B1000C9F80080D1F8048008F40038B8F5003FC7
:106B200010D1DFF8008108F10408D8F8008048EAA5
:106B30000008DFF8F09000E05AE009F10409C9F814
:106B400000800DE0DFF8DC8008F10408D8F8008050
:106B500028EA0008DFF8CC9009F10409C9F80080A0
:106B6000D1F8048008F48018B8F5801F0ED1DFF842
:106B7000B48008F10808D8F8008048EA0008DFF877
:106B8000A49009F10809C9F800800DE0DFF89480AD
:106B900008F10808D8F8008028EA0008DFF8849097
:106BA00009F10809C9F80080D1F8048008F4001838
:106BB000B8F5001F0ED1DFF86C8008F10C08D8F88A
:106BC000008048EA0008DFF85C9009F10C09C9F878
:106BD00000800DE0DFF84C8008F10C08D8F8008048
:106BE00028EA0008DFF83C9009F10C09C9F8008098
:106BF000521CD1F8008028FA02F8B8F1000F7FF497
:106C000089AEBDE8F88700000000111000100240B6
:106C100000080140000C0140001001400014014038
:106C20000800014000040140024693680B400BB18C
:106C3000012000E0002070470AB1016101E00B046F
:106C40000361704701480068704700001801002088
:106C500070B504460CB9012070BD94F83D0028B908
:106C6000002084F83C00204600F03EFB242084F8FD
:106C70003D002068006820F001002168086020685D
:106C8000006840F40040216808602068006820F433
:106C900000402168086001F07DFD05465C496068A0
:106CA000884206D85B48854201D2012007E00020D7
:106CB00005E05948854201D2012000E0002001286A
:106CC00000D1C9E75548B5FBF0F62068406820F0D0
:106CD0003F003043216848604D496068884201D8D0
:106CE000701C07E04FF4967070434FF47A71B0FB5C
:106CF000F1F0401C2168096A21F03F010843216836
:106D0000086243496068884214D8681E6168490077
:106D1000B0FBF1F0401CC0F30B00042801D20420AA
:106D20003DE0681E61684900B0FBF1F0401CC0F313
:106D30000B0034E0A06838B9681E616801EB4101BE
:106D4000B0FBF1F0401C0AE0681E616801EBC10273
:106D500002EB0111B0FBF1F0401C40F48040C0F3A5
:106D60000B0008B901201AE0A06848B9681E6168E4
:106D700001EB4101B0FBF1F0401CC0F30B000CE053
:106D8000681E616801EBC10202EB0111B0FBF1F07A
:106D9000401CC0F30B0040F4804040F400402168E8
:106DA000C9694CF6FF72914308432168C861D4E970
:106DB000070108432168096821F0C00108432168E0
:106DC0000860D4E9031008432168896848F2FF325B
:106DD0009143084321688860D4E90501084321688C
:106DE000C96821F0FF0108432168C8602068006875
:106DF00040F001002168086000202064202084F811
:106E00003D000020206384F83E0000BF24E700001E
:106E1000A086010080841E0000093D0040420F0052
:106E20002DE9FC4704468946174698460A9E0020ED
:106E30000190FFF707FF054694F83D0020286FD129
:106E400019230122C8492046009503F093F810B198
:106E50000220BDE8FC8700BF94F83C00012801D166
:106E60000220F6E7012084F83C0000BF206800689B
:106E700000F0010028B92068006840F00100216896
:106E800008602068006820F4006021680860222003
:106E900084F83D00102084F83E00002020646762E2
:106EA000A4F82A80608D2085B048E0622B463246E7
:106EB0004946204602F034FF08B10120C9E7208D81
:106EC00088B900BF002000902068406900902068C9
:106ED0008069009000BF00BF2068006840F4007027
:106EE000216808604BE0208D01281AD120680068D5
:106EF00020F480602168086072B600BF0020009016
:106F000020684069009020688069009000BF00BF41
:106F10002068006840F400702168086062B62EE0C6
:106F200020E1208D022819D12068006840F400601B
:106F30002168086072B600BF002000902068406998
:106F4000009020688069009000BF00BF2068006842
:106F500020F480602168086062B610E02068006854
:106F600040F480602168086000BF00200090206825
:106F70004069009020688069009000BF00BFE2E097
:106F8000208D03287ED8208D012815D12A46314630
:106F9000204603F099F808B101205AE720680069FB
:106FA000616A0870606A401C6062208D401E208506
:106FB000608D401E6085C6E0208D02282CD13346AE
:106FC00000226B492046009502F0D4FF08B1012051
:106FD0003FE772B62068006840F4007021680860DE
:106FE00020680069616A0870606A401C6062208DD8
:106FF000401E2085608D401E608562B62068006955
:10700000616A0870606A401C6062208D401E2085A5
:10701000608D401E608596E033460022544920462C
:10702000009502F0A7FF08B1012012E72068006870
:1070300020F480602168086072B620680069616A87
:107040000870606A401C6062208D401E2085608D43
:10705000401E6085474800681921B0FBF1F04FF4ED
:107060007A71B0FBF1F0C0EBC00000EB8000019042
:1070700000BF0198401E01900198A8B9002020632C
:10708000202000E038E084F83D00002084F83E0035
:10709000206C40F02000206462B600BF002084F81D
:1070A0003C0000BF0120D4E620684069C0F38000A6
:1070B0000028DED02068006840F400702168086075
:1070C00020680069616A0870606A401C6062208DF7
:1070D000401E2085608D401E608562B62068006974
:1070E000616A0870606A401C6062208D401E2085C5
:1070F000608D401E608526E02A463146204602F01B
:10710000E3FF08B10120A4E620680069616A087005
:10711000606A401C6062208D401E2085608D401E8C
:10712000608520684069C0F3800060B12068006914
:10713000616A0870606A401C6062208D401E208574
:10714000608D401E6085208D00287FF419AF2020BF
:1071500084F83D00002084F83E0000BF84F83C0025
:1071600000BF76E6022074E6020010000000FFFF78
:1071700004000100340100202DE9F843044689464B
:1071800016461F46DDF82080FFF75CFD054694F8A3
:107190003D0020287ED11923012251492046009527
:1071A00002F0E8FE10B10220BDE8F88300BF94F8B9
:1071B0003C00012801D10220F6E7012084F83C00C0
:1071C00000BF2068006800F0010028B9206800684E
:1071D00040F00100216808602068006820F4006029
:1071E00021680860212084F83D00102084F83E00CA
:1071F0000020206466626785608D20853948E062E2
:107200002B4642464946204602F026FE08B10120A0
:10721000CAE700BF00200090206840690090206805
:107220008069009000BF00BF44E02A4641462046E6
:1072300002F08AFF50B1206C042805D12068006854
:1072400040F40070216808600120ADE7606A0078B2
:1072500021680861606A401C6062608D401E608524
:10726000208D401E208520684069C0F3800070B1E9
:10727000208D60B1606A007821680861606A401CF6
:107280006062608D401E6085208D401E20852A46EC
:10729000414600E022E0204602F03EFE50B1206C64
:1072A000042805D12068006840F400702168086057
:1072B000012079E7208D0028B7D12068006840F4CC
:1072C000007021680860202084F83D00002084F8C8
:1072D0003E0000BF84F83C0000BF65E7022063E782
:1072E000020010000000FFFF10B586B00446002029
:1072F00002900390049005901A49206888422FD18B
:1073000000BF1948806940F00800174988610846A5
:10731000806900F00800019000BF00BF4FF440708A
:107320000290122003900320059002A90F48FFF756
:10733000EBFA00BF0E49486840F0E06040F0020000
:10734000486000BF00BF0848C06940F4001006490B
:10735000C8610846C06900F40010019000BF00BF7A
:1073600006B010BD0054004000100240000C014067
:107370000000014070B504460CB9012070BD4CF608
:10738000CC402168086045F2555021680860D4E976
:10739000001048602168A0688860FFF753FC05462C
:1073A0000BE0FFF74FFC401B272806D92068C06878
:1073B00000F0030008B10320E0E72068C06800F097
:1073C00003000028EDD14AF6AA20216808600020B9
:1073D000D4E70000034800680349097808440149DC
:1073E00008607047180100202001002010B50848EF
:1073F000006840F0100006490860032000F0A8F87B
:10740000002000F007F800F02BF8002010BD00006D
:107410000020024070B504460E4800784FF47A719F
:10742000B1FBF0F00C490968B1FBF0F5284601F01A
:1074300053FF08B1012070BD102C07D20022214655
:10744000501E00F047F80548046001E00120F2E713
:107450000020F0E720010020340100201C01002062
:1074600008B500BF1148806940F001000F498861EC
:107470000846806900F00100009000BF00BF00BF17
:107480000846C06940F08050C8610846C06900F0F5
:107490008050009000BF00BF00BF0549486820F041
:1074A000E06040F00070486000BF08BD001002407E
:1074B0000000014001460846002809DB00F01F03D8
:1074C00001229A4043099B0003F1E023C3F8002105
:1074D00000BF70472DE9F05F80460D461646002735
:1074E00008F098FD074639462A46334601F0070062
:1074F000C0F1070ABAF1040F02D94FF0040A01E003
:10750000C0F1070AD14600F1040ABAF1070F02D20E
:107510004FF0000A01E0A0F1030AD4464FF0010A3F
:107520000AFA09FAAAF1010A0AEA020A0AFA0CFAA4
:107530004FF0010B0BFA0CFBABF1010B0BEA030B49
:107540004AEA0B042146404608F06CFDBDE8F09F76
:1075500000BF00F00702064B19684FF6FF03194001
:10756000044B0B4343EA0221014B196000BF7047F3
:107570000CED00E00000FA0570B505460C4604F07D
:107580008000802808D104F0070000EB800605F198
:10759000280000EBC60105E004EB840605F5B47095
:1075A00000EBC6011AB900200873CB8004E001206B
:1075B00008730B81180C4881002070BD704770B5AE
:1075C00004460D4605EB850304F1280101EBC301D8
:1075D0004A692946D4F8E80206F0CCFD70BD70B5C2
:1075E00004460D4605EB850304F5B47101EBC301B8
:1075F0004A692946D4F8E80206F03CFE70BD70B531
:1076000004460E4606F0800080280AD106F00700E6
:1076100000EB800104F1280000EBC1050120687037
:1076200009E006F0070000EB800104F5B47000EB00
:10763000C1050020687006F00700287000BF94F8AC
:10764000A802012801D1022070BD012084F8A802FF
:1076500000BF2946206807F095FC00BF002084F891
:10766000A80200BF00BFEFE770B504460E4606F063
:107670000F006168884201D9012070BD06F08000CA
:1076800080280AD106F0070000EB800104F12800F1
:1076900000EBC1050120687009E006F0070000EB6F
:1076A000800104F5B47000EBC10500206870002073
:1076B000A87006F00700287000BF94F8A8020128FF
:1076C00001D10220D9E7012084F8A80200BF294691
:1076D000206807F0B3FD00BF002084F8A80200BFB7
:1076E00000BFCAE72DE9F04105460C46174607F4EE
:1076F0008040002850D02868B0F85010207801EB66
:10770000C000801C296801F5806131F81000C0F3C9
:107710000906A069B04203D3A069801BA06101E003
:107720000020A061A069A8B900BF22785200296892
:1077300031F812104BF68F7201EA020080F400500B
:1077400040F4004141F0800123785B002A6822F870
:10775000131000BF07F04000A8B100BF00BF22789F
:107760005200296831F8121048F68F7201EA0200BF
:1077700040F4004141F0C00123785B002A6822F800
:10778000131000BF00BF002E55D022896169334617
:10779000286808F0C9FB4EE02868B0F8501020783F
:1077A00001EBC000801D296801F5806131F81000EF
:1077B000C0F30906A069B04203D3A069801BA06191
:1077C00001E00020A061A069A8B900BF22785200A2
:1077D000296831F812104BF68F7201EA020080F42A
:1077E000005040F4004141F0800123785B002A689A
:1077F00022F8131000BF07F04000A8B900BF00BF77
:1078000022785200296831F8121048F68F7201EA86
:10781000020040F4004141F0C00123785B002A6877
:1078200022F8131000BF00BF2EB162896169334690
:10783000286808F079FB3046BDE8F0812DE9F04773
:1078400005460C46904608F04000002871D0286894
:10785000B0F85010207801EBC000801C296801F5B9
:10786000806131F81000C0F30907A069B84203D95C
:10787000A069C01BA06101E00020A061A0690028F0
:107880007ED100BF6078C8B900BF29682A68B2F805
:10789000502011442278022303EBC20201F58063D9
:1078A00003EB420000BF028848F2FF331A40028017
:1078B000028842F40042028000BF13E06078012891
:1078C00010D100BF28682A68B2F8502010442278EE
:1078D000022303EBC20200F5806303EB42010022A6
:1078E0000A8000BF00BF00BF2968607810BB00BFDE
:1078F0002B68D5F800C0BCF850C0634494F800C0B1
:107900004FF0060909EBCC0C03F5806909EB4C003C
:1079100000BFB0F800C048F2FF390CEA090CA0F82B
:1079200000C0B0F800C04CF4004CA0F800C000BF8C
:1079300011E0C0E0607801280DD12868B0F850004F
:1079400001442078062303EBC00001F5806303EBBC
:1079500040020020108000BF21782846FFF72FFE4C
:1079600008F48040002816D000BF00BF22785200E3
:10797000296831F8121048F68F7201EA020000E01F
:107980000AE040F4004141F4814123785B002A6819
:1079900022F8131000BFCAE108F48040A8B100BF6C
:1079A00000BF22785200296831F8121048F68F7211
:1079B00001EA020040F4004141F4814223785B0077
:1079C000296821F8132000BF00BF94F82400012883
:1079D000E1D1606938446061E0693844E06121695F
:1079E000206A884204D32669206A801B20620BE04B
:1079F000206A20B93E46002084F8240004E00020DC
:107A000084F82400266A206200BF6078B8BB00BFFB
:107A10002A682968B1F850100A442178022303EB40
:107A2000C10102F5806303EB4101084600BF56B96E
:107A3000038848F2FF3C03EA0C030380038843F405
:107A40000043038019E03E2E0BD800BF710806F0FA
:107A5000010303B1491C4FF6FF7303EA812303803E
:107A60000BE000BF710906F01F0303B9491E4FF474
:107A7000004343EA8123038000BF00BF13E0FFE718
:107A8000607801280FD100BF28682A68B2F850201A
:107A900010442278022303EBC20200F5806303EB5B
:107AA00042010E8000BF00BFB3B22289616928681D
:107AB00008F069FA3BE12868B0F85010207801EB33
:107AC000C000801D296801F5806131F81000C0F305
:107AD0000907A069B84203D3A069C01BA06101E0F7
:107AE0000020A061A06900287DD100BF6078C8B9DE
:107AF00000BF29682A68B2F8502011442278022376
:107B000003EBC20201F5806303EB420000BF028871
:107B100048F2FF331A400280028842F40042028099
:107B200000BF13E06078012810D100BF28682A68E0
:107B3000B2F8502010442278022303EBC20200F571
:107B4000806303EB420100220A8000BF00BF00BF38
:107B50002968607808BB00BF2B68D5F800C0BCF866
:107B600050C0634494F800C04FF0060909EBCC0CF8
:107B700003F5806909EB4C0000BFB0F800C048F283
:107B8000FF390CEA090CA0F800C0B0F800C04CF4B2
:107B9000004CA0F800C000BF10E0607801280DD1B3
:107BA0002868B0F8500001442078062303EBC00099
:107BB00001F5806303EB40020020108000BF2178B4
:107BC0002846FFF7FCFC08F48040002816D100BFCF
:107BD00000BF22785200296831F8121048F68F72DF
:107BE00001EA020000E00AE040F4004141F4814172
:107BF00023785B002A6822F8131000BF97E008F48E
:107C00008040A8B900BF00BF22785200296831F82F
:107C1000121048F68F7201EA020040F4004141F46C
:107C2000814123785B002A6822F8131000BF00BF4F
:107C300094F8240001287AD1606938446061E069D1
:107C40003844E0612169206A884204D32669206AA9
:107C5000801B20620BE0206A20B93E46002084F899
:107C6000240004E0266A0020206284F8240000BF7B
:107C70002A68607890BB00BFD5F800C02968B1F8C9
:107C800050108C4421784FF0060909EBC1010CF526
:107C9000806909EB4101084600BF76B9B0F8009051
:107CA00048F2FF3A09EA0A09A0F80090B0F80090FB
:107CB00049F40049A0F8009020E03E2E0FD800BF04
:107CC000710806F00109B9F1000F00D0491C4FF608
:107CD000FF7909EA8129A0F800900FE010E000BFC9
:107CE000710906F01F09B9F1000F00D1491E4FF4C8
:107CF000004949EA8129A0F8009000BF00BF0FE0C9
:107D0000607801280CD12868B0F85000024420782F
:107D1000062101EBC00002F5806101EB40031E80EB
:107D200000BFB3B262896169286808F02CF900BF0E
:107D300022785200296831F8121048F6BF7201EA21
:107D4000020080F0100080F0200040F4004141F07B
:107D5000800123785B002A6822F8131000BF0020FE
:107D6000BDE8F087024601F0070000EB800302F552
:107D7000B47000EBC300C06970472DE9F0470546B9
:107D80000E4690461F464FF0000906F080008028FE
:107D90000AD106F0070000EB800105F1280000EB96
:107DA000C1040120607009E006F0070000EB8001CB
:107DB00005F5B47000EBC1040020607006F0070008
:107DC0002070C4F81080E770607808B12078E081F6
:107DD000022F01D10020207100BF95F8A8020128D0
:107DE00002D10220BDE8F087012085F8A80200BF7B
:107DF0002146286806F09CFE00BF002085F8A802F6
:107E000000BF4846EEE72DE9F04105460E4617460D
:107E1000984606F0070000EB800105F5B47000EB12
:107E2000C1046761C4F818800020E061607006F04A
:107E30000700207006F0070020B92146286807F0E7
:107E400098FA03E02146286807F093FA0020BDE87D
:107E5000F08170B504460D4605F007006168884260
:107E600001D9012070BD05F0800080280AD105F0FD
:107E7000070000EB800104F1280000EBC10601209F
:107E8000707007E005EB850104F5B47000EBC106E6
:107E9000002070700120B07005F00700307000BF46
:107EA00094F8A802012801D10220DBE7012084F820
:107EB000A80200BF3146206807F02DFA05F0070040
:107EC00020B904F52C71206807F0B5F900BF002037
:107ED00084F8A80200BF00BFC4E72DE9F0410546C1
:107EE0000E4690461F4606F0070000EB800105F1A4
:107EF000280000EBC104C4F81480A761012084F8B5
:107F0000240027620020E0610120607006F0070075
:107F1000207006F0070020B92146286807F029FAEA
:107F200003E02146286807F024FA0020BDE8F0812C
:107F30007FB50446206807F0F3FF00F40040B0F579
:107F4000004F02D1204603F093FC206807F0E8FFC1
:107F500000F48060B0F5806F0FD12068B0F8440065
:107F60004FF6FF3108402168A1F84400204600F098
:107F70009FF90021204600F0BBF9206807F0D0FFF0
:107F800000F48040B0F5804F08D12068B0F844007C
:107F90004BF6FF7108402168A1F84400206807F003
:107FA000BFFF00F40050B0F5005F08D12068B0F8C2
:107FB00044004DF6FF7108402168A1F84400206894
:107FC00007F0AEFF00F48050B0F5805F1DD120684F
:107FD000B0F840004FF6FB7108402168A1F840005E
:107FE0002068B0F840004FF6F77108402168A1F80A
:107FF0004000204600F06EF92068B0F844004EF6CC
:10800000FF7108402168A1F84400206807F088FF4C
:1080100000F40060B0F5006F55D1002507E069005D
:10802000206830F811002DF81500681CC5B2082D25
:10803000F5D32068B0F8400040F001002168A1F8B5
:1080400040002068B0F840004FF6FE7108402168FB
:10805000A1F8400000BF2068B0F8440000F4806040
:108060000028F8D02068B0F844004FF6FF310840EF
:108070002168A1F84400002507E03DF815006A00DA
:10808000216821F81200681CC5B2082DF5D32068BC
:10809000B0F8400040F008002168A1F840002068D6
:1080A000B0F844004FF2FF7108402168A1F8440085
:1080B0002068B0F8400040F004002168A1F84000BA
:1080C000204600F057F9206807F02AFF00F40070FE
:1080D000B0F5007F0BD12068B0F844004FF6FF5197
:1080E00008402168A1F84400204600F0FAF8206812
:1080F00007F016FF00F48070B0F5807F08D120688B
:10810000B0F844004FF6FF6108402168A1F8440030
:108110007FBD30B585B0044614B9012005B030BD2F
:1081200094F8A90228B9002084F8A802204600F09B
:108130009DF8032084F8A902206807F072F8142241
:1081400004F110016846FDF7FDFB94E80F0006F00E
:1081500015FF20B1022084F8A9020120DEE70021EA
:10816000206807F006FF002531E0012105EB8502BC
:1081700004F1280000EBC200417005EB850104F119
:10818000280000F8315005EB850100EBC100C581E6
:10819000002105EB850204F1280000EBC200C1704C
:1081A00005EB850204F1280000EBC200016105EB3C
:1081B000850204F1280000EBC200416105EB850255
:1081C00004F1280000EBC2008161681CC5B2606840
:1081D000A842CAD800252AE0002105EB850204F553
:1081E000B47000EBC200417005EB850104F5B4707A
:1081F00000F83150002105EB850200EBC200C17090
:1082000005EB850204F5B47000EBC200016105EBDB
:10821000850204F5B47000EBC200416105EB8502F4
:1082200004F5B47000EBC2008161681CC5B26068DF
:10823000A842D1D8142204F110016846FDF782FB50
:1082400094E80F0006F0E2FF20B1022084F8A902B2
:10825000012063E7002084F82400012084F8A902AB
:10826000206806F0D0FF002058E7000038B504462B
:108270000D492068884215D100BF0C48C06940F400
:1082800000000A49C8610846C06900F40000009077
:1082900000BF00BF002211461420FFF71BF9142075
:1082A000FFF708F938BD0000005C004000100240F4
:1082B00070B504460125A068022801D0FDF7AFFC87
:1082C0002946D4F8E80206F009F9D4F8E80206F0E5
:1082D000BBF870BD10B50446D4F8E80206F0E2F829
:1082E00010BD10B50446D4F8E80206F0E6F810BD5B
:1082F00070B504460D4600BF94F8A802012801D1CC
:10830000022070BD012084F8A80200BF84F8245028
:108310002946206807F030FE00BF002084F8A8023C
:1083200000BF00BFEDE710B5044604F52C71D4F88A
:10833000E80206F0EAF810BD10B5044600BF94F854
:10834000A802012801D1022010BD012084F8A80252
:1083500000BF206807F0D2FD01212046FFF72EF96B
:10836000206806F04DFF00BF002084F8A80200BF7F
:1083700000BFE9E710B50446D4F8E80206F01EF99C
:10838000A06928B10348006840F006000149086070
:1083900010BD000010ED00E00120014908627047A7
:1083A00000000E422DE9F04385B006463BA30FCBFB
:1083B00001AC0FC43DA0006800904FF000080025FC
:1083C00000270024A146012E30D0022E55D0102EB9
:1083D0005ED137484468006800F0807000B301A89F
:1083E000C4F38341475C04F4803070B13048406886
:1083F000C0F340401DF8008004F4803040B12D48A7
:10840000B0FBF8F000FB07F502E02B4807FB00F596
:108410002748406800F48000B0F5800F01D1A946DC
:1084200003E068000321B0FBF1F932E02048046A60
:1084300004F44070B0F5807F05D104F0020010B163
:108440004FF4004918E004F44070B0F5007F07D104
:108450001748406A00F0020010B149F640490BE0AD
:1084600004F44070B0F5407F06D11148006800F474
:10847000003008B14FF224490BE000F09BF90C49A1
:108480004968C1F38131491C4900B0FBF1F900E0B2
:1084900000BF00BF484605B0BDE8F08302030405F5
:1084A000060708090A0B0C0D0E0F10100102000040
:1084B0000010024000127A0000093D00F8B50446A1
:1084C00000260025207800F0010000286BD000274E
:1084D0004348C06900F0805070B900BF4048C0698F
:1084E00040F080503E49C8610846C06900F08050A5
:1084F000009000BF00BF01273A48006800F4807078
:10850000B0B93848006840F4807036490860FEF71A
:1085100099FB064606E0FEF795FB801B642801D90F
:108520000320F8BD2F48006800F480700028F2D0C6
:108530002B48006A00F440752DB3A08800F4407009
:10854000A84220D02648006A20F440750120264920
:108550000860002008602248056205F0010090B123
:10856000FEF770FB064608E0FEF76CFB801B41F24D
:108570008831884201D90320D3E71948006A00F006
:1085800002000028F0D01648006A20F440706168AC
:10859000084313490862012F04D10846C06920F03E
:1085A0008050C86100BF207800F00200022807D187
:1085B0000B48406820F44040A168084308494860DF
:1085C000207800F01000102807D10548406820F4FA
:1085D0008000E1680843024948600020A1E70000EC
:1085E000001002400070004040044242704700000A
:1085F00070B504460D460CB9012070BD5A4800689C
:1086000000F00700A8420ED25748006820F007008B
:108610002843554908600846006800F00700A84252
:1086200001D00120E9E7207800F0020002281DD1E6
:10863000207800F00400042805D14C48406840F43C
:10864000E0604A494860207800F00800082805D119
:108650004648406840F46050444948604348406898
:1086600020F0F000A168084340494860207800F0FD
:10867000010078B36068012806D13C48006800F426
:10868000003090B90120B8E76068022806D1374869
:10869000006800F0007040B90120AEE73348006880
:1086A00000F0020008B90120A7E73048406820F038
:1086B0000300616808432D494860FEF7C3FA064687
:1086C00009E0FEF7BFFA801B41F28831884202D9E7
:1086D000032092E707E02548406800F00C0061683D
:1086E000B0EB810FEDD12048006800F00700A842F0
:1086F0000ED91D48006820F0070028431A49086079
:108700000846006800F00700A84201D0012074E785
:10871000207800F00400042807D11448406820F4B1
:10872000E060E168084311494860207800F00800E3
:10873000082808D10D48406820F46050216940EABB
:10874000C1000A49486000F045F808494968C1F38A
:108750000311074A515CC840064908600648006892
:10876000FEF758FE002048E70020024000100240BB
:1087700080180108340100201C010020012001495B
:10878000C86470470000424201480068704700001A
:108790003401002000B5FFF7F7FF04494968C1F331
:1087A0000221034A515CC84000BD00000010024095
:1087B0009018010800B5FFF7E7FF04494968C1F3C5
:1087C000C221034A515CC84000BD000000100240B5
:1087D00090180108F0B585B00FF26C0C9CE8E01021
:1087E00001A8A0E8E0101CA52D680095002100223A
:1087F000002300240020194D696801F00C05F5B133
:10880000042D02D0082D19D101E0154819E001AD61
:10881000C1F38346AC5D01F4803555B10F4D6D68F1
:10882000C5F340451DF805200D4D6543B5FBF2F33A
:1088300002E00C4D04FB05F3184602E000BF0848B7
:1088400000BF00BF05B0F0BD02030405060708091C
:108850000A0B0C0D0E0F1010010200000010024058
:1088600000127A0000093D0010B50648806800F04B
:108870008000802804D1FFF7B9FE8020014988726A
:1088800010BD000000100240F8B504460CB90120EC
:10889000F8BD207800F00100002878D0F848406842
:1088A00000F00C0004280CD0F548406800F00C00E3
:1088B000082811D1F248406800F48030B0F5803FBC
:1088C0000AD1EF48006800F4003000285FD06068EB
:1088D00000285CD10120DBE700BF6068B0F5803F75
:1088E00006D1E748006840F48030E549086028E098
:1088F000606858B9E248006820F48030E0490860B8
:108900000846006820F4802008601AE06068B0F52E
:10891000A02F0BD1DA48006840F48020D8490860C5
:108920000846006840F4803008600AE0D4480068D7
:1089300020F48030D24908600846006820F4802086
:10894000086000BF606888B1FEF77CF9054606E064
:10895000FEF778F9401B642801D9032098E7C8483E
:10896000006800F400300028F2D010E0FEF76AF949
:10897000054606E0FEF766F9401B642801D903208E
:1089800086E7BF48006800F400300028F2D1207864
:1089900000F00200022857D1B948406800F00C00EE
:1089A00050B1B748406800F00C00082818D1B4480E
:1089B000406800F4803098B9B148006800F00200C7
:1089C00020B12069012801D0012061E7AC4800688E
:1089D00020F0F800616940EAC100A949086033E06D
:1089E0002069E8B10120A7490860FEF72BF9054688
:1089F00006E0FEF727F9401B022801D9032047E7CC
:108A00009F48006800F002000028F2D09C480068EF
:108A100020F0F800616940EAC1009949086013E05C
:108A2000002098490860FEF70DF9054606E0FEF7BC
:108A300009F9401B022801D9032029E79048006862
:108A400000F002000028F2D1207800F00800082889
:108A50002DD1A069B8B101208B490860FEF7F2F86A
:108A6000054606E0FEF7EEF8401B022801D9032078
:108A70000EE78348406A00F002000028F2D001208F
:108A800003F030FF13E000207F490860FEF7DAF8BA
:108A9000054606E0FEF7D6F8401B022801D9032060
:108AA000F6E67748406A00F002000028F2D120780C
:108AB00000F00400042873D100277148C06900F059
:108AC000805070B900BF6E48C06940F080506C495A
:108AD000C8610846C06900F08050009000BF00BF28
:108AE00001276A48006800F48070B0B967480068E0
:108AF00040F4807065490860FEF7A4F8054606E07A
:108B0000FEF7A0F8401B642801D90320C0E65F48A7
:108B1000006800F480700028F2D000BFE0680128EF
:108B200006D15748006A40F001005549086227E025
:108B3000E06858B95248006A20F0010050490862C4
:108B40000846006A20F00400086219E0E068052881
:108B50000BD14B48006A40F00400494908620846BE
:108B6000006A40F0010008620AE04548006A20F00F
:108B70000100434908620846006A20F004000862C8
:108B800000BFE068A0B1FEF75DF8054609E0FEF71A
:108B900059F8401B41F28831884202D9032077E618
:108BA00022E03748006A00F002000028EFD012E00F
:108BB000FEF748F8054608E0FEF744F8401B41F28E
:108BC0008831884201D9032062E62D48006A00F00E
:108BD00002000028F0D1012F05D12948C06920F0FA
:108BE00080502749C86100BFE069C8B32448406885
:108BF00000F00C00082860D0E069022848D100206D
:108C000020490866FEF71EF8054606E0FEF71AF84A
:108C1000401B022801D903203AE61948006800F0F9
:108C200000700028F2D1206AB0F5803F07D11448C7
:108C3000406820F40030A168084311494860D4E935
:108C4000080108430E49496821F4741108430C498E
:108C5000486001200B490866FDF7F4FF054607E070
:108C60003DE0FDF7EFFF401B022801D903200FE68E
:108C70000348006800F000700028F2D02FE00000E8
:108C80000010024000004242800442420070004056
:108C9000002014490866FDF7D5FF054606E0FDF7FC
:108CA000D1FF401B022801D90320F1E50E480068DE
:108CB00000F000700028F2D111E0E069012800D135
:108CC000E6E50948466806F48031206A814204D10D
:108CD00006F47011606A814201D00120D8E50020BD
:108CE000D6E5000000004242001002402DE9F047A6
:108CF00080460E469246002500270024A1464046A5
:108D000003F049FE81462548B9FBF0F42448006889
:108D1000A04240D02248046040F2B2750EE02846DE
:108D200007F000FB012806D1B4F5B77F02D3A4F504
:108D3000B77402E005E0A4F26D146D1CB4F5B67FC3
:108D4000EDD800BF2F46A5F5FA60F070002515E0BC
:108D5000012D09D1384607F0E5FA012804D11D2C70
:108D600001D31D3C09E00BE00E48405DA04203D852
:108D70000C48405D241A00E002E06D1C1C2CE7D278
:108D800000BF681C7070601CB070B2787178F078A9
:108D900003F01BFE30700020BDE8F0878051010019
:108DA00030010020741801082DE9F04707460C46F1
:108DB00091460026B046002538684068C0F3800020
:108DC00010B10120BDE8F087384603F0E4FD064607
:108DD0004FF46160B6FBF0F5B6FBF0F100FB1160FB
:108DE0003C21B0FBF1F060704FF46160B6FBF0F134
:108DF00000FB11603C21B0FBF1F201FB1200A070FE
:108E00001820B5FBF0F100FB11502070182D08D38D
:108E10001820B5FBF0F8B5FBF0F100FB1150207005
:108E200000E025700020CDE770B5044600250CB9A0
:108E3000012070BD607C20B900202074204600F025
:108E40005BF802206074204600F085F918B1042018
:108E500060740120EDE7204603F063FD18B10420A3
:108E600060740120E5E72068406820F00700216871
:108E70004860A06828B11F48006820F001001D4923
:108E800008601C48001F006820F46070A168084357
:108E90001849091F08606068401C08B1656809E04E
:108EA0000120FFF77FFA05461DB9042060740120F8
:108EB000BFE76D1E2068806820F00F0040EA154073
:108EC000216888602068C06865F30F002168C86069
:108ED000204603F043FD18B1042060740120A8E788
:108EE0000021E17301216173A173012060740020EE
:108EF0009FE70000306C004038B504460B492068FD
:108F0000884212D1FFF748FA00BF0948C06940F013
:108F100000600749C8610846C06900F00060009021
:108F200000BF00BF01200349086038BD0028004091
:108F3000001002403C0442422DE9F04F87B0064643
:108F40000F464FF00009002006908046002405904F
:108F500004900390824600BF48A207CA8DE807002C
:108F6000304603F018FD81464FF46160B9FBF0F024
:108F700006904FF46160B9FBF0F100FB11903C21C9
:108F8000B0FBF1F0C0B204904FF46160B9FBF0F1B6
:108F900000FB11903C21B0FBF1F201FB12000390A9
:108FA00018210698B0FBF1F201FB12000590F87849
:108FB00000F5FA6840F63300804500D9804640F25B
:108FC000B270804500D2804640F2B2750AE0284671
:108FD00007F0A8F9012802D12B48044401E02B48EE
:108FE00004446D1C4545F2D397F801A0404607F0B4
:108FF00099F9012804D1BAF1020F01D92448044497
:10900000AAF1010A002507E01DF8050040F2A3219E
:10901000484304EBC0146D1C5545F5D397F802B0D6
:10902000ABF1010040F2A321484304EBC0140598C2
:10903000C0EB4011C1EB002004EB00140498C0EB1E
:10904000001004EB80040398044400BF307C012826
:1090500003D1022007B0BDE8F08F0120307400BFBB
:10906000022070742146304603F0F1FC0120707438
:1090700000BF0020307400BF00BFEBE71F1C1F1EA5
:109080001F1E1F1F1E1F1E1F0085E2018033E101EE
:10909000805101002DE9F05F04460D469046002600
:1090A0000027B146B246204603F075FC07464FF450
:1090B0006160B7FBF0F9B9F1180F0AD31820B9FBBA
:1090C000F0FA0AEB4A00C0004FF4616100FB01F7BF
:1090D00000E0002700BF207C012802D10220BDE86B
:1090E000F09F0120207400BF02206074B8F1000FCF
:1090F0000BD128784FF4616148436978C1EB0111C5
:1091000000EB8100A978461812E0287803F0FEFBF6
:109110004FF4616100FB01FB687803F0F7FBC0EBE3
:1091200000100BEB800BA87803F0F0FB0BEB0006B4
:109130003E443146204603F08AFC2068406820F017
:109140000500216848600120607400BF0020207481
:1091500000BF00BFC3E770B5044600250CB901206D
:1091600070BD2068406820F0080021684860FDF765
:1091700069FD054607E0FDF765FD401BB0F57A7F08
:1091800001D90320ECE72068406800F008000028BF
:10919000F1D00020E4E710B504460CB9012010BD61
:1091A000606A38B96068B0F5827F00D105E00021BF
:1091B000E16102E00021216161610021A16294F876
:1091C000510028B9002084F85000204600F042F8F1
:1091D000022084F851002068006820F040002168D7
:1091E0000860A08800F48270218901F404410843DA
:1091F000A18901F400610843217C01F002010843C8
:10920000217D01F001010843218B01F40071084325
:10921000217F01F0380108432021095D01F0800120
:109220000843218D01F4005108432168086004219E
:10923000A06901EA1040216848602068C06920F4F4
:1092400000602168C86100206065012084F8510039
:109250000020A4E710B586B00446002002900390D9
:10926000049005901949206888422DD100BF184804
:10927000806940F48050164988610846806900F48E
:109280008050019000BF00BF00BF0846806940F0D9
:10929000040088610846806900F00400019000BF66
:1092A00000BFA0200290022003900320059002A995
:1092B0000848FDF729FB402002900020039004900D
:1092C00002A90448FDF720FB06B010BD00300140A4
:1092D000001002400008014070B504462546681E93
:1092E000B0F1807F01D301200FE0681E4FF0E02134
:1092F00048610F214FF0FF3006F094FE00204FF040
:10930000E021886107200861002070BD7047704728
:1093100030B502460B4600BF92F83C00012801D14F
:10932000022030BD012082F83C0000BF022082F8FC
:109330003D00106844681068816824F07004186863
:10934000044310684460104D1068A8420BD01068A8
:10935000B0F1804F07D00D4D1068A84203D00C4DDE
:109360001068A84205D121F08001586801431068B7
:109370008160012082F83D0000BF002082F83C009F
:1093800000BF00BFCDE70000002C014000040040FA
:109390000008004010B504460CB9012010BD94F837
:1093A0003D0028B9002084F83C00204600F026F853
:1093B000022084F83D00211D206803F0E3FF012016
:1093C00084F8460000BF84F83E0001213F2001558B
:1093D000402001554120015500BF00BF012084F805
:1093E000420043200155442001554520015500BF4E
:1093F000012084F83D000020D0E7000038B5044685
:109400001A492068884216D100BF1948C06940F047
:1094100002001749C8610846C06900F002000090C8
:1094200000BF00BF002211461D20FEF753F81D208B
:10943000FEF740F819E02068B0F1804F15D100BF69
:109440000B48C06940F001000949C8610846C0697D
:1094500000F00100009000BF00BF022211461C2056
:10946000FEF738F81C20FEF725F838BD0004004050
:1094700000100240014691F83D00012801D0012072
:109480007047022081F83D00124B086898420BD0CB
:109490000868B0F1804F07D00F4B0868984203D09E
:1094A0000E4B086898420CD10868806800F00702EB
:1094B000062A0CD00868006840F001000B681860AC
:1094C00005E00868006840F001000B6818600020A3
:1094D000D6E70000002C01400004004000080040D6
:1094E0002DE9F04104460D4600BF94F83C000128E8
:1094F00002D10220BDE8F081012084F83C0000BFC9
:10950000022084F83D002068866826F0770626F45D
:109510007F46206886602868502833D00CDC2028DD
:1095200050D004DC00284BD0102851D149E030281D
:1095300049D040284CD139E060282DD0702807D080
:10954000B0F5805F03D0B0F5005F41D10DE040E0A1
:10955000D5E902136A68206803F04EFF2068866828
:1095600046F077062068866033E0D5E902136A6822
:10957000206803F041FF2068806840F48040216843
:10958000886026E0EA686968206803F049FF502196
:10959000206803F03CFF1CE0EA686968206803F07B
:1095A00052FF6021206803F032FF12E0EA68696828
:1095B000206803F035FF4021206803F028FF08E011
:1095C00000BF00BF00BF2968206803F020FF00E053
:1095D00000BF00BF012084F83D0000BF002084F8D8
:1095E0003C0000BF00BF85E7704710B50446206807
:1095F0000069C0F34000D8B12068C068C0F34000E3
:10960000B0B16FF002002168086101202077206866
:10961000806900F0030018B12046FFF7E5FF05E080
:10962000204600F0ADF8204600F0ABF8002020778F
:1096300020680069C0F38000D8B12068C068C0F31A
:109640008000B0B16FF0040021680861022020772B
:109650002068806900F4407018B12046FFF7C4FF0D
:1096600005E0204600F08CF8204600F08AF8002043
:10967000207720680069C0F3C000D8B12068C068B6
:10968000C0F3C000B0B16FF0080021680861042089
:1096900020772068C06900F0030018B12046FFF76A
:1096A000A3FF05E0204600F06BF8204600F069F8C3
:1096B0000020207720680069C0F30010D8B120682E
:1096C000C068C0F30010B0B16FF0100021680861ED
:1096D000082020772068C06900F4407018B1204647
:1096E000FFF782FF05E0204600F04AF8204600F030
:1096F00048F8002020772068006900F0010058B188
:109700002068C06800F0010030B16FF001002168EE
:109710000861204600F036F820680069C0F3C010E8
:1097200058B12068C068C0F3C01030B16FF080003D
:10973000216808612046FFF7E9FD20680069C0F351
:10974000801058B12068C068C0F3801030B16FF04D
:10975000400021680861204600F020F82068006978
:10976000C0F3401058B12068C068C0F3401030B159
:109770006FF02000216808612046FFF7C8FD10BD8A
:109780007047704710B5044603492068884201D1EC
:1097900003F09CFC10BD00000004004070477047BF
:1097A000704700002DE9F84F0446206805682068DE
:1097B000C668206847694FF00009CA4605F00F09DE
:1097C000B9F1000F0AD105F0200038B106F02000F1
:1097D00020B1204603F080FEBDE8F88FB9F1000FFC
:1097E00071D007F0010018B906F4907000286AD013
:1097F00005F0010030B106F4807018B1206C40F023
:109800000100206405F0040030B107F0010018B138
:10981000206C40F00200206405F0020030B107F037
:10982000010018B1206C40F00400206405F008002D
:1098300048B106F0200010B907F0010018B1206C03
:1098400040F008002064206C68B305F0200028B1C7
:1098500006F0200010B1204603F03EFE206840696B
:10986000C0F3801A206C00F0080010B9BAF1000FA4
:1098700022D0204603F005FE2068406900F0400039
:10988000B0B12068406920F0400021684861A06BB9
:1098900050B15648A16B4863A06BFCF7F7FE10B1BE
:1098A000A06B416B88470CE02046FFF779FF08E08A
:1098B0002046FFF775FF04E02046FFF771FF002008
:1098C000206489E7FFE7206B012878D105F01000BC
:1098D000002874D006F01000002870D000BF0020CF
:1098E000009020680068009020684068009000BFE9
:1098F00000BF2068406900F04000C0B3A06B006862
:1099000040681FFA80F8B8F1000F2FD0A08D4045B5
:109910002CDDA4F82E80A06B806920281FD0206841
:10992000C06820F480702168C8602068406920F019
:109930000100216848612068406920F040002168EA
:109940004861202084F83E00002020632068C06821
:1099500020F010002168C860A06BFCF76BFEA08DA2
:10996000E28D801A81B22046FFF719FF34E7FFE746
:10997000A08DE18D401A1FFA80F8E08DE8B1B8F1B2
:10998000000F1AD02068C06820F490702168C86069
:109990002068406920F0010021684861202084F897
:1099A0003E00002020632068C06820F0100021687D
:1099B000C86041462046FFF7F2FE0DE7FFE705F0DD
:1099C000800030B106F0800018B1204603F074FE2C
:1099D00002E705F0400030B106F0400018B1204623
:1099E00003F06AFDF8E600BFF6E600006FD4000859
:1099F00010B504460CB9012010BDA06900B100E00B
:109A000000BF94F83D0028B9002084F83C002046AF
:109A100000F028F8242084F83D002068C06820F475
:109A200000502168C860204603F0C8FD2068006926
:109A300020F49040216808612068406920F02A00E5
:109A4000216848612068C06840F400502168C860FF
:109A500000202064202084F83D0084F83E0000208F
:109A6000CAE7000010B586B00446002002900390BB
:109A7000049005905D49206888423FD100BF5C4852
:109A8000806940F480405A4988610846806900F442
:109A90008040019000BF00BF00BF0846806940F0D1
:109AA000080088610846806900F00800019000BF46
:109AB00000BF40200290022003900320059002A9DD
:109AC0004C48FCF721FF8020029000200390049076
:109AD00002A94848FCF718FF00BF4749486840F012
:109AE000E06040F00400486000BF002211462520DD
:109AF000FDF7F0FC2520FDF7DDFC75E03F4920680F
:109B0000884236D100BF3A48C06940F40030384935
:109B1000C8610846C06900F40030019000BF00BF72
:109B200000BF0846806940F00400886108468069EB
:109B300000F00400019000BF00BF0420029002204A
:109B400003900320059002A92D48FCF7DDFE0820B4
:109B5000029000200390049002A92948FCF7D4FE4B
:109B6000002211462620FDF7B5FC2620FDF7A2FCB9
:109B70003AE024492068884236D100BF1C48C069B9
:109B800040F480201A49C8610846C06900F480206A
:109B9000019000BF00BF00BF0846806940F0080088
:109BA00088610846806900F00800019000BF00BF8E
:109BB00008150290022003900320059002A90D4889
:109BC000FCF7A2FE4FF40060029000200390049086
:109BD00002A90848FCF798FE002211462720FDF74D
:109BE00079FC2720FDF766FC06B010BD0038014067
:109BF00000100240000C0140000001400044004001
:109C0000000801400048004070472DE9F84F044625
:109C10000E46174699464FF0000A94F83D0020285A
:109C20005AD106B117B90120BDE8F88F00BF94F8EA
:109C30003C00012801D10220F6E7012084F83C0015
:109C400000BF00202064212084F83D00FCF7FAFFCB
:109C50008246A784E784A068B0F5805F04D12069BC
:109C600010B90025B04602E035464FF0000800BFAD
:109C7000002084F83C0000BF1BE0534600228021F6
:109C80002046CDF8009003F047FD08B10320CBE754
:109C900045B9B8F80000C0F308002168486008F131
:109CA000020803E02878216848606D1CE08C401EA3
:109CB000E084E08C0028E0D1534600224021204679
:109CC000CDF8009003F028FD08B10320ACE7202078
:109CD00084F83D000020A7E70220A5E7704700BFF9
:109CE000FEE7014608684069C0F38020B0B16FF418
:109CF00080600A68506100200863202081F83D00E0
:109D0000002081F83E00086C40F00400086400BFA9
:109D1000002081F83C0000BF012070470020FCE7D4
:109D20002DE9F84304460D4690461E46E76A206832
:109D3000006840F4806021680860082F04D0012F7B
:109D400002D017F5803F06D12068006840F480708B
:109D50002168086008E0206B112805D120680068A0
:109D600040F4807021680860434600224FF00111E2
:109D70002046009600F0FEF860B12068006800F40C
:109D80008070B0F5807F02D14FF400702064032012
:109D9000BDE8F8832069B0F5804F05D1E8B240F006
:109DA00001002168086149E005F44070F02141EAB2
:109DB000E01021680861334642462649204600F0FB
:109DC00021F908B10120E3E7E8B2216808613346D0
:109DD00042462049891F204600F014F908B10120AD
:109DE000D6E700BF002000902068406900902068FE
:109DF0008069009000BF00BF2068006840F4807058
:109E000021680860434600224FF001112046009669
:109E100000F0B0F858B12068006800F48070B0F528
:109E2000807F02D14FF4007020640320B0E705F476
:109E30004070F12141EAE010216808613346424652
:109E40000449891F204600F0DDF808B101209FE792
:109E500000209DE7080001002DE9F84304460D4667
:109E600017469846E66A082E04D0012E02D016F551
:109E7000803F06D12068006840F480702168086047
:109E800008E0206B122805D12068006840F480703B
:109E9000216808603B4600224FF001112046CDF8B2
:109EA000008000F067F860B12068006800F48070FE
:109EB000B0F5807F02D14FF4007020640320BDE82C
:109EC000F8832069B0F5804F04D105F0FE002168C9
:109ED000086112E005F44070F02141EAE0102168C9
:109EE000086143463A460B49204600F08BF808B11A
:109EF0000120E4E7E8B22168086143463A46054993
:109F0000891F204600F07EF808B10120D7E7002025
:109F1000D5E700000800010070B504460D4616465E
:109F200020E02046FFF7DDFE08B1012070BD681C6F
:109F3000C0B1FCF787FE801BA84200D895B900206D
:109F40002063202084F83D00002084F83E00206C2F
:109F500040F02000206400BF002084F83C0000BFD7
:109F60000120E3E720684069C0F380000028D8D0D2
:109F70000020DBE72DE9F04704460D4617461E4654
:109F8000DDF820804FF000091FE0701CE8B109F1F6
:109F90000109FCF757FEA0EB0800B04200D8A6B9B3
:109FA00000202063202084F83D00002084F83E003B
:109FB000206C40F02000206400BF002084F83C00AA
:109FC00000BF81460120BDE8F087C5F307400128A6
:109FD0000AD120684069A9B20840A9B2884201D1DB
:109FE00001200BE0002009E020688069A9B2084048
:109FF000A9B2884201D1012000E00020B842C4D0BB
:10A000000020E0E72DE9F04104460D4616461F46C4
:10A010003DE020684069C0F38020E8B12068006816
:10A0200040F40070216808606FF480602168486126
:10A0300000202063202084F83D00002084F83E00AA
:10A04000206C40F00400206400BF002084F83C0035
:10A0500000BF0120BDE8F081701CC0B1FCF7F2FD2B
:10A06000C01BB04200D896B900202063202084F89D
:10A070003D00002084F83E00206C40F02000206469
:10A0800000BF002084F83C0000BF0120E2E7C5F3D8
:10A09000074001280AD120684069A9B20840A9B246
:10A0A000884201D101200BE0002009E0206880698E
:10A0B000A9B20840A9B2884201D1012000E00020E5
:10A0C0000028A6D00020C5E770B504460D46164608
:10A0D00032E020684069C0F30010A0B16FF01000BA
:10A0E0002168486100202063202084F83D00002082
:10A0F00084F83E00206C206400BF002084F83C00FF
:10A1000000BF012070BDFCF79DFD801BA84200D858
:10A1100095B900202063202084F83D00002084F8B9
:10A120003E00206C40F02000206400BF002084F836
:10A130003C0000BF0120E5E720684069C0F38010C3
:10A140000028C6D00020DDE770B504460D4616464F
:10A1500020E02046FFF7C5FD08B1012070BD681C56
:10A16000C0B1FCF76FFD801BA84200D895B9002054
:10A170002063202084F83D00002084F83E00206CFD
:10A1800040F02000206400BF002084F83C0000BFA5
:10A190000120E3E720684069C0F3C0100028D8D050
:10A1A0000020DBE730B59FB004460D4670223949E8
:10A1B00003A8FBF7C7FB332D50D006DC102D0BD0C6
:10A1C000122D58D0142D63D121E0352D2CD0372DF0
:10A1D00010D0392D5CD134E003A86021A300CDE973
:10A1E00000102D4802782D492D4801F07DFEC0B2A7
:10A1F0001FB030BD07A86121A300CDE9001026489B
:10A2000002782649264801F06FFEC0B2F0E70BA89D
:10A210006021A300CDE900101F4802781F492048A3
:10A2200001F062FEC0B2E3E70FA86121A300CDE90F
:10A230000010194802781949194801F055FEC0B2BA
:10A24000D6E713A86121A300CDE9001012480278D7
:10A250001249134801F048FEC0B2C9E717A86121AE
:10A26000A300CDE900100C4802780C490C4801F01D
:10A270003BFEC0B2BCE71BA86021A300CDE90010E3
:10A28000054802780549064801F02EFEC0B2AFE746
:10A290000120ADE7981801087000002090210020EF
:10A2A0005809002070B504460D462246294602484A
:10A2B00001F05CFEC0B270BD580900207FB50646B3
:10A2C0000C46324669462A4801F050FE10B1012082
:10A2D00004B070BD00250BE01DF8051005F1080065
:10A2E0001DF80000814201D00120F1E7681CC5B2D1
:10A2F000042DF1DB00250CE0281D1DF800001DF8E1
:10A30000051081F0FF01884201D00120E0E7681CC0
:10A31000C5B2042DF0DB9DF80C0050B99DF80D007E
:10A32000FF2806D19DF80E0018B99DF80F00FF28F0
:10A3300001D00120CCE79DF80300206020680002D6
:10A3400020609DF802102068084420602068000208
:10A3500020609DF8011020680844206020680002F9
:10A3600020609DF800102068084420600020AFE7BE
:10A370005809002070B504463223002221460D48BA
:10A3800001F0A4FE0C49086008460068401C30B982
:10A390000020E070A07060702070012070BD00256A
:10A3A00004E0605D05494855681CC5B2042DF8DB22
:10A3B0000020F3E7580900207000002090210020C1
:10A3C00070B504460D4622462946024801F0FCFDC0
:10A3D000C0B270BD5809002030B585B005460C46A6
:10A3E0002DA000680490E0B28DF81000200A8DF8CE
:10A3F0001100200C8DF81200200E8DF813009DF82E
:10A4000010008DF800009DF811008DF801009DF8F6
:10A4100012008DF802009DF813008DF803009DF8DE
:10A42000100080F0FF008DF804009DF8110080F00E
:10A43000FF008DF805009DF8120080F0FF008DF8F8
:10A4400006009DF8130080F0FF008DF807009DF8CE
:10A4500010008DF808009DF811008DF809009DF896
:10A4600012008DF80A009DF813008DF80B000020F3
:10A470008DF80C00FF208DF80D0000208DF80E00E7
:10A48000FF208DF80F002A466946044801F09CFD24
:10A49000C0B205B030BD0000010000005809002026
:10A4A0002DE9F043ADF50F7D06468846C82500200E
:10A4B0008790869000249D48007801280BD19C4904
:10A4C0000C70200A4870200C8870200EC870AB20D9
:10A4D0000871CD204871FCF7B5FB07460025002028
:10A4E000944908601EE14AF6AA2093490968086069
:10A4F0009048006888B191480078632803D08F485D
:10A50000007843280CD18EA006F050FF0020894926
:10A5100008600DF50F7DBDE8F083002085490860D7
:10A52000FCF790FBC01B44F62061884205D9012549
:10A5300090A006F03BFF0120EBE78CA8FFF71AFF85
:10A5400020B18CA8FFF716FF00B1EBE08E48007831
:10A5500060B977490C70200A4870200C8870200E72
:10A56000C870AB200871CD2048710DE00024704800
:10A570000470200A6E494870200C8870200EC87044
:10A58000AB200871CD204871002088907F4800786A
:10A5900018B17F480068899001E0899889908AA85D
:10A5A0008BA985AA86ABCDE90432CDE9061087A830
:10A5B00078490968784A1268784B1B68CDE90032FF
:10A5C000CDE9021070490978491CC8B2334689AAFE
:10A5D00088A900F0B5FA0546012D01D0092D3DD11D
:10A5E0008AA88BA985AA86ABCDE90432CDE90610ED
:10A5F00087A868490968684A1268684B1B68CDE9F2
:10A600000032CDE9021060490978491CC8B23346CE
:10A6100089AA88A900F094FA0546012D01D0092DD8
:10A620001CD18AA88BA985AA86ABCDE90432CDE9D5
:10A63000061087A857490968574A1268574B1B6884
:10A64000CDE90032CDE902104F490978491CC8B262
:10A65000334689AA88A900F073FA0546012D03D074
:10A660000D2D01D0092D3FD18AA88BA985AA86ABD3
:10A67000CDE90432CDE9061087A846490A68464963
:10A680000968464B1B68CDE90031CDE902203E49FF
:10A690000978491CC8B2334689AA88A900F050FA43
:10A6A0000546012D03D00D2D01D0092D1CD18AA8FE
:10A6B0008BA985AA86ABCDE90432CDE9061087A81F
:10A6C00034490A6834490968344B1B68CDE90031C4
:10A6D000CDE902202C490978491CC8B2334689AA21
:10A6E00088A900F02DFA054628480078C8B1879A55
:10A6F00088998698CDE90206CDE900122A462849B4
:10A7000008A8899B05F072FC08A806F04FFE08A86F
:10A71000FBF73CF98146494608A8FBF72CF90120D4
:10A72000F7E600E0DFE600BF2846F2E64B00002037
:10A73000801D00200800002070090020D0040020A7
:10A740007B2252656365697665223A7B2253746188
:10A75000747573223A32367D2C2243223A7B22547E
:10A76000797065223A2243616E73656C227D7D0AA1
:10A77000000000007B2243223A7B225374617475EF
:10A7800073223A317D7D0A004D0200204C000020EA
:10A790004400002028000020240000202000002089
:10A7A00014190108002001E0411CC8B20128FBDB9C
:10A7B000704730B50B46002100BF16E00A24B4EB09
:10A7C000107F05D9302404EB107403F8114005E024
:10A7D000412404EB10740A3C03F8114000010025E9
:10A7E0004C00641C1D554C1CE1B29142E6DB30BDAF
:10A7F00010B5034801F071FB014801F0C5FC10BD24
:10A800005809002000B585B0002001900290039007
:10A81000049000BF3548806940F0100033498861DA
:10A820000846806900F01000009000BF00BF00BF24
:10A830000846806940F0200088610846806900F081
:10A840002000009000BF00BF00BF0846806940F0B4
:10A85000040088610846806900F00400009000BF91
:10A8600000BF00BF0846806940F0080088610846C4
:10A87000806900F00800009000BF00BF00224FF484
:10A88000E2611B48FCF7D8F9002201211948FCF7C6
:10A89000D3F94FF4E2600190012002900020039070
:10A8A0000320049001A91248FCF72EF80120019022
:10A8B0000290002003900220049001A90D48FCF7AB
:10A8C00023F80122D1030A48FCF7B6F94FF40040FF
:10A8D000019001200290002003900320049001A920
:10A8E0000348FCF711F805B000BD0000001002405D
:10A8F00000080140000C014010B50C480C490860EC
:10A900000C48486000210A4881609021C1604FF4E2
:10A9100080410161002141618161C1610162FCF7F7
:10A9200097F908B1FBF77BF910BD00000054004017
:10A930007C090020801A060010B507480749086006
:10A940000620486040F6FF7104488160FCF712FD64
:10A9500008B1FBF764F910BD003000407009002019
:10A960001CB50020019000900748084908604FF08E
:10A97000FF3048604FF4807104488160FEF754FA5C
:10A9800008B1FBF74CF91CBD00280040D00900209D
:10A9900010B50F480F4908604FF4827048600021DD
:10A9A0000C488160C160016141614FF400718161B7
:10A9B0001821C161802101620021416281620A2166
:10A9C000C162FEF7E8FB08B1FBF729F910BD0000F2
:10A9D00000300140E409002000B587B0002003905A
:10A9E0000490059006900190029014481449086064
:10A9F00040F2DB5048600021114881600121C160B4
:10AA0000002101618161FEF7C5FC08B1FBF707F980
:10AA10004FF48050039003A90948FEF761FD08B187
:10AA2000FBF7FDF800200190029001A90448FEF711
:10AA30006FFC08B1FBF7F3F807B000BD000400405D
:10AA40003C0A002010B5094809490860002108485F
:10AA50008160C16001610C21416100218161C1619E
:10AA6000FEF7C6FF08B1FBF7DAF810BD0038014069
:10AA7000840A002010B50B480B4908604FF4E13000
:10AA80004860002108488160C16001610C2141617A
:10AA900000218161C161FEF7ABFF08B1FBF7BFF890
:10AAA00010BD000000440040C80A00201FB500206F
:10AAB00000900190029003904FF48050009001208C
:10AAC0000190022002900320039069461448FBF78E
:10AAD0001BFF00224FF480511148FCF7ADF86420B1
:10AAE000FBF72CFE00220F490F4803F004FB08B1CE
:10AAF000FBF795F80D490C4803F096FD08B1FBF7FC
:10AB00008EF80B49084802F09CFF08B1FBF787F864
:10AB1000054803F053FE08B1FBF781F81FBD0000A4
:10AB200000080140B0000020500B00204801002028
:10AB30000801002000BFFEE7FDF796FE00BFFEE71C
:10AB40002DE9FF4F91B00F4698460026B3460120ED
:10AB50000390002002900190FA480078012811D05B
:10AB6000022802D0032827D119E00520F6490870F1
:10AB70001520F64908703720F54908702020F5495E
:10AB8000087026E00420F04908701020EF49087092
:10AB90003920EF4908700020EE49087019E00520BF
:10ABA000E94908701520E94908703720E84908701C
:10ABB0004020E84908700CE00520E34908701420A3
:10ABC000E24908703720E24908700020E149087026
:10ABD00000BF00BF0020E049087082460021219894
:10ABE000016022980160DCE00AF1010000F0FF0A38
:10ABF00000200390039800283BD10DA8FFF7BAFB73
:10AC000028B10DA8FFF7B6FB08B1761CC9E04AF6DB
:10AC1000AA20D24909680860761C002405E00DA826
:10AC2000005DCF490855601CC4B2042CF7DBCC484A
:10AC30004068386000F072FA81460198072803DD09
:10AC4000FF2015B0BDE8F08FB9F1000F11D0C44856
:10AC500040683860B9F1040F03D0B9F10B0F07D188
:10AC600001E00E20EDE70198401CC0B2019098E091
:10AC700097E000200390386830B1B94840683968DF
:10AC8000884201D00920DCE7B54840683860B44804
:10AC900081681398006881420BD0B148816813988D
:10ACA0000160AF488068FB2801D10B20C9E70A206A
:10ACB000C7E7AB48816813980160A5480178A248AE
:10ACC0000078FFF76FFA00B16BE005A99F480078A4
:10ACD000FFF7E8FA00B164E09DF8150004900498CD
:10ACE000000204909DF814100498084404909C48B5
:10ACF000417B249801709A48016923980160984823
:10AD0000017B25980170386800B94AE0002544E0CD
:10AD100000240CE09248005D05EB0511914A02EB1E
:10AD20008101095D884200D003E0601CC4B2042C9C
:10AD3000F0DB00BF042C2EDB05EB0510894901EB8D
:10AD40008000407D05EB0511864A02EB8101097DFB
:10AD5000C1EB011100EB8100C0F13C001090109894
:10AD6000002802DA10984042109010980A280ADA57
:10AD70004FF0010B05EB05107A4A02EB80014422EB
:10AD80007748FAF7DFFD05EB0511764A02EB810003
:10AD9000FAF71BFF03E0681CC5B2052DB8DB00BF46
:10ADA00002E00A2EFFF420AF00BF052E01D30120E0
:10ADB00047E7BBF1000F5CD16B48007808B1522027
:10ADC00011906748C169219801606548C06964496C
:10ADD00008620846C0F818801198487363480078E4
:10ADE0000875634800784875209808610846007B1C
:10ADF0000D2801DD002008731198132801D10220CD
:10AE00001190119800F00F00012802D002282BD1D8
:10AE10000FE05348C069404402901F99029888424D
:10AE200001D903200DE74E48C06940444C49C86130
:10AE30001CE04B48C069A0EB080002901E990298E4
:10AE4000884201DA0320FCE60298002805DD1F99FC
:10AE50000298884201D90320F3E64148C069A0EB7B
:10AE600008003F49C86101E00520EAE600BF00F0A4
:10AE7000EFF8BAF1010F01D14FF0000A00264DE0C2
:10AE8000142E01D30120DCE6BAF1010F03D10AF13F
:10AE9000010000F0FF0ABAF1010F2FDD0DA8FFF746
:10AEA00069FA28B10DA8FFF765FA08B1761C35E0FC
:10AEB0009DF8340050B99DF8350038B99DF836003A
:10AEC00020B99DF8370008B9761C27E0002408E077
:10AED0002348005D0DA9095D884200D003E0601C95
:10AEE000C4B2042CF4DB00BF042C07DABBF1000F62
:10AEF00001D10420A5E64FF0040B11E0761C00F010
:10AF00002BFB8146B9F1010F01DD4FF0010BB9F1C7
:10AF1000000F00D002E04FF0000B01E0142EAFD381
:10AF200000BF386808B94FF0010B0D48C16921987E
:10AF300001600B48016A22980160BBF1000F39D013
:10AF4000002421E0610200205D0200205E0200205A
:10AF50005F020020600200206802002070090020CB
:10AF6000901D00205C1E00205C0200203C000020A0
:10AF70003D00002004EB04101D4901EB80004068F7
:10AF800000B903E0601CC4B2052CF3DB00BF052C44
:10AF900000DB002404EB0411154A02EB810044227B
:10AFA0001449FAF7CFFCBBF1040F01D1042048E6A5
:10AFB0000D2046E6142E03D30BF10C00C0B240E680
:10AFC000002511E00B48406805EB0511084A02EB2B
:10AFD00081014968884205D105EB051102EB81002A
:10AFE000FAF7F3FD681CC5B2052DEBDB002028E65F
:10AFF0005C1E0020901D0020014624200E2924D232
:10B00000DFE801F007090B0D0F11131517191B1DB0
:10B010001F21192019E01A2017E01C2015E01D201F
:10B0200013E01E2011E020200FE021200DE022205F
:10B030000BE0242009E0252007E0262005E0282059
:10B0400003E0292001E02A2000BF00BF7047000074
:10B050002C48007E2B4B83F834001846008B030AE3
:10B06000284880F8353090F8203080F83630008C51
:10B07000030A244880F83730006A030C214880F81E
:10B080003830437B80F839301F4803781F480078F8
:10B0900063F31F10C3B21B4880F83A301C48037892
:10B0A000184880F83B30037F80F83C30808B030ADF
:10B0B000144880F83D30C069030C124880F83E30D7
:10B0C000037C80F83F30008A030A0E4880F8403045
:10B0D000104803780B4880F841300F48037809483E
:10B0E00080F842300022002105E006483430405C00
:10B0F0004240481CC1B20F29F7DB024880F84320C8
:10B1000000207047901D0020400000203A000020E1
:10B110003B0000203C0000203D00002030B589B0FD
:10B1200010210020FFF73EF810B1012009B030BD1A
:10B1300001A90120FFF7B6F808B10220F6E79DF853
:10B140000A00AB2801D00520F0E79DF8050057491B
:10B1500088600846806800028860084680689DF81C
:10B1600004100844514988609DF809004860084669
:10B17000406800024860084640689DF8081008448E
:10B180004A494860084640680002486008464068EE
:10B190009DF8071008444549486008464068000289
:10B1A0004860084640689DF8061008443F494860DA
:10B1B0000846008900F40040B0F5004F12D108465F
:10B1C0000089C0F30E0088600846806846F6292191
:10B1D000484036498860084640684BF2A6214840FE
:10B1E00032494860314840683149086014210620DE
:10B1F000FEF7D8FF08B10A2098E769461820FFF744
:10B200005DF808B10B2091E7284900980873009871
:10B2100010B90D20009002E00098401E00904AF600
:10B22000AA202449096808600099C8B2FFF7E4FE23
:10B230000446E11704EB917188103521FEF7B2FF47
:10B2400008B10D2072E701A92046FFF72BF808B1DD
:10B250000E206BE79DF80900144948739DF8100013
:10B2600008610846006900020861084600699DF807
:10B270000F1008440D4908610F4801780F48007805
:10B28000FEF790FF08B10C2050E708491C310C482C
:10B290000078FFF713F830B100F014F808B103207C
:10B2A00044E7042042E7002040E70000901D002012
:10B2B00064020020700900205F0200205D0200206F
:10B2C0005E0200202DE9F04389B04FF00008142100
:10B2D0000620FEF767FF18B1012009B0BDE8F08332
:10B2E00008A91820FEF7EAFFC7B22FB1022F12D12A
:10B2F00000F05EF80120F0E708980D2803DD00F06B
:10B3000057F80120E9E7089810B90D20089002E0ED
:10B310000898401E08900899C8B2FBF71DF9054629
:10B32000E91705EB917188103521FEF73BFF08B155
:10B330000820D2E769462846FEF7B4FF08B1092085
:10B34000CBE74FF00008002604E01DF8060080EA75
:10B350000808761C0F2EF8DB9DF80F00404503D03F
:10B3600000F026F80A20B8E79DF80A4024029DF86C
:10B370000900044424029DF80800044409480178A7
:10B3800009480078FEF70EFF08B10B20A5E721461B
:10B3900006480078FFF720F808B10C209DE7002050
:10B3A0009BE700005F0200205D0200205E0200209B
:10B3B0002DE9F04F93B00020099008900790069077
:10B3C000059003900290C8250024A9E0E0B2FFF7A1
:10B3D00013FE82464FEAEA710AEB9171881035211B
:10B3E000CDF804A0FEF7DEFE18B1032013B0BDE8CF
:10B3F000F08F0BA95046FEF755FF08B10420F5E782
:10B4000000200390049009E00BA90498085C0399BC
:10B41000484003900498401CC0B2049004980F2840
:10B42000F2DB9DF83B100398814204D0039810B1E1
:10B430000398FF2800D172E09DF83200562101EBFD
:10B4400020100A909DF8320000F00F069DF833702E
:10B450009DF839809DF83A909DF830B04FEA0B2B5B
:10B460009DF82F0083444FEA0B2B9DF82E00834458
:10B470000C2E07DC1F2F05DCB8F1170F02DCB9F129
:10B480003B0F00DD4BE0DDE90910884201DDE5B24C
:10B4900027E0DDE90910884223D10898864201DDC2
:10B4A000E5B21EE0089886421BD10798874201DD6D
:10B4B000E5B216E00798874213D10698804501DD72
:10B4C000E5B20EE0069880450BD10598814501DD77
:10B4D000E5B206E00598814503D10298584500D1B0
:10B4E000E5B2AC421AD10A98099008960797CDF8B0
:10B4F0001880CDF814909DF8360002900298000252
:10B5000002909DF8351002980844029002980002BB
:10B5100002909DF8341002980844029000BF641C09
:10B520000E2CFFF653AFC82D00D10D25681CC5B2F7
:10B530000D2D00DD002535210620FEF733FE08B174
:10B54000012053E729461820FEF746FF08B10120E5
:10B550004CE700204AE700007FB5BE49087BFFF7B3
:10B560004BFD0446BC48007830B1012872D0022857
:10B5700071D0032870D14BE10020B7490870E11762
:10B5800004EB917188103521FEF70CFE10B10120FB
:10B5900004B070BDAF4934312046FEF711FF08B149
:10B5A0000220F5E70120AC49087035210620FEF79E
:10B5B000F9FD80B16846FEF7DDFE28B16846FEF76A
:10B5C000D9FE08B10320E3E735210620FEF7EAFDA6
:10B5D00008B10320DCE79F48007B401CC4B20D2C5F
:10B5E00000DD002421461820FEF7F6FE08B10420F5
:10B5F000CEE702209849087098480178984800786A
:10B60000FEF7D0FD90B16846FEF7B4FE28B168465B
:10B61000FEF7B0FE08B10520BAE7904801789048DF
:10B620000078FEF7BFFD08B10520B1E78948C16980
:10B630008C480078FEF7D0FE08B10620A8E78A48BB
:10B640000078012819D139210420FEF7ABFD20B183
:10B650000A209DE727E095E0F9E084491220FEF7F3
:10B66000AFFE08B1062093E77C4801787C4800785B
:10B67000FEF798FD08B105208AE703207649087097
:10B6800003A978480078FEF719FE08B107207FE784
:10B690007048C0690399884201D0082078E70020EB
:10B6A0006D490870D3E001206B49087035210620F0
:10B6B000FEF778FD08B103206AE76648007B401C6E
:10B6C000C4B20D2C00DD002421461820FEF784FEB4
:10B6D00008B104205CE702205F4908705F480178E8
:10B6E0005F480078FEF75EFD90B16846FEF742FEC7
:10B6F00028B16846FEF73EFE08B1052048E75748E6
:10B70000017857480078FEF74DFD08B105203FE766
:10B710005048C16953480078FEF75EFE08B1062024
:10B7200036E751480078012816D139210420FEF768
:10B7300039FD08B10A202BE74C491220FEF740FEE4
:10B7400008B1062024E74548017845480078FEF70F
:10B7500029FD08B105201BE703203F49087003A914
:10B7600040480078FEF7AAFD08B1072010E73948E5
:10B77000C0690399884201D0082009E700203649B2
:10B78000087064E002203449087034480178344875
:10B790000078FEF707FD08B10520F9E62D48C169DC
:10B7A00030480078FEF718FE08B10620F0E62E4873
:10B7B0000078012816D139210420FEF7F3FC08B1E6
:10B7C0000A20E5E629491220FEF7FAFD08B1062015
:10B7D000DEE62248017822480078FEF7E3FC08B153
:10B7E0000520D5E603201C49087003A91D480078F0
:10B7F000FEF764FD08B10720CAE61648C069039940
:10B80000884201D00820C3E60020134908701EE0DA
:10B810000320114908701148017811480078FEF79B
:10B82000C1FC08B10520B3E603A90E480078FEF775
:10B8300045FD08B10720ABE60648C0690399884278
:10B8400001D00820A4E600200349087000BF00BF13
:10B8500000209DE6901D0020680200205F0200206D
:10B860005D0200205E02002061020020801D002099
:10B870002DE9F0470546EAE12868B0F844A00AF04F
:10B880000F06002E7ED10AF01000B0BB00BF296861
:10B89000098848F60F7201EA020040F400412A6864
:10B8A000118000BF05F128042868B0F850102078F6
:10B8B00001EBC000801C296801F5806131F810009F
:10B8C000C0F30900E061E16960690844606100213A
:10B8D0002846FBF774FE95F824000028CBD0A06919
:10B8E0000028C8D195F8240040F080002968A1F80C
:10B8F0004C00002085F82400A9E1FFE705F5B474A9
:10B900002868B0F8008008F4006030B32868B0F808
:10B910005010207801EBC000801D296801F580617E
:10B9200031F81000C0F30900E061A18B8BB2E2880E
:10B9300005F52C71286804F0F7FA00BF296809881A
:10B9400040F68F7201EA020040F080012A681180FF
:10B9500000BF2846FCF7E7FC79E108F40040002826
:10B9600089D000BF2968098840F68F7201EA020079
:10B9700040F080012A68118000BF2868B0F850109C
:10B98000207800E06FE001EBC000801D296801F520
:10B99000806131F81000C0F30900E061E06990B106
:10B9A000606980B1B4F81CC01FFA8CF3E288616949
:10B9B000286804F0B9FAE16960690844606100210F
:10B9C0002846FBF70CFE2868008800F40060002879
:10B9D00092D100BF2A682968B1F850100A4402F2D7
:10B9E0000C41084600BF236953B9038848F2FF3C65
:10B9F00003EA0C030380038843F4004303801EE042
:10BA000023693E2B0DD800BF23695908237C03F01E
:10BA1000010303B1491C4FF6FF7303EA812303803E
:10BA20000DE000BF23695909237C03F01F0303B90C
:10BA3000491E4FF4004343EA8123038000BF00BF47
:10BA400000BF00BF296809884BF68F7201EA020027
:10BA500080F4805080F4005040F4004141F08001B7
:10BA60002A681180F3E07100286830F8118008F42A
:10BA7000004000287ED000BF7200296831F8121003
:10BA800040F68F7201EA020040F0800173002A68DC
:10BA900022F8131000BF06EB860105F5B47000EB29
:10BAA000C104207BB0B92868B0F85010207801EBB1
:10BAB000C000801D296801F5806131F81000C0F3D5
:10BAC0000907002F5BD0E28861693B46286804F0D3
:10BAD0002BFA54E0E078022806D142462146284657
:10BAE000FBF700FE07464AE000BF00BF2278520085
:10BAF000296831F8121048F68F7201EA020040F40A
:10BB0000004141F0C00123785B002A6822F813103D
:10BB100000BF00BF21784900286830F8110000F408
:10BB20008040A8B12868B0F85010207801EBC00020
:10BB3000801C296801F5806131F81000C0F3090705
:10BB4000EFB1228961693B46286804F0EDF916E0FF
:10BB50002868B0F85010207801EBC000801D2968DB
:10BB600001F5806131F81000C0F309073FB1628927
:10BB7000616900E017E03B46286804F0D5F9E06908
:10BB80003844E061606938446061A06910B120699F
:10BB9000B84204D921782846FBF721FD03E021466D
:10BBA000286803F0E6FB08F08000B0B306EB8601DE
:10BBB00005F1280000EBC10400BF7200296831F8CC
:10BBC000121048F60F7201EA020040F400417300BF
:10BBD0002A6822F8131000BFE078032807D0E07825
:10BBE00028B1E07802282DD108F4807050BB286875
:10BBF000B0F85010207801EBC000801C296801F5D6
:10BC0000806131F81000C0F30909A069484505D9E1
:10BC1000A069A0EB0900A06102E018E00020A0618B
:10BC2000A06920B921782846FBF7C9FC0FE06069BC
:10BC300048446061E0694844E0612146286803F0B7
:10BC400098FB04E0424621462846FBF7F7FD2868AA
:10BC5000B0F8440000F4004000287FF40DAEBDE8C9
:10BC6000F08700002DE9F04F89B004460E4691465A
:10BC70001F46DDE9135BDDF848A0D4208DF80400F1
:10BC8000F0B28DF80500FF2D04DD4FF0FF3009B054
:10BC9000BDE8F08F002D02DA4FF0FF30F7E700200B
:10BCA00006E01AF80020811C01AB5A54411CC8B2AE
:10BCB000A842F6DBA81C82B201A9204600F07CFA5B
:10BCC00020B1206980474FF0FF30E0E75846E16837
:10BCD000884710B94FF0FF30D9E7062101A8626804
:10BCE000904700210AE01A48405C01AA525C904249
:10BCF00002D04FF0FF30CAE7481CC1B20629F2D388
:10BD00005846E168884710B94FF0FF30BFE7B81CCC
:10BD100082B201A9204600F080F980469DF8040017
:10BD2000D52804D19DF80510701C814202D04FF037
:10BD3000FF30ACE7002006E001AA811C515C09F845
:10BD40000010411CC8B2B842F6DBA8F102009EE721
:10BD5000081901083EB505460C464FF4FA7000215B
:10BD6000009104232246CDE9011002212846FFF765
:10BD700079FF401C28B908A004F028F94FF0FF30E3
:10BD80003EBDE0780090A378627821780DA004F0A1
:10BD90001DF90020F4E700007B2243223A7B225267
:10BDA000656164657254797065223A504E3533325C
:10BDB0002C2256657273696F6E223A4572726F72E9
:10BDC0007D7D0A007B2243223A7B225265616465B5
:10BDD0007254797065223A504E3533322C225665B2
:10BDE0007273696F6E223A25642E25642E25642EA7
:10BDF00025647D7D0A000000054901600549416018
:10BE0000054981600549C16005490161704700002D
:10BE10004DC1000825BE0008C9BE00087DBE00084F
:10BE2000C5BE0008F8B506460C4600200090671C09
:10BE3000384604F099FF05460121684604F0CAFB24
:10BE40009DF80000012805D0284604F041FB4FF082
:10BE5000FF30F8BD601C81B2284604F0BBFB002017
:10BE600004E0411C695C3154411CC8B2A042F8DBBB
:10BE7000284604F02DFB0020EBE7000038B504460F
:10BE800000200090FAF7DEFE054611E00120FAF7E7
:10BE900055FC0121684604F09DFB4AF6AA2008499A
:10BEA0000968086000BF9DF80000012800D138BD76
:10BEB000FAF7C8FE401BA042E8D30020F7E70000D5
:10BEC000700900200020704770B504460D462946D1
:10BED000204604F091FB002070BD00B502461046DC
:10BEE000FFF78AFF00BD00002DE9F04389B0074647
:10BEF0000D4614461E46DDE910891BA00068089017
:10BF000001208DF80C0008F0FF008DF80D00F0B254
:10BF10008DF80E00002006E019F80020C11C03ABCC
:10BF20005A54411CC8B20628F6DB002006E02A5C01
:10BF300000F1090103AB5A54411CC8B2A042F6DB20
:10BF40004FF47A7104F1090003AA0123CDE900201E
:10BF5000029108AA40213846FFF784FE9DF8200090
:10BF600009B0BDE8F0830000FF00000070B58AB0A2
:10BF700006460C46154613A000680990E8B28DF8F5
:10BF800026004FF47A70032109AA1123CDE900217C
:10BF9000029004AA40213046FFF764FE9DF810008D
:10BFA00018B19DF810000AB070BD002005E004AA89
:10BFB000411C515C2154411CC8B21028F7DB9DF88C
:10BFC0001000F0E70130000070B58AB006460C465C
:10BFD000154601208DF81400A0208DF81500E8B258
:10BFE0008DF81600002005E0225CC11C05AB5A54F8
:10BFF000411CC8B21028F7DB4FF47A70132105AA50
:10C000000123CDE90021029004AA40213046FFF728
:10C0100029FE9DF810000AB070BD2DE9F0438BB0E9
:10C020008046894616460027F01D81B201A8D8F83F
:10C030000420904700240AE0601CC4B206F1080006
:10C04000844204DB4FF0FF300BB0BDE8F08301A861
:10C05000005D0028F0D001A8005DFF2802D04FF05D
:10C06000FF30F1E7601CC4B206F10800844202DB35
:10C070004FF0FF30E8E701A8055D01A9601C085CEE
:10C080002844C0B210B14FF0FF30DDE7002007E0D8
:10C09000A11C014401AA515C3944CFB2411CC8B271
:10C0A000691C8842F4DBFFB217B14FF0FF30CBE7D9
:10C0B000002007E0A11C014401AA515C09F800100E
:10C0C000411CC8B2A842F5DB2846BDE72DE9F04186
:10C0D0008AB007460C4615461E461BA0006809900C
:10C0E0008DF82550022009A9132304AACDE90106E1
:10C0F00000914A213846FFF7B5FD8046B8F1000FA0
:10C1000004DA4FF0FF300AB0BDE8F0819DF810006E
:10C11000012802D04FF0FF30F5E79DF81500072801
:10C1200002DD4FF0FF30EEE7002005E0811D04AA9C
:10C13000515C2154411CC8B29DF815108142F5DCB8
:10C140009DF81500DFE700000100000010B5012296
:10C1500011460C48FAF770FD0120FAF7EFFA0022B9
:10C1600001210848FAF768FD0120FAF7E7FA0122F1
:10C1700011460448FAF760FD0120FAF7DFFA0020C3
:10C1800010BD0000000C01401FB5044609A0006866
:10C1900003904FF47A70032103AA0023CDE9002114
:10C1A00002901A4614212046FFF75CFD002004B0DF
:10C1B00010BD000001140100F0B58BB006460D461D
:10C1C00014461E2C01DC012C03DA4FF0FF300BB0BB
:10C1D000F0BD002700208DF804008DF80500FF2039
:10C1E0008DF80600FF27E0B28DF80700E043401C01
:10C1F000C0B28DF80800002008E02A5C411D01ABA8
:10C200005A54295C3944CFB2411CC8B2A042F4DB75
:10C21000F843C1B201AA601D11540021A01D1154A0
:10C22000E01D81B201A8B268904710B14FF0FF3015
:10C23000CDE70020CBE7704710B5022405E00A499E
:10C24000081904F0C7FD601CC4B207484078401CC0
:10C25000A042F4DA05A005F0A9F84FF416710248DF
:10C26000F9F789FB002010BDD00400207B22526525
:10C270006365697665223A7B225374617475732213
:10C280003A32362C2254797065223A22506F735418
:10C2900072616E73616374696F6E227D7D0A000046
:10C2A00010B5ADF5087D002008900024B84908803D
:10C2B00000BF09E0B749095CB54AB2F90020514016
:10C2C000B34A1180411CC8B22128F3DBB14890F871
:10C2D0002100AF49B1F90010884203D1AD48807BFD
:10C2E00064280FD0ACA005F061F80020B1490870B7
:10C2F000A74908804FF41671A648F9F73CFB0DF5E5
:10C30000087D10BDA34890F82100A149B1F90010A3
:10C31000884203D09F48807B64287DD19D48407827
:10C32000A54908609B48807800069A49C97800EBC7
:10C3300001409849097900EB012096494979084460
:10C340009E4908609348807900069249C97900EBBC
:10C3500001409049097A00EB01208E49497A08444E
:10C36000974908608B48807A00068A49C97A00EBB1
:10C3700001408849097B00EB01208649497B08443C
:10C38000904908608348C07B00068249097C00EB25
:10C3900001408049497C00EB01207E49897C0844AA
:10C3A000894908607B48C07C00067A49097D00EB1A
:10C3B00001407849497D00EB01207649897D084498
:10C3C000824908607348C07D814908607148007ED9
:10C3D000804908706F48407E7F4908706D48807EB4
:10C3E0007E4908706B48C07E7D4908706948007FAF
:10C3F0007C4908706748407F00066649897F00EBEA
:10C4000001406449C97F00EB0120624991F8201086
:10C4100008447549086000E0B8E0002073490860EE
:10C4200073A004F0C3FFFAF70DFC0446A4E04AF63B
:10C43000AA207F4909680860FAF704FC001BB0F5E0
:10C440007A5F03D97BA004F0B1FF96E067480068EB
:10C4500070B150480078632803D04E4800784328D4
:10C4600003D179A004F0A2FF87E000205F490860B3
:10C4700009A8FDF77FFF20B109A8FDF77BFF00B1F8
:10C480007AE07E487E497F4A7F4BCDE90432CDE990
:10C4900006107E4A4D4800684B490968494B1B68A5
:10C4A000CDE90031CDE9020244484F4A08A90368AA
:10C4B0001320FEF745FB76490870084600780928E6
:10C4C00003D00846007801281BD16C486C496D4A9E
:10C4D0006D4BCDE90432CDE906106C493B4802684A
:10C4E00039480068374B1B68CDE90030CDE902219F
:10C4F00032483D4A08A903681320FEF721FB64492E
:10C50000087063480078092803D061480078012842
:10C510001BD15A485A495B4A5B4BCDE90432CDE9FD
:10C5200006105A4829490A6827490968254B1B689B
:10C53000CDE90031CDE9022020482B4A08A9036843
:10C540001320FEF7FDFA524908701C4801684E4856
:10C5500000684E4A1268089BCDE90032CDE902011D
:10C56000214803684A4802784A490BA803F03EFD77
:10C570000BA804F01BFF00E059E700BF00200D49A5
:10C5800008700349088019490860B8E600BFB6E69C
:10C590000C000020D00400207B2252656365697680
:10C5A00065223A7B22537461747573223A31397D66
:10C5B0007D0A000050000020140000201800002018
:10C5C000300000202000002024000020280000204F
:10C5D000400000203A0000203B0000203C000020EA
:10C5E0003D0000203E000020440000200800002004
:10C5F0007B2252656365697665223A7B22537461BA
:10C60000747573223A32367D2C2243223A7B2254AF
:10C61000797065223A22446563726561736554726C
:10C62000616E73616374696F6E227D7D0A00000024
:10C63000700900207B2243223A7B22537461747577
:10C6400073223A317D7D0A007B22526563656976EB
:10C6500065223A7B22537461747573223A32367DB7
:10C660002C2243223A7B2254797065223A2243617C
:10C670006E73656C227D7D0A000000003900002089
:10C68000380000201C000020340000202C00002076
:10C69000070000201419010810B50020684908801F
:10C6A00000BF09E06749095C654AB2F900205140C2
:10C6B000634A1180411CC8B22128F3DB614890F81D
:10C6C00021005F49B1F90010884203D15D48807BA9
:10C6D000642811D05CA004F069FE00206149087054
:10C6E0006149087056490880604908704FF4167116
:10C6F0005448F9F740F910BD524890F821005049CC
:10C70000B1F90010884203D04E48807B64287CD168
:10C7100010215748F9F72FF94A48407855490860E1
:10C720004848807800064749C97800EB01404549F0
:10C73000097900EB01204349497908444E490860D2
:10C740004048807900063F49C97900EB01403D49E6
:10C75000097A00EB01203B49497A084447490860BF
:10C760003848807A00063749C97A00EB01403549DC
:10C77000097B00EB01203349497B084440490860AC
:10C780003048C07B00062F49097C00EB01402D4951
:10C79000497C00EB01202B49897C08443949086019
:10C7A0002848C07C00062749097D00EB0140254947
:10C7B000497D00EB01202349897D08443249086006
:10C7C0002048C07D314908601E48007E304908700D
:10C7D0001C48407E2F4908701A48807E2E490870F8
:10C7E0001848C07E2D4908701648007F2C490870F3
:10C7F0001448407F00061349897F00EB014011492E
:10C80000C97F00EB01200F4900E017E091F82010EC
:10C8100008442449086024A004F0C8FD17480168B2
:10C8200015480068FDF73CFE4FF416710548F9F70E
:10C83000A2F800200C4908700149088000BF5AE79F
:10C840000C000020D00400207B22526563656976CD
:10C8500065223A7B22537461747573223A31397DB3
:10C860007D0A00004A0000204C0000204F000020FC
:10C87000801D00201400002018000020300000203F
:10C88000200000202400002028000020400000207C
:10C890003A0000203B0000203C0000203D0000202A
:10C8A0003E000020440000207B22526563656976CB
:10C8B00065223A7B22537461747573223A32367D55
:10C8C0002C2243223A7B2254797065223A22457801
:10C8D00065635472616E73616374696F6E227D7DEE
:10C8E0000A00000008B508490968C9084FF47A72BF
:10C8F000B1FBF2F14143009100BF00BF00994A1E15
:10C9000000920029F9D108BD34010020014600BF82
:10C91000080900EB8000420001F00F001044C0B293
:10C92000704770B504460025FAF78CF9054607E014
:10C93000FAF788F9401BB0F57A7F01D9032070BD62
:10C940002068406800F020000028F1D0206840688E
:10C9500040F01000216848600020F0E770B5044600
:10C9600000252068406820F0100021684860FAF730
:10C9700069F9054607E0FAF765F9401BB0F57A7FDB
:10C9800001D9032070BD2068406800F02000002815
:10C99000F1D00020F6E730B5014600220023002444
:10C9A00000200D68AD69AAB20D68ED69ACB20D68E2
:10C9B000AD69ABB29A4205D00D68ED6963F31F45CE
:10C9C000284601E044EA024030BDF0B504460B467B
:10C9D0000021002504F5FA61032B1BD2C3EBC30031
:10C9E00000EB03100926B0FBF6F01044001D4618BA
:10C9F000481E06EB90066427B0FBF7F0361A481E77
:10CA0000BF00B0FBF7F030440726B0FBF6F706FB9B
:10CA100017051AE0C3EBC30000EB03100926B0FBB7
:10CA2000F6F01044001D084400EB91006426B1FBB1
:10CA3000F6F6801B4FF4C876B1FBF6F63044801E44
:10CA40000726B0FBF6F706FB1705E8B2F0BD70B598
:10CA500004460D4600262046FFF763FF08B1012675
:10CA60000AE0280C21688861A8B22168C8612046C4
:10CA7000FFF774FF00B10126304670BD2DE9F14F7C
:10CA80009CB0002007900690059000260920049095
:10CA9000002003903520029000200190FDF782FED7
:10CAA000F4A004F083FCFAF7CDF81890B2E0FAF79E
:10CAB000C9F81899401A42F22831884208D9FBA0D7
:10CAC00004F074FC0120FE4908601DB0BDE8F08F41
:10CAD0004AF6AA20FB4909680860FB48006870B163
:10CAE000FA480078432803D0F8480078632806D134
:10CAF000F7A004F05BFC0020F3490860E5E715A807
:10CB0000FDF738FC20B115A8FDF734FC00B181E039
:10CB100010210020FDF746FB00B17BE00CA90120AD
:10CB2000FDF7C0FB00B175E09DF830909DF8310035
:10CB300009EB00201FFA80F99DF832809DF8330040
:10CB400008EB00289DF8340008EB00489DF83500FC
:10CB500008EB006809F40040B0F5004F09D1C9F3B3
:10CB60000E0946F6292089EA00094BF2A62088EA38
:10CB700000084AF6AA20D34909680860E14800780D
:10CB8000D0B914210620FDF70DFB00B142E01AA92F
:10CB90001820FDF793FB00B13CE037210520FDF79D
:10CBA00001FB00B136E01BA91420FDF787FB00B1A3
:10CBB00030E01A98C6B211E0D248007801280DD1B1
:10CBC00014210620FDF7EEFA00B123E01AA918207F
:10CBD000FDF774FB00B11DE01A98C6B24AF6AA2010
:10CBE000B84909680860002619A91BA8F9F7A2FA34
:10CBF0000746012F04D119A91BA8F9F79BFA07468C
:10CC00000FB15A2F01D11B98019017B15A2F00D0A4
:10CC100000E000E04BE700BF4AF6AA20A9490968F6
:10CC20000860B8480078012801D11A98C6B216B138
:10CC3000701EC6B200E00D261496002006908246B3
:10CC4000FDE14AF6AA209F49096808600AF101003F
:10CC50001FFA80FABAF1320F00DBF1E115A8FDF7F7
:10CC600089FB20B115A8FDF785FB00B1E7E14AF685
:10CC7000AA209449096808603046F9F797FC0546F0
:10CC8000E91705EB917188101421FDF78BFA88B133
:10CC900015A8FDF76FFB20B115A8FDF76BFB00B1E0
:10CCA000CDE1E91705EB917188101421FDF77AFAAF
:10CCB00000B1C4E10CA92846FDF7F4FAF8B1E91770
:10CCC00005EB917188101421FDF76CFA88B115A855
:10CCD000FDF750FB20B115A8FDF74CFB00B1AEE10C
:10CCE000E91705EB917188101421FDF75BFA00B18B
:10CCF000A5E10CA92846FDF7D5FA00B19FE14FF058
:10CD0000000A002405E00CA8005D08A90855601C75
:10CD100084B2102CF7DB00200790002406E008A85E
:10CD2000005D079948400790601C84B20F2CF6DB29
:10CD30009DF82F100798814208D0002404E00020BD
:10CD400008A90855601C84B2102CF8DB002406E00A
:10CD500008A8005DFF2800D003E0601C84B20F2CFF
:10CD6000F6DB00BF0F2C08DB002404E0002008A93C
:10CD70000855601C84B2102CF8DB069A521C62A184
:10CD8000634803F033F9624804F010FB0120F9F71F
:10CD9000D5FC9DF825205FA15D4803F027F95C488C
:10CDA00004F004FB0120F9F7C9FC4AF6AA20454922
:10CDB000096808609DF82400584908600846006822
:10CDC00000020860084600689DF823100844534993
:10CDD00008600846006800020860084600689DF880
:10CDE000221008444D49086008464DA10268484891
:10CDF00003F0FCF8464804F0D9FA0120F9F79EFC4C
:10CE00009DF826000921B1EB201F0ADD9DF82600C0
:10CE10004FF4AF6101EB201244A13D4803F0E6F866
:10CE20000AE09DF82600562101EB201000F2145272
:10CE30003EA1374803F0DAF8354804F0B7FA01208C
:10CE4000F9F77CFC9DF8260000F00F023AA130486B
:10CE500003F0CCF82E4804F0A9FA0120F9F76EFC93
:10CE60004AF6AA201749096808609DF8272035A1CD
:10CE700027486BE07B2252656365697665223A7BC1
:10CE800022537461747573223A32367D2C22432208
:10CE90003A7B2254797065223A225265616443617B
:10CEA00072645461626C65227D7D0A007B2243229C
:10CEB0003A7B22537461747573223A317D7D0A0086
:10CEC000500200207009002008000020D00400203B
:10CED0007B2252656365697665223A7B22537461D1
:10CEE000747573223A32367D2C2243223A7B2254C7
:10CEF000797065223A2243616E73656C227D7D0AEA
:10CF00000000000061020020526F773D25642A0076
:10CF1000640700204F503D25642A0000580200207D
:10CF20004574656261723D25752A0000596561721C
:10CF30003D25642A000000004D6F6E74683D256435
:10CF40002A0000004461793D25642A0003F04EF870
:10CF5000444804F02BFA0120F9F7F0FB9DF82A0071
:10CF600041490860084600680002086008460068F9
:10CF70009DF8291008443C490860084600680002F2
:10CF80000860084600689DF8281008443649086083
:10CF9000084636A10268334803F028F8314804F007
:10CFA00005FA0120F9F7CAFB9DF82C002E4908600C
:10CFB0000846006800020860084600689DF82B10CB
:10CFC00008442949086008462CA10268254803F056
:10CFD0000DF8244804F0EAF90120F9F7AFFB9DF8B9
:10CFE0002D2028A11F4803F001F81E4804F0DEF9A7
:10CFF0000120F9F7A3FB4AF6AA2025490968086031
:10D000009DF82E2023A1174802F0F0FF154804F0E8
:10D01000CDF90120F9F792FB0698401CC1B20691A8
:10D020001C98814200DB0BE016B1701EC6B200E016
:10D030000D264AF6AA2016490968086000BF00E6D6
:10D0400000BFBAF1320F07DA0A20F9F777FB4AF688
:10D05000AA200F490968086001201149086000BF33
:10D0600033E50000640700205802002052656D453A
:10D0700074656261723D25752A0000004449443D93
:10D0800025752A00486F75723D25642A000000004E
:10D09000700900204D696E3D25642C0A00000000D7
:10D0A00050020020704770B504460D4629462046C0
:10D0B000F9F7BAFD70BD70B504460D461646324606
:10D0C00029462046F9F7B8FD70BD000070B500F0A4
:10D0D0006FF80546002411E0164800EB4410C07FAD
:10D0E00015490978884208D145FA04F202F0010195
:10D0F000104A02EB441000F021F8641C012CEBDB19
:10D100000D48007848B9002405E00A4901EB4410B5
:10D1100000F091F8641C012CF7DB07480078401CF4
:10D120000549087008460078052801DB00200870D2
:10D1300070BD0000201D00204B02002010B5827839
:10D14000002A33D0827962B901B110BD0022427148
:10D150008279521C82710023C2682032448913559F
:10D1600024E08279092A14DAC26820324389D25C29
:10D1700001F001034479A3401A43D3B2C2682032BC
:10D18000448913558279521C82714279521C427132
:10D190000CE08279092A09D100228271827729B1B3
:10D1A00042891F2A02DA4289521C428100BFCCE721
:10D1B00070B5002600242CE0184A02EB4412918B33
:10D1C000164A02EB44129069FFF76DFF05461348BB
:10D1D00000EB44108079B0B9104800EB4410807F18
:10D1E00088B985B90E480078801C052190FBF1F2C2
:10D1F00001FB1200094901EB4411C87701200749DE
:10D2000001EB4411887705F00100A0403043C6B21D
:10D21000641C012CD0DB304670BD0000201D0020B6
:10D220004B02002070B504460D46A18A2A462069AB
:10D23000FFF741FF70BD10B50446607800283FD06D
:10D24000207958B9012020700020E070002120468C
:10D25000FFF7E8FF2079401C207131E02079092890
:10D2600010DAE279E068805CE278104100F00101B8
:10D270002046FFF7D7FF2079401C2071E078401C42
:10D28000E0701DE02079092807D101212046FFF731
:10D29000C9FF2079401C207112E020790A280FD1A3
:10D2A00000202071E079401CE071207AE179884209
:10D2B00003DD01202070607002E0002020706070AB
:10D2C00010BD10B5FAF786F810BD00B593B028214F
:10D2D00009A8F8F750FB142104A8F8F74CFB00202C
:10D2E00000900190029003900D2009904FF480303F
:10D2F0000A9000200B9001200C900D900F900220BE
:10D300001090C10311914FF4E011129109A8FBF79D
:10D31000BBFA08B1F8F783FC0F20049002200590B7
:10D32000002006904FF480600790002008900221B2
:10D3300004A8FBF75DF908B1F8F771FC1120009023
:10D340004FF480700190002003906846FBF7B6F818
:10D3500008B1F8F764FCFBF711FA13B000BD000048
:10D3600001480249086070470058000808ED00E0D5
:10D3700010B50348FCF706FA0148FCF736F910BD72
:10D380003C0A002010B50268184B984208D0B0F152
:10D39000804F05D0164B984202D0164B984203D1CD
:10D3A00022F070024B681A43104B984208D0B0F13B
:10D3B000804F05D00E4B984202D00E4B984203D1BD
:10D3C00022F44072CB681A4322F080034C6943EA8E
:10D3D000040202608B68C3620B688362034B98424D
:10D3E00001D10B6903630123436110BD002C01408F
:10D3F000000400400008004030B50C46816821F46C
:10D400007F4142EA032525432943816030BD0A4616
:10D41000816821F0700142F0070319438160704771
:10D4200030B50B461446026A056A25F0010505620F
:10D43000816921F0F00141EA041122F00A021A4345
:10D440008161026230BD30B50B461446056A25F095
:10D45000100505628169026A21F4704141EA0431D4
:10D4600022F0A00242EA03128161026230BD70B56F
:10D4700005466C6A0020E085E0842046FCF790F9C0
:10D4800070BD0168C96821F490710268D1600168BB
:10D49000496921F0010102685161016B012905D13F
:10D4A0000168C96821F010010268D160202180F86C
:10D4B0003E1000210163704710B504462068C06823
:10D4C00020F040002168C860202084F83D002046FC
:10D4D000FCF704FC002010BDF8B5044694F83E00AB
:10D4E000222869D1A068B0F5805F0CD1206950B9BD
:10D4F0000025A66A20684068C0F308003080A06A52
:10D50000801CA06215E0A56A0026A068B0F5805FC7
:10D5100003D0A06828B9206918B92068406828702D
:10D5200004E02068406800F07F002870A06A401C7A
:10D53000A062E08D401E80B2E085A8BB2068C06874
:10D5400020F020002168C8602068C06820F4807046
:10D550002168C8602068406920F0010021684861A6
:10D56000202084F83E00206B01281ED1002020637B
:10D570002068C06820F010002168C860206800683A
:10D5800000F0100010280AD100BF00200090206891
:10D590000068009020684068009000BF00BFA18D27
:10D5A0002046FCF7FCF803E004E02046FCF72CFBE7
:10D5B0000020F8BD0020FCE70220FAE770B5044621
:10D5C0002168096921F44051E26811432268116120
:10D5D0002269A1681143626941EA02052168C968AC
:10D5E00041F20C62914329432268D1602168496964
:10D5F00021F44071A2691143226851612D4A2168CA
:10D60000914202D1FBF7D6F801E0FBF7C3F800EB3B
:10D61000C00101EB001162689200B1FBF2F100EB76
:10D62000C00202EB001263689B00B2FBF3F26423BA
:10D63000B2FBF3F202EBC20303EB0212A1EB820195
:10D64000322202EB01116422B1FBF2F101F0F00190
:10D6500000EBC00202EB001263689B00B2FBF3F226
:10D660006423B2FBF3F201EB021200EBC00101EB09
:10D67000001163689B00B1FBF3F100EBC00303EB07
:10D6800000136668B600B3FBF6F36426B3FBF6F34B
:10D6900003EBC30606EB0313A1EB8301322303EB79
:10D6A00001116423B1FBF3F101F00F011144226871
:10D6B000916070BD00380140014691F83D0021287D
:10D6C00028D18868B0F5805F0BD1086948B90A6A2B
:10D6D0001088C0F308000B685860086A801C086254
:10D6E00005E00B6A581C086218780B685860C88CF3
:10D6F000401E80B2C88458B90868C06820F0800015
:10D700000B68D8600868C06840F040000B68D860BB
:10D71000002070470220FCE72DE9F04104460D4649
:10D7200017469846069E21E0701CF8B12EB1F9F715
:10D7300089FAA0EB0800B04218D92068C06820F42C
:10D74000D0702168C8602068406920F0010021681D
:10D750004861202084F83D0084F83E0000BF00208E
:10D7600084F83C0000BF0320BDE8F0812068006819
:10D770002840A84201D1012000E00020B842D3D0C7
:10D780000020F1E710B50248FCF70CF810BD0000CE
:10D79000840A002010B50E48FCF704F80C48006815
:10D7A000006800F02000202811D10A480068C1B2AA
:10D7B00009480A4A12688154002102460748006855
:10D7C000401C115405480068401C0449086010BD05
:10D7D000C80A002004440040780200201000002005
:10D7E0002DE9F04104460D46D4F8B862D4F8C07271
:10D7F000D4F8B80278B305EB850104F1140000EB0E
:10D800008100806808B305EB850104F1140000EB8A
:10D81000810005EB8502816807F1280000EBC2005A
:10D820000069B1FBF0F200FB121070B9002105EBAA
:10D83000850204F1140000EB8200816000231A4687
:10D840002946204600F0C4FE02E00020C6F814027B
:10D850000020BDE8F081FFE70220FAE770B504463A
:10D860000E46D4F8B8523146204600F056FDC5F8B1
:10D870000C02D4F8B80248B1D5F80402D4F8BC12AE
:10D88000CA6805F503719047002070BD0220FCE7CF
:10D8900070B504460E4600258121204600F057FC55
:10D8A0000021E1620121204600F051FC0021C4F872
:10D8B0006C118221204600F04AFC00212164D4F83A
:10D8C000B80250B1D4F8BC1248688047D4F8B80206
:10D8D00001F027F90020C4F8B802284670BD70B5E1
:10D8E0000546D5F8B842D5F8BC0278B194F80002E4
:10D8F000FF280BD094F8012294F80002D5F8BC124E
:10D900008B6821469847FF2084F80002002070BDF4
:10D9100001460A2008800148704700003C010020B1
:10D92000014643200880014870470000C4010020E0
:10D930000146432008800148704700008001002014
:10D94000014643200880014870470000080200207B
:10D950002DE9F04104460F460026207C88B94FF49B
:10D96000007302228121204600F03EFD0121E16288
:10D970004B020222204600F037FD0121C4F86C1151
:10D980000FE0402302228121204600F02DFD0121DD
:10D99000E16240230222204600F026FD0121C4F866
:10D9A0006C11082303228221204600F01DFD012175
:10D9B00021644FF4077001F0B5F8C4F8B802D4F848
:10D9C000B80208B901261CE0D4F8B852D4F8BC1249
:10D9D000086880470020C5F81402C5F81802207CAA
:10D9E00040B94FF4007301212046D5F8042200F01D
:10D9F00013FD06E0402301212046D5F8042200F063
:10DA00000BFD3046BDE8F08170B50446D4F8B8523D
:10DA1000D4F8B80298B1207C40B94FF400730121CA
:10DA20002046D5F8042200F0F7FC06E0402301214F
:10DA30002046D5F8042200F0EFFC002070BD022043
:10DA4000FCE70246022011B1C2F8BC120020704768
:10DA50000246D2F8B832C3F804120020704710B55D
:10DA60000346D3F8B842C4F80812C4F810220020C4
:10DA700010BD2DE9FC4105460C46D5F8B8620020E2
:10DA8000019000900027207800F0600040B320282B
:10DA90005FD1E088E0B1207800F0800060B1E288DA
:10DAA0006078D5F8BC128B6831469847E2883146D9
:10DAB000284600F0E6F812E0607886F80002A079C7
:10DAC00086F80102E2883146284600F0B9F806E0FF
:10DAD0006078D5F8BC1200228B68214698473EE05A
:10DAE000607820B10A2812D00B282AD11FE095F8BF
:10DAF0009C02032805D102226946284600F0C1F89D
:10DB000004E02146284600F08FF802271FE095F830
:10DB10009C02032805D1012201A9284600F0B1F892
:10DB200004E02146284600F07FF802270FE095F830
:10DB30009C02032804D02146284600F075F80227ED
:10DB400005E02146284600F06FF8022700BF00BF1D
:10DB500005E02146284600F067F8022700BF00BF15
:10DB60003846BDE8FC8170B50546D5F8B842D5F811
:10DB7000B802A8B1D4F8140280B90120C4F8140284
:10DB8000D4F810122963B4F8100283B28121284618
:10DB9000D4F8082200F01CFD002070BD0120FCE735
:10DBA0000220FAE770B504460D46D4F8B4022946BF
:10DBB000426820469047002070BD70B504460D466F
:10DBC00094F89C02012804D0022803D003280CD129
:10DBD00001E000BF00BF6888012805D10020C4F81B
:10DBE000A402204600F05EF804E02946204600F03A
:10DBF0001BF800BF00BF70BD70B506460C46154649
:10DC00002B4622460021304600F006FC002070BD65
:10DC100070B506460C4615462B4622460021304676
:10DC200000F0D6FC002070BD70B504460D46802182
:10DC3000204600F0A1FC0021204600F09DFC70BDB4
:10DC400070B504460E4615460320C4F894024FF4FE
:10DC5000AE700551001D05512B463246002120466D
:10DC600000F0DAFB002070BD10B504460520C4F8B2
:10DC7000940200231A461946204600F0CDFB0020EE
:10DC800010BD70B504460E4615460220C4F8940235
:10DC9000E56125622B4632460021204600F098FCC3
:10DCA000002070BD10B504460420C4F8940200237F
:10DCB0001A461946204600F08BFC002010BD0000DB
:10DCC00070B505460C462DB92246064906A000F05F
:10DCD000D3F904E02246034903A000F0CDF901483E
:10DCE00070BD0000140E002043444320436F6E6655
:10DCF0006967000002461220088001487047000052
:10DD0000CC00002070B505460C462DB922460649C8
:10DD100006A000F0B1F904E02246034903A000F098
:10DD2000ABF9014870BD0000140E002043444320AD
:10DD3000496E7465726661636500000002460420E6
:10DD40000880014870470000E000002070B50546DB
:10DD50000C462246024903A000F08EF9004870BD2F
:10DD6000140E00204A6168616E476F73746172001F
:10DD700070B505460C462DB92246064906A000F0AE
:10DD80007BF904E02246034903A000F075F901483D
:10DD900070BD0000140E00204A6168616E476F7309
:10DDA000746172506F72740070B505460C461A208B
:10DDB0002080F8F725FC014870BD0000E400002039
:10DDC00070B504460D46E888012804D0294620464F
:10DDD000FFF72AFF1EE094F89C02012804D00228D5
:10DDE00003D0032810D109E000BF0020A060012269
:10DDF00004F108012046FFF744FF0AE00122211D3B
:10DE00002046FFF73EFF04E029462046FFF70CFFBF
:10DE100000BF00BF70BDF8B504460E46002000905C
:10DE20000027002570880012082875D2DFE800F06E
:10DE3000C7040C20C7C7A5B5207CD4F8B0120A6867
:10DE4000694690470746C1E0207C40B9D4F8B40247
:10DE5000816A6846884707460220787007E0D4F850
:10DE6000B402C16A68468847074602207870ADE070
:10DE7000B078062878D2DFE800F00316293C50631A
:10DE8000D4F8B002406838B1207CD4F8B0124A68A7
:10DE900069469047074605E031462046FFF7C4FE35
:10DEA000681CC5B267E0D4F8B002806838B1207C45
:10DEB000D4F8B0128A6869469047074605E03146B3
:10DEC0002046FFF7B1FE681CC5B254E0D4F8B0029A
:10DED000C06838B1207CD4F8B012CA68694690474F
:10DEE000074605E031462046FFF79EFE681CC5B296
:10DEF00041E0D4F8B002006938B1207CD4F8B01207
:10DF00000A6969469047074605E031462046FFF713
:10DF10008BFE681CC5B22EE051E0D4F8B002406917
:10DF200038B1207CD4F8B0124A6969469047074658
:10DF300005E031462046FFF777FE681CC5B21AE0BF
:10DF4000D4F8B002806940B1207CD4F8B0128A695C
:10DF500069469047074606E006E031462046FFF74F
:10DF600063FE681CC5B206E031462046FFF75CFE42
:10DF7000681CC5B200BF00BF28E0207C30B9D4F8CF
:10DF8000B402416B68468847074605E031462046A3
:10DF9000FFF74AFE681CC5B218E0207C40B9D4F8EF
:10DFA000B402016B6846884707460720787005E091
:10DFB00031462046FFF738FE681CC5B206E0314600
:10DFC0002046FFF731FE681CC5B200BF00BF05B197
:10DFD000F8BDBDF8000088B1F08878B1F088BDF8D0
:10DFE0000010884202DDBDF8000000E0F0880090DB
:10DFF000BDF8002039462046FFF743FEF08810B9EF
:10E000002046FFF74FFE00BFE2E70146002002E096
:10E01000421CD0B2491C0A78002AF9D1704770B569
:10E0200004460D4694F89C02012804D0022803D02F
:10E0300003281AD101E000BF00BFE888022804D0FD
:10E0400029462046FFF7F0FD14E00120E060D4F8F7
:10E05000A40218B1E06840F00200E060022204F17E
:10E060000C012046FFF70DFE04E029462046FFF78D
:10E07000DBFD00BF00BF70BD2DE9F04104460D4639
:10E0800017460026FCB12046FFF7BFFF022101EB37
:10E09000400038803A783046711CCEB22A540322B0
:10E0A0003046711CCEB22A540AE014F8012B3046D7
:10E0B000711CCEB22A5400223046711CCEB22A54B2
:10E0C00020780028F1D1BDE8F0810146002031B16F
:10E0D000012906D0022906D0032908D105E0002035
:10E0E00007E0022005E0012003E0022001E0022019
:10E0F00000BF00BF704770B504460D4616460CB908
:10E10000022070BDD4F8B40210B10020C4F8B402EB
:10E110000DB1C4F8B052012084F89C02267020464C
:10E1200000F004F90020ECE72DE9F04104460D462B
:10E13000002600272946D4F8C002F9F795FA0646CA
:10E140003046FFF7C2FF07463846BDE8F0812DE9AB
:10E15000F04104460D46002600272946D4F8C002A7
:10E16000F9F74DFA06463046FFF7AFFF0746384647
:10E17000BDE8F0812DE9F04104460E461746002E19
:10E1800064D104F11405D4F89402022848D1D5E9E9
:10E190000301884210D9D5E90301401AE860A88933
:10E1A00082B239462046FFF733FD00231A4619464E
:10E1B000204600F031F93EE02969A868B0FBF1F291
:10E1C00001FB1200B8B92969A868884213D3A8686E
:10E1D000D4F8981288420ED2002211462046FFF74A
:10E1E00017FD0020C4F8980200231A46194620465D
:10E1F00000F012F91FE0D4F8B402C06840B194F8FE
:10E200009C02032804D1D4F8B402C1682046884790
:10E210008021204600F0B0F92046FFF725FD0AE0F6
:10E22000D4F89402042802D0D4F8940218B98021BA
:10E23000204600F0A1F994F8A002012818D1204648
:10E2400000F0FAF9002084F8A00211E0D4F8B4023A
:10E25000406950B194F89C02032806D1D4F8B40266
:10E26000314642692046904702E00220BDE8F08135
:10E270000020FBE72DE9F04104460E461746BEBBE1
:10E2800004F5AA75D4F89402032825D1D5E9030131
:10E29000884210D9D5E90301401AE860D5E90301A5
:10E2A000884201D2E86800E0286982B239462046F7
:10E2B000FFF7A2FC2FE0D4F8B402006940B194F853
:10E2C0009C02032804D1D4F8B4020169204688478F
:10E2D0002046FFF7E7FC1EE0D4F8940205281AD187
:10E2E0000020C4F894020021204600F045F912E015
:10E2F000FFE7D4F8B402806950B194F89C02032877
:10E3000006D1D4F8B402314682692046904702E033
:10E310000220BDE8F0810020FBE770B504460D4601
:10E320002946D4F8C002F9F71DFD70BD10B50446AA
:10E330001D48C0F8E842C4F8C0021C481A490860E9
:10E340000820486002211848816000218161C16174
:10E350000162F9F7DEFE08B1F7F761FC04F53074ED
:10E360001823002211462068F9F706F958230022E5
:10E3700080212068F9F700F9C0230022812120685C
:10E38000F9F7FAF84FF48873002201212068F9F7B1
:10E39000F3F82068A4F530744FF4807300228221D2
:10E3A000F9F7EAF8002010BDE4170020005C0040F7
:10E3B00010B50246D2F8C03201F08000802809D1A1
:10E3C00001F07F0000EB800403F1280000EBC400A3
:10E3D000807810BD01F07F0000EB800403F5B4707D
:10E3E00000EBC4008078F4E72DE9F04704460F46BF
:10E3F00015461E464FF00008C1462B4632463946A8
:10E40000D4F8C002F9F7B9FC80464046FFF75DFE3C
:10E4100081464846BDE8F0872DE9F04704460D46A1
:10E4200016461F464FF00008C1463B463246294675
:10E43000D4F8C002F9F7E7FC80464046FFF745FEF6
:10E4400081464846BDE8F08710B5044640230022C7
:10E4500011462046FFF7C8FF01214FF4AC7001516F
:10E4600040214FF4B2700151402300228021204608
:10E47000FFF7BAFF0121A16140216162012084F808
:10E480009C020020C4F894026060C4F8A402D4F88E
:10E49000B80228B12179D4F8B402426820469047E6
:10E4A000002010BD014691F89C02042803D191F888
:10E4B0009D0281F89C020020704710B5044694F834
:10E4C0009C02032808D1D4F8B402C06920B1D4F862
:10E4D000B402C16920468847002010BD024611746D
:10E4E000002070472DE9F04104460D460026002724
:10E4F0002946D4F8C002F9F7FBFE06463046FFF77E
:10E50000E4FD07463846BDE8F08170B504460D4687
:10E51000294604F52A7000F073F80120C4F894022B
:10E5200040F2AE20005BC4F8980294F8A80200F014
:10E530001F0020B1012808D0022812D10BE004F5F9
:10E540002A71204600F041F913E004F52A712046B3
:10E5500000F0A8FA0DE004F52A71204600F086F9D3
:10E5600007E094F8A80200F08001204600F004F8CB
:10E5700000BF00BF002070BD2DE9F04104460D46EC
:10E58000002600272946D4F8C002F9F762FC0646A7
:10E590003046FFF79AFD07463846BDE8F08170B572
:10E5A000044600250026D4F8C002F9F7C5FE05464A
:10E5B0002846FFF78AFD0646304670BD014691F8B1
:10E5C0009C0281F89D02042081F89C020020704783
:10E5D0002DE9F04704460D4616461F464FF0000849
:10E5E000C1463B4632462946D4F8C002F9F775FCCD
:10E5F00080464046FFF769FD81464846BDE8F08702
:10E600000A7802704A7842708B78CA7803EB02224B
:10E6100042800B794A7903EB022282808B79CA7996
:10E6200003EB0222C28070470246002011B1C2F8FB
:10E63000B41200E00220704701460020704770B518
:10E6400004460D46A88810BBE88800BB688880286F
:10E650001DD2A87800F07F0694F89C02032804D10C
:10E6600029462046FFF7E0FA15E084F89E6231461D
:10E670002046FFF737FF2046FFF714FB1EB10220AC
:10E6800084F89C0207E0012084F89C0203E02946FC
:10E690002046FFF7C9FA70BD70B504460D46022644
:10E6A000D4F8B40238B1D4F8B4022946026820463E
:10E6B000904700B90026304670BD000070B5044692
:10E6C0000D46A8783649087008460078012804DD10
:10E6D00029462046FFF7A8FA60E094F89C02022839
:10E6E00002D003284FD11CE02D480078A8B12C4857
:10E6F00000786060032084F89C0229480178204655
:10E70000FFF7CAFF022804D129462046FFF78CFAFA
:10E7100070BD2046FFF7C6FA02E02046FFF7C2FAB6
:10E720003BE01F48007870B9022084F89C021C4826
:10E73000007860601A4801782046FFF733FA2046D7
:10E74000FFF7B0FA1EE0164909786068884216D0D3
:10E7500021792046FFF726FA1148007860601048BA
:10E7600001782046FFF798FF022804D12946204669
:10E77000FFF75AFACCE72046FFF794FA02E020466A
:10E78000FFF790FA09E029462046FFF74DFA0448C2
:10E7900001782046FFF706FA00BF00BF00BFB7E7C9
:10E7A0003801002070B505460C466088012804D168
:10E7B000C5F8A4022846FFF775FA70BD10B50446E7
:10E7C0002046FFF7ECFE002010BD70B505460C4654
:10E7D0000026207800F0600060B1202802D0402898
:10E7E0003CD100E000BFD5F8B4022146826828463B
:10E7F000904738E060780A2829D2DFE800F0192332
:10E80000281E280A0528140F21462846FFF703FB77
:10E8100022E021462846FFF712FF1DE02146284648
:10E82000FFF74CFF18E021462846FFF7C9FA13E02E
:10E8300021462846FFF7F3FB0EE021462846FFF766
:10E84000B1FF09E021462846FFF7B7F904E0214669
:10E850002846FFF7E9F900BF00BF04E0214628463B
:10E86000FFF7E2F900BF00BF304670BD2DE9F0416F
:10E8700005460E464FF000083479307800F060000D
:10E8800060B1202802D0402871D100E000BFD5F847
:10E89000B402314682682846904700E1307800F0A3
:10E8A0006000202809D1D5F8B40231468268284694
:10E8B000904780464046BDE8F081707800285ED0E1
:10E8C00001282FD0032876D195F89C02022802D087
:10E8D000032820D110E054B1802C08D021462846CE
:10E8E000FFF74AFE80212846FFF746FE03E0314647
:10E8F0002846FFF799F913E0708840B93CB1802CA5
:10E9000005D0F08818B921462846FFF735FE28467D
:10E91000FFF7C8F904E031462846FFF785F900BF44
:10E9200000BFB5E095F89C02022802D003281FD151
:10E9300010E054B1802C08D021462846FFF71CFE79
:10E9400080212846FFF718FE03E031462846FFF7EE
:10E950006BF912E0708848B904F07F0018B12146C5
:10E960002846FFF7E1FB2846FFF79CF905E091E018
:10E9700031462846FFF758F900BF00BF88E095F8F8
:10E980009C02022802D0032876D126E034B1802CE4
:10E9900004D031462846FFF747F972E004F08000C2
:10E9A000802809D104F07F0000EB800105F11400FC
:10E9B00000EB810008E066E004F07F0000EB8001DE
:10E9C00005F5AA7000EB810007460020386002229E
:10E9D00039462846FFF755F953E004F080008028B7
:10E9E0000ED104F00F0000EB800105F1140000EBE4
:10E9F0008100406898B931462846FFF715F940E094
:10EA000004F00F0000EB800105F5AA7000EB810017
:10EA1000406820B931462846FFF706F931E004F096
:10EA20008000802808D104F07F0000EB800105F110
:10EA3000140000EB810007E004F07F0000EB800190
:10EA400005F5AA7000EB810007460CB1802C02D1BD
:10EA50000020386009E021462846FFF7A9FC10B1E4
:10EA60000120386001E00020386002223946284643
:10EA7000FFF707F905E0FFE731462846FFF7D4F82E
:10EA800000BF00BF04E031462846FFF7CDF800BFC5
:10EA900000BF04E031462846FFF7C6F800BF00BFBC
:10EAA000404608E770B505460C460026207800F081
:10EAB000600030B1202802D040282AD100E000BFF9
:10EAC00000BF95F89C02012804D0022803D0032837
:10EAD00018D101E000BF00BF207901280DDCD5F876
:10EAE000B40221468268284690470646E08840B92D
:10EAF0003EB92846FFF7D6F803E021462846FFF73F
:10EB000093F804E021462846FFF78EF800BF00BFC7
:10EB100004E021462846FFF787F800BF00BF002029
:10EB200070BD70470146014870470000D01A0020B0
:10EB3000F0B5024600260878400032F8100048F68A
:10EB40008F1400EA0403C87830B101280CD00228E1
:10EB500005D003280BD104E043F4007309E000BFA3
:10EB600007E043F4C06304E043F4806301E001265E
:10EB700000BF00BF43F4004040F080000C78640008
:10EB800022F8140000BF0C78640032F8144048F6F4
:10EB90008F752C400D7844EA050040F4004444F0A1
:10EBA00080040D786D0022F8154000BF087B002816
:10EBB0007ED14878002852D000BF1046B2F850509D
:10EBC00028440D7800F5806707EB0514CD886D109B
:10EBD0006D00258000BF00BF0C78640032F814007F
:10EBE00000F040048CB100BF0D786D0032F8155074
:10EBF00048F68F7705EA070444F4004545F0C00560
:10EC00000F787F0022F8175000BF00BFC878012896
:10EC100013D000BF0C78640032F8144048F6BF757A
:10EC200004EA050080F0200040F4004444F0800431
:10EC30000D786D0022F815409EE100BF0C7864004D
:10EC400032F8144048F6BF7504EA050040F4004469
:10EC500044F080040D786D0022F815408CE100BF6F
:10EC60001046B2F8505028440D78042707EBC5052C
:10EC700000F5806707EB4504CD886D106D00258099
:10EC800000BF00BF1546B2F8504025440C78062757
:10EC900007EBC40405F5806707EB4404204600BF7A
:10ECA0000F6967B9078848F2FF3C07EA0C0700E0E4
:10ECB00057E00780078847F4004707801EE00F6988
:10ECC0003E2F0DD800BF0F697C080F7C07F00107AD
:10ECD00007B1641C4FF6FF7707EA842707800DE031
:10ECE00000BF0F697C090F7C07F01F0707B9641E7E
:10ECF0004FF4004747EA8427078000BF00BF00BFEA
:10ED000000BF0C78640032F8140000F480448CB129
:10ED100000BF0D786D0032F8155048F68F7705EA80
:10ED2000070444F4004545F481450F787F0022F83C
:10ED3000175000BF00BF00BF0C78640032F81440C9
:10ED40004BF68F7504EA050080F4805080F4005083
:10ED500040F4004444F080040D786D0022F8154022
:10ED60000AE100BF0C78640032F8144048F68F7551
:10ED700004EA050040F4004444F4C0740D786D00CA
:10ED800022F8154000BF00BF00BF00BF1046B2F818
:10ED9000505028440D7800F5806707EB05140D8965
:10EDA0006D106D00258000BF00BF00BF00BF104682
:10EDB000B2F8505028440D78042707EBC50500F53C
:10EDC000806707EB45044D896D106D00258000BFFD
:10EDD00000BF00BF487800285DD100BF0C786400F8
:10EDE00032F8140000F480448CB100BF0D786D003F
:10EDF00032F8155048F68F7705EA070444F40045C9
:10EE000045F481450F787F0022F8175000BF00BFFE
:10EE100000BF0C78640032F8140000F040048CB19C
:10EE200000BF0D786D0032F8155048F68F7705EA6F
:10EE3000070444F4004545F0C0050F787F0022F830
:10EE4000175000BF00BF00BF0C78640032F81440B8
:10EE50004BF68F7504EA050080F4805080F4005072
:10EE600040F4004444F080040D786D0022F8154011
:10EE700000BF00BF0C78640032F8144048F6BF753C
:10EE800004EA050040F4004444F080040D786D006D
:10EE900022F8154070E000BF0C78640032F81400CE
:10EEA00000F480448CB100BF0D786D0032F815502D
:10EEB00048F68F7705EA070444F4004545F4814598
:10EEC0000F787F0022F8175000BF00BF00BF0C78FA
:10EED000640032F8140000F040048CB100BF0D78DB
:10EEE0006D0032F8155048F68F7705EA070444F4B0
:10EEF000004545F0C0050F787F0022F8175000BF8D
:10EF000000BFC878012813D000BF0C78640032F825
:10EF1000144048F6BF7504EA050080F0200040F474
:10EF2000004444F080040D786D0022F8154011E093
:10EF300000BF0C78640032F8144048F6BF7504EA4C
:10EF4000050040F4004444F080040D786D0022F880
:10EF5000154000BF00BF0C78640032F814404BF637
:10EF60008F7504EA050040F4004444F080040D78F5
:10EF70006D0022F8154000BF3046F0BD10B50446C4
:10EF8000002010BD30B50246087B00285BD14878D0
:10EF900060B300BF0B785B0032F8130000F0400351
:10EFA0008BB100BF0C78640032F8144048F68F75BE
:10EFB00004EA050343F4004444F0C0040D786D00F6
:10EFC00022F8154000BF00BF00BF0B785B0032F88D
:10EFD000133048F6BF7403EA040040F4004343F0E2
:10EFE00080030C78640022F8143007E100BF0B782E
:10EFF0005B0032F8130000F480438BB100BF0C7843
:10F00000640032F8144048F68F7504EA050343F4AF
:10F01000004444F481440D786D0022F8154000BF8F
:10F0200000BF00BF0B785B0032F813304BF68F74D3
:10F0300003EA040040F4004343F080030C786400CA
:10F0400022F81430DAE0487800286BD100BF0B7842
:10F050005B0032F8130000F480438BB100BF0C78E2
:10F06000640032F8144048F68F7504EA050343F44F
:10F07000004444F481440D786D0022F8154000BF2F
:10F0800000BF00BF0B785B0032F8130000F04003B4
:10F090008BB100BF0C78640032F8144048F68F75CD
:10F0A00004EA050343F4004444F0C0040D786D0005
:10F0B00022F8154000BF00BF00BF0B785B0032F89C
:10F0C000133048F68F7403EA040040F4004343F021
:10F0D000C0030C78640022F8143000BF00BF0B7826
:10F0E0005B0032F813304BF68F7403EA040040F4EF
:10F0F000004343F080030C78640022F8143000BF12
:10F1000000BF0B785B0032F8133048F6BF7403EA97
:10F11000040040F4004343F080030C78640022F8BC
:10F1200014306BE000BF0B785B0032F8130000F482
:10F1300080438BB100BF0C78640032F8144048F66D
:10F140008F7504EA050343F4004444F481440D78C8
:10F150006D0022F8154000BF00BF00BF0B785B00B8
:10F1600032F8130000F040038BB100BF0C7864004C
:10F1700032F8144048F68F7504EA050343F400445E
:10F1800044F0C0040D786D0022F8154000BF00BFA8
:10F1900000BF0B785B0032F8133048F68F7403EA37
:10F1A000040040F4004343F481430C78640022F8E7
:10F1B000143000BF00BF0B785B0032F8133048F604
:10F1C000BF7403EA040040F4004343F080030C786A
:10F1D000640022F8143000BF00BF0B785B0032F8E7
:10F1E00013304BF68F7403EA040040F4004343F0FD
:10F1F00080030C78640022F8143000BF002030BD7A
:10F2000001460020704701460020704710B50446B3
:10F21000012024F8400F00202080A0802082403C64
:10F2200010BD01464FF43F42B1F840009043A1F8B1
:10F2300040000020704702460020704730B502466B
:10F24000087B002865D1487888B300BF0B785B0045
:10F2500032F8130000F040038BB100BF0C7864005B
:10F2600032F8144048F68F7504EA050343F400446D
:10F2700044F0C0040D786D0022F8154000BF00BFB7
:10F28000C878012845D000BF0B785B0032F81330F6
:10F2900048F6BF7403EA040080F0200040F4004305
:10F2A00043F080030C78640022F8143031E0FFE76B
:10F2B00000BF0B785B0032F8130000F480438BB181
:10F2C00000BF0C78640032F8144048F68F7504EAE9
:10F2D000050343F4004444F481440D786D0022F8A2
:10F2E000154000BF00BF00BF0B785B0032F8133041
:10F2F0004BF68F7403EA040080F4805080F40050D1
:10F3000040F4004343F080030C78640022F814308A
:10F3100000BF002030BD10B50246487898B100BF4C
:10F320000B785B0032F8133048F6BF7403EA040030
:10F3300080F0100040F4004343F080030C78640038
:10F3400022F8143013E000BF0B785B0032F8133062
:10F350004BF68F7403EA040080F4805040F40043BD
:10F3600043F080030C78640022F8143000BF0020C2
:10F3700010BD2DE9F04706460C466078012876D18D
:10F380002169A069884201D9256900E0A569207B2F
:10F39000A0B9ABB2E2883046616900F0F4FD00BF6D
:10F3A0003046B6F8502010442278022303EBC20204
:10F3B00000F5806303EB42010D8081E3E0780228D1
:10F3C0007DD12169206A88427AD900BF217849001D
:10F3D00036F8111048F68F7201EA020040F400413D
:10F3E00041F4C0712278520026F8121000BF206A42
:10F3F000401B20622078400036F8100000F04000EA
:10F4000000287DD000BF3346607888BB00BF3246FD
:10F41000B6F850100A4421784FF0060909EBC101F3
:10F4200002F5806909EB4101084600BF75B9B0F8E3
:10F43000009048F2FF3A09EA0A09A0F80090B0F8F3
:10F44000009049F40049A0F8009021E03E2D10D82A
:10F4500000BF690805F00109B9F1000F00D0491C8F
:10F460004FF6FF7909EA8129A0F8009010E03DE30A
:10F4700010E000BF690905F01F09B9F1000F00D1C4
:10F48000491E4FF4004949EA8129A0F8009000BFC5
:10F4900000BF0FE0607801280CD1B6F8500003449B
:10F4A0002078062101EBC00003F5806101EB400CE0
:10F4B000ACF8005000BF6789ABB23A4601E057E1B3
:10F4C0002CE13046616900F05EFD606928446061AE
:10F4D0002169206A884203D9206A401B206202E029
:10F4E000256A0020206200BF6078C0BB00BF3246A2
:10F4F000B6F850100A442178022303EBC10100E062
:10F5000049E002F5806303EB4101084600BF55B9AD
:10F51000038848F2FF3C03EA0C030380038843F4AA
:10F520000043038019E03E2D0BD800BF690805F0A9
:10F53000010303B1491C4FF6FF7303EA81230380E3
:10F540000BE000BF690905F01F0303B9491E4FF422
:10F55000004343EA8123038000BF00BF12E0FFE7BE
:10F56000607801280ED100BF3046B6F85020104414
:10F570002278022303EBC20200F5806303EB420111
:10F580000D8000BF00BF2789ABB23A4630466169A3
:10F5900000F0F9FC94E200BF6078B0BB00BF3246D7
:10F5A000B6F850100A442178022303EBC10102F59A
:10F5B000806303EB4101084600BF55B9038848F258
:10F5C000FF3C03EA0C030380038843F400430380F9
:10F5D00019E03E2D0BD800BF690805F0010303B107
:10F5E000491C4FF6FF7303EA812303800BE000BF41
:10F5F000690905F01F0303B9491E4FF4004343EAAC
:10F600008123038000BF00BF12E0FFE7607801287C
:10F610000ED100BF3046B6F85020104422780223A5
:10F6200003EBC20200F5806303EB42010D8000BFD3
:10F6300000BF2789ABB23A463046616900F0A3FCAF
:10F640006069284460612169206A884203D9206A80
:10F65000401B206202E0256A0020206200BF334682
:10F66000607880BB00BF3246B6F850100A4421785B
:10F670004FF0060909EBC10102F5806909EB410170
:10F68000084600BF75B9B0F8009048F2FF3A09EAA1
:10F690000A09A0F80090B0F8009049F40049A0F8D9
:10F6A000009020E03E2D0FD800BF690805F0010949
:10F6B000B9F1000F00D0491C4FF6FF7909EA812902
:10F6C000A0F800900FE010E000BF690905F01F09E5
:10F6D000B9F1000F00D1491E4FF4004949EA8129D0
:10F6E000A0F8009000BF00BF0FE0607801280CD1A7
:10F6F000B6F8500003442078062101EBC00003F562
:10F70000806101EB400CACF8005000BF6789ABB2E0
:10F710003A463046616900F036FCD1E1256A00BF07
:10F720002178490036F8111048F68F6201EA02008C
:10F7300040F4004141F080012278520026F8121076
:10F7400000BF00BF3046B6F8502010442278022394
:10F7500003EBC20200F5806303EB42010D8000BFA2
:10F760002789ABB23A463046616900F00CFCA7E14C
:10F7700000BF2178490036F8111048F68F7201EA6F
:10F78000020040F4004141F4C0712278520026F892
:10F79000121000BF206A401B20622078400036F81B
:10F7A000100000F0400000287DD000BF3346607894
:10F7B00080BB00BF3246B6F850100A4421784FF0A3
:10F7C000060909EBC10102F5806909EB4101084610
:10F7D00000BF75B9B0F8009048F2FF3A09EA0A098B
:10F7E000A0F80090B0F8009049F40049A0F800900B
:10F7F00020E03E2D0FD800BF690805F00109B9F1DE
:10F80000000F00D0491C4FF6FF7909EA8129A0F8C2
:10F8100000900FE010E000BF690905F01F09B9F181
:10F82000000F00D1491E4FF4004949EA8129A0F890
:10F83000009000BF00BF0FE0607801280CD1B6F83F
:10F84000500003442078062101EBC00003F58061DD
:10F8500001EB400CACF8005000BF6789ABB23A46F0
:10F860003046616900F08FFB60692844606121695E
:10F87000206A884203D9206A401B206202E0256A80
:10F8800000202062002D56D000BF6078C0BB00BFB2
:10F890003246B6F850100A442178022303EBC10126
:10F8A00002F5806300E047E003EB4101084600BF3A
:10F8B00055B9038848F2FF3C03EA0C030380038830
:10F8C00043F40043038019E03E2D0BD800BF6908C4
:10F8D00005F0010303B1491C4FF6FF7303EA8123CE
:10F8E00003800BE000BF690905F01F0303B9491E3F
:10F8F0004FF4004343EA8123038000BF00BF12E0BE
:10F90000FFE7607801280ED100BF3046B6F85020DE
:10F9100010442278022303EBC20200F5806303EB5C
:10F9200042010D8000BF00BF2789ABB23A46304686
:10F93000616900F028FBC3E000BF6078B0BB00BF86
:10F940003246B6F850100A442178022303EBC10175
:10F9500002F5806303EB4101084600BF55B90388F7
:10F9600048F2FF3C03EA0C030380038843F400439E
:10F97000038019E03E2D0BD800BF690805F0010394
:10F9800003B1491C4FF6FF7303EA812303800BE0A8
:10F9900000BF690905F01F0303B9491E4FF4004376
:10F9A00043EA8123038000BF00BF12E0FFE76078D5
:10F9B00001280ED100BF3046B6F8502010442278FE
:10F9C000022303EBC20200F5806303EB42010D80CA
:10F9D00000BF00BF2789ABB23A463046616900F0EC
:10F9E000D2FA6069284460612169206A884203D99B
:10F9F000206A401B206202E0256A00202062A5B335
:10FA000000BF3346607888BB00BF3246B6F850105E
:10FA10000A4421784FF0060909EBC10102F580691B
:10FA200009EB4101084600BF75B9B0F8009048F2F3
:10FA3000FF3A09EA0A09A0F80090B0F8009049F4EA
:10FA40000049A0F8009021E03E2D10D800BF6908C1
:10FA500005F00109B9F1000F00D0491C4FF6FF79FC
:10FA600009EA8129A0F8009010E029E010E000BF29
:10FA7000690905F01F09B9F1000F00D1491E4FF4C3
:10FA8000004949EA8129A0F8009000BF00BF0FE0BB
:10FA9000607801280CD1B6F8500003442078062184
:10FAA00001EBC00003F5806101EB400CACF80050A5
:10FAB00000BF6789ABB23A463046616900F063FA2D
:10FAC00000BF2178490036F8111048F6BF7201EAEC
:10FAD000020080F0100080F0200040F4004141F06E
:10FAE00080012278520026F8121005E2207BA0BB8C
:10FAF0002169A069884204D92569A069401BA061D9
:10FB000002E0A5690020A06100BF3246B6F850109F
:10FB10000A442178062303EBC10102F5806303EB5D
:10FB20004101084600BF55B9038848F2FF3C03EA8B
:10FB30000C030380038843F4004303801AE03E2D46
:10FB40000CD800BF690805F0010303B1491C4FF64A
:10FB5000FF7303EA812303800CE00DE000BF690915
:10FB600005F01F0303B9491E4FF4004343EA812304
:10FB7000038000BF00BFA9E1E07802287DD100BF6B
:10FB800000BF6078E0BB00BF3246B6F850100A44B0
:10FB90002178022303EBC10102F5806303EB4101ED
:10FBA000084600BF236953B9038848F2FF3C03EAC3
:10FBB0000C030380038843F4004303801EE02369A1
:10FBC0003E2B0DD800BF23695908237C03F00103A5
:10FBD00003B1491C4FF6FF7303EA812303800DE054
:10FBE00000BF23695909237C03F01F0303B9491E91
:10FBF0004FF4004343EA8123038000BF00BF13E0BA
:10FC0000FFE7607801280FD100BF3046B6F85020DA
:10FC100010442278022303EBC20200F5806303EB59
:10FC20004201228A0A8000BF00BF00BF33466078CD
:10FC3000E8BB00BF3246B6F850100A4421784FF0B6
:10FC4000060909EBC10102F5806909EB410108468B
:10FC500000BFD4F81090B9F1000F0FD1B0F80090A8
:10FC600048F2FF3A09EA0A09A0F80090B0F80090BB
:10FC700049F40049A0F800902EE06BE0D4F8109011
:10FC8000B9F13E0F14D800BFD4F810904FEA5901D3
:10FC900094F8109009F00109B9F1000F00D0491C47
:10FCA0004FF6FF7909EA8129A0F8009014E015E0E9
:10FCB00000BFD4F810904FEA591194F8109009F051
:10FCC0001F09B9F1000F00D1491E4FF4004949EA5C
:10FCD0008129A0F8009000BF00BF10E060780128E3
:10FCE0000DD1B6F8500003442078062101EBC00086
:10FCF00003F5806101EB400C208AACF8000000BFE6
:10FD000000BFE069002824D02078400036F8108039
:10FD100008F4804010B108F0400038B908F4804081
:10FD2000002816D108F04000002812D100BF00BF03
:10FD30002178490036F8111048F68F7201EA020066
:10FD400040F4004141F0C0012278520026F8121020
:10FD500000BFBBE0E07801287CD12169A06988421E
:10FD600004D92569A069401BA06102E0A5690020B3
:10FD7000A06100BF00BF6078B0BB00BF3246B6F8DC
:10FD800050100A442178022303EBC10102F580637D
:10FD900003EB4101084600BF55B9038848F2FF3C18
:10FDA00003EA0C030380038843F40043038019E053
:10FDB0003E2D0BD800BF690805F0010303B1491CB3
:10FDC0004FF6FF7303EA812303800BE000BF69094C
:10FDD00005F01F0303B9491E4FF4004343EA812392
:10FDE000038000BF00BF12E0FFE7607801280ED15A
:10FDF00000BF3046B6F8502010442278022303EBAF
:10FE0000C20200F5806303EB42010D8000BF00BF1A
:10FE100000BF3346607890BB00BF3246B6F8501042
:10FE20000A4421784FF0060909EBC10102F5806907
:10FE300009EB4101084600BF85B9B0F8009048F2CF
:10FE4000FF3A09EA0A09A0F80090B0F8009049F4D6
:10FE5000004900E037E0A0F8009020E03E2D0FD8E8
:10FE600000BF690805F00109B9F1000F00D0491C75
:10FE70004FF6FF7909EA8129A0F800900FE010E021
:10FE800000BF690905F01F09B9F1000F00D1491E33
:10FE90004FF4004949EA8129A0F8009000BF00BF53
:10FEA0000FE0607801280CD1B6F8500003442078A8
:10FEB000062101EBC00003F5806101EB400CACF8BA
:10FEC000005000BF02E00120BDE8F08700BF2178AC
:10FED000490036F811104BF68F7201EA020080F4E7
:10FEE000805080F4005040F4004141F080012278BD
:10FEF000520026F8121000BF0020E5E7014600205E
:10FF0000A1F844004FF43F42A1F8402070470000A0
:10FF100010B50248F8F70CF810BD0000E4170020F7
:10FF20000146B1F8440070472DE9F04304460E46FF
:10FF300015464FEA530CA046304608F5806909EB98
:10FF4000450267460AE01188921C0170401C4FEA86
:10FF5000112980F80090401C921C7F1E002FF2D1C6
:10FF600003F00109B9F1000F01D011880170BDE85B
:10FF7000F083024600207047024611B98020A2F8A3
:10FF80004C00002070472DE9F04704460D461E4600
:10FF900006F1010A4FEA5A08A146284609F5806A87
:10FFA0000AEB420347460BE090F800C0401C90F873
:10FFB00000A04CEA0A2119809B1C9B1C401C7F1E40
:10FFC000002FF1D1BDE8F08700BFFEE70FB4054B6D
:10FFD00010B503A9044A029800F048F810BC5DF877
:10FFE00014FB0000B90401086C0200200FB4084B98
:10FFF00010B504A902AA039800F038F8044602A933
:020000040801F1
:10000000002000F049F9204610BC5DF814FB000008
:100010009902010802480068C0F3022070470000FE
:100020000CED00E010B5002804DB0A07130E054AAA
:10003000135406E00A07140E034A00F00F031B1FB7
:10004000D45410BD00E400E018ED00E002E008C860
:10005000121F08C1002AFAD170477047002001E042
:1000600001C1121F002AFBD1704700002DE9FF4F8C
:100070008BB09A460F460446002606E025280BD092
:1000800052460D999047641C761C20780028F5D1C3
:100090000FB03046BDE8F08F0025A94601227D490A
:1000A00000E0054314F8013F203B02FA03F0084248
:1000B000F7D120782E2817D114F8010F45F0040548
:1000C0002A280ED06FF02F022078A0F130010929E4
:1000D0000AD809EB890102EB410100EB0109641C1C
:1000E000F2E757F8049B641C20786C280DD004DCE0
:1000F0004C2812D06A2811D104E074280DD07A2837
:100100000CD10AE045F4001507E0617845F480154C
:10011000814202D1641C05F58015641C2078692891
:100120003ED006DC0028B3D063280BD0642804D16D
:1001300036E0732810D075285CD052460D99904750
:10014000761CA5E017F8040B8DF8000000208DF850
:100150000100E846012003E057F8048B4FF0FF3020
:1001600069074FF0000501D40AE06D1C4D450DDA1A
:100170008542FADB18F805100029F6D106E06D1C5F
:100180008542FCDB18F805100029F8D12E4404E064
:1001900018F8010B52460D9990476D1EF8D277E082
:1001A00000200A90C5F302504FF00A0B02280CD031
:1001B00001CFC117021E71F100020CDA0023D0EB4F
:1001C000030063EB01012D2208E0FF1D27F0070764
:1001D000F7E80201EEE72A0504D52B228DF824204A
:1001E000012203E0EA070FD02022F7E70DF12008F3
:1001F000089218E000200A90C5F302504FF00A0B55
:10020000022803D001CF00210022EFE7FF1D27F0D5
:100210000707F7E80201F7E75A460A9BF5F7BDFB27
:10022000303208F8012D50EA0102F5D1ADEB08009B
:1002300000F1200B680701D44FF00109D94502DD18
:10024000A9EB0B0000E000208146002506E009A88C
:100250005246405D0D9990476D1C761C089885426A
:10026000F5DB04E0302052460D999047761CB9F139
:100270000001A9F10109F5DC05E018F8010B52466F
:100280000D999047761CBBF10001ABF1010BF4DC3A
:10029000641CFAE6092801000A68531C0B60107000
:1002A0007047000010B50120F6F748FA0AA001F0E7
:1002B0007DF800201549086001201549087015498E
:1002C0000870154908700020144908704FF4167121
:1002D0001348F5F750FB10BD7B22526563656976C4
:1002E00065223A7B22537461747573223A32367DEB
:1002F0002C2243223A7B2254797065223A224361B0
:100300006E73656C227D7D0A0000000014000020E1
:10031000480000204B0000204D0000204900002034
:10032000D0040020014601F0030090B96420B1FB25
:10033000F0F200FB121050B94FF4C870B1FBF0F2AC
:1003400000FB121008B9012070470020FCE70120D3
:10035000FAE70020F8E7000010B586B00446F6F78B
:10036000BBFA012004900F48039000200190012067
:10037000029005A901A8F6F7F5F978B9F6F74AFA57
:100380000598401C10B1002006B010BD24B9FF2212
:1003900010210548F5F7E8FA0120F5E7F6F73AFAF3
:1003A0000020F1E740540008101D002000B5002295
:1003B0001021104600F002F800BD000030B50346E1
:1003C0005818402801D9002030BD18460FE02AB146
:1003D000094C044494F840441470521C102805D26F
:1003E000054C044494F84044044D2C54401CCC1853
:1003F0008442ECD80120E7E700500008101D0020DF
:100400002DE9F04706468946154606EB09004028C7
:1004100002D90020BDE8F0870DB90020FAE7F6F711
:100420005BFA002413E02A5D601C285C42EA00208D
:10043000C3170746A019094A81183A460120F6F762
:10044000F3F918B1F6F7E6F90020E3E7A41C4C45F0
:10045000E9D3F6F7DFF90120DCE70000405400089B
:1004600010B506A000F0A2FF0020114908704FF45B
:1004700016711048F5F77FFA10BD00007B22526517
:100480006365697665223A7B2253746174757322C1
:100490003A32367D2C2243223A7B225479706522EF
:1004A0003A22457465626172227D7D0A0000000077
:1004B00048000020D004002013B50C4601216846F6
:1004C000F5F766FB0120F6F739F900981CBD00002E
:1004D00010B5002821D0114B0022001F196803E03D
:1004E000814203D80A4649680029F9D152B11368FC
:1004F000841A9C4204D1006818441060104602E03F
:10050000506000E0186039B102680B1A934203D1C1
:100510000B681A4402604968416010BD70020020F7
:1005200000B585B00120F6F709F9002215491648F3
:10053000F8F73AFC002215491348F8F7D7FB13489F
:10054000007812498978114A5278104BDB78CDE94E
:100550000132CDE903100B488078009009484378B8
:1005600002780BA11948FFF741FD184800F01EFF63
:100570000120F6F7E3F84FF416711548F5F7FBF98B
:1005800005B000BDA8000020D0090020AB0000206D
:100590007B2254223A7B2248223A25642C224D2287
:1005A0003A25642C2253223A25642C2259223A25DA
:1005B000642C226D223A25642C2244223A25642C94
:1005C0002257223A25647D7D0A000000280700207A
:1005D000D004002038B504460D460A202B4622469A
:1005E000482100900248F6F71BFC0249087038BD0C
:1005F0007C0900207400002038B504460D460A200E
:100600002B462246482100900248F6F7B5FD0249E4
:10061000087038BD7C0900207400002070B50446C5
:100620000D46002617E0012251020C48F6F704FBA4
:100630002846F6F783F800224FF400710748F6F7D2
:10064000FBFA2846F6F77AF8012251020348F6F73A
:10065000F3FA701CC6B2A642E5DB70BD000801408B
:1006600088B0F6F7C3FEFCF730FEFAF7CBF8FAF7DE
:1006700077F9FAF78DF9FAF7AFF9FAF73DF964204F
:10068000F6F75CF8FAF7DEF9FAF7F4F9FAF754F945
:10069000FE48F8F7EFFEFE480068C06840F0200012
:1006A000FB490968C8600A20F6F748F8F94800686D
:1006B000C06840F02000F7490968C8600020F6498A
:1006C0000860FBF743FDFAF793F8FFF76FFE1E2172
:1006D0000720FFF7A3FF4FF47A70F6F72FF8FAF729
:1006E000E5F94FF47A70F6F729F800224FF400414B
:1006F000EA48F6F7A1FA40F2E970F6F71FF801228E
:10070000D103E648F6F798FA0120E5490870E0E2DF
:10071000E448007858B1FBF719FD4AF6AA20E249EF
:1007200009680860FAF7E8F80120F6F707F84AF6D2
:10073000AA20DD4909680860FAF75AF8DB48006822
:1007400000286FD00120F5F7F9FFD94800785A2822
:1007500069D018DC2A2867D00CDC03287BD004DCA5
:10076000012868D002286DD16FE007286BD02328BC
:10077000F9D198E0452867D0462874D04E2873D028
:100780005628F0D118E0722822D00CDC67287CD0E3
:1007900004DC63286AD06628E5D1AEE06E2872D00A
:1007A0007028E0D163E073286ED075280AD08028C5
:1007B00032D08128D7D138E000F014FE0120BD49A5
:1007C0000870C4E000F09CFF0120BA490870BEE048
:1007D000B9A000F0EBFD0A20F5F7B0FF00BF00BFA5
:1007E00000BF00BF00BFBFF34F8F00BF00BF00BFFF
:1007F000B848006800F4E060B7490843001DB549F7
:10080000086000BF00BF00BFBFF34F8F00BF00BF35
:1008100000BF00BF00BFFDE700F0BAFE0120A54900
:10082000087094E09FE044E037E0FFF779FE012094
:10083000A04908708BE000F043FF01209D4908703B
:1008400085E008E071E03AE017E000F017FF0120D2
:10085000984908707BE0A149A148FBF77BFA012089
:100860009449087073E058E04FE00EE031E0FBF788
:10087000E3FC01208F49087069E0FFF7F1FD0120DA
:100880008C49087063E030E029E089494878FCF73A
:10089000F5F801208749087059E001209149087056
:1008A0008449087053E001208F490870814908701D
:1008B0004DE000F073FF01207E49087047E07C485E
:1008C00041788A4A012000F055FB012079490870DF
:1008D0003DE0FFF7E7FC01207649087037E000F0C3
:1008E00001FE01207349087031E031216E2000F0D3
:1008F0007DFA01206F49087029E03121662000F05F
:1009000075FA01206B49087021E032216E2000F059
:100910006DFA01206749087019E03221662000F065
:1009200065FA01206349087011E071A000F03EFDF6
:1009300013207649087000205E4908704FF4167144
:100940005B48F5F718F800205849086000BF00BF61
:1009500013206E49087000205649087053490860FA
:100960000120F5F7EBFE5F48007808B1FBF794FE35
:100970005D48007808B1FBF793FC4748006890B1E8
:100980000A20F5F7DBFE444801686148F5F700F9F5
:100990000020414908600A20F5F7D0FE4FF4167197
:1009A0005B48F4F7E8FF5148007888B94F48407831
:1009B00070B94E48807858B94C48C07840B900208A
:1009C00004E00021534A1154411CC8B20428F8DB4A
:1009D0004648F9F7CFFC20B14448F9F7CBFC00B109
:1009E00077E1424800784B490978884212D13F4864
:1009F00040784849497888420CD13C48807845493C
:100A00008978884206D13948C0784249C9788842F5
:100A100000D15EE110210020F9F7C4FB70B133482A
:100A2000F9F7A8FC20B13148F9F7A4FC00B150E176
:100A300010210020F9F7B6FB00B14AE13649012048
:100A4000F9F730FC00286BD133488079AB2868D1A6
:100A50003148C0790028FAD12F48C07B0028F6D150
:100A600000BF05E02149095C2A4A1154411CC8B263
:100A70000428F7DB28480078284908602648407891
:100A8000096801EB0020254908604BE03C0A002082
:100A9000C80A0020840A002010000020000801403D
:100AA00002000020740000207009002008000020CF
:100AB000D00400204D0000207B22526563697665DA
:100AC000223A7B22537461747573223A37307D7DEC
:100AD0000A0000000CED00E00000FA05750000209F
:100AE000580900204C000020500000205100002038
:100AF0007B2252656365697665223A7B2253746175
:100B0000747573223A31397D7D0A00000700002098
:100B10007802002056000020F40800206000002029
:100B2000D6E0D0E06B4880786B4908606948C078AF
:100B3000096801EB00206849086066480079096887
:100B400001EB00406449086062484079096801EBA4
:100B50000060614908606148006800F40040B0F539
:100B6000004F13D15D480068C0F30E005B49086078
:100B70000846006846F6292148405849086056480A
:100B800000684BF2A6214840534908605448007859
:100B9000002872D05348F5F7FBF868B9514800684F
:100BA00000904E4803684C4802684FA14948FFF73F
:100BB0001DFA484800F0FAFB55480078D8B9494872
:100BC000F5F7E6F888B964214248F4F7D4FE4548C1
:100BD00000680090414803683F48026842A13D48D0
:100BE000FFF704FA3B4800F0E1FB4948007880F049
:100BF00001004749087047480078E8BB0020464993
:100C000008603848F5F7C4F8B0BB44484449454A41
:100C1000454BCDE90432CDE9061032484349096815
:100C2000434A12683C4B1B68CDE90032CDE9021003
:100C30002A4A294903680220F9F782FF3D490870D2
:100C40000846007809281DD134483549354A364BC5
:100C5000CDE90432CDE90610224834490968344A06
:100C600012682D4B1B68CDE90032CDE902101B4AFA
:100C700019490368022001E01CE01FE0F9F760FF5A
:100C80002C4908701748F5F783F898B91548036898
:100C90002848027828A10F48FFF7A8F90D4800F06E
:100CA00085FB1C48007880F001001A49087000207C
:100CB0002A4908606420F5F741FD07E032210A2047
:100CC000FFF7ACFC02E026A000F070FBF9F790FD06
:100CD00000BF1DE5F40800205C000020600000203B
:100CE000010000202C0000207B2243223A7B224975
:100CF00044223A25642C225543223A25642C22456D
:100D00007465626172223A25757D7D0A00000000DB
:100D1000480000204B000020200000203900002067
:100D2000380000201C000020340000202800002093
:100D300024000020070000207B2243223A7B22531C
:100D40007461747573223A25752C2245746562614D
:100D500072223A25757D7D0A00000000680000209F
:100D60006572726F720A0000F0B50B30154D20F0FD
:100D700007010024144A0FE003688B420BD38B4217
:100D800005D95E1A43184768C3E9006700E0436865
:100D9000136002C004E0021D10680028ECD1204658
:100DA000002802D1286808B10020F0BD064A074893
:100DB0001060074A121A22F00702C0E9002401203D
:100DC0002860D7E77402002070020020A4210020D0
:100DD000A027002010B5044601231A4621460248E8
:100DE000F8F713FF10BD0000C80A002070B50446D4
:100DF0000D46312D2AD16E2C12D1012211022A4822
:100E0000F5F71AFF0120F5F799FC28A000F0CEFABB
:100E10000120324908704FF416713148F4F7ABFDE8
:100E2000662C13D100224FF480711F48F5F704FFA0
:100E30000120F5F783FC2BA000F0B8FA0120274928
:100E400008704FF416712648F4F795FD322D2AD11B
:100E50006E2C12D1012291021348F5F7EDFE01200C
:100E6000F5F76CFC2BA000F0A1FA01201B490870DB
:100E70004FF416711A48F4F77EFD662C13D1002248
:100E80004FF480610848F5F7D7FE0120F5F756FCCE
:100E90002CA000F08BFA0120104908704FF4167155
:100EA0000F48F4F768FD70BD000801407B225265D1
:100EB0006365697665223A7B225374617475732287
:100EC0003A32367D2C225231223A7B22537461749D
:100ED0007573223A32337D7D0A0000004D000020F8
:100EE000D00400207B2252656365697665223A7BD7
:100EF00022537461747573223A32367D2C2252313A
:100F0000223A7B22537461747573223A32347D7DA8
:100F10000A0000007B2252656365697665223A7B90
:100F200022537461747573223A32367D2C22523208
:100F3000223A7B22537461747573223A32337D7D79
:100F40000A0000007B2252656365697665223A7B60
:100F500022537461747573223A32367D2C225232D8
:100F6000223A7B22537461747573223A32347D7D48
:100F70000A0000002DE9F04F8BB006460F46904660
:100F80004FF0050B37200A90162009904FF0010909
:100F900000208246002E6ED10022C549C548F7F7D1
:100FA00003FF0022C449C348F7F7A0FEF5F74AFE45
:100FB0000546C1E0F5F746FE401BB0F5FA6F06D9CD
:100FC000BEA000F0F3F9FF200BB0BDE8F08F4AF6A9
:100FD000AA20BF49096808604046F9F7CBF920B15B
:100FE0004046F9F7C7F900B1A6E058460A99F9F763
:100FF000D9F8002872D101A90998F9F753F9002806
:101000006DD1002400BF04E001A9095C4C40411CE3
:10101000C8B20F28F8DB9DF81300A04276D19DF8E6
:1010200009009DF80B10884201DDFF20CCE79DF8F8
:101030000900172813DC9DF80B0017280FDC9DF81A
:1010400005000C280BDC9DF808001F2807DC9DF824
:101050000A003B2803DC9DF80C003B2801DDFF2043
:10106000B2E79DF81200002803DB9DF81200092862
:1010700002DDFF20A8E764E09DF8120010B99DF89A
:101080001200A1E79DF804008B49C978884201DA73
:10109000FE2099E79DF804008749C978884215D158
:1010A0009DF8050084494978884201DAFE208BE7E3
:1010B000814840789DF80510884207D19DF80800C6
:1010C0007D498978884201DAFE207DE778480078FA
:1010D0009DF80910884203DAFE2075E72BE029E02D
:1010E000734800789DF80910884207D1704840780D
:1010F0009DF80A10884201DAFE2065E76C48007806
:101100009DF80B10884202DDFE205DE710E0684884
:1011100000789DF80B10884207D1654840789DF80B
:101120000C10884201DDFE204EE79DF812004BE7CF
:10113000FF2049E700E000BFB9F1000F7FF43AAFAC
:10114000B4E0012EFCD1002005E06249095C81EA8F
:101150000A0A411CC8B20928F7DB5E48407A5045AC
:1011600004D05DA000F022F901202DE75948407914
:101170005849C979884204DD5EA000F017F90120C2
:1011800022E754484079172813DC5248C0791728C1
:101190000FDC5048C0780C280BDC4E4800791F2823
:1011A00007DC4C4880793B2803DC4A48007A3B281E
:1011B00004DD55A000F0FAF8012005E757A000F083
:1011C000F5F8F5F73FFD05466DE04AF6AA204049DF
:1011D00009680860F5F736FD401B41F28831884206
:1011E00004D936A000F0E2F8FF20EDE64046F9F71A
:1011F000C1F820B14046F9F7BDF800B153E0002432
:10120000344880788DF804003248C0788DF80500A5
:10121000304800798DF808002E4840798DF8090093
:101220002C4880798DF80A002A48C0798DF80B0087
:101230002848007A8DF80C0000208DF80D008DF8FC
:101240000D008DF80E008DF80F008DF810008DF850
:101250001100F8B28DF8120000208DF80E0000BFCA
:1012600004E001A9095C4C40411CC8B20F28F8DB1E
:101270008DF8134058460A99F8F794FF70B901A900
:101280000998F9F79DF820B932A000F08FF80020F6
:101290009AE63BA000F08AF8FF2095E638A000F01F
:1012A00085F8FF2090E6B9F1000F8ED100BF8BE6E4
:1012B000A8000020D0090020AB0000207B224322A0
:1012C0003A7B22537461747573223A317D7D0A0032
:1012D00070090020D00400207B2252656365697686
:1012E00065223A7B22537461747573223A31397DD9
:1012F0007D0A00007B2243223A7B2253746174757D
:1013000073223A327D7D0A007B2243223A7B2253AC
:101310007461747573223A337D7D0A007B225265B5
:101320006365697665223A7B225374617475732212
:101330003A32367D2C2243223A7B22547970652240
:101340003A224368616E676547726F7570227D7DD2
:101350000A0000007B2243223A7B225479706522E6
:101360003A224368616E676547726F7570222C225E
:10137000537461747573223A307D7D0A0000000059
:101380007B2243223A7B2254797065223A224368B9
:10139000616E676547726F7570222C225374617499
:1013A0007573223A31397D7D0A00000070B504461C
:1013B0002046F4F7EBFAC5B229462046F4F7E8FBDD
:1013C00000224FF400710648F5F736FC0120F5F7CE
:1013D000B5F9012251020248F5F72EFC70BD00005C
:1013E0000008014000B599B064216846F4F7C3FADB
:1013F0000A2216A16846FEF7F9FD6846FFF7D6FFF8
:1014000021A0FFF7D3FF23A0FFF7D0FF0120F5F7BE
:1014100095F924A0FFF7CAFF0120F5F78FF926A060
:10142000FFF7C4FF0120F5F789F926A0FFF7BEFFFB
:101430000120F5F783F929A0FFF7B8FF4FF41671E3
:101440002748F4F798FA19B000BD00007B224669DE
:10145000726D77617265223A7B2246223A312C22E4
:1014600044657669636554797065223A22427573E2
:10147000457465626172222C2252656C65617365E8
:10148000223A3025640000002C22426F6F74223A09
:10149000310000002C224175746F53746172742204
:1014A0003A3100002C22526561646572547970658E
:1014B000223A504E353332002C22506F73223A318B
:1014C000000000002C226F6E6552656164436172FA
:1014D00064496E4669656C64223A31007D7D0A007C
:1014E000D004002010B50C48007810B90BA0FFF70D
:1014F0005DFF0948007810B116A0FFF757FF0648B6
:10150000007880F00100044908704FF416711F48FC
:10151000F4F731FA10BD0000490000207B2252652B
:101520006365697665223A7B225374617475732210
:101530003A32367D2C2243223A7B2254797065223E
:101540003A22556E53656E6453657269616C227DF3
:101550007D0A00007B2252656365697665223A7BCD
:1015600022537461747573223A32367D2C224322E1
:101570003A7B2254797065223A2253656E64536532
:101580007269616C227D7D0A00000000D004002099
:1015900010B51CA0FFF70AFF2848407828490870BA
:1015A0002648807848702548C0788870234800799C
:1015B0002449887021484079487020488079087013
:1015C0001E48C079C8700120F5F7B8F800221C4900
:1015D0001D48F7F75FFD10B11CA0FFF7E7FE0120E3
:1015E000F5F7ACF8002217491748F7F7A5FC10B13A
:1015F0001CA0FFF7DBFE4FF416711048F4F7BBF99F
:1016000010BD00007B2252656365697665223A7BD6
:1016100022537461747573223A32367D2C2254221F
:101620003A7B2254797065223A2253657454696D6D
:101630006544617465227D7D0A000000D0040020AD
:10164000A8000020AB000020D00900207B225422FB
:101650003A7B22537461747573223A3132387D7D3E
:101660000A0000007B2254223A7B22537461747575
:1016700073223A3132397D7D0A00000010B50748E7
:101680004078FF2808D106A0FFF790FE00224FF413
:1016900000410A48F5F7D0FA10BD0000D004002040
:1016A0007B2252656365697665223A7B22537461B9
:1016B000747573223A32367D7D0A000000080140BD
:1016C00010B506484078AA2807D105A0FFF76EFE9E
:1016D0000122D1030948F5F7AFFA10BDD00400206C
:1016E0007B2252656365697665223A7B2253746179
:1016F000747573223A32367D7D0A0000000801407D
:1017000010B5FEF753FE002819D06420F5F716F83F
:101710000020FEF721FE0CA208210020FEF770FE3B
:1017200048B10520F5F70AF80AA0FFF73FFE0520AB
:10173000F5F704F806E010A0FFF738FE02E00EA06F
:10174000FFF734FE10BD0000426F6F543132333466
:10175000000000007B225570646174654669726DFB
:1017600077617265223A7B22537461747573223AF1
:1017700032367D0A000000007B225570646174657A
:101780004669726D77617265223A7B225374617487
:101790007573223A31397D0A0000000010B51CA093
:1017A000FFF704FE284840782849086026488078DA
:1017B000274908702448C0782649087022480079D3
:1017C0002549087020484079244908701E488079CE
:1017D000234908701C48C07900061B49097A00EBB0
:1017E00001401949497A00EB01201749897A0844D8
:1017F0001C49086000201C4908701C490870012021
:101800001B4908704FF416710F48F4F7B4F810BD77
:101810007B2252656365697665223A7B2253746147
:10182000747573223A32367D2C2243223A7B22543D
:10183000797065223A225A69726F457465626172E5
:10184000227D7D0A00000000D0040020400000201E
:101850003A0000203B0000203C0000203D0000201A
:101860003E000020280000204B00002049000020FE
:101870004D0000201F1C1F1E1F1E1F1F1E1F1E1F8E
:101880000000000000000000010203040607080930
:101890000000000001020304895171F21DCB000019
:1018A00000000000000000008D5F307CF05E000052
:1018B0000000000000000000B22CE4247D90000035
:1018C0000000000000000000579B07B3A4E90000DF
:1018D0000000000000000000E32F50F2E3D0000001
:1018E0000000000000000000E9C1254FA07D0000BD
:1018F0000000000000000000FFFFFFFFFFFF0000EE
:1019000000000000000000000000FF00FF000000D9
:10191000FF0000007B2243223A7B225374617475DE
:1019200073223A25642C225543223A25752C2249EC
:1019300044223A25752C22457465626172223A254B
:10194000752C22507265457465626172223A257564
:101950002C225072696365223A25757D7D0A00004C
:101960008019010800000020780200003E5A00089B
:10197000681A010878020020282B00005C0001088A
:10198000412201C214022503A50A0211301944198B
:10199000030116691929081AFF01013C13F5DC142B
:1019A000083DDD1B084D041A71041AA9041AC1145C
:1019B0001A0508131201140202021640830440574C
:1019C0001D02010203710E21040309041AD1132D13
:1019D0005B1B08290413995A1B085108419A10BC33
:1019E0004173B2075324F4130A0632022A40241327
:1019F00051D9140891D84C0873DA3C1ADF0C13E162
:101A0000D71B085D08C11A31281A21041A41041A8B
:101A100011041C090243AB111DC03209046D1A02E6
:101A20000B130524161001052401100901042402DA
:101A300002052406170107058203081C100904E1AA
:101A4000320A1D070501027B2C07058107110937A2
:101A5000442A40072A8107112B0907440A3B044402
:081A6000011104180514370000
:04000005080058EDAA
:00000001FF
