:020000040800F2
:10580000002E002001590008D5AB00081DA000089B
:10581000D1AB0008F15D0008A1FC00080000000009
:10582000000000000000000000000000C9CD0008DA
:10583000255F000800000000D3C20008E9CF00087F
:105840001B5900081B5900081B5900081B59000868
:105850001B5900081B5900081B5900081B59000858
:105860001B5900081B5900081B5900081B59000848
:105870001B5900081B5900081B5900081B59000838
:105880001B5900081B5900081B5900081B59000828
:10589000E9FB00081B5900081B590008275F000896
:1058A0001B5900081B5900081B5900081B59000808
:1058B0001B590008B1D000081B5900081B590008EB
:1058C0001B5900081B5900081B5900081B590008E8
:1058D0001B59000859D400086DD400081B59000852
:1058E0001B5900081B5900081B590008DFF80CD091
:1058F00000F020FA00480047E1070108002E0020D0
:105900000648804706480047FEE7FEE7FEE7FEE759
:10591000FEE7FEE7FEE7FEE7FEE7FEE7A1D00008B0
:10592000ED580008202A04DB203A21FA02F0002179
:10593000704721FA02F3D040C2F12002914008439F
:105940001946704740EA01039B0703D009E008C9E4
:10595000121F08C0042AFAD203E011F8013B00F834
:10596000013B521EF9D27047D2B201E000F8012B80
:10597000491EFBD270470022F6E710B513460A46CF
:1059800004461946FFF7F0FF204610BD421C10F8F0
:10599000011B0029FBD1801A70472DE9F04D81EAE7
:1059A000030404F0004B21F0004514464FF0000AB8
:1059B00023F0004150EA050220D054EA01021DD034
:1059C000C5F30A570246C5F31303C1F31300C1F32D
:1059D0000A5640F4801543F48013A7EB0608101B09
:1059E000D64608F2FD3873EB050002D308F1010832
:1059F00001E092185B41B8F1000F03DA0020014684
:105A0000BDE8F08D00204FF48011064684460EE07C
:105A1000171B73EB050705D3121B63EB0503064346
:105A20004CEA010C49084FEA300092185B4150EAF9
:105A30000107EDD152EA030012D082EA040083EAA2
:105A40000501084305D0101BAB4106D201220023FB
:105A500006E000224FF0004302E06FF00102531015
:105A60001AEB06004CEB085110EB0A0041EB0B015E
:105A7000BDE8F04D00F042B80EB5C10F80EAE0700D
:105A80000844CA07002140F233438DE80E000A465D
:105A90000B4600F042F803B000BD2DE9F05F05466B
:105AA000002092469B4688460646814640241BE0DD
:105AB0002846414647462246FFF734FF53465A469A
:105AC000C01A914110D311461846224600F044F9FD
:105AD0002D1A67EB01084F4622460120002100F0F5
:105AE0003BF917EB00094E41201EA4F10104DFDC55
:105AF000484631462A464346BDE8F09F10B5141E7D
:105B000073F1000408DA401C41F1000192185B4176
:105B10001A4301D120F0010010BD2DE9F04D92464D
:105B20009B4611B1B1FA81F202E0B0FA80F2203264
:105B3000904600F011F904460F4640EA0A0041EA97
:105B40000B0153465A46084313D0114653EA01004D
:105B500019D0C8F140025046FFF7E4FE05460E4654
:105B600050465946424600F0F7F8084305D0012058
:105B700004E020463946BDE8F08D0020054346EAA2
:105B8000E0762C4337430A986305E40AA0EB08004B
:105B90000022FD0A44EA47540A3002D5002001469B
:105BA000E9E7010510196941DDE908450019694176
:105BB000BDE8F04DA2E72DE9FE4F804681EA0300E3
:105BC000C00F0C46009021F0004123F00045B8EBD7
:105BD0000200A94105D24046214690461C460B468C
:105BE000024623F00040104347D0270DC7F30A00B8
:105BF000C3F30A510290401A019040286BDAC3F3B4
:105C0000130040F4801B0098924620B10023D2EB91
:105C1000030A63EB0B0B01985946C0F14002504652
:105C200000F09AF806460D4650465946019A00F093
:105C3000A2F810EB08006141002487EA115284EABF
:105C4000E7731A4340D0009A62B3019A012A4FEADF
:105C5000075215DC001B61EB02014FF0004202EA23
:105C60000752CDE90042001C41F5801132462B4617
:105C7000FFF753FF03B0BDE8F08F40462146F9E738
:105C8000001B61EB0201001C41F5801300185B4111
:105C90002018A2F5001747EB030140EAD570B619AA
:105CA0006D4111E06D084FEA360645EAC0754FEACE
:105CB0000752001B61EB0201001C41F580114908ED
:105CC0004FEA30000019514132462B4603B0BDE87F
:105CD000F04FFFF713BF0098012240000023D0EBE4
:105CE000020263EBE073009821464FEAE074B8EBE0
:105CF000000061EB0401E9E783F000435BE781F01A
:105D0000004158E730B5041E71F1000404DB4FF088
:105D10000044404264EB0101141E73F1000405DBF2
:105D20001C464FF00043524263EB0403994208BF04
:105D3000904230BD064C074D06E0E06840F001039C
:105D400094E8070098471034AC42F6D3FFF7D2FD31
:105D5000E420010804210108202A04DB203A00FA8B
:105D600002F1002070479140C2F1200320FA03F3B2
:105D7000194390407047202A06DBCB17203A41FA9E
:105D800002F043EAE07306E041FA02F3D040C2F1C8
:105D90002002914008431946704770B58C1810F8DE
:105DA000015B15F0070301D110F8013B2A1106D160
:105DB00010F8012B03E010F8016B01F8016B5B1E7A
:105DC000F9D12B0705D40023521E0DD401F8013B55
:105DD000FAE710F8013BCB1A921C03E013F8015BC1
:105DE00001F8015B521EF9D5A142D8D3002070BD45
:105DF00000BFFEE730B50346042B15D007DC7BB1AE
:105E0000012B0ED0022B0DD0032B30D10BE0202B19
:105E10000BD0212B18D0222B22D0232B27D125E0E9
:105E200026E025E024E023E022E0002003E00C5CF3
:105E3000114D2C54401C0728F9DB00200F4C20701A
:105E400001200F4C207013E0002003E00A4C245C7A
:105E50000C54401C0728F9DB0020084C207007E098
:105E600006480078401C054C207001E000E000BFAF
:105E700000BF002030BD00002001002000000020F5
:105E8000010000200020704710B500220449054899
:105E900007F051FC0449034807F046FC002010BD00
:105EA0005C140020B00B00207410002070B5044674
:105EB0000D460B4928680860002003E0215C094A70
:105EC0001154401C064909688842F7D32146064808
:105ED00007F02AFC044807F003FC002070BD000016
:105EE0002800002030050020B00B00202DE9F041F3
:105EF00004460D4600260A48D0F8B872D7F81402B6
:105F000010B10120BDE8F0812A462146044807F07F
:105F100012FC034807F093FC06463046F2E7000007
:105F2000B00B0020704710B5202000F0E7FE10BD38
:105F30000146002048608860C86188610862487333
:105F40000873086108754875002205E0002301F117
:105F500024008354501CC2B2102AF7DB002205E053
:105F6000002301F134008354501CC2B2102AF7DB25
:105F7000002203E000208854501CC2B2042AF9DB3E
:105F80000020704772B603E01E2164200AF0EAFA8E
:105F9000FAE700000021074AD1610749096941F089
:105FA0000401054A11611146096941F0400111617E
:105FB00070470000501D0020002002400021074AC9
:105FC000D1610749096941F00201054A1161114691
:105FD0004861096941F0400111617047501D00207E
:105FE000002002400022054BDA61054A126942F0A6
:105FF0000102034B1A61018070470000501D002010
:106000000020024000201E49C96801F0100139B18A
:106010001C49C96941F002011A4AD16140F01000DF
:106020001749C96801F0040139B11649C96941F03D
:106030000101144AD16140F004001149C96901F01D
:10604000010169B10F49C96941F004010D4AD161EB
:1060500000BF0B49C96921F00101094AD16100BFA4
:1060600000BF40F20111884206D10549C96921F0FB
:106070000101034AD16101E00149C86000BF7047D6
:1060800000200240501D002070B5044600F0E2FFE1
:10609000054609E0601C38B124B100F0DBFF401B6D
:1060A000A04201D9032070BD1248C06800F0010071
:1060B0000028EFD10F48C06800F0200020B100BFD9
:1060C00020200C49C86000BF0A48C06800F01000DA
:1060D00048B90848C06900F0010020B90548C06807
:1060E00000F0040018B1FFF78DFF0120DBE700206E
:1060F000D9E70000002002402DE9F04F8BB00646A2
:106100004FF0000B00203060DD480078012811D0EE
:10611000022802D0032827D119E00520D9490870A8
:106120001520D94908703720D84908702020D8494F
:10613000087026E00420D34908701020D249087066
:106140003920D24908700020D149087019E0052093
:10615000CC4908701520CC4908703720CB4908700D
:106160004020CB4908700CE00520C6490870142077
:10617000C54908703720C54908700020C449087017
:1061800000BF00BF09A804F095FA38B109A804F0CF
:1061900091FA18B101200BB0BDE8F08F002405E0A2
:1061A00009A8005DBB490855601CC4B2042CF7DB8C
:1061B0001021002004F096F908B10120EBE701A9B5
:1061C000012004F00FFA08B10120E4E79DF8050072
:1061D000B049886008468068000288600846806888
:1061E0009DF804100844AB4988609DF80900486098
:1061F0000846406800024860084640689DF808105C
:106200000844A449486008464068000248600846BF
:1062100040689DF8071008449E4948600846406859
:1062200000024860084640689DF8061008449949F5
:1062300048600846008900F40040B0F5004F12D1D4
:1062400008460089C0F30E0088600846806846F65C
:10625000292148408F498860084640684BF2A621B2
:1062600048408C4948608B4840688B4908608748A3
:1062700001788448007804F035F908B10A208AE7EB
:1062800001A98148007804F0ADF908B1142082E733
:10629000002406E001A8015D7E4824300155601C01
:1062A000C4B2102CF6DB4FF0010A00240BE001A869
:1062B000015D01AA04F10800105C814201D04FF099
:1062C000000A601CC4B2042CF1DB00240BE001A91D
:1062D000201D085C095D81F0FF01884201D04FF06C
:1062E000000A601CC4B2042CF1DB9DF8100050B908
:1062F0009DF81100FF2806D19DF8120018B99DF8ED
:106300001300FF2801D04FF0000ABAF1000F3AD075
:106310009DF807005F49C8610846C0690002C8616E
:106320000846C0699DF8061008445A49C8610846E5
:10633000C0690002C8610846C0699DF8051008449C
:106340005449C8610846C0690002C8610846C0696E
:106350009DF8041008444F49C8611421062004F038
:10636000C1F808B10C2016E76946182004F046F978
:1063700008B10D200FE74749009808730846C06927
:106380003060002007E74FF04B08002406E041484A
:106390002430005D80EA0808601CC4B20F2CF6DBD4
:1063A0003C4890F83300404501D00320F3E63948DB
:1063B00090F827003749C8610846C0690002C861E3
:1063C0000846C16990F8260008443249C861084669
:1063D000C0690002C8610846C16990F825000844F8
:1063E0002C49C8610846C0690002C8610846C069F6
:1063F00091F8241008442749C861084690F82D7088
:106400003F0290F82C000744084690F82B502D02CC
:1064100090F82A0005442D02084690F8290005440A
:106420002D02084690F828000544084690F82E9062
:10643000B9F1010F03D0B9F1020F12D108E005EB59
:10644000070B1448C069584501D00520A3E60AE0AF
:10645000A5EB070B0F48C069584501D006209AE606
:1064600001E0072097E600BF0A4890F82F0000F0EF
:106470001F00084908730846C069306000208AE69A
:10648000810200207D0200207E0200207F02002089
:1064900080020020F01D0020840200202DE9F04F32
:1064A0008DB007468946002500203860C9F80000F5
:1064B000FB480078012811D0022802D0032827D1F8
:1064C00019E00520F74908701520F74908703720B2
:1064D000F64908702020F649087026E00420F149AA
:1064E00008701020F04908703920F0490870002029
:1064F000EF49087019E00520EA4908701520EA49BB
:1065000008703720E94908704020E94908700CE01C
:106510000520E44908701420E34908703720E34956
:1065200008700020E249087000BF00BF0BA804F00B
:10653000C1F838B10BA804F0BDF818B101200DB0B6
:10654000BDE8F08F002405E00BA8005DD94908558F
:10655000601CC4B2042CF7DB1021002003F0C2FF42
:1065600008B10120EBE703A9012004F03BF808B1D2
:106570000120E4E79DF80D00CE4988600846806858
:1065800000028860084680689DF80C100844C949DC
:1065900088609DF811004860084640680002486025
:1065A000084640689DF810100844C24948600846F3
:1065B000406800024860084640689DF80F10084493
:1065C000BC49486008464068000248600846406888
:1065D0009DF80E100844B74948600846008900F449
:1065E0000040B0F5004F12D108460089C0F30E00FC
:1065F00088600846806846F629214840AD49886091
:10660000084640684BF2A6214840AA494860A9487C
:106610004068A9490860A5480178A248007803F0BD
:1066200061FF08B10A208AE79D480078012835D12A
:1066300003A9122003F0D6FF08B114207FE79DF8CC
:106640001000AB2812D19DF81100CD280ED19DF875
:106650000F502D029DF80E0005442D029DF80D00EF
:1066600005442D029DF80C00054400E000259DF82E
:106670000C00FF280CD19DF80D00FF2808D19DF8D3
:106680000E00FF2804D19DF80F00FF2800D100253F
:106690008A48854200D10025C9F8005003A98248E4
:1066A000007803F09FFF08B1142048E7002406E0BB
:1066B00003A8015D7F4824300155601CC4B2102C32
:1066C000F6DB0120029000240BE003A8015D03AA81
:1066D00004F10800105C814201D000200290601C8F
:1066E000C4B2042CF1DB00240BE003A9201D085CDC
:1066F000095D81F0FF01884201D000200290601CFA
:10670000C4B2042CF1DB9DF8180050B99DF81900B3
:10671000FF2806D19DF81A0018B99DF81B00FF2824
:1067200001D000200290029890B39DF80F006149BB
:10673000C8610846C0690002C8610846C0699DF882
:106740000E1008445B49C8610846C0690002C86170
:106750000846C0699DF80D1008445649C8610846AE
:10676000C0690002C8610846C0699DF80C10084461
:106770005049C8611421062003F0B4FE08B10C2072
:10678000DDE601A9182003F039FF10B10D20D6E68F
:1067900007E04849019808730846C069386000203E
:1067A000CDE64FF04B0A002406E042482430005D5D
:1067B00080EA0A0A601CC4B20F2CF6DB3D4890F850
:1067C0003300504501D00320B9E63A4890F827003D
:1067D0003849C8610846C0690002C8610846C169F5
:1067E00090F8260008443349C8610846C069000291
:1067F000C8610846C16990F8250008442D49C86160
:106800000846C0690002C8610846C06991F82410B2
:1068100008442849C861084690F82D804FEA0828A6
:1068200090F82C008044084690F82B60360290F8CF
:106830002A0006443602084690F82900064436022B
:10684000084690F828000644084690F82EB0BBF1A0
:10685000010F03D0BBF1020F12D108E006EB0805CF
:106860001448C069A84201D0052068E60AE0A6EBFA
:1068700008051048C069A84201D006205FE601E083
:1068800007205CE600BF0B4890F82F0000F01F00C7
:10689000084908730846C069386000204FE60000C8
:1068A000810200207D0200207E0200207F02002065
:1068B00080020020F01D00208402002017FCFF0051
:1068C00001460E2924D2DFE801F007090B0D0F1154
:1068D000131517191B1D1F21192070471A20FCE7DB
:1068E0001C20FAE71D20F8E71E20F6E72020F4E739
:1068F0002120F2E72220F0E72420EEE72520ECE734
:106900002620EAE72820E8E72920E6E72A20E4E72E
:106910000020E2E701460E2924D2DFE801F0070952
:106920000B0D0F11131517191B1D1F21192070476F
:106930001A20FCE71C20FAE71D20F8E71E20F6E7E6
:106940002020F4E72120F2E72220F0E72420EEE7E0
:106950002520ECE72620EAE72820E8E72920E6E7DB
:106960002A20E4E70020E2E770B50A480468001D29
:106970000568001D0668344454B1082206492046C3
:1069800003F03DFF042204491031284603F037FF8D
:1069900070BD0000E8F7FF1F06010020014600223D
:1069A00091F82100022808D00420886300BF00204D
:1069B00081F8200000BF012070470868006820F0BF
:1069C0000E000B6818600868006820F001000B6872
:1069D000186091F8403001209840CB6B586001203E
:1069E00081F8210000BF002081F8200000BF104680
:1069F000E2E7000070B50446002594F82100022863
:106A000003D00420A063012548E02068006820F03E
:106A10000E00216808602068006820F001002168ED
:106A200008601F492068884201D1012026E01C49E6
:106A300014312068884201D110201FE01849283104
:106A40002068884201D1801518E015493C31206842
:106A5000884201D1801411E01149503120688842E8
:106A600002D14FF4803009E00D496431206888423A
:106A700002D14FF4801001E04FF0807008490839CE
:106A80004860012084F8210000BF002084F8200025
:106A900000BF606B10B12046616B8847284670BD0F
:106AA0000800024070B5044600F0D4FA06462546B8
:106AB000681C10B104480078054400BF00F0CAFA11
:106AC000801BA842FAD370BD400100202DE9F0419F
:106AD00004460E460127002500BF2648007E0128F7
:106AE00002D10220BDE8F08101202249087600BFD2
:106AF0002068022813D14CF25030FFF7C5FA90BB42
:106B00000120FFF747FA4CF25030FFF7BDFA074675
:106B10001948006920F004001749086123E04CF28D
:106B20005030FFF7B1FAF0B94FF0FF303060A56890
:106B300012E02846FFF742FA4CF25030FFF7A4FA71
:106B400007460D48006920F002000B4908610FB1AB
:106B5000356007E005F58065D4E9021001EB80207F
:106B6000A842E6D800BF00BF00200249087600BF57
:106B70003846B7E7501D0020002002400348006956
:106B800040F0800001490861002070470020024069
:106B90002DE9FE4F05468B461746984601260024F0
:106BA0000020029000BF2448007E012802D102206C
:106BB000BDE8FE8F01202049087600BF4CF250301E
:106BC000FFF762FA064686BB012D02D10120029032
:106BD00006E0022D02D10220029001E00420029082
:106BE00000241EE02201B946C24648465146FEF73F
:106BF00099FE80B20190022000FB04B00090019940
:106C0000FFF7F0F94CF25030FFF73EFA06460B481A
:106C1000006920F001000949086106B104E0601C28
:106C2000C4B202988442DDDB00BF00BF00200249ED
:106C3000087600BF3046BBE7501D00200020024010
:106C400000200849096901F0800151B10649054A4F
:106C50005160064951601146096901F0800101B196
:106C6000012070470020024023016745AB89EFCD2A
:106C700070B5044600F0EEF90546202C22D1202103
:106C8000114800F0D9F958B910A00AF0C5FE00BFAC
:106C900000F0E0F9401B40F6B8318842F8D870BDEA
:106CA0002021094800F0C8F901280BD10DA00AF0F5
:106CB000B3FE00BF00F0CEF9401B40F6B831884269
:106CC000F8D8ECE700BFEAE7000C01407B22446FF4
:106CD0006F72223A7B225374617465223A317D7D52
:106CE0000A0000007B22446F6F72223A7B225374A9
:106CF000617465223A307D7D0A00000010B50446BB
:106D000004480068204020B1024804602046FFF794
:106D1000AFFF10BD140401402DE9F84703460022DF
:106D200094466EE14FF0010808FA02F4D1F80080B1
:106D300008EA0400A0427DD1DFF8DCA2D1F804808B
:106D4000A8EB0A09D0453AD014DCB8F1030F50D0B3
:106D500009DCB8F1000F31D0B8F1010F1CD0B8F147
:106D6000020F49D120E0B8F1110F18D0B8F1120F7D
:106D700042D11EE0B9F5881F25D006DCB9F5803F69
:106D800020D0B9F5801F37D11AE0B9F5001F18D00F
:106D9000B9F5041F30D117E0D1F80CC02DE0D1F8BF
:106DA0000C8008F1040C28E0D1F80C8008F1080CE4
:106DB00023E0D1F80C8008F10C0C1EE000BF00BFEE
:106DC00000BF00BF00BF00BFD1F80880B8F1000FBE
:106DD00002D14FF0040C0BE0D1F80880B8F1010F9C
:106DE00003D14FF0080C1C6102E04FF0080C5C610D
:106DF00003E04FF0000C00E000BF00BFFF2801D807
:106E0000984601E003F104084646FF2802D84FEAFD
:106E1000820803E0A2F108084FEA88084746D6F83E
:106E200000804FF00F0909FA07F928EA09080CFA5F
:106E300007F900E088E048EA0908C6F80080D1F8C0
:106E4000048008F08058B8F1805F7DD100BFDFF882
:106E5000CC81D8F8188048F00108DFF8C091C9F853
:106E60001880C846D8F8188008F00108CDF80080CE
:106E700000BF00BF4FEAB9384FEA920958F82950CD
:106E80004FEA82784FEA18794FF00F0808FA09F8AC
:106E900025EA0805DFF88881434502D14FF0000854
:106EA00016E0DFF88081434502D14FF001080FE082
:106EB000DFF87481434502D14FF0020808E0DFF8A3
:106EC0006C81434502D14FF0030801E04FF0040804
:106ED0004FEA82794FEA197908FA09F848EA050574
:106EE000DFF84C814FEA920948F82950D1F8048024
:106EF00008F48038B8F5803F0AD1DFF83881D8F837
:106F0000008048EA0008DFF82C91C9F8008009E009
:106F1000DFF82081D8F8008028EA0008DFF8149113
:106F2000C9F80080D1F8048008F40038B8F5003FB3
:106F300010D1DFF8008108F10408D8F8008048EA91
:106F40000008DFF8F09000E05AE009F10409C9F800
:106F500000800DE0DFF8DC8008F10408D8F800803C
:106F600028EA0008DFF8CC9009F10409C9F800808C
:106F7000D1F8048008F48018B8F5801F0ED1DFF82E
:106F8000B48008F10808D8F8008048EA0008DFF863
:106F9000A49009F10809C9F800800DE0DFF8948099
:106FA00008F10808D8F8008028EA0008DFF8849083
:106FB00009F10809C9F80080D1F8048008F4001824
:106FC000B8F5001F0ED1DFF86C8008F10C08D8F876
:106FD000008048EA0008DFF85C9009F10C09C9F864
:106FE00000800DE0DFF84C8008F10C08D8F8008034
:106FF00028EA0008DFF83C9009F10C09C9F8008084
:10700000521CD1F8008028FA02F8B8F1000F7FF482
:1070100089AEBDE8F88700000000111000100240A2
:1070200000080140000C0140001001400014014024
:107030000800014000040140024693680B400BB178
:10704000012000E0002070470AB1016101E00B045B
:107050000361704701480068704700003801002054
:1070600070B504460CB9012070BD94F83D0028B9F4
:10707000002084F83C00204600F03EFB242084F8E9
:107080003D002068006820F0010021680860206849
:10709000006840F40040216808602068006820F41F
:1070A00000402168086001F07DFD05465C4960688C
:1070B000884206D85B48854201D2012007E00020C3
:1070C00005E05948854201D2012000E00020012856
:1070D00000D1C9E75548B5FBF0F62068406820F0BC
:1070E0003F003043216848604D496068884201D8BC
:1070F000701C07E04FF4967070434FF47A71B0FB48
:10710000F1F0401C2168096A21F03F010843216821
:10711000086243496068884214D8681E6168490063
:10712000B0FBF1F0401CC0F30B00042801D2042096
:107130003DE0681E61684900B0FBF1F0401CC0F3FF
:107140000B0034E0A06838B9681E616801EB4101AA
:10715000B0FBF1F0401C0AE0681E616801EBC1025F
:1071600002EB0111B0FBF1F0401C40F48040C0F391
:107170000B0008B901201AE0A06848B9681E6168D0
:1071800001EB4101B0FBF1F0401CC0F30B000CE03F
:10719000681E616801EBC10202EB0111B0FBF1F066
:1071A000401CC0F30B0040F4804040F400402168D4
:1071B000C9694CF6FF72914308432168C861D4E95C
:1071C000070108432168096821F0C00108432168CC
:1071D0000860D4E9031008432168896848F2FF3247
:1071E0009143084321688860D4E905010843216878
:1071F000C96821F0FF0108432168C8602068006861
:1072000040F001002168086000202064202084F8FC
:107210003D000020206384F83E0000BF24E700000A
:10722000A086010080841E0000093D0040420F003E
:107230002DE9FC4704468946174698460A9E0020D9
:107240000190FFF707FF054694F83D0020286FD115
:1072500019230122C8492046009503F02BF810B1EC
:107260000220BDE8FC8700BF94F83C00012801D152
:107270000220F6E7012084F83C0000BF2068006887
:1072800000F0010028B92068006840F00100216882
:1072900008602068006820F40060216808602220EF
:1072A00084F83D00102084F83E00002020646762CE
:1072B000A4F82A80608D2085B048E0622B463246D3
:1072C0004946204602F0CCFE08B10120C9E7208DD6
:1072D00088B900BF002000902068406900902068B5
:1072E0008069009000BF00BF2068006840F4007013
:1072F000216808604BE0208D01281AD120680068C1
:1073000020F480602168086072B600BF0020009001
:1073100020684069009020688069009000BF00BF2D
:107320002068006840F400702168086062B62EE0B2
:1073300020E1208D022819D12068006840F4006007
:107340002168086072B600BF002000902068406984
:10735000009020688069009000BF00BF206800682E
:1073600020F480602168086062B610E02068006840
:1073700040F480602168086000BF00200090206811
:107380004069009020688069009000BF00BFE2E083
:10739000208D03287ED8208D012815D12A4631461C
:1073A000204603F031F808B101205AE7206800694F
:1073B000616A0870606A401C6062208D401E2085F2
:1073C000608D401E6085C6E0208D02282CD133469A
:1073D00000226B492046009502F06CFF08B10120A5
:1073E0003FE772B62068006840F4007021680860CA
:1073F00020680069616A0870606A401C6062208DC4
:10740000401E2085608D401E608562B62068006940
:10741000616A0870606A401C6062208D401E208591
:10742000608D401E608596E0334600225449204618
:10743000009502F03FFF08B1012012E720680068C4
:1074400020F480602168086072B620680069616A73
:107450000870606A401C6062208D401E2085608D2F
:10746000401E6085474800681921B0FBF1F04FF4D9
:107470007A71B0FBF1F0C0EBC00000EB800001902E
:1074800000BF0198401E01900198A8B90020206318
:10749000202000E038E084F83D00002084F83E0021
:1074A000206C40F02000206462B600BF002084F809
:1074B0003C0000BF0120D4E620684069C0F3800092
:1074C0000028DED02068006840F400702168086061
:1074D00020680069616A0870606A401C6062208DE3
:1074E000401E2085608D401E608562B62068006960
:1074F000616A0870606A401C6062208D401E2085B1
:10750000608D401E608526E02A463146204602F006
:107510007BFF08B10120A4E620680069616A087059
:10752000606A401C6062208D401E2085608D401E78
:10753000608520684069C0F3800060B12068006900
:10754000616A0870606A401C6062208D401E208560
:10755000608D401E6085208D00287FF419AF2020AB
:1075600084F83D00002084F83E0000BF84F83C0011
:1075700000BF76E6022074E6020010000000FFFF64
:1075800004000100540100202DE9F8430446894617
:1075900016461F46DDF82080FFF75CFD054694F88F
:1075A0003D0020287ED11923012251492046009513
:1075B00002F080FE10B10220BDE8F88300BF94F80D
:1075C0003C00012801D10220F6E7012084F83C00AC
:1075D00000BF2068006800F0010028B9206800683A
:1075E00040F00100216808602068006820F4006015
:1075F00021680860212084F83D00102084F83E00B6
:107600000020206466626785608D20853948E062CD
:107610002B4642464946204602F0BEFD08B10120F5
:10762000CAE700BF002000902068406900902068F1
:107630008069009000BF00BF44E02A4641462046D2
:1076400002F022FF50B1206C042805D120680068A8
:1076500040F40070216808600120ADE7606A00789E
:1076600021680861606A401C6062608D401E608510
:10767000208D401E208520684069C0F3800070B1D5
:10768000208D60B1606A007821680861606A401CE2
:107690006062608D401E6085208D401E20852A46D8
:1076A000414600E022E0204602F0D6FD50B1206CB9
:1076B000042805D12068006840F400702168086043
:1076C000012079E7208D0028B7D12068006840F4B8
:1076D000007021680860202084F83D00002084F8B4
:1076E0003E0000BF84F83C0000BF65E7022063E76E
:1076F000020010000000FFFF10B586B00446002015
:1077000002900390049005901A49206888422FD176
:1077100000BF1948806940F0080017498861084691
:10772000806900F00800019000BF00BF4FF4407076
:107730000290122003900320059002A90F48FFF742
:10774000EBFA00BF0E49486840F0E06040F00200EC
:10775000486000BF00BF0848C06940F400100649F7
:10776000C8610846C06900F40010019000BF00BF66
:1077700006B010BD0054004000100240000C014053
:107780000000014070B504460CB9012070BD4CF6F4
:10779000CC402168086045F2555021680860D4E962
:1077A000001048602168A0688860FFF753FC054618
:1077B0000BE0FFF74FFC401B272806D92068C06864
:1077C00000F0030008B10320E0E72068C06800F083
:1077D00003000028EDD14AF6AA20216808600020A5
:1077E000D4E70000034800680349097808440149C8
:1077F00008607047380100204001002010B508489B
:10780000006840F0100006490860032000F0A8F866
:10781000002000F007F800F02BF8002010BD000059
:107820000020024070B504460E4800784FF47A718B
:10783000B1FBF0F00C490968B1FBF0F5284601F006
:1078400053FF08B1012070BD102C07D20022214641
:10785000501E00F047F80548046001E00120F2E7FF
:107860000020F0E740010020540100203C010020EE
:1078700008B500BF1148806940F001000F498861D8
:107880000846806900F00100009000BF00BF00BF03
:107890000846C06940F08050C8610846C06900F0E1
:1078A0008050009000BF00BF00BF0549486820F02D
:1078B000E06040F00070486000BF08BD001002406A
:1078C0000000014001460846002809DB00F01F03C4
:1078D00001229A4043099B0003F1E023C3F80021F1
:1078E00000BF70472DE9F05F80460D461646002721
:1078F00008F0FCF9074639462A46334601F00700EE
:10790000C0F1070ABAF1040F02D94FF0040A01E0EE
:10791000C0F1070AD14600F1040ABAF1070F02D2FA
:107920004FF0000A01E0A0F1030AD4464FF0010A2B
:107930000AFA09FAAAF1010A0AEA020A0AFA0CFA90
:107940004FF0010B0BFA0CFBABF1010B0BEA030B35
:107950004AEA0B042146404608F0D0F9BDE8F09F02
:1079600000BF00F00702064B19684FF6FF031940ED
:10797000044B0B4343EA0221014B196000BF7047DF
:107980000CED00E00000FA0570B505460C4604F069
:107990008000802808D104F0070000EB800605F184
:1079A000280000EBC60105E004EB840605F5B47081
:1079B00000EBC6011AB900200873CB8004E0012057
:1079C00008730B81180C4881002070BD704770B59A
:1079D00004460D4605EB850304F1280101EBC301C4
:1079E0004A692946D4F8E80206F030FA70BD70B54D
:1079F00004460D4605EB850304F5B47101EBC301A4
:107A00004A692946D4F8E80206F0A0FA70BD70B5BC
:107A100004460E4606F0800080280AD106F00700D2
:107A200000EB800104F1280000EBC1050120687023
:107A300009E006F0070000EB800104F5B47000EBEC
:107A4000C1050020687006F00700287000BF94F898
:107A5000A802012801D1022070BD012084F8A802EB
:107A600000BF2946206807F0F9F800BF002084F81D
:107A7000A80200BF00BFEFE770B504460E4606F04F
:107A80000F006168884201D9012070BD06F08000B6
:107A900080280AD106F0070000EB800104F12800DD
:107AA00000EBC1050120687009E006F0070000EB5B
:107AB000800104F5B47000EBC1050020687000205F
:107AC000A87006F00700287000BF94F8A8020128EB
:107AD00001D10220D9E7012084F8A80200BF29467D
:107AE000206807F017FA00BF002084F8A80200BF42
:107AF00000BFCAE72DE9F04105460C46174607F4DA
:107B00008040002850D02868B0F85010207801EB51
:107B1000C000801C296801F5806131F81000C0F3B5
:107B20000906A069B04203D3A069801BA06101E0EF
:107B30000020A061A069A8B900BF2278520029687E
:107B400031F812104BF68F7201EA020080F40050F7
:107B500040F4004141F0800123785B002A6822F85C
:107B6000131000BF07F04000A8B100BF00BF22788B
:107B70005200296831F8121048F68F7201EA0200AB
:107B800040F4004141F0C00123785B002A6822F8EC
:107B9000131000BF00BF002E55D022896169334603
:107BA000286808F02DF84EE02868B0F850102078CA
:107BB00001EBC000801D296801F5806131F81000DB
:107BC000C0F30906A069B04203D3A069801BA0617D
:107BD00001E00020A061A069A8B900BF227852008E
:107BE000296831F812104BF68F7201EA020080F416
:107BF000005040F4004141F0800123785B002A6886
:107C000022F8131000BF07F04000A8B900BF00BF62
:107C100022785200296831F8121048F68F7201EA72
:107C2000020040F4004141F0C00123785B002A6863
:107C300022F8131000BF00BF2EB16289616933467C
:107C4000286807F0DDFF3046BDE8F0812DE9F047F8
:107C500005460C46904608F04000002871D0286880
:107C6000B0F85010207801EBC000801C296801F5A5
:107C7000806131F81000C0F30907A069B84203D948
:107C8000A069C01BA06101E00020A061A0690028DC
:107C90007ED100BF6078C8B900BF29682A68B2F8F1
:107CA000502011442278022303EBC20201F58063C5
:107CB00003EB420000BF028848F2FF331A40028003
:107CC000028842F40042028000BF13E0607801287D
:107CD00010D100BF28682A68B2F8502010442278DA
:107CE000022303EBC20200F5806303EB4201002292
:107CF0000A8000BF00BF00BF2968607810BB00BFCA
:107D00002B68D5F800C0BCF850C0634494F800C09C
:107D10004FF0060909EBCC0C03F5806909EB4C0028
:107D200000BFB0F800C048F2FF390CEA090CA0F817
:107D300000C0B0F800C04CF4004CA0F800C000BF78
:107D400011E0C0E0607801280DD12868B0F850003B
:107D500001442078062303EBC00001F5806303EBA8
:107D600040020020108000BF21782846FFF72FFE38
:107D700008F48040002816D000BF00BF22785200CF
:107D8000296831F8121048F68F7201EA020000E00B
:107D90000AE040F4004141F4814123785B002A6805
:107DA00022F8131000BFCAE108F48040A8B100BF58
:107DB00000BF22785200296831F8121048F68F72FD
:107DC00001EA020040F4004141F4814223785B0063
:107DD000296821F8132000BF00BF94F8240001286F
:107DE000E1D1606938446061E0693844E06121694B
:107DF000206A884204D32669206A801B20620BE037
:107E0000206A20B93E46002084F8240004E00020C7
:107E100084F82400266A206200BF6078B8BB00BFE7
:107E20002A682968B1F850100A442178022303EB2C
:107E3000C10102F5806303EB4101084600BF56B95A
:107E4000038848F2FF3C03EA0C030380038843F4F1
:107E50000043038019E03E2E0BD800BF710806F0E6
:107E6000010303B1491C4FF6FF7303EA812303802A
:107E70000BE000BF710906F01F0303B9491E4FF460
:107E8000004343EA8123038000BF00BF13E0FFE704
:107E9000607801280FD100BF28682A68B2F8502006
:107EA00010442278022303EBC20200F5806303EB47
:107EB00042010E8000BF00BFB3B222896169286809
:107EC00007F0CDFE3BE12868B0F85010207801EBB8
:107ED000C000801D296801F5806131F81000C0F3F1
:107EE0000907A069B84203D3A069C01BA06101E0E3
:107EF0000020A061A06900287DD100BF6078C8B9CA
:107F000000BF29682A68B2F8502011442278022361
:107F100003EBC20201F5806303EB420000BF02885D
:107F200048F2FF331A400280028842F40042028085
:107F300000BF13E06078012810D100BF28682A68CC
:107F4000B2F8502010442278022303EBC20200F55D
:107F5000806303EB420100220A8000BF00BF00BF24
:107F60002968607808BB00BF2B68D5F800C0BCF852
:107F700050C0634494F800C04FF0060909EBCC0CE4
:107F800003F5806909EB4C0000BFB0F800C048F26F
:107F9000FF390CEA090CA0F800C0B0F800C04CF49E
:107FA000004CA0F800C000BF10E0607801280DD19F
:107FB0002868B0F8500001442078062303EBC00085
:107FC00001F5806303EB40020020108000BF2178A0
:107FD0002846FFF7FCFC08F48040002816D100BFBB
:107FE00000BF22785200296831F8121048F68F72CB
:107FF00001EA020000E00AE040F4004141F481415E
:1080000023785B002A6822F8131000BF97E008F479
:108010008040A8B900BF00BF22785200296831F81B
:10802000121048F68F7201EA020040F4004141F458
:10803000814123785B002A6822F8131000BF00BF3B
:1080400094F8240001287AD1606938446061E069BD
:108050003844E0612169206A884204D32669206A95
:10806000801B20620BE0206A20B93E46002084F885
:10807000240004E0266A0020206284F8240000BF67
:108080002A68607890BB00BFD5F800C02968B1F8B5
:1080900050108C4421784FF0060909EBC1010CF512
:1080A000806909EB4101084600BF76B9B0F800903D
:1080B00048F2FF3A09EA0A09A0F80090B0F80090E7
:1080C00049F40049A0F8009020E03E2E0FD800BFF0
:1080D000710806F00109B9F1000F00D0491C4FF6F4
:1080E000FF7909EA8129A0F800900FE010E000BFB5
:1080F000710906F01F09B9F1000F00D1491E4FF4B4
:10810000004949EA8129A0F8009000BF00BF0FE0B4
:10811000607801280CD12868B0F85000024420781B
:10812000062101EBC00002F5806101EB40031E80D7
:1081300000BFB3B262896169286807F090FD00BF93
:1081400022785200296831F8121048F6BF7201EA0D
:10815000020080F0100080F0200040F4004141F067
:10816000800123785B002A6822F8131000BF0020EA
:10817000BDE8F087024601F0070000EB800302F53E
:10818000B47000EBC300C06970472DE9F0470546A5
:108190000E4690461F464FF0000906F080008028EA
:1081A0000AD106F0070000EB800105F1280000EB82
:1081B000C1040120607009E006F0070000EB8001B7
:1081C00005F5B47000EBC1040020607006F00700F4
:1081D0002070C4F81080E770607808B12078E081E2
:1081E000022F01D10020207100BF95F8A8020128BC
:1081F00002D10220BDE8F087012085F8A80200BF67
:108200002146286806F000FB00BF002085F8A80280
:1082100000BF4846EEE72DE9F04105460E461746F9
:10822000984606F0070000EB800105F5B47000EBFE
:10823000C1046761C4F818800020E061607006F036
:108240000700207006F0070020B92146286806F0D4
:10825000FCFE03E02146286806F0F7FE0020BDE89A
:10826000F08170B504460D4605F00700616888424C
:1082700001D9012070BD05F0800080280AD105F0E9
:10828000070000EB800104F1280000EBC10601208B
:10829000707007E005EB850104F5B47000EBC106D2
:1082A000002070700120B07005F00700307000BF32
:1082B00094F8A802012801D10220DBE7012084F80C
:1082C000A80200BF3146206806F091FE05F00700C5
:1082D00020B904F52C71206806F019FE00BF0020BB
:1082E00084F8A80200BF00BFC4E72DE9F0410546AD
:1082F0000E4690461F4606F0070000EB800105F190
:10830000280000EBC104C4F81480A761012084F8A0
:10831000240027620020E0610120607006F0070061
:10832000207006F0070020B92146286806F08DFE6F
:1083300003E02146286806F088FE0020BDE8F081B1
:108340007FB50446206807F057FC00F40040B0F504
:10835000004F02D1204603F0D9FA206807F04CFC08
:1083600000F48060B0F5806F0FD12068B0F8440051
:108370004FF6FF3108402168A1F84400204600F084
:108380009FF90021204600F0BBF9206807F034FC7B
:1083900000F48040B0F5804F08D12068B0F8440068
:1083A0004BF6FF7108402168A1F84400206807F0EF
:1083B00023FC00F40050B0F5005F08D12068B0F84D
:1083C00044004DF6FF7108402168A1F84400206880
:1083D00007F012FC00F48050B0F5805F1DD12068DA
:1083E000B0F840004FF6FB7108402168A1F840004A
:1083F0002068B0F840004FF6F77108402168A1F8F6
:108400004000204600F06EF92068B0F844004EF6B7
:10841000FF7108402168A1F84400206807F0ECFBD8
:1084200000F40060B0F5006F55D1002507E0690049
:10843000206830F811002DF81500681CC5B2082D11
:10844000F5D32068B0F8400040F001002168A1F8A1
:1084500040002068B0F840004FF6FE7108402168E7
:10846000A1F8400000BF2068B0F8440000F480602C
:108470000028F8D02068B0F844004FF6FF310840DB
:108480002168A1F84400002507E03DF815006A00C6
:10849000216821F81200681CC5B2082DF5D32068A8
:1084A000B0F8400040F008002168A1F840002068C2
:1084B000B0F844004FF2FF7108402168A1F8440071
:1084C0002068B0F8400040F004002168A1F84000A6
:1084D000204600F057F9206807F08EFB00F400708A
:1084E000B0F5007F0BD12068B0F844004FF6FF5183
:1084F00008402168A1F84400204600F0FAF82068FE
:1085000007F07AFB00F48070B0F5807F08D1206816
:10851000B0F844004FF6FF6108402168A1F844001C
:108520007FBD30B585B0044614B9012005B030BD1B
:1085300094F8A90228B9002084F8A802204600F087
:108540009DF8032084F8A902206806F0D6FC1422C6
:1085500004F110016846FDF7F5F994E80F0006F004
:1085600079FB20B1022084F8A9020120DEE7002176
:10857000206807F06AFB002531E0012105EB850248
:1085800004F1280000EBC200417005EB850104F105
:10859000280000F8315005EB850100EBC100C581D2
:1085A000002105EB850204F1280000EBC200C17038
:1085B00005EB850204F1280000EBC200016105EB28
:1085C000850204F1280000EBC200416105EB850241
:1085D00004F1280000EBC2008161681CC5B260682C
:1085E000A842CAD800252AE0002105EB850204F53F
:1085F000B47000EBC200417005EB850104F5B47066
:1086000000F83150002105EB850200EBC200C1707B
:1086100005EB850204F5B47000EBC200016105EBC7
:10862000850204F5B47000EBC200416105EB8502E0
:1086300004F5B47000EBC2008161681CC5B26068CB
:10864000A842D1D8142204F110016846FDF77AF946
:1086500094E80F0006F046FC20B1022084F8A9023D
:10866000012063E7002084F82400012084F8A90297
:10867000206806F034FC002058E7000038B50446B6
:108680000D492068884215D100BF0C48C06940F4EC
:1086900000000A49C8610846C06900F40000009063
:1086A00000BF00BF002211461420FFF71BF9142061
:1086B000FFF708F938BD0000005C004000100240E0
:1086C00070B504460125A068022801D0FDF75AFCC8
:1086D0002946D4F8E80205F06DFDD4F8E80205F06B
:1086E0001FFD70BD10B50446D4F8E80205F046FD44
:1086F00010BD10B50446D4F8E80205F04AFD10BDDF
:1087000070B504460D4600BF94F8A802012801D1B7
:10871000022070BD012084F8A80200BF84F8245014
:108720002946206807F094FA00BF002084F8A802C8
:1087300000BF00BFEDE710B5044604F52C71D4F876
:10874000E80205F04EFD10BD10B5044600BF94F8D8
:10875000A802012801D1022010BD012084F8A8023E
:1087600000BF206807F036FA01212046FFF72EF9F6
:10877000206806F0B1FB00BF002084F8A80200BF0B
:1087800000BFE9E710B50446D4F8E80205F082FD21
:10879000A06928B10348006840F00600014908605C
:1087A00010BD000010ED00E0012001490862704793
:1087B00000000E422DE9F04385B006463BA30FCBE7
:1087C00001AC0FC43DA0006800904FF000080025E8
:1087D00000270024A146012E30D0022E55D0102EA5
:1087E0005ED137484468006800F0807000B301A88B
:1087F000C4F38341475C04F4803070B13048406872
:10880000C0F340401DF8008004F4803040B12D4892
:10881000B0FBF8F000FB07F502E02B4807FB00F582
:108820002748406800F48000B0F5800F01D1A946C8
:1088300003E068000321B0FBF1F932E02048046A4C
:1088400004F44070B0F5807F05D104F0020010B14F
:108850004FF4004918E004F44070B0F5007F07D1F0
:108860001748406A00F0020010B149F640490BE099
:1088700004F44070B0F5407F06D11148006800F460
:10888000003008B14FF224490BE000F09BF90C498D
:108890004968C1F38131491C4900B0FBF1F900E09E
:1088A00000BF00BF484605B0BDE8F08302030405E1
:1088B000060708090A0B0C0D0E0F1010010200002C
:1088C0000010024000127A0000093D00F8B504468D
:1088D00000260025207800F0010000286BD000273A
:1088E0004348C06900F0805070B900BF4048C0697B
:1088F00040F080503E49C8610846C06900F0805091
:10890000009000BF00BF01273A48006800F4807063
:10891000B0B93848006840F4807036490860FEF706
:1089200099FB064606E0FEF795FB801B642801D9FB
:108930000320F8BD2F48006800F480700028F2D0B2
:108940002B48006A00F440752DB3A08800F44070F5
:10895000A84220D02648006A20F44075012026490C
:108960000860002008602248056205F0010090B10F
:10897000FEF770FB064608E0FEF76CFB801B41F239
:108980008831884201D90320D3E71948006A00F0F2
:1089900002000028F0D01648006A20F44070616898
:1089A000084313490862012F04D10846C06920F02A
:1089B0008050C86100BF207800F00200022807D173
:1089C0000B48406820F44040A168084308494860CB
:1089D000207800F01000102807D10548406820F4E6
:1089E0008000E1680843024948600020A1E70000D8
:1089F00000100240007000404004424270470000F6
:108A000070B504460D460CB9012070BD5A48006887
:108A100000F00700A8420ED25748006820F0070077
:108A20002843554908600846006800F00700A8423E
:108A300001D00120E9E7207800F0020002281DD1D2
:108A4000207800F00400042805D14C48406840F428
:108A5000E0604A494860207800F00800082805D105
:108A60004648406840F46050444948604348406884
:108A700020F0F000A168084340494860207800F0E9
:108A8000010078B36068012806D13C48006800F412
:108A9000003090B90120B8E76068022806D1374855
:108AA000006800F0007040B90120AEE7334800686C
:108AB00000F0020008B90120A7E73048406820F024
:108AC0000300616808432D494860FEF7C3FA064673
:108AD00009E0FEF7BFFA801B41F28831884202D9D3
:108AE000032092E707E02548406800F00C00616829
:108AF000B0EB810FEDD12048006800F00700A842DC
:108B00000ED91D48006820F0070028431A49086064
:108B10000846006800F00700A84201D0012074E771
:108B2000207800F00400042807D11448406820F49D
:108B3000E060E168084311494860207800F00800CF
:108B4000082808D10D48406820F46050216940EAA7
:108B5000C1000A49486000F045F808494968C1F376
:108B60000311074A515CC84006490860064800687E
:108B7000FEF758FE002048E70020024000100240A7
:108B8000AC1F0108540100203C01002001200149D4
:108B9000C864704700004242014800687047000006
:108BA0005401002000B5FFF7F7FF04494968C1F3FD
:108BB0000221034A515CC84000BD00000010024081
:108BC000BC1F010800B5FFF7E7FF04494968C1F37E
:108BD000C221034A515CC84000BD000000100240A1
:108BE000BC1F0108F0B585B00FF26C0C9CE8E010DA
:108BF00001A8A0E8E0101CA52D6800950021002226
:108C0000002300240020194D696801F00C05F5B11E
:108C1000042D02D0082D19D101E0154819E001AD4D
:108C2000C1F38346AC5D01F4803555B10F4D6D68DD
:108C3000C5F340451DF805200D4D6543B5FBF2F326
:108C400002E00C4D04FB05F3184602E000BF0848A3
:108C500000BF00BF05B0F0BD020304050607080908
:108C60000A0B0C0D0E0F1010010200000010024044
:108C700000127A0000093D0010B50648806800F037
:108C80008000802804D1FFF7B9FE80200149887256
:108C900010BD000000100240F8B504460CB90120D8
:108CA000F8BD207800F00100002878D0F84840682E
:108CB00000F00C0004280CD0F548406800F00C00CF
:108CC000082811D1F248406800F48030B0F5803FA8
:108CD0000AD1EF48006800F4003000285FD06068D7
:108CE00000285CD10120DBE700BF6068B0F5803F61
:108CF00006D1E748006840F48030E549086028E084
:108D0000606858B9E248006820F48030E0490860A3
:108D10000846006820F4802008601AE06068B0F51A
:108D2000A02F0BD1DA48006840F48020D8490860B1
:108D30000846006840F4803008600AE0D4480068C3
:108D400020F48030D24908600846006820F4802072
:108D5000086000BF606888B1FEF77CF9054606E050
:108D6000FEF778F9401B642801D9032098E7C8482A
:108D7000006800F400300028F2D010E0FEF76AF935
:108D8000054606E0FEF766F9401B642801D903207A
:108D900086E7BF48006800F400300028F2D1207850
:108DA00000F00200022857D1B948406800F00C00DA
:108DB00050B1B748406800F00C00082818D1B448FA
:108DC000406800F4803098B9B148006800F00200B3
:108DD00020B12069012801D0012061E7AC4800687A
:108DE00020F0F800616940EAC100A949086033E059
:108DF0002069E8B10120A7490860FEF72BF9054674
:108E000006E0FEF727F9401B022801D9032047E7B7
:108E10009F48006800F002000028F2D09C480068DB
:108E200020F0F800616940EAC1009949086013E048
:108E3000002098490860FEF70DF9054606E0FEF7A8
:108E400009F9401B022801D9032029E7904800684E
:108E500000F002000028F2D1207800F00800082875
:108E60002DD1A069B8B101208B490860FEF7F2F856
:108E7000054606E0FEF7EEF8401B022801D9032064
:108E80000EE78348406A00F002000028F2D001207B
:108E900003F0BAFB13E000207F490860FEF7DAF820
:108EA000054606E0FEF7D6F8401B022801D903204C
:108EB000F6E67748406A00F002000028F2D12078F8
:108EC00000F00400042873D100277148C06900F045
:108ED000805070B900BF6E48C06940F080506C4946
:108EE000C8610846C06900F08050009000BF00BF14
:108EF00001276A48006800F48070B0B967480068CC
:108F000040F4807065490860FEF7A4F8054606E065
:108F1000FEF7A0F8401B642801D90320C0E65F4893
:108F2000006800F480700028F2D000BFE0680128DB
:108F300006D15748006A40F001005549086227E011
:108F4000E06858B95248006A20F0010050490862B0
:108F50000846006A20F00400086219E0E06805286D
:108F60000BD14B48006A40F00400494908620846AA
:108F7000006A40F0010008620AE04548006A20F0FB
:108F80000100434908620846006A20F004000862B4
:108F900000BFE068A0B1FEF75DF8054609E0FEF706
:108FA00059F8401B41F28831884202D9032077E604
:108FB00022E03748006A00F002000028EFD012E0FB
:108FC000FEF748F8054608E0FEF744F8401B41F27A
:108FD0008831884201D9032062E62D48006A00F0FA
:108FE00002000028F0D1012F05D12948C06920F0E6
:108FF00080502749C86100BFE069C8B32448406871
:1090000000F00C00082860D0E069022848D1002058
:1090100020490866FEF71EF8054606E0FEF71AF836
:10902000401B022801D903203AE61948006800F0E5
:1090300000700028F2D1206AB0F5803F07D11448B3
:10904000406820F40030A168084311494860D4E921
:10905000080108430E49496821F4741108430C497A
:10906000486001200B490866FDF7F4FF054607E05C
:109070003DE0FDF7EFFF401B022801D903200FE67A
:109080000348006800F000700028F2D02FE00000D4
:109090000010024000004242800442420070004042
:1090A000002014490866FDF7D5FF054606E0FDF7E8
:1090B000D1FF401B022801D90320F1E50E480068CA
:1090C00000F000700028F2D111E0E069012800D121
:1090D000E6E50948466806F48031206A814204D1F9
:1090E00006F47011606A814201D00120D8E50020A9
:1090F000D6E5000000004242001002402DE9F04792
:1091000080460E469246002500270024A146404690
:1091100003F0D3FA81462548B9FBF0F424480068EF
:10912000A04240D02248046040F2B2750EE02846CA
:1091300006F064FF012806D1B4F5B77F02D3A4F589
:10914000B77402E005E0A4F26D146D1CB4F5B67FAF
:10915000EDD800BF2F46A5F5FA60F070002515E0A8
:10916000012D09D1384606F049FF012804D11D2CF4
:1091700001D31D3C09E00BE00E48405DA04203D83E
:109180000C48405D241A00E002E06D1C1C2CE7D264
:1091900000BF681C7070601CB070B2787178F07895
:1091A00003F0A5FA30700020BDE8F087805101007F
:1091B00050010020A01F01082DE9F04707460C468A
:1091C00091460026B046002538684068C0F380000C
:1091D00010B10120BDE8F087384603F06EFA06466C
:1091E0004FF46160B6FBF0F5B6FBF0F100FB1160E7
:1091F0003C21B0FBF1F060704FF46160B6FBF0F120
:1092000000FB11603C21B0FBF1F201FB1200A070E9
:109210001820B5FBF0F100FB11502070182D08D379
:109220001820B5FBF0F8B5FBF0F100FB11502070F1
:1092300000E025700020CDE770B5044600250CB98C
:10924000012070BD607C20B900202074204600F011
:109250005BF802206074204600F085F918B1042004
:1092600060740120EDE7204603F0EDF918B1042009
:1092700060740120E5E72068406820F0070021685D
:109280004860A06828B11F48006820F001001D490F
:1092900008601C48001F006820F46070A168084343
:1092A0001849091F08606068401C08B1656809E03A
:1092B0000120FFF77FFA05461DB9042060740120E4
:1092C000BFE76D1E2068806820F00F0040EA15405F
:1092D000216888602068C06865F30F002168C86055
:1092E000204603F0CDF918B1042060740120A8E7EE
:1092F0000021E17301216173A173012060740020DA
:109300009FE70000306C004038B504460B492068E8
:10931000884212D1FFF748FA00BF0948C06940F0FF
:1093200000600749C8610846C06900F0006000900D
:1093300000BF00BF01200349086038BD002800407D
:10934000001002403C0442422DE9F04F87B006462F
:109350000F464FF00009002006908046002405903B
:1093600004900390824600BF48A207CA8DE8070018
:10937000304603F0A2F981464FF46160B9FBF0F08A
:1093800006904FF46160B9FBF0F100FB11903C21B5
:10939000B0FBF1F0C0B204904FF46160B9FBF0F1A2
:1093A00000FB11903C21B0FBF1F201FB1200039095
:1093B00018210698B0FBF1F201FB12000590F87835
:1093C00000F5FA6840F63300804500D9804640F247
:1093D000B270804500D2804640F2B2750AE028465D
:1093E00006F00CFE012802D12B48044401E02B4872
:1093F00004446D1C4545F2D397F801A0404606F0A1
:10940000FDFD012804D1BAF1020F01D9244804441A
:10941000AAF1010A002507E01DF8050040F2A3218A
:10942000484304EBC0146D1C5545F5D397F802B0C2
:10943000ABF1010040F2A321484304EBC0140598AE
:10944000C0EB4011C1EB002004EB00140498C0EB0A
:10945000001004EB80040398044400BF307C012812
:1094600003D1022007B0BDE8F08F0120307400BFA7
:10947000022070742146304603F07BF9012070749D
:1094800000BF0020307400BF00BFEBE71F1C1F1E91
:109490001F1E1F1F1E1F1E1F0085E2018033E101DA
:1094A000805101002DE9F05F04460D4690460026EC
:1094B0000027B146B246204603F0FFF807464FF4B6
:1094C0006160B7FBF0F9B9F1180F0AD31820B9FBA6
:1094D000F0FA0AEB4A00C0004FF4616100FB01F7AB
:1094E00000E0002700BF207C012802D10220BDE857
:1094F000F09F0120207400BF02206074B8F1000FBB
:109500000BD128784FF4616148436978C1EB0111B0
:1095100000EB8100A978461812E0287803F088F85B
:109520004FF4616100FB01FB687803F081F8C0EB48
:1095300000100BEB800BA87803F07AF80BEB000619
:109540003E443146204603F014F92068406820F07C
:109550000500216848600120607400BF002020746D
:1095600000BF00BFC3E770B5044600250CB9012059
:1095700070BD2068406820F0080021684860FDF751
:1095800069FD054607E0FDF765FD401BB0F57A7FF4
:1095900001D90320ECE72068406800F008000028AB
:1095A000F1D00020E4E710B504460CB9012010BD4D
:1095B000606A38B96068B0F5827F00D105E00021AB
:1095C000E16102E00021216161610021A16294F862
:1095D000510028B9002084F85000204600F042F8DD
:1095E000022084F851002068006820F040002168C3
:1095F0000860A08800F48270218901F404410843C6
:10960000A18901F400610843217C01F002010843B3
:10961000217D01F001010843218B01F40071084311
:10962000217F01F0380108432021095D01F080010C
:109630000843218D01F4005108432168086004218A
:10964000A06901EA1040216848602068C06920F4E0
:1096500000602168C86100206065012084F8510025
:109660000020A4E710B586B00446002002900390C5
:10967000049005901949206888422DD100BF1848F0
:10968000806940F48050164988610846806900F47A
:109690008050019000BF00BF00BF0846806940F0C5
:1096A000040088610846806900F00400019000BF52
:1096B00000BFA0200290022003900320059002A981
:1096C0000848FDF729FB40200290002003900490F9
:1096D00002A90448FDF720FB06B010BD0030014090
:1096E000001002400008014070B504462546681E7F
:1096F000B0F1807F01D301200FE0681E4FF0E02120
:1097000048610F214FF0FF3006F0F8FA00204FF0CB
:10971000E021886107200861002070BD7047704714
:1097200030B502460B4600BF92F83C00012801D13B
:10973000022030BD012082F83C0000BF022082F8E8
:109740003D00106844681068816824F0700418684F
:10975000044310684460104D1068A8420BD0106894
:10976000B0F1804F07D00D4D1068A84203D00C4DCA
:109770001068A84205D121F08001586801431068A3
:109780008160012082F83D0000BF002082F83C008B
:1097900000BF00BFCDE70000002C014000040040E6
:1097A0000008004010B504460CB9012010BD94F823
:1097B0003D0028B9002084F83C00204600F026F83F
:1097C000022084F83D00211D206803F07BFC01206D
:1097D00084F8460000BF84F83E0001213F20015577
:1097E000402001554120015500BF00BF012084F8F1
:1097F000420043200155442001554520015500BF3A
:10980000012084F83D000020D0E7000038B5044670
:109810001A492068884216D100BF1948C06940F033
:1098200002001749C8610846C06900F002000090B4
:1098300000BF00BF002211461D20FEF753F81D2077
:10984000FEF740F819E02068B0F1804F15D100BF55
:109850000B48C06940F001000949C8610846C06969
:1098600000F00100009000BF00BF022211461C2042
:10987000FEF738F81C20FEF725F838BD000400403C
:1098800000100240014691F83D00012801D001205E
:109890007047022081F83D00124B086898420BD0B7
:1098A0000868B0F1804F07D00F4B0868984203D08A
:1098B0000E4B086898420CD10868806800F00702D7
:1098C000062A0CD00868006840F001000B68186098
:1098D00005E00868006840F001000B68186000208F
:1098E000D6E70000002C01400004004000080040C2
:1098F0002DE9F04104460D4600BF94F83C000128D4
:1099000002D10220BDE8F081012084F83C0000BFB4
:10991000022084F83D002068866826F0770626F449
:109920007F46206886602868502833D00CDC2028C9
:1099300050D004DC00284BD0102851D149E0302809
:1099400049D040284CD139E060282DD0702807D06C
:10995000B0F5805F03D0B0F5005F41D10DE040E08D
:10996000D5E902136A68206803F0E6FB2068866880
:1099700046F077062068866033E0D5E902136A680E
:10998000206803F0D9FB2068806840F4804021689B
:10999000886026E0EA686968206803F0E1FB5021EE
:1099A000206803F0D4FB1CE0EA686968206803F0D3
:1099B000EAFB6021206803F0CAFB12E0EA686968EC
:1099C000206803F0CDFB4021206803F0C0FB08E0D5
:1099D00000BF00BF00BF2968206803F0B8FB00E0AB
:1099E00000BF00BF012084F83D0000BF002084F8C4
:1099F0003C0000BF00BF85E7704710B504462068F3
:109A00000069C0F34000D8B12068C068C0F34000CE
:109A1000B0B16FF002002168086101202077206852
:109A2000806900F0030018B12046FFF7E5FF05E06C
:109A3000204600F0ADF8204600F0ABF8002020777B
:109A400020680069C0F38000D8B12068C068C0F306
:109A50008000B0B16FF00400216808610220207717
:109A60002068806900F4407018B12046FFF7C4FFF9
:109A700005E0204600F08CF8204600F08AF800202F
:109A8000207720680069C0F3C000D8B12068C068A2
:109A9000C0F3C000B0B16FF0080021680861042075
:109AA00020772068C06900F0030018B12046FFF756
:109AB000A3FF05E0204600F06BF8204600F069F8AF
:109AC0000020207720680069C0F30010D8B120681A
:109AD000C068C0F30010B0B16FF0100021680861D9
:109AE000082020772068C06900F4407018B1204633
:109AF000FFF782FF05E0204600F04AF8204600F01C
:109B000048F8002020772068006900F0010058B173
:109B10002068C06800F0010030B16FF001002168DA
:109B20000861204600F036F820680069C0F3C010D4
:109B300058B12068C068C0F3C01030B16FF0800029
:109B4000216808612046FFF7E9FD20680069C0F33D
:109B5000801058B12068C068C0F3801030B16FF039
:109B6000400021680861204600F020F82068006964
:109B7000C0F3401058B12068C068C0F3401030B145
:109B80006FF02000216808612046FFF7C8FD10BD76
:109B90007047704710B5044603492068884201D1D8
:109BA00003F026F910BD0000000400407047704724
:109BB000704700002DE9F84F0446206805682068CA
:109BC000C668206847694FF00009CA4605F00F09CA
:109BD000B9F1000F0AD105F0200038B106F02000DD
:109BE00020B1204603F018FBBDE8F88FB9F1000F53
:109BF00071D007F0010018B906F4907000286AD0FF
:109C000005F0010030B106F4807018B1206C40F00E
:109C10000100206405F0040030B107F0010018B124
:109C2000206C40F00200206405F0020030B107F023
:109C3000010018B1206C40F00400206405F0080019
:109C400048B106F0200010B907F0010018B1206CEF
:109C500040F008002064206C68B305F0200028B1B3
:109C600006F0200010B1204603F0D6FA20684069C3
:109C7000C0F3801A206C00F0080010B9BAF1000F90
:109C800022D0204603F09DFA2068406900F0400091
:109C9000B0B12068406920F0400021684861A06BA5
:109CA00050B15648A16B4863A06BFCF7A3FE10B1FE
:109CB000A06B416B88470CE02046FFF779FF08E076
:109CC0002046FFF775FF04E02046FFF771FF0020F4
:109CD000206489E7FFE7206B012878D105F01000A8
:109CE000002874D006F01000002870D000BF0020BB
:109CF000009020680068009020684068009000BFD5
:109D000000BF2068406900F04000C0B3A06B00684D
:109D100040681FFA80F8B8F1000F2FD0A08D4045A1
:109D20002CDDA4F82E80A06B806920281FD020682D
:109D3000C06820F480702168C8602068406920F005
:109D40000100216848612068406920F040002168D6
:109D50004861202084F83E00002020632068C0680D
:109D600020F010002168C860A06BFCF717FEA08DE2
:109D7000E28D801A81B22046FFF719FF34E7FFE732
:109D8000A08DE18D401A1FFA80F8E08DE8B1B8F19E
:109D9000000F1AD02068C06820F490702168C86055
:109DA0002068406920F0010021684861202084F883
:109DB0003E00002020632068C06820F01000216869
:109DC000C86041462046FFF7F2FE0DE7FFE705F0C9
:109DD000800030B106F0800018B1204603F00CFB83
:109DE00002E705F0400030B106F0400018B120460F
:109DF00003F002FAF8E600BFF6E60000AFD1000873
:109E000010B504460CB9012010BDA06900B100E0F6
:109E100000BF94F83D0028B9002084F83C0020469B
:109E200000F028F8242084F83D002068C06820F461
:109E300000502168C860204603F060FA206800697D
:109E400020F49040216808612068406920F02A00D1
:109E5000216848612068C06840F400502168C860EB
:109E600000202064202084F83D0084F83E0000207B
:109E7000CAE7000010B586B00446002002900390A7
:109E8000049005905D49206888423FD100BF5C483E
:109E9000806940F480405A4988610846806900F42E
:109EA0008040019000BF00BF00BF0846806940F0BD
:109EB000080088610846806900F00800019000BF32
:109EC00000BF40200290022003900320059002A9C9
:109ED0004C48FCF721FF8020029000200390049062
:109EE00002A94848FCF718FF00BF4749486840F0FE
:109EF000E06040F00400486000BF002211462520C9
:109F0000FDF7F0FC2520FDF7DDFC75E03F492068FA
:109F1000884236D100BF3A48C06940F40030384921
:109F2000C8610846C06900F40030019000BF00BF5E
:109F300000BF0846806940F00400886108468069D7
:109F400000F00400019000BF00BF04200290022036
:109F500003900320059002A92D48FCF7DDFE0820A0
:109F6000029000200390049002A92948FCF7D4FE37
:109F7000002211462620FDF7B5FC2620FDF7A2FCA5
:109F80003AE024492068884236D100BF1C48C069A5
:109F900040F480201A49C8610846C06900F4802056
:109FA000019000BF00BF00BF0846806940F0080074
:109FB00088610846806900F00800019000BF00BF7A
:109FC00008150290022003900320059002A90D4875
:109FD000FCF7A2FE4FF40060029000200390049072
:109FE00002A90848FCF798FE002211462720FDF739
:109FF00079FC2720FDF766FC06B010BD0038014053
:10A0000000100240000C01400000014000440040EC
:10A0100000080140004800407047704700BFFEE75D
:10A02000014608684069C0F38020B0B16FF48060D9
:10A030000A68506100200863202081F83D0000205C
:10A0400081F83E00086C40F00400086400BF002066
:10A0500081F83C0000BF012070470020FCE70000B1
:10A060002DE9F84304460D4690461E46E76A2068EF
:10A07000006840F4806021680860082F04D0012F38
:10A0800002D017F5803F06D12068006840F4807048
:10A090002168086008E0206B112805D1206800685D
:10A0A00040F4807021680860434600224FF001119F
:10A0B0002046009600F0FEF860B12068006800F4C9
:10A0C0008070B0F5807F02D14FF4007020640320CF
:10A0D000BDE8F8832069B0F5804F05D1E8B240F0C3
:10A0E00001002168086149E005F44070F02141EA6F
:10A0F000E01021680861334642462649204600F0B8
:10A1000021F908B10120E3E7E8B22168086133468C
:10A1100042462049891F204600F014F908B1012069
:10A12000D6E700BF002000902068406900902068BA
:10A130008069009000BF00BF2068006840F4807014
:10A1400021680860434600224FF001112046009626
:10A1500000F0B0F858B12068006800F48070B0F5E5
:10A16000807F02D14FF4007020640320B0E705F433
:10A170004070F12141EAE01021680861334642460F
:10A180000449891F204600F0DDF808B101209FE74F
:10A1900000209DE7080001002DE9F84304460D4624
:10A1A00017469846E66A082E04D0012E02D016F50E
:10A1B000803F06D12068006840F480702168086004
:10A1C00008E0206B122805D12068006840F48070F8
:10A1D000216808603B4600224FF001112046CDF86F
:10A1E000008000F067F860B12068006800F48070BB
:10A1F000B0F5807F02D14FF4007020640320BDE8E9
:10A20000F8832069B0F5804F04D105F0FE00216885
:10A21000086112E005F44070F02141EAE010216885
:10A22000086143463A460B49204600F08BF808B1D6
:10A230000120E4E7E8B22168086143463A4605494F
:10A24000891F204600F07EF808B10120D7E70020E2
:10A25000D5E700000800010070B504460D4616461B
:10A2600020E02046FFF7DCFE08B1012070BD681C2D
:10A27000C0B1FCF7EFFE801BA84200D895B90020C2
:10A280002063202084F83D00002084F83E00206CEC
:10A2900040F02000206400BF002084F83C0000BF94
:10A2A0000120E3E720684069C0F380000028D8D08F
:10A2B0000020DBE72DE9F04704460D4617461E4611
:10A2C000DDF820804FF000091FE0701CE8B109F1B3
:10A2D0000109FCF7BFFEA0EB0800B04200D8A6B908
:10A2E00000202063202084F83D00002084F83E00F8
:10A2F000206C40F02000206400BF002084F83C0067
:10A3000000BF81460120BDE8F087C5F30740012862
:10A310000AD120684069A9B20840A9B2884201D197
:10A3200001200BE0002009E020688069A9B2084004
:10A33000A9B2884201D1012000E00020B842C4D077
:10A340000020E0E72DE9F04104460D4616461F4681
:10A350003DE020684069C0F38020E8B120680068D3
:10A3600040F40070216808606FF4806021684861E3
:10A3700000202063202084F83D00002084F83E0067
:10A38000206C40F00400206400BF002084F83C00F2
:10A3900000BF0120BDE8F081701CC0B1FCF75AFE7F
:10A3A000C01BB04200D896B900202063202084F85A
:10A3B0003D00002084F83E00206C40F02000206426
:10A3C00000BF002084F83C0000BF0120E2E7C5F395
:10A3D000074001280AD120684069A9B20840A9B203
:10A3E000884201D101200BE0002009E0206880694B
:10A3F000A9B20840A9B2884201D1012000E00020A2
:10A400000028A6D00020C5E770B504460D461646C4
:10A4100032E020684069C0F30010A0B16FF0100076
:10A420002168486100202063202084F83D0000203E
:10A4300084F83E00206C206400BF002084F83C00BB
:10A4400000BF012070BDFCF705FE801BA84200D8AC
:10A4500095B900202063202084F83D00002084F876
:10A460003E00206C40F02000206400BF002084F8F3
:10A470003C0000BF0120E5E720684069C0F3801080
:10A480000028C6D00020DDE770B504460D4616460C
:10A4900020E02046FFF7C4FD08B1012070BD681C14
:10A4A000C0B1FCF7D7FD801BA84200D895B90020A9
:10A4B0002063202084F83D00002084F83E00206CBA
:10A4C00040F02000206400BF002084F83C0000BF62
:10A4D0000120E3E720684069C0F3C0100028D8D00D
:10A4E0000020DBE730B59FB004460D4670223949A5
:10A4F00003A8FBF727FA332D50D006DC102D0BD024
:10A50000122D58D0142D63D121E0352D2CD0372DAC
:10A5100010D0392D5CD134E003A86021A300CDE92F
:10A5200000102D4802782D492D4801F02BFDC0B2B6
:10A530001FB030BD07A86121A300CDE90010264857
:10A5400002782649264801F01DFDC0B2F0E70BA8AD
:10A550006021A300CDE900101F4802781F49204860
:10A5600001F010FDC0B2E3E70FA86121A300CDE91F
:10A570000010194802781949194801F003FDC0B2CA
:10A58000D6E713A86121A300CDE900101248027894
:10A590001249134801F0F6FCC0B2C9E717A86121BF
:10A5A000A300CDE900100C4802780C490C4801F0DA
:10A5B000E9FCC0B2BCE71BA86021A300CDE90010F4
:10A5C000054802780549064801F0DCFCC0B2AFE757
:10A5D0000120ADE7C41F010890000020F0210020F9
:10A5E000B809002070B504460D46224629460248A7
:10A5F00001F00AFDC0B270BDB80900207FB5064663
:10A600000C46324669462A4801F0FEFC10B1012092
:10A6100004B070BD00250BE01DF8051005F1080021
:10A620001DF80000814201D00120F1E7681CC5B28D
:10A63000042DF1DB00250CE0281D1DF800001DF89D
:10A64000051081F0FF01884201D00120E0E7681C7D
:10A65000C5B2042DF0DB9DF80C0050B99DF80D003B
:10A66000FF2806D19DF80E0018B99DF80F00FF28AD
:10A6700001D00120CCE79DF8030020602068000293
:10A6800020609DF8021020680844206020680002C5
:10A6900020609DF8011020680844206020680002B6
:10A6A00020609DF800102068084420600020AFE77B
:10A6B000B809002070B504463223002221460D4817
:10A6C00001F052FD0C49086008460068401C30B992
:10A6D0000020E070A07060702070012070BD002527
:10A6E00004E0605D05494855681CC5B2042DF8DBDF
:10A6F0000020F3E7B809002090000020F02100209E
:10A7000070B504460D4622462946024801F0AAFCCF
:10A71000C0B270BDB809002030B585B005460C4602
:10A720002DA000680490E0B28DF81000200A8DF88A
:10A730001100200C8DF81200200E8DF813009DF8EA
:10A7400010008DF800009DF811008DF801009DF8B3
:10A7500012008DF802009DF813008DF803009DF89B
:10A76000100080F0FF008DF804009DF8110080F0CB
:10A77000FF008DF805009DF8120080F0FF008DF8B5
:10A7800006009DF8130080F0FF008DF807009DF88B
:10A7900010008DF808009DF811008DF809009DF853
:10A7A00012008DF80A009DF813008DF80B000020B0
:10A7B0008DF80C00FF208DF80D0000208DF80E00A4
:10A7C000FF208DF80F002A466946044801F04AFC34
:10A7D000C0B205B030BD000001000000B809002083
:10A7E000002001E0411CC8B20128FBDB7047087063
:10A7F000020A4A70020C8A70020ECA70704730B5A5
:10A800000B46002100BF16E00A24B4EB107F05D9E7
:10A81000302404EB107403F8114005E0412404EBEC
:10A8200010740A3C03F81140000100254C00641C20
:10A830001D554C1CE1B29142E6DB30BD10B503481A
:10A8400001F099FB014801F0EDFC10BDB8090020B2
:10A8500000B585B00020019002900390049000BFE5
:10A860004648806940F01000444988610846806984
:10A8700000F01000009000BF00BF00BF08468069D4
:10A8800040F0200088610846806900F020000090B8
:10A8900000BF00BF00BF0846806940F00400886127
:10A8A0000846806900F00400009000BF00BF00BFB0
:10A8B0000846806940F0080088610846806900F019
:10A8C0000800009000BF00BF00224FF4E2612C4856
:10A8D000FCF7BAFB002201212A48FCF7B5FB4FF434
:10A8E000E260019001200290002003900320049078
:10A8F00001A92348FCF710FA0120019002900020E2
:10A9000003900220049001A91E48FCF705FA2020BC
:10A9100001901D4802900220039001A91948FCF7FC
:10A92000FBF9012211461720FCF7DCFF1720FCF78A
:10A93000C9FF002202211248FCF786FB0220019089
:10A9400001200290002003900320049001A90C48EC
:10A95000FCF7E2F90122D1030948FCF775FB4FF43B
:10A9600000400190012002900020039003200490F9
:10A9700001A90348FCF7D0F905B000BD0010024062
:10A9800000080140000C01400000311010B50C48D7
:10A990000C4908600C48486000210A4881609021F9
:10A9A000C1604FF480410161002141618161C16159
:10A9B0000162FCF755FB08B1FBF7E4FA10BD00009B
:10A9C00000540040DC090020801A060010B507483A
:10A9D000074908600620486040F6FF71044881601E
:10A9E000FCF7D0FE08B1FBF7CDFA10BD00300040F7
:10A9F000D00900201CB500200190009007480849AC
:10AA000008604FF0FF3048604FF480710448816067
:10AA1000FEF712FC08B1FBF7B5FA1CBD0028004098
:10AA2000300A002010B50F480F4908604FF48270BB
:10AA3000486000210C488160C160016141614FF4B0
:10AA4000007181611821C161802101620021416290
:10AA500081620A21C162FEF7A6FD08B1FBF792FAF6
:10AA600010BD000000300140440A002000B587B04E
:10AA700000200390049005900690019002901448E5
:10AA80001449086040F2DB504860002111488160A1
:10AA90000121C160002101618161FEF783FE08B1DF
:10AAA000FBF770FA4FF48050039003A90948FEF7B2
:10AAB0001FFF08B1FBF766FA00200190029001A980
:10AAC0000448FEF72DFE08B1FBF75CFA07B000BDA5
:10AAD000000400409C0A002010B50B480B49086098
:10AAE0004FF461404860002108488160C160016105
:10AAF0000C21416100218161C161FFF781F908B139
:10AB0000FBF740FA10BD000000380140E40A0020C5
:10AB100010B50B480B4908604FF4E1304860002144
:10AB200008488160C16001610C214161002181619F
:10AB3000C161FFF765F908B1FBF724FA10BD000009
:10AB400000440040280B00201FB500200090019019
:10AB5000029003904FF48050009001200190022059
:10AB600002900320039069461448FCF7D5F80022B0
:10AB70004FF480511148FCF767FA6420FBF792FF0D
:10AB800000220F490F4803F022F908B1FBF7FAF948
:10AB90000D490C4803F0B4FB08B1FBF7F3F90B497E
:10ABA000084802F0BAFD08B1FBF7ECF9054803F0DC
:10ABB00071FC08B1FBF7E6F91FBD00000008014079
:10ABC000D0000020B00B00206801002028010020E8
:10ABD00000BFFEE7FEF750F800BFFEE72DE9FF4F8C
:10ABE00091B00F4698460026B346012003900020FE
:10ABF00002900190FA480078012811D0022802D072
:10AC0000032827D119E00520F64908701520F649D8
:10AC100008703720F54908702020F549087026E0B3
:10AC20000420F04908701020EF4908703920EF49DE
:10AC300008700020EE49087019E00520E949087005
:10AC40001520E94908703720E84908704020E84994
:10AC500008700CE00520E34908701420E2490870F0
:10AC60003720E24908700020E149087000BF00BFAA
:10AC70000020E04908708246002121980160229856
:10AC80000160DCE00AF1010000F0FF0A00200390FF
:10AC9000039800283BD10DA8FFF70CFD28B10DA8A3
:10ACA000FFF708FD08B1761CC9E04AF6AA20D24990
:10ACB00009680860761C002405E00DA8005DCF49F6
:10ACC0000855601CC4B2042CF7DBCC4840683860DF
:10ACD00000F072FA81460198072803DDFF2015B0C5
:10ACE000BDE8F08FB9F1000F11D0C448406838605A
:10ACF000B9F1040F03D0B9F10B0F07D101E00E2019
:10AD0000EDE70198401CC0B2019098E097E0002068
:10AD10000390386830B1B94840683968884201D03A
:10AD20000920DCE7B54840683860B448816813986A
:10AD3000006881420BD0B148816813980160AF4828
:10AD40008068FB2801D10B20C9E70A20C7E7AB4880
:10AD5000816813980160A5480178A2480078FFF740
:10AD6000C1FB00B16BE005A99F480078FFF73AFCF2
:10AD700000B164E09DF8150004900498000204906E
:10AD80009DF814100498084404909C48417B249832
:10AD900001709A480169239801609848017B2598C1
:10ADA0000170386800B94AE0002544E000240CE056
:10ADB0009248005D05EB0511914A02EB8101095DA6
:10ADC000884200D003E0601CC4B2042CF0DB00BF5A
:10ADD000042C2EDB05EB0510894901EB8000407D3A
:10ADE00005EB0511864A02EB8101097DC1EB0111DA
:10ADF00000EB8100C0F13C0010901098002802DAAE
:10AE000010984042109010980A280ADA4FF0010B6F
:10AE100005EB05107A4A02EB800144227748FAF7E5
:10AE200091FD05EB0511764A02EB8100FBF780F8F6
:10AE300003E0681CC5B2052DB8DB00BF02E00A2E96
:10AE4000FFF420AF00BF052E01D3012047E7BBF17F
:10AE5000000F5CD16B48007808B152201190674810
:10AE6000C169219801606548C06964490862084663
:10AE7000C0F81880119848736348007808756348D3
:10AE800000784875209808610846007B0D2801DD90
:10AE9000002008731198132801D1022011901198F5
:10AEA00000F00F00012802D002282BD10FE05348F8
:10AEB000C069404402901F990298884201D903203A
:10AEC0000DE74E48C06940444C49C8611CE04B48FE
:10AED000C069A0EB080002901E990298884201DA2E
:10AEE0000320FCE60298002805DD1F99029888429D
:10AEF00001D90320F3E64148C069A0EB08003F49AF
:10AF0000C86101E00520EAE600BF00F0EFF8BAF101
:10AF1000010F01D14FF0000A00264DE0142E01D39D
:10AF20000120DCE6BAF1010F03D10AF1010000F0C3
:10AF3000FF0ABAF1010F2FDD0DA8FFF7BBFB28B107
:10AF40000DA8FFF7B7FB08B1761C35E09DF834007B
:10AF500050B99DF8350038B99DF8360020B99DF8F4
:10AF6000370008B9761C27E0002408E02348005D7C
:10AF70000DA9095D884200D003E0601CC4B2042C16
:10AF8000F4DB00BF042C07DABBF1000F01D1042071
:10AF9000A5E64FF0040B11E0761C00F02BFB814678
:10AFA000B9F1010F01DD4FF0010BB9F1000F00D035
:10AFB00002E04FF0000B01E0142EAFD300BF386861
:10AFC00008B94FF0010B0D48C169219801600B4889
:10AFD000016A22980160BBF1000F39D0002421E002
:10AFE000810200207D0200207E0200207F020020DE
:10AFF0008002002088020020D0090020F01D0020DF
:10B00000BC1E00207C0200205C0000205D000020AF
:10B0100004EB04101D4901EB8000406800B903E017
:10B02000601CC4B2052CF3DB00BF052C00DB002440
:10B0300004EB0411154A02EB810044221449FAF78B
:10B0400081FCBBF1040F01D1042048E60D2046E647
:10B05000142E03D30BF10C00C0B240E6002511E022
:10B060000B48406805EB0511084A02EB810149686D
:10B07000884205D105EB051102EB8100FAF758FF74
:10B08000681CC5B2052DEBDB002028E6BC1E0020A5
:10B09000F01D0020014624200E2924D2DFE801F013
:10B0A00007090B0D0F11131517191B1D1F2119204F
:10B0B00019E01A2017E01C2015E01D2013E01E20C7
:10B0C00011E020200FE021200DE022200BE02420C1
:10B0D00009E0252007E0262005E0282003E02920BC
:10B0E00001E02A2000BF00BF704700002C48007E0E
:10B0F0002B4B83F834001846008B030A284880F84D
:10B10000353090F8203080F83630008C030A24481F
:10B1100080F83730006A030C214880F83830437BD0
:10B1200080F839301F4803781F48007863F31F10F8
:10B13000C3B21B4880F83A301C480378184880F89E
:10B140003B30037F80F83C30808B030A144880F842
:10B150003D30C069030C124880F83E30037C80F813
:10B160003F30008A030A0E4880F8403010480378C8
:10B170000B4880F841300F480378094880F8423086
:10B180000022002105E006483430405C4240481C63
:10B19000C1B20F29F7DB024880F843200020704736
:10B1A000F01D0020600000205A0000205B000020FD
:10B1B0005C0000205D00002030B589B01021002027
:10B1C000FFF790F910B1012009B030BD01A90120AD
:10B1D000FFF708FA08B10220F6E79DF80A00AB284D
:10B1E00001D00520F0E79DF8050057498860084622
:10B1F000806800028860084680689DF80410084452
:10B20000514988609DF8090048600846406800027E
:10B210004860084640689DF8081008444A4948605C
:10B220000846406800024860084640689DF80710DC
:10B23000084445494860084640680002486008469E
:10B2400040689DF8061008443F4948600846008958
:10B2500000F40040B0F5004F12D108460089C0F359
:10B260000E0088600846806846F629214840364925
:10B270008860084640684BF2A62148403249486041
:10B28000314840683149086014210620FFF72AF947
:10B2900008B10A2098E769461820FFF7AFF908B10E
:10B2A0000B2091E7284900980873009810B90D20E9
:10B2B000009002E00098401E00904AF6AA2024491F
:10B2C000096808600099C8B2FFF7E4FE0446E11778
:10B2D00004EB917188103521FFF704F908B10D20B6
:10B2E00072E701A92046FFF77DF908B10E206BE750
:10B2F0009DF80900144948739DF81000086108463C
:10B30000006900020861084600699DF80F100844B2
:10B310000D4908610F4801780F480078FFF7E2F8FF
:10B3200008B10C2050E708491C310C480078FFF7A1
:10B3300065F930B100F014F808B1032044E70420A7
:10B3400042E7002040E70000F01D002084020020BA
:10B35000D00900207F0200207D0200207E02002014
:10B360002DE9F04389B04FF0000814210620FFF7C3
:10B37000B9F818B1012009B0BDE8F08308A9182078
:10B38000FFF73CF9C7B22FB1022F12D100F05EF8DF
:10B390000120F0E708980D2803DD00F057F80120A0
:10B3A000E9E7089810B90D20089002E00898401EBF
:10B3B00008900899C8B2FBF783FA0546E91705EB30
:10B3C000917188103521FFF78DF808B10820D2E778
:10B3D00069462846FFF706F908B10920CBE74FF088
:10B3E0000008002604E01DF8060080EA0808761C24
:10B3F0000F2EF8DB9DF80F00404503D000F026F833
:10B400000A20B8E79DF80A4024029DF80900044488
:10B4100024029DF80800044409480178094800788E
:10B42000FFF760F808B10B20A5E721460648007831
:10B43000FFF772F908B10C209DE700209BE70000A0
:10B440007F0200207D0200207E0200202DE9F04FC7
:10B4500093B0002009900890079006900590039003
:10B460000290C8250024A9E0E0B2FFF713FE82464F
:10B470004FEAEA710AEB917188103521CDF804A0EA
:10B48000FFF730F818B1032013B0BDE8F08F0BA917
:10B490005046FFF7A7F808B10420F5E70020039015
:10B4A000049009E00BA90498085C039948400390B4
:10B4B0000498401CC0B2049004980F28F2DB9DF859
:10B4C0003B100398814204D0039810B10398FF28E1
:10B4D00000D172E09DF83200562101EB20100A9055
:10B4E0009DF8320000F00F069DF833709DF839800A
:10B4F0009DF83A909DF830B04FEA0B2B9DF82F0045
:10B5000083444FEA0B2B9DF82E0083440C2E07DC5E
:10B510001F2F05DCB8F1170F02DCB9F13B0F00DD7E
:10B520004BE0DDE90910884201DDE5B227E0DDE905
:10B530000910884223D10898864201DDE5B21EE059
:10B54000089886421BD10798874201DDE5B216E0D4
:10B550000798874213D10698804501DDE5B20EE0D9
:10B56000069880450BD10598814501DDE5B206E0DE
:10B570000598814503D10298584500D1E5B2AC4207
:10B580001AD10A98099008960797CDF81880CDF837
:10B5900014909DF8360002900298000202909DF8E7
:10B5A00035100298084402900298000202909DF81B
:10B5B000341002980844029000BF641C0E2CFFF661
:10B5C00053AFC82D00D10D25681CC5B20D2D00DD6F
:10B5D000002535210620FEF785FF08B1012053E73D
:10B5E00029461820FFF798F808B101204CE7002001
:10B5F0004AE700007FB5BE49087BFFF74BFD0446D4
:10B60000BC48007830B1012872D0022871D00328DC
:10B6100070D14BE10020B7490870E11704EB91713C
:10B6200088103521FEF75EFF10B1012004B070BD17
:10B63000AF4934312046FFF763F808B10220F5E73F
:10B640000120AC49087035210620FEF74BFF80B180
:10B650006846FFF72FF828B16846FFF72BF808B1C6
:10B660000320E3E735210620FEF73CFF08B1032065
:10B67000DCE79F48007B401CC4B20D2C00DD002499
:10B6800021461820FFF748F808B10420CEE7022031
:10B69000984908709848017898480078FEF722FF8A
:10B6A00090B16846FFF706F828B16846FFF702F840
:10B6B00008B10520BAE79048017890480078FEF775
:10B6C00011FF08B10520B1E78948C1698C480078AD
:10B6D000FFF722F808B10620A8E78A480078012879
:10B6E00019D139210420FEF7FDFE20B10A209DE783
:10B6F00027E095E0F9E084491220FFF701F808B14E
:10B70000062093E77C4801787C480078FEF7EAFE43
:10B7100008B105208AE703207649087003A9784814
:10B720000078FEF76BFF08B107207FE77048C0691B
:10B730000399884201D0082078E700206D490870FD
:10B74000D3E001206B49087035210620FEF7CAFEC0
:10B7500008B103206AE76648007B401CC4B20D2C88
:10B7600000DD002421461820FEF7D6FF08B1042092
:10B770005CE702205F4908705F4801785F48007805
:10B78000FEF7B0FE90B16846FEF794FF28B1684618
:10B79000FEF790FF08B1052048E757480178574861
:10B7A0000078FEF79FFE08B105203FE75048C169C9
:10B7B00053480078FEF7B0FF08B1062036E751483D
:10B7C0000078012816D139210420FEF78BFE08B13C
:10B7D0000A202BE74C491220FEF792FF08B1062001
:10B7E00024E74548017845480078FEF77BFE08B11C
:10B7F00005201BE703203F49087003A94048007853
:10B80000FEF7FCFE08B1072010E73948C06903992C
:10B81000884201D0082009E700203649087064E01A
:10B820000220344908703448017834480078FEF723
:10B8300059FE08B10520F9E62D48C1693048007865
:10B84000FEF76AFF08B10620F0E62E4800780128CE
:10B8500016D139210420FEF745FE08B10A20E5E69D
:10B8600029491220FEF74CFF08B10620DEE62248E7
:10B87000017822480078FEF735FE08B10520D5E6AC
:10B8800003201C49087003A91D480078FEF7B6FE86
:10B8900008B10720CAE61648C0690399884201D05A
:10B8A0000820C3E60020134908701EE00320114958
:10B8B00008701148017811480078FEF713FE08B1AE
:10B8C0000520B3E603A90E480078FEF797FE08B1FD
:10B8D0000720ABE60648C0690399884201D00820DA
:10B8E000A4E600200349087000BF00BF00209DE6C9
:10B8F000F01D0020880200207F0200207D02002031
:10B900007E02002081020020E01D00202DE9F0478A
:10B910000546EAE12868B0F844A00AF00F06002EB8
:10B920007ED10AF01000B0BB00BF2968098848F634
:10B930000F7201EA020040F400412A68118000BF42
:10B9400005F128042868B0F85010207801EBC000F9
:10B95000801C296801F5806131F81000C0F30900EE
:10B96000E061E16960690844606100212846FCF7F4
:10B970002EF895F824000028CBD0A0690028C8D163
:10B9800095F8240040F080002968A1F84C000020C0
:10B9900085F82400A9E1FFE705F5B4742868B0F83C
:10B9A000008008F4006030B32868B0F850102078A8
:10B9B00001EBC000801D296801F5806131F810009D
:10B9C000C0F30900E061A18B8BB2E28805F52C7110
:10B9D000286804F015F900BF2968098840F68F72BD
:10B9E00001EA020040F080012A68118000BF284669
:10B9F000FCF7A1FE79E108F40040002889D000BFDF
:10BA00002968098840F68F7201EA020040F080013F
:10BA10002A68118000BF2868B0F85010207800E034
:10BA20006FE001EBC000801D296801F5806131F8ED
:10BA30001000C0F30900E061E06990B1606980B175
:10BA4000B4F81CC01FFA8CF3E2886169286804F01E
:10BA5000D7F8E16960690844606100212846FBF776
:10BA6000C6FF2868008800F40060002892D100BF5B
:10BA70002A682968B1F850100A4402F20C410846BD
:10BA800000BF236953B9038848F2FF3C03EA0C0363
:10BA90000380038843F4004303801EE023693E2BA8
:10BAA0000DD800BF23695908237C03F0010303B1BB
:10BAB000491C4FF6FF7303EA812303800DE000BFAA
:10BAC00023695909237C03F01F0303B9491E4FF46E
:10BAD000004343EA8123038000BF00BF00BF00BFD3
:10BAE000296809884BF68F7201EA020080F48050C1
:10BAF00080F4005040F4004141F080012A68118038
:10BB0000F3E07100286830F8118008F40040002844
:10BB10007ED000BF7200296831F8121040F68F7293
:10BB200001EA020040F0800173002A6822F8131035
:10BB300000BF06EB860105F5B47000EBC104207B65
:10BB4000B0B92868B0F85010207801EBC000801D13
:10BB5000296801F5806131F81000C0F30907002F52
:10BB60005BD0E28861693B46286804F049F854E0FC
:10BB7000E078022806D1424621462846FBF7BAFF64
:10BB800007464AE000BF00BF22785200296831F81A
:10BB9000121048F68F7201EA020040F4004141F0B1
:10BBA000C00123785B002A6822F8131000BF00BF91
:10BBB00021784900286830F8110000F48040A8B1CD
:10BBC0002868B0F85010207801EBC000801C29686C
:10BBD00001F5806131F81000C0F30907EFB1228947
:10BBE00061693B46286804F00BF816E02868B0F855
:10BBF0005010207801EBC000801D296801F580619C
:10BC000031F81000C0F309073FB16289616900E0B3
:10BC100017E03B46286803F0F3FFE0693844E06131
:10BC2000606938446061A06910B12069B84204D9E4
:10BC300021782846FBF7DBFE03E02146286803F065
:10BC400004FA08F08000B0B306EB860105F1280085
:10BC500000EBC10400BF7200296831F8121048F6E9
:10BC60000F7201EA020040F4004173002A6822F8D2
:10BC7000131000BFE078032807D0E07828B1E078FF
:10BC800002282DD108F4807050BB2868B0F85010FD
:10BC9000207801EBC000801C296801F5806131F833
:10BCA0001000C0F30909A069484505D9A069A0EBB7
:10BCB0000900A06102E018E00020A061A06920B99D
:10BCC00021782846FBF783FE0FE0606948446061F5
:10BCD000E0694844E0612146286803F0B6F904E0D1
:10BCE000424621462846FBF7B1FF2868B0F84400D9
:10BCF00000F4004000287FF40DAEBDE8F08700009E
:10BD00002DE9F04F89B004460E4691461F46DDE905
:10BD1000135BDDF848A0D4208DF80400F0B28DF854
:10BD20000500FF2D04DD4FF0FF3009B0BDE8F08FB6
:10BD3000002D02DA4FF0FF30F7E7002006E01AF896
:10BD40000020811C01AB5A54411CC8B2A842F6DB4A
:10BD5000A81C82B201A9204600F07CFA20B120691B
:10BD600080474FF0FF30E0E75846E168884710B958
:10BD70004FF0FF30D9E7062101A862689047002103
:10BD80000AE01A48405C01AA525C904202D04FF08F
:10BD9000FF30CAE7481CC1B20629F2D35846E16811
:10BDA000884710B94FF0FF30BFE7B81C82B201A935
:10BDB000204600F080F980469DF80400D52804D183
:10BDC0009DF80510701C814202D04FF0FF30ACE7A7
:10BDD000002006E001AA811C515C09F80010411CFA
:10BDE000C8B2B842F6DBA8F102009EE73420010891
:10BDF0003EB505460C464FF4FA700021009104232D
:10BE00002246CDE9011002212846FFF779FF401CA8
:10BE100028B908A003F046FF4FF0FF303EBDE078A0
:10BE20000090A378627821780DA003F03BFF0020FA
:10BE3000F4E700007B2243223A7B2252656164656D
:10BE40007254797065223A504E3533322C22566541
:10BE50007273696F6E223A4572726F727D7D0A004D
:10BE60007B2243223A7B2252656164657254797069
:10BE700065223A504E3533322C2256657273696F03
:10BE80006E223A25642E25642E25642E25647D7D40
:10BE90000A000000054901600549416005498160CB
:10BEA0000549C1600549016170470000E9C100080A
:10BEB000C1BE000865BF000819BF000861BF0008C7
:10BEC000F8B506460C4600200090671C384605F081
:10BED000ADF805460121684604F020FB9DF80000FE
:10BEE000012805D0284604F0D3F94FF0FF30F8BD03
:10BEF000601C81B2284604F011FB002004E0411CC4
:10BF0000695C3154411CC8B2A042F8DB284604F0F9
:10BF1000BFF90020EBE7000038B504460020009090
:10BF2000FBF798F8054611E00120FAF7BBFD012167
:10BF3000684604F0F3FA4AF6AA200849096808603E
:10BF400000BF9DF80000012800D138BDFBF782F842
:10BF5000401BA042E8D30020F7E70000D0090020F2
:10BF60000020704770B504460D462946204604F06F
:10BF7000E7FA002070BD00B502461046FFF78AFFC1
:10BF800000BD00002DE9F04389B007460D46144678
:10BF90001E46DDE910891BA00068089001208DF87D
:10BFA0000C0008F0FF008DF80D00F0B28DF80E00C7
:10BFB000002006E019F80020C11C03AB5A54411CB4
:10BFC000C8B20628F6DB002006E02A5C00F1090171
:10BFD00003AB5A54411CC8B2A042F6DB4FF47A714D
:10BFE00004F1090003AA0123CDE90020029108AA67
:10BFF00040213846FFF784FE9DF8200009B0BDE8D7
:10C00000F0830000FF00000070B58AB006460C46C1
:10C01000154613A000680990E8B28DF826004FF489
:10C020007A70032109AA1123CDE90021029004AA04
:10C0300040213046FFF764FE9DF8100018B19DF8CE
:10C0400010000AB070BD002005E004AA411C515C3C
:10C050002154411CC8B21028F7DB9DF81000F0E70E
:10C060000130000070B58AB006460C461546012026
:10C070008DF81400A0208DF81500E8B28DF8160098
:10C08000002005E0225CC11C05AB5A54411CC8B21B
:10C090001028F7DB4FF47A70132105AA0123CDE9AC
:10C0A0000021029004AA40213046FFF729FE9DF8A6
:10C0B00010000AB070BD2DE9F0438BB08046894670
:10C0C00016460027F01D81B201A8D8F80420904739
:10C0D00000240AE0601CC4B206F10800844204DBBC
:10C0E0004FF0FF300BB0BDE8F08301A8005D0028E1
:10C0F000F0D001A8005DFF2802D04FF0FF30F1E73B
:10C10000601CC4B206F10800844202DB4FF0FF302D
:10C11000E8E701A8055D01A9601C085C2844C0B2DD
:10C1200010B14FF0FF30DDE7002007E0A11C014413
:10C1300001AA515C3944CFB2411CC8B2691C884283
:10C14000F4DBFFB217B14FF0FF30CBE7002007E080
:10C15000A11C014401AA515C09F80010411CC8B29D
:10C16000A842F5DB2846BDE72DE9F0418AB0074635
:10C170000C4615461E461BA0006809908DF82550F8
:10C18000022009A9132304AACDE9010600914A213E
:10C190003846FFF7B5FD8046B8F1000F04DA4FF0DE
:10C1A000FF300AB0BDE8F0819DF81000012802D0F0
:10C1B0004FF0FF30F5E79DF81500072802DD4FF03E
:10C1C000FF30EEE7002005E0811D04AA515C2154F8
:10C1D000411CC8B29DF815108142F5DC9DF8150090
:10C1E000DFE700000100000010B5012211460C48F5
:10C1F000FAF72AFF0120FAF755FC0022012108482E
:10C20000FAF722FF0120FAF74DFC012211460448FB
:10C21000FAF71AFF0120FAF745FC002010BD0000D4
:10C22000000C01401FB5044609A0006803904FF4BC
:10C230007A70032103AA0023CDE9002102901A4657
:10C2400014212046FFF75CFD002004B010BD000063
:10C2500001140100F0B58BB006460D4614461E2CA5
:10C2600001DC012C03DA4FF0FF300BB0F0BD0027EA
:10C2700000208DF804008DF80500FF208DF80600E1
:10C28000FF27E0B28DF80700E043401CC0B28DF8F4
:10C290000800002008E02A5C411D01AB5A54295CCB
:10C2A0003944CFB2411CC8B2A042F4DBF843C1B25A
:10C2B00001AA601D11540021A01D1154E01D81B27E
:10C2C00001A8B268904710B14FF0FF30CDE70020D1
:10C2D000CBE770472DE9F043A1B0814600200990DB
:10C2E000002780460022A149A148FCF765FF0022F3
:10C2F000A0499F48FCF702FF9E4B9A785978DB785B
:10C3000003F5FA6004F046F89B480068A0F5AF60BA
:10C310009949086095480078984908709348407892
:10C3200097490870914880789649087000200990D4
:10C33000954840680C901FAA0021084605F0DEF8D9
:10C340000446FF2C06D191A005F066FB002021B029
:10C35000BDE8F083092C06D9FE2C04D091A005F08D
:10C360005BFB0020F3E79548007850B994A005F0F6
:10C3700053FB0120FAF796FB974805F04DFB002090
:10C38000E5E7FE2C02D19548066802E0934850F894
:10C3900024600AA80BA908AA0EABCDE90432CDE9A6
:10C3A00006100DAB7848006877490969764A92F91A
:10C3B0001420CDE90203CDE9002133460CAA09A9D6
:10C3C0000220FEF70BFC0546012D01D0092D3CD1C2
:10C3D000002009900AA80BA908AA0EABCDE90432E7
:10C3E000CDE906100DAB6848006867490969664ADF
:10C3F00092F91420CDE90203CDE9002133460CAABD
:10C4000009A90220FEF7EAFB0546012D01D0092DFE
:10C410001BD1002009900AA80BA908AA0EABCDE9F0
:10C420000432CDE906100DAB574801680069564A41
:10C4300092F91420CDE90213CDE9002033460CAA6D
:10C4400009A90220FEF7CAFB05464AF6AA2064495C
:10C4500009680860DDE90D0101AA53C2614800685E
:10C460000090614803682A4660495B4803F02AFC53
:10C47000594805F0D1FA00205049087002208DF883
:10C480003C000998C0B28DF83D000998000A8DF86B
:10C490003E000998000C8DF83F008DF8405036485A
:10C4A0000078A0F5AF60C0B28DF841005048007828
:10C4B0008DF842004F4800788DF843002F480078EF
:10C4C0008DF844002E4800788DF845002D480078FE
:10C4D0008DF84600E0B28DF84700200A8DF848003C
:10C4E000F0B28DF84900300A8DF84A000DF14B0189
:10C4F0000E98FEF77CF90DF14F010D98FEF777F9D4
:10C50000214800788DF853001F480088000A8DF8F4
:10C5100054001D480068000C8DF855003248006832
:10C52000C0B28DF8560030480068000A8DF85700F8
:10C530002D480068000C8DF8580000208DF8590037
:10C5400000BF08E09DF859100FAA125C51408DF809
:10C550005910411CC8B21D28F4DB4A208DF85A003E
:10C5600047208DF85B0000BFF1E60000C800002006
:10C57000300A0020CB000020600000205C0000207A
:10C580005D0000205E000020C00200207B224322CC
:10C590003A7B22537461747573223A31327D7D0A7D
:10C5A000000000007B2243223A7B225374617475A1
:10C5B00073223A31307D7D0A000000001F00002008
:10C5C0007B2243223A7B22537461747573223A3181
:10C5D000317D7D0A00000000C40700209802002081
:10C5E000D00900207C00002080000020902001085D
:10C5F0005A0000205B00002010B504460120FFF720
:10C6000069FE002010BD000008B508490968C90886
:10C610004FF47A72B1FBF2F14143009100BF00BFC9
:10C6200000994A1E00920029F9D108BD540100204A
:10C63000014600BF080900EB8000420001F00F0036
:10C640001044C0B2704770B504460025FAF702FDE9
:10C65000054607E0FAF7FEFC401BB0F57A7F01D9EA
:10C66000032070BD2068406800F020000028F1D051
:10C670002068406840F01000216848600020F0E722
:10C6800070B5044600252068406820F0100021683D
:10C690004860FAF7DFFC054607E0FAF7DBFC401BD1
:10C6A000B0F57A7F01D9032070BD2068406800F0A2
:10C6B00020000028F1D00020F6E730B50146002226
:10C6C0000023002400200D68AD69AAB20D68ED6951
:10C6D000ACB20D68AD69ABB29A4205D00D68ED6998
:10C6E00063F31F45284601E044EA024030BDF0B53F
:10C6F00004460B460021002504F5FA61032B1BD2EA
:10C70000C3EBC30000EB03100926B0FBF6F01044A6
:10C71000001D4618481E06EB90066427B0FBF7F094
:10C72000361A481EBF00B0FBF7F030440726B0FBB6
:10C73000F6F706FB17051AE0C3EBC30000EB031086
:10C740000926B0FBF6F01044001D084400EB9100F0
:10C750006426B1FBF6F6801B4FF4C876B1FBF6F603
:10C760003044801E0726B0FBF6F706FB1705E8B23B
:10C77000F0BD70B504460D4600262046FFF763FF66
:10C7800008B101260AE0280C21688861A8B2216856
:10C79000C8612046FFF774FF00B10126304670BD26
:10C7A0002DE9F14F9CB000200790069005900026DF
:10C7B0000920049000200390352002900020019071
:10C7C000FEF70EF8F4A005F027F9FAF743FC1890ED
:10C7D000B2E0FAF73FFC1899401A42F22831884239
:10C7E00008D9FBA005F018F90120FE4908601DB02A
:10C7F000BDE8F08F4AF6AA20FB4909680860FB48AB
:10C80000006870B1FA480078432803D0F8480078EF
:10C81000632806D1F7A005F0FFF80020F34908606F
:10C82000E5E715A8FDF746FF20B115A8FDF742FF83
:10C8300000B181E010210020FDF754FE00B17BE043
:10C840000CA90120FDF7CEFE00B175E09DF83090F7
:10C850009DF8310009EB00201FFA80F99DF8328025
:10C860009DF8330008EB00289DF8340008EB0048E1
:10C870009DF8350008EB006809F40040B0F5004F62
:10C8800009D1C9F30E0946F6292089EA00094BF2BD
:10C89000A62088EA00084AF6AA20D3490968086059
:10C8A000E1480078D0B914210620FDF71BFE00B145
:10C8B00042E01AA91820FDF7A1FE00B13CE03721A3
:10C8C0000520FDF70FFE00B136E01BA91420FDF78F
:10C8D00095FE00B130E01A98C6B211E0D248007857
:10C8E00001280DD114210620FDF7FCFD00B123E045
:10C8F0001AA91820FDF782FE00B11DE01A98C6B2F1
:10C900004AF6AA20B84909680860002619A91BA898
:10C91000F9F7C4FD0746012F04D119A91BA8F9F79F
:10C92000BDFD07460FB15A2F01D11B98019017B1D9
:10C930005A2F00D000E000E04BE700BF4AF6AA20E3
:10C94000A94909680860B8480078012801D11A98F7
:10C95000C6B216B1701EC6B200E00D2614960020B5
:10C9600006908246FDE14AF6AA209F4909680860C0
:10C970000AF101001FFA80FABAF1320F00DBF1E18F
:10C9800015A8FDF797FE20B115A8FDF793FE00B19D
:10C99000E7E14AF6AA209449096808603046F9F7A9
:10C9A000B9FF0546E91705EB917188101421FDF7D1
:10C9B00099FD88B115A8FDF77DFE20B115A8FDF7FA
:10C9C00079FE00B1CDE1E91705EB917188101421D2
:10C9D000FDF788FD00B1C4E10CA92846FDF702FE71
:10C9E000F8B1E91705EB917188101421FDF77AFD74
:10C9F00088B115A8FDF75EFE20B115A8FDF75AFE17
:10CA000000B1AEE1E91705EB917188101421FDF733
:10CA100069FD00B1A5E10CA92846FDF7E3FD00B1D1
:10CA20009FE14FF0000A002405E00CA8005D08A972
:10CA30000855601C84B2102CF7DB002007900024FE
:10CA400006E008A8005D079948400790601C84B282
:10CA50000F2CF6DB9DF82F100798814208D0002498
:10CA600004E0002008A90855601C84B2102CF8DBF3
:10CA7000002406E008A8005DFF2800D003E0601C49
:10CA800084B20F2CF6DB00BF0F2C08DB002404E07F
:10CA9000002008A90855601C84B2102CF8DB069A07
:10CAA000521C62A1634803F00DF9624804F0B4FF20
:10CAB0000120F9F7F7FF9DF825205FA15D4803F0FD
:10CAC00001F95C4804F0A8FF0120F9F7EBFF4AF6F2
:10CAD000AA204549096808609DF824005849086063
:10CAE0000846006800020860084600689DF82310A8
:10CAF0000844534908600846006800020860084678
:10CB000000689DF8221008444D49086008464DA170
:10CB10000268484803F0D6F8464804F07DFF01203B
:10CB2000F9F7C0FF9DF826000921B1EB201F0ADDAF
:10CB30009DF826004FF4AF6101EB201244A13D485F
:10CB400003F0C0F80AE09DF82600562101EB201002
:10CB500000F214523EA1374803F0B4F8354804F00F
:10CB60005BFF0120F9F79EFF9DF8260000F00F0201
:10CB70003AA1304803F0A6F82E4804F04DFF0120FA
:10CB8000F9F790FF4AF6AA201749096808609DF84E
:10CB9000272035A127486BE07B22526563656976C3
:10CBA00065223A7B22537461747573223A32367D62
:10CBB0002C2243223A7B2254797065223A22526514
:10CBC0006164436172645461626C65227D7D0A0018
:10CBD0007B2243223A7B22537461747573223A316B
:10CBE0007D7D0A0070020020D0090020280000206E
:10CBF000300500207B2252656365697665223A7BA9
:10CC000022537461747573223A32367D2C2243228A
:10CC10003A7B2254797065223A2243616E73656CC7
:10CC2000227D7D0A0000000081020020526F773DC6
:10CC300025642A00C40700204F503D25642A0000C7
:10CC4000780200204574656261723D25752A0000F6
:10CC5000596561723D25642A000000004D6F6E74B5
:10CC6000683D25642A0000004461793D25642A005E
:10CC700003F028F8444804F0CFFE0120F9F712FF32
:10CC80009DF82A00414908600846006800020860D3
:10CC9000084600689DF8291008443C490860084689
:10CCA000006800020860084600689DF828100844E3
:10CCB00036490860084636A10268334803F002F896
:10CCC000314804F0A9FE0120F9F7ECFE9DF82C0094
:10CCD0002E4908600846006800020860084600689F
:10CCE0009DF82B1008442949086008462CA10268C9
:10CCF000254802F0E7FF244804F08EFE0120F9F7F2
:10CD0000D1FE9DF82D2028A11F4802F0DBFF1E4810
:10CD100004F082FE0120F9F7C5FE4AF6AA20254953
:10CD2000096808609DF82E2023A1174802F0CAFF69
:10CD3000154804F071FE0120F9F7B4FE0698401C76
:10CD4000C1B206911C98814200DB0BE016B1701E47
:10CD5000C6B200E00D264AF6AA2016490968086006
:10CD600000BF00E600BFBAF1320F07DA0A20F9F778
:10CD700099FE4AF6AA200F49096808600120114966
:10CD8000086000BF33E50000C407002078020020DF
:10CD900052656D4574656261723D25752A0000001B
:10CDA0004449443D25752A00486F75723D25642A23
:10CDB00000000000D00900204D696E3D25642C0A5A
:10CDC0000000000070020020704770B504460D4658
:10CDD00029462046FAF730F970BD70B504460D4675
:10CDE0001646324629462046FAF72EF970BD000055
:10CDF00070B500F06FF80546002411E0164800EB0E
:10CE00004410C07F15490978884208D145FA04F2D8
:10CE100002F00101104A02EB441000F021F8641CFA
:10CE2000012CEBDB0D48007848B9002405E00A49E5
:10CE300001EB441000F091F8641C012CF7DB07486B
:10CE40000078401C0549087008460078052801DB79
:10CE50000020087070BD0000801D00206B020020C3
:10CE600010B58278002A33D0827962B901B110BD41
:10CE7000002242718279521C82710023C2682032E2
:10CE80004489135524E08279092A14DAC2682032D1
:10CE90004389D25C01F001034479A3401A43D3B221
:10CEA000C2682032448913558279521C82714279BA
:10CEB000521C42710CE08279092A09D10022827148
:10CEC000827729B142891F2A02DA4289521C4281A3
:10CED00000BFCCE770B5002600242CE0184A02EB16
:10CEE0004412918B164A02EB44129069FFF76DFFD2
:10CEF0000546134800EB44108079B0B9104800EBA8
:10CF00004410807F88B985B90E480078801C0521BF
:10CF100090FBF1F201FB1200094901EB4411C877C3
:10CF20000120074901EB4411887705F00100A0407A
:10CF30003043C6B2641C012CD0DB304670BD00000B
:10CF4000801D00206B02002070B504460D46A18AAA
:10CF50002A462069FFF741FF70BD10B5044660788E
:10CF600000283FD0207958B9012020700020E070BF
:10CF700000212046FFF7E8FF2079401C207131E0B6
:10CF80002079092810DAE279E068805CE2781041C3
:10CF900000F001012046FFF7D7FF2079401C2071E7
:10CFA000E078401CE0701DE02079092807D10121BC
:10CFB0002046FFF7C9FF2079401C207112E020793C
:10CFC0000A280FD100202071E079401CE071207AFE
:10CFD000E179884203DD01202070607002E00020CA
:10CFE0002070607010BD000010B5FAF7FBFB05481B
:10CFF0000068401C0349086003480068401C02495F
:10D00000086010BD080000208800002000B593B023
:10D01000282109A8F8F7AFFC142104A8F8F7ABFC05
:10D02000002000900190029003900D2009904FF491
:10D0300080300A9000200B9001200C900D900F90F2
:10D0400002201090C10311914FF4E011129109A830
:10D05000FBF722FE08B1F8F795FF0F20049002209D
:10D060000590002006904FF4806007900020089003
:10D07000022104A8FBF7C4FC08B1F8F783FF1120D4
:10D0800000904FF480700190002003906846FBF7F9
:10D090001DFC08B1F8F776FFFBF778FD13B000BD73
:10D0A00001480249086070470058000808ED00E098
:10D0B00010B50348FCF76EFD0148FCF79EFC10BD5F
:10D0C0009C0A002010B50268184B984208D0B0F1B5
:10D0D000804F05D0164B984202D0164B984203D190
:10D0E00022F070024B681A43104B984208D0B0F1FE
:10D0F000804F05D00E4B984202D00E4B984203D180
:10D1000022F44072CB681A4322F080034C6943EA50
:10D11000040202608B68C3620B688362034B98420F
:10D1200001D10B6903630123436110BD002C014051
:10D13000000400400008004030B50C46816821F42E
:10D140007F4142EA032525432943816030BD0A46D9
:10D15000816821F0700142F0070319438160704734
:10D1600030B50B461446026A056A25F001050562D2
:10D17000816921F0F00141EA041122F00A021A4308
:10D180008161026230BD30B50B461446056A25F058
:10D19000100505628169026A21F4704141EA043197
:10D1A00022F0A00242EA03128161026230BD70B532
:10D1B00005466C6A0020E085E0842046FCF7F8FC18
:10D1C00070BD0168C96821F490710268D16001687E
:10D1D000496921F0010102685161016B012905D102
:10D1E0000168C96821F010010268D160202180F82F
:10D1F0003E1000210163704710B504462068C068E6
:10D2000020F040002168C860202084F83D002046BE
:10D21000FCF703FF002010BDF8B5044694F83E006B
:10D22000222869D1A068B0F5805F0CD1206950B97F
:10D230000025A66A20684068C0F308003080A06A14
:10D24000801CA06215E0A56A0026A068B0F5805F8A
:10D2500003D0A06828B9206918B9206840682870F0
:10D2600004E02068406800F07F002870A06A401C3D
:10D27000A062E08D401E80B2E085A8BB2068C06837
:10D2800020F020002168C8602068C06820F4807009
:10D290002168C8602068406920F001002168486169
:10D2A000202084F83E00206B01281ED1002020633E
:10D2B0002068C06820F010002168C86020680068FD
:10D2C00000F0100010280AD100BF00200090206854
:10D2D0000068009020684068009000BF00BFA18DEA
:10D2E0002046FCF764FC03E004E02046FCF794FED3
:10D2F0000020F8BD0020FCE70220FAE770B50446E4
:10D300002168096921F44051E268114322681161E2
:10D310002269A1681143626941EA02052168C9686E
:10D3200041F20C62914329432268D1602168496926
:10D3300021F44071A2691143226851612D4A21688C
:10D34000914202D1FBF73EFC01E0FBF72BFC00EB26
:10D35000C00101EB001162689200B1FBF2F100EB39
:10D36000C00202EB001263689B00B2FBF3F264237D
:10D37000B2FBF3F202EBC20303EB0212A1EB820158
:10D38000322202EB01116422B1FBF2F101F0F00153
:10D3900000EBC00202EB001263689B00B2FBF3F2E9
:10D3A0006423B2FBF3F201EB021200EBC00101EBCC
:10D3B000001163689B00B1FBF3F100EBC00303EBCA
:10D3C00000136668B600B3FBF6F36426B3FBF6F30E
:10D3D00003EBC30606EB0313A1EB8301322303EB3C
:10D3E00001116423B1FBF3F101F00F011144226834
:10D3F000916070BD00380140014691F83D00212840
:10D4000028D18868B0F5805F0BD1086948B90A6AED
:10D410001088C0F308000B685860086A801C086216
:10D4200005E00B6A581C086218780B685860C88CB5
:10D43000401E80B2C88458B90868C06820F08000D7
:10D440000B68D8600868C06840F040000B68D8607E
:10D45000002070470220FCE710B50348FCF7AAFB48
:10D4600001480068006810BDE40A002010B50E48AD
:10D47000FCF7A0FB0C480068006800F020002028A2
:10D4800011D10A480068C1B209480A4A1268815499
:10D490000021024607480068401C115405480068F6
:10D4A000401C0449086010BD280B002004440040C3
:10D4B000D8020020300000202DE9F04104460D463E
:10D4C000D4F8B862D4F8C072D4F8B80278B305EBD7
:10D4D000850104F1140000EB8100806808B305EBBE
:10D4E000850104F1140000EB810005EB85028168E1
:10D4F00007F1280000EBC2000069B1FBF0F200FB6D
:10D50000121070B9002105EB850204F1140000EB44
:10D510008200816000231A462946204600F0C4FE9E
:10D5200002E00020C6F814020020BDE8F081FFE709
:10D530000220FAE770B504460E46D4F8B8523146D8
:10D54000204600F056FDC5F80C02D4F8B80248B1E8
:10D55000D5F80402D4F8BC12CA6805F503719047E7
:10D56000002070BD0220FCE770B504460E46002581
:10D570008121204600F057FC0021E1620121204674
:10D5800000F051FC0021C4F86C118221204600F00B
:10D590004AFC00212164D4F8B80250B1D4F8BC127E
:10D5A00048688047D4F8B80201F027F90020C4F891
:10D5B000B802284670BD70B50546D5F8B842D5F812
:10D5C000BC0278B194F80002FF280BD094F8012235
:10D5D00094F80002D5F8BC128B6821469847FF20CA
:10D5E00084F80002002070BD01460A20088001482E
:10D5F000704700005C01002001464320088001487C
:10D6000070470000E40100200146432008800148E3
:10D6100070470000A0010020014643200880014817
:10D6200070470000280200202DE9F04104460F4613
:10D630000026207C88B94FF4007302228121204605
:10D6400000F03EFD0121E1624B020222204600F083
:10D6500037FD0121C4F86C110FE040230222812123
:10D66000204600F02DFD0121E162402302222046E8
:10D6700000F026FD0121C4F86C1108230322822149
:10D68000204600F01DFD012121644FF4077001F0D8
:10D69000B5F8C4F8B802D4F8B80208B901261CE0FD
:10D6A000D4F8B852D4F8BC12086880470020C5F8F6
:10D6B0001402C5F81802207C40B94FF40073012110
:10D6C0002046D5F8042200F013FD06E04023012196
:10D6D0002046D5F8042200F00BFD3046BDE8F0816D
:10D6E00070B50446D4F8B852D4F8B80298B1207C8A
:10D6F00040B94FF4007301212046D5F8042200F010
:10D70000F7FC06E0402301212046D5F8042200F072
:10D71000EFFC002070BD0220FCE70246022011B1A0
:10D72000C2F8BC12002070470246D2F8B832C3F8E3
:10D7300004120020704710B50346D3F8B842C4F86D
:10D740000812C4F81022002010BD2DE9FC41054646
:10D750000C46D5F8B8620020019000900027207890
:10D7600000F0600040B320285FD1E088E0B120786D
:10D7700000F0800060B1E2886078D5F8BC128B6858
:10D7800031469847E2883146284600F0E6F812E034
:10D79000607886F80002A07986F80102E2883146B6
:10D7A000284600F0B9F806E06078D5F8BC120022EF
:10D7B0008B68214698473EE0607820B10A2812D055
:10D7C0000B282AD11FE095F89C02032805D10222DC
:10D7D0006946284600F0C1F804E02146284600F0DA
:10D7E0008FF802271FE095F89C02032805D101223B
:10D7F00001A9284600F0B1F804E02146284600F0CF
:10D800007FF802270FE095F89C02032804D02146F8
:10D81000284600F075F8022705E02146284600F06A
:10D820006FF8022700BF00BF05E02146284600F040
:10D8300067F8022700BF00BF3846BDE8FC8170B51D
:10D840000546D5F8B842D5F8B802A8B1D4F8140204
:10D8500080B90120C4F81402D4F810122963B4F876
:10D86000100283B281212846D4F8082200F01CFD62
:10D87000002070BD0120FCE70220FAE770B50446E5
:10D880000D46D4F8B402294642682046904700204D
:10D8900070BD70B504460D4694F89C02012804D072
:10D8A000022803D003280CD101E000BF00BF688824
:10D8B000012805D10020C4F8A402204600F05EF83B
:10D8C00004E02946204600F01BF800BF00BF70BDF1
:10D8D00070B506460C4615462B46224600213046BA
:10D8E00000F006FC002070BD70B506460C461546DB
:10D8F0002B4622460021304600F0D6FC002070BDA9
:10D9000070B504460D468021204600F0A1FC0021A0
:10D91000204600F09DFC70BD70B504460E461546CD
:10D920000320C4F894024FF4AE700551001D055158
:10D930002B4632460021204600F0DAFB002070BD65
:10D9400010B504460520C4F8940200231A4619466F
:10D95000204600F0CDFB002010BD70B504460E46F9
:10D9600015460220C4F89402E56125622B46324632
:10D970000021204600F098FC002070BD10B5044640
:10D980000420C4F8940200231A461946204600F0E9
:10D990008BFC002010BD000070B505460C462DB96B
:10D9A0002246064906A000F0D3F904E022460349C6
:10D9B00003A000F0CDF9014870BD0000740E0020F6
:10D9C00043444320436F6E6669670000024612209D
:10D9D0000880014870470000EC00002070B5054643
:10D9E0000C462DB92246064906A000F0B1F904E024
:10D9F0002246034903A000F0ABF9014870BD0000C6
:10DA0000740E002043444320496E7465726661635E
:10DA100065000000024604200880014870470000AD
:10DA20000001002070B505460C462246024903A0BD
:10DA300000F08EF9004870BD740E00204A616861E4
:10DA40006E476F737461720070B505460C462DB950
:10DA50002246064906A000F07BF904E0224603496D
:10DA600003A000F075F9014870BD0000740E00209D
:10DA70004A6168616E476F73746172506F727400AF
:10DA800070B505460C461A202080F8F76DFF014856
:10DA900070BD00000401002070B504460D46E88802
:10DAA000012804D029462046FFF72AFF1EE094F8FB
:10DAB0009C02012804D0022803D0032810D109E0D9
:10DAC00000BF0020A060012204F108012046FFF7FA
:10DAD00044FF0AE00122211D2046FFF73EFF04E03B
:10DAE00029462046FFF70CFF00BF00BF70BDF8B508
:10DAF00004460E4600200090002700257088001282
:10DB0000082875D2DFE800F0C7040C20C7C7A5B508
:10DB1000207CD4F8B0120A68694690470746C1E0F5
:10DB2000207C40B9D4F8B402816A68468847074629
:10DB30000220787007E0D4F8B402C16A68468847CA
:10DB4000074602207870ADE0B078062878D2DFE88A
:10DB500000F00316293C5063D4F8B002406838B195
:10DB6000207CD4F8B0124A6869469047074605E021
:10DB700031462046FFF7C4FE681CC5B267E0D4F802
:10DB8000B002806838B1207CD4F8B0128A68694647
:10DB90009047074605E031462046FFF7B1FE681C76
:10DBA000C5B254E0D4F8B002C06838B1207CD4F8D3
:10DBB000B012CA6869469047074605E031462046DC
:10DBC000FFF79EFE681CC5B241E0D4F8B0020069C0
:10DBD00038B1207CD4F8B0120A69694690470746EC
:10DBE00005E031462046FFF78BFE681CC5B22EE0EB
:10DBF00051E0D4F8B002406938B1207CD4F8B012BA
:10DC00004A6969469047074605E031462046FFF7D6
:10DC100077FE681CC5B21AE0D4F8B002806940B142
:10DC2000207CD4F8B0128A6969469047074606E01E
:10DC300006E031462046FFF763FE681CC5B206E0E9
:10DC400031462046FFF75CFE681CC5B200BF00BF2E
:10DC500028E0207C30B9D4F8B402416B684688478C
:10DC6000074605E031462046FFF74AFE681CC5B26C
:10DC700018E0207C40B9D4F8B402016B68468847AC
:10DC800007460720787005E031462046FFF738FE4A
:10DC9000681CC5B206E031462046FFF731FE681C1D
:10DCA000C5B200BF00BF05B1F8BDBDF8000088B126
:10DCB000F08878B1F088BDF80010884202DDBDF828
:10DCC000000000E0F0880090BDF8002039462046B2
:10DCD000FFF743FEF08810B92046FFF74FFE00BF64
:10DCE000E2E70146002002E0421CD0B2491C0A785B
:10DCF000002AF9D1704770B504460D4694F89C028D
:10DD0000012804D0022803D003281AD101E000BF63
:10DD100000BFE888022804D029462046FFF7F0FD1E
:10DD200014E00120E060D4F8A40218B1E06840F0EB
:10DD30000200E060022204F10C012046FFF70DFE14
:10DD400004E029462046FFF7DBFD00BF00BF70BDA1
:10DD50002DE9F04104460D4617460026FCB1204649
:10DD6000FFF7BFFF022101EB400038803A783046D0
:10DD7000711CCEB22A5403223046711CCEB22A54F2
:10DD80000AE014F8012B3046711CCEB22A5400224E
:10DD90003046711CCEB22A5420780028F1D1BDE85B
:10DDA000F0810146002031B1012906D0022906D0B8
:10DDB000032908D105E0002007E0022005E001204A
:10DDC00003E0022001E0022000BF00BF704770B5F1
:10DDD00004460D4616460CB9022070BDD4F8B402B4
:10DDE00010B10020C4F8B4020DB1C4F8B052012043
:10DDF00084F89C022670204600F004F90020ECE72D
:10DE00002DE9F04104460D46002600272946D4F8A6
:10DE1000C002F9F731FE06463046FFF7C2FF07465B
:10DE20003846BDE8F0812DE9F04104460D46002654
:10DE300000272946D4F8C002F9F7E9FD0646304626
:10DE4000FFF7AFFF07463846BDE8F0812DE9F04106
:10DE500004460E461746002E64D104F11405D4F88A
:10DE60009402022848D1D5E90301884210D9D5E9A6
:10DE70000301401AE860A88982B239462046FFF7BC
:10DE800033FD00231A461946204600F031F93EE0E2
:10DE90002969A868B0FBF1F201FB1200B8B9296941
:10DEA000A868884213D3A868D4F8981288420ED282
:10DEB000002211462046FFF717FD0020C4F8980203
:10DEC00000231A461946204600F012F91FE0D4F844
:10DED000B402C06840B194F89C02032804D1D4F87D
:10DEE000B402C168204688478021204600F0B0F97E
:10DEF0002046FFF725FD0AE0D4F89402042802D05A
:10DF0000D4F8940218B98021204600F0A1F994F8C1
:10DF1000A002012818D1204600F0FAF9002084F868
:10DF2000A00211E0D4F8B402406950B194F89C0208
:10DF3000032806D1D4F8B4023146426920469047FE
:10DF400002E00220BDE8F0810020FBE72DE9F0416E
:10DF500004460E461746BEBB04F5AA75D4F89402D3
:10DF6000032825D1D5E90301884210D9D5E9030159
:10DF7000401AE860D5E90301884201D2E86800E070
:10DF8000286982B239462046FFF7A2FC2FE0D4F878
:10DF9000B402006940B194F89C02032804D1D4F87B
:10DFA000B4020169204688472046FFF7E7FC1EE0DF
:10DFB000D4F8940205281AD10020C4F89402002154
:10DFC000204600F045F912E0FFE7D4F8B40280697A
:10DFD00050B194F89C02032806D1D4F8B40231461B
:10DFE00082692046904702E00220BDE8F0810020CF
:10DFF000FBE770B504460D462946D4F8C002FAF78F
:10E00000B9F870BD10B504461D48C0F8E842C4F820
:10E01000C0021C481A4908600820486002211848BC
:10E02000816000218161C1610162FAF77AFA08B169
:10E03000F7F7A8FF04F53074182300221146206872
:10E04000F9F7A2FC5823002280212068F9F79CFCF4
:10E05000C023002281212068F9F796FC4FF48873D1
:10E06000002201212068F9F78FFC2068A4F53074A4
:10E070004FF4807300228221F9F786FC002010BD46
:10E0800044180020005C004010B50246D2F8C032AF
:10E0900001F08000802809D101F07F0000EB8004AE
:10E0A00003F1280000EBC400807810BD01F07F0070
:10E0B00000EB800403F5B47000EBC4008078F4E753
:10E0C0002DE9F04704460F4615461E464FF000085E
:10E0D000C1462B4632463946D4F8C002FAF755F805
:10E0E00080464046FFF75DFE81464846BDE8F08722
:10E0F0002DE9F04704460D4616461F464FF000082E
:10E10000C1463B4632462946D4F8C002FAF783F8A6
:10E1100080464046FFF745FE81464846BDE8F08709
:10E1200010B504464023002211462046FFF7C8FFE1
:10E1300001214FF4AC70015140214FF4B2700151F4
:10E140004023002280212046FFF7BAFF0121A16170
:10E1500040216162012084F89C020020C4F89402EE
:10E160006060C4F8A402D4F8B80228B12179D4F8C8
:10E17000B402426820469047002010BD014691F845
:10E180009C02042803D191F89D0281F89C02002092
:10E19000704710B5044694F89C02032808D1D4F8BF
:10E1A000B402C06920B1D4F8B402C16920468847DE
:10E1B000002010BD02461174002070472DE9F04187
:10E1C00004460D46002600272946D4F8C002FAF777
:10E1D00097FA06463046FFF7E4FD07463846BDE8A5
:10E1E000F08170B504460D46294604F52A7000F00A
:10E1F00073F80120C4F8940240F2AE20005BC4F82A
:10E20000980294F8A80200F01F0020B1012808D05D
:10E21000022812D10BE004F52A71204600F041F9E2
:10E2200013E004F52A71204600F0A8FA0DE004F589
:10E230002A71204600F086F907E094F8A80200F061
:10E240008001204600F004F800BF00BF002070BD30
:10E250002DE9F04104460D46002600272946D4F852
:10E26000C002F9F7FEFF06463046FFF79AFD074663
:10E270003846BDE8F08170B5044600250026D4F884
:10E28000C002FAF761FA05462846FFF78AFD0646FE
:10E29000304670BD014691F89C0281F89D02042031
:10E2A00081F89C02002070472DE9F04704460D4696
:10E2B00016461F464FF00008C1463B4632462946E7
:10E2C000D4F8C002FAF711F880464046FFF769FD1E
:10E2D00081464846BDE8F0870A7802704A78427065
:10E2E0008B78CA7803EB022242800B794A7903EBE0
:10E2F000022282808B79CA7903EB0222C2807047A6
:10E300000246002011B1C2F8B41200E002207047AA
:10E3100001460020704770B504460D46A88810BB22
:10E32000E88800BB688880281DD2A87800F07F06A6
:10E3300094F89C02032804D129462046FFF7E0FA0E
:10E3400015E084F89E6231462046FFF737FF2046ED
:10E35000FFF714FB1EB1022084F89C0207E00120A5
:10E3600084F89C0203E029462046FFF7C9FA70BDF5
:10E3700070B504460D460226D4F8B40238B1D4F87C
:10E38000B402294602682046904700B9002630466C
:10E3900070BD000070B504460D46A8783649087077
:10E3A00008460078012804DD29462046FFF7A8FA30
:10E3B00060E094F89C02022802D003284FD11CE0B0
:10E3C0002D480078A8B12C4800786060032084F8BC
:10E3D0009C02294801782046FFF7CAFF022804D191
:10E3E00029462046FFF78CFA70BD2046FFF7C6FA93
:10E3F00002E02046FFF7C2FA3BE01F48007870B900
:10E40000022084F89C021C48007860601A48017859
:10E410002046FFF733FA2046FFF7B0FA1EE0164910
:10E4200009786068884216D021792046FFF726FADD
:10E43000114800786060104801782046FFF798FF87
:10E44000022804D129462046FFF75AFACCE7204695
:10E45000FFF794FA02E02046FFF790FA09E0294618
:10E460002046FFF74DFA044801782046FFF706FAE8
:10E4700000BF00BF00BFB7E75801002070B50546D8
:10E480000C466088012804D1C5F8A4022846FFF78D
:10E4900075FA70BD10B504462046FFF7ECFE00206B
:10E4A00010BD70B505460C460026207800F06000CF
:10E4B00060B1202802D040283CD100E000BFD5F850
:10E4C000B402214682682846904738E060780A28DE
:10E4D00029D2DFE800F01923281E280A0528140F86
:10E4E00021462846FFF703FB22E021462846FFF796
:10E4F00012FF1DE021462846FFF74CFF18E0214699
:10E500002846FFF7C9FA13E021462846FFF7F3FB38
:10E510000EE021462846FFF7B1FF09E021462846D4
:10E52000FFF7B7F904E021462846FFF7E9F900BFF5
:10E5300000BF04E021462846FFF7E2F900BF00BF14
:10E54000304670BD2DE9F04105460E464FF00008FB
:10E550003479307800F0600060B1202802D0402883
:10E5600071D100E000BFD5F8B40231468268284678
:10E57000904700E1307800F06000202809D1D5F8FC
:10E58000B402314682682846904780464046BDE83E
:10E59000F081707800285ED001282FD0032876D132
:10E5A00095F89C02022802D0032820D110E054B133
:10E5B000802C08D021462846FFF74AFE80212846B5
:10E5C000FFF746FE03E031462846FFF799F913E0CE
:10E5D000708840B93CB1802C05D0F08818B921462C
:10E5E0002846FFF735FE2846FFF7C8F904E0314614
:10E5F0002846FFF785F900BF00BFB5E095F89C02FB
:10E60000022802D003281FD110E054B1802C08D07A
:10E6100021462846FFF71CFE80212846FFF718FEFA
:10E6200003E031462846FFF76BF912E0708848B9DD
:10E6300004F07F0018B121462846FFF7E1FB284689
:10E64000FFF79CF905E091E031462846FFF758F9BD
:10E6500000BF00BF88E095F89C02022802D0032882
:10E6600076D126E034B1802C04D031462846FFF71D
:10E6700047F972E004F08000802809D104F07F009F
:10E6800000EB800105F1140000EB810008E066E07A
:10E6900004F07F0000EB800105F5AA7000EB81001B
:10E6A000074600203860022239462846FFF755F910
:10E6B00053E004F0800080280ED104F00F0000EB3E
:10E6C000800105F1140000EB8100406898B93146E3
:10E6D0002846FFF715F940E004F00F0000EB800139
:10E6E00005F5AA7000EB8100406820B93146284644
:10E6F000FFF706F931E004F08000802808D104F02B
:10E700007F0000EB800105F1140000EB810007E0C1
:10E7100004F07F0000EB800105F5AA7000EB81009A
:10E7200007460CB1802C02D10020386009E0214658
:10E730002846FFF7A9FC10B10120386001E0002055
:10E740003860022239462846FFF707F905E0FFE75F
:10E7500031462846FFF7D4F800BF00BF04E0314639
:10E760002846FFF7CDF800BF00BF04E03146284639
:10E77000FFF7C6F800BF00BF404608E770B5054682
:10E780000C460026207800F0600030B1202802D02E
:10E7900040282AD100E000BF00BF95F89C02012864
:10E7A00004D0022803D0032818D101E000BF00BF25
:10E7B000207901280DDCD5F8B4022146826828466C
:10E7C00090470646E08840B93EB92846FFF7D6F89C
:10E7D00003E021462846FFF793F804E02146284647
:10E7E000FFF78EF800BF00BF04E021462846FFF780
:10E7F00087F800BF00BF002070BD70470146014888
:10E8000070470000301B0020F0B502460026087853
:10E81000400032F8100048F68F1400EA0403C8786C
:10E8200030B101280CD0022805D003280BD104E018
:10E8300043F4007309E000BF07E043F4C06304E061
:10E8400043F4806301E0012600BF00BF43F40040B1
:10E8500040F080000C78640022F8140000BF0C78AF
:10E86000640032F8144048F68F752C400D7844EA65
:10E87000050040F4004444F080040D786D0022F857
:10E88000154000BF087B00287ED14878002852D070
:10E8900000BF1046B2F8505028440D7800F580674C
:10E8A00007EB0514CD886D106D00258000BF00BFFB
:10E8B0000C78640032F8140000F040048CB100BF02
:10E8C0000D786D0032F8155048F68F7705EA070489
:10E8D00044F4004545F0C0050F787F0022F817503A
:10E8E00000BF00BFC878012813D000BF0C786400B7
:10E8F00032F8144048F6BF7504EA050080F02000A5
:10E9000040F4004444F080040D786D0022F8154076
:10E910009EE100BF0C78640032F8144048F6BF75E1
:10E9200004EA050040F4004444F080040D786D00D2
:10E9300022F815408CE100BF1046B2F85050284430
:10E940000D78042707EBC50500F5806707EB450444
:10E95000CD886D106D00258000BF00BF1546B2F850
:10E96000504025440C78062707EBC40405F5806762
:10E9700007EB4404204600BF0F6967B9078848F2D7
:10E98000FF3C07EA0C0700E057E00780078847F4E0
:10E99000004707801EE00F693E2F0DD800BF0F69AA
:10E9A0007C080F7C07F0010707B1641C4FF6FF7766
:10E9B00007EA842707800DE000BF0F697C090F7C00
:10E9C00007F01F0707B9641E4FF4004747EA842782
:10E9D000078000BF00BF00BF00BF0C78640032F8A2
:10E9E000140000F480448CB100BF0D786D0032F843
:10E9F000155048F68F7705EA070444F4004545F4BE
:10EA000081450F787F0022F8175000BF00BF00BF7C
:10EA10000C78640032F814404BF68F7504EA050058
:10EA200080F4805080F4005040F4004444F08004AE
:10EA30000D786D0022F815400AE100BF0C786400E3
:10EA400032F8144048F68F7504EA050040F400449B
:10EA500044F4C0740D786D0022F8154000BF00BF6B
:10EA600000BF00BF1046B2F8505028440D7800F5A2
:10EA7000806707EB05140D896D106D00258000BFC0
:10EA800000BF00BF00BF1046B2F8505028440D78B8
:10EA9000042707EBC50500F5806707EB45044D89A2
:10EAA0006D106D00258000BF00BF00BF48780028B2
:10EAB0005DD100BF0C78640032F8140000F480448B
:10EAC0008CB100BF0D786D0032F8155048F68F7785
:10EAD00005EA070444F4004545F481450F787F00BA
:10EAE00022F8175000BF00BF00BF0C78640032F856
:10EAF000140000F040048CB100BF0D786D0032F8B6
:10EB0000155048F68F7705EA070444F4004545F0B0
:10EB1000C0050F787F0022F8175000BF00BF00BF6C
:10EB20000C78640032F814404BF68F7504EA050047
:10EB300080F4805080F4005040F4004444F080049D
:10EB40000D786D0022F8154000BF00BF0C786400FE
:10EB500032F8144048F6BF7504EA050040F400445A
:10EB600044F080040D786D0022F8154070E000BF7D
:10EB70000C78640032F8140000F480448CB100BFBB
:10EB80000D786D0032F8155048F68F7705EA0704C6
:10EB900044F4004545F481450F787F0022F8175072
:10EBA00000BF00BF00BF0C78640032F8140000F012
:10EBB00040048CB100BF0D786D0032F8155048F656
:10EBC0008F7705EA070444F4004545F0C0050F7847
:10EBD0007F0022F8175000BF00BFC878012813D06B
:10EBE00000BF0C78640032F8144048F6BF7504EAA0
:10EBF000050080F0200040F4004444F080040D78CB
:10EC00006D0022F8154011E000BF0C78640032F866
:10EC1000144048F6BF7504EA050040F4004444F08F
:10EC200080040D786D0022F8154000BF00BF0C78FD
:10EC3000640032F814404BF68F7504EA050040F486
:10EC4000004444F080040D786D0022F8154000BFA8
:10EC50003046F0BD10B50446002010BD30B5024668
:10EC6000087B00285BD1487860B300BF0B785B005D
:10EC700032F8130000F040038BB100BF0C78640041
:10EC800032F8144048F68F7504EA050343F4004453
:10EC900044F0C0040D786D0022F8154000BF00BF9D
:10ECA00000BF0B785B0032F8133048F6BF7403EAFC
:10ECB000040040F4004343F080030C78640022F821
:10ECC000143007E100BF0B785B0032F8130000F44A
:10ECD00080438BB100BF0C78640032F8144048F6D2
:10ECE0008F7504EA050343F4004444F481440D782D
:10ECF0006D0022F8154000BF00BF00BF0B785B001D
:10ED000032F813304BF68F7403EA040040F40043EA
:10ED100043F080030C78640022F81430DAE048787D
:10ED200000286BD100BF0B785B0032F8130000F4B1
:10ED300080438BB100BF0C78640032F8144048F671
:10ED40008F7504EA050343F4004444F481440D78CC
:10ED50006D0022F8154000BF00BF00BF0B785B00BC
:10ED600032F8130000F040038BB100BF0C78640050
:10ED700032F8144048F68F7504EA050343F4004462
:10ED800044F0C0040D786D0022F8154000BF00BFAC
:10ED900000BF0B785B0032F8133048F68F7403EA3B
:10EDA000040040F4004343F0C0030C78640022F8F0
:10EDB000143000BF00BF0B785B0032F813304BF605
:10EDC0008F7403EA040040F4004343F080030C789E
:10EDD000640022F8143000BF00BF0B785B0032F8EB
:10EDE000133048F6BF7403EA040040F4004343F0D4
:10EDF00080030C78640022F814306BE000BF0B78BD
:10EE00005B0032F8130000F480438BB100BF0C7834
:10EE1000640032F8144048F68F7504EA050343F4A1
:10EE2000004444F481440D786D0022F8154000BF81
:10EE300000BF00BF0B785B0032F8130000F0400306
:10EE40008BB100BF0C78640032F8144048F68F751F
:10EE500004EA050343F4004444F0C0040D786D0057
:10EE600022F8154000BF00BF00BF0B785B0032F8EE
:10EE7000133048F68F7403EA040040F4004343F46F
:10EE800081430C78640022F8143000BF00BF0B7877
:10EE90005B0032F8133048F6BF7403EA040040F414
:10EEA000004343F080030C78640022F8143000BF64
:10EEB00000BF0B785B0032F813304BF68F7403EA17
:10EEC000040040F4004343F080030C78640022F80F
:10EED000143000BF002030BD0146002070470146BD
:10EEE0000020704710B50446012024F8400F002090
:10EEF0002080A0802082403C10BD01464FF43F425C
:10EF0000B1F840009043A1F840000020704702464D
:10EF10000020704730B50246087B002865D148784C
:10EF200088B300BF0B785B0032F8130000F0400399
:10EF30008BB100BF0C78640032F8144048F68F752E
:10EF400004EA050343F4004444F0C0040D786D0066
:10EF500022F8154000BF00BFC878012845D000BF87
:10EF60000B785B0032F8133048F6BF7403EA0400F4
:10EF700080F0200040F4004343F080030C786400EC
:10EF800022F8143031E0FFE700BF0B785B0032F865
:10EF9000130000F480438BB100BF0C78640032F89A
:10EFA000144048F68F7504EA050343F4004444F422
:10EFB00081440D786D0022F8154000BF00BF00BFEE
:10EFC0000B785B0032F813304BF68F7403EA0400C1
:10EFD00080F4805080F4005040F4004343F08003FC
:10EFE0000C78640022F8143000BF002030BD10B54A
:10EFF0000246487898B100BF0B785B0032F81330B6
:10F0000048F6BF7403EA040080F0100040F40043A7
:10F0100043F080030C78640022F8143013E000BF42
:10F020000B785B0032F813304BF68F7403EA040060
:10F0300080F4805040F4004343F080030C78640077
:10F0400022F8143000BF002010BD2DE9F04706461D
:10F050000C466078012876D12169A069884201D9DF
:10F06000256900E0A569207BA0B9ABB2E2883046F3
:10F07000616900F0F4FD00BF3046B6F8502010443E
:10F080002278022303EBC20200F5806303EB420106
:10F090000D8081E3E07802287DD12169206A8842D1
:10F0A0007AD900BF2178490036F8111048F68F72DE
:10F0B00001EA020040F4004141F4C071227852009C
:10F0C00026F8121000BF206A401B20622078400002
:10F0D00036F8100000F0400000287DD000BF334615
:10F0E000607888BB00BF3246B6F850100A442178D9
:10F0F0004FF0060909EBC10102F5806909EB4101F6
:10F10000084600BF75B9B0F8009048F2FF3A09EA26
:10F110000A09A0F80090B0F8009049F40049A0F85E
:10F12000009021E03E2D10D800BF690805F00109CC
:10F13000B9F1000F00D0491C4FF6FF7909EA812987
:10F14000A0F8009010E03DE310E000BF690905F071
:10F150001F09B9F1000F00D1491E4FF4004949EAD7
:10F160008129A0F8009000BF00BF0FE0607801285F
:10F170000CD1B6F8500003442078062101EBC00002
:10F1800003F5806101EB400CACF8005000BF6789CB
:10F19000ABB23A4601E057E12CE13046616900F03C
:10F1A0005EFD6069284460612169206A884203D954
:10F1B000206A401B206202E0256A0020206200BF16
:10F1C0006078C0BB00BF3246B6F850100A442178C0
:10F1D000022303EBC10100E049E002F5806303EB89
:10F1E0004101084600BF55B9038848F2FF3C03EAD5
:10F1F0000C030380038843F40043038019E03E2D91
:10F200000BD800BF690805F0010303B1491C4FF694
:10F21000FF7303EA812303800BE000BF690905F057
:10F220001F0303B9491E4FF4004343EA81230380BF
:10F2300000BF00BF12E0FFE7607801280ED100BFD9
:10F240003046B6F8502010442278022303EBC20265
:10F2500000F5806303EB42010D8000BF00BF2789EA
:10F26000ABB23A463046616900F0F9FC94E200BF67
:10F270006078B0BB00BF3246B6F850100A4421781F
:10F28000022303EBC10102F5806303EB4101084651
:10F2900000BF55B9038848F2FF3C03EA0C03038022
:10F2A000038843F40043038019E03E2D0BD800BFD0
:10F2B000690805F0010303B1491C4FF6FF7303EA27
:10F2C000812303800BE000BF690905F01F0303B928
:10F2D000491E4FF4004343EA8123038000BF00BF6F
:10F2E00012E0FFE7607801280ED100BF3046B6F883
:10F2F000502010442278022303EBC20200F5806301
:10F3000003EB42010D8000BF00BF2789ABB23A4634
:10F310003046616900F0A3FC60692844606121699E
:10F32000206A884203D9206A401B206202E0256AD5
:10F330000020206200BF3346607880BB00BF3246A9
:10F34000B6F850100A4421784FF0060909EBC101C4
:10F3500002F5806909EB4101084600BF75B9B0F8B4
:10F36000009048F2FF3A09EA0A09A0F80090B0F8C4
:10F37000009049F40049A0F8009020E03E2D0FD8FD
:10F3800000BF690805F00109B9F1000F00D0491C60
:10F390004FF6FF7909EA8129A0F800900FE010E00C
:10F3A00000BF690905F01F09B9F1000F00D1491E1E
:10F3B0004FF4004949EA8129A0F8009000BF00BF3E
:10F3C0000FE0607801280CD1B6F850000344207893
:10F3D000062101EBC00003F5806101EB400CACF8A5
:10F3E000005000BF6789ABB23A463046616900F011
:10F3F00036FCD1E1256A00BF2178490036F81110AA
:10F4000048F68F6201EA020040F4004141F08001B9
:10F410002278520026F8121000BF00BF3046B6F81E
:10F42000502010442278022303EBC20200F58063CF
:10F4300003EB42010D8000BF2789ABB23A4630464C
:10F44000616900F00CFCA7E100BF2178490036F8A3
:10F45000111048F68F7201EA020040F4004141F4B5
:10F46000C0712278520026F8121000BF206A401B9B
:10F4700020622078400036F8100000F0400000289C
:10F480007DD000BF3346607880BB00BF3246B6F8FF
:10F4900050100A4421784FF0060909EBC10102F52A
:10F4A000806909EB4101084600BF75B9B0F80090CA
:10F4B00048F2FF3A09EA0A09A0F80090B0F8009073
:10F4C00049F40049A0F8009020E03E2D0FD800BF7D
:10F4D000690805F00109B9F1000F00D0491C4FF689
:10F4E000FF7909EA8129A0F800900FE010E000BF41
:10F4F000690905F01F09B9F1000F00D1491E4FF449
:10F50000004949EA8129A0F8009000BF00BF0FE040
:10F51000607801280CD1B6F8500003442078062109
:10F5200001EBC00003F5806101EB400CACF800502A
:10F5300000BF6789ABB23A463046616900F08FFB85
:10F540006069284460612169206A884203D9206A81
:10F55000401B206202E0256A00202062002D56D068
:10F5600000BF6078C0BB00BF3246B6F850100A44F6
:10F570002178022303EBC10102F5806300E047E03C
:10F5800003EB4101084600BF55B9038848F2FF3C30
:10F5900003EA0C030380038843F40043038019E06B
:10F5A0003E2D0BD800BF690805F0010303B1491CCB
:10F5B0004FF6FF7303EA812303800BE000BF690964
:10F5C00005F01F0303B9491E4FF4004343EA8123AA
:10F5D000038000BF00BF12E0FFE7607801280ED172
:10F5E00000BF3046B6F8502010442278022303EBC7
:10F5F000C20200F5806303EB42010D8000BF00BF33
:10F600002789ABB23A463046616900F028FBC3E077
:10F6100000BF6078B0BB00BF3246B6F850100A4455
:10F620002178022303EBC10102F5806303EB410162
:10F63000084600BF55B9038848F2FF3C03EA0C03B3
:10F640000380038843F40043038019E03E2D0BD868
:10F6500000BF690805F0010303B1491C4FF6FF73B1
:10F6600003EA812303800BE000BF690905F01F0353
:10F6700003B9491E4FF4004343EA8123038000BFCE
:10F6800000BF12E0FFE7607801280ED100BF3046CE
:10F69000B6F8502010442278022303EBC20200F592
:10F6A000806303EB42010D8000BF00BF2789ABB22E
:10F6B0003A463046616900F0D2FA606928446061D8
:10F6C0002169206A884203D9206A401B206202E037
:10F6D000256A00202062A5B300BF3346607888BB4E
:10F6E00000BF3246B6F850100A4421784FF00609A0
:10F6F00009EBC10102F5806909EB4101084600BF31
:10F7000075B9B0F8009048F2FF3A09EA0A09A0F882
:10F710000090B0F8009049F40049A0F8009021E072
:10F720003E2D10D800BF690805F00109B9F1000F9E
:10F7300000D0491C4FF6FF7909EA8129A0F8009012
:10F7400010E029E010E000BF690905F01F09B9F1D8
:10F75000000F00D1491E4FF4004949EA8129A0F861
:10F76000009000BF00BF0FE0607801280CD1B6F810
:10F77000500003442078062101EBC00003F58061AE
:10F7800001EB400CACF8005000BF6789ABB23A46C1
:10F790003046616900F063FA00BF2178490036F80D
:10F7A000111048F6BF7201EA020080F0100080F0EC
:10F7B000200040F4004141F080012278520026F8F8
:10F7C000121005E2207BA0BB2169A069884204D900
:10F7D0002569A069401BA06102E0A5690020A06125
:10F7E00000BF3246B6F850100A442178062303EBD6
:10F7F000C10102F5806303EB4101084600BF55B922
:10F80000038848F2FF3C03EA0C030380038843F4B7
:10F81000004303801AE03E2D0CD800BF690805F0B4
:10F82000010303B1491C4FF6FF7303EA81230380F0
:10F830000CE00DE000BF690905F01F0303B9491E84
:10F840004FF4004343EA8123038000BF00BFA9E1D6
:10F85000E07802287DD100BF00BF6078E0BB00BF28
:10F860003246B6F850100A442178022303EBC10156
:10F8700002F5806303EB4101084600BF236953B9D9
:10F88000038848F2FF3C03EA0C030380038843F437
:10F89000004303801EE023693E2B0DD800BF23697F
:10F8A0005908237C03F0010303B1491C4FF6FF7391
:10F8B00003EA812303800DE000BF23695909237CFB
:10F8C00003F01F0303B9491E4FF4004343EA8123A9
:10F8D000038000BF00BF13E0FFE7607801280FD16D
:10F8E00000BF3046B6F8502010442278022303EBC4
:10F8F000C20200F5806303EB4201228A0A8000BF46
:10F9000000BF00BF33466078E8BB00BF3246B6F8A0
:10F9100050100A4421784FF0060909EBC10102F5A5
:10F92000806909EB4101084600BFD4F81090B9F195
:10F93000000F0FD1B0F8009048F2FF3A09EA0A0927
:10F94000A0F80090B0F8009049F40049A0F80090A9
:10F950002EE06BE0D4F81090B9F13E0F14D800BF40
:10F96000D4F810904FEA590194F8109009F0010969
:10F97000B9F1000F00D0491C4FF6FF7909EA81293F
:10F98000A0F8009014E015E000BFD4F810904FEA02
:10F99000591194F8109009F01F09B9F1000F00D126
:10F9A000491E4FF4004949EA8129A0F8009000BFA0
:10F9B00000BF10E0607801280DD1B6F85000034474
:10F9C0002078062101EBC00003F5806101EB400CBB
:10F9D000208AACF8000000BF00BFE069002824D0F6
:10F9E0002078400036F8108008F4804010B108F00C
:10F9F000400038B908F48040002816D108F04000D3
:10FA0000002812D100BF00BF2178490036F811103C
:10FA100048F68F7201EA020040F4004141F0C00153
:10FA20002278520026F8121000BFBBE0E0780128CF
:10FA30007CD12169A069884204D92569A069401B4D
:10FA4000A06102E0A5690020A06100BF00BF60784E
:10FA5000B0BB00BF3246B6F850100A4421780223EA
:10FA600003EBC10102F5806303EB4101084600BFCF
:10FA700055B9038848F2FF3C03EA0C03038003886E
:10FA800043F40043038019E03E2D0BD800BF690802
:10FA900005F0010303B1491C4FF6FF7303EA81230C
:10FAA00003800BE000BF690905F01F0303B9491E7D
:10FAB0004FF4004343EA8123038000BF00BF12E0FC
:10FAC000FFE7607801280ED100BF3046B6F850201D
:10FAD00010442278022303EBC20200F5806303EB9B
:10FAE00042010D8000BF00BF00BF3346607890BB6D
:10FAF00000BF3246B6F850100A4421784FF006098C
:10FB000009EBC10102F5806909EB4101084600BF1C
:10FB100085B9B0F8009048F2FF3A09EA0A09A0F85E
:10FB20000090B0F8009049F4004900E037E0A0F8F8
:10FB3000009020E03E2D0FD800BF690805F00109B4
:10FB4000B9F1000F00D0491C4FF6FF7909EA81296D
:10FB5000A0F800900FE010E000BF690905F01F0950
:10FB6000B9F1000F00D1491E4FF4004949EA81293B
:10FB7000A0F8009000BF00BF0FE0607801280CD112
:10FB8000B6F8500003442078062101EBC00003F5CD
:10FB9000806101EB400CACF8005000BF02E0012096
:10FBA000BDE8F08700BF2178490036F811104BF608
:10FBB0008F7201EA020080F4805080F4005040F41B
:10FBC000004141F080012278520026F8121000BF57
:10FBD0000020E5E701460020A1F844004FF43F4231
:10FBE000A1F840207047000010B50248F8F7A8FBC4
:10FBF00010BD0000441800200146B1F844007047D1
:10FC00002DE9F04304460E4615464FEA530CA04634
:10FC1000304608F5806909EB450267460AE011881D
:10FC2000921C0170401C4FEA112980F80090401C82
:10FC3000921C7F1E002FF2D103F00109B9F1000FD1
:10FC400001D011880170BDE8F083024600207047A2
:10FC5000024611B98020A2F84C00002070472DE91F
:10FC6000F04704460D461E4606F1010A4FEA5A08BF
:10FC7000A146284609F5806A0AEB420347460BE095
:10FC800090F800C0401C90F800A04CEA0A211980AE
:10FC90009B1C9B1C401C7F1E002FF1D1BDE8F087F0
:10FCA00000BFFEE70FB4054B10B503A9044A029844
:10FCB00000F048F810BC5DF814FB00007902010860
:10FCC0008C0200200FB4084B10B504A902AA0398B7
:10FCD00000F038F8044602A9002000F049F9204657
:10FCE00010BC5DF814FB000071FF000802480068BA
:10FCF000C0F30220704700000CED00E010B50028B2
:10FD000004DB0A07130E054A135406E00A07140E13
:10FD1000034A00F00F031B1FD45410BD00E400E0A1
:10FD200018ED00E002E008C8121F08C1002AFAD14D
:10FD300070477047002001E001C1121F002AFBD16B
:10FD4000704700002DE9FF4F8BB09A460F460446DE
:10FD5000002606E025280BD052460D999047641CDA
:10FD6000761C20780028F5D10FB03046BDE8F08F22
:10FD70000025A94601227D4900E0054314F8013F12
:10FD8000203B02FA03F00842F7D120782E2817D141
:10FD900014F8010F45F004052A280ED06FF02F0249
:10FDA0002078A0F1300109290AD809EB890102EB7A
:10FDB000410100EB0109641CF2E757F8049B641C45
:10FDC00020786C280DD004DC4C2812D06A2811D180
:10FDD00004E074280DD07A280CD10AE045F400150F
:10FDE00007E0617845F48015814202D1641C05F575
:10FDF0008015641C207869283ED006DC0028B3D02A
:10FE000063280BD0642804D136E0732810D07528FD
:10FE10005CD052460D999047761CA5E017F8040B6C
:10FE20008DF8000000208DF80100E846012003E075
:10FE300057F8048B4FF0FF3069074FF0000501D4ED
:10FE40000AE06D1C4D450DDA8542FADB18F8051005
:10FE50000029F6D106E06D1C8542FCDB18F8051080
:10FE60000029F8D12E4404E018F8010B52460D99F0
:10FE700090476D1EF8D277E000200A90C5F302503B
:10FE80004FF00A0B02280CD001CFC117021E71F1EE
:10FE900000020CDA0023D0EB030063EB01012D22FA
:10FEA00008E0FF1D27F00707F7E80201EEE72A0543
:10FEB00004D52B228DF82420012203E0EA070FD07D
:10FEC0002022F7E70DF12008089218E000200A90A0
:10FED000C5F302504FF00A0B022803D001CF0021D6
:10FEE0000022EFE7FF1D27F00707F7E80201F7E719
:10FEF0005A460A9BF5F7D1FD303208F8012D50EA39
:10FF00000102F5D1ADEB080000F1200B680701D428
:10FF10004FF00109D94502DDA9EB0B0000E00020FC
:10FF20008146002506E009A85246405D0D9990479C
:10FF30006D1C761C08988542F5DB04E030205246A3
:10FF40000D999047761CB9F10001A9F10109F5DC82
:10FF500005E018F8010B52460D999047761CBBF14D
:10FF60000001ABF1010BF4DC641CFAE60928010086
:10FF70000A68531C0B6010707047000010B5012018
:10FF8000F6F790FD0AA001F047FD00201549086032
:10FF9000012015490870154908701549087000209E
:10FFA000144908704FF416711348F5F7E4FC10BDBE
:10FFB0007B2252656365697665223A7B22537461C0
:10FFC000747573223A32367D2C2243223A7B2254B6
:10FFD000797065223A2243616E73656C227D7D0AD9
:10FFE0000000000034000020680000206B000020AA
:10FFF0006D0000206900002030050020014601F05E
:020000040801F1
:10000000030090B96420B1FBF0F200FB121050B96C
:100010004FF4C870B1FBF0F200FB121008B90120D8
:1000200070470020FCE70120FAE70020F8E7000015
:1000300010B586B00446F6F703FE012004900F4881
:10004000006803900020019005A901A8F6F73EFD85
:1000500078B9F6F793FD0598401C10B1002006B062
:1000600010BD24B9FF2210210548F5F77DFC0120C1
:10007000F5E7F6F783FD0020F1E700001800002007
:10008000701D002000B500221021104600F002F87B
:1000900000BD000030B5034658180D4C2468A0423E
:1000A00001D9002030BD18460DE022B1094C24686A
:1000B000045D1470521C102804D2064C2468045DA0
:1000C000054D2C54401CCC188442EED80120E9E7A1
:1000D0001400002018000020701D00202DE9F047BA
:1000E00006468946154606EB090014490968884208
:1000F00002D90020BDE8F0870DB90020FAE7F6F735
:100100009FFD002414E02A5D601C285C42EA002068
:10011000C3170746A0190A4A126881183A460120F7
:10012000F6F736FD18B1F6F729FD0020E2E7A41C2A
:100130004C45E8D3F6F722FD0120DBE71400002050
:100140001800002010B506A001F066FC002011493F
:1001500008704FF416711048F5F70DFC10BD000043
:100160007B2252656365697665223A7B225374610E
:10017000747573223A32367D2C2243223A7B225404
:10018000797065223A22457465626172227D7D0A2A
:100190000000000068000020300500202DE9F0413B
:1001A000C1F30A52A2F2FF362F4A304B0D460446E5
:1001B000142E2FDA002E12DAF5F7FDFC002213467A
:1001C000F5F7A0FD4CD2002DA4BF0024254647DA48
:1001D00025F00040204318BF254D41D018E0DFF83E
:1001E00094C02CFA06F705EA070C5CEA040C08BF79
:1001F000BDE8F081F5F7DFFC00221346F5F782FD3C
:100200002ED2002D03DA4FF48010F0400544BD4398
:10021000002425E0332EC8BFBDE8F081A6F1140C00
:100220004FF0FF3727FA0CF73C4208BFBDE8F081DA
:10023000F5F765FD00221346F5F764FD10D2002D99
:100240000DDA142E08BF6D1C09D0C6F1340001214F
:1002500001FA00F02044A04238BF6D1C0446BC43A4
:1002600029462046BDE8F0819C7500883CE4377E35
:100270000000F0BFFFFF0F0013B50C4601216846D8
:10028000F5F734FE0120F6F70DFC00981CBD0000C8
:1002900010B5002821D0114B0022001F196803E07F
:1002A000814203D80A4649680029F9D152B113683E
:1002B000841A9C4204D1006818441060104602E081
:1002C000506000E0186039B102680B1A934203D104
:1002D0000B681A4402604968416010BD900200201A
:1002E00000B585B00120F6F7DDFB00221549164860
:1002F000F8F762FF002215491348F8F7FFFE13488C
:10030000007812498978114A5278104BDB78CDE990
:100310000132CDE903100B488078009009484378FA
:1003200002780BA11948FFF7CDFC184801F074FBC7
:100330000120F6F7B7FB4FF416711548F5F71BFBD4
:1003400005B000BDC8000020300A0020CB0000200E
:100350007B2254223A7B2248223A25642C224D22C9
:100360003A25642C2253223A25642C2259223A251C
:10037000642C226D223A25642C2244223A25642CD6
:100380002257223A25647D7D0A000000880700205C
:10039000300500202DE9F74F82B082464FF000096A
:1003A0000026AAF26D27504600F070F88146781EAC
:1003B00000F086F80646B9F1000F01D0012000E0F8
:1003C000002000EB800101EBC0002B4901EB800114
:1003D0000398401E51F82010049801EB000826B144
:1003E000B9F1000F01D0502000E04F20009000989C
:1003F000804508DC08F58F757F1E5EB1B9F1000FEE
:1004000008D16D1C06E00098A8EB0005384600F006
:1004100057F80646012421E00EB1012000E000203B
:1004200000EB800101EBC000144901EB800050F8A3
:100430002400A84211DB01940EB1012000E000204D
:1004400000EB800101EBC0000C4901EB8001601E54
:1004500051F82000A5EB000B02E0641C0C2CDBDD46
:1004600000BF074981F800B00649019808700648A6
:10047000076005B0BDE8F08FD01E0108381F0108E5
:100480005B0000205A0000206000002001460A4660
:10049000C81701EB90708010A1EB800070B9642048
:1004A00091FBF0F300FB131030B94FF4C87091FBCF
:1004B000F0F300FB131008B9012070470020FCE79F
:1004C0002DE9F0410446A4F5ED70C11700EB516130
:1004D000C911A0EBC1141E2C01DB002000E01D207F
:1004E00004442046F5F7C8FA054600220A4BF5F702
:1004F00054FA0746FFF752FE201A441E2146E01721
:1005000004EB90708010A4EB800010B90120BDE8CE
:10051000F0810020FBE700000080404038B5044631
:100520000D460A202B462246482100900248F6F745
:100530007FFE0249087038BDDC09002094000020CD
:1005400038B504460D460A202B4622464821009025
:100550000248F7F719F80249087038BDDC09002095
:100560009400002070B504460D46002617E00122D5
:1005700051020C48F6F768FD2846F6F793FA002278
:100580004FF400710748F6F75FFD2846F6F78AFA40
:10059000012251020348F6F757FD701CC6B2A6426D
:1005A000E5DB70BD0008014070B5054640206B4991
:1005B00008606B486B49086001206B490870002097
:1005C0006A490870AE1C304600F030FD0446FFF763
:1005D00059FDD0B10A20F6F765FA224629460020D7
:1005E000FFF758FD30B10520F6F75CFA0520F6F765
:1005F00059FA15E05EA001F00FFA00206449087076
:100600002046FFF745FE012070BD59A001F004FA15
:1006100000205F4908702046FFF73AFE0120F3E70B
:1006200000205C49088000BF08E0215C594AB2F90B
:1006300000205140574A1180411CC8B22228F4DBE7
:1006400094F822005349B1F90010884202D1607E2B
:10065000642808D050A001F0DFF900204C49087050
:100660004C49088075E094F822004A49B1F900101D
:10067000884202D0607E64286BD160780006A17841
:1006800000EB0140E17800EB0120217908444A4960
:100690004860A079617900EB012048490860207A20
:1006A000E17900EB012045494860A07A617A00EBCE
:1006B000012042498860207BE17A00EB01203F491C
:1006C000C860A07B617B00EB01203C490861207C75
:1006D000E17B00EB012039494861A07C617C00EBA3
:1006E000012036498861207DE17C00EB01203349FF
:1006F000C861A07D617D00EB012030490862207E49
:10070000E17D00EB01202D494862A07E40B22A49DC
:100710000875E07E0006217F00EB0140617F00EB61
:100720000120A17F084424490861E07F000494F877
:10073000201000EB012094F8211008441E490860A5
:100740001FA001F069F9012011490870002011492A
:1007500008802046FFF79CFD00BF55E714000020ED
:1007600000FC0108180000201C0000201D000020D3
:100770007B2252656164436F6E666967223A7B2211
:10078000537461747573223A31397D0A0000000098
:100790006C0000202C0000207B2252656164436FB6
:1007A0006E666967223A7B22537461747573223ACC
:1007B000317D7D0A00000000C00200209802002068
:1007C0007B2252656164436F6E666967223A7B22C1
:1007D000537461747573223A307D7D0A0000000005
:1007E00088B0F7F70BF8FCF711FCFAF731F8FAF7D5
:1007F00001F9FAF717F9FAF739F9FAF7C7F86420A7
:10080000F6F750F9FAF768F9FAF782F9FAF7DEF82D
:10081000F748F9F737F8F7480068C06840F020005B
:10082000F4490968C8600A20F6F73CF9F248006804
:10083000C06840F02000F0490968C8600020EF4916
:100840000860FBF7D1FCF9F7F9FFFFF71BFC1E214D
:100850000720FFF787FE00220221E948F6F7F4FBA4
:100860002320FFF7A1FE4FF47A70F6F71BF9FAF791
:100870006BF94FF47A70F6F715F900224FF4004146
:10088000DF48F6F7E1FB40F2E970F6F70BF90122D9
:10089000D103DB48F6F7D8FB0120DA4908704CE3B6
:1008A000D948007858B1FBF79FFC4AF6AA20D749EF
:1008B00009680860FAF76AF80120F6F7F3F84AF6D3
:1008C000AA20D24909680860F9F7B8FFD048006843
:1008D000002870D00120F6F7E5F8CE4800785628B9
:1008E0002DD013DC452867D007DC072871D2DFE85C
:1008F00000F0D8646A74D8949A0046286AD04E28CA
:1009000069D04F2868D0532863D192E0722822D052
:100910000CDC672872D004DC632877D06628F3D11A
:10092000A7E06E2869D06F28EED18EE0732873D0CF
:1009300075280AD0802832D08128E5D135E001F031
:10094000E5F80120B4490870BDE001F05DFA01202E
:10095000B1490870B7E0B1A001F05EF80A20F6F7DF
:10096000A1F800BF00BF00BF00BF00BFBFF34F8FA3
:1009700000BF00BF00BFB048006800F4E060AF49AE
:100980000843001DAC49086000BF00BF00BFBFF3B3
:100990004F8F00BF00BF00BF00BF00BFFDE701F0E9
:1009A0007BF901209C4908708DE0FFF799FC01203C
:1009B0009949087087E092E017E001F005FA0120FC
:1009C000954908707FE001F0DDF901209249087037
:1009D00079E066E05DE054E031E099499948FBF741
:1009E00007FA01208C4908706DE0FFF7ABFB01208E
:1009F0008949087067E001E008E032E085494878FD
:100A0000FBF7CEFE0120844908705CE0FFF7B6FAE0
:100A100001208149087056E01DE000F0C5FB01206F
:100A20007D4908704FE001F013F801207A49087001
:100A300049E000F031FB01207749087043E000F005
:100A400057FB0120744908703DE000F07FFB012056
:100A50007149087037E001F0C9F801206E4908704B
:100A600031E031216E2000F085FC01206A490870D8
:100A700029E03121662000F07DFC012066490870E4
:100A800021E032216E2000F075FC012062490870DF
:100A900019E03221662000F06DFC01205E490870EB
:100AA00011E069A000F0B8FF13206E490870002023
:100AB000594908704FF416715648F4F75CFF00204E
:100AC0005349086000BF00BF13206649087000202A
:100AD000514908704E4908600120F5F7E3FF62486C
:100AE000006841F2883188423BD900205E490860A5
:100AF000484908705DA000F08FFFF6F7ABFA624935
:100B0000086026E04AF6AA20404909680860F6F71E
:100B1000A1FA5D490968401AB0F5FA6F03D90020BF
:100B20005A49086016E03A48006878B139480078B8
:100B300076280BD1012055490860002035490870FE
:100B40003349086052A000F067FF03E000204F49DE
:100B50000860D7E700BF5548007810B954A000F0EE
:100B60005BFF5A48007888B95848407870B95748B0
:100B7000807858B95548C07840B9002004E0002179
:100B8000534A1154411CC8B20428F8DB4F48F9F706
:100B900091FD20B14D48F9F78DFD00B1CDE14B48F5
:100BA00000784B490978884212D148484078484932
:100BB000497888420CD145488078454989788842EF
:100BC00006D14248C0784249C978884200D1B4E190
:100BD00010210020F9F786FC40B13C48F9F76AFD86
:100BE00028B13A48F9F766FD08B1A6E178E071E06E
:100BF0009C0A0020280B0020E40A0020300000207E
:100C0000000801400200002094000020D0090020CC
:100C100028000020300500206D0000207B22526556
:100C200063697665223A7B22537461747573223A44
:100C300037307D7D0A0000000CED00E00000FA0571
:100C400095000020B80900207B2252656365697613
:100C500065223A7B22537461747573223A31397D6F
:100C60007D0A000027000020080000207B2252653A
:100C70007175657374223A7B2253746174757322A3
:100C80003A307D7D0A0000000C000020100000209A
:100C90007B2252657175657374223A7B22537461AD
:100CA000747573223A317D7D0A0000006C000020CB
:100CB0007B22436F6E666967223A7B2253746174AC
:100CC0007573223A33307D7D0A00000070000020E9
:100CD0007500002010210020F9F704FC00B12CE180
:100CE00096490120F9F77EFC00287BD19348807952
:100CF000AB2878D19148C0790028FAD18F48C07BC1
:100D00000028F6D100BF05E08D49095C8D4A1154D9
:100D1000411CC8B20428F7DB884800788A4908607B
:100D200086484078096801EB0020874908608348BD
:100D30008078864908608148C078096801EB002006
:100D4000824908607D480079096801EB00407F49CD
:100D500008607A484079096801EB00607B490860C7
:100D60007948006800F40040B0F5004F13D1764890
:100D70000068C0F30E00744908600846006846F633
:100D80002921484070490860704800684BF2A6214C
:100D900048406E4908606E48007800287ED06D4853
:100DA000007820B9AFF2F80000F036FE24E0694880
:100DB000007808B368480078F0B168480078D8B186
:100DC00067480068B0F57A7F16D90020644908604A
:100DD0006448007868B16448006828B15848FBF757
:100DE0000BFC09E0A8E0A2E043F698205F49086008
:100DF00002E05FA000F010FE6648007880B1524823
:100E000003685248026864A14C48FEF75BFF4B48F8
:100E100000F002FE5F48007880F001005D49087034
:100E20004D480078D8B96348F5F766F988B9642168
:100E30004248F4F7A0FD5F4800680090424803680C
:100E4000424802685CA13D48FEF73CFF3B4800F089
:100E5000E3FD4148007880F001003F4908703F48B9
:100E60000078E8BB00205E4908605248F5F744F975
:100E7000B0BB5C485C495D4A5D4BCDE90432CDE9CD
:100E800006104C495B4802685B480068544B1B687D
:100E9000CDE90030CDE90221084600E042E02A4ACF
:100EA0002A4903680220F9F799FE54490870084658
:100EB000007809281DD14B484B494C4A4C4BCDE991
:100EC0000432CDE906103B494A4802684A480068A6
:100ED000434B1B68CDE90030CDE90221084600E014
:100EE00028E0194A194903680220F9F777FE4349B7
:100EF00008703048F5F700F9E0B92E4803683F481C
:100F000002783FA10D48FEF7DDFE0C4800F084FD9D
:100F10001248007880F00100104908700020104944
:100F2000086007E032210A20FFF71CFB02E03DA029
:100F300000F072FDF9F782FC00BFB1E45409002013
:100F40007000002075000020800000207C00002040
:100F5000010000206C000020680000206B000020D1
:100F6000880000201E000020100000200800002043
:100F70007B2243223A7B2254797065223A225072B6
:100F80006F63657373436172644F6666227D7D0A89
:100F900000000000690000207B2243223A7B2249A6
:100FA00044223A25642C225543223A25647D7D0A49
:100FB000000000004C0000207B2243223A7B2249A3
:100FC00044223A25642C225543223A25642C22459A
:100FD0007465626172223A25757D7D0A0000000009
:100FE0004000002059000020580000203C00002054
:100FF000540000204800002044000020270000206A
:101000007B2243223A7B22537461747573223A2502
:10101000752C22457465626172223A25757D7D0AC0
:10102000000000006572726F720A0000F0B50B30AC
:10103000154D20F007010024144A0FE003688B428D
:101040000BD38B4205D95E1A43184768C3E9006782
:1010500000E04368136002C004E0021D106800282D
:10106000ECD12046002802D1286808B10020F0BD4C
:10107000064A07481060074A121A22F00702C0E920
:10108000002401202860D7E794020020900200206D
:10109000042200200028002010B505A000F0BCFCB0
:1010A0000A211148F4F767FC01201049087010BDAF
:1010B0007B2252656365697665223A7B22537461AF
:1010C000747573223A32367D2C2243223A7B2254A5
:1010D000797065223A2250726F636573734361724F
:1010E00064227D7D0A000000300500201E000020E3
:1010F00010B505A000F090FC0A211248F4F73BFC63
:1011000000201149087010BD7B2252656365697625
:1011100065223A7B22537461747573223A32367DAC
:101120002C2243223A7B2254797065223A22507253
:101130006F63657373436172644F6666227D7D0AD7
:1011400000000000300500201E00002010B505A0A2
:1011500000F062FC0A211248F4F70DFC012011494D
:10116000087010BD7B2252656365697665223A7B03
:1011700022537461747573223A32367D2C224322D5
:101180003A7B2254797065223A22726563656976EA
:101190006541636B5472616E227D7D0A0000000020
:1011A000300500201F00002010B500206549088090
:1011B00000BF09E06449095C624AB2F9002051406D
:1011C000604A1180411CC8B22228F3DB5E4890F8C7
:1011D00022005C49B1F90010884203D15A48407E90
:1011E00064280DD059A000F017FC00205E4908705B
:1011F000544908804FF416715348F4F7BCFB10BDF6
:10120000514890F822004F49B1F90010884203D0AC
:101210004D48407E64287DD14B48407800064A49BD
:10122000897800EB01404849C97800EB0120464924
:10123000097908444D4948604348807942494979D1
:1012400000EB01204A4908603F48007A3E49C979CD
:1012500000EB0120464948603B48807A3A49497A88
:1012600000EB0120424988603748007B3649C97A43
:1012700000EB01203E49C8603348807B3249497BFE
:1012800000EB01203A4908612F48007C2E49C97BB8
:1012900000EB0120364948612B48807C2A49497C73
:1012A00000EB0120324988612748007D2649C97C2E
:1012B00000EB01202E49C8612348807D2249497DE9
:1012C00000EB01202A4908621F48007E1E49C97DA3
:1012D00000EB0120264948621B48807E40B223492A
:1012E00008751948C07E00061749097F00EB0140C8
:1012F0001549497F00EB01201349897F08441B49A8
:1013000008611148C07F00040F4991F8201000EBDC
:10131000012000E013E00C4991F821100844134922
:101320000860232000F016FB4FF416710648F4F70E
:1013300022FB01200C49087000200249088000BFF0
:101340005DE700002C000020300500207B22526564
:101350006365697665223A7B2253746174757322E2
:101360003A31397D7D0A00006C000020C002002067
:101370009802002070B504460D46312D2AD16E2CFE
:1013800012D1012211022A48F5F75EFE0120F5F77D
:1013900089FB28A000F040FB0120324908704FF47F
:1013A00016713148F4F7E7FA662C13D100224FF496
:1013B00080711F48F5F748FE0120F5F773FB2BA05D
:1013C00000F02AFB0120274908704FF416712648C7
:1013D000F4F7D1FA322D2AD16E2C12D101229102CA
:1013E0001348F5F731FE0120F5F75CFB2BA000F068
:1013F00013FB01201B4908704FF416711A48F4F7CB
:10140000BAFA662C13D100224FF480610848F5F730
:101410001BFE0120F5F746FB2CA000F0FDFA012091
:10142000104908704FF416710F48F4F7A4FA70BD14
:10143000000801407B2252656365697665223A7B2C
:1014400022537461747573223A32367D2C225231E4
:10145000223A7B22537461747573223A32337D7D54
:101460000A0000006D000020300500207B2252653C
:101470006365697665223A7B2253746174757322C1
:101480003A32367D2C225231223A7B2253746174D7
:101490007573223A32347D7D0A0000007B2252654A
:1014A0006365697665223A7B225374617475732291
:1014B0003A32367D2C225232223A7B2253746174A6
:1014C0007573223A32337D7D0A0000007B2252651B
:1014D0006365697665223A7B225374617475732261
:1014E0003A32367D2C225232223A7B225374617476
:1014F0007573223A32347D7D0A0000002DE9F04FE9
:101500008BB006460F4690464FF0050B37200A90E9
:10151000162009904FF0010900208246002E6ED15E
:101520000022CB49CB48F7F747FE0022CA49C948F9
:10153000F7F7E4FDF5F78EFD0546C1E0F5F78AFD06
:10154000401BB0F5FA6F06D9C4A000F065FAFF2081
:101550000BB0BDE8F08F4AF6AA20C54909680860BB
:101560004046F9F7A7F820B14046F9F7A3F800B1D3
:10157000A6E058460A99F8F7B5FF002872D101A9EC
:101580000998F9F72FF800286DD1002400BF04E076
:1015900001A9095C4C40411CC8B20F28F8DB9DF83A
:1015A0001300A04276D19DF809009DF80B108842E7
:1015B00001DDFF20CCE79DF80900172813DC9DF81A
:1015C0000B0017280FDC9DF805000C280BDC9DF89C
:1015D00008001F2807DC9DF80A003B2803DC9DF863
:1015E0000C003B2801DDFF20B2E79DF81200002827
:1015F00003DB9DF81200092802DDFF20A8E764E064
:101600009DF8120010B99DF81200A1E79DF80400A2
:101610009149C978884201DAFE2099E79DF80400D3
:101620008D49C978884215D19DF805008A494978C5
:10163000884201DAFE208BE7874840789DF8051044
:10164000884207D19DF8080083498978884201DAE9
:10165000FE207DE77E4800789DF80910884203DA75
:10166000FE2075E72BE029E0794800789DF8091005
:10167000884207D1764840789DF80A10884201DAFE
:10168000FE2065E7724800789DF80B10884202DD65
:10169000FE205DE710E06E4800789DF80B10884250
:1016A00007D16B4840789DF80C10884201DDFE2080
:1016B0004EE79DF812004BE7FF2049E700E000BF2E
:1016C000B9F1000F7FF43AAFC0E0012EFCD1002049
:1016D00005E06849095C81EA0A0A411CC8B2092888
:1016E000F7DB6448407A504504D063A000F094F9D9
:1016F00001202DE75F4840795E49C979884204DDC1
:1017000064A000F089F9012022E75A48407917289F
:1017100013DC5848C07917280FDC5648C0780C28CD
:101720000BDC544800791F2807DC524880793B289D
:1017300003DC5048007A3B2804DD5BA000F06CF924
:10174000012005E75DA000F067F9F5F783FC054689
:1017500079E04AF6AA20464909680860F5F77AFC5C
:10176000401B41F28831884204D93CA000F054F972
:10177000FF20EDE64046F8F79DFF20B14046F8F720
:1017800099FF00B15FE000243A4880788DF80400AA
:101790003848C0788DF80500564800788DF8060066
:1017A00054480088000A8DF807000020524908704C
:1017B000304800798DF808002E4840798DF80900EE
:1017C0002C4880798DF80A002A48C0798DF80B00E2
:1017D0002848007A8DF80C0000208DF80D008DF857
:1017E0000D008DF80E008DF80F008DF810008DF8AB
:1017F0001100F8B28DF8120000208DF80E0000BF25
:1018000004E001A9095C4C40411CC8B20F28F8DB78
:101810008DF8134058460A99F8F764FE70B901A98B
:101820000998F8F76DFF20B934A000F0F5F8002012
:101830008EE63DA000F0F0F8FF2089E63AA000F027
:10184000EBF8FF2084E6B9F1000F82D100BF7FE6FC
:10185000C8000020300A0020CB0000207B22432259
:101860003A7B22537461747573223A317D7D0A008C
:10187000D0090020300500207B225265636569761F
:1018800065223A7B22537461747573223A31397D33
:101890007D0A00007B2243223A7B225374617475D7
:1018A00073223A327D7D0A007B2243223A7B225307
:1018B0007461747573223A337D7D0A007B22526510
:1018C0006365697665223A7B22537461747573226D
:1018D0003A32367D2C2243223A7B2254797065229B
:1018E0003A224368616E676547726F7570227D7D2D
:1018F0000A000000C00200201E0000207B224322BC
:101900003A7B2254797065223A224368616E67659A
:1019100047726F7570222C22537461747573223A6A
:10192000307D7D0A000000007B2243223A7B225456
:10193000797065223A224368616E676547726F75F8
:1019400070222C22537461747573223A31397D7D73
:101950000A00000010B504464020184908601848E5
:1019600018490860012018490870002017490870BC
:10197000FEF788FB00281CD00A20F5F793F800201A
:10198000FEF756FB124A21460020FEF7A7FB60B186
:101990000520F5F787F80FA000F03EF80520F5F7D1
:1019A00081F800201349086006E013A000F034F825
:1019B00002E011A000F030F810BD0000140000207B
:1019C00000FC0108180000201C0000201D00002061
:1019D000300500207B2253617665436F6E66696730
:1019E000223A7B22537461747573223A32367D7DBC
:1019F0000A000000200000207B2253617665436FBF
:101A00006E666967223A7B22537461747573223A59
:101A100031397D7D0A00000070B504462046F3F799
:101A2000B5FFC5B229462046F4F760FA00224FF40C
:101A300000710648F5F708FB0120F5F733F801229D
:101A400051020248F5F700FB70BD0000000801409C
:101A500000B5ADF56D7D2148007880B32048006861
:101A60001F4991F914101E4A12691E4B5B6ACDE999
:101A70000832CDE90A101B48006A1A49C969194A97
:101A80009269184B5B69CDE90432CDE9061015481F
:101A900000691449C968134A9268124B5B68CDE922
:101AA0000032CDE902100F4803680D480E49426824
:101AB0000CA8FEF707F90CA8FFF7AEFF06E0FFE75A
:101AC0000648007810B909A0FFF7A6FF4FF4167179
:101AD0000D48F3F750FF0DF56D7D00BD6C00002043
:101AE000C002002098020020402001087B22436FA2
:101AF0006E666967223A7B22537461747573223A69
:101B000033307D7D0A0000003005002000B599B01B
:101B100064216846F3F72FFF0A2213A16846FEF7F7
:101B2000D1F86846FFF778FF1CA0FFF775FF1EA0ED
:101B3000FFF772FF0120F4F7B5FF1FA0FFF76CFF5E
:101B40000120F4F7AFFF21A0FFF766FF0120F4F7B3
:101B5000A9FF24A0FFF760FF4FF416712248F3F7A6
:101B60000AFF19B000BD00007B224669726D7761E3
:101B70007265223A7B2246223A312C2244657669EC
:101B8000636554797065223A22424355222C2252D1
:101B9000656C65617365223A302564002C22426FC2
:101BA0006F74223A310000002C224175746F537417
:101BB000617274223A3100002C22526561646572B0
:101BC00054797065223A504E353332002C226F6EB4
:101BD000655265616443617264496E4669656C640F
:101BE000223A31007D7D0A003005002010B50C48F6
:101BF000007810B90BA0FFF70FFF0948007810B16B
:101C000016A0FFF709FF0648007880F0010004499C
:101C100008704FF416711F48F3F7ADFE10BD0000B9
:101C2000690000207B2252656365697665223A7BF4
:101C300022537461747573223A32367D2C2243220A
:101C40003A7B2254797065223A22556E53656E6450
:101C500053657269616C227D7D0A00007B225265AA
:101C60006365697665223A7B2253746174757322C9
:101C70003A32367D2C2243223A7B225479706522F7
:101C80003A2253656E6453657269616C227D7D0AE8
:101C9000000000003005002010B51CA0FFF7BCFEBE
:101CA0002848407828490870264880784870254898
:101CB000C078887023480079244988702148407989
:101CC00048702048807908701E48C079C87001208B
:101CD000F4F7E8FE00221C491D48F7F7E3FB10B1BA
:101CE0001CA0FFF799FE0120F4F7DCFE0022174943
:101CF0001748F7F729FB10B11CA0FFF78DFE4FF432
:101D000016711048F3F737FE10BD00007B225265B4
:101D10006365697665223A7B225374617475732218
:101D20003A32367D2C2254223A7B22547970652235
:101D30003A2253657454696D6544617465227D7DF2
:101D40000A00000030050020C8000020CB00002061
:101D5000300A00207B2254223A7B2253746174752E
:101D600073223A3132387D7D0A0000007B225422F2
:101D70003A7B22537461747573223A3132397D7D16
:101D80000A00000010B507484078FF2808D106A0D7
:101D9000FFF742FE00224FF400410A48F5F754F9DC
:101DA00010BD0000300500207B2252656365697616
:101DB00065223A7B22537461747573223A32367D00
:101DC0007D0A00000008014010B506484078AA28A6
:101DD00007D105A0FFF720FE0122D1030948F5F73E
:101DE00033F910BD300500207B22526563656976AA
:101DF00065223A7B22537461747573223A32367DC0
:101E00007D0A00000008014010B540201649086016
:101E10001648174908600120164908700020164925
:101E20000870FEF72FF9002819D06420F4F73AFE65
:101E30000020FEF7FDF811A208210020FEF74EF960
:101E400048B10520F4F72EFE0FA0FFF7E5FD0520B1
:101E5000F4F728FE06E015A0FFF7DEFD02E013A070
:101E6000FFF7DAFD10BD0000140000204054000808
:101E7000180000201C0000201D000020426F6F543D
:101E800031323334000000007B2255706461746588
:101E90004669726D77617265223A7B225374617470
:101EA0007573223A32367D0A000000007B2255709D
:101EB000646174654669726D77617265223A7B224E
:101EC000537461747573223A31397D0A0000000041
:101ED000000000001F0000003B0000005A0000004E
:101EE0007800000097000000B5000000D40000005A
:101EF000F300000011010000300100004E0100005D
:101F00006D010000000000001F0000003C00000008
:101F10005B0000007900000098000000B60000009F
:101F2000D5000000F40000001201000031010000A3
:101F30004F0100006E010000000000001F000000C3
:101F40003E0000005D0000007C0000009B000000DF
:101F5000BA000000D8000000F600000014010000E4
:101F600032010000500100006D010000000000007F
:101F70001F0000003E0000005D0000007C0000002B
:101F80009B000000BA000000D8000000F60000002E
:101F90001401000032010000500100006E01000039
:101FA0001F1C1F1E1F1E1F1F1E1F1E1F00000000C4
:101FB00000000000010203040607080900000000F9
:101FC00001020304895171F21DCB000000000000E2
:101FD000000000008D5F307CF05E0000000000001B
:101FE00000000000B22CE4247D90000000000000FE
:101FF00000000000579B07B3A4E9000000000000A8
:1020000000000000E32F50F2E3D0000000000000C9
:1020100000000000E9C1254FA07D00000000000085
:1020200000000000FFFFFFFFFFFF000000000000B6
:10203000000000000000FF00FF000000FF000000A3
:102040007B225343223A7B225543223A25752C2288
:1020500050223A25752C25752C25752C25752C2597
:10206000752C25752C25752C25752C25752C25751D
:102070002C224D6178223A25752C224D696E223A28
:1020800025642C22444944223A25757D7D0A0000AE
:102090007B2243223A7B22537461747573223A2562
:1020A000642C225543223A25752C224944223A2594
:1020B000752C22457465626172223A25752C225076
:1020C0007265457465626172223A25752C224770EB
:1020D000223A25752C225072696365223A25757D56
:1020E0007D0A000004210108000000209802000081
:1020F0009A5D0008F421010898020020682B000076
:1021000034FD000841F2012A400412541308016A08
:10211000011BC214022503A50A0211301949E967FF
:10212000A91C79081AFF01013C13CDD9140815DA4E
:102130001B0825041A49041A81041A99141ADD048B
:10214000131201140202021640830440571D0201BB
:102150000203710E21040309041AD113895E1B08BE
:10216000850413F55D1B08AD08419A10BC4173B29C
:10217000075324F4130A0632022A40241329D614E2
:102180000869D54C084BD73C1AB70C13B9D41B08B7
:102190003508C11A09281AF9141A19081AE9081C6D
:1021A000090243AB111DC03209046D1A020B13055D
:1021B000241610010524011009010424020205243B
:1021C00006170107058203081C100904E1320A1DE5
:1021D000070501027B2C07058107110937442A40B6
:1021E000072A8107112B0907440A3B044401110403
:0421F0001805143783
:04000005080058EDAA
:00000001FF
