:020000040800F2
:10580000B82A002001590008E9BF0008F9B10008D2
:10581000E5BF00080162000829F60008000000004A
:10582000000000000000000000000000D5C60008D5
:105830000F64000800000000E3C300080BC9000863
:105840001B5900081B5900081B5900081B59000868
:105850001B5900081B5900081B5900081B59000858
:105860001B5900081B5900081B5900081B59000848
:105870001B5900081B5900081B5900081B59000838
:105880001B5900081B5900081B5900081B59000828
:1058900071F500081B5900081B5900083164000805
:1058A0001B5900081B5900081B5900081B59000808
:1058B0001B590008B9C900081B5900081B590008EA
:1058C0001B5900081B5900081B5900081B590008E8
:1058D0001B590008CDCD0008DDCD00081B5900087C
:1058E0001B5900081B5900081B590008DFF80CD091
:1058F00000F082FA004800470DFF0008B82A002097
:105900000648804706480047FEE7FEE7FEE7FEE759
:10591000FEE7FEE7FEE7FEE7FEE7FEE7A9C90008AF
:10592000ED580008202A04DB203A21FA02F0002179
:10593000704721FA02F3D040C2F12002914008439F
:105940001946704740EA01039B0703D009E008C9E4
:10595000121F08C0042AFAD203E011F8013B00F834
:10596000013B521EF9D27047D2B201E000F8012B80
:10597000491EFBD270470022F6E710B513460A46CF
:1059800004461946FFF7F0FF204610BD421C10F8F0
:10599000011B0029FBD1801A704700000FB400B52D
:1059A0008DB010A909900B9000914FF0FF300A9034
:1059B00000200C9005480690054807906A4609A803
:1059C0000F9900F08DF90DB05DF814FBFD5C000837
:1059D0001B5D00082DE9FF5F1D464FF0FF3BD5E939
:1059E000014691465F464FF00008A9697F1C019867
:1059F0008847296A824688470028F6D1BAF1FF3FD6
:105A00000CD024F4C064002E19DD600614D5BAF160
:105A10002B0F09D0BAF12D0F0ED103E0584604B078
:105A2000BDE8F09F44F48064A9697F1C0198884711
:105A3000761E8246002E02DDBAF1300F03D0B9F196
:105A4000000F26D032E0A969761E44F400747F1C52
:105A5000019888478246002E05DDBAF1780F06D0FE
:105A6000BAF1580F03D0B9F1000F10D01EE0B9F110
:105A7000000F02D0B9F1100F18D1A969761E24F4D5
:105A800000747F1C019888478246102002E008209D
:105A900000E00A20814609E008FB0908A969761E92
:105AA00044F400747F1C019888478246002E05DD6F
:105AB0004946504600F000F90028EDDAE9690198FE
:105AC0008847A00502D46FF00100A8E7E00725D1C0
:105AD000600613D5600502D5C8F1000000E040461D
:105AE00029680A1D2A600968220501D5087015E099
:105AF000220701D5088011E008600FE02868011D29
:105B000029600068210502D580F8008006E02107A1
:105B100002D5A0F8008001E0C0F8008038467EE79A
:105B20002DE9F04D81EA030404F0004B21F000451B
:105B300014464FF0000A23F0004150EA050220D03D
:105B400054EA01021DD0C5F30A570246C5F31303F8
:105B5000C1F31300C1F30A5640F4801543F48013D7
:105B6000A7EB0608101BD64608F2FD3873EB0500BC
:105B700002D308F1010801E092185B41B8F1000F6F
:105B800003DA00200146BDE8F08D00204FF48011BB
:105B9000064684460EE0171B73EB050705D3121B60
:105BA00063EB050306434CEA010C49084FEA300059
:105BB00092185B4150EA0107EDD152EA030012D07E
:105BC00082EA040083EA0501084305D0101BAB41BB
:105BD00006D20122002306E000224FF0004302E03B
:105BE0006FF0010253101AEB06004CEB085110EB5A
:105BF0000A0041EB0B01BDE8F04D00F09FB8C1F386
:105C00000A5210B5C1F3130140F2FF3341F4801181
:105C10009A4201DA002010BD40F233439A42A2F2C8
:105C2000334203DC5242FFF77DFE10BD904010BDB1
:105C300000F0004230F000400AD0C10D01F5607163
:105C4000C0F3160042EA0151C208400711437047F1
:105C50000020014670472DE9F05F0546002092467E
:105C60009B4688460646814640241BE0284641461E
:105C700047462246FFF756FE53465A46C01A914100
:105C800010D311461846224600F0C8F82D1A67EBCB
:105C900001084F4622460120002100F0BFF817EB13
:105CA00000094E41201EA4F10104DFDC48463146C4
:105CB0002A464346BDE8F09F3A2800D2303820F00B
:105CC0002002412A01D3A2F13700884201D34FF0CC
:105CD000FF3070470268114413780160184670471E
:105CE000D1600449516104491162002111611146DA
:105CF00000F0A8B8D55C00083B5E0008426842B1DD
:105D0000016811F8013B23B1521EC0E90012184688
:105D100070470121C160881E704742685AB1C3684C
:105D2000016843B983688B4205D0491E521CC0E903
:105D30000012002070474FF0FF30704710B5141E5E
:105D400073F1000408DA401C41F1000192185B4134
:105D50001A4301D120F0010010BD2DE9F04D92460B
:105D60009B4611B1B1FA81F202E0B0FA80F2203222
:105D7000904600F053F804460F4640EA0A0041EA14
:105D80000B0153465A46084313D0114653EA01000B
:105D900019D0C8F140025046FFF7C4FD05460E4633
:105DA00050465946424600F039F8084305D00120D4
:105DB00004E020463946BDE8F08D0020054346EA60
:105DC000E0762C4337430A986305E40AA0EB080009
:105DD0000022FD0A44EA47540A3002D50020014659
:105DE000E9E7010510196941DDE908450019694134
:105DF000BDE8F04DA2E70000064C074D06E0E06864
:105E000040F0010394E8070098471034AC42F6D301
:105E1000FFF770FD5C1201087C120108202A04DBE8
:105E2000203A00FA02F1002070479140C2F12003AD
:105E300020FA03F3194390407047C0B24FF4F05179
:105E400000F096B92DE9F34F8BB04FF0000801F147
:105E50000C000C464FF0010B46460DF1080A01906C
:105E60006269012101989047051E2DD0252D2CD067
:105E7000216A8847C0B16269012101989047216A6F
:105E800088470028F7D1411E62690198904700E0D9
:105E9000761CA1690B988847216A88470028F7D1AA
:105EA000E1690B988847DBE7A1690B9888470746AB
:105EB000A84201D1761CD3E7E1690B9888477F1C83
:105EC00002D1B8F1000F6FD046E1002762693D466C
:105ED0003946019890472A2804D162690121019826
:105EE00090470125DFF8849262690121019890476B
:105EF000A0F130010A290AD24F45E5DC07EB870102
:105F000000EB4107303FDFD445F01005ECE7E90630
:105F100001D46FF000476C280AD04C2814D06828B0
:105F200015D06A280DD074281CD07A281AD01DE00C
:105F300062690121019890476C2802D045F0040560
:105F400014E045F002050DE045F020050AE0626925
:105F5000012101989047682802D045F0080505E026
:105F600045F400656269012101989047C4E9015731
:105F700065283DD019DC58287AD00CDC452837D06C
:105F800004DC252826D0412831D131E046282FD005
:105F900047282CD12CE05B2877D0612828D06328B3
:105FA0007CD0642823D15AE0D0E06F2848D008DCA8
:105FB00066281DD067281BD0692821D06E2816D1ED
:105FC00027E0702845D0732868D0752847D07828F6
:105FD0000DD14DE0A1690B988847054625283FF46F
:105FE00069AFE1690B9888476D1C3FF46AAFB3E075
:105FF00023466A466FF001000B99AFF300809EE0E4
:1060000045F040006060A80723464FF0000236D4F8
:106010003EE0E8077FF447AF2068011D216000687B
:10602000290501D506701BE7290701D5068017E76A
:10603000A90703D5F117C0E9006111E706600FE772
:1060400045F040006060A80723464FF0080216D4D0
:106050001EE040F60E0125EA0100606016E045F002
:1060600040006060A80723464FF00A0207D40FE003
:1060700045F040006060A80708D5234610226FF065
:1060800001000B99AFF3008059E007E0234610228E
:106090006FF001000B99FFF79DFC50E04FF00009F5
:1060A0004F464B46632802D05B2806D040E0E80606
:1060B00001D40120A06001273AE062690121019822
:1060C00090475E2805D14FF0010962694946019861
:1060D0009047216939B900210A46534643F82120E7
:1060E000491C0829FADBB0B3216969B9C11700EB73
:1060F000D16253110AEB830122F01F02821A0120A0
:106100000B68904003430B6062690121019890473E
:106110005D28E8D1B9F1000F09D00020514651F8AF
:106120002020D24341F82020401C0828F7DB02AB96
:10613000224600976FF001000B99AFF30080002812
:106140000CDA401C08D1BBF1000F05D04FF0FF3036
:106150000DB0BDE8F08FFFE74046F9E7E90701D150
:1061600008F1010806444FF0000B79E6CCCCCC0CCA
:106170007F2801D9002208E0064A02EB5002C0073E
:10618000127800D1120902F00F020120904008405D
:10619000704700009411010870B58C1810F8015B6D
:1061A00015F0070301D110F8013B2A1106D110F8B0
:1061B000012B03E010F8016B01F8016B5B1EF9D1B4
:1061C0002B0705D40023521E0DD401F8013BFAE73A
:1061D00010F8013BCB1A921C03E013F8015B01F8A5
:1061E000015B521EF9D5A142D8D3002070BD10B575
:1061F000142006F0D3F90321142006F06CFA10BD28
:1062000000BFFEE730B50346042B15D007DC7BB199
:10621000012B0ED0022B0DD0032B30D10BE0202B05
:106220000BD0212B18D0222B22D0232B27D125E0D5
:1062300026E025E024E023E022E0002003E00C5CDF
:10624000114D2C54401C0728F9DB00200F4C207006
:1062500001200F4C207013E0002003E00A4C245C66
:106260000C54401C0728F9DB0020084C207007E084
:1062700006480078401C054C207001E000E000BF9B
:1062800000BF002030BD00001401002000000020ED
:106290000100002000207047002003E00021064A92
:1062A0001154401CB0F5167FF8D300200349088034
:1062B0000349088070470000E40400200C0000201F
:1062C0000E00002010B500220449054806F0F7FE34
:1062D0000449034806F0ECFE002010BD2415002000
:1062E000780C00203C1100202DE9F04105460E46B7
:1062F0001449306808602946134806F0D9FE3778FB
:1063000012480488002113E0685C114A1055601C93
:1063100080B24FF4167290FBF2F302FB130084B2CA
:106320000C480088844202D10220BDE8F081491C5B
:10633000B942E9D305480480034806F095FE0020E1
:10634000F3E7000020000020780C00200C00002063
:10635000E40400200E0000202DE9F04104460D4623
:1063600000260A48D0F8B872D7F8140210B10120FC
:10637000BDE8F0812A462146044806F0A0FE034805
:1063800006F021FF06463046F2E70000780C0020B8
:106390002DE9F0410746884615460421052000F006
:1063A00029F880210A2006F096F9002405E0395DDD
:1063B000092009F03BF9601CC4B24445F7DB032116
:1063C000012009F033F9FF2400BF052006F0E6F8AC
:1063D0000646601EC4B21CB106F004000028F4D0CA
:1063E000222006F0DBF82870212006F0D7F868702C
:1063F000BDE8F08170B505460C46284606F0CEF89B
:10640000064626EA0401284609F010F970BD7047D7
:1064100010B500F0F1FA0020034908704FF416712E
:106420000248FFF7A8FA10BD1B000020E40400207A
:1064300010B5402001F0FCF9802001F0F9F910BD01
:1064400072B603E01E21642009F03EFDFAE7000069
:106450000021074AD1610749096941F00401054A51
:1064600011611146096941F0400111617047000056
:10647000181E0020002002400021074AD161074970
:10648000096941F00201054A116111464861096933
:1064900041F0400111617047181E002000200240A9
:1064A0000022054BDA61054A126942F00102034BF2
:1064B0001A61018070470000181E00200020024071
:1064C00000201E49C96801F0100139B11C49C96991
:1064D00041F002011A4AD16140F010001749C96821
:1064E00001F0040139B11649C96941F00101144AAA
:1064F000D16140F004001149C96901F0010169B19D
:106500000F49C96941F004010D4AD16100BF0B492F
:10651000C96921F00101094AD16100BF00BF40F201
:106520000111884206D10549C96921F00101034AD8
:10653000D16101E00149C86000BF704700200240FE
:10654000181E002070B5044601F01EFB054609E048
:10655000601C38B124B101F017FB401BA04201D9E7
:10656000032070BD1248C06800F001000028EFD180
:106570000F48C06800F0200020B100BF20200C4967
:10658000C86000BF0A48C06800F0100048B9084859
:10659000C06900F0010020B90548C06800F004009F
:1065A00018B1FFF78DFF0120DBE70020D9E70000DD
:1065B000002002402DE9F04399B007466421684667
:1065C000FFF7D9F94FF000080020BF490860002408
:1065D000BE4805780026A1462CE100F0F5F96420BC
:1065E00000F0DEFFF8B28DF80000380A8DF80100E7
:1065F0006A46022140F2031000F0BEFCC82000F001
:10660000CFFFB3480078AA287ED1B14840785528FA
:10661000FAD1AF488079002877D1F5E0AC48017A0B
:10662000407A01EB00244FF6F170844233D1A9483F
:106630000078432812D100F0C7F9A4480570012062
:1066400000F0AEFF0020A4490880A2490870A3A072
:106650000AF0D8FA002019B0BDE8F08300209B4969
:1066600008702246AAA1684609F008F868460AF0B0
:10667000C9FA64216846FFF77EF94FF4FA7000F01A
:106680008FFF701CC6B24AF6AA20B149096808609B
:1066900000208D4908604FF6F270844231D18D4858
:1066A0000078432810D100F08FF988480570012048
:1066B00000F076FF0020884908808649087087A08E
:1066C0000AF0A0FA0020C6E70020804908702246A0
:1066D0008FA1684608F0D2FF68460AF093FA642159
:1066E0006846FFF748F94FF4FA7000F059FF0020B0
:1066F00075490860701CC6B24AF6AA209449096818
:1067000008604FF6F37001E083E08FE0844231D1FE
:1067100070480078432810D100F056F96B48057096
:10672000012000F03DFF00206B4908806949087096
:106730006AA00AF067FA00208DE70020634908701C
:10674000224673A1684608F099FF68460AF05AFA93
:1067500064216846FFF70FF94FF4FA7000F020FF4C
:10676000002059490860701CC6B24AF6AA20784930
:10677000096808604FF6F470844221D1701CC6B2DB
:10678000002052490870224661A1684608F076FF51
:1067900068460AF037FA64216846FFF7ECF84FF4D0
:1067A0007A7000F0FDFE0020474908604848017AF1
:1067B000407A01EB00244AF6AA206549096808607E
:1067C0004FF6F37084420ED0401E84420BD0401E20
:1067D000844208D0C01C844205D024B14FF0010887
:1067E00000264FF002093C2E0ED1002600F0ECF8F6
:1067F0004FF416713648FFF7BEF83448057055A0BF
:106800000AF000FA002026E7B8F1000F3FF406AFC7
:106810000CE04FF4FA7000F0C3FE4FF416712C48F0
:10682000FFF7A9F800202849086007E009F10100F6
:1068300000F0FF09B9F1020FFFF6CFAE00BF244808
:106840000078AA2828D122484078552824D1204809
:10685000807908B31E48017A407A01EB0024642154
:106860006846FFF788F8224644A1684608F006FF0C
:1068700068460AF0C7F900201349086013480570FC
:1068800000F0A2F80A2000F08BFE4FF416711048B9
:10689000FFF771F80020DEE6B8F1010F02D141A048
:1068A0000AF0B0F94FF47A7000F07AFE4FF41671E6
:1068B0000748FFF760F800200349086001200349FA
:1068C00008700020C7E60000280000201B00002000
:1068D0008C020020E40400200C0000207B22526582
:1068E0006365697665223A7B2253746174757322FD
:1068F0003A32367D2C2246223A7B22547970652228
:106900003A2243616E73656C227D7D0A00000000AF
:106910007B2252656365697665223A7B22537461F6
:10692000747573223A32367D2C2246223A7B2254E9
:10693000797065223A22456E726F6C6C222C22535C
:106940007461747573223A25647D7D0A000000002D
:10695000900900207B2246223A7B225479706522DE
:106960003A22456E726F6C6C222C225374617475DE
:1069700073223A31387D7D0A000000007B224622D6
:106980003A7B2254797065223A22456E726F6C6CA4
:10699000222C22537461747573223A25647D7D0A1A
:1069A000000000007B2246223A7B22547970652247
:1069B0003A22456E726F6C6C222C2253746174758E
:1069C00073223A307D7D0A0000B58DB034216846CF
:1069D000FEF7D1FF6A4600214FF4987000F0CCFA20
:1069E000642000F0DDFD4FF416710248FEF7C3FF8E
:1069F0000DB000BD8C02002010B59AB0642101A832
:106A0000FEF7B9FF0024FFF7DFFF642000F0C8FDA8
:106A100001AA00214FF4837000F0AEFA0948827990
:106A200009A101A808F02AFE01A80AF0EBF8C82085
:106A300000F0B6FD4FF416710248FEF79CFF0020EF
:106A40001AB010BD8C0200207B2252656365697606
:106A500065223A7B22537461747573223A32367D13
:106A60002C2246223A7B2254797065223A224465D0
:106A70006C657465414C4C222C225374617475739F
:106A8000223A25647D7D0A0030B599B00446002085
:106A90001C490860FFF798FF642000F081FDE0B218
:106AA0008DF80000200A8DF801006A46022140F2AC
:106AB000051000F061FA642000F072FD1248807940
:106AC00030B91148827911A1684608F0D7FD09E074
:106AD0000D48017A407A01EB00252A460BA1684651
:106AE00008F0CCFD68460AF08DF8C82000F058FD8B
:106AF000FFF76AFF4FF416710348FEF73CFF0020D2
:106B000019B030BD280000208C0200207B22526585
:106B10006365697665223A7B2253746174757322CA
:106B20003A32367D2C2246223A7B225479706522F5
:106B30003A2244656C657465222C22537461747525
:106B400073223A25647D7D0A0000000010B59AB0DA
:106B500000201D490860FFF737FF0A2000F020FDE4
:106B600001AA002140F2071000F006FAFA2000F016
:106B700017FD16480078AA281DD1144840785528DA
:106B800019D11248017A407A01EB00249CB10F48D8
:106B9000807928B922460EA101A808F06FFD04E013
:106BA00022461B4901A808F069FD01A80AF02AF84D
:106BB0000A2000F0F5FC4FF416710448FEF7DBFEE6
:106BC00000201AB010BD0000280000208C02002018
:106BD0007B2252656365697665223A7B2253746134
:106BE000747573223A32367D2C2246223A7B225427
:106BF000797065223A22476574456D70747949440D
:106C0000222C224944223A25647D7D0A000000009E
:106C1000181201082DE9F043ADF5297D064600253F
:106C200000204C4908704C490860FFF7CDFE6420F5
:106C300000F0B6FC0020484908604FF41671474840
:106C4000FEF799FE642000F0ABFCF0B28DF8400234
:106C5000300A8DF84102642000F0A2FC90AA0221C3
:106C60004FF4857000F088F9642000F099FC00244E
:106C700013E03A48005DA5280ED13849601C085C35
:106C80005A2809D1A01C085C0A2805D1E01C085C20
:106C9000012801D1254603E0641CB4F5167FE8D332
:106CA00000BF2E49281D095C2C4A681D105C01EBB1
:106CB0000020071F114605F10800095C401C105C0C
:106CC00001EB00294FF40F7101A8FEF754FE4FF4B9
:106CD0007A7000F065FC002407E005F10A0020440A
:106CE0001E49085C01A90855641CBC42F5D301206B
:106CF0001849087019488079B0B93B46324618A146
:106D000090A808F0BBFC90A809F07CFF0A2000F0D6
:106D100047FC394601A8FFF71FFB0A2000F040FCA2
:106D20001EA009F06FFF0CE00C48017A407A01EBDD
:106D3000002842461BA190A808F0A0FC90A809F0EA
:106D400061FF4FF416710548FEF715FE0DF5297D1C
:106D5000BDE8F0831A000020280000208C020020EB
:106D60007B2246223A7B2254797065223A22526570
:106D7000616454656D706C617465222C22494422F3
:106D80003A25642C224461746153697A65223A255C
:106D9000642C2244617461223A220000227D7D0A23
:106DA000000000007B2246223A7B22547970652243
:106DB0003A225265616454656D706C617465222C71
:106DC00022537461747573223A25647D7D0A000034
:106DD00010B59AB0642101A8FEF7CDFD00204E4900
:106DE000086001AA00214FF4817000F0C5F80F205F
:106DF00000F0D6FB4948017A407A01EB002447486D
:106E00000078AA2819D145488079B8B94FF6F470AE
:106E100084427AD0002C78D0224641A101A808F003
:106E20002DFC01A809F0EEFE642101A8FEF7A3FDE8
:106E30004FF416713948FEF79EFD66E02046232C7C
:106E400053D006DC122828D015280FD021285AD17B
:106E500052E041283BD0A0F510502F3800282FD009
:106E6000A0F55B40C53800284DD137E0224637A158
:106E700001A808F003FC01A809F0C4FE00203D4968
:106E800008704FF416712548FEF775FD642101A8BE
:106E9000FEF771FD00201AB010BD221D2BA101A824
:106EA00008F0ECFB01A809F0ADFE4FF416711B4889
:106EB000FEF761FD642101A8FEF75DFD0020EAE711
:106EC0004FF416711548FEF756FD0020E3E74FF426
:106ED00016711248FEF74FFD0020DCE74FF41671E3
:106EE0000E48FEF748FD0020D5E74FF416710B4819
:106EF000FEF741FD0020CEE74FF416710748FEF77C
:106F00003AFD0020C7E700BF00BF4FF416710348E9
:106F1000FEF731FD0020BEE7280000208C02002093
:106F20007B2246223A7B2254797065223A224964B8
:106F3000656E74696679222C2254656D706C61747B
:106F400065223A25647D7D0A000000007B224622EE
:106F50003A7B2254797065223A224964656E7469DD
:106F60006679222C22537461747573223A25647DEC
:106F70007D0A00001B0000202DE9F0418EB005467F
:106F80000C469046002655208DF8040001A800F01C
:106F900019FA5536AA208DF805000DF1050000F00C
:106FA00011FAAA362846E91705EB11610912A5EB7B
:106FB0000121C9B28DF806100DF1060000F002FAA9
:106FC0002846E91705EB11610912A5EB01213144AF
:106FD0008EB2E91705EB1161090A8DF807100DF162
:106FE000070000F0EFF92846E91705EB116106EB01
:106FF00021218EB22046E11704EB11610912A4EBA6
:107000000121C9B28DF8081002A800F0DBF9204672
:10701000E11704EB11610912A4EB012131448EB296
:10702000E11704EB1161090A8DF809100DF109004F
:1070300000F0C8F92046E11704EB116106EB2121AD
:107040008EB200270EE018F80710B81D01AA1154DF
:1070500008EB070000F0B6F918F80700304486B2D4
:10706000781CC7B2A742EEDB09E00021B81D01AAD7
:107070001154B91D881800F0A5F9781CC7B2102F5B
:10708000F3DB3046F11706EB11610912A6EB012183
:10709000C9B28DF81A100DF11A0000F093F93046BC
:1070A000F11706EB1161090A8DF81B100DF11B0099
:1070B00000F088F900270EB0BDE8F0812DE9F0431B
:1070C0008DB004460E4617469946002500BF5A204B
:1070D0008DF80000684600F075F95A35A5208DF846
:1070E00001000DF1010000F06DF9A5352046E11712
:1070F00004EB11610912A4EB0121C9B28DF8021051
:107100000DF1020000F05EF92046E11704EB116179
:107110000912A4EB01210D44E11704EB1161090AE6
:107120008DF803100DF1030000F04CF92046E11733
:1071300004EB116105EB2125B01CC0B28DF80400F1
:1071400001A800F03FF9B01CC0B20544B01C000A11
:107150008DF805000DF1050000F034F9B01C05EBC9
:107160001025F8B28DF806000DF1060000F02AF99E
:10717000F8B20544380A8DF807000DF1070000F059
:1071800021F905EB17254FF000080BE009EB08008B
:1071900000F018F919F808000544052000F000FA7D
:1071A00008F10108B045F1D3E8B28DF82F000DF1D8
:1071B0002F0000F007F9280A8DF830000CA800F025
:1071C00001F94FF000080DB0BDE8F083F0B5ADF562
:1071D000297D07460D4614464FF40F7101A8FEF7AE
:1071E000CAFBA178607801EB00272179E07801EBF8
:1071F0000025062004E0225C811F01AB5A54401C8C
:10720000A91D8842F7D3FFF7DFFB642000F0C8F91F
:107210004FF416713548FEF7AEFB00203449086084
:10722000002603E0002090A98855761C642EF9D32F
:10723000642000F0B5F9E8B28DF84002280A8DF814
:1072400041024AF6AA202B490968086090AA022147
:1072500040F20B10FFF790FE642000F0A1F901ABA3
:107260003A46294640F20B10FFF728FF4AF6AA20BB
:107270002049096808604FF47A7000F091F91B48C2
:107280000078A52829D119488079002817D1A1783C
:10729000607801EB00221548017A407A01EB00206A
:1072A000824208D13A4614A190A808F0E7F990A8C4
:1072B00009F0A8FC11E020A009F0A4FC0DE00B48A7
:1072C000007A602802D128A009F09CFC0748007AC7
:1072D000702802D12FA009F095FC4FF416710348D5
:1072E000FEF749FB01200DF5297DF0BD8C02002041
:1072F00028000020900900207B2246223A7B22545D
:10730000797065223A22577269746554656D706CA4
:10731000617465222C22577269746554656D706CB6
:107320006174654944223A25642C22537461747552
:1073300073223A307D7D0A007B2246223A7B22541A
:10734000797065223A22577269746554656D706C64
:10735000617465222C22537461747573223A313042
:10736000307D7D0A000000007B2246223A7B2254B9
:10737000797065223A22577269746554656D706C34
:10738000617465222C22537461747573223A393604
:107390007D7D0A007B2246223A7B22547970652249
:1073A0003A22577269746554656D706C6174652218
:1073B0002C22537461747573223A3131327D7D0A07
:1073C0000000000010B5044601231A462146024879
:1073D00003F0A7FE10BD0000F00B002000B59FB029
:1073E000642106A8FEF7C7FAFFF7EEFA642000F062
:1073F000D7F8182212A16846FEF7A4FA3223192200
:107400006946154803F08DFE642000F0C9F8134862
:107410000078AA280DD111484078552809D10F4885
:10742000437A027A0E4906A808F028F906A809F05E
:10743000E9FB1E210948FEF79EFA1FB000BD0000BF
:1074400055AA12010000000000000000000000002A
:107450000000000000001201F00B00208C02002050
:10746000D411010870B50A480468001D0568001DA4
:107470000668344454B108220649204604F074FAE0
:10748000042204491031284604F06EFA70BD000051
:10749000E8F7FF1FFA0000200146002291F82100C2
:1074A000022808D00420886300BF002081F8200053
:1074B00000BF012070470868006820F00E000B68CC
:1074C00018600868006820F001000B68186091F8E7
:1074D000403001209840CB6B5860012081F821009A
:1074E00000BF002081F8200000BF1046E2E7000046
:1074F00070B50446002594F82100022803D004202A
:10750000A063012548E02068006820F00E00216893
:1075100008602068006820F00100216808601F49A9
:107520002068884201D1012026E01C4914312068DE
:10753000884201D110201FE0184928312068884274
:1075400001D1801518E015493C312068884201D1ED
:10755000801411E0114950312068884202D14FF463
:10756000803009E00D4964312068884202D14FF42F
:10757000801001E04FF08070084908394860012010
:1075800084F8210000BF002084F8200000BF606B59
:1075900010B12046616B8847284670BD0800024044
:1075A00070B5044600F0F0FA06462546681C10B196
:1075B00004480078054400BF00F0E6FA801BA842AA
:1075C000FAD370BD340100202DE9F04104460E4687
:1075D0000127002500BF2648007E012802D1022095
:1075E000BDE8F08101202249087600BF206802280A
:1075F00013D14CF25030FEF7A5FF90BB0120FEF7EF
:1076000027FF4CF25030FEF79DFF074619480069EE
:1076100020F004001749086123E04CF25030FEF7D7
:1076200091FFF0B94FF0FF303060A56812E02846B6
:10763000FEF722FF4CF25030FEF784FF07460D485C
:10764000006920F002000B4908610FB1356007E0C6
:1076500005F58065D4E9021001EB8020A842E6D848
:1076600000BF00BF00200249087600BF3846B7E7D8
:10767000181E0020002002400348006940F08000EE
:107680000149086100207047002002402DE9FE4FAB
:1076900005468B4617469846012600240020029096
:1076A00000BF2448007E012802D10220BDE8FE8FE1
:1076B00001202049087600BF4CF25030FEF742FF0F
:1076C000064686BB012D02D10120029006E0022D64
:1076D00002D10220029001E00420029000241EE06A
:1076E0002201B946C24648465146FEF71BF980B210
:1076F0000190022000FB04B000900199FEF7D0FE3B
:107700004CF25030FEF71EFF06460B48006920F091
:1077100001000949086106B104E0601CC4B2029886
:107720008442DDDB00BF00BF00200249087600BFB5
:107730003046BBE7181E0020002002400020084908
:10774000096901F0800151B10649054A51600649B5
:1077500051601146096901F0800101B101207047B3
:107760000020024023016745AB89EFCD10B50446E8
:10777000402C08D10021244802780078401C224B7C
:10778000187022488154802C08D101211E480278AB
:107790000078401C1C4B18701C4881541A48007813
:1077A000222824D100200DE017490978891E091AE2
:1077B000164A515C8140164A12681144144A1160FD
:1077C000411CC8B2104909788842EDDD10480068B4
:1077D00028B10F480FA10268134807F04FFF01209E
:1077E00012490870002008490870094908600648D5
:1077F0000078232806DB22210448FEF7BCF800208D
:107800000149087010BD00006000002078070020CA
:10781000640000207B2246616365223A7B22494452
:10782000223A25757D7D0A009A0700206900002014
:1078300010B5044604480068204020B102480460A6
:107840002046FFF793FF10BD140401402DE9F847CF
:107850000346002294466EE14FF0010808FA02F454
:10786000D1F8008008EA0400A0427DD1DFF8DCA254
:10787000D1F80480A8EB0A09D0453AD014DCB8F15D
:10788000030F50D009DCB8F1000F31D0B8F1010F6F
:107890001CD0B8F1020F49D120E0B8F1110F18D077
:1078A000B8F1120F42D11EE0B9F5881F25D006DCD1
:1078B000B9F5803F20D0B9F5801F37D11AE0B9F56E
:1078C000001F18D0B9F5041F30D117E0D1F80CC053
:1078D0002DE0D1F80C8008F1040C28E0D1F80C80E0
:1078E00008F1080C23E0D1F80C8008F10C0C1EE024
:1078F00000BF00BF00BF00BF00BF00BFD1F80880BD
:10790000B8F1000F02D14FF0040C0BE0D1F8088061
:10791000B8F1010F03D14FF0080C1C6102E04FF0E9
:10792000080C5C6103E04FF0000C00E000BF00BFFA
:10793000FF2801D8984601E003F104084646FF28D5
:1079400002D84FEA820803E0A2F108084FEA88084B
:107950004746D6F800804FF00F0909FA07F928EAE0
:1079600009080CFA07F900E088E048EA0908C6F8B7
:107970000080D1F8048008F08058B8F1805F7DD194
:1079800000BFDFF8CC81D8F8188048F00108DFF894
:10799000C091C9F81880C846D8F8188008F00108C6
:1079A000CDF8008000BF00BF4FEAB9384FEA920916
:1079B00058F829504FEA82784FEA18794FF00F08AB
:1079C00008FA09F825EA0805DFF88881434502D15D
:1079D0004FF0000816E0DFF88081434502D14FF0F8
:1079E00001080FE0DFF87481434502D14FF002082F
:1079F00008E0DFF86C81434502D14FF0030801E055
:107A00004FF004084FEA82794FEA197908FA09F829
:107A100048EA0505DFF84C814FEA920948F82950F9
:107A2000D1F8048008F48038B8F5803F0AD1DFF837
:107A30003881D8F8008048EA0008DFF82C91C9F8AE
:107A4000008009E0DFF82081D8F8008028EA0008EB
:107A5000DFF81491C9F80080D1F8048008F40038E8
:107A6000B8F5003F10D1DFF8008108F10408D8F81C
:107A7000008048EA0008DFF8F09000E05AE009F1E1
:107A80000409C9F800800DE0DFF8DC8008F1040883
:107A9000D8F8008028EA0008DFF8CC9009F1040942
:107AA000C9F80080D1F8048008F48018B8F5801F68
:107AB0000ED1DFF8B48008F10808D8F8008048EA51
:107AC0000008DFF8A49009F10809C9F800800DE06A
:107AD000DFF8948008F10808D8F8008028EA000848
:107AE000DFF8849009F10809C9F80080D1F8048012
:107AF00008F40018B8F5001F0ED1DFF86C8008F10B
:107B00000C08D8F8008048EA0008DFF85C9009F11A
:107B10000C09C9F800800DE0DFF84C8008F10C0872
:107B2000D8F8008028EA0008DFF83C9009F10C0939
:107B3000C9F80080521CD1F8008028FA02F8B8F188
:107B4000000F7FF489AEBDE8F88700000000111037
:107B50000010024000080140000C014000100140EC
:107B600000140140080001400004014002469368EF
:107B70000B400BB1012000E0002070470AB1016109
:107B800001E00B0403617047014800687047000082
:107B90002C01002070B504460CB9012070BD94F88A
:107BA0003D0028B9002084F83C00204600F0F0FC9D
:107BB000242084F83D002068006820F0010021683E
:107BC00008602068006840F4004021680860206870
:107BD000006820F400402168086001F051FF05466C
:107BE0005C496068884206D85B48854201D2012022
:107BF00007E0002005E05948854201D2012000E05D
:107C00000020012800D1C9E75548B5FBF0F62068EF
:107C1000406820F03F003043216848604D4960686B
:107C2000884201D8701C07E04FF4967070434FF4FF
:107C30007A71B0FBF1F0401C2168096A21F03F0124
:107C400008432168086243496068884214D8681E66
:107C500061684900B0FBF1F0401CC0F30B00042840
:107C600001D204203DE0681E61684900B0FBF1F0DC
:107C7000401CC0F30B0034E0A06838B9681E61688E
:107C800001EB4101B0FBF1F0401C0AE0681E6168A5
:107C900001EBC10202EB0111B0FBF1F0401C40F41A
:107CA0008040C0F30B0008B901201AE0A06848B971
:107CB000681E616801EB4101B0FBF1F0401CC0F3AC
:107CC0000B000CE0681E616801EBC10202EB0111C0
:107CD000B0FBF1F0401CC0F30B0040F4804040F4D6
:107CE00000402168C9694CF6FF729143084321683E
:107CF000C861D4E9070108432168096821F0C0017F
:107D0000084321680860D4E90310084321688968A2
:107D100048F2FF329143084321688860D4E90501A5
:107D200008432168C96821F0FF0108432168C86041
:107D30002068006840F0010021680860002020648D
:107D4000202084F83D000020206384F83E0000BF1E
:107D500024E70000A086010080841E0000093D0089
:107D600040420F002DE9FC470446894617469846D5
:107D70000A9E00200190FFF707FF054694F83D009A
:107D800020286FD119230122C8492046009503F00D
:107D900041FC10B10220BDE8FC8700BF94F83C0014
:107DA000012801D10220F6E7012084F83C0000BF41
:107DB0002068006800F0010028B92068006840F0E1
:107DC0000100216808602068006820F400602168D4
:107DD0000860222084F83D00102084F83E00002036
:107DE00020646762A4F82A80608D2085B048E06234
:107DF0002B4632464946204603F032FA08B10120AC
:107E0000C9E7208D88B900BF002000902068406934
:107E1000009020688069009000BF00BF2068006863
:107E200040F40070216808604BE0208D01281AD1D1
:107E30002068006820F480602168086072B600BF86
:107E400000200090206840690090206880690090C0
:107E500000BF00BF2068006840F40070216808601F
:107E600062B62EE020E1208D022819D1206800683A
:107E700040F400602168086072B600BF00200090E6
:107E800020684069009020688069009000BF00BFB2
:107E90002068006820F480602168086062B610E005
:107EA0002068006840F480602168086000BF0020FE
:107EB000009020684069009020688069009000BFB1
:107EC00000BFE2E0208D03287ED8208D012815D147
:107ED0002A463146204603F047FC08B101205AE704
:107EE00020680069616A0870606A401C6062208DC9
:107EF000401E2085608D401E6085C6E0208D0228D2
:107F00002CD1334600226B492046009503F082FBBA
:107F100008B101203FE772B62068006840F40070A5
:107F20002168086020680069616A0870606A401C06
:107F30006062208D401E2085608D401E608562B687
:107F400020680069616A0870606A401C6062208D68
:107F5000401E2085608D401E608596E033460022DD
:107F600054492046009503F055FB08B1012012E763
:107F70002068006820F480602168086072B620687C
:107F80000069616A0870606A401C6062208D401E52
:107F90002085608D401E6085474800681921B0FB30
:107FA000F1F04FF47A71B0FBF1F0C0EBC00000EBE0
:107FB0008000019000BF0198401E01900198A8B96F
:107FC00000202063202000E038E084F83D000020FD
:107FD00084F83E00206C40F02000206462B600BFB0
:107FE000002084F83C0000BF0120D4E620684069EE
:107FF000C0F380000028DED02068006840F40070E4
:108000002168086020680069616A0870606A401C25
:108010006062208D401E2085608D401E608562B6A6
:1080200020680069616A0870606A401C6062208D87
:10803000401E2085608D401E608526E02A46314620
:10804000204603F091FB08B10120A4E620680069F6
:10805000616A0870606A401C6062208D401E208545
:10806000608D401E608520684069C0F3800060B16B
:1080700020680069616A0870606A401C6062208D37
:10808000401E2085608D401E6085208D00287FF475
:1080900019AF202084F83D00002084F83E0000BF86
:1080A00084F83C0000BF76E6022074E6020010006F
:1080B0000000FFFF04000100480100202DE9F84303
:1080C0000446894616461F46DDF82080FFF75CFD12
:1080D000054694F83D0020287ED1192301225149FC
:1080E0002046009503F096FA10B10220BDE8F8830F
:1080F00000BF94F83C00012801D10220F6E70120DE
:1081000084F83C0000BF2068006800F0010028B936
:108110002068006840F0010021680860206800685D
:1081200020F4006021680860212084F83D001020C0
:1081300084F83E000020206466626785608D20859B
:108140003948E0622B4642464946204603F024F96E
:1081500008B10120CAE700BF0020009020684069F4
:10816000009020688069009000BF00BF44E02A466C
:108170004146204603F038FB50B1206C042805D15D
:108180002068006840F40070216808600120ADE7B5
:10819000606A007821680861606A401C6062608DD6
:1081A000401E6085208D401E208520684069C0F3F8
:1081B000800070B1208D60B1606A0078216808612C
:1081C000606A401C6062608D401E6085208D401E8C
:1081D00020852A46414600E022E0204603F0ECF9E3
:1081E00050B1206C042805D12068006840F400706C
:1081F00021680860012079E7208D0028B7D1206828
:10820000006840F4007021680860202084F83D0078
:10821000002084F83E0000BF84F83C0000BF65E702
:10822000022063E7020010000000FFFF2DE9FE4F6F
:1082300004460F4690469946DDE90CAB0E9E0020A1
:108240000290FFF7A1FC054694F83D00202872D16A
:1082500019230122CA492046009503F0DBF910B129
:108260000220BDE8FE8F00BF94F83C00012801D138
:108270000220F6E7012084F83C0000BF2068006877
:1082800000F0010028B92068006840F00100216872
:1082900008602068006820F40060216808602220DF
:1082A00084F83D00402084F83E0000202064C4F89B
:1082B00024A0A4F82AB0608D2085B248E0624B4625
:1082C000424639462046CDE9006503F0C5F808B1BD
:1082D0000120C6E7208D88B900BF002001902068EA
:1082E0004069019020688069019000BF00BF20684C
:1082F000006840F40070216808604BE0208D012880
:108300001AD12068006820F480602168086072B685
:1083100000BF0020019020684069019020688069BA
:10832000019000BF00BF2068006840F40070216821
:10833000086062B62EE020E1208D022819D1206865
:10834000006840F400602168086072B600BF002039
:10835000019020684069019020688069019000BF09
:1083600000BF2068006820F480602168086062B661
:1083700010E02068006840F480602168086000BF59
:108380000020019020684069019020688069019078
:1083900000BF00BFE2E0208D03287DD8208D01289A
:1083A00015D12A463146204603F0DEF908B10120F6
:1083B00057E720680069616A0870606A401C606263
:1083C000208D401E2085608D401E6085C6E0208D7A
:1083D00002282CD1334600226B492046009503F039
:1083E00019F908B101203CE772B62068006840F432
:1083F00000702168086020680069616A0870606A1E
:10840000401C6062208D401E2085608D401E60856E
:1084100062B620680069616A0870606A401C606228
:10842000208D401E2085608D401E608596E033467D
:10843000002255492046009503F0ECF808B10120D0
:108440000FE72068006820F480602168086072B639
:1084500020680069616A0870606A401C6062208D53
:10846000401E2085608D401E6085484800681921A7
:10847000B0FBF1F04FF47A71B0FBF1F0C0EBC0004B
:1084800000EB8000029000BF0298401E029002980C
:10849000A8B90020206300E039E0202084F83D00E6
:1084A000002084F83E00206C40F02000206462B67A
:1084B00000BF002084F83C0000BF0120D1E6206806
:1084C0004069C0F380000028DED02068006840F4D6
:1084D00000702168086020680069616A0870606A3D
:1084E000401C6062208D401E2085608D401E60858E
:1084F00062B620680069616A0870606A401C606248
:10850000208D401E2085608D401E608526E02A4615
:108510003146204603F028F908B10120A1E6206881
:108520000069616A0870606A401C6062208D401EAC
:108530002085608D401E608520684069C0F3800002
:1085400060B120680069616A0870606A401C6062FE
:10855000208D401E2085608D401E6085208D002866
:108560007FF419AF202084F83D00002084F83E00FD
:1085700000BF84F83C0000BF73E6022071E60000F3
:10858000020010000000FFFF04000100480100206D
:1085900010B586B004460020029003900490059028
:1085A0001A49206888422FD100BF1948806940F0DD
:1085B0000800174988610846806900F008000190AA
:1085C00000BF00BF4FF440700290122003900320C0
:1085D000059002A90F48FFF739F900BF0E49486816
:1085E00040F0E06040F00200486000BF00BF084873
:1085F000C06940F400100649C8610846C06900F42B
:108600000010019000BF00BF06B010BD0054004034
:1086100000100240000C01400000014070B504460B
:108620000CB9012070BD4CF6CC402168086045F2C1
:10863000555021680860D4E9001048602168A0689E
:108640008860FFF7A1FA05460BE0FFF79DFA401B93
:10865000272806D92068C06800F0030008B103206D
:10866000E0E72068C06800F003000028EDD14AF67A
:10867000AA20216808600020D4E7000003480068B1
:108680000349097808440149086070472C0100201B
:108690003401002010B50848006840F01000064979
:1086A0000860032000F0CAF8002000F007F800F08E
:1086B0002BF8002010BD00000020024070B50446D9
:1086C0000E4800784FF47A71B1FBF0F00C4909685C
:1086D000B1FBF0F5284602F08AF808B1012070BD20
:1086E000102C07D200222146501E00F069F80548E0
:1086F000046001E00120F2E70020F0E734010020EF
:10870000480100203001002008B500BF11488069F1
:1087100040F001000F4988610846806900F00100BF
:10872000009000BF00BF00BF0846C06940F0805005
:10873000C8610846C06900F08050009000BF00BFCB
:1087400000BF0549486820F0E06040F000704860D4
:1087500000BF08BD001002400000014010B50146F6
:108760000846002817DB00F01F0301229A400B4B3C
:10877000440943F8242000BF00BF00BFBFF34F8F60
:1087800000BF00BF00BF00BF00BF00BFBFF36F8FBF
:1087900000BF00BF00BF00BF10BD000080E100E0CF
:1087A00001460846002809DB00F01F0301229A4019
:1087B00043099B0003F1E023C3F8002100BF704789
:1087C0002DE9F05F80460D461646002706F06AFF49
:1087D000074639462A46334601F00700C0F1070A2A
:1087E000BAF1040F02D94FF0040A01E0C0F1070A00
:1087F000D14600F1040ABAF1070F02D24FF0000A85
:1088000001E0A0F1030AD4464FF0010A0AFA09FA7E
:10881000AAF1010A0AEA020A0AFA0CFA4FF0010B5D
:108820000BFA0CFBABF1010B0BEA030B4AEA0B044E
:108830002146404606F03EFFBDE8F09F00BF00F035
:108840000702064B19684FF6FF031940044B0B4310
:1088500043EA0221014B196000BF70470CED00E0B4
:108860000000FA0570B505460C4604F0800080282B
:1088700008D104F0070000EB800605F1280000EBAA
:10888000C60105E004EB840605F5B47000EBC601F3
:108890001AB900200873CB8004E0012008730B8113
:1088A000180C4881002070BD704770B504460D4615
:1088B00005EB850304F1280101EBC3014A69294650
:1088C000D4F8E80204F086FF70BD70B504460D468A
:1088D00005EB850304F5B47101EBC3014A69294630
:1088E000D4F8E80204F0F6FF70BD70B504460E46F9
:1088F00006F0800080280AD106F0070000EB800116
:1089000004F1280000EBC1050120687009E006F0C1
:10891000070000EB800104F5B47000EBC1050020F6
:10892000687006F00700287000BF94F8A8020128BC
:1089300001D1022070BD012084F8A80200BF2946A1
:10894000206805F04FFE00BF002084F8A80200BF99
:1089500000BFEFE770B504460E4606F00F006168F1
:10896000884201D9012070BD06F0800080280AD11C
:1089700006F0070000EB800104F1280000EBC105C0
:108980000120687009E006F0070000EB800104F5A3
:10899000B47000EBC105002068700020A87006F0DC
:1089A0000700287000BF94F8A802012801D1022016
:1089B000D9E7012084F8A80200BF2946206805F005
:1089C0006DFF00BF002084F8A80200BF00BFCAE707
:1089D0002DE9F04105460C46174607F48040002873
:1089E00050D02868B0F85010207801EBC000801CEF
:1089F000296801F5806131F81000C0F30906A0690B
:108A0000B04203D3A069801BA06101E00020A061F7
:108A1000A069A8B900BF22785200296831F8121065
:108A20004BF68F7201EA020080F4005040F40041DE
:108A300041F0800123785B002A6822F8131000BF00
:108A400007F04000A8B100BF00BF2278520029689B
:108A500031F8121048F68F7201EA020040F400412A
:108A600041F0C00123785B002A6822F8131000BF90
:108A700000BF002E55D0228961693346286806F070
:108A800083FD4EE02868B0F85010207801EBC0005C
:108A9000801D296801F5806131F81000C0F30906D6
:108AA000A069B04203D3A069801BA06101E000204F
:108AB000A061A069A8B900BF22785200296831F8E6
:108AC00012104BF68F7201EA020080F4005040F45D
:108AD000004141F0800123785B002A6822F81310DE
:108AE00000BF07F04000A8B900BF00BF22785200C5
:108AF000296831F8121048F68F7201EA020040F43A
:108B0000004141F0C00123785B002A6822F813106D
:108B100000BF00BF2EB1628961693346286806F044
:108B200033FD3046BDE8F0812DE9F04705460C469F
:108B3000904608F04000002871D02868B0F8501026
:108B4000207801EBC000801C296801F5806131F8B4
:108B50001000C0F30907A069B84203D9A069C01B7F
:108B6000A06101E00020A061A06900287ED100BFC3
:108B70006078C8B900BF29682A68B2F8502011444B
:108B80002278022303EBC20201F5806303EB42006B
:108B900000BF028848F2FF331A400280028842F484
:108BA0000042028000BF13E06078012810D100BFAE
:108BB00028682A68B2F8502010442278022303EB78
:108BC000C20200F5806303EB420100220A8000BF6D
:108BD00000BF00BF2968607810BB00BF2B68D5F8C4
:108BE00000C0BCF850C0634494F800C04FF00609C0
:108BF00009EBCC0C03F5806909EB4C0000BFB0F821
:108C000000C048F2FF390CEA090CA0F800C0B0F827
:108C100000C04CF4004CA0F800C000BF11E0C0E060
:108C2000607801280DD12868B0F850000144207800
:108C3000062303EBC00001F5806303EB4002002034
:108C4000108000BF21782846FFF72FFE08F48040EF
:108C5000002816D000BF00BF22785200296831F8E2
:108C6000121048F68F7201EA020000E00AE040F4B8
:108C7000004141F4814123785B002A6822F81310F7
:108C800000BFCAE108F48040A8B100BF00BF22784D
:108C90005200296831F8121048F68F7201EA02007A
:108CA00040F4004141F4814223785B00296821F8B7
:108CB000132000BF00BF94F824000128E1D16069AF
:108CC00038446061E0693844E0612169206A884283
:108CD00004D32669206A801B20620BE0206A20B939
:108CE0003E46002084F8240004E0002084F824009C
:108CF000266A206200BF6078B8BB00BF2A68296876
:108D0000B1F850100A442178022303EBC10102F5A7
:108D1000806303EB4101084600BF56B9038848F25F
:108D2000FF3C03EA0C030380038843F40043038001
:108D300019E03E2E0BD800BF710806F0010303B105
:108D4000491C4FF6FF7303EA812303800BE000BF49
:108D5000710906F01F0303B9491E4FF4004343EAAB
:108D60008123038000BF00BF13E0FFE76078012884
:108D70000FD100BF28682A68B2F85020104422782A
:108D8000022303EBC20200F5806303EB42010E8075
:108D900000BF00BFB3B222896169286806F023FCD6
:108DA0003BE12868B0F85010207801EBC000801D2E
:108DB000296801F5806131F81000C0F30907A06946
:108DC000B84203D3A069C01BA06101E00020A061EC
:108DD000A06900287DD100BF6078C8B900BF2968AC
:108DE0002A68B2F8502011442278022303EBC20211
:108DF00001F5806303EB420000BF028848F2FF33B5
:108E00001A400280028842F40042028000BF13E050
:108E10006078012810D100BF28682A68B2F8502075
:108E200010442278022303EBC20200F5806303EBB7
:108E3000420100220A8000BF00BF00BF296860789D
:108E400008BB00BF2B68D5F800C0BCF850C0634415
:108E500094F800C04FF0060909EBCC0C03F58069CB
:108E600009EB4C0000BFB0F800C048F2FF390CEA33
:108E7000090CA0F800C0B0F800C04CF4004CA0F8F9
:108E800000C000BF10E0607801280DD12868B0F85C
:108E9000500001442078062303EBC00001F58063F5
:108EA00003EB40020020108000BF21782846FFF726
:108EB000FCFC08F48040002816D100BF00BF2278D7
:108EC0005200296831F8121048F68F7201EA020048
:108ED00000E00AE040F4004141F4814123785B0066
:108EE0002A6822F8131000BF97E008F48040A8B960
:108EF00000BF00BF22785200296831F8121048F6EE
:108F00008F7201EA020040F4004141F4814123786C
:108F10005B002A6822F8131000BF00BF94F82400F9
:108F200001287AD1606938446061E0693844E061C1
:108F30002169206A884204D32669206A801B206246
:108F40000BE0206A20B93E46002084F8240004E0AB
:108F5000266A0020206284F8240000BF2A68607816
:108F600090BB00BFD5F800C02968B1F850108C4400
:108F700021784FF0060909EBC1010CF5806909EB76
:108F80004101084600BF76B9B0F8009048F2FF3AB8
:108F900009EA0A09A0F80090B0F8009049F40049E5
:108FA000A0F8009020E03E2E0FD800BF710806F018
:108FB0000109B9F1000F00D0491C4FF6FF7909EA09
:108FC0008129A0F800900FE010E000BF710906F0C1
:108FD0001F09B9F1000F00D1491E4FF4004949EAB9
:108FE0008129A0F8009000BF00BF0FE06078012841
:108FF0000CD12868B0F8500002442078062101EB1B
:10900000C00002F5806101EB40031E8000BFB3B2D7
:1090100062896169286806F0E6FA00BF227852008A
:10902000296831F8121048F6BF7201EA020080F098
:10903000100080F0200040F4004141F080012378CE
:109040005B002A6822F8131000BF0020BDE8F087FB
:10905000024601F0070000EB800302F5B47000EB5C
:10906000C300C06970472DE9F04705460E4690469B
:109070001F464FF0000906F0800080280AD106F054
:10908000070000EB800105F1280000EBC10401207E
:10909000607009E006F0070000EB800105F5B47090
:1090A00000EBC1040020607006F007002070C4F8D7
:1090B0001080E770607808B12078E081022F01D13C
:1090C0000020207100BF95F8A802012802D10220DB
:1090D000BDE8F087012085F8A80200BF2146286876
:1090E00005F056F800BF002085F8A80200BF4846EA
:1090F000EEE72DE9F04105460E461746984606F084
:10910000070000EB800105F5B47000EBC104676156
:10911000C4F818800020E061607006F0070020703D
:1091200006F0070020B92146286805F052FC03E04C
:109130002146286805F04DFC0020BDE8F08170B59F
:1091400004460D4605F007006168884201D90120F8
:1091500070BD05F0800080280AD105F0070000EB03
:10916000800104F1280000EBC1060120707007E0C7
:1091700005EB850104F5B47000EBC10600207070AA
:109180000120B07005F00700307000BF94F8A8020D
:10919000012801D10220DBE7012084F8A80200BFEA
:1091A0003146206805F0E7FB05F0070020B904F51B
:1091B0002C71206805F06FFB00BF002084F8A80226
:1091C00000BF00BFC4E72DE9F04105460E469046BA
:1091D0001F4606F0070000EB800105F1280000EBB8
:1091E000C104C4F81480A761012084F82400276218
:1091F0000020E0610120607006F00700207006F09A
:10920000070020B92146286805F0E3FB03E021466A
:10921000286805F0DEFB0020BDE8F0817FB504463C
:10922000206806F0ADF900F40040B0F5004F02D11F
:10923000204602F0DDFE206806F0A2F900F480600E
:10924000B0F5806F0FD12068B0F844004FF6FF31C1
:1092500008402168A1F84400204600F09FF9002151
:10926000204600F0BBF9206806F08AF900F480403F
:10927000B0F5804F08D12068B0F844004BF6FF717C
:1092800008402168A1F84400206806F079F900F44C
:109290000050B0F5005F08D12068B0F844004DF6EA
:1092A000FF7108402168A1F84400206806F068F9C1
:1092B00000F48050B0F5805F1DD12068B0F8400008
:1092C0004FF6FB7108402168A1F840002068B0F813
:1092D00040004FF6F77108402168A1F84000204691
:1092E00000F06EF92068B0F844004EF6FF710840B7
:1092F0002168A1F84400206806F042F900F40060FB
:10930000B0F5006F55D1002507E06900206830F8FE
:1093100011002DF81500681CC5B2082DF5D3206882
:10932000B0F8400040F001002168A1F8400020683A
:10933000B0F840004FF6FE7108402168A1F84000E7
:1093400000BF2068B0F8440000F480600028F8D026
:109350002068B0F844004FF6FF3108402168A1F8BA
:109360004400002507E03DF815006A00216821F857
:109370001200681CC5B2082DF5D32068B0F8400073
:1093800040F008002168A1F840002068B0F84400CF
:109390004FF2FF7108402168A1F844002068B0F83E
:1093A000400040F004002168A1F84000204600F091
:1093B00057F9206806F0E4F800F40070B0F5007F7B
:1093C0000BD12068B0F844004FF6FF5108402168E7
:1093D000A1F84400204600F0FAF8206806F0D0F822
:1093E00000F48070B0F5807F08D12068B0F84400A8
:1093F0004FF6FF6108402168A1F844007FBD30B5F9
:1094000085B0044614B9012005B030BD94F8A90216
:1094100028B9002084F8A802204600F09DF8032017
:1094200084F8A902206805F02CFA142204F1100136
:109430006846FCF787FA94E80F0005F0CFF820B1F2
:10944000022084F8A9020120DEE70021206806F04E
:10945000C0F8002531E0012105EB850204F1280068
:1094600000EBC200417005EB850104F1280000F813
:10947000315005EB850100EBC100C581002105EBF2
:10948000850204F1280000EBC200C17005EB8502E3
:1094900004F1280000EBC200016105EB850204F134
:1094A000280000EBC200416105EB850204F12800B1
:1094B00000EBC2008161681CC5B26068A842CAD8CE
:1094C00000252AE0002105EB850204F5B47000EBCD
:1094D000C200417005EB850104F5B47000F831500D
:1094E000002105EB850200EBC200C17005EB85028F
:1094F00004F5B47000EBC200016105EB850204F5D0
:10950000B47000EBC200416105EB850204F5B47054
:1095100000EBC2008161681CC5B26068A842D1D866
:10952000142204F110016846FCF70CFA94E80F00CD
:1095300005F09CF920B1022084F8A902012063E71C
:10954000002084F82400012084F8A902206805F096
:109550008AF9002058E7000038B504460D49206814
:10956000884215D100BF0C48C06940F400000A4988
:10957000C8610846C06900F40000009000BF00BF49
:10958000002211461420FFF71BF91420FFF708F9F9
:1095900038BD0000005C00400010024070B5044679
:1095A0000125A068022801D0FCF74AFF2946D4F81B
:1095B000E80204F0C3FAD4F8E80204F075FA70BDCA
:1095C00010B50446D4F8E80204F09CFA10BD10B5BA
:1095D0000446D4F8E80204F0A0FA10BD70B50446C1
:1095E0000D4600BF94F8A802012801D1022070BDE9
:1095F000012084F8A80200BF84F82450294620687E
:1096000005F0EAFF00BF002084F8A80200BF00BFF9
:10961000EDE710B5044604F52C71D4F8E80204F027
:10962000A4FA10BD10B5044600BF94F8A8020128A2
:1096300001D1022010BD012084F8A80200BF2068DB
:1096400005F08CFF01212046FFF72EF9206805F078
:1096500007F900BF002084F8A80200BF00BFE9E7B7
:1096600010B50446D4F8E80204F0D8FAA06928B18D
:109670000348006840F006000149086010BD000082
:1096800010ED00E0012001490862704700000E4221
:109690002DE9F04385B006463BA30FCB01AC0FC4C8
:1096A0003DA0006800904FF000080025002700242E
:1096B000A146012E30D0022E55D0102E5ED1374853
:1096C0004468006800F0807000B301A8C4F38341CF
:1096D000475C04F4803070B130484068C0F34040CB
:1096E0001DF8008004F4803040B12D48B0FBF8F044
:1096F00000FB07F502E02B4807FB00F52748406810
:1097000000F48000B0F5800F01D1A94603E06800A5
:109710000321B0FBF1F932E02048046A04F4407000
:10972000B0F5807F05D104F0020010B14FF400497C
:1097300018E004F44070B0F5007F07D11748406A84
:1097400000F0020010B149F640490BE004F440700B
:10975000B0F5407F06D11148006800F4003008B130
:109760004FF224490BE000F09BF90C494968C1F322
:109770008131491C4900B0FBF1F900E000BF00BF96
:10978000484605B0BDE8F083020304050607080952
:109790000A0B0C0D0E0F1010010200000010024009
:1097A00000127A0000093D00F8B5044600260025A5
:1097B000207800F0010000286BD000274348C069E2
:1097C00000F0805070B900BF4048C06940F0805040
:1097D0003E49C8610846C06900F08050009000BF53
:1097E00000BF01273A48006800F48070B0B93848DB
:1097F000006840F4807036490860FEF7C5F90646F7
:1098000006E0FEF7C1F9801B642801D90320F8BDEA
:109810002F48006800F480700028F2D02B48006ABE
:1098200000F440752DB3A08800F44070A84220D009
:109830002648006A20F4407501202649086000206F
:1098400008602248056205F0010090B1FEF79CF91E
:10985000064608E0FEF798F9801B41F288318842FD
:1098600001D90320D3E71948006A00F0020000285C
:10987000F0D01648006A20F440706168084313492C
:109880000862012F04D10846C06920F08050C861E9
:1098900000BF207800F00200022807D10B48406882
:1098A00020F44040A168084308494860207800F04F
:1098B0001000102807D10548406820F48000E168B6
:1098C0000843024948600020A1E700000010024060
:1098D00000700040400442427047000070B50446EA
:1098E0000D460CB9012070BD5A48006800F0070011
:1098F000A8420ED25748006820F007002843554977
:1099000008600846006800F00700A84201D0012066
:10991000E9E7207800F0020002281DD1207800F04D
:109920000400042805D14C48406840F4E0604A49EE
:109930004860207800F00800082805D146484068B3
:1099400040F46050444948604348406820F0F000CB
:10995000A168084340494860207800F0010078B3CE
:109960006068012806D13C48006800F4003090B9D6
:109970000120B8E76068022806D13748006800F087
:10998000007040B90120AEE73348006800F00200E3
:1099900008B90120A7E73048406820F0030061685B
:1099A00008432D494860FEF7EFF8064609E0FEF748
:1099B000EBF8801B41F28831884202D9032092E7FC
:1099C00007E02548406800F00C006168B0EB810FAB
:1099D000EDD12048006800F00700A8420ED91D48CC
:1099E000006820F0070028431A490860084600680C
:1099F00000F00700A84201D0012074E7207800F0B1
:109A00000400042807D11448406820F4E060E168AD
:109A1000084311494860207800F00800082808D160
:109A20000D48406820F46050216940EAC1000A49AD
:109A3000486000F045F808494968C1F30311074A36
:109A4000515CC8400649086006480068FEF736FECB
:109A5000002048E700200240001002400C110108DD
:109A6000480100203001002001200149C8647047EE
:109A70000000424201480068704700004801002091
:109A800000B5FFF7F7FF04494968C1F30221034A13
:109A9000515CC84000BD0000001002401C110108CC
:109AA00000B5FFF7E7FF04494968C1F3C221034A43
:109AB000515CC84000BD0000001002401C110108AC
:109AC000F0B585B00FF26C0C9CE8E01001A8A0E89E
:109AD000E0101CA52D680095002100220023002421
:109AE0000020194D696801F00C05F5B1042D02D074
:109AF000082D19D101E0154819E001ADC1F38346E5
:109B0000AC5D01F4803555B10F4D6D68C5F340452E
:109B10001DF805200D4D6543B5FBF2F302E00C4D39
:109B200004FB05F3184602E000BF084800BF00BF71
:109B300005B0F0BD02030405060708090A0B0C0D69
:109B40000E0F1010010200000010024000127A00F7
:109B500000093D0010B50648806800F080008028AC
:109B600004D1FFF7B9FE80200149887210BD0000C2
:109B700000100240F8B504460CB90120F8BD207869
:109B800000F00100002878D0F848406800F00C0090
:109B900004280CD0F548406800F00C00082811D1CA
:109BA000F248406800F48030B0F5803F0AD1EF48B9
:109BB000006800F4003000285FD0606800285CD1A5
:109BC0000120DBE700BF6068B0F5803F06D1E748C1
:109BD000006840F48030E549086028E0606858B9C2
:109BE000E248006820F48030E049086008460068D8
:109BF00020F4802008601AE06068B0F5A02F0BD137
:109C0000DA48006840F48020D849086008460068B7
:109C100040F4803008600AE0D448006820F48030C6
:109C2000D24908600846006820F48020086000BF20
:109C3000606888B1FDF7A8FF054606E0FDF7A4FFC0
:109C4000401B642801D9032098E7C848006800F445
:109C500000300028F2D010E0FDF796FF054606E040
:109C6000FDF792FF401B642801D9032086E7BF4817
:109C7000006800F400300028F2D1207800F00200E3
:109C8000022857D1B948406800F00C0050B1B748DD
:109C9000406800F00C00082818D1B448406800F46F
:109CA000803098B9B148006800F0020020B1206906
:109CB000012801D0012061E7AC48006820F0F800DD
:109CC000616940EAC100A949086033E02069E8B150
:109CD0000120A7490860FDF757FF054606E0FDF79C
:109CE00053FF401B022801D9032047E79F48006823
:109CF00000F002000028F2D09C48006820F0F80034
:109D0000616940EAC1009949086013E00020984960
:109D10000860FDF739FF054606E0FDF735FF401BFB
:109D2000022801D9032029E79048006800F00200CA
:109D30000028F2D1207800F0080008282DD1A06971
:109D4000B8B101208B490860FDF71EFF054606E00B
:109D5000FDF71AFF401B022801D903200EE78348B4
:109D6000406A00F002000028F2D0012002F04AFB15
:109D700013E000207F490860FDF706FF054606E076
:109D8000FDF702FF401B022801D90320F6E67748C1
:109D9000406A00F002000028F2D1207800F00400B0
:109DA000042873D100277148C06900F0805070B951
:109DB00000BF6E48C06940F080506C49C8610846D9
:109DC000C06900F08050009000BF00BF01276A48C2
:109DD000006800F48070B0B96748006840F4807093
:109DE00065490860FDF7D0FE054606E0FDF7CCFEAC
:109DF000401B642801D90320C0E65F48006800F4D6
:109E000080700028F2D000BFE068012806D15748D2
:109E1000006A40F001005549086227E0E06858B93F
:109E20005248006A20F00100504908620846006A62
:109E300020F00400086219E0E06805280BD14B48C7
:109E4000006A40F00400494908620846006A40F090
:109E5000010008620AE04548006A20F00100434919
:109E600008620846006A20F00400086200BFE0684B
:109E7000A0B1FDF789FE054609E0FDF785FE401B10
:109E800041F28831884202D9032077E622E0374840
:109E9000006A00F002000028EFD012E0FDF774FE27
:109EA000054608E0FDF770FE401B41F2883188420C
:109EB00001D9032062E62D48006A00F00200002864
:109EC000F0D1012F05D12948C06920F080502749E1
:109ED000C86100BFE069C8B32448406800F00C00C6
:109EE000082860D0E069022848D10020204908668F
:109EF000FDF74AFE054606E0FDF746FE401B022838
:109F000001D903203AE61948006800F000700028E3
:109F1000F2D1206AB0F5803F07D11448406820F4A0
:109F20000030A168084311494860D4E9080108439A
:109F30000E49496821F4741108430C494860012016
:109F40000B490866FDF720FE054607E03DE0FDF7FA
:109F50001BFE401B022801D903200FE603480068BE
:109F600000F000700028F2D02FE000000010024046
:109F70000000424280044242007000400020144928
:109F80000866FDF701FE054606E0FDF7FDFD401BF6
:109F9000022801D90320F1E50E48006800F00070A6
:109FA0000028F2D111E0E069012800D1E6E5094876
:109FB000466806F48031206A814204D106F47011AB
:109FC000606A814201D00120D8E50020D6E500007A
:109FD00000004242001002402DE9F04780460E4644
:109FE0009246002500270024A146404602F063FA6D
:109FF00081462548B9FBF0F424480068A04240D0CF
:10A000002248046040F2B2750EE0284605F018FDC3
:10A01000012806D1B4F5B77F02D3A4F5B77402E0E6
:10A0200005E0A4F26D146D1CB4F5B67FEDD800BF49
:10A030002F46A5F5FA60F070002515E0012D09D135
:10A04000384605F0FDFC012804D11D2C01D31D3C30
:10A0500009E00BE00E48405DA04203D80C48405D8B
:10A06000241A00E002E06D1C1C2CE7D200BF681C23
:10A070007070601CB070B2787178F07802F035FAC8
:10A0800030700020BDE8F0878051010044010020BD
:10A09000001101082DE9F04707460C4691460026BD
:10A0A000B046002538684068C0F3800010B1012038
:10A0B000BDE8F087384602F0FEF906464FF46160CD
:10A0C000B6FBF0F5B6FBF0F100FB11603C21B0FBF4
:10A0D000F1F060704FF46160B6FBF0F100FB1160CD
:10A0E0003C21B0FBF1F201FB1200A0701820B5FB7F
:10A0F000F0F100FB11502070182D08D31820B5FB8B
:10A10000F0F8B5FBF0F100FB1150207000E0257075
:10A110000020CDE770B5044600250CB9012070BDC4
:10A12000607C20B900202074204600F05BF80220FB
:10A130006074204600F085F918B104206074012095
:10A14000EDE7204602F07DF918B10420607401208B
:10A15000E5E72068406820F0070021684860A068B3
:10A1600028B11F48006820F001001D4908601C4804
:10A17000001F006820F46070A16808431849091F97
:10A1800008606068401C08B1656809E00120FFF7BD
:10A190007FFA05461DB9042060740120BFE76D1EDB
:10A1A0002068806820F00F0040EA15402168886030
:10A1B0002068C06865F30F002168C860204602F07F
:10A1C0005DF918B1042060740120A8E70021E17353
:10A1D00001216173A1730120607400209FE70000DA
:10A1E000306C004038B504460B492068884212D1D3
:10A1F000FFF748FA00BF0948C06940F0006007490E
:10A20000C8610846C06900F00060009000BF00BF50
:10A2100001200349086038BD0028004000100240BA
:10A220003C0442422DE9F04F87B006460F464FF0FE
:10A2300000090020069080460024059004900390B9
:10A24000824600BF48A207CA8DE80700304602F0E8
:10A2500032F981464FF46160B9FBF0F006904FF49B
:10A260006160B9FBF0F100FB11903C21B0FBF1F013
:10A27000C0B204904FF46160B9FBF0F100FB1190A3
:10A280003C21B0FBF1F201FB12000390182106986B
:10A29000B0FBF1F201FB12000590F87800F5FA68C6
:10A2A00040F63300804500D9804640F2B2708045C8
:10A2B00000D2804640F2B2750AE0284605F0C0FBA5
:10A2C000012802D12B48044401E02B4804446D1CB2
:10A2D0004545F2D397F801A0404605F0B1FB0128AF
:10A2E00004D1BAF1020F01D924480444AAF1010AA9
:10A2F000002507E01DF8050040F2A321484304EBC8
:10A30000C0146D1C5545F5D397F802B0ABF10100B0
:10A3100040F2A321484304EBC0140598C0EB401160
:10A32000C1EB002004EB00140498C0EB001004EB18
:10A3300080040398044400BF307C012803D102202C
:10A3400007B0BDE8F08F0120307400BF02207074A8
:10A350002146304602F00BF90120707400BF002046
:10A36000307400BF00BFEBE71F1C1F1E1F1E1F1F06
:10A370001E1F1E1F0085E2018033E1018051010094
:10A380002DE9F05F04460D46904600260027B146B1
:10A39000B246204602F08FF807464FF46160B7FBE3
:10A3A000F0F9B9F1180F0AD31820B9FBF0FA0AEB4B
:10A3B0004A00C0004FF4616100FB01F700E0002794
:10A3C00000BF207C012802D10220BDE8F09F0120BF
:10A3D000207400BF02206074B8F1000F0BD1287800
:10A3E0004FF4616148436978C1EB011100EB8100D2
:10A3F000A978461812E0287802F018F84FF4616145
:10A4000000FB01FB687802F011F8C0EB00100BEBC9
:10A41000800BA87802F00AF80BEB00063E443146A8
:10A42000204602F0A4F82068406820F0050021686A
:10A4300048600120607400BF0020207400BF00BF8E
:10A44000C3E770B5044600250CB9012070BD206833
:10A45000406820F0080021684860FDF795FB05463C
:10A4600007E0FDF791FB401BB0F57A7F01D903208F
:10A47000ECE72068406800F008000028F1D00020D8
:10A48000E4E710B504460CB9012010BD606A38B984
:10A490006068B0F5827F00D105E00021E16102E053
:10A4A0000021216161610021A16294F8510028B965
:10A4B000002084F85000204600F042F8022084F882
:10A4C00051002068006820F0400021680860A088E2
:10A4D00000F48270218901F404410843A18901F448
:10A4E00000610843217C01F002010843217D01F055
:10A4F00001010843218B01F400710843217F01F021
:10A50000380108432021095D01F080010843218DB5
:10A5100001F400510843216808600421A06901EAA0
:10A520001040216848602068C06920F400602168FC
:10A53000C86100206065012084F851000020A4E774
:10A5400010B586B004460020029003900490059058
:10A550001949206888422DD100BF1848806940F40D
:10A560008050164988610846806900F48050019047
:10A5700000BF00BF00BF0846806940F0040088614A
:10A580000846806900F00400019000BF00BFA020D1
:10A590000290022003900320059002A90848FDF7CD
:10A5A00055F94020029000200390049002A904482D
:10A5B000FDF74CF906B010BD00300140001002401C
:10A5C000000801402DE9FF5F0446884691461D467C
:10A5D0000E9E012002900020019000BF94F85000D0
:10A5E000012803D1022004B0BDE8F09F012084F8C7
:10A5F000500000BFFDF7C8FA074694F851B06068F4
:10A600000390AA46BBF1010F0BD00398B0F5827FEF
:10A6100004D1A06810B9BBF1040F02D00220019050
:10A62000DBE0B8F1000F03D0B9F1000F00D015B98D
:10A6300001200190D1E094F85100042802D00520B7
:10A6400084F8510000206065C4F83890E587A5873C
:10A65000C4F83080E586A5862064606420680068C0
:10A6600000F04000402805D02068006840F040001D
:10A6700021680860E068B0F5006F4AD1606810B1E9
:10A68000BAF1010F09D1206B00882168C860206BE6
:10A69000801C2063E08E401EE08633E020688068E6
:10A6A00000F00200022810D1E08E70B1029801285B
:10A6B0000BD1206B00882168C860206B801C206350
:10A6C000E08E401EE086002002902068806800F046
:10A6D000010068B1E08F58B12068C068A16B0880A4
:10A6E000A06B801CA063E08F401EE08701200290D9
:10A6F000FDF74AFAC01BB04204D3701C10B103200E
:10A7000001906AE0E08E0028C8D1E08F0028C5D112
:10A710004AE0606810B1BAF1010F09D1206B0078EE
:10A7200021680873206B401C2063E08E401EE08689
:10A7300034E02068806800F00200022810D1E08E2A
:10A7400070B1029801280BD1206B00782168087342
:10A75000206B401C2063E08E401EE08600200290AB
:10A760002068806800F0010068B1E08F58B120686F
:10A77000C068A16B0870A06B401CA063E08F401EF6
:10A78000E08701200290FDF7FFF9C01BB04201D322
:10A79000701C00B916B9032001901EE0E08E00285D
:10A7A000C7D1E08F0028C4D13A463146204601F097
:10A7B00011FF20B101200190202060650DE0A0680C
:10A7C00050B900BF002000902068C0680090206849
:10A7D0008068009000BF00BF00BF012084F85100D6
:10A7E00000BF002084F8500000BF0198FBE670B560
:10A7F00004462546681EB0F1807F01D301200FE09A
:10A80000681E4FF0E02148610F214FF0FF3004F047
:10A8100051FF00204FF0E0218861072008610020EF
:10A8200070BD70477047000030B502460B4600BF50
:10A8300092F83C00012801D1022030BD012082F8AD
:10A840003C0000BF022082F83D0010684468106898
:10A85000816824F070041868044310684460104D47
:10A860001068A8420BD01068B0F1804F07D00D4D92
:10A870001068A84203D00C4D1068A84205D121F001
:10A8800080015868014310688160012082F83D0012
:10A8900000BF002082F83C0000BF00BFCDE70000F1
:10A8A000002C0140000400400008004010B50446A0
:10A8B0000CB9012010BD94F83D0028B9002084F89F
:10A8C0003C00204600F026F8022084F83D00211DBF
:10A8D000206802F07BF8012084F8460000BF84F86D
:10A8E0003E0001213F2001554020015541200155E6
:10A8F00000BF00BF012084F84200432001554420DE
:10A9000001554520015500BF012084F83D0000207D
:10A91000D0E7000038B504461A492068884216D1AD
:10A9200000BF1948C06940F002001749C8610846D5
:10A93000C06900F00200009000BF00BF0022114675
:10A940001D20FDF73DFF1D20FDF72AFF19E02068BF
:10A95000B0F1804F15D100BF0B48C06940F0010035
:10A960000949C8610846C06900F00100009000BFB5
:10A9700000BF022211461C20FDF722FF1C20FDF71C
:10A980000FFF38BD0004004000100240014691F85E
:10A990003D00012801D001207047022081F83D00D0
:10A9A000124B086898420BD00868B0F1804F07D06E
:10A9B0000F4B0868984203D00E4B086898420CD1A0
:10A9C0000868806800F00702062A0CD00868006852
:10A9D00040F001000B68186005E00868006840F06E
:10A9E00001000B6818600020D6E70000002C014031
:10A9F00000040040000800402DE9F04104460D46E7
:10AA000000BF94F83C00012802D10220BDE8F0818B
:10AA1000012084F83C0000BF022084F83D0020683B
:10AA2000866826F0770626F47F46206886602868C8
:10AA3000502833D00CDC202850D004DC00284BD028
:10AA4000102851D149E0302849D040284CD139E074
:10AA500060282DD0702807D0B0F5805F03D0B0F506
:10AA6000005F41D10DE040E0D5E902136A6820683B
:10AA700001F0E6FF2068866846F077062068866069
:10AA800033E0D5E902136A68206801F0D9FF206835
:10AA9000806840F480402168886026E0EA68696840
:10AAA000206801F0E1FF5021206801F0D4FF1CE094
:10AAB000EA686968206801F0EAFF6021206801F017
:10AAC000CAFF12E0EA686968206801F0CDFF402102
:10AAD000206801F0C0FF08E000BF00BF00BF296888
:10AAE000206801F0B8FF00E000BF00BF012084F83B
:10AAF0003D0000BF002084F83C0000BF00BF85E798
:10AB0000704710B5044620680069C0F34000D8B112
:10AB10002068C068C0F34000B0B16FF00200216847
:10AB20000861012020772068806900F0030018B1D7
:10AB30002046FFF7E5FF05E0204600F0ADF820468F
:10AB400000F0ABF80020207720680069C0F3800097
:10AB5000D8B12068C068C0F38000B0B16FF00400C5
:10AB600021680861022020772068806900F4407025
:10AB700018B12046FFF7C4FF05E0204600F08CF82E
:10AB8000204600F08AF80020207720680069C0F392
:10AB9000C000D8B12068C068C0F3C000B0B16FF089
:10ABA000080021680861042020772068C06900F04F
:10ABB000030018B12046FFF7A3FF05E0204600F090
:10ABC0006BF8204600F069F80020207720680069C3
:10ABD000C0F30010D8B12068C068C0F30010B0B155
:10ABE0006FF0100021680861082020772068C06994
:10ABF00000F4407018B12046FFF782FF05E02046C0
:10AC000000F04AF8204600F048F80020207720683D
:10AC1000006900F0010058B12068C06800F0010030
:10AC200030B16FF0010021680861204600F036F86D
:10AC300020680069C0F3C01058B12068C068C0F334
:10AC4000C01030B16FF08000216808612046FFF726
:10AC5000E8FD20680069C0F3801058B12068C06822
:10AC6000C0F3801030B16FF04000216808612046C9
:10AC700000F020F820680069C0F3401058B1206847
:10AC8000C068C0F3401030B16FF020002168086147
:10AC90002046FFF7C7FD10BD7047704710B504464A
:10ACA00003492068884201D101F034FD10BD000045
:10ACB0000004004070477047704700002DE9F84FCE
:10ACC0000446206805682068C668206847694FF018
:10ACD0000009CA4605F00F09B9F1000F0AD105F0C5
:10ACE000200038B106F0200020B1204601F018FF06
:10ACF000BDE8F88FB9F1000F71D007F0010018B965
:10AD000006F4907000286AD005F0010030B106F416
:10AD1000807018B1206C40F00100206405F0040040
:10AD200030B107F0010018B1206C40F0020020643F
:10AD300005F0020030B107F0010018B1206C40F0BE
:10AD40000400206405F0080048B106F0200010B9A6
:10AD500007F0010018B1206C40F008002064206C5E
:10AD600068B305F0200028B106F0200010B120469D
:10AD700001F0D6FE20684069C0F3801A206C00F014
:10AD8000080010B9BAF1000F22D0204601F09DFE54
:10AD90002068406900F04000B0B12068406920F0B0
:10ADA000400021684861A06B50B15648A16B4863D0
:10ADB000A06BFCF79DFB10B1A06B416B88470CE0CA
:10ADC0002046FFF779FF08E02046FFF775FF04E013
:10ADD0002046FFF771FF0020206489E7FFE7206B22
:10ADE000012878D105F01000002874D006F010007A
:10ADF000002870D000BF00200090206800680090FC
:10AE000020684068009000BF00BF2068406900F0E3
:10AE10004000C0B3A06B006840681FFA80F8B8F12A
:10AE2000000F2FD0A08D40452CDDA4F82E80A06B04
:10AE3000806920281FD02068C06820F480702168B5
:10AE4000C8602068406920F00100216848612068DE
:10AE5000406920F0400021684861202084F83E00CD
:10AE6000002020632068C06820F010002168C860BE
:10AE7000A06BFCF711FBA08DE28D801A81B22046F9
:10AE8000FFF719FF34E7FFE7A08DE18D401A1FFAA5
:10AE900080F8E08DE8B1B8F1000F1AD02068C068E2
:10AEA00020F490702168C8602068406920F001009B
:10AEB00021684861202084F83E000020206320683B
:10AEC000C06820F010002168C86041462046FFF7A6
:10AED000F2FE0DE7FFE705F0800030B106F08000DC
:10AEE00018B1204601F00CFF02E705F0400030B138
:10AEF00006F0400018B1204601F002FEF8E600BF5F
:10AF0000F6E60000B7CA000810B504460CB90120E7
:10AF100010BDA06900B100E000BF94F83D0028B961
:10AF2000002084F83C00204600F028F8242084F813
:10AF30003D002068C06820F400502168C8602046A9
:10AF400001F060FE2068006920F4904021680861EB
:10AF50002068406920F02A00216848612068C068A4
:10AF600040F400502168C86000202064202084F84C
:10AF70003D0084F83E000020CAE7000010B586B00E
:10AF80000446002002900390049005905D492068DB
:10AF900088423FD100BF5C48806940F480405A49F4
:10AFA00088610846806900F48040019000BF00BFBE
:10AFB00000BF0846806940F0080088610846806943
:10AFC00000F00800019000BF00BF40200290022066
:10AFD00003900320059002A94C48FCF737FC802021
:10AFE000029000200390049002A94848FCF72EFC30
:10AFF00000BF4749486840F0E06040F00400486006
:10B0000000BF002211462520FDF7DAFB2520FDF7C1
:10B01000C7FB75E03F492068884236D100BF3A48F7
:10B02000C06940F400303849C8610846C06900F47E
:10B030000030019000BF00BF00BF0846806940F0AB
:10B04000040088610846806900F00400019000BF98
:10B0500000BF04200290022003900320059002A963
:10B060002D48FCF7F3FB0820029000200390049089
:10B0700002A92948FCF7EAFB002211462620FDF729
:10B080009FFB2620FDF78CFB3AE02449206888428C
:10B0900036D100BF1C48C06940F480201A49C861FD
:10B0A0000846C06900F48020019000BF00BF00BFC7
:10B0B0000846806940F0080088610846806900F011
:10B0C0000800019000BF00BF081502900220039005
:10B0D0000320059002A90D48FCF7B8FB4FF400606F
:10B0E000029000200390049002A90848FCF7AEFBF0
:10B0F000002211462720FDF763FB2720FDF750FBB8
:10B1000006B010BD0038014000100240000C0140A4
:10B110000000014000440040000801400048004099
:10B1200070472DE9F84F04460E46174699464FF0F2
:10B13000000A94F83D0020285AD106B117B9012021
:10B14000BDE8F88F00BF94F83C00012801D102202F
:10B15000F6E7012084F83C0000BF00202064212095
:10B1600084F83D00FCF710FD8246A784E784A068C0
:10B17000B0F5805F04D1206910B90025B04602E027
:10B1800035464FF0000800BF002084F83C0000BFA7
:10B190001BE05346002280212046CDF8009001F0AC
:10B1A000DFFD08B10320CBE745B9B8F80000C0F3D4
:10B1B00008002168486008F1020803E02878216847
:10B1C00048606D1CE08C401EE084E08C0028E0D1DB
:10B1D0005346002240212046CDF8009001F0C0FDEA
:10B1E00008B10320ACE7202084F83D000020A7E749
:10B1F0000220A5E77047000002E002A005F002FD72
:10B20000FBE700007B22526563697665223A7B2268
:10B21000537461747573223A37307D7D0A000000E3
:10B22000014608684069C0F38020B0B16FF48060C7
:10B230000A68506100200863202081F83D0000204A
:10B2400081F83E00086C40F00400086400BF002054
:10B2500081F83C0000BF012070470020FCE700009F
:10B260002DE9F84304460D4690461E46E76A2068DD
:10B27000006840F4806021680860082F04D0012F26
:10B2800002D017F5803F06D12068006840F4807036
:10B290002168086008E0206B112805D1206800684B
:10B2A00040F4807021680860434600224FF001118D
:10B2B0002046009600F0AEF960B12068006800F406
:10B2C0008070B0F5807F02D14FF4007020640320BD
:10B2D000BDE8F8832069B0F5804F05D1E8B240F0B1
:10B2E00001002168086149E005F44070F02141EA5D
:10B2F000E01021680861334642462649204600F0A6
:10B30000D1F908B10120E3E7E8B2216808613346CA
:10B3100042462049891F204600F0C4F908B10120A7
:10B32000D6E700BF002000902068406900902068A8
:10B330008069009000BF00BF2068006840F4807002
:10B3400021680860434600224FF001112046009614
:10B3500000F060F958B12068006800F48070B0F522
:10B36000807F02D14FF4007020640320B0E705F421
:10B370004070F12141EAE0102168086133464246FD
:10B380000449891F204600F08DF908B101209FE78C
:10B3900000209DE7080001002DE9F84304460D4612
:10B3A00017469846E66A082E04D0012E02D016F5FC
:10B3B000803F06D12068006840F4807021680860F2
:10B3C00008E0206B122805D12068006840F48070E6
:10B3D000216808603B4600224FF001112046CDF85D
:10B3E000008000F017F960B12068006800F48070F8
:10B3F000B0F5807F02D14FF4007020640320BDE8D7
:10B40000F8832069B0F5804F04D105F0FE00216873
:10B41000086112E005F44070F02141EAE010216873
:10B42000086143463A460B49204600F03BF908B113
:10B430000120E4E7E8B22168086143463A4605493D
:10B44000891F204600F02EF908B10120D7E700201F
:10B45000D5E70000080001002DE9F84304460F4637
:10B4600015469946DDE908862068006840F480604A
:10B47000216808602068006840F4807021680860D6
:10B48000434600224FF001112046009600F0C2F81A
:10B4900060B12068006800F48070B0F5807F02D150
:10B4A0004FF4007020640320BDE8F88307F0FE002D
:10B4B00021680861334642463E49204600F0F2F8D2
:10B4C00008B10120F0E700BF00200090206840692B
:10B4D000009020688069009000BF00BF324641465E
:10B4E000204600F081F950B1206C042805D1206875
:10B4F000006840F40070216808600120D4E7B9F1C9
:10B50000010F03D1E8B22168086117E0C5F30720F5
:10B510002168086132464146204600F065F950B185
:10B52000206C042805D12068006840F40070216870
:10B5300008600120B8E7E8B2216808613246414658
:10B54000204600F051F950B1206C042805D1206844
:10B55000006840F40070216808600120A4E72068BA
:10B56000006840F4807021680860434600224FF074
:10B5700001112046009600F04DF858B1206800688F
:10B5800000F48070B0F5807F02D14FF40070206429
:10B59000032089E7F8B240F00100216808613346D2
:10B5A00042460449204600F07DF808B101207BE7BF
:10B5B000002079E70200010070B504460D461646EA
:10B5C00020E02046FFF72CFE08B1012070BD681C6A
:10B5D000C0B1FCF7D9FA801BA84200D895B9002069
:10B5E0002063202084F83D00002084F83E00206C79
:10B5F00040F02000206400BF002084F83C0000BF21
:10B600000120E3E720684069C0F380000028D8D01B
:10B610000020DBE72DE9F04704460D4617461E469D
:10B62000DDF820804FF000091FE0701CE8B109F13F
:10B630000109FCF7A9FAA0EB0800B04200D8A6B9AE
:10B6400000202063202084F83D00002084F83E0084
:10B65000206C40F02000206400BF002084F83C00F3
:10B6600000BF81460120BDE8F087C5F307400128EF
:10B670000AD120684069A9B20840A9B2884201D124
:10B6800001200BE0002009E020688069A9B2084091
:10B69000A9B2884201D1012000E00020B842C4D004
:10B6A0000020E0E72DE9F04104460D4616461F460E
:10B6B0003DE020684069C0F38020E8B12068006860
:10B6C00040F40070216808606FF480602168486170
:10B6D00000202063202084F83D00002084F83E00F4
:10B6E000206C40F00400206400BF002084F83C007F
:10B6F00000BF0120BDE8F081701CC0B1FCF744FA26
:10B70000C01BB04200D896B900202063202084F8E6
:10B710003D00002084F83E00206C40F020002064B2
:10B7200000BF002084F83C0000BF0120E2E7C5F321
:10B73000074001280AD120684069A9B20840A9B28F
:10B74000884201D101200BE0002009E020688069D7
:10B75000A9B20840A9B2884201D1012000E000202E
:10B760000028A6D00020C5E770B504460D46164651
:10B7700032E020684069C0F30010A0B16FF0100003
:10B780002168486100202063202084F83D000020CB
:10B7900084F83E00206C206400BF002084F83C0048
:10B7A00000BF012070BDFCF7EFF9801BA84200D854
:10B7B00095B900202063202084F83D00002084F803
:10B7C0003E00206C40F02000206400BF002084F880
:10B7D0003C0000BF0120E5E720684069C0F380100D
:10B7E0000028C6D00020DDE770B504460D46164699
:10B7F00020E02046FFF714FD08B1012070BD681C51
:10B80000C0B1FCF7C1F9801BA84200D895B900204F
:10B810002063202084F83D00002084F83E00206C46
:10B8200040F02000206400BF002084F83C0000BFEE
:10B830000120E3E720684069C0F3C0100028D8D099
:10B840000020DBE730B59DB004460D467022284944
:10B8500001A8FAF777F8332D37D006DC102D0BD07E
:10B86000122D3AD0142D40D117E0352D1DD0372D93
:10B870000BD0392D39D120E0A006010E1D4B01AAB5
:10B88000602000F0B5F81DB030BDA006010E194BC8
:10B8900005AA612000F0ACF8F5E7A006010E154BF3
:10B8A00009AA602000F0A4F8EDE7A006010E114BF4
:10B8B0000DAA612000F09CF8E5E7A006010E0D4BF3
:10B8C00011AA612000F094F8DDE7A006010E094BF3
:10B8D00015AA612000F08CF8D5E7A006010E054BF3
:10B8E00019AA602000F084F8CDE70120CBE7000022
:10B8F00024110108A81E002070B504460D462946F3
:10B90000204600F0F7F870BD70B50446002600250B
:10B9100004E0002013494855681CC5B20A2DF8DB25
:10B92000104800F09CF830B10020E070A07060700A
:10B9300020704E2070BD0B4800F015F930B9002082
:10B94000E070A070607020704E20F3E7002504E0E6
:10B950000448405D6055681CC5B2042DF8DB00202A
:10B96000E8E70000A81E002030B50B46002100BF0C
:10B9700016E00A24B4EB107F05D9302404EB1074D0
:10B9800003F8114005E0412404EB10740A3C03F86D
:10B990001140000100254C00641C1D554C1CE1B2F7
:10B9A0009142E6DB30BD2DE9FC4104460027002131
:10B9B0000D2003F03BFE932020702020607001A832
:10B9C00023460222214600900C2000F0F9F806469A
:10B9D0005EB9002503E0605D4740681CC5B2042DD8
:10B9E000F9DB605DB84200D002263046BDE8FC813C
:10B9F0002DE9F04385B006460F46904699468DF8EE
:10BA000004608DF80570002406E018F8041001AAFF
:10BA1000A01C1154601CC4B2062CF6DB002407E005
:10BA200019F8041001AA04F108001154601CC4B2F2
:10BA3000042CF5DB04A801AB0C2201A900900E2018
:10BA400000F0BEF805462DB9082000F0A7FD00F073
:10BA5000080000B90225284605B0BDE8F08370B59E
:10BA6000044608210846FAF7C5FC2146522000F09A
:10BA70005CF805461DB92046FFF795FF05462846A8
:10BA800070BD000010B5012210211848FCF776F8AF
:10BA9000002201211648FCF771F80120FBF780FD18
:10BAA000012211461248FCF769F80120FBF778FDE6
:10BAB00000F053F88D212A2003F0B8FD3E212B2001
:10BAC00003F0B4FD1E212D2003F0B0FD00212C2039
:10BAD00003F0ACFD4021152003F0A8FD3D2111200D
:10BAE00003F0A4FDFAF783FB10BD0000000801403D
:10BAF000000C01407CB505460C4630202070657076
:10BB0000A21C02212046FAF743FC01A82346042286
:10BB1000214600900C2000F053F8064616B9019813
:10BB2000902800D0022630467CBD7CB506460C46E7
:10BB300007210D2003F07AFD267001A8234601227B
:10BB4000214600900C2000F03BF8054615B90198FD
:10BB5000102800D0022528467CBD10B50F210120F9
:10BB600003F064FD10BDF0B585B0074693208DF855
:10BB7000040070208DF80500002405E0395D01AA5D
:10BB8000A01C1154601CC4B2052CF7DB0DF10B0294
:10BB9000072101A8FAF7FCFB04A801AB092201A9BF
:10BBA00000900C2000F00CF805462DB904981828D8
:10BBB00002D19DF8046000E00026304605B0F0BDDB
:10BBC0002DE9FE4F0646884691469A46DDF830B08C
:10BBD000022002900020019000900C2E06D00E2E24
:10BBE00009D1122001901020009005E077200190EB
:10BBF0003020009000E000BF00BF019840F08001BD
:10BC0000022003F013FD80210420FAF7F3FB8021CA
:10BC10000A2000F060FD0021012003F007FD00254F
:10BC200005E018F80510092003F000FD6D1C4D45D6
:10BC3000F7D33146012003F0F9FC0C2E03D180210B
:10BC40000D2000F048FD4FF4FA6500BF042000F01D
:10BC5000A5FC04466D1E35B104F0010018B900982A
:10BC600020400028F2D080210D20FAF7C3FB95B3C5
:10BC7000062000F093FC00F01B0068BB002002903F
:10BC80000198204000F0010008B1012002900C2E24
:10BC900024D10A2000F082FC04460C2000F07EFC37
:10BCA00000F007072FB1601E07EBC000CBF80000C3
:10BCB00002E0E000CBF8000004B90124102C00DD04
:10BCC0001024002505E0092000F068FC0AF80500B2
:10BCD0006D1CA542F7D301E0022002900298BDE856
:10BCE000FE8F000000B585B0002001900290039007
:10BCF000049000BF3548806940F0100033498861E6
:10BD00000846806900F01000009000BF00BF00BF2F
:10BD10000846806940F0200088610846806900F08C
:10BD20002000009000BF00BF00BF0846806940F0BF
:10BD3000040088610846806900F00400009000BF9C
:10BD400000BF00BF0846806940F0080088610846CF
:10BD5000806900F00800009000BF00BF00224FF48F
:10BD6000E2611B48FBF70AFF002201211948FBF79B
:10BD700005FF4FF4E2600190012002900020039043
:10BD80000320049001A91248FBF760FD01200190F7
:10BD90000290002003900220049001A90D48FBF7B7
:10BDA00055FDC02001900C4802900020039001A98D
:10BDB0000848FBF74BFD002211461720FCF700FD59
:10BDC0001720FCF7EDFC05B000BD0000001002409C
:10BDD00000080140000C01400000111010B50B4894
:10BDE0000B4908600B484860002109488160C16028
:10BDF0004FF480410161002141618161C1610162B3
:10BE0000FBF7C8FE08B1FAF71BFB10BD0054004059
:10BE10009C090020801A060010B5074807490860F1
:10BE20000620486040F6FF7104488160FCF7F6FB8D
:10BE300008B1FAF705FB10BD003000409009002062
:10BE40001CB50020019000900748084908604FF099
:10BE5000FF3048604FF4807104488160FEF75AF962
:10BE600008B1FAF7EDFA1CBD00280040F80A0020DE
:10BE700010B50F480F4908604FF4827048600021E8
:10BE80000C488160C160016141614FF400718161C2
:10BE90002821C1610021016241624FF40051816299
:10BEA0000921C162FEF7EDFA08B1FAF7C9FA10BD2F
:10BEB000003001400C0B002000B587B0002003903B
:10BEC000049005900690019002901448144908606F
:10BED00040F2DB5048600021114881600121C160BF
:10BEE000002101618161FEF7E1FC08B1FAF7A8FACF
:10BEF0004FF48050039003A90948FEF77DFD08B177
:10BF0000FAF79EFA00200190029001A90448FEF77A
:10BF10008BFC08B1FAF794FA07B000BD00040040AA
:10BF2000640B002010B50B480B4908604FF4E1305A
:10BF30004860002108488160C16001610C214161B5
:10BF400000218161C161FEF7DFFF08B1FAF778FADD
:10BF500010BD000000440040F00B00201FB5002081
:10BF600000900190029003904FF4805000900120C7
:10BF70000190022002900320039069461448FBF7C9
:10BF800065FC00224FF480511148FBF7F7FD642057
:10BF9000FBF706FB00220F490F4801F0DCFB08B15C
:10BFA000FAF74EFA0D490C4801F06EFE08B1FAF7A7
:10BFB00047FA0B49084801F074F808B1FAF740FA5B
:10BFC000054801F02BFF08B1FAF73AFA1FBD00004F
:10BFD00000080140C4000020780C00205C01002013
:10BFE0001C01002000BFFEE7FDF7B4FD00BFFEE727
:10BFF0002DE9F0470546EAE12868B0F844A00AF0C8
:10C000000F06002E7ED10AF01000B0BB00BF2968D9
:10C01000098848F60F7201EA020040F400412A68DC
:10C02000118000BF05F128042868B0F8501020786E
:10C0300001EBC000801C296801F5806131F8100017
:10C04000C0F30900E061E1696069084460610021B2
:10C050002846FCF72AFC95F824000028CBD0A069DC
:10C060000028C8D195F8240040F080002968A1F884
:10C070004C00002085F82400A9E1FFE705F5B47421
:10C080002868B0F8008008F4006030B32868B0F881
:10C090005010207801EBC000801D296801F58061F7
:10C0A00031F81000C0F30900E061A18B8BB2E28887
:10C0B00005F52C71286803F067FA00BF2968098824
:10C0C00040F68F7201EA020040F080012A68118078
:10C0D00000BF2846FDF79DFA79E108F400400028EA
:10C0E00089D000BF2968098840F68F7201EA0200F2
:10C0F00040F080012A68118000BF2868B0F8501015
:10C10000207800E06FE001EBC000801D296801F598
:10C11000806131F81000C0F30900E061E06990B17E
:10C12000606980B1B4F81CC01FFA8CF3E2886169C1
:10C13000286803F029FAE169606908446061002118
:10C140002846FCF7C2FB2868008800F4006000283D
:10C1500092D100BF2A682968B1F850100A4402F24F
:10C160000C41084600BF236953B9038848F2FF3CDD
:10C1700003EA0C030380038843F4004303801EE0BA
:10C1800023693E2B0DD800BF23695908237C03F097
:10C19000010303B1491C4FF6FF7303EA81230380B7
:10C1A0000DE000BF23695909237C03F01F0303B985
:10C1B000491E4FF4004343EA8123038000BF00BFC0
:10C1C00000BF00BF296809884BF68F7201EA0200A0
:10C1D00080F4805080F4005040F4004141F0800130
:10C1E0002A681180F3E07100286830F8118008F4A3
:10C1F000004000287ED000BF7200296831F812107C
:10C2000040F68F7201EA020040F0800173002A6854
:10C2100022F8131000BF06EB860105F5B47000EBA1
:10C22000C104207BB0B92868B0F85010207801EB29
:10C23000C000801D296801F5806131F81000C0F34D
:10C240000907002F5BD0E28861693B46286803F04C
:10C250009BF954E0E078022806D142462146284660
:10C26000FCF7B6FB07464AE000BF00BF2278520049
:10C27000296831F8121048F68F7201EA020040F482
:10C28000004141F0C00123785B002A6822F81310B6
:10C2900000BF00BF21784900286830F8110000F481
:10C2A0008040A8B12868B0F85010207801EBC00099
:10C2B000801C296801F5806131F81000C0F309077E
:10C2C000EFB1228961693B46286803F05DF916E009
:10C2D0002868B0F85010207801EBC000801D296854
:10C2E00001F5806131F81000C0F309073FB16289A0
:10C2F000616900E017E03B46286803F045F9E06912
:10C300003844E061606938446061A06910B1206917
:10C31000B84204D921782846FCF7D7FA03E0214631
:10C32000286802F056FB08F08000B0B306EB8601E7
:10C3300005F1280000EBC10400BF7200296831F844
:10C34000121048F60F7201EA020040F40041730037
:10C350002A6822F8131000BFE078032807D0E0789D
:10C3600028B1E07802282DD108F4807050BB2868ED
:10C37000B0F85010207801EBC000801C296801F54E
:10C38000806131F81000C0F30909A069484505D95A
:10C39000A069A0EB0900A06102E018E00020A06104
:10C3A000A06920B921782846FCF77FFA0FE0606980
:10C3B00048446061E0694844E0612146286802F031
:10C3C00008FB04E0424621462846FCF7ADFB2868FE
:10C3D000B0F8440000F4004000287FF40DAEBDE842
:10C3E000F087704701B582B06420012301AA02A939
:10C3F00000900348FEF7E6F89DF804000EBD00002B
:10C400000C0B002008B508490968C9084FF47A7276
:10C41000B1FBF2F14143009100BF00BF00994A1EF9
:10C4200000920029F9D108BD48010020014600BF53
:10C43000080900EB8000420001F00F001044C0B278
:10C44000704770B504460025FBF79EFB054607E0E4
:10C45000FBF79AFB401BB0F57A7F01D9032070BD32
:10C460002068406800F020000028F1D02068406873
:10C4700040F01000216848600020F0E770B50446E5
:10C4800000252068406820F0100021684860FBF714
:10C490007BFB054607E0FBF777FB401BB0F57A7F97
:10C4A00001D9032070BD2068406800F020000028FA
:10C4B000F1D00020F6E730B5014600220023002429
:10C4C00000200D68AD69AAB20D68ED69ACB20D68C7
:10C4D000AD69ABB29A4205D00D68ED6963F31F45B3
:10C4E000284601E044EA024030BDF0B504460B4660
:10C4F0000021002504F5FA61032B1BD2C3EBC30016
:10C5000000EB03100926B0FBF6F01044001D46189E
:10C51000481E06EB90066427B0FBF7F0361A481E5B
:10C52000BF00B0FBF7F030440726B0FBF6F706FB80
:10C5300017051AE0C3EBC30000EB03100926B0FB9C
:10C54000F6F01044001D084400EB91006426B1FB96
:10C55000F6F6801B4FF4C876B1FBF6F63044801E29
:10C560000726B0FBF6F706FB1705E8B2F0BD70B57D
:10C5700004460D4600262046FFF763FF08B101265A
:10C580000AE0280C21688861A8B22168C8612046A9
:10C59000FFF774FF00B10126304670BD70B5044648
:10C5A000002210210A48FBF7E9FA7E2101EA440142
:10C5B00041F08000FFF716FF0020FFF713FF05464C
:10C5C000012210210248FBF7D9FA284670BD00006D
:10C5D00000080140F8B504460D4616462B460022D9
:10C5E00080212046009600F009F828B1606D40F0E7
:10C5F000200060650320F8BD0020FCE72DE9F84F1E
:10C6000004460D4690461E46DDF82890FBF7BCFA1E
:10C61000A0EB0900371AFBF7B7FA82462C480068EE
:10C62000C0F3CB307843009045E0701C002842D026
:10C63000FBF7AAFAA0EB0A00B84200D2A7BB206819
:10C64000406820F0E000216848606068B0F5827FB3
:10C650000DD1A068B0F5004F03D0A068B0F5806F91
:10C6600005D12068006820F0400021680860A06AB9
:10C67000B0F5005F0DD100BF2068006820F40050C5
:10C68000216808602068006840F400502168086054
:10C6900000BF012084F8510000BF002084F8500042
:10C6A00000BF0320BDE8F88FFFE7009800B900271E
:10C6B0000098401E0090206880682840A84201D160
:10C6C000012000E000204045AFD10020EAE7000053
:10C6D00048010020704770B505460C462846FFF714
:10C6E0005DFF064646EA0401284602F09FFF70BD42
:10C6F00070B504460D4629462046FBF737FA70BD53
:10C7000070B504460D461646324629462046FBF7CC
:10C7100035FA70BD70B500F06FF80546002411E0E1
:10C72000164800EB4410C07F15490978884208D1AB
:10C7300045FA04F202F00101104A02EB441000F045
:10C7400021F8641C012CEBDB0D48007848B900246B
:10C7500005E00A4901EB441000F091F8641C012C3B
:10C76000F7DB07480078401C054908700846007848
:10C77000052801DB0020087070BD0000481E002065
:10C780005F02002010B58278002A33D0827962B926
:10C7900001B110BD002242718279521C82710023C6
:10C7A000C26820324489135524E08279092A14DAB8
:10C7B000C26820324389D25C01F001034479A3406E
:10C7C0001A43D3B2C2682032448913558279521C6D
:10C7D00082714279521C42710CE08279092A09D196
:10C7E00000228271827729B142891F2A02DA4289A6
:10C7F000521C428100BFCCE770B5002600242CE01B
:10C80000184A02EB4412918B164A02EB44129069CB
:10C81000FFF76EFF0546134800EB44108079B0B96E
:10C82000104800EB4410807F88B985B90E48007825
:10C83000801C052190FBF1F201FB1200094901EB7C
:10C840004411C8770120074901EB4411887705F0AE
:10C850000100A0403043C6B2641C012CD0DB30463E
:10C8600070BD0000481E00205F02002070B5044625
:10C870000D46A18A2A462069FFF742FF70BD10B518
:10C880000446607800283FD0207958B901202070F4
:10C890000020E07000212046FFF7E8FF2079401CCF
:10C8A000207131E02079092810DAE279E068805CB3
:10C8B000E278104100F001012046FFF7D7FF207910
:10C8C000401C2071E078401CE0701DE020790928B0
:10C8D00007D101212046FFF7C9FF2079401C2071B4
:10C8E00012E020790A280FD100202071E079401C45
:10C8F000E071207AE179884203DD012020706070C8
:10C9000002E000202070607010BD10B5FBF7B6FE8D
:10C9100010BD00B593B0282109A8F9F72CF814210F
:10C9200004A8F9F728F800200090019002900390E5
:10C930000D2009904FF480300A9000200B900120C8
:10C940000C900D900F9002201090C10311914FF4A4
:10C95000E011129109A8FDF70DF908B1F9F770FD82
:10C960000F20049002200590002006904FF4806074
:10C97000079000200890022104A8FCF7AFFF08B13F
:10C98000F9F75EFD112000904FF4807001900020B7
:10C9900003906846FCF708FF08B1F9F751FDFDF771
:10C9A00063F813B000BD00000148024908607047F9
:10C9B0000058000808ED00E010B50348FEF76EF9D6
:10C9C0000148FEF79EF810BD640B002010B5026808
:10C9D000184B984208D0B0F1804F05D0164B9842C2
:10C9E00002D0164B984203D122F070024B681A43D2
:10C9F000104B984208D0B0F1804F05D00E4B9842B2
:10CA000002D00E4B984203D122F44072CB681A43F5
:10CA100022F080034C6943EA040202608B68C3621F
:10CA20000B688362034B984201D10B6903630123B6
:10CA3000436110BD002C014000040040000800408C
:10CA400030B50C46816821F47F4142EA0325254335
:10CA50002943816030BD0A46816821F0700142F0AF
:10CA6000070319438160704730B50B461446026ACC
:10CA7000056A25F001050562816921F0F00141EAAE
:10CA8000041122F00A021A438161026230BD30B5FE
:10CA90000B461446056A25F0100505628169026A95
:10CAA00021F4704141EA043122F0A00242EA03126B
:10CAB0008161026230BD70B505466C6A0020E08578
:10CAC000E0842046FEF7F8F870BD0168C96821F4DB
:10CAD00090710268D1600168496921F00101026822
:10CAE0005161016B012905D10168C96821F010016C
:10CAF0000268D160202180F83E1000210163704758
:10CB000010B504462068C06820F040002168C86065
:10CB1000202084F83D002046FEF76CFB002010BD6D
:10CB2000F8B5044694F83E00222869D1A068B0F513
:10CB3000805F0CD1206950B90025A66A2068406842
:10CB4000C0F308003080A06A801CA06215E0A56ACE
:10CB50000026A068B0F5805F03D0A06828B92069DE
:10CB600018B920684068287004E02068406800F028
:10CB70007F002870A06A401CA062E08D401E80B239
:10CB8000E085A8BB2068C06820F020002168C8604C
:10CB90002068C06820F480702168C86020684069FF
:10CBA00020F0010021684861202084F83E00206BBD
:10CBB00001281ED1002020632068C06820F01000EA
:10CBC0002168C8602068006800F0100010280AD1B1
:10CBD00000BF002000902068006800902068406836
:10CBE000009000BF00BFA18D2046FEF764F803E06F
:10CBF00004E02046FEF794FA0020F8BD0020FCE790
:10CC00000220FAE770B504462168096921F4405111
:10CC1000E2681143226811612269A16811436269C7
:10CC200041EA02052168C96841F20C629143294337
:10CC30002268D1602168496921F44071A2691143D9
:10CC4000226851612D4A2168914202D1FCF728FFE8
:10CC500001E0FCF715FF00EBC00101EB0011626879
:10CC60009200B1FBF2F100EBC00202EB001263682C
:10CC70009B00B2FBF3F26423B2FBF3F202EBC203BC
:10CC800003EB0212A1EB8201322202EB01116422BA
:10CC9000B1FBF2F101F0F00100EBC00202EB001277
:10CCA00063689B00B2FBF3F26423B2FBF3F201EB87
:10CCB000021200EBC00101EB001163689B00B1FBA5
:10CCC000F3F100EBC00303EB00136668B600B3FB9F
:10CCD000F6F36426B3FBF6F303EBC30606EB03138C
:10CCE000A1EB8301322303EB01116423B1FBF3F1C8
:10CCF00001F00F0111442268916070BD00380140BD
:10CD0000014691F83D00212828D18868B0F5805F60
:10CD10000BD1086948B90A6A1088C0F308000B688B
:10CD20005860086A801C086205E00B6A581C08629B
:10CD300018780B685860C88C401E80B2C88458B9F7
:10CD40000868C06820F080000B68D8600868C06878
:10CD500040F040000B68D860002070470220FCE7DC
:10CD60002DE9F04104460D4617469846069E21E0FF
:10CD7000701CF8B12EB1FAF707FFA0EB0800B04223
:10CD800018D92068C06820F4D0702168C860206875
:10CD9000406920F0010021684861202084F83D00AE
:10CDA00084F83E0000BF002084F83C0000BF032050
:10CDB000BDE8F081206800682840A84201D1012028
:10CDC00000E00020B842D3D00020F1E710B50248BF
:10CDD000FDF774FF10BD0000AC0B002010B5134828
:10CDE000FDF76CFF11480068006800F02000202863
:10CDF0001BD10F480068C1B20E480F4A1268815417
:10CE0000002102460C480068401C11540A48006882
:10CE1000401C0949086009480078012805D10846E6
:10CE20000068182801D30020086010BDF00B002016
:10CE3000044400408C020020280000201A0000203A
:10CE40002DE9F04104460D46D4F8B862D4F8C0721A
:10CE5000D4F8B80278B305EB850104F1140000EBB7
:10CE60008100806808B305EB850104F1140000EB34
:10CE7000810005EB8502816807F1280000EBC20004
:10CE80000069B1FBF0F200FB121070B9002105EB54
:10CE9000850204F1140000EB8200816000231A4631
:10CEA0002946204600F0C4FE02E00020C6F8140225
:10CEB0000020BDE8F081FFE70220FAE770B50446E4
:10CEC0000E46D4F8B8523146204600F056FDC5F85B
:10CED0000C02D4F8B80248B1D5F80402D4F8BC1258
:10CEE000CA6805F503719047002070BD0220FCE779
:10CEF00070B504460E4600258121204600F057FCFF
:10CF00000021E1620121204600F051FC0021C4F81B
:10CF10006C118221204600F04AFC00212164D4F8E3
:10CF2000B80250B1D4F8BC1248688047D4F8B802AF
:10CF300001F027F90020C4F8B802284670BD70B58A
:10CF40000546D5F8B842D5F8BC0278B194F800028D
:10CF5000FF280BD094F8012294F80002D5F8BC12F7
:10CF60008B6821469847FF2084F80002002070BD9E
:10CF700001460A2008800148704700005001002047
:10CF8000014643200880014870470000D801002076
:10CF900001464320088001487047000094010020AA
:10CFA0000146432008800148704700001C02002011
:10CFB0002DE9F04104460F460026207C88B94FF445
:10CFC000007302228121204600F03EFD0121E16232
:10CFD0004B020222204600F037FD0121C4F86C11FB
:10CFE0000FE0402302228121204600F02DFD012187
:10CFF000E16240230222204600F026FD0121C4F810
:10D000006C11082303228221204600F01DFD01211E
:10D0100021644FF4077001F0B5F8C4F8B802D4F8F1
:10D02000B80208B901261CE0D4F8B852D4F8BC12F2
:10D03000086880470020C5F81402C5F81802207C53
:10D0400040B94FF4007301212046D5F8042200F0C6
:10D0500013FD06E0402301212046D5F8042200F00C
:10D060000BFD3046BDE8F08170B50446D4F8B852E7
:10D07000D4F8B80298B1207C40B94FF40073012174
:10D080002046D5F8042200F0F7FC06E040230121F9
:10D090002046D5F8042200F0EFFC002070BD0220ED
:10D0A000FCE70246022011B1C2F8BC120020704712
:10D0B0000246D2F8B832C3F804120020704710B507
:10D0C0000346D3F8B842C4F80812C4F8102200206E
:10D0D00010BD2DE9FC4105460C46D5F8B86200208C
:10D0E000019000900027207800F0600040B32028D5
:10D0F0005FD1E088E0B1207800F0800060B1E28884
:10D100006078D5F8BC128B6831469847E288314682
:10D11000284600F0E6F812E0607886F80002A07970
:10D1200086F80102E2883146284600F0B9F806E0A8
:10D130006078D5F8BC1200228B68214698473EE003
:10D14000607820B10A2812D00B282AD11FE095F868
:10D150009C02032805D102226946284600F0C1F846
:10D1600004E02146284600F08FF802271FE095F8DA
:10D170009C02032805D1012201A9284600F0B1F83C
:10D1800004E02146284600F07FF802270FE095F8DA
:10D190009C02032804D02146284600F075F8022797
:10D1A00005E02146284600F06FF8022700BF00BFC7
:10D1B00005E02146284600F067F8022700BF00BFBF
:10D1C0003846BDE8FC8170B50546D5F8B842D5F8BB
:10D1D000B802A8B1D4F8140280B90120C4F814022E
:10D1E000D4F810122963B4F8100283B281212846C2
:10D1F000D4F8082200F01CFD002070BD0120FCE7DF
:10D200000220FAE770B504460D46D4F8B402294668
:10D21000426820469047002070BD70B504460D4618
:10D2200094F89C02012804D0022803D003280CD1D2
:10D2300001E000BF00BF6888012805D10020C4F8C4
:10D24000A402204600F05EF804E02946204600F0E3
:10D250001BF800BF00BF70BD70B506460C461546F2
:10D260002B4622460021304600F006FC002070BD0F
:10D2700070B506460C4615462B4622460021304620
:10D2800000F0D6FC002070BD70B504460D4680212C
:10D29000204600F0A1FC0021204600F09DFC70BD5E
:10D2A00070B504460E4615460320C4F894024FF4A8
:10D2B000AE700551001D05512B4632460021204617
:10D2C00000F0DAFB002070BD10B504460520C4F85C
:10D2D000940200231A461946204600F0CDFB002098
:10D2E00010BD70B504460E4615460220C4F89402DF
:10D2F000E56125622B4632460021204600F098FC6D
:10D30000002070BD10B504460420C4F89402002328
:10D310001A461946204600F08BFC002010BD000084
:10D3200070B505460C462DB92246064906A000F008
:10D33000D3F904E02246034903A000F0CDF90148E7
:10D3400070BD00003C0F002043444320436F6E66D5
:10D3500069670000024612200880014870470000FB
:10D36000E000002070B505460C462DB9224606495E
:10D3700006A000F0B1F904E02246034903A000F042
:10D38000ABF9014870BD00003C0F0020434443202E
:10D39000496E746572666163650000000246042090
:10D3A0000880014870470000F400002070B5054671
:10D3B0000C462246024903A000F08EF9004870BDD9
:10D3C0003C0F00204A6168616E476F7374617200A0
:10D3D00070B505460C462DB92246064906A000F058
:10D3E0007BF904E02246034903A000F075F90148E7
:10D3F00070BD00003C0F00204A6168616E476F738A
:10D40000746172506F72740070B505460C461A2034
:10D410002080FAF727F8014870BD0000F8000020CE
:10D4200070B504460D46E888012804D029462046F8
:10D43000FFF72AFF1EE094F89C02012804D002287E
:10D4400003D0032810D109E000BF0020A060012212
:10D4500004F108012046FFF744FF0AE00122211DE4
:10D460002046FFF73EFF04E029462046FFF70CFF69
:10D4700000BF00BF70BDF8B504460E460020009006
:10D480000027002570880012082875D2DFE800F018
:10D49000C7040C20C7C7A5B5207CD4F8B0120A6811
:10D4A000694690470746C1E0207C40B9D4F8B402F1
:10D4B000816A6846884707460220787007E0D4F8FA
:10D4C000B402C16A68468847074602207870ADE01A
:10D4D000B078062878D2DFE800F00316293C5063C4
:10D4E000D4F8B002406838B1207CD4F8B0124A6851
:10D4F00069469047074605E031462046FFF7C4FEDF
:10D50000681CC5B267E0D4F8B002806838B1207CEE
:10D51000D4F8B0128A6869469047074605E031465C
:10D520002046FFF7B1FE681CC5B254E0D4F8B00243
:10D53000C06838B1207CD4F8B012CA6869469047F8
:10D54000074605E031462046FFF79EFE681CC5B23F
:10D5500041E0D4F8B002006938B1207CD4F8B012B0
:10D560000A6969469047074605E031462046FFF7BD
:10D570008BFE681CC5B22EE051E0D4F8B0024069C1
:10D5800038B1207CD4F8B0124A6969469047074602
:10D5900005E031462046FFF777FE681CC5B21AE069
:10D5A000D4F8B002806940B1207CD4F8B0128A6906
:10D5B00069469047074606E006E031462046FFF7F9
:10D5C00063FE681CC5B206E031462046FFF75CFEEC
:10D5D000681CC5B200BF00BF28E0207C30B9D4F879
:10D5E000B402416B68468847074605E0314620464D
:10D5F000FFF74AFE681CC5B218E0207C40B9D4F899
:10D60000B402016B6846884707460720787005E03A
:10D6100031462046FFF738FE681CC5B206E03146A9
:10D620002046FFF731FE681CC5B200BF00BF05B140
:10D63000F8BDBDF8000088B1F08878B1F088BDF879
:10D640000010884202DDBDF8000000E0F088009084
:10D65000BDF8002039462046FFF743FEF08810B998
:10D660002046FFF74FFE00BFE2E70146002002E040
:10D67000421CD0B2491C0A78002AF9D1704770B513
:10D6800004460D4694F89C02012804D0022803D0D9
:10D6900003281AD101E000BF00BFE888022804D0A7
:10D6A00029462046FFF7F0FD14E00120E060D4F8A1
:10D6B000A40218B1E06840F00200E060022204F128
:10D6C0000C012046FFF70DFE04E029462046FFF737
:10D6D000DBFD00BF00BF70BD2DE9F04104460D46E3
:10D6E00017460026FCB12046FFF7BFFF022101EBE1
:10D6F000400038803A783046711CCEB22A5403225A
:10D700003046711CCEB22A540AE014F8012B304680
:10D71000711CCEB22A5400223046711CCEB22A545B
:10D7200020780028F1D1BDE8F0810146002031B118
:10D73000012906D0022906D0032908D105E00020DE
:10D7400007E0022005E0012003E0022001E00220C2
:10D7500000BF00BF704770B504460D4616460CB9B1
:10D76000022070BDD4F8B40210B10020C4F8B40295
:10D770000DB1C4F8B052012084F89C0226702046F6
:10D7800000F004F90020ECE72DE9F04104460D46D5
:10D79000002600272946D4F8C002FBF7DBF806462E
:10D7A0003046FFF7C2FF07463846BDE8F0812DE955
:10D7B000F04104460D46002600272946D4F8C00251
:10D7C000FBF793F806463046FFF7AFFF07463846AB
:10D7D000BDE8F0812DE9F04104460E461746002EC3
:10D7E00064D104F11405D4F89402022848D1D5E993
:10D7F0000301884210D9D5E90301401AE860A889DD
:10D8000082B239462046FFF733FD00231A461946F7
:10D81000204600F031F93EE02969A868B0FBF1F23A
:10D8200001FB1200B8B92969A868884213D3A86817
:10D83000D4F8981288420ED2002211462046FFF7F3
:10D8400017FD0020C4F8980200231A461946204606
:10D8500000F012F91FE0D4F8B402C06840B194F8A7
:10D860009C02032804D1D4F8B402C168204688473A
:10D870008021204600F0B0F92046FFF725FD0AE0A0
:10D88000D4F89402042802D0D4F8940218B9802164
:10D89000204600F0A1F994F8A002012818D12046F2
:10D8A00000F0FAF9002084F8A00211E0D4F8B402E4
:10D8B000406950B194F89C02032806D1D4F8B40210
:10D8C000314642692046904702E00220BDE8F081DF
:10D8D0000020FBE72DE9F04104460E461746BEBB8B
:10D8E00004F5AA75D4F89402032825D1D5E90301DB
:10D8F000884210D9D5E90301401AE860D5E903014F
:10D90000884201D2E86800E0286982B239462046A0
:10D91000FFF7A2FC2FE0D4F8B402006940B194F8FC
:10D920009C02032804D1D4F8B40201692046884738
:10D930002046FFF7E7FC1EE0D4F8940205281AD130
:10D940000020C4F894020021204600F045F912E0BE
:10D95000FFE7D4F8B402806950B194F89C02032820
:10D9600006D1D4F8B402314682692046904702E0DD
:10D970000220BDE8F0810020FBE770B504460D46AB
:10D980002946D4F8C002FBF763FB70BD10B504460E
:10D990001D48C0F8E842C4F8C0021C481A49086093
:10D9A0000820486002211848816000218161C1611E
:10D9B0000162FBF724FD08B1F8F742FD04F530746D
:10D9C0001823002211462068FAF74CFF5823002242
:10D9D00080212068FAF746FFC023002281212068B9
:10D9E000FAF740FF4FF48873002201212068FAF70C
:10D9F00039FF2068A4F530744FF48073002282212F
:10DA0000FAF730FF002010BD0C190020005C004028
:10DA100010B50246D2F8C03201F08000802809D14A
:10DA200001F07F0000EB800403F1280000EBC4004C
:10DA3000807810BD01F07F0000EB800403F5B47026
:10DA400000EBC4008078F4E72DE9F04704460F4668
:10DA500015461E464FF00008C1462B463246394651
:10DA6000D4F8C002FBF7FFFA80464046FFF75DFEA0
:10DA700081464846BDE8F0872DE9F04704460D464B
:10DA800016461F464FF00008C1463B46324629461F
:10DA9000D4F8C002FBF72DFB80464046FFF745FE59
:10DAA00081464846BDE8F08710B504464023002271
:10DAB00011462046FFF7C8FF01214FF4AC70015119
:10DAC00040214FF4B27001514023002280212046B2
:10DAD000FFF7BAFF0121A16140216162012084F8B2
:10DAE0009C020020C4F894026060C4F8A402D4F838
:10DAF000B80228B12179D4F8B40242682046904790
:10DB0000002010BD014691F89C02042803D191F831
:10DB10009D0281F89C020020704710B5044694F8DD
:10DB20009C02032808D1D4F8B402C06920B1D4F80B
:10DB3000B402C16920468847002010BD0246117416
:10DB4000002070472DE9F04104460D4600260027CD
:10DB50002946D4F8C002FBF741FD06463046FFF7E0
:10DB6000E4FD07463846BDE8F08170B504460D4631
:10DB7000294604F52A7000F073F80120C4F89402D5
:10DB800040F2AE20005BC4F8980294F8A80200F0BE
:10DB90001F0020B1012808D0022812D10BE004F5A3
:10DBA0002A71204600F041F913E004F52A7120465D
:10DBB00000F0A8FA0DE004F52A71204600F086F97D
:10DBC00007E094F8A80200F08001204600F004F875
:10DBD00000BF00BF002070BD2DE9F04104460D4696
:10DBE000002600272946D4F8C002FBF7A8FA06460B
:10DBF0003046FFF79AFD07463846BDE8F08170B51C
:10DC0000044600250026D4F8C002FBF70BFD0546AC
:10DC10002846FFF78AFD0646304670BD014691F85A
:10DC20009C0281F89D02042081F89C02002070472C
:10DC30002DE9F04704460D4616461F464FF00008F2
:10DC4000C1463B4632462946D4F8C002FBF7BBFA30
:10DC500080464046FFF769FD81464846BDE8F087AB
:10DC60000A7802704A7842708B78CA7803EB0222F5
:10DC700042800B794A7903EB022282808B79CA7940
:10DC800003EB0222C28070470246002011B1C2F8A5
:10DC9000B41200E00220704701460020704770B5C2
:10DCA00004460D46A88810BBE88800BB6888802819
:10DCB0001DD2A87800F07F0694F89C02032804D1B6
:10DCC00029462046FFF7E0FA15E084F89E623146C7
:10DCD0002046FFF737FF2046FFF714FB1EB1022056
:10DCE00084F89C0207E0012084F89C0203E02946A6
:10DCF0002046FFF7C9FA70BD70B504460D460226EE
:10DD0000D4F8B40238B1D4F8B402294602682046E7
:10DD1000904700B90026304670BD000070B504463B
:10DD20000D46A8783649087008460078012804DDB9
:10DD300029462046FFF7A8FA60E094F89C020228E2
:10DD400002D003284FD11CE02D480078A8B12C4800
:10DD500000786060032084F89C02294801782046FE
:10DD6000FFF7CAFF022804D129462046FFF78CFAA4
:10DD700070BD2046FFF7C6FA02E02046FFF7C2FA60
:10DD80003BE01F48007870B9022084F89C021C48D0
:10DD9000007860601A4801782046FFF733FA204681
:10DDA000FFF7B0FA1EE0164909786068884216D07D
:10DDB00021792046FFF726FA114800786060104864
:10DDC00001782046FFF798FF022804D12946204613
:10DDD000FFF75AFACCE72046FFF794FA02E0204614
:10DDE000FFF790FA09E029462046FFF74DFA04486C
:10DDF00001782046FFF706FA00BF00BF00BFB7E773
:10DE00004C01002070B505460C466088012804D1FD
:10DE1000C5F8A4022846FFF775FA70BD10B5044690
:10DE20002046FFF7ECFE002010BD70B505460C46FD
:10DE30000026207800F0600060B1202802D0402841
:10DE40003CD100E000BFD5F8B402214682682846E4
:10DE5000904738E060780A2829D2DFE800F01923DB
:10DE6000281E280A0528140F21462846FFF703FB21
:10DE700022E021462846FFF712FF1DE021462846F2
:10DE8000FFF74CFF18E021462846FFF7C9FA13E0D8
:10DE900021462846FFF7F3FB0EE021462846FFF710
:10DEA000B1FF09E021462846FFF7B7F904E0214613
:10DEB0002846FFF7E9F900BF00BF04E021462846E5
:10DEC000FFF7E2F900BF00BF304670BD2DE9F04119
:10DED00005460E464FF000083479307800F06000B7
:10DEE00060B1202802D0402871D100E000BFD5F8F1
:10DEF000B402314682682846904700E1307800F04D
:10DF00006000202809D1D5F8B4023146826828463D
:10DF1000904780464046BDE8F081707800285ED08A
:10DF200001282FD0032876D195F89C02022802D030
:10DF3000032820D110E054B1802C08D02146284677
:10DF4000FFF74AFE80212846FFF746FE03E03146F0
:10DF50002846FFF799F913E0708840B93CB1802C4E
:10DF600005D0F08818B921462846FFF735FE284627
:10DF7000FFF7C8F904E031462846FFF785F900BFEE
:10DF800000BFB5E095F89C02022802D003281FD1FB
:10DF900010E054B1802C08D021462846FFF71CFE23
:10DFA00080212846FFF718FE03E031462846FFF798
:10DFB0006BF912E0708848B904F07F0018B121466F
:10DFC0002846FFF7E1FB2846FFF79CF905E091E0C2
:10DFD00031462846FFF758F900BF00BF88E095F8A2
:10DFE0009C02022802D0032876D126E034B1802C8E
:10DFF00004D031462846FFF747F972E004F080006C
:10E00000802809D104F07F0000EB800105F11400A5
:10E0100000EB810008E066E004F07F0000EB800187
:10E0200005F5AA7000EB8100074600203860022247
:10E0300039462846FFF755F953E004F08000802860
:10E040000ED104F00F0000EB800105F1140000EB8D
:10E050008100406898B931462846FFF715F940E03D
:10E0600004F00F0000EB800105F5AA7000EB8100C1
:10E07000406820B931462846FFF706F931E004F040
:10E080008000802808D104F07F0000EB800105F1BA
:10E09000140000EB810007E004F07F0000EB80013A
:10E0A00005F5AA7000EB810007460CB1802C02D167
:10E0B0000020386009E021462846FFF7A9FC10B18E
:10E0C0000120386001E000203860022239462846ED
:10E0D000FFF707F905E0FFE731462846FFF7D4F8D8
:10E0E00000BF00BF04E031462846FFF7CDF800BF6F
:10E0F00000BF04E031462846FFF7C6F800BF00BF66
:10E10000404608E770B505460C460026207800F02A
:10E11000600030B1202802D040282AD100E000BFA2
:10E1200000BF95F89C02012804D0022803D00328E0
:10E1300018D101E000BF00BF207901280DDCD5F81F
:10E14000B40221468268284690470646E08840B9D6
:10E150003EB92846FFF7D6F803E021462846FFF7E8
:10E1600093F804E021462846FFF78EF800BF00BF71
:10E1700004E021462846FFF787F800BF00BF0020D3
:10E1800070BD70470146014870470000F81B002031
:10E19000F0B5024600260878400032F8100048F634
:10E1A0008F1400EA0403C87830B101280CD002288B
:10E1B00005D003280BD104E043F4007309E000BF4D
:10E1C00007E043F4C06304E043F4806301E0012608
:10E1D00000BF00BF43F4004040F080000C786400B2
:10E1E00022F8140000BF0C78640032F8144048F69E
:10E1F0008F752C400D7844EA050040F4004444F04B
:10E2000080040D786D0022F8154000BF087B0028BF
:10E210007ED14878002852D000BF1046B2F8505046
:10E2200028440D7800F5806707EB0514CD886D1044
:10E230006D00258000BF00BF0C78640032F8140028
:10E2400000F040048CB100BF0D786D0032F815501D
:10E2500048F68F7705EA070444F4004545F0C00509
:10E260000F787F0022F8175000BF00BFC878012840
:10E2700013D000BF0C78640032F8144048F6BF7524
:10E2800004EA050080F0200040F4004444F08004DB
:10E290000D786D0022F815409EE100BF0C786400F7
:10E2A00032F8144048F6BF7504EA050040F4004413
:10E2B00044F080040D786D0022F815408CE100BF19
:10E2C0001046B2F8505028440D78042707EBC505D6
:10E2D00000F5806707EB4504CD886D106D00258043
:10E2E00000BF00BF1546B2F8504025440C78062701
:10E2F00007EBC40405F5806707EB4404204600BF24
:10E300000F6967B9078848F2FF3C07EA0C0700E08D
:10E3100057E00780078847F4004707801EE00F6931
:10E320003E2F0DD800BF0F697C080F7C07F0010756
:10E3300007B1641C4FF6FF7707EA842707800DE0DA
:10E3400000BF0F697C090F7C07F01F0707B9641E27
:10E350004FF4004747EA8427078000BF00BF00BF93
:10E3600000BF0C78640032F8140000F480448CB1D3
:10E3700000BF0D786D0032F8155048F68F7705EA2A
:10E38000070444F4004545F481450F787F0022F8E6
:10E39000175000BF00BF00BF0C78640032F8144073
:10E3A0004BF68F7504EA050080F4805080F400502D
:10E3B00040F4004444F080040D786D0022F81540CC
:10E3C0000AE100BF0C78640032F8144048F68F75FB
:10E3D00004EA050040F4004444F4C0740D786D0074
:10E3E00022F8154000BF00BF00BF00BF1046B2F8C2
:10E3F000505028440D7800F5806707EB05140D890F
:10E400006D106D00258000BF00BF00BF00BF10462B
:10E41000B2F8505028440D78042707EBC50500F5E5
:10E42000806707EB45044D896D106D00258000BFA6
:10E4300000BF00BF487800285DD100BF0C786400A1
:10E4400032F8140000F480448CB100BF0D786D00E8
:10E4500032F8155048F68F7705EA070444F4004572
:10E4600045F481450F787F0022F8175000BF00BFA8
:10E4700000BF0C78640032F8140000F040048CB146
:10E4800000BF0D786D0032F8155048F68F7705EA19
:10E49000070444F4004545F0C0050F787F0022F8DA
:10E4A000175000BF00BF00BF0C78640032F8144062
:10E4B0004BF68F7504EA050080F4805080F400501C
:10E4C00040F4004444F080040D786D0022F81540BB
:10E4D00000BF00BF0C78640032F8144048F6BF75E6
:10E4E00004EA050040F4004444F080040D786D0017
:10E4F00022F8154070E000BF0C78640032F8140078
:10E5000000F480448CB100BF0D786D0032F81550D6
:10E5100048F68F7705EA070444F4004545F4814541
:10E520000F787F0022F8175000BF00BF00BF0C78A3
:10E53000640032F8140000F040048CB100BF0D7884
:10E540006D0032F8155048F68F7705EA070444F459
:10E55000004545F0C0050F787F0022F8175000BF36
:10E5600000BFC878012813D000BF0C78640032F8CF
:10E57000144048F6BF7504EA050080F0200040F41E
:10E58000004444F080040D786D0022F8154011E03D
:10E5900000BF0C78640032F8144048F6BF7504EAF6
:10E5A000050040F4004444F080040D786D0022F82A
:10E5B000154000BF00BF0C78640032F814404BF6E1
:10E5C0008F7504EA050040F4004444F080040D789F
:10E5D0006D0022F8154000BF3046F0BD10B504466E
:10E5E000002010BD30B50246087B00285BD148787A
:10E5F00060B300BF0B785B0032F8130000F04003FB
:10E600008BB100BF0C78640032F8144048F68F7567
:10E6100004EA050343F4004444F0C0040D786D009F
:10E6200022F8154000BF00BF00BF0B785B0032F836
:10E63000133048F6BF7403EA040040F4004343F08B
:10E6400080030C78640022F8143007E100BF0B78D7
:10E650005B0032F8130000F480438BB100BF0C78EC
:10E66000640032F8144048F68F7504EA050343F459
:10E67000004444F481440D786D0022F8154000BF39
:10E6800000BF00BF0B785B0032F813304BF68F747D
:10E6900003EA040040F4004343F080030C78640074
:10E6A00022F81430DAE0487800286BD100BF0B78EC
:10E6B0005B0032F8130000F480438BB100BF0C788C
:10E6C000640032F8144048F68F7504EA050343F4F9
:10E6D000004444F481440D786D0022F8154000BFD9
:10E6E00000BF00BF0B785B0032F8130000F040035E
:10E6F0008BB100BF0C78640032F8144048F68F7577
:10E7000004EA050343F4004444F0C0040D786D00AE
:10E7100022F8154000BF00BF00BF0B785B0032F845
:10E72000133048F68F7403EA040040F4004343F0CA
:10E73000C0030C78640022F8143000BF00BF0B78CF
:10E740005B0032F813304BF68F7403EA040040F498
:10E75000004343F080030C78640022F8143000BFBB
:10E7600000BF0B785B0032F8133048F6BF7403EA41
:10E77000040040F4004343F080030C78640022F866
:10E7800014306BE000BF0B785B0032F8130000F42C
:10E7900080438BB100BF0C78640032F8144048F617
:10E7A0008F7504EA050343F4004444F481440D7872
:10E7B0006D0022F8154000BF00BF00BF0B785B0062
:10E7C00032F8130000F040038BB100BF0C786400F6
:10E7D00032F8144048F68F7504EA050343F4004408
:10E7E00044F0C0040D786D0022F8154000BF00BF52
:10E7F00000BF0B785B0032F8133048F68F7403EAE1
:10E80000040040F4004343F481430C78640022F890
:10E81000143000BF00BF0B785B0032F8133048F6AD
:10E82000BF7403EA040040F4004343F080030C7813
:10E83000640022F8143000BF00BF0B785B0032F890
:10E8400013304BF68F7403EA040040F4004343F0A6
:10E8500080030C78640022F8143000BF002030BD23
:10E8600001460020704701460020704710B504465D
:10E87000012024F8400F00202080A0802082403C0E
:10E8800010BD01464FF43F42B1F840009043A1F85B
:10E8900040000020704702460020704730B5024615
:10E8A000087B002865D1487888B300BF0B785B00EF
:10E8B00032F8130000F040038BB100BF0C78640005
:10E8C00032F8144048F68F7504EA050343F4004417
:10E8D00044F0C0040D786D0022F8154000BF00BF61
:10E8E000C878012845D000BF0B785B0032F81330A0
:10E8F00048F6BF7403EA040080F0200040F40043AF
:10E9000043F080030C78640022F8143031E0FFE714
:10E9100000BF0B785B0032F8130000F480438BB12A
:10E9200000BF0C78640032F8144048F68F7504EA92
:10E93000050343F4004444F481440D786D0022F84B
:10E94000154000BF00BF00BF0B785B0032F81330EA
:10E950004BF68F7403EA040080F4805080F400507A
:10E9600040F4004343F080030C78640022F8143034
:10E9700000BF002030BD10B50246487898B100BFF6
:10E980000B785B0032F8133048F6BF7403EA0400DA
:10E9900080F0100040F4004343F080030C786400E2
:10E9A00022F8143013E000BF0B785B0032F813300C
:10E9B0004BF68F7403EA040080F4805040F4004367
:10E9C00043F080030C78640022F8143000BF00206C
:10E9D00010BD2DE9F04706460C466078012876D137
:10E9E0002169A069884201D9256900E0A569207BD9
:10E9F000A0B9ABB2E2883046616900F0F4FD00BF17
:10EA00003046B6F8502010442278022303EBC202AD
:10EA100000F5806303EB42010D8081E3E07802287A
:10EA20007DD12169206A88427AD900BF21784900C6
:10EA300036F8111048F68F7201EA020040F40041E6
:10EA400041F4C0712278520026F8121000BF206AEB
:10EA5000401B20622078400036F8100000F0400093
:10EA600000287DD000BF3346607888BB00BF3246A7
:10EA7000B6F850100A4421784FF0060909EBC1019D
:10EA800002F5806909EB4101084600BF75B9B0F88D
:10EA9000009048F2FF3A09EA0A09A0F80090B0F89D
:10EAA000009049F40049A0F8009021E03E2D10D8D4
:10EAB00000BF690805F00109B9F1000F00D0491C39
:10EAC0004FF6FF7909EA8129A0F8009010E03DE3B4
:10EAD00010E000BF690905F01F09B9F1000F00D16E
:10EAE000491E4FF4004949EA8129A0F8009000BF6F
:10EAF00000BF0FE0607801280CD1B6F85000034445
:10EB00002078062101EBC00003F5806101EB400C89
:10EB1000ACF8005000BF6789ABB23A4601E057E15C
:10EB20002CE13046616900F05EFD60692844606157
:10EB30002169206A884203D9206A401B206202E0D2
:10EB4000256A0020206200BF6078C0BB00BF32464B
:10EB5000B6F850100A442178022303EBC10100E00B
:10EB600049E002F5806303EB4101084600BF55B957
:10EB7000038848F2FF3C03EA0C030380038843F454
:10EB80000043038019E03E2D0BD800BF690805F053
:10EB9000010303B1491C4FF6FF7303EA812303808D
:10EBA0000BE000BF690905F01F0303B9491E4FF4CC
:10EBB000004343EA8123038000BF00BF12E0FFE768
:10EBC000607801280ED100BF3046B6F850201044BE
:10EBD0002278022303EBC20200F5806303EB4201BB
:10EBE0000D8000BF00BF2789ABB23A46304661694D
:10EBF00000F0F9FC94E200BF6078B0BB00BF324681
:10EC0000B6F850100A442178022303EBC10102F543
:10EC1000806303EB4101084600BF55B9038848F201
:10EC2000FF3C03EA0C030380038843F400430380A2
:10EC300019E03E2D0BD800BF690805F0010303B1B0
:10EC4000491C4FF6FF7303EA812303800BE000BFEA
:10EC5000690905F01F0303B9491E4FF4004343EA55
:10EC60008123038000BF00BF12E0FFE76078012826
:10EC70000ED100BF3046B6F850201044227802234F
:10EC800003EBC20200F5806303EB42010D8000BF7D
:10EC900000BF2789ABB23A463046616900F0A3FC59
:10ECA0006069284460612169206A884203D9206A2A
:10ECB000401B206202E0256A0020206200BF33462C
:10ECC000607880BB00BF3246B6F850100A44217805
:10ECD0004FF0060909EBC10102F5806909EB41011A
:10ECE000084600BF75B9B0F8009048F2FF3A09EA4B
:10ECF0000A09A0F80090B0F8009049F40049A0F883
:10ED0000009020E03E2D0FD800BF690805F00109F2
:10ED1000B9F1000F00D0491C4FF6FF7909EA8129AB
:10ED2000A0F800900FE010E000BF690905F01F098E
:10ED3000B9F1000F00D1491E4FF4004949EA812979
:10ED4000A0F8009000BF00BF0FE0607801280CD150
:10ED5000B6F8500003442078062101EBC00003F50B
:10ED6000806101EB400CACF8005000BF6789ABB28A
:10ED70003A463046616900F036FCD1E1256A00BFB1
:10ED80002178490036F8111048F68F6201EA020036
:10ED900040F4004141F080012278520026F8121020
:10EDA00000BF00BF3046B6F850201044227802233E
:10EDB00003EBC20200F5806303EB42010D8000BF4C
:10EDC0002789ABB23A463046616900F00CFCA7E1F6
:10EDD00000BF2178490036F8111048F68F7201EA19
:10EDE000020040F4004141F4C0712278520026F83C
:10EDF000121000BF206A401B20622078400036F8C5
:10EE0000100000F0400000287DD000BF334660783D
:10EE100080BB00BF3246B6F850100A4421784FF04C
:10EE2000060909EBC10102F5806909EB41010846B9
:10EE300000BF75B9B0F8009048F2FF3A09EA0A0934
:10EE4000A0F80090B0F8009049F40049A0F80090B4
:10EE500020E03E2D0FD800BF690805F00109B9F187
:10EE6000000F00D0491C4FF6FF7909EA8129A0F86C
:10EE700000900FE010E000BF690905F01F09B9F12B
:10EE8000000F00D1491E4FF4004949EA8129A0F83A
:10EE9000009000BF00BF0FE0607801280CD1B6F8E9
:10EEA000500003442078062101EBC00003F5806187
:10EEB00001EB400CACF8005000BF6789ABB23A469A
:10EEC0003046616900F08FFB606928446061216908
:10EED000206A884203D9206A401B206202E0256A2A
:10EEE00000202062002D56D000BF6078C0BB00BF5C
:10EEF0003246B6F850100A442178022303EBC101D0
:10EF000002F5806300E047E003EB4101084600BFE3
:10EF100055B9038848F2FF3C03EA0C0303800388D9
:10EF200043F40043038019E03E2D0BD800BF69086D
:10EF300005F0010303B1491C4FF6FF7303EA812377
:10EF400003800BE000BF690905F01F0303B9491EE8
:10EF50004FF4004343EA8123038000BF00BF12E067
:10EF6000FFE7607801280ED100BF3046B6F8502088
:10EF700010442278022303EBC20200F5806303EB06
:10EF800042010D8000BF00BF2789ABB23A46304630
:10EF9000616900F028FBC3E000BF6078B0BB00BF30
:10EFA0003246B6F850100A442178022303EBC1011F
:10EFB00002F5806303EB4101084600BF55B90388A1
:10EFC00048F2FF3C03EA0C030380038843F4004348
:10EFD000038019E03E2D0BD800BF690805F001033E
:10EFE00003B1491C4FF6FF7303EA812303800BE052
:10EFF00000BF690905F01F0303B9491E4FF4004320
:10F0000043EA8123038000BF00BF12E0FFE760787E
:10F0100001280ED100BF3046B6F8502010442278A7
:10F02000022303EBC20200F5806303EB42010D8073
:10F0300000BF00BF2789ABB23A463046616900F095
:10F04000D2FA6069284460612169206A884203D944
:10F05000206A401B206202E0256A00202062A5B3DE
:10F0600000BF3346607888BB00BF3246B6F8501008
:10F070000A4421784FF0060909EBC10102F58069C5
:10F0800009EB4101084600BF75B9B0F8009048F29D
:10F09000FF3A09EA0A09A0F80090B0F8009049F494
:10F0A0000049A0F8009021E03E2D10D800BF69086B
:10F0B00005F00109B9F1000F00D0491C4FF6FF79A6
:10F0C00009EA8129A0F8009010E029E010E000BFD3
:10F0D000690905F01F09B9F1000F00D1491E4FF46D
:10F0E000004949EA8129A0F8009000BF00BF0FE065
:10F0F000607801280CD1B6F850000344207806212E
:10F1000001EBC00003F5806101EB400CACF800504E
:10F1100000BF6789ABB23A463046616900F063FAD6
:10F1200000BF2178490036F8111048F6BF7201EA95
:10F13000020080F0100080F0200040F4004141F017
:10F1400080012278520026F8121005E2207BA0BB35
:10F150002169A069884204D92569A069401BA06182
:10F1600002E0A5690020A06100BF3246B6F8501049
:10F170000A442178062303EBC10102F5806303EB07
:10F180004101084600BF55B9038848F2FF3C03EA35
:10F190000C030380038843F4004303801AE03E2DF0
:10F1A0000CD800BF690805F0010303B1491C4FF6F4
:10F1B000FF7303EA812303800CE00DE000BF6909BF
:10F1C00005F01F0303B9491E4FF4004343EA8123AE
:10F1D000038000BF00BFA9E1E07802287DD100BF15
:10F1E00000BF6078E0BB00BF3246B6F850100A445A
:10F1F0002178022303EBC10102F5806303EB410197
:10F20000084600BF236953B9038848F2FF3C03EA6C
:10F210000C030380038843F4004303801EE023694A
:10F220003E2B0DD800BF23695908237C03F001034E
:10F2300003B1491C4FF6FF7303EA812303800DE0FD
:10F2400000BF23695909237C03F01F0303B9491E3A
:10F250004FF4004343EA8123038000BF00BF13E063
:10F26000FFE7607801280FD100BF3046B6F8502084
:10F2700010442278022303EBC20200F5806303EB03
:10F280004201228A0A8000BF00BF00BF3346607877
:10F29000E8BB00BF3246B6F850100A4421784FF060
:10F2A000060909EBC10102F5806909EB4101084635
:10F2B00000BFD4F81090B9F1000F0FD1B0F8009052
:10F2C00048F2FF3A09EA0A09A0F80090B0F8009065
:10F2D00049F40049A0F800902EE06BE0D4F81090BB
:10F2E000B9F13E0F14D800BFD4F810904FEA59017D
:10F2F00094F8109009F00109B9F1000F00D0491CF1
:10F300004FF6FF7909EA8129A0F8009014E015E092
:10F3100000BFD4F810904FEA591194F8109009F0FA
:10F320001F09B9F1000F00D1491E4FF4004949EA05
:10F330008129A0F8009000BF00BF10E0607801288C
:10F340000DD1B6F8500003442078062101EBC0002F
:10F3500003F5806101EB400C208AACF8000000BF8F
:10F3600000BFE069002824D02078400036F81080E3
:10F3700008F4804010B108F0400038B908F480402B
:10F38000002816D108F04000002812D100BF00BFAD
:10F390002178490036F8111048F68F7201EA020010
:10F3A00040F4004141F0C0012278520026F81210CA
:10F3B00000BFBBE0E07801287CD12169A0698842C8
:10F3C00004D92569A069401BA06102E0A56900205D
:10F3D000A06100BF00BF6078B0BB00BF3246B6F886
:10F3E00050100A442178022303EBC10102F5806327
:10F3F00003EB4101084600BF55B9038848F2FF3CC2
:10F4000003EA0C030380038843F40043038019E0FC
:10F410003E2D0BD800BF690805F0010303B1491C5C
:10F420004FF6FF7303EA812303800BE000BF6909F5
:10F4300005F01F0303B9491E4FF4004343EA81233B
:10F44000038000BF00BF12E0FFE7607801280ED103
:10F4500000BF3046B6F8502010442278022303EB58
:10F46000C20200F5806303EB42010D8000BF00BFC4
:10F4700000BF3346607890BB00BF3246B6F85010EC
:10F480000A4421784FF0060909EBC10102F58069B1
:10F4900009EB4101084600BF85B9B0F8009048F279
:10F4A000FF3A09EA0A09A0F80090B0F8009049F480
:10F4B000004900E037E0A0F8009020E03E2D0FD892
:10F4C00000BF690805F00109B9F1000F00D0491C1F
:10F4D0004FF6FF7909EA8129A0F800900FE010E0CB
:10F4E00000BF690905F01F09B9F1000F00D1491EDD
:10F4F0004FF4004949EA8129A0F8009000BF00BFFD
:10F500000FE0607801280CD1B6F850000344207851
:10F51000062101EBC00003F5806101EB400CACF863
:10F52000005000BF02E00120BDE8F08700BF217855
:10F53000490036F811104BF68F7201EA020080F490
:10F54000805080F4005040F4004141F08001227866
:10F55000520026F8121000BF0020E5E70146002007
:10F56000A1F844004FF43F42A1F84020704700004A
:10F5700010B50248F9F752FE10BD00000C1900202A
:10F580000146B1F8440070472DE9F04304460E46A9
:10F5900015464FEA530CA046304608F5806909EB42
:10F5A000450267460AE01188921C0170401C4FEA30
:10F5B000112980F80090401C921C7F1E002FF2D170
:10F5C00003F00109B9F1000F01D011880170BDE805
:10F5D000F083024600207047024611B98020A2F84D
:10F5E0004C00002070472DE9F04704460D461E46AA
:10F5F00006F1010A4FEA5A08A146284609F5806A31
:10F600000AEB420347460BE090F800C0401C90F81C
:10F6100000A04CEA0A2119809B1C9B1C401C7F1EE9
:10F62000002FF1D1BDE8F08700BFFEE770B50446BA
:10F630000D46002210210848F8F7A0FA7E2101EAC1
:10F640004400FCF7CFFE2846FCF7CCFE0122102137
:10F650000148F8F793FA70BD000801400FB4054B5C
:10F6600010B503A9044A029800F048F810BC5DF8F0
:10F6700014FB0000F1FC0008600200200FB4084BEE
:10F6800010B504A902AA039800F038F8044602A9AC
:10F69000002000F049F9204610BC5DF814FB000082
:10F6A00029F9000802480068C0F3022070470000F2
:10F6B0000CED00E010B5002804DB0A07130E054A24
:10F6C000135406E00A07140E034A00F00F031B1F31
:10F6D000D45410BD00E400E018ED00E002E008C8DA
:10F6E000121F08C1002AFAD170477047002001E0BC
:10F6F00001C1121F002AFBD1704700002DE9FF4F06
:10F700008BB09A460F460446002606E025280BD00B
:10F7100052460D999047641C761C20780028F5D13C
:10F720000FB03046BDE8F08F0025A94601227D4983
:10F7300000E0054314F8013F203B02FA03F00842C1
:10F74000F7D120782E2817D114F8010F45F00405C1
:10F750002A280ED06FF02F022078A0F1300109295D
:10F760000AD809EB890102EB410100EB0109641C95
:10F77000F2E757F8049B641C20786C280DD004DC59
:10F780004C2812D06A2811D104E074280DD07A28B0
:10F790000CD10AE045F4001507E0617845F48015C6
:10F7A000814202D1641C05F58015641C207869280B
:10F7B0003ED006DC0028B3D063280BD0642804D1E7
:10F7C00036E0732810D075285CD052460D999047CA
:10F7D000761CA5E017F8040B8DF8000000208DF8CA
:10F7E0000100E846012003E057F8048B4FF0FF309A
:10F7F00069074FF0000501D40AE06D1C4D450DDA94
:10F800008542FADB18F805100029F6D106E06D1CD8
:10F810008542FCDB18F805100029F8D12E4404E0DD
:10F8200018F8010B52460D9990476D1EF8D277E0FB
:10F8300000200A90C5F302504FF00A0B02280CD0AA
:10F8400001CFC117021E71F100020CDA0023D0EBC8
:10F85000030063EB01012D2208E0FF1D27F00707DD
:10F86000F7E80201EEE72A0504D52B228DF82420C3
:10F87000012203E0EA070FD02022F7E70DF120086C
:10F88000089218E000200A90C5F302504FF00A0BCE
:10F89000022803D001CF00210022EFE7FF1D27F04F
:10F8A0000707F7E80201F7E75A460A9BF6F7D3F98C
:10F8B000303208F8012D50EA0102F5D1ADEB080015
:10F8C00000F1200B680701D44FF00109D94502DD92
:10F8D000A9EB0B0000E000208146002506E009A806
:10F8E0005246405D0D9990476D1C761C08988542E4
:10F8F000F5DB04E0302052460D999047761CB9F1B3
:10F900000001A9F10109F5DC05E018F8010B5246E8
:10F910000D999047761CBBF10001ABF1010BF4DCB3
:10F92000641CFAE6092801000A68531C0B60107079
:10F930007047000010B5044674B10FA001F062F9E1
:10F9400001201A4908701720F8F72AFF4FF41671A2
:10F950001748F6F710F80DE016A001F053F9002053
:10F96000124908701720F8F7F9FE4FF41671104885
:10F97000F6F701F810BD00007B22526563656976D9
:10F9800065223A7B22537461747573223A32367D54
:10F990002C2241223A7B2254797065223A22536507
:10F9A0006E644944227D7D0A00000000680000204A
:10F9B000E40400207B2252656365697665223A7B08
:10F9C00022537461747573223A32367D2C2241229F
:10F9D0003A7B2254797065223A22556E53656E64E3
:10F9E0004944227D7D0A000010B50120F7F7D8FDBB
:10F9F00005A001F007F9F6F7E7FF4FF416710F487D
:10FA0000F5F7B9FF10BD00007B225265636569768A
:10FA100065223A7B22537461747573223A32367DC3
:10FA20002C2246223A7B2254797065223A22436185
:10FA30006E73656C227D7D0A00000000E4040020E6
:10FA4000014601F0030090B96420B1FBF0F200FB25
:10FA5000121050B94FF4C870B1FBF0F200FB121055
:10FA600008B9012070470020FCE70120FAE70020D8
:10FA7000F8E7000070B5002500240DE01C48005D8B
:10FA8000642801D1681CC5B21948005D742801D1F1
:10FA9000681CC5B2601CC4B21548F5F777FFA042D8
:10FAA000ECD2022D11D1134A13A11148F5F776FFBC
:10FAB00010480068F6F7E8FF4FF416710C48F5F7A8
:10FAC0005AFF00200E49087010E013200D490870FD
:10FAD0000DA001F097F80020094908700549086059
:10FAE00000254FF416710248F5F745FF70BD000080
:10FAF000E404002004000020642564740000000079
:10FB0000090000201D0000207B2252656365697694
:10FB100065223A7B22537461747573223A31397DC0
:10FB20007D0A000010B586B00446F7F707FE0120F5
:10FB300004900F480390002001900120029005A935
:10FB400001A8F7F741FD78B9F7F796FD0598401C35
:10FB500010B1002006B010BD24B9FF2210210548C5
:10FB6000F5F702FF0120F5E7F7F786FD0020F1E742
:10FB700040540008381E002000B500221021104615
:10FB800000F002F800BD000030B5034658184028C8
:10FB900001D9002030BD18460FE02AB1094C0444B9
:10FBA00094F840441470521C102805D2054C0444AB
:10FBB00094F84044044D2C54401CCC188442ECD89A
:10FBC0000120E7E700500008381E00202DE9F0472B
:10FBD00006468946154606EB0900402802D9002052
:10FBE000BDE8F0870DB90020FAE7F7F7A7FD00247C
:10FBF00013E02A5D601C285C42EA0020C317074618
:10FC0000A019094A81183A460120F7F73FFD18B1BB
:10FC1000F7F732FD0020E3E7A41C4C45E9D3F7F7E2
:10FC20002BFD0120DCE700004054000810B5002443
:10FC300000200DE01F49095C652901D1611CCCB28F
:10FC40001C49095C4C2901D1611CCCB2411CC8B2D1
:10FC50001428EFDB022C15DB174A18A11548F5F71D
:10FC60009DFE15480068F6F7A5FC4FF41671114883
:10FC7000F5F781FE002013490880134908601349F5
:10FC8000087015E013201249087012A000F0BAFFA6
:10FC900000200E4908700849086000244FF41671CE
:10FCA0000448F5F768FE0020064908800649086008
:10FCB00010BD0000E4040020040000206525644C11
:10FCC000000000000C0000202000002008000020A0
:10FCD0001D0000207B2252656365697665223A7BB0
:10FCE00022537461747573223A31397D7D000000AE
:10FCF00013B50C4601216846F6F72EFB0120F7F7F5
:10FD00004FFC00981CBD000010B5002821D0114BFD
:10FD10000022001F196803E0814203D80A4649689F
:10FD20000029F9D152B11368841A9C4204D10068A9
:10FD300018441060104602E0506000E0186039B1CD
:10FD400002680B1A934203D10B681A440260496897
:10FD5000416010BD6402002000B585B00120F7F7B6
:10FD60001FFC002215491648FAF794F9002215499C
:10FD70001348FAF731F91348007812498978114A83
:10FD80005278104BDB78CDE90132CDE903100B48F6
:10FD9000807800900948437802780BA11948FFF752
:10FDA0006DFC184800F02EFF0120F7F7F9FB4FF427
:10FDB00016711548F5F7DFFD05B000BDBC00002049
:10FDC000F80A0020BF0000207B2254223A7B224800
:10FDD000223A25642C224D223A25642C2253223AC1
:10FDE00025642C2259223A25642C226D223A25645E
:10FDF0002C2244223A25642C2257223A25647D7D08
:10FE00000A0000003C070020E404002010B507A011
:10FE100000F0F8FEF6F7D8FD0020124908704FF404
:10FE200016711148F5F7A7FD10BD00007B22526541
:10FE30006365697665223A7B225374617475732217
:10FE40003A32367D2C2246223A7B22547970652242
:10FE50003A224964656E746966794F6666227D7DD3
:10FE60000A0000001B000020E404002010B507A0D9
:10FE700000F0C8FE0120F7F793FB0120104908703D
:10FE80004FF416710F48F5F776FD10BD7B225265D1
:10FE90006365697665223A7B2253746174757322B7
:10FEA0003A32367D2C2246223A7B225479706522E2
:10FEB0003A224964656E74696679227D7D0A000084
:10FEC0001B000020E404002070B504460D46002607
:10FED00017E0012251020C48F7F750FE2846F7F7C9
:10FEE0005FFB00224FF400710748F7F747FE2846F2
:10FEF000F7F756FB012251020348F7F73FFE701C4B
:10FF0000C6B2A642E5DB70BD00080140F8F7C2FBAF
:10FF1000FCF7FFFCFBF7E6FEFBF792FFFBF7A8FF01
:10FF2000FBF7CAFFFBF75AFF6420F7F739FBFBF733
:10FF3000F9FFFBF771FFFA48FAF728FDF948006866
:10FF4000C06840F02000F7490968C8600A20F7F748
:10FF500027FB0020F4490860FBF794FDFFF70CFE37
:10FF60001E210720FFF7B0FF4FF47A70F7F718FB58
:10FF7000FBF7F4FF4FF47A70F7F712FB01F026F865
:10FF80000120EA490870D5E24AF6AA20E849096842
:10FF90000860FBF777FDE748007810B1E64800F00D
:10FFA000ABFBE648008800287ED00120F7F7F8FA7E
:10FFB000E3480078572812D1E148407965280ED1EE
:10FFC000E0A000F01FFEDE4A40F23A216420F7F77D
:10FFD000FDF80120E2490870F6F75EF9AAE2D84878
:10FFE0000078612874D01EDC492872D00EDC4428C9
:10FFF00070D006DC032878D041286DD043286CD11E
:020000040801F1
:10000000DFE046286AD04728F9D1E0E0522872D0D4
:1000100004DC4D2870D04E28F1D190E054286CD0EB
:100020005628ECD11CE0722826D00CDC66287ED045
:1000300004DC642870D06528E1D1AAE069286CD07E
:100040006E28DCD16BE0762868D004DC73285CD0A5
:100050007528D4D10AE0802834D08128CFD13EE061
:1000600000F0ECFD0120BE490870E1E000F0FAFF6D
:100070000120BB490870DBE0BAA000F0C3FD0A20F4
:10008000F7F78EFA00BF00BF00BF00BF00BFBFF38D
:100090004F8F00BF00BF00BFB948006800F4E060A8
:1000A000B8490843001D00E0D2E0B549086000BF30
:1000B00000BF00BFBFF34F8F00BF00BF00BF00BF36
:1000C00000BFFDE700F0A6FE0120A5490870AFE0E3
:1000D0004CE06AE057E008E041E09AE037E0FFF7E3
:1000E0003BFE01209E490870A2E03720FCF756FA3B
:1000F0000446214602E080E03FE073E0A2A0FFF763
:10010000ADFA01209649087092E000F02DFE012022
:10011000934908708CE00AE041E04CE073E0312143
:100120006E2000F0ABFC01208D49087080E0312189
:10013000662000F0A3FC01208949087078E0322194
:100140006E2000F09BFC01208549087070E0322190
:10015000662000F093FC01208149087068E00120CE
:10016000FFF7E8FB01207E49087061E00020FFF7FF
:10017000E1FB01207A4908705AE000F027FF0120D6
:100180007749087054E0F6F743F901207449087084
:100190004EE00120874908707149087048E001204D
:1001A000854908706E49087042E0FFF72FFE012074
:1001B0006B4908703CE0FFF759FE01206849087060
:1001C00036E0FFF711FC01206549087030E0F6F7D2
:1001D000BDFC0120624908704FF416715848F5F7CC
:1001E000CAFB25E000F08CFE01205D4908704FF449
:1001F00016715348F5F7BFFB1AE001206F490870EC
:100200005749087014E0F7F7E9F8012054490870DD
:100210000EE06BA000F0F6FC13207049087000207F
:100220004F490870F6F738F800206D49086000BFA4
:1002300000BF1320694908700020494908706849C7
:1002400008603E490880674908800120F7F7A8F94F
:100250006548007808B1F6F7BBFD5748007808B14B
:10026000FFF708FC5348007808B1FFF7DFFC53485C
:10027000007808B100F0AAFB5C48007858B15C48EF
:10028000007840B10620F7F78BF95A4800F0BAFC25
:100290000020564908705648007840B90020564959
:1002A00008705649086022215548F5F764FB554807
:1002B000007888B95348407870B95248807858B966
:1002C0005048C07840B9002004E000214E4A115443
:1002D000411CC8B20428F8DB4A48FBF715FB20B1E3
:1002E0004848FBF711FB00B124E146480078464935
:1002F0000978884212D14348407843494978884276
:100300000CD1404880784049897888427ED13D4868
:10031000C0783D49C978884278D10BE176E0000089
:10032000640B0020F00B00202800002002000020B9
:100330009009002019000020F00900200C00002086
:10034000E40400207B2252656365697665223A7B6E
:1003500022537461747573223A32367D0A000000AC
:100360006F0000207B22526563697665223A7B220A
:10037000537461747573223A37307D7D0A00000032
:100380000CED00E00000FA057B2243223A7B22526A
:10039000656164657254797065223A524335323230
:1003A0002C2256657273696F6E223A25647D7D0A30
:1003B0000000000008000020090000200B000020C1
:1003C0007B2252656365697665223A7B22537461AC
:1003D000747573223A31397D7D0A00001D000020BA
:1003E000200000200E0000201B00002069000020DB
:1003F000680000209A0700206000002064000020B0
:1004000078070020720000207700002010210020D3
:10041000FBF718FA70B14848FBF776FA20B1464866
:10042000FBF772FA00B185E010210020FBF70AFA11
:1004300000B17FE041490120FBF75EFA002878D146
:100440003E488079AB286FD13C48C079F0BB3B482F
:10045000C07BD8BB002005E03749095C384A1154FD
:10046000411CC8B20428F7DB3448007835490860DD
:1004700032484078096801EB0020324908602F4873
:100480008078314908602D48C078096801EB002068
:100490002D49086029480079096801EB00402A4984
:1004A000086026484079096801EB00602649086029
:1004B0002448006800F40040B0F5004F15D12148F1
:1004C0000068C0F30E001F49086000E02CE00846F9
:1004D000006846F6292148401A4908601A48006811
:1004E0004BF2A62148401849086018480078A8B186
:1004F0001748007858B9134803681348026815A1D3
:100500000E48FFF7BBF80D4800F07CFB02E018A096
:1005100000F078FBFA20F7F743F808E032210A20D0
:10052000FFF7D2FC03E004E01AA000F06BFBFBF73E
:10053000A9FA00BF28E50000720000202A09002067
:1005400077000020800000207C00002001000020B7
:100550006B0000207B2243223A7B224944223A2529
:10056000642C225543223A25647D7D0A0000000058
:100570007B2243223A7B2254797065223A225072C0
:100580006F63657373436172644F6666227D7D0A93
:10059000000000006572726F720A0000F0B50B3047
:1005A000154D20F007010024144A0FE003688B4228
:1005B0000BD38B4205D95E1A43184768C3E900671D
:1005C00000E04368136002C004E0021D10680028C8
:1005D000ECD12046002802D1286808B10020F0BDE7
:1005E000064A07481060074A121A22F00702C0E9BB
:1005F000002401202860D7E7680200206402002060
:10060000BC1E0020B824002010B51649164800F082
:1006100046F8154800F0D6F8134800F029F80723EB
:1006200001220321104800F00CF901210E4800F0CE
:1006300065F900210C4800F0EEF804210A4800F0AA
:100640008CF90A49084800F01DF90849064800F0ED
:1006500037F90321044800F067F90121024800F04E
:10066000BCF810BD9C090020F00900206666C64059
:1006700038B504460020009003236A460421204632
:1006800000F082F903236A460621204600F07CF937
:1006900003236A460521204600F076F938BD70B57F
:1006A00004460D462560002084F804018021201DA9
:1006B000F5F761F9802104F18400F5F75CF970BD6C
:1006C0002DE9FC4104460D4616461F4601954FF4A0
:1006D0007A700090012301AAAE212068F7F7EEFCA2
:1006E0004FF47A7000903B463246AE212068F7F70F
:1006F00039FBBDE8FC8100002DE9F0418CB00546D6
:1007000000200B900A9001230BAA04212846FFF732
:10071000D7FF01230AAA06212846FFF7D1FF0024AC
:100720009DF82C009DF82810401A46B2012E02DADE
:1007300006F1200046B2002430E006236A46072175
:100740002846FFF7BDFF9DF8000000049DF801104A
:1007500040EA01209DF803100843C0F311079DF8FB
:10076000030000049DF8041040EA01209DF80510E4
:100770000843C0F31108281D40F82470803040F869
:1007800024800948874207D93A4608A102A8FEF703
:1007900075FF02A800F036FA601C44B2B442CCDB0C
:1007A0000CB0BDE8F081000030E602007B224D2253
:1007B0003A7B22536D706C65223A256C647D7D0A0C
:1007C0000000000038B504464020009001236A462E
:1007D0000921204600F0D8F838BD38B505460C464A
:1007E0000020009001236A4602212846FFF768FF97
:1007F0009DF8000020F08000009004F001009DF8BA
:10080000001041EAC010009001236A4602212846E8
:1008100000F0BAF838BD38B505460C4601236A46E3
:100820000A212846FFF74CFF9DF8000064F35F1093
:10083000C0B2009001236A460A21284600F0A4F8BD
:1008400038BDF8B507460C4615461E4600200090F8
:100850009DF8000040EA4410C0B2009005F001008D
:100860009DF8001041EA0010009006F00F009DF87E
:1008700000100843009001236A460821384600F022
:1008800083F8F8BD2DE9F84381460C462046F5F77C
:10089000CFF90746084A094BF5F742F90546F5F73F
:1008A000AEF9C0B2009001236A460C21484600F020
:1008B0006BF8BDE8F88300009A9999999999C93F16
:1008C0002DE9F84381460C462046F5F7B1F9074675
:1008D000084A094BF5F724F90546F5F790F9C0B237
:1008E000009001236A460D21484600F04DF8BDE80E
:1008F000F88300009A9999999999C93F38B50546A6
:100900000C4601236A460A212846FFF7D9FE9DF8C6
:10091000000000F07C002043009001236A460A2179
:10092000284600F031F838BD38B505460C4601239D
:100930006A4609212846FFF7C3FE9DF8000000F033
:10094000F8002043009001236A460921284600F060
:100950001BF82846FFF78CFE38BD38B504460D4617
:1009600001236A460A212046FFF7AAFE9DF80000EF
:1009700000F063008006000E009001236A460A2101
:10098000204600F001F838BD2DE9F84307468846B7
:1009900016461C46601CFFF701FE054685F80080E0
:1009A0002EB124B122463146681CF4F7CBFF4FF438
:1009B0007A70611C8BB200902A46AE213868F7F736
:1009C0007DFB2846FFF7A0F9BDE8F88370B5002548
:1009D00000240DE01C48005D522801D1681CC5B2FE
:1009E0001948005D642801D1681CC5B2601CC4B2FE
:1009F0001548F4F7CBFFA042ECD2022D11D1134AD7
:100A000013A11148F4F7CAFF10480068F6F702F97D
:100A10004FF416710C48F4F7AEFF00200E49087031
:100A200010E013200D4908700DA000F0EBF8002035
:100A3000094908700549086000254FF416710248FD
:100A4000F4F799FF70BD0000E404002004000020CA
:100A500052256464000000000B0000201D000020EF
:100A60007B2252656365697665223A7B2253746105
:100A7000747573223A31397D7D0A000070B50446E1
:100A80000D46312D2AD16E2C12D1012211022A4895
:100A9000F7F774F80120F6F783FD28A000F0B2F80C
:100AA0000120324908704FF416713148F4F763FFA2
:100AB000662C13D100224FF480711F48F7F75EF8BF
:100AC0000120F6F76DFD2BA000F09CF801202749CE
:100AD00008704FF416712648F4F74DFF322D2AD1D5
:100AE0006E2C12D1012291021348F7F747F801202A
:100AF000F6F756FD2BA000F085F801201B49087081
:100B00004FF416711A48F4F736FF662C13D1002201
:100B10004FF480610848F7F731F80120F6F740FDFF
:100B20002CA000F06FF80120104908704FF41671E6
:100B30000F48F4F720FF70BD000801407B2252658A
:100B40006365697665223A7B2253746174757322FA
:100B50003A32367D2C225231223A7B225374617410
:100B60007573223A32337D7D0A0000006F00002049
:100B7000E40400207B2252656365697665223A7B36
:100B800022537461747573223A32367D2C225231AD
:100B9000223A7B22537461747573223A32347D7D1C
:100BA0000A0000007B2252656365697665223A7B04
:100BB00022537461747573223A32367D2C2252327C
:100BC000223A7B22537461747573223A32337D7DED
:100BD0000A0000007B2252656365697665223A7BD4
:100BE00022537461747573223A32367D2C2252324C
:100BF000223A7B22537461747573223A32347D7DBC
:100C00000A00000070B504462046F4F7BFFEC5B2E6
:100C100029462046F5F7A0FB00224FF40071064854
:100C2000F6F7ACFF0120F6F7BBFC012251020248A7
:100C3000F6F7A4FF70BD00000008014000B599B0B0
:100C400064216846F4F797FE0A221CA16846FEF765
:100C500015FD6846FFF7D6FF25A0FFF7D3FF27A0B5
:100C6000FFF7D0FF0120F6F79BFC28A0FFF7CAFF93
:100C70000120F6F795FC2AA0FFF7C4FF0120F6F744
:100C80008FFC2AA0FFF7BEFF0120F6F789FC2AA0FF
:100C9000FFF7B8FF0120F6F783FC2BA0FFF7B2FFA8
:100CA0000120F6F77DFC2EA0FFF7ACFF4FF4167184
:100CB0002C48F4F760FE19B000BD00007B224669A5
:100CC000726D77617265223A7B2246223A312C227C
:100CD00044657669636554797065223A22494F22EA
:100CE0002C2252656C65617365223A3025640000E0
:100CF0002C22426F6F74223A310000002C22417581
:100D0000746F5374617274223A3000002C22526561
:100D10006164657254797065223A5243353232000B
:100D20002C2246696E676572223A31002C2241748A
:100D30006C6173223A3100002C2248656172744262
:100D4000656174223A3100002C226F6E6552656134
:100D50006443617264496E4669656C64223A31008D
:100D60007D7D0A00E404002010B50C48007810B91D
:100D70000BA0FFF747FF0948007810B116A0FFF756
:100D800041FF0648007880F00100044908704FF4E4
:100D900016711F48F4F7EFFD10BD00006B00002036
:100DA0007B2252656365697665223A7B22537461C2
:100DB000747573223A32367D2C2243223A7B2254B8
:100DC000797065223A22556E53656E645365726977
:100DD000616C227D7D0A00007B2252656365697625
:100DE00065223A7B22537461747573223A32367DE0
:100DF0002C2243223A7B2254797065223A22536591
:100E00006E6453657269616C227D7D0A000000008A
:100E1000E404002010B51CA0FFF7F4FE2848407839
:100E2000284908702648807848702548C07888701E
:100E30002348007924498870214840794870204827
:100E4000807908701E48C079C8700120F6F7A8FBA9
:100E500000221C491D48F9F793FA10B11CA0FFF7B6
:100E6000D1FE0120F6F79CFB002217491748F9F73D
:100E7000D9F910B11CA0FFF7C5FE4FF41671104848
:100E8000F4F779FD10BD00007B2252656365697639
:100E900065223A7B22537461747573223A32367D2F
:100EA0002C2254223A7B2254797065223A225365CF
:100EB0007454696D6544617465227D7D0A0000008B
:100EC000E4040020BC000020BF000020F80A00203D
:100ED0007B2254223A7B22537461747573223A3117
:100EE00032387D7D0A0000007B2254223A7B225357
:100EF0007461747573223A3132397D7D0A000000C5
:100F000008B500200090F5F75FFD6420F6F748FB78
:100F10006A4600214FF4A870F6F72EF86420F6F721
:100F20003FFB12480078AA2813D110484078552872
:100F30000FD10E48807850280BD10C48C07801287A
:100F400007D10A480079042803D109A0FFF75AFE07
:100F500002E012A0FFF756FEC820F6F721FB4FF47F
:100F600016710248F4F707FD08BD00008C0200204E
:100F70007B2246223A7B2254797065223A225465BC
:100F80007374436F6E6E656374696F6E222C2253A7
:100F90007461747573223A307D7D0A007B2246228B
:100FA0003A7B2254797065223A2254657374436FF8
:100FB0006E6E656374696F6E222C22537461747552
:100FC00073223A31387D7D0A000000000EB5012001
:100FD000F6F7E6FA0120144ACDE900200346FF2285
:100FE000AE2102901148F7F721F9FFF70DFB0E48EB
:100FF0000078152806D10EA0FFF704FE0120114944
:10100000087005E010A0FFF7FDFD00200D490870F5
:101010000120F6F7C5FA0020034908704FF4167155
:101020000F48F4F7A8FC0EBD180000209C09002012
:101030007B224D223A7B22537461747573223A30BD
:101040007D7D0A00190000207B224D223A7B22532D
:101050007461747573223A3133307D7D0A0000006B
:10106000E404002010B5FEF787FD002819D06420A5
:10107000F6F796FA0020FEF755FD0CA20821002095
:10108000FEF7A4FD48B10520F6F78AFA0AA0FFF79B
:10109000B9FD0520F6F784FA06E010A0FFF7B2FDCF
:1010A00002E00EA0FFF7AEFD10BD0000426F6F54CE
:1010B00031323334000000007B2255706461746566
:1010C0004669726D77617265223A7B22537461744E
:1010D0007573223A32367D0A000000007B2255707B
:1010E000646174654669726D77617265223A7B222C
:1010F000537461747573223A31397D0A000000001F
:101100001F1C1F1E1F1E1F1F1E1F1E1F0000000072
:1011100000000000010203040607080900000000A7
:1011200001020304895171F21DCB00000000000090
:10113000000000008D5F307CF05E000000000000C9
:1011400000000000B22CE4247D90000000000000AC
:1011500000000000579B07B3A4E900000000000056
:1011600000000000E32F50F2E3D000000000000078
:1011700000000000E9C1254FA07D00000000000034
:1011800000000000FFFFFFFFFFFF00000000000065
:1011900000000000DDDDDDDDDCBBBBDDDDDDDDDD38
:1011A000DDDDDDDD9888888888888888777777779F
:1011B000778888888555555666666666666666666B
:1011C0006668888883333332222222222222222216
:1011D0002228888D7B2252656365697665223A7B79
:1011E00022537461747573223A32367D2C22462262
:1011F0003A7B2254797065223A224672696D776192
:101200007265222C22537461747573223A25642E00
:1012100025647D7D0A0000007B2252656365697646
:1012200065223A7B22537461747573223A32367D9B
:101230002C2246223A7B2254797065223A22476555
:1012400074456D7074794944222C2253746174750D
:1012500073223A25647D7D0A000000007C1201089B
:10126000000000206C020000986100086013010873
:101270006C0200204C280000ECF6000801105A0116
:1012800004111A0106E21402250305120A021130A4
:101290002A0156395909121CC90801301355D31BAC
:1012A000089D041AAD041AD1041309D41B0821089F
:1012B0001A650413120114020202164083044057F7
:1012C0001D02010203650E21040309041ACD13C592
:1012D000621B0895041A05041AE90441DA10A87380
:1012E000B2074B24F4FE120632022A402413B1CF77
:1012F0001408F1CE4C08D3D03C1A3F101A41101AF2
:10130000BD04C11A91181A81041AA1041A71041C8F
:10131000090243AB111DC03209046D1A020B1305FB
:1013200024161001052401100901042402020524D9
:1013300006170107058203081C100904E1320A1D83
:10134000070501027B2C07058107110937442A4054
:10135000072A8107112B0907440A3B0444C10000F6
:04000005080058EDAA
:00000001FF
