:020000040800F2
:10580000182E00200159000841AF00087B9E0008B7
:105810003DAF0008955A0008190701080000000074
:1058200000000000000000000000000091D7000808
:10583000C95B0008000000003FC60008B1D900089D
:105840001B5900081B5900081B5900081B59000868
:105850001B5900081B5900081B5900081B59000858
:105860001B5900081B5900081B5900081B59000848
:105870001B5900081B5900081B5900081B59000838
:105880001B5900081B5900081B5900081B59000828
:10589000610601081B5900081B5900081B59000824
:1058A0001B5900081B5900081B5900081B59000808
:1058B0001B59000875DA00081B5900081B5900081D
:1058C0001B5900081B5900081B5900081B590008E8
:1058D0001B59000889DE000899DE0008E5DE000893
:1058E0001B5900081B5900081B590008DFF80CD091
:1058F00000F084F80048004755170108182E0020D2
:105900000648804706480047FEE7FEE7FEE7FEE759
:10591000FEE7FEE7FEE7FEE7FEE7FEE765DA0008E2
:10592000ED580008202A04DB203A21FA02F0002179
:10593000704721FA02F3D040C2F12002914008439F
:105940001946704740EA01039B0703D009E008C9E4
:10595000121F08C0042AFAD203E011F8013B00F834
:10596000013B521EF9D27047D2B201E000F8012B80
:10597000491EFBD270470022F6E710B513460A46CF
:1059800004461946FFF7F0FF204610BD421C10F8F0
:10599000011B0029FBD1801A70472DE9F05F0546F5
:1059A000002092469B4688460646814640241BE0DE
:1059B0002846414647462246FFF7B4FF53465A461B
:1059C000C01A914110D311461846224600F028F81B
:1059D0002D1A67EB01084F4622460120002100F0F6
:1059E0001FF817EB00094E41201EA4F10104DFDC73
:1059F000484631462A464346BDE8F09F064C074DCF
:105A000006E0E06840F0010394E80700984710348E
:105A1000AC42F6D3FFF76EFF802C0108A02C0108E2
:105A2000202A04DB203A00FA02F10020704791405E
:105A3000C2F1200320FA03F319439040704770B578
:105A40008C1810F8015B15F0070301D110F8013B29
:105A50002A1106D110F8012B03E010F8016B01F8B0
:105A6000016B5B1EF9D12B0705D40023521E0DD408
:105A700001F8013BFAE710F8013BCB1A921C03E056
:105A800013F8015B01F8015B521EF9D5A142D8D38E
:105A9000002070BD00BFFEE730B50346042B15D0D3
:105AA00007DC7BB1012B0ED0022B0DD0032B30D1A4
:105AB0000BE0202B0BD0212B18D0222B22D0232B14
:105AC00027D125E026E025E024E023E022E00020A5
:105AD00003E00C5C114D2C54401C0728F9DB00201E
:105AE0000F4C207001200F4C207013E0002003E0C9
:105AF0000A4C245C0C54401C0728F9DB0020084C9D
:105B0000207007E006480078401C054C207001E03A
:105B100000E000BF00BF002030BD000010010020E9
:105B200000000020010000200020704710B5002276
:105B30000449054808F03BFB0449034808F030FBE2
:105B4000002010BD70140020C40B0020881000201D
:105B500070B504460D460B4928680860002003E034
:105B6000215C094A1154401C064909688842F7D350
:105B70002146064808F014FB044808F0EDFA00201E
:105B800070BD000008000020E0040020C40B0020CD
:105B90002DE9F04104460D4600260A48D0F8B872B7
:105BA000D7F8140210B10120BDE8F0812A46214641
:105BB000044808F0FCFA034808F07DFB064630462E
:105BC000F2E70000C40B0020704700007CB50026FF
:105BD000002419A103C9CDE9000164230522694607
:105BE000174804F0E0F800F06DFD0546002004467B
:105BF0001DE00020134908700A2000F06DFE6423A8
:105C0000052269460E4804F0CEF80AF087FD0546E5
:105C1000062D02D0152D04D101E064207CBD692041
:105C2000FCE7062D00D104E0601CC0B20446022C43
:105C3000DFDB00BF00BFF1E70245530317000000A0
:105C4000800B0020480000201CB50DA103C9CDE940
:105C500000010BF0EDFB6423052269460A4804F0BD
:105C6000A2F80AF05BFD0446062C02D0152C04D1E4
:105C700001E064201CBD6920FCE76920FAE7000010
:105C8000024448030D000000800B00200146002064
:105C900048608860C8618861086248730873086159
:105CA00008754875002205E0002301F124008354A3
:105CB000501CC2B2102AF7DB002205E0002301F1DC
:105CC00034008354501CC2B2102AF7DB002203E0D8
:105CD00000208854501CC2B2042AF9DB002070470F
:105CE00072B603E01E2164200BF012FDFAE70000FB
:105CF0000021074AD1610749096941F00401054AB9
:105D000011611146096941F04001116170470000BD
:105D1000681D0020002002400021074AD161074988
:105D2000096941F00201054A11611146486109699A
:105D300041F0400111617047681D002000200240C1
:105D40000022054BDA61054A126942F00102034B59
:105D50001A61018070470000681D00200020024089
:105D600000201E49C96801F0100139B11C49C969F8
:105D700041F002011A4AD16140F010001749C96888
:105D800001F0040139B11649C96941F00101144A11
:105D9000D16140F004001149C96901F0010169B104
:105DA0000F49C96941F004010D4AD16100BF0B4997
:105DB000C96921F00101094AD16100BF00BF40F269
:105DC0000111884206D10549C96921F00101034A40
:105DD000D16101E00149C86000BF70470020024066
:105DE000681D002070B5044600F0FAFF054609E082
:105DF000601C38B124B100F0F3FF401BA04201D970
:105E0000032070BD1248C06800F001000028EFD1E7
:105E10000F48C06800F0200020B100BF20200C49CE
:105E2000C86000BF0A48C06800F0100048B90848C0
:105E3000C06900F0010020B90548C06800F0040006
:105E400018B1FFF78DFF0120DBE70020D9E7000044
:105E5000002002402DE9F04F8BB006464FF0000BBA
:105E600000203060DD480078012811D0022802D0DF
:105E7000032827D119E00520D94908701520D949F0
:105E800008703720D84908702020D849087026E0CB
:105E90000420D34908701020D24908703920D24913
:105EA00008700020D149087019E00520CC4908701D
:105EB0001520CC4908703720CB4908704020CB49C9
:105EC00008700CE00520C64908701420C549087008
:105ED0003720C54908700020C449087000BF00BFC2
:105EE00009A804F015FB38B109A804F011FB18B19A
:105EF00001200BB0BDE8F08F002405E009A8005D8B
:105F0000BB490855601CC4B2042CF7DB10210020EB
:105F100004F016FA08B10120EBE701A9012004F012
:105F20008FFA08B10120E4E79DF80500B0498860C8
:105F30000846806800028860084680689DF8041062
:105F40000844AB4988609DF80900486008464068ED
:105F500000024860084640689DF808100844A449BB
:105F600048600846406800024860084640689DF85E
:105F7000071008449E49486008464068000248608F
:105F8000084640689DF8061008449949486008464C
:105F9000008900F40040B0F5004F12D10846008996
:105FA000C0F30E0088600846806846F62921484004
:105FB0008F498860084640684BF2A62148408C49CA
:105FC00048608B4840688B4908608748017884485E
:105FD000007804F0B5F908B10A208AE701A98148E0
:105FE000007804F02DFA08B1142082E7002406E0BE
:105FF00001A8015D7E4824300155601CC4B2102CFC
:10600000F6DB4FF0010A00240BE001A8015D01AAB4
:1060100004F10800105C814201D04FF0000A601CBE
:10602000C4B2042CF1DB00240BE001A9201D085CA4
:10603000095D81F0FF01884201D04FF0000A601C29
:10604000C4B2042CF1DB9DF8100050B99DF811008A
:10605000FF2806D19DF8120018B99DF81300FF28FB
:1060600001D04FF0000ABAF1000F3AD09DF80700B6
:106070005F49C8610846C0690002C8610846C06936
:106080009DF8061008445A49C8610846C0690002D4
:10609000C8610846C0699DF8051008445449C861A4
:1060A0000846C0690002C8610846C0699DF804102E
:1060B00008444F49C8611421062004F041F908B191
:1060C0000C2016E76946182004F0C6F908B10D2027
:1060D0000FE74749009808730846C0693060002000
:1060E00007E74FF04B08002406E041482430005DEC
:1060F00080EA0808601CC4B20F2CF6DB3C4890F81C
:106100003300404501D00320F3E6394890F82700DA
:106110003749C8610846C0690002C8610846C169BC
:1061200090F8260008443249C8610846C069000258
:10613000C8610846C16990F8250008442C49C86127
:106140000846C0690002C8610846C06991F8241079
:1061500008442749C861084690F82D703F0290F81E
:106160002C000744084690F82B502D0290F82A0086
:1061700005442D02084690F8290005442D020846E2
:1061800090F828000544084690F82E90B9F1010FC8
:1061900003D0B9F1020F12D108E005EB070B144848
:1061A000C069584501D00520A3E60AE0A5EB070B1E
:1061B0000F48C069584501D006209AE601E0072043
:1061C00097E600BF0A4890F82F0000F01F0008492A
:1061D00008730846C069306000208AE6710200201A
:1061E0006D0200206E0200206F020020700200206D
:1061F000081E0020740200202DE9F04F8DB00746E4
:106200008946002500203860C9F80000FB48007866
:10621000012811D0022802D0032827D119E0052037
:10622000F74908701520F74908703720F6490870BB
:106230002020F649087026E00420F149087010205B
:10624000F04908703920F04908700020EF490870C3
:1062500019E00520EA4908701520EA49087037203E
:10626000E94908704020E94908700CE00520E4493C
:1062700008701420E34908703720E34908700020B3
:10628000E249087000BF00BF0BA804F041F938B123
:106290000BA804F03DF918B101200DB0BDE8F08F56
:1062A000002405E00BA8005DD9490855601CC4B264
:1062B000042CF7DB1021002004F042F808B1012083
:1062C000EBE703A9012004F0BBF808B10120E4E7E3
:1062D0009DF80D00CE4988600846806800028860FD
:1062E000084680689DF80C100844C94988609DF8EC
:1062F000110048600846406800024860084640684F
:106300009DF810100844C2494860084640680002E1
:106310004860084640689DF80F100844BC49486032
:106320000846406800024860084640689DF80E1024
:106330000844B74948600846008900F40040B0F5B9
:10634000004F12D108460089C0F30E00886008464D
:10635000806846F629214840AD4988600846406873
:106360004BF2A6214840AA494860A9484068A9497B
:106370000860A5480178A248007803F0E1FF08B161
:106380000A208AE79D480078012835D103A9122008
:1063900004F056F808B114207FE79DF81000AB28F0
:1063A00012D19DF81100CD280ED19DF80F502D026D
:1063B0009DF80E0005442D029DF80D0005442D02A8
:1063C0009DF80C00054400E000259DF80C00FF2816
:1063D0000CD19DF80D00FF2808D19DF80E00FF2874
:1063E00004D19DF80F00FF2800D100258A4885427E
:1063F00000D10025C9F8005003A98248007804F0B4
:106400001FF808B1142048E7002406E003A8015D46
:106410007F4824300155601CC4B2102CF6DB0120EB
:10642000029000240BE003A8015D03AA04F1080018
:10643000105C814201D000200290601CC4B2042C88
:10644000F1DB00240BE003A9201D085C095D81F04D
:10645000FF01884201D000200290601CC4B2042CCD
:10646000F1DB9DF8180050B99DF81900FF2806D1FE
:106470009DF81A0018B99DF81B00FF2801D00020D4
:106480000290029890B39DF80F006149C8610846D8
:10649000C0690002C8610846C0699DF80E10084432
:1064A0005B49C8610846C0690002C8610846C06906
:1064B0009DF80D1008445649C8610846C06900029D
:1064C000C8610846C0699DF80C1008445049C8616D
:1064D0001421062003F034FF08B10C20DDE601A9E9
:1064E000182003F0B9FF10B10D20D6E607E04849A7
:1064F000019808730846C06938600020CDE64FF067
:106500004B0A002406E042482430005D80EA0A0A73
:10651000601CC4B20F2CF6DB3D4890F833005045A8
:1065200001D00320B9E63A4890F827003849C861FD
:106530000846C0690002C8610846C16990F8260093
:1065400008443349C8610846C0690002C86108466A
:10655000C16990F8250008442D49C8610846C06902
:106560000002C8610846C06991F82410084428490F
:10657000C861084690F82D804FEA082890F82C0052
:106580008044084690F82B60360290F82A000644B2
:106590003602084690F8290006443602084690F86C
:1065A00028000644084690F82EB0BBF1010F03D036
:1065B000BBF1020F12D108E006EB08051448C069D0
:1065C000A84201D0052068E60AE0A6EB08051048BD
:1065D000C069A84201D006205FE601E007205CE622
:1065E00000BF0B4890F82F0000F01F000849087307
:1065F0000846C069386000204FE6000071020020A4
:106600006D0200206E0200206F0200207002002048
:10661000081E00207402002017FCFF0001460E290E
:1066200024D2DFE801F007090B0D0F11131517191C
:106630001B1D1F21192070471A20FCE71C20FAE7B8
:106640001D20F8E71E20F6E72020F4E72120F2E7DE
:106650002220F0E72420EEE72520ECE72620EAE7D9
:106660002820E8E72920E6E72A20E4E70020E2E7FF
:1066700001460E2924D2DFE801F007090B0D0F11A6
:10668000131517191B1D1F21192070471A20FCE72D
:106690001C20FAE71D20F8E71E20F6E72020F4E78B
:1066A0002120F2E72220F0E72420EEE72520ECE786
:1066B0002620EAE72820E8E72920E6E72A20E4E781
:1066C0000020E2E77CB52EA103C9CDE900016423D7
:1066D000052269462C4803F066FB0AF01FF80546C0
:1066E000062D01D079207CBD0AF040F804462749E8
:1066F000601A8C4236D012DC2549A4EB01008C4292
:106700002AD007DC23482044F0B1012828D00228F1
:1067100034D123E004281DD0FC282FD116E0B0F599
:10672000FF3F23D009DCB0F5007F23D0B0F5C06F68
:1067300022D0B0F57E4F21D10AE017490844B8B104
:10674000B0F5802F1AD10FE06420CCE76E20CAE7A5
:106750006F20C8E76520C6E76620C4E76720C2E768
:106760006820C0E76A20BEE76B20BCE76C20BAE770
:106770006D20B8E76E20B6E76F20B4E77820B2E767
:106780000252460315000000800B0020303230001A
:1067900034303000D0CFCFFF0002FCFF70B50A4884
:1067A0000468001D0568001D0668344454B10822C1
:1067B0000649204604F0E5F9042204491031284630
:1067C00004F0DFF970BD0000E8F7FF1FF6000020BD
:1067D0000146002291F82100022808D00420886395
:1067E00000BF002081F8200000BF0120704708682A
:1067F000006820F00E000B6818600868006820F040
:1068000001000B68186091F8403001209840CB6B74
:106810005860012081F8210000BF002081F820008D
:1068200000BF1046E2E7000070B50446002594F86A
:106830002100022803D00420A063012548E020683D
:10684000006820F00E00216808602068006820F0D1
:106850000100216808601F492068884201D1012099
:1068600026E01C4914312068884201D110201FE025
:10687000184928312068884201D1801518E015494F
:106880003C312068884201D1801411E01149503117
:106890002068884202D14FF4803009E00D4964310C
:1068A0002068884202D14FF4801001E04FF08070E0
:1068B000084908394860012084F8210000BF002001
:1068C00084F8200000BF606B10B12046616B8847E0
:1068D000284670BD0800024070B5044600F080FAFA
:1068E00006462546681C10B104480078054400BFE0
:1068F00000F076FA801BA842FAD370BD3001002068
:106900002DE9F04104460E460127002500BF264828
:10691000007E012802D10220BDE8F0810120224939
:10692000087600BF2068022813D14CF25030FFF7E0
:1069300059FA90BB0120FFF7DBF94CF25030FFF71A
:1069400051FA07461948006920F004001749086108
:1069500023E04CF25030FFF745FAF0B94FF0FF302A
:106960003060A56812E02846FFF7D6F94CF25030A7
:10697000FFF738FA07460D48006920F002000B497E
:1069800008610FB1356007E005F58065D4E90210B4
:1069900001EB8020A842E6D800BF00BF00200249DA
:1069A000087600BF3846B7E7681D00200020024087
:1069B0000348006940F080000149086100207047E9
:1069C000002002402DE9FE4F05468B4617469846AB
:1069D000012600240020029000BF2448007E0128E8
:1069E00002D10220BDE8FE8F01202049087600BFB9
:1069F0004CF25030FFF7F6F9064686BB012D02D166
:106A00000120029006E0022D02D10220029001E056
:106A10000420029000241EE02201B946C2464846E6
:106A20005146FEF77FFF80B20190022000FB04B0C8
:106A300000900199FFF784F94CF25030FFF7D2F93A
:106A400006460B48006920F001000949086106B1BB
:106A500004E0601CC4B202988442DDDB00BF00BFCA
:106A600000200249087600BF3046BBE7681D0020C1
:106A70000020024000200849096901F0800151B15D
:106A80000649054A5160064951601146096901F0FD
:106A9000800101B1012070470020024023016745B9
:106AA000AB89EFCD2DE9F8470346002294466EE10D
:106AB0004FF0010808FA02F4D1F8008008EA040057
:106AC000A0427DD1DFF8DCA2D1F80480A8EB0A094E
:106AD000D0453AD014DCB8F1030F50D009DCB8F13E
:106AE000000F31D0B8F1010F1CD0B8F1020F49D11D
:106AF00020E0B8F1110F18D0B8F1120F42D11EE00A
:106B0000B9F5881F25D006DCB9F5803F20D0B9F54E
:106B1000801F37D11AE0B9F5001F18D0B9F5041F4E
:106B200030D117E0D1F80CC02DE0D1F80C8008F17D
:106B3000040C28E0D1F80C8008F1080C23E0D1F80F
:106B40000C8008F10C0C1EE000BF00BF00BF00BFAE
:106B500000BF00BFD1F80880B8F1000F02D14FF09C
:106B6000040C0BE0D1F80880B8F1010F03D14FF00D
:106B7000080C1C6102E04FF0080C5C6103E04FF070
:106B8000000C00E000BF00BFFF2801D8984601E0DC
:106B900003F104084646FF2802D84FEA820803E0C2
:106BA000A2F108084FEA88084746D6F800804FF05F
:106BB0000F0909FA07F928EA09080CFA07F900E0B1
:106BC00088E048EA0908C6F80080D1F8048008F097
:106BD0008058B8F1805F7DD100BFDFF8CC81D8F854
:106BE000188048F00108DFF8C091C9F81880C8463D
:106BF000D8F8188008F00108CDF8008000BF00BF69
:106C00004FEAB9384FEA920958F829504FEA82788A
:106C10004FEA18794FF00F0808FA09F825EA080535
:106C2000DFF88881434502D14FF0000816E0DFF815
:106C30008081434502D14FF001080FE0DFF87481F5
:106C4000434502D14FF0020808E0DFF86C8143456C
:106C500002D14FF0030801E04FF004084FEA8279B7
:106C60004FEA197908FA09F848EA0505DFF84C8176
:106C70004FEA920948F82950D1F8048008F4803886
:106C8000B8F5803F0AD1DFF83881D8F8008048EAAB
:106C90000008DFF82C91C9F8008009E0DFF82081B6
:106CA000D8F8008028EA0008DFF81491C9F80080BD
:106CB000D1F8048008F40038B8F5003F10D1DFF8AF
:106CC000008108F10408D8F8008048EA0008DFF8DD
:106CD000F09000E05AE009F10409C9F800800DE0E5
:106CE000DFF8DC8008F10408D8F8008028EA000802
:106CF000DFF8CC9009F10409C9F80080D1F80480CC
:106D000008F48018B8F5801F0ED1DFF8B48008F1C0
:106D10000808D8F8008048EA0008DFF8A49009F1D4
:106D20000809C9F800800DE0DFF8948008F1080830
:106D3000D8F8008028EA0008DFF8849009F10809F3
:106D4000C9F80080D1F8048008F40018B8F5001FD5
:106D50000ED1DFF86C8008F10C08D8F8008048EA02
:106D60000008DFF85C9009F10C09C9F800800DE01B
:106D7000DFF84C8008F10C08D8F8008028EA0008F9
:106D8000DFF83C9009F10C09C9F80080521CD1F8D9
:106D9000008028FA02F8B8F1000F7FF489AEBDE850
:106DA000F8870000000011100010024000080140A8
:106DB000000C014000100140001401400800014097
:106DC00000040140024693680B400BB1012000E033
:106DD000002070470AB1016101E00B0403617047B4
:106DE00001480068704700002801002070B5044683
:106DF0000CB9012070BD94F83D0028B9002084F83A
:106E00003C00204600F03EFB242084F83D00206832
:106E1000006820F00100216808602068006840F4E4
:106E20000040216808602068006820F40040216864
:106E3000086001F07DFD05465C496068884206D81F
:106E40005B48854201D2012007E0002005E0594857
:106E5000854201D2012000E00020012800D1C9E7CD
:106E60005548B5FBF0F62068406820F03F003043FD
:106E7000216848604D496068884201D8701C07E06D
:106E80004FF4967070434FF47A71B0FBF1F0401CF0
:106E90002168096A21F03F010843216808624349DB
:106EA0006068884214D8681E61684900B0FBF1F040
:106EB000401CC0F30B00042801D204203DE0681EF2
:106EC00061684900B0FBF1F0401CC0F30B0034E0F6
:106ED000A06838B9681E616801EB4101B0FBF1F0B0
:106EE000401C0AE0681E616801EBC10202EB01115F
:106EF000B0FBF1F0401C40F48040C0F30B0008B937
:106F000001201AE0A06848B9681E616801EB4101E0
:106F1000B0FBF1F0401CC0F30B000CE0681E616890
:106F200001EBC10202EB0111B0FBF1F0401CC0F318
:106F30000B0040F4804040F400402168C9694CF6E1
:106F4000FF72914308432168C861D4E907010843EF
:106F50002168096821F0C001084321680860D4E96C
:106F6000031008432168896848F2FF3291430843BF
:106F700021688860D4E9050108432168C96821F0C7
:106F8000FF0108432168C8602068006840F00100E4
:106F90002168086000202064202084F83D00002043
:106FA000206384F83E0000BF24E70000A0860100B3
:106FB00080841E0000093D0040420F002DE9FC477F
:106FC00004468946174698460A9E00200190FFF71E
:106FD00007FF054694F83D0020286FD119230122B0
:106FE000C8492046009503F093F810B10220BDE88F
:106FF000FC8700BF94F83C00012801D10220F6E78D
:10700000012084F83C0000BF2068006800F0010007
:1070100028B92068006840F00100216808602068F5
:10702000006820F4006021680860222084F83D0098
:10703000102084F83E00002020646762A4F82A80B3
:10704000608D2085B048E0622B4632464946204696
:1070500002F034FF08B10120C9E7208D88B900BFD4
:1070600000200090206840690090206880690090AE
:1070700000BF00BF2068006840F40070216808600D
:107080004BE0208D01281AD12068006820F4806030
:107090002168086072B600BF002000902068406937
:1070A000009020688069009000BF00BF20680068E1
:1070B00040F400702168086062B62EE020E1208D67
:1070C000022819D12068006840F400602168086037
:1070D00072B600BF002000902068406900902068D0
:1070E0008069009000BF00BF2068006820F48060C5
:1070F0002168086062B610E02068006840F4806093
:107100002168086000BF002000902068406900905E
:1071100020688069009000BF00BFE2E0208D032856
:107120007ED8208D012815D12A463146204603F00D
:1071300099F808B101205AE720680069616A08706F
:10714000606A401C6062208D401E2085608D401E5C
:107150006085C6E0208D02282CD1334600226B4981
:107160002046009502F0D4FF08B101203FE772B637
:107170002068006840F40070216808602068006999
:10718000616A0870606A401C6062208D401E208524
:10719000608D401E608562B620680069616A087073
:1071A000606A401C6062208D401E2085608D401EFC
:1071B000608596E03346002254492046009502F04F
:1071C000A7FF08B1012012E72068006820F4806062
:1071D0002168086072B620680069616A0870606A98
:1071E000401C6062208D401E2085608D401E6085A1
:1071F000474800681921B0FBF1F04FF47A71B0FBF9
:10720000F1F0C0EBC00000EB8000019000BF0198DE
:10721000401E01900198A8B900202063202000E0C2
:1072200038E084F83D00002084F83E00206C40F0F7
:107230002000206462B600BF002084F83C0000BF3C
:107240000120D4E620684069C0F380000028DED029
:107250002068006840F400702168086020680069B8
:10726000616A0870606A401C6062208D401E208543
:10727000608D401E608562B620680069616A087092
:10728000606A401C6062208D401E2085608D401E1B
:10729000608526E02A463146204602F0E3FF08B129
:1072A0000120A4E620680069616A0870606A401CD9
:1072B0006062208D401E2085608D401E60852068A4
:1072C0004069C0F3800060B120680069616A08709D
:1072D000606A401C6062208D401E2085608D401ECB
:1072E0006085208D00287FF419AF202084F83D00B0
:1072F000002084F83E0000BF84F83C0000BF76E622
:10730000022074E6020010000000FFFF04000100EC
:10731000440100202DE9F8430446894616461F46DD
:10732000DDF82080FFF75CFD054694F83D0020283D
:107330007ED11923012251492046009502F0E8FE32
:1073400010B10220BDE8F88300BF94F83C0001288A
:1073500001D10220F6E7012084F83C0000BF20683C
:10736000006800F0010028B92068006840F00100C2
:10737000216808602068006820F4006021680860C7
:10738000212084F83D00102084F83E000020206475
:1073900066626785608D20853948E0622B464246EB
:1073A0004946204602F026FE08B10120CAE700BF88
:1073B000002000902068406900902068806900905B
:1073C00000BF00BF44E02A464146204602F08AFF43
:1073D00050B1206C042805D12068006840F400708A
:1073E000216808600120ADE7606A007821680861C3
:1073F000606A401C6062608D401E6085208D401E6A
:10740000208520684069C0F3800070B1208D60B194
:10741000606A007821680861606A401C6062608D63
:10742000401E6085208D401E20852A46414600E092
:1074300022E0204602F03EFE50B1206C042805D127
:107440002068006840F4007021680860012079E736
:10745000208D0028B7D12068006840F400702168B2
:107460000860202084F83D00002084F83E0000BF22
:1074700084F83C0000BF65E7022063E702001000CB
:107480000000FFFF10B586B0044600200290039074
:10749000049005901A49206888422FD100BF1948EE
:1074A000806940F00800174988610846806900F04B
:1074B0000800019000BF00BF4FF4407002901220FE
:1074C00003900320059002A90F48FFF7EBFA00BFD5
:1074D0000E49486840F0E06040F00200486000BF9C
:1074E00000BF0848C06940F400100649C86108465A
:1074F000C06900F40010019000BF00BF06B010BDCD
:107500000054004000100240000C01400000014007
:1075100070B504460CB9012070BD4CF6CC40216812
:10752000086045F2555021680860D4E900104860B1
:107530002168A0688860FFF753FC05460BE0FFF761
:107540004FFC401B272806D92068C06800F00300C4
:1075500008B10320E0E72068C06800F003000028BD
:10756000EDD14AF6AA20216808600020D4E7000087
:1075700003480068034909780844014908607047D6
:10758000280100203001002010B50848006840F0B4
:10759000100006490860032000F0A8F8002000F061
:1075A00007F800F02BF8002010BD0000002002407A
:1075B00070B504460E4800784FF47A71B1FBF0F0D4
:1075C0000C490968B1FBF0F5284601F053FF08B1FA
:1075D000012070BD102C07D200222146501E00F061
:1075E00047F80548046001E00120F2E70020F0E7D9
:1075F00030010020440100202C01002008B500BF0C
:107600001148806940F001000F498861084680698F
:1076100000F00100009000BF00BF00BF0846C06935
:1076200040F08050C8610846C06900F0805000906A
:1076300000BF00BF00BF0549486820F0E06040F08F
:107640000070486000BF08BD00100240000001400B
:1076500001460846002809DB00F01F0301229A407A
:1076600043099B0003F1E023C3F8002100BF7047EA
:107670002DE9F05F80460D461646002709F010FC04
:10768000074639462A46334601F00700C0F1070A8B
:10769000BAF1040F02D94FF0040A01E0C0F1070A61
:1076A000D14600F1040ABAF1070F02D24FF0000AE6
:1076B00001E0A0F1030AD4464FF0010A0AFA09FAE0
:1076C000AAF1010A0AEA020A0AFA0CFA4FF0010BBF
:1076D0000BFA0CFBABF1010B0BEA030B4AEA0B04B0
:1076E0002146404609F0E4FBBDE8F09F00BF00F0F2
:1076F0000702064B19684FF6FF031940044B0B4372
:1077000043EA0221014B196000BF70470CED00E015
:107710000000FA0570B505460C4604F0800080288C
:1077200008D104F0070000EB800605F1280000EB0B
:10773000C60105E004EB840605F5B47000EBC60154
:107740001AB900200873CB8004E0012008730B8174
:10775000180C4881002070BD704770B504460D4676
:1077600005EB850304F1280101EBC3014A692946B1
:10777000D4F8E80207F0A6F870BD70B504460D46CF
:1077800005EB850304F5B47101EBC3014A69294691
:10779000D4F8E80207F016F970BD70B504460E463D
:1077A00006F0800080280AD106F0070000EB800177
:1077B00004F1280000EBC1050120687009E006F023
:1077C000070000EB800104F5B47000EBC105002058
:1077D000687006F00700287000BF94F8A80201281E
:1077E00001D1022070BD012084F8A80200BF294603
:1077F000206807F06FFF00BF002084F8A80200BFD8
:1078000000BFEFE770B504460E4606F00F00616852
:10781000884201D9012070BD06F0800080280AD17D
:1078200006F0070000EB800104F1280000EBC10521
:107830000120687009E006F0070000EB800104F504
:10784000B47000EBC105002068700020A87006F03D
:107850000700287000BF94F8A802012801D1022077
:10786000D9E7012084F8A80200BF2946206808F063
:107870008DF800BF002084F8A80200BF00BFCAE74F
:107880002DE9F04105460C46174607F480400028D4
:1078900050D02868B0F85010207801EBC000801C50
:1078A000296801F5806131F81000C0F30906A0696C
:1078B000B04203D3A069801BA06101E00020A06159
:1078C000A069A8B900BF22785200296831F81210C7
:1078D0004BF68F7201EA020080F4005040F4004140
:1078E00041F0800123785B002A6822F8131000BF62
:1078F00007F04000A8B100BF00BF227852002968FD
:1079000031F8121048F68F7201EA020040F400418B
:1079100041F0C00123785B002A6822F8131000BFF1
:1079200000BF002E55D0228961693346286808F0CF
:10793000A3FE4EE02868B0F85010207801EBC0009C
:10794000801D296801F5806131F81000C0F3090637
:10795000A069B04203D3A069801BA06101E00020B0
:10796000A061A069A8B900BF22785200296831F847
:1079700012104BF68F7201EA020080F4005040F4BE
:10798000004141F0800123785B002A6822F813103F
:1079900000BF07F04000A8B900BF00BF2278520026
:1079A000296831F8121048F68F7201EA020040F49B
:1079B000004141F0C00123785B002A6822F81310CF
:1079C00000BF00BF2EB1628961693346286808F0A4
:1079D00053FE3046BDE8F0812DE9F04705460C46E0
:1079E000904608F04000002871D02868B0F8501088
:1079F000207801EBC000801C296801F5806131F816
:107A00001000C0F30907A069B84203D9A069C01BE0
:107A1000A06101E00020A061A06900287ED100BF24
:107A20006078C8B900BF29682A68B2F850201144AC
:107A30002278022303EBC20201F5806303EB4200CC
:107A400000BF028848F2FF331A400280028842F4E5
:107A50000042028000BF13E06078012810D100BF0F
:107A600028682A68B2F8502010442278022303EBD9
:107A7000C20200F5806303EB420100220A8000BFCE
:107A800000BF00BF2968607810BB00BF2B68D5F825
:107A900000C0BCF850C0634494F800C04FF0060921
:107AA00009EBCC0C03F5806909EB4C0000BFB0F882
:107AB00000C048F2FF390CEA090CA0F800C0B0F889
:107AC00000C04CF4004CA0F800C000BF11E0C0E0C2
:107AD000607801280DD12868B0F850000144207862
:107AE000062303EBC00001F5806303EB4002002096
:107AF000108000BF21782846FFF72FFE08F4804051
:107B0000002816D000BF00BF22785200296831F843
:107B1000121048F68F7201EA020000E00AE040F419
:107B2000004141F4814123785B002A6822F8131058
:107B300000BFCAE108F48040A8B100BF00BF2278AE
:107B40005200296831F8121048F68F7201EA0200DB
:107B500040F4004141F4814223785B00296821F818
:107B6000132000BF00BF94F824000128E1D1606910
:107B700038446061E0693844E0612169206A8842E4
:107B800004D32669206A801B20620BE0206A20B99A
:107B90003E46002084F8240004E0002084F82400FD
:107BA000266A206200BF6078B8BB00BF2A682968D7
:107BB000B1F850100A442178022303EBC10102F509
:107BC000806303EB4101084600BF56B9038848F2C1
:107BD000FF3C03EA0C030380038843F40043038063
:107BE00019E03E2E0BD800BF710806F0010303B167
:107BF000491C4FF6FF7303EA812303800BE000BFAB
:107C0000710906F01F0303B9491E4FF4004343EA0C
:107C10008123038000BF00BF13E0FFE760780128E5
:107C20000FD100BF28682A68B2F85020104422788B
:107C3000022303EBC20200F5806303EB42010E80D6
:107C400000BF00BFB3B222896169286808F043FD14
:107C50003BE12868B0F85010207801EBC000801D8F
:107C6000296801F5806131F81000C0F30907A069A7
:107C7000B84203D3A069C01BA06101E00020A0614D
:107C8000A06900287DD100BF6078C8B900BF29680D
:107C90002A68B2F8502011442278022303EBC20272
:107CA00001F5806303EB420000BF028848F2FF3316
:107CB0001A400280028842F40042028000BF13E0B2
:107CC0006078012810D100BF28682A68B2F85020D7
:107CD00010442278022303EBC20200F5806303EB19
:107CE000420100220A8000BF00BF00BF29686078FF
:107CF00008BB00BF2B68D5F800C0BCF850C0634477
:107D000094F800C04FF0060909EBCC0C03F580692C
:107D100009EB4C0000BFB0F800C048F2FF390CEA94
:107D2000090CA0F800C0B0F800C04CF4004CA0F85A
:107D300000C000BF10E0607801280DD12868B0F8BD
:107D4000500001442078062303EBC00001F5806356
:107D500003EB40020020108000BF21782846FFF787
:107D6000FCFC08F48040002816D100BF00BF227838
:107D70005200296831F8121048F68F7201EA0200A9
:107D800000E00AE040F4004141F4814123785B00C7
:107D90002A6822F8131000BF97E008F48040A8B9C1
:107DA00000BF00BF22785200296831F8121048F64F
:107DB0008F7201EA020040F4004141F481412378CE
:107DC0005B002A6822F8131000BF00BF94F824005B
:107DD00001287AD1606938446061E0693844E06123
:107DE0002169206A884204D32669206A801B2062A8
:107DF0000BE0206A20B93E46002084F8240004E00D
:107E0000266A0020206284F8240000BF2A68607877
:107E100090BB00BFD5F800C02968B1F850108C4461
:107E200021784FF0060909EBC1010CF5806909EBD7
:107E30004101084600BF76B9B0F8009048F2FF3A19
:107E400009EA0A09A0F80090B0F8009049F4004946
:107E5000A0F8009020E03E2E0FD800BF710806F079
:107E60000109B9F1000F00D0491C4FF6FF7909EA6A
:107E70008129A0F800900FE010E000BF710906F022
:107E80001F09B9F1000F00D1491E4FF4004949EA1A
:107E90008129A0F8009000BF00BF0FE060780128A2
:107EA0000CD12868B0F8500002442078062101EB7C
:107EB000C00002F5806101EB40031E8000BFB3B239
:107EC00062896169286808F006FC00BF22785200C8
:107ED000296831F8121048F6BF7201EA020080F0FA
:107EE000100080F0200040F4004141F08001237830
:107EF0005B002A6822F8131000BF0020BDE8F0875D
:107F0000024601F0070000EB800302F5B47000EBBD
:107F1000C300C06970472DE9F04705460E469046FC
:107F20001F464FF0000906F0800080280AD106F0B5
:107F3000070000EB800105F1280000EBC1040120DF
:107F4000607009E006F0070000EB800105F5B470F1
:107F500000EBC1040020607006F007002070C4F838
:107F60001080E770607808B12078E081022F01D19D
:107F70000020207100BF95F8A802012802D102203C
:107F8000BDE8F087012085F8A80200BF21462868D7
:107F900007F076F900BF002085F8A80200BF484628
:107FA000EEE72DE9F04105460E461746984606F0E5
:107FB000070000EB800105F5B47000EBC1046761B8
:107FC000C4F818800020E061607006F0070020709F
:107FD00006F0070020B92146286807F072FD03E08B
:107FE0002146286807F06DFD0020BDE8F08170B5DE
:107FF00004460D4605F007006168884201D901205A
:1080000070BD05F0800080280AD105F0070000EB64
:10801000800104F1280000EBC1060120707007E028
:1080200005EB850104F5B47000EBC106002070700B
:108030000120B07005F00700307000BF94F8A8026E
:10804000012801D10220DBE7012084F8A80200BF4B
:108050003146206807F007FD05F0070020B904F558
:108060002C71206807F08FFC00BF002084F8A80264
:1080700000BF00BFC4E72DE9F04105460E4690461B
:108080001F4606F0070000EB800105F1280000EB19
:10809000C104C4F81480A761012084F82400276279
:1080A0000020E0610120607006F00700207006F0FB
:1080B000070020B92146286807F003FD03E02146A8
:1080C000286807F0FEFC0020BDE8F0817FB504467B
:1080D000206808F0CDFA00F40040B0F5004F02D15E
:1080E000204603F0C9FD206808F0C2FA00F4806061
:1080F000B0F5806F0FD12068B0F844004FF6FF3123
:1081000008402168A1F84400204600F09FF90021B2
:10811000204600F0BBF9206808F0AAFA00F480407D
:10812000B0F5804F08D12068B0F844004BF6FF71DD
:1081300008402168A1F84400206808F099FA00F48A
:108140000050B0F5005F08D12068B0F844004DF64B
:10815000FF7108402168A1F84400206808F088FAFF
:1081600000F48050B0F5805F1DD12068B0F8400069
:108170004FF6FB7108402168A1F840002068B0F874
:1081800040004FF6F77108402168A1F840002046F2
:1081900000F06EF92068B0F844004EF6FF71084018
:1081A0002168A1F84400206808F062FA00F4006039
:1081B000B0F5006F55D1002507E06900206830F860
:1081C00011002DF81500681CC5B2082DF5D32068E4
:1081D000B0F8400040F001002168A1F8400020689C
:1081E000B0F840004FF6FE7108402168A1F8400049
:1081F00000BF2068B0F8440000F480600028F8D088
:108200002068B0F844004FF6FF3108402168A1F81B
:108210004400002507E03DF815006A00216821F8B8
:108220001200681CC5B2082DF5D32068B0F84000D4
:1082300040F008002168A1F840002068B0F8440030
:108240004FF2FF7108402168A1F844002068B0F89F
:10825000400040F004002168A1F84000204600F0F2
:1082600057F9206808F004FA00F40070B0F5007FB8
:108270000BD12068B0F844004FF6FF510840216848
:10828000A1F84400204600F0FAF8206808F0F0F960
:1082900000F48070B0F5807F08D12068B0F8440009
:1082A0004FF6FF6108402168A1F844007FBD30B55A
:1082B00085B0044614B9012005B030BD94F8A90278
:1082C00028B9002084F8A802204600F09DF8032079
:1082D00084F8A902206807F04CFB142204F1100175
:1082E0006846FDF72FFB94E80F0007F0EFF920B187
:1082F000022084F8A9020120DEE70021206808F0AE
:10830000E0F9002531E0012105EB850204F12800A8
:1083100000EBC200417005EB850104F1280000F874
:10832000315005EB850100EBC100C581002105EB53
:10833000850204F1280000EBC200C17005EB850244
:1083400004F1280000EBC200016105EB850204F195
:10835000280000EBC200416105EB850204F1280012
:1083600000EBC2008161681CC5B26068A842CAD82F
:1083700000252AE0002105EB850204F5B47000EB2E
:10838000C200417005EB850104F5B47000F831506E
:10839000002105EB850200EBC200C17005EB8502F0
:1083A00004F5B47000EBC200016105EB850204F531
:1083B000B47000EBC200416105EB850204F5B470B6
:1083C00000EBC2008161681CC5B26068A842D1D8C8
:1083D000142204F110016846FDF7B4FA94E80F0086
:1083E00007F0BCFA20B1022084F8A902012063E75B
:1083F000002084F82400012084F8A902206807F0F6
:10840000AAFA002058E7000038B504460D49206854
:10841000884215D100BF0C48C06940F400000A49E9
:10842000C8610846C06900F40000009000BF00BFAA
:10843000002211461420FFF71BF91420FFF708F95A
:1084400038BD0000005C00400010024070B50446DA
:108450000125A068022801D0FDF742FC2946D4F886
:10846000E80206F0E3FBD4F8E80206F095FB70BDE5
:1084700010B50446D4F8E80206F0BCFB10BD10B5F8
:108480000446D4F8E80206F0C0FB10BD70B50446FF
:108490000D4600BF94F8A802012801D1022070BD4A
:1084A000012084F8A80200BF84F8245029462068DF
:1084B00008F00AF900BF002084F8A80200BF00BF3E
:1084C000EDE710B5044604F52C71D4F8E80206F087
:1084D000C4FB10BD10B5044600BF94F8A8020128E3
:1084E00001D1022010BD012084F8A80200BF20683D
:1084F00008F0ACF801212046FFF72EF9206807F0BC
:1085000027FA00BF002084F8A80200BF00BFE9E7F7
:1085100010B50446D4F8E80206F0F8FBA06928B1CB
:108520000348006840F006000149086010BD0000E3
:1085300010ED00E0012001490862704700000E4282
:108540002DE9F04385B006463BA30FCB01AC0FC429
:108550003DA0006800904FF000080025002700248F
:10856000A146012E30D0022E55D0102E5ED13748B4
:108570004468006800F0807000B301A8C4F3834130
:10858000475C04F4803070B130484068C0F340402C
:108590001DF8008004F4803040B12D48B0FBF8F0A5
:1085A00000FB07F502E02B4807FB00F52748406871
:1085B00000F48000B0F5800F01D1A94603E0680007
:1085C0000321B0FBF1F932E02048046A04F4407062
:1085D000B0F5807F05D104F0020010B14FF40049DE
:1085E00018E004F44070B0F5007F07D11748406AE6
:1085F00000F0020010B149F640490BE004F440706D
:10860000B0F5407F06D11148006800F4003008B191
:108610004FF224490BE000F09BF90C494968C1F383
:108620008131491C4900B0FBF1F900E000BF00BFF7
:10863000484605B0BDE8F0830203040506070809B3
:108640000A0B0C0D0E0F101001020000001002406A
:1086500000127A0000093D00F8B504460026002506
:10866000207800F0010000286BD000274348C06943
:1086700000F0805070B900BF4048C06940F08050A1
:108680003E49C8610846C06900F08050009000BFB4
:1086900000BF01273A48006800F48070B0B938483C
:1086A000006840F4807036490860FEF799FB064682
:1086B00006E0FEF795FB801B642801D90320F8BD76
:1086C0002F48006800F480700028F2D02B48006A20
:1086D00000F440752DB3A08800F44070A84220D06B
:1086E0002648006A20F440750120264908600020D1
:1086F00008602248056205F0010090B1FEF770FBAA
:10870000064608E0FEF76CFB801B41F28831884288
:1087100001D90320D3E71948006A00F002000028BD
:10872000F0D01648006A20F440706168084313498D
:108730000862012F04D10846C06920F08050C8614A
:1087400000BF207800F00200022807D10B484068E3
:1087500020F44040A168084308494860207800F0B0
:108760001000102807D10548406820F48000E16817
:108770000843024948600020A1E7000000100240C1
:1087800000700040400442427047000070B504464B
:108790000D460CB9012070BD5A48006800F0070072
:1087A000A8420ED25748006820F0070028435549D8
:1087B00008600846006800F00700A84201D00120C8
:1087C000E9E7207800F0020002281DD1207800F0AF
:1087D0000400042805D14C48406840F4E0604A4950
:1087E0004860207800F00800082805D14648406815
:1087F00040F46050444948604348406820F0F0002D
:10880000A168084340494860207800F0010078B32F
:108810006068012806D13C48006800F4003090B937
:108820000120B8E76068022806D13748006800F0E8
:10883000007040B90120AEE73348006800F0020044
:1088400008B90120A7E73048406820F003006168BC
:1088500008432D494860FEF7C3FA064609E0FEF7D3
:10886000BFFA801B41F28831884202D9032092E787
:1088700007E02548406800F00C006168B0EB810F0C
:10888000EDD12048006800F00700A8420ED91D482D
:10889000006820F0070028431A490860084600686D
:1088A00000F00700A84201D0012074E7207800F012
:1088B0000400042807D11448406820F4E060E1680F
:1088C000084311494860207800F00800082808D1C2
:1088D0000D48406820F46050216940EAC1000A490F
:1088E000486000F045F808494968C1F30311074A98
:1088F000515CC8400649086006480068FEF758FE0B
:10890000002048E70020024000100240402B0108F0
:10891000440100202C01002001200149C864704757
:1089200000004242014800687047000044010020F6
:1089300000B5FFF7F7FF04494968C1F30221034A74
:10894000515CC84000BD000000100240502B0108DF
:1089500000B5FFF7E7FF04494968C1F3C221034AA4
:10896000515CC84000BD000000100240502B0108BF
:10897000F0B585B00FF26C0C9CE8E01001A8A0E8FF
:10898000E0101CA52D680095002100220023002482
:108990000020194D696801F00C05F5B1042D02D0D5
:1089A000082D19D101E0154819E001ADC1F3834646
:1089B000AC5D01F4803555B10F4D6D68C5F3404590
:1089C0001DF805200D4D6543B5FBF2F302E00C4D9B
:1089D00004FB05F3184602E000BF084800BF00BFD3
:1089E00005B0F0BD02030405060708090A0B0C0DCB
:1089F0000E0F1010010200000010024000127A0059
:108A000000093D0010B50648806800F0800080280D
:108A100004D1FFF7B9FE80200149887210BD000023
:108A200000100240F8B504460CB90120F8BD2078CA
:108A300000F00100002878D0F848406800F00C00F1
:108A400004280CD0F548406800F00C00082811D12B
:108A5000F248406800F48030B0F5803F0AD1EF481A
:108A6000006800F4003000285FD0606800285CD106
:108A70000120DBE700BF6068B0F5803F06D1E74822
:108A8000006840F48030E549086028E0606858B923
:108A9000E248006820F48030E04908600846006839
:108AA00020F4802008601AE06068B0F5A02F0BD198
:108AB000DA48006840F48020D84908600846006819
:108AC00040F4803008600AE0D448006820F4803028
:108AD000D24908600846006820F48020086000BF82
:108AE000606888B1FEF77CF9054606E0FEF778F984
:108AF000401B642801D9032098E7C848006800F4A7
:108B000000300028F2D010E0FEF76AF9054606E0D2
:108B1000FEF766F9401B642801D9032086E7BF48A9
:108B2000006800F400300028F2D1207800F0020044
:108B3000022857D1B948406800F00C0050B1B7483E
:108B4000406800F00C00082818D1B448406800F4D0
:108B5000803098B9B148006800F0020020B1206967
:108B6000012801D0012061E7AC48006820F0F8003E
:108B7000616940EAC100A949086033E02069E8B1B1
:108B80000120A7490860FEF72BF9054606E0FEF72D
:108B900027F9401B022801D9032047E79F480068B6
:108BA00000F002000028F2D09C48006820F0F80095
:108BB000616940EAC1009949086013E000209849C2
:108BC0000860FEF70DF9054606E0FEF709F9401BBF
:108BD000022801D9032029E79048006800F002002C
:108BE0000028F2D1207800F0080008282DD1A069D3
:108BF000B8B101208B490860FEF7F2F8054606E09F
:108C0000FEF7EEF8401B022801D903200EE7834847
:108C1000406A00F002000028F2D0012004F0D8F9E8
:108C200013E000207F490860FEF7DAF8054606E009
:108C3000FEF7D6F8401B022801D90320F6E6774854
:108C4000406A00F002000028F2D1207800F0040011
:108C5000042873D100277148C06900F0805070B9B2
:108C600000BF6E48C06940F080506C49C86108463A
:108C7000C06900F08050009000BF00BF01276A4823
:108C8000006800F48070B0B96748006840F48070F4
:108C900065490860FEF7A4F8054606E0FEF7A0F86F
:108CA000401B642801D90320C0E65F48006800F437
:108CB00080700028F2D000BFE068012806D1574834
:108CC000006A40F001005549086227E0E06858B9A1
:108CD0005248006A20F00100504908620846006AC4
:108CE00020F00400086219E0E06805280BD14B4829
:108CF000006A40F00400494908620846006A40F0F2
:108D0000010008620AE04548006A20F0010043497A
:108D100008620846006A20F00400086200BFE068AC
:108D2000A0B1FEF75DF8054609E0FEF759F8401BD3
:108D300041F28831884202D9032077E622E03748A1
:108D4000006A00F002000028EFD012E0FEF748F8B9
:108D5000054608E0FEF744F8401B41F2883188429E
:108D600001D9032062E62D48006A00F002000028C5
:108D7000F0D1012F05D12948C06920F08050274942
:108D8000C86100BFE069C8B32448406800F00C0027
:108D9000082860D0E069022848D1002020490866F0
:108DA000FEF71EF8054606E0FEF71AF8401B0228FB
:108DB00001D903203AE61948006800F00070002845
:108DC000F2D1206AB0F5803F07D11448406820F402
:108DD0000030A168084311494860D4E908010843FC
:108DE0000E49496821F4741108430C494860012078
:108DF0000B490866FDF7F4FF054607E03DE0FDF787
:108E0000EFFF401B022801D903200FE6034800684A
:108E100000F000700028F2D02FE0000000100240A7
:108E20000000424280044242007000400020144989
:108E30000866FDF7D5FF054606E0FDF7D1FF401BAC
:108E4000022801D90320F1E50E48006800F0007007
:108E50000028F2D111E0E069012800D1E6E50948D7
:108E6000466806F48031206A814204D106F470110C
:108E7000606A814201D00120D8E50020D6E50000DB
:108E800000004242001002402DE9F04780460E46A5
:108E90009246002500270024A146404604F0F1F840
:108EA00081462548B9FBF0F424480068A04240D030
:108EB0002248046040F2B2750EE0284608F09EFA9F
:108EC000012806D1B4F5B77F02D3A4F5B77402E048
:108ED00005E0A4F26D146D1CB4F5B67FEDD800BFAB
:108EE0002F46A5F5FA60F070002515E0012D09D197
:108EF000384608F083FA012804D11D2C01D31D3C0B
:108F000009E00BE00E48405DA04203D80C48405DEC
:108F1000241A00E002E06D1C1C2CE7D200BF681C84
:108F20007070601CB070B2787178F07804F0C3F89B
:108F300030700020BDE8F087805101004001002022
:108F4000342B01082DE9F04707460C4691460026D0
:108F5000B046002538684068C0F3800010B1012099
:108F6000BDE8F087384604F08CF806464FF461609F
:108F7000B6FBF0F5B6FBF0F100FB11603C21B0FB55
:108F8000F1F060704FF46160B6FBF0F100FB11602E
:108F90003C21B0FBF1F201FB1200A0701820B5FBE0
:108FA000F0F100FB11502070182D08D31820B5FBEC
:108FB000F0F8B5FBF0F100FB1150207000E02570D7
:108FC0000020CDE770B5044600250CB9012070BD26
:108FD000607C20B900202074204600F05BF802205D
:108FE0006074204600F085F918B1042060740120F7
:108FF000EDE7204604F00BF818B10420607401205E
:10900000E5E72068406820F0070021684860A06814
:1090100028B11F48006820F001001D4908601C4865
:10902000001F006820F46070A16808431849091FF8
:1090300008606068401C08B1656809E00120FFF71E
:109040007FFA05461DB9042060740120BFE76D1E3C
:109050002068806820F00F0040EA15402168886091
:109060002068C06865F30F002168C860204603F0DF
:10907000EBFF18B1042060740120A8E70021E17320
:1090800001216173A1730120607400209FE700003B
:10909000306C004038B504460B492068884212D134
:1090A000FFF748FA00BF0948C06940F0006007496F
:1090B000C8610846C06900F00060009000BF00BFB2
:1090C00001200349086038BD00280040001002401C
:1090D0003C0442422DE9F04F87B006460F464FF060
:1090E000000900200690804600240590049003901B
:1090F000824600BF48A207CA8DE80700304603F049
:10910000C0FF81464FF46160B9FBF0F006904FF468
:109110006160B9FBF0F100FB11903C21B0FBF1F074
:10912000C0B204904FF46160B9FBF0F100FB119004
:109130003C21B0FBF1F201FB1200039018210698CC
:10914000B0FBF1F201FB12000590F87800F5FA6827
:1091500040F63300804500D9804640F2B270804529
:1091600000D2804640F2B2750AE0284608F046F97F
:10917000012802D12B48044401E02B4804446D1C13
:109180004545F2D397F801A0404608F037F9012889
:1091900004D1BAF1020F01D924480444AAF1010A0A
:1091A000002507E01DF8050040F2A321484304EB29
:1091B000C0146D1C5545F5D397F802B0ABF1010012
:1091C00040F2A321484304EBC0140598C0EB4011C2
:1091D000C1EB002004EB00140498C0EB001004EB7A
:1091E00080040398044400BF307C012803D102208E
:1091F00007B0BDE8F08F0120307400BF022070740A
:109200002146304603F099FF0120707400BF002012
:10921000307400BF00BFEBE71F1C1F1E1F1E1F1F67
:109220001E1F1E1F0085E2018033E10180510100F5
:109230002DE9F05F04460D46904600260027B14612
:10924000B246204603F01DFF07464FF46160B7FBAE
:10925000F0F9B9F1180F0AD31820B9FBF0FA0AEBAC
:109260004A00C0004FF4616100FB01F700E00027F5
:1092700000BF207C012802D10220BDE8F09F012020
:10928000207400BF02206074B8F1000F0BD1287861
:109290004FF4616148436978C1EB011100EB810033
:1092A000A978461812E0287803F0A6FE4FF4616111
:1092B00000FB01FB687803F09FFEC0EB00100BEB96
:1092C000800BA87803F098FE0BEB00063E44314675
:1092D000204603F032FF2068406820F00500216836
:1092E00048600120607400BF0020207400BF00BFF0
:1092F000C3E770B5044600250CB9012070BD206895
:10930000406820F0080021684860FDF769FD0546C7
:1093100007E0FDF765FD401BB0F57A7F01D903201A
:10932000ECE72068406800F008000028F1D0002039
:10933000E4E710B504460CB9012010BD606A38B9E5
:109340006068B0F5827F00D105E00021E16102E0B4
:109350000021216161610021A16294F8510028B9C6
:10936000002084F85000204600F042F8022084F8E3
:1093700051002068006820F0400021680860A08843
:1093800000F48270218901F404410843A18901F4A9
:1093900000610843217C01F002010843217D01F0B6
:1093A00001010843218B01F400710843217F01F082
:1093B000380108432021095D01F080010843218D17
:1093C00001F400510843216808600421A06901EA02
:1093D0001040216848602068C06920F4006021685E
:1093E000C86100206065012084F851000020A4E7D6
:1093F00010B586B0044600200290039004900590BA
:109400001949206888422DD100BF1848806940F46E
:109410008050164988610846806900F480500190A8
:1094200000BF00BF00BF0846806940F004008861AB
:109430000846806900F00400019000BF00BFA02032
:109440000290022003900320059002A90848FDF72E
:1094500029FB4020029000200390049002A90448B8
:10946000FDF720FB06B010BD0030014000100240A7
:109470000008014070B504462546681EB0F1807FA3
:1094800001D301200FE0681E4FF0E02148610F2159
:109490004FF0FF3007F00CFD00204FF0E021886115
:1094A00007200861002070BD7047704730B5024644
:1094B0000B4600BF92F83C00012801D1022030BDCC
:1094C000012082F83C0000BF022082F83D001068B5
:1094D00044681068816824F07004186804431068B8
:1094E0004460104D1068A8420BD01068B0F1804F56
:1094F00007D00D4D1068A84203D00C4D1068A8424B
:1095000005D121F080015868014310688160012075
:1095100082F83D0000BF002082F83C0000BF00BF81
:10952000CDE70000002C014000040040000800408E
:1095300010B504460CB9012010BD94F83D0028B9BF
:10954000002084F83C00204600F026F8022084F831
:109550003D00211D206804F097FA012084F84600A0
:1095600000BF84F83E0001213F20015540200155F5
:109570004120015500BF00BF012084F84200432074
:109580000155442001554520015500BF012084F8B4
:109590003D000020D0E7000038B504461A49206895
:1095A000884216D100BF1948C06940F0020017492F
:1095B000C8610846C06900F00200009000BF00BF0B
:1095C000002211461D20FEF753F81D20FEF740F83B
:1095D00019E02068B0F1804F15D100BF0B48C06979
:1095E00040F001000949C8610846C06900F0010067
:1095F000009000BF00BF022211461C20FEF738F881
:109600001C20FEF725F838BD000400400010024081
:10961000014691F83D00012801D001207047022049
:1096200081F83D00124B086898420BD00868B0F1F1
:10963000804F07D00F4B0868984203D00E4B086844
:1096400098420CD10868806800F00702062A0CD006
:109650000868006840F001000B68186005E00868C1
:10966000006840F001000B6818600020D6E7000099
:10967000002C014000040040000800402DE9F041AA
:1096800004460D4600BF94F83C00012802D1022098
:10969000BDE8F081012084F83C0000BF022084F87E
:1096A0003D002068866826F0770626F47F4620680D
:1096B00086602868502833D00CDC202850D004DC89
:1096C00000284BD0102851D149E0302849D04028FB
:1096D0004CD139E060282DD0702807D0B0F5805FDC
:1096E00003D0B0F5005F41D10DE040E0D5E90213B1
:1096F0006A68206804F002FA2068866846F07706F7
:109700002068866033E0D5E902136A68206804F0B7
:10971000F5F92068806840F480402168886026E080
:10972000EA686968206804F0FDF95021206804F0B7
:10973000F0F91CE0EA686968206804F006FA602124
:10974000206804F0E6F912E0EA686968206804F02D
:10975000E9F94021206804F0DCF908E000BF00BF0F
:1097600000BF2968206804F0D4F900E000BF00BF02
:10977000012084F83D0000BF002084F83C0000BFB9
:1097800000BF85E7704710B5044620680069C0F344
:109790004000D8B12068C068C0F34000B0B16FF09D
:1097A000020021680861012020772068806900F0AC
:1097B000030018B12046FFF7E5FF05E0204600F062
:1097C000ADF8204600F0ABF8002020772068006953
:1097D000C0F38000D8B12068C068C0F38000B0B189
:1097E0006FF00400216808610220207720688069FA
:1097F00000F4407018B12046FFF7C4FF05E0204692
:1098000000F08CF8204600F08AF8002020772068CD
:109810000069C0F3C000D8B12068C068C0F3C000C0
:10982000B0B16FF00800216808610420207720683B
:10983000C06900F0030018B12046FFF7A3FF05E060
:10984000204600F06BF8204600F069F800202077F1
:1098500020680069C0F30010D8B12068C068C0F368
:109860000010B0B16FF01000216808610820207767
:109870002068C06900F4407018B12046FFF782FFED
:1098800005E0204600F04AF8204600F048F80020A5
:1098900020772068006900F0010058B12068C06896
:1098A00000F0010030B16FF001002168086120462E
:1098B00000F036F820680069C0F3C01058B1206885
:1098C000C068C0F3C01030B16FF08000216808613B
:1098D0002046FFF7E9FD20680069C0F3801058B109
:1098E0002068C068C0F3801030B16FF0400021687C
:1098F0000861204600F020F820680069C0F340109D
:1099000058B12068C068C0F3401030B16FF020003B
:10991000216808612046FFF7C8FD10BD70477047F9
:1099200010B5044603492068884201D103F044FF82
:1099300010BD0000000400407047704770470000F1
:109940002DE9F84F0446206805682068C66820683D
:1099500047694FF00009CA4605F00F09B9F1000F39
:109960000AD105F0200038B106F0200020B12046D1
:1099700004F034F9BDE8F88FB9F1000F71D007F0A9
:10998000010018B906F4907000286AD005F00100B3
:1099900030B106F4807018B1206C40F001002064F2
:1099A00005F0040030B107F0010018B1206C40F060
:1099B0000200206405F0020030B107F0010018B188
:1099C000206C40F00400206405F0080048B106F067
:1099D000200010B907F0010018B1206C40F0080019
:1099E0002064206C68B305F0200028B106F0200048
:1099F00010B1204604F0F2F820684069C0F3801AE4
:109A0000206C00F0080010B9BAF1000F22D02046F7
:109A100004F0B9F82068406900F04000B0B1206857
:109A2000406920F0400021684861A06B50B1564861
:109A3000A16B4863A06BFCF7F7FE10B1A06B416B04
:109A400088470CE02046FFF779FF08E02046FFF743
:109A500075FF04E02046FFF771FF0020206489E7CE
:109A6000FFE7206B012878D105F01000002874D0A2
:109A700006F01000002870D000BF00200090206881
:109A80000068009020684068009000BF00BF206818
:109A9000406900F04000C0B3A06B006840681FFA46
:109AA00080F8B8F1000F2FD0A08D40452CDDA4F830
:109AB0002E80A06B806920281FD02068C06820F409
:109AC00080702168C8602068406920F0010021682A
:109AD00048612068406920F04000216848612020EA
:109AE00084F83E00002020632068C06820F0100049
:109AF0002168C860A06BFCF76BFEA08DE28D801A18
:109B000081B22046FFF719FF34E7FFE7A08DE18D12
:109B1000401A1FFA80F8E08DE8B1B8F1000F1AD0B2
:109B20002068C06820F490702168C860206840698F
:109B300020F0010021684861202084F83E000020C8
:109B400020632068C06820F010002168C86041468A
:109B50002046FFF7F2FE0DE7FFE705F0800030B189
:109B600006F0800018B1204604F028F902E705F05D
:109B7000400030B106F0400018B1204604F01EF855
:109B8000F8E600BFF6E6000073DB000810B50446F7
:109B90000CB9012010BDA06900B100E000BF94F82D
:109BA0003D0028B9002084F83C00204600F028F849
:109BB000242084F83D002068C06820F4005021680B
:109BC000C860204604F07CF82068006920F49040CA
:109BD000216808612068406920F02A0021684861F6
:109BE0002068C06840F400502168C86000202064EC
:109BF000202084F83D0084F83E000020CAE70000E1
:109C000010B586B0044600200290039004900590A1
:109C10005D49206888423FD100BF5C48806940F4BC
:109C200080405A4988610846806900F4804001906C
:109C300000BF00BF00BF0846806940F0080088618F
:109C40000846806900F00800019000BF00BF402076
:109C50000290022003900320059002A94C48FCF7D3
:109C600021FF8020029000200390049002A9484820
:109C7000FCF718FF00BF4749486840F0E06040F03B
:109C80000400486000BF002211462520FDF7F0FCCB
:109C90002520FDF7DDFC75E03F492068884236D17C
:109CA00000BF3A48C06940F400303849C8610846EE
:109CB000C06900F40030019000BF00BF00BF08463B
:109CC000806940F0040088610846806900F0040063
:109CD000019000BF00BF04200290022003900320E7
:109CE000059002A92D48FCF7DDFE08200290002017
:109CF0000390049002A92948FCF7D4FE00221146E3
:109D00002620FDF7B5FC2620FDF7A2FC3AE0244909
:109D10002068884236D100BF1C48C06940F48020CA
:109D20001A49C8610846C06900F48020019000BF4C
:109D300000BF00BF0846806940F0080088610846FF
:109D4000806900F00800019000BF00BF0815029074
:109D5000022003900320059002A90D48FCF7A2FE03
:109D60004FF40060029000200390049002A908487C
:109D7000FCF798FE002211462720FDF779FC2720EA
:109D8000FDF766FC06B010BD00380140001002402F
:109D9000000C014000000140004400400008014068
:109DA0000048004070472DE9F84F04460E4617461C
:109DB00099464FF0000A94F83D0020285AD106B188
:109DC00017B90120BDE8F88F00BF94F83C000128C6
:109DD00001D10220F6E7012084F83C0000BF0020FA
:109DE0002064212084F83D00FCF7FAFF8246A78416
:109DF000E784A068B0F5805F04D1206910B9002520
:109E0000B04602E035464FF0000800BF002084F85D
:109E10003C0000BF1BE05346002280212046CDF8C5
:109E2000009003F0FBFF08B10320CBE745B9B8F879
:109E30000000C0F308002168486008F1020803E050
:109E40002878216848606D1CE08C401EE084E08C1E
:109E50000028E0D15346002240212046CDF8009052
:109E600003F0DCFF08B10320ACE7202084F83D00BC
:109E70000020A7E70220A5E7704700BFFEE70146E4
:109E800008684069C0F38020B0B16FF480600A6850
:109E9000506100200863202081F83D00002081F8F7
:109EA0003E00086C40F00400086400BF002081F808
:109EB0003C0000BF012070470020FCE72DE9F8437B
:109EC00004460D4690461E46E76A2068006840F446
:109ED000806021680860082F04D0012F02D017F598
:109EE000803F06D12068006840F4807021680860D7
:109EF00008E0206B112805D12068006840F48070CC
:109F000021680860434600224FF001112046009668
:109F100000F0FEF860B12068006800F48070B0F5D1
:109F2000807F02D14FF4007020640320BDE8F883E5
:109F30002069B0F5804F05D1E8B240F001002168FA
:109F4000086149E005F44070F02141EAE010216821
:109F50000861334642462649204600F021F908B1FF
:109F60000120E3E7E8B22168086133464246204910
:109F7000891F204600F014F908B10120D6E700BF80
:109F8000002000902068406900902068806900905F
:109F900000BF00BF2068006840F48070216808603E
:109FA000434600224FF001112046009600F0B0F821
:109FB00058B12068006800F48070B0F5807F02D14D
:109FC0004FF4007020640320B0E705F44070F121E5
:109FD00041EAE01021680861334642460449891F7E
:109FE000204600F0DDF808B101209FE700209DE742
:109FF000080001002DE9F84304460D46174698462F
:10A00000E66A082E04D0012E02D016F5803F06D154
:10A010002068006840F480702168086008E0206BC8
:10A02000122805D12068006840F48070216808601B
:10A030003B4600224FF001112046CDF8008000F091
:10A0400067F860B12068006800F48070B0F5807F28
:10A0500002D14FF4007020640320BDE8F88320692A
:10A06000B0F5804F04D105F0FE002168086112E0D0
:10A0700005F44070F02141EAE01021680861434690
:10A080003A460B49204600F08BF808B10120E4E77E
:10A09000E8B22168086143463A460549891F2046CF
:10A0A00000F07EF808B10120D7E70020D5E70000D6
:10A0B0000800010070B504460D46164620E0204613
:10A0C000FFF7DDFE08B1012070BD681CC0B1FCF7D0
:10A0D00087FE801BA84200D895B90020206320206D
:10A0E00084F83D00002084F83E00206C40F0200001
:10A0F000206400BF002084F83C0000BF0120E3E79B
:10A1000020684069C0F380000028D8D00020DBE739
:10A110002DE9F04704460D4617461E46DDF820801F
:10A120004FF000091FE0701CE8B109F10109FCF7CC
:10A1300057FEA0EB0800B04200D8A6B9002020636B
:10A14000202084F83D00002084F83E00206C40F080
:10A150002000206400BF002084F83C0000BF81463E
:10A160000120BDE8F087C5F3074001280AD1206827
:10A170004069A9B20840A9B2884201D101200BE090
:10A18000002009E020688069A9B20840A9B288428D
:10A1900001D1012000E00020B842C4D00020E0E757
:10A1A0002DE9F04104460D4616461F463DE0206865
:10A1B0004069C0F38020E8B12068006840F4007076
:10A1C000216808606FF48060216848610020206386
:10A1D000202084F83D00002084F83E00206C40F0F0
:10A1E0000400206400BF002084F83C0000BF012070
:10A1F000BDE8F081701CC0B1FCF7F2FDC01BB0429D
:10A2000000D896B900202063202084F83D0000206B
:10A2100084F83E00206C40F02000206400BF002045
:10A2200084F83C0000BF0120E2E7C5F307400128A5
:10A230000AD120684069A9B20840A9B2884201D178
:10A2400001200BE0002009E020688069A9B20840E5
:10A25000A9B2884201D1012000E000200028A6D048
:10A260000020C5E770B504460D46164632E020686A
:10A270004069C0F30010A0B16FF010002168486180
:10A2800000202063202084F83D00002084F83E0058
:10A29000206C206400BF002084F83C0000BF012037
:10A2A00070BDFCF79DFD801BA84200D895B9002029
:10A2B0002063202084F83D00002084F83E00206CBC
:10A2C00040F02000206400BF002084F83C0000BF64
:10A2D0000120E5E720684069C0F380100028C6D05F
:10A2E0000020DDE770B504460D46164620E0204606
:10A2F000FFF7C5FD08B1012070BD681CC0B1FCF7B7
:10A300006FFD801BA84200D895B900202063202053
:10A3100084F83D00002084F83E00206C40F02000CE
:10A32000206400BF002084F83C0000BF0120E3E768
:10A3300020684069C0F3C0100028D8D00020DBE7B7
:10A3400030B59FB004460D467022394903A8FBF78B
:10A35000F9FA332D50D006DC102D0BD0122D58D029
:10A36000142D63D121E0352D2CD0372D10D0392D6F
:10A370005CD134E003A86021A300CDE900102D4892
:10A3800002782D492D4801F0B3FFC0B21FB030BD97
:10A3900007A86121A300CDE90010264802782649CC
:10A3A000264801F0A5FFC0B2F0E70BA86021A3008A
:10A3B000CDE900101F4802781F49204801F098FF9E
:10A3C000C0B2E3E70FA86121A300CDE9001019484E
:10A3D00002781949194801F08BFFC0B2D6E713A8DB
:10A3E0006121A300CDE900101248027812491348F8
:10A3F00001F07EFFC0B2C9E717A86121A300CDE933
:10A4000000100C4802780C490C4801F071FFC0B2F2
:10A41000BCE71BA86021A300CDE900100548027825
:10A420000549064801F064FFC0B2AFE70120ADE77F
:10A43000582B01088000002008220020CC090020B1
:10A4400070B504460D4622462946024801F092FFA7
:10A45000C0B270BDCC0900207FB506460C4632461E
:10A4600069462A4801F086FF10B1012004B070BD92
:10A4700000250BE01DF8051005F108001DF800008F
:10A48000814201D00120F1E7681CC5B2042DF1DB47
:10A4900000250CE0281D1DF800001DF8051081F0B6
:10A4A000FF01884201D00120E0E7681CC5B2042DFD
:10A4B000F0DB9DF80C0050B99DF80D00FF2806D187
:10A4C0009DF80E0018B99DF80F00FF2801D001205B
:10A4D000CCE79DF8030020602068000220609DF812
:10A4E00002102068084420602068000220609DF867
:10A4F00001102068084420602068000220609DF858
:10A5000000102068084420600020AFE7CC0900203C
:10A5100070B504463223002221460D4801F0DAFFCF
:10A520000C49086008460068401C30B90020E07003
:10A53000A07060702070012070BD002504E0605D97
:10A5400005494855681CC5B2042DF8DB0020F3E727
:10A55000CC090020800000200822002070B50446AD
:10A560000D4622462946024801F032FFC0B270BDB6
:10A57000CC09002030B585B005460C462DA00068FA
:10A580000490E0B28DF81000200A8DF81100200C24
:10A590008DF81200200E8DF813009DF810008DF834
:10A5A00000009DF811008DF801009DF812008DF853
:10A5B00002009DF813008DF803009DF8100080F054
:10A5C000FF008DF804009DF8110080F0FF008DF869
:10A5D00005009DF8120080F0FF008DF806009DF840
:10A5E000130080F0FF008DF807009DF810008DF833
:10A5F00008009DF811008DF809009DF812008DF8F3
:10A600000A009DF813008DF80B0000208DF80C0057
:10A61000FF208DF80D0000208DF80E00FF208DF832
:10A620000F002A466946044801F0D2FEC0B205B0C8
:10A6300030BD000001000000CC0900202DE9F04FE2
:10A64000ADF5197D80468946C82500208790869003
:10A650000024FE48007801280BD1FD490C70200A27
:10A660004870200C8870200EC870AB200871CD2077
:10A670004871FCF7B5FB834600250020F5490860CA
:10A6800068E24AF6AA20F44909680860F1480068BF
:10A6900088B1F2480078632803D0F0480078432856
:10A6A0000CD1EFA007F0B2FD0020EA4908600DF5DB
:10A6B000197DBDE8F08F0020E6490860FCF790FBAB
:10A6C000A0EB0B0044F62061884205D90125F1A0DA
:10A6D00007F09CFD0120EAE796A8FFF719FF20B1DB
:10A6E00096A8FFF715FF00B134E210210020FFF714
:10A6F00027FE00B12EE28EA90120FFF7A1FE00B1D6
:10A7000028E29DF83E02AB2800D023E29DF83802F3
:10A710008A909DF839028A9901EB00208A909DF871
:10A720003A729DF83B0207EB00279DF83C0207EBCD
:10A7300000479DF83D0207EB00678A9800F400404F
:10A74000B0F5004F0BD18A98C0F30E008A9046F600
:10A7500029218A9848408A904BF2A6204740372109
:10A760000520FFF7EDFD70B196A8FFF7D1FE20B1EF
:10A7700096A8FFF7CDFE00B1ECE137210520FFF7E9
:10A78000DFFD00B1E6E18EA91620FFF759FEC8B142
:10A7900037210520FFF7D4FD70B196A8FFF7B8FE6A
:10A7A00020B196A8FFF7B4FE00B1D3E13721052010
:10A7B000FFF7C6FD00B1CDE18EA91620FFF740FEE0
:10A7C00000B1C7E19DF8390289908998000289900B
:10A7D0009DF83812899808448990899820B1B2A0D0
:10A7E00007F014FD012062E739210420FFF7A8FDDE
:10A7F00070B196A8FFF78CFE20B196A8FFF788FEEF
:10A8000000B1A7E139210420FFF79AFD00B1A1E1D1
:10A81000AA48007801282FD100268EA91220FFF720
:10A820000FFE00B196E19DF83C02AB2811D19DF8D6
:10A830003D02CD280DD19DF83B6236029DF83A02CB
:10A84000064436029DF83902064436029DF8380265
:10A8500006449DF83802FF280CD19DF83902FF28E4
:10A8600008D19DF83A02FF2804D19DF83B02FF2849
:10A8700000D1002609EB06048EA91120FFF7E0FDA8
:10A88000C8B139210420FFF75BFD70B196A8FFF72E
:10A890003FFE20B196A8FFF73BFE00B15AE13921F7
:10A8A0000420FFF74DFD00B154E18EA91120FFF700
:10A8B000C7FD00B14EE14FF0000A002005E08EA96F
:10A8C000095C81EA0A0A411CC8B20F28F7DB9DF82F
:10A8D000470250450FD19DF838028B909DF83912F0
:10A8E0008B9800EB0120C0B28B908B98162802D178
:10A8F00000244FF000097248007860B954490C7088
:10A90000200A4870200C8870200EC870AB20087197
:10A91000CD2048710DE000244D480470200A4C49B8
:10A920004870200C8870200EC870AB200871CD20B4
:10A930004871002088906348007818B16248006828
:10A940008A9001E08A988A908CA88DA985AA86AB06
:10A95000CDE90432CDE9061087A85C4909685C4A54
:10A9600012685C4B1B68CDE90032CDE902105449F6
:10A970000978491CC8B243468AAA88A900F0E4FABB
:10A980000546012D01D0092D3DD18CA88DA985AAA0
:10A9900086ABCDE90432CDE9061087A94B480068A3
:10A9A0004B4A12684B4B1B68CDE90032CDE90201DE
:10A9B00043490978491CC8B243468AAA88A900F0CD
:10A9C000C3FA0546012D01D0092D1CD18CA88DA9F3
:10A9D00085AA86ABCDE90432CDE9061087A93B48AC
:10A9E00000683B4A12683B4B1B68CDE90032CDE959
:10A9F000020133490978491CC8B243468AAA88A98A
:10AA000000F0A2FA0546012D03D00D2D01D0092D2D
:10AA10007ED18CA88DA985AA86ABCDE90432CDE97B
:10AA2000061087AA2948006829490968294B1B682C
:10AA3000CDE90031CDE9020221490978491CC8B2AB
:10AA400043468AAA88A900F07FFA45E04C0000201E
:10AA5000F81D002008000020E4090020E004002088
:10AA60007B2252656365697665223A7B2253746165
:10AA7000747573223A32367D2C2243223A7B22545B
:10AA8000797065223A2243616E73656C227D7D0A7E
:10AA9000000000007B2243223A7B225374617475CC
:10AAA00073223A317D7D0A007B2243223A7B225376
:10AAB0007461747573223A377D7D0A00710200203B
:10AAC0005D0200204D0000204400002028000020EE
:10AAD00024000020200000200546012D03D00D2D6C
:10AAE00001D0092D1ED18CA88DA985AA86ABCDE9F0
:10AAF0000432CDE9061087AA184800681849096889
:10AB0000184B1B68CDE90031CDE90202164900E07F
:10AB100008E00978491CC8B243468AAA88A900F00F
:10AB200013FA05461148007898B18698CDE9039844
:10AB30000594029087998898CDE900012A460C492E
:10AB400008A88A9B06F098F908A807F05FFB012087
:10AB5000ADE500E095E500BF2846A8E52800002007
:10AB600024000020200000205D0200204D00002075
:10AB7000202C0108002001E0411CC8B20128FBDBA9
:10AB8000704730B50B46002100BF16E00A24B4EB35
:10AB9000107F05D9302404EB107403F8114005E050
:10ABA000412404EB10740A3C03F811400001002515
:10ABB0004C00641C1D554C1CE1B29142E6DB30BDDB
:10ABC00010B5034801F08DFB014801F0E1FC10BD18
:10ABD000CC09002000B585B00020019002900390C0
:10ABE000049000BF3548806940F010003349886107
:10ABF0000846806900F01000009000BF00BF00BF51
:10AC00000846806940F0200088610846806900F0AD
:10AC10002000009000BF00BF00BF0846806940F0E0
:10AC2000040088610846806900F00400009000BFBD
:10AC300000BF00BF0846806940F0080088610846F0
:10AC4000806900F00800009000BF00BF00224FF4B0
:10AC5000E2611B48FCF7BEF8002201211948FCF70D
:10AC6000B9F84FF4E26001900120029000200390B7
:10AC70000320049001A91248FBF714FF0120019062
:10AC80000290002003900220049001A90D48FBF7D8
:10AC900009FF0122D1030A48FCF79CF84FF4004059
:10ACA000019001200290002003900320049001A94C
:10ACB0000348FBF7F7FE05B000BD0000001002409E
:10ACC00000080140000C014010B50C480C49086018
:10ACD0000C48486000210A4881609021C1604FF40F
:10ACE00080410161002141618161C1610162FCF724
:10ACF0007DF808B1FAF7F4FF10BD000000540040E1
:10AD0000F0090020801A060010B5074807490860BE
:10AD10000620486040F6FF7104488160FCF7F8FBAC
:10AD200008B1FAF7DDFF10BD00300040E409002053
:10AD30001CB50020019000900748084908604FF0BA
:10AD4000FF3048604FF4807104488160FEF73AF9A3
:10AD500008B1FAF7C5FF1CBD00280040440A0020D6
:10AD600010B50F480F4908604FF482704860002109
:10AD70000C488160C160016141614FF400718161E3
:10AD80001821C161802101620021416281620A2192
:10AD9000C162FEF7CEFA08B1FAF7A2FF10BD0000BB
:10ADA00000300140580A002000B587B00020039011
:10ADB0000490059006900190029014481449086090
:10ADC00040F2DB5048600021114881600121C160E0
:10ADD000002101618161FEF7ABFB08B1FAF780FF4A
:10ADE0004FF48050039003A90948FEF747FC08B1CF
:10ADF000FAF776FF00200190029001A90448FEF7BF
:10AE000055FB08B1FAF76CFF07B000BD0004004025
:10AE1000B00A002010B50948094908600021084817
:10AE20008160C16001610C21416100218161C161CA
:10AE3000FEF7ACFE08B1FAF753FF10BD0038014031
:10AE4000F80A002010B50B480B4908604FF4E130B8
:10AE50004860002108488160C16001610C214161A6
:10AE600000218161C161FEF791FE08B1FAF738FF58
:10AE700010BD0000004400403C0B002010B50B4802
:10AE80000B4908604FF41650486000210848816063
:10AE9000C16001610C21416100218161C161FEF746
:10AEA00075FE08B1FAF71CFF10BD00000048004015
:10AEB000800B00201FB500200090019002900390AD
:10AEC0004FF4805000900120019002200290032056
:10AED000039069461448FBF7E5FD00224FF48051CA
:10AEE0001148FBF777FF6420FBF7F6FC00220F49BF
:10AEF0000F4803F0A8FC08B1FAF7F2FE0D490C4820
:10AF000003F03AFF08B1FAF7EBFE0B49084803F0EB
:10AF100040F908B1FAF7E4FE054803F0F7FF08B17D
:10AF2000FAF7DEFE1FBD000000080140C00000204F
:10AF3000C40B0020580100201801002000BFFEE7CC
:10AF4000FDF760FD00BFFEE72DE9FF4F91B00F4612
:10AF500098460026B34601200390002002900190FD
:10AF6000FA480078012811D0022802D0032827D1FE
:10AF700019E00520F64908701520F64908703720B9
:10AF8000F54908702020F549087026E00420F049B2
:10AF900008701020EF4908703920EF490870002030
:10AFA000EE49087019E00520E94908701520E949C3
:10AFB00008703720E84908704020E84908700CE024
:10AFC0000520E34908701420E24908703720E2495F
:10AFD00008700020E149087000BF00BF0020E04970
:10AFE0000870824600212198016022980160DCE00F
:10AFF0000AF1010000F0FF0A0020039003980028E6
:10B000003BD10DA8FFF784FA28B10DA8FFF780FA0D
:10B0100008B1761CC9E04AF6AA20D249096808603E
:10B02000761C002405E00DA8005DCF490855601C82
:10B03000C4B2042CF7DBCC484068386000F072FAE8
:10B0400081460198072803DDFF2015B0BDE8F08F89
:10B05000B9F1000F11D0C44840683860B9F1040F4D
:10B0600003D0B9F10B0F07D101E00E20EDE70198F5
:10B07000401CC0B2019098E097E00020039038682F
:10B0800030B1B94840683968884201D00920DCE70E
:10B09000B54840683860B4488168139800688142B8
:10B0A0000BD0B148816813980160AF488068FB28D5
:10B0B00001D10B20C9E70A20C7E7AB488168139884
:10B0C0000160A5480178A2480078FFF739F900B17E
:10B0D0006BE005A99F480078FFF7B2F900B164E082
:10B0E0009DF8150004900498000204909DF8141037
:10B0F0000498084404909C48417B249801709A4825
:10B100000169239801609848017B2598017038688F
:10B1100000B94AE0002544E000240CE09248005DBC
:10B1200005EB0511914A02EB8101095D884200D0CF
:10B1300003E0601CC4B2042CF0DB00BF042C2EDB47
:10B1400005EB0510894901EB8000407D05EB0511F9
:10B15000864A02EB8101097DC1EB011100EB810000
:10B16000C0F13C0010901098002802DA109840427C
:10B17000109010980A280ADA4FF0010B05EB051021
:10B180007A4A02EB800144227748FAF7DBFB05EBB1
:10B190000511764A02EB8100FAF778FD03E0681C9E
:10B1A000C5B2052DB8DB00BF02E00A2EFFF420AFC8
:10B1B00000BF052E01D3012047E7BBF1000F5CD192
:10B1C0006B48007808B1522011906748C1692198F6
:10B1D00001606548C069644908620846C0F8188083
:10B1E000119848736348007808756348007848757B
:10B1F000209808610846007B0D2801DD00200873B7
:10B200001198132801D102201190119800F00F001D
:10B21000012802D002282BD10FE05348C0694044D6
:10B2200002901F990298884201D903200DE74E48E9
:10B23000C06940444C49C8611CE04B48C069A0EB60
:10B24000080002901E990298884201DA0320FCE669
:10B250000298002805DD1F990298884201D9032031
:10B26000F3E64148C069A0EB08003F49C86101E02E
:10B270000520EAE600BF00F0EFF8BAF1010F01D1B6
:10B280004FF0000A00264DE0142E01D30120DCE629
:10B29000BAF1010F03D10AF1010000F0FF0ABAF17F
:10B2A000010F2FDD0DA8FFF733F928B10DA8FFF727
:10B2B0002FF908B1761C35E09DF8340050B99DF89F
:10B2C000350038B99DF8360020B99DF8370008B927
:10B2D000761C27E0002408E02348005D0DA9095DE5
:10B2E000884200D003E0601CC4B2042CF4DB00BF31
:10B2F000042C07DABBF1000F01D10420A5E64FF0C2
:10B30000040B11E0761C00F02BFB8146B9F1010F14
:10B3100001DD4FF0010BB9F1000F00D002E04FF05A
:10B32000000B01E0142EAFD300BF386808B94FF00E
:10B33000010B0D48C169219801600B48016A2298F0
:10B340000160BBF1000F39D0002421E07102002020
:10B350006D0200206E0200206F02002070020020AB
:10B3600078020020E4090020081E0020D41E0020DE
:10B370006C0200203C0000203D00002004EB041083
:10B380001D4901EB8000406800B903E0601CC4B2B5
:10B39000052CF3DB00BF052C00DB002404EB0411BB
:10B3A000154A02EB810044221449FAF7CBFABBF1AB
:10B3B000040F01D1042048E60D2046E6142E03D3E5
:10B3C0000BF10C00C0B240E6002511E00B484068CC
:10B3D00005EB0511084A02EB81014968884205D155
:10B3E00005EB051102EB8100FAF750FC681CC5B2B1
:10B3F000052DEBDB002028E6D41E0020081E0020CF
:10B40000014624200E2924D2DFE801F007090B0DA4
:10B410000F11131517191B1D1F21192019E01A20D0
:10B4200017E01C2015E01D2013E01E2011E0202055
:10B430000FE021200DE022200BE0242009E0252050
:10B4400007E0262005E0282003E0292001E02A204B
:10B4500000BF00BF704700002C48007E2B4B83F8D4
:10B4600034001846008B030A284880F8353090F8DD
:10B47000203080F83630008C030A244880F83730BA
:10B48000006A030C214880F83830437B80F839305B
:10B490001F4803781F48007863F31F10C3B21B488E
:10B4A00080F83A301C480378184880F83B30037F16
:10B4B00080F83C30808B030A144880F83D30C06926
:10B4C000030C124880F83E30037C80F83F30008A3D
:10B4D000030A0E4880F84030104803780B4880F883
:10B4E00041300F480378094880F84230002200219B
:10B4F00005E006483430405C4240481CC1B20F2988
:10B50000F7DB024880F8432000207047081E002027
:10B51000400000203A0000203B0000203C000020BA
:10B520003D00002030B589B010210020FEF708FF53
:10B5300010B1012009B030BD01A90120FEF780FF44
:10B5400008B10220F6E79DF80A00AB2801D00520DB
:10B55000F0E79DF8050057498860084680680002BA
:10B560008860084680689DF8041008445149886046
:10B570009DF8090048600846406800024860084697
:10B5800040689DF8081008444A49486008464068E9
:10B5900000024860084640689DF807100844454985
:10B5A00048600846406800024860084640689DF8C8
:10B5B000061008443F4948600846008900F40040EE
:10B5C000B0F5004F12D108460089C0F30E00886024
:10B5D0000846806846F62921484036498860084672
:10B5E00040684BF2A62148403249486031484068E3
:10B5F0003149086014210620FEF7A2FE08B10A2096
:10B6000098E769461820FEF727FF08B10B2091E75D
:10B61000284900980873009810B90D20009002E0A6
:10B620000098401E00904AF6AA2024490968086044
:10B630000099C8B2FFF7E4FE0446E11704EB9171EC
:10B6400088103521FEF77CFE08B10D2072E701A9B4
:10B650002046FEF7F5FE08B10E206BE79DF80900C5
:10B66000144948739DF810000861084600690002FB
:10B670000861084600699DF80F1008440D490861EB
:10B680000F4801780F480078FEF75AFE08B10C20E9
:10B6900050E708491C310C480078FEF7DDFE30B158
:10B6A00000F014F808B1032044E7042042E700202A
:10B6B00040E70000081E002074020020E40900207A
:10B6C0006F0200206D0200206E0200202DE9F04381
:10B6D00089B04FF0000814210620FEF731FE18B1A2
:10B6E000012009B0BDE8F08308A91820FEF7B4FED8
:10B6F000C7B22FB1022F12D100F05EF80120F0E79F
:10B7000008980D2803DD00F057F80120E9E70898B4
:10B7100010B90D20089002E00898401E0890089982
:10B72000C8B2FAF77BFF0546E91705EB917188105F
:10B730003521FEF705FE08B10820D2E76946284604
:10B74000FEF77EFE08B10920CBE74FF00008002687
:10B7500004E01DF8060080EA0808761C0F2EF8DBCE
:10B760009DF80F00404503D000F026F80A20B8E706
:10B770009DF80A4024029DF80900044424029DF823
:10B78000080004440948017809480078FEF7D8FD0C
:10B7900008B10B20A5E7214606480078FEF7EAFE2F
:10B7A00008B10C209DE700209BE700006F020020FD
:10B7B0006D0200206E0200202DE9F04F93B00020B2
:10B7C0000990089007900690059003900290C82574
:10B7D0000024A9E0E0B2FFF713FE82464FEAEA71C7
:10B7E0000AEB917188103521CDF804A0FEF7A8FD71
:10B7F00018B1032013B0BDE8F08F0BA95046FEF737
:10B800001FFE08B10420F5E700200390049009E032
:10B810000BA90498085C0399484003900498401CC5
:10B82000C0B2049004980F28F2DB9DF83B100398F7
:10B83000814204D0039810B10398FF2800D172E030
:10B840009DF83200562101EB20100A909DF832003D
:10B8500000F00F069DF833709DF839809DF83A90FE
:10B860009DF830B04FEA0B2B9DF82F0083444FEA30
:10B870000B2B9DF82E0083440C2E07DC1F2F05DCBC
:10B88000B8F1170F02DCB9F13B0F00DD4BE0DDE949
:10B890000910884201DDE5B227E0DDE909108842A0
:10B8A00023D10898864201DDE5B21EE00898864261
:10B8B0001BD10798874201DDE5B216E00798874261
:10B8C00013D10698804501DDE5B20EE0069880456B
:10B8D0000BD10598814501DDE5B206E0059881456B
:10B8E00003D10298584500D1E5B2AC421AD10A986A
:10B8F000099008960797CDF81880CDF814909DF818
:10B90000360002900298000202909DF835100298CD
:10B91000084402900298000202909DF834100298A8
:10B920000844029000BF641C0E2CFFF653AFC82DD4
:10B9300000D10D25681CC5B20D2D00DD0025352177
:10B940000620FEF7FDFC08B1012053E72946182028
:10B95000FEF710FE08B101204CE700204AE7000086
:10B960007FB5BE49087BFFF74BFD0446BC48007815
:10B9700030B1012872D0022871D0032870D14BE178
:10B980000020B7490870E11704EB91718810352148
:10B99000FEF7D6FC10B1012004B070BDAF493431C0
:10B9A0002046FEF7DBFD08B10220F5E70120AC4997
:10B9B000087035210620FEF7C3FC80B16846FEF70B
:10B9C000A7FD28B16846FEF7A3FD08B10320E3E711
:10B9D00035210620FEF7B4FC08B10320DCE79F48C0
:10B9E000007B401CC4B20D2C00DD00242146182031
:10B9F000FEF7C0FD08B10420CEE702209849087088
:10BA00009848017898480078FEF79AFC90B168460B
:10BA1000FEF77EFD28B16846FEF77AFD08B10520E5
:10BA2000BAE79048017890480078FEF789FC08B1A1
:10BA30000520B1E78948C1698C480078FEF79AFD76
:10BA400008B10620A8E78A480078012819D13921D1
:10BA50000420FEF775FC20B10A209DE727E095E061
:10BA6000F9E084491220FEF779FD08B1062093E73A
:10BA70007C4801787C480078FEF762FC08B105201C
:10BA80008AE703207649087003A978480078FEF712
:10BA9000E3FC08B107207FE77048C069039988423A
:10BAA00001D0082078E700206D490870D3E001201C
:10BAB0006B49087035210620FEF742FC08B10320CF
:10BAC0006AE76648007B401CC4B20D2C00DD0024F0
:10BAD00021461820FEF74EFD08B104205CE7022045
:10BAE0005F4908705F4801785F480078FEF728FCDE
:10BAF00090B16846FEF70CFD28B16846FEF708FDD8
:10BB000008B1052048E75748017857480078FEF704
:10BB100017FC08B105203FE75048C1695348007839
:10BB2000FEF728FD08B1062036E7514800780128C5
:10BB300016D139210420FEF703FC08B10A202BE7B7
:10BB40004C491220FEF70AFD08B1062024E74548BB
:10BB5000017845480078FEF7F3FB08B105201BE7A4
:10BB600003203F49087003A940480078FEF774FCA1
:10BB700008B1072010E73948C0690399884201D00D
:10BB8000082009E700203649087064E002203449A3
:10BB900008703448017834480078FEF7D1FB08B1CA
:10BBA0000520F9E62D48C16930480078FEF7E2FC2F
:10BBB00008B10620F0E62E480078012816D1392178
:10BBC0000420FEF7BDFB08B10A20E5E62949122052
:10BBD000FEF7C4FC08B10620DEE6224801782248C0
:10BBE0000078FEF7ADFB08B10520D5E603201C491F
:10BBF000087003A91D480078FEF72EFC08B1072045
:10BC0000CAE61648C0690399884201D00820C3E6F5
:10BC10000020134908701EE00320114908701148E4
:10BC2000017811480078FEF78BFB08B10520B3E6D8
:10BC300003A90E480078FEF70FFC08B10720ABE619
:10BC40000648C0690399884201D00820A4E6002074
:10BC50000349087000BF00BF00209DE6081E0020B9
:10BC6000780200206F0200206D0200206E0200208A
:10BC700071020020F81D00202DE9F0470546EAE199
:10BC80002868B0F844A00AF00F06002E7ED10AF012
:10BC90001000B0BB00BF2968098848F60F7201EA9E
:10BCA000020040F400412A68118000BF05F1280419
:10BCB0002868B0F85010207801EBC000801C29687B
:10BCC00001F5806131F81000C0F30900E061E1691D
:10BCD00060690844606100212846FBF73EFD95F845
:10BCE00024000028CBD0A0690028C8D195F82400F2
:10BCF00040F080002968A1F84C00002085F824005D
:10BD0000A9E1FFE705F5B4742868B0F8008008F4ED
:10BD1000006030B32868B0F85010207801EBC00004
:10BD2000801D296801F5806131F81000C0F3090019
:10BD3000E061A18B8BB2E28805F52C71286804F0D4
:10BD40009BFC00BF2968098840F68F7201EA020057
:10BD500040F080012A68118000BF2846FCF7B1FB43
:10BD600079E108F40040002889D000BF29680988DB
:10BD700040F68F7201EA020040F080012A681180CB
:10BD800000BF2868B0F85010207800E06FE001EBA9
:10BD9000C000801D296801F5806131F81000C0F3F2
:10BDA0000900E061E06990B1606980B1B4F81CC03D
:10BDB0001FFA8CF3E2886169286804F05DFCE16990
:10BDC00060690844606100212846FBF7D6FC2868BA
:10BDD000008800F40060002892D100BF2A6829681A
:10BDE000B1F850100A4402F20C41084600BF236922
:10BDF00053B9038848F2FF3C03EA0C03038003882D
:10BE000043F4004303801EE023693E2B0DD800BF9E
:10BE100023695908237C03F0010303B1491C4FF641
:10BE2000FF7303EA812303800DE000BF23695909F2
:10BE3000237C03F01F0303B9491E4FF4004343EA78
:10BE40008123038000BF00BF00BF00BF29680988AD
:10BE50004BF68F7201EA020080F4805080F40050AB
:10BE600040F4004141F080012A681180F3E0710044
:10BE7000286830F8118008F4004000287ED000BF08
:10BE80007200296831F8121040F68F7201EA020040
:10BE900040F0800173002A6822F8131000BF06EBFF
:10BEA000860105F5B47000EBC104207BB0B92868A9
:10BEB000B0F85010207801EBC000801D296801F512
:10BEC000806131F81000C0F30907002F5BD0E288D1
:10BED00061693B46286804F0CFFB54E0E078022813
:10BEE00006D1424621462846FBF7CAFC07464AE0EF
:10BEF00000BF00BF22785200296831F8121048F6BE
:10BF00008F7201EA020040F4004141F0C001237841
:10BF10005B002A6822F8131000BF00BF2178490097
:10BF2000286830F8110000F48040A8B12868B0F803
:10BF30005010207801EBC000801C296801F5806159
:10BF400031F81000C0F30907EFB1228961693B465F
:10BF5000286804F091FB16E02868B0F850102078AB
:10BF600001EBC000801D296801F5806131F81000E7
:10BF7000C0F309073FB16289616900E017E03B4601
:10BF8000286804F079FBE0693844E061606938446E
:10BF90006061A06910B12069B84204D921782846AF
:10BFA000FBF7EBFB03E02146286803F08AFD08F06D
:10BFB0008000B0B306EB860105F1280000EBC10458
:10BFC00000BF7200296831F8121048F60F7201EABA
:10BFD000020040F4004173002A6822F8131000BFE9
:10BFE000E078032807D0E07828B1E07802282DD146
:10BFF00008F4807050BB2868B0F85010207801EB2E
:10C00000C000801C296801F5806131F81000C0F380
:10C010000909A069484505D9A069A0EB0900A061FC
:10C0200002E018E00020A061A06920B9217828462C
:10C03000FBF793FB0FE0606948446061E0694844A6
:10C04000E0612146286803F03CFD04E042462146B9
:10C050002846FBF7C1FC2868B0F8440000F4004013
:10C0600000287FF40DAEBDE8F08700002DE9F04F09
:10C0700089B004460E4691461F46DDE9135BDDF8A4
:10C0800048A0D4208DF80400F0B28DF80500FF2DF3
:10C0900004DD4FF0FF3009B0BDE8F08F002D02DA6B
:10C0A0004FF0FF30F7E7002006E01AF80020811C6F
:10C0B00001AB5A54411CC8B2A842F6DBA81C82B29C
:10C0C00001A9204600F07CFA20B1206980474FF09A
:10C0D000FF30E0E75846E168884710B94FF0FF307D
:10C0E000D9E7062101A86268904700210AE01A48B2
:10C0F000405C01AA525C904202D04FF0FF30CAE788
:10C10000481CC1B20629F2D35846E168884710B9E5
:10C110004FF0FF30BFE7B81C82B201A9204600F003
:10C1200080F980469DF80400D52804D19DF80510BB
:10C13000701C814202D04FF0FF30ACE7002006E0D7
:10C1400001AA811C515C09F80010411CC8B2B84218
:10C15000F6DBA8F102009EE7C82B01083EB50546B4
:10C160000C464FF4FA700021009104232246CDE9D9
:10C17000011002212846FFF779FF401C28B908A0CA
:10C1800004F06AFE4FF0FF303EBDE0780090A378E7
:10C19000627821780DA004F05FFE0020F4E7000033
:10C1A0007B2243223A7B2252656164657254797026
:10C1B00065223A504E3533322C2256657273696FC0
:10C1C0006E223A4572726F727D7D0A007B22432295
:10C1D0003A7B2252656164657254797065223A50E7
:10C1E0004E3533322C2256657273696F6E223A25B2
:10C1F000642E25642E25642E25647D7D0A000000B2
:10C200000549016005494160054981600549C160F2
:10C21000054901617047000055C500082DC200089E
:10C22000D1C2000885C20008CDC20008F8B5064694
:10C230000C4600200090671C384605F031FE05468C
:10C240000121684605F040FA9DF80000012805D05C
:10C25000284605F0B7F94FF0FF30F8BD601C81B2F9
:10C26000284605F031FA002004E0411C695C315495
:10C27000411CC8B2A042F8DB284605F0A3F9002013
:10C28000EBE7000038B5044600200090FAF7A8FD5F
:10C29000054611E00120FAF71FFB0121684605F071
:10C2A00013FA4AF6AA2008490968086000BF9DF8F9
:10C2B0000000012800D138BDFAF792FD401BA042D2
:10C2C000E8D30020F7E70000E409002000207047D1
:10C2D00070B504460D462946204605F007FA0020B1
:10C2E00070BD00B502461046FFF78AFF00BD000092
:10C2F0002DE9F04389B007460D4614461E46DDE998
:10C3000010891BA00068089001208DF80C0008F02F
:10C31000FF008DF80D00F0B28DF80E00002006E051
:10C3200019F80020C11C03AB5A54411CC8B206289E
:10C33000F6DB002006E02A5C00F1090103AB5A5449
:10C34000411CC8B2A042F6DB4FF47A7104F1090037
:10C3500003AA0123CDE90020029108AA4021384612
:10C36000FFF784FE9DF8200009B0BDE8F0830000CF
:10C37000FF00000070B58AB006460C46154613A0B3
:10C3800000680990E8B28DF826004FF47A70032116
:10C3900009AA1123CDE90021029004AA40213046C8
:10C3A000FFF764FE9DF8100018B19DF810000AB068
:10C3B00070BD002005E004AA411C515C2154411CC1
:10C3C000C8B21028F7DB9DF81000F0E7013000003C
:10C3D00070B58AB006460C46154601208DF814004B
:10C3E000A0208DF81500E8B28DF81600002005E0B9
:10C3F000225CC11C05AB5A54411CC8B21028F7DBA3
:10C400004FF47A70132105AA0123CDE9002102908F
:10C4100004AA40213046FFF729FE9DF810000AB01B
:10C4200070BD2DE9F0438BB0804689461646002743
:10C43000F01D81B201A8D8F80420904700240AE03A
:10C44000601CC4B206F10800844204DB4FF0FF30E8
:10C450000BB0BDE8F08301A8005D0028F0D001A872
:10C46000005DFF2802D04FF0FF30F1E7601CC4B23E
:10C4700006F10800844202DB4FF0FF30E8E701A834
:10C48000055D01A9601C085C2844C0B210B14FF0E2
:10C49000FF30DDE7002007E0A11C014401AA515C48
:10C4A0003944CFB2411CC8B2691C8842F4DBFFB2E8
:10C4B00017B14FF0FF30CBE7002007E0A11C01448B
:10C4C00001AA515C09F80010411CC8B2A842F5DB72
:10C4D0002846BDE72DE9F0418AB007460C461546CF
:10C4E0001E461BA0006809908DF82550022009A95E
:10C4F000132304AACDE9010600914A213846FFF72B
:10C50000B5FD8046B8F1000F04DA4FF0FF300AB0F5
:10C51000BDE8F0819DF81000012802D04FF0FF30F7
:10C52000F5E79DF81500072802DD4FF0FF30EEE734
:10C53000002005E0811D04AA515C2154411CC8B2B1
:10C540009DF815108142F5DC9DF81500DFE700002D
:10C550000100000010B5012211460C48FAF73AFC20
:10C560000120FAF7B9F9002201210848FAF732FC54
:10C570000120FAF7B1F9012211460448FAF72AFC22
:10C580000120FAF7A9F9002010BD0000000C0140BD
:10C590001FB5044609A0006803904FF47A70032188
:10C5A00003AA0023CDE9002102901A461421204657
:10C5B000FFF75CFD002004B010BD00000114010075
:10C5C000F0B58BB006460D4614461E2C01DC012C3E
:10C5D00003DA4FF0FF300BB0F0BD002700208DF8DC
:10C5E00004008DF80500FF208DF80600FF27E0B25B
:10C5F0008DF80700E043401CC0B28DF80800002011
:10C6000008E02A5C411D01AB5A54295C3944CFB281
:10C61000411CC8B2A042F4DBF843C1B201AA601DBC
:10C6200011540021A01D1154E01D81B201A8B2686F
:10C63000904710B14FF0FF30CDE70020CBE77047B7
:10C6400010B5022405E00A49081905F05FFC601CDA
:10C65000C4B207484078401CA042F4DA05A005F0B7
:10C66000D5FD4FF416710248F9F785F9002010BD89
:10C67000E00400207B2252656365697665223A7B7F
:10C6800022537461747573223A32362C22547970B5
:10C6900065223A22506F735472616E7361637469DC
:10C6A0006F6E227D7D0A000010B5ADF5087D00207B
:10C6B00008900024B849088000BF09E0B749095C28
:10C6C000B54AB2F900205140B34A1180411CC8B2AA
:10C6D0002128F3DBB14890F82100AF49B1F90010EF
:10C6E000884203D1AD48807B64280FD0ACA005F010
:10C6F0008DFD0020B1490870A74908804FF41671DC
:10C70000A648F9F738F90DF5087D10BDA34890F853
:10C710002100A149B1F90010884203D09F48807BD5
:10C7200064287DD19D484078A54908609B48807861
:10C7300000069A49C97800EB01409849097900EB55
:10C7400001209649497908449E49086093488079B8
:10C7500000069249C97900EB01409049097A00EB43
:10C7600001208E49497A0844974908608B48807AAD
:10C7700000068A49C97A00EB01408849097B00EB31
:10C7800001208649497B0844904908608348C07B62
:10C7900000068249097C00EB01408049497C00EB9E
:10C7A00001207E49897C0844894908607B48C07C17
:10C7B00000067A49097D00EB01407849497D00EB8C
:10C7C00001207649897D0844824908607348C07D0C
:10C7D000814908607148007E804908706F48407E3A
:10C7E0007F4908706D48807E7E4908706B48C07E26
:10C7F0007D4908706948007F7C4908706748407F20
:10C8000000066649897F00EB01406449C97F00EB5F
:10C810000120624991F8201008447549086000E041
:10C82000B8E000207349086073A005F0EFFCFAF748
:10C83000D7FA0446A4E04AF6AA207F4909680860AE
:10C84000FAF7CEFA001BB0F57A5F03D97BA005F0AA
:10C85000DDFC96E06748006870B1504800786328B6
:10C8600003D04E480078432803D179A005F0CEFCD0
:10C8700087E000205F49086009A8FDF749FE20B164
:10C8800009A8FDF745FE00B17AE07E487E497F4A5F
:10C890007F4BCDE90432CDE906107E4A4D48006851
:10C8A0004B490968494B1B68CDE90031CDE90202CB
:10C8B00044484F4A08A903681320FEF745FB764910
:10C8C000087008460078092803D008460078012837
:10C8D0001BD16C486C496D4A6D4BCDE90432CDE9F2
:10C8E00006106C493B48026839480068374B1B68A2
:10C8F000CDE90030CDE9022132483D4A08A903685C
:10C900001320FEF721FB644908706348007809286A
:10C9100003D06148007801281BD15A485A495B4A24
:10C920005B4BCDE90432CDE906105A4829490A6823
:10C9300027490968254B1B68CDE90031CDE9022064
:10C9400020482B4A08A903681320FEF7FDFA524934
:10C9500008701C4801684E4800684E4A1268089BDF
:10C96000CDE90032CDE90201214803684A48027846
:10C970004A490BA804F080FA0BA805F047FC00E038
:10C9800059E700BF00200D49087003490880194984
:10C990000860B8E600BFB6E60C000020E004002006
:10C9A0007B2252656365697665223A7B2253746106
:10C9B000747573223A31397D7D0A000060000020D1
:10C9C000140000201800002030000020200000206B
:10C9D0002400002028000020400000203A00002011
:10C9E0003B0000203C0000203D0000203E000020D5
:10C9F00044000020080000207B22526563656976B0
:10CA000065223A7B22537461747573223A32367D03
:10CA10002C2243223A7B2254797065223A224465C3
:10CA20006372656173655472616E73616374696F7B
:10CA30006E227D7D0A000000E40900207B22432253
:10CA40003A7B22537461747573223A317D7D0A00FA
:10CA50007B2252656365697665223A7B2253746155
:10CA6000747573223A32367D2C2243223A7B22544B
:10CA7000797065223A2243616E73656C227D7D0A6E
:10CA80000000000039000020380000201C000020B9
:10CA9000340000202C00002007000020D42B0108C7
:10CAA00010B500206849088000BF09E06749095CAB
:10CAB000654AB2F900205140634A1180411CC8B256
:10CAC0002128F3DB614890F821005F49B1F900109B
:10CAD000884203D15D48807B642811D05CA005F0BA
:10CAE00095FB00206149087061490870564908802B
:10CAF000604908704FF416715448F8F73CFF10BDB8
:10CB0000524890F821005049B1F90010884203D0F2
:10CB10004E48807B64287CD110215748F8F72BFFC2
:10CB20004A48407855490860484880780006474997
:10CB3000C97800EB01404549097900EB01204349E0
:10CB4000497908444E4908604048807900063F49C9
:10CB5000C97900EB01403D49097A00EB01203B49CE
:10CB6000497A0844474908603848807A00063749BE
:10CB7000C97A00EB01403549097B00EB01203349BC
:10CB8000497B0844404908603048C07B00062F4973
:10CB9000097C00EB01402D49497C00EB01202B4929
:10CBA000897C0844394908602848C07C0006274928
:10CBB000097D00EB01402549497D00EB0120234917
:10CBC000897D0844324908602048C07D31490860A9
:10CBD0001E48007E304908701C48407E2F4908706E
:10CBE0001A48807E2E4908701848C07E2D4908706A
:10CBF0001648007F2C4908701448407F00061349EE
:10CC0000897F00EB01401149C97F00EB01200F49EA
:10CC100000E017E091F8201008442449086024A09F
:10CC200005F0F4FA1748016815480068FDF706FD9D
:10CC30004FF416710548F8F79EFE00200C49087065
:10CC40000149088000BF5AE70C000020E0040020E2
:10CC50007B2252656365697665223A7B2253746153
:10CC6000747573223A31397D7D0A00004B00002033
:10CC70004D00002050000020F81D0020140000206E
:10CC80001800002030000020200000202400002098
:10CC900028000020400000203A0000203B00002037
:10CCA0003C0000203D0000203E0000204400002009
:10CCB0007B2252656365697665223A7B22537461F3
:10CCC000747573223A32367D2C2243223A7B2254E9
:10CCD000797065223A22457865635472616E73619A
:10CCE0006374696F6E227D7D0A00000010B500201C
:10CCF000994908809948407817286BD003DC38B1EF
:10CD000016287DD135E018287BD01928F9D1C6E046
:10CD100092488078924908609048C078914908709C
:10CD20008E480079904908708C4840798F49087086
:10CD30008A4880798E4908708848C0798D49087082
:10CD4000002009E08549095C834AB2F9002051407E
:10CD5000814A1180411CC8B20828F3DB7F48007A61
:10CD60007D49B1F90010884202D101208249087042
:10CD7000CAE07A48807A7A4908607848C07A794966
:10CD800008707648007B784908707448407B774982
:10CD900008707248807B764908707048C07B75497E
:10CDA0000870002009E06D49095C6B4AB2F9002067
:10CDB0005140694A1180411CC8B21028F3DB674812
:10CDC000007C6549B1F90010884202D101206A490E
:10CDD000087099E061488078614908605F48C078D0
:10CDE000604908705D4800795F4908705B48407988
:10CDF0005E490870594880795D490870574801E0DC
:10CE00007EE01BE0C0795B490870002009E05349CF
:10CE1000095C514AB2F9002051404F4A1180411C2F
:10CE2000C8B20828F3DB4D48007A4B49B1F900102D
:10CE3000884202D101205049087065E04748407A95
:10CE4000474908604548807A464908704348C07A97
:10CE5000454908704148007B444908703F48407B81
:10CE6000434908703D48807B42490870002009E032
:10CE70003A49095C384AB2F900205140364A1180DB
:10CE8000411CC8B20F28F3DB3448C07B3249B1F9EA
:10CE90000010884202D101203749087034E02F4841
:10CEA000407A2F4908602D48807A2E4908702B4817
:10CEB000C07A2D4908702948007B2C490870274802
:10CEC000407B2B4908702548807B2A490870002048
:10CED00009E02249095C204AB2F9002051401E4A6B
:10CEE0001180411CC8B20F28F3DB1C48C07B1A49D3
:10CEF000B1F90010884202D101201F49087003E0F7
:10CF000000201D49087000BF00BF1B480078A0B179
:10CF100000201A4908601AA005F078F90F494878EE
:10CF200003F064FC00200C490880134908704FF49A
:10CF300016710A48F8F71FFD0CE01EA005F066F90F
:10CF400000200D490870044908804FF41671034809
:10CF5000F8F711FD10BD00000C000020E0040020D7
:10CF6000400000203A0000203B0000203C00002050
:10CF70003D0000203E0000204F0000202000002047
:10CF80007B2252656365697665223A7B2253746120
:10CF9000747573223A32362C2254797065223A2203
:10CFA0004368616E67654F6647726F7570227D7D5D
:10CFB0000A0000007B2252656365697665223A7B30
:10CFC00022537461747573223A31397D7D0A0000F1
:10CFD00008B508490968C9084FF47A72B1FBF2F143
:10CFE0004143009100BF00BF00994A1E00920029F2
:10CFF000F9D108BD44010020014600BF080900EB3B
:10D000008000420001F00F001044C0B2704770B5BC
:10D0100004460025F9F7E4FE054607E0F9F7E0FECF
:10D02000401BB0F57A7F01D9032070BD20684068AD
:10D0300000F020000028F1D02068406840F0100087
:10D04000216848600020F0E770B50446002520689C
:10D05000406820F0100021684860F9F7C1FE0546DD
:10D0600007E0F9F7BDFE401BB0F57A7F01D9032038
:10D0700070BD2068406800F020000028F1D000203A
:10D08000F6E730B5014600220023002400200D6899
:10D09000AD69AAB20D68ED69ACB20D68AD69ABB20D
:10D0A0009A4205D00D68ED6963F31F45284601E0FB
:10D0B00044EA024030BDF0B504460B46002100258D
:10D0C00004F5FA61032B1BD2C3EBC30000EB031082
:10D0D0000926B0FBF6F01044001D4618481E06EB6A
:10D0E00090066427B0FBF7F0361A481EBF00B0FB6D
:10D0F000F7F030440726B0FBF6F706FB17051AE0F9
:10D10000C3EBC30000EB03100926B0FBF6F010449C
:10D11000001D084400EB91006426B1FBF6F6801B6D
:10D120004FF4C876B1FBF6F63044801E0726B0FBFC
:10D13000F6F706FB1705E8B2F0BD70B504460D46DC
:10D1400000262046FFF763FF08B101260AE0280CFD
:10D1500021688861A8B22168C8612046FFF774FF82
:10D1600000B10126304670BD2DE9F14F9CB0002082
:10D170000790069005900026092004900020039057
:10D180003520029000200190FDF7F4FCF4A005F09A
:10D190003DF8F9F725FE1890B2E0F9F721FE18994D
:10D1A000401A42F22831884208D9FBA005F02EF837
:10D1B0000120FE4908601DB0BDE8F08F4AF6AA20A4
:10D1C000FB4909680860FB48006870B1FA480078BC
:10D1D000432803D0F8480078632806D1F7A005F06B
:10D1E00015F80020F3490860E5E715A8FDF790F968
:10D1F00020B115A8FDF78CF900B181E010210020C5
:10D20000FDF79EF800B17BE00CA90120FDF718F9AD
:10D2100000B175E09DF830909DF8310009EB0020D9
:10D220001FFA80F99DF832809DF8330008EB002842
:10D230009DF8340008EB00489DF8350008EB0068C5
:10D2400009F40040B0F5004F09D1C9F30E0946F6C4
:10D25000292089EA00094BF2A62088EA00084AF64C
:10D26000AA20D34909680860E1480078D0B91421A0
:10D270000620FDF765F800B142E01AA91820FDF775
:10D28000EBF800B13CE037210520FDF759F800B17B
:10D2900036E01BA91420FDF7DFF800B130E01A9842
:10D2A000C6B211E0D248007801280DD11421062021
:10D2B000FDF746F800B123E01AA91820FDF7CCF8D5
:10D2C00000B11DE01A98C6B24AF6AA20B84909680A
:10D2D0000860002619A91BA8F8F78EFF0746012F42
:10D2E00004D119A91BA8F8F787FF07460FB15A2FD9
:10D2F00001D11B98019017B15A2F00D000E000E037
:10D300004BE700BF4AF6AA20A94909680860B84857
:10D310000078012801D11A98C6B216B1701EC6B2A3
:10D3200000E00D261496002006908246FDE14AF6A4
:10D33000AA209F49096808600AF101001FFA80FAD3
:10D34000BAF1320F00DBF1E115A8FDF7E1F820B1E9
:10D3500015A8FDF7DDF800B1E7E14AF6AA209449E7
:10D36000096808603046F9F783F90546E91705EBC7
:10D37000917188101421FCF7E3FF88B115A8FDF71F
:10D38000C7F820B115A8FDF7C3F800B1CDE1E91742
:10D3900005EB917188101421FCF7D2FF00B1C4E1B4
:10D3A0000CA92846FDF74CF8F8B1E91705EB917187
:10D3B00088101421FCF7C4FF88B115A8FDF7A8F860
:10D3C00020B115A8FDF7A4F800B1AEE1E91705EB0F
:10D3D000917188101421FCF7B3FF00B1A5E10CA9ED
:10D3E0002846FDF72DF800B19FE14FF0000A002418
:10D3F00005E00CA8005D08A90855601C84B2102C3B
:10D40000F7DB00200790002406E008A8005D0799DC
:10D4100048400790601C84B20F2CF6DB9DF82F105B
:10D420000798814208D0002404E0002008A908558C
:10D43000601C84B2102CF8DB002406E008A8005D14
:10D44000FF2800D003E0601C84B20F2CF6DB00BF85
:10D450000F2C08DB002404E0002008A90855601CFC
:10D4600084B2102CF8DB069A521C62A1634803F0C8
:10D4700003FD624804F0CAFE0120F9F72DFA9DF879
:10D4800025205FA15D4803F0F7FC5C4804F0BEFE78
:10D490000120F9F721FA4AF6AA20454909680860EF
:10D4A0009DF824005849086008460068000208609A
:10D4B000084600689DF82310084453490860084650
:10D4C000006800020860084600689DF822100844C1
:10D4D0004D49086008464DA10268484803F0CCFC5D
:10D4E000464804F093FE0120F9F7F6F99DF826006E
:10D4F0000921B1EB201F0ADD9DF826004FF4AF6132
:10D5000001EB201244A13D4803F0B6FC0AE09DF86F
:10D510002600562101EB201000F214523EA137489C
:10D5200003F0AAFC354804F071FE0120F9F7D4F9A4
:10D530009DF8260000F00F023AA1304803F09CFC51
:10D540002E4804F063FE0120F9F7C6F94AF6AA2036
:10D550001749096808609DF8272035A127486BE026
:10D560007B2252656365697665223A7B225374613A
:10D57000747573223A32367D2C2243223A7B225430
:10D58000797065223A225265616443617264546124
:10D59000626C65227D7D0A007B2243223A7B225306
:10D5A0007461747573223A317D7D0A006002002037
:10D5B000E409002008000020E00400207B225265DE
:10D5C0006365697665223A7B2253746174757322B0
:10D5D0003A32367D2C2243223A7B225479706522DE
:10D5E0003A2243616E73656C227D7D0A0000000063
:10D5F00071020020526F773D25642A00D807002071
:10D600004F503D25642A0000680200204574656281
:10D6100061723D25752A0000596561723D25642AB5
:10D62000000000004D6F6E74683D25642A00000004
:10D630004461793D25642A0003F01EFC444804F04F
:10D64000E5FD0120F9F748F99DF82A0041490860F5
:10D650000846006800020860084600689DF8291026
:10D6600008443C4908600846006800020860084613
:10D6700000689DF82810084436490860084636A11D
:10D680000268334803F0F8FB314804F0BFFD012085
:10D69000F9F722F99DF82C002E4908600846006829
:10D6A00000020860084600689DF82B1008442949CC
:10D6B000086008462CA10268254803F0DDFB2448D9
:10D6C00004F0A4FD0120F9F707F99DF82D2028A109
:10D6D0001F4803F0D1FB1E4804F098FD0120F9F724
:10D6E000FBF84AF6AA202549096808609DF82E2013
:10D6F00023A1174803F0C0FB154804F087FD012063
:10D70000F9F7EAF80698401CC1B206911C988142CC
:10D7100000DB0BE016B1701EC6B200E00D264AF623
:10D72000AA2016490968086000BF00E600BFBAF1E8
:10D73000320F07DA0A20F9F7CFF84AF6AA200F4984
:10D740000968086001201149086000BF33E5000046
:10D75000D80700206802002052656D45746562613B
:10D76000723D25752A0000004449443D25752A0074
:10D77000486F75723D25642A00000000E40900200E
:10D780004D696E3D25642C0A0000000060020020F7
:10D79000704770B504460D4629462046F9F712FB3E
:10D7A00070BD70B504460D461646324629462046E1
:10D7B000F9F710FB70BD000070B500F06FF805467A
:10D7C000002411E0164800EB4410C07F1549097889
:10D7D000884208D145FA04F202F00101104A02EB36
:10D7E000441000F021F8641C012CEBDB0D4800789C
:10D7F00048B9002405E00A4901EB441000F091F813
:10D80000641C012CF7DB07480078401C05490870B0
:10D8100008460078052801DB0020087070BD000074
:10D82000981D00205B02002010B58278002A33D0BA
:10D83000827962B901B110BD002242718279521C15
:10D8400082710023C26820324489135524E0827912
:10D85000092A14DAC26820324389D25C01F001033C
:10D860004479A3401A43D3B2C26820324489135585
:10D870008279521C82714279521C42710CE0827989
:10D88000092A09D100228271827729B142891F2A8F
:10D8900002DA4289521C428100BFCCE770B50026F3
:10D8A00000242CE0184A02EB4412918B164A02EB3A
:10D8B00044129069FFF76DFF0546134800EB4410D2
:10D8C0008079B0B9104800EB4410807F88B985B9E1
:10D8D0000E480078801C052190FBF1F201FB12003C
:10D8E000094901EB4411C8770120074901EB4411B4
:10D8F000887705F00100A0403043C6B2641C012CBB
:10D90000D0DB304670BD0000981D00205B02002077
:10D9100070B504460D46A18A2A462069FFF741FFEB
:10D9200070BD10B50446607800283FD0207958B902
:10D93000012020700020E07000212046FFF7E8FF62
:10D940002079401C207131E02079092810DAE27931
:10D95000E068805CE278104100F001012046FFF7AA
:10D96000D7FF2079401C2071E078401CE0701DE05A
:10D970002079092807D101212046FFF7C9FF207926
:10D98000401C207112E020790A280FD1002020715C
:10D99000E079401CE071207AE179884203DD0120C2
:10D9A0002070607002E000202070607010BD0000E8
:10D9B00010B5F9F7DDFD0448007820B90348006888
:10D9C000401C0249086010BD4C0000205C00002093
:10D9D00000B593B0282109A8F7F7CDFF142104A8BA
:10D9E000F7F7C9FF002000900190029003900D20EE
:10D9F00009904FF480300A9000200B9001200C9089
:10DA00000D900F9002201090C10311914FF4E0117E
:10DA1000129109A8FBF706F808B1F8F761F90F2091
:10DA2000049002200590002006904FF4806007903B
:10DA300000200890022104A8FAF7A8FE08B1F8F720
:10DA40004FF9112000904FF4807001900020039056
:10DA50006846FAF701FE08B1F8F742F9FAF75CFFF9
:10DA600013B000BD01480249086070470058000823
:10DA700008ED00E010B50348FBF752FF0148FBF743
:10DA800082FE10BDB00A002010B50268184B984203
:10DA900008D0B0F1804F05D0164B984202D0164BFB
:10DAA000984203D122F070024B681A43104B9842FF
:10DAB00008D0B0F1804F05D00E4B984202D00E4BEB
:10DAC000984203D122F44072CB681A4322F08003BB
:10DAD0004C6943EA040202608B68C3620B6883628C
:10DAE000034B984201D10B6903630123436110BDCD
:10DAF000002C0140000400400008004030B50C46F6
:10DB0000816821F47F4142EA03252543294381604E
:10DB100030BD0A46816821F0700142F007031943C5
:10DB20008160704730B50B461446026A056A25F0DD
:10DB300001050562816921F0F00141EA041122F03A
:10DB40000A021A438161026230BD30B50B461446A9
:10DB5000056A25F0100505628169026A21F47041A9
:10DB600041EA043122F0A00242EA0312816102621A
:10DB700030BD70B505466C6A0020E085E084204623
:10DB8000FBF7DCFE70BD0168C96821F49071026882
:10DB9000D1600168496921F0010102685161016B9E
:10DBA000012905D10168C96821F010010268D1601E
:10DBB000202180F83E1000210163704710B5044613
:10DBC0002068C06820F040002168C860202084F8E8
:10DBD0003D002046FCF750F9002010BDF8B5044682
:10DBE00094F83E00222869D1A068B0F5805F0CD17E
:10DBF000206950B90025A66A20684068C0F3080073
:10DC00003080A06A801CA06215E0A56A0026A0688A
:10DC1000B0F5805F03D0A06828B9206918B92068E2
:10DC20004068287004E02068406800F07F00287099
:10DC3000A06A401CA062E08D401E80B2E085A8BBB7
:10DC40002068C06820F020002168C8602068C06893
:10DC500020F480702168C8602068406920F00100CD
:10DC600021684861202084F83E00206B01281ED1E5
:10DC7000002020632068C06820F010002168C86080
:10DC80002068006800F0100010280AD100BF0020B2
:10DC9000009020680068009020684068009000BFF5
:10DCA00000BFA18D2046FBF748FE03E004E02046BC
:10DCB000FCF778F80020F8BD0020FCE70220FAE726
:10DCC00070B504462168096921F44051E2681143A6
:10DCD000226811612269A1681143626941EA020563
:10DCE0002168C96841F20C62914329432268D160DE
:10DCF0002168496921F44071A26911432268516188
:10DD00002D4A2168914202D1FAF722FE01E0FAF78A
:10DD10000FFE00EBC00101EB001162689200B1FB45
:10DD2000F2F100EBC00202EB001263689B00B2FB51
:10DD3000F3F26423B2FBF3F202EBC20303EB021231
:10DD4000A1EB8201322202EB01116422B1FBF2F15C
:10DD500001F0F00100EBC00202EB001263689B00CF
:10DD6000B2FBF3F26423B2FBF3F201EB021200EB1D
:10DD7000C00101EB001163689B00B1FBF3F100EB04
:10DD8000C00303EB00136668B600B3FBF6F364262A
:10DD9000B3FBF6F303EBC30606EB0313A1EB83011E
:10DDA000322303EB01116423B1FBF3F101F00F0106
:10DDB00011442268916070BD00380140014691F81D
:10DDC0003D00212828D18868B0F5805F0BD1086913
:10DDD00048B90A6A1088C0F308000B685860086ADE
:10DDE000801C086205E00B6A581C086218780B68F2
:10DDF0005860C88C401E80B2C88458B90868C06892
:10DE000020F080000B68D8600868C06840F04000CF
:10DE10000B68D860002070470220FCE72DE9F04134
:10DE200004460D4617469846069E21E0701CF8B140
:10DE30002EB1F8F7D5FFA0EB0800B04218D9206842
:10DE4000C06820F4D0702168C8602068406920F064
:10DE5000010021684861202084F83D0084F83E00DC
:10DE600000BF002084F83C0000BF0320BDE8F08123
:10DE7000206800682840A84201D1012000E000206D
:10DE8000B842D3D00020F1E710B50248FBF758FDA7
:10DE900010BD0000F80A002010B50E48FBF750FD39
:10DEA0000C480068006800F02000202811D10A48C2
:10DEB0000068C1B209480A4A12688154002102462A
:10DEC00007480068401C115405480068401C04497C
:10DED000086010BD3C0B0020044400408802002074
:10DEE0001000002010B50E48FBF72AFD0C48006812
:10DEF000006800F02000202810D10A4800680A4974
:10DF00000A4A127888540021074A08480078401CC1
:10DF1000115406480078401C0449087010BD0000E8
:10DF2000800B0020044800407407002048000020B7
:10DF30002DE9F04104460D46D4F8B862D4F8C07219
:10DF4000D4F8B80278B305EB850104F1140000EBB6
:10DF50008100806808B305EB850104F1140000EB33
:10DF6000810005EB8502816807F1280000EBC20003
:10DF70000069B1FBF0F200FB121070B9002105EB53
:10DF8000850204F1140000EB8200816000231A4630
:10DF90002946204600F0C4FE02E00020C6F8140224
:10DFA0000020BDE8F081FFE70220FAE770B50446E3
:10DFB0000E46D4F8B8523146204600F056FDC5F85A
:10DFC0000C02D4F8B80248B1D5F80402D4F8BC1257
:10DFD000CA6805F503719047002070BD0220FCE778
:10DFE00070B504460E4600258121204600F057FCFE
:10DFF0000021E1620121204600F051FC0021C4F81B
:10E000006C118221204600F04AFC00212164D4F8E2
:10E01000B80250B1D4F8BC1248688047D4F8B802AE
:10E0200001F027F90020C4F8B802284670BD70B589
:10E030000546D5F8B842D5F8BC0278B194F800028C
:10E04000FF280BD094F8012294F80002D5F8BC12F6
:10E050008B6821469847FF2084F80002002070BD9D
:10E0600001460A2008800148704700004C0100204A
:10E07000014643200880014870470000D401002079
:10E0800001464320088001487047000090010020AD
:10E090000146432008800148704700001802002014
:10E0A0002DE9F04104460F460026207C88B94FF444
:10E0B000007302228121204600F03EFD0121E16231
:10E0C0004B020222204600F037FD0121C4F86C11FA
:10E0D0000FE0402302228121204600F02DFD012186
:10E0E000E16240230222204600F026FD0121C4F80F
:10E0F0006C11082303228221204600F01DFD01211E
:10E1000021644FF4077001F0B5F8C4F8B802D4F8F0
:10E11000B80208B901261CE0D4F8B852D4F8BC12F1
:10E12000086880470020C5F81402C5F81802207C52
:10E1300040B94FF4007301212046D5F8042200F0C5
:10E1400013FD06E0402301212046D5F8042200F00B
:10E150000BFD3046BDE8F08170B50446D4F8B852E6
:10E16000D4F8B80298B1207C40B94FF40073012173
:10E170002046D5F8042200F0F7FC06E040230121F8
:10E180002046D5F8042200F0EFFC002070BD0220EC
:10E19000FCE70246022011B1C2F8BC120020704711
:10E1A0000246D2F8B832C3F804120020704710B506
:10E1B0000346D3F8B842C4F80812C4F8102200206D
:10E1C00010BD2DE9FC4105460C46D5F8B86200208B
:10E1D000019000900027207800F0600040B32028D4
:10E1E0005FD1E088E0B1207800F0800060B1E28883
:10E1F0006078D5F8BC128B6831469847E288314682
:10E20000284600F0E6F812E0607886F80002A0796F
:10E2100086F80102E2883146284600F0B9F806E0A7
:10E220006078D5F8BC1200228B68214698473EE002
:10E23000607820B10A2812D00B282AD11FE095F867
:10E240009C02032805D102226946284600F0C1F845
:10E2500004E02146284600F08FF802271FE095F8D9
:10E260009C02032805D1012201A9284600F0B1F83B
:10E2700004E02146284600F07FF802270FE095F8D9
:10E280009C02032804D02146284600F075F8022796
:10E2900005E02146284600F06FF8022700BF00BFC6
:10E2A00005E02146284600F067F8022700BF00BFBE
:10E2B0003846BDE8FC8170B50546D5F8B842D5F8BA
:10E2C000B802A8B1D4F8140280B90120C4F814022D
:10E2D000D4F810122963B4F8100283B281212846C1
:10E2E000D4F8082200F01CFD002070BD0120FCE7DE
:10E2F0000220FAE770B504460D46D4F8B402294668
:10E30000426820469047002070BD70B504460D4617
:10E3100094F89C02012804D0022803D003280CD1D1
:10E3200001E000BF00BF6888012805D10020C4F8C3
:10E33000A402204600F05EF804E02946204600F0E2
:10E340001BF800BF00BF70BD70B506460C461546F1
:10E350002B4622460021304600F006FC002070BD0E
:10E3600070B506460C4615462B462246002130461F
:10E3700000F0D6FC002070BD70B504460D4680212B
:10E38000204600F0A1FC0021204600F09DFC70BD5D
:10E3900070B504460E4615460320C4F894024FF4A7
:10E3A000AE700551001D05512B4632460021204616
:10E3B00000F0DAFB002070BD10B504460520C4F85B
:10E3C000940200231A461946204600F0CDFB002097
:10E3D00010BD70B504460E4615460220C4F89402DE
:10E3E000E56125622B4632460021204600F098FC6C
:10E3F000002070BD10B504460420C4F89402002328
:10E400001A461946204600F08BFC002010BD000083
:10E4100070B505460C462DB92246064906A000F007
:10E42000D3F904E02246034903A000F0CDF90148E6
:10E4300070BD0000880E002043444320436F6E6689
:10E4400069670000024612200880014870470000FA
:10E45000DC00002070B505460C462DB92246064961
:10E4600006A000F0B1F904E02246034903A000F041
:10E47000ABF9014870BD0000880E002043444320E2
:10E48000496E74657266616365000000024604208F
:10E490000880014870470000F000002070B5054674
:10E4A0000C462246024903A000F08EF9004870BDD8
:10E4B000880E00204A6168616E476F737461720054
:10E4C00070B505460C462DB92246064906A000F057
:10E4D0007BF904E02246034903A000F075F90148E6
:10E4E00070BD0000880E00204A6168616E476F733E
:10E4F000746172506F72740070B505460C461A2034
:10E500002080F8F74BF9014870BD0000F4000020AE
:10E5100070B504460D46E888012804D029462046F7
:10E52000FFF72AFF1EE094F89C02012804D002287D
:10E5300003D0032810D109E000BF0020A060012211
:10E5400004F108012046FFF744FF0AE00122211DE3
:10E550002046FFF73EFF04E029462046FFF70CFF68
:10E5600000BF00BF70BDF8B504460E460020009005
:10E570000027002570880012082875D2DFE800F017
:10E58000C7040C20C7C7A5B5207CD4F8B0120A6810
:10E59000694690470746C1E0207C40B9D4F8B402F0
:10E5A000816A6846884707460220787007E0D4F8F9
:10E5B000B402C16A68468847074602207870ADE019
:10E5C000B078062878D2DFE800F00316293C5063C3
:10E5D000D4F8B002406838B1207CD4F8B0124A6850
:10E5E00069469047074605E031462046FFF7C4FEDE
:10E5F000681CC5B267E0D4F8B002806838B1207CEE
:10E60000D4F8B0128A6869469047074605E031465B
:10E610002046FFF7B1FE681CC5B254E0D4F8B00242
:10E62000C06838B1207CD4F8B012CA6869469047F7
:10E63000074605E031462046FFF79EFE681CC5B23E
:10E6400041E0D4F8B002006938B1207CD4F8B012AF
:10E650000A6969469047074605E031462046FFF7BC
:10E660008BFE681CC5B22EE051E0D4F8B0024069C0
:10E6700038B1207CD4F8B0124A6969469047074601
:10E6800005E031462046FFF777FE681CC5B21AE068
:10E69000D4F8B002806940B1207CD4F8B0128A6905
:10E6A00069469047074606E006E031462046FFF7F8
:10E6B00063FE681CC5B206E031462046FFF75CFEEB
:10E6C000681CC5B200BF00BF28E0207C30B9D4F878
:10E6D000B402416B68468847074605E0314620464C
:10E6E000FFF74AFE681CC5B218E0207C40B9D4F898
:10E6F000B402016B6846884707460720787005E03A
:10E7000031462046FFF738FE681CC5B206E03146A8
:10E710002046FFF731FE681CC5B200BF00BF05B13F
:10E72000F8BDBDF8000088B1F08878B1F088BDF878
:10E730000010884202DDBDF8000000E0F088009083
:10E74000BDF8002039462046FFF743FEF08810B997
:10E750002046FFF74FFE00BFE2E70146002002E03F
:10E76000421CD0B2491C0A78002AF9D1704770B512
:10E7700004460D4694F89C02012804D0022803D0D8
:10E7800003281AD101E000BF00BFE888022804D0A6
:10E7900029462046FFF7F0FD14E00120E060D4F8A0
:10E7A000A40218B1E06840F00200E060022204F127
:10E7B0000C012046FFF70DFE04E029462046FFF736
:10E7C000DBFD00BF00BF70BD2DE9F04104460D46E2
:10E7D00017460026FCB12046FFF7BFFF022101EBE0
:10E7E000400038803A783046711CCEB22A54032259
:10E7F0003046711CCEB22A540AE014F8012B304680
:10E80000711CCEB22A5400223046711CCEB22A545A
:10E8100020780028F1D1BDE8F0810146002031B117
:10E82000012906D0022906D0032908D105E00020DD
:10E8300007E0022005E0012003E0022001E00220C1
:10E8400000BF00BF704770B504460D4616460CB9B0
:10E85000022070BDD4F8B40210B10020C4F8B40294
:10E860000DB1C4F8B052012084F89C0226702046F5
:10E8700000F004F90020ECE72DE9F04104460D46D4
:10E88000002600272946D4F8C002F8F7BBFF064649
:10E890003046FFF7C2FF07463846BDE8F0812DE954
:10E8A000F04104460D46002600272946D4F8C00250
:10E8B000F8F773FF06463046FFF7AFFF07463846C6
:10E8C000BDE8F0812DE9F04104460E461746002EC2
:10E8D00064D104F11405D4F89402022848D1D5E992
:10E8E0000301884210D9D5E90301401AE860A889DC
:10E8F00082B239462046FFF733FD00231A461946F7
:10E90000204600F031F93EE02969A868B0FBF1F239
:10E9100001FB1200B8B92969A868884213D3A86816
:10E92000D4F8981288420ED2002211462046FFF7F2
:10E9300017FD0020C4F8980200231A461946204605
:10E9400000F012F91FE0D4F8B402C06840B194F8A6
:10E950009C02032804D1D4F8B402C1682046884739
:10E960008021204600F0B0F92046FFF725FD0AE09F
:10E97000D4F89402042802D0D4F8940218B9802163
:10E98000204600F0A1F994F8A002012818D12046F1
:10E9900000F0FAF9002084F8A00211E0D4F8B402E3
:10E9A000406950B194F89C02032806D1D4F8B4020F
:10E9B000314642692046904702E00220BDE8F081DE
:10E9C0000020FBE72DE9F04104460E461746BEBB8A
:10E9D00004F5AA75D4F89402032825D1D5E90301DA
:10E9E000884210D9D5E90301401AE860D5E903014E
:10E9F000884201D2E86800E0286982B239462046A0
:10EA0000FFF7A2FC2FE0D4F8B402006940B194F8FB
:10EA10009C02032804D1D4F8B40201692046884737
:10EA20002046FFF7E7FC1EE0D4F8940205281AD12F
:10EA30000020C4F894020021204600F045F912E0BD
:10EA4000FFE7D4F8B402806950B194F89C0203281F
:10EA500006D1D4F8B402314682692046904702E0DC
:10EA60000220BDE8F0810020FBE770B504460D46AA
:10EA70002946D4F8C002F9F743FA70BD10B5044630
:10EA80001D48C0F8E842C4F8C0021C481A49086092
:10EA90000820486002211848816000218161C1611D
:10EAA0000162F9F704FC08B1F7F71AF904F53074BC
:10EAB0001823002211462068F8F72CFE5823002264
:10EAC00080212068F8F726FEC023002281212068DB
:10EAD000F8F720FE4FF48873002201212068F8F730
:10EAE00019FE2068A4F530744FF48073002282214F
:10EAF000F8F710FE002010BD58180020005C004000
:10EB000010B50246D2F8C03201F08000802809D149
:10EB100001F07F0000EB800403F1280000EBC4004B
:10EB2000807810BD01F07F0000EB800403F5B47025
:10EB300000EBC4008078F4E72DE9F04704460F4667
:10EB400015461E464FF00008C1462B463246394650
:10EB5000D4F8C002F9F7DFF980464046FFF75DFEC2
:10EB600081464846BDE8F0872DE9F04704460D464A
:10EB700016461F464FF00008C1463B46324629461E
:10EB8000D4F8C002F9F70DFA80464046FFF745FE7B
:10EB900081464846BDE8F08710B504464023002270
:10EBA00011462046FFF7C8FF01214FF4AC70015118
:10EBB00040214FF4B27001514023002280212046B1
:10EBC000FFF7BAFF0121A16140216162012084F8B1
:10EBD0009C020020C4F894026060C4F8A402D4F837
:10EBE000B80228B12179D4F8B4024268204690478F
:10EBF000002010BD014691F89C02042803D191F831
:10EC00009D0281F89C020020704710B5044694F8DC
:10EC10009C02032808D1D4F8B402C06920B1D4F80A
:10EC2000B402C16920468847002010BD0246117415
:10EC3000002070472DE9F04104460D4600260027CC
:10EC40002946D4F8C002F9F721FC06463046FFF702
:10EC5000E4FD07463846BDE8F08170B504460D4630
:10EC6000294604F52A7000F073F80120C4F89402D4
:10EC700040F2AE20005BC4F8980294F8A80200F0BD
:10EC80001F0020B1012808D0022812D10BE004F5A2
:10EC90002A71204600F041F913E004F52A7120465C
:10ECA00000F0A8FA0DE004F52A71204600F086F97C
:10ECB00007E094F8A80200F08001204600F004F874
:10ECC00000BF00BF002070BD2DE9F04104460D4695
:10ECD000002600272946D4F8C002F9F788F906462D
:10ECE0003046FFF79AFD07463846BDE8F08170B51B
:10ECF000044600250026D4F8C002F9F7EBFB0546D0
:10ED00002846FFF78AFD0646304670BD014691F859
:10ED10009C0281F89D02042081F89C02002070472B
:10ED20002DE9F04704460D4616461F464FF00008F1
:10ED3000C1463B4632462946D4F8C002F9F79BF952
:10ED400080464046FFF769FD81464846BDE8F087AA
:10ED50000A7802704A7842708B78CA7803EB0222F4
:10ED600042800B794A7903EB022282808B79CA793F
:10ED700003EB0222C28070470246002011B1C2F8A4
:10ED8000B41200E00220704701460020704770B5C1
:10ED900004460D46A88810BBE88800BB6888802818
:10EDA0001DD2A87800F07F0694F89C02032804D1B5
:10EDB00029462046FFF7E0FA15E084F89E623146C6
:10EDC0002046FFF737FF2046FFF714FB1EB1022055
:10EDD00084F89C0207E0012084F89C0203E02946A5
:10EDE0002046FFF7C9FA70BD70B504460D460226ED
:10EDF000D4F8B40238B1D4F8B402294602682046E7
:10EE0000904700B90026304670BD000070B504463A
:10EE10000D46A8783649087008460078012804DDB8
:10EE200029462046FFF7A8FA60E094F89C020228E1
:10EE300002D003284FD11CE02D480078A8B12C48FF
:10EE400000786060032084F89C02294801782046FD
:10EE5000FFF7CAFF022804D129462046FFF78CFAA3
:10EE600070BD2046FFF7C6FA02E02046FFF7C2FA5F
:10EE70003BE01F48007870B9022084F89C021C48CF
:10EE8000007860601A4801782046FFF733FA204680
:10EE9000FFF7B0FA1EE0164909786068884216D07C
:10EEA00021792046FFF726FA114800786060104863
:10EEB00001782046FFF798FF022804D12946204612
:10EEC000FFF75AFACCE72046FFF794FA02E0204613
:10EED000FFF790FA09E029462046FFF74DFA04486B
:10EEE00001782046FFF706FA00BF00BF00BFB7E772
:10EEF0004801002070B505460C466088012804D101
:10EF0000C5F8A4022846FFF775FA70BD10B504468F
:10EF10002046FFF7ECFE002010BD70B505460C46FC
:10EF20000026207800F0600060B1202802D0402840
:10EF30003CD100E000BFD5F8B402214682682846E3
:10EF4000904738E060780A2829D2DFE800F01923DA
:10EF5000281E280A0528140F21462846FFF703FB20
:10EF600022E021462846FFF712FF1DE021462846F1
:10EF7000FFF74CFF18E021462846FFF7C9FA13E0D7
:10EF800021462846FFF7F3FB0EE021462846FFF70F
:10EF9000B1FF09E021462846FFF7B7F904E0214612
:10EFA0002846FFF7E9F900BF00BF04E021462846E4
:10EFB000FFF7E2F900BF00BF304670BD2DE9F04118
:10EFC00005460E464FF000083479307800F06000B6
:10EFD00060B1202802D0402871D100E000BFD5F8F0
:10EFE000B402314682682846904700E1307800F04C
:10EFF0006000202809D1D5F8B4023146826828463D
:10F00000904780464046BDE8F081707800285ED089
:10F0100001282FD0032876D195F89C02022802D02F
:10F02000032820D110E054B1802C08D02146284676
:10F03000FFF74AFE80212846FFF746FE03E03146EF
:10F040002846FFF799F913E0708840B93CB1802C4D
:10F0500005D0F08818B921462846FFF735FE284626
:10F06000FFF7C8F904E031462846FFF785F900BFED
:10F0700000BFB5E095F89C02022802D003281FD1FA
:10F0800010E054B1802C08D021462846FFF71CFE22
:10F0900080212846FFF718FE03E031462846FFF797
:10F0A0006BF912E0708848B904F07F0018B121466E
:10F0B0002846FFF7E1FB2846FFF79CF905E091E0C1
:10F0C00031462846FFF758F900BF00BF88E095F8A1
:10F0D0009C02022802D0032876D126E034B1802C8D
:10F0E00004D031462846FFF747F972E004F080006B
:10F0F000802809D104F07F0000EB800105F11400A5
:10F1000000EB810008E066E004F07F0000EB800186
:10F1100005F5AA7000EB8100074600203860022246
:10F1200039462846FFF755F953E004F0800080285F
:10F130000ED104F00F0000EB800105F1140000EB8C
:10F140008100406898B931462846FFF715F940E03C
:10F1500004F00F0000EB800105F5AA7000EB8100C0
:10F16000406820B931462846FFF706F931E004F03F
:10F170008000802808D104F07F0000EB800105F1B9
:10F18000140000EB810007E004F07F0000EB800139
:10F1900005F5AA7000EB810007460CB1802C02D166
:10F1A0000020386009E021462846FFF7A9FC10B18D
:10F1B0000120386001E000203860022239462846EC
:10F1C000FFF707F905E0FFE731462846FFF7D4F8D7
:10F1D00000BF00BF04E031462846FFF7CDF800BF6E
:10F1E00000BF04E031462846FFF7C6F800BF00BF65
:10F1F000404608E770B505460C460026207800F02A
:10F20000600030B1202802D040282AD100E000BFA1
:10F2100000BF95F89C02012804D0022803D00328DF
:10F2200018D101E000BF00BF207901280DDCD5F81E
:10F23000B40221468268284690470646E08840B9D5
:10F240003EB92846FFF7D6F803E021462846FFF7E7
:10F2500093F804E021462846FFF78EF800BF00BF70
:10F2600004E021462846FFF787F800BF00BF0020D2
:10F2700070BD70470146014870470000441B0020E4
:10F28000F0B5024600260878400032F8100048F633
:10F290008F1400EA0403C87830B101280CD002288A
:10F2A00005D003280BD104E043F4007309E000BF4C
:10F2B00007E043F4C06304E043F4806301E0012607
:10F2C00000BF00BF43F4004040F080000C786400B1
:10F2D00022F8140000BF0C78640032F8144048F69D
:10F2E0008F752C400D7844EA050040F4004444F04A
:10F2F00080040D786D0022F8154000BF087B0028BF
:10F300007ED14878002852D000BF1046B2F8505045
:10F3100028440D7800F5806707EB0514CD886D1043
:10F320006D00258000BF00BF0C78640032F8140027
:10F3300000F040048CB100BF0D786D0032F815501C
:10F3400048F68F7705EA070444F4004545F0C00508
:10F350000F787F0022F8175000BF00BFC87801283F
:10F3600013D000BF0C78640032F8144048F6BF7523
:10F3700004EA050080F0200040F4004444F08004DA
:10F380000D786D0022F815409EE100BF0C786400F6
:10F3900032F8144048F6BF7504EA050040F4004412
:10F3A00044F080040D786D0022F815408CE100BF18
:10F3B0001046B2F8505028440D78042707EBC505D5
:10F3C00000F5806707EB4504CD886D106D00258042
:10F3D00000BF00BF1546B2F8504025440C78062700
:10F3E00007EBC40405F5806707EB4404204600BF23
:10F3F0000F6967B9078848F2FF3C07EA0C0700E08D
:10F4000057E00780078847F4004707801EE00F6930
:10F410003E2F0DD800BF0F697C080F7C07F0010755
:10F4200007B1641C4FF6FF7707EA842707800DE0D9
:10F4300000BF0F697C090F7C07F01F0707B9641E26
:10F440004FF4004747EA8427078000BF00BF00BF92
:10F4500000BF0C78640032F8140000F480448CB1D2
:10F4600000BF0D786D0032F8155048F68F7705EA29
:10F47000070444F4004545F481450F787F0022F8E5
:10F48000175000BF00BF00BF0C78640032F8144072
:10F490004BF68F7504EA050080F4805080F400502C
:10F4A00040F4004444F080040D786D0022F81540CB
:10F4B0000AE100BF0C78640032F8144048F68F75FA
:10F4C00004EA050040F4004444F4C0740D786D0073
:10F4D00022F8154000BF00BF00BF00BF1046B2F8C1
:10F4E000505028440D7800F5806707EB05140D890E
:10F4F0006D106D00258000BF00BF00BF00BF10462B
:10F50000B2F8505028440D78042707EBC50500F5E4
:10F51000806707EB45044D896D106D00258000BFA5
:10F5200000BF00BF487800285DD100BF0C786400A0
:10F5300032F8140000F480448CB100BF0D786D00E7
:10F5400032F8155048F68F7705EA070444F4004571
:10F5500045F481450F787F0022F8175000BF00BFA7
:10F5600000BF0C78640032F8140000F040048CB145
:10F5700000BF0D786D0032F8155048F68F7705EA18
:10F58000070444F4004545F0C0050F787F0022F8D9
:10F59000175000BF00BF00BF0C78640032F8144061
:10F5A0004BF68F7504EA050080F4805080F400501B
:10F5B00040F4004444F080040D786D0022F81540BA
:10F5C00000BF00BF0C78640032F8144048F6BF75E5
:10F5D00004EA050040F4004444F080040D786D0016
:10F5E00022F8154070E000BF0C78640032F8140077
:10F5F00000F480448CB100BF0D786D0032F81550D6
:10F6000048F68F7705EA070444F4004545F4814540
:10F610000F787F0022F8175000BF00BF00BF0C78A2
:10F62000640032F8140000F040048CB100BF0D7883
:10F630006D0032F8155048F68F7705EA070444F458
:10F64000004545F0C0050F787F0022F8175000BF35
:10F6500000BFC878012813D000BF0C78640032F8CE
:10F66000144048F6BF7504EA050080F0200040F41D
:10F67000004444F080040D786D0022F8154011E03C
:10F6800000BF0C78640032F8144048F6BF7504EAF5
:10F69000050040F4004444F080040D786D0022F829
:10F6A000154000BF00BF0C78640032F814404BF6E0
:10F6B0008F7504EA050040F4004444F080040D789E
:10F6C0006D0022F8154000BF3046F0BD10B504466D
:10F6D000002010BD30B50246087B00285BD1487879
:10F6E00060B300BF0B785B0032F8130000F04003FA
:10F6F0008BB100BF0C78640032F8144048F68F7567
:10F7000004EA050343F4004444F0C0040D786D009E
:10F7100022F8154000BF00BF00BF0B785B0032F835
:10F72000133048F6BF7403EA040040F4004343F08A
:10F7300080030C78640022F8143007E100BF0B78D6
:10F740005B0032F8130000F480438BB100BF0C78EB
:10F75000640032F8144048F68F7504EA050343F458
:10F76000004444F481440D786D0022F8154000BF38
:10F7700000BF00BF0B785B0032F813304BF68F747C
:10F7800003EA040040F4004343F080030C78640073
:10F7900022F81430DAE0487800286BD100BF0B78EB
:10F7A0005B0032F8130000F480438BB100BF0C788B
:10F7B000640032F8144048F68F7504EA050343F4F8
:10F7C000004444F481440D786D0022F8154000BFD8
:10F7D00000BF00BF0B785B0032F8130000F040035D
:10F7E0008BB100BF0C78640032F8144048F68F7576
:10F7F00004EA050343F4004444F0C0040D786D00AE
:10F8000022F8154000BF00BF00BF0B785B0032F844
:10F81000133048F68F7403EA040040F4004343F0C9
:10F82000C0030C78640022F8143000BF00BF0B78CE
:10F830005B0032F813304BF68F7403EA040040F497
:10F84000004343F080030C78640022F8143000BFBA
:10F8500000BF0B785B0032F8133048F6BF7403EA40
:10F86000040040F4004343F080030C78640022F865
:10F8700014306BE000BF0B785B0032F8130000F42B
:10F8800080438BB100BF0C78640032F8144048F616
:10F890008F7504EA050343F4004444F481440D7871
:10F8A0006D0022F8154000BF00BF00BF0B785B0061
:10F8B00032F8130000F040038BB100BF0C786400F5
:10F8C00032F8144048F68F7504EA050343F4004407
:10F8D00044F0C0040D786D0022F8154000BF00BF51
:10F8E00000BF0B785B0032F8133048F68F7403EAE0
:10F8F000040040F4004343F481430C78640022F890
:10F90000143000BF00BF0B785B0032F8133048F6AC
:10F91000BF7403EA040040F4004343F080030C7812
:10F92000640022F8143000BF00BF0B785B0032F88F
:10F9300013304BF68F7403EA040040F4004343F0A5
:10F9400080030C78640022F8143000BF002030BD22
:10F9500001460020704701460020704710B504465C
:10F96000012024F8400F00202080A0802082403C0D
:10F9700010BD01464FF43F42B1F840009043A1F85A
:10F9800040000020704702460020704730B5024614
:10F99000087B002865D1487888B300BF0B785B00EE
:10F9A00032F8130000F040038BB100BF0C78640004
:10F9B00032F8144048F68F7504EA050343F4004416
:10F9C00044F0C0040D786D0022F8154000BF00BF60
:10F9D000C878012845D000BF0B785B0032F813309F
:10F9E00048F6BF7403EA040080F0200040F40043AE
:10F9F00043F080030C78640022F8143031E0FFE714
:10FA000000BF0B785B0032F8130000F480438BB129
:10FA100000BF0C78640032F8144048F68F7504EA91
:10FA2000050343F4004444F481440D786D0022F84A
:10FA3000154000BF00BF00BF0B785B0032F81330E9
:10FA40004BF68F7403EA040080F4805080F4005079
:10FA500040F4004343F080030C78640022F8143033
:10FA600000BF002030BD10B50246487898B100BFF5
:10FA70000B785B0032F8133048F6BF7403EA0400D9
:10FA800080F0100040F4004343F080030C786400E1
:10FA900022F8143013E000BF0B785B0032F813300B
:10FAA0004BF68F7403EA040080F4805040F4004366
:10FAB00043F080030C78640022F8143000BF00206B
:10FAC00010BD2DE9F04706460C466078012876D136
:10FAD0002169A069884201D9256900E0A569207BD8
:10FAE000A0B9ABB2E2883046616900F0F4FD00BF16
:10FAF0003046B6F8502010442278022303EBC202AD
:10FB000000F5806303EB42010D8081E3E078022879
:10FB10007DD12169206A88427AD900BF21784900C5
:10FB200036F8111048F68F7201EA020040F40041E5
:10FB300041F4C0712278520026F8121000BF206AEA
:10FB4000401B20622078400036F8100000F0400092
:10FB500000287DD000BF3346607888BB00BF3246A6
:10FB6000B6F850100A4421784FF0060909EBC1019C
:10FB700002F5806909EB4101084600BF75B9B0F88C
:10FB8000009048F2FF3A09EA0A09A0F80090B0F89C
:10FB9000009049F40049A0F8009021E03E2D10D8D3
:10FBA00000BF690805F00109B9F1000F00D0491C38
:10FBB0004FF6FF7909EA8129A0F8009010E03DE3B3
:10FBC00010E000BF690905F01F09B9F1000F00D16D
:10FBD000491E4FF4004949EA8129A0F8009000BF6E
:10FBE00000BF0FE0607801280CD1B6F85000034444
:10FBF0002078062101EBC00003F5806101EB400C89
:10FC0000ACF8005000BF6789ABB23A4601E057E15B
:10FC10002CE13046616900F05EFD60692844606156
:10FC20002169206A884203D9206A401B206202E0D1
:10FC3000256A0020206200BF6078C0BB00BF32464A
:10FC4000B6F850100A442178022303EBC10100E00A
:10FC500049E002F5806303EB4101084600BF55B956
:10FC6000038848F2FF3C03EA0C030380038843F453
:10FC70000043038019E03E2D0BD800BF690805F052
:10FC8000010303B1491C4FF6FF7303EA812303808C
:10FC90000BE000BF690905F01F0303B9491E4FF4CB
:10FCA000004343EA8123038000BF00BF12E0FFE767
:10FCB000607801280ED100BF3046B6F850201044BD
:10FCC0002278022303EBC20200F5806303EB4201BA
:10FCD0000D8000BF00BF2789ABB23A46304661694C
:10FCE00000F0F9FC94E200BF6078B0BB00BF324680
:10FCF000B6F850100A442178022303EBC10102F543
:10FD0000806303EB4101084600BF55B9038848F200
:10FD1000FF3C03EA0C030380038843F400430380A1
:10FD200019E03E2D0BD800BF690805F0010303B1AF
:10FD3000491C4FF6FF7303EA812303800BE000BFE9
:10FD4000690905F01F0303B9491E4FF4004343EA54
:10FD50008123038000BF00BF12E0FFE76078012825
:10FD60000ED100BF3046B6F850201044227802234E
:10FD700003EBC20200F5806303EB42010D8000BF7C
:10FD800000BF2789ABB23A463046616900F0A3FC58
:10FD90006069284460612169206A884203D9206A29
:10FDA000401B206202E0256A0020206200BF33462B
:10FDB000607880BB00BF3246B6F850100A44217804
:10FDC0004FF0060909EBC10102F5806909EB410119
:10FDD000084600BF75B9B0F8009048F2FF3A09EA4A
:10FDE0000A09A0F80090B0F8009049F40049A0F882
:10FDF000009020E03E2D0FD800BF690805F00109F2
:10FE0000B9F1000F00D0491C4FF6FF7909EA8129AA
:10FE1000A0F800900FE010E000BF690905F01F098D
:10FE2000B9F1000F00D1491E4FF4004949EA812978
:10FE3000A0F8009000BF00BF0FE0607801280CD14F
:10FE4000B6F8500003442078062101EBC00003F50A
:10FE5000806101EB400CACF8005000BF6789ABB289
:10FE60003A463046616900F036FCD1E1256A00BFB0
:10FE70002178490036F8111048F68F6201EA020035
:10FE800040F4004141F080012278520026F812101F
:10FE900000BF00BF3046B6F850201044227802233D
:10FEA00003EBC20200F5806303EB42010D8000BF4B
:10FEB0002789ABB23A463046616900F00CFCA7E1F5
:10FEC00000BF2178490036F8111048F68F7201EA18
:10FED000020040F4004141F4C0712278520026F83B
:10FEE000121000BF206A401B20622078400036F8C4
:10FEF000100000F0400000287DD000BF334660783D
:10FF000080BB00BF3246B6F850100A4421784FF04B
:10FF1000060909EBC10102F5806909EB41010846B8
:10FF200000BF75B9B0F8009048F2FF3A09EA0A0933
:10FF3000A0F80090B0F8009049F40049A0F80090B3
:10FF400020E03E2D0FD800BF690805F00109B9F186
:10FF5000000F00D0491C4FF6FF7909EA8129A0F86B
:10FF600000900FE010E000BF690905F01F09B9F12A
:10FF7000000F00D1491E4FF4004949EA8129A0F839
:10FF8000009000BF00BF0FE0607801280CD1B6F8E8
:10FF9000500003442078062101EBC00003F5806186
:10FFA00001EB400CACF8005000BF6789ABB23A4699
:10FFB0003046616900F08FFB606928446061216907
:10FFC000206A884203D9206A401B206202E0256A29
:10FFD00000202062002D56D000BF6078C0BB00BF5B
:10FFE0003246B6F850100A442178022303EBC101CF
:10FFF00002F5806300E047E003EB4101084600BFE3
:020000040801F1
:1000000055B9038848F2FF3C03EA0C0303800388D8
:1000100043F40043038019E03E2D0BD800BF69086C
:1000200005F0010303B1491C4FF6FF7303EA812376
:1000300003800BE000BF690905F01F0303B9491EE7
:100040004FF4004343EA8123038000BF00BF12E066
:10005000FFE7607801280ED100BF3046B6F8502087
:1000600010442278022303EBC20200F5806303EB05
:1000700042010D8000BF00BF2789ABB23A4630462F
:10008000616900F028FBC3E000BF6078B0BB00BF2F
:100090003246B6F850100A442178022303EBC1011E
:1000A00002F5806303EB4101084600BF55B90388A0
:1000B00048F2FF3C03EA0C030380038843F4004347
:1000C000038019E03E2D0BD800BF690805F001033D
:1000D00003B1491C4FF6FF7303EA812303800BE051
:1000E00000BF690905F01F0303B9491E4FF400431F
:1000F00043EA8123038000BF00BF12E0FFE760787E
:1001000001280ED100BF3046B6F8502010442278A6
:10011000022303EBC20200F5806303EB42010D8072
:1001200000BF00BF2789ABB23A463046616900F094
:10013000D2FA6069284460612169206A884203D943
:10014000206A401B206202E0256A00202062A5B3DD
:1001500000BF3346607888BB00BF3246B6F8501007
:100160000A4421784FF0060909EBC10102F58069C4
:1001700009EB4101084600BF75B9B0F8009048F29C
:10018000FF3A09EA0A09A0F80090B0F8009049F493
:100190000049A0F8009021E03E2D10D800BF69086A
:1001A00005F00109B9F1000F00D0491C4FF6FF79A5
:1001B00009EA8129A0F8009010E029E010E000BFD2
:1001C000690905F01F09B9F1000F00D1491E4FF46C
:1001D000004949EA8129A0F8009000BF00BF0FE064
:1001E000607801280CD1B6F850000344207806212D
:1001F00001EBC00003F5806101EB400CACF800504E
:1002000000BF6789ABB23A463046616900F063FAD5
:1002100000BF2178490036F8111048F6BF7201EA94
:10022000020080F0100080F0200040F4004141F016
:1002300080012278520026F8121005E2207BA0BB34
:100240002169A069884204D92569A069401BA06181
:1002500002E0A5690020A06100BF3246B6F8501048
:100260000A442178062303EBC10102F5806303EB06
:100270004101084600BF55B9038848F2FF3C03EA34
:100280000C030380038843F4004303801AE03E2DEF
:100290000CD800BF690805F0010303B1491C4FF6F3
:1002A000FF7303EA812303800CE00DE000BF6909BE
:1002B00005F01F0303B9491E4FF4004343EA8123AD
:1002C000038000BF00BFA9E1E07802287DD100BF14
:1002D00000BF6078E0BB00BF3246B6F850100A4459
:1002E0002178022303EBC10102F5806303EB410196
:1002F000084600BF236953B9038848F2FF3C03EA6C
:100300000C030380038843F4004303801EE0236949
:100310003E2B0DD800BF23695908237C03F001034D
:1003200003B1491C4FF6FF7303EA812303800DE0FC
:1003300000BF23695909237C03F01F0303B9491E39
:100340004FF4004343EA8123038000BF00BF13E062
:10035000FFE7607801280FD100BF3046B6F8502083
:1003600010442278022303EBC20200F5806303EB02
:100370004201228A0A8000BF00BF00BF3346607876
:10038000E8BB00BF3246B6F850100A4421784FF05F
:10039000060909EBC10102F5806909EB4101084634
:1003A00000BFD4F81090B9F1000F0FD1B0F8009051
:1003B00048F2FF3A09EA0A09A0F80090B0F8009064
:1003C00049F40049A0F800902EE06BE0D4F81090BA
:1003D000B9F13E0F14D800BFD4F810904FEA59017C
:1003E00094F8109009F00109B9F1000F00D0491CF0
:1003F0004FF6FF7909EA8129A0F8009014E015E092
:1004000000BFD4F810904FEA591194F8109009F0F9
:100410001F09B9F1000F00D1491E4FF4004949EA04
:100420008129A0F8009000BF00BF10E0607801288B
:100430000DD1B6F8500003442078062101EBC0002E
:1004400003F5806101EB400C208AACF8000000BF8E
:1004500000BFE069002824D02078400036F81080E2
:1004600008F4804010B108F0400038B908F480402A
:10047000002816D108F04000002812D100BF00BFAC
:100480002178490036F8111048F68F7201EA02000F
:1004900040F4004141F0C0012278520026F81210C9
:1004A00000BFBBE0E07801287CD12169A0698842C7
:1004B00004D92569A069401BA06102E0A56900205C
:1004C000A06100BF00BF6078B0BB00BF3246B6F885
:1004D00050100A442178022303EBC10102F5806326
:1004E00003EB4101084600BF55B9038848F2FF3CC1
:1004F00003EA0C030380038843F40043038019E0FC
:100500003E2D0BD800BF690805F0010303B1491C5B
:100510004FF6FF7303EA812303800BE000BF6909F4
:1005200005F01F0303B9491E4FF4004343EA81233A
:10053000038000BF00BF12E0FFE7607801280ED102
:1005400000BF3046B6F8502010442278022303EB57
:10055000C20200F5806303EB42010D8000BF00BFC3
:1005600000BF3346607890BB00BF3246B6F85010EB
:100570000A4421784FF0060909EBC10102F58069B0
:1005800009EB4101084600BF85B9B0F8009048F278
:10059000FF3A09EA0A09A0F80090B0F8009049F47F
:1005A000004900E037E0A0F8009020E03E2D0FD891
:1005B00000BF690805F00109B9F1000F00D0491C1E
:1005C0004FF6FF7909EA8129A0F800900FE010E0CA
:1005D00000BF690905F01F09B9F1000F00D1491EDC
:1005E0004FF4004949EA8129A0F8009000BF00BFFC
:1005F0000FE0607801280CD1B6F850000344207851
:10060000062101EBC00003F5806101EB400CACF862
:10061000005000BF02E00120BDE8F08700BF217854
:10062000490036F811104BF68F7201EA020080F48F
:10063000805080F4005040F4004141F08001227865
:10064000520026F8121000BF0020E5E70146002006
:10065000A1F844004FF43F42A1F840207047000049
:1006600010B50248F7F732FD10BD00005818002001
:100670000146B1F8440070472DE9F04304460E46A8
:1006800015464FEA530CA046304608F5806909EB41
:10069000450267460AE01188921C0170401C4FEA2F
:1006A000112980F80090401C921C7F1E002FF2D16F
:1006B00003F00109B9F1000F01D011880170BDE804
:1006C000F083024600207047024611B98020A2F84C
:1006D0004C00002070472DE9F04704460D461E46A9
:1006E00006F1010A4FEA5A08A146284609F5806A30
:1006F0000AEB420347460BE090F800C0401C90F81C
:1007000000A04CEA0A2119809B1C9B1C401C7F1EE8
:10071000002FF1D1BDE8F08700BFFEE738B5052016
:1007200000901420F6F7D8F80020044616E00D4893
:10073000005D062803D00B48005D15280BD1094841
:10074000055D00F075FE0A23012269460648F9F7A7
:100750002AFB284638BD601CC0B204461E2CE6DBCE
:1007600000BFF7E774070020800B002070B56426F7
:100770003220F6F7B1F81B48007808B9002070BDA8
:1007800018480078082801DA0020F8E71648407871
:10079000532801D00020F2E713488078462801D082
:1007A0000020ECE710488079032801D00020E6E71C
:1007B0000025002403E00C48005D4540641C072C24
:1007C000F9D30948C079A84201D00020D7E70648EC
:1007D000C478240200790444240203484079044484
:1007E0002046CCE748000020740700202DE9F04F98
:1007F0009BB0044600201790169020210EA8F5F714
:10080000BAF8002500260020059004900390FE49C8
:10081000086014B98DF83A000FE1162C66D1FB4838
:1008200090F802B08DF83AB09DF83A00642803DBE6
:1008300000201BB0BDE8F08F9DF83A00002801DAD7
:100840000020F6E7F148C0788DF83B00EF480079CA
:100850008DF83C00ED4840798DF83D004AF6AA201D
:10086000EB49096808609DF83B0000280FDB9DF804
:100870003C0001280BDB9DF83C000C2807DC9DF8B0
:100880003D00012803DB9DF83D001F2804DDE1A0A9
:1008900001F0BCFC0120CCE7DC4880798DF83E00FB
:1008A000DA48C0798DF83F009DF83E00172803DC38
:1008B0009DF83F003B2804DDD6A001F0A7FC0120F5
:1008C000B7E7D248007A8DF84000D048407A8DF8DA
:1008D00041009DF84000172803DC9DF841003B28AB
:1008E0009ADDCCA001F092FC0120A2E7172C93D056
:1008F000182C51D1C54880788DF83B00C348C0788A
:100900008DF83C00C14800798DF83D009DF83B0012
:1009100000280FDB9DF83C0001280BDB9DF83C0014
:100920000C2807DC9DF83D00012803DB9DF83D0005
:100930001F2804DDB7A001F069FC012079E7B34866
:1009400040798DF83E00B14880798DF83F009DF8E0
:100950003E00172803DC9DF83F003B2804DDADA0D6
:1009600001F054FC012064E7A848C0798DF84000EC
:10097000A648007A8DF841000020AB4908709DF828
:100980004000172803DC9DF841003B2855DDA1A05D
:1009900001F03CFC01204CE7192C4ED19B4880789B
:1009A0008DF83B009948C0788DF83C009748007955
:1009B0008DF83D009DF83B0000280FDB9DF83C00C2
:1009C00001280BDB9DF83C000C2807DC9DF83D005E
:1009D000012803DB9DF83D001F2804DD8DA001F0F8
:1009E00015FC012025E7894840798DF83E008748AD
:1009F00080798DF83F009DF83E00172803DC9DF8B4
:100A00003F003B2804DD83A001F000FC012010E73B
:100A10007E48C0798DF840007C48007A8DF841000E
:100A20009DF84000172803DC9DF841003B2804DDB9
:100A300078A001F0EBFB0120FBE64AF6AA207449FE
:100A4000096808602046E11704EB11610912A4EB64
:100A50000121C9B28DF83810E11704EB1161090AC0
:100A60008DF839100025002004E00EA9095C4D40E6
:100A7000411CC8B20F28F8DB8DF84750F6F7B0F9E3
:100A80008246BAE14AF6AA20614909680860F6F789
:100A9000A7F9A0EB0A0042F21071884204D963A0C2
:100AA00001F0B4FB0120C4E65748006890B15748F4
:100AB0000078632803D055480078432807D160A008
:100AC00001F0A4FB0020504908600120B1E600209D
:100AD0004D49086018A8F9F71BFD20B118A8F9F7CF
:100AE00017FD00B189E110210020F9F729FC70B150
:100AF00018A8F9F70DFD20B118A8F9F709FD00B104
:100B00007BE110210020F9F71BFC00B175E106A97B
:100B10000120F9F795FC00B16FE19DF81E00AB28AC
:100B200000D06AE19DF818709DF8190007EB0027C6
:100B30009DF81A809DF81B0008EB00289DF81C000A
:100B400008EB00489DF81D0008EB006807F4004022
:100B5000B0F5004F08D1C7F30E0746F629204740ED
:100B60004BF2A62088EA00084AF6AA20284909681C
:100B7000086039210420F9F7E3FB70B118A8F9F7F0
:100B8000C7FC20B118A8F9F7C3FC00B135E1392141
:100B90000420F9F7D5FB00B12FE106A91120F9F7E0
:100BA0004FFCC8B139210420F9F7CAFB70B118A86D
:100BB000F9F7AEFC20B118A8F9F7AAFC00B11CE1C6
:100BC00039210420F9F7BCFB00B116E106A9112078
:100BD000F9F736FC00B110E10025002004E006A979
:100BE000095C4D40411CC8B20F28F8DB4FF00009EA
:100BF0009DF82700A84205D19DF818909DF819008E
:100C000009EB002936E0000008000020E004002085
:100C1000E40900207B2243223A7B225374617475DD
:100C200073223A327D7D0A003E0000207B2243225F
:100C30003A7B22537461747573223A317D7D0A00C8
:100C40007B2252656365697665223A7B2253746123
:100C5000747573223A32367D2C2243223A7B225419
:100C6000797065223A2243616E73656C227D7D0A3C
:100C7000000000004AF6AA206049096808600020C8
:100C80005F49087048708870C870AB200871CD202B
:100C900048711220F9F762FC00B1AEE04C4547D034
:100CA00002A905A8F5F7A8FA0646012E04D102A963
:100CB00005A8F5F7A1FA06460598039016B15A2E35
:100CC00000D09AE0059878B301204E4908704E494B
:100CD00008704E490870B9F1170F02D0B9F1190F19
:100CE00002D10220494908700120494908700021B9
:100CF0000598F9F7A3FC002045490870434908709E
:100D0000404908704049087002A905A8F5F774FA2F
:100D10000646012E04D102A905A8F5F76DFA06468C
:100D20001EB15A2E01D068E002E0059800B164E0DF
:100D30002046E11704EB11610912A4EB0121C9B2AD
:100D40008DF83810E11704EB1161090A8DF839109C
:100D50008DF83AB000254AF6AA20284909680860AB
:100D6000002004E00EA9095C4D40411CC8B20F28C8
:100D7000F8DB8DF8475039210420F9F7E1FA70B11A
:100D800018A8F9F7C5FB20B118A8F9F7C1FB00B105
:100D900033E039210420F9F7D3FA00B12DE00EA990
:100DA0001120F9F7DBFBC8B139210420F9F7C8FAA3
:100DB00070B118A8F9F7ACFB20B118A8F9F7A8FB97
:100DC00000B11AE039210420F9F7BAFA00B114E0B1
:100DD0000EA91120F9F7C2FB00B10EE003990598A6
:100DE00043463A46CDE900010AA11A4800F044F80A
:100DF000184801F00BFA00201BE543E6E409002047
:100E0000F81D00205C0200205D0200205E02002030
:100E10006C0200207B2243223A7B2253746174755A
:100E200073223A302C225543223A25752C2249440C
:100E3000223A25752C22457465626172223A257525
:100E40002C22507265457465626172223A25757D67
:100E50007D0A0000D80700200FB4054B10B503A988
:100E6000044A029800F048F810BC5DF814FB00003A
:100E7000AD1501087C0200200FB4084B10B504A981
:100E800002AA039800F038F8044602A9002000F0F6
:100E900049F9204610BC5DF814FB0000251101083B
:100EA00002480068C0F30220704700000CED00E02B
:100EB00010B5002804DB0A07130E054A135406E098
:100EC0000A07140E034A00F00F031B1FD45410BD71
:100ED00000E400E018ED00E002E008C8121F08C1BD
:100EE000002AFAD170477047002001E001C1121FAB
:100EF000002AFBD1704700002DE9FF4F8BB09A46C6
:100F00000F460446002606E025280BD052460D99D0
:100F10009047641C761C20780028F5D10FB030462D
:100F2000BDE8F08F0025A94601227D4900E0054378
:100F300014F8013F203B02FA03F00842F7D1207871
:100F40002E2817D114F8010F45F004052A280ED0D9
:100F50006FF02F022078A0F1300109290AD809EB9F
:100F6000890102EB410100EB0109641CF2E757F82B
:100F7000049B641C20786C280DD004DC4C2812D013
:100F80006A2811D104E074280DD07A280CD10AE027
:100F900045F4001507E0617845F48015814202D1DF
:100FA000641C05F58015641C207869283ED006DC99
:100FB0000028B3D063280BD0642804D136E073280E
:100FC00010D075285CD052460D999047761CA5E04C
:100FD00017F8040B8DF8000000208DF80100E8469A
:100FE000012003E057F8048B4FF0FF3069074FF002
:100FF000000501D40AE06D1C4D450DDA8542FADB8F
:1010000018F805100029F6D106E06D1C8542FCDBBE
:1010100018F805100029F8D12E4404E018F8010B47
:1010200052460D9990476D1EF8D277E000200A9045
:10103000C5F302504FF00A0B02280CD001CFC117A4
:10104000021E71F100020CDA0023D0EB030063EB07
:1010500001012D2208E0FF1D27F00707F7E8020134
:10106000EEE72A0504D52B228DF82420012203E087
:10107000EA070FD02022F7E70DF12008089218E0C8
:1010800000200A90C5F302504FF00A0B022803D04B
:1010900001CF00210022EFE7FF1D27F00707F7E847
:1010A0000201F7E75A460A9BF4F777FC303208F85A
:1010B000012D50EA0102F5D1ADEB080000F1200B43
:1010C000680701D44FF00109D94502DDA9EB0B00F7
:1010D00000E000208146002506E009A85246405D58
:1010E0000D9990476D1C761C08988542F5DB04E04D
:1010F000302052460D999047761CB9F10001A9F1B4
:101100000109F5DC05E018F8010B52460D999047EE
:10111000761CBBF10001ABF1010BF4DC641CFAE6B8
:10112000092801000A68531C0B601070704700000A
:1011300010B50120F5F7D0FB0BA001F067F80020F7
:1011400016490860012016490870164908701649AA
:101150000870002015490870154908704FF4167181
:101160001448F4F708FC10BD7B225265636569766C
:1011700065223A7B22537461747573223A32367D4C
:101180002C2243223A7B2254797065223A22436111
:101190006E73656C227D7D0A000000001400002043
:1011A000490000204C0000204E000020600000207C
:1011B0004A000020E004002010B53AA001F026F813
:1011C000F5F780FA64380C2862D2DFE800F00639BF
:1011D0003D4145494D5155595D356420F5F77CFB3E
:1011E000F4F732FD64280CD14FF4FA70F5F774FB74
:1011F000F4F7ECFC64281ED131A001F007F80020C0
:1012000010BD4FF4FA70F5F767FBF4F71DFD642885
:101210000CD14FF4FA70F5F75FFBF4F7D7FC6428B4
:1012200009D127A000F0F2FF0020E9E72AA000F092
:10123000EDFF0120E4E72FE02DA000F0E7FF2BE019
:1012400031A000F0E3FF27E035A000F0DFFF23E04E
:1012500039A000F0DBFF1FE03DA000F0D7FF1BE04E
:101260001DA000F0D3FF17E03FA000F0CFFF13E078
:1012700043A000F0CBFF0FE047A000F0C7FF0BE05A
:101280004BA000F0C3FF07E04FA000F0BFFF03E05A
:1012900053A000F0BBFF00BF00BF002056490870FC
:1012A00000BFADE77B2252656365697665223A7BB4
:1012B00022537461747573223A32367D7D0A0000C0
:1012C0007B22444953223A7B225374617475732202
:1012D0003A3130307D7D0A007B22444953223A7BEB
:1012E00022537461747573223A3130357D7D0A0062
:1012F0007B22444953223A7B2253746174757322D2
:101300003A3131317D7D0A007B22444953223A7BB8
:1013100022537461747573223A3130317D7D0A0035
:101320007B22444953223A7B2253746174757322A1
:101330003A3130327D7D0A007B22444953223A7B88
:1013400022537461747573223A3130337D7D0A0003
:101350007B22444953223A7B225374617475732271
:101360003A3130347D7D0A007B22444953223A7B56
:1013700022537461747573223A3130367D7D0A00D0
:101380007B22444953223A7B225374617475732241
:101390003A3130377D7D0A007B22444953223A7B23
:1013A00022537461747573223A3130387D7D0A009E
:1013B0007B22444953223A7B225374617475732211
:1013C0003A3130397D7D0A007B22444953223A7BF1
:1013D00022537461747573223A3131307D7D0A0075
:1013E0007B22444953223A7B2253746174757322E1
:1013F0003A3131327D7D0A00E0040020014601F0DF
:10140000030090B96420B1FBF0F200FB121050B958
:101410004FF4C870B1FBF0F200FB121008B90120C4
:1014200070470020FCE70120FAE70020F8E7000001
:1014300010B51E210348F4F79EFA002002490870F7
:1014400010BD0000740700204800002010B586B0D1
:101450000446F5F70FFB012004900F48039000208D
:1014600001900120029005A901A8F5F749FA78B981
:10147000F5F79EFA0598401C10B1002006B010BD8B
:1014800024B9FF2210210548F4F76EFA0120F5E790
:10149000F5F78EFA0020F1E740540008881D00207F
:1014A00000B500221021104600F002F800BD000037
:1014B00030B503465818402801D9002030BD1846E1
:1014C0000FE02AB1094C044494F840441470521CB3
:1014D000102805D2054C044494F84044044D2C5483
:1014E000401CCC188442ECD80120E7E700500008EB
:1014F000881D00202DE9F04706468946154606EB73
:101500000900402802D90020BDE8F0870DB900206D
:10151000FAE7F5F7AFFA002413E02A5D601C285CB7
:1015200042EA0020C3170746A019094A81183A4623
:101530000120F5F747FA18B1F5F73AFA0020E3E78A
:10154000A41C4C45E9D3F5F733FA0120DCE7000091
:101550004054000810B506A000F058FE00201149C4
:1015600008704FF416711048F4F705FA10BD00002A
:101570007B2252656365697665223A7B22537461EA
:10158000747573223A32367D2C2243223A7B2254E0
:10159000797065223A22457465626172227D7D0A06
:1015A0000000000049000020E004002013B50C46B4
:1015B00001216846F4F7ECFA0120F5F78DF900985F
:1015C0001CBD000010B5002821D0114B0022001FC7
:1015D000196803E0814203D80A4649680029F9D115
:1015E00052B11368841A9C4204D1006818441060F8
:1015F000104602E0506000E0186039B102680B1A32
:10160000934203D10B681A4402604968416010BDDF
:101610008002002000B585B00120F5F75DF90022B9
:1016200015491648F7F78EFC002215491348F7F7BD
:101630002BFC1348007812498978114A5278104BD4
:10164000DB78CDE90132CDE903100B4880780090BA
:101650000948437802780BA11948FFF70DFC184898
:1016600000F0D4FD0120F5F737F94FF41671154855
:10167000F4F781F905B000BDB8000020440A00204D
:10168000BB0000207B2254223A7B2248223A256468
:101690002C224D223A25642C2253223A25642C22F6
:1016A00059223A25642C226D223A25642C224422A8
:1016B0003A25642C2257223A25647D7D0A000000D9
:1016C00038070020E004002038B504460D460A2003
:1016D0002B462246482100900248F5F76FFC02494C
:1016E000087038BDF00900208400002038B5044699
:1016F0000D460A202B462246482100900248F5F765
:1017000009FE0249087038BDF0090020840000205D
:1017100070B504460D46002617E0012251020C4820
:10172000F5F758FB2846F5F7D7F800224FF400717B
:101730000748F5F74FFB2846F5F7CEF8012251028E
:101740000348F5F747FB701CC6B2A642E5DB70BD47
:101750000008014088B0F5F717FFFCF739F9F9F7F1
:1017600039FAF9F7E5FAF9F7FBFAF9F71DFBF9F79A
:10177000ABFA6420F5F7B0F8F9F74CFBF9F762FB28
:10178000F9F77CFBF9F7C0FAF748F7F741FFF7489C
:101790000068C06840F02000F4490968C8600A2069
:1017A000F5F79AF8F2480068C06840F02000F04968
:1017B0000968C860EF480068C06840F02000ED4943
:1017C0000968C8600020EC490860FAF7C3FEF9F721
:1017D000F7F9FFF765FE1E210720FFF799FF4FF489
:1017E0007A70F5F779F8F9F765FB4FF47A70F5F749
:1017F00073F800224FF40041E048F5F7EBFA40F2AD
:10180000E970F5F769F80122D103DC48F5F7E2FA4F
:101810000120DB490870E5E2DA48007858B1FAF7B0
:1018200099FE4AF6AA20D84909680860F9F74CFAE7
:101830000120F5F751F84AF6AA20D3490968086053
:10184000F9F7BEF9D1480068002871D00120F5F7FA
:1018500043F8CF4800785A286BD01CDC2A2869D07E
:101860000CDC032867D004DC012876D0022870D174
:1018700079E012286ED02328F9D199E047286AD060
:1018800004DC452868D04628F1D1DBE04E2870D032
:101890005628ECD11CE0702877D00CDC67286AD081
:1018A00004DC632868D06628E1D1BBE0682873D0E7
:1018B0006E28DCD1AEE0752810D004DC722813D07D
:1018C0007328D4D1A0E0802836D08128CFD139E048
:1018D00000F0B8FC0120AF490870CDE000F050FEE8
:1018E0000120AC490870C7E0ABA000F08FFC0A20D3
:1018F000F4F7F2FF00BF00BF00BF00BF00BFBFF39F
:101900004F8F00BF00BF00BFAA48006800F4E0602E
:10191000A9490843001DA749086000BF00BF00BFD8
:10192000BFF34F8F00BF00BF00BF00BF00BFFDE788
:10193000AEE051E036E020E000F06AFD012095497C
:10194000087099E0FFF766FE01209249087093E065
:1019500003E07FE052E045E030E000F0F1FD0120DF
:101960008C49087088E000F0C9FD012089490870A1
:1019700082E05FE009E027E03AE090499048FAF71A
:10198000EDFB01208349087076E0FAF759FE01204B
:101990008049087070E0FFE7FBF7A8F901207D4956
:1019A000087069E00120874908707A49087063E08F
:1019B000012085490870774908705DE0FFF7CAFD8E
:1019C00001207449087057E071494878FBF7CCFB57
:1019D0000120704908704FE000F020FE01206D49A1
:1019E000087049E000F0E6FE01206A49087043E013
:1019F000FFF79EFB0120674908703DE0FFF7DCFB25
:101A000001206449087037E000F0ACFC0120614916
:101A1000087031E031216E2000F034FB01205D4977
:101A2000087029E03121662000F02CFB0120594983
:101A3000087021E032216E2000F024FB012055497E
:101A4000087019E03221662000F01CFB012051498A
:101A5000087011E05DA000F0D9FB13206249087006
:101A600000204C4908704FF416714948F3F783FF82
:101A700000204649086000BF00BF13205A49087083
:101A8000002044490870414908600120F4F724FF10
:101A90004C48007808B1FBF703F84B48007808B1D0
:101AA000FAF702FE3448006890B10A20F4F714FFF8
:101AB000314801684D48F4F76BF800202E49086062
:101AC0000A20F4F709FF4FF416714848F3F753FF63
:101AD0004748007888B94648407870B944488078CB
:101AE00058B94348C07840B9002004E00021414A79
:101AF0001154411CC8B20428F8DB3D48F8F708FD32
:101B000020B13B48F8F704FD00B16BE1384800789C
:101B100038490978884212D13548407835494978A2
:101B200088420CD13248807832498978884206D17F
:101B30002F48C0782F49C978884200D152E110213E
:101B40000020F8F7FDFB70B12948F8F7E1FC20B15F
:101B50002748F8F7DDFC00B144E110210020F8F738
:101B6000EFFB00B13EE147E0B00A00203C0B002053
:101B7000800B0020F80A002010000020000801401F
:101B80000200002084000020E4090020080000205A
:101B9000E00400204E0000207B22526563697665D8
:101BA000223A7B22537461747573223A37307D7DFB
:101BB0000A0000000CED00E00000FA05850000209E
:101BC000CC0900204D000020600000207B225265DF
:101BD0006365697665223A7B22537461747573225A
:101BE0003A31397D7D0A000007000020880200207C
:101BF00061000020660000207B490120F8F720FCEE
:101C000000287DD178488079AB287AD17648C07990
:101C10000028FAD17448C07B0028F6D100BF05E047
:101C20007249095C724A1154411CC8B20428F7DB9E
:101C30006D4800786F4908606B484078096801EB8F
:101C400000206C490860684880786B4908606648E5
:101C5000C078096801EB0020674908606248007994
:101C6000096801EB0040644908605F4840790968F1
:101C700001EB0060604908605E48006800F40040C5
:101C8000B0F5004F13D15B480068C0F30E0059490E
:101C900008600846006846F6292148405549086012
:101CA000554800684BF2A621484053490860534804
:101CB0000078002872D05248007840B95148007826
:101CC00080F001004F490870484800F02BF94E4859
:101CD0000078002877D14D490860474800684C4992
:101CE000096888425BD14B48F4F7B4F8F0BB4A4826
:101CF0004A494B4A4B4BCDE90432CDE9061001E08D
:101D00006FE069E0434A48480168484800683F4B33
:101D10001B68CDE90030CDE902121046444A3C4927
:101D200003681320F9F710F9424908700846007853
:101D3000092803D00846007801281CD136483749C5
:101D4000374A384BCDE90432CDE9061031483649DF
:101D50000968364A12682D4B1B68CDE90032CDE97F
:101D60000210334A2A490368132000E022E0F9F701
:101D7000EBF8304908702748F4F76CF8D0B92948D7
:101D800000680090234803682A4802782AA1164870
:101D9000FFF772F8144800F039FA0BE017E0214819
:101DA00003681C4830A102680F48FFF765F80E4829
:101DB00000F02CFA1448007880F0010012490870F5
:101DC00000200F4908706420F4F786FD07E03221F7
:101DD0000A20FFF79DFC02E02FA000F017FAF8F7A9
:101DE000EFFE00BF18E50000680900206100002038
:101DF00066000020700000206C0000200100002020
:101E00004A000020490000204C0000202000002053
:101E1000540000202C000020390000203800002051
:101E20001C00002034000020280000202400002096
:101E300058000020070000207B2243223A7B2253D7
:101E40007461747573223A25752C2245746562613C
:101E500072223A25752C2250726545746562617252
:101E6000223A25757D7D0A007B2243223A7B22534C
:101E70007461747573223A31302C22457465626145
:101E800072223A25752C2250726545746562617222
:101E9000223A25757D7D0A006572726F720A000014
:101EA000F0B50B30154D20F007010024144A0FE067
:101EB00003688B420BD38B4205D95E1A43184768DF
:101EC000C3E9006700E04368136002C004E0021D3C
:101ED00010680028ECD12046002802D1286808B1FB
:101EE0000020F0BD064A07481060074A121A22F087
:101EF0000702C0E9002401202860D7E784020020FF
:101F0000800200201C2200201828002010B5044662
:101F100001231A4621460248F7F745FF10BD00008D
:101F20003C0B00202DE9F043BBB00746F4F758FF07
:101F3000814600200490039074E04AF6AA203A49B2
:101F400009680860F4F74CFFA0EB0900B0F57A7F50
:101F500003D9FF203BB0BDE8F0833846F8F7D8FA44
:101F600020B13846F8F7D4FA00B15BE039210420FB
:101F7000F8F7E6F970B13846F8F7CAFA20B13846F2
:101F8000F8F7C6FA00B14DE039210420F8F7D8F986
:101F900000B147E037A91120F8F752FA002840D1E4
:101FA0000026002504E037A8405D4640681CC5B205
:101FB0000F2DF8DB9DF8EB00B0422DD19DF8DC40F1
:101FC0009DF8DD0004EB0020C4B264B1162C0AD0E9
:101FD000172C08D0182C06D0192C04D013A000F010
:101FE00015F9FF20B6E79DF8DE8003A904A8F4F7F1
:101FF00003F980B9DDE903108DE813001048036888
:102000001048026810A105A8FEF736FF05A800F0E9
:10201000FDF800209EE705E004A000F0F7F8FF209F
:1020200098E700BF89E70000E40900207B224322F3
:102030003A7B22537461747573223A327D7D0A00B3
:10204000700000206C0000207B2243223A7B224952
:1020500044223A25642C225543223A25642C2245F9
:102060007465626172223A25752C2248656469653F
:10207000223A25642C224D6F64656C223A25647DDA
:102080007D0A000070B504460D46312D2AD16E2C14
:1020900012D1012211022A48F4F79CFE0120F4F724
:1020A0001BFC28A000F0B2F80120324908704FF460
:1020B00016713148F3F75FFC662C13D100224FF400
:1020C00080711F48F4F786FE0120F4F705FC2BA071
:1020D00000F09CF80120274908704FF4167126483B
:1020E000F3F749FC322D2AD16E2C12D10122910234
:1020F0001348F4F76FFE0120F4F7EEFB2BA000F07D
:1021000085F801201B4908704FF416711A48F3F73F
:1021100032FC662C13D100224FF480610848F4F79A
:1021200059FE0120F4F7D8FB2CA000F06FF8012035
:10213000104908704FF416710F48F3F71CFC70BD7E
:10214000000801407B2252656365697665223A7B0F
:1021500022537461747573223A32367D2C225231C7
:10216000223A7B22537461747573223A32337D7D37
:102170000A0000004E000020E00400207B2252658F
:102180006365697665223A7B2253746174757322A4
:102190003A32367D2C225231223A7B2253746174BA
:1021A0007573223A32347D7D0A0000007B2252652D
:1021B0006365697665223A7B225374617475732274
:1021C0003A32367D2C225232223A7B225374617489
:1021D0007573223A32337D7D0A0000007B225265FE
:1021E0006365697665223A7B225374617475732244
:1021F0003A32367D2C225232223A7B225374617459
:102200007573223A32347D7D0A00000070B50446B1
:102210002046F3F7BBFBC5B229462046F3F7B8FCCE
:1022200000224FF400710648F4F7D4FD0120F4F7C2
:1022300053FB012251020248F4F7CCFD70BD0000AF
:102240000008014000B599B064216846F3F793FB9C
:102250000A2219A16846FEF70FFE6846FFF7D6FF6F
:1022600025A0FFF7D3FF27A0FFF7D0FF0120F4F749
:1022700033FB28A0FFF7CAFF0120F4F72DFB2AA0AB
:10228000FFF7C4FF0120F4F727FB2AA0FFF7BEFFEA
:102290000120F4F721FB2BA0FFF7B8FF0120F4F792
:1022A0001BFB2EA0FFF7B2FF4FF416712C48F3F77B
:1022B00062FB19B000BD00007B224669726D776138
:1022C0007265223A7B2246223A312C224465766995
:1022D000636554797065223A22416D7573656D6549
:1022E0006E745061726B222C2252656C656173654D
:1022F000223A3025640000002C22426F6F74223A8B
:10230000310000002C224175746F53746172742285
:102310003A3100002C22526561646572547970650F
:10232000223A504E353332002C22506F73223A310C
:10233000000000002C22636172644163634469738E
:10234000223A31002C226F6E6552656164436172DE
:1023500064496E4669656C64223A31007D7D0A00ED
:10236000E004002010B50C48007810B90BA0FFF76E
:102370004DFF0948007810B116A0FFF747FF064847
:10238000007880F00100044908704FF416711F486E
:10239000F3F7F1FA10BD00004A0000207B225265DD
:1023A0006365697665223A7B225374617475732282
:1023B0003A32367D2C2243223A7B225479706522B0
:1023C0003A22556E53656E6453657269616C227D65
:1023D0007D0A00007B2252656365697665223A7B3F
:1023E00022537461747573223A32367D2C22432253
:1023F0003A7B2254797065223A2253656E645365A4
:102400007269616C227D7D0A00000000E0040020FA
:1024100010B51CA0FFF7FAFE28484078284908703C
:102420002648807848702548C0788870234800790D
:102430002449887021484079487020488079087084
:102440001E48C079C8700120F4F746FA00221C49E2
:102450001D48F6F7EDFE10B11CA0FFF7D7FE0120D6
:10246000F4F73AFA002217491748F6F733FE10B18D
:102470001CA0FFF7CBFE4FF416711048F3F77BFA60
:1024800010BD00007B2252656365697665223A7B48
:1024900022537461747573223A32367D2C22542291
:1024A0003A7B2254797065223A2253657454696DDF
:1024B0006544617465227D7D0A000000E00400200F
:1024C000B8000020BB000020440A00207B225422D8
:1024D0003A7B22537461747573223A3132387D7DB0
:1024E0000A0000007B2254223A7B225374617475E7
:1024F00073223A3132397D7D0A00000010B5074859
:102500004078FF2808D106A0FFF780FE00224FF494
:1025100000410A48F4F75EFC10BD0000E004002012
:102520007B2252656365697665223A7B225374612A
:10253000747573223A32367D7D0A0000000801402E
:1025400010B506484078AA2807D105A0FFF75EFE1F
:102550000122D1030948F4F73DFC10BDE00400203E
:102560007B2252656365697665223A7B22537461EA
:10257000747573223A32367D7D0A000000080140EE
:1025800010B5FEF78DFF002819D06420F4F7A4F9E8
:102590000020FEF75BFF0CA208210020FEF7AAFF37
:1025A00048B10520F4F798F90AA0FFF72FFE05209F
:1025B000F4F792F906E010A0FFF728FE02E00EA063
:1025C000FFF724FE10BD0000426F6F5431323334E8
:1025D000000000007B225570646174654669726D6D
:1025E00077617265223A7B22537461747573223A63
:1025F00032367D0A000000007B22557064617465EC
:102600004669726D77617265223A7B2253746174F8
:102610007573223A31397D0A0000000010B50020A0
:102620004049088000BF09E03F49095C3D4AB2F9D2
:10263000002051403B4A1180411CC8B21328F3DBF3
:102640003948C07C3749B1F9001088420BD037A017
:10265000FFF7DCFD01203C4908704FF41671324849
:10266000F3F789F910BD39A0FFF7D0FD2E48407867
:10267000444908602C488078434908702A48C0784B
:102680004249087028480079414908702648407935
:1026900040490870244880793F4908702248C07931
:1026A00000062149097A00EB01401F49497A00EBF5
:1026B00001201D49897A08443849086000203849BA
:1026C00008701948C07A00061749097B00EB0140E1
:1026D0001549497B00EB01201349897B08443149A6
:1026E00008601148C07B00060F49097C00EB0140DF
:1026F0000D49497C00EB01200B49897C08442A499B
:10270000086001202949087000202949087001202B
:102710000D4908704FF416710348F3F72CF900BF08
:10272000A0E700000C000020E00400207B2252659E
:102730006365697665223A7B2253746174757322EE
:102740003A31397D7D0A00004E0000207B2252651F
:102750006365697665223A7B2253746174757322CE
:102760003A32367D2C2243223A7B225479706522FC
:102770003A225A69726F457465626172227D7D0AE0
:1027800000000000400000203A0000203B00002034
:102790003C0000203D0000203E00002028000020DA
:1027A0004C00002054000020580000204A00002067
:1027B0004D00002070B59CB00026002400250020AC
:1027C0009149088000BF09E09049095C8E4AB2F93E
:1027D000002051408C4A1180411CC8B20928F3DB0B
:1027E0008A48407A8849B1F9001088420CD088A004
:1027F000FFF70CFD01208D4908704FF416718348D6
:10280000F3F7B9F81CB070BD89A0FFF7FFFC7F4853
:10281000407800067D49897800EB01407B49C97802
:1028200000EB01207949097908448E49086077480E
:10283000407900067549897900EB01407349C979EF
:1028400000EB01207149097A08448749086000209B
:102850008649087048708870C870AB200871CD2018
:102860004871002082490860F4F7BAFA0646C4E0CD
:102870004AF6AA207F4909680860F4F7B1FA801B7C
:10288000B0F57A5F03D97CA0FFF7C0FCB6E07848CA
:10289000006870B15D480078632803D05B48007819
:1028A000432803D179A0FFF7B1FCA7E000207049CD
:1028B00008601AA8F7F72CFE20B11AA8F7F728FE2F
:1028C00000B19AE010210020F7F73AFD70B11AA884
:1028D000F7F71EFE20B11AA8F7F71AFE00B18CE038
:1028E00010210020F7F72CFD00B186E0744901208B
:1028F000F7F7A6FD00287ED171488079AB287BD1FF
:102900006F48C079002877D16D48C07B002873D10B
:102910006B480478407804EB002469488578C078D7
:1029200005EB00256648007905EB004564484079D1
:1029300005EB006504F40040B0F5004F07D1C4F387
:102940000E0446F6292044404BF2A6204540454857
:102950000068854230D14448006884422CD11AA8CE
:10296000F7F7D6FD20B11AA8F7F7D2FD00B144E081
:1029700039210420F7F7E4FC70B11AA8F7F7C8FD75
:1029800020B11AA8F7F7C4FD00B136E039210420C0
:10299000F7F7D6FC00B130E034491220F7F7DEFD3E
:1029A00000B12AE02B46224646A101A8FEF764FAB0
:1029B00001A8FFF72BFC21E02A480068854209D0D6
:1029C0002B46224648A101A8FEF756FA01A8FFF7B8
:1029D0001DFC13E02448006884420DD02B4622469B
:1029E00001E008E008E049A101A8FEF745FA01A8C6
:1029F000FFF70CFC02E000E000BF39E700BF002059
:102A00001B49086000BFFDE60C000020E004002028
:102A10007B2252656365697665223A7B2253746135
:102A2000747573223A31397D7D0A00004E00002012
:102A30007B2252656365697665223A7B2253746115
:102A4000747573223A32367D2C2243223A7B22540B
:102A5000797065223A225A69726F47696674227DDD
:102A60007D0A00005400002058000020F81D0020BE
:102A700008000020E40900207B2243223A7B2253F5
:102A80007461747573223A317D7D0A007B22526530
:102A90006365697665223A7B22537461747573228B
:102AA0003A32367D2C2243223A7B225479706522B9
:102AB0003A2243616E73656C227D7D0A000000003E
:102AC000680900207B2243223A7B2253746174758B
:102AD00073223A302C225543223A25752C22494440
:102AE000223A25757D7D0A007B2243223A7B2253C0
:102AF0007461747573223A392C225543223A257534
:102B00002C224944223A25757D7D0A007B224322EE
:102B10003A7B22537461747573223A31302C2255FA
:102B200043223A25752C224944223A25757D7D0A97
:102B3000000000001F1C1F1E1F1E1F1F1E1F1E1F28
:102B4000000000000000000001020304060708095D
:102B50000000000001020304895171F21DCB000046
:102B600000000000000000008D5F307CF05E00007F
:102B70000000000000000000B22CE4247D90000062
:102B80000000000000000000579B07B3A4E900000C
:102B90000000000000000000E32F50F2E3D000002E
:102BA0000000000000000000E9C1254FA07D0000EA
:102BB0000000000000000000FFFFFFFFFFFF00001B
:102BC00000000000000000000000FF00FF00000007
:102BD000FF0000007B2243223A7B2253746174750C
:102BE00073223A25642C225543223A25752C22491A
:102BF00044223A25752C22457465626172223A2579
:102C0000752C22507265457465626172223A257591
:102C10002C225072696365223A25757D7D0A000079
:102C20007B2243223A7B22537461747573223A25C6
:102C3000642C225543223A25752C224944223A25F8
:102C4000752C22457465626172223A25752C2250DA
:102C50007265457465626172223A25752C2247744B
:102C6000223A25752C225072696365223A25752C0B
:102C7000224865646965223A25757D7D0A00000059
:102C8000A02C010800000020880200003E5A000825
:102C9000882D010888020020902B0000E80E010812
:102CA000412201C214022503B50A02113019451947
:102CB000030125692829081AFF01013C1345E41B7B
:102CC000088D041A9D041AC1041AF9041A11041A71
:102CD0005504131201140202021640830440571DCA
:102CE00002010203710E21040309041AE1132D5B92
:102CF0001B08290413995A1B085108419A10BC411A
:102D000073B2075324F4130A0632022A402413A193
:102D1000E01408E1DF4C08C3E13C1A2F101A31100F
:102D20001AAD04C11A81181A71041A91041A6104A7
:102D30001C090243AB111DC03209046D1A020B13AA
:102D400005241610010524011009010424020205BE
:102D50002406170107058203081C100904E1320A42
:102D60001D070501027B2C07058107110937442A3D
:102D700040072A8107112B0907440A3B044401112B
:082D80001405143702160100CE
:04000005080058EDAA
:00000001FF
