:020000040800F2
:10580000002E002001590008C5AB00081DA00008AB
:10581000C1AB0008F15D000855010108000000005F
:105820000000000000000000000000007DD2000821
:10583000255F000800000000C3C200089DD40008D6
:105840001B5900081B5900081B5900081B59000868
:105850001B5900081B5900081B5900081B59000858
:105860001B5900081B5900081B5900081B59000848
:105870001B5900081B5900081B5900081B59000838
:105880001B5900081B5900081B5900081B59000828
:105890009D0001081B5900081B590008275F0008DC
:1058A0001B5900081B5900081B5900081B59000808
:1058B0001B59000865D500081B5900081B59000832
:1058C0001B5900081B5900081B5900081B590008E8
:1058D0001B5900080DD9000821D900081B590008E0
:1058E0001B5900081B5900081B590008DFF80CD091
:1058F00000F020FA00480047AD0C0108002E0020FF
:105900000648804706480047FEE7FEE7FEE7FEE759
:10591000FEE7FEE7FEE7FEE7FEE7FEE755D50008F7
:10592000ED580008202A04DB203A21FA02F0002179
:10593000704721FA02F3D040C2F12002914008439F
:105940001946704740EA01039B0703D009E008C9E4
:10595000121F08C0042AFAD203E011F8013B00F834
:10596000013B521EF9D27047D2B201E000F8012B80
:10597000491EFBD270470022F6E710B513460A46CF
:1059800004461946FFF7F0FF204610BD421C10F8F0
:10599000011B0029FBD1801A70472DE9F04D81EAE7
:1059A000030404F0004B21F0004514464FF0000AB8
:1059B00023F0004150EA050220D054EA01021DD034
:1059C000C5F30A570246C5F31303C1F31300C1F32D
:1059D0000A5640F4801543F48013A7EB0608101B09
:1059E000D64608F2FD3873EB050002D308F1010832
:1059F00001E092185B41B8F1000F03DA0020014684
:105A0000BDE8F08D00204FF48011064684460EE07C
:105A1000171B73EB050705D3121B63EB0503064346
:105A20004CEA010C49084FEA300092185B4150EAF9
:105A30000107EDD152EA030012D082EA040083EAA2
:105A40000501084305D0101BAB4106D201220023FB
:105A500006E000224FF0004302E06FF00102531015
:105A60001AEB06004CEB085110EB0A0041EB0B015E
:105A7000BDE8F04D00F042B80EB5C10F80EAE0700D
:105A80000844CA07002140F233438DE80E000A465D
:105A90000B4600F042F803B000BD2DE9F05F05466B
:105AA000002092469B4688460646814640241BE0DD
:105AB0002846414647462246FFF734FF53465A469A
:105AC000C01A914110D311461846224600F044F9FD
:105AD0002D1A67EB01084F4622460120002100F0F5
:105AE0003BF917EB00094E41201EA4F10104DFDC55
:105AF000484631462A464346BDE8F09F10B5141E7D
:105B000073F1000408DA401C41F1000192185B4176
:105B10001A4301D120F0010010BD2DE9F04D92464D
:105B20009B4611B1B1FA81F202E0B0FA80F2203264
:105B3000904600F011F904460F4640EA0A0041EA97
:105B40000B0153465A46084313D0114653EA01004D
:105B500019D0C8F140025046FFF7E4FE05460E4654
:105B600050465946424600F0F7F8084305D0012058
:105B700004E020463946BDE8F08D0020054346EAA2
:105B8000E0762C4337430A986305E40AA0EB08004B
:105B90000022FD0A44EA47540A3002D5002001469B
:105BA000E9E7010510196941DDE908450019694176
:105BB000BDE8F04DA2E72DE9FE4F804681EA0300E3
:105BC000C00F0C46009021F0004123F00045B8EBD7
:105BD0000200A94105D24046214690461C460B468C
:105BE000024623F00040104347D0270DC7F30A00B8
:105BF000C3F30A510290401A019040286BDAC3F3B4
:105C0000130040F4801B0098924620B10023D2EB91
:105C1000030A63EB0B0B01985946C0F14002504652
:105C200000F09AF806460D4650465946019A00F093
:105C3000A2F810EB08006141002487EA115284EABF
:105C4000E7731A4340D0009A62B3019A012A4FEADF
:105C5000075215DC001B61EB02014FF0004202EA23
:105C60000752CDE90042001C41F5801132462B4617
:105C7000FFF753FF03B0BDE8F08F40462146F9E738
:105C8000001B61EB0201001C41F5801300185B4111
:105C90002018A2F5001747EB030140EAD570B619AA
:105CA0006D4111E06D084FEA360645EAC0754FEACE
:105CB0000752001B61EB0201001C41F580114908ED
:105CC0004FEA30000019514132462B4603B0BDE87F
:105CD000F04FFFF713BF0098012240000023D0EBE4
:105CE000020263EBE073009821464FEAE074B8EBE0
:105CF000000061EB0401E9E783F000435BE781F01A
:105D0000004158E730B5041E71F1000404DB4FF088
:105D10000044404264EB0101141E73F1000405DBF2
:105D20001C464FF00043524263EB0403994208BF04
:105D3000904230BD064C074D06E0E06840F001039C
:105D400094E8070098471034AC42F6D3FFF7D2FD31
:105D5000C8220108E8220108202A04DB203A00FAC0
:105D600002F1002070479140C2F1200320FA03F3B2
:105D7000194390407047202A06DBCB17203A41FA9E
:105D800002F043EAE07306E041FA02F3D040C2F1C8
:105D90002002914008431946704770B58C1810F8DE
:105DA000015B15F0070301D110F8013B2A1106D160
:105DB00010F8012B03E010F8016B01F8016B5B1E7A
:105DC000F9D12B0705D40023521E0DD401F8013B55
:105DD000FAE710F8013BCB1A921C03E013F8015BC1
:105DE00001F8015B521EF9D5A142D8D3002070BD45
:105DF00000BFFEE730B50346042B15D007DC7BB1AE
:105E0000012B0ED0022B0DD0032B30D10BE0202B19
:105E10000BD0212B18D0222B22D0232B27D125E0E9
:105E200026E025E024E023E022E0002003E00C5CF3
:105E3000114D2C54401C0728F9DB00200F4C20701A
:105E400001200F4C207013E0002003E00A4C245C7A
:105E50000C54401C0728F9DB0020084C207007E098
:105E600006480078401C054C207001E000E000BFAF
:105E700000BF002030BD00002001002000000020F5
:105E8000010000200020704710B500220449054899
:105E900007F0ABFE0449034807F0A0FE002010BD48
:105EA0005C140020B00B00207410002070B5044674
:105EB0000D460B4928680860002003E0215C094A70
:105EC0001154401C064909688842F7D32146064808
:105ED00007F084FE044807F05DFE002070BD00005E
:105EE0002800002030050020B00B00202DE9F041F3
:105EF00004460D4600260A48D0F8B872D7F81402B6
:105F000010B10120BDE8F0812A462146044807F07F
:105F10006CFE034807F0EDFE06463046F2E700004F
:105F2000B00B0020704710B5202000F0E7FE10BD38
:105F30000146002048608860C86188610862487333
:105F40000873086108754875002205E0002301F117
:105F500024008354501CC2B2102AF7DB002205E053
:105F6000002301F134008354501CC2B2102AF7DB25
:105F7000002203E000208854501CC2B2042AF9DB3E
:105F80000020704772B603E01E2164200AF044FD31
:105F9000FAE700000021074AD1610749096941F089
:105FA0000401054A11611146096941F0400111617E
:105FB00070470000501D0020002002400021074AC9
:105FC000D1610749096941F00201054A1161114691
:105FD0004861096941F0400111617047501D00207E
:105FE000002002400022054BDA61054A126942F0A6
:105FF0000102034B1A61018070470000501D002010
:106000000020024000201E49C96801F0100139B18A
:106010001C49C96941F002011A4AD16140F01000DF
:106020001749C96801F0040139B11649C96941F03D
:106030000101144AD16140F004001149C96901F01D
:10604000010169B10F49C96941F004010D4AD161EB
:1060500000BF0B49C96921F00101094AD16100BFA4
:1060600000BF40F20111884206D10549C96921F0FB
:106070000101034AD16101E00149C86000BF7047D6
:1060800000200240501D002070B5044600F0E2FFE1
:10609000054609E0601C38B124B100F0DBFF401B6D
:1060A000A04201D9032070BD1248C06800F0010071
:1060B0000028EFD10F48C06800F0200020B100BFD9
:1060C00020200C49C86000BF0A48C06800F01000DA
:1060D00048B90848C06900F0010020B90548C06807
:1060E00000F0040018B1FFF78DFF0120DBE700206E
:1060F000D9E70000002002402DE9F04F8BB00646A2
:106100004FF0000B00203060DD480078012811D0EE
:10611000022802D0032827D119E00520D9490870A8
:106120001520D94908703720D84908702020D8494F
:10613000087026E00420D34908701020D249087066
:106140003920D24908700020D149087019E0052093
:10615000CC4908701520CC4908703720CB4908700D
:106160004020CB4908700CE00520C6490870142077
:10617000C54908703720C54908700020C449087017
:1061800000BF00BF09A804F095FA38B109A804F0CF
:1061900091FA18B101200BB0BDE8F08F002405E0A2
:1061A00009A8005DBB490855601CC4B2042CF7DB8C
:1061B0001021002004F096F908B10120EBE701A9B5
:1061C000012004F00FFA08B10120E4E79DF8050072
:1061D000B049886008468068000288600846806888
:1061E0009DF804100844AB4988609DF80900486098
:1061F0000846406800024860084640689DF808105C
:106200000844A449486008464068000248600846BF
:1062100040689DF8071008449E4948600846406859
:1062200000024860084640689DF8061008449949F5
:1062300048600846008900F40040B0F5004F12D1D4
:1062400008460089C0F30E0088600846806846F65C
:10625000292148408F498860084640684BF2A621B2
:1062600048408C4948608B4840688B4908608748A3
:1062700001788448007804F035F908B10A208AE7EB
:1062800001A98148007804F0ADF908B1142082E733
:10629000002406E001A8015D7E4824300155601C01
:1062A000C4B2102CF6DB4FF0010A00240BE001A869
:1062B000015D01AA04F10800105C814201D04FF099
:1062C000000A601CC4B2042CF1DB00240BE001A91D
:1062D000201D085C095D81F0FF01884201D04FF06C
:1062E000000A601CC4B2042CF1DB9DF8100050B908
:1062F0009DF81100FF2806D19DF8120018B99DF8ED
:106300001300FF2801D04FF0000ABAF1000F3AD075
:106310009DF807005F49C8610846C0690002C8616E
:106320000846C0699DF8061008445A49C8610846E5
:10633000C0690002C8610846C0699DF8051008449C
:106340005449C8610846C0690002C8610846C0696E
:106350009DF8041008444F49C8611421062004F038
:10636000C1F808B10C2016E76946182004F046F978
:1063700008B10D200FE74749009808730846C06927
:106380003060002007E74FF04B08002406E041484A
:106390002430005D80EA0808601CC4B20F2CF6DBD4
:1063A0003C4890F83300404501D00320F3E63948DB
:1063B00090F827003749C8610846C0690002C861E3
:1063C0000846C16990F8260008443249C861084669
:1063D000C0690002C8610846C16990F825000844F8
:1063E0002C49C8610846C0690002C8610846C069F6
:1063F00091F8241008442749C861084690F82D7088
:106400003F0290F82C000744084690F82B502D02CC
:1064100090F82A0005442D02084690F8290005440A
:106420002D02084690F828000544084690F82E9062
:10643000B9F1010F03D0B9F1020F12D108E005EB59
:10644000070B1448C069584501D00520A3E60AE0AF
:10645000A5EB070B0F48C069584501D006209AE606
:1064600001E0072097E600BF0A4890F82F0000F0EF
:106470001F00084908730846C069306000208AE69A
:10648000810200207D0200207E0200207F02002089
:1064900080020020F01D0020840200202DE9F04F32
:1064A0008DB007468946002500203860C9F80000F5
:1064B000FB480078012811D0022802D0032827D1F8
:1064C00019E00520F74908701520F74908703720B2
:1064D000F64908702020F649087026E00420F149AA
:1064E00008701020F04908703920F0490870002029
:1064F000EF49087019E00520EA4908701520EA49BB
:1065000008703720E94908704020E94908700CE01C
:106510000520E44908701420E34908703720E34956
:1065200008700020E249087000BF00BF0BA804F00B
:10653000C1F838B10BA804F0BDF818B101200DB0B6
:10654000BDE8F08F002405E00BA8005DD94908558F
:10655000601CC4B2042CF7DB1021002003F0C2FF42
:1065600008B10120EBE703A9012004F03BF808B1D2
:106570000120E4E79DF80D00CE4988600846806858
:1065800000028860084680689DF80C100844C949DC
:1065900088609DF811004860084640680002486025
:1065A000084640689DF810100844C24948600846F3
:1065B000406800024860084640689DF80F10084493
:1065C000BC49486008464068000248600846406888
:1065D0009DF80E100844B74948600846008900F449
:1065E0000040B0F5004F12D108460089C0F30E00FC
:1065F00088600846806846F629214840AD49886091
:10660000084640684BF2A6214840AA494860A9487C
:106610004068A9490860A5480178A248007803F0BD
:1066200061FF08B10A208AE79D480078012835D12A
:1066300003A9122003F0D6FF08B114207FE79DF8CC
:106640001000AB2812D19DF81100CD280ED19DF875
:106650000F502D029DF80E0005442D029DF80D00EF
:1066600005442D029DF80C00054400E000259DF82E
:106670000C00FF280CD19DF80D00FF2808D19DF8D3
:106680000E00FF2804D19DF80F00FF2800D100253F
:106690008A48854200D10025C9F8005003A98248E4
:1066A000007803F09FFF08B1142048E7002406E0BB
:1066B00003A8015D7F4824300155601CC4B2102C32
:1066C000F6DB0120029000240BE003A8015D03AA81
:1066D00004F10800105C814201D000200290601C8F
:1066E000C4B2042CF1DB00240BE003A9201D085CDC
:1066F000095D81F0FF01884201D000200290601CFA
:10670000C4B2042CF1DB9DF8180050B99DF81900B3
:10671000FF2806D19DF81A0018B99DF81B00FF2824
:1067200001D000200290029890B39DF80F006149BB
:10673000C8610846C0690002C8610846C0699DF882
:106740000E1008445B49C8610846C0690002C86170
:106750000846C0699DF80D1008445649C8610846AE
:10676000C0690002C8610846C0699DF80C10084461
:106770005049C8611421062003F0B4FE08B10C2072
:10678000DDE601A9182003F039FF10B10D20D6E68F
:1067900007E04849019808730846C069386000203E
:1067A000CDE64FF04B0A002406E042482430005D5D
:1067B00080EA0A0A601CC4B20F2CF6DB3D4890F850
:1067C0003300504501D00320B9E63A4890F827003D
:1067D0003849C8610846C0690002C8610846C169F5
:1067E00090F8260008443349C8610846C069000291
:1067F000C8610846C16990F8250008442D49C86160
:106800000846C0690002C8610846C06991F82410B2
:1068100008442849C861084690F82D804FEA0828A6
:1068200090F82C008044084690F82B60360290F8CF
:106830002A0006443602084690F82900064436022B
:10684000084690F828000644084690F82EB0BBF1A0
:10685000010F03D0BBF1020F12D108E006EB0805CF
:106860001448C069A84201D0052068E60AE0A6EBFA
:1068700008051048C069A84201D006205FE601E083
:1068800007205CE600BF0B4890F82F0000F01F00C7
:10689000084908730846C069386000204FE60000C8
:1068A000810200207D0200207E0200207F02002065
:1068B00080020020F01D00208402002017FCFF0051
:1068C00001460E2924D2DFE801F007090B0D0F1154
:1068D000131517191B1D1F21192070471A20FCE7DB
:1068E0001C20FAE71D20F8E71E20F6E72020F4E739
:1068F0002120F2E72220F0E72420EEE72520ECE734
:106900002620EAE72820E8E72920E6E72A20E4E72E
:106910000020E2E701460E2924D2DFE801F0070952
:106920000B0D0F11131517191B1D1F21192070476F
:106930001A20FCE71C20FAE71D20F8E71E20F6E7E6
:106940002020F4E72120F2E72220F0E72420EEE7E0
:106950002520ECE72620EAE72820E8E72920E6E7DB
:106960002A20E4E70020E2E770B50A480468001D29
:106970000568001D0668344454B1082206492046C3
:1069800003F035FF042204491031284603F02FFF9D
:1069900070BD0000E8F7FF1F06010020014600223D
:1069A00091F82100022808D00420886300BF00204D
:1069B00081F8200000BF012070470868006820F0BF
:1069C0000E000B6818600868006820F001000B6872
:1069D000186091F8403001209840CB6B586001203E
:1069E00081F8210000BF002081F8200000BF104680
:1069F000E2E7000070B50446002594F82100022863
:106A000003D00420A063012548E02068006820F03E
:106A10000E00216808602068006820F001002168ED
:106A200008601F492068884201D1012026E01C49E6
:106A300014312068884201D110201FE01849283104
:106A40002068884201D1801518E015493C31206842
:106A5000884201D1801411E01149503120688842E8
:106A600002D14FF4803009E00D496431206888423A
:106A700002D14FF4801001E04FF0807008490839CE
:106A80004860012084F8210000BF002084F8200025
:106A900000BF606B10B12046616B8847284670BD0F
:106AA0000800024070B5044600F0D4FA06462546B8
:106AB000681C10B104480078054400BF00F0CAFA11
:106AC000801BA842FAD370BD400100202DE9F0419F
:106AD00004460E460127002500BF2648007E0128F7
:106AE00002D10220BDE8F08101202249087600BFD2
:106AF0002068022813D14CF25030FFF7C5FA90BB42
:106B00000120FFF747FA4CF25030FFF7BDFA074675
:106B10001948006920F004001749086123E04CF28D
:106B20005030FFF7B1FAF0B94FF0FF303060A56890
:106B300012E02846FFF742FA4CF25030FFF7A4FA71
:106B400007460D48006920F002000B4908610FB1AB
:106B5000356007E005F58065D4E9021001EB80207F
:106B6000A842E6D800BF00BF00200249087600BF57
:106B70003846B7E7501D0020002002400348006956
:106B800040F0800001490861002070470020024069
:106B90002DE9FE4F05468B461746984601260024F0
:106BA0000020029000BF2448007E012802D102206C
:106BB000BDE8FE8F01202049087600BF4CF250301E
:106BC000FFF762FA064686BB012D02D10120029032
:106BD00006E0022D02D10220029001E00420029082
:106BE00000241EE02201B946C24648465146FEF73F
:106BF00099FE80B20190022000FB04B00090019940
:106C0000FFF7F0F94CF25030FFF73EFA06460B481A
:106C1000006920F001000949086106B104E0601C28
:106C2000C4B202988442DDDB00BF00BF00200249ED
:106C3000087600BF3046BBE7501D00200020024010
:106C400000200849096901F0800151B10649054A4F
:106C50005160064951601146096901F0800101B196
:106C6000012070470020024023016745AB89EFCD2A
:106C700070B5044600F0EEF90546202C22D1202103
:106C8000114800F0D9F958B910A00AF017FF00BF59
:106C900000F0E0F9401B40F6B8318842F8D870BDEA
:106CA0002021094800F0C8F901280BD10DA00AF0F5
:106CB00005FF00BF00F0CEF9401B40F6B831884216
:106CC000F8D8ECE700BFEAE7000C01407B22446FF4
:106CD0006F72223A7B225374617465223A317D7D52
:106CE0000A0000007B22446F6F72223A7B225374A9
:106CF000617465223A307D7D0A00000010B50446BB
:106D000004480068204020B1024804602046FFF794
:106D1000AFFF10BD140401402DE9F84703460022DF
:106D200094466EE14FF0010808FA02F4D1F80080B1
:106D300008EA0400A0427DD1DFF8DCA2D1F804808B
:106D4000A8EB0A09D0453AD014DCB8F1030F50D0B3
:106D500009DCB8F1000F31D0B8F1010F1CD0B8F147
:106D6000020F49D120E0B8F1110F18D0B8F1120F7D
:106D700042D11EE0B9F5881F25D006DCB9F5803F69
:106D800020D0B9F5801F37D11AE0B9F5001F18D00F
:106D9000B9F5041F30D117E0D1F80CC02DE0D1F8BF
:106DA0000C8008F1040C28E0D1F80C8008F1080CE4
:106DB00023E0D1F80C8008F10C0C1EE000BF00BFEE
:106DC00000BF00BF00BF00BFD1F80880B8F1000FBE
:106DD00002D14FF0040C0BE0D1F80880B8F1010F9C
:106DE00003D14FF0080C1C6102E04FF0080C5C610D
:106DF00003E04FF0000C00E000BF00BFFF2801D807
:106E0000984601E003F104084646FF2802D84FEAFD
:106E1000820803E0A2F108084FEA88084746D6F83E
:106E200000804FF00F0909FA07F928EA09080CFA5F
:106E300007F900E088E048EA0908C6F80080D1F8C0
:106E4000048008F08058B8F1805F7DD100BFDFF882
:106E5000CC81D8F8188048F00108DFF8C091C9F853
:106E60001880C846D8F8188008F00108CDF80080CE
:106E700000BF00BF4FEAB9384FEA920958F82950CD
:106E80004FEA82784FEA18794FF00F0808FA09F8AC
:106E900025EA0805DFF88881434502D14FF0000854
:106EA00016E0DFF88081434502D14FF001080FE082
:106EB000DFF87481434502D14FF0020808E0DFF8A3
:106EC0006C81434502D14FF0030801E04FF0040804
:106ED0004FEA82794FEA197908FA09F848EA050574
:106EE000DFF84C814FEA920948F82950D1F8048024
:106EF00008F48038B8F5803F0AD1DFF83881D8F837
:106F0000008048EA0008DFF82C91C9F8008009E009
:106F1000DFF82081D8F8008028EA0008DFF8149113
:106F2000C9F80080D1F8048008F40038B8F5003FB3
:106F300010D1DFF8008108F10408D8F8008048EA91
:106F40000008DFF8F09000E05AE009F10409C9F800
:106F500000800DE0DFF8DC8008F10408D8F800803C
:106F600028EA0008DFF8CC9009F10409C9F800808C
:106F7000D1F8048008F48018B8F5801F0ED1DFF82E
:106F8000B48008F10808D8F8008048EA0008DFF863
:106F9000A49009F10809C9F800800DE0DFF8948099
:106FA00008F10808D8F8008028EA0008DFF8849083
:106FB00009F10809C9F80080D1F8048008F4001824
:106FC000B8F5001F0ED1DFF86C8008F10C08D8F876
:106FD000008048EA0008DFF85C9009F10C09C9F864
:106FE00000800DE0DFF84C8008F10C08D8F8008034
:106FF00028EA0008DFF83C9009F10C09C9F8008084
:10700000521CD1F8008028FA02F8B8F1000F7FF482
:1070100089AEBDE8F88700000000111000100240A2
:1070200000080140000C0140001001400014014024
:107030000800014000040140024693680B400BB178
:10704000012000E0002070470AB1016101E00B045B
:107050000361704701480068704700003801002054
:1070600070B504460CB9012070BD94F83D0028B9F4
:10707000002084F83C00204600F03EFB242084F8E9
:107080003D002068006820F0010021680860206849
:10709000006840F40040216808602068006820F41F
:1070A00000402168086001F07DFD05465C4960688C
:1070B000884206D85B48854201D2012007E00020C3
:1070C00005E05948854201D2012000E00020012856
:1070D00000D1C9E75548B5FBF0F62068406820F0BC
:1070E0003F003043216848604D496068884201D8BC
:1070F000701C07E04FF4967070434FF47A71B0FB48
:10710000F1F0401C2168096A21F03F010843216821
:10711000086243496068884214D8681E6168490063
:10712000B0FBF1F0401CC0F30B00042801D2042096
:107130003DE0681E61684900B0FBF1F0401CC0F3FF
:107140000B0034E0A06838B9681E616801EB4101AA
:10715000B0FBF1F0401C0AE0681E616801EBC1025F
:1071600002EB0111B0FBF1F0401C40F48040C0F391
:107170000B0008B901201AE0A06848B9681E6168D0
:1071800001EB4101B0FBF1F0401CC0F30B000CE03F
:10719000681E616801EBC10202EB0111B0FBF1F066
:1071A000401CC0F30B0040F4804040F400402168D4
:1071B000C9694CF6FF72914308432168C861D4E95C
:1071C000070108432168096821F0C00108432168CC
:1071D0000860D4E9031008432168896848F2FF3247
:1071E0009143084321688860D4E905010843216878
:1071F000C96821F0FF0108432168C8602068006861
:1072000040F001002168086000202064202084F8FC
:107210003D000020206384F83E0000BF24E700000A
:10722000A086010080841E0000093D0040420F003E
:107230002DE9FC4704468946174698460A9E0020D9
:107240000190FFF707FF054694F83D0020286FD115
:1072500019230122C8492046009503F02BF810B1EC
:107260000220BDE8FC8700BF94F83C00012801D152
:107270000220F6E7012084F83C0000BF2068006887
:1072800000F0010028B92068006840F00100216882
:1072900008602068006820F40060216808602220EF
:1072A00084F83D00102084F83E00002020646762CE
:1072B000A4F82A80608D2085B048E0622B463246D3
:1072C0004946204602F0CCFE08B10120C9E7208DD6
:1072D00088B900BF002000902068406900902068B5
:1072E0008069009000BF00BF2068006840F4007013
:1072F000216808604BE0208D01281AD120680068C1
:1073000020F480602168086072B600BF0020009001
:1073100020684069009020688069009000BF00BF2D
:107320002068006840F400702168086062B62EE0B2
:1073300020E1208D022819D12068006840F4006007
:107340002168086072B600BF002000902068406984
:10735000009020688069009000BF00BF206800682E
:1073600020F480602168086062B610E02068006840
:1073700040F480602168086000BF00200090206811
:107380004069009020688069009000BF00BFE2E083
:10739000208D03287ED8208D012815D12A4631461C
:1073A000204603F031F808B101205AE7206800694F
:1073B000616A0870606A401C6062208D401E2085F2
:1073C000608D401E6085C6E0208D02282CD133469A
:1073D00000226B492046009502F06CFF08B10120A5
:1073E0003FE772B62068006840F4007021680860CA
:1073F00020680069616A0870606A401C6062208DC4
:10740000401E2085608D401E608562B62068006940
:10741000616A0870606A401C6062208D401E208591
:10742000608D401E608596E0334600225449204618
:10743000009502F03FFF08B1012012E720680068C4
:1074400020F480602168086072B620680069616A73
:107450000870606A401C6062208D401E2085608D2F
:10746000401E6085474800681921B0FBF1F04FF4D9
:107470007A71B0FBF1F0C0EBC00000EB800001902E
:1074800000BF0198401E01900198A8B90020206318
:10749000202000E038E084F83D00002084F83E0021
:1074A000206C40F02000206462B600BF002084F809
:1074B0003C0000BF0120D4E620684069C0F3800092
:1074C0000028DED02068006840F400702168086061
:1074D00020680069616A0870606A401C6062208DE3
:1074E000401E2085608D401E608562B62068006960
:1074F000616A0870606A401C6062208D401E2085B1
:10750000608D401E608526E02A463146204602F006
:107510007BFF08B10120A4E620680069616A087059
:10752000606A401C6062208D401E2085608D401E78
:10753000608520684069C0F3800060B12068006900
:10754000616A0870606A401C6062208D401E208560
:10755000608D401E6085208D00287FF419AF2020AB
:1075600084F83D00002084F83E0000BF84F83C0011
:1075700000BF76E6022074E6020010000000FFFF64
:1075800004000100540100202DE9F8430446894617
:1075900016461F46DDF82080FFF75CFD054694F88F
:1075A0003D0020287ED11923012251492046009513
:1075B00002F080FE10B10220BDE8F88300BF94F80D
:1075C0003C00012801D10220F6E7012084F83C00AC
:1075D00000BF2068006800F0010028B9206800683A
:1075E00040F00100216808602068006820F4006015
:1075F00021680860212084F83D00102084F83E00B6
:107600000020206466626785608D20853948E062CD
:107610002B4642464946204602F0BEFD08B10120F5
:10762000CAE700BF002000902068406900902068F1
:107630008069009000BF00BF44E02A4641462046D2
:1076400002F022FF50B1206C042805D120680068A8
:1076500040F40070216808600120ADE7606A00789E
:1076600021680861606A401C6062608D401E608510
:10767000208D401E208520684069C0F3800070B1D5
:10768000208D60B1606A007821680861606A401CE2
:107690006062608D401E6085208D401E20852A46D8
:1076A000414600E022E0204602F0D6FD50B1206CB9
:1076B000042805D12068006840F400702168086043
:1076C000012079E7208D0028B7D12068006840F4B8
:1076D000007021680860202084F83D00002084F8B4
:1076E0003E0000BF84F83C0000BF65E7022063E76E
:1076F000020010000000FFFF10B586B00446002015
:1077000002900390049005901A49206888422FD176
:1077100000BF1948806940F0080017498861084691
:10772000806900F00800019000BF00BF4FF4407076
:107730000290122003900320059002A90F48FFF742
:10774000EBFA00BF0E49486840F0E06040F00200EC
:10775000486000BF00BF0848C06940F400100649F7
:10776000C8610846C06900F40010019000BF00BF66
:1077700006B010BD0054004000100240000C014053
:107780000000014070B504460CB9012070BD4CF6F4
:10779000CC402168086045F2555021680860D4E962
:1077A000001048602168A0688860FFF753FC054618
:1077B0000BE0FFF74FFC401B272806D92068C06864
:1077C00000F0030008B10320E0E72068C06800F083
:1077D00003000028EDD14AF6AA20216808600020A5
:1077E000D4E70000034800680349097808440149C8
:1077F00008607047380100204001002010B508489B
:10780000006840F0100006490860032000F0A8F866
:10781000002000F007F800F02BF8002010BD000059
:107820000020024070B504460E4800784FF47A718B
:10783000B1FBF0F00C490968B1FBF0F5284601F006
:1078400053FF08B1012070BD102C07D20022214641
:10785000501E00F047F80548046001E00120F2E7FF
:107860000020F0E740010020540100203C010020EE
:1078700008B500BF1148806940F001000F498861D8
:107880000846806900F00100009000BF00BF00BF03
:107890000846C06940F08050C8610846C06900F0E1
:1078A0008050009000BF00BF00BF0549486820F02D
:1078B000E06040F00070486000BF08BD001002406A
:1078C0000000014001460846002809DB00F01F03C4
:1078D00001229A4043099B0003F1E023C3F80021F1
:1078E00000BF70472DE9F05F80460D461646002721
:1078F00008F056FC074639462A46334601F0070091
:10790000C0F1070ABAF1040F02D94FF0040A01E0EE
:10791000C0F1070AD14600F1040ABAF1070F02D2FA
:107920004FF0000A01E0A0F1030AD4464FF0010A2B
:107930000AFA09FAAAF1010A0AEA020A0AFA0CFA90
:107940004FF0010B0BFA0CFBABF1010B0BEA030B35
:107950004AEA0B042146404608F02AFCBDE8F09FA5
:1079600000BF00F00702064B19684FF6FF031940ED
:10797000044B0B4343EA0221014B196000BF7047DF
:107980000CED00E00000FA0570B505460C4604F069
:107990008000802808D104F0070000EB800605F184
:1079A000280000EBC60105E004EB840605F5B47081
:1079B00000EBC6011AB900200873CB8004E0012057
:1079C00008730B81180C4881002070BD704770B59A
:1079D00004460D4605EB850304F1280101EBC301C4
:1079E0004A692946D4F8E80206F08AFC70BD70B5F1
:1079F00004460D4605EB850304F5B47101EBC301A4
:107A00004A692946D4F8E80206F0FAFC70BD70B560
:107A100004460E4606F0800080280AD106F00700D2
:107A200000EB800104F1280000EBC1050120687023
:107A300009E006F0070000EB800104F5B47000EBEC
:107A4000C1050020687006F00700287000BF94F898
:107A5000A802012801D1022070BD012084F8A802EB
:107A600000BF2946206807F053FB00BF002084F8C0
:107A7000A80200BF00BFEFE770B504460E4606F04F
:107A80000F006168884201D9012070BD06F08000B6
:107A900080280AD106F0070000EB800104F12800DD
:107AA00000EBC1050120687009E006F0070000EB5B
:107AB000800104F5B47000EBC1050020687000205F
:107AC000A87006F00700287000BF94F8A8020128EB
:107AD00001D10220D9E7012084F8A80200BF29467D
:107AE000206807F071FC00BF002084F8A80200BFE6
:107AF00000BFCAE72DE9F04105460C46174607F4DA
:107B00008040002850D02868B0F85010207801EB51
:107B1000C000801C296801F5806131F81000C0F3B5
:107B20000906A069B04203D3A069801BA06101E0EF
:107B30000020A061A069A8B900BF2278520029687E
:107B400031F812104BF68F7201EA020080F40050F7
:107B500040F4004141F0800123785B002A6822F85C
:107B6000131000BF07F04000A8B100BF00BF22788B
:107B70005200296831F8121048F68F7201EA0200AB
:107B800040F4004141F0C00123785B002A6822F8EC
:107B9000131000BF00BF002E55D022896169334603
:107BA000286808F087FA4EE02868B0F8501020786E
:107BB00001EBC000801D296801F5806131F81000DB
:107BC000C0F30906A069B04203D3A069801BA0617D
:107BD00001E00020A061A069A8B900BF227852008E
:107BE000296831F812104BF68F7201EA020080F416
:107BF000005040F4004141F0800123785B002A6886
:107C000022F8131000BF07F04000A8B900BF00BF62
:107C100022785200296831F8121048F68F7201EA72
:107C2000020040F4004141F0C00123785B002A6863
:107C300022F8131000BF00BF2EB16289616933467C
:107C4000286808F037FA3046BDE8F0812DE9F047A2
:107C500005460C46904608F04000002871D0286880
:107C6000B0F85010207801EBC000801C296801F5A5
:107C7000806131F81000C0F30907A069B84203D948
:107C8000A069C01BA06101E00020A061A0690028DC
:107C90007ED100BF6078C8B900BF29682A68B2F8F1
:107CA000502011442278022303EBC20201F58063C5
:107CB00003EB420000BF028848F2FF331A40028003
:107CC000028842F40042028000BF13E0607801287D
:107CD00010D100BF28682A68B2F8502010442278DA
:107CE000022303EBC20200F5806303EB4201002292
:107CF0000A8000BF00BF00BF2968607810BB00BFCA
:107D00002B68D5F800C0BCF850C0634494F800C09C
:107D10004FF0060909EBCC0C03F5806909EB4C0028
:107D200000BFB0F800C048F2FF390CEA090CA0F817
:107D300000C0B0F800C04CF4004CA0F800C000BF78
:107D400011E0C0E0607801280DD12868B0F850003B
:107D500001442078062303EBC00001F5806303EBA8
:107D600040020020108000BF21782846FFF72FFE38
:107D700008F48040002816D000BF00BF22785200CF
:107D8000296831F8121048F68F7201EA020000E00B
:107D90000AE040F4004141F4814123785B002A6805
:107DA00022F8131000BFCAE108F48040A8B100BF58
:107DB00000BF22785200296831F8121048F68F72FD
:107DC00001EA020040F4004141F4814223785B0063
:107DD000296821F8132000BF00BF94F8240001286F
:107DE000E1D1606938446061E0693844E06121694B
:107DF000206A884204D32669206A801B20620BE037
:107E0000206A20B93E46002084F8240004E00020C7
:107E100084F82400266A206200BF6078B8BB00BFE7
:107E20002A682968B1F850100A442178022303EB2C
:107E3000C10102F5806303EB4101084600BF56B95A
:107E4000038848F2FF3C03EA0C030380038843F4F1
:107E50000043038019E03E2E0BD800BF710806F0E6
:107E6000010303B1491C4FF6FF7303EA812303802A
:107E70000BE000BF710906F01F0303B9491E4FF460
:107E8000004343EA8123038000BF00BF13E0FFE704
:107E9000607801280FD100BF28682A68B2F8502006
:107EA00010442278022303EBC20200F5806303EB47
:107EB00042010E8000BF00BFB3B222896169286809
:107EC00008F027F93BE12868B0F85010207801EB62
:107ED000C000801D296801F5806131F81000C0F3F1
:107EE0000907A069B84203D3A069C01BA06101E0E3
:107EF0000020A061A06900287DD100BF6078C8B9CA
:107F000000BF29682A68B2F8502011442278022361
:107F100003EBC20201F5806303EB420000BF02885D
:107F200048F2FF331A400280028842F40042028085
:107F300000BF13E06078012810D100BF28682A68CC
:107F4000B2F8502010442278022303EBC20200F55D
:107F5000806303EB420100220A8000BF00BF00BF24
:107F60002968607808BB00BF2B68D5F800C0BCF852
:107F700050C0634494F800C04FF0060909EBCC0CE4
:107F800003F5806909EB4C0000BFB0F800C048F26F
:107F9000FF390CEA090CA0F800C0B0F800C04CF49E
:107FA000004CA0F800C000BF10E0607801280DD19F
:107FB0002868B0F8500001442078062303EBC00085
:107FC00001F5806303EB40020020108000BF2178A0
:107FD0002846FFF7FCFC08F48040002816D100BFBB
:107FE00000BF22785200296831F8121048F68F72CB
:107FF00001EA020000E00AE040F4004141F481415E
:1080000023785B002A6822F8131000BF97E008F479
:108010008040A8B900BF00BF22785200296831F81B
:10802000121048F68F7201EA020040F4004141F458
:10803000814123785B002A6822F8131000BF00BF3B
:1080400094F8240001287AD1606938446061E069BD
:108050003844E0612169206A884204D32669206A95
:10806000801B20620BE0206A20B93E46002084F885
:10807000240004E0266A0020206284F8240000BF67
:108080002A68607890BB00BFD5F800C02968B1F8B5
:1080900050108C4421784FF0060909EBC1010CF512
:1080A000806909EB4101084600BF76B9B0F800903D
:1080B00048F2FF3A09EA0A09A0F80090B0F80090E7
:1080C00049F40049A0F8009020E03E2E0FD800BFF0
:1080D000710806F00109B9F1000F00D0491C4FF6F4
:1080E000FF7909EA8129A0F800900FE010E000BFB5
:1080F000710906F01F09B9F1000F00D1491E4FF4B4
:10810000004949EA8129A0F8009000BF00BF0FE0B4
:10811000607801280CD12868B0F85000024420781B
:10812000062101EBC00002F5806101EB40031E80D7
:1081300000BFB3B262896169286807F0EAFF00BF37
:1081400022785200296831F8121048F6BF7201EA0D
:10815000020080F0100080F0200040F4004141F067
:10816000800123785B002A6822F8131000BF0020EA
:10817000BDE8F087024601F0070000EB800302F53E
:10818000B47000EBC300C06970472DE9F0470546A5
:108190000E4690461F464FF0000906F080008028EA
:1081A0000AD106F0070000EB800105F1280000EB82
:1081B000C1040120607009E006F0070000EB8001B7
:1081C00005F5B47000EBC1040020607006F00700F4
:1081D0002070C4F81080E770607808B12078E081E2
:1081E000022F01D10020207100BF95F8A8020128BC
:1081F00002D10220BDE8F087012085F8A80200BF67
:108200002146286806F05AFD00BF002085F8A80224
:1082100000BF4846EEE72DE9F04105460E461746F9
:10822000984606F0070000EB800105F5B47000EBFE
:10823000C1046761C4F818800020E061607006F036
:108240000700207006F0070020B92146286807F0D3
:1082500056F903E02146286807F051F90020BDE8EF
:10826000F08170B504460D4605F00700616888424C
:1082700001D9012070BD05F0800080280AD105F0E9
:10828000070000EB800104F1280000EBC10601208B
:10829000707007E005EB850104F5B47000EBC106D2
:1082A000002070700120B07005F00700307000BF32
:1082B00094F8A802012801D10220DBE7012084F80C
:1082C000A80200BF3146206807F0EBF805F0070070
:1082D00020B904F52C71206807F073F800BF002066
:1082E00084F8A80200BF00BFC4E72DE9F0410546AD
:1082F0000E4690461F4606F0070000EB800105F190
:10830000280000EBC104C4F81480A761012084F8A0
:10831000240027620020E0610120607006F0070061
:10832000207006F0070020B92146286807F0E7F81A
:1083300003E02146286807F0E2F80020BDE8F0815C
:108340007FB50446206807F0B1FE00F40040B0F5A8
:10835000004F02D1204603F0D1FA206807F0A6FEB4
:1083600000F48060B0F5806F0FD12068B0F8440051
:108370004FF6FF3108402168A1F84400204600F084
:108380009FF90021204600F0BBF9206807F08EFE1F
:1083900000F48040B0F5804F08D12068B0F8440068
:1083A0004BF6FF7108402168A1F84400206807F0EF
:1083B0007DFE00F40050B0F5005F08D12068B0F8F1
:1083C00044004DF6FF7108402168A1F84400206880
:1083D00007F06CFE00F48050B0F5805F1DD120687E
:1083E000B0F840004FF6FB7108402168A1F840004A
:1083F0002068B0F840004FF6F77108402168A1F8F6
:108400004000204600F06EF92068B0F844004EF6B7
:10841000FF7108402168A1F84400206807F046FE7B
:1084200000F40060B0F5006F55D1002507E0690049
:10843000206830F811002DF81500681CC5B2082D11
:10844000F5D32068B0F8400040F001002168A1F8A1
:1084500040002068B0F840004FF6FE7108402168E7
:10846000A1F8400000BF2068B0F8440000F480602C
:108470000028F8D02068B0F844004FF6FF310840DB
:108480002168A1F84400002507E03DF815006A00C6
:10849000216821F81200681CC5B2082DF5D32068A8
:1084A000B0F8400040F008002168A1F840002068C2
:1084B000B0F844004FF2FF7108402168A1F8440071
:1084C0002068B0F8400040F004002168A1F84000A6
:1084D000204600F057F9206807F0E8FD00F400702E
:1084E000B0F5007F0BD12068B0F844004FF6FF5183
:1084F00008402168A1F84400204600F0FAF82068FE
:1085000007F0D4FD00F48070B0F5807F08D12068BA
:10851000B0F844004FF6FF6108402168A1F844001C
:108520007FBD30B585B0044614B9012005B030BD1B
:1085300094F8A90228B9002084F8A802204600F087
:108540009DF8032084F8A902206806F030FF142269
:1085500004F110016846FDF7F5F994E80F0006F004
:10856000D3FD20B1022084F8A9020120DEE700211A
:10857000206807F0C4FD002531E0012105EB8502EC
:1085800004F1280000EBC200417005EB850104F105
:10859000280000F8315005EB850100EBC100C581D2
:1085A000002105EB850204F1280000EBC200C17038
:1085B00005EB850204F1280000EBC200016105EB28
:1085C000850204F1280000EBC200416105EB850241
:1085D00004F1280000EBC2008161681CC5B260682C
:1085E000A842CAD800252AE0002105EB850204F53F
:1085F000B47000EBC200417005EB850104F5B47066
:1086000000F83150002105EB850200EBC200C1707B
:1086100005EB850204F5B47000EBC200016105EBC7
:10862000850204F5B47000EBC200416105EB8502E0
:1086300004F5B47000EBC2008161681CC5B26068CB
:10864000A842D1D8142204F110016846FDF77AF946
:1086500094E80F0006F0A0FE20B1022084F8A902E1
:10866000012063E7002084F82400012084F8A90297
:10867000206806F08EFE002058E7000038B504465A
:108680000D492068884215D100BF0C48C06940F4EC
:1086900000000A49C8610846C06900F40000009063
:1086A00000BF00BF002211461420FFF71BF9142061
:1086B000FFF708F938BD0000005C004000100240E0
:1086C00070B504460125A068022801D0FDF75AFCC8
:1086D0002946D4F8E80205F0C7FFD4F8E80205F00F
:1086E00079FF70BD10B50446D4F8E80205F0A0FF8C
:1086F00010BD10B50446D4F8E80205F0A4FF10BD83
:1087000070B504460D4600BF94F8A802012801D1B7
:10871000022070BD012084F8A80200BF84F8245014
:108720002946206807F0EEFC00BF002084F8A8026C
:1087300000BF00BFEDE710B5044604F52C71D4F876
:10874000E80205F0A8FF10BD10B5044600BF94F87C
:10875000A802012801D1022010BD012084F8A8023E
:1087600000BF206807F090FC01212046FFF72EF99A
:10877000206806F00BFE00BF002084F8A80200BFAE
:1087800000BFE9E710B50446D4F8E80205F0DCFFC5
:10879000A06928B10348006840F00600014908605C
:1087A00010BD000010ED00E0012001490862704793
:1087B00000000E422DE9F04385B006463BA30FCBE7
:1087C00001AC0FC43DA0006800904FF000080025E8
:1087D00000270024A146012E30D0022E55D0102EA5
:1087E0005ED137484468006800F0807000B301A88B
:1087F000C4F38341475C04F4803070B13048406872
:10880000C0F340401DF8008004F4803040B12D4892
:10881000B0FBF8F000FB07F502E02B4807FB00F582
:108820002748406800F48000B0F5800F01D1A946C8
:1088300003E068000321B0FBF1F932E02048046A4C
:1088400004F44070B0F5807F05D104F0020010B14F
:108850004FF4004918E004F44070B0F5007F07D1F0
:108860001748406A00F0020010B149F640490BE099
:1088700004F44070B0F5407F06D11148006800F460
:10888000003008B14FF224490BE000F09BF90C498D
:108890004968C1F38131491C4900B0FBF1F900E09E
:1088A00000BF00BF484605B0BDE8F08302030405E1
:1088B000060708090A0B0C0D0E0F1010010200002C
:1088C0000010024000127A0000093D00F8B504468D
:1088D00000260025207800F0010000286BD000273A
:1088E0004348C06900F0805070B900BF4048C0697B
:1088F00040F080503E49C8610846C06900F0805091
:10890000009000BF00BF01273A48006800F4807063
:10891000B0B93848006840F4807036490860FEF706
:1089200099FB064606E0FEF795FB801B642801D9FB
:108930000320F8BD2F48006800F480700028F2D0B2
:108940002B48006A00F440752DB3A08800F44070F5
:10895000A84220D02648006A20F44075012026490C
:108960000860002008602248056205F0010090B10F
:10897000FEF770FB064608E0FEF76CFB801B41F239
:108980008831884201D90320D3E71948006A00F0F2
:1089900002000028F0D01648006A20F44070616898
:1089A000084313490862012F04D10846C06920F02A
:1089B0008050C86100BF207800F00200022807D173
:1089C0000B48406820F44040A168084308494860CB
:1089D000207800F01000102807D10548406820F4E6
:1089E0008000E1680843024948600020A1E70000D8
:1089F00000100240007000404004424270470000F6
:108A000070B504460D460CB9012070BD5A48006887
:108A100000F00700A8420ED25748006820F0070077
:108A20002843554908600846006800F00700A8423E
:108A300001D00120E9E7207800F0020002281DD1D2
:108A4000207800F00400042805D14C48406840F428
:108A5000E0604A494860207800F00800082805D105
:108A60004648406840F46050444948604348406884
:108A700020F0F000A168084340494860207800F0E9
:108A8000010078B36068012806D13C48006800F412
:108A9000003090B90120B8E76068022806D1374855
:108AA000006800F0007040B90120AEE7334800686C
:108AB00000F0020008B90120A7E73048406820F024
:108AC0000300616808432D494860FEF7C3FA064673
:108AD00009E0FEF7BFFA801B41F28831884202D9D3
:108AE000032092E707E02548406800F00C00616829
:108AF000B0EB810FEDD12048006800F00700A842DC
:108B00000ED91D48006820F0070028431A49086064
:108B10000846006800F00700A84201D0012074E771
:108B2000207800F00400042807D11448406820F49D
:108B3000E060E168084311494860207800F00800CF
:108B4000082808D10D48406820F46050216940EAA7
:108B5000C1000A49486000F045F808494968C1F376
:108B60000311074A515CC84006490860064800687E
:108B7000FEF758FE002048E70020024000100240A7
:108B800058200108540100203C0100200120014927
:108B9000C864704700004242014800687047000006
:108BA0005401002000B5FFF7F7FF04494968C1F3FD
:108BB0000221034A515CC84000BD00000010024081
:108BC0006820010800B5FFF7E7FF04494968C1F3D1
:108BD000C221034A515CC84000BD000000100240A1
:108BE00068200108F0B585B00FF26C0C9CE8E0102D
:108BF00001A8A0E8E0101CA52D6800950021002226
:108C0000002300240020194D696801F00C05F5B11E
:108C1000042D02D0082D19D101E0154819E001AD4D
:108C2000C1F38346AC5D01F4803555B10F4D6D68DD
:108C3000C5F340451DF805200D4D6543B5FBF2F326
:108C400002E00C4D04FB05F3184602E000BF0848A3
:108C500000BF00BF05B0F0BD020304050607080908
:108C60000A0B0C0D0E0F1010010200000010024044
:108C700000127A0000093D0010B50648806800F037
:108C80008000802804D1FFF7B9FE80200149887256
:108C900010BD000000100240F8B504460CB90120D8
:108CA000F8BD207800F00100002878D0F84840682E
:108CB00000F00C0004280CD0F548406800F00C00CF
:108CC000082811D1F248406800F48030B0F5803FA8
:108CD0000AD1EF48006800F4003000285FD06068D7
:108CE00000285CD10120DBE700BF6068B0F5803F61
:108CF00006D1E748006840F48030E549086028E084
:108D0000606858B9E248006820F48030E0490860A3
:108D10000846006820F4802008601AE06068B0F51A
:108D2000A02F0BD1DA48006840F48020D8490860B1
:108D30000846006840F4803008600AE0D4480068C3
:108D400020F48030D24908600846006820F4802072
:108D5000086000BF606888B1FEF77CF9054606E050
:108D6000FEF778F9401B642801D9032098E7C8482A
:108D7000006800F400300028F2D010E0FEF76AF935
:108D8000054606E0FEF766F9401B642801D903207A
:108D900086E7BF48006800F400300028F2D1207850
:108DA00000F00200022857D1B948406800F00C00DA
:108DB00050B1B748406800F00C00082818D1B448FA
:108DC000406800F4803098B9B148006800F00200B3
:108DD00020B12069012801D0012061E7AC4800687A
:108DE00020F0F800616940EAC100A949086033E059
:108DF0002069E8B10120A7490860FEF72BF9054674
:108E000006E0FEF727F9401B022801D9032047E7B7
:108E10009F48006800F002000028F2D09C480068DB
:108E200020F0F800616940EAC1009949086013E048
:108E3000002098490860FEF70DF9054606E0FEF7A8
:108E400009F9401B022801D9032029E7904800684E
:108E500000F002000028F2D1207800F00800082875
:108E60002DD1A069B8B101208B490860FEF7F2F856
:108E7000054606E0FEF7EEF8401B022801D9032064
:108E80000EE78348406A00F002000028F2D001207B
:108E900003F014FE13E000207F490860FEF7DAF8C3
:108EA000054606E0FEF7D6F8401B022801D903204C
:108EB000F6E67748406A00F002000028F2D12078F8
:108EC00000F00400042873D100277148C06900F045
:108ED000805070B900BF6E48C06940F080506C4946
:108EE000C8610846C06900F08050009000BF00BF14
:108EF00001276A48006800F48070B0B967480068CC
:108F000040F4807065490860FEF7A4F8054606E065
:108F1000FEF7A0F8401B642801D90320C0E65F4893
:108F2000006800F480700028F2D000BFE0680128DB
:108F300006D15748006A40F001005549086227E011
:108F4000E06858B95248006A20F0010050490862B0
:108F50000846006A20F00400086219E0E06805286D
:108F60000BD14B48006A40F00400494908620846AA
:108F7000006A40F0010008620AE04548006A20F0FB
:108F80000100434908620846006A20F004000862B4
:108F900000BFE068A0B1FEF75DF8054609E0FEF706
:108FA00059F8401B41F28831884202D9032077E604
:108FB00022E03748006A00F002000028EFD012E0FB
:108FC000FEF748F8054608E0FEF744F8401B41F27A
:108FD0008831884201D9032062E62D48006A00F0FA
:108FE00002000028F0D1012F05D12948C06920F0E6
:108FF00080502749C86100BFE069C8B32448406871
:1090000000F00C00082860D0E069022848D1002058
:1090100020490866FEF71EF8054606E0FEF71AF836
:10902000401B022801D903203AE61948006800F0E5
:1090300000700028F2D1206AB0F5803F07D11448B3
:10904000406820F40030A168084311494860D4E921
:10905000080108430E49496821F4741108430C497A
:10906000486001200B490866FDF7F4FF054607E05C
:109070003DE0FDF7EFFF401B022801D903200FE67A
:109080000348006800F000700028F2D02FE00000D4
:109090000010024000004242800442420070004042
:1090A000002014490866FDF7D5FF054606E0FDF7E8
:1090B000D1FF401B022801D90320F1E50E480068CA
:1090C00000F000700028F2D111E0E069012800D121
:1090D000E6E50948466806F48031206A814204D1F9
:1090E00006F47011606A814201D00120D8E50020A9
:1090F000D6E5000000004242001002402DE9F04792
:1091000080460E469246002500270024A146404690
:1091100003F02DFD81462548B9FBF0F42448006892
:10912000A04240D02248046040F2B2750EE02846CA
:1091300007F0BEF9012806D1B4F5B77F02D3A4F534
:10914000B77402E005E0A4F26D146D1CB4F5B67FAF
:10915000EDD800BF2F46A5F5FA60F070002515E0A8
:10916000012D09D1384607F0A3F9012804D11D2C9F
:1091700001D31D3C09E00BE00E48405DA04203D83E
:109180000C48405D241A00E002E06D1C1C2CE7D264
:1091900000BF681C7070601CB070B2787178F07895
:1091A00003F0FFFC30700020BDE8F0878051010023
:1091B000500100204C2001082DE9F04707460C46DD
:1091C00091460026B046002538684068C0F380000C
:1091D00010B10120BDE8F087384603F0C8FC064610
:1091E0004FF46160B6FBF0F5B6FBF0F100FB1160E7
:1091F0003C21B0FBF1F060704FF46160B6FBF0F120
:1092000000FB11603C21B0FBF1F201FB1200A070E9
:109210001820B5FBF0F100FB11502070182D08D379
:109220001820B5FBF0F8B5FBF0F100FB11502070F1
:1092300000E025700020CDE770B5044600250CB98C
:10924000012070BD607C20B900202074204600F011
:109250005BF802206074204600F085F918B1042004
:1092600060740120EDE7204603F047FC18B10420AC
:1092700060740120E5E72068406820F0070021685D
:109280004860A06828B11F48006820F001001D490F
:1092900008601C48001F006820F46070A168084343
:1092A0001849091F08606068401C08B1656809E03A
:1092B0000120FFF77FFA05461DB9042060740120E4
:1092C000BFE76D1E2068806820F00F0040EA15405F
:1092D000216888602068C06865F30F002168C86055
:1092E000204603F027FC18B1042060740120A8E791
:1092F0000021E17301216173A173012060740020DA
:109300009FE70000306C004038B504460B492068E8
:10931000884212D1FFF748FA00BF0948C06940F0FF
:1093200000600749C8610846C06900F0006000900D
:1093300000BF00BF01200349086038BD002800407D
:10934000001002403C0442422DE9F04F87B006462F
:109350000F464FF00009002006908046002405903B
:1093600004900390824600BF48A207CA8DE8070018
:10937000304603F0FCFB81464FF46160B9FBF0F02E
:1093800006904FF46160B9FBF0F100FB11903C21B5
:10939000B0FBF1F0C0B204904FF46160B9FBF0F1A2
:1093A00000FB11903C21B0FBF1F201FB1200039095
:1093B00018210698B0FBF1F201FB12000590F87835
:1093C00000F5FA6840F63300804500D9804640F247
:1093D000B270804500D2804640F2B2750AE028465D
:1093E00007F066F8012802D12B48044401E02B481D
:1093F00004446D1C4545F2D397F801A0404607F0A0
:1094000057F8012804D1BAF1020F01D924480444C5
:10941000AAF1010A002507E01DF8050040F2A3218A
:10942000484304EBC0146D1C5545F5D397F802B0C2
:10943000ABF1010040F2A321484304EBC0140598AE
:10944000C0EB4011C1EB002004EB00140498C0EB0A
:10945000001004EB80040398044400BF307C012812
:1094600003D1022007B0BDE8F08F0120307400BFA7
:10947000022070742146304603F0D5FB0120707441
:1094800000BF0020307400BF00BFEBE71F1C1F1E91
:109490001F1E1F1F1E1F1E1F0085E2018033E101DA
:1094A000805101002DE9F05F04460D4690460026EC
:1094B0000027B146B246204603F059FB07464FF459
:1094C0006160B7FBF0F9B9F1180F0AD31820B9FBA6
:1094D000F0FA0AEB4A00C0004FF4616100FB01F7AB
:1094E00000E0002700BF207C012802D10220BDE857
:1094F000F09F0120207400BF02206074B8F1000FBB
:109500000BD128784FF4616148436978C1EB0111B0
:1095100000EB8100A978461812E0287803F0E2FAFF
:109520004FF4616100FB01FB687803F0DBFAC0EBEC
:1095300000100BEB800BA87803F0D4FA0BEB0006BD
:109540003E443146204603F06EFB2068406820F020
:109550000500216848600120607400BF002020746D
:1095600000BF00BFC3E770B5044600250CB9012059
:1095700070BD2068406820F0080021684860FDF751
:1095800069FD054607E0FDF765FD401BB0F57A7FF4
:1095900001D90320ECE72068406800F008000028AB
:1095A000F1D00020E4E710B504460CB9012010BD4D
:1095B000606A38B96068B0F5827F00D105E00021AB
:1095C000E16102E00021216161610021A16294F862
:1095D000510028B9002084F85000204600F042F8DD
:1095E000022084F851002068006820F040002168C3
:1095F0000860A08800F48270218901F404410843C6
:10960000A18901F400610843217C01F002010843B3
:10961000217D01F001010843218B01F40071084311
:10962000217F01F0380108432021095D01F080010C
:109630000843218D01F4005108432168086004218A
:10964000A06901EA1040216848602068C06920F4E0
:1096500000602168C86100206065012084F8510025
:109660000020A4E710B586B00446002002900390C5
:10967000049005901949206888422DD100BF1848F0
:10968000806940F48050164988610846806900F47A
:109690008050019000BF00BF00BF0846806940F0C5
:1096A000040088610846806900F00400019000BF52
:1096B00000BFA0200290022003900320059002A981
:1096C0000848FDF729FB40200290002003900490F9
:1096D00002A90448FDF720FB06B010BD0030014090
:1096E000001002400008014070B504462546681E7F
:1096F000B0F1807F01D301200FE0681E4FF0E02120
:1097000048610F214FF0FF3006F052FD00204FF06E
:10971000E021886107200861002070BD7047704714
:1097200030B502460B4600BF92F83C00012801D13B
:10973000022030BD012082F83C0000BF022082F8E8
:109740003D00106844681068816824F0700418684F
:10975000044310684460104D1068A8420BD0106894
:10976000B0F1804F07D00D4D1068A84203D00C4DCA
:109770001068A84205D121F08001586801431068A3
:109780008160012082F83D0000BF002082F83C008B
:1097900000BF00BFCDE70000002C014000040040E6
:1097A0000008004010B504460CB9012010BD94F823
:1097B0003D0028B9002084F83C00204600F026F83F
:1097C000022084F83D00211D206803F0D5FE012011
:1097D00084F8460000BF84F83E0001213F20015577
:1097E000402001554120015500BF00BF012084F8F1
:1097F000420043200155442001554520015500BF3A
:10980000012084F83D000020D0E7000038B5044670
:109810001A492068884216D100BF1948C06940F033
:1098200002001749C8610846C06900F002000090B4
:1098300000BF00BF002211461D20FEF753F81D2077
:10984000FEF740F819E02068B0F1804F15D100BF55
:109850000B48C06940F001000949C8610846C06969
:1098600000F00100009000BF00BF022211461C2042
:10987000FEF738F81C20FEF725F838BD000400403C
:1098800000100240014691F83D00012801D001205E
:109890007047022081F83D00124B086898420BD0B7
:1098A0000868B0F1804F07D00F4B0868984203D08A
:1098B0000E4B086898420CD10868806800F00702D7
:1098C000062A0CD00868006840F001000B68186098
:1098D00005E00868006840F001000B68186000208F
:1098E000D6E70000002C01400004004000080040C2
:1098F0002DE9F04104460D4600BF94F83C000128D4
:1099000002D10220BDE8F081012084F83C0000BFB4
:10991000022084F83D002068866826F0770626F449
:109920007F46206886602868502833D00CDC2028C9
:1099300050D004DC00284BD0102851D149E0302809
:1099400049D040284CD139E060282DD0702807D06C
:10995000B0F5805F03D0B0F5005F41D10DE040E08D
:10996000D5E902136A68206803F040FE2068866823
:1099700046F077062068866033E0D5E902136A680E
:10998000206803F033FE2068806840F4804021683E
:10999000886026E0EA686968206803F03BFE502191
:1099A000206803F02EFE1CE0EA686968206803F076
:1099B00044FE6021206803F024FE12E0EA68696832
:1099C000206803F027FE4021206803F01AFE08E01B
:1099D00000BF00BF00BF2968206803F012FE00E04E
:1099E00000BF00BF012084F83D0000BF002084F8C4
:1099F0003C0000BF00BF85E7704710B504462068F3
:109A00000069C0F34000D8B12068C068C0F34000CE
:109A1000B0B16FF002002168086101202077206852
:109A2000806900F0030018B12046FFF7E5FF05E06C
:109A3000204600F0ADF8204600F0ABF8002020777B
:109A400020680069C0F38000D8B12068C068C0F306
:109A50008000B0B16FF00400216808610220207717
:109A60002068806900F4407018B12046FFF7C4FFF9
:109A700005E0204600F08CF8204600F08AF800202F
:109A8000207720680069C0F3C000D8B12068C068A2
:109A9000C0F3C000B0B16FF0080021680861042075
:109AA00020772068C06900F0030018B12046FFF756
:109AB000A3FF05E0204600F06BF8204600F069F8AF
:109AC0000020207720680069C0F30010D8B120681A
:109AD000C068C0F30010B0B16FF0100021680861D9
:109AE000082020772068C06900F4407018B1204633
:109AF000FFF782FF05E0204600F04AF8204600F01C
:109B000048F8002020772068006900F0010058B173
:109B10002068C06800F0010030B16FF001002168DA
:109B20000861204600F036F820680069C0F3C010D4
:109B300058B12068C068C0F3C01030B16FF0800029
:109B4000216808612046FFF7E9FD20680069C0F33D
:109B5000801058B12068C068C0F3801030B16FF039
:109B6000400021680861204600F020F82068006964
:109B7000C0F3401058B12068C068C0F3401030B145
:109B80006FF02000216808612046FFF7C8FD10BD76
:109B90007047704710B5044603492068884201D1D8
:109BA00003F080FB10BD00000004004070477047C8
:109BB000704700002DE9F84F0446206805682068CA
:109BC000C668206847694FF00009CA4605F00F09CA
:109BD000B9F1000F0AD105F0200038B106F02000DD
:109BE00020B1204603F072FDBDE8F88FB9F1000FF7
:109BF00071D007F0010018B906F4907000286AD0FF
:109C000005F0010030B106F4807018B1206C40F00E
:109C10000100206405F0040030B107F0010018B124
:109C2000206C40F00200206405F0020030B107F023
:109C3000010018B1206C40F00400206405F0080019
:109C400048B106F0200010B907F0010018B1206CEF
:109C500040F008002064206C68B305F0200028B1B3
:109C600006F0200010B1204603F030FD2068406966
:109C7000C0F3801A206C00F0080010B9BAF1000F90
:109C800022D0204603F0F7FC2068406900F0400035
:109C9000B0B12068406920F0400021684861A06BA5
:109CA00050B15648A16B4863A06BFCF7A3FE10B1FE
:109CB000A06B416B88470CE02046FFF779FF08E076
:109CC0002046FFF775FF04E02046FFF771FF0020F4
:109CD000206489E7FFE7206B012878D105F01000A8
:109CE000002874D006F01000002870D000BF0020BB
:109CF000009020680068009020684068009000BFD5
:109D000000BF2068406900F04000C0B3A06B00684D
:109D100040681FFA80F8B8F1000F2FD0A08D4045A1
:109D20002CDDA4F82E80A06B806920281FD020682D
:109D3000C06820F480702168C8602068406920F005
:109D40000100216848612068406920F040002168D6
:109D50004861202084F83E00002020632068C0680D
:109D600020F010002168C860A06BFCF717FEA08DE2
:109D7000E28D801A81B22046FFF719FF34E7FFE732
:109D8000A08DE18D401A1FFA80F8E08DE8B1B8F19E
:109D9000000F1AD02068C06820F490702168C86055
:109DA0002068406920F0010021684861202084F883
:109DB0003E00002020632068C06820F01000216869
:109DC000C86041462046FFF7F2FE0DE7FFE705F0C9
:109DD000800030B106F0800018B1204603F066FD27
:109DE00002E705F0400030B106F0400018B120460F
:109DF00003F05CFCF8E600BFF6E6000063D600085E
:109E000010B504460CB9012010BDA06900B100E0F6
:109E100000BF94F83D0028B9002084F83C0020469B
:109E200000F028F8242084F83D002068C06820F461
:109E300000502168C860204603F0BAFC2068006921
:109E400020F49040216808612068406920F02A00D1
:109E5000216848612068C06840F400502168C860EB
:109E600000202064202084F83D0084F83E0000207B
:109E7000CAE7000010B586B00446002002900390A7
:109E8000049005905D49206888423FD100BF5C483E
:109E9000806940F480405A4988610846806900F42E
:109EA0008040019000BF00BF00BF0846806940F0BD
:109EB000080088610846806900F00800019000BF32
:109EC00000BF40200290022003900320059002A9C9
:109ED0004C48FCF721FF8020029000200390049062
:109EE00002A94848FCF718FF00BF4749486840F0FE
:109EF000E06040F00400486000BF002211462520C9
:109F0000FDF7F0FC2520FDF7DDFC75E03F492068FA
:109F1000884236D100BF3A48C06940F40030384921
:109F2000C8610846C06900F40030019000BF00BF5E
:109F300000BF0846806940F00400886108468069D7
:109F400000F00400019000BF00BF04200290022036
:109F500003900320059002A92D48FCF7DDFE0820A0
:109F6000029000200390049002A92948FCF7D4FE37
:109F7000002211462620FDF7B5FC2620FDF7A2FCA5
:109F80003AE024492068884236D100BF1C48C069A5
:109F900040F480201A49C8610846C06900F4802056
:109FA000019000BF00BF00BF0846806940F0080074
:109FB00088610846806900F00800019000BF00BF7A
:109FC00008150290022003900320059002A90D4875
:109FD000FCF7A2FE4FF40060029000200390049072
:109FE00002A90848FCF798FE002211462720FDF739
:109FF00079FC2720FDF766FC06B010BD0038014053
:10A0000000100240000C01400000014000440040EC
:10A0100000080140004800407047704700BFFEE75D
:10A02000014608684069C0F38020B0B16FF48060D9
:10A030000A68506100200863202081F83D0000205C
:10A0400081F83E00086C40F00400086400BF002066
:10A0500081F83C0000BF012070470020FCE70000B1
:10A060002DE9F84304460D4690461E46E76A2068EF
:10A07000006840F4806021680860082F04D0012F38
:10A0800002D017F5803F06D12068006840F4807048
:10A090002168086008E0206B112805D1206800685D
:10A0A00040F4807021680860434600224FF001119F
:10A0B0002046009600F0FEF860B12068006800F4C9
:10A0C0008070B0F5807F02D14FF4007020640320CF
:10A0D000BDE8F8832069B0F5804F05D1E8B240F0C3
:10A0E00001002168086149E005F44070F02141EA6F
:10A0F000E01021680861334642462649204600F0B8
:10A1000021F908B10120E3E7E8B22168086133468C
:10A1100042462049891F204600F014F908B1012069
:10A12000D6E700BF002000902068406900902068BA
:10A130008069009000BF00BF2068006840F4807014
:10A1400021680860434600224FF001112046009626
:10A1500000F0B0F858B12068006800F48070B0F5E5
:10A16000807F02D14FF4007020640320B0E705F433
:10A170004070F12141EAE01021680861334642460F
:10A180000449891F204600F0DDF808B101209FE74F
:10A1900000209DE7080001002DE9F84304460D4624
:10A1A00017469846E66A082E04D0012E02D016F50E
:10A1B000803F06D12068006840F480702168086004
:10A1C00008E0206B122805D12068006840F48070F8
:10A1D000216808603B4600224FF001112046CDF86F
:10A1E000008000F067F860B12068006800F48070BB
:10A1F000B0F5807F02D14FF4007020640320BDE8E9
:10A20000F8832069B0F5804F04D105F0FE00216885
:10A21000086112E005F44070F02141EAE010216885
:10A22000086143463A460B49204600F08BF808B1D6
:10A230000120E4E7E8B22168086143463A4605494F
:10A24000891F204600F07EF808B10120D7E70020E2
:10A25000D5E700000800010070B504460D4616461B
:10A2600020E02046FFF7DCFE08B1012070BD681C2D
:10A27000C0B1FCF7EFFE801BA84200D895B90020C2
:10A280002063202084F83D00002084F83E00206CEC
:10A2900040F02000206400BF002084F83C0000BF94
:10A2A0000120E3E720684069C0F380000028D8D08F
:10A2B0000020DBE72DE9F04704460D4617461E4611
:10A2C000DDF820804FF000091FE0701CE8B109F1B3
:10A2D0000109FCF7BFFEA0EB0800B04200D8A6B908
:10A2E00000202063202084F83D00002084F83E00F8
:10A2F000206C40F02000206400BF002084F83C0067
:10A3000000BF81460120BDE8F087C5F30740012862
:10A310000AD120684069A9B20840A9B2884201D197
:10A3200001200BE0002009E020688069A9B2084004
:10A33000A9B2884201D1012000E00020B842C4D077
:10A340000020E0E72DE9F04104460D4616461F4681
:10A350003DE020684069C0F38020E8B120680068D3
:10A3600040F40070216808606FF4806021684861E3
:10A3700000202063202084F83D00002084F83E0067
:10A38000206C40F00400206400BF002084F83C00F2
:10A3900000BF0120BDE8F081701CC0B1FCF75AFE7F
:10A3A000C01BB04200D896B900202063202084F85A
:10A3B0003D00002084F83E00206C40F02000206426
:10A3C00000BF002084F83C0000BF0120E2E7C5F395
:10A3D000074001280AD120684069A9B20840A9B203
:10A3E000884201D101200BE0002009E0206880694B
:10A3F000A9B20840A9B2884201D1012000E00020A2
:10A400000028A6D00020C5E770B504460D461646C4
:10A4100032E020684069C0F30010A0B16FF0100076
:10A420002168486100202063202084F83D0000203E
:10A4300084F83E00206C206400BF002084F83C00BB
:10A4400000BF012070BDFCF705FE801BA84200D8AC
:10A4500095B900202063202084F83D00002084F876
:10A460003E00206C40F02000206400BF002084F8F3
:10A470003C0000BF0120E5E720684069C0F3801080
:10A480000028C6D00020DDE770B504460D4616460C
:10A4900020E02046FFF7C4FD08B1012070BD681C14
:10A4A000C0B1FCF7D7FD801BA84200D895B90020A9
:10A4B0002063202084F83D00002084F83E00206CBA
:10A4C00040F02000206400BF002084F83C0000BF62
:10A4D0000120E3E720684069C0F3C0100028D8D00D
:10A4E0000020DBE730B59FB004460D4670223949A5
:10A4F00003A8FBF727FA332D50D006DC102D0BD024
:10A50000122D58D0142D63D121E0352D2CD0372DAC
:10A5100010D0392D5CD134E003A86021A300CDE92F
:10A5200000102D4802782D492D4801F023FDC0B2BE
:10A530001FB030BD07A86121A300CDE90010264857
:10A5400002782649264801F015FDC0B2F0E70BA8B5
:10A550006021A300CDE900101F4802781F49204860
:10A5600001F008FDC0B2E3E70FA86121A300CDE927
:10A570000010194802781949194801F0FBFCC0B2D3
:10A58000D6E713A86121A300CDE900101248027894
:10A590001249134801F0EEFCC0B2C9E717A86121C7
:10A5A000A300CDE900100C4802780C490C4801F0DA
:10A5B000E1FCC0B2BCE71BA86021A300CDE90010FC
:10A5C000054802780549064801F0D4FCC0B2AFE75F
:10A5D0000120ADE77020010890000020F02100204C
:10A5E000B809002070B504460D46224629460248A7
:10A5F00001F002FDC0B270BDB80900207FB506466B
:10A600000C46324669462A4801F0F6FC10B101209A
:10A6100004B070BD00250BE01DF8051005F1080021
:10A620001DF80000814201D00120F1E7681CC5B28D
:10A63000042DF1DB00250CE0281D1DF800001DF89D
:10A64000051081F0FF01884201D00120E0E7681C7D
:10A65000C5B2042DF0DB9DF80C0050B99DF80D003B
:10A66000FF2806D19DF80E0018B99DF80F00FF28AD
:10A6700001D00120CCE79DF8030020602068000293
:10A6800020609DF8021020680844206020680002C5
:10A6900020609DF8011020680844206020680002B6
:10A6A00020609DF800102068084420600020AFE77B
:10A6B000B809002070B504463223002221460D4817
:10A6C00001F04AFD0C49086008460068401C30B99A
:10A6D0000020E070A07060702070012070BD002527
:10A6E00004E0605D05494855681CC5B2042DF8DBDF
:10A6F0000020F3E7B809002090000020F02100209E
:10A7000070B504460D4622462946024801F0A2FCD7
:10A71000C0B270BDB809002030B585B005460C4602
:10A720002DA000680490E0B28DF81000200A8DF88A
:10A730001100200C8DF81200200E8DF813009DF8EA
:10A7400010008DF800009DF811008DF801009DF8B3
:10A7500012008DF802009DF813008DF803009DF89B
:10A76000100080F0FF008DF804009DF8110080F0CB
:10A77000FF008DF805009DF8120080F0FF008DF8B5
:10A7800006009DF8130080F0FF008DF807009DF88B
:10A7900010008DF808009DF811008DF809009DF853
:10A7A00012008DF80A009DF813008DF80B000020B0
:10A7B0008DF80C00FF208DF80D0000208DF80E00A4
:10A7C000FF208DF80F002A466946044801F042FC3C
:10A7D000C0B205B030BD000001000000B809002083
:10A7E000002001E0411CC8B20128FBDB704730B5F6
:10A7F0000B46002100BF16E00A24B4EB107F05D9F8
:10A80000302404EB107403F8114005E0412404EBFC
:10A8100010740A3C03F81140000100254C00641C30
:10A820001D554C1CE1B29142E6DB30BD10B503482A
:10A8300001F099FB014801F0EDFC10BDB8090020C2
:10A8400000B585B00020019002900390049000BFF5
:10A850004648806940F01000444988610846806994
:10A8600000F01000009000BF00BF00BF08468069E4
:10A8700040F0200088610846806900F020000090C8
:10A8800000BF00BF00BF0846806940F00400886137
:10A890000846806900F00400009000BF00BF00BFC0
:10A8A0000846806940F0080088610846806900F029
:10A8B0000800009000BF00BF00224FF4E2612C4866
:10A8C000FCF7C2FB002201212A48FCF7BDFB4FF434
:10A8D000E260019001200290002003900320049088
:10A8E00001A92348FCF718FA0120019002900020EA
:10A8F00003900220049001A91E48FCF70DFA2020C5
:10A9000001901D4802900220039001A91948FCF70C
:10A9100003FA012211461720FCF7E4FF1720FCF789
:10A92000D1FF002202211248FCF78EFB0220019089
:10A9300001200290002003900320049001A90C48FC
:10A94000FCF7EAF90122D1030948FCF77DFB4FF43B
:10A950000040019001200290002003900320049009
:10A9600001A90348FCF7D8F905B000BD001002406A
:10A9700000080140000C01400000311010B50C48E7
:10A980000C4908600C48486000210A488160902109
:10A99000C1604FF480410161002141618161C16169
:10A9A0000162FCF75DFB08B1FBF7ECFA10BD00009B
:10A9B00000540040DC090020801A060010B507484A
:10A9C000074908600620486040F6FF71044881602E
:10A9D000FCF7D8FE08B1FBF7D5FA10BD00300040F7
:10A9E000D00900201CB500200190009007480849BC
:10A9F00008604FF0FF3048604FF480710448816078
:10AA0000FEF71AFC08B1FBF7BDFA1CBD0028004098
:10AA1000300A002010B50F480F4908604FF48270CB
:10AA2000486000210C488160C160016141614FF4C0
:10AA3000007181611821C1618021016200214162A0
:10AA400081620A21C162FEF7AEFD08B1FBF79AFAF6
:10AA500010BD000000300140440A002000B587B05E
:10AA600000200390049005900690019002901448F5
:10AA70001449086040F2DB504860002111488160B1
:10AA80000121C160002101618161FEF78BFE08B1E7
:10AA9000FBF778FA4FF48050039003A90948FEF7BA
:10AAA00027FF08B1FBF76EFA00200190029001A980
:10AAB0000448FEF735FE08B1FBF764FA07B000BDA5
:10AAC000000400409C0A002010B50B480B490860A8
:10AAD0004FF461404860002108488160C160016115
:10AAE0000C21416100218161C161FFF789F908B141
:10AAF000FBF748FA10BD000000380140E40A0020CE
:10AB000010B50B480B4908604FF4E1304860002154
:10AB100008488160C16001610C21416100218161AF
:10AB2000C161FFF76DF908B1FBF72CFA10BD000009
:10AB300000440040280B00201FB500200090019029
:10AB4000029003904FF48050009001200190022069
:10AB500002900320039069461448FCF7DDF80022B8
:10AB60004FF480511148FCF76FFA6420FBF79AFF0D
:10AB700000220F490F4803F084FB08B1FBF702FAEB
:10AB80000D490C4803F016FE08B1FBF7FBF90B4921
:10AB9000084803F01CF808B1FBF7F4F9054803F086
:10ABA000D3FE08B1FBF7EEF91FBD0000000801401D
:10ABB000D0000020B00B00206801002028010020F8
:10ABC00000BFFEE7FEF758F800BFFEE72DE9FF4F94
:10ABD00091B00F4698460026B3460120039000200E
:10ABE00002900190FA480078012811D0022802D082
:10ABF000032827D119E00520F64908701520F649E9
:10AC000008703720F54908702020F549087026E0C3
:10AC10000420F04908701020EF4908703920EF49EE
:10AC200008700020EE49087019E00520E949087015
:10AC30001520E94908703720E84908704020E849A4
:10AC400008700CE00520E34908701420E249087000
:10AC50003720E24908700020E149087000BF00BFBA
:10AC60000020E04908708246002121980160229866
:10AC70000160DCE00AF1010000F0FF0A002003900F
:10AC8000039800283BD10DA8FFF714FD28B10DA8AB
:10AC9000FFF710FD08B1761CC9E04AF6AA20D24998
:10ACA00009680860761C002405E00DA8005DCF4906
:10ACB0000855601CC4B2042CF7DBCC4840683860EF
:10ACC00000F072FA81460198072803DDFF2015B0D5
:10ACD000BDE8F08FB9F1000F11D0C448406838606A
:10ACE000B9F1040F03D0B9F10B0F07D101E00E2029
:10ACF000EDE70198401CC0B2019098E097E0002079
:10AD00000390386830B1B94840683968884201D04A
:10AD10000920DCE7B54840683860B448816813987A
:10AD2000006881420BD0B148816813980160AF4838
:10AD30008068FB2801D10B20C9E70A20C7E7AB4890
:10AD4000816813980160A5480178A2480078FFF750
:10AD5000C9FB00B16BE005A99F480078FFF742FCF2
:10AD600000B164E09DF8150004900498000204907E
:10AD70009DF814100498084404909C48417B249842
:10AD800001709A480169239801609848017B2598D1
:10AD90000170386800B94AE0002544E000240CE066
:10ADA0009248005D05EB0511914A02EB8101095DB6
:10ADB000884200D003E0601CC4B2042CF0DB00BF6A
:10ADC000042C2EDB05EB0510894901EB8000407D4A
:10ADD00005EB0511864A02EB8101097DC1EB0111EA
:10ADE00000EB8100C0F13C0010901098002802DABE
:10ADF00010984042109010980A280ADA4FF0010B80
:10AE000005EB05107A4A02EB800144227748FAF7F5
:10AE100099FD05EB0511764A02EB8100FBF788F8F6
:10AE200003E0681CC5B2052DB8DB00BF02E00A2EA6
:10AE3000FFF420AF00BF052E01D3012047E7BBF18F
:10AE4000000F5CD16B48007808B152201190674820
:10AE5000C169219801606548C06964490862084673
:10AE6000C0F81880119848736348007808756348E3
:10AE700000784875209808610846007B0D2801DDA0
:10AE8000002008731198132801D102201190119805
:10AE900000F00F00012802D002282BD10FE0534808
:10AEA000C069404402901F990298884201D903204A
:10AEB0000DE74E48C06940444C49C8611CE04B480E
:10AEC000C069A0EB080002901E990298884201DA3E
:10AED0000320FCE60298002805DD1F9902988842AD
:10AEE00001D90320F3E64148C069A0EB08003F49BF
:10AEF000C86101E00520EAE600BF00F0EFF8BAF112
:10AF0000010F01D14FF0000A00264DE0142E01D3AD
:10AF10000120DCE6BAF1010F03D10AF1010000F0D3
:10AF2000FF0ABAF1010F2FDD0DA8FFF7C3FB28B10F
:10AF30000DA8FFF7BFFB08B1761C35E09DF8340083
:10AF400050B99DF8350038B99DF8360020B99DF804
:10AF5000370008B9761C27E0002408E02348005D8C
:10AF60000DA9095D884200D003E0601CC4B2042C26
:10AF7000F4DB00BF042C07DABBF1000F01D1042081
:10AF8000A5E64FF0040B11E0761C00F02BFB814688
:10AF9000B9F1010F01DD4FF0010BB9F1000F00D045
:10AFA00002E04FF0000B01E0142EAFD300BF386871
:10AFB00008B94FF0010B0D48C169219801600B4899
:10AFC000016A22980160BBF1000F39D0002421E012
:10AFD000810200207D0200207E0200207F020020EE
:10AFE0008002002088020020D0090020F01D0020EF
:10AFF000BC1E00207C0200205C0000205D000020C0
:10B0000004EB04101D4901EB8000406800B903E027
:10B01000601CC4B2052CF3DB00BF052C00DB002450
:10B0200004EB0411154A02EB810044221449FAF79B
:10B0300089FCBBF1040F01D1042048E60D2046E64F
:10B04000142E03D30BF10C00C0B240E6002511E032
:10B050000B48406805EB0511084A02EB810149687D
:10B06000884205D105EB051102EB8100FAF760FF7C
:10B07000681CC5B2052DEBDB002028E6BC1E0020B5
:10B08000F01D0020014624200E2924D2DFE801F023
:10B0900007090B0D0F11131517191B1D1F2119205F
:10B0A00019E01A2017E01C2015E01D2013E01E20D7
:10B0B00011E020200FE021200DE022200BE02420D1
:10B0C00009E0252007E0262005E0282003E02920CC
:10B0D00001E02A2000BF00BF704700002C48007E1E
:10B0E0002B4B83F834001846008B030A284880F85D
:10B0F000353090F8203080F83630008C030A244830
:10B1000080F83730006A030C214880F83830437BE0
:10B1100080F839301F4803781F48007863F31F1008
:10B12000C3B21B4880F83A301C480378184880F8AE
:10B130003B30037F80F83C30808B030A144880F852
:10B140003D30C069030C124880F83E30037C80F823
:10B150003F30008A030A0E4880F8403010480378D8
:10B160000B4880F841300F480378094880F8423096
:10B170000022002105E006483430405C4240481C73
:10B18000C1B20F29F7DB024880F843200020704746
:10B19000F01D0020600000205A0000205B0000200D
:10B1A0005C0000205D00002030B589B01021002037
:10B1B000FFF798F910B1012009B030BD01A90120B5
:10B1C000FFF710FA08B10220F6E79DF80A00AB2855
:10B1D00001D00520F0E79DF8050057498860084632
:10B1E000806800028860084680689DF80410084462
:10B1F000514988609DF8090048600846406800028F
:10B200004860084640689DF8081008444A4948606C
:10B210000846406800024860084640689DF80710EC
:10B2200008444549486008464068000248600846AE
:10B2300040689DF8061008443F4948600846008968
:10B2400000F40040B0F5004F12D108460089C0F369
:10B250000E0088600846806846F629214840364935
:10B260008860084640684BF2A62148403249486051
:10B27000314840683149086014210620FFF732F94F
:10B2800008B10A2098E769461820FFF7B7F908B116
:10B290000B2091E7284900980873009810B90D20F9
:10B2A000009002E00098401E00904AF6AA2024492F
:10B2B000096808600099C8B2FFF7E4FE0446E11788
:10B2C00004EB917188103521FFF70CF908B10D20BE
:10B2D00072E701A92046FFF785F908B10E206BE758
:10B2E0009DF80900144948739DF81000086108464C
:10B2F000006900020861084600699DF80F100844C3
:10B300000D4908610F4801780F480078FFF7EAF807
:10B3100008B10C2050E708491C310C480078FFF7B1
:10B320006DF930B100F014F808B1032044E70420AF
:10B3300042E7002040E70000F01D002084020020CA
:10B34000D00900207F0200207D0200207E02002024
:10B350002DE9F04389B04FF0000814210620FFF7D3
:10B36000C1F818B1012009B0BDE8F08308A9182080
:10B37000FFF744F9C7B22FB1022F12D100F05EF8E7
:10B380000120F0E708980D2803DD00F057F80120B0
:10B39000E9E7089810B90D20089002E00898401ECF
:10B3A00008900899C8B2FBF78BFA0546E91705EB38
:10B3B000917188103521FFF795F808B10820D2E780
:10B3C00069462846FFF70EF908B10920CBE74FF090
:10B3D0000008002604E01DF8060080EA0808761C34
:10B3E0000F2EF8DB9DF80F00404503D000F026F843
:10B3F0000A20B8E79DF80A4024029DF80900044499
:10B4000024029DF80800044409480178094800789E
:10B41000FFF768F808B10B20A5E721460648007839
:10B42000FFF77AF908B10C209DE700209BE70000A8
:10B430007F0200207D0200207E0200202DE9F04FD7
:10B4400093B0002009900890079006900590039013
:10B450000290C8250024A9E0E0B2FFF713FE82465F
:10B460004FEAEA710AEB917188103521CDF804A0FA
:10B47000FFF738F818B1032013B0BDE8F08F0BA91F
:10B480005046FFF7AFF808B10420F5E7002003901D
:10B49000049009E00BA90498085C039948400390C4
:10B4A0000498401CC0B2049004980F28F2DB9DF869
:10B4B0003B100398814204D0039810B10398FF28F1
:10B4C00000D172E09DF83200562101EB20100A9065
:10B4D0009DF8320000F00F069DF833709DF839801A
:10B4E0009DF83A909DF830B04FEA0B2B9DF82F0055
:10B4F00083444FEA0B2B9DF82E0083440C2E07DC6F
:10B500001F2F05DCB8F1170F02DCB9F13B0F00DD8E
:10B510004BE0DDE90910884201DDE5B227E0DDE915
:10B520000910884223D10898864201DDE5B21EE069
:10B53000089886421BD10798874201DDE5B216E0E4
:10B540000798874213D10698804501DDE5B20EE0E9
:10B55000069880450BD10598814501DDE5B206E0EE
:10B560000598814503D10298584500D1E5B2AC4217
:10B570001AD10A98099008960797CDF81880CDF847
:10B5800014909DF8360002900298000202909DF8F7
:10B5900035100298084402900298000202909DF82B
:10B5A000341002980844029000BF641C0E2CFFF671
:10B5B00053AFC82D00D10D25681CC5B20D2D00DD7F
:10B5C000002535210620FEF78DFF08B1012053E745
:10B5D00029461820FFF7A0F808B101204CE7002009
:10B5E0004AE700007FB5BE49087BFFF74BFD0446E4
:10B5F000BC48007830B1012872D0022871D00328ED
:10B6000070D14BE10020B7490870E11704EB91714C
:10B6100088103521FEF766FF10B1012004B070BD1F
:10B62000AF4934312046FFF76BF808B10220F5E747
:10B630000120AC49087035210620FEF753FF80B188
:10B640006846FFF737F828B16846FFF733F808B1C6
:10B650000320E3E735210620FEF744FF08B103206D
:10B66000DCE79F48007B401CC4B20D2C00DD0024A9
:10B6700021461820FFF750F808B10420CEE7022039
:10B68000984908709848017898480078FEF72AFF92
:10B6900090B16846FFF70EF828B16846FFF70AF840
:10B6A00008B10520BAE79048017890480078FEF785
:10B6B00019FF08B10520B1E78948C1698C480078B5
:10B6C000FFF72AF808B10620A8E78A480078012881
:10B6D00019D139210420FEF705FF20B10A209DE78A
:10B6E00027E095E0F9E084491220FFF709F808B156
:10B6F000062093E77C4801787C480078FEF7F2FE4C
:10B7000008B105208AE703207649087003A9784824
:10B710000078FEF773FF08B107207FE77048C06923
:10B720000399884201D0082078E700206D4908700D
:10B73000D3E001206B49087035210620FEF7D2FEC8
:10B7400008B103206AE76648007B401CC4B20D2C98
:10B7500000DD002421461820FEF7DEFF08B104209A
:10B760005CE702205F4908705F4801785F48007815
:10B77000FEF7B8FE90B16846FEF79CFF28B1684618
:10B78000FEF798FF08B1052048E757480178574869
:10B790000078FEF7A7FE08B105203FE75048C169D1
:10B7A00053480078FEF7B8FF08B1062036E7514845
:10B7B0000078012816D139210420FEF793FE08B144
:10B7C0000A202BE74C491220FEF79AFF08B1062009
:10B7D00024E74548017845480078FEF783FE08B124
:10B7E00005201BE703203F49087003A94048007863
:10B7F000FEF704FF08B1072010E73948C069039934
:10B80000884201D0082009E700203649087064E02A
:10B810000220344908703448017834480078FEF733
:10B8200061FE08B10520F9E62D48C169304800786D
:10B83000FEF772FF08B10620F0E62E4800780128D6
:10B8400016D139210420FEF74DFE08B10A20E5E6A5
:10B8500029491220FEF754FF08B10620DEE62248EF
:10B86000017822480078FEF73DFE08B10520D5E6B4
:10B8700003201C49087003A91D480078FEF7BEFE8E
:10B8800008B10720CAE61648C0690399884201D06A
:10B890000820C3E60020134908701EE00320114968
:10B8A00008701148017811480078FEF71BFE08B1B6
:10B8B0000520B3E603A90E480078FEF79FFE08B105
:10B8C0000720ABE60648C0690399884201D00820EA
:10B8D000A4E600200349087000BF00BF00209DE6D9
:10B8E000F01D0020880200207F0200207D02002041
:10B8F0007E02002081020020E01D00202DE9F0479B
:10B900000546EAE12868B0F844A00AF00F06002EC8
:10B910007ED10AF01000B0BB00BF2968098848F644
:10B920000F7201EA020040F400412A68118000BF52
:10B9300005F128042868B0F85010207801EBC00009
:10B94000801C296801F5806131F81000C0F30900FE
:10B95000E061E16960690844606100212846FCF704
:10B9600036F895F824000028CBD0A0690028C8D16B
:10B9700095F8240040F080002968A1F84C000020D0
:10B9800085F82400A9E1FFE705F5B4742868B0F84C
:10B99000008008F4006030B32868B0F850102078B8
:10B9A00001EBC000801D296801F5806131F81000AD
:10B9B000C0F30900E061A18B8BB2E28805F52C7120
:10B9C000286804F077FB00BF2968098840F68F7269
:10B9D00001EA020040F080012A68118000BF284679
:10B9E000FCF7A9FE79E108F40040002889D000BFE7
:10B9F0002968098840F68F7201EA020040F0800150
:10BA00002A68118000BF2868B0F85010207800E044
:10BA10006FE001EBC000801D296801F5806131F8FD
:10BA20001000C0F30900E061E06990B1606980B185
:10BA3000B4F81CC01FFA8CF3E2886169286804F02E
:10BA400039FBE16960690844606100212846FBF721
:10BA5000CEFF2868008800F40060002892D100BF63
:10BA60002A682968B1F850100A4402F20C410846CD
:10BA700000BF236953B9038848F2FF3C03EA0C0373
:10BA80000380038843F4004303801EE023693E2BB8
:10BA90000DD800BF23695908237C03F0010303B1CB
:10BAA000491C4FF6FF7303EA812303800DE000BFBA
:10BAB00023695909237C03F01F0303B9491E4FF47E
:10BAC000004343EA8123038000BF00BF00BF00BFE3
:10BAD000296809884BF68F7201EA020080F48050D1
:10BAE00080F4005040F4004141F080012A68118048
:10BAF000F3E07100286830F8118008F40040002855
:10BB00007ED000BF7200296831F8121040F68F72A3
:10BB100001EA020040F0800173002A6822F8131045
:10BB200000BF06EB860105F5B47000EBC104207B75
:10BB3000B0B92868B0F85010207801EBC000801D23
:10BB4000296801F5806131F81000C0F30907002F62
:10BB50005BD0E28861693B46286804F0ABFA54E0A8
:10BB6000E078022806D1424621462846FBF7C2FF6C
:10BB700007464AE000BF00BF22785200296831F82A
:10BB8000121048F68F7201EA020040F4004141F0C1
:10BB9000C00123785B002A6822F8131000BF00BFA1
:10BBA00021784900286830F8110000F48040A8B1DD
:10BBB0002868B0F85010207801EBC000801C29687C
:10BBC00001F5806131F81000C0F30907EFB1228957
:10BBD00061693B46286804F06DFA16E02868B0F801
:10BBE0005010207801EBC000801D296801F58061AC
:10BBF00031F81000C0F309073FB16289616900E0C4
:10BC000017E03B46286804F055FAE0693844E061E3
:10BC1000606938446061A06910B12069B84204D9F4
:10BC200021782846FBF7E3FE03E02146286803F06D
:10BC300066FC08F08000B0B306EB860105F1280031
:10BC400000EBC10400BF7200296831F8121048F6F9
:10BC50000F7201EA020040F4004173002A6822F8E2
:10BC6000131000BFE078032807D0E07828B1E0780F
:10BC700002282DD108F4807050BB2868B0F850100D
:10BC8000207801EBC000801C296801F5806131F843
:10BC90001000C0F30909A069484505D9A069A0EBC7
:10BCA0000900A06102E018E00020A061A06920B9AD
:10BCB00021782846FBF78BFE0FE0606948446061FD
:10BCC000E0694844E0612146286803F018FC04E07C
:10BCD000424621462846FBF7B9FF2868B0F84400E1
:10BCE00000F4004000287FF40DAEBDE8F0870000AE
:10BCF0002DE9F04F89B004460E4691461F46DDE916
:10BD0000135BDDF848A0D4208DF80400F0B28DF864
:10BD10000500FF2D04DD4FF0FF3009B0BDE8F08FC6
:10BD2000002D02DA4FF0FF30F7E7002006E01AF8A6
:10BD30000020811C01AB5A54411CC8B2A842F6DB5A
:10BD4000A81C82B201A9204600F07CFA20B120692B
:10BD500080474FF0FF30E0E75846E168884710B968
:10BD60004FF0FF30D9E7062101A862689047002113
:10BD70000AE01A48405C01AA525C904202D04FF09F
:10BD8000FF30CAE7481CC1B20629F2D35846E16821
:10BD9000884710B94FF0FF30BFE7B81C82B201A945
:10BDA000204600F080F980469DF80400D52804D193
:10BDB0009DF80510701C814202D04FF0FF30ACE7B7
:10BDC000002006E001AA811C515C09F80010411C0A
:10BDD000C8B2B842F6DBA8F102009EE7E0200108F5
:10BDE0003EB505460C464FF4FA700021009104233D
:10BDF0002246CDE9011002212846FFF779FF401CB9
:10BE000028B908A004F0A8F94FF0FF303EBDE07853
:10BE10000090A378627821780DA004F09DF90020AD
:10BE2000F4E700007B2243223A7B2252656164657D
:10BE30007254797065223A504E3533322C22566551
:10BE40007273696F6E223A4572726F727D7D0A005D
:10BE50007B2243223A7B2252656164657254797079
:10BE600065223A504E3533322C2256657273696F13
:10BE70006E223A25642E25642E25642E25647D7D50
:10BE80000A000000054901600549416005498160DB
:10BE90000549C1600549016170470000D9C100082A
:10BEA000B1BE000855BF000809BF000851BF000817
:10BEB000F8B506460C4600200090671C384605F091
:10BEC00025FB05460121684604F082FD9DF800002F
:10BED000012805D0284604F035FC4FF0FF30F8BDAE
:10BEE000601C81B2284604F073FD002004E0411C70
:10BEF000695C3154411CC8B2A042F8DB284604F00A
:10BF000021FC0020EBE7000038B50446002000903B
:10BF1000FBF7A0F8054611E00120FAF7C3FD012167
:10BF2000684604F055FD4AF6AA20084909680860E9
:10BF300000BF9DF80000012800D138BDFBF78AF84A
:10BF4000401BA042E8D30020F7E70000D009002002
:10BF50000020704770B504460D462946204604F07F
:10BF600049FD002070BD00B502461046FFF78AFF6C
:10BF700000BD00002DE9F04389B007460D46144688
:10BF80001E46DDE910891BA00068089001208DF88D
:10BF90000C0008F0FF008DF80D00F0B28DF80E00D7
:10BFA000002006E019F80020C11C03AB5A54411CC4
:10BFB000C8B20628F6DB002006E02A5C00F1090181
:10BFC00003AB5A54411CC8B2A042F6DB4FF47A715D
:10BFD00004F1090003AA0123CDE90020029108AA77
:10BFE00040213846FFF784FE9DF8200009B0BDE8E7
:10BFF000F0830000FF00000070B58AB006460C46D2
:10C00000154613A000680990E8B28DF826004FF499
:10C010007A70032109AA1123CDE90021029004AA14
:10C0200040213046FFF764FE9DF8100018B19DF8DE
:10C0300010000AB070BD002005E004AA411C515C4C
:10C040002154411CC8B21028F7DB9DF81000F0E71E
:10C050000130000070B58AB006460C461546012036
:10C060008DF81400A0208DF81500E8B28DF81600A8
:10C07000002005E0225CC11C05AB5A54411CC8B22B
:10C080001028F7DB4FF47A70132105AA0123CDE9BC
:10C090000021029004AA40213046FFF729FE9DF8B6
:10C0A00010000AB070BD2DE9F0438BB08046894680
:10C0B00016460027F01D81B201A8D8F80420904749
:10C0C00000240AE0601CC4B206F10800844204DBCC
:10C0D0004FF0FF300BB0BDE8F08301A8005D0028F1
:10C0E000F0D001A8005DFF2802D04FF0FF30F1E74B
:10C0F000601CC4B206F10800844202DB4FF0FF303E
:10C10000E8E701A8055D01A9601C085C2844C0B2ED
:10C1100010B14FF0FF30DDE7002007E0A11C014423
:10C1200001AA515C3944CFB2411CC8B2691C884293
:10C13000F4DBFFB217B14FF0FF30CBE7002007E090
:10C14000A11C014401AA515C09F80010411CC8B2AD
:10C15000A842F5DB2846BDE72DE9F0418AB0074645
:10C160000C4615461E461BA0006809908DF8255008
:10C17000022009A9132304AACDE9010600914A214E
:10C180003846FFF7B5FD8046B8F1000F04DA4FF0EE
:10C19000FF300AB0BDE8F0819DF81000012802D000
:10C1A0004FF0FF30F5E79DF81500072802DD4FF04E
:10C1B000FF30EEE7002005E0811D04AA515C215408
:10C1C000411CC8B29DF815108142F5DC9DF81500A0
:10C1D000DFE700000100000010B5012211460C4805
:10C1E000FAF732FF0120FAF75DFC0022012108482E
:10C1F000FAF72AFF0120FAF755FC012211460448FC
:10C20000FAF722FF0120FAF74DFC002010BD0000D4
:10C21000000C01401FB5044609A0006803904FF4CC
:10C220007A70032103AA0023CDE9002102901A4667
:10C2300014212046FFF75CFD002004B010BD000073
:10C2400001140100F0B58BB006460D4614461E2CB5
:10C2500001DC012C03DA4FF0FF300BB0F0BD0027FA
:10C2600000208DF804008DF80500FF208DF80600F1
:10C27000FF27E0B28DF80700E043401CC0B28DF804
:10C280000800002008E02A5C411D01AB5A54295CDB
:10C290003944CFB2411CC8B2A042F4DBF843C1B26A
:10C2A00001AA601D11540021A01D1154E01D81B28E
:10C2B00001A8B268904710B14FF0FF30CDE70020E1
:10C2C000CBE770472DE9F04FA3B0002022901B90E0
:10C2D0001A90002583461990804681461890129046
:10C2E000824600240F900E900D900C900B9000262B
:10C2F00000270A90FC4840680990FC48007860B923
:10C30000FBA005F0DBFB0120FAF7CCFBFE4805F0B3
:10C31000D5FB012023B0BDE8F08FF348407D032812
:10C3200003DCF148407D002807DC0020F749087055
:10C33000F7A005F0C3FB0120ECE7FAF78BFE229093
:10C3400097E3FAF787FE2299401A41F28831884232
:10C3500004D9F4A005F0B2FB0120DBE74AF6AA20DD
:10C36000F5490968086020A8FEF7A4F920B120A8C3
:10C37000FEF7A0F900B17CE339210420FEF7B2F802
:10C3800070B120A8FEF796F920B120A8FEF792F927
:10C3900000B16EE339210420FEF7A4F800B168E390
:10C3A00000240BA91020FEF729F900B161E31CA9B4
:10C3B0001220FEF717F900B15BE39DF87400AB287B
:10C3C00013D19DF87500CD280FD19DF8734024023C
:10C3D0009DF87200044424029DF871000444240274
:10C3E0009DF8700004444FF0010A9DF87000FF288A
:10C3F0000ED19DF87100FF280AD19DF87200FF2828
:10C4000006D19DF87300FF2802D100244FF0000AE6
:10C41000CA48844202DD00244FF0000ABAF1000F3E
:10C4200000D100241CA91120FEF7DCF8C8B1392185
:10C430000420FEF757F870B120A8FEF73BF920B1B1
:10C4400020A8FEF737F900B113E339210420FEF7E5
:10C4500049F800B10DE31CA91120FEF7C3F800B1A3
:10C4600007E300201B9000BF06E01CA9095C1B9A93
:10C4700051401B91411CC8B20F28F6DB0022B04985
:10C48000B048FCF799FE0022AF49AE48FCF736FEF3
:10C49000AD4B9A785978DB7803F5FA6004F0D4F95B
:10C4A000AA4890F800900068A0F5AF60A74908601E
:10C4B000A3480078A6490870A1484078A5490870AB
:10C4C0009F488078A4490870A44806689DF87F10AA
:10C4D0001B9881426FD19DF870509DF8710005EB5B
:10C4E0000020C5B29DF8720018909DF873008DF879
:10C4F0004C009DF874008DF84D009DF875008DF886
:10C500004E009DF876008DF85B009DF877008DF861
:10C510005C009DF878008DF84F009DF879008DF84B
:10C520005000A9F21450C0B28DF858008C48007821
:10C530008DF859008B4800788DF85A00162D7DD162
:10C540000024189800287AD01898642877DC9DF881
:10C5500058009DF84C10884271DC9DF85800C8289E
:10C560006DDAA9F214509DF85810884268DB9DF8E6
:10C570004C10884264DC9DF85810884279DB9DF8A5
:10C580004C10884272DC9DF858009DF84C1088428F
:10C5900012D19DF8590072490978884208DC9DF84B
:10C5A0004D006F490978884214DA4FF0010B11E011
:10C5B0004FF0010B0EE056E2A9F214509DF84C101A
:10C5C000884207D19DF84D0065490978884201DA13
:10C5D0004FF0010BBBF1000F0DD19DF84D006049EC
:10C5E0000978884207D19DF84E005E490978884253
:10C5F00001DA4FF0010BBBF1000F10D15048007869
:10C600009DF85B10884202DA4FF0010B07E04C48BE
:10C6100000789DF84F10884201DD4FF0010BBBF10F
:10C62000000F2BD1464800789DF85B1088420CD152
:10C63000434840789DF85C10884202E035E01BE0FA
:10C6400011E002DA4FF0010B18E03D4800789DF848
:10C650004F10884212D13A4840789DF850108842D5
:10C660000CDD4FF0010B09E003E0FFE74FF0010B99
:10C6700004E04FF0010B01E04FF0010B4AF6AA2055
:10C680002D4909680860BBF1000F01D17B2019908A
:10C6900019987B280AD1189864286BDC1898704385
:10C6A0006421B0FBF1F0361A374663E09DF8501074
:10C6B0009DF84F209DF85C009DF85B30CDE902307D
:10C6C000CDE904219DF84E009DF84D10CDE90010F4
:10C6D0009DF84C302448026824490B4803F04CFD77
:10C6E000094805F0EBF943E0C00200201F000020DC
:10C6F0007B2243223A7B22537461747573223A3150
:10C70000317D7D0A00000000C40700206C0000207D
:10C710007B2243223A7B22537461747573223A332D
:10C720007D7D0A007B2243223A7B2253746174751B
:10C7300073223A317D7D0A00D009002040420F006B
:10C74000C8000020300A0020CB000020600000203C
:10C750005C0000205D0000205E00002098020020A8
:10C760005A0000205B0000207C00002068220108A5
:10C770000120CFE5172D01D0192D00D10127162D4D
:10C7800006D0172D07D0182D08D0192D0CD108E090
:10C7900010201A900BE020201A9008E030201A9008
:10C7A00005E040201A9002E000201A9000BF00BF70
:10C7B0004AF6AA20AF4909680860AF48407D0328BF
:10C7C00018D15DB937460B98B04207D20B98204478
:10C7D000B04203D30B98301A241A0B9F55B10B9813
:10C7E000B84207D20B982044B84203D30B98381AAA
:10C7F000241A0B9FA048407D02282DD1ADB9B44228
:10C8000001D3A41B11E01298CDE9030A8DE8700052
:10C810009A4803689A4802689A499B4803F0ACFC1E
:10C82000994805F04BF9012074E5ADB1BC4201D344
:10C83000E41B11E01298CDE9030A8DE8B0008F489F
:10C8400003688F4802688F498F4803F095FC8E4833
:10C8500005F034F901205DE58748407D012802D1CB
:10C860000DB98A4807688A490C70200A4870200C64
:10C870008870200EC870AB200871CD2048717E48AA
:10C88000407D02286CD000200C907B4840680990C5
:10C8900010A811A908AA0EABCDE90432CDE9061003
:10C8A0000DAB754801680069734A92F91420CDE90F
:10C8B0000213CDE900201A9941F002003B4609AA73
:10C8C0000CA9FEF783F98046B8F1010F05D0B8F145
:10C8D0000D0F02D0B8F1090F42D110A811A908AA72
:10C8E0000EABCDE90432CDE906100DAB624800680D
:10C8F00061490969604A92F91420CDE90203CDE942
:10C9000000211A9941F002003B4609AA0CA9FEF742
:10C910005DF98046B8F1010F05D0B8F10D0F02D0D6
:10C92000B8F1090F1CD110A811A908AA0EABCDE9C6
:10C930000432CDE906100DAB4F4800684E49096935
:10C940004D4A92F91420CDE90203CDE900211A994C
:10C9500041F002003B4609AA0CA9FEF737F98046D0
:10C960004548407D032802D1B8F1000F03D042486A
:10C97000407D022846D1162D44D045490C70200A2E
:10C980004870200C8870200EC870AB200871CD2034
:10C990004871FAF75FFB229032E04AF6AA20354947
:10C9A00009680860FAF756FB2299401AB0F5FA6F49
:10C9B00000D926E020A8FDF77DFE20B120A8FDF7D4
:10C9C00079FE00B11CE039210420FDF78BFD70B128
:10C9D00020A8FDF76FFE20B120A8FDF76BFE00B187
:10C9E0000EE039210420FDF77DFD00B108E0284963
:10C9F0001220FDF785FE00B102E00120129000E058
:10CA0000CBE700BF1C48407D022816D01298CDE924
:10CA1000050ACDE9035719490D980968CDE90104C4
:10CA200000911748036842461A49174803F0A4FBCF
:10CA3000154805F043F800206CE40F48407D0228BB
:10CA400016D11298CDE9030A8DE8B0000B480368AF
:10CA50000B48026810490C4803F08EFB0A4805F0A9
:10CA60002DF8002056E40DA005F028F8012051E42F
:10CA700000BF66E4D0090020C00200207C00002036
:10CA80008000002048210108C407002098020020EF
:10CA9000E01D0020A4210108EC2001087B22432294
:10CAA0003A7B22537461747573223A327D7D0A0099
:10CAB00010B50446FFF706FC002010BD08B5084974
:10CAC0000968C9084FF47A72B1FBF2F14143009151
:10CAD00000BF00BF00994A1E00920029F9D108BD8D
:10CAE00054010020014600BF080900EB800042000D
:10CAF00001F00F001044C0B2704770B50446002525
:10CB0000FAF7A8FA054607E0FAF7A4FA401BB0F5D1
:10CB10007A7F01D9032070BD2068406800F02000B2
:10CB20000028F1D02068406840F01000216848607B
:10CB30000020F0E770B5044600252068406820F02A
:10CB4000100021684860FAF785FA054607E0FAF711
:10CB500081FA401BB0F57A7F01D9032070BD2068AF
:10CB6000406800F020000028F1D00020F6E730B542
:10CB7000014600220023002400200D68AD69AAB2FE
:10CB80000D68ED69ACB20D68AD69ABB29A4205D0E3
:10CB90000D68ED6963F31F45284601E044EA024051
:10CBA00030BDF0B504460B460021002504F5FA61BE
:10CBB000032B1BD2C3EBC30000EB03100926B0FB11
:10CBC000F6F01044001D4618481E06EB9006642738
:10CBD000B0FBF7F0361A481EBF00B0FBF7F0304448
:10CBE0000726B0FBF6F706FB17051AE0C3EBC300F8
:10CBF00000EB03100926B0FBF6F01044001D0844BA
:10CC000000EB91006426B1FBF6F6801B4FF4C8766A
:10CC1000B1FBF6F63044801E0726B0FBF6F706FBA4
:10CC20001705E8B2F0BD70B504460D460026204653
:10CC3000FFF763FF08B101260AE0280C216888612C
:10CC4000A8B22168C8612046FFF774FF00B1012631
:10CC5000304670BD2DE9F14F9CB000200790069042
:10CC600005900026092004900020039035200290B2
:10CC700000200190FDF7B4FDF4A004F01FFFFAF7C7
:10CC8000E9F91890B2E0FAF7E5F91899401A42F27A
:10CC90002831884208D9FBA004F010FF0120FE498A
:10CCA00008601DB0BDE8F08F4AF6AA20FB4909686C
:10CCB0000860FB48006870B1FA480078432803D048
:10CCC000F8480078632806D1F7A004F0F7FE0020AA
:10CCD000F3490860E5E715A8FDF7ECFC20B115A8BD
:10CCE000FDF7E8FC00B181E010210020FDF7FAFB20
:10CCF00000B17BE00CA90120FDF774FC00B175E0E8
:10CD00009DF830909DF8310009EB00201FFA80F962
:10CD10009DF832809DF8330008EB00289DF8340020
:10CD200008EB00489DF8350008EB006809F4004066
:10CD3000B0F5004F09D1C9F30E0946F6292089EA5A
:10CD400000094BF2A62088EA00084AF6AA20D34937
:10CD500009680860E1480078D0B914210620FDF781
:10CD6000C1FB00B142E01AA91820FDF747FC00B151
:10CD70003CE037210520FDF7B5FB00B136E01BA9EB
:10CD80001420FDF73BFC00B130E01A98C6B211E068
:10CD9000D248007801280DD114210620FDF7A2FB0E
:10CDA00000B123E01AA91820FDF728FC00B11DE00E
:10CDB0001A98C6B24AF6AA20B8490968086000263F
:10CDC00019A91BA8F9F76AFB0746012F04D119A975
:10CDD0001BA8F9F763FB07460FB15A2F01D11B9827
:10CDE000019017B15A2F00D000E000E04BE700BFE0
:10CDF0004AF6AA20A94909680860B84800780128BD
:10CE000001D11A98C6B216B1701EC6B200E00D2646
:10CE10001496002006908246FDE14AF6AA209F491A
:10CE2000096808600AF101001FFA80FABAF1320FAE
:10CE300000DBF1E115A8FDF73DFC20B115A8FDF7D9
:10CE400039FC00B1E7E14AF6AA2094490968086074
:10CE50003046F9F75FFD0546E91705EB917188103B
:10CE60001421FDF73FFB88B115A8FDF723FC20B185
:10CE700015A8FDF71FFC00B1CDE1E91705EB917195
:10CE800088101421FDF72EFB00B1C4E10CA928463F
:10CE9000FDF7A8FBF8B1E91705EB91718810142193
:10CEA000FDF720FB88B115A8FDF704FC20B115A8FB
:10CEB000FDF700FC00B1AEE1E91705EB91718810B8
:10CEC0001421FDF70FFB00B1A5E10CA92846FDF7E1
:10CED00089FB00B19FE14FF0000A002405E00CA897
:10CEE000005D08A90855601C84B2102CF7DB0020F7
:10CEF0000790002406E008A8005D079948400790C5
:10CF0000601C84B20F2CF6DB9DF82F10079881422D
:10CF100008D0002404E0002008A90855601C84B251
:10CF2000102CF8DB002406E008A8005DFF2800D0E4
:10CF300003E0601C84B20F2CF6DB00BF0F2C08DB73
:10CF4000002404E0002008A90855601C84B2102CBD
:10CF5000F8DB069A521C62A1634803F00DF962489F
:10CF600004F0ACFD0120F9F79DFD9DF825205FA19F
:10CF70005D4803F001F95C4804F0A0FD0120F9F7D9
:10CF800091FD4AF6AA204549096808609DF82400E9
:10CF900058490860084600680002086008460068B2
:10CFA0009DF82310084453490860084600680002B1
:10CFB0000860084600689DF8221008444D49086042
:10CFC00008464DA10268484803F0D6F8464804F0E8
:10CFD00075FD0120F9F766FD9DF826000921B1EBEA
:10CFE000201F0ADD9DF826004FF4AF6101EB2012EF
:10CFF00044A13D4803F0C0F80AE09DF82600562100
:10D0000001EB201000F214523EA1374803F0B4F8AF
:10D01000354804F053FD0120F9F744FD9DF8260042
:10D0200000F00F023AA1304803F0A6F82E4804F0B1
:10D0300045FD0120F9F736FD4AF6AA20174909688F
:10D0400008609DF8272035A127486BE07B225265B8
:10D050006365697665223A7B225374617475732225
:10D060003A32367D2C2243223A7B22547970652253
:10D070003A2252656164436172645461626C652254
:10D080007D7D0A007B2243223A7B225374617475B2
:10D0900073223A317D7D0A0070020020D009002001
:10D0A00028000020300500207B22526563656976E8
:10D0B00065223A7B22537461747573223A32367D4D
:10D0C0002C2243223A7B2254797065223A22436112
:10D0D0006E73656C227D7D0A0000000081020020D5
:10D0E000526F773D25642A00C40700204F503D252C
:10D0F000642A0000780200204574656261723D2553
:10D10000752A0000596561723D25642A00000000FF
:10D110004D6F6E74683D25642A0000004461793DBE
:10D1200025642A0003F028F8444804F0C7FC0120D5
:10D13000F9F7B8FC9DF82A004149086008460068E4
:10D1400000020860084600689DF8291008443C4920
:10D1500008600846006800020860084600689DF8FC
:10D160002810084436490860084636A1026833484A
:10D1700003F002F8314804F0A1FC0120F9F792FC19
:10D180009DF82C002E4908600846006800020860DF
:10D19000084600689DF82B10084429490860084695
:10D1A0002CA10268254802F0E7FF244804F086FC21
:10D1B0000120F9F777FC9DF82D2028A11F4802F0E7
:10D1C000DBFF1E4804F07AFC0120F9F76BFC4AF6FD
:10D1D000AA202549096808609DF82E2023A1174838
:10D1E00002F0CAFF154804F069FC0120F9F75AFC67
:10D1F0000698401CC1B206911C98814200DB0BE0EE
:10D2000016B1701EC6B200E00D264AF6AA201649D5
:10D210000968086000BF00E600BFBAF1320F07DA04
:10D220000A20F9F73FFC4AF6AA200F49096808606E
:10D2300001201149086000BF33E50000C407002049
:10D240007802002052656D4574656261723D2575F6
:10D250002A0000004449443D25752A00486F757234
:10D260003D25642A00000000D00900204D696E3D74
:10D2700025642C0A0000000070020020704770B581
:10D2800004460D4629462046F9F7D6FE70BD70B516
:10D2900004460D461646324629462046F9F7D4FE86
:10D2A00070BD000070B500F06FF80546002411E075
:10D2B000164800EB4410C07F15490978884208D110
:10D2C00045FA04F202F00101104A02EB441000F0AA
:10D2D00021F8641C012CEBDB0D48007848B90024D0
:10D2E00005E00A4901EB441000F091F8641C012CA0
:10D2F000F7DB07480078401C0549087008460078AD
:10D30000052801DB0020087070BD0000801D002092
:10D310006B02002010B58278002A33D0827962B97E
:10D3200001B110BD002242718279521C827100232A
:10D33000C26820324489135524E08279092A14DA1C
:10D34000C26820324389D25C01F001034479A340D2
:10D350001A43D3B2C2682032448913558279521CD1
:10D3600082714279521C42710CE08279092A09D1FA
:10D3700000228271827729B142891F2A02DA42890A
:10D38000521C428100BFCCE770B5002600242CE07F
:10D39000184A02EB4412918B164A02EB4412906930
:10D3A000FFF76DFF0546134800EB44108079B0B9D4
:10D3B000104800EB4410807F88B985B90E4800788A
:10D3C000801C052190FBF1F201FB1200094901EBE1
:10D3D0004411C8770120074901EB4411887705F013
:10D3E0000100A0403043C6B2641C012CD0DB3046A3
:10D3F00070BD0000801D00206B02002070B5044647
:10D400000D46A18A2A462069FFF741FF70BD10B57D
:10D410000446607800283FD0207958B90120207058
:10D420000020E07000212046FFF7E8FF2079401C33
:10D43000207131E02079092810DAE279E068805C17
:10D44000E278104100F001012046FFF7D7FF207974
:10D45000401C2071E078401CE0701DE02079092814
:10D4600007D101212046FFF7C9FF2079401C207118
:10D4700012E020790A280FD100202071E079401CA9
:10D48000E071207AE179884203DD0120207060702C
:10D4900002E000202070607010BD000010B5FAF7A7
:10D4A000A1F905480068401C03490860034800686A
:10D4B000401C0249086010BD0800002088000020C0
:10D4C00000B593B0282109A8F8F755FA142104A84B
:10D4D000F8F751FA002000900190029003900D207F
:10D4E00009904FF480300A9000200B9001200C909E
:10D4F0000D900F9002201090C10311914FF4E01194
:10D50000129109A8FBF7C8FB08B1F8F73BFD0F2003
:10D51000049002200590002006904FF48060079050
:10D5200000200890022104A8FBF76AFA08B1F8F776
:10D5300029FD112000904FF480700190002003908D
:10D540006846FBF7C3F908B1F8F71CFDFBF71EFBB3
:10D5500013B000BD01480249086070470058000838
:10D5600008ED00E010B50348FCF714FB0148FCF798
:10D5700044FA10BD9C0A002010B50268184B98426E
:10D5800008D0B0F1804F05D0164B984202D0164B10
:10D59000984203D122F070024B681A43104B984214
:10D5A00008D0B0F1804F05D00E4B984202D00E4B00
:10D5B000984203D122F44072CB681A4322F08003D0
:10D5C0004C6943EA040202608B68C3620B688362A1
:10D5D000034B984201D10B6903630123436110BDE2
:10D5E000002C0140000400400008004030B50C460B
:10D5F000816821F47F4142EA032525432943816064
:10D6000030BD0A46816821F0700142F007031943DA
:10D610008160704730B50B461446026A056A25F0F2
:10D6200001050562816921F0F00141EA041122F04F
:10D630000A021A438161026230BD30B50B461446BE
:10D64000056A25F0100505628169026A21F47041BE
:10D6500041EA043122F0A00242EA0312816102622F
:10D6600030BD70B505466C6A0020E085E084204638
:10D67000FCF79EFA70BD0168C96821F490710268D8
:10D68000D1600168496921F0010102685161016BB3
:10D69000012905D10168C96821F010010268D16033
:10D6A000202180F83E1000210163704710B5044628
:10D6B0002068C06820F040002168C860202084F8FD
:10D6C0003D002046FCF7A9FC002010BDF8B504463B
:10D6D00094F83E00222869D1A068B0F5805F0CD193
:10D6E000206950B90025A66A20684068C0F3080088
:10D6F0003080A06A801CA06215E0A56A0026A068A0
:10D70000B0F5805F03D0A06828B9206918B92068F7
:10D710004068287004E02068406800F07F002870AE
:10D72000A06A401CA062E08D401E80B2E085A8BBCC
:10D730002068C06820F020002168C8602068C068A8
:10D7400020F480702168C8602068406920F00100E2
:10D7500021684861202084F83E00206B01281ED1FA
:10D76000002020632068C06820F010002168C86095
:10D770002068006800F0100010280AD100BF0020C7
:10D78000009020680068009020684068009000BF0A
:10D7900000BFA18D2046FCF70AFA03E004E0204612
:10D7A000FCF73AFC0020F8BD0020FCE70220FAE775
:10D7B00070B504462168096921F44051E2681143BB
:10D7C000226811612269A1681143626941EA020578
:10D7D0002168C96841F20C62914329432268D160F3
:10D7E0002168496921F44071A2691143226851619D
:10D7F0002D4A2168914202D1FBF7E4F901E0FBF7E1
:10D80000D1F900EBC00101EB001162689200B1FB9D
:10D81000F2F100EBC00202EB001263689B00B2FB66
:10D82000F3F26423B2FBF3F202EBC20303EB021246
:10D83000A1EB8201322202EB01116422B1FBF2F171
:10D8400001F0F00100EBC00202EB001263689B00E4
:10D85000B2FBF3F26423B2FBF3F201EB021200EB32
:10D86000C00101EB001163689B00B1FBF3F100EB19
:10D87000C00303EB00136668B600B3FBF6F364263F
:10D88000B3FBF6F303EBC30606EB0313A1EB830133
:10D89000322303EB01116423B1FBF3F101F00F011B
:10D8A00011442268916070BD00380140014691F832
:10D8B0003D00212828D18868B0F5805F0BD1086928
:10D8C00048B90A6A1088C0F308000B685860086AF3
:10D8D000801C086205E00B6A581C086218780B6807
:10D8E0005860C88C401E80B2C88458B90868C068A7
:10D8F00020F080000B68D8600868C06840F04000E5
:10D900000B68D860002070470220FCE710B5034880
:10D91000FCF750F901480068006810BDE40A0020D7
:10D9200010B50E48FCF746F90C480068006800F096
:10D930002000202811D10A480068C1B209480A4ACB
:10D94000126881540021024607480068401C1154A7
:10D9500005480068401C0449086010BD280B0020E1
:10D9600004440040D8020020300000202DE9F0419E
:10D9700004460D46D4F8B862D4F8C072D4F8B802A0
:10D9800078B305EB850104F1140000EB8100806899
:10D9900008B305EB850104F1140000EB810005EBF1
:10D9A0008502816807F1280000EBC2000069B1FB25
:10D9B000F0F200FB121070B9002105EB850204F1B2
:10D9C000140000EB8200816000231A46294620469D
:10D9D00000F0C4FE02E00020C6F814020020BDE8FA
:10D9E000F081FFE70220FAE770B504460E46D4F84E
:10D9F000B8523146204600F056FDC5F80C02D4F866
:10DA0000B80248B1D5F80402D4F8BC12CA6805F5CA
:10DA100003719047002070BD0220FCE770B50446FA
:10DA20000E4600258121204600F057FC0021E162CE
:10DA30000121204600F051FC0021C4F86C11822124
:10DA4000204600F04AFC00212164D4F8B80250B10D
:10DA5000D4F8BC1248688047D4F8B80201F027F91E
:10DA60000020C4F8B802284670BD70B50546D5F848
:10DA7000B842D5F8BC0278B194F80002FF280BD068
:10DA800094F8012294F80002D5F8BC128B68214664
:10DA90009847FF2084F80002002070BD01460A204C
:10DAA00008800148704700005C01002001464320C7
:10DAB0000880014870470000E4010020014643202F
:10DAC0000880014870470000A00100200146432063
:10DAD0000880014870470000280200202DE9F0412D
:10DAE00004460F460026207C88B94FF400730222BA
:10DAF0008121204600F03EFD0121E1624B0202221D
:10DB0000204600F037FD0121C4F86C110FE04023DE
:10DB100002228121204600F02DFD0121E1624023F7
:10DB20000222204600F026FD0121C4F86C110823D2
:10DB300003228221204600F01DFD012121644FF4C3
:10DB4000077001F0B5F8C4F8B802D4F8B80208B903
:10DB500001261CE0D4F8B852D4F8BC1208688047FB
:10DB60000020C5F81402C5F81802207C40B94FF413
:10DB7000007301212046D5F8042200F013FD06E0D1
:10DB8000402301212046D5F8042200F00BFD304649
:10DB9000BDE8F08170B50446D4F8B852D4F8B802A4
:10DBA00098B1207C40B94FF4007301212046D5F88C
:10DBB000042200F0F7FC06E0402301212046D5F8BE
:10DBC000042200F0EFFC002070BD0220FCE70246BA
:10DBD000022011B1C2F8BC12002070470246D2F8F0
:10DBE000B832C3F804120020704710B50346D3F8CA
:10DBF000B842C4F80812C4F81022002010BD2DE964
:10DC0000FC4105460C46D5F8B86200200190009012
:10DC10000027207800F0600040B320285FD1E08822
:10DC2000E0B1207800F0800060B1E2886078D5F83B
:10DC3000BC128B6831469847E2883146284600F08E
:10DC4000E6F812E0607886F80002A07986F8010212
:10DC5000E2883146284600F0B9F806E06078D5F849
:10DC6000BC1200228B68214698473EE0607820B1C4
:10DC70000A2812D00B282AD11FE095F89C0203280D
:10DC800005D102226946284600F0C1F804E0214689
:10DC9000284600F08FF802271FE095F89C02032821
:10DCA00005D1012201A9284600F0B1F804E021467F
:10DCB000284600F07FF802270FE095F89C02032821
:10DCC00004D02146284600F075F8022705E02146D9
:10DCD000284600F06FF8022700BF00BF05E021468C
:10DCE000284600F067F8022700BF00BF3846BDE8AD
:10DCF000FC8170B50546D5F8B842D5F8B802A8B190
:10DD0000D4F8140280B90120C4F81402D4F8101217
:10DD10002963B4F8100283B281212846D4F808227E
:10DD200000F01CFD002070BD0120FCE70220FAE796
:10DD300070B504460D46D4F8B40229464268204620
:10DD40009047002070BD70B504460D4694F89C02C3
:10DD5000012804D0022803D003280CD101E000BF21
:10DD600000BF6888012805D10020C4F8A40220461D
:10DD700000F05EF804E02946204600F01BF800BFE2
:10DD800000BF70BD70B506460C4615462B462246B0
:10DD90000021304600F006FC002070BD70B506463C
:10DDA0000C4615462B4622460021304600F0D6FC94
:10DDB000002070BD70B504460D468021204600F05D
:10DDC000A1FC0021204600F09DFC70BD70B504460A
:10DDD0000E4615460320C4F894024FF4AE70055168
:10DDE000001D05512B4632460021204600F0DAFB8B
:10DDF000002070BD10B504460520C4F8940200232D
:10DE00001A461946204600F0CDFB002010BD70B523
:10DE100004460E4615460220C4F89402E5612562C8
:10DE20002B4632460021204600F098FC002070BDB1
:10DE300010B504460420C4F8940200231A4619467B
:10DE4000204600F08BFC002010BD000070B5054698
:10DE50000C462DB92246064906A000F0D3F904E08D
:10DE60002246034903A000F0CDF9014870BD00002F
:10DE7000740E002043444320436F6E6669670000C0
:10DE8000024612200880014870470000EC00002084
:10DE900070B505460C462DB92246064906A000F08D
:10DEA000B1F904E02246034903A000F0ABF90148B0
:10DEB00070BD0000740E002043444320496E746519
:10DEC0007266616365000000024604200880014814
:10DED000704700000001002070B505460C46224640
:10DEE000024903A000F08EF9004870BD740E0020B6
:10DEF0004A6168616E476F737461720070B5054660
:10DF00000C462DB92246064906A000F07BF904E034
:10DF10002246034903A000F075F9014870BD0000D6
:10DF2000740E00204A6168616E476F7374617250AD
:10DF30006F72740070B505460C461A202080F8F701
:10DF400013FD014870BD00000401002070B50446B7
:10DF50000D46E888012804D029462046FFF72AFF0D
:10DF60001EE094F89C02012804D0022803D0032864
:10DF700010D109E000BF0020A060012204F10801D7
:10DF80002046FFF744FF0AE00122211D2046FFF74B
:10DF90003EFF04E029462046FFF70CFF00BF00BF0C
:10DFA00070BDF8B504460E460020009000270025FD
:10DFB00070880012082875D2DFE800F0C7040C2032
:10DFC000C7C7A5B5207CD4F8B0120A686946904747
:10DFD0000746C1E0207C40B9D4F8B402816A6846A3
:10DFE000884707460220787007E0D4F8B402C16A77
:10DFF00068468847074602207870ADE0B07806286A
:10E0000078D2DFE800F00316293C5063D4F8B00260
:10E01000406838B1207CD4F8B0124A68694690470D
:10E02000074605E031462046FFF7C4FE681CC5B22E
:10E0300067E0D4F8B002806838B1207CD4F8B01220
:10E040008A6869469047074605E031462046FFF753
:10E05000B1FE681CC5B254E0D4F8B002C06838B153
:10E06000207CD4F8B012CA6869469047074605E09C
:10E0700031462046FFF79EFE681CC5B241E0D4F849
:10E08000B002006938B1207CD4F8B0120A69694640
:10E090009047074605E031462046FFF78BFE681C97
:10E0A000C5B22EE051E0D4F8B002406938B1207C0E
:10E0B000D4F8B0124A6969469047074605E03146F0
:10E0C0002046FFF777FE681CC5B21AE0D4F8B0020C
:10E0D000806940B1207CD4F8B0128A6969469047C3
:10E0E000074606E006E031462046FFF763FE681C5F
:10E0F000C5B206E031462046FFF75CFE681CC5B29B
:10E1000000BF00BF28E0207C30B9D4F8B402416BD6
:10E1100068468847074605E031462046FFF74AFE35
:10E12000681CC5B218E0207C40B9D4F8B402016B79
:10E130006846884707460720787005E03146204644
:10E14000FFF738FE681CC5B206E031462046FFF7EF
:10E1500031FE681CC5B200BF00BF05B1F8BDBDF8F7
:10E16000000088B1F08878B1F088BDF800108842CE
:10E1700002DDBDF8000000E0F0880090BDF800204E
:10E1800039462046FFF743FEF08810B92046FFF7D6
:10E190004FFE00BFE2E70146002002E0421CD0B281
:10E1A000491C0A78002AF9D1704770B504460D461B
:10E1B00094F89C02012804D0022803D003281AD125
:10E1C00001E000BF00BFE888022804D029462046AD
:10E1D000FFF7F0FD14E00120E060D4F8A40218B1CC
:10E1E000E06840F00200E060022204F10C012046E9
:10E1F000FFF70DFE04E029462046FFF7DBFD00BFD8
:10E2000000BF70BD2DE9F04104460D4617460026BB
:10E21000FCB12046FFF7BFFF022101EB4000388030
:10E220003A783046711CCEB22A5403223046711C13
:10E23000CEB22A540AE014F8012B3046711CCEB23B
:10E240002A5400223046711CCEB22A54207800286D
:10E25000F1D1BDE8F0810146002031B1012906D09D
:10E26000022906D0032908D105E0002007E002209A
:10E2700005E0012003E0022001E0022000BF00BF12
:10E28000704770B504460D4616460CB9022070BDA5
:10E29000D4F8B40210B10020C4F8B4020DB1C4F82F
:10E2A000B052012084F89C022670204600F004F948
:10E2B0000020ECE72DE9F04104460D46002600273A
:10E2C0002946D4F8C002F9F7D7FB06463046FFF7D7
:10E2D000C2FF07463846BDE8F0812DE9F04104460B
:10E2E0000D46002600272946D4F8C002F9F78FFB17
:10E2F00006463046FFF7AFFF07463846BDE8F081D7
:10E300002DE9F04104460E461746002E64D104F173
:10E310001405D4F89402022848D1D5E903018842B3
:10E3200010D9D5E90301401AE860A88982B23946BC
:10E330002046FFF733FD00231A461946204600F019
:10E3400031F93EE02969A868B0FBF1F201FB120047
:10E35000B8B92969A868884213D3A868D4F8981274
:10E3600088420ED2002211462046FFF717FD0020FA
:10E37000C4F8980200231A461946204600F012F904
:10E380001FE0D4F8B402C06840B194F89C0203289E
:10E3900004D1D4F8B402C1682046884780212046C1
:10E3A00000F0B0F92046FFF725FD0AE0D4F894020A
:10E3B000042802D0D4F8940218B98021204600F035
:10E3C000A1F994F8A002012818D1204600F0FAF92A
:10E3D000002084F8A00211E0D4F8B402406950B1E2
:10E3E00094F89C02032806D1D4F8B402314642695D
:10E3F0002046904702E00220BDE8F0810020FBE7C4
:10E400002DE9F04104460E461746BEBB04F5AA7539
:10E41000D4F89402032825D1D5E90301884210D904
:10E42000D5E90301401AE860D5E90301884201D229
:10E43000E86800E0286982B239462046FFF7A2FC6E
:10E440002FE0D4F8B402006940B194F89C0203288C
:10E4500004D1D4F8B4020169204688472046FFF76A
:10E46000E7FC1EE0D4F8940205281AD10020C4F875
:10E4700094020021204600F045F912E0FFE7D4F8AD
:10E48000B402806950B194F89C02032806D1D4F8F4
:10E49000B402314682692046904702E00220BDE87E
:10E4A000F0810020FBE770B504460D462946D4F8FC
:10E4B000C002F9F75FFE70BD10B504461D48C0F8F4
:10E4C000E842C4F8C0021C481A49086008204860A5
:10E4D00002211848816000218161C1610162FAF75F
:10E4E00020F808B1F7F74EFD04F530741823002228
:10E4F00011462068F9F748FA582300228021206845
:10E50000F9F742FAC023002281212068F9F73CFA8A
:10E510004FF48873002201212068F9F735FA20684A
:10E52000A4F530744FF4807300228221F9F72CFA9D
:10E53000002010BD44180020005C004010B50246C9
:10E54000D2F8C03201F08000802809D101F07F00AC
:10E5500000EB800403F1280000EBC400807810BDBC
:10E5600001F07F0000EB800403F5B47000EBC40001
:10E570008078F4E72DE9F04704460F4615461E461D
:10E580004FF00008C1462B4632463946D4F8C00247
:10E59000F9F7FBFD80464046FFF75DFE81464846A1
:10E5A000BDE8F0872DE9F04704460D4616461F46A4
:10E5B0004FF00008C1463B4632462946D4F8C00217
:10E5C000F9F729FE80464046FFF745FE814648465A
:10E5D000BDE8F08710B504464023002211462046CE
:10E5E000FFF7C8FF01214FF4AC70015140214FF4F7
:10E5F000B27001514023002280212046FFF7BAFF6C
:10E600000121A16140216162012084F89C02002067
:10E61000C4F894026060C4F8A402D4F8B80228B127
:10E620002179D4F8B402426820469047002010BDFA
:10E63000014691F89C02042803D191F89D0281F8CB
:10E640009C020020704710B5044694F89C020328F1
:10E6500008D1D4F8B402C06920B1D4F8B402C169B9
:10E6600020468847002010BD0246117400207047E4
:10E670002DE9F04104460D46002600272946D4F82E
:10E68000C002FAF73DF806463046FFF7E4FD0746BC
:10E690003846BDE8F08170B504460D46294604F5BC
:10E6A0002A7000F073F80120C4F8940240F2AE2002
:10E6B000005BC4F8980294F8A80200F01F0020B193
:10E6C000012808D0022812D10BE004F52A71204657
:10E6D00000F041F913E004F52A71204600F0A8FA91
:10E6E0000DE004F52A71204600F086F907E094F861
:10E6F000A80200F08001204600F004F800BF00BF2F
:10E70000002070BD2DE9F04104460D46002600278B
:10E710002946D4F8C002F9F7A4FD06463046FFF7B3
:10E720009AFD07463846BDE8F08170B504460025DD
:10E730000026D4F8C002FAF707F805462846FFF786
:10E740008AFD0646304670BD014691F89C0281F86C
:10E750009D02042081F89C02002070472DE9F047BB
:10E7600004460D4616461F464FF00008C1463B467C
:10E7700032462946D4F8C002F9F7B7FD8046404634
:10E78000FFF769FD81464846BDE8F0870A780270C8
:10E790004A7842708B78CA7803EB022242800B7968
:10E7A0004A7903EB022282808B79CA7903EB022239
:10E7B000C28070470246002011B1C2F8B41200E0D6
:10E7C0000220704701460020704770B504460D4690
:10E7D000A88810BBE88800BB688880281DD2A8786C
:10E7E00000F07F0694F89C02032804D129462046B5
:10E7F000FFF7E0FA15E084F89E6231462046FFF705
:10E8000037FF2046FFF714FB1EB1022084F89C025C
:10E8100007E0012084F89C0203E029462046FFF728
:10E82000C9FA70BD70B504460D460226D4F8B4028C
:10E8300038B1D4F8B402294602682046904700B99E
:10E840000026304670BD000070B504460D46A8781D
:10E850003649087008460078012804DD294620461C
:10E86000FFF7A8FA60E094F89C02022802D003287F
:10E870004FD11CE02D480078A8B12C48007860608A
:10E88000032084F89C02294801782046FFF7CAFF3C
:10E89000022804D129462046FFF78CFA70BD204695
:10E8A000FFF7C6FA02E02046FFF7C2FA3BE01F4836
:10E8B000007870B9022084F89C021C4800786060DF
:10E8C0001A4801782046FFF733FA2046FFF7B0FADE
:10E8D0001EE0164909786068884216D021792046E2
:10E8E000FFF726FA1148007860601048017820464A
:10E8F000FFF798FF022804D129462046FFF75AFA6D
:10E90000CCE72046FFF794FA02E02046FFF790FAA2
:10E9100009E029462046FFF74DFA044801782046D1
:10E92000FFF706FA00BF00BF00BFB7E7580100209D
:10E9300070B505460C466088012804D1C5F8A402CC
:10E940002846FFF775FA70BD10B504462046FFF75C
:10E95000ECFE002010BD70B505460C460026207860
:10E9600000F0600060B1202802D040283CD100E0D7
:10E9700000BFD5F8B402214682682846904738E0A7
:10E9800060780A2829D2DFE800F01923281E280A17
:10E990000528140F21462846FFF703FB22E02146F5
:10E9A0002846FFF712FF1DE021462846FFF74CFFDF
:10E9B00018E021462846FFF7C9FA13E02146284609
:10E9C000FFF7F3FB0EE021462846FFF7B1FF09E011
:10E9D00021462846FFF7B7F904E021462846FFF70D
:10E9E000E9F900BF00BF04E021462846FFF7E2F93D
:10E9F00000BF00BF304670BD2DE9F04105460E4610
:10EA00004FF000083479307800F0600060B12028C1
:10EA100002D0402871D100E000BFD5F8B4023146E1
:10EA200082682846904700E1307800F06000202896
:10EA300009D1D5F8B402314682682846904780460D
:10EA40004046BDE8F081707800285ED001282FD0C4
:10EA5000032876D195F89C02022802D0032820D101
:10EA600010E054B1802C08D021462846FFF74AFE1A
:10EA700080212846FFF746FE03E031462846FFF78F
:10EA800099F913E0708840B93CB1802C05D0F0882A
:10EA900018B921462846FFF735FE2846FFF7C8F982
:10EAA00004E031462846FFF785F900BF00BFB5E016
:10EAB00095F89C02022802D003281FD110E054B11F
:10EAC000802C08D021462846FFF71CFE80212846CE
:10EAD000FFF718FE03E031462846FFF76BF912E016
:10EAE000708848B904F07F0018B121462846FFF726
:10EAF000E1FB2846FFF79CF905E091E03146284606
:10EB0000FFF758F900BF00BF88E095F89C02022883
:10EB100002D0032876D126E034B1802C04D03146CF
:10EB20002846FFF747F972E004F08000802809D1F9
:10EB300004F07F0000EB800105F1140000EB810080
:10EB400008E066E004F07F0000EB800105F5AA70A4
:10EB500000EB810007460020386002223946284633
:10EB6000FFF755F953E004F0800080280ED104F03F
:10EB70000F0000EB800105F1140000EB81004068FC
:10EB800098B931462846FFF715F940E004F00F0028
:10EB900000EB800105F5AA7000EB8100406820B908
:10EBA00031462846FFF706F931E004F0800080285E
:10EBB00008D104F07F0000EB800105F1140000EBA8
:10EBC000810007E004F07F0000EB800105F5AA70EA
:10EBD00000EB810007460CB1802C02D10020386088
:10EBE00009E021462846FFF7A9FC10B10120386052
:10EBF00001E000203860022239462846FFF707F975
:10EC000005E0FFE731462846FFF7D4F800BF00BF14
:10EC100004E031462846FFF7CDF800BF00BF04E00E
:10EC200031462846FFF7C6F800BF00BF404608E758
:10EC300070B505460C460026207800F0600030B123
:10EC4000202802D040282AD100E000BF00BF95F85C
:10EC50009C02012804D0022803D0032818D101E027
:10EC600000BF00BF207901280DDCD5F8B402214691
:10EC70008268284690470646E08840B93EB9284653
:10EC8000FFF7D6F803E021462846FFF793F804E0A3
:10EC900021462846FFF78EF800BF00BF04E021465A
:10ECA0002846FFF787F800BF00BF002070BD7047FF
:10ECB0000146014870470000301B0020F0B50246B5
:10ECC00000260878400032F8100048F68F1400EA59
:10ECD0000403C87830B101280CD0022805D00328DD
:10ECE0000BD104E043F4007309E000BF07E043F4F4
:10ECF000C06304E043F4806301E0012600BF00BF6D
:10ED000043F4004040F080000C78640022F81400C6
:10ED100000BF0C78640032F8144048F68F752C4020
:10ED20000D7844EA050040F4004444F080040D7876
:10ED30006D0022F8154000BF087B00287ED148787E
:10ED4000002852D000BF1046B2F8505028440D7829
:10ED500000F5806707EB0514CD886D106D002580E8
:10ED600000BF00BF0C78640032F8140000F04004CB
:10ED70008CB100BF0D786D0032F8155048F68F77D2
:10ED800005EA070444F4004545F0C0050F787F000C
:10ED900022F8175000BF00BFC878012813D000BF69
:10EDA0000C78640032F8144048F6BF7504EA050098
:10EDB00080F0200040F4004444F080040D786D00A1
:10EDC00022F815409EE100BF0C78640032F8144030
:10EDD00048F6BF7504EA050040F4004444F080049E
:10EDE0000D786D0022F815408CE100BF1046B2F896
:10EDF000505028440D78042707EBC50500F58067BF
:10EE000007EB4504CD886D106D00258000BF00BF65
:10EE10001546B2F8504025440C78062707EBC40489
:10EE200005F5806707EB4404204600BF0F6967B90A
:10EE3000078848F2FF3C07EA0C0700E057E007802C
:10EE4000078847F4004707801EE00F693E2F0DD862
:10EE500000BF0F697C080F7C07F0010707B1641C35
:10EE60004FF6FF7707EA842707800DE000BF0F69A0
:10EE70007C090F7C07F01F0707B9641E4FF4004799
:10EE800047EA8427078000BF00BF00BF00BF0C789F
:10EE9000640032F8140000F480448CB100BF0D7897
:10EEA0006D0032F8155048F68F7705EA070444F4F0
:10EEB000004545F481450F787F0022F8175000BFC8
:10EEC00000BF00BF0C78640032F814404BF68F7519
:10EED00004EA050080F4805080F4005040F40044BF
:10EEE00044F080040D786D0022F815400AE100BF5F
:10EEF0000C78640032F8144048F68F7504EA050077
:10EF000040F4004444F4C0740D786D0022F81540BC
:10EF100000BF00BF00BF00BF1046B2F850502844E9
:10EF20000D7800F5806707EB05140D896D106D00F5
:10EF3000258000BF00BF00BF00BF1046B2F8505090
:10EF400028440D78042707EBC50500F5806707EB1B
:10EF500045044D896D106D00258000BF00BF00BFC6
:10EF6000487800285DD100BF0C78640032F81400A6
:10EF700000F480448CB100BF0D786D0032F815505C
:10EF800048F68F7705EA070444F4004545F48145C7
:10EF90000F787F0022F8175000BF00BF00BF0C7829
:10EFA000640032F8140000F040048CB100BF0D780A
:10EFB0006D0032F8155048F68F7705EA070444F4DF
:10EFC000004545F0C0050F787F0022F8175000BFBC
:10EFD00000BF00BF0C78640032F814404BF68F7508
:10EFE00004EA050080F4805080F4005040F40044AE
:10EFF00044F080040D786D0022F8154000BF00BF7A
:10F000000C78640032F8144048F6BF7504EA050035
:10F0100040F4004444F080040D786D0022F815405F
:10F0200070E000BF0C78640032F8140000F48044F3
:10F030008CB100BF0D786D0032F8155048F68F770F
:10F0400005EA070444F4004545F481450F787F0044
:10F0500022F8175000BF00BF00BF0C78640032F8E0
:10F06000140000F040048CB100BF0D786D0032F840
:10F07000155048F68F7705EA070444F4004545F03B
:10F08000C0050F787F0022F8175000BF00BFC87876
:10F09000012813D000BF0C78640032F8144048F601
:10F0A000BF7504EA050080F0200040F4004444F0FD
:10F0B00080040D786D0022F8154011E000BF0C7837
:10F0C000640032F8144048F6BF7504EA050040F4C5
:10F0D000004444F080040D786D0022F8154000BF14
:10F0E00000BF0C78640032F814404BF68F7504EAC8
:10F0F000050040F4004444F080040D786D0022F8CF
:10F10000154000BF3046F0BD10B50446002010BDCC
:10F1100030B50246087B00285BD1487860B300BF59
:10F120000B785B0032F8130000F040038BB100BF96
:10F130000C78640032F8144048F68F7504EA050331
:10F1400043F4004444F0C0040D786D0022F81540EB
:10F1500000BF00BF00BF0B785B0032F8133048F6E9
:10F16000BF7403EA040040F4004343F080030C78CA
:10F17000640022F8143007E100BF0B785B0032F81E
:10F18000130000F480438BB100BF0C78640032F8A8
:10F19000144048F68F7504EA050343F4004444F430
:10F1A00081440D786D0022F8154000BF00BF00BFFC
:10F1B0000B785B0032F813304BF68F7403EA0400CF
:10F1C00040F4004343F080030C78640022F81430CC
:10F1D000DAE0487800286BD100BF0B785B0032F88A
:10F1E000130000F480438BB100BF0C78640032F848
:10F1F000144048F68F7504EA050343F4004444F4D0
:10F2000081440D786D0022F8154000BF00BF00BF9B
:10F210000B785B0032F8130000F040038BB100BFA5
:10F220000C78640032F8144048F68F7504EA050340
:10F2300043F4004444F0C0040D786D0022F81540FA
:10F2400000BF00BF00BF0B785B0032F8133048F6F8
:10F250008F7403EA040040F4004343F0C0030C78C9
:10F26000640022F8143000BF00BF0B785B0032F856
:10F2700013304BF68F7403EA040040F4004343F06C
:10F2800080030C78640022F8143000BF00BF0B78B4
:10F290005B0032F8133048F6BF7403EA040040F410
:10F2A000004343F080030C78640022F814306BE0D4
:10F2B00000BF0B785B0032F8130000F480438BB181
:10F2C00000BF0C78640032F8144048F68F7504EAE9
:10F2D000050343F4004444F481440D786D0022F8A2
:10F2E000154000BF00BF00BF0B785B0032F8130071
:10F2F00000F040038BB100BF0C78640032F814407A
:10F3000048F68F7504EA050343F4004444F0C00452
:10F310000D786D0022F8154000BF00BF00BF0B78CC
:10F320005B0032F8133048F68F7403EA040040F4AF
:10F33000004343F481430C78640022F8143000BF8A
:10F3400000BF0B785B0032F8133048F6BF7403EA55
:10F35000040040F4004343F080030C78640022F87A
:10F36000143000BF00BF0B785B0032F813304BF64F
:10F370008F7403EA040040F4004343F080030C78E8
:10F38000640022F8143000BF002030BD0146002088
:10F39000704701460020704710B50446012024F84C
:10F3A000400F00202080A0802082403C10BD0146FC
:10F3B0004FF43F42B1F840009043A1F840000020D4
:10F3C000704702460020704730B50246087B00288F
:10F3D00065D1487888B300BF0B785B0032F8130022
:10F3E00000F040038BB100BF0C78640032F8144089
:10F3F00048F68F7504EA050343F4004444F0C00462
:10F400000D786D0022F8154000BF00BFC8780128B4
:10F4100045D000BF0B785B0032F8133048F6BF745C
:10F4200003EA040080F0200040F4004343F080032E
:10F430000C78640022F8143031E0FFE700BF0B784D
:10F440005B0032F8130000F480438BB100BF0C78EE
:10F45000640032F8144048F68F7504EA050343F45B
:10F46000004444F481440D786D0022F8154000BF3B
:10F4700000BF00BF0B785B0032F813304BF68F747F
:10F4800003EA040080F4805080F4005040F400430C
:10F4900043F080030C78640022F8143000BF002091
:10F4A00030BD10B50246487898B100BF0B785B00BC
:10F4B00032F8133048F6BF7403EA040080F01000FD
:10F4C00040F4004343F080030C78640022F81430C9
:10F4D00013E000BF0B785B0032F813304BF68F74EB
:10F4E00003EA040080F4805040F4004343F08003BA
:10F4F0000C78640022F8143000BF002010BD2DE904
:10F50000F04706460C466078012876D12169A0694B
:10F51000884201D9256900E0A569207BA0B9ABB27A
:10F52000E2883046616900F0F4FD00BF3046B6F86D
:10F53000502010442278022303EBC20200F58063BE
:10F5400003EB42010D8081E3E07802287DD121693F
:10F55000206A88427AD900BF2178490036F8111014
:10F5600048F68F7201EA020040F4004141F4C07194
:10F570002278520026F8121000BF206A401B206239
:10F580002078400036F8100000F0400000287DD0C0
:10F5900000BF3346607888BB00BF3246B6F85010D3
:10F5A0000A4421784FF0060909EBC10102F5806990
:10F5B00009EB4101084600BF75B9B0F8009048F268
:10F5C000FF3A09EA0A09A0F80090B0F8009049F45F
:10F5D0000049A0F8009021E03E2D10D800BF690836
:10F5E00005F00109B9F1000F00D0491C4FF6FF7971
:10F5F00009EA8129A0F8009010E03DE310E000BF87
:10F60000690905F01F09B9F1000F00D1491E4FF437
:10F61000004949EA8129A0F8009000BF00BF0FE02F
:10F62000607801280CD1B6F85000034420780621F8
:10F6300001EBC00003F5806101EB400CACF8005019
:10F6400000BF6789ABB23A4601E057E12CE1304692
:10F65000616900F05EFD6069284460612169206A8B
:10F66000884203D9206A401B206202E0256A0020FC
:10F67000206200BF6078C0BB00BF3246B6F85010B1
:10F680000A442178022303EBC10100E049E002F5BE
:10F69000806303EB4101084600BF55B9038848F277
:10F6A000FF3C03EA0C030380038843F40043038018
:10F6B00019E03E2D0BD800BF690805F0010303B126
:10F6C000491C4FF6FF7303EA812303800BE000BF60
:10F6D000690905F01F0303B9491E4FF4004343EACB
:10F6E0008123038000BF00BF12E0FFE7607801289C
:10F6F0000ED100BF3046B6F85020104422780223C5
:10F7000003EBC20200F5806303EB42010D8000BFF2
:10F7100000BF2789ABB23A463046616900F0F9FC78
:10F7200094E200BF6078B0BB00BF3246B6F850101C
:10F730000A442178022303EBC10102F5806303EB45
:10F740004101084600BF55B9038848F2FF3C03EA6F
:10F750000C030380038843F40043038019E03E2D2B
:10F760000BD800BF690805F0010303B1491C4FF62F
:10F77000FF7303EA812303800BE000BF690905F0F2
:10F780001F0303B9491E4FF4004343EA812303805A
:10F7900000BF00BF12E0FFE7607801280ED100BF74
:10F7A0003046B6F8502010442278022303EBC20200
:10F7B00000F5806303EB42010D8000BF00BF278985
:10F7C000ABB23A463046616900F0A3FC6069284458
:10F7D00060612169206A884203D9206A401B206247
:10F7E00002E0256A0020206200BF3346607880BBBB
:10F7F00000BF3246B6F850100A4421784FF006098F
:10F8000009EBC10102F5806909EB4101084600BF1F
:10F8100075B9B0F8009048F2FF3A09EA0A09A0F871
:10F820000090B0F8009049F40049A0F8009020E062
:10F830003E2D0FD800BF690805F00109B9F1000F8E
:10F8400000D0491C4FF6FF7909EA8129A0F8009001
:10F850000FE010E000BF690905F01F09B9F1000FC2
:10F8600000D1491E4FF4004949EA8129A0F80090CF
:10F8700000BF00BF0FE0607801280CD1B6F850003F
:10F8800003442078062101EBC00003F5806101EB01
:10F89000400CACF8005000BF6789ABB23A46304626
:10F8A000616900F036FCD1E1256A00BF217849008A
:10F8B00036F8111048F68F6201EA020040F4004168
:10F8C00041F080012278520026F8121000BF00BFDC
:10F8D0003046B6F8502010442278022303EBC202CF
:10F8E00000F5806303EB42010D8000BF2789ABB2B6
:10F8F0003A463046616900F00CFCA7E100BF217870
:10F90000490036F8111048F68F7201EA020040F4FF
:10F91000004141F4C0712278520026F8121000BF55
:10F92000206A401B20622078400036F8100000F06A
:10F93000400000287DD000BF3346607880BB00BF08
:10F940003246B6F850100A4421784FF0060909EB08
:10F95000C10102F5806909EB4101084600BF75B994
:10F96000B0F8009048F2FF3A09EA0A09A0F80090BE
:10F97000B0F8009049F40049A0F8009020E03E2D36
:10F980000FD800BF690805F00109B9F1000F00D0D8
:10F99000491C4FF6FF7909EA8129A0F800900FE091
:10F9A00010E000BF690905F01F09B9F1000F00D18F
:10F9B000491E4FF4004949EA8129A0F8009000BF90
:10F9C00000BF0FE0607801280CD1B6F85000034466
:10F9D0002078062101EBC00003F5806101EB400CAB
:10F9E000ACF8005000BF6789ABB23A463046616957
:10F9F00000F08FFB6069284460612169206A8842B9
:10FA000003D9206A401B206202E0256A00202062A0
:10FA1000002D56D000BF6078C0BB00BF3246B6F89C
:10FA200050100A442178022303EBC10102F58063E0
:10FA300000E047E003EB4101084600BF55B90388E9
:10FA400048F2FF3C03EA0C030380038843F40043BD
:10FA5000038019E03E2D0BD800BF690805F00103B3
:10FA600003B1491C4FF6FF7303EA812303800BE0C7
:10FA700000BF690905F01F0303B9491E4FF4004395
:10FA800043EA8123038000BF00BF12E0FFE76078F4
:10FA900001280ED100BF3046B6F85020104422781D
:10FAA000022303EBC20200F5806303EB42010D80E9
:10FAB00000BF00BF2789ABB23A463046616900F00B
:10FAC00028FBC3E000BF6078B0BB00BF3246B6F889
:10FAD00050100A442178022303EBC10102F5806330
:10FAE00003EB4101084600BF55B9038848F2FF3CCB
:10FAF00003EA0C030380038843F40043038019E006
:10FB00003E2D0BD800BF690805F0010303B1491C65
:10FB10004FF6FF7303EA812303800BE000BF6909FE
:10FB200005F01F0303B9491E4FF4004343EA812344
:10FB3000038000BF00BF12E0FFE7607801280ED10C
:10FB400000BF3046B6F8502010442278022303EB61
:10FB5000C20200F5806303EB42010D8000BF00BFCD
:10FB60002789ABB23A463046616900F0D2FA606943
:10FB7000284460612169206A884203D9206A401BB9
:10FB8000206202E0256A00202062A5B300BF334650
:10FB9000607888BB00BF3246B6F850100A4421781E
:10FBA0004FF0060909EBC10102F5806909EB41013B
:10FBB000084600BF75B9B0F8009048F2FF3A09EA6C
:10FBC0000A09A0F80090B0F8009049F40049A0F8A4
:10FBD000009021E03E2D10D800BF690805F0010912
:10FBE000B9F1000F00D0491C4FF6FF7909EA8129CD
:10FBF000A0F8009010E029E010E000BF690905F0CE
:10FC00001F09B9F1000F00D1491E4FF4004949EA1C
:10FC10008129A0F8009000BF00BF0FE060780128A4
:10FC20000CD1B6F8500003442078062101EBC00047
:10FC300003F5806101EB400CACF8005000BF678910
:10FC4000ABB23A463046616900F063FA00BF2178F2
:10FC5000490036F8111048F6BF7201EA020080F040
:10FC6000100080F0200040F4004141F08001227833
:10FC7000520026F8121005E2207BA0BB2169A06982
:10FC8000884204D92569A069401BA06102E0A569EA
:10FC90000020A06100BF3246B6F850100A44217817
:10FCA000062303EBC10102F5806303EB4101084623
:10FCB00000BF55B9038848F2FF3C03EA0C030380F8
:10FCC000038843F4004303801AE03E2D0CD800BFA4
:10FCD000690805F0010303B1491C4FF6FF7303EAFD
:10FCE000812303800CE00DE000BF690905F01F03CC
:10FCF00003B9491E4FF4004343EA8123038000BF48
:10FD000000BFA9E1E07802287DD100BF00BF607884
:10FD1000E0BB00BF3246B6F850100A4421780223F7
:10FD200003EBC10102F5806303EB4101084600BF0C
:10FD3000236953B9038848F2FF3C03EA0C030380AC
:10FD4000038843F4004303801EE023693E2B0DD853
:10FD500000BF23695908237C03F0010303B1491C48
:10FD60004FF6FF7303EA812303800DE000BF236990
:10FD70005909237C03F01F0303B9491E4FF40043C4
:10FD800043EA8123038000BF00BF13E0FFE76078F0
:10FD900001280FD100BF3046B6F850201044227819
:10FDA000022303EBC20200F5806303EB4201228AC7
:10FDB0000A8000BF00BF00BF33466078E8BB00BFC9
:10FDC0003246B6F850100A4421784FF0060909EB84
:10FDD000C10102F5806909EB4101084600BFD4F872
:10FDE0001090B9F1000F0FD1B0F8009048F2FF3A2F
:10FDF00009EA0A09A0F80090B0F8009049F4004917
:10FE0000A0F800902EE06BE0D4F81090B9F13E0F0E
:10FE100014D800BFD4F810904FEA590194F810900C
:10FE200009F00109B9F1000F00D0491C4FF6FF7924
:10FE300009EA8129A0F8009014E015E000BFD4F889
:10FE400010904FEA591194F8109009F01F09B9F178
:10FE5000000F00D1491E4FF4004949EA8129A0F85A
:10FE6000009000BF00BF10E0607801280DD1B6F807
:10FE7000500003442078062101EBC00003F58061A7
:10FE800001EB400C208AACF8000000BF00BFE06925
:10FE9000002824D02078400036F8108008F48040F4
:10FEA00010B108F0400038B908F48040002816D19D
:10FEB00008F04000002812D100BF00BF217849009F
:10FEC00036F8111048F68F7201EA020040F4004142
:10FED00041F0C0012278520026F8121000BFBBE0AA
:10FEE000E07801287CD12169A069884204D925697C
:10FEF000A069401BA06102E0A5690020A06100BFCD
:10FF000000BF6078B0BB00BF3246B6F850100A445C
:10FF10002178022303EBC10102F5806303EB410169
:10FF2000084600BF55B9038848F2FF3C03EA0C03BA
:10FF30000380038843F40043038019E03E2D0BD86F
:10FF400000BF690805F0010303B1491C4FF6FF73B8
:10FF500003EA812303800BE000BF690905F01F035A
:10FF600003B9491E4FF4004343EA8123038000BFD5
:10FF700000BF12E0FFE7607801280ED100BF3046D5
:10FF8000B6F8502010442278022303EBC20200F599
:10FF9000806303EB42010D8000BF00BF00BF33460A
:10FFA000607890BB00BF3246B6F850100A44217802
:10FFB0004FF0060909EBC10102F5806909EB410127
:10FFC000084600BF85B9B0F8009048F2FF3A09EA48
:10FFD0000A09A0F80090B0F8009049F4004900E048
:10FFE00037E0A0F8009020E03E2D0FD800BF690850
:10FFF00005F00109B9F1000F00D0491C4FF6FF7957
:020000040801F1
:1000000009EA8129A0F800900FE010E000BF69091B
:1000100005F01F09B9F1000F00D1491E4FF4004946
:1000200049EA8129A0F8009000BF00BF0FE0607886
:1000300001280CD1B6F8500003442078062101EBCA
:10004000C00003F5806101EB400CACF8005000BF2C
:1000500002E00120BDE8F08700BF2178490036F8B2
:1000600011104BF68F7201EA020080F4805080F488
:10007000005040F4004141F080012278520026F8FF
:10008000121000BF0020E5E701460020A1F844005F
:100090004FF43F42A1F840207047000010B50248DD
:1000A000F8F74EF910BD0000441800200146B1F8E1
:1000B000440070472DE9F04304460E4615464FEACA
:1000C000530CA046304608F5806909EB45026746A7
:1000D0000AE01188921C0170401C4FEA112980F837
:1000E0000090401C921C7F1E002FF2D103F00109EA
:1000F000B9F1000F01D011880170BDE8F08302460C
:1001000000207047024611B98020A2F84C00002060
:1001100070472DE9F04704460D461E4606F1010AD8
:100120004FEA5A08A146284609F5806A0AEB4203BD
:1001300047460BE090F800C0401C90F800A04CEA45
:100140000A2119809B1C9B1C401C7F1E002FF1D193
:10015000BDE8F08700BFFEE70FB4054B10B503A95B
:10016000044A029800F048F810BC5DF814FB000047
:100170002D0701088C0200200FB4084B10B504A90C
:1001800002AA039800F038F8044602A9002000F003
:1001900049F9204610BC5DF814FB00002504010855
:1001A00002480068C0F30220704700000CED00E038
:1001B00010B5002804DB0A07130E054A135406E0A5
:1001C0000A07140E034A00F00F031B1FD45410BD7E
:1001D00000E400E018ED00E002E008C8121F08C1CA
:1001E000002AFAD170477047002001E001C1121FB8
:1001F000002AFBD1704700002DE9FF4F8BB09A46D3
:100200000F460446002606E025280BD052460D99DD
:100210009047641C761C20780028F5D10FB030463A
:10022000BDE8F08F0025A94601227D4900E0054385
:1002300014F8013F203B02FA03F00842F7D120787E
:100240002E2817D114F8010F45F004052A280ED0E6
:100250006FF02F022078A0F1300109290AD809EBAC
:10026000890102EB410100EB0109641CF2E757F838
:10027000049B641C20786C280DD004DC4C2812D020
:100280006A2811D104E074280DD07A280CD10AE034
:1002900045F4001507E0617845F48015814202D1EC
:1002A000641C05F58015641C207869283ED006DCA6
:1002B0000028B3D063280BD0642804D136E073281B
:1002C00010D075285CD052460D999047761CA5E059
:1002D00017F8040B8DF8000000208DF80100E846A7
:1002E000012003E057F8048B4FF0FF3069074FF00F
:1002F000000501D40AE06D1C4D450DDA8542FADB9C
:1003000018F805100029F6D106E06D1C8542FCDBCB
:1003100018F805100029F8D12E4404E018F8010B54
:1003200052460D9990476D1EF8D277E000200A9052
:10033000C5F302504FF00A0B02280CD001CFC117B1
:10034000021E71F100020CDA0023D0EB030063EB14
:1003500001012D2208E0FF1D27F00707F7E8020141
:10036000EEE72A0504D52B228DF82420012203E094
:10037000EA070FD02022F7E70DF12008089218E0D5
:1003800000200A90C5F302504FF00A0B022803D058
:1003900001CF00210022EFE7FF1D27F00707F7E854
:1003A0000201F7E75A460A9BF5F777FB303208F867
:1003B000012D50EA0102F5D1ADEB080000F1200B50
:1003C000680701D44FF00109D94502DDA9EB0B0004
:1003D00000E000208146002506E009A85246405D65
:1003E0000D9990476D1C761C08988542F5DB04E05A
:1003F000302052460D999047761CB9F10001A9F1C1
:100400000109F5DC05E018F8010B52460D999047FB
:10041000761CBBF10001ABF1010BF4DC641CFAE6C5
:10042000092801000A68531C0B6010707047000017
:1004300010B50120F6F736FB0AA001F03FFB0020C3
:1004400015490860012015490870154908701549BB
:1004500008700020144908704FF416711348F5F71E
:100460008AFA10BD7B2252656365697665223A7B04
:1004700022537461747573223A32367D2C224322E2
:100480003A7B2254797065223A2243616E73656C1F
:10049000227D7D0A0000000034000020680000205A
:1004A0006B0000206D000020690000203005002056
:1004B000014601F0030090B96420B1FBF0F200FBAB
:1004C000121050B94FF4C870B1FBF0F200FB1210DB
:1004D00008B9012070470020FCE70120FAE700205E
:1004E000F8E7000010B586B00446F6F7A9FB012036
:1004F00004900F48006803900020019005A901A80E
:10050000F6F7E4FA78B9F6F739FB0598401C10B114
:10051000002006B010BD24B9FF2210210548F5F7D0
:1005200023FA0120F5E7F6F729FB0020F1E70000A8
:1005300018000020701D002000B500221021104678
:1005400000F002F800BD000030B5034658180D4C0D
:100550002468A04201D9002030BD18460DE022B128
:10056000094C2468045D1470521C102804D2064CF7
:100570002468045D054D2C54401CCC188442EED8F0
:100580000120E9E71400002018000020701D002061
:100590002DE9F04706468946154606EB0900144941
:1005A0000968884202D90020BDE8F0870DB9002013
:1005B000FAE7F6F745FB002414E02A5D601C285C8E
:1005C00042EA0020C3170746A0190A4A1268811898
:1005D0003A460120F6F7DCFA18B1F6F7CFFA002018
:1005E000E2E7A41C4C45E8D3F6F7C8FA0120DBE7A4
:1005F000140000201800002010B506A001F05EFADB
:100600000020114908704FF416711048F5F7B3F93E
:1006100010BD00007B2252656365697665223A7BD6
:1006200022537461747573223A32367D2C22432230
:100630003A7B2254797065223A2245746562617270
:10064000227D7D0A000000006800002030050020A7
:100650002DE9F041C1F30A52A2F2FF362F4A304B86
:100660000D460446142E2FDA002E12DAF5F7A3FAFF
:1006700000221346F5F746FB4CD2002DA4BF002400
:10068000254647DA25F00040204318BF254D41D0CC
:1006900018E0DFF894C02CFA06F705EA070C5CEACC
:1006A000040C08BFBDE8F081F5F785FA0022134677
:1006B000F5F728FB2ED2002D03DA4FF48010F0401E
:1006C0000544BD43002425E0332EC8BFBDE8F081BA
:1006D000A6F1140C4FF0FF3727FA0CF73C4208BF85
:1006E000BDE8F081F5F70BFB00221346F5F70AFB96
:1006F00010D2002D0DDA142E08BF6D1C09D0C6F1E2
:100700003400012101FA00F02044A04238BF6D1CE2
:100710000446BC4329462046BDE8F0819C7500880C
:100720003CE4377E0000F0BFFFFF0F0013B50C461E
:1007300001216846F5F7DAFB0120F6F7B3F90098D6
:100740001CBD000010B5002821D0114B0022001F55
:10075000196803E0814203D80A4649680029F9D1A3
:1007600052B11368841A9C4204D100681844106086
:10077000104602E0506000E0186039B102680B1AC0
:10078000934203D10B681A4402604968416010BD6E
:100790009002002000B585B00120F6F783F9002211
:1007A00015491648F8F708FD002215491348F8F7CF
:1007B000A5FC1348007812498978114A5278104BE9
:1007C000DB78CDE90132CDE903100B488078009049
:1007D0000948437802780BA11948FFF7CDFC184867
:1007E00001F06CF90120F6F75DF94FF41671154828
:1007F000F5F7C1F805B000BDC8000020300A0020A0
:10080000CB0000207B2254223A7B2248223A2564E6
:100810002C224D223A25642C2253223A25642C2284
:1008200059223A25642C226D223A25642C22442236
:100830003A25642C2257223A25647D7D0A00000067
:1008400088070020300500202DE9F74F82B082464E
:100850004FF000090026AAF26D27504600F070F80C
:100860008146781E00F086F80646B9F1000F01D0E7
:10087000012000E0002000EB800101EBC0002B49CB
:1008800001EB80010398401E51F82010049801EB01
:10089000000826B1B9F1000F01D0502000E04F2030
:1008A00000900098804508DC08F58F757F1E5EB1CA
:1008B000B9F1000F08D16D1C06E00098A8EB000507
:1008C000384600F057F80646012421E00EB1012019
:1008D00000E0002000EB800101EBC000144901EBB7
:1008E000800050F82400A84211DB01940EB10120D1
:1008F00000E0002000EB800101EBC0000C4901EB9F
:100900008001601E51F82000A5EB000B02E0641C82
:100910000C2CDBDD00BF074981F800B006490198C7
:1009200008700648076005B0BDE8F08F7C1F01081D
:10093000E41F01085B0000205A0000206000002036
:1009400001460A46C81701EB90708010A1EB8000A9
:1009500070B9642091FBF0F300FB131030B94FF431
:10096000C87091FBF0F300FB131008B90120704729
:100970000020FCE72DE9F0410446A4F5ED70C11715
:1009800000EB5161C911A0EBC1141E2C01DB00204A
:1009900000E01D2004442046F5F76EF805460022CD
:1009A0000A4BF4F7FAFF0746FFF752FE201A441EDF
:1009B0002146E01704EB90708010A4EB800010B982
:1009C0000120BDE8F0810020FBE7000000804040EE
:1009D00038B504460D460A202B4622464821009091
:1009E0000248F6F725FC0249087038BDDC090020F2
:1009F0009400002038B504460D460A202B462246B6
:100A0000482100900248F6F7BFFD0249087038BD42
:100A1000DC0900209400002070B504460D46002635
:100A200017E0012251020C48F6F70EFB2846F6F7B4
:100A300039F800224FF400710748F6F705FB284605
:100A4000F6F730F8012251020348F6F7FDFA701C60
:100A5000C6B2A642E5DB70BD0008014070B5054690
:100A6000402071490860714871490860012071494E
:100A70000870002070490870AE1C304600F046FD3A
:100A80000446FFF759FDD0B10A20F6F70BF82246CD
:100A900029460020FFF758FD30B10520F6F702F88F
:100AA0000520F5F7FFFF15E064A001F007F800202E
:100AB0006A4908702046FFF745FE012070BD5FA01F
:100AC00000F0FCFF0020654908702046FFF73AFE61
:100AD0000120F3E700206249088000BF08E0215CA4
:100AE0005F4AB2F9002051405D4A1180411CC8B2F2
:100AF0002328F4DB94F823005949B1F90010884207
:100B00000AD1607E642807D194F82200032803DC10
:100B100094F82200002808DC52A000F0CFFF00204B
:100B20004E4908704E49088078E094F823004C49FB
:100B3000B1F90010884202D0607E64286ED16078DE
:100B40000006A17800EB0140E17800EB012021795B
:100B500008444C494860A079617900EB01204A497A
:100B60000860207AE17900EB012047494860A07ACB
:100B7000617A00EB012044498860207BE17A00EB38
:100B800001204149C860A07B617B00EB01203E4908
:100B90000861207CE17B00EB01203B494861A07C9F
:100BA000617C00EB012038498861207DE17C00EB0D
:100BB00001203549C861A07D617D00EB01203249EB
:100BC0000862207EE17D00EB01202F494862A07E73
:100BD00040B22C490875E07E0006217F00EB014001
:100BE000617F00EB0120A17F084426490861E07F76
:100BF000000494F8201000EB012094F82110084420
:100C00002049086094F82200487520A000F056FFA3
:100C10000120124908700020114908802046FFF782
:100C200091FD00BF4AE700001400002000FC01080D
:100C3000180000201C0000201D0000207B225265AF
:100C40006164436F6E666967223A7B2253746174F4
:100C50007573223A31397D0A000000006C000020D3
:100C60002C0000207B2252656164436F6E666967C9
:100C7000223A7B22537461747573223A317D7D0A66
:100C800000000000C0020020980200207B22526574
:100C90006164436F6E666967223A7B2253746174A4
:100CA0007573223A307D7D0A0000000088B0F6F7A7
:100CB000A5FDFCF705FCF9F7C3FDF9F793FEF9F77D
:100CC000A9FEF9F7CBFEF9F759FE6420F5F7EAFE25
:100CD000F9F7FAFEF9F714FFF9F770FEF748F8F79D
:100CE000D1FDF7480068C06840F02000F449096869
:100CF000C8600A20F5F7D6FEF2480068C06840F0E8
:100D00002000F0490968C8600020EF490860FBF73F
:100D100063FAF9F78BFDFFF70FFC1E210720FFF7A1
:100D20007BFE00220221E948F6F78EF92420FFF726
:100D300095FE4FF47A70F5F7B5FEF9F7FDFE4FF426
:100D40007A70F5F7AFFE00224FF40041DF48F6F766
:100D50007BF940F2E970F5F7A5FE0122D103DB48EB
:100D6000F6F772F90120DA4908704DE3D9480078A6
:100D700058B1FBF731FA4AF6AA20D749096808604A
:100D8000F9F7FCFD0120F5F78DFE4AF6AA20D249BD
:100D900009680860F9F74AFDD0480068002870D05B
:100DA0000120F5F77FFECE48007856282DD013DCC1
:100DB000452867D007DC072871D2DFE800F0D86447
:100DC0006A74D8949A0046286AD04E2869D04F2871
:100DD00068D0532863D192E0722822D00CDC6728B7
:100DE00072D004DC632877D06628F3D1A7E06E28A0
:100DF00069D06F28EED18EE0732873D075280AD0A1
:100E0000802832D08128E5D135E000F0D3FE0120E2
:100E1000B4490870BDE001F04DF80120B1490870F7
:100E2000B7E0B1A000F04AFE0A20F5F73BFE00BF94
:100E300000BF00BF00BF00BFBFF34F8F00BF00BFA8
:100E400000BFB048006800F4E060AF490843001DEF
:100E5000AC49086000BF00BF00BFBFF34F8F00BFA9
:100E600000BF00BF00BF00BFFDE700F06BFF012027
:100E70009C4908708DE0FFF78DFC012099490870AE
:100E800087E092E017E000F0F5FF01209549087037
:100E90007FE000F0CDFF01209249087079E066E024
:100EA0005DE054E031E099499948FAF799FF012053
:100EB0008C4908706DE0FFF79FFB0120894908709D
:100EC00067E001E008E032E085494878FBF7C2FEC0
:100ED0000120844908705CE0FFF7AAFA01208149EB
:100EE000087056E01DE000F0CFFB01207D4908703E
:100EF0004FE000F0FFFD01207A49087049E000F062
:100F00003BFB01207749087043E000F061FB0120C2
:100F1000744908703DE000F089FB012071490870B8
:100F200037E000F0B9FE01206E49087031E0312150
:100F30006E2000F09DFC01206A49087029E03121F3
:100F4000662000F095FC01206649087021E03221FE
:100F50006E2000F08DFC01206249087019E03221FA
:100F6000662000F085FC01205E49087011E069A050
:100F700000F0A4FD13206E49087000205949087044
:100F80004FF416715648F4F7F6FC002053490860F8
:100F900000BF00BF13206649087000205149087047
:100FA0004E4908600120F5F77DFD6248006841F276
:100FB000883188423BD900205E4908604849087062
:100FC0005DA000F07BFDF6F745F86249086026E079
:100FD0004AF6AA20404909680860F6F73BF85D49DF
:100FE0000968401AB0F5FA6F03D900205A49086021
:100FF00016E03A48006878B13948007876280BD175
:1010000001205549086000203549087033490860BF
:1010100052A000F053FD03E000204F490860D7E7DD
:1010200000BF5548007810B954A000F047FD5A4859
:10103000007888B95848407870B95748807858B9CE
:101040005548C07840B9002004E00021534A1154AB
:10105000411CC8B20428F8DB4F48F9F72BFB20B13C
:101060004D48F9F727FB00B1CEE14B4800784B49DA
:101070000978884212D148484078484949788842DE
:101080000CD14548807845498978884206D1424844
:10109000C0784249C978884200D1B5E110210020CA
:1010A000F9F720FA40B13C48F9F704FB28B13A4877
:1010B000F9F700FB08B1A7E178E071E09C0A002095
:1010C000280B0020E40A0020300000200008014026
:1010D0000200002094000020D009002028000020F9
:1010E000300500206D0000207B2252656369766523
:1010F000223A7B22537461747573223A37307D7DB6
:101100000A0000000CED00E00000FA059500002048
:10111000B80900207B2252656365697665223A7BB7
:1011200022537461747573223A31397D7D0A00004F
:1011300027000020080000207B225265717565732E
:1011400074223A7B22537461747573223A307D7D28
:101150000A0000000C000020100000207B225265D5
:101160007175657374223A7B2253746174757322AE
:101170003A317D7D0A0000006C0000207B22436F25
:101180006E666967223A7B22537461747573223AE2
:1011900033307D7D0A0000007000002075000020C3
:1011A00010210020F9F79EF900B12DE197490120A7
:1011B000F9F718FA00287BD194488079AB2878D1C8
:1011C0009248C0790028FAD19048C07B0028F6D117
:1011D00000BF05E08E49095C8E4A1154411CC8B21B
:1011E0000428F7DB894800788B49086087484078F5
:1011F000096801EB002088490860844880788749A5
:1012000008608248C078096801EB002083490860C3
:101210007E480079096801EB0040804908607B48FE
:101220004079096801EB00607C4908607A480068F1
:1012300000F40040B0F5004F13D177480068C0F3C8
:101240000E00754908600846006846F629214840A6
:1012500071490860714800684BF2A62148406F4907
:1012600008606F48007800287ED06E48007820B96A
:10127000AFF2F80000F022FC24E06A48007808B3DE
:1012800069480078F0B169480078D8B168480068CA
:10129000B0F57A7F16D90020654908606548007866
:1012A00068B16548006828B15948FBF701FC09E0BE
:1012B000A9E0A3E043F698206049086002E060A03E
:1012C00000F0FCFB6748007880B15348036853483E
:1012D000026865A14D48FEF74FFF4C4800F0EEFB59
:1012E0006048007880F001005E4908704E48007840
:1012F000F0B964496448F5F7D1F898B961480068D5
:1013000061490968CDE90010434803684348026811
:101310005EA16A48FEF730FF684800F0CFFB00206E
:10132000434908604048007880F001003E49087059
:101330003E480078F0BB0020614908605248F4F74D
:10134000DBFEB8BB5F486049604A614BCDE90432BF
:10135000CDE906104C485F4909685F4A1268584B4E
:101360001B68CDE9003200E043E0CDE902102A4AD3
:101370002A4903680220F9F729FC584908700846F1
:10138000007809281CD14F484F49504A504BCDE9AD
:101390000432CDE906103C484E490A684E490968B6
:1013A000474B1B68CDE90031CDE902201A4A1B49A1
:1013B000036800E025E00220F9F708FC47490870BF
:1013C0003148F4F799FEE0B92F48036843480278A2
:1013D00043A10E48FEF7D0FE0C4800F06FFB134807
:1013E000007880F001001149087000201049086061
:1013F00007E032210A20FFF70FFB02E041A000F0D6
:101400005DFBF9F713FA00BFB0E4000054090020B7
:101410007000002075000020800000207C0000206B
:10142000010000206C000020680000206B000020FC
:10143000880000201E00002010000020080000206E
:101440007B2243223A7B2254797065223A225072E1
:101450006F63657373436172644F6666227D7D0AB4
:1014600000000000690000207B2243223A7B2249D1
:1014700044223A25642C225543223A25647D7D0A74
:1014800000000000500000204C0000207B2243227E
:101490003A7B224944223A25642C225543223A259C
:1014A000642C22457465626172223A25752C2248AB
:1014B00065646965223A25757D7D0A00C4070020B0
:1014C0004000002059000020580000203C0000206F
:1014D0005400002048000020440000202700002085
:1014E0007B2243223A7B22537461747573223A251E
:1014F000752C22457465626172223A25757D7D0ADC
:10150000000000006572726F720A0000F0B50B30C7
:10151000154D20F007010024144A0FE003688B42A8
:101520000BD38B4205D95E1A43184768C3E900679D
:1015300000E04368136002C004E0021D1068002848
:10154000ECD12046002802D1286808B10020F0BD67
:10155000064A07481060074A121A22F00702C0E93B
:10156000002401202860D7E7940200209002002088
:10157000042200200028002010B505A000F09EFAEB
:101580000A211148F4F7F7F901201049087010BD3D
:101590007B2252656365697665223A7B22537461CA
:1015A000747573223A32367D2C2243223A7B2254C0
:1015B000797065223A2250726F636573734361726A
:1015C00064227D7D0A000000300500201E000020FE
:1015D00010B505A000F072FA0A211248F4F7CBF911
:1015E00000201149087010BD7B2252656365697641
:1015F00065223A7B22537461747573223A32367DC8
:101600002C2243223A7B2254797065223A2250726E
:101610006F63657373436172644F6666227D7D0AF2
:1016200000000000300500201E00002010B505A0BD
:1016300000F044FA0A211248F4F79DF901201149FB
:10164000087010BD7B2252656365697665223A7B1E
:1016500022537461747573223A32367D2C224322F0
:101660003A7B2254797065223A2272656365697605
:101670006541636B5472616E227D7D0A000000003B
:10168000300500201F00002010B500206C490880A4
:1016900000BF09E06B49095C694AB2F9002051407A
:1016A000674A1180411CC8B22328F3DB654890F8D3
:1016B00023006349B1F9001088420DD16148407E92
:1016C000642809D15F4890F82200032804DC5D48B3
:1016D00090F8220000280DDC5BA000F0EFF900205C
:1016E00060490870564908804FF416715548F4F760
:1016F00042F910BD534890F823005149B1F9001048
:10170000884203D04F48407E64287DD14D484078C0
:1017100000064C49897800EB01404A49C97800EB42
:1017200001204849097908444F4948604548807973
:101730004449497900EB01204C4908604148007A4E
:101740004049C97900EB0120484948603D48807A0A
:101750003C49497A00EB0120444988603948007BC4
:101760003849C97A00EB01204049C8603548807B80
:101770003449497B00EB01203C4908613148007C39
:101780003049C97B00EB0120384948612D48807CF5
:101790002C49497C00EB0120344988612948007DAF
:1017A0002849C97C00EB01203049C8612548807D6B
:1017B0002449497D00EB01202C4908622148007E24
:1017C0002049C97D00EB0120284948621D48807EE0
:1017D00040B2254908751B48C07E00061949097F9B
:1017E00000EB01401749497F00EB01201549897F33
:1017F00008441D4908611348C07F0004114991F84D
:10180000201000EB012000E017E00E4991F82110B4
:101810000844154908600B4890F8220048752420B8
:1018200000F0EAF84FF416710648F4F7A4F8012026
:101830000C49087000200249088000BF59E70000E9
:101840002C000020300500207B22526563656976FC
:1018500065223A7B22537461747573223A31397D63
:101860007D0A00006C000020C002002098020020C9
:1018700070B504460D46312D2AD16E2C12D10122AD
:1018800011022A48F5F7E0FB0120F5F70BF928A033
:1018900000F014F90120324908704FF416713148F4
:1018A000F4F769F8662C13D100224FF480711F48B9
:1018B000F5F7CAFB0120F5F7F5F82BA000F0FEF8CC
:1018C0000120274908704FF416712648F4F753F8A1
:1018D000322D2AD16E2C12D1012291021348F5F734
:1018E000B3FB0120F5F7DEF82BA000F0E7F80120AC
:1018F0001B4908704FF416711A48F4F73CF8662C2F
:1019000013D100224FF480610848F5F79DFB0120B8
:10191000F5F7C8F82CA000F0D1F8012010490870A4
:101920004FF416710F48F4F726F870BD0008014017
:101930007B2252656365697665223A7B2253746126
:10194000747573223A32367D2C225231223A7B2230
:10195000537461747573223A32337D7D0A0000003E
:101960006D000020300500207B225265636569769A
:1019700065223A7B22537461747573223A32367D44
:101980002C225231223A7B22537461747573223AAD
:1019900032347D7D0A0000007B22526563656976E2
:1019A00065223A7B22537461747573223A32367D14
:1019B0002C225232223A7B22537461747573223A7C
:1019C00032337D7D0A0000007B22526563656976B3
:1019D00065223A7B22537461747573223A32367DE4
:1019E0002C225232223A7B22537461747573223A4C
:1019F00032347D7D0A00000010B5044640201849AD
:101A0000086018481849086001201849087000202B
:101A100017490870FEF790FD00281CD00A20F5F742
:101A200041F80020FEF75EFD124A21460020FEF735
:101A3000AFFD60B10520F5F735F80FA000F03EF8D6
:101A40000520F5F72FF800201349086006E013A0E1
:101A500000F034F802E011A000F030F810BD0000F2
:101A60001400002000FC0108180000201C000020C9
:101A70001D000020300500207B2253617665436FF6
:101A80006E666967223A7B22537461747573223AD9
:101A900032367D7D0A000000200000207B22536149
:101AA0007665436F6E666967223A7B225374617470
:101AB0007573223A31397D7D0A00000070B5044605
:101AC0002046F3F763FFC5B229462046F4F70EFA25
:101AD00000224FF400710648F5F7B6FA0120F4F73A
:101AE000E1FF012251020248F5F7AEFA70BD000095
:101AF0000008014000B5ADF56F7D2248007890B335
:101B00002148407D204909681F4A92F914201E4B44
:101B10001B69CDE90932CDE90B101C48416A006A06
:101B20001A4AD269194B9B69CDE90532CDE9070103
:101B30001648406915490969144AD268134B9B68D5
:101B4000CDE90132CDE903101048406800900F48FC
:101B500003680D480E4942680EA8FEF70DFB0EA85B
:101B6000FFF7ACFF06E0FFE70648007810B909A0D0
:101B7000FFF7A4FF4FF416710D48F3F7FCFE0DF5C7
:101B80006F7D00BD6C000020C00200209802002084
:101B90000C2201087B22436F6E666967223A7B2222
:101BA000537461747573223A33307D7D0A000000EE
:101BB0003005002000B599B064216846F3F7DBFEDC
:101BC0000A2213A16846FEF7D7FA6846FFF776FFA8
:101BD0001DA0FFF773FF1FA0FFF770FF0120F4F7B0
:101BE00061FF20A0FFF76AFF0120F4F75BFF22A04E
:101BF000FFF764FF0120F4F755FF25A0FFF75EFF14
:101C00004FF416712348F3F7B6FE19B000BD00007B
:101C10007B224669726D77617265223A7B22462289
:101C20003A312C2244657669636554797065223AAD
:101C300022415041524B222C2252656C65617365E2
:101C4000223A3025640000002C22426F6F74223A41
:101C5000310000002C224175746F5374617274223C
:101C60003A3100002C2252656164657254797065C6
:101C7000223A504E353332002C226F6E6552656128
:101C80006443617264496E4669656C64223A31004E
:101C90007D7D0A003005002010B50C48007810B991
:101CA0000BA0FFF70BFF0948007810B116A0FFF753
:101CB00005FF0648007880F00100044908704FF4E1
:101CC00016711F48F3F757FE10BD00006900002091
:101CD0007B2252656365697665223A7B2253746183
:101CE000747573223A32367D2C2243223A7B225479
:101CF000797065223A22556E53656E645365726938
:101D0000616C227D7D0A00007B22526563656976E5
:101D100065223A7B22537461747573223A32367DA0
:101D20002C2243223A7B2254797065223A22536551
:101D30006E6453657269616C227D7D0A000000004B
:101D40003005002010B51CA0FFF7B8FE28484078E9
:101D5000284908702648807848702548C0788870DF
:101D600023480079244988702148407948702048E8
:101D7000807908701E48C079C8700120F4F792FE7F
:101D800000221C491D48F7F78DFB10B11CA0FFF77E
:101D900095FE0120F4F786FE002217491748F7F751
:101DA000D3FA10B11CA0FFF789FE4FF4167110484A
:101DB000F3F7E1FD10BD00007B2252656365697693
:101DC00065223A7B22537461747573223A32367DF0
:101DD0002C2254223A7B2254797065223A22536590
:101DE0007454696D6544617465227D7D0A0000004C
:101DF00030050020C8000020CB000020300A002061
:101E00007B2254223A7B22537461747573223A31D7
:101E100032387D7D0A0000007B2254223A7B225317
:101E20007461747573223A3132397D7D0A00000085
:101E300010B507484078FF2808D106A0FFF73EFEFE
:101E400000224FF400410A48F5F7FEF810BD0000EB
:101E5000300500207B2252656365697665223A7BF6
:101E600022537461747573223A32367D7D0A000004
:101E70000008014010B506484078AA2807D105A0FF
:101E8000FFF71CFE0122D1030948F5F7DDF810BD6C
:101E9000300500207B2252656365697665223A7BB6
:101EA00022537461747573223A32367D7D0A0000C4
:101EB0000008014010B5402016490860164817492F
:101EC0000860012016490870002016490870FEF7C6
:101ED00033FB002819D06420F4F7E4FD0020FEF75E
:101EE00001FB11A208210020FEF752FB48B105209A
:101EF000F4F7D8FD0FA0FFF7E1FD0520F4F7D2FDC0
:101F000006E015A0FFF7DAFD02E013A0FFF7D6FD0B
:101F100010BD0000140000204054000818000020EC
:101F20001C0000201D000020426F6F5431323334FA
:101F3000000000007B225570646174654669726D13
:101F400077617265223A7B22537461747573223A09
:101F500032367D0A000000007B2255706461746592
:101F60004669726D77617265223A7B22537461749F
:101F70007573223A31397D0A00000000000000002C
:101F80001F0000003B0000005A0000007800000025
:101F900097000000B5000000D4000000F30000002E
:101FA00011010000300100004E0100006D01000031
:101FB000000000001F0000003C0000005B0000006B
:101FC0007900000098000000B6000000D500000075
:101FD000F400000012010000310100004F01000078
:101FE0006E010000000000001F0000003E00000025
:101FF0005D0000007C0000009B000000BA000000B3
:10200000D8000000F60000001401000032010000BA
:10201000500100006D010000000000001F000000E2
:102020003E0000005D0000007C0000009B000000FE
:10203000BA000000D8000000F60000001401000003
:1020400032010000500100006E0100001F1C1F1E25
:102050001F1E1F1F1E1F1E1F00000000000000008B
:10206000010203040607080900000000010203043E
:10207000895171F21DCB000000000000000000003B
:102080008D5F307CF05E000000000000000000006A
:10209000B22CE4247D90000000000000000000004D
:1020A000579B07B3A4E900000000000000000000F7
:1020B000E32F50F2E3D00000000000000000000019
:1020C000E9C1254FA07D00000000000000000000D5
:1020D000FFFFFFFFFFFF0000000000000000000006
:1020E0000000FF00FF000000FF0000007B224322F1
:1020F0003A7B22537461747573223A32302C225524
:1021000043223A25752C224944223A25752C226710
:1021100074223A25752C226D6F64656C223A256411
:102120002C225072696365223A25752C224854721C
:10213000616E223A25642C2276616C696448223AE9
:1021400025647D7D0A0000007B2243223A7B2253D6
:102150007461747573223A32312C225543223A2528
:10216000752C224944223A25752C226774223A257F
:10217000752C226D6F64656C223A25642C22507296
:10218000696365223A25752C22485472616E223AA1
:1021900025642C2276616C696448223A25647D7D31
:1021A0000A0000007B2243223A7B2253746174753B
:1021B00073223A25642C225543223A25752C224954
:1021C00044223A25752C22457465626172223A25B3
:1021D000752C226774223A25752C226D6F64656C0C
:1021E000223A25642C225072696365223A25752CA7
:1021F00022485472616E223A25642C2276616C6901
:102200006448223A25647D7D0A0000007B22534306
:10221000223A7B225543223A25752C2250223A2518
:10222000752C25752C25752C25752C25752C25755B
:102230002C25752C25752C25752C25752C224D618A
:1022400078223A25752C224D696E223A25752C226A
:10225000444944223A25752C2248747261223A2559
:10226000647D7D0A000000007B2243223A7B2253DA
:102270007461747573223A3132332C224944223A04
:1022800025752C224559223A25642C22454D223AA7
:1022900025642C224544223A25642C225348223AB4
:1022A00025642C22536D223A25642C224548223A7B
:1022B00025642C22456D223A25642C22456D223A54
:1022C00025647D7D0A000000E8220108000000204E
:1022D000980200009A5D0008DC23010898020020A3
:1022E000682B0000E801010841F2012A4004125461
:1022F0001308016A011BC214022503A50A0211304A
:102300001949E967A91C79081AFF01013C1381DE0C
:102310001B08C9041AD9041AFD041335DF1B084D24
:10232000081A910413120114020202164083044099
:10233000571D02010203710E21040309041AD1136F
:10234000895E1B08850413F55D1B08AD08419A10D2
:10235000BC4173B2075324F4130A0632022A402404
:1023600013DDDA1B081D044BFFDB3C1A6B0C136DED
:10237000D91B08E904C11ABD181AAD041ACD041AF4
:102380009D041C090243AB111DC03209046D1A02E1
:102390000B13052416100105240110090104240261
:1023A00002052406170107058203081C100904E131
:1023B000320A1D070501027B2C0705810711093729
:1023C000442A40072A8107112B0907440A3B044489
:0C23D00001111405143702160100000072
:04000005080058EDAA
:00000001FF
