:020000040800F2
:100000005842002005010008F9660008B9520008AE
:10001000F56600083904000819D300080000000044
:1000200000000000000000000000000045A20008E1
:10003000F905000800000000637B0008B5A5000872
:100040001F0100081F0100081F0100081F01000810
:100050001F0100081F0100081F0100081F01000800
:100060001F0100081F0100081F0100081F010008F0
:100070001F0100081F0100081F0100081F010008E0
:100080001F0100081F0100081F0100081F010008D0
:1000900061D200081F0100081F0100081F010008AD
:1000A0001F0100081F0100081F0100081F010008B0
:1000B0001F01000889A600081F0100081F01000891
:1000C0001F0100081F0100081F0100081F01000890
:1000D0001F0100089DAA0008ADAA0008E5AA0008B3
:1000E0001F0100081F0100081F010008DFF810D0E1
:1000F00000F086F800480047DDE70008AFF3008015
:10010000584200200648804706480047FEE7FEE7C1
:10011000FEE7FEE7FEE7FEE7FEE7FEE7FEE7FEE7B7
:1001200079A60008ED000008202A04DB203A21FA15
:1001300002F00021704721FA02F3D040C2F1200200
:10014000914008431946704740EA01039B0703D0DA
:1001500009E008C9121F08C0042AFAD203E011F806
:10016000013B00F8013B521EF9D27047D2B201E0C8
:1001700000F8012B491EFBD270470022F6E710B5AC
:1001800013460A4604461946FFF7F0FF204610BD05
:10019000421C10F8011B0029FBD1801A70472DE981
:1001A000F05F0546002092469B46884606468146FB
:1001B00040241BE02846414647462246FFF7B4FF4D
:1001C00053465A46C01A914110D31146184622464A
:1001D00000F028F82D1A67EB01084F46224601204F
:1001E000002100F01FF817EB00094E41201EA4F17A
:1001F0000104DFDC484631462A464346BDE8F09F0D
:10020000064C074D06E0E06840F0010394E8070063
:1002100098471034AC42F6D3FFF76CFFDC0A0108B4
:10022000FC0A0108202A04DB203A00FA02F100202F
:1002300070479140C2F1200320FA03F31943904024
:10024000704770B58C1810F8015B15F0070301D1E9
:1002500010F8013B2A1106D110F8012B03E010F829
:10026000016B01F8016B5B1EF9D12B0705D400234C
:10027000521E0DD401F8013BFAE710F8013BCB1AEE
:10028000921C03E013F8015B01F8015B521EF9D5E3
:10029000A142D8D3002070BD00B589B000BF24486A
:1002A000806940F40070224988610846806900F442
:1002B0000070019000BF00BF00BF0846806940F099
:1002C000040088610846806900F00400019000BFC6
:1002D00000BF00200590069007900890012005902F
:1002E0000320069005A9134801F094FB1248134916
:1002F0000860002111488160C16041614FF46021B4
:10030000C16100200D49486001210C48016101F0E4
:1003100013F80020029003900490029001200390B3
:100320000520049002A9054800F020FF09B000BD97
:10033000001002400008014000240140DC3500208C
:1003400070B5044600252068806800F00100F0B117
:100350002068806820F001002168886001F002FDBB
:1003600005460EE001F0FEFC401B022809D9A06AF8
:1003700040F01000A062E06A40F00100E06201205D
:1003800070BD2068806800F001000028EAD10020DC
:10039000F6E7000038B504460025002000902068EC
:1003A000806800F0010080BB2068806840F0010098
:1003B00021688860164800681649B0FBF1F000908B
:1003C00002E00098401E009000980028F9D101F04A
:1003D000C9FC054613E001F0C5FC401B02280ED9FC
:1003E000A06A40F01000A062E06A40F00100E06204
:1003F00000BF002084F8240000BF012038BD206821
:10040000806800F001000028E5D00020F6E7000039
:100410007001002040420F0010B5064801F0F8F8C6
:100420004FF0FF31034801F03BF8024800F080FF35
:1004300010BD0000DC35002000BFFEE7CA78026076
:100440000268120202608B7802681A440260026835
:10045000120202604B7802681A44026002681202BB
:1004600002600B7802681A440260704730B5034698
:10047000042B15D007DC7BB1012B0ED0022B0DD045
:10048000032B30D10BE0202B0BD0212B18D0222BAB
:1004900022D0232B27D125E026E025E024E023E00D
:1004A00022E0002003E00C5C114D2C54401C072876
:1004B000F9DB00200F4C207001200F4C207013E05E
:1004C000002003E00A4C245C0C54401C0728F9DB94
:1004D0000020084C207007E006480078401C054CBE
:1004E000207001E000E000BF00BF002030BD000030
:1004F0003C01002008000020090000200020704777
:10050000002003E00021064A1154401CB0F5167F7C
:10051000F8D3002003490880034908807047000091
:100520006C0700200C0000200E00002010B50022F7
:10053000044905480AF03BFC044903480AF030FC32
:10054000002010BD3C180020900F00205414002003
:100550002DE9F04105460E461449306808602946E9
:1005600013480AF01DFC377812480488002113E074
:10057000685C114A1055601C80B24FF4167290FBF3
:10058000F2F302FB130084B20C480088844202D1CB
:100590000220BDE8F081491CB942E9D30548048036
:1005A00003480AF0D9FB0020F3E700001800002000
:1005B000900F00200C0000206C0700200E0000208F
:1005C0002DE9F04104460D4600260A48D0F8B872DD
:1005D000D7F8140210B10120BDE8F0812A46214667
:1005E00004480AF0E4FB03480AF065FC064630467E
:1005F000F2E70000900F00207047000010B50020C7
:10060000044908600449086009F030FE03A00FF0B7
:100610002FF910BD00000020040000207B224D6552
:100620006D223A7B22537461747573223A307D7D5A
:100630000A0000000146002048608860C8618861A7
:10064000086248730873086108754875002207E05E
:10065000002301F12400835410308354501CC2B293
:10066000102AF5DB002203E000208854501CC2B29F
:10067000042AF9DB0020704772B601E002F00CF8A2
:10068000FCE700000021074AD1610749096941F0F0
:100690000401054A11611146096941F040011161E7
:1006A0007047000030210020002002400021074A4E
:1006B000D1610749096941F00201054A11611146FA
:1006C0004861096941F04001116170473021002003
:1006D000002002400022054BDA61054A126942F00F
:1006E0000102034B1A610180704700003021002095
:1006F0000020024000201E49C96801F0100139B1F4
:100700001C49C96941F002011A4AD16140F0100048
:100710001749C96801F0040139B11649C96941F0A6
:100720000101144AD16140F004001149C96901F086
:10073000010169B10F49C96941F004010D4AD16154
:1007400000BF0B49C96921F00101094AD16100BF0D
:1007500000BF40F20111884206D10549C96921F064
:100760000101034AD16101E00149C86000BF70473F
:10077000002002403021002010B509F00FFA0020BF
:1007800009F02AFA642001F05FF810BD70B5044644
:1007900001F0E8FA054609E0601C38B124B101F027
:1007A000E1FA401BA04201D9032070BD1248C06885
:1007B00000F001000028EFD10F48C06800F02000D1
:1007C00020B100BF20200C49C86000BF0A48C068A3
:1007D00000F0100048B90848C06900F0010020B9D5
:1007E0000548C06800F0040018B1FFF783FF01203E
:1007F000DBE70020D9E700000020024070B59AB086
:100800000948046808481030056807482030066821
:100810002B46224605A101A800960DF0C1F801A8BB
:100820000FF026F81AB070BDE8F7FF1F7B22435087
:10083000554944223A7B225831223A25382E3858DD
:100840002C225832223A25382E38582C225833225E
:100850003A25382E38587D7D0A0000002DE9F04FEA
:100860008BB006464FF0000B00203060DD4800786A
:10087000012811D0022802D0032827D119E0052031
:10088000D94908701520D94908703720D84908700F
:100890002020D849087026E00420D3490870102091
:1008A000D24908703920D24908700020D149087017
:1008B00019E00520CC4908701520CC490870372074
:1008C000CB4908704020CB4908700CE00520C64990
:1008D00008701420C54908703720C54908700020E9
:1008E000C449087000BF00BF09A805F055F838B129
:1008F00009A805F051F818B101200BB0BDE8F08F40
:10090000002405E009A8005DBB490855601CC4B27D
:10091000042CF7DB1021002004F044FF08B1012073
:10092000EBE701A9012004F0CFFF08B10120E4E7C3
:100930009DF80500B049886008468068000288601C
:10094000084680689DF804100844AB4988609DF80B
:100950000900486008464068000248600846406850
:100960009DF808100844A449486008464068000201
:100970004860084640689DF8071008449E49486052
:100980000846406800024860084640689DF8061026
:100990000844994948600846008900F40040B0F5D1
:1009A000004F12D108460089C0F30E008860084647
:1009B000806846F6292148408F498860084640688B
:1009C0004BF2A62148408C4948608B4840688B49CF
:1009D0000860874801788448007804F0E3FE08B195
:1009E0000A208AE701A98148007804F06DFF08B168
:1009F000142082E7002406E001A8015D7E4824302F
:100A00000155601CC4B2102CF6DB4FF0010A002423
:100A10000BE001A8015D01AA04F10800105C81420D
:100A200001D04FF0000A601CC4B2042CF1DB00249A
:100A30000BE001A9201D085C095D81F0FF018842DF
:100A400001D04FF0000A601CC4B2042CF1DB9DF809
:100A5000100050B99DF81100FF2806D19DF8120032
:100A600018B99DF81300FF2801D04FF0000ABAF121
:100A7000000F3AD09DF807005F49C8610846C06979
:100A80000002C8610846C0699DF8061008445A492A
:100A9000C8610846C0690002C8610846C0699DF87F
:100AA000051008445449C8610846C0690002C8617D
:100AB0000846C0699DF8041008444F49C8611421D4
:100AC000062004F06FFE08B10C2016E769461820D6
:100AD00004F006FF08B10D200FE74749009808739E
:100AE0000846C0693060002007E74FF04B0800243B
:100AF00006E041482430005D80EA0808601CC4B26A
:100B00000F2CF6DB3C4890F83300404501D0032021
:100B1000F3E6394890F827003749C8610846C069AC
:100B20000002C8610846C16990F8260008443249AD
:100B3000C8610846C0690002C8610846C16990F8EA
:100B4000250008442C49C8610846C0690002C861F4
:100B50000846C06991F8241008442749C86108462E
:100B600090F82D703F0290F82C000744084690F84A
:100B70002B502D0290F82A0005442D02084690F8CB
:100B8000290005442D02084690F82800054408462F
:100B900090F82E90B9F1010F03D0B9F1020F12D1E4
:100BA00008E005EB070B1448C069584501D0052043
:100BB000A3E60AE0A5EB070B0F48C069584501D032
:100BC00006209AE601E0072097E600BF0A4890F861
:100BD0002F0000F01F00084908730846C069306004
:100BE00000208AE69D020020990200209A0200203F
:100BF0009B0200209C020020D0210020A0020020A7
:100C00002DE9F04F8DB00746894600250020386059
:100C1000C9F80000FB480078012811D0022802D052
:100C2000032827D119E00520F74908701520F74956
:100C300008703720F64908702020F649087026E031
:100C40000420F14908701020F04908703920F0495B
:100C500008700020EF49087019E00520EA49087083
:100C60001520EA4908703720E94908704020E94911
:100C700008700CE00520E44908701420E34908706E
:100C80003720E34908700020E249087000BF00BF28
:100C90000BA804F081FE38B10BA804F07DFE18B15A
:100CA00001200DB0BDE8F08F002405E00BA8005D29
:100CB000D9490855601CC4B2042CF7DB1021002070
:100CC00004F070FD08B10120EBE703A9012004F056
:100CD000FBFD08B10120E4E79DF80D00CE498860D6
:100CE0000846806800028860084680689DF80C10FD
:100CF0000844C94988609DF811004860084640686A
:100D000000024860084640689DF810100844C24937
:100D100048600846406800024860084640689DF800
:100D20000F100844BC49486008464068000248600B
:100D3000084640689DF80E100844B74948600846C8
:100D4000008900F40040B0F5004F12D10846008938
:100D5000C0F30E0088600846806846F629214840A6
:100D6000AD498860084640684BF2A6214840AA4930
:100D70004860A9484068A9490860A5480178A24888
:100D8000007804F00FFD08B10A208AE79D4800783A
:100D9000012835D103A9122004F096FD08B11420D2
:100DA0007FE79DF81000AB2812D19DF81100CD28E7
:100DB0000ED19DF80F502D029DF80E0005442D0216
:100DC0009DF80D0005442D029DF80C00054400E03F
:100DD00000259DF80C00FF280CD19DF80D00FF2880
:100DE00008D19DF80E00FF2804D19DF80F00FF28C0
:100DF00000D100258A48854200D10025C9F800505D
:100E000003A98248007804F05FFD08B1142048E788
:100E1000002406E003A8015D7F4824300155601CD2
:100E2000C4B2102CF6DB0120029000240BE003A8D2
:100E3000015D03AA04F10800105C814201D000208A
:100E40000290601CC4B2042CF1DB00240BE003A967
:100E5000201D085C095D81F0FF01884201D000205F
:100E60000290601CC4B2042CF1DB9DF8180050B94C
:100E70009DF81900FF2806D19DF81A0018B99DF8B1
:100E80001B00FF2801D000200290029890B39DF82B
:100E90000F006149C8610846C0690002C861084680
:100EA000C0699DF80E1008445B49C8610846C069D6
:100EB0000002C8610846C0699DF80D1008445649F3
:100EC000C8610846C0690002C8610846C0699DF84B
:100ED0000C1008445049C8611421062004F062FC3B
:100EE00008B10C20DDE601A9182004F0F9FC10B1CE
:100EF0000D20D6E607E04849019808730846C06906
:100F000038600020CDE64FF04B0A002406E042484E
:100F10002430005D80EA0A0A601CC4B20F2CF6DBA4
:100F20003D4890F83300504501D00320B9E63A48D7
:100F300090F827003849C8610846C0690002C861B6
:100F40000846C16990F8260008443349C86108463C
:100F5000C0690002C8610846C16990F825000844CC
:100F60002D49C8610846C0690002C8610846C069C9
:100F700091F8241008442849C861084690F82D804B
:100F80004FEA082890F82C008044084690F82B601F
:100F9000360290F82A0006443602084690F82900E6
:100FA00006443602084690F828000644084690F8A1
:100FB0002EB0BBF1010F03D0BBF1020F12D108E03C
:100FC00006EB08051448C069A84201D0052068E670
:100FD0000AE0A6EB08051048C069A84201D0062027
:100FE0005FE601E007205CE600BF0B4890F82F00A9
:100FF00000F01F00084908730846C06938600020E7
:101000004FE600009D020020990200209A02002075
:101010009B0200209C020020D0210020A002002082
:1010200017FCFF0001460E2924D2DFE801F0070972
:101030000B0D0F11131517191B1D1F2119207047B8
:101040001A20FCE71C20FAE71D20F8E71E20F6E72F
:101050002020F4E72120F2E72220F0E72420EEE729
:101060002520ECE72620EAE72820E8E72920E6E724
:101070002A20E4E70020E2E72DE9F04105460026BA
:1010800000F070FE0746052000F0DEFB28480078DF
:10109000022812D12648407854280ED1244880785E
:1010A00048280AD12248C078452806D100211E20B0
:1010B00009F03EF96420BDE8F0811E480088082848
:1010C0000CD01B480078022806D11A480088401E20
:1010D0001749085C032801D00320ECE7002601240F
:1010E00003E01348005D4640641C12480088801EDF
:1010F000A042F6D80F480088801E0D49085CB04217
:1011000001D00420D7E70A48C178007901EB00201C
:10111000A84201D00620CEE706480088072805D15E
:1011200000211E2009F004F96420C4E70020C2E772
:101130006C0700200C00002070B50A480468001DF0
:101140000568001D0668344454B10822064920464B
:1011500005F04BF8042204491031284605F045F803
:1011600070BD0000E8F7FF1F2201002078B502469D
:1011700000230020009000BF92F82400012801D134
:10118000022078BD012082F8240000BF48680728AB
:101190001DD21068446B0879401E4FF4787595FA9B
:1011A000A5F5B5FA85F568431F25854024EA0500B5
:1011B0000C79641E4FF4787696FAA6F6B6FA86F69F
:1011C00074430D68A5402843146860633DE0486897
:1011D0000D281DD21068046B0879C01F4FF4787574
:1011E00095FAA5F5B5FA85F568431F25854024EAEB
:1011F00005000C79E41F4FF4787696FAA6F6B6FA55
:1012000086F674430D68A5402843146820631CE0EB
:101210001068C46A08790D384FF4787595FAA5F509
:10122000B5FA85F568431F25854024EA05000C7949
:101230000D3C4FF4787696FAA6F6B6FA86F6744325
:101240000D68A54028431468E06208680A281BD38B
:101250001068C46808780A38382595FAA5F5B5FAF3
:1012600085F568430725854024EA05000C780A3C8B
:10127000382696FAA6F6B6FA86F674438D68A54027
:1012800028431468E06017E0106800690C7838257E
:1012900095FAA5F5B5FA85F56C430725A540A84351
:1012A0000D78382696FAA6F6B6FA86F675438C6857
:1012B000AC402043146820610868102802D00868F8
:1012C000112827D1174C1068A0421ED110688068E1
:1012D00000F40000F0B91068806840F40000146861
:1012E000A0600868102815D10F4800680F4CB0FBAB
:1012F000F4F000EB80004000009002E00098401EF7
:10130000009000980028F9D104E0906A40F0200095
:101310009062012300BF002082F8240000BF18461D
:101320002FE70000002401407001002040420F0020
:1013300001460868C06C70472DE9F041044600275B
:1013400000250026A84614B90120BDE8F081A06858
:1013500010B1606900B100BFA06A30B90020E0623E
:1013600084F82400204600F099F82046FEF7E8FFB4
:101370000746A06A00F01000002876D1002FFCD1AB
:10138000A06A20F4885040F00200A062E169606821
:101390000843022292FAA2F2B2FA82F2E168914084
:1013A00008430643A068B0F5807F02D0A0680128FA
:1013B00002D14FF4807000E00020054360690128ED
:1013C00016D1E06860B9A069401E4FF4604191FAFF
:1013D000A1F1B1FA81F1884040F40060054307E0D3
:1013E000A06A40F02000A062E06A40F00100E062E4
:1013F0002068406820F469402843216848602068DC
:10140000806824490840304321688860A068B0F5AE
:10141000807F02D0A068012802D14FF4807000E0E4
:101420000020B0F5807F09D12069401E4FF4700183
:1014300091FAA1F1B1FA81F100FA01F82068C06ACD
:1014400020F4700040EA08002168C86220688068C3
:1014500011490840B04209D10020E062A06A20F0A2
:10146000020040F00100A06211E00BE0A06A20F051
:10147000020040F01000A062E06A40F00100E0626B
:10148000012704E0A06A40F01000A062012738465E
:101490005BE70000FDF7E1FFFE0E1FFF7047000055
:1014A000F8B504460D46002600200090002700F005
:1014B00059FC06462068806800F4807050B1A06A2C
:1014C00040F02000A06200BF002084F8240000BF8C
:1014D0000120F8BD2068406800F48070F8B92068E9
:1014E000C06A00F47000D0B912E0681C80B125B168
:1014F00000F038FC801BA8420AD9A06A40F0040022
:10150000A06200BF002084F8240000BF0320E0E7B1
:101510002068006800F002000028E6D050E00220B9
:1015200001F0F2FF36490968B1FBF0F02168096962
:10153000344A114091B92168C9689211114069B9C2
:1015400021680969304A114031B92168C96892118E
:10155000114009B9142117E0292115E02168096912
:10156000294A114021B92168C9689211114041B13D
:1015700021680969254A114029B92168C9681140C3
:1015800009B9542100E0FC2100FB01F715E0681CBB
:1015900080B125B100F0E6FB801BA8420AD9A06A01
:1015A00040F00400A06200BF002084F8240000BFC7
:1015B00003208EE70098401C00900098B842E6D3C4
:1015C0006FF0120021680860A06A40F40070A06209
:1015D0002068806800F46020B0F5602F0DD1E068CD
:1015E00058B9A06A20F48070A062A06A00F480500C
:1015F00018B9A06A40F00100A062002069E700006D
:101600007001002024499224922449124992240016
:1016100070B50446002500BF94F82400012801D1CC
:10162000022070BD012084F8240000BF2046FEF790
:10163000B1FE0546002D77D1A06A40F20121884312
:1016400040F48070A0623C492068884208D13B4841
:10165000006800F4702008B9012002E0002000E0DA
:10166000012078B1A06A20F48010A0622068406850
:1016700000F4806000B3A06A20F4005040F4805071
:10168000A06219E0A06A40F48010A0622B49091FF3
:101690002068884203D028492068884204D127481E
:1016A000006800F4806000E0002028B1A06A20F407
:1016B000005040F48050A062A06A00F4805020B135
:1016C000E06A20F00600E06201E00020E06200BF76
:1016D000002084F8240000BFC01E21680860206834
:1016E000806800F46020B0F5602F16D112492068A0
:1016F000884208D11148006800F4702008B9012020
:1017000002E0002000E0012038B12068806840F449
:10171000A000216888600CE006E02068806840F442
:1017200080102168886004E000BF002084F8240055
:1017300000BF284675E7000000280140042401404E
:101740000146002291F82100022808D00420886375
:1017500000BF002081F8200000BF0120704708680A
:10176000006820F00E000B6818600868006820F020
:1017700001000B68186091F8403001209840CB6B55
:101780005860012081F8210000BF002081F820006E
:1017900000BF1046E2E7000070B50446002594F84B
:1017A0002100022803D00420A063012548E020681E
:1017B000006820F00E00216808602068006820F0B2
:1017C0000100216808601F492068884201D101207A
:1017D00026E01C4914312068884201D110201FE006
:1017E000184928312068884201D1801518E0154930
:1017F0003C312068884201D1801411E011495031F8
:101800002068884202D14FF4803009E00D496431EC
:101810002068884202D14FF4801001E04FF08070C0
:10182000084908394860012084F8210000BF0020E1
:1018300084F8200000BF606B10B12046616B8847C0
:10184000284670BD0800024070B5044600F08AFAD0
:1018500006462546681C10B104480078054400BFC0
:1018600000F080FA801BA842FAD370BD5C01002012
:101870002DE9F04104460E460127002500BF264809
:10188000007E012802D10220BDE8F081012022491A
:10189000087600BF2068022813D14CF25030FEF7C2
:1018A00075FF90BB0120FEF7EDFE4CF25030FEF7C5
:1018B0006DFF07461948006920F0040017490861C8
:1018C00023E04CF25030FEF761FFF0B94FF0FF30EB
:1018D0003060A56812E02846FEF7E8FE4CF2503072
:1018E000FEF754FF07460D48006920F002000B493F
:1018F00008610FB1356007E005F58065D4E9021095
:1019000001EB8020A842E6D800BF00BF00200249BA
:10191000087600BF3846B7E730210020002002409B
:101920000348006940F080000149086100207047C9
:10193000002002402DE9FE4F05468B46174698468B
:10194000012600240020029000BF2448007E0128C8
:1019500002D10220BDE8FE8F01202049087600BF99
:101960004CF25030FEF712FF064686BB012D02D125
:101970000120029006E0022D02D10220029001E037
:101980000420029000241EE02201B946C2464846C7
:101990005146FEF7C9FB80B20190022000FB04B063
:1019A00000900199FEF796FE4CF25030FEF7EEFEE5
:1019B00006460B48006920F001000949086106B19C
:1019C00004E0601CC4B202988442DDDB00BF00BFAB
:1019D00000200249087600BF3046BBE730210020D6
:1019E0000020024000200849096901F0800151B13E
:1019F0000649054A5160064951601146096901F0DE
:101A0000800101B101207047002002402301674599
:101A1000AB89EFCD2DE9F8470346002294466EE1ED
:101A20004FF0010808FA02F4D1F8008008EA040037
:101A3000A0427DD1DFF8DCA2D1F80480A8EB0A092E
:101A4000D0453AD014DCB8F1030F50D009DCB8F11E
:101A5000000F31D0B8F1010F1CD0B8F1020F49D1FD
:101A600020E0B8F1110F18D0B8F1120F42D11EE0EA
:101A7000B9F5881F25D006DCB9F5803F20D0B9F52F
:101A8000801F37D11AE0B9F5001F18D0B9F5041F2F
:101A900030D117E0D1F80CC02DE0D1F80C8008F15E
:101AA000040C28E0D1F80C8008F1080C23E0D1F8F0
:101AB0000C8008F10C0C1EE000BF00BF00BF00BF8F
:101AC00000BF00BFD1F80880B8F1000F02D14FF07D
:101AD000040C0BE0D1F80880B8F1010F03D14FF0EE
:101AE000080C1C6102E04FF0080C5C6103E04FF051
:101AF000000C00E000BF00BFFF2801D8984601E0BD
:101B000003F104084646FF2802D84FEA820803E0A2
:101B1000A2F108084FEA88084746D6F800804FF03F
:101B20000F0909FA07F928EA09080CFA07F900E091
:101B300088E048EA0908C6F80080D1F8048008F077
:101B40008058B8F1805F7DD100BFDFF8CC81D8F834
:101B5000188048F00108DFF8C091C9F81880C8461D
:101B6000D8F8188008F00108CDF8008000BF00BF49
:101B70004FEAB9384FEA920958F829504FEA82786B
:101B80004FEA18794FF00F0808FA09F825EA080516
:101B9000DFF88881434502D14FF0000816E0DFF8F6
:101BA0008081434502D14FF001080FE0DFF87481D6
:101BB000434502D14FF0020808E0DFF86C8143454D
:101BC00002D14FF0030801E04FF004084FEA827998
:101BD0004FEA197908FA09F848EA0505DFF84C8157
:101BE0004FEA920948F82950D1F8048008F4803867
:101BF000B8F5803F0AD1DFF83881D8F8008048EA8C
:101C00000008DFF82C91C9F8008009E0DFF8208196
:101C1000D8F8008028EA0008DFF81491C9F800809D
:101C2000D1F8048008F40038B8F5003F10D1DFF88F
:101C3000008108F10408D8F8008048EA0008DFF8BD
:101C4000F09000E05AE009F10409C9F800800DE0C5
:101C5000DFF8DC8008F10408D8F8008028EA0008E2
:101C6000DFF8CC9009F10409C9F80080D1F80480AC
:101C700008F48018B8F5801F0ED1DFF8B48008F1A1
:101C80000808D8F8008048EA0008DFF8A49009F1B5
:101C90000809C9F800800DE0DFF8948008F1080811
:101CA000D8F8008028EA0008DFF8849009F10809D4
:101CB000C9F80080D1F8048008F40018B8F5001FB6
:101CC0000ED1DFF86C8008F10C08D8F8008048EAE3
:101CD0000008DFF85C9009F10C09C9F800800DE0FC
:101CE000DFF84C8008F10C08D8F8008028EA0008DA
:101CF000DFF83C9009F10C09C9F80080521CD1F8BA
:101D0000008028FA02F8B8F1000F7FF489AEBDE830
:101D1000F887000000001110001002400008014088
:101D2000000C014000100140001401400800014077
:101D300000040140024693680B400BB1012000E013
:101D40000020704710B5C26821EA020302EA0104CC
:101D500043EA0443036110BD0AB1016101E00B04D1
:101D6000036170470148006870470000540100207B
:101D700070B504460CB9012070BD94F83D0028B937
:101D8000002084F83C00204600F03EFB242084F82C
:101D90003D002068006820F001002168086020688C
:101DA000006840F40040216808602068006820F462
:101DB00000402168086001F09FFD05465C496068AD
:101DC000884206D85B48854201D2012007E0002006
:101DD00005E05948854201D2012000E00020012899
:101DE00000D1C9E75548B5FBF0F62068406820F0FF
:101DF0003F003043216848604D496068884201D8FF
:101E0000701C07E04FF4967070434FF47A71B0FB8A
:101E1000F1F0401C2168096A21F03F010843216864
:101E2000086243496068884214D8681E61684900A6
:101E3000B0FBF1F0401CC0F30B00042801D20420D9
:101E40003DE0681E61684900B0FBF1F0401CC0F342
:101E50000B0034E0A06838B9681E616801EB4101ED
:101E6000B0FBF1F0401C0AE0681E616801EBC102A2
:101E700002EB0111B0FBF1F0401C40F48040C0F3D4
:101E80000B0008B901201AE0A06848B9681E616813
:101E900001EB4101B0FBF1F0401CC0F30B000CE082
:101EA000681E616801EBC10202EB0111B0FBF1F0A9
:101EB000401CC0F30B0040F4804040F40040216817
:101EC000C9694CF6FF72914308432168C861D4E99F
:101ED000070108432168096821F0C001084321680F
:101EE0000860D4E9031008432168896848F2FF328A
:101EF0009143084321688860D4E9050108432168BB
:101F0000C96821F0FF0108432168C86020680068A3
:101F100040F001002168086000202064202084F83F
:101F20003D000020206384F83E0000BF24E700004D
:101F3000A086010080841E0000093D0040420F0081
:101F40002DE9FC4704468946174698460A9E00201C
:101F50000190FFF707FF054694F83D0020286FD158
:101F600019230122C8492046009503F003FB10B154
:101F70000220BDE8FC8700BF94F83C00012801D195
:101F80000220F6E7012084F83C0000BF20680068CA
:101F900000F0010028B92068006840F001002168C5
:101FA00008602068006820F4006021680860222032
:101FB00084F83D00102084F83E0000202064676211
:101FC000A4F82A80608D2085B048E0622B46324616
:101FD0004946204603F0A4F908B10120C9E7208D45
:101FE00088B900BF002000902068406900902068F8
:101FF0008069009000BF00BF2068006840F4007056
:10200000216808604BE0208D01281AD12068006803
:1020100020F480602168086072B600BF0020009044
:1020200020684069009020688069009000BF00BF70
:102030002068006840F400702168086062B62EE0F5
:1020400020E1208D022819D12068006840F400604A
:102050002168086072B600BF0020009020684069C7
:10206000009020688069009000BF00BF2068006871
:1020700020F480602168086062B610E02068006883
:1020800040F480602168086000BF00200090206854
:102090004069009020688069009000BF00BFE2E0C6
:1020A000208D03287ED8208D012815D12A4631465F
:1020B000204603F009FB08B101205AE720680069B7
:1020C000616A0870606A401C6062208D401E208535
:1020D000608D401E6085C6E0208D02282CD13346DD
:1020E00000226B492046009503F044FA08B1012014
:1020F0003FE772B62068006840F40070216808600D
:1021000020680069616A0870606A401C6062208D06
:10211000401E2085608D401E608562B62068006983
:10212000616A0870606A401C6062208D401E2085D4
:10213000608D401E608596E033460022544920465B
:10214000009503F017FA08B1012012E72068006833
:1021500020F480602168086072B620680069616AB6
:102160000870606A401C6062208D401E2085608D72
:10217000401E6085474800681921B0FBF1F04FF41C
:102180007A71B0FBF1F0C0EBC00000EB8000019071
:1021900000BF0198401E01900198A8B9002020635B
:1021A000202000E038E084F83D00002084F83E0064
:1021B000206C40F02000206462B600BF002084F84C
:1021C0003C0000BF0120D4E620684069C0F38000D5
:1021D0000028DED02068006840F4007021680860A4
:1021E00020680069616A0870606A401C6062208D26
:1021F000401E2085608D401E608562B620680069A3
:10220000616A0870606A401C6062208D401E2085F3
:10221000608D401E608526E02A463146204603F048
:1022200053FA08B10120A4E620680069616A0870C9
:10223000606A401C6062208D401E2085608D401EBB
:10224000608520684069C0F3800060B12068006943
:10225000616A0870606A401C6062208D401E2085A3
:10226000608D401E6085208D00287FF419AF2020EE
:1022700084F83D00002084F83E0000BF84F83C0054
:1022800000BF76E6022074E6020010000000FFFFA7
:1022900004000100700100202DE9F843044689463E
:1022A00016461F46DDF82080FFF75CFD054694F8D2
:1022B0003D0020287ED11923012251492046009556
:1022C00003F058F910B10220BDE8F88300BF94F87C
:1022D0003C00012801D10220F6E7012084F83C00EF
:1022E00000BF2068006800F0010028B9206800687D
:1022F00040F00100216808602068006820F4006058
:1023000021680860212084F83D00102084F83E00F8
:102310000020206466626785608D20853948E06210
:102320002B4642464946204603F096F808B1012064
:10233000CAE700BF00200090206840690090206834
:102340008069009000BF00BF44E02A464146204615
:1023500003F0FAF950B1206C042805D12068006818
:1023600040F40070216808600120ADE7606A0078E1
:1023700021680861606A401C6062608D401E608553
:10238000208D401E208520684069C0F3800070B118
:10239000208D60B1606A007821680861606A401C25
:1023A0006062608D401E6085208D401E20852A461B
:1023B000414600E022E0204603F0AEF850B1206C28
:1023C000042805D12068006840F400702168086086
:1023D000012079E7208D0028B7D12068006840F4FB
:1023E000007021680860202084F83D00002084F8F7
:1023F0003E0000BF84F83C0000BF65E7022063E7B1
:10240000020010000000FFFF10B586B00446002057
:1024100002900390049005901A49206888422FD1B9
:1024200000BF1948806940F00800174988610846D4
:10243000806900F00800019000BF00BF4FF44070B9
:102440000290122003900320059002A90F48FFF785
:10245000E1FA00BF0E49486840F0E06040F0020039
:10246000486000BF00BF0848C06940F4001006493A
:10247000C8610846C06900F40010019000BF00BFA9
:1024800006B010BD0054004000100240000C014096
:102490000000014070B504460CB9012070BD4CF637
:1024A000CC402168086045F2555021680860D4E9A5
:1024B000001048602168A0688860FFF753FC05465B
:1024C0000BE0FFF74FFC401B272806D92068C068A7
:1024D00000F0030008B10320E0E72068C06800F0C6
:1024E00003000028EDD14AF6AA20216808600020E8
:1024F000D4E700000348006803490978084401490B
:1025000008607047540100205C01002010B50848A5
:10251000006840F0100006490860032000F0A8F8A9
:10252000002000F007F800F02BF8002010BD00009C
:102530000020024070B504460E4800784FF47A71CE
:10254000B1FBF0F00C490968B1FBF0F5284602F048
:1025500099F908B1012070BD102C07D20022214644
:10256000501E00F047F80548046001E00120F2E742
:102570000020F0E75C0100207001002058010020DD
:1025800008B500BF1148806940F001000F4988611B
:102590000846806900F00100009000BF00BF00BF46
:1025A0000846C06940F08050C8610846C06900F024
:1025B0008050009000BF00BF00BF0549486820F070
:1025C000E06040F00070486000BF08BD00100240AD
:1025D0000000014001460846002809DB00F01F0307
:1025E00001229A4043099B0003F1E023C3F8002134
:1025F00000BF70472DE9F05F80460D461646002764
:102600000BF0E2F9074639462A46334601F0070047
:10261000C0F1070ABAF1040F02D94FF0040A01E031
:10262000C0F1070AD14600F1040ABAF1070F02D23D
:102630004FF0000A01E0A0F1030AD4464FF0010A6E
:102640000AFA09FAAAF1010A0AEA020A0AFA0CFAD3
:102650004FF0010B0BFA0CFBABF1010B0BEA030B78
:102660004AEA0B04214640460BF0B6F9BDE8F09F5C
:1026700000BF00F00702064B19684FF6FF03194030
:10268000044B0B4343EA0221014B196000BF704722
:102690000CED00E00000FA0500BF00BF00BF00BF66
:1026A00000BFBFF34F8F00BF00BF00BF09480068E5
:1026B00000F4E06008490843001D0649086000BFB7
:1026C00000BF00BFBFF34F8F00BF00BF00BF00BF00
:1026D00000BFFDE70CED00E00000FA0570B505460F
:1026E0000C4604F08000802808D104F0070000EBBD
:1026F000800605F1280000EBC60105E004EB840626
:1027000005F5B47000EBC6011AB900200873CB8040
:1027100004E0012008730B81180C4881002070BD73
:10272000704770B504460D4605EB850304F128019A
:1027300001EBC3014A692946D4F8E80208F0C2FE59
:1027400070BD70B504460D4605EB850304F5B47104
:1027500001EBC3014A692946D4F8E80208F032FFC8
:1027600070BD70B504460E4606F0800080280AD180
:1027700006F0070000EB800104F1280000EBC10522
:102780000120687009E006F0070000EB800104F505
:10279000B47000EBC1050020687006F007002870D7
:1027A00000BF94F8A802012801D1022070BD0120C9
:1027B00084F8A80200BF2946206809F08BFD00BFFD
:1027C000002084F8A80200BF00BFEFE770B5044600
:1027D0000E4606F00F006168884201D9012070BDE5
:1027E00006F0800080280AD106F0070000EB800187
:1027F00004F1280000EBC1050120687009E006F033
:10280000070000EB800104F5B47000EBC105002067
:1028100068700020A87006F00700287000BF94F8C8
:10282000A802012801D10220D9E7012084F8A802DA
:1028300000BF2946206809F0A9FE00BF002084F8E7
:10284000A80200BF00BFCAE72DE9F04105460C46CB
:10285000174607F48040002850D02868B0F8501080
:10286000207801EBC000801C296801F5806131F8F7
:102870001000C0F30906A069B04203D3A069801B11
:10288000A06101E00020A061A069A8B900BF227882
:102890005200296831F812104BF68F7201EA0200DB
:1028A00080F4005040F4004141F0800123785B0047
:1028B0002A6822F8131000BF07F04000A8B100BF3B
:1028C00000BF22785200296831F8121048F68F7242
:1028D00001EA020040F4004141F0C00123785B00AE
:1028E0002A6822F8131000BF00BF002E55D022899D
:1028F0006169334628680AF0BFFC4EE02868B0F8EA
:102900005010207801EBC000801D296801F580611E
:1029100031F81000C0F30906A069B04203D3A069E2
:10292000801BA06101E00020A061A069A8B900BFE0
:1029300022785200296831F812104BF68F7201EAA2
:10294000020080F4005040F4004141F080012378FF
:102950005B002A6822F8131000BF07F04000A8B9F6
:1029600000BF00BF22785200296831F8121048F6E3
:102970008F7201EA020040F4004141F0C001237867
:102980005B002A6822F8131000BF00BF2EB16289D5
:102990006169334628680AF06FFC3046BDE8F08173
:1029A0002DE9F04705460C46904608F04000002807
:1029B00071D02868B0F85010207801EBC000801C5E
:1029C000296801F5806131F81000C0F30907A0699A
:1029D000B84203D9A069C01BA06101E00020A0613A
:1029E000A06900287ED100BF6078C8B900BF2968FF
:1029F0002A68B2F8502011442278022303EBC20265
:102A000001F5806303EB420000BF028848F2FF3308
:102A10001A400280028842F40042028000BF13E0A4
:102A20006078012810D100BF28682A68B2F85020C9
:102A300010442278022303EBC20200F5806303EB0B
:102A4000420100220A8000BF00BF00BF29686078F1
:102A500010BB00BF2B68D5F800C0BCF850C0634461
:102A600094F800C04FF0060909EBCC0C03F580691F
:102A700009EB4C0000BFB0F800C048F2FF390CEA87
:102A8000090CA0F800C0B0F800C04CF4004CA0F84D
:102A900000C000BF11E0C0E0607801280DD12868B7
:102AA000B0F8500001442078062303EBC00001F584
:102AB000806303EB40020020108000BF217828468D
:102AC000FFF72FFE08F48040002816D000BF00BF9B
:102AD00022785200296831F8121048F68F7201EA04
:102AE000020000E00AE040F4004141F48141237813
:102AF0005B002A6822F8131000BFCAE108F4804086
:102B0000A8B100BF00BF22785200296831F8121026
:102B100048F68F7201EA020040F4004141F481421C
:102B200023785B00296821F8132000BF00BF94F8C8
:102B300024000128E1D1606938446061E0693844CB
:102B4000E0612169206A884204D32669206A801BDB
:102B500020620BE0206A20B93E46002084F8240061
:102B600004E0002084F82400266A206200BF607818
:102B7000B8BB00BF2A682968B1F850100A44217810
:102B8000022303EBC10102F5806303EB4101084618
:102B900000BF56B9038848F2FF3C03EA0C030380E8
:102BA000038843F40043038019E03E2E0BD800BF96
:102BB000710806F0010303B1491C4FF6FF7303EAE5
:102BC000812303800BE000BF710906F01F0303B9E6
:102BD000491E4FF4004343EA8123038000BF00BF36
:102BE00013E0FFE7607801280FD100BF28682A684A
:102BF000B2F8502010442278022303EBC20200F501
:102C0000806303EB42010E8000BF00BFB3B2228994
:102C1000616928680AF05FFB3BE12868B0F8501052
:102C2000207801EBC000801D296801F5806131F832
:102C30001000C0F30907A069B84203D3A069C01B04
:102C4000A06101E00020A061A06900287DD100BF43
:102C50006078C8B900BF29682A68B2F850201144CA
:102C60002278022303EBC20201F5806303EB4200EA
:102C700000BF028848F2FF331A400280028842F403
:102C80000042028000BF13E06078012810D100BF2D
:102C900028682A68B2F8502010442278022303EBF7
:102CA000C20200F5806303EB420100220A8000BFEC
:102CB00000BF00BF2968607808BB00BF2B68D5F84B
:102CC00000C0BCF850C0634494F800C04FF006093F
:102CD00009EBCC0C03F5806909EB4C0000BFB0F8A0
:102CE00000C048F2FF390CEA090CA0F800C0B0F8A7
:102CF00000C04CF4004CA0F800C000BF10E06078A9
:102D000001280DD12868B0F850000144207806232E
:102D100003EBC00001F5806303EB4002002010804C
:102D200000BF21782846FFF7FCFC08F4804000280B
:102D300016D100BF00BF22785200296831F8121066
:102D400048F68F7201EA020000E00AE040F4004118
:102D500041F4814123785B002A6822F8131000BFF8
:102D600097E008F48040A8B900BF00BF2278520065
:102D7000296831F8121048F68F7201EA020040F417
:102D8000004141F4814123785B002A6822F8131046
:102D900000BF00BF94F8240001287AD1606938444C
:102DA0006061E0693844E0612169206A884204D3A7
:102DB0002669206A801B20620BE0206A20B93E460B
:102DC000002084F8240004E0266A0020206284F8B1
:102DD000240000BF2A68607890BB00BFD5F800C00F
:102DE0002968B1F850108C4421784FF0060909EB9E
:102DF000C1010CF5806909EB4101084600BF76B9B5
:102E0000B0F8009048F2FF3A09EA0A09A0F80090E9
:102E1000B0F8009049F40049A0F8009020E03E2E60
:102E20000FD800BF710806F00109B9F1000F00D0FA
:102E3000491C4FF6FF7909EA8129A0F800900FE0BC
:102E400010E000BF710906F01F09B9F1000F00D1B1
:102E5000491E4FF4004949EA8129A0F8009000BFBB
:102E600000BF0FE0607801280CD12868B0F850004E
:102E700002442078062101EBC00002F5806101EBDD
:102E800040031E8000BFB3B26289616928680AF0FE
:102E900022FA00BF22785200296831F8121048F651
:102EA000BF7201EA020080F0100080F0200040F4C0
:102EB000004141F0800123785B002A6822F813105A
:102EC00000BF0020BDE8F087024601F0070000EBDC
:102ED000800302F5B47000EBC300C06970472DE9B0
:102EE000F04705460E4690461F464FF0000906F093
:102EF000800080280AD106F0070000EB800105F170
:102F0000280000EBC1040120607009E006F0070012
:102F100000EB800105F5B47000EBC1040020607087
:102F200006F007002070C4F81080E770607808B1E0
:102F30002078E081022F01D10020207100BF95F898
:102F4000A802012802D10220BDE8F087012085F8FF
:102F5000A80200BF2146286808F092FF00BF0020A9
:102F600085F8A80200BF4846EEE72DE9F041054686
:102F70000E461746984606F0070000EB800105F55F
:102F8000B47000EBC1046761C4F818800020E061F0
:102F9000607006F00700207006F0070020B9214697
:102FA000286809F08EFB03E02146286809F089FBB8
:102FB0000020BDE8F08170B504460D4605F007001D
:102FC0006168884201D9012070BD05F08000802829
:102FD0000AD105F0070000EB800104F1280000EBA6
:102FE000C1060120707007E005EB850104F5B4709F
:102FF00000EBC106002070700120B07005F00700E2
:10300000307000BF94F8A802012801D10220DBE74C
:10301000012084F8A80200BF3146206809F023FB94
:1030200005F0070020B904F52C71206809F0ABFA0F
:1030300000BF002084F8A80200BF00BFC4E72DE94C
:10304000F04105460E4690461F4606F0070000EB8D
:10305000800105F1280000EBC104C4F81480A761C9
:10306000012084F8240027620020E06101206070C4
:1030700006F00700207006F0070020B921462868F6
:1030800009F01FFB03E02146286809F01AFB002025
:10309000BDE8F0817FB5044620680AF0E9F800F445
:1030A0000040B0F5004F02D1204604F075F82068CA
:1030B0000AF0DEF800F48060B0F5806F0FD1206870
:1030C000B0F844004FF6FF3108402168A1F84400F1
:1030D000204600F09FF90021204600F0BBF920684F
:1030E0000AF0C6F800F48040B0F5804F08D120689F
:1030F000B0F844004BF6FF7108402168A1F8440085
:1031000020680AF0B5F800F40050B0F5005F08D16F
:103110002068B0F844004DF6FF7108402168A1F81E
:10312000440020680AF0A4F800F48050B0F5805FF5
:103130001DD12068B0F840004FF6FB7108402168AF
:10314000A1F840002068B0F840004FF6F771084041
:103150002168A1F84000204600F06EF92068B0F820
:1031600044004EF6FF7108402168A1F84400206831
:103170000AF07EF800F40060B0F5006F55D100252C
:1031800007E06900206830F811002DF81500681C70
:10319000C5B2082DF5D32068B0F8400040F001001A
:1031A0002168A1F840002068B0F840004FF6FE7199
:1031B00008402168A1F8400000BF2068B0F8440032
:1031C00000F480600028F8D02068B0F844004FF682
:1031D000FF3108402168A1F84400002507E03DF8D0
:1031E00015006A00216821F81200681CC5B2082D7C
:1031F000F5D32068B0F8400040F008002168A1F83D
:1032000040002068B0F844004FF2FF710840216888
:10321000A1F844002068B0F8400040F004002168A4
:10322000A1F84000204600F057F920680AF020F885
:1032300000F40070B0F5007F0BD12068B0F84400B6
:103240004FF6FF5108402168A1F84400204600F0E5
:10325000FAF820680AF00CF800F48070B0F5807F6E
:1032600008D12068B0F844004FF6FF61084021689B
:10327000A1F844007FBD30B585B0044614B90120E3
:1032800005B030BD94F8A90228B9002084F8A8023E
:10329000204600F09DF8032084F8A902206809F078
:1032A00068F9142204F110016846FCF74DFF94E818
:1032B0000F0009F00BF820B1022084F8A9020120C8
:1032C000DEE70021206809F0FCFF002531E0012144
:1032D00005EB850204F1280000EBC200417005EB0C
:1032E000850104F1280000F8315005EB850100EB61
:1032F000C100C581002105EB850204F1280000EB27
:10330000C200C17005EB850204F1280000EBC20089
:10331000016105EB850204F1280000EBC200416168
:1033200005EB850204F1280000EBC2008161681CF6
:10333000C5B26068A842CAD800252AE0002105EB82
:10334000850204F5B47000EBC200417005EB850105
:1033500004F5B47000F83150002105EB850200EB54
:10336000C200C17005EB850204F5B47000EBC20029
:10337000016105EB850204F5B47000EBC200416108
:1033800005EB850204F5B47000EBC2008161681C96
:10339000C5B26068A842D1D8142204F11001684671
:1033A000FCF7D2FE94E80F0009F0D8F820B1022013
:1033B00084F8A902012063E7002084F8240001209A
:1033C00084F8A902206809F0C6F8002058E7000038
:1033D00038B504460D492068884215D100BF0C4815
:1033E000C06940F400000A49C8610846C06900F499
:1033F0000000009000BF00BF002211461420FFF71C
:10340000F9F81420FFF7E6F838BD0000005C004032
:103410000010024070B504460125A068022801D0C2
:10342000FDF72AF92946D4F8E80208F0FFF9D4F8A4
:10343000E80208F0B1F970BD10B50446D4F8E8020E
:1034400008F0D8F910BD10B50446D4F8E80208F029
:10345000DCF910BD70B504460D4600BF94F8A80213
:10346000012801D1022070BD012084F8A80200BF0C
:1034700084F824502946206809F026FF00BF002068
:1034800084F8A80200BF00BFEDE710B5044604F5BC
:103490002C71D4F8E80208F0E0F910BD10B504462C
:1034A00000BF94F8A802012801D1022010BD01201C
:1034B00084F8A80200BF206809F0C8FE0121204658
:1034C000FFF72EF9206809F043F800BF002084F8C8
:1034D000A80200BF00BFE9E710B50446D4F8E8022F
:1034E00008F014FAA06928B10348006840F006000B
:1034F0000149086010BD000010ED00E00120014905
:103500000862704700000E422DE9F04385B0064680
:103510003BA30FCB01AC0FC43DA0006800904FF05F
:103520000008002500270024A146012E30D0022EDD
:1035300055D0102E5ED137484468006800F0807086
:1035400000B301A8C4F38341475C04F4803070B138
:1035500030484068C0F340401DF8008004F48030DB
:1035600040B12D48B0FBF8F000FB07F502E02B4816
:1035700007FB00F52748406800F48000B0F5800F95
:1035800001D1A94603E068000321B0FBF1F932E064
:103590002048046A04F44070B0F5807F05D104F03F
:1035A000020010B14FF4004918E004F44070B0F587
:1035B000007F07D11748406A00F0020010B149F6B9
:1035C00040490BE004F44070B0F5407F06D111484B
:1035D000006800F4003008B14FF224490BE000F01D
:1035E0009BF90C494968C1F38131491C4900B0FB82
:1035F000F1F900E000BF00BF484605B0BDE8F08328
:1036000002030405060708090A0B0C0D0E0F101023
:10361000010200000010024000127A0000093D0083
:10362000F8B5044600260025207800F001000028A7
:103630006BD000274348C06900F0805070B900BFCC
:103640004048C06940F080503E49C8610846C069A2
:1036500000F08050009000BF00BF01273A4800688A
:1036600000F48070B0B93848006840F48070364982
:103670000860FEF777FB064606E0FEF773FB801B4B
:10368000642801D90320F8BD2F48006800F4807039
:103690000028F2D02B48006A00F440752DB3A088B2
:1036A00000F44070A84220D02648006A20F44075FB
:1036B000012026490860002008602248056205F0C4
:1036C000010090B1FEF74EFB064608E0FEF74AFB0C
:1036D000801B41F28831884201D90320D3E7194881
:1036E000006A00F002000028F0D01648006A20F4BA
:1036F00040706168084313490862012F04D10846ED
:10370000C06920F08050C86100BF207800F002003E
:10371000022807D10B48406820F44040A1680843C4
:1037200008494860207800F01000102807D10548AB
:10373000406820F48000E1680843024948600020A6
:10374000A1E7000000100240007000404004424227
:103750007047000070B504460D460CB9012070BDDD
:103760005A48006800F00700A8420ED25748006887
:1037700020F007002843554908600846006800F01B
:103780000700A84201D00120E9E7207800F00200FC
:1037900002281DD1207800F00400042805D14C48EF
:1037A000406840F4E0604A494860207800F0080032
:1037B000082805D14648406840F4605044494860B4
:1037C0004348406820F0F000A16808434049486041
:1037D000207800F0010078B36068012806D13C48E9
:1037E000006800F4003090B90120B8E76068022852
:1037F00006D13748006800F0007040B90120AEE7FC
:103800003348006800F0020008B90120A7E73048FB
:10381000406820F00300616808432D494860FEF7C6
:10382000A1FA064609E0FEF79DFA801B41F28831B5
:10383000884202D9032092E707E02548406800F05B
:103840000C006168B0EB810FEDD12048006800F0FA
:103850000700A8420ED91D48006820F00700284341
:103860001A4908600846006800F00700A84201D025
:10387000012074E7207800F00400042807D11448E0
:10388000406820F4E060E16808431149486020780E
:1038900000F00800082808D10D48406820F4605066
:1038A000216940EAC1000A49486000F045F808492A
:1038B0004968C1F30311074A515CC84006490860D2
:1038C00006480068FEF736FE002048E70020024068
:1038D00000100240E8070108700100205801002094
:1038E00001200149C8647047000042420148006855
:1038F000704700007001002000B5FFF7F7FF044992
:103900004968C1F30221034A515CC84000BD000070
:1039100000100240F807010800B5FFF7E7FF04496F
:103920004968C1F3C221034A515CC84000BD000090
:1039300000100240F8070108F0B585B00FF26C0CDA
:103940009CE8E01001A8A0E8E0101CA52D680095F7
:1039500000210022002300240020194D696801F095
:103960000C05F5B1042D02D0082D19D101E0154840
:1039700019E001ADC1F38346AC5D01F4803555B16A
:103980000F4D6D68C5F340451DF805200D4D65438D
:10399000B5FBF2F302E00C4D04FB05F3184602E020
:1039A00000BF084800BF00BF05B0F0BD020304051A
:1039B000060708090A0B0C0D0E0F1010010200007B
:1039C0000010024000127A0000093D0010B50648C0
:1039D000806800F08000802804D1FFF7B9FE8020C5
:1039E0000149887210BD000000100240F8B504467D
:1039F0000CB90120F8BD207800F00100002878D033
:103A0000F848406800F00C0004280CD0F5484068E5
:103A100000F00C00082811D1F248406800F4803012
:103A2000B0F5803F0AD1EF48006800F4003000286C
:103A30005FD0606800285CD10120DBE700BF6068D0
:103A4000B0F5803F06D1E748006840F48030E54992
:103A5000086028E0606858B9E248006820F48030C7
:103A6000E04908600846006820F4802008601AE0F9
:103A70006068B0F5A02F0BD1DA48006840F48020D0
:103A8000D84908600846006840F4803008600AE0C1
:103A9000D448006820F48030D249086008460068A5
:103AA00020F48020086000BF606888B1FEF75AF9F2
:103AB000054606E0FEF756F9401B642801D90320AD
:103AC00098E7C848006800F400300028F2D010E001
:103AD000FEF748F9054606E0FEF744F9401B642866
:103AE00001D9032086E7BF48006800F400300028B1
:103AF000F2D1207800F00200022857D1B94840687E
:103B000000F00C0050B1B748406800F00C000828E5
:103B100018D1B448406800F4803098B9B1480068C2
:103B200000F0020020B12069012801D0012061E7E6
:103B3000AC48006820F0F800616940EAC100A9497A
:103B4000086033E02069E8B10120A7490860FEF76A
:103B500009F9054606E0FEF705F9401B022801D9E0
:103B6000032047E79F48006800F002000028F2D0D9
:103B70009C48006820F0F800616940EAC10099495A
:103B8000086013E0002098490860FEF7EBF805464E
:103B900006E0FEF7E7F8401B022801D9032029E7D9
:103BA0009048006800F002000028F2D1207800F070
:103BB000080008282DD1A069B8B101208B49086000
:103BC000FEF7D0F8054606E0FEF7CCF8401B0228C9
:103BD00001D903200EE78348406A00F00200002864
:103BE000F2D0012005F016FA13E000207F490860AA
:103BF000FEF7B8F8054606E0FEF7B4F8401B0228C9
:103C000001D90320F6E67748406A00F00200002858
:103C1000F2D1207800F00400042873D10027714805
:103C2000C06900F0805070B900BF6E48C06940F0B4
:103C300080506C49C8610846C06900F0805000900F
:103C400000BF00BF01276A48006800F48070B0B967
:103C50006748006840F4807065490860FEF782F8A4
:103C6000054606E0FEF77EF8401B642801D90320D4
:103C7000C0E65F48006800F480700028F2D000BF02
:103C8000E068012806D15748006A40F00100554914
:103C9000086227E0E06858B95248006A20F0010045
:103CA000504908620846006A20F00400086219E0E2
:103CB000E06805280BD14B48006A40F004004949F0
:103CC00008620846006A40F0010008620AE04548C0
:103CD000006A20F00100434908620846006A20F0AB
:103CE0000400086200BFE068A0B1FEF73BF805469B
:103CF00009E0FEF737F8401B41F28831884202D9CB
:103D0000032077E622E03748006A00F0020000282E
:103D1000EFD012E0FEF726F8054608E0FEF722F89D
:103D2000401B41F28831884201D9032062E62D48C8
:103D3000006A00F002000028F0D1012F05D12948C7
:103D4000C06920F080502749C86100BFE069C8B34E
:103D50002448406800F00C00082860D0E069022880
:103D600048D1002020490866FDF7FCFF054606E023
:103D7000FDF7F8FF401B022801D903203AE6194855
:103D8000006800F000700028F2D1206AB0F5803F92
:103D900007D11448406820F40030A1680843114955
:103DA0004860D4E9080108430E49496821F47411B8
:103DB00008430C49486001200B490866FDF7D2FF13
:103DC000054607E03DE0FDF7CDFF401B022801D985
:103DD00003200FE60348006800F000700028F2D0CE
:103DE0002FE00000001002400000424280044242E6
:103DF00000700040002014490866FDF7B3FF054637
:103E000006E0FDF7AFFF401B022801D90320F1E5D2
:103E10000E48006800F000700028F2D111E0E0695F
:103E2000012800D1E6E50948466806F48031206A99
:103E3000814204D106F47011606A814201D00120F0
:103E4000D8E50020D6E50000000042420010024004
:103E50002DE9F04780460E469246002500270024B3
:103E6000A146404605F02FF981462548B9FBF0F4FC
:103E700024480068A04240D02248046040F2B27555
:103E80000EE028460AF040F8012806D1B4F5B77FC5
:103E900002D3A4F5B77402E005E0A4F26D146D1C22
:103EA000B4F5B67FEDD800BF2F46A5F5FA60F070E7
:103EB000002515E0012D09D138460AF025F8012822
:103EC00004D11D2C01D31D3C09E00BE00E48405DE0
:103ED000A04203D80C48405D241A00E002E06D1CAB
:103EE0001C2CE7D200BF681C7070601CB070B278E8
:103EF0007178F07805F001F930700020BDE8F087A6
:103F0000805101006C010020DC0701082DE9F04719
:103F100007460C4691460026B046002538684068A2
:103F2000C0F3800010B10120BDE8F087384605F0ED
:103F3000CAF806464FF46160B6FBF0F5B6FBF0F147
:103F400000FB11603C21B0FBF1F060704FF4616048
:103F5000B6FBF0F100FB11603C21B0FBF1F201FB7C
:103F60001200A0701820B5FBF0F100FB115020707A
:103F7000182D08D31820B5FBF0F8B5FBF0F100FBC5
:103F80001150207000E025700020CDE770B5044688
:103F900000250CB9012070BD607C20B90020207480
:103FA000204600F05BF802206074204600F085F99E
:103FB00018B1042060740120EDE7204605F049F8AF
:103FC00018B1042060740120E5E72068406820F003
:103FD000070021684860A06828B11F48006820F0E9
:103FE00001001D4908601C48001F006820F4607033
:103FF000A16808431849091F08606068401C08B19F
:10400000656809E00120FFF77FFA05461DB9042025
:1040100060740120BFE76D1E2068806820F00F00EB
:1040200040EA1540216888602068C06865F30F0089
:104030002168C860204605F029F818B10420607492
:104040000120A8E70021E17301216173A173012020
:10405000607400209FE70000306C004038B50446D3
:104060000B492068884212D1FFF748FA00BF09487F
:10407000C06940F000600749C8610846C06900F0A7
:104080000060009000BF00BF01200349086038BDF8
:1040900000280040001002403C0442422DE9F04F4D
:1040A00087B006460F464FF0000900200690804674
:1040B0000024059004900390824600BF48A207CADE
:1040C0008DE80700304604F0FEFF81464FF4616042
:1040D000B9FBF0F006904FF46160B9FBF0F100FB22
:1040E00011903C21B0FBF1F0C0B204904FF461603C
:1040F000B9FBF0F100FB11903C21B0FBF1F201FBA8
:104100001200039018210698B0FBF1F201FB120097
:104110000590F87800F5FA6840F63300804500D93C
:10412000804640F2B270804500D2804640F2B275BF
:104130000AE0284609F0E8FE012802D12B48044491
:1041400001E02B4804446D1C4545F2D397F801A0CB
:10415000404609F0D9FE012804D1BAF1020F01D975
:1041600024480444AAF1010A002507E01DF80500CF
:1041700040F2A321484304EBC0146D1C5545F5D310
:1041800097F802B0ABF1010040F2A321484304EBE1
:10419000C0140598C0EB4011C1EB002004EB0014E3
:1041A0000498C0EB001004EB80040398044400BFA3
:1041B000307C012803D1022007B0BDE8F08F012038
:1041C000307400BF022070742146304604F0D7FFDF
:1041D0000120707400BF0020307400BF00BFEBE707
:1041E0001F1C1F1E1F1E1F1F1E1F1E1F0085E201FA
:1041F0008033E101805101002DE9F05F04460D4656
:10420000904600260027B146B246204604F05BFFE8
:1042100007464FF46160B7FBF0F9B9F1180F0AD304
:104220001820B9FBF0FA0AEB4A00C0004FF46161B4
:1042300000FB01F700E0002700BF207C012802D12D
:104240000220BDE8F09F0120207400BF02206074AE
:10425000B8F1000F0BD128784FF4616148436978B9
:10426000C1EB011100EB8100A978461812E0287813
:1042700004F0E4FE4FF4616100FB01FB687804F098
:10428000DDFEC0EB00100BEB800BA87804F0D6FE2F
:104290000BEB00063E443146204604F070FF2068D8
:1042A000406820F00500216848600120607400BF6C
:1042B0000020207400BF00BFC3E770B5044600258E
:1042C0000CB9012070BD2068406820F0080021680A
:1042D0004860FDF747FD054607E0FDF743FD401B3D
:1042E000B0F57A7F01D90320ECE72068406800F040
:1042F00008000028F1D00020E4E710B504460CB90E
:10430000012010BD606A38B96068B0F5827F00D1C5
:1043100005E00021E16102E00021216161610021ED
:10432000A16294F8510028B9002084F8500020467A
:1043300000F042F8022084F851002068006820F064
:10434000400021680860A08800F48270218901F48F
:1043500004410843A18901F400610843217C01F074
:1043600002010843217D01F001010843218B01F482
:1043700000710843217F01F0380108432021095DC5
:1043800001F080010843218D01F4005108432168A8
:1043900008600421A06901EA104021684860206893
:1043A000C06920F400602168C861002060650120B8
:1043B00084F851000020A4E710B586B00446002020
:1043C00002900390049005903349206888422DD1D3
:1043D00000BF3248806940F4805030498861084607
:1043E000806900F48050019000BF00BF00BF084604
:1043F000806940F0040088610846806900F004008C
:10440000019000BF00BFA020029002200390032073
:10441000059002A92248FDF7FDFA402002900020F5
:104420000390049002A91E48FDF7F4FA1D49206884
:1044300088422FD100BF1948C06940F48040174915
:10444000C8610846C06900F48040019000BF00BF09
:1044500000BF0846806940F008008861084680690E
:1044600000F00800019000BF00BF4FF42040029010
:10447000022003900320059002A90B48FDF7CAFA19
:104480004FF48040029000200390049002A9064857
:10449000FDF7C0FA06B010BD003001400010024028
:1044A0000008014000380040000C01402DE9F84FA1
:1044B0000446884616461D464FF0000A00BF94F891
:1044C0005000012802D10220BDE8F88F012084F8B5
:1044D000500000BFFDF746FC0746B14694F8510076
:1044E000012802D04FF0020AADE0B8F1000F00D071
:1044F00016B94FF0010AA6E0032084F8510000200D
:104500006065C4F83080A686E686A063A087E08751
:1045100060642064A068B0F5004F0BD1206800688B
:1045200020F04000216808602068006840F4804066
:10453000216808602068006800F04000402805D02D
:104540002068006840F0400021680860E068B0F52D
:10455000006F2FD1606810B1B9F1010F09D1206B44
:1045600000882168C860206B801C2063E08E401E9C
:10457000E0861BE02068806800F0020002280AD173
:10458000206B00882168C860206B801C2063E08E4F
:10459000401EE0860AE0FDF7E5FBC01BA84201D300
:1045A000681C00B915B94FF0030A4CE0E08E0028F2
:1045B000E0D12EE0606810B1B9F1010F09D1206B94
:1045C000007821680873206B401C2063E08E401E39
:1045D000E0861BE02068806800F0020002280AD113
:1045E000206B007821680873206B401C2063E08EEC
:1045F000401EE0860AE0FDF7B5FBC01BA84201D3D0
:10460000681C00B915B94FF0030A1CE0E08E0028C1
:10461000E0D13A462946204605F0ACFA08B1202000
:104620006065A06850B900BF002000902068C06895
:10463000009020688068009000BF00BF606D08B1E6
:104640004FF0010A00BF012084F8510000BF002094
:1046500084F8500000BF504636E72DE9FF5F04465E
:10466000884691461D460E9E012002900020019032
:1046700000BF94F85000012803D1022004B0BDE827
:10468000F09F012084F8500000BFFDF76BFB074648
:1046900094F851B060680390AA46BBF1010F0BD0AB
:1046A0000398B0F5827F04D1A06810B9BBF1040F64
:1046B00002D002200190DBE0B8F1000F03D0B9F185
:1046C000000F00D015B901200190D1E094F85100FD
:1046D000042802D0052084F8510000206065C4F849
:1046E0003890E587A587C4F83080E586A5862064E4
:1046F00060642068006800F04000402805D0206811
:10470000006840F0400021680860E068B0F5006F84
:104710004AD1606810B1BAF1010F09D1206B00884D
:104720002168C860206B801C2063E08E401EE086FC
:1047300033E02068806800F00200022810D1E08E8B
:1047400070B1029801280BD1206B00882168C860E5
:10475000206B801C2063E08E401EE08600200290CB
:104760002068806800F0010068B1E08F58B12068CF
:10477000C068A16B0880A06B801CA063E08F401E06
:10478000E08701200290FDF7EDFAC01BB04204D390
:10479000701C10B1032001906AE0E08E0028C8D19F
:1047A000E08F0028C5D14AE0606810B1BAF1010F6E
:1047B00009D1206B007821680873206B401C2063AE
:1047C000E08E401EE08634E02068806800F0020041
:1047D000022810D1E08E70B1029801280BD1206B15
:1047E000007821680873206B401C2063E08E401E17
:1047F000E086002002902068806800F0010068B127
:10480000E08F58B12068C068A16B0870A06B401C95
:10481000A063E08F401EE08701200290FDF7A2FA1E
:10482000C01BB04201D3701C00B916B9032001901F
:104830001EE0E08E0028C7D1E08F0028C4D13A46A0
:104840003146204605F096F920B101200190202044
:1048500060650DE0A06850B900BF0020009020689E
:10486000C068009020688068009000BF00BF00BF53
:10487000012084F8510000BF002084F8500000BFE0
:104880000198FBE670B504462546681EB0F1807FAE
:1048900001D301200FE0681E4FF0E02148610F2195
:1048A0004FF0FF3009F098F800204FF0E0218861C8
:1048B00007200861002070BD7047704730B5024680
:1048C0000B4600BF92F83C00012801D1022030BD08
:1048D000012082F83C0000BF022082F83D001068F1
:1048E00044681068816824F07004186804431068F4
:1048F0004460104D1068A8420BD01068B0F1804F92
:1049000007D00D4D1068A84203D00C4D1068A84286
:1049100005D121F0800158680143106881600120B1
:1049200082F83D0000BF002082F83C0000BF00BFBD
:10493000CDE70000002C01400004004000080040CA
:1049400010B504460CB9012010BD94F83D0028B9FB
:10495000002084F83C00204600F026F8022084F86D
:104960003D00211D206805F099FE012084F84600D5
:1049700000BF84F83E0001213F2001554020015531
:104980004120015500BF00BF012084F842004320B0
:104990000155442001554520015500BF012084F8F0
:1049A0003D000020D0E7000038B5044624492068C7
:1049B000884216D100BF2348C06940F00200214957
:1049C000C8610846C06900F00200009000BF00BF47
:1049D000002211461D20FDF70DFE1D20FDF7FAFDFA
:1049E0002CE02068B0F1804F16D100BF1548C06997
:1049F00040F001001349C8610846C06900F0010099
:104A0000009000BF00BF022211461C20FDF7F2FDFE
:104A10001C20FDF7DFFD11E00B49206888420DD115
:104A200000BF0848806940F4006006498861084674
:104A3000806900F40060009000BF00BF38BD000036
:104A40000004004000100240002C0140014691F893
:104A50003D00012801D001207047022081F83D006F
:104A6000124B086898420BD00868B0F1804F07D00D
:104A70000F4B0868984203D00E4B086898420CD13F
:104A80000868806800F00702062A0CD008680068F1
:104A900040F001000B68186005E00868006840F00D
:104AA00001000B6818600020D6E70000002C0140D0
:104AB00000040040000800402DE9F04104460D4686
:104AC00000BF94F83C00012802D10220BDE8F0812B
:104AD000012084F83C0000BF022084F83D002068DB
:104AE000866826F0770626F47F4620688660286868
:104AF000502833D00CDC202850D004DC00284BD0C8
:104B0000102851D149E0302849D040284CD139E013
:104B100060282DD0702807D0B0F5805F03D0B0F5A5
:104B2000005F41D10DE040E0D5E902136A682068DA
:104B300005F0EEFD2068866846F0770620688660FE
:104B400033E0D5E902136A68206805F0E1FD2068CA
:104B5000806840F480402168886026E0EA686968DF
:104B6000206805F0E9FD5021206805F0DCFD1CE01F
:104B7000EA686968206805F0F2FD6021206805F0A8
:104B8000D2FD12E0EA686968206805F0D5FD402191
:104B9000206805F0C8FD08E000BF00BF00BF29681D
:104BA000206805F0C0FD00E000BF00BF012084F8D0
:104BB0003D0000BF002084F83C0000BF00BF85E737
:104BC000704710B5044620680069C0F34000D8B1B2
:104BD0002068C068C0F34000B0B16FF002002168E7
:104BE0000861012020772068806900F0030018B177
:104BF0002046FFF7E5FF05E0204600F0ADF820462F
:104C000000F0ABF80020207720680069C0F3800036
:104C1000D8B12068C068C0F38000B0B16FF0040064
:104C200021680861022020772068806900F44070C4
:104C300018B12046FFF7C4FF05E0204600F08CF8CD
:104C4000204600F08AF80020207720680069C0F331
:104C5000C000D8B12068C068C0F3C000B0B16FF028
:104C6000080021680861042020772068C06900F0EE
:104C7000030018B12046FFF7A3FF05E0204600F02F
:104C80006BF8204600F069F8002020772068006962
:104C9000C0F30010D8B12068C068C0F30010B0B1F4
:104CA0006FF0100021680861082020772068C06933
:104CB00000F4407018B12046FFF782FF05E020465F
:104CC00000F04AF8204600F048F8002020772068DD
:104CD000006900F0010058B12068C06800F00100D0
:104CE00030B16FF0010021680861204600F036F80D
:104CF00020680069C0F3C01058B12068C068C0F3D4
:104D0000C01030B16FF08000216808612046FFF7C5
:104D1000D3FD20680069C0F3801058B12068C068D6
:104D2000C0F3801030B16FF0400021680861204668
:104D300000F020F820680069C0F3401058B12068E6
:104D4000C068C0F3401030B16FF0200021680861E6
:104D50002046FFF7B2FD10BD7047704710B50446FE
:104D600003492068884201D105F028FB10BD0000EE
:104D70000004004070477047704700002DE9F84F6D
:104D80000446206805682068C668206847694FF0B7
:104D90000009CA4605F00F09B9F1000F0AD105F064
:104DA000200038B106F0200020B1204605F020FD9B
:104DB000BDE8F88FB9F1000F71D007F0010018B904
:104DC00006F4907000286AD005F0010030B106F4B6
:104DD000807018B1206C40F00100206405F00400E0
:104DE00030B107F0010018B1206C40F002002064DF
:104DF00005F0020030B107F0010018B1206C40F05E
:104E00000400206405F0080048B106F0200010B945
:104E100007F0010018B1206C40F008002064206CFD
:104E200068B305F0200028B106F0200010B120463C
:104E300005F0DEFC20684069C0F3801A206C00F0A9
:104E4000080010B9BAF1000F22D0204605F0A5FCE9
:104E50002068406900F04000B0B12068406920F04F
:104E6000400021684861A06B50B15648A16B48636F
:104E7000A06BFCF791FC10B1A06B416B88470CE074
:104E80002046FFF779FF08E02046FFF775FF04E0B2
:104E90002046FFF771FF0020206489E7FFE7206BC1
:104EA000012878D105F01000002874D006F0100019
:104EB000002870D000BF002000902068006800909B
:104EC00020684068009000BF00BF2068406900F083
:104ED0004000C0B3A06B006840681FFA80F8B8F1CA
:104EE000000F2FD0A08D40452CDDA4F82E80A06BA4
:104EF000806920281FD02068C06820F48070216855
:104F0000C8602068406920F001002168486120687D
:104F1000406920F0400021684861202084F83E006C
:104F2000002020632068C06820F010002168C8605D
:104F3000A06BFCF705FCA08DE28D801A81B22046A3
:104F4000FFF719FF34E7FFE7A08DE18D401A1FFA44
:104F500080F8E08DE8B1B8F1000F1AD02068C06881
:104F600020F490702168C8602068406920F001003A
:104F700021684861202084F83E00002020632068DA
:104F8000C06820F010002168C86041462046FFF745
:104F9000F2FE0DE7FFE705F0800030B106F080007B
:104FA00018B1204605F014FD02E705F0400030B1CD
:104FB00006F0400018B1204605F00AFCF8E600BFF4
:104FC000F6E6000087A7000810B504460CB90120DA
:104FD00010BDA06900B100E000BF94F83D0028B901
:104FE000002084F83C00204600F028F8242084F8B3
:104FF0003D002068C06820F400502168C860204649
:1050000005F068FC2068006920F490402168086180
:105010002068406920F02A00216848612068C06843
:1050200040F400502168C86000202064202084F8EB
:105030003D0084F83E000020CAE7000010B586B0AD
:105040000446002002900390049005905D4920687A
:1050500088423FD100BF5C48806940F480405A4993
:1050600088610846806900F48040019000BF00BF5D
:1050700000BF0846806940F00800886108468069E2
:1050800000F00800019000BF00BF40200290022005
:1050900003900320059002A94C48FCF7BBFC80203C
:1050A000029000200390049002A94848FCF7B2FC4B
:1050B00000BF4749486840F0E06040F004004860A5
:1050C00000BF002211462520FDF794FA2520FDF7A8
:1050D00081FA75E03F492068884236D100BF3A48DE
:1050E000C06940F400303849C8610846C06900F41E
:1050F0000030019000BF00BF00BF0846806940F04B
:10510000040088610846806900F00400019000BF37
:1051100000BF04200290022003900320059002A902
:105120002D48FCF777FC08200290002003900490A3
:1051300002A92948FCF76EFC002211462620FDF743
:1051400059FA2620FDF746FA3AE0244920688842B9
:1051500036D100BF1C48C06940F480201A49C8619C
:105160000846C06900F48020019000BF00BF00BF66
:105170000846806940F0080088610846806900F0B0
:105180000800019000BF00BF0815029002200390A4
:105190000320059002A90D48FCF73CFC4FF4006089
:1051A000029000200390049002A90848FCF732FC0A
:1051B000002211462720FDF71DFA2720FDF70AFAE5
:1051C00006B010BD0038014000100240000C014044
:1051D0000000014000440040000801400048004039
:1051E00070472DE9F84F04460E46174699464FF092
:1051F000000A94F83D0020285AD106B117B90120C1
:10520000BDE8F88F00BF94F83C00012801D10220CE
:10521000F6E7012084F83C0000BF00202064212034
:1052200084F83D00FCF79EFD8246A784E784A068D1
:10523000B0F5805F04D1206910B90025B04602E0C6
:1052400035464FF0000800BF002084F83C0000BF46
:105250001BE05346002280212046CDF8009005F047
:10526000E7FB08B10320CBE745B9B8F80000C0F36D
:1052700008002168486008F1020803E028782168E6
:1052800048606D1CE08C401EE084E08C0028E0D17A
:105290005346002240212046CDF8009005F0C8FB7F
:1052A00008B10320ACE7202084F83D000020A7E7E8
:1052B0000220A5E77047000002E002A00AF0D8FA39
:1052C000FBE700007B22526563697665223A7B2208
:1052D000537461747573223A37307D7D0A00000083
:1052E000014608684069C0F38020B0B16FF4806067
:1052F0000A68506100200863202081F83D000020EA
:1053000081F83E00086C40F00400086400BF0020F3
:1053100081F83C0000BF012070470020FCE700003E
:105320002DE9F84304460D4690461E46E76A20687C
:10533000006840F4806021680860082F04D0012FC5
:1053400002D017F5803F06D12068006840F48070D5
:105350002168086008E0206B112805D120680068EA
:1053600040F4807021680860434600224FF001112C
:105370002046009600F0FEF860B12068006800F456
:105380008070B0F5807F02D14FF40070206403205C
:10539000BDE8F8832069B0F5804F05D1E8B240F050
:1053A00001002168086149E005F44070F02141EAFC
:1053B000E01021680861334642462649204600F045
:1053C00021F908B10120E3E7E8B22168086133461A
:1053D00042462049891F204600F014F908B10120F7
:1053E000D6E700BF00200090206840690090206848
:1053F0008069009000BF00BF2068006840F48070A2
:1054000021680860434600224FF0011120460096B3
:1054100000F0B0F858B12068006800F48070B0F572
:10542000807F02D14FF4007020640320B0E705F4C0
:105430004070F12141EAE01021680861334642469C
:105440000449891F204600F0DDF808B101209FE7DC
:1054500000209DE7080001002DE9F84304460D46B1
:1054600017469846E66A082E04D0012E02D016F59B
:10547000803F06D12068006840F480702168086091
:1054800008E0206B122805D12068006840F4807085
:10549000216808603B4600224FF001112046CDF8FC
:1054A000008000F067F860B12068006800F4807048
:1054B000B0F5807F02D14FF4007020640320BDE876
:1054C000F8832069B0F5804F04D105F0FE00216813
:1054D000086112E005F44070F02141EAE010216813
:1054E000086143463A460B49204600F08BF808B164
:1054F0000120E4E7E8B22168086143463A460549DD
:10550000891F204600F07EF808B10120D7E700206F
:10551000D5E700000800010070B504460D461646A8
:1055200020E02046FFF7DCFE08B1012070BD681CBA
:10553000C0B1FCF717FC801BA84200D895B9002029
:105540002063202084F83D00002084F83E00206C79
:1055500040F02000206400BF002084F83C0000BF21
:105560000120E3E720684069C0F380000028D8D01C
:105570000020DBE72DE9F04704460D4617461E469E
:10558000DDF820804FF000091FE0701CE8B109F140
:105590000109FCF7E7FBA0EB0800B04200D8A6B970
:1055A00000202063202084F83D00002084F83E0085
:1055B000206C40F02000206400BF002084F83C00F4
:1055C00000BF81460120BDE8F087C5F307400128F0
:1055D0000AD120684069A9B20840A9B2884201D125
:1055E00001200BE0002009E020688069A9B2084092
:1055F000A9B2884201D1012000E00020B842C4D005
:105600000020E0E72DE9F04104460D4616461F460E
:105610003DE020684069C0F38020E8B12068006860
:1056200040F40070216808606FF480602168486170
:1056300000202063202084F83D00002084F83E00F4
:10564000206C40F00400206400BF002084F83C007F
:1056500000BF0120BDE8F081701CC0B1FCF782FBE7
:10566000C01BB04200D896B900202063202084F8E7
:105670003D00002084F83E00206C40F020002064B3
:1056800000BF002084F83C0000BF0120E2E7C5F322
:10569000074001280AD120684069A9B20840A9B290
:1056A000884201D101200BE0002009E020688069D8
:1056B000A9B20840A9B2884201D1012000E000202F
:1056C0000028A6D00020C5E770B504460D46164652
:1056D00032E020684069C0F30010A0B16FF0100004
:1056E0002168486100202063202084F83D000020CC
:1056F00084F83E00206C206400BF002084F83C0049
:1057000000BF012070BDFCF72DFB801BA84200D814
:1057100095B900202063202084F83D00002084F803
:105720003E00206C40F02000206400BF002084F880
:105730003C0000BF0120E5E720684069C0F380100D
:105740000028C6D00020DDE770B504460D46164699
:1057500020E02046FFF7C4FD08B1012070BD681CA1
:10576000C0B1FCF7FFFA801BA84200D895B9002011
:105770002063202084F83D00002084F83E00206C47
:1057800040F02000206400BF002084F83C0000BFEF
:105790000120E3E720684069C0F3C0100028D8D09A
:1057A0000020DBE730B59FB004460D467022424929
:1057B00003A8FAF7C9FC41480068401C10B9012051
:1057C0001FB030BD3E48007838B93D48407820B918
:1057D0003B48807808B90120F2E7332D4FD006DC32
:1057E000102D0BD0122D57D0142D62D120E0352D65
:1057F0002BD0372D0FD0392D5BD133E003A860219A
:10580000A300CDE900102D4802782D492D4802F063
:1058100001F8C0B2D4E707A86121A300CDE90010C8
:10582000264802782649274801F0F4FFC0B2C7E7AE
:105830000BA86021A300CDE9001020480278204980
:10584000204801F0E7FFC0B2BAE70FA86121A3002A
:10585000CDE900101948027819491A4801F0DAFF19
:10586000C0B2ADE713A86121A300CDE90010134831
:1058700002781349134801F0CDFFC0B2A0E717A882
:105880006121A300CDE900100C4802780C490D48B5
:1058900001F0C0FFC0B293E71BA86021A300CDE9CF
:1058A0000010064802780649064801F0B3FFC0B26E
:1058B00086E7012084E7000000080108940000202A
:1058C000D0250020400D002070B504460D4622462C
:1058D0002946024801F0E0FFC0B270BD400D002033
:1058E0007FB506460C46324669462A4801F0D4FF89
:1058F00010B1012004B070BD00250BE01DF80510AB
:1059000005F108001DF80000814201D00120F1E7F7
:10591000681CC5B2042DF1DB00250CE0281D1DF824
:1059200000001DF8051081F0FF01884201D0012020
:10593000E0E7681CC5B2042DF0DB9DF80C0050B9FF
:105940009DF80D00FF2806D19DF80E0018B99DF8AE
:105950000F00FF2801D00120CCE79DF80300206054
:105960002068000220609DF8021020680844206032
:105970002068000220609DF8011020680844206023
:105980002068000220609DF8001020680844206014
:105990000020AFE7400D002070B5044632230022FE
:1059A00021460D4802F028F80C49086008460068B6
:1059B000401C30B90020E070A070607020700120A1
:1059C00070BD002504E0605D05494855681CC5B2FE
:1059D000042DF8DB0020F3E7400D002094000020A8
:1059E000D025002070B504460D46224629460248BF
:1059F00001F080FFC0B270BD400D002030B585B011
:105A000005460C462DA000680490E0B28DF8100009
:105A1000200A8DF81100200C8DF81200200E8DF850
:105A200013009DF810008DF800009DF811008DF80E
:105A300001009DF812008DF802009DF813008DF80A
:105A400003009DF8100080F0FF008DF804009DF821
:105A5000110080F0FF008DF805009DF8120080F025
:105A6000FF008DF806009DF8130080F0FF008DF810
:105A700007009DF810008DF808009DF811008DF8C2
:105A800009009DF812008DF80A009DF813008DF8AA
:105A90000B0000208DF80C00FF208DF80D00002079
:105AA0008DF80E00FF208DF80F002A466946044845
:105AB00001F020FFC0B205B030BD000001000000C1
:105AC000400D002010B513480068401C11490860C3
:105AD0000846006847F2BD11884202D10EA009F0C5
:105AE000C7FE0C48006847F2C71188420AD9002057
:105AF000084908600E480068401C0D4908600DA068
:105B000009F0B6FE0A480068022802D300200849BE
:105B1000086010BD000000207B224D656D223A7B9D
:105B200022537461747573223A327D7D0A0000003D
:105B3000040000207B224D656D223A7B2253746164
:105B4000747573223A317D7D0A0000002DE9FF4F04
:105B5000B9B00F4690464FF0C80A00202490239019
:105B6000002400253595FE48007801280BD1FD4919
:105B70000D70280A4870280C8870280EC870AB2059
:105B80000871CD204871FCF7EDF8269025904FF074
:105B9000000A0020F449086007E34AF6AA20F34906
:105BA00009680860F0480068B8B1F14800786328D7
:105BB00003D0EF48007843280AD1EEA009F058FE40
:105BC0000020F9490860E84908603DB0BDE8F08F61
:105BD0000020F5490860E4490860FCF7C3F82699FD
:105BE000401A44F62061884206D94FF0010AEFA01E
:105BF00009F03EFE0120E8E7FCF7B4F82599401AC9
:105C000040F6B831884205D3EDA009F031FEFCF72B
:105C1000A9F8259036A8FFF7BFFE20B136A8FFF7F8
:105C2000BBFE00B1C1E210210020FFF7BBFD00B1B7
:105C3000BBE22DA90120FFF747FE00B1B5E29DF8B8
:105C4000B40029909DF8B500299901EB0020299016
:105C50009DF8B6909DF8B70009EB00299DF8B800B3
:105C600009EB00499DF8B90009EB0069299800F497
:105C70000040B0F5004F0CD12998C0F30E002990D8
:105C800046F629212998484029904BF2A62089EA16
:105C9000000937210520FFF785FD70B136A8FFF711
:105CA0007BFE20B136A8FFF777FE00B17DE23721F9
:105CB0000520FFF777FD00B177E22DA91620FFF749
:105CC00003FEC8B137210520FFF76CFD70B136A87F
:105CD000FFF762FE20B136A8FFF75EFE00B164E276
:105CE00037210520FFF75EFD00B15EE22DA91620E9
:105CF000FFF7EAFD00B158E29DF8B500289028981A
:105D0000000228909DF8B410289808442890392162
:105D10000420FFF747FD70B136A8FFF73DFE20B124
:105D200036A8FFF739FE00B13FE239210420FFF722
:105D300039FD00B139E2A9480078012830D10026A8
:105D40002DA91220FFF7C0FD00B12EE29DF8B8008A
:105D5000AB2812D19DF8B900CD280ED19DF8B760BF
:105D600036029DF8B600064436029DF8B50006449A
:105D700036029DF8B400064435969DF8B400FF281D
:105D80000CD19DF8B500FF2808D19DF8B600FF287A
:105D900004D19DF8B700FF2800D1002608EB0605C6
:105DA0002DA91120FFF790FDC8B139210420FFF77C
:105DB000F9FC70B136A8FFF7EFFD20B136A8FFF768
:105DC000EBFD00B1F1E139210420FFF7EBFC00B15C
:105DD000EBE12DA91120FFF777FD00B1E5E14FF0D0
:105DE000000B002005E02DA9095C81EA0B0B411C8A
:105DF000C8B20F28F7DB9DF8C30058450FD19DF8B6
:105E0000B4002A909DF8B5102A9800EB0120C0B28A
:105E10002A902A98162802D100254FF000087048D1
:105E2000007860B94F490D70280A4870280C8870B6
:105E3000280EC870AB200871CD2048710DE00025F8
:105E400048480570280A47494870280C8870280E71
:105E5000C870AB200871CD204871399827906148EF
:105E6000007818B160480068299001E029982990CD
:105E70003C9822902BA92CA822AA23ABCDE904326E
:105E8000CDE9060124A859490A6859490968594BBE
:105E90001B68CDE90031CDE9022051490978491C40
:105EA000C8B23B4629AA27A900F02AFC82464D48E1
:105EB0000078002852D0504800682399CDE9057831
:105EC00004910790249927988DE86300464852462C
:105ED0004A4903684A4807F063FD494809F0C8FC8D
:105EE000454800684749086008222046611CCCB23A
:105EF00009A90A542798C2B22046611CCCB209A94C
:105F00000A542798C0F307222046611CCCB209A985
:105F10000A542798C0F307422046611CCCB209A955
:105F20000A542798000E2146621CD4B209AA505484
:105F30002998C2B22046611CCCB209A90A542998FA
:105F4000C0F307222046611CCCB209A90A54299843
:105F5000C0F307422046611CCCB255E024E10000AA
:105F60005F000020C021002018000020580D0020F4
:105F70006C0700207B2252656365697665223A7B57
:105F800022537461747573223A32367D2C22432277
:105F90003A7B2254797065223A2243616E73656CB4
:105FA000227D7D0A000000000C0000207B2243229D
:105FB0003A7B22537461747573223A317D7D0A00F5
:105FC0007B2252657175657374223A7B225374612A
:105FD000747573223A36397D7D0A00009D020020D7
:105FE00089020020600000205400002038000020BA
:105FF0003400002030000020E0000020640A010886
:10600000E8030020E400002009A90A542998000EA2
:106010002146621CD4B209AA50542046611CCCB25D
:1060200009A901F800A06348427B2046611CCCB25C
:1060300009A90A542498C2B22046611CCCB209A90D
:106040000A542498C0F307222046611CCCB209A947
:106050000A542498C0F307422046611CCCB209A917
:106060000A542498020E2046611CCCB209A90A5495
:106070002398C2B22046611CCCB209A90A542398C5
:10608000C0F307222046611CCCB209A90A54239808
:10609000C0F307422046611CCCB209A90A542398D8
:1060A000020E2046611CCCB209A90A542046611C8C
:1060B000CCB209A901F80080C8F307222046611C70
:1060C000CCB209A90A54C8F307422046611CCCB2DD
:1060D00009A90A544FEA18602146621CD4B209AAE1
:1060E00050542046611CCCB209A90F54C7F30722B3
:1060F0002046611CCCB209A90A54C7F307422046C6
:10610000611CCCB209A90A543A0E2046611CCCB2DB
:1061100009A90A542046611CCCB209A90D54C5F343
:1061200007222046611CCCB209A90A54C5F30742D4
:106130002046611CCCB209A90A54280E2146621CD3
:10614000D4B209AA50541C4802782046611CCCB233
:1061500009A90A54194802782046611CCCB209A941
:106160000A54174802782046611CCCB209A90A5487
:10617000144802782046611CCCB209A90A5412487E
:1061800002782046611CCCB209A90A5403F0DCFD58
:106190004EF61671884205D1214609A804F0A2F8EE
:1061A00004F064F8012010E500E0F6E400BF50467A
:1061B0000BE50000D0210020500000204A00002004
:1061C0004B0000204C0000204D000020002001E08A
:1061D000411CC8B20128FBDB70470870020A4A70F4
:1061E000020C8A70020ECA70704730B50B4600214F
:1061F00000BF16E00A24B4EB107F05D9302404EB6D
:10620000107403F8114005E0412404EB10740A3CBB
:1062100003F81140000100254C00641C1D554C1C66
:10622000E1B29142E6DB30BD70B504460D4616463C
:106230004AF6AA20044909680860AAB221463046F5
:1062400003F02EFD70BD0000580D0020FEB50025A6
:1062500000266A460B214FF40120FFF7E5FF69464F
:106260001C48FAF7EBF801A91B48FAF7E7F800BF5A
:10627000002404E01DF80400284485B2641C092CA5
:10628000F8D39DF809109DF80A0001EB0020A84200
:1062900004D000200F4908600F4908609DF80800ED
:1062A000082804D000200B4908600B490860094801
:1062B000006847F2C711884202D9002005490860EA
:1062C00005480068022802D300200349086003F053
:1062D000CDFFFEBD000000200400002010B50348E3
:1062E00001F091FA014801F0E5FB10BD400D0020DE
:1062F00000B585B00020019002900390049000BF8B
:106300004B48806940F0100049498861084680691F
:1063100000F01000009000BF00BF00BF0846806979
:1063200040F0200088610846806900F0200000905D
:1063300000BF00BF00BF0846806940F004008861CC
:106340000846806900F00400009000BF00BF00BF55
:106350000846806940F0080088610846806900F0BE
:106360000800009000BF00BF00224FF4E2613148F6
:10637000FBF7F2FC002201212F48FBF7EDFC4FF464
:10638000E26001900120029000200390032004901D
:1063900001A92848FBF73EFB012001900290002054
:1063A00003900220049001A92348FBF733FB01224C
:1063B000D1032048FBF7D0FC4FF4004001900120AE
:1063C0000290002003900320049001A91948FBF7D4
:1063D00021FB012210211848FBF7BEFC1020019080
:1063E0000120029003900320049001A91248FBF7BA
:1063F00011FB012210211048FBF7AEFC0122110312
:106400000D48FBF7A9FC4FF4805001900120029049
:10641000002003900320049001A90748FBF7FAFA33
:10642000012211030448FBF797FC05B000BD0000F2
:106430000010024000080140000C014010B50C485B
:106440000C4908600C48486000210A48816090218E
:10645000C1604FF480410161002141618161C161EE
:106460000162FBF785FC08B1FAF706F910BD0000E0
:1064700000540040640D0020801A060010B5074843
:10648000074908600620486040F6FF7104488160B3
:10649000FCF700F808B1FAF7EFF810BD0030004043
:1064A000580D00201CB500200190009007480849B5
:1064B00008604FF0FF3048604FF4807104488160FD
:1064C000FDF764FD08B1FAF7D7F81CBD00280040BD
:1064D000B80D002010B50E480E4908604FF48270C8
:1064E000486000210B488160C160016141614FF447
:1064F000007181610021016241624FF400518162AB
:106500000921C162FDF7F9FE08B1FAF7B5F810BD2F
:1065100000300140CC0D002010B50F480F49086035
:106520004FF48270486000210C488160C1600221F4
:10653000016101214161490281610821C16100219C
:106540000162416281620A21C162FDF7D6FE08B193
:10655000FAF792F810BD000000380040240E002029
:1065600000B587B00020039004900590069001903C
:10657000029014481449086040F2DB504860002142
:10658000114881600121C160002101618161FEF734
:10659000D7F908B1FAF770F84FF48050039003A9C7
:1065A0000948FEF789FA08B1FAF766F80020019069
:1065B000029001A90448FEF781F908B1FAF75CF8E6
:1065C00007B000BD000400407C0E002010B5094853
:1065D00009490860002108488160C16001610C21FF
:1065E000416100218161C161FEF7EEFC08B1FAF75B
:1065F00043F810BD00380140C40E002010B50B4810
:106600000B4908604FF496404860002108488160BB
:10661000C16001610C21416100218161C161FEF70E
:10662000D3FC08B1FAF728F810BD00000044004080
:10663000080F002010B50B480B4908604FF4964036
:106640004860002108488160C16001610C214161FE
:1066500000218161C161FEF7B7FC08B1FAF70CF8BF
:1066600010BD0000004800404C0F00201FB5002066
:1066700000900190029003904FF480500090012010
:106680000190022002900320039069461448FBF712
:10669000C1F900224FF480511148FBF75DFB6420E3
:1066A000FBF7D2F800220F490F4804F0CCFE08B1E6
:1066B000F9F7E2FF0D490C4805F05EF908B1F9F76A
:1066C000DBFF0B49084804F064FB08B1F9F7D4FF7D
:1066D000054805F01BFA08B1F9F7CEFF1FBD000011
:1066E00000080140EC000020900F002084010020F1
:1066F0004401002000BFFEE7FDF768F900BFFEE798
:106700002DE9FF4F8FB0834698460026B246002001
:106710000D900090FE480078012811D0022802D088
:10672000032827D119E00520FA4908701520FA49F5
:1067300008703720F94908702020F949087026E0D0
:106740000420F44908701020F34908703920F349F7
:1067500008700020F249087019E00520ED49087022
:106760001520ED4908703720EC4908704020EC49AD
:1067700008700CE00520E74908701420E64908700D
:106780003720E64908700020E549087000BF00BFC7
:106790000020E449087000211F98016020980160E2
:1067A000C7E00AA8FFF7F8F828B10AA8FFF7F4F83D
:1067B00008B1761CBDE04AF6AA20DB4909680860EA
:1067C000761C002405E00AA8005DD8490855601C25
:1067D000C4B2042CF7DB00F08BFA81460D98072831
:1067E00003DDFF2013B0BDE8F08FB9F1000F0ED02C
:1067F000B9F1040F03D0B9F10B0F07D101E00E205E
:10680000F0E70D98401CC0B20D9092E091E0109816
:10681000006838B1C548416810980068814201D0CD
:106820000920DFE7C14881681198006881420BD0D8
:10683000BE48816811980160BC488068FB2801D17E
:106840000B20CFE70A20CDE7B84881681198016096
:10685000B2480178AF480078FEF7A4FF00B168E0C5
:1068600002A9AD480078FFF72FF800B161E09DF86C
:1068700009000E900E9800020E909DF808100E98D8
:1068800008440E90A948417B22980170A7480169ED
:1068900021980160A548017B23980170002544E000
:1068A00000240CE0A148005D05EB0511A04A02EBB5
:1068B0008101095D884200D003E0601CC4B2042C51
:1068C000F0DB00BF042C2EDB05EB0510984901EB33
:1068D0008000407D05EB0511954A02EB8101097DA1
:1068E000C1EB011100EB810092490978C1EB011164
:1068F000914A127802EB8101081A01900198002850
:1069000002DA01984042019001980A280ADA4FF011
:10691000010A05EB0510864A02EB800144228348F8
:10692000F9F712FC03E0681CC5B2052DB8DB00BF07
:1069300002E00A2EFFF435AF00BF052E01D301207F
:1069400050E7BAF1000F70D17C48007808B14FF0E1
:10695000520B7648C1691F9801607448C16920983C
:1069600001607248C069714908620846C0F8188021
:1069700080F80DB06F48007808756F48007848754A
:106980001E9808610846007B0D2801DD0020087371
:10699000BBF1130F01D14FF0020B69480778407823
:1069A00007EB00276648807807EB00476448C0780B
:1069B00007EB00670BF00F00012802D0022840D13E
:1069C0000FE05A48C069404400901D9900988842E1
:1069D00001D9032006E75548C06940445349C861BE
:1069E00031E05248C0693844A0EB080000904F489D
:1069F000C169209801601C990098884201D2032047
:106A0000F0E600BF1D990098884201D90320E9E60D
:106A10004648C069404509D24448C069A8EB000017
:106A20003F1A00204149C86106E01BE03F48C069A9
:106A3000A0EB08003D49C8613C48C1691F9801604E
:106A400001E00520CEE600BF3D490F70380A4870CE
:106A5000380C8870380EC870AB200871CD20487192
:106A600000F0DEF8002643E00A2E01D30120B9E64B
:106A70000AA8FEF791FF28B10AA8FEF78DFF08B11A
:106A8000761C35E09DF8280050B99DF8290038B9EA
:106A90009DF82A0020B99DF82B0008B9761C27E044
:106AA000002408E02148005D0AA9095D884200D061
:106AB00003E0601CC4B2042CF4DB00BF042C07DA32
:106AC000BAF1000F01D104208CE64FF0040A11E066
:106AD000761C00F0D5F98146B9F1010F01DD4FF0C8
:106AE000010AB9F1000F00D002E04FF0000A01E006
:106AF0000A2EB9D300BF1098006808B94FF0010AF8
:106B00000A48C1691F980160BAF1000F3CD019E032
:106B10009D020020990200209A0200209B02002082
:106B20009C020020A4020020580D0020D02100204B
:106B30009C2200204C0000204D00002098020020E4
:106B4000C0210020002409E004EB04101D4901EBE2
:106B50008000406800B903E0601CC4B2052CF3DB80
:106B600000BF052C00DB002404EB0411154A02EBE6
:106B7000810044221449F9F7E7FABAF1040F01D170
:106B800004202FE60D202DE6142E03D30AF10C006D
:106B9000C0B227E6002511E00B48406805EB05115F
:106BA000084A02EB81014968884205D105EB0511CD
:106BB00002EB8100F9F73EFD681CC5B2052DEBDB49
:106BC00000200FE69C220020D021002001460E2943
:106BD00024D2DFE801F007090B0D0F111315171967
:106BE0001B1D1F21192070471A20FCE71C20FAE703
:106BF0001D20F8E71E20F6E72020F4E72120F2E729
:106C00002220F0E72420EEE72520ECE72620EAE723
:106C10002820E8E72920E6E72A20E4E72420E2E725
:106C20002C4800782C4B83F834002A480078031253
:106C3000294880F8353090F8203080F83630008CC4
:106C4000030A254880F83730006A030C224880F890
:106C50003830437B80F8393020480378204800786A
:106C600063F31F10C3B21C4880F83A301D48037804
:106C7000194880F83B30037F80F83C30808B030A52
:106C8000154880F83D30C069030C134880F83E3049
:106C9000037C80F83F30008A030A0F4880F84030B8
:106CA000114803780C4880F84130104803780A48AE
:106CB00080F842300022002105E007483430405C73
:106CC0004240481CC1B20F29F7DB034880F843203B
:106CD000002070474E000020D021002050000020EE
:106CE0004A0000204B0000204C0000204D000020F6
:106CF00030B589B010210020FEF754FD10B10120FD
:106D000009B030BD01A90120FEF7DEFD08B1022067
:106D1000F6E79DF80500544988600846806800023F
:106D20008860084680689DF8041008444E498860D1
:106D30009DF809004860084640680002486008461F
:106D400040689DF808100844474948600846406874
:106D500000024860084640689DF807100844424910
:106D600048600846406800024860084640689DF850
:106D7000061008443C4948600846008900F4004079
:106D8000B0F5004F12D108460089C0F30E008860AC
:106D90000846806846F629214840334988600846FD
:106DA00040684BF2A62148402F4948602E48406871
:106DB0002E49086014210620FEF7F4FC08B10A20D1
:106DC0009EE769461820FEF78BFD08B10B2097E778
:106DD000254900980873009810B90D20009002E032
:106DE0000098401E00904AF6AA20214909680860D0
:106DF0000099C8B2FFF7EAFE0446E11704EB91716F
:106E000088103521FEF7CEFC08B10D2078E701A9E6
:106E10002046FEF759FD08B10E2071E79DF80900E4
:106E2000114948739DF81000086108460069000286
:106E30000861084600699DF80F1008440A49086176
:106E40000C4801780C480078FEF7ACFC08B10C2027
:106E500056E705491C3109480078FEF741FD08B1A5
:106E60000F204DE700204BE7D0210020A00200209A
:106E7000580D00209B020020990200209A02002059
:106E80007FB5BE49087BFFF7A1FE0446BC480078E9
:106E900030B1012872D0022871D0032870D14BE1A3
:106EA0000020B7490870E11704EB91718810352173
:106EB000FEF778FC10B1012004B070BDAF49343149
:106EC0002046FEF78FFD08B10220F5E70120AC490E
:106ED000087035210620FEF765FC80B101A8FEF799
:106EE0005BFD28B101A8FEF757FD08B10320E3E7D9
:106EF00035210620FEF756FC08B10320DCE79F4849
:106F0000007B401CC4B20D2C00DD0024214618205B
:106F1000FEF774FD08B10420CEE7022098490870FE
:106F20009848017898480078FEF73CFC90B101A899
:106F3000FEF732FD28B101A8FEF72EFD08B10520AD
:106F4000BAE79048017890480078FEF72BFC08B12A
:106F50000520B1E78948C1698C480078FEF74EFDED
:106F600008B10620A8E78A480078012819D13921FC
:106F70000420FEF717FC20B10A209DE727E095E0EA
:106F8000F9E084491220FEF72DFD08B1062093E7B1
:106F90007C4801787C480078FEF704FC08B10520A5
:106FA0008AE7032076490870694678480078FEF73A
:106FB00097FC08B107207FE77048C06900998842B4
:106FC00001D0082078E700206D490870D3E0012047
:106FD0006B49087035210620FEF7E4FB08B1032059
:106FE0006AE76648007B401CC4B20D2C00DD00241B
:106FF00021461820FEF702FD08B104205CE70220BC
:107000005F4908705F4801785F480078FEF7CAFB67
:1070100090B101A8FEF7C0FC28B101A8FEF7BCFCA6
:1070200008B1052048E75748017857480078FEF72F
:10703000B9FB08B105203FE75048C16953480078C3
:10704000FEF7DCFC08B1062036E75148007801283D
:1070500016D139210420FEF7A5FB08B10A202BE741
:107060004C491220FEF7BEFC08B1062024E7454833
:10707000017845480078FEF795FB08B105201BE72D
:1070800003203F490870694640480078FEF728FC15
:1070900008B1072010E73948C0690099884201D03B
:1070A000082009E700203649087064E002203449CE
:1070B00008703448017834480078FEF773FB08B153
:1070C0000520F9E62D48C16930480078FEF796FCA6
:1070D00008B10620F0E62E480078012816D13921A3
:1070E0000420FEF75FFB08B10A20E5E629491220DB
:1070F000FEF778FC08B10620DEE622480178224837
:107100000078FEF74FFB08B10520D5E603201C49A7
:10711000087069461D480078FEF7E2FB08B10720B9
:10712000CAE61648C0690099884201D00820C3E623
:107130000020134908701EE003201149087011480F
:10714000017811480078FEF72DFB08B10520B3E661
:1071500069460E480078FEF7C3FB08B10720ABE68E
:107160000648C0690099884201D00820A4E60020A2
:107170000349087000BF00BF00209DE6D021002019
:10718000A40200209B020020990200209A02002005
:107190009D020020C02100202DE9F0470546EAE1CC
:1071A0002868B0F844A00AF00F06002E7ED10AF03D
:1071B0001000B0BB00BF2968098848F60F7201EAC9
:1071C000020040F400412A68118000BF05F1280444
:1071D0002868B0F85010207801EBC000801C2968A6
:1071E00001F5806131F81000C0F30900E061E16948
:1071F00060690844606100212846FBF792FA95F81F
:1072000024000028CBD0A0690028C8D195F824001C
:1072100040F080002968A1F84C00002085F8240087
:10722000A9E1FFE705F5B4742868B0F8008008F418
:10723000006030B32868B0F85010207801EBC0002F
:10724000801D296801F5806131F81000C0F3090044
:10725000E061A18B8BB2E28805F52C71286806F0FD
:107260000BF800BF2968098840F68F7201EA020016
:1072700040F080012A68118000BF2846FCF705F91C
:1072800079E108F40040002889D000BF2968098806
:1072900040F68F7201EA020040F080012A681180F6
:1072A00000BF2868B0F85010207800E06FE001EBD4
:1072B000C000801D296801F5806131F81000C0F31D
:1072C0000900E061E06990B1606980B1B4F81CC068
:1072D0001FFA8CF3E2886169286805F0CDFFE16947
:1072E00060690844606100212846FBF72AFA286893
:1072F000008800F40060002892D100BF2A68296845
:10730000B1F850100A4402F20C41084600BF23694C
:1073100053B9038848F2FF3C03EA0C030380038857
:1073200043F4004303801EE023693E2B0DD800BFC9
:1073300023695908237C03F0010303B1491C4FF66C
:10734000FF7303EA812303800DE000BF236959091D
:10735000237C03F01F0303B9491E4FF4004343EAA3
:107360008123038000BF00BF00BF00BF29680988D8
:107370004BF68F7201EA020080F4805080F40050D6
:1073800040F4004141F080012A681180F3E071006F
:10739000286830F8118008F4004000287ED000BF33
:1073A0007200296831F8121040F68F7201EA02006B
:1073B00040F0800173002A6822F8131000BF06EB2A
:1073C000860105F5B47000EBC104207BB0B92868D4
:1073D000B0F85010207801EBC000801D296801F53D
:1073E000806131F81000C0F30907002F5BD0E288FC
:1073F00061693B46286805F03FFF54E0E0780228C9
:1074000006D1424621462846FBF71EFA07464AE0C7
:1074100000BF00BF22785200296831F8121048F6E8
:107420008F7201EA020040F4004141F0C00123786C
:107430005B002A6822F8131000BF00BF21784900C2
:10744000286830F8110000F48040A8B12868B0F82E
:107450005010207801EBC000801C296801F5806184
:1074600031F81000C0F30907EFB1228961693B468A
:10747000286805F001FF16E02868B0F85010207861
:1074800001EBC000801D296801F5806131F8100012
:10749000C0F309073FB16289616900E017E03B462C
:1074A000286805F0E9FEE0693844E0616069384425
:1074B0006061A06910B12069B84204D921782846DA
:1074C000FBF73FF903E02146286805F0FAF808F0D9
:1074D0008000B0B306EB860105F1280000EBC10483
:1074E00000BF7200296831F8121048F60F7201EAE5
:1074F000020040F4004173002A6822F8131000BF14
:10750000E078032807D0E07828B1E07802282DD170
:1075100008F4807050BB2868B0F85010207801EB58
:10752000C000801C296801F5806131F81000C0F3AB
:107530000909A069484505D9A069A0EB0900A06127
:1075400002E018E00020A061A06920B92178284657
:10755000FBF7E7F80FE0606948446061E069484480
:10756000E0612146286805F0ACF804E04246214677
:107570002846FBF715FA2868B0F8440000F40040EC
:1075800000287FF40DAEBDE8F08700002DE9F04F34
:1075900089B004460E4691461F46DDE9135BDDF8CF
:1075A00048A0D4208DF80400F0B28DF80500FF2D1E
:1075B00004DD4FF0FF3009B0BDE8F08F002D02DA96
:1075C0004FF0FF30F7E7002006E01AF80020811C9A
:1075D00001AB5A54411CC8B2A842F6DBA81C82B2C7
:1075E00001A9204600F07EFA20B1206980474FF0C3
:1075F000FF30E0E75846E168884710B94FF0FF30A8
:10760000D9E7062101A86268904700210AE01A48DC
:10761000405C01AA525C904202D04FF0FF30CAE7B2
:10762000481CC1B20629F2D35846E168884710B910
:107630004FF0FF30BFE7B81C82B201A9204600F02E
:1076400082F980469DF80400D52804D19DF80510E4
:10765000701C814202D04FF0FF30ACE7002006E002
:1076600001AA811C515C09F80010411CC8B2B84243
:10767000F6DBA8F102009EE770080108FEB5064699
:107680000C4615464FF4FA7000210091042322465F
:10769000CDE9011002213046FFF778FF401C30B9D8
:1076A00015B108A006F06CF94FF0FF30FEBD3DB1FA
:1076B000E0780090A378627821780DA006F060F958
:1076C0000020F3E77B2243223A7B22526561646506
:1076D0007254797065223A504E3533322C225665F9
:1076E0007273696F6E223A4572726F727D7D0A0005
:1076F0007B2243223A7B2252656164657254797021
:1077000065223A504E3533322C2256657273696FBA
:107710006E223A25642E25642E25642E25647D7DF7
:107720000A00000005490160054941600549816082
:107730000549C1600549016170470000797A000878
:1077400051770008F5770008A9770008F17700085D
:10775000F8B506460C4600200090671C384607F036
:10776000F9FD05460121684606F0AEFE9DF80000D1
:10777000012805D0284606F069FD4FF0FF30F8BD1E
:10778000601C81B2284606F09FFE002004E0411CE8
:10779000695C3154411CC8B2A042F8DB284606F0AF
:1077A00055FD0020EBE7000038B5044600200090AE
:1077B000FAF7D8FA054611E00120FAF745F8012159
:1077C000684606F081FE4AF6AA2008490968086062
:1077D00000BF9DF80000012800D138BDFAF7C2FAB9
:1077E000401BA042E8D30020F7E70000580D00201E
:1077F0000020704770B504460D462946204606F025
:1078000075FE002070BD00B502461046FFF78AFFE6
:1078100000BD00002DE9F04389B007460D4614462F
:107820001E46DDE910891BA00068089001208DF834
:107830000C0008F0FF008DF80D00F0B28DF80E007E
:10784000002006E019F80020C11C03AB5A54411C6B
:10785000C8B20628F6DB002006E02A5C00F1090128
:1078600003AB5A54411CC8B2A042F6DB4FF47A7104
:1078700004F1090003AA0123CDE90020029108AA1E
:1078800040213846FFF782FE9DF8200009B0BDE890
:10789000F0830000FF00000070B58AB006460C4679
:1078A000154613A000680990E8B28DF826004FF441
:1078B0007A70032109AA1123CDE90021029004AABC
:1078C00040213046FFF762FE9DF8100018B19DF888
:1078D00010000AB070BD002005E004AA411C515CF4
:1078E0002154411CC8B21028F7DB9DF81000F0E7C6
:1078F0000130000070B58AB006460C4615460120DE
:107900008DF81400A0208DF81500E8B28DF816004F
:10791000002005E0225CC11C05AB5A54411CC8B2D2
:107920001028F7DB4FF47A70132105AA0123CDE963
:107930000021029004AA40213046FFF727FE9DF85F
:1079400010000AB070BD2DE9F0438BB08046894627
:1079500016460027F01D81B201A8D8F804209047F0
:1079600000240AE0601CC4B206F10800844204DB73
:107970004FF0FF300BB0BDE8F08301A8005D002898
:10798000F0D001A8005DFF2802D04FF0FF30F1E7F2
:10799000601CC4B206F10800844202DB4FF0FF30E5
:1079A000E8E701A8055D01A9601C085C2844C0B295
:1079B00010B14FF0FF30DDE7002007E0A11C0144CB
:1079C00001AA515C3944CFB2411CC8B2691C88423B
:1079D000F4DBFFB217B14FF0FF30CBE7002007E038
:1079E000A11C014401AA515C09F80010411CC8B255
:1079F000A842F5DB2846BDE72DE9F0418AB00746ED
:107A00000C4615461E461BA0006809908DF82550AF
:107A1000022009A9132304AACDE9010600914A21F5
:107A20003846FFF7B3FD8046B8F1000F04DA4FF097
:107A3000FF300AB0BDE8F0819DF81000012802D0A7
:107A40004FF0FF30F5E79DF81500072802DD4FF0F5
:107A5000FF30EEE7002005E0811D04AA515C2154AF
:107A6000411CC8B29DF815108142F5DC9DF8150047
:107A7000DFE700000100000010B5012211460C48AC
:107A8000FAF76AF90120F9F7DFFE00220121084820
:107A9000FAF762F90120F9F7D7FE012211460448EE
:107AA000FAF75AF90120F9F7CFFE002010BD0000C7
:107AB000000C01401FB5044609A0006803904FF474
:107AC0007A70032103AA0023CDE9002102901A460F
:107AD00014212046FFF75AFD002004B010BD00001D
:107AE00001140100F0B58BB006460D4614461E2C5D
:107AF00001DC012C03DA4FF0FF300BB0F0BD0027A2
:107B000000208DF804008DF80500FF208DF8060098
:107B1000FF27E0B28DF80700E043401CC0B28DF8AB
:107B20000800002008E02A5C411D01AB5A54295C82
:107B30003944CFB2411CC8B2A042F4DBF843C1B211
:107B400001AA601D11540021A01D1154E01D81B235
:107B500001A8B268904710B14FF0FF30CDE7002088
:107B6000CBE77047F0B589B0002400250026FE4819
:107B70004078012803D10320FC490870FEE3FA484D
:107B80004078062813D10520F8490870F848F949CB
:107B90000268F94805F004FF002704E0F649C81917
:107BA00007F00EFC7F1CB7F5C87FF7D3E6E7EE4879
:107BB0004078022803D10420EC490870DEE7EA4847
:107BC0004078052833D10320E84908700024E648AE
:107BD0008078082805DAE9A007F04AFE012009B0FC
:107BE000F0BDE148C078E04909794840DE4949796B
:107BF0004840DD49897980EA0106DB48C079B04216
:107C000004D0DEA007F034FE0120E8E7D648C078B3
:107C10000006D549097900EB0140D349497900EBC9
:107C20000121D14880790844D1490860E2E3CE4877
:107C3000407803287ED1CD4908700024CA48807856
:107C4000082804DACDA007F013FE0120C7E7C648D4
:107C5000C078C54909794840C34949794840C24973
:107C6000897980EA0106C048C079B04204D0C3A037
:107C700007F0FEFD0120B2E7BB48C0780006BA4914
:107C8000097900EB0140B849497900EB0121B64878
:107C900080790844B649086006A9B548006807F02D
:107CA0001FFB05460020B449887048700870032403
:107CB00005F10900C2B22146641CAF4842540222B9
:107CC0002146641C4254F9222146641C4254452238
:107CD0002146641C425470222146641C42540021F7
:107CE0002246641C81542246641C81542246641C32
:107CF00081542246641C81542246641C81542246CD
:107D0000641C81542246641C81542246641C8154A4
:107D100031222146641C425432222046611C8CB21E
:107D200095490A5434222046611C8CB292490A5467
:107D3000352200E048E02046611C8CB28E490A548E
:107D40001C222046611C8CB28B490A54002008E09A
:107D500006A90B5C2146621C94B2874A5354411C0D
:107D6000C8B2A842F4DB1C222046611C8CB28249B6
:107D70000A542046611C8CB27F490A542046611C7B
:107D80008CB27D490A542046611C8CB27A490A544F
:107D900001AA2146784801F02DFD002008E001A944
:107DA0000B5C2146621C94B2734A5354411CC8B206
:107DB0001428F4DB002704E06F49C81907F000FB22
:107DC0007F1CA742F8D315E36748407804287DD18B
:107DD00066490870002464488078082804DA67A09F
:107DE00007F046FD0120FAE65F48C0785E49097950
:107DF00048405D49497948405B49897980EA0106F4
:107E00005948C079B04204D05CA007F031FD012090
:107E1000E5E65548C07800065349097900EB014072
:107E20005149497900EB01214F4880790844504974
:107E3000086006A94E48006807F052FA054602207D
:107E40004D4908707520487000208870C87008710E
:107E500001204871722088716F20C8710824B122F6
:107E60002146641C444842541A222146641C425450
:107E700081222146641C42542146641C4554002042
:107E800008E006A90B5C2146621C94B23A4A53549E
:107E9000411CC8B2A842F4DB82222046611C8CB28D
:107EA00035490A5409222046611C8CB232490A54D1
:107EB000E4222046611C8CB22F490A54C722204676
:107EC000611C8CB22C490A54E32200E083E2204674
:107ED000611C8CB228490A543A222046611C8CB29B
:107EE00025490A54CD222046611C8CB222490A54ED
:107EF000D3222046611C8CB21F490A54ED22204631
:107F0000611C8CB21C490A54E4222046611C8CB2CC
:107F100019490A540A222046611C8CB216490A5497
:107F200083222146601C84B2134842540122204619
:107F3000611C8CB210490A542046611C8CB20E4957
:107F40000A5484222046611C8CB20B490A54012237
:107F50002046611C8CB208490A5403222046611C49
:107F60008CB205490A5417E06C0700209D000020E0
:107F7000A00000207C0801082C0B00207B22526509
:107F80006365697665223A7B225374617475732246
:107F90003A3139307D7D0A0085222046611C8CB241
:107FA000FE490A5401222046611C8CB2FB490A5446
:107FB00000222046611C8CB2F8490A54B2222046A5
:107FC000611C8CB2F5490A5451222046611C8CB2C6
:107FD000F2490A54A1222046611C8CB2EF490A548E
:107FE00005F11700C2B22046611C8CB2EB490A545D
:107FF00081222046611C8CB2E8490A542046611C4B
:108000008CB2E6490D54002008E006A90B5C21461D
:10801000621C94B2E14A5354411CC8B2A842F4DB3A
:1080200082222046611C8CB2DC490A54012220467F
:10803000611C8CB2D9490A5430222046611C8CB292
:10804000D6490A5483222046611C8CB2D3490A5473
:1080500001222046611C8CB2D0490A5430222046AD
:10806000611C8CB2CD490A5484222046611C8CB21A
:10807000CA490A5401222046611C8CB2C7490A54DD
:1080800030222046611C8CB2C4490A548522204605
:10809000611C8CB2C1490A5401222046611C8CB279
:1080A000BE490A5430222046611C8CB2BB490A5496
:1080B00086222046611C8CB2B8490A54012220460F
:1080C000611C8CB2B5490A5430222146601C84B22E
:1080D000B248425487222046611C8CB2AF490A54F0
:1080E00001222046611C8CB2AC490A543022204641
:1080F000611C8CB2A9490A5488222046611C8CB2AA
:10810000A6490A5401222046611C8CB2A3490A5494
:1081100030222046611C8CB2A0490A54A22220467B
:10812000611C8CB29D490A5432222146601C84B2E3
:108130009A484254A1222046611C8CB297490A54A5
:108140000B222046611C8CB294490A54812220469D
:10815000611C8CB291490A5403222046611C8CB2E6
:108160008E490A54E4222046611C8CB28B490A5481
:10817000C7222146601C84B288484254E32220462C
:10818000611C8CB285490A5482222046611C8CB243
:1081900082490A5404222046611C8CB27F490A5449
:1081A000CD222046611C8CB27C490A54D322204641
:1081B000611C8CB279490A54ED222046611C8CB2B4
:1081C00076490A54E4222046611C8CB273490A5451
:1081D000A1222046611C8CB270490A54112220460B
:1081E000611C8CB26D490A5481222046611C8CB2FC
:1081F0006A490A5406222046611C8CB267490A5417
:1082000044222046611C8CB264490A546C222046E8
:10821000611C8CB261490A542046611C8CB25F49D2
:108220000A5456222046611C8CB25C490A546522CD
:108230002046611C8CB259490A5472222046611CA6
:108240008CB256490A5482222046611C8CB2534992
:108250000A5407222046611C8CB250490A5432222B
:108260002046611C8CB24D490A542E222046611CC6
:108270008CB24A490A5433222046611C8CB24749C9
:108280000A542E222046611C8CB244490A543022E2
:108290002046611C8CB241490A542E222046611CA2
:1082A0008CB23E490A5431222046611C8CB23B49B3
:1082B0000A54A1222146601C84B23848425410223C
:1082C0002046611C8CB235490A5481222046611C2B
:1082D0008CB232490A5406222046611C8CB22F49C6
:1082E0000A5450222046611C8CB22C490A54722236
:1082F0002046611C8CB229490A5467222046611C21
:108300008CB226490A5456222046611C8CB223495D
:108310000A5465222046611C8CB220490A547222FC
:108320002046611C8CB21D490A5482222046611CE1
:108330008CB21A490A5406222046611C8CB2174995
:108340000A5470222046611C8CB214490A547222CD
:108350002046611C8CB211490A5467222046611CD8
:108360008CB20E490A5476222046611C8CB20B490D
:108370000A5465222046611C8CB200E03AE00749AD
:108380000A5472222046611C8CB204490A54F2221B
:108390002046611C8CB201490A5401E02C0B0020DC
:1083A0001D222046611C8CB217490A542046611CCC
:1083B0008CB215490A54EB222046611C8CB212493A
:1083C0000A54002704E01049C81906F0F9FF7F1C81
:1083D000A742F8D30EE000200C490870022704E001
:1083E0000B49C81906F0ECFF7F1C09484078401C77
:1083F000B842F5D207A007F03BFA4FF416710448D3
:10840000F7F7BBFE002021E42C0B00209D0000208C
:108410006C0700207B2252656365697665223A7B92
:1084200022537461747573223A32362C2254797057
:1084300065223A22506F735472616E73616374697E
:108440006F6E227D7D0A00002DE9F04198B000207A
:108450000890002600248046FE49088000BF09E0FD
:10846000FD49095CFB4AB2F900205140F94A1180EC
:10847000411CC8B22928F3DBF74890F82900F549D8
:10848000B1F90010884203D1F348807B64280FD0F3
:10849000F2A007F0EDF90020F7490870ED490880D7
:1084A0004FF41671EC48F7F768FE18B0BDE8F0819C
:1084B000E94890F82900E749B1F90010884203D053
:1084C000E548807B64287CD1E3484078EB4908602C
:1084D000E14880780006E049C97800EB0140DE49B8
:1084E000097900EB0120DC4949790844E449086036
:1084F000D94880790006D849C97900EB0140D649AE
:10850000097A00EB0120D449497A4518D248407ACB
:10851000DC490870D048007A4870CF48C07988702C
:10852000CD488079C870CC48807A0006CA49C97A9B
:1085300000EB0140C849097B00EB0120C649497B9B
:108540000844D1490860C448C07B0006C249097C80
:1085500000EB0140C049497C00EB0120BE49897C09
:108560000844CA490860BC48C07C0006BA49097D75
:1085700000EB0140B849497D00EB0120B649897DF7
:108580000844C3490860B448C07DC2490860B24885
:10859000007EC1490870B048407EC0490870AE48AE
:1085A000807EBF490870AC48C07EBE490870AA48AA
:1085B000007FBD490870A848407F0006A649897F12
:1085C00000E052E200EB0140A349C97F00EB01202B
:1085D000A14991F820100844B44908609E4890F8D9
:1085E000210000069C4991F8221000EB01409A49B5
:1085F00091F8231000EB0120974991F824100844CA
:108600000890954890F825000006934991F82610A7
:1086100000EB0140904991F8271000EB01208E49B2
:1086200091F828100844A24908600127084600680C
:10863000A0490968884203D19F4807F019F900272B
:1086400000209E490860F9F78DFB064601E24AF6D4
:10865000AA209B4909680860F9F784FB801BB0F5E4
:108660007A5F03D997A007F003F9F5E19348006812
:1086700070B179480078632803D0774800784328A0
:1086800003D195A007F0F4F8E6E100208B490860DB
:1086900009A8FDF781F920B109A8FDF77DF900B11E
:1086A000D7E19A489A499B4A9B4BCDE90432CDE9E0
:1086B00006109A4876490A6874490968724B1B6823
:1086C000CDE90031CDE902206D48784A08A9036858
:1086D0001320FEF715F8924908706A48007891490E
:1086E000086068484078096801EB00208D490860FF
:1086F00064488078096801EB00408A490860614855
:10870000C078096801EB0060864908606848006825
:108710005B490968804A1268CDE90252CDE904102C
:108720007E4800680899CDE90010604803687C48DD
:1087300002787D49604805F033F95F4807F098F802
:1087400000207A4908607648007810B901207849FD
:108750000870574800685749086008222046611C85
:10876000CCB20BA90A540898C2B22046611CCCB204
:108770000BA90A540898C0F307222046611CCCB20A
:108780000BA90A540898C0F307422146601CC4B2E2
:108790000BA842540898000E2146621CD4B20BAAC2
:1087A0005054424802782046611CCCB20BA90A54AE
:1087B0003E480088C0F307222046611CCCB20BA9BA
:1087C0000A543A480068C0F307422046611CCCB204
:1087D0000BA90A5435480068000E2146621CD4B229
:1087E0000BAA50544E4802782046611CCCB20BA90B
:1087F0000A5402222046611CCCB20BA90A544748F5
:1088000002782046611CCCB20BA90A544348008868
:10881000C0F307222046611CCCB20BA90A543F4882
:108820000068C0F307422046611CCCB20BA90A5471
:108830003A480068000E2146621CD4B20BAA50547C
:10884000354802782046611CCCB20BA90A54324844
:1088500000886FE01C0000206C0700207B2252651E
:108860006365697665223A7B22537461747573225D
:108870003A3139307D7D0A0070000020240000204C
:1088800028000020C02100203000002034000020FB
:1088900038000020500000204A0000204B0000203B
:1088A0004C0000204D0000204E000020540000200D
:1088B000E0000020E4000020E80300201800002071
:1088C000580D00207B2243223A7B22537461747539
:1088D00073223A317D7D0A007B2252656365697699
:1088E00065223A7B22537461747573223A32367D65
:1088F0002C2243223A7B2254797065223A2243612A
:108900006E73656C227D7D0A000000004900002026
:10891000480000202C000020440000203C000020E3
:108920001500002040000020A0090108E8000020F8
:10893000D8000020C0F307222046611CCCB20BA94E
:108940000A544B480068C0F307422046611CCCB271
:108950000BA90A5446480068000E2146621CD4B296
:108960000BAA505400222046611CCCB20BA90A5419
:108970002046611CCCB20BA90A542046611CCCB223
:108980000BA90A542046611CCCB20BA90A543948E1
:1089900002782046611CCCB20BA90A5435480088E5
:1089A000C0F307222046611CCCB20BA90A543148FF
:1089B0000068C0F307422046611CCCB20BA90A54E0
:1089C0002C480068000E2146621CD4B20BAA5054F9
:1089D00000222046611CCCB20BA90A542046611C1F
:1089E000CCB20BA90A542046611CCCB20BA90A5484
:1089F0002146601CC4B20BA842541F48027820468E
:108A0000611CCCB20BA90A541C4802782046611C98
:108A1000CCB20BA90A541A4802782046611CCCB289
:108A20000BA90A54174802782046611CCCB20BA946
:108A30000A54154802782046611CCCB20BA90A548E
:108A400001F082F94EF61671884201D101F00EFC58
:108A500002E0002F7FF4FBAD00BF00200B4908703F
:108A60000B4908800B4908601FE500BF00BF1CE5EB
:108A70004400002028000020500000204A00002070
:108A80004B0000204C0000204D0000207000002012
:108A90001C0000201800002010B500240020874989
:108AA000088000BF09E08649095C844AB2F90020C9
:108AB0005140824A1180411CC8B22928F3DB80480A
:108AC00090F829007D49B1F90010884203D17C4813
:108AD000807B642811D07BA006F0CAFE002080496C
:108AE000087080490870754908807F4908704FF404
:108AF00016717348F7F741FB10BD714890F82900D3
:108B00006E49B1F90010884203D06D48807B64281B
:108B10007ED110217548F7F730FB694840787449D9
:108B200008606748807800066549C97800EB014015
:108B30006349097900EB01206149497908446D498D
:108B400008605F48807900065D49C97900EB014003
:108B50005B49097A00EB01205949497A0844664982
:108B600008605748407A614908705548007A487053
:108B70005348C079887052488079C8705048807ACC
:108B800000064F49C97A00EB01404D49097B00EBD3
:108B900001204B49497B0844584908604848C07B3C
:108BA00000064749097C00EB01404549497C00EB40
:108BB00001204349897C0844514908604048C07CF1
:108BC00000063F49097D00EB01403D49497D00EB2E
:108BD00001203B49897D08444A4908603848C07DE6
:108BE000494908603648007E484908703448407E4C
:108BF000474908703248807E464908703048C07E38
:108C0000454908702E48007F444908702C4800E010
:108C100052E0407F00062A49897F00EB0140284945
:108C2000C97F00EB0120264991F8201008443C49F7
:108C30000860234890F821000006214991F822108D
:108C400000EB01401E4991F8231000EB01201C4964
:108C500091F8241044181A4890F825000006184985
:108C600091F8261000EB0140154991F8271000EB10
:108C70000120134991F8281008442A490860084641
:108C8000006829490968884203D1284806F0F0FDA8
:108C900008E024480378184802681648016820460E
:108CA000FCF754FF4FF416710548F7F766FA0020F9
:108CB0000C4908700149088000BF1DE71C00002016
:108CC0006C0700207B2252656365697665223A7BDA
:108CD00022537461747573223A31397D7D0A000024
:108CE0005E0000206000002063000020C021002002
:108CF0002400002028000020400000203000002038
:108D00003400002038000020500000204A000020DD
:108D10004B0000204C0000204D0000204E000020A1
:108D200054000020E0000020E4000020E8030020C0
:108D300010B50020994908809948407817286BD0D1
:108D400003DC38B116287DD135E018287BD01928EE
:108D5000F9D1C6E092488078924908609048C0787E
:108D6000914908708E480079904908708C48407984
:108D70008F4908708A4880798E4908708848C07980
:108D80008D490870002009E08549095C834AB2F9E1
:108D900000205140814A1180411CC8B20828F3DBF1
:108DA0007F48007A7D49B1F90010884202D1012044
:108DB00082490870CAE07A48807A7A49086078481F
:108DC000C07A794908707648007B78490870744801
:108DD000407B774908707248807B764908707048FC
:108DE000C07B75490870002009E06D49095C6B4A39
:108DF000B2F900205140694A1180411CC8B21028C4
:108E0000F3DB6748007C6549B1F90010884202D164
:108E100001206A49087099E06148807861490860DA
:108E20005F48C078604908705D4800795F49087004
:108E30005B4840795E490870594880795D490870FF
:108E4000574801E07EE01BE0C0795B4908700020D4
:108E500009E05349095C514AB2F9002051404F4A98
:108E60001180411CC8B20828F3DB4D48007A4B49F9
:108E7000B1F90010884202D101205049087065E024
:108E80004748407A474908604548807A4649087013
:108E90004348C07A454908704148007B44490870FE
:108EA0003F48407B434908703D48807B42490870F9
:108EB000002009E03A49095C384AB2F900205140E3
:108EC000364A1180411CC8B20F28F3DB3448C07BFE
:108ED0003249B1F90010884202D1012037490870A7
:108EE00034E02F48407A2F4908602D48807A2E4977
:108EF00008702B48C07A2D4908702948007B2C49FE
:108F000008702748407B2B4908702548807B2A49F8
:108F10000870002009E02249095C204AB2F90020CB
:108F200051401E4A1180411CC8B20F28F3DB1C4877
:108F3000C07B1A49B1F90010884202D101201F49B3
:108F4000087003E000201D49087000BF00BF1B48E7
:108F50000078A0B100201A4908601AA006F088FC29
:108F60000F49487804F0DAF900200C4908801349C9
:108F700008704FF416710A48F7F7FFF80CE01EA0CE
:108F800006F076FC00200D490870044908804FF473
:108F900016710348F7F7F1F810BD00001C0000201F
:108FA0006C070020500000204A0000204B000020E9
:108FB0004C0000204D0000204E00002062000020E8
:108FC000300000207B2252656365697665223A7B1A
:108FD00022537461747573223A32362C225479709C
:108FE00065223A224368616E67654F6647726F7506
:108FF00070227D7D0A0000007B22526563656976E0
:1090000065223A7B22537461747573223A31397D3B
:109010007D0A000008B508490968C9084FF47A724A
:10902000B1FBF2F14143009100BF00BF00994A1E1D
:1090300000920029F9D108BD70010020014600BF4F
:10904000080900EB8000420001F00F001044C0B29C
:10905000704770B504460025F8F784FE054607E022
:10906000F8F780FE401BB0F57A7F01D9032070BD70
:109070002068406800F020000028F1D02068406897
:1090800040F01000216848600020F0E770B5044609
:1090900000252068406820F0100021684860F8F73B
:1090A00061FE054607E0F8F75DFE401BB0F57A7FEC
:1090B00001D9032070BD2068406800F0200000281E
:1090C000F1D00020F6E730B501460022002300244D
:1090D00000200D68AD69AAB20D68ED69ACB20D68EB
:1090E000AD69ABB29A4205D00D68ED6963F31F45D7
:1090F000284601E044EA024030BDF0B504460B4684
:109100000021002504F5FA61032B1BD2C3EBC30039
:1091100000EB03100926B0FBF6F01044001D4618C2
:10912000481E06EB90066427B0FBF7F0361A481E7F
:10913000BF00B0FBF7F030440726B0FBF6F706FBA4
:1091400017051AE0C3EBC30000EB03100926B0FBC0
:10915000F6F01044001D084400EB91006426B1FBBA
:10916000F6F6801B4FF4C876B1FBF6F63044801E4D
:109170000726B0FBF6F706FB1705E8B2F0BD70B5A1
:1091800004460D4600262046FFF763FF08B101267E
:109190000AE0280C21688861A8B22168C8612046CD
:1091A000FFF774FF00B10126304670BD2DE9F14F85
:1091B0009CB000200B900A9009900026092008908E
:1091C000002007903520029000200190FCF7FEFF60
:1091D000F4A006F04DFBF8F7C5FD0390B3E0F8F7F7
:1091E000C1FD0399401A42F22831884208D9FBA0F8
:1091F00006F03EFB0120FE4908601DB0BDE8F08F7F
:109200004AF6AA20FB4909680860FB48006870B16B
:10921000FA480078432803D0F8480078632806D13C
:10922000F7A006F025FB0020F3490860E5E719A840
:10923000FCF7B2FB20B119A8FCF7AEFB00B182E04D
:1092400010210020FCF7AEFA00B17CE00DA901204E
:10925000FCF73AFB00B176E09DF834809DF83500CC
:1092600008EB00201FFA80F89DF836709DF8370053
:1092700007EB00279DF8380007EB00479DF8390001
:1092800007EB006708F40040B0F5004F08D1C8F3C1
:109290000E0846F6292088EA00084BF2A62047402F
:1092A0004AF6AA20D34909680860E2480078D0B994
:1092B00014210620FCF776FA00B144E005A9182035
:1092C000FCF70EFB00B13EE037210520FCF76AFAFF
:1092D00000B138E006A91420FCF702FB00B132E02F
:1092E0000598C6B211E0D348007801280DD11421A9
:1092F0000620FCF757FA00B125E005A91820FCF775
:10930000EFFA00B11FE00598C6B24AF6AA20B949A3
:1093100009680860002604A906A8F7F771FC8246D0
:10932000BAF1010F04D104A906A8F7F769FC824637
:10933000BAF1000F02D0BAF15A0F02D1069801908B
:1093400000E000E000E04AE700BF4AF6AA20A94991
:1093500009680860B7480078012801D10598C6B2AD
:1093600016B1701EC6B200E00D260C9600200A90C1
:10937000814609E24AF6AA209E490968086009F177
:1093800001001FFA80F9B9F1320F00DBFDE119A8E5
:10939000FCF702FB20B119A8FCF7FEFA00B1F3E1DB
:1093A0004AF6AA209349096808603046F7F73AFE62
:1093B0000546E91705EB917188101421FCF7F2F9C5
:1093C00088B119A8FCF7E8FA20B119A8FCF7E4FA6B
:1093D00000B1D9E1E91705EB917188101421FCF770
:1093E000E1F900B1D0E10DA92846FCF76DFAF8B11A
:1093F000E91705EB917188101421FCF7D3F988B1B6
:1094000019A8FCF7C9FA20B119A8FCF7C5FA00B1F0
:10941000BAE1E91705EB917188101421FCF7C2F944
:1094200000B1B1E10DA92846FCF74EFA00B1ABE15D
:109430004FF00009002405E00DA8005D15A90855AE
:10944000601C84B2102CF7DB00200B90002406E097
:1094500015A8005D0B9948400B90601C84B20F2C3E
:10946000F6DB9DF863100B98814208D0002404E0DD
:10947000002015A90855601C84B2102CF8DB0024CC
:1094800006E015A8005DFF2800D003E0601C84B250
:109490000F2CF6DB00BF0F2C08DB002404E00020BB
:1094A00015A90855601C84B2102CF8DB0A9A521CCE
:1094B00061A1634804F074FA614806F0D9F901200B
:1094C000F8F7C2F99DF859205EA15D4804F068FAEA
:1094D0005B4806F0CDF90120F8F7B6F94AF6AA2064
:1094E0004449096808609DF85800584908600846D2
:1094F000006800020860084600689DF8571008449C
:109500005249086008460068000208600846006882
:109510009DF8561008444D49086008464CA1026861
:10952000474804F03DFA464806F0A2F90120F8F752
:109530008BF99DF85A000921B1EB201F0ADD9DF837
:109540005A004FF4AF6101EB201244A13C4804F0F3
:1095500027FA0AE09DF85A00562101EB201000F28C
:1095600014523EA1364804F01BFA354806F080F943
:109570000120F8F769F99DF85A0000F00F023AA1AE
:109580002F4804F00DFA2E4806F072F90120F8F782
:109590005BF94AF6AA201749096808609DF85B2024
:1095A00034A16BE07B2252656365697665223A7B64
:1095B00022537461747573223A32367D2C22432211
:1095C0003A7B2254797065223A2252656164436184
:1095D00072645461626C65227D7D0A007B224322A5
:1095E0003A7B22537461747573223A317D7D0A008F
:1095F0008C020020580D0020180000206C0700206D
:109600007B2252656365697665223A7B22537461D9
:10961000747573223A32367D2C2243223A7B2254CF
:10962000797065223A2243616E73656C227D7D0AF2
:10963000000000009D020020526F773D25642A0043
:109640002C0B00204F503D25642A0000940200207E
:109650004574656261723D25752A00005965617225
:109660003D25642A000000004D6F6E74683D25643E
:109670002A0000004461793D25642A004B4804F02B
:109680008FF94A4806F0F4F80120F8F7DDF89DF864
:109690005E00474908600846006800020860084606
:1096A00000689DF85D10084441490860084600685C
:1096B00000020860084600689DF85C1008443C49B8
:1096C000086008463BA10268384804F069F9374849
:1096D00006F0CEF80120F8F7B7F89DF8600034499D
:1096E00008600846006800020860084600689DF8A7
:1096F0005F1008442E490860084632A102682B48D2
:1097000004F04EF9294806F0B3F80120F8F79CF868
:109710009DF861202DA1254804F042F9234806F068
:10972000A7F80120F8F790F84AF6AA202A49096814
:1097300008609DF8622029A11C4804F031F91B48FB
:1097400006F096F80120F8F77FF89DF8542025A13F
:10975000164804F025F9154806F08AF80120F8F7B4
:1097600073F80A98401CC1B20A911C98814200DB30
:109770000BE016B1701EC6B200E00D264AF6AA2014
:1097800015490968086000BFF4E500BFB9F1320F60
:1097900007DA0A20F8F758F84AF6AA200E490968AD
:1097A000086001201249086000BF26E52C0B00204C
:1097B0009402002052656D4574656261723D2575A5
:1097C0002A0000004449443D25752A00486F7572FF
:1097D0003D25642A00000000580D00204D696E3DB3
:1097E00025642A005365633D25642C0A00000000AF
:1097F0008C0200202DE9F74FFEB00E46DFF858939B
:10980000D6487D906FEA09007C90D448C0437B9095
:10981000D3487A90002074900CE0DDF8D0A17E98B7
:1098200010F80AA00DF5A67B74980BF800A07498A8
:10983000401C74907498B042EFD331460F4680209C
:109840000DF5A67A0AF801004FF0000A0DF5A67B87
:10985000481C0BF800A053A8405C5290491C0846D5
:109860004FEAE17A01EB9A6A4FEAAA1AA1EB8A1A47
:10987000CDF844A1DDF844A1BAF1380F04DA5198CB
:10988000C0F13800519003E05198C0F17800519038
:10989000002306E000200DF5A67A0AF80100491C15
:1098A0005B1C51988342F5D34FF0000A0DF5A67B5F
:1098B000481C0BF800A0002306E000200DF5A67A56
:1098C0000AF80100491C5B1C062BF6D3F8004FEA8E
:1098D000E07A00EB1A6ACAF3072A0DF5A67B0BF8AB
:1098E00001A0491CF8004FEAE07A00EB1A6A4FEA3F
:1098F0002A2AA0EB0A2A0BF801A0491C002001EB40
:10990000030A0BF80A0008464FEAE17A01EB9A6A6B
:109910004FEAAA1ACDF840A10023DCE000202BE09A
:109920004FEA831A0AEB800A0DF5A67B1BF80AA002
:109930004FEA0A6A4FEA831B0BEB800B0BF1010B1A
:109940000DF5A67E1EF80BB00AEB0B4A4FEA831BFF
:109950000BEB800B0BF1020B1EF80BB00AEB0B2A82
:109960004FEA831B0BEB800B0BF1030B1EF80BB0C4
:10997000DA444DF820A0401C1028D1DB102430E040
:10998000E01E5DF82000A4F1080A5DF82AA080EA34
:109990000A00A4F10E0A5DF82AA080EA0A00A4F1E8
:1099A000100A5DF82AA080EA0A004FEA400AE01E89
:1099B0005DF82000A4F1080B5DF82BB080EA0B00E5
:1099C000A4F10E0B5DF82BB080EA0B00A4F1100B94
:1099D0005DF82BB080EA0B004AEAD0704DF8240005
:1099E000641C502CCCD3CDF8E4917D9DDDF8F0C102
:1099F000DDF8EC817A987890002059E013280CDC8F
:109A000005EA0C0A28EA050B4AEA0B0ACDF8DCA1A4
:109A1000DFF850A1CDF8D8A129E027280ADC85EA93
:109A20000C0A8AEA080ACDF8DCA1DFF83CA1CDF8DF
:109A3000D8A11CE03B2810DC05EA0C0A05EA080B5B
:109A40004AEA0B0A0CEA080B4AEA0B0ACDF8DCA139
:109A5000DFF818A1CDF8D8A109E085EA0C0A8AEA56
:109A6000080ACDF8DCA1DFF808A1CDF8D8A1DDF80F
:109A7000E4A14FEA4A1B4BEADA6BDDF8DCA1D344E0
:109A8000DDF8E0A1D344DDF8D8A1DA445DF820B0D8
:109A9000DA44CDF8D4A1CDF8E081E0464FEA857AEA
:109AA0004AEA950C799DDDF8D4A1CDF8E4A1401CDB
:109AB0005028A3DB799881447D9828447D907C9838
:109AC00060447C907B9840447B90DDF8E0A17A98DC
:109AD00050447A905B1C50988342FFF41FAF4FEACA
:109AE000196010704FEA194050704FEA19209070B9
:109AF00082F803907D98000E10717D98000C5071D3
:109B00007D98000A90717D98D0717C98000E10723B
:109B10007C98000C50727C98000A90727C98D072ED
:109B20007B98000E10737B98000C50737B98000A92
:109B300090737B98D0737A98000E10747A98000C0A
:109B400050747A98000A90747A98C0B2D0740DF567
:109B5000017DBDE8F08F00000123456789ABCDEFA3
:109B6000F0E1D2C39979825AA1EBD96EDCBC1B8F8C
:109B7000D6C162CAF8B504460D4616462B460022E9
:109B800080212046009600F0F1FA28B1606D40F087
:109B9000200060650320F8BD0020FCE738B50BA06D
:109BA00000680090002400224FF480510848F8F724
:109BB000D3F86423012269460648FAF777FC0122AC
:109BC00011030348F8F7C8F838BD0000060000008C
:109BD000000C0140240E002038B504460DA000689A
:109BE000009000224FF480510B48F8F7B5F8642339
:109BF000012269460948FAF759FC009464230122BE
:109C000069460648FAF752FC012211030248F8F7A8
:109C1000A3F838BD01000000000C0140240E002014
:109C200038B504461BA00068009000252403FFF708
:109C3000B5FF00F00BF900224FF480511648F8F7F9
:109C40008BF86423012269461448FAF72FFCC4F309
:109C5000074000906423012269461048FAF726FC69
:109C6000C4F3072000906423012269460B48FAF7E9
:109C70001DFCE0B200906423012269460748FAF710
:109C800015FC012211030448F8F766F800F0DEF82D
:109C900038BD000020000000000C0140240E002010
:109CA000FEB506460C46174624A000680290002028
:109CB000019000224FF480512148F8F74DF86420BC
:109CC000012301AA02A900901E48FAF7C6FCC4F3BA
:109CD000074002906420012301AA02A900901948BC
:109CE000FAF7BBFCC4F3072002906420012301AA09
:109CF00002A900901348FAF7B0FCE0B20290642089
:109D0000012301AA02A900900E48FAF7A6FCFF2041
:109D10000290002509E064207219012302A9009035
:109D20000848FAF79AFC681C85B2BD42F3DB0122B1
:109D300011030348F8F710F8FEBD0000030000000F
:109D4000000C0140240E00203EB527A000680290C0
:109D500000200190002400224FF480512348F7F79F
:109D6000FBFF6420012301AA02A900902048FAF712
:109D700074FC002002906420012301AA02A9009033
:109D80001B48FAF76AFC6420012301AA02A900908B
:109D90001748FAF762FC6420012301AA02A9009087
:109DA0001348FAF75AFC6420012301AA02A9009083
:109DB0000F48FAF752FC9DF804406420012301AAE1
:109DC00002A900900A48FAF748FC4FF6FF7000EA33
:109DD00004249DF804000443012211030348F7F70B
:109DE000BBFF20463EBD000090000000000C01407B
:109DF000240E00200EB50020029011A000680190F2
:109E000000224FF480510F48F7F7A6FF642001238A
:109E100002AA01A900900C48FAF71FFCFF2001904C
:109E20006420012302AA01A900900748FAF715FC53
:109E3000012211030348F7F78FFF9DF808000EBDBC
:109E400005000000000C0140240E002010B5002485
:109E500004E04AF6AA20054909680860FFF7CAFF2E
:109E600000F001000028F4D110BD0000580D0020C2
:109E70002DE9F0478046894616464FEA1937C9F35F
:109E80000B0ACAF58055F6F777FCBAF1000F03D13B
:109E900017B13846FFF7C4FEAE4200DC354669E034
:109EA0004AF6AA2035490968086039034FF4805200
:109EB0003348FFF7F5FE002408E00AEB04003049C0
:109EC000085CFF2800D003E0601C84B2AC42F4DBE5
:109ED00000BFAC4217DAF6F74FFC3846FFF7A0FE9A
:109EE000002407E018F8040004EB0A01244A505447
:109EF000601C84B2AC42F5DB39034FF48052204839
:109F000000F0BAF804E02A464946404600F0B4F8AA
:109F1000002404E000201A490855601C84B2AC42B9
:109F2000F8DB2A4649461648FFF7BAFE002408E047
:109F30001348005D18F80410884200D003E0601C4C
:109F400084B2AC42F4DB00BFAC4202DA0120BDE8CF
:109F5000F087AE4200D10EE07F1C4FF0000AA8440B
:109F6000A944701B86B2B6F5805F02DD4FF48055C0
:109F700000E0354694E700BF0020E8E7580D0020D8
:109F8000DA2500202DE9F0470746884616464FEAB5
:109F90001839C8F30B0ACAF58055AE4200DC3546C5
:109FA00063E04FEA09314FF480523248FFF778FE00
:109FB000002408E00AEB04002E49085CFF2800D0CA
:109FC00003E0601C84B2AC42F4DB00BFAC4215DAA3
:109FD0004846FFF725FE002406E0385D04EB0A0141
:109FE000244A5054601C84B2AC42F6DB4FEA09317B
:109FF0004FF480521F4800F03FF804E02A464146E3
:10A00000384600F039F8002404E0002019490855CA
:10A01000601C84B2AC42F8DB2A4641461548FFF783
:10A020003FFE002407E01348005D395D884200D000
:10A0300003E0601C84B2AC42F5DB00BFAC4202DA44
:10A040000120BDE8F087AE4200D10FE009F101091F
:10A050004FF0000A2F44A844701B86B2B6F5805F0B
:10A0600002DD4FF4805500E035469AE700BF00203E
:10A07000E7E70000DA2500202DE9F04107460E460B
:10A080001446F0B2C0F58075AC4200DC254617E0FE
:10A090004AF6AA200C49096808602A463146384623
:10A0A00000F014F8AC4200D10BE02F442E44601BAA
:10A0B00084B2B4F5807F02DD4FF4807500E0254660
:10A0C000E6E700BFBDE8F081580D00202DE9F84318
:10A0D00006460C46174622A0006800904FF0000884
:10A0E000FFF75CFD00224FF480511E48F7F734FE65
:10A0F0006423012269461C48FAF7D8F9C4F30740E3
:10A1000000906423012269461748FAF7CFF9C4F397
:10A11000072000906423012269461348FAF7C6F924
:10A12000E0B200906423012269460F48FAF7BEF9B5
:10A13000002509E0705D00907119642301220A482E
:10A14000FAF7B4F9681C85B2BD42F3DB01221103B2
:10A150000448F7F701FEFFF779FEBDE8F883000039
:10A1600002000000000C0140240E00202DE9F84FF1
:10A1700004460D4690461E46DDF82890F7F7F2FD9E
:10A18000A0EB0900371AF7F7EDFD82462C4800686E
:10A19000C0F3CB307843009045E0701C002842D0DB
:10A1A000F7F7E0FDA0EB0A00B84200D2A7BB206899
:10A1B000406820F0E000216848606068B0F5827F68
:10A1C0000DD1A068B0F5004F03D0A068B0F5806F46
:10A1D00005D12068006820F0400021680860A06A6E
:10A1E000B0F5005F0DD100BF2068006820F400507A
:10A1F000216808602068006840F400502168086009
:10A2000000BF012084F8510000BF002084F85000F6
:10A2100000BF0320BDE8F88FFFE7009800B90027D2
:10A220000098401E0090206880682840A84201D114
:10A23000012000E000204045AFD10020EAE7000007
:10A24000700100207047000070B504460D461646A8
:10A250004AF6AA200449096808602A462146304681
:10A26000FFF790FEC0B270BD580D00203EB56946A4
:10A2700019480068FBF7B1FF01A918480068FBF70F
:10A28000ACFF08208DF80800002015490880002444
:10A2900009E01DF8040012490988084400B2104979
:10A2A0000880601CC4B2092CF3DB0D4800788DF8DF
:10A2B00009000B480088000A8DF80A006A460B2145
:10A2C0004FF40120FFF7C0FF28B16A460B214FF47D
:10A2D0000120FFF7B9FF3EBD000000200400002070
:10A2E0001C00002070B505460C461048006860430D
:10A2F00000F500162A4621463046FFF7A5FF88B133
:10A300002A4621463046FFF79FFF58B1FBF7DAFB9C
:10A3100006480068604300F500162A46214630468C
:10A32000FFF792FFFBF7CEFB70BD0000000000209E
:10A3300030B58FB005460C4602208DF834008DF8FC
:10A34000355005208DF83600E0B28DF83700200A30
:10A350008DF8380085F005006040C0B28DF83900F6
:10A3600003208DF83A00224605A1684603F018FB49
:10A37000684605F07DFA0A20F7F766FA0FB030BD9F
:10A380007B225061636B4E6F223A7B2249647822B4
:10A390003A25757D7D0A000070B504460D462946B4
:10A3A0002046F7F7C7FC70BD70B504460D4616464B
:10A3B000324629462046F7F7CFFC70BD70B500F055
:10A3C0006FF80546002411E0164800EB4410C07FEA
:10A3D00015490978884208D145FA04F202F00101D2
:10A3E000104A02EB441000F021F8641C012CEBDB56
:10A3F0000D48007848B9002405E00A4901EB4410F3
:10A4000000F091F8641C012CF7DB07480078401C31
:10A410000549087008460078052801DB002008700F
:10A4200070BD0000602100208702002010B58278F6
:10A43000002A33D0827962B901B110BD0022427185
:10A440008279521C82710023C268203244891355DC
:10A4500024E08279092A14DAC26820324389D25C66
:10A4600001F001034479A3401A43D3B2C2682032F9
:10A47000448913558279521C82714279521C42716F
:10A480000CE08279092A09D100228271827729B1F0
:10A4900042891F2A02DA4289521C428100BFCCE75E
:10A4A00070B5002600242CE0184A02EB4412918B70
:10A4B000164A02EB44129069FFF76EFF05461348F7
:10A4C00000EB44108079B0B9104800EB4410807F55
:10A4D00088B985B90E480078801C052190FBF1F2FF
:10A4E00001FB1200094901EB4411C877012007491B
:10A4F00001EB4411887705F00100A0403043C6B25B
:10A50000641C012CD0DB304670BD000060210020AF
:10A510008702002070B504460D46A18A2A462069AC
:10A52000FFF742FF70BD10B50446607800283FD0A9
:10A53000207958B9012020700020E07000212046C9
:10A54000FFF7E8FF2079401C207131E020790928CD
:10A5500010DAE279E068805CE278104100F00101F5
:10A560002046FFF7D7FF2079401C2071E078401C7F
:10A57000E0701DE02079092807D101212046FFF76E
:10A58000C9FF2079401C207112E020790A280FD1E0
:10A5900000202071E079401CE071207AE179884246
:10A5A00003DD01202070607002E0002020706070E8
:10A5B00010BD000010B5F7F79DFF07480088401C4C
:10A5C000054908800548007820B905480068401C06
:10A5D0000349086010BD0000720000205F000020E9
:10A5E0006C00002000B593B0282109A8F5F7C5FD3F
:10A5F000142104A8F5F7C1FD0020009001900290FD
:10A6000003900D2009904FF480300A9000200B90A9
:10A6100001200C900D900F9002201090C103119119
:10A620004FF4E011129109A8F9F7E0F908B1F6F733
:10A6300023F80F20049002200590002006904FF48C
:10A640008060079000200890022104A8F9F782F8A2
:10A6500008B1F6F711F8112000904FF480700190C6
:10A66000002003906846F8F7DBFF08B1F6F704F81E
:10A67000F9F736F913B000BD4FF0006001490860EA
:10A680007047000008ED00E010B50348FAF766FBDC
:10A690000148FAF796FA10BD7C0E002010B502684A
:10A6A000184B984208D0B0F1804F05D0164B984215
:10A6B00002D0164B984203D122F070024B681A4325
:10A6C000104B984208D0B0F1804F05D00E4B984205
:10A6D00002D00E4B984203D122F44072CB681A4349
:10A6E00022F080034C6943EA040202608B68C36273
:10A6F0000B688362034B984201D10B69036301230A
:10A70000436110BD002C01400004004000080040DF
:10A7100030B50C46816821F47F4142EA0325254388
:10A720002943816030BD0A46816821F0700142F002
:10A73000070319438160704730B50B461446026A1F
:10A74000056A25F001050562816921F0F00141EA01
:10A75000041122F00A021A438161026230BD30B551
:10A760000B461446056A25F0100505628169026AE8
:10A7700021F4704141EA043122F0A00242EA0312BE
:10A780008161026230BD70B505466C6A0020E085CB
:10A79000E0842046FAF7F0FA70BD0168C96821F438
:10A7A00090710268D1600168496921F00101026875
:10A7B0005161016B012905D10168C96821F01001BF
:10A7C0000268D160202180F83E10002101637047AB
:10A7D00010B504462068C06820F040002168C860B9
:10A7E000202084F83D002046FAF764FD002010BDCB
:10A7F000F8B5044694F83E00222869D1A068B0F567
:10A80000805F0CD1206950B90025A66A2068406895
:10A81000C0F308003080A06A801CA06215E0A56A21
:10A820000026A068B0F5805F03D0A06828B9206931
:10A8300018B920684068287004E02068406800F07B
:10A840007F002870A06A401CA062E08D401E80B28C
:10A85000E085A8BB2068C06820F020002168C8609F
:10A860002068C06820F480702168C8602068406952
:10A8700020F0010021684861202084F83E00206B10
:10A8800001281ED1002020632068C06820F010003D
:10A890002168C8602068006800F0100010280AD104
:10A8A00000BF002000902068006800902068406889
:10A8B000009000BF00BFA18D2046FAF75CFA03E0CC
:10A8C00004E02046FAF78CFC0020F8BD0020FCE7ED
:10A8D0000220FAE770B504462168096921F4405165
:10A8E000E2681143226811612269A168114362691B
:10A8F00041EA02052168C96841F20C62914329438B
:10A900002268D1602168496921F44071A26911432C
:10A91000226851612D4A2168914202D1F8F7FCFF6B
:10A9200001E0F8F7E9FF00EBC00101EB00116268FC
:10A930009200B1FBF2F100EBC00202EB001263687F
:10A940009B00B2FBF3F26423B2FBF3F202EBC2030F
:10A9500003EB0212A1EB8201322202EB011164220D
:10A96000B1FBF2F101F0F00100EBC00202EB0012CA
:10A9700063689B00B2FBF3F26423B2FBF3F201EBDA
:10A98000021200EBC00101EB001163689B00B1FBF8
:10A99000F3F100EBC00303EB00136668B600B3FBF2
:10A9A000F6F36426B3FBF6F303EBC30606EB0313DF
:10A9B000A1EB8301322303EB01116423B1FBF3F11B
:10A9C00001F00F0111442268916070BD0038014010
:10A9D000014691F83D00212828D18868B0F5805FB4
:10A9E0000BD1086948B90A6A1088C0F308000B68DF
:10A9F0005860086A801C086205E00B6A581C0862EF
:10AA000018780B685860C88C401E80B2C88458B94A
:10AA10000868C06820F080000B68D8600868C068CB
:10AA200040F040000B68D860002070470220FCE72F
:10AA30002DE9F04104460D4617469846069E21E052
:10AA4000701CF8B12EB1F7F78DF9A0EB0800B042F9
:10AA500018D92068C06820F4D0702168C8602068C8
:10AA6000406920F0010021684861202084F83D0001
:10AA700084F83E0000BF002084F83C0000BF0320A3
:10AA8000BDE8F081206800682840A84201D101207B
:10AA900000E00020B842D3D00020F1E710B5024812
:10AAA000FAF76CF910BD0000C40E002009480068D8
:10AAB000006800F0200020280AD1074800680749F4
:10AAC000074A1268885406480068401C0449086018
:10AAD00070470000080F00200444004014050020C7
:10AAE0002000002010B50E48FAF748F90C4800681D
:10AAF000006800F02000202811D10A480068C1B287
:10AB000009480A4A12688154002102460748006831
:10AB1000401C115405480068401C0449086010BDE1
:10AB20004C0F002004480040000A0020580000207C
:10AB30002DE9F04104460D46D4F8B862D4F8C0724D
:10AB4000D4F8B80278B305EB850104F1140000EBEA
:10AB50008100806808B305EB850104F1140000EB67
:10AB6000810005EB8502816807F1280000EBC20037
:10AB70000069B1FBF0F200FB121070B9002105EB87
:10AB8000850204F1140000EB8200816000231A4664
:10AB90002946204600F0C4FE02E00020C6F8140258
:10ABA0000020BDE8F081FFE70220FAE770B5044617
:10ABB0000E46D4F8B8523146204600F056FDC5F88E
:10ABC0000C02D4F8B80248B1D5F80402D4F8BC128B
:10ABD000CA6805F503719047002070BD0220FCE7AC
:10ABE00070B504460E4600258121204600F057FC32
:10ABF0000021E1620121204600F051FC0021C4F84F
:10AC00006C118221204600F04AFC00212164D4F816
:10AC1000B80250B1D4F8BC1248688047D4F8B802E2
:10AC200001F027F90020C4F8B802284670BD70B5BD
:10AC30000546D5F8B842D5F8BC0278B194F80002C0
:10AC4000FF280BD094F8012294F80002D5F8BC122A
:10AC50008B6821469847FF2084F80002002070BDD1
:10AC600001460A2008800148704700007801002052
:10AC70000146432008800148704700000002002080
:10AC8000014643200880014870470000BC010020B5
:10AC9000014643200880014870470000440200201C
:10ACA0002DE9F04104460F460026207C88B94FF478
:10ACB000007302228121204600F03EFD0121E16265
:10ACC0004B020222204600F037FD0121C4F86C112E
:10ACD0000FE0402302228121204600F02DFD0121BA
:10ACE000E16240230222204600F026FD0121C4F843
:10ACF0006C11082303228221204600F01DFD012152
:10AD000021644FF4077001F0B5F8C4F8B802D4F824
:10AD1000B80208B901261CE0D4F8B852D4F8BC1225
:10AD2000086880470020C5F81402C5F81802207C86
:10AD300040B94FF4007301212046D5F8042200F0F9
:10AD400013FD06E0402301212046D5F8042200F03F
:10AD50000BFD3046BDE8F08170B50446D4F8B8521A
:10AD6000D4F8B80298B1207C40B94FF400730121A7
:10AD70002046D5F8042200F0F7FC06E0402301212C
:10AD80002046D5F8042200F0EFFC002070BD022020
:10AD9000FCE70246022011B1C2F8BC120020704745
:10ADA0000246D2F8B832C3F804120020704710B53A
:10ADB0000346D3F8B842C4F80812C4F810220020A1
:10ADC00010BD2DE9FC4105460C46D5F8B8620020BF
:10ADD000019000900027207800F0600040B3202808
:10ADE0005FD1E088E0B1207800F0800060B1E288B7
:10ADF0006078D5F8BC128B6831469847E2883146B6
:10AE0000284600F0E6F812E0607886F80002A079A3
:10AE100086F80102E2883146284600F0B9F806E0DB
:10AE20006078D5F8BC1200228B68214698473EE036
:10AE3000607820B10A2812D00B282AD11FE095F89B
:10AE40009C02032805D102226946284600F0C1F879
:10AE500004E02146284600F08FF802271FE095F80D
:10AE60009C02032805D1012201A9284600F0B1F86F
:10AE700004E02146284600F07FF802270FE095F80D
:10AE80009C02032804D02146284600F075F80227CA
:10AE900005E02146284600F06FF8022700BF00BFFA
:10AEA00005E02146284600F067F8022700BF00BFF2
:10AEB0003846BDE8FC8170B50546D5F8B842D5F8EE
:10AEC000B802A8B1D4F8140280B90120C4F8140261
:10AED000D4F810122963B4F8100283B281212846F5
:10AEE000D4F8082200F01CFD002070BD0120FCE712
:10AEF0000220FAE770B504460D46D4F8B40229469C
:10AF0000426820469047002070BD70B504460D464B
:10AF100094F89C02012804D0022803D003280CD105
:10AF200001E000BF00BF6888012805D10020C4F8F7
:10AF3000A402204600F05EF804E02946204600F016
:10AF40001BF800BF00BF70BD70B506460C46154625
:10AF50002B4622460021304600F006FC002070BD42
:10AF600070B506460C4615462B4622460021304653
:10AF700000F0D6FC002070BD70B504460D4680215F
:10AF8000204600F0A1FC0021204600F09DFC70BD91
:10AF900070B504460E4615460320C4F894024FF4DB
:10AFA000AE700551001D05512B463246002120464A
:10AFB00000F0DAFB002070BD10B504460520C4F88F
:10AFC000940200231A461946204600F0CDFB0020CB
:10AFD00010BD70B504460E4615460220C4F8940212
:10AFE000E56125622B4632460021204600F098FCA0
:10AFF000002070BD10B504460420C4F8940200235C
:10B000001A461946204600F08BFC002010BD0000B7
:10B0100070B505460C462DB92246064906A000F03B
:10B02000D3F904E02246034903A000F0CDF901481A
:10B0300070BD00005412002043444320436F6E66ED
:10B04000696700000246122008800148704700002E
:10B050000801002070B505460C462DB92246064968
:10B0600006A000F0B1F904E02246034903A000F075
:10B07000ABF9014870BD0000541200204344432046
:10B08000496E7465726661636500000002460420C3
:10B0900008800148704700001C01002070B505467B
:10B0A0000C462246024903A000F08EF9004870BD0C
:10B0B000541200204A6168616E476F7374617200B8
:10B0C00070B505460C462DB92246064906A000F08B
:10B0D0007BF904E02246034903A000F075F901481A
:10B0E00070BD0000541200204A6168616E476F73A2
:10B0F000746172506F72740070B505460C461A2068
:10B100002080F6F719F8014870BD000020010020EA
:10B1100070B504460D46E888012804D0294620462B
:10B12000FFF72AFF1EE094F89C02012804D00228B1
:10B1300003D0032810D109E000BF0020A060012245
:10B1400004F108012046FFF744FF0AE00122211D17
:10B150002046FFF73EFF04E029462046FFF70CFF9C
:10B1600000BF00BF70BDF8B504460E460020009039
:10B170000027002570880012082875D2DFE800F04B
:10B18000C7040C20C7C7A5B5207CD4F8B0120A6844
:10B19000694690470746C1E0207C40B9D4F8B40224
:10B1A000816A6846884707460220787007E0D4F82D
:10B1B000B402C16A68468847074602207870ADE04D
:10B1C000B078062878D2DFE800F00316293C5063F7
:10B1D000D4F8B002406838B1207CD4F8B0124A6884
:10B1E00069469047074605E031462046FFF7C4FE12
:10B1F000681CC5B267E0D4F8B002806838B1207C22
:10B20000D4F8B0128A6869469047074605E031468F
:10B210002046FFF7B1FE681CC5B254E0D4F8B00276
:10B22000C06838B1207CD4F8B012CA68694690472B
:10B23000074605E031462046FFF79EFE681CC5B272
:10B2400041E0D4F8B002006938B1207CD4F8B012E3
:10B250000A6969469047074605E031462046FFF7F0
:10B260008BFE681CC5B22EE051E0D4F8B0024069F4
:10B2700038B1207CD4F8B0124A6969469047074635
:10B2800005E031462046FFF777FE681CC5B21AE09C
:10B29000D4F8B002806940B1207CD4F8B0128A6939
:10B2A00069469047074606E006E031462046FFF72C
:10B2B00063FE681CC5B206E031462046FFF75CFE1F
:10B2C000681CC5B200BF00BF28E0207C30B9D4F8AC
:10B2D000B402416B68468847074605E03146204680
:10B2E000FFF74AFE681CC5B218E0207C40B9D4F8CC
:10B2F000B402016B6846884707460720787005E06E
:10B3000031462046FFF738FE681CC5B206E03146DC
:10B310002046FFF731FE681CC5B200BF00BF05B173
:10B32000F8BDBDF8000088B1F08878B1F088BDF8AC
:10B330000010884202DDBDF8000000E0F0880090B7
:10B34000BDF8002039462046FFF743FEF08810B9CB
:10B350002046FFF74FFE00BFE2E70146002002E073
:10B36000421CD0B2491C0A78002AF9D1704770B546
:10B3700004460D4694F89C02012804D0022803D00C
:10B3800003281AD101E000BF00BFE888022804D0DA
:10B3900029462046FFF7F0FD14E00120E060D4F8D4
:10B3A000A40218B1E06840F00200E060022204F15B
:10B3B0000C012046FFF70DFE04E029462046FFF76A
:10B3C000DBFD00BF00BF70BD2DE9F04104460D4616
:10B3D00017460026FCB12046FFF7BFFF022101EB14
:10B3E000400038803A783046711CCEB22A5403228D
:10B3F0003046711CCEB22A540AE014F8012B3046B4
:10B40000711CCEB22A5400223046711CCEB22A548E
:10B4100020780028F1D1BDE8F0810146002031B14B
:10B42000012906D0022906D0032908D105E0002011
:10B4300007E0022005E0012003E0022001E00220F5
:10B4400000BF00BF704770B504460D4616460CB9E4
:10B45000022070BDD4F8B40210B10020C4F8B402C8
:10B460000DB1C4F8B052012084F89C022670204629
:10B4700000F004F90020ECE72DE9F04104460D4608
:10B48000002600272946D4F8C002F7F79FF90646A0
:10B490003046FFF7C2FF07463846BDE8F0812DE988
:10B4A000F04104460D46002600272946D4F8C00284
:10B4B000F7F757F906463046FFF7AFFF074638461D
:10B4C000BDE8F0812DE9F04104460E461746002EF6
:10B4D00064D104F11405D4F89402022848D1D5E9C6
:10B4E0000301884210D9D5E90301401AE860A88910
:10B4F00082B239462046FFF733FD00231A4619462B
:10B50000204600F031F93EE02969A868B0FBF1F26D
:10B5100001FB1200B8B92969A868884213D3A8684A
:10B52000D4F8981288420ED2002211462046FFF726
:10B5300017FD0020C4F8980200231A461946204639
:10B5400000F012F91FE0D4F8B402C06840B194F8DA
:10B550009C02032804D1D4F8B402C168204688476D
:10B560008021204600F0B0F92046FFF725FD0AE0D3
:10B57000D4F89402042802D0D4F8940218B9802197
:10B58000204600F0A1F994F8A002012818D1204625
:10B5900000F0FAF9002084F8A00211E0D4F8B40217
:10B5A000406950B194F89C02032806D1D4F8B40243
:10B5B000314642692046904702E00220BDE8F08112
:10B5C0000020FBE72DE9F04104460E461746BEBBBE
:10B5D00004F5AA75D4F89402032825D1D5E903010E
:10B5E000884210D9D5E90301401AE860D5E9030182
:10B5F000884201D2E86800E0286982B239462046D4
:10B60000FFF7A2FC2FE0D4F8B402006940B194F82F
:10B610009C02032804D1D4F8B4020169204688476B
:10B620002046FFF7E7FC1EE0D4F8940205281AD163
:10B630000020C4F894020021204600F045F912E0F1
:10B64000FFE7D4F8B402806950B194F89C02032853
:10B6500006D1D4F8B402314682692046904702E010
:10B660000220BDE8F0810020FBE770B504460D46DE
:10B670002946D4F8C002F7F727FC70BD10B5044680
:10B680001D48C0F8E842C4F8C0021C481A490860C6
:10B690000820486002211848816000218161C16151
:10B6A0000162F7F7E8FD08B1F4F7E6FF04F530743E
:10B6B0001823002211462068F7F710F858230022BB
:10B6C00080212068F7F70AF8C02300228121206832
:10B6D000F7F704F84FF48873002201212068F6F789
:10B6E000FDFF2068A4F530744FF48073002282219E
:10B6F000F6F7F4FF002010BD241C0020005C004081
:10B7000010B50246D2F8C03201F08000802809D17D
:10B7100001F07F0000EB800403F1280000EBC4007F
:10B72000807810BD01F07F0000EB800403F5B47059
:10B7300000EBC4008078F4E72DE9F04704460F469B
:10B7400015461E464FF00008C1462B463246394684
:10B75000D4F8C002F7F7C3FB80464046FFF75DFE12
:10B7600081464846BDE8F0872DE9F04704460D467E
:10B7700016461F464FF00008C1463B463246294652
:10B78000D4F8C002F7F7F1FB80464046FFF745FECC
:10B7900081464846BDE8F08710B5044640230022A4
:10B7A00011462046FFF7C8FF01214FF4AC7001514C
:10B7B00040214FF4B27001514023002280212046E5
:10B7C000FFF7BAFF0121A16140216162012084F8E5
:10B7D0009C020020C4F894026060C4F8A402D4F86B
:10B7E000B80228B12179D4F8B402426820469047C3
:10B7F000002010BD014691F89C02042803D191F865
:10B800009D0281F89C020020704710B5044694F810
:10B810009C02032808D1D4F8B402C06920B1D4F83E
:10B82000B402C16920468847002010BD0246117449
:10B83000002070472DE9F04104460D460026002700
:10B840002946D4F8C002F7F705FE06463046FFF752
:10B85000E4FD07463846BDE8F08170B504460D4664
:10B86000294604F52A7000F073F80120C4F8940208
:10B8700040F2AE20005BC4F8980294F8A80200F0F1
:10B880001F0020B1012808D0022812D10BE004F5D6
:10B890002A71204600F041F913E004F52A71204690
:10B8A00000F0A8FA0DE004F52A71204600F086F9B0
:10B8B00007E094F8A80200F08001204600F004F8A8
:10B8C00000BF00BF002070BD2DE9F04104460D46C9
:10B8D000002600272946D4F8C002F7F76CFB06467D
:10B8E0003046FFF79AFD07463846BDE8F08170B54F
:10B8F000044600250026D4F8C002F7F7CFFD054620
:10B900002846FFF78AFD0646304670BD014691F88D
:10B910009C0281F89D02042081F89C02002070475F
:10B920002DE9F04704460D4616461F464FF0000825
:10B93000C1463B4632462946D4F8C002F7F77FFBA2
:10B9400080464046FFF769FD81464846BDE8F087DE
:10B950000A7802704A7842708B78CA7803EB022228
:10B9600042800B794A7903EB022282808B79CA7973
:10B9700003EB0222C28070470246002011B1C2F8D8
:10B98000B41200E00220704701460020704770B5F5
:10B9900004460D46A88810BBE88800BB688880284C
:10B9A0001DD2A87800F07F0694F89C02032804D1E9
:10B9B00029462046FFF7E0FA15E084F89E623146FA
:10B9C0002046FFF737FF2046FFF714FB1EB1022089
:10B9D00084F89C0207E0012084F89C0203E02946D9
:10B9E0002046FFF7C9FA70BD70B504460D46022621
:10B9F000D4F8B40238B1D4F8B4022946026820461B
:10BA0000904700B90026304670BD000070B504466E
:10BA10000D46A8783649087008460078012804DDEC
:10BA200029462046FFF7A8FA60E094F89C02022815
:10BA300002D003284FD11CE02D480078A8B12C4833
:10BA400000786060032084F89C0229480178204631
:10BA5000FFF7CAFF022804D129462046FFF78CFAD7
:10BA600070BD2046FFF7C6FA02E02046FFF7C2FA93
:10BA70003BE01F48007870B9022084F89C021C4803
:10BA8000007860601A4801782046FFF733FA2046B4
:10BA9000FFF7B0FA1EE0164909786068884216D0B0
:10BAA00021792046FFF726FA114800786060104897
:10BAB00001782046FFF798FF022804D12946204646
:10BAC000FFF75AFACCE72046FFF794FA02E0204647
:10BAD000FFF790FA09E029462046FFF74DFA04489F
:10BAE00001782046FFF706FA00BF00BF00BFB7E7A6
:10BAF0007401002070B505460C466088012804D109
:10BB0000C5F8A4022846FFF775FA70BD10B50446C3
:10BB10002046FFF7ECFE002010BD70B505460C4630
:10BB20000026207800F0600060B1202802D0402874
:10BB30003CD100E000BFD5F8B40221468268284617
:10BB4000904738E060780A2829D2DFE800F019230E
:10BB5000281E280A0528140F21462846FFF703FB54
:10BB600022E021462846FFF712FF1DE02146284625
:10BB7000FFF74CFF18E021462846FFF7C9FA13E00B
:10BB800021462846FFF7F3FB0EE021462846FFF743
:10BB9000B1FF09E021462846FFF7B7F904E0214646
:10BBA0002846FFF7E9F900BF00BF04E02146284618
:10BBB000FFF7E2F900BF00BF304670BD2DE9F0414C
:10BBC00005460E464FF000083479307800F06000EA
:10BBD00060B1202802D0402871D100E000BFD5F824
:10BBE000B402314682682846904700E1307800F080
:10BBF0006000202809D1D5F8B40231468268284671
:10BC0000904780464046BDE8F081707800285ED0BD
:10BC100001282FD0032876D195F89C02022802D063
:10BC2000032820D110E054B1802C08D021462846AA
:10BC3000FFF74AFE80212846FFF746FE03E0314623
:10BC40002846FFF799F913E0708840B93CB1802C81
:10BC500005D0F08818B921462846FFF735FE28465A
:10BC6000FFF7C8F904E031462846FFF785F900BF21
:10BC700000BFB5E095F89C02022802D003281FD12E
:10BC800010E054B1802C08D021462846FFF71CFE56
:10BC900080212846FFF718FE03E031462846FFF7CB
:10BCA0006BF912E0708848B904F07F0018B12146A2
:10BCB0002846FFF7E1FB2846FFF79CF905E091E0F5
:10BCC00031462846FFF758F900BF00BF88E095F8D5
:10BCD0009C02022802D0032876D126E034B1802CC1
:10BCE00004D031462846FFF747F972E004F080009F
:10BCF000802809D104F07F0000EB800105F11400D9
:10BD000000EB810008E066E004F07F0000EB8001BA
:10BD100005F5AA7000EB810007460020386002227A
:10BD200039462846FFF755F953E004F08000802893
:10BD30000ED104F00F0000EB800105F1140000EBC0
:10BD40008100406898B931462846FFF715F940E070
:10BD500004F00F0000EB800105F5AA7000EB8100F4
:10BD6000406820B931462846FFF706F931E004F073
:10BD70008000802808D104F07F0000EB800105F1ED
:10BD8000140000EB810007E004F07F0000EB80016D
:10BD900005F5AA7000EB810007460CB1802C02D19A
:10BDA0000020386009E021462846FFF7A9FC10B1C1
:10BDB0000120386001E00020386002223946284620
:10BDC000FFF707F905E0FFE731462846FFF7D4F80B
:10BDD00000BF00BF04E031462846FFF7CDF800BFA2
:10BDE00000BF04E031462846FFF7C6F800BF00BF99
:10BDF000404608E770B505460C460026207800F05E
:10BE0000600030B1202802D040282AD100E000BFD5
:10BE100000BF95F89C02012804D0022803D0032813
:10BE200018D101E000BF00BF207901280DDCD5F852
:10BE3000B40221468268284690470646E08840B909
:10BE40003EB92846FFF7D6F803E021462846FFF71B
:10BE500093F804E021462846FFF78EF800BF00BFA4
:10BE600004E021462846FFF787F800BF00BF002006
:10BE700070BD70470146014870470000101F002048
:10BE8000F0B5024600260878400032F8100048F667
:10BE90008F1400EA0403C87830B101280CD00228BE
:10BEA00005D003280BD104E043F4007309E000BF80
:10BEB00007E043F4C06304E043F4806301E001263B
:10BEC00000BF00BF43F4004040F080000C786400E5
:10BED00022F8140000BF0C78640032F8144048F6D1
:10BEE0008F752C400D7844EA050040F4004444F07E
:10BEF00080040D786D0022F8154000BF087B0028F3
:10BF00007ED14878002852D000BF1046B2F8505079
:10BF100028440D7800F5806707EB0514CD886D1077
:10BF20006D00258000BF00BF0C78640032F814005B
:10BF300000F040048CB100BF0D786D0032F8155050
:10BF400048F68F7705EA070444F4004545F0C0053C
:10BF50000F787F0022F8175000BF00BFC878012873
:10BF600013D000BF0C78640032F8144048F6BF7557
:10BF700004EA050080F0200040F4004444F080040E
:10BF80000D786D0022F815409EE100BF0C7864002A
:10BF900032F8144048F6BF7504EA050040F4004446
:10BFA00044F080040D786D0022F815408CE100BF4C
:10BFB0001046B2F8505028440D78042707EBC50509
:10BFC00000F5806707EB4504CD886D106D00258076
:10BFD00000BF00BF1546B2F8504025440C78062734
:10BFE00007EBC40405F5806707EB4404204600BF57
:10BFF0000F6967B9078848F2FF3C07EA0C0700E0C1
:10C0000057E00780078847F4004707801EE00F6964
:10C010003E2F0DD800BF0F697C080F7C07F0010789
:10C0200007B1641C4FF6FF7707EA842707800DE00D
:10C0300000BF0F697C090F7C07F01F0707B9641E5A
:10C040004FF4004747EA8427078000BF00BF00BFC6
:10C0500000BF0C78640032F8140000F480448CB106
:10C0600000BF0D786D0032F8155048F68F7705EA5D
:10C07000070444F4004545F481450F787F0022F819
:10C08000175000BF00BF00BF0C78640032F81440A6
:10C090004BF68F7504EA050080F4805080F4005060
:10C0A00040F4004444F080040D786D0022F81540FF
:10C0B0000AE100BF0C78640032F8144048F68F752E
:10C0C00004EA050040F4004444F4C0740D786D00A7
:10C0D00022F8154000BF00BF00BF00BF1046B2F8F5
:10C0E000505028440D7800F5806707EB05140D8942
:10C0F0006D106D00258000BF00BF00BF00BF10465F
:10C10000B2F8505028440D78042707EBC50500F518
:10C11000806707EB45044D896D106D00258000BFD9
:10C1200000BF00BF487800285DD100BF0C786400D4
:10C1300032F8140000F480448CB100BF0D786D001B
:10C1400032F8155048F68F7705EA070444F40045A5
:10C1500045F481450F787F0022F8175000BF00BFDB
:10C1600000BF0C78640032F8140000F040048CB179
:10C1700000BF0D786D0032F8155048F68F7705EA4C
:10C18000070444F4004545F0C0050F787F0022F80D
:10C19000175000BF00BF00BF0C78640032F8144095
:10C1A0004BF68F7504EA050080F4805080F400504F
:10C1B00040F4004444F080040D786D0022F81540EE
:10C1C00000BF00BF0C78640032F8144048F6BF7519
:10C1D00004EA050040F4004444F080040D786D004A
:10C1E00022F8154070E000BF0C78640032F81400AB
:10C1F00000F480448CB100BF0D786D0032F815500A
:10C2000048F68F7705EA070444F4004545F4814574
:10C210000F787F0022F8175000BF00BF00BF0C78D6
:10C22000640032F8140000F040048CB100BF0D78B7
:10C230006D0032F8155048F68F7705EA070444F48C
:10C24000004545F0C0050F787F0022F8175000BF69
:10C2500000BFC878012813D000BF0C78640032F802
:10C26000144048F6BF7504EA050080F0200040F451
:10C27000004444F080040D786D0022F8154011E070
:10C2800000BF0C78640032F8144048F6BF7504EA29
:10C29000050040F4004444F080040D786D0022F85D
:10C2A000154000BF00BF0C78640032F814404BF614
:10C2B0008F7504EA050040F4004444F080040D78D2
:10C2C0006D0022F8154000BF3046F0BD10B50446A1
:10C2D000002010BD30B50246087B00285BD14878AD
:10C2E00060B300BF0B785B0032F8130000F040032E
:10C2F0008BB100BF0C78640032F8144048F68F759B
:10C3000004EA050343F4004444F0C0040D786D00D2
:10C3100022F8154000BF00BF00BF0B785B0032F869
:10C32000133048F6BF7403EA040040F4004343F0BE
:10C3300080030C78640022F8143007E100BF0B780A
:10C340005B0032F8130000F480438BB100BF0C781F
:10C35000640032F8144048F68F7504EA050343F48C
:10C36000004444F481440D786D0022F8154000BF6C
:10C3700000BF00BF0B785B0032F813304BF68F74B0
:10C3800003EA040040F4004343F080030C786400A7
:10C3900022F81430DAE0487800286BD100BF0B781F
:10C3A0005B0032F8130000F480438BB100BF0C78BF
:10C3B000640032F8144048F68F7504EA050343F42C
:10C3C000004444F481440D786D0022F8154000BF0C
:10C3D00000BF00BF0B785B0032F8130000F0400391
:10C3E0008BB100BF0C78640032F8144048F68F75AA
:10C3F00004EA050343F4004444F0C0040D786D00E2
:10C4000022F8154000BF00BF00BF0B785B0032F878
:10C41000133048F68F7403EA040040F4004343F0FD
:10C42000C0030C78640022F8143000BF00BF0B7802
:10C430005B0032F813304BF68F7403EA040040F4CB
:10C44000004343F080030C78640022F8143000BFEE
:10C4500000BF0B785B0032F8133048F6BF7403EA74
:10C46000040040F4004343F080030C78640022F899
:10C4700014306BE000BF0B785B0032F8130000F45F
:10C4800080438BB100BF0C78640032F8144048F64A
:10C490008F7504EA050343F4004444F481440D78A5
:10C4A0006D0022F8154000BF00BF00BF0B785B0095
:10C4B00032F8130000F040038BB100BF0C78640029
:10C4C00032F8144048F68F7504EA050343F400443B
:10C4D00044F0C0040D786D0022F8154000BF00BF85
:10C4E00000BF0B785B0032F8133048F68F7403EA14
:10C4F000040040F4004343F481430C78640022F8C4
:10C50000143000BF00BF0B785B0032F8133048F6E0
:10C51000BF7403EA040040F4004343F080030C7846
:10C52000640022F8143000BF00BF0B785B0032F8C3
:10C5300013304BF68F7403EA040040F4004343F0D9
:10C5400080030C78640022F8143000BF002030BD56
:10C5500001460020704701460020704710B5044690
:10C56000012024F8400F00202080A0802082403C41
:10C5700010BD01464FF43F42B1F840009043A1F88E
:10C5800040000020704702460020704730B5024648
:10C59000087B002865D1487888B300BF0B785B0022
:10C5A00032F8130000F040038BB100BF0C78640038
:10C5B00032F8144048F68F7504EA050343F400444A
:10C5C00044F0C0040D786D0022F8154000BF00BF94
:10C5D000C878012845D000BF0B785B0032F81330D3
:10C5E00048F6BF7403EA040080F0200040F40043E2
:10C5F00043F080030C78640022F8143031E0FFE748
:10C6000000BF0B785B0032F8130000F480438BB15D
:10C6100000BF0C78640032F8144048F68F7504EAC5
:10C62000050343F4004444F481440D786D0022F87E
:10C63000154000BF00BF00BF0B785B0032F813301D
:10C640004BF68F7403EA040080F4805080F40050AD
:10C6500040F4004343F080030C78640022F8143067
:10C6600000BF002030BD10B50246487898B100BF29
:10C670000B785B0032F8133048F6BF7403EA04000D
:10C6800080F0100040F4004343F080030C78640015
:10C6900022F8143013E000BF0B785B0032F813303F
:10C6A0004BF68F7403EA040080F4805040F400439A
:10C6B00043F080030C78640022F8143000BF00209F
:10C6C00010BD2DE9F04706460C466078012876D16A
:10C6D0002169A069884201D9256900E0A569207B0C
:10C6E000A0B9ABB2E2883046616900F0F4FD00BF4A
:10C6F0003046B6F8502010442278022303EBC202E1
:10C7000000F5806303EB42010D8081E3E0780228AD
:10C710007DD12169206A88427AD900BF21784900F9
:10C7200036F8111048F68F7201EA020040F4004119
:10C7300041F4C0712278520026F8121000BF206A1E
:10C74000401B20622078400036F8100000F04000C6
:10C7500000287DD000BF3346607888BB00BF3246DA
:10C76000B6F850100A4421784FF0060909EBC101D0
:10C7700002F5806909EB4101084600BF75B9B0F8C0
:10C78000009048F2FF3A09EA0A09A0F80090B0F8D0
:10C79000009049F40049A0F8009021E03E2D10D807
:10C7A00000BF690805F00109B9F1000F00D0491C6C
:10C7B0004FF6FF7909EA8129A0F8009010E03DE3E7
:10C7C00010E000BF690905F01F09B9F1000F00D1A1
:10C7D000491E4FF4004949EA8129A0F8009000BFA2
:10C7E00000BF0FE0607801280CD1B6F85000034478
:10C7F0002078062101EBC00003F5806101EB400CBD
:10C80000ACF8005000BF6789ABB23A4601E057E18F
:10C810002CE13046616900F05EFD6069284460618A
:10C820002169206A884203D9206A401B206202E005
:10C83000256A0020206200BF6078C0BB00BF32467E
:10C84000B6F850100A442178022303EBC10100E03E
:10C8500049E002F5806303EB4101084600BF55B98A
:10C86000038848F2FF3C03EA0C030380038843F487
:10C870000043038019E03E2D0BD800BF690805F086
:10C88000010303B1491C4FF6FF7303EA81230380C0
:10C890000BE000BF690905F01F0303B9491E4FF4FF
:10C8A000004343EA8123038000BF00BF12E0FFE79B
:10C8B000607801280ED100BF3046B6F850201044F1
:10C8C0002278022303EBC20200F5806303EB4201EE
:10C8D0000D8000BF00BF2789ABB23A463046616980
:10C8E00000F0F9FC94E200BF6078B0BB00BF3246B4
:10C8F000B6F850100A442178022303EBC10102F577
:10C90000806303EB4101084600BF55B9038848F234
:10C91000FF3C03EA0C030380038843F400430380D5
:10C9200019E03E2D0BD800BF690805F0010303B1E3
:10C93000491C4FF6FF7303EA812303800BE000BF1D
:10C94000690905F01F0303B9491E4FF4004343EA88
:10C950008123038000BF00BF12E0FFE76078012859
:10C960000ED100BF3046B6F8502010442278022382
:10C9700003EBC20200F5806303EB42010D8000BFB0
:10C9800000BF2789ABB23A463046616900F0A3FC8C
:10C990006069284460612169206A884203D9206A5D
:10C9A000401B206202E0256A0020206200BF33465F
:10C9B000607880BB00BF3246B6F850100A44217838
:10C9C0004FF0060909EBC10102F5806909EB41014D
:10C9D000084600BF75B9B0F8009048F2FF3A09EA7E
:10C9E0000A09A0F80090B0F8009049F40049A0F8B6
:10C9F000009020E03E2D0FD800BF690805F0010926
:10CA0000B9F1000F00D0491C4FF6FF7909EA8129DE
:10CA1000A0F800900FE010E000BF690905F01F09C1
:10CA2000B9F1000F00D1491E4FF4004949EA8129AC
:10CA3000A0F8009000BF00BF0FE0607801280CD183
:10CA4000B6F8500003442078062101EBC00003F53E
:10CA5000806101EB400CACF8005000BF6789ABB2BD
:10CA60003A463046616900F036FCD1E1256A00BFE4
:10CA70002178490036F8111048F68F6201EA020069
:10CA800040F4004141F080012278520026F8121053
:10CA900000BF00BF3046B6F8502010442278022371
:10CAA00003EBC20200F5806303EB42010D8000BF7F
:10CAB0002789ABB23A463046616900F00CFCA7E129
:10CAC00000BF2178490036F8111048F68F7201EA4C
:10CAD000020040F4004141F4C0712278520026F86F
:10CAE000121000BF206A401B20622078400036F8F8
:10CAF000100000F0400000287DD000BF3346607871
:10CB000080BB00BF3246B6F850100A4421784FF07F
:10CB1000060909EBC10102F5806909EB41010846EC
:10CB200000BF75B9B0F8009048F2FF3A09EA0A0967
:10CB3000A0F80090B0F8009049F40049A0F80090E7
:10CB400020E03E2D0FD800BF690805F00109B9F1BA
:10CB5000000F00D0491C4FF6FF7909EA8129A0F89F
:10CB600000900FE010E000BF690905F01F09B9F15E
:10CB7000000F00D1491E4FF4004949EA8129A0F86D
:10CB8000009000BF00BF0FE0607801280CD1B6F81C
:10CB9000500003442078062101EBC00003F58061BA
:10CBA00001EB400CACF8005000BF6789ABB23A46CD
:10CBB0003046616900F08FFB60692844606121693B
:10CBC000206A884203D9206A401B206202E0256A5D
:10CBD00000202062002D56D000BF6078C0BB00BF8F
:10CBE0003246B6F850100A442178022303EBC10103
:10CBF00002F5806300E047E003EB4101084600BF17
:10CC000055B9038848F2FF3C03EA0C03038003880C
:10CC100043F40043038019E03E2D0BD800BF6908A0
:10CC200005F0010303B1491C4FF6FF7303EA8123AA
:10CC300003800BE000BF690905F01F0303B9491E1B
:10CC40004FF4004343EA8123038000BF00BF12E09A
:10CC5000FFE7607801280ED100BF3046B6F85020BB
:10CC600010442278022303EBC20200F5806303EB39
:10CC700042010D8000BF00BF2789ABB23A46304663
:10CC8000616900F028FBC3E000BF6078B0BB00BF63
:10CC90003246B6F850100A442178022303EBC10152
:10CCA00002F5806303EB4101084600BF55B90388D4
:10CCB00048F2FF3C03EA0C030380038843F400437B
:10CCC000038019E03E2D0BD800BF690805F0010371
:10CCD00003B1491C4FF6FF7303EA812303800BE085
:10CCE00000BF690905F01F0303B9491E4FF4004353
:10CCF00043EA8123038000BF00BF12E0FFE76078B2
:10CD000001280ED100BF3046B6F8502010442278DA
:10CD1000022303EBC20200F5806303EB42010D80A6
:10CD200000BF00BF2789ABB23A463046616900F0C8
:10CD3000D2FA6069284460612169206A884203D977
:10CD4000206A401B206202E0256A00202062A5B311
:10CD500000BF3346607888BB00BF3246B6F850103B
:10CD60000A4421784FF0060909EBC10102F58069F8
:10CD700009EB4101084600BF75B9B0F8009048F2D0
:10CD8000FF3A09EA0A09A0F80090B0F8009049F4C7
:10CD90000049A0F8009021E03E2D10D800BF69089E
:10CDA00005F00109B9F1000F00D0491C4FF6FF79D9
:10CDB00009EA8129A0F8009010E029E010E000BF06
:10CDC000690905F01F09B9F1000F00D1491E4FF4A0
:10CDD000004949EA8129A0F8009000BF00BF0FE098
:10CDE000607801280CD1B6F8500003442078062161
:10CDF00001EBC00003F5806101EB400CACF8005082
:10CE000000BF6789ABB23A463046616900F063FA09
:10CE100000BF2178490036F8111048F6BF7201EAC8
:10CE2000020080F0100080F0200040F4004141F04A
:10CE300080012278520026F8121005E2207BA0BB68
:10CE40002169A069884204D92569A069401BA061B5
:10CE500002E0A5690020A06100BF3246B6F850107C
:10CE60000A442178062303EBC10102F5806303EB3A
:10CE70004101084600BF55B9038848F2FF3C03EA68
:10CE80000C030380038843F4004303801AE03E2D23
:10CE90000CD800BF690805F0010303B1491C4FF627
:10CEA000FF7303EA812303800CE00DE000BF6909F2
:10CEB00005F01F0303B9491E4FF4004343EA8123E1
:10CEC000038000BF00BFA9E1E07802287DD100BF48
:10CED00000BF6078E0BB00BF3246B6F850100A448D
:10CEE0002178022303EBC10102F5806303EB4101CA
:10CEF000084600BF236953B9038848F2FF3C03EAA0
:10CF00000C030380038843F4004303801EE023697D
:10CF10003E2B0DD800BF23695908237C03F0010381
:10CF200003B1491C4FF6FF7303EA812303800DE030
:10CF300000BF23695909237C03F01F0303B9491E6D
:10CF40004FF4004343EA8123038000BF00BF13E096
:10CF5000FFE7607801280FD100BF3046B6F85020B7
:10CF600010442278022303EBC20200F5806303EB36
:10CF70004201228A0A8000BF00BF00BF33466078AA
:10CF8000E8BB00BF3246B6F850100A4421784FF093
:10CF9000060909EBC10102F5806909EB4101084668
:10CFA00000BFD4F81090B9F1000F0FD1B0F8009085
:10CFB00048F2FF3A09EA0A09A0F80090B0F8009098
:10CFC00049F40049A0F800902EE06BE0D4F81090EE
:10CFD000B9F13E0F14D800BFD4F810904FEA5901B0
:10CFE00094F8109009F00109B9F1000F00D0491C24
:10CFF0004FF6FF7909EA8129A0F8009014E015E0C6
:10D0000000BFD4F810904FEA591194F8109009F02D
:10D010001F09B9F1000F00D1491E4FF4004949EA38
:10D020008129A0F8009000BF00BF10E060780128BF
:10D030000DD1B6F8500003442078062101EBC00062
:10D0400003F5806101EB400C208AACF8000000BFC2
:10D0500000BFE069002824D02078400036F8108016
:10D0600008F4804010B108F0400038B908F480405E
:10D07000002816D108F04000002812D100BF00BFE0
:10D080002178490036F8111048F68F7201EA020043
:10D0900040F4004141F0C0012278520026F81210FD
:10D0A00000BFBBE0E07801287CD12169A0698842FB
:10D0B00004D92569A069401BA06102E0A569002090
:10D0C000A06100BF00BF6078B0BB00BF3246B6F8B9
:10D0D00050100A442178022303EBC10102F580635A
:10D0E00003EB4101084600BF55B9038848F2FF3CF5
:10D0F00003EA0C030380038843F40043038019E030
:10D100003E2D0BD800BF690805F0010303B1491C8F
:10D110004FF6FF7303EA812303800BE000BF690928
:10D1200005F01F0303B9491E4FF4004343EA81236E
:10D13000038000BF00BF12E0FFE7607801280ED136
:10D1400000BF3046B6F8502010442278022303EB8B
:10D15000C20200F5806303EB42010D8000BF00BFF7
:10D1600000BF3346607890BB00BF3246B6F850101F
:10D170000A4421784FF0060909EBC10102F58069E4
:10D1800009EB4101084600BF85B9B0F8009048F2AC
:10D19000FF3A09EA0A09A0F80090B0F8009049F4B3
:10D1A000004900E037E0A0F8009020E03E2D0FD8C5
:10D1B00000BF690805F00109B9F1000F00D0491C52
:10D1C0004FF6FF7909EA8129A0F800900FE010E0FE
:10D1D00000BF690905F01F09B9F1000F00D1491E10
:10D1E0004FF4004949EA8129A0F8009000BF00BF30
:10D1F0000FE0607801280CD1B6F850000344207885
:10D20000062101EBC00003F5806101EB400CACF896
:10D21000005000BF02E00120BDE8F08700BF217888
:10D22000490036F811104BF68F7201EA020080F4C3
:10D23000805080F4005040F4004141F08001227899
:10D24000520026F8121000BF0020E5E7014600203A
:10D25000A1F844004FF43F42A1F84020704700007D
:10D2600010B50248F5F716FF10BD0000241C002081
:10D270000146B1F8440070472DE9F04304460E46DC
:10D2800015464FEA530CA046304608F5806909EB75
:10D29000450267460AE01188921C0170401C4FEA63
:10D2A000112980F80090401C921C7F1E002FF2D1A3
:10D2B00003F00109B9F1000F01D011880170BDE838
:10D2C000F083024600207047024611B98020A2F880
:10D2D0004C00002070472DE9F04704460D461E46DD
:10D2E00006F1010A4FEA5A08A146284609F5806A64
:10D2F0000AEB420347460BE090F800C0401C90F850
:10D3000000A04CEA0A2119809B1C9B1C401C7F1E1C
:10D31000002FF1D1BDE8F08700BFFEE72DE9F04F07
:10D320009BB0044600201790169020210EA8F2F71B
:10D3300024FF002500260020059004900390FE495C
:10D34000086014B98DF83A000FE1162C66D1FB483D
:10D3500090F802B08DF83AB09DF83A00642803DBEB
:10D3600000201BB0BDE8F08F9DF83A00002801DADC
:10D370000020F6E7F148C0788DF83B00EF480079CF
:10D380008DF83C00ED4840798DF83D004AF6AA2022
:10D39000EB49096808609DF83B0000280FDB9DF809
:10D3A0003C0001280BDB9DF83C000C2807DC9DF8B5
:10D3B0003D00012803DB9DF83D001F2804DDE1A0AE
:10D3C00002F056FA0120CCE7DC4880798DF83E0067
:10D3D000DA48C0798DF83F009DF83E00172803DC3D
:10D3E0009DF83F003B2804DDD6A002F041FA012061
:10D3F000B7E7D248007A8DF84000D048407A8DF8DF
:10D4000041009DF84000172803DC9DF841003B28AF
:10D410009ADDCCA002F02CFA0120A2E7172C93D0C1
:10D42000182C51D1C54880788DF83B00C348C0788E
:10D430008DF83C00C14800798DF83D009DF83B0017
:10D4400000280FDB9DF83C0001280BDB9DF83C0019
:10D450000C2807DC9DF83D00012803DB9DF83D000A
:10D460001F2804DDB7A002F003FA012079E7B348D2
:10D4700040798DF83E00B14880798DF83F009DF8E5
:10D480003E00172803DC9DF83F003B2804DDADA0DB
:10D4900002F0EEF9012064E7A848C0798DF8400059
:10D4A000A648007A8DF841000020AB4908709DF82D
:10D4B0004000172803DC9DF841003B2855DDA1A062
:10D4C00002F0D6F901204CE7192C4ED19B48807808
:10D4D0008DF83B009948C0788DF83C00974800795A
:10D4E0008DF83D009DF83B0000280FDB9DF83C00C7
:10D4F00001280BDB9DF83C000C2807DC9DF83D0063
:10D50000012803DB9DF83D001F2804DD8DA002F0FB
:10D51000AFF9012025E7894840798DF83E0087481A
:10D5200080798DF83F009DF83E00172803DC9DF8B8
:10D530003F003B2804DD83A002F09AF9012010E7A8
:10D540007E48C0798DF840007C48007A8DF8410013
:10D550009DF84000172803DC9DF841003B2804DDBE
:10D5600078A002F085F90120FBE64AF6AA2074496A
:10D57000096808602046E11704EB11610912A4EB69
:10D580000121C9B28DF83810E11704EB1161090AC5
:10D590008DF839100025002004E00EA9095C4D40EB
:10D5A000411CC8B20F28F8DB8DF84750F4F7DAFBBE
:10D5B0008246B6E14AF6AA20614909680860F4F794
:10D5C000D1FBA0EB0A0042F21071884204D963A09B
:10D5D00002F04EF90120C4E65748006890B1574860
:10D5E0000078632803D055480078432807D160A00D
:10D5F00002F03EF90020504908600120B1E6002009
:10D600004D49086018A8F8F7C7F920B118A8F8F72D
:10D61000C3F900B185E110210020F8F7C3F870B11B
:10D6200018A8F8F7B9F920B118A8F8F7B5F900B1BA
:10D6300077E110210020F8F7B5F800B171E106A9F3
:10D640000120F8F741F900B16BE19DF818709DF8E1
:10D65000190007EB00279DF81A809DF81B0008EBC6
:10D6600000289DF81C0008EB00489DF81D0008EB01
:10D67000006807F40040B0F5004F08D1C7F30E076B
:10D6800046F6292047404BF2A62088EA00084AF6D1
:10D69000AA202B490968086039210420F8F782F88C
:10D6A00070B118A8F8F778F920B118A8F8F774F94C
:10D6B00000B136E139210420F8F774F800B130E107
:10D6C00006A91120F8F700F9C8B139210420F8F7AC
:10D6D00069F870B118A8F8F75FF920B118A8F8F741
:10D6E0005BF900B11DE139210420F8F75BF800B1C6
:10D6F00017E106A91120F8F7E7F800B111E10025BC
:10D70000002004E006A9095C4D40411CC8B20F2866
:10D71000F8DB4FF000099DF82700A84205D19DF8DD
:10D7200018909DF8190009EB00294AF6AA2004492F
:10D7300009680860002035E0180000206C07002010
:10D74000580D00207B2243223A7B2253746174756A
:10D7500073223A327D7D0A004E0000207B22432254
:10D760003A7B22537461747573223A317D7D0A00CD
:10D770007B2252656365697665223A7B2253746128
:10D78000747573223A32367D2C2243223A7B22541E
:10D79000797065223A2243616E73656C227D7D0A41
:10D7A000000000005F49087048708870C870AB20A6
:10D7B0000871CD2048711220F8F714F900B1B0E0DB
:10D7C0004C4549D002A905A8F3F71AFA0646012EDE
:10D7D00004D102A905A8F3F713FA064605980390A9
:10D7E00016B15A2E00D09CE0059888B301204E490E
:10D7F00008704E4908704E490870B9F1170F02D0F1
:10D80000B9F1190F02D10220494908700120494994
:10D81000087000231A4618460599F8F797F9002072
:10D8200044490870424908703F4908703F490870F0
:10D8300002A905A8F3F7E4F90646012E04D102A9CE
:10D8400005A8F3F7DDF906461EB15A2E01D068E0AF
:10D8500002E0059800B164E02046E11704EB116195
:10D860000912A4EB0121C9B28DF83810E11704EBBD
:10D870001161090A8DF839108DF83AB000254AF681
:10D88000AA202D4909680860002004E00EA9095C5F
:10D890004D40411CC8B20F28F8DB8DF847503921A4
:10D8A0000420F7F77FFF70B118A8F8F775F820B1DA
:10D8B00018A8F8F771F800B133E039210420F7F720
:10D8C00071FF00B12DE00EA91120F8F78BF8C8B157
:10D8D00039210420F7F766FF70B118A8F8F75CF853
:10D8E00020B118A8F8F758F800B11AE0392104203F
:10D8F000F7F758FF00B114E00EA91120F8F772F8FD
:10D9000000B10EE00399059843463A46CDE900017F
:10D910000AA11A4800F044F8184801F0A9FF0020B5
:10D920001FE547E6C0210020880200208902002070
:10D930008A02002098020020580D00207B224322FA
:10D940003A7B22537461747573223A302C2255430A
:10D95000223A25752C224944223A25752C224574F9
:10D9600065626172223A25752C2250726545746594
:10D97000626172223A25757D7D0A00002C0B002021
:10D980000FB4054B10B503A9044A029800F048F8FB
:10D9900010BC5DF814FB000035E20008B002002066
:10D9A0000FB4084B10B504A902AA039800F038F888
:10D9B000044602A9002000F05EFA204610BC5DF883
:10D9C00014FB000077DE000802480068C0F3022064
:10D9D000704700000CED00E010B5002804DB0A07DA
:10D9E000130E054A135406E00A07140E034A00F00A
:10D9F0000F031B1FD45410BD00E400E018ED00E03D
:10DA000002E008C8121F08C1002AFAD17047704707
:10DA1000002001E001C1121F002AFBD17047000065
:10DA20002DE9FF4F8DB00F460546002606E025285C
:10DA30000BD0DDE90F1290476D1C761C287800286A
:10DA4000F5D111B03046BDE8F08F0024A246A146C2
:10DA50000122E94900E0044315F8013F203B02FAA6
:10DA600003F00842F7D128782A2810D06FF02F024F
:10DA70002878A0F13001092914D80AEB8A0102EBB9
:10DA8000410144F0020400EB010A6D1CF0E701CFF4
:10DA90005FEA000A03D544F40054CAF1000A44F0D6
:10DAA00002046D1C28782E2817D115F8010F44F0B8
:10DAB00004042A280ED06FF02F022878A0F130013C
:10DAC00009290AD809EB890102EB410100EB0109A0
:10DAD0006D1CF2E757F8049B6D1C28786C280FD05A
:10DAE00006DC4C2817D068280DD06A2814D104E031
:10DAF000742810D07A280FD10DE044F400140AE005
:10DB000044F4801401E044F440146978814202D165
:10DB100004F580146D1C6D1C28786E281ED00CDC5A
:10DB2000632830D004DC00288BD0582811D19FE026
:10DB3000642867D069280CD164E073282DD004DCF8
:10DB40006F2872D0702804D194E075286ED07828A0
:10DB50006DD0DDE90F129047761C4BE1C4F3025003
:10DB6000022806D0032809D0042801CF09D0066076
:10DB700040E101CFF117C0E900613BE101CF068030
:10DB800038E1067036E117F8040B8DF8000000202C
:10DB90008DF80100EB46012003E057F804BB4FF07D
:10DBA000FF3061074FF0000102D40DE008F10101E0
:10DBB000884649450FDA8045F8DB1BF80810002934
:10DBC000F4D108E008F1010188468142FADB1BF834
:10DBD00008100029F6D1DDE90F23AAEB08008146E1
:10DBE000214600F031F9304400EB080604E0DDE99D
:10DBF0000F121BF8010B9047B8F10108F7D221462C
:10DC00004846F2E00A21C4F302524FF0000B08919B
:10DC1000022A04D001CFC117032A09D00AE0FF1D50
:10DC200027F00707F7E8020108E02CE01EE01FE0FC
:10DC300000B2C117042A01D140B2C117021E71F10E
:10DC4000000206DA0023D0EB030063EB01012D2272
:10DC500002E0220504D52B228DF82420012203E0C6
:10DC6000E20701D02022F7E7904653E00A210BE0BB
:10DC7000102109E010214FF0000B44F004044FF094
:10DC80000809089103E008214FF0000B0891C4F344
:10DC90000252022A04D001CF0021032A06D006E056
:10DCA000FF1D27F00707F7E8020103E080B2042A0E
:10DCB00000D1C0B24FF0000822072BD52A78702A75
:10DCC00007D0DDF820C08CF0100C5CEA0B0C05D0FE
:10DCD0000EE040228DF82420012208E050EA0103E2
:10DCE00006D030238DF824308DF82520022290466E
:10DCF000089B83F0080353EA0B030BD150EA01029F
:10DD000001D1620706D530228DF824204FF001089A
:10DD1000A9F101092A78582A04D038A20B9208AA3E
:10DD20000A920BE03AA2F9E75B46089AF2F737FA53
:10DD30000B9B9B5C0A9A521E0A92137050EA0102D6
:10DD4000F2D10A98ADEB000000F1200B600702D57C
:10DD500024F4803401E04FF00109D94502DDA9EB3C
:10DD60000B0000E0002000EB0B0141440890AAEBFF
:10DD7000010AE00306D4DDE90F232146504600F0F6
:10DD800063F806444FF0000908E009A911F80900FA
:10DD9000DDE90F12904709F10109761CC145F4DB5A
:10DDA000E0030CD5DDE90F232146504600F04CF886
:10DDB000064404E0DDE90F1230209047761C0899F4
:10DDC000481E08900029F5DC08E00A980A990078B6
:10DDD000491C0A91DDE90F129047761CBBF1000146
:10DDE000ABF1010BF1DC21465046DDE90F2300F0D9
:10DDF00019F806446D1C21E6092801003031323340
:10DE00003435363738396162636465660000000076
:10DE10003031323334353637383941424344454660
:10DE2000000000002DE9F041044600251E4617467B
:10DE3000880404D405E039462020B0476D1C641ED8
:10DE4000F9D52846BDE8F0812DE9F04104460025CA
:10DE50001E469046C80301D5302700E020278804DD
:10DE600004D505E041463846B0476D1C641EF9D51F
:10DE70002846BDE8F0810A68531C0B60107070479B
:10DE800010B50120F3F7E0FC0BA001F0F1FC00203D
:10DE9000164908600120164908701649087016498D
:10DEA0000870002015490870154908704FF4167164
:10DEB0001448F2F762F910BD7B22526563656976FA
:10DEC00065223A7B22537461747573223A32367D2F
:10DED0002C2243223A7B2254797065223A224361F4
:10DEE0006E73656C227D7D0A000000002400002016
:10DEF0005C0000205F000020610000207000002016
:10DF00005D0000206C070020014601F0030090B97D
:10DF10006420B1FBF0F200FB121050B94FF4C8704E
:10DF2000B1FBF0F200FB121008B90120704700208D
:10DF3000FCE70120FAE70020F8E7000010B590B0F8
:10DF4000342103A8F2F719F948A103C9CDE9010169
:10DF50004848807800044749C97800EB01214548CA
:10DF600000790C1824B944A001F082FC10B010BD57
:10DF70004048407801281FD131208DF809004548DC
:10DF80004549086005204860002143488160C16020
:10DF900001610C21416100218161C161F7F714F831
:10DFA00008B1F2F769FB3C480068C06840F0200007
:10DFB00039490968C86049E02E48407802281ED1D6
:10DFC00032208DF80900354835490860084644601C
:10DFD00000218160C16001610C21416100218161EA
:10DFE000C161F6F7F1FF08B1F2F746FB2C48006873
:10DFF000C06840F020002A490968C86026E01D4832
:10E00000407803281ED133208DF809002548264981
:10E0100008600846446000218160C16001610C21F4
:10E02000416100218161C161F6F7CEFF08B1F2F7CD
:10E0300023FB1D480068C06840F020001A490968A9
:10E04000C86003E00CA001F013FC8FE7234601AA8F
:10E0500016A103A8FFF7A4FC03A801F009FC0A21FC
:10E060000448F2F78AF800BF80E700005553415298
:10E07000543000006C0700207B225265636569768E
:10E0800065223A7B22537461747573223A313930B8
:10E090007D7D0A0000380140C40E0020004400408D
:10E0A000080F0020004800404C0F00207B22434214
:10E0B00052223A7B22537461747573223A302C22B7
:10E0C000496E73223A25732C224252223A25757DDD
:10E0D0007D0A000010B586B00446F3F783FC0120EA
:10E0E00004900F480390002001900120029005A9A0
:10E0F00001A8F3F7BDFB78B9F3F712FC0598401CB3
:10E1000010B1002006B010BD24B9FF22102105482F
:10E11000F2F72CF80120F5E7F3F702FC0020F1E715
:10E1200000FC01085021002000B5002210211046FB
:10E1300000F002F800BD000030B503465818402832
:10E1400001D9002030BD18460FE02AB1094C044423
:10E1500094F8004C1470521C102805D2054C04444D
:10E1600094F8004C044D2C54401CCC188442ECD83C
:10E170000120E7E700F00108502100202DE9F047D9
:10E1800006468946154606EB0900402802D90020BC
:10E19000BDE8F0870DB90020FAE7F3F723FC00246F
:10E1A00013E02A5D601C285C42EA0020C317074682
:10E1B000A019094A81183A460120F3F7BBFB18B1B0
:10E1C000F3F7AEFB0020E3E7A41C4C45E9D3F3F7DB
:10E1D000A7FB0120DCE7000000FC010810B506A049
:10E1E00001F046FB0020114908704FF416711048E9
:10E1F000F1F7C3FF10BD00007B22526563656976AD
:10E2000065223A7B22537461747573223A32367DEB
:10E210002C2243223A7B2254797065223A2245749B
:10E2200065626172227D7D0A000000005C000020B2
:10E230006C07002013B50C4601216846F2F7C0F9BF
:10E240000120F3F701FB00981CBD000010B5002869
:10E2500021D0114B0022001F196803E0814203D82E
:10E260000A4649680029F9D152B11368841A9C42C0
:10E2700004D1006818441060104602E0506000E0CD
:10E28000186039B102680B1A934203D10B681A4423
:10E2900002604968416010BDB402002000B585B03D
:10E2A0000120F3F7D1FA002215491648F5F72EFEA2
:10E2B000002215491348F5F7CBFD134800781249A1
:10E2C0008978114A5278104BDB78CDE90132CDE9DB
:10E2D00003100B48807800900948437802780BA11E
:10E2E0001948FFF75DFB184801F0C2FA0120F3F767
:10E2F000ABFA4FF416711548F1F73FFF05B000BDBA
:10E30000D0000020B80D0020D30000207B22542232
:10E310003A7B2248223A25642C224D223A25642C4D
:10E320002253223A25642C2259223A25642C226D4C
:10E33000223A25642C2244223A25642C2257223A80
:10E3400025647D7D0A000000C40900206C070020C0
:10E350002DE9F041F3F706FD50490968401A3228CB
:10E360007ED3F2F759F80446002701264C4840882E
:10E370004B4908800846808848800846C0888880C5
:10E3800008460089C8800846408908810846808977
:10E3900048810846C08988810846008AC8810846A5
:10E3A000408A08824C8208460088642827DA08469A
:10E3B0004088642823DA0846808864281FDA0846E3
:10E3C000C08864281BDA08460089642817DA0846E2
:10E3D0004089642813DA0846808964280FDA0846E1
:10E3E000C08964280BDA0846008A642807DA0846E0
:10E3F000408A642803DA01202A4908700026284848
:10E40000008840F6B831884226DD25484088884299
:10E4100022DD2348808888421EDD2148C08888424A
:10E420001ADD1F480089884216DD1D484089884250
:10E4300012DD1B48808988420EDD1948C089884258
:10E440000ADD1748008A884206DD1548408A88425E
:10E4500002DD00201349087012480078B8B100E0CE
:10E460001AE0A6B1C4EB04140F48044422460FA1DD
:10E470001448FFF795FA002507E0124801F0F8F973
:10E480000120F3F7E1F9681CC5B20A2DF5DBF3F7BB
:10E4900069FC0249086000BFBDE8F081A8020020C5
:10E4A0000C360020AC02002030E602007B224D2218
:10E4B0003A7B22536D706C65223A256C647D7D0A2F
:10E4C000000000002036002038B504460D460A2022
:10E4D0002B462246482100900248F3F731FD0249BD
:10E4E000087038BD640D00209800002038B504463F
:10E4F0000D460A202B462246482100900248F3F799
:10E50000CBFE0249087038BD640D00209800002041
:10E5100070B504460D46002617E0012251020C4852
:10E52000F3F71AFC2846F3F78FF900224FF4007135
:10E530000748F3F711FC2846F3F786F90122510248
:10E540000348F3F709FC701CC6B2A642E5DB70BDB8
:10E55000000801402DE9F04FADF5057D24217CA890
:10E56000F1F70BFE00201790169010907C48006881
:10E57000401E0F9000200E9000247AA001F078F940
:10E58000864800884EF61671884206D084A001F0B5
:10E590006FF90DF5057DBDE8F08F7148006830B961
:10E5A0008548006818B985A001F062F9F1E70024F8
:10E5B0008148006860B16A48006828B1684804680A
:10E5C00047F2C7100F9003E0002447F2C7100F90E6
:10E5D000BFE04AF6AA207F490968086004EBC4013D
:10E5E0004FF4001202EB81007CAA2421F7F71CFEF5
:10E5F0009DF8F00108287DD11098401C10909DF8DE
:10E60000F1019DF8F21100EB01209DF8F31100EBF0
:10E6100001409DF8F41100EB016016909DF8F501A2
:10E620009DF8F61100EB01209DF8F71100EB014079
:10E630009DF8F81100EB016017909DF8F901159015
:10E640009DF8FAA19DF8FB019DF8FC1100EB01205B
:10E650009DF8FD1100EB01409DF8FE1100EB0165F6
:10E660009DF8FF019DF8001200EB01209DF80112BA
:10E6700000EB01409DF8021200EB01669DF80302D9
:10E680009DF8041200EB01209DF8051200EB0140FB
:10E690009DF8061200EB01679DF807029DF808122D
:10E6A00000EB01209DF8091200EB01409DF80A12D1
:10E6B00000EB01689DF80B029DF80C1200EB0120A5
:10E6C0009DF80D1200EB01409DF80E1200EB016960
:10E6D0009DF80FB29DF8103214939DF811221392F9
:10E6E0009DF8121212919DF81302119011A80BC8F7
:10E6F000149A00E018E0CDE907ABCDE90589CDE932
:10E700000923CDE90B10169801A9E1C117980090D3
:10E71000314918A8159B109AFFF742F918A801F083
:10E72000A7F86420F3F790F82348006880B10C48FC
:10E73000006868B10F9884420AD10E9800B128E7AA
:10E740004FF0FF3406480068401E0F9001200E90E5
:10E75000641C0F9884427FF63CAF00BF19E70000AD
:10E76000000000207B2252656365697665223A7B52
:10E7700022537461747573223A32367D2C224D65B2
:10E780006D223A7B2254797065223A225261656487
:10E790005265636F7264227D7D0A000012000020C2
:10E7A0007B224D656D223A7B22537461747573220E
:10E7B0003A2D317D7D0A0000040000207B224D654A
:10E7C0006D223A7B22537461747573223A337D7DD6
:10E7D0000A000000580D00200C09010888B0F3F76A
:10E7E00095FEFBF7FFFEF7F783FDF7F75BFEF7F704
:10E7F00071FEF7F791FEF7F7B3FEF7F71FFEF7F795
:10E80000E5FEF7F7FBFEF7F715FFF7F737FEFE48D3
:10E81000F6F71CF9FD480068C06840F02000FB498D
:10E820000968C8600A20F3F70FF8F9480068C06863
:10E8300040F02000F6490968C860F6480068C068E2
:10E8400040F02000F3490968C8600020F2490860E0
:10E85000F9F712F9F7F742FDFFF766FC1E210720D2
:10E86000FFF756FE4FF47A70F2F7EEFFF7F7FEFE71
:10E870004FF47A70F2F7E8FF00224FF40041E748C6
:10E88000F3F76AFA40F2E970F2F7DEFF4AF6AA20DF
:10E89000E3490968086040F2E970F2F7D5FF012208
:10E8A000D103DE48F3F758FA0120DE4908704AF632
:10E8B000AA20DB4909680860FBF746FADA490880B4
:10E8C000084600884EF61671884206D11022D749B4
:10E8D000D7A0FBF7CDFAF7F7B9FCF7F7FFFCF1F794
:10E8E000DBFCF3F73FFA0446F3F73CFAA0E3F3F757
:10E8F00039FA001B40F6B831884205D3F3F732FAF3
:10E900000446CEA000F0B4FFD348007858B1F9F720
:10E91000B3F84AF6AA20C24909680860F7F78EFDE5
:10E920000120F2F791FF4AF6AA20BD490968086064
:10E93000CA48008800287CD00120F2F785FFC8482B
:10E94000007856284AD024DC2A2873D010DC082806
:10E9500071D006DC01286FD002286ED003286DD15B
:10E96000A4E009286BD010286AD02328F7D1C9E089
:10E97000472866D006DC422842D0452874D0462875
:10E98000EDD103E14E2870D0502833D05128E6D184
:10E9900004E171286AD010DC672868D006DC5A28A8
:10E9A00072D0632871D06628D9D1DFE068286DD095
:10E9B0006E286CD07028D2D192E0772868D006DC1F
:10E9C000722823D0732870D07528C8D10CE0802815
:10E9D0004ED0812852D0FE28C1D1F1E001F088F953
:10E9E0000120A049087007E101F0AEFB01209D491C
:10E9F000087001E1F1F702FF01209A490870FBE07D
:10EA0000FFF79CFA012097490870F5E096A000F006
:10EA10002FFF0A20F2F718FF00BF00BF00BF00BFA2
:10EA200000BFBFF34F8F00BF00BF00BF9548006815
:10EA300008E05EE160E04DE02BE030E0CDE03EE05C
:10EA4000C4E079E000F4E0608F490843001D8D497F
:10EA5000086000BF00BF00BFBFF34F8F00BF00BF03
:10EA600000BF00BF00BFFDE752E087E09CE055E03B
:10EA700001F066FA01207B490870BDE0FFF70EFC4B
:10EA8000012078490870B7E050E05BE02EE065E0D7
:10EA900090E001F00FFB012072490870ACE001F03A
:10EAA00053FB01206F490870A6E051E0012277492D
:10EAB0007748F8F7E3FD01206A4908709CE0FBF70E
:10EAC00043F90546294673A0FEF75AFF0120654920
:10EAD000087091E001F0CCFA0120624908708BE0E7
:10EAE000F9F740F801205F49087085E0FAF720F94E
:10EAF00001205C4908707FE001206D490870594988
:10EB0000087079E001206B4908705649087073E07D
:10EB1000FFF764FB0120534908706DE050494878C5
:10EB2000FAF744FB01204F49087065E001F0CAFB89
:10EB300001204C4908705FE001F090FC0120494938
:10EB4000087059E0FFF79CF901204649087053E02E
:10EB500001F0A0F90120434908704DE031216E20F9
:10EB600000F0C2FD01203F49087045E031216620D8
:10EB700000F0BAFD01203B4908703DE032216E20D3
:10EB800000F0B2FD01203749087035E032216620DF
:10EB900000F0AAFD0120334908702DE000F01CFCB4
:10EBA00001203049087027E0FFF7D4FC01202D49EF
:10EBB000087021E001F09EFA01202A4908701BE04C
:10EBC000F1F71CFD01202749087015E000203A49A3
:10EBD00008600120234908700EE038A000F048FECC
:10EBE00013203D49087000201E490870F1F788FC89
:10EBF00000203A49086000BF00BF13203649087062
:10EC00000020184908706BE07C0E0020080F0020DF
:10EC10004C0F0020C40E00202000002000080140FE
:10EC2000580D00200A00002012000020F0FF07000D
:10EC300051574552545955494F5000007B22526557
:10EC40007175657374223A7B2253746174757322F3
:10EC50003A36397D7D0A0000980000200C00002023
:10EC60006C070020610000207B2252656369766595
:10EC7000223A7B22537461747573223A37307D7D5A
:10EC80000A0000000CED00E00000FA0599000020E9
:10EC9000400D00207B224D656D223A7B2256657225
:10ECA00073696F6E223A307825587D7D0A00000026
:10ECB0006000002070000020E80000207B225265E8
:10ECC0006365697665223A7B225374617475732299
:10ECD0003A31397D7D0A000015000020180000201F
:10ECE000D4490860D4490880D44908800120F2F74B
:10ECF000ABFDFFF72DFBD248007808B1F9F7CCFE49
:10ED0000D048007820B1F9F79FFB0120CE49087068
:10ED1000CE48006880B14FF49670F2F795FDCB486D
:10ED20000168CB4800F0D8FD0020C84908604FF4C6
:10ED30009671C748F1F721FAC6480088322807DDE6
:10ED40000020C44908804FF40071C348F2F7FAFF6D
:10ED5000C248F6F721FE01281AD1C048F6F71CFE7A
:10ED6000012815D1BE480078012807D1F2F7FAFF33
:10ED7000BC4908600220BA49087008E0B848007829
:10ED800028B90020B849C8708870487008704FE1F1
:10ED9000B2480078B4490978884227D1AF48407812
:10EDA000B1494978884221D1AC488078AE49897808
:10EDB00088421BD1A948C078AB49C978884215D18F
:10EDC000A7480078022810D1F2F7CCFFA5490968BE
:10EDD000401AB0F57A6F04D8F2F7C4FFA149086071
:10EDE00026E100209E49087000E021E100209C49B6
:10EDF00008701021F6F7D6FC70B19848F6F7CCFDF4
:10EE000020B19648F6F7C8FD00B111E110210020AD
:10EE1000F6F7C8FC00B10BE194490120F6F754FD68
:10EE200000287DD100BF05E08C49095C8E4A115451
:10EE3000411CC8B20428F7DB002005E08B49095CBF
:10EE40008B4A1154411CC8B21028F7DBC9208949EC
:10EE50000870002008E08649095C864A1278514013
:10EE6000844A1170411CC8B20F28F4DB7F48007837
:10EE7000814908607D484078096801EB00207E499F
:10EE800008607A4880787D4908607848C0780968C9
:10EE900001EB00207949086074480079096801EBAA
:10EEA00000407649086071484079096801EB0060CC
:10EEB000724908607048006800F40040B0F5004FE7
:10EEC00013D16D480068C0F30E006B490860084616
:10EED000006846F62921484067490860674800688D
:10EEE0004BF2A62148406549086065480078002833
:10EEF0007DD064480078B0B96348007880F00100A4
:10EF000061490870F2F72EFF001BB0F57A7F0AD333
:10EF100000204D490870F2F725FF04464F4800E0F5
:10EF200085E000F02FFB59480078E8BB00205849E5
:10EF30000860524800685749096888425BD15648C2
:10EF4000F1F78CFC88BB55485549564A564BCDE9DC
:10EF50000432CDE90610504A54480168544800680C
:10EF60004B4B1B68CDE90030CDE902121046514AE7
:10EF7000484903681320F7F7C3FB4F490870084658
:10EF80000078092803D00846007801281ED143489C
:10EF90004349444A444BCDE90432CDE906103E4A88
:10EFA00042480068424901E039E02FE00968384BE7
:10EFB0001B68CDE90031CDE9020210463D4A3549D2
:10EFC00003681320F7F79CFB3B4908703248F1F7C0
:10EFD00045FCD8B93448006800902F48036836488B
:10EFE000027836A12148FEF7DBFC204800E01AE059
:10EFF00000F03EFC0AE02C48036827483BA1026869
:10F000001A48FEF7CDFC194800F032FC1F48007882
:10F0100080F001001D49087000201A490870642022
:10F02000F2F712FC03E032210A20FFF771FA00BF69
:10F030005DE40000180000200C0000200E000020FD
:10F040006000002070000020D70000205800002041
:10F05000000A002072000020000801407500002016
:10F06000D8000020DC0000207A000020DC0C00200A
:10F07000BC0C0020740000208400002080000020D0
:10F08000090000205D0000205C0000205F000020DF
:10F0900030000020640000203C00002049000020D7
:10F0A000480000202C0000204400002038000020F0
:10F0B0003400002068000020150000207B2243223D
:10F0C0003A7B22537461747573223A25752C22455C
:10F0D0007465626172223A25752C225072654574FE
:10F0E00065626172223A25757D7D0A007B2243228A
:10F0F0003A7B22537461747573223A31302C224565
:10F100007465626172223A25752C225072654574CD
:10F1100065626172223A25757D7D0A002DE9F04114
:10F12000ADF5047D012601254FF0000800270020E1
:10F13000474908800120F2F787FB00245BE04AF68C
:10F14000AA204449096808600020414908804249D2
:10F1500008804249086029461E20FBF7E9F8F2F7CB
:10F1600001FE80460DE04AF6AA203A490968086087
:10F17000F2F7F8FDA0EB080042F6E061884200D902
:10F1800003E0334800880028EDD000BF0A20F2F7E2
:10F190005BFB2846F1F770FF061E1AD140F20712FA
:10F1A00021462F48FAF764FE68B140F20712214663
:10F1B0002B48FAF75DFE30B12AA000F059FB0DF59F
:10F1C000047DBDE8F081681C85B204F207140027B5
:10F1D00010E0052F03DD2CA000F04AFBEFE7002034
:10F1E0001B49088040F207111D48F0F7C6FF781C44
:10F1F000C7B200E000BF642EA1D126D1A4F20E2137
:10F2000040F2071242A8FAF74BFDA4F2071140F2B0
:10F21000071242A8FAF744FD40F207122146684659
:10F22000FAF73EFD1022214620A0FAF721FE0A201F
:10F23000F2F70AFB102220491CA0FAF719FE0A2057
:10F24000F2F702FB1DA000F013FB00BFB7E70000C0
:10F250000C000020580D00200E0000201800002097
:10F260006C0700207B225570646174654669726D7D
:10F2700077617265223A7B22537461747573223A06
:10F28000327D7D0A000000007B2255706461746548
:10F290004669726D77617265223A7B22537461749C
:10F2A0007573223A317D7D0A0000000041534446C7
:10F2B00047484A4B4C000000F0FF07007B22557086
:10F2C000646174654669726D77617265223A7B226A
:10F2D000537461747573223A38357D0A000000005A
:10F2E0002DE9F04104460D460021002601220020B0
:10F2F0002346092111E00122002604E002EB8207E7
:10F300007A00771CBEB28E42F8DBB3FBF2F717B17E
:10F310004F1CB9B203E04F1EB9B20029EBD100BFB8
:10F32000C8B2002112E0B3FBF2F7303707F0FF0854
:10F330000F4601F1010C1FFA8CF105F80780B3FBB1
:10F34000F2F702FB17330A27B2FBF7F28142EADB3E
:10F35000BDE8F081F0B50B30154D20F00701002419
:10F36000144A0FE003688B420BD38B4205D95E1A17
:10F3700043184768C3E9006700E04368136002C0B0
:10F3800004E0021D10680028ECD12046002802D1BC
:10F39000286808B10020F0BD064A07481060074AF7
:10F3A000121A22F00702C0E9002401202860D7E7E2
:10F3B000B8020020B40200205C360020583C002037
:10F3C00010B5044601231A4621460248F5F709FF05
:10F3D00010BD00004C0F00202DE9F04FDBB02421C0
:10F3E00052A8F0F7CAFE4FF0000AD3465B480088E7
:10F3F0004EF6167188427DD15948007800287AD19E
:10F4000057484078002876D156480068002873D0C5
:10F4100054490968491E01EBC1014FF4001202EB87
:10F42000810052AA2421F6F7FFFE9DF84801082822
:10F4300079D19DF849019DF84A1100EB01209DF812
:10F440004B1100EB01409DF84C1100EB016B9DF856
:10F450004D019DF84E1100EB01209DF84F1100EB7E
:10F4600001409DF8501100EB016A9DF851919DF803
:10F4700053019DF8541100EB01209DF8551100EB4C
:10F4800001409DF8561100EB01649DF857019DF86D
:10F49000581100EB01209DF8591100EB01409DF837
:10F4A0005A1100EB01659DF85B019DF85C1100EBC2
:10F4B00001209DF85D1100EB01409DF85E1100EB0D
:10F4C00001669DF85F019DF8601100EB01209DF839
:10F4D000611100EB01409DF8621100EB01679DF89E
:10F4E00063019DF8641100EB01209DF8651100EBAC
:10F4F000014002E022E01DE018E09DF8661100EBFB
:10F50000016853464A46184907A8CDE900B4CDE939
:10F510000478CDE90256FEF743FA07A800F0A8F9EF
:10F520000A20F2F791F95BB0BDE8F08F0FA000F070
:10F530009FF9F8E70A4800F09BF9F4E708480078DB
:10F5400030B90748407818B908A000F091F9EAE707
:10F55000034800F08DF900BFE5E70000120000202D
:10F56000BC02002000000020040A01087B224D6537
:10F570006D223A7B22537461747573223A337D7D18
:10F580000A0000002DE9F0478AB00746F2F7EAFBCF
:10F59000814600200590049075E04AF6AA203A4979
:10F5A00009680860F2F7DEFBA0EB0900B0F57A7F8E
:10F5B00003D9FF200AB0BDE8F0873846F6F7ECF92A
:10F5C00020B13846F6F7E8F900B15CE039210420B3
:10F5D000F6F7E8F870B13846F6F7DEF920B13846AC
:10F5E000F6F7DAF900B14EE039210420F6F7DAF83F
:10F5F00000B148E006A91120F6F766F9002841D1CC
:10F600000026002504E006A8405D4640681CC5B2FF
:10F610000F2DF8DB9DF82700B0422ED19DF8184041
:10F620009DF8190004EB0020C4B264B1162C0AD076
:10F63000172C08D0182C06D0192C04D013A000F0D9
:10F6400017F9FF20B6E79DF81A8004A905A8F1F77D
:10F65000D7FA88B9DDE904108DE813001048036873
:10F660001048026810A11F48FEF79AF982461D480B
:10F6700000F0FEF800209DE705E004A000F0F8F897
:10F68000FF2097E700BF88E7580D00207B22432228
:10F690003A7B22537461747573223A327D7D0A007D
:10F6A00084000020800000207B2243223A7B2249F4
:10F6B00044223A25642C225543223A25642C2245C3
:10F6C0007465626172223A25752C22486564696509
:10F6D000223A25642C224D6F64656C223A25647DA4
:10F6E0007D0A00002C0B002070B504460D46312D1C
:10F6F0002AD16E2C12D1012211022A48F2F72CFBDA
:10F700000120F2F7A1F828A000F0B2F80120324958
:10F7100008704FF416713148F0F72FFD662C13D1A5
:10F7200000224FF480711F48F2F716FB0120F2F718
:10F730008BF82BA000F09CF80120274908704FF4AB
:10F7400016712648F0F719FD322D2AD16E2C12D1F0
:10F75000012291021348F2F7FFFA0120F2F774F840
:10F760002BA000F085F801201B4908704FF416719A
:10F770001A48F0F702FD662C13D100224FF4806185
:10F780000848F2F7E9FA0120F2F75EF82CA000F041
:10F790006FF80120104908704FF416710F48F0F708
:10F7A000ECFC70BD000801407B2252656365697600
:10F7B00065223A7B22537461747573223A32367D26
:10F7C0002C225231223A7B22537461747573223A8F
:10F7D00032337D7D0A000000610000206C070020AC
:10F7E0007B2252656365697665223A7B2253746198
:10F7F000747573223A32367D2C225231223A7B22A2
:10F80000537461747573223A32347D7D0A000000AE
:10F810007B2252656365697665223A7B2253746167
:10F82000747573223A32367D2C225232223A7B2270
:10F83000537461747573223A32337D7D0A0000007F
:10F840007B2252656365697665223A7B2253746137
:10F85000747573223A32367D2C225232223A7B2240
:10F86000537461747573223A32347D7D0A0000004E
:10F870002DE9F04106463046F0F78AFCC7B2002475
:10F880004FF47A7539463046F0F79AFE05460CE09B
:10F8900039463046F0F794FE05460120F1F7D4FFD3
:10F8A000601CC4B20A2C00DD01E0002DF0D100BFC5
:10F8B00000224FF400710748F2F74EFA0120F1F7E9
:10F8C000C3FF012251020348F2F746FA2846BDE879
:10F8D000F0810000000801402DE9F04FA1B004467E
:10F8E0008846002700250026F748007828B90A2016
:10F8F000F1F7AAFF21B0BDE8F08FF34800780328A4
:10F900007ED12079092825D16079622822D1A07979
:10F9100045281FD1E07970281CD1207C312819D1CD
:10F92000607C322816D1A07C342813D1E07C3528A5
:10F9300010D1E07D1C280DD1207D30386421484352
:10F94000617D303901EB810100EB4101A07D303850
:10F950000F1803E0DDA0FFF78BFFCBE7002F66D188
:10F960000026002507E0605D1C2803D1761C042ECC
:10F9700000D102E06D1C4545F5D900BFA81C205CF4
:10F980003038691C615C303901EB810100EB4100CA
:10F9900000F0FF09281D205C3038E91C615C30391B
:10F9A00001EB810100EB410000F0FF0AA81D205C83
:10F9B0003038691D615C303901EB810100EB410099
:10F9C00000F0FF0B05F10800205C3038E91D615C98
:10F9D000303901EB810100EB4100C0B2209005F10C
:10F9E0000A00205C303805F10901615C303901EB17
:10F9F000810100EB4100C0B21F9005F10B0000E057
:10FA0000A9E0205C1C2804D0002083468246814661
:10FA100020901F9801A9A1E8010E20980090B248FB
:10FA20003A46B249036806A8FDF7BAFF8CE0372FC3
:10FA30000DD1002001900290039004900090AA48FC
:10FA40003A46AA49036806A8FDF7AAFF7CE04E2FB4
:10FA50000DD1002001900290039004900090A248E4
:10FA60003A46A249036806A8FDF79AFF6CE0802F8A
:10FA70000DD10020019002900390049000909A48CC
:10FA800003229A49036806A8FDF78AFF5CE04B2F22
:10FA90000DD10020019002900390049000909248B4
:10FAA0003A469249036806A8FDF77AFF4CE03D2FDD
:10FAB0000DD10020019002900390049000908A489C
:10FAC0003A468A49036806A8FDF76AFF3CE0332FEF
:10FAD0000DD1002001900290039004900090824884
:10FAE0003A468249036806A8FDF75AFF2CE0132F17
:10FAF0000DD10020019002900390049000907A486C
:10FB00003A467A49036806A8FDF74AFF1CE07F2FB2
:10FB10000DD1002001900290039004900090724853
:10FB200001227249036806A8FDF73AFF0CE00020A5
:10FB3000019002900390049000906B483A466B4904
:10FB4000036806A8FDF72CFF06A8FFF791FE012029
:10FB5000F1F77AFECEE65C48007804287DD1A079E2
:10FB600072287BD100250CE0605D882808D1681CD4
:10FB7000205C022804D1A81C205C012800D102E0EE
:10FB80006D1C4545F0D900BF454503D34FA0FFF795
:10FB90006FFEAFE6E81C205C002879D1002608E063
:10FBA000A05D872804D1701C205C132800D102E0DE
:10FBB000761C4645F4D900BF464500D3002676B9E9
:10FBC000002001900290039004900090E81C225CB9
:10FBD00045484649036806A8FDF7E2FE53E0701D5C
:10FBE000205C3038311D615C303901EB810100EB64
:10FBF000410000F0FF0906F10800205C3038F11DDB
:10FC0000615C303901EB810100EB410000F0FF0A3B
:10FC100006F10B00205C303806F10A01615C3039D6
:10FC200001EB810100EB410000F0FF0B06F10E003B
:10FC3000205C303806F10D01615C303901EB810147
:10FC400000EB4100C0B2209006F11100205C30387A
:10FC500006F11001615C303901E033E02FE001EB87
:10FC6000810100EB4100C0B21F901F9801A9A1E8DB
:10FC7000010E20980090E81C225C1B481B49036879
:10FC800006A8FDF78DFE06A8FFF7F2FD12E0FFE7DC
:10FC9000002001900290039004900090E81C225CE8
:10FCA00011481249036806A8FDF77AFE06A8FFF777
:10FCB000DFFD00BF00BF0120F1F7C6FD1AE603A07B
:10FCC000FFF7D6FD00BF15E69D0000207B225022E5
:10FCD0003A7B22726573706F6E7365436F64652241
:10FCE0003A2D317D7D0A0000A0000020C4080108E3
:10FCF00000B599B064216846F0F73FFA40F233123C
:10FD00002AA16846FDF74CFE6846FFF7B1FD4FF0AB
:10FD1000006000683549884203D135A0FFF7A8FD8F
:10FD20000CE04FF0006000683549884203D135A0EF
:10FD3000FFF79EFD02E037A0FFF79AFD39A0FFF71D
:10FD400097FD0120F1F780FD3AA0FFF791FD01201A
:10FD5000F1F77AFD3C4841683CA0FDF711FE012017
:10FD6000F1F772FD3CA0FFF783FD414800884EF695
:10FD70001671884206D10120F1F766FD3DA0FFF71C
:10FD800077FD05E00120F1F75FFD3DA0FFF770FD75
:10FD90000120F1F759FD3DA0FFF76AFD4FF4167100
:10FDA0003B48F0F7EAF919B000BD00007B22466934
:10FDB000726D77617265223A7B2246223A312C229B
:10FDC00044657669636554797065223A22416D75A0
:10FDD00073656D656E745061726B222C2252656C76
:10FDE00065617365223A256400000000904100209F
:10FDF0002C22426F6F74566572223A310000000067
:10FE0000001A00202C22426F6F74566572223A321B
:10FE1000000000002C22426F6F74566572223A3344
:10FE2000000000002C224175746F537461727422BB
:10FE30003A3100002C225265616465725479706514
:10FE4000223A504E35333200080F00202C22506FDA
:10FE500073223A25640000002C226F6E65526561A2
:10FE60006443617264496E4669656C64223A31008C
:10FE7000120000202C224D454D223A310000000096
:10FE80002C224D454D223A30000000007D7D0A00B5
:10FE90006C07002010B50C48007810B90BA0FFF7D4
:10FEA000E7FC0948007810B116A0FFF7E1FC06480E
:10FEB000007880F00100044908704FF416711F4863
:10FEC000F0F75BF910BD00005D0000207B22526559
:10FED0006365697665223A7B225374617475732277
:10FEE0003A32367D2C2243223A7B225479706522A5
:10FEF0003A22556E53656E6453657269616C227D5A
:10FF00007D0A00007B2252656365697665223A7B33
:10FF100022537461747573223A32367D2C22432247
:10FF20003A7B2254797065223A2253656E64536598
:10FF30007269616C227D7D0A000000006C07002060
:10FF400010B52C4840782C4908702A4880784870B1
:10FF50002848C07888702748007928498870254843
:10FF6000407948702348807908702248C079C87069
:10FF70000120F1F769FC20480078172817DC1E489B
:10FF800040783B2813DC1C4880783B280FDC1B485A
:10FF9000807820280BDC194840780D2807DC1748AA
:10FFA000C0782A2803DC15480078082803DD14A04F
:10FFB000FFF75EFC10BD00220F491848F4F71CF94A
:10FFC00018B117A0FFF754FCF4E70120F1F73CFC4F
:10FFD00000220A491148F4F761F800B1EAE716A0D7
:10FFE000FFF746FC4FF416710248F0F7C6F800BF61
:10FFF000E0E700006C070020D0000020D3000020C4
:020000040801F1
:100000007B2252656365697665223A7B225374616F
:10001000747573223A3139307D7D0A00B80D0020A5
:100020007B2254223A7B22537461747573223A31D5
:1000300032387D7D0A0000007B2252656365697657
:1000400065223A7B22537461747573223A32367D8D
:100050002C2254223A7B2254797065223A2253652D
:100060007454696D6544617465227D7D0A000000E9
:1000700010B507484078FF2808D106A0FFF7F8FB25
:1000800000224FF400410A48F1F766FE10BD00005F
:100090006C0700207B2252656365697665223A7B96
:1000A00022537461747573223A32367D7D0A0000E2
:1000B0000008014010B506484078AA2807D105A0DD
:1000C000FFF7D6FB0122D1030948F1F745FE10BD29
:1000D0006C0700207B2252656365697665223A7B56
:1000E00022537461747573223A32367D7D0A0000A2
:1000F0000008014000B599B064216846F0F73DF86A
:1001000007480368074808A102686846FDF748FCED
:100110006846FFF7ADFB0520F1F796FB19B000BD6F
:1001200004000020000000207B224D656D223A7BF8
:100130002248656164223A25752C225461696C223B
:100140003A25757D7D0A000010B52A4800780228FE
:1001500017D128484078C72813D126488078FF282F
:100160000FD1F9F7F1FD4EF61671884205D122A0A4
:10017000FFF77EFBFEF7D2FF10BD28A0FFF778FB4C
:1001800036E01C480078752832D10A222C492DA06F
:10019000F9F76EFE48B10A2229492AA0F9F768FE4C
:1001A00030B92AA0FFF764FB02E028A0FFF760FB4C
:1001B000FDF7BAFFC8B16420F1F746FB0020FDF758
:1001C00089FF2BA208210020FDF7D8FF48B10520A8
:1001D000F1F73AFB29A0FFF74BFB0520F1F734FBC1
:1001E00006E02FA0FFF744FB02E02DA0FFF740FB45
:1001F00000BFC1E76C0700207B2255706461746505
:100200004669726D77617265223A7B22537461741C
:100210007573223A307D7D0A000000007B22557004
:10022000646174654669726D77617265223A7B22FA
:10023000537461747573223A39307D7D0A00000071
:10024000F0FF07007A786376626E6D007B2255704E
:10025000646174654669726D77617265223A7B22CA
:10026000537461747573223A32367D7D0A00000042
:10027000426F6F5431323334000000007B225570DE
:10028000646174654669726D77617265223A7B229A
:10029000537461747573223A32367D0A000000008F
:1002A0007B225570646174654669726D7761726511
:1002B000223A7B22537461747573223A31397D0A74
:1002C0000000000010B500204049088000BF09E090
:1002D0003F49095C3D4AB2F9002051403B4A118038
:1002E000411CC8B21328F3DB3948C07C3749B1F947
:1002F000001088420BD037A0FFF7BAFA01203C4922
:1003000008704FF416713248EFF737FF10BD39A06F
:10031000FFF7AEFA2E484078444908602C488078B0
:10032000434908702A48C078424908702848007933
:10033000414908702648407940490870244880792E
:100340003F4908702248C07900062149097A00EB2C
:1003500001401F49497A00EB01201D49897A084470
:10036000384908600020384908701948C07A0006EA
:100370001749097B00EB01401549497B00EB01203F
:100380001349897B0844314908601148C07B000645
:100390000F49097C00EB01400D49497C00EB01202D
:1003A0000B49897C08442A490860012029490870C2
:1003B00000202949087001200D4908704FF416717A
:1003C0000348EFF7DAFE00BFA0E700001C000020A2
:1003D0006C0700207B2252656365697665223A7B53
:1003E00022537461747573223A3139307D7D0A006D
:1003F000610000207B2252656365697665223A7B45
:1004000022537461747573223A32367D2C22432252
:100410003A7B2254797065223A225A69726F457488
:1004200065626172227D7D0A00000000500000209C
:100430004A0000204B0000204C0000204D0000200E
:100440004E000020380000205F00002064000020E3
:10045000680000205D0000206000002070B59CB0A6
:1004600000260024002500209149088000BF09E0F3
:100470009049095C8E4AB2F9002051408C4A1180A3
:10048000411CC8B20928F3DB8A48407A8849B1F98F
:10049000001088420CD088A0FFF7EAF901208D49AE
:1004A00008704FF416718348EFF767FE1CB070BDFB
:1004B00089A0FFF7DDF97F48407800067D498978FB
:1004C00000EB01407B49C97800EB012079490979AB
:1004D00008448E4908607748407900067549897953
:1004E00000EB01407349C97900EB01207149097A99
:1004F0000844874908600020864908704870887061
:10050000C870AB200871CD20487100208249086076
:10051000F1F728FC0646C4E04AF6AA207F4909689C
:100520000860F1F71FFC801BB0F57A5F03D97CA04F
:10053000FFF79EF9B6E07848006870B15D48007832
:10054000632803D05B480078432803D179A0FFF7E4
:100550008FF9A7E00020704908601AA8F5F71CFA87
:1005600020B11AA8F5F718FA00B19AE0102100207E
:10057000F5F718F970B11AA8F5F70EFA20B11AA814
:10058000F5F70AFA00B18CE010210020F5F70AF91E
:1005900000B186E074490120F5F796F900287ED174
:1005A00071488079AB287BD16F48C079002877D11A
:1005B0006D48C07B002873D16B480478407804EB09
:1005C000002469488578C07805EB002566480079E5
:1005D00005EB00456448407905EB006504F40040F4
:1005E000B0F5004F07D1C4F30E0446F6292044406D
:1005F0004BF2A620454045480068854230D144482A
:10060000006884422CD11AA8F5F7C6F920B11AA8BF
:10061000F5F7C2F900B144E039210420F5F7C2F83A
:1006200070B11AA8F5F7B8F920B11AA8F5F7B4F91E
:1006300000B136E039210420F5F7B4F800B130E01C
:1006400034491220F5F7CEF900B12AE02B462246B4
:1006500046A101A8FDF7A4F901A8FFF709F921E0D7
:100660002A480068854209D02B46224648A101A8A5
:10067000FDF796F901A8FFF7FBF813E0244800689E
:1006800084420DD02B46224601E008E008E049A153
:1006900001A8FDF785F901A8FFF7EAF802E000E0FC
:1006A00000BF39E700BF00201B49086000BFFDE61E
:1006B0001C0000206C0700207B2252656365697670
:1006C00065223A7B22537461747573223A31393052
:1006D0007D7D0A00610000207B225265636569769A
:1006E00065223A7B22537461747573223A32367DE7
:1006F0002C2243223A7B2254797065223A225A698D
:10070000726F47696674227D7D0A000064000020D4
:1007100068000020C021002018000020580D002093
:100720007B2243223A7B22537461747573223A31DF
:100730007D7D0A007B2252656365697665223A7B7E
:1007400022537461747573223A32367D2C2243220F
:100750003A7B2254797065223A2243616E73656C4C
:10076000227D7D0A00000000DC0C00207B22432259
:100770003A7B22537461747573223A302C225543AC
:10078000223A25752C224944223A25757D7D0A009E
:100790007B2243223A7B22537461747573223A3967
:1007A0002C225543223A25752C224944223A25759C
:1007B0007D7D0A007B2243223A7B2253746174754B
:1007C00073223A31302C225543223A25752C224986
:1007D00044223A25757D7D0A000000001F1C1F1E63
:1007E0001F1E1F1F1E1F1E1F000000000000000014
:1007F00001020304060708090000000001020304C7
:10080000895171F21DCB00000000000000000000C3
:100810008D5F307CF05E00000000000000000000F2
:10082000B22CE4247D9000000000000000000000D5
:10083000579B07B3A4E9000000000000000000007F
:10084000E32F50F2E3D000000000000000000000A1
:10085000E9C1254FA07D000000000000000000005D
:10086000FFFFFFFFFFFF000000000000000000008E
:100870000000FF00FF000000FF00000030303638AD
:100880007B22636D64223A31302C22616D6F756E6C
:1008900074223A25642C227365727669634D223A7C
:1008A00022303030303030222C227369676E223A89
:1008B000223839397C313233343536373839227D74
:1008C0000A0000007B2250223A7B22726573436F3C
:1008D0006465223A25642C22416D6F756E74223A4C
:1008E000256C642C2248223A25642C224D223A257C
:1008F000642C2259223A25642C226D223A25642C3C
:100900002244223A25647D7D0A0000007B22432296
:100910003A7B22526F77223A25642C2253746174F9
:100920007573223A25642C225543223A25752C22D0
:100930004944223A25752C22457465626172223A37
:1009400025752C22507265457465626172223A25C4
:10095000752C224774223A25752C225072696365E2
:10096000223A25752C224865646965223A25752C42
:10097000224F70223A25642C2259223A25642C22D7
:100980006D223A25642C2244223A25642C224822E6
:100990003A25642C224D223A25647D7D0A00000010
:1009A0007B2243223A7B22537461747573223A2569
:1009B000642C225543223A25752C224944223A259B
:1009C000752C22457465626172223A25642C22508E
:1009D00072654865646965223A25642C2250726507
:1009E000457465626172223A25642C2250726963F3
:1009F00065223A25642C2245454D223A25757D7D98
:100A00000A0000007B2243223A7B225374617475F2
:100A100073223A25642C225543223A25752C22490B
:100A200044223A25752C22457465626172223A256A
:100A3000752C22507265457465626172223A257583
:100A40002C224774223A25752C2250726963652244
:100A50003A25752C224865646965223A25757D7DA5
:100A60000A0000007B2243223A7B22537461747592
:100A700073223A25642C225543223A25752C2249AB
:100A800044223A25752C22457465626172223A250A
:100A9000642C224865646965223A25642C225072D0
:100AA000654865646965223A25642C225072654563
:100AB0007465626172223A25642C22507269636502
:100AC000223A25642C20224774223A25642C2022C5
:100AD00045454D223A25757D7D0A0000FC0A010836
:100AE00000000020BC02000042020008E80B0108E0
:100AF000BC0200209C3F000010DA000801104201F7
:100B0000E214022503EE0A021130204C394F012471
:100B1000692929081AFF0101488B40E2831345B077
:100B20001B088D041A9D041AC1041AF9041A110431
:100B30001A5504131201140202021640830440578E
:100B40001D02010203370E21040309041AFD132DAF
:100B5000051408FD041B086D041A510C419A10D4A9
:100B60004173B2075324F4130A062A029F2924135F
:100B7000A1AC1408E1AB4C08C3AD3C1A2F101A31DC
:100B8000101AAD04C11A81181A71041A91041A615D
:100B9000041C090243AB111DC03209046D1A020B7B
:100BA0001305241610010524011009010424020272
:100BB000052406170107058203081C100904E13209
:100BC0000A1D070501027B2C07058107110937441F
:100BD0002A40072A8107112B0907440A3B044401D4
:080BE0001114051437021E0177
:04000005080000ED02
:00000001FF
