:020000040800F2
:10000000C03E002005010008E96C0008315D0008D1
:10001000E56C0008EB050008B5B60008000000001C
:100020000000000000000000000000000986000839
:100030002B08000800000000E37000084989000850
:100040001F0100081F0100081F0100081F01000810
:100050001F0100081F0100081F0100081F01000800
:100060001F0100081F0100081F0100081F010008F0
:100070001F0100081F0100081F0100081F010008E0
:100080001F0100081F0100081F0100081F010008D0
:10009000FDB500081F0100081F0100081F0100082E
:1000A0001F0100081F0100081F0100081F010008B0
:1000B0001F010008058A00081F0100081F01000831
:1000C0001F0100081F0100081F0100081F01000890
:1000D0001F010008198E0008298E0008818E000873
:1000E0001F0100081F0100081F010008DFF810D0E1
:1000F00000F0C4F900480047BDC40008AFF3008019
:10010000C03E00200648804706480047FEE7FEE75D
:10011000FEE7FEE7FEE7FEE7FEE7FEE7FEE7FEE7B7
:10012000F5890008ED000008202A04DB203A21FAB6
:1001300002F00021704721FA02F3D040C2F1200200
:10014000914008431946704740EA01039B0703D0DA
:1001500009E008C9121F08C0042AFAD203E011F806
:10016000013B00F8013B521EF9D27047D2B201E0C8
:1001700000F8012B491EFBD270470022F6E710B5AC
:1001800013460A4604461946FFF7F0FF204610BD05
:10019000421C10F8011B0029FBD1801A704770B572
:1001A00006460BF0E1FA046805460A2200213046B3
:1001B00000F0CEF82C6070BD2DE9F04D81EA03040B
:1001C00004F0004B21F0004514464FF0000A23F0E4
:1001D000004150EA050220D054EA01021DD0C5F3C7
:1001E0000A570246C5F31303C1F31300C1F30A56BD
:1001F00040F4801543F48013A7EB0608101BD64685
:1002000008F2FD3873EB050002D308F1010801E0A4
:1002100092185B41B8F1000F03DA00200146BDE8F7
:10022000F08D00204FF48011064684460EE0171B27
:1002300073EB050705D3121B63EB050306434CEA7A
:10024000010C49084FEA300092185B4150EA01075F
:10025000EDD152EA030012D082EA040083EA0501DC
:10026000084305D0101BAB4106D20122002306E053
:1002700000224FF0004302E06FF0010253101AEB2E
:1002800006004CEB085110EB0A0041EB0B01BDE8F6
:10029000F04D00F095B8C1F30A5210B5C1F3130147
:1002A00040F2FF3341F480119A4201DA002010BD80
:1002B00040F233439A42A2F2334203DC5242FFF748
:1002C00033FF10BD904010BD00F0004230F0004000
:1002D0000AD0C10D01F56071C0F3160042EA015168
:1002E000C2084007114370470020014670472DE9BE
:1002F000F05F0546002092469B46884606468146AA
:1003000040241BE02846414647462246FFF70CFFA3
:1003100053465A46C01A914110D3114618462246F8
:1003200000F0BEF82D1A67EB01084F462246012067
:10033000002100F0B5F817EB00094E41201EA4F192
:100340000104DFDC484631462A464346BDE8F09FBB
:100350002DE9F04791460F4680460446002614F8E2
:10036000015B2DB100F0ACF80068405DC007F6D12C
:100370002B2D02D02D2D18D0641E4A46394620461A
:1003800000F0A2F827B13968A14201D1C7F8008076
:1003900071054FF002040BD54042002803DD0BF03D
:1003A000E3F90460A007BDE8F08746F48066E4E75F
:1003B0000028F8DA0BF0D8F904606FF00040F2E79B
:1003C00010B5141E73F1000408DA401C41F100015D
:1003D00092185B411A4301D120F0010010BD2DE9B4
:1003E000F04D92469B4611B1B1FA81F202E0B0FAAB
:1003F00080F22032904600F053F804460F4640EA5F
:100400000A0041EA0B0153465A46084313D01146ED
:1004100053EA010019D0C8F140025046FFF784FEAC
:1004200005460E4650465946424600F039F8084304
:1004300005D0012004E020463946BDE8F08D0020BB
:10044000054346EAE0762C4337430A986305E40AFD
:10045000A0EB08000022FD0A44EA47540A3002D506
:1004600000200146E9E7010510196941DDE9084569
:1004700000196941BDE8F04DA2E70000064C074DA8
:1004800006E0E06840F0010394E807009847103464
:10049000AC42F6D3FFF72EFE2CE400084CE4000833
:1004A000202A04DB203A00FA02F100207047914034
:1004B000C2F1200320FA03F3194390407047000073
:1004C00000487047CCE200082DE9F05F82460078D2
:1004D000002715468B460AF10104B946302801D0A1
:1004E0009DB113E014F8010B0127782803D0582898
:1004F00001D045B10AE00DB1102D07D1002710251C
:1005000014F8010B02E0082500E00A250026B04699
:100510000EE005FB080005FB06F1012701EB104684
:100520001FFA80F8B6F5803F00D3B94614F8010BE6
:10053000294600F018F80028EBDABBF1000F05D0CF
:100540000FB1641E00E05446CBF80040B9F1000F33
:1005500006D00BF009F902210160C81EBDE8F09F2A
:1005600048EA0640FAE73A2800D2303820F0200264
:10057000412A01D3A2F13700884201D34FF0FF3066
:10058000704770B58C1810F8015B15F0070301D1A6
:1005900010F8013B2A1106D110F8012B03E010F8E6
:1005A000016B01F8016B5B1EF9D12B0705D4002309
:1005B000521E0DD401F8013BFAE710F8013BCB1AAB
:1005C000921C03E013F8015B01F8015B521EF9D5A0
:1005D000A142D8D3002070BD10B5142007F0D0FA86
:1005E0000321142008F094F810BD00BFFEE7CA787C
:1005F00002600268120202608B7802681A4402608C
:100600000268120202604B7802681A4402600268B3
:10061000120202600B7802681A4402607047000000
:1006200030B50346042B15D007DC7BB1012B0ED06F
:10063000022B0DD0032B30D10BE0202B0BD0212B24
:1006400018D0222B22D0232B27D125E026E025E02D
:1006500024E023E022E0002003E00C5C114D2C5448
:10066000401C0728F9DB00200F4C207001200F4CA4
:10067000207013E0002003E00A4C245C0C54401C62
:100680000728F9DB0020084C207007E006480078B6
:10069000401C054C207001E000E000BF00BF0020BE
:1006A00030BD00003C0100200800002009000020AF
:1006B00000207047002003E00021064A1154401C2E
:1006C000B0F5167FF8D3002003490880034908805D
:1006D0007047000068070020160000201800002066
:1006E00010B500220449054808F02FFD04490348CD
:1006F00008F024FD002010BD281900207C100020E7
:10070000401500202DE9F04105460E461449306899
:1007100008602946134808F011FD3778124804880C
:10072000002113E0685C114A1055601C80B24FF440
:10073000167290FBF2F302FB130084B20C4800889F
:10074000844202D10220BDE8F081491CB942E9D3BC
:1007500005480480034808F0CDFC0020F3E70000C2
:100760002C0000207C1000201600002068070020CC
:10077000180000202DE9F04104460D4600260A48E5
:10078000D0F8B872D7F8140210B10120BDE8F0819A
:100790002A462146044808F0D8FC034808F059FDD1
:1007A00006463046F2E700007C1000202DE9F041BB
:1007B0000746884615460421052000F029F88021C7
:1007C0000A2007F0A5FF002405E0395D09200AF0A2
:1007D00073FF601CC4B24445F7DB032101200AF01B
:1007E0006BFFFF2400BF052007F0CAF90646601E14
:1007F000C4B21CB106F004000028F4D0222007F097
:10080000BFF92870212007F0BBF96870BDE8F081BE
:1008100070B505460C46284607F0B2F9064626EAAA
:10082000040128460AF048FF70BD704710B500F07B
:100830007DFB0020034908704FF416710248FFF752
:100840009CFC10BD270000206807002010B5002088
:10085000044908600449086007F0EAFE03A00CF0B0
:10086000A7FE10BD00000020040000207B224D6583
:100870006D223A7B22537461747573223A307D7D08
:100880000A00000072B601E002F042FCFCE7000042
:100890000021074AD1610749096941F00401054A6D
:1008A00011611146096941F0400111617047000072
:1008B00020220020002002400021074AD161074980
:1008C000096941F00201054A11611146486109694F
:1008D00041F04001116170472022002000200240B9
:1008E0000022054BDA61054A126942F00102034B0E
:1008F0001A61018070470000202200200020024081
:1009000000201E49C96801F0100139B11C49C969AC
:1009100041F002011A4AD16140F010001749C9683C
:1009200001F0040139B11649C96941F00101144AC5
:10093000D16140F004001149C96901F0010169B1B8
:100940000F49C96941F004010D4AD16100BF0B494B
:10095000C96921F00101094AD16100BF00BF40F21D
:100960000111884206D10549C96921F00101034AF4
:10097000D16101E00149C86000BF7047002002401A
:100980002022002010B507F0EBFA002007F006FB4C
:10099000642001F0E3FA10BD70B5044601F06CFD6F
:1009A000054609E0601C38B124B101F065FD401B2B
:1009B000A04201D9032070BD1248C06800F00100B8
:1009C0000028EFD10F48C06800F0200020B100BF20
:1009D00020200C49C86000BF0A48C06800F0100021
:1009E00048B90848C06900F0010020B90548C0684E
:1009F00000F0040018B1FFF783FF0120DBE70020BF
:100A0000D9E700000020024010B58EB0342101A8C3
:100A1000FFF7B3FB0D48047800200D4908600B492F
:100A2000087001AA00214FF4987000F0D3FE6420F2
:100A300001F094FA4FF416710648FFF79EFB002070
:100A400003490860014804700EB010BD2700002063
:100A500034000020100500202DE9F0479AB0074629
:100A60004FF0000A642101A8FFF787FB002400254E
:100A7000A0460020D6490860D6480678A14647E13E
:100A80000020D3490860FFF7BFFF642001F066FA39
:100A9000F8B28DF80400380A8DF805000020CC4922
:100AA000086001AA022140F2031000F093FE40F218
:100AB00003100BF01DFB012806D1C7A00CF078FD38
:100AC00001201AB0BDE8F087D3480078AA287DD16C
:100AD000D14840785528FAD1CF4880780328F6D1FC
:100AE000CD48C0780128F2D1CB48807900286ED15A
:100AF000F9E0C948017A407A01EB00244FF6F17021
:100B0000844233D14FF0010AC4480078432810D101
:100B1000FFF77AFFAF480670012001F01FFA0020AE
:100B2000BF490880BD490870BEA00CF041FD0020FF
:100B3000C7E70020A74908702246C7A101A80AF00C
:100B4000E3FD01A80CF034FD642101A8FFF715FBBB
:100B50004FF4C87001F002FA681CC5B24AF6AA2028
:100B6000CD49096808600020994908604FF6F27085
:100B7000844236D14FF0020AA8480078432810D1A9
:100B8000FFF742FF93480670012001F0E7F90020CB
:100B9000A3490880A1490870A2A00CF009FD00201B
:100BA0008FE700208B4908702246ABA101A80AF00C
:100BB000ABFD01A80CF0FCFC642101A8FFF7DDFAF5
:100BC0004FF4C87001F0CAF9002001E090E09BE00A
:100BD0007F490860681CC5B24AF6AA20AE49096878
:100BE00008604FF6F370844233D14FF0030A8B480C
:100BF0000078432810D1FFF707FF764806700120E0
:100C000001F0ACF90020864908808449087085A06D
:100C10000CF0CEFC002054E700206E4908702246FC
:100C20008DA101A80AF070FD01A80CF0C1FC64219F
:100C300001A8FFF7A2FA4FF4C87001F08FF9002065
:100C400063490860681CC5B24AF6AA20924909683F
:100C500008604FF6F470844221D1681CC5B20020B0
:100C60005C49087022467CA101A80AF04DFD01A84C
:100C70000CF09EFC642101A8FFF77FFA4FF4C870C6
:100C800001F06CF90020524908606348017A407A0B
:100C900001EB00244AF6AA207F49096808604FF654
:100CA000F37084420ED0401E84420BD0401E84421A
:100CB00008D0C01C844205D024B14FF001080025A3
:100CC0004FF002093C2D0ED10025FFF79DFE4FF499
:100CD00016715148FFF751FA3E4806706FA00CF0AC
:100CE00067FC0020EDE6B8F1000F3FF402AF0BE027
:100CF000642001F033F94FF416714748FFF73DFACD
:100D000000203349086007E009F1010000F0FF0905
:100D1000B9F1020FFFF6B4AE00BF3F480078AA2831
:100D20003FD13D48407855283BD13B488079002849
:100D300037D03948017A407A01EB0024642101A8B8
:100D4000FFF71BFA602C0DD0142C0BD0412C09D0CE
:100D5000232C07D0212C05D0302C03D0192C01D006
:100D6000512C05D1224657A101A80AF0CDFC04E080
:100D7000212254A101A80AF0C7FC01A80CF018FC1C
:100D800000201349086013480670FFF73DFE6420F9
:100D900001F0E4F84FF416711F48FFF7EEF9002058
:100DA0008FE6B8F1010F02D150A00CF001FC012038
:100DB00001F0D4F84FF416711748FFF7DEF9002060
:100DC00003490860012003490870002079E600000B
:100DD00034000020270000207B225265636569767D
:100DE00065223A7B22537461747573223A32367DE0
:100DF0002C2246223A7B2254797065223A22456E93
:100E0000726F6C6C222C22537461747573223A2DAC
:100E1000317D7D0A000000001005002068070020D9
:100E2000160000207B2252656365697665223A7B55
:100E300022537461747573223A32367D2C22462215
:100E40003A7B2254797065223A2243616E73656C55
:100E5000227D7D0A000000007B2252656365697671
:100E600065223A7B22537461747573223A32367D5F
:100E70002C2246223A7B2254797065223A22456E12
:100E8000726F6C6C222C22537461747573223A2534
:100E9000647D7D0A000000003C0D00207B2246227C
:100EA0003A7B2254797065223A22456E726F6C6CDF
:100EB000222C22537461747573223A31387D7D0A75
:100EC000000000007B2246223A7B22547970652282
:100ED0003A22456E726F6C6C222C225374617475C9
:100EE00073223A25647D7D0A000000007B224622A1
:100EF0003A7B2254797065223A22456E726F6C6C8F
:100F0000222C22537461747573223A307D7D0A005D
:100F100010B54FF416710348FFF72FF9002002496E
:100F2000086010BD100500203400002010B5C0B0CE
:100F3000642127A8FFF721F900241A2120A8FFF730
:100F40001CF918222C491AA8FFF7FEF81A2113A839
:100F5000FFF713F91822284918310DA8FFF7F4F804
:100F60001A2106A8FFF709F91822234930316846EB
:100F7000FFF7EAF8FFF7CCFF002020490860642360
:100F800018221AA91E4804F068FE4FF483700BF073
:100F9000AFF801280AD11BA00CF00AFB4FF4167120
:100FA0002848FFF7EAF8012040B010BD25488279B3
:100FB00025A127A80AF0A8FB27A80CF0F9FA6423BA
:100FC00018220DA90E4804F048FE4FF4FA7000F004
:100FD000C5FF642318226946094804F03EFE01203B
:100FE00000F0BCFF4FF416711648FFF7C6F800205A
:100FF0002549087000BFD7E790E1000834000020C1
:10100000F40F00207B2252656365697665223A7B86
:1010100022537461747573223A32367D2C22462233
:101020003A7B2254797065223A2244656C65746576
:10103000414C4C222C22537461747573223A2D3129
:101040007D7D0A00100500207B225265636569766C
:1010500065223A7B22537461747573223A32367D6D
:101060002C2246223A7B2254797065223A2244652A
:101070006C657465414C4C222C22537461747573F9
:10108000223A25647D7D0A002700002030B599B002
:101090000446002020490860FFF73AFFE0B28DF8CF
:1010A0000000200A8DF801006A46022140F2051076
:1010B00000F090FB40F205100BF01AF8012805D162
:1010C00016A00CF075FA012019B030BD2348007845
:1010D000AA281FD12148807930B92048827920A1DF
:1010E00068460AF011FB09E01C48017A407A01EBDE
:1010F00000252A461AA168460AF006FB68460CF04D
:1011000057FAFFF705FF4FF416711448FFF735F84B
:101110000020D9E70120D7E7340000207B22526568
:101120006365697665223A7B225374617475732214
:101130003A32367D2C2246223A7B2254797065223F
:101140003A2244656C657465222C2253746174756F
:1011500073223A2D317D7D0A000000001005002029
:101160007B2252656365697665223A7B22537461FE
:10117000747573223A32367D2C2246223A7B2254F1
:10118000797065223A2244656C657465222C22537D
:101190007461747573223A25647D7D0A0000000035
:1011A00010B59AB0002026490860FFF7B1FE002074
:1011B000234908600A2000F0D1FE01AA002140F274
:1011C000071000F007FB40F207100AF091FF01281A
:1011D00005D11C480CF0ECF901201AB010BD1A48DA
:1011E0000078AA2825D118484078552821D11648DA
:1011F000807807281DD11448C078012819D11248D9
:10120000017A407A01EB00249CB10F48807928B91B
:1012100022460EA101A80AF077FA04E022461B49F3
:1012200001A80AF071FA01A80CF0C2F9012000F03F
:1012300095FE4FF416710448FEF79FFF0020CCE79F
:101240003400002060E30008100500207B22526576
:101250006365697665223A7B2253746174757322E3
:101260003A32367D2C2246223A7B2254797065220E
:101270003A22476574456D7074794944222C22499D
:1012800044223A25647D7D0A00000000E8E300085E
:101290002DE9F34FADF53D7D0E4600250020BC90B5
:1012A0008046002782468346CD490870CD490860B4
:1012B000FFF72EFE0020CB4908604FF41671CA4894
:1012C000FEF75BFFBD98C0B28DF88002BD98000AA2
:1012D0008DF88102A0AA02214FF4857000F07AFAFD
:1012E000322000F03BFE01F0C7F8B99053E001F066
:1012F000C3F8B999401A41F28831884211D9BBA08C
:101300000CF056F94FF41671B748FEF736FF01207E
:10131000B34908700020B34908600DF53F7DBDE872
:10132000F08F4AF6AA20BC4909680860AD480068F9
:1013300040F25E21884200DB2EE0AB480078AA280C
:1013400029D1A9484078552825D1A74880780A286E
:1013500021D1A548807901281DD1A248006818280C
:1013600019D1A148017A407A01EB0020BA90ABA1D3
:10137000A0A8BA9A0AF0C8F9A0A80CF019F94FF47D
:1013800016719948FEF7F9FE012095490870002072
:1013900094490860C1E7AAE700BF002413E092481F
:1013A000005DA5280ED19049601C085C5A2809D11F
:1013B000A01C085C0A2805D1E01C085C012801D1AA
:1013C000A24603E0641CB4F5167FE8D300BF86494B
:1013D0000AF10400095C844A401C105C01EB002007
:1013E000A0F1040911460AF10800095C401C105CD8
:1013F00001EB0020BB90B9F1000F01D0BB9888B978
:101400000A2000F0ABFD79A00CF0D2F84FF4167171
:101410007548FEF7B2FE012071490870002071493D
:1014200008607AE74FF40F7111A8FEF7A6FE0A20B4
:1014300000F094FD002407E00AF10A0020446A4904
:10144000085C11A90855641C4C45F5D3012064497A
:1014500008706548807900287ED1012E01D17AA0DC
:1014600000E07AA04B46009079A1A0A8BD9A0AF0AE
:101470004BF90025002403E0A0A8005D4540641C52
:10148000A0A8FEF785FEA042F6D8A0A80CF090F820
:101490004FF47A7000F062FD4AF6AA205E490968AE
:1014A00008604FF0010B36E0ABF10100C0EB801893
:1014B00000271BE011A810F8080001A9C855012E4B
:1014C00011D101A8C25D71A1A0A80AF01DF99DF873
:1014D000800245409DF8810245409DF882024540CA
:1014E000A0A80CF065F808F101087F1CCBEB8B106D
:1014F0004045DFD81EB93F2101A8FFF73BF9642022
:1015000000F02CFD4AF6AA204349096808600BF157
:10151000010000F0FF0BCBEB8B104845C4D3ABF1BF
:101520000100C0EB8018002723E011A810F8080084
:1015300001A9C855012E19D127B155A00CF038F8D2
:1015400085F02C0501A8C25D52A1A0A80AF0DCF824
:101550009DF88002454000E02CE09DF88102454066
:101560009DF882024540A0A80CF022F808F101087D
:101570007F1CC845D9D31EB9B9B201A8FFF7FAF844
:10158000052000F0EBFC012E01D144A100E045A1B3
:1015900008460CF00DF885F05D0585F07D0585F0B9
:1015A0000A05012E14D1E8B2009001216846FFF728
:1015B000E1F80DE00C48017A407A01EB0020BA9086
:1015C00016A1A0A8BA9A0AF09FF8A0A80BF0F0FF05
:1015D0004FF416710448FEF7D0FD00BF9DE60000F1
:1015E0002600002034000020100500207B22462227
:1015F0003A7B2254797065223A22526561645465BF
:101600006D706C617465222C225374617475732241
:101610003A2D317D7D0A00003C0D00207B224622C0
:101620003A7B2254797065223A225265616454658E
:101630006D706C617465222C225374617475732211
:101640003A25647D7D0A00005B0000002200000056
:101650007B2246223A7B2254797065223A225265D7
:10166000616454656D706C617465222C224944225A
:101670003A25642C224461746153697A65223A25C3
:10168000642C2244617461223A257300253032585B
:101690002C00000025303258000000005D7D7D0ADE
:1016A00000000000227D7D0A0000000010B59AB005
:1016B000642101A8FEF761FD00202D49086001AA00
:1016C00000214FF4817000F085F80F2000F046FCF7
:1016D0002848017A407A01EB002426480078AA289D
:1016E0003ED12448407855283AD1224880780228B3
:1016F00036D12048C078012832D11F48007801280F
:101700002ED100201C4908701A48807970B94FF614
:10171000F470844224D0002C22D0224617A101A8C4
:1017200009F0F2FF01A80BF043FF19E0122C0DD0D5
:10173000152C14D122461CA101A809F0E5FF0020B8
:101740002349087001A80BF033FF08E0221D16A101
:1017500001A809F0D9FF01A80BF02AFF00BF00BFC4
:101760004FF416710348FEF708FD00201AB010BDB3
:101770003400002010050020140000207B224622A7
:101780003A7B2254797065223A224964656E746905
:101790006679222C2254656D706C617465223A253D
:1017A000647D7D0A000000007B2246223A7B2254A1
:1017B000797065223A224964656E74696679222CD3
:1017C00022537461747573223A25647D7D0A00008A
:1017D000270000202DE9F0418EB005460C469046CA
:1017E000342101A8FEF7C9FC002655208DF804001D
:1017F00001A800F035FA5536AA208DF805000DF144
:10180000050000F02DFAAA362846E91705EB11610C
:101810000912A5EB0121C9B28DF806100DF10600E1
:1018200000F01EFA2846E91705EB11610912A5EB35
:10183000012131448EB2E91705EB1161090A8DF8D7
:1018400007100DF1070000F00BFA2846E91705EB29
:10185000116106EB21218EB22046E11704EB1161E4
:101860000912A4EB0121C9B28DF8081002A800F0FA
:10187000F7F92046E11704EB11610912A4EB0121ED
:1018800031448EB2E11704EB1161090A8DF8091099
:101890000DF1090000F0E4F92046E11704EB1161B5
:1018A00006EB21218EB200270EE018F80710B81DB4
:1018B00001AA115408EB070000F0D2F918F807004C
:1018C000304486B2781CC7B2A742EEDB09E00021A3
:1018D000B81D01AA1154B91D881800F0C1F9781C6F
:1018E000C7B2102FF3DB3046F11706EB1161091276
:1018F000A6EB0121C9B28DF81A100DF11A0000F003
:10190000AFF93046F11706EB1161090A8DF81B108B
:101910000DF11B0000F0A4F900270EB0BDE8F08126
:101920002DE9F0438DB004460E4617469946002532
:101930005A208DF80000684600F092F95A35A5202B
:101940008DF801000DF1010000F08AF9A53520465F
:10195000E11704EB11610912A4EB0121C9B28DF862
:1019600002100DF1020000F07BF92046E11704EBB4
:1019700011610912A4EB01210D44E11704EB11617F
:10198000090A8DF803100DF1030000F069F92046F3
:10199000E11704EB116105EB2125B01CC0B28DF8F5
:1019A000040001A800F05CF9B01CC0B20544B01CF2
:1019B000000A8DF805000DF1050000F051F9B01C8A
:1019C00005EB1025F8B28DF806000DF1060000F0C9
:1019D00047F9F8B20544380A8DF807000DF1070001
:1019E00000F03EF905EB17254FF0000808E009EB81
:1019F000080000F035F919F80800054408F101085D
:101A0000B045F4D3E8B28DF82F000DF12F0000F0AF
:101A100027F9280A8DF830000CA800F021F94FF0C2
:101A200000080DB0BDE8F083F0B5ADF5297D0646A0
:101A30000D4614466427642190A8FEF79EFB4FF4E0
:101A40000F7101A8FEF799FB012042490870A178A7
:101A5000607801EB00262179E07801EB0025062073
:101A600004E0225C811F01AB5A54401CA91D88422E
:101A7000F7D3FFF74DFAE8B28DF84002280A8DF847
:101A800041024AF6AA2034490968086090AA022156
:101A900040F20B10FFF79EFE40F20B100AF028FBFD
:101AA0004FF416712D48FEF768FB00202C490860A2
:101AB00001AB3246294640F20B10FFF731FF4AF6E0
:101AC000AA2025490968086040F20B100AF010FBB3
:101AD00022480078A5282DD12048807900281AD1E5
:101AE000A178607801EB00211C48027A407A02EB71
:101AF000002081420BD132461AA190A809F004FEC1
:101B000090A80BF055FD01202649087015E026A08D
:101B10000BF04EFD11E01148007A602802D12EA092
:101B20000BF046FD0D48007A702806D135A00BF069
:101B30003FFD02E03FA00BF03BFD0020084908609C
:101B40004FF416710548FEF718FB01200DF5297DAD
:101B5000F0BD0000260000203C0D002010050020F4
:101B6000340000207B2246223A7B22547970652281
:101B70003A22577269746554656D706C61746522A0
:101B80002C22577269746554656D706C6174654977
:101B900044223A25642C22537461747573223A30BE
:101BA0007D7D0A00270000207B2246223A7B2254BA
:101BB000797065223A22577269746554656D706C4C
:101BC000617465222C22537461747573223A31302A
:101BD000307D7D0A000000007B2246223A7B2254A1
:101BE000797065223A22577269746554656D706C1C
:101BF000617465222C22537461747573223A3936EC
:101C00007D7D0A007B2246223A7B22547970652230
:101C10003A22577269746554656D706C61746522FF
:101C20002C22537461747573223A3131327D7D0AEE
:101C3000000000007B2246223A7B22547970652204
:101C40003A22577269746554656D706C61746522CF
:101C50002C22537461747573223A2D317D7D0A00F4
:101C600010B5044601231A462146024803F0F5FF49
:101C700010BD0000F40F002070B59AB00948046848
:101C80000848103005680748203006682B46224671
:101C900005A101A8009609F037FD01A80BF088FC0A
:101CA0001AB070BDE8F7FF1F7B224350554944220C
:101CB0003A7B225831223A25382E38582C22583275
:101CC000223A25382E38582C225833223A25382EDD
:101CD00038587D7D0A00000000B59FB0642106A839
:101CE000FEF74BFAFFF714F9642000F037F91822D9
:101CF00012A16846FEF728FA3223192269461548D0
:101D000003F0ABFF642000F029F913480078AA28FB
:101D10000DD111484078552809D10F48437A027AED
:101D20000E4906A809F0F0FC06A80BF041FC1E21A4
:101D30000948FEF722FA1FB000BD000055AA1201A3
:101D40000000000000000000000000000000000093
:101D500000001201F40F002010050020A4E3000889
:101D60002DE9F0410546002600F086FB07460520D8
:101D700000F0F4F828480078022812D1264840786C
:101D800054280ED12448807848280AD12248C078A7
:101D9000452806D100211E2006F086FC6420BDE8FF
:101DA000F0811E48008808280CD01B4800780228C3
:101DB00006D11A480088401E1749085C032801D044
:101DC0000320ECE70026012403E01348005D4640B1
:101DD000641C12480088801EA042F6D80F48008874
:101DE000801E0D49085CB04201D00420D7E70A48A4
:101DF000C178007901EB0020A84201D00620CEE78F
:101E000006480088072805D100211E2006F04CFC5A
:101E10006420C4E70020C2E7680700201600002005
:101E200070B50A480468001D0568001D0668344442
:101E300054B108220649204604F03AFB0422044922
:101E40001031284604F034FB70BD0000E8F7FF1F96
:101E5000220100200146002291F82100022808D02A
:101E60000420886300BF002081F8200000BF01200B
:101E700070470868006820F00E000B68186008685A
:101E8000006820F001000B68186091F840300120D4
:101E90009840CB6B5860012081F8210000BF0020E2
:101EA00081F8200000BF1046E2E7000070B504464C
:101EB000002594F82100022803D00420A063012506
:101EC00048E02068006820F00E0021680860206863
:101ED000006820F00100216808601F4920688842DE
:101EE00001D1012026E01C4914312068884201D12B
:101EF00010201FE0184928312068884201D1801540
:101F000018E015493C312068884201D1801411E065
:101F1000114950312068884202D14FF4803009E0E5
:101F20000D4964312068884202D14FF4801001E0ED
:101F30004FF08070084908394860012084F821007A
:101F400000BF002084F8200000BF606B10B1204665
:101F5000616B8847284670BD0800024070B5044692
:101F600000F08AFA06462546681C10B1044800783D
:101F7000054400BF00F080FA801BA842FAD370BD70
:101F80005C0100202DE9F04104460E4601270025A2
:101F900000BF2648007E012802D10220BDE8F08162
:101FA00001202249087600BF2068022813D14CF294
:101FB0005030FEF7F1FC90BB0120FEF769FC4CF2BB
:101FC0005030FEF7E9FC07461948006920F004008C
:101FD0001749086123E04CF25030FEF7DDFCF0B900
:101FE0004FF0FF303060A56812E02846FEF764FC31
:101FF0004CF25030FEF7D0FC07460D48006920F047
:1020000002000B4908610FB1356007E005F58065F6
:10201000D4E9021001EB8020A842E6D800BF00BF3F
:1020200000200249087600BF3846B7E7202200208A
:10203000002002400348006940F080000149086127
:1020400000207047002002402DE9FE4F05468B46D8
:1020500017469846012600240020029000BF24481D
:10206000007E012802D10220BDE8FE8F0120204918
:10207000087600BF4CF25030FEF78EFC064686BB59
:10208000012D02D10120029006E0022D02D1022092
:10209000029001E00420029000241EE02201B946D3
:1020A000C24648465146FEF73FF880B201900220F2
:1020B00000FB04B000900199FEF712FC4CF2503086
:1020C000FEF76AFC06460B48006920F0010009494A
:1020D000086106B104E0601CC4B202988442DDDBF2
:1020E00000BF00BF00200249087600BF3046BBE7B2
:1020F000202200200020024000200849096901F048
:10210000800151B10649054A5160064951601146A6
:10211000096901F0800101B10120704700200240EF
:1021200023016745AB89EFCD2DE9F847034600222F
:1021300094466EE14FF0010808FA02F4D1F80080ED
:1021400008EA0400A0427DD1DFF8DCA2D1F80480C7
:10215000A8EB0A09D0453AD014DCB8F1030F50D0EF
:1021600009DCB8F1000F31D0B8F1010F1CD0B8F183
:10217000020F49D120E0B8F1110F18D0B8F1120FB9
:1021800042D11EE0B9F5881F25D006DCB9F5803FA5
:1021900020D0B9F5801F37D11AE0B9F5001F18D04B
:1021A000B9F5041F30D117E0D1F80CC02DE0D1F8FB
:1021B0000C8008F1040C28E0D1F80C8008F1080C20
:1021C00023E0D1F80C8008F10C0C1EE000BF00BF2A
:1021D00000BF00BF00BF00BFD1F80880B8F1000FFA
:1021E00002D14FF0040C0BE0D1F80880B8F1010FD8
:1021F00003D14FF0080C1C6102E04FF0080C5C6149
:1022000003E04FF0000C00E000BF00BFFF2801D842
:10221000984601E003F104084646FF2802D84FEA39
:10222000820803E0A2F108084FEA88084746D6F87A
:1022300000804FF00F0909FA07F928EA09080CFA9B
:1022400007F900E088E048EA0908C6F80080D1F8FC
:10225000048008F08058B8F1805F7DD100BFDFF8BE
:10226000CC81D8F8188048F00108DFF8C091C9F88F
:102270001880C846D8F8188008F00108CDF800800A
:1022800000BF00BF4FEAB9384FEA920958F8295009
:102290004FEA82784FEA18794FF00F0808FA09F8E8
:1022A00025EA0805DFF88881434502D14FF0000890
:1022B00016E0DFF88081434502D14FF001080FE0BE
:1022C000DFF87481434502D14FF0020808E0DFF8DF
:1022D0006C81434502D14FF0030801E04FF0040840
:1022E0004FEA82794FEA197908FA09F848EA0505B0
:1022F000DFF84C814FEA920948F82950D1F8048060
:1023000008F48038B8F5803F0AD1DFF83881D8F872
:10231000008048EA0008DFF82C91C9F8008009E045
:10232000DFF82081D8F8008028EA0008DFF814914F
:10233000C9F80080D1F8048008F40038B8F5003FEF
:1023400010D1DFF8008108F10408D8F8008048EACD
:102350000008DFF8F09000E05AE009F10409C9F83C
:1023600000800DE0DFF8DC8008F10408D8F8008078
:1023700028EA0008DFF8CC9009F10409C9F80080C8
:10238000D1F8048008F48018B8F5801F0ED1DFF86A
:10239000B48008F10808D8F8008048EA0008DFF89F
:1023A000A49009F10809C9F800800DE0DFF89480D5
:1023B00008F10808D8F8008028EA0008DFF88490BF
:1023C00009F10809C9F80080D1F8048008F4001860
:1023D000B8F5001F0ED1DFF86C8008F10C08D8F8B2
:1023E000008048EA0008DFF85C9009F10C09C9F8A0
:1023F00000800DE0DFF84C8008F10C08D8F8008070
:1024000028EA0008DFF83C9009F10C09C9F80080BF
:10241000521CD1F8008028FA02F8B8F1000F7FF4BE
:1024200089AEBDE8F88700000000111000100240DE
:1024300000080140000C0140001001400014014060
:102440000800014000040140024693680B400BB1B4
:10245000012000E00020704710B5C26821EA0203A5
:1024600002EA010443EA0443036110BD0AB10161B9
:1024700001E00B04036170470148006870470000E9
:102480005401002070B504460CB9012070BD94F8C9
:102490003D0028B9002084F83C00204600F0F0FC04
:1024A000242084F83D002068006820F001002168A5
:1024B00008602068006840F40040216808602068D7
:1024C000006820F400402168086001F051FF0546D3
:1024D0005C496068884206D85B48854201D2012089
:1024E00007E0002005E05948854201D2012000E0C4
:1024F0000020012800D1C9E75548B5FBF0F6206857
:10250000406820F03F003043216848604D496068D2
:10251000884201D8701C07E04FF4967070434FF466
:102520007A71B0FBF1F0401C2168096A21F03F018B
:1025300008432168086243496068884214D8681ECD
:1025400061684900B0FBF1F0401CC0F30B000428A7
:1025500001D204203DE0681E61684900B0FBF1F043
:10256000401CC0F30B0034E0A06838B9681E6168F5
:1025700001EB4101B0FBF1F0401C0AE0681E61680C
:1025800001EBC10202EB0111B0FBF1F0401C40F481
:102590008040C0F30B0008B901201AE0A06848B9D8
:1025A000681E616801EB4101B0FBF1F0401CC0F313
:1025B0000B000CE0681E616801EBC10202EB011127
:1025C000B0FBF1F0401CC0F30B0040F4804040F43D
:1025D00000402168C9694CF6FF72914308432168A5
:1025E000C861D4E9070108432168096821F0C001E6
:1025F000084321680860D4E903100843216889680A
:1026000048F2FF329143084321688860D4E905010C
:1026100008432168C96821F0FF0108432168C860A8
:102620002068006840F001002168086000202064F4
:10263000202084F83D000020206384F83E0000BF85
:1026400024E70000A086010080841E0000093D00F0
:1026500040420F002DE9FC4704468946174698463C
:102660000A9E00200190FFF707FF054694F83D0001
:1026700020286FD119230122C8492046009503F074
:1026800065FD10B10220BDE8FC8700BF94F83C0056
:10269000012801D10220F6E7012084F83C0000BFA8
:1026A0002068006800F0010028B92068006840F048
:1026B0000100216808602068006820F4006021683B
:1026C0000860222084F83D00102084F83E0000209D
:1026D00020646762A4F82A80608D2085B048E0629B
:1026E0002B4632464946204603F056FB08B10120EE
:1026F000C9E7208D88B900BF00200090206840699C
:10270000009020688069009000BF00BF20680068CA
:1027100040F40070216808604BE0208D01281AD138
:102720002068006820F480602168086072B600BFED
:102730000020009020684069009020688069009027
:1027400000BF00BF2068006840F400702168086086
:1027500062B62EE020E1208D022819D120680068A1
:1027600040F400602168086072B600BF002000904D
:1027700020684069009020688069009000BF00BF19
:102780002068006820F480602168086062B610E06C
:102790002068006840F480602168086000BF002065
:1027A000009020684069009020688069009000BF18
:1027B00000BFE2E0208D03287ED8208D012815D1AE
:1027C0002A463146204603F06BFD08B101205AE746
:1027D00020680069616A0870606A401C6062208D30
:1027E000401E2085608D401E6085C6E0208D022839
:1027F0002CD1334600226B492046009503F0A6FCFD
:1028000008B101203FE772B62068006840F400700C
:102810002168086020680069616A0870606A401C6D
:102820006062208D401E2085608D401E608562B6EE
:1028300020680069616A0870606A401C6062208DCF
:10284000401E2085608D401E608596E03346002244
:1028500054492046009503F079FC08B1012012E7A5
:102860002068006820F480602168086072B62068E3
:102870000069616A0870606A401C6062208D401EB9
:102880002085608D401E6085474800681921B0FB97
:10289000F1F04FF47A71B0FBF1F0C0EBC00000EB47
:1028A0008000019000BF0198401E01900198A8B9D6
:1028B00000202063202000E038E084F83D00002064
:1028C00084F83E00206C40F02000206462B600BF17
:1028D000002084F83C0000BF0120D4E62068406955
:1028E000C0F380000028DED02068006840F400704B
:1028F0002168086020680069616A0870606A401C8D
:102900006062208D401E2085608D401E608562B60D
:1029100020680069616A0870606A401C6062208DEE
:10292000401E2085608D401E608526E02A46314687
:10293000204603F0B5FC08B10120A4E62068006938
:10294000616A0870606A401C6062208D401E2085AC
:10295000608D401E608520684069C0F3800060B1D2
:1029600020680069616A0870606A401C6062208D9E
:10297000401E2085608D401E6085208D00287FF4DC
:1029800019AF202084F83D00002084F83E0000BFED
:1029900084F83C0000BF76E6022074E602001000D6
:1029A0000000FFFF04000100700100202DE9F84342
:1029B0000446894616461F46DDF82080FFF75CFD79
:1029C000054694F83D0020287ED119230122514963
:1029D0002046009503F0BAFB10B10220BDE8F88351
:1029E00000BF94F83C00012801D10220F6E7012045
:1029F00084F83C0000BF2068006800F0010028B99E
:102A00002068006840F001002168086020680068C4
:102A100020F4006021680860212084F83D00102027
:102A200084F83E000020206466626785608D208502
:102A30003948E0622B4642464946204603F048FAB0
:102A400008B10120CAE700BF00200090206840695B
:102A5000009020688069009000BF00BF44E02A46D3
:102A60004146204603F05CFC50B1206C042805D19F
:102A70002068006840F40070216808600120ADE71C
:102A8000606A007821680861606A401C6062608D3D
:102A9000401E6085208D401E208520684069C0F35F
:102AA000800070B1208D60B1606A00782168086193
:102AB000606A401C6062608D401E6085208D401EF3
:102AC00020852A46414600E022E0204603F010FB24
:102AD00050B1206C042805D12068006840F40070D3
:102AE00021680860012079E7208D0028B7D120688F
:102AF000006840F4007021680860202084F83D00E0
:102B0000002084F83E0000BF84F83C0000BF65E769
:102B1000022063E7020010000000FFFF2DE9FE4FD6
:102B200004460F4690469946DDE90CAB0E9E002008
:102B30000290FFF7A1FC054694F83D00202872D1D1
:102B400019230122CA492046009503F0FFFA10B16B
:102B50000220BDE8FE8F00BF94F83C00012801D19F
:102B60000220F6E7012084F83C0000BF20680068DE
:102B700000F0010028B92068006840F001002168D9
:102B800008602068006820F4006021680860222046
:102B900084F83D00402084F83E0000202064C4F802
:102BA00024A0A4F82AB0608D2085B248E0624B468C
:102BB000424639462046CDE9006503F0E9F908B1FF
:102BC0000120C6E7208D88B900BF00200190206851
:102BD0004069019020688069019000BF00BF2068B3
:102BE000006840F40070216808604BE0208D0128E7
:102BF0001AD12068006820F480602168086072B6ED
:102C000000BF002001902068406901902068806921
:102C1000019000BF00BF2068006840F40070216888
:102C2000086062B62EE020E1208D022819D12068CC
:102C3000006840F400602168086072B600BF0020A0
:102C4000019020684069019020688069019000BF70
:102C500000BF2068006820F480602168086062B6C8
:102C600010E02068006840F480602168086000BFC0
:102C700000200190206840690190206880690190DF
:102C800000BF00BFE2E0208D03287DD8208D012801
:102C900015D12A463146204603F002FB08B1012037
:102CA00057E720680069616A0870606A401C6062CA
:102CB000208D401E2085608D401E6085C6E0208DE1
:102CC00002282CD1334600226B492046009503F0A0
:102CD0003DFA08B101203CE772B62068006840F474
:102CE00000702168086020680069616A0870606A85
:102CF000401C6062208D401E2085608D401E6085D6
:102D000062B620680069616A0870606A401C60628F
:102D1000208D401E2085608D401E608596E03346E4
:102D2000002255492046009503F010FA08B1012011
:102D30000FE72068006820F480602168086072B6A0
:102D400020680069616A0870606A401C6062208DBA
:102D5000401E2085608D401E60854848006819210E
:102D6000B0FBF1F04FF47A71B0FBF1F0C0EBC000B2
:102D700000EB8000029000BF0298401E0290029873
:102D8000A8B90020206300E039E0202084F83D004D
:102D9000002084F83E00206C40F02000206462B6E1
:102DA00000BF002084F83C0000BF0120D1E620686D
:102DB0004069C0F380000028DED02068006840F43D
:102DC00000702168086020680069616A0870606AA4
:102DD000401C6062208D401E2085608D401E6085F5
:102DE00062B620680069616A0870606A401C6062AF
:102DF000208D401E2085608D401E608526E02A467D
:102E00003146204603F04CFA08B10120A1E62068C3
:102E10000069616A0870606A401C6062208D401E13
:102E20002085608D401E608520684069C0F3800069
:102E300060B120680069616A0870606A401C606265
:102E4000208D401E2085608D401E6085208D0028CD
:102E50007FF419AF202084F83D00002084F83E0064
:102E600000BF84F83C0000BF73E6022071E600005A
:102E7000020010000000FFFF0400010070010020AC
:102E800010B586B00446002002900390049005908F
:102E90001A49206888422FD100BF1948806940F044
:102EA0000800174988610846806900F00800019011
:102EB00000BF00BF4FF44070029012200390032027
:102EC000059002A90F48FFF72FF900BF0E49486887
:102ED00040F0E06040F00200486000BF00BF0848DA
:102EE000C06940F400100649C8610846C06900F492
:102EF0000010019000BF00BF06B010BD005400409C
:102F000000100240000C01400000014070B5044672
:102F10000CB9012070BD4CF6CC402168086045F228
:102F2000555021680860D4E9001048602168A06805
:102F30008860FFF7A1FA05460BE0FFF79DFA401BFA
:102F4000272806D92068C06800F0030008B10320D4
:102F5000E0E72068C06800F003000028EDD14AF6E1
:102F6000AA20216808600020D4E700000348006818
:102F7000034909780844014908607047540100205A
:102F80005C01002010B50848006840F010000649B8
:102F90000860032000F0A8F8002000F007F800F017
:102FA0002BF8002010BD00000020024070B5044640
:102FB0000E4800784FF47A71B1FBF0F00C490968C3
:102FC000B1FBF0F5284602F099F908B1012070BD77
:102FD000102C07D200222146501E00F047F8054869
:102FE000046001E00120F2E70020F0E75C0100202E
:102FF000700100205801002008B500BF1148806909
:1030000040F001000F4988610846806900F0010026
:10301000009000BF00BF00BF0846C06940F080506C
:10302000C8610846C06900F08050009000BF00BF32
:1030300000BF0549486820F0E06040F0007048603B
:1030400000BF08BD001002400000014001460846D4
:10305000002809DB00F01F0301229A4043099B006E
:1030600003F1E023C3F8002100BF70472DE9F05FB2
:1030700080460D461646002708F05AFB074639469B
:103080002A46334601F00700C0F1070ABAF1040FDF
:1030900002D94FF0040A01E0C0F1070AD14600F15D
:1030A000040ABAF1070F02D24FF0000A01E0A0F1C2
:1030B000030AD4464FF0010A0AFA09FAAAF1010AF2
:1030C0000AEA020A0AFA0CFA4FF0010B0BFA0CFB9F
:1030D000ABF1010B0BEA030B4AEA0B042146404615
:1030E00008F02EFBBDE8F09F00BF00F00702064B82
:1030F00019684FF6FF031940044B0B4343EA0221C2
:10310000014B196000BF70470CED00E00000FA05AC
:1031100000BF00BF00BF00BF00BFBFF34F8F00BFA5
:1031200000BF00BF0948006800F4E0600849084398
:10313000001D0649086000BF00BF00BFBFF34F8FEE
:1031400000BF00BF00BF00BF00BFFDE70CED00E007
:103150000000FA0570B505460C4604F08000802892
:1031600008D104F0070000EB800605F1280000EB11
:10317000C60105E004EB840605F5B47000EBC6015A
:103180001AB900200873CB8004E0012008730B817A
:10319000180C4881002070BD704770B504460D467C
:1031A00005EB850304F1280101EBC3014A692946B7
:1031B000D4F8E80206F054FB70BD70B504460D4625
:1031C00005EB850304F5B47101EBC3014A69294697
:1031D000D4F8E80206F0C4FB70BD70B504460E4694
:1031E00006F0800080280AD106F0070000EB80017D
:1031F00004F1280000EBC1050120687009E006F029
:10320000070000EB800104F5B47000EBC10500205D
:10321000687006F00700287000BF94F8A802012823
:1032200001D1022070BD012084F8A80200BF294608
:10323000206807F01DFA00BF002084F8A80200BF34
:1032400000BFEFE770B504460E4606F00F00616858
:10325000884201D9012070BD06F0800080280AD183
:1032600006F0070000EB800104F1280000EBC10527
:103270000120687009E006F0070000EB800104F50A
:10328000B47000EBC105002068700020A87006F043
:103290000700287000BF94F8A802012801D102207D
:1032A000D9E7012084F8A80200BF2946206807F06A
:1032B0003BFB00BF002084F8A80200BF00BFCAE7A4
:1032C0002DE9F04105460C46174607F480400028DA
:1032D00050D02868B0F85010207801EBC000801C56
:1032E000296801F5806131F81000C0F30906A06972
:1032F000B04203D3A069801BA06101E00020A0615F
:10330000A069A8B900BF22785200296831F81210CC
:103310004BF68F7201EA020080F4005040F4004145
:1033200041F0800123785B002A6822F8131000BF67
:1033300007F04000A8B100BF00BF22785200296802
:1033400031F8121048F68F7201EA020040F4004191
:1033500041F0C00123785B002A6822F8131000BFF7
:1033600000BF002E55D0228961693346286808F0D5
:1033700051F94EE02868B0F85010207801EBC000F9
:10338000801D296801F5806131F81000C0F309063D
:10339000A069B04203D3A069801BA06101E00020B6
:1033A000A061A069A8B900BF22785200296831F84D
:1033B00012104BF68F7201EA020080F4005040F4C4
:1033C000004141F0800123785B002A6822F8131045
:1033D00000BF07F04000A8B900BF00BF227852002C
:1033E000296831F8121048F68F7201EA020040F4A1
:1033F000004141F0C00123785B002A6822F81310D5
:1034000000BF00BF2EB1628961693346286808F0A9
:1034100001F93046BDE8F0812DE9F04705460C463C
:10342000904608F04000002871D02868B0F850108D
:10343000207801EBC000801C296801F5806131F81B
:103440001000C0F30907A069B84203D9A069C01BE6
:10345000A06101E00020A061A06900287ED100BF2A
:103460006078C8B900BF29682A68B2F850201144B2
:103470002278022303EBC20201F5806303EB4200D2
:1034800000BF028848F2FF331A400280028842F4EB
:103490000042028000BF13E06078012810D100BF15
:1034A00028682A68B2F8502010442278022303EBDF
:1034B000C20200F5806303EB420100220A8000BFD4
:1034C00000BF00BF2968607810BB00BF2B68D5F82B
:1034D00000C0BCF850C0634494F800C04FF0060927
:1034E00009EBCC0C03F5806909EB4C0000BFB0F888
:1034F00000C048F2FF390CEA090CA0F800C0B0F88F
:1035000000C04CF4004CA0F800C000BF11E0C0E0C7
:10351000607801280DD12868B0F850000144207867
:10352000062303EBC00001F5806303EB400200209B
:10353000108000BF21782846FFF72FFE08F4804056
:10354000002816D000BF00BF22785200296831F849
:10355000121048F68F7201EA020000E00AE040F41F
:10356000004141F4814123785B002A6822F813105E
:1035700000BFCAE108F48040A8B100BF00BF2278B4
:103580005200296831F8121048F68F7201EA0200E1
:1035900040F4004141F4814223785B00296821F81E
:1035A000132000BF00BF94F824000128E1D1606916
:1035B00038446061E0693844E0612169206A8842EA
:1035C00004D32669206A801B20620BE0206A20B9A0
:1035D0003E46002084F8240004E0002084F8240003
:1035E000266A206200BF6078B8BB00BF2A682968DD
:1035F000B1F850100A442178022303EBC10102F50F
:10360000806303EB4101084600BF56B9038848F2C6
:10361000FF3C03EA0C030380038843F40043038068
:1036200019E03E2E0BD800BF710806F0010303B16C
:10363000491C4FF6FF7303EA812303800BE000BFB0
:10364000710906F01F0303B9491E4FF4004343EA12
:103650008123038000BF00BF13E0FFE760780128EB
:103660000FD100BF28682A68B2F850201044227891
:10367000022303EBC20200F5806303EB42010E80DC
:1036800000BF00BFB3B222896169286807F0F1FF6B
:103690003BE12868B0F85010207801EBC000801D95
:1036A000296801F5806131F81000C0F30907A069AD
:1036B000B84203D3A069C01BA06101E00020A06153
:1036C000A06900287DD100BF6078C8B900BF296813
:1036D0002A68B2F8502011442278022303EBC20278
:1036E00001F5806303EB420000BF028848F2FF331C
:1036F0001A400280028842F40042028000BF13E0B8
:103700006078012810D100BF28682A68B2F85020DC
:1037100010442278022303EBC20200F5806303EB1E
:10372000420100220A8000BF00BF00BF2968607804
:1037300008BB00BF2B68D5F800C0BCF850C063447C
:1037400094F800C04FF0060909EBCC0C03F5806932
:1037500009EB4C0000BFB0F800C048F2FF390CEA9A
:10376000090CA0F800C0B0F800C04CF4004CA0F860
:1037700000C000BF10E0607801280DD12868B0F8C3
:10378000500001442078062303EBC00001F580635C
:1037900003EB40020020108000BF21782846FFF78D
:1037A000FCFC08F48040002816D100BF00BF22783E
:1037B0005200296831F8121048F68F7201EA0200AF
:1037C00000E00AE040F4004141F4814123785B00CD
:1037D0002A6822F8131000BF97E008F48040A8B9C7
:1037E00000BF00BF22785200296831F8121048F655
:1037F0008F7201EA020040F4004141F481412378D4
:103800005B002A6822F8131000BF00BF94F8240060
:1038100001287AD1606938446061E0693844E06128
:103820002169206A884204D32669206A801B2062AD
:103830000BE0206A20B93E46002084F8240004E012
:10384000266A0020206284F8240000BF2A6860787D
:1038500090BB00BFD5F800C02968B1F850108C4467
:1038600021784FF0060909EBC1010CF5806909EBDD
:103870004101084600BF76B9B0F8009048F2FF3A1F
:1038800009EA0A09A0F80090B0F8009049F400494C
:10389000A0F8009020E03E2E0FD800BF710806F07F
:1038A0000109B9F1000F00D0491C4FF6FF7909EA70
:1038B0008129A0F800900FE010E000BF710906F028
:1038C0001F09B9F1000F00D1491E4FF4004949EA20
:1038D0008129A0F8009000BF00BF0FE060780128A8
:1038E0000CD12868B0F8500002442078062101EB82
:1038F000C00002F5806101EB40031E8000BFB3B23F
:1039000062896169286807F0B4FE00BF227852001E
:10391000296831F8121048F6BF7201EA020080F0FF
:10392000100080F0200040F4004141F08001237835
:103930005B002A6822F8131000BF0020BDE8F08762
:10394000024601F0070000EB800302F5B47000EBC3
:10395000C300C06970472DE9F04705460E46904602
:103960001F464FF0000906F0800080280AD106F0BB
:10397000070000EB800105F1280000EBC1040120E5
:10398000607009E006F0070000EB800105F5B470F7
:1039900000EBC1040020607006F007002070C4F83E
:1039A0001080E770607808B12078E081022F01D1A3
:1039B0000020207100BF95F8A802012802D1022042
:1039C000BDE8F087012085F8A80200BF21462868DD
:1039D00006F024FC00BF002085F8A80200BF48467E
:1039E000EEE72DE9F04105460E461746984606F0EB
:1039F000070000EB800105F5B47000EBC1046761BE
:103A0000C4F818800020E061607006F007002070A4
:103A100006F0070020B92146286807F020F803E0E7
:103A20002146286807F01BF80020BDE8F08170B53A
:103A300004460D4605F007006168884201D901205F
:103A400070BD05F0800080280AD105F0070000EB6A
:103A5000800104F1280000EBC1060120707007E02E
:103A600005EB850104F5B47000EBC1060020707011
:103A70000120B07005F00700307000BF94F8A80274
:103A8000012801D10220DBE7012084F8A80200BF51
:103A90003146206806F0B5FF05F0070020B904F5AF
:103AA0002C71206806F03DFF00BF002084F8A802BA
:103AB00000BF00BFC4E72DE9F04105460E46904621
:103AC0001F4606F0070000EB800105F1280000EB1F
:103AD000C104C4F81480A761012084F8240027627F
:103AE0000020E0610120607006F00700207006F001
:103AF000070020B92146286806F0B1FF03E02146FF
:103B0000286806F0ACFF0020BDE8F0817FB50446D0
:103B1000206807F07BFD00F40040B0F5004F02D1B3
:103B2000204603F0E5F8206807F070FD00F480609F
:103B3000B0F5806F0FD12068B0F844004FF6FF3128
:103B400008402168A1F84400204600F09FF90021B8
:103B5000204600F0BBF9206807F058FD00F48040D3
:103B6000B0F5804F08D12068B0F844004BF6FF71E3
:103B700008402168A1F84400206807F047FD00F4E0
:103B80000050B0F5005F08D12068B0F844004DF651
:103B9000FF7108402168A1F84400206807F036FD55
:103BA00000F48050B0F5805F1DD12068B0F840006F
:103BB0004FF6FB7108402168A1F840002068B0F87A
:103BC00040004FF6F77108402168A1F840002046F8
:103BD00000F06EF92068B0F844004EF6FF7108401E
:103BE0002168A1F84400206807F010FD00F400608F
:103BF000B0F5006F55D1002507E06900206830F866
:103C000011002DF81500681CC5B2082DF5D32068E9
:103C1000B0F8400040F001002168A1F840002068A1
:103C2000B0F840004FF6FE7108402168A1F840004E
:103C300000BF2068B0F8440000F480600028F8D08D
:103C40002068B0F844004FF6FF3108402168A1F821
:103C50004400002507E03DF815006A00216821F8BE
:103C60001200681CC5B2082DF5D32068B0F84000DA
:103C700040F008002168A1F840002068B0F8440036
:103C80004FF2FF7108402168A1F844002068B0F8A5
:103C9000400040F004002168A1F84000204600F0F8
:103CA00057F9206807F0B2FC00F40070B0F5007F0F
:103CB0000BD12068B0F844004FF6FF51084021684E
:103CC000A1F84400204600F0FAF8206807F09EFCB6
:103CD00000F48070B0F5807F08D12068B0F844000F
:103CE0004FF6FF6108402168A1F844007FBD30B560
:103CF00085B0044614B9012005B030BD94F8A9027E
:103D000028B9002084F8A802204600F09DF803207E
:103D100084F8A902206806F0FAFD142204F11001CB
:103D20006846FCF711FA94E80F0006F09DFC20B1FC
:103D3000022084F8A9020120DEE70021206807F0B4
:103D40008EFC002531E0012105EB850204F12800FD
:103D500000EBC200417005EB850104F1280000F87A
:103D6000315005EB850100EBC100C581002105EB59
:103D7000850204F1280000EBC200C17005EB85024A
:103D800004F1280000EBC200016105EB850204F19B
:103D9000280000EBC200416105EB850204F1280018
:103DA00000EBC2008161681CC5B26068A842CAD835
:103DB00000252AE0002105EB850204F5B47000EB34
:103DC000C200417005EB850104F5B47000F8315074
:103DD000002105EB850200EBC200C17005EB8502F6
:103DE00004F5B47000EBC200016105EB850204F537
:103DF000B47000EBC200416105EB850204F5B470BC
:103E000000EBC2008161681CC5B26068A842D1D8CD
:103E1000142204F110016846FCF796F994E80F00AB
:103E200006F06AFD20B1022084F8A902012063E7B0
:103E3000002084F82400012084F8A902206806F0FC
:103E400058FD002058E7000038B504460D492068A9
:103E5000884215D100BF0C48C06940F400000A49EF
:103E6000C8610846C06900F40000009000BF00BFB0
:103E7000002211461420FFF7F9F81420FFF7E6F8A6
:103E800038BD0000005C00400010024070B50446E0
:103E90000125A068022801D0FCF7F4FC2946D4F8DB
:103EA000E80205F091FED4F8E80205F043FE70BD8B
:103EB00010B50446D4F8E80205F06AFE10BD10B54E
:103EC0000446D4F8E80205F06EFE10BD70B5044655
:103ED0000D4600BF94F8A802012801D1022070BD50
:103EE000012084F8A80200BF84F8245029462068E5
:103EF00007F0B8FB00BF002084F8A80200BF00BF95
:103F0000EDE710B5044604F52C71D4F8E80205F08D
:103F100072FE10BD10B5044600BF94F8A802012837
:103F200001D1022010BD012084F8A80200BF206842
:103F300007F05AFB01212046FFF72EF9206806F012
:103F4000D5FC00BF002084F8A80200BF00BFE9E74D
:103F500010B50446D4F8E80205F0A6FEA06928B121
:103F60000348006840F006000149086010BD0000E9
:103F700010ED00E0012001490862704700000E4288
:103F80002DE9F04385B006463BA30FCB01AC0FC42F
:103F90003DA0006800904FF0000800250027002495
:103FA000A146012E30D0022E55D0102E5ED13748BA
:103FB0004468006800F0807000B301A8C4F3834136
:103FC000475C04F4803070B130484068C0F3404032
:103FD0001DF8008004F4803040B12D48B0FBF8F0AB
:103FE00000FB07F502E02B4807FB00F52748406877
:103FF00000F48000B0F5800F01D1A94603E068000D
:104000000321B0FBF1F932E02048046A04F4407067
:10401000B0F5807F05D104F0020010B14FF40049E3
:1040200018E004F44070B0F5007F07D11748406AEB
:1040300000F0020010B149F640490BE004F4407072
:10404000B0F5407F06D11148006800F4003008B197
:104050004FF224490BE000F09BF90C494968C1F389
:104060008131491C4900B0FBF1F900E000BF00BFFD
:10407000484605B0BDE8F0830203040506070809B9
:104080000A0B0C0D0E0F1010010200000010024070
:1040900000127A0000093D00F8B50446002600250C
:1040A000207800F0010000286BD000274348C06949
:1040B00000F0805070B900BF4048C06940F08050A7
:1040C0003E49C8610846C06900F08050009000BFBA
:1040D00000BF01273A48006800F48070B0B9384842
:1040E000006840F4807036490860FEF7C5F906465E
:1040F00006E0FEF7C1F9801B642801D90320F8BD52
:104100002F48006800F480700028F2D02B48006A25
:1041100000F440752DB3A08800F44070A84220D070
:104120002648006A20F440750120264908600020D6
:1041300008602248056205F0010090B1FEF79CF985
:10414000064608E0FEF798F9801B41F28831884264
:1041500001D90320D3E71948006A00F002000028C3
:10416000F0D01648006A20F4407061680843134993
:104170000862012F04D10846C06920F08050C86150
:1041800000BF207800F00200022807D10B484068E9
:1041900020F44040A168084308494860207800F0B6
:1041A0001000102807D10548406820F48000E1681D
:1041B0000843024948600020A1E7000000100240C7
:1041C00000700040400442427047000070B5044651
:1041D0000D460CB9012070BD5A48006800F0070078
:1041E000A8420ED25748006820F0070028435549DE
:1041F00008600846006800F00700A84201D00120CE
:10420000E9E7207800F0020002281DD1207800F0B4
:104210000400042805D14C48406840F4E0604A4955
:104220004860207800F00800082805D1464840681A
:1042300040F46050444948604348406820F0F00032
:10424000A168084340494860207800F0010078B335
:104250006068012806D13C48006800F4003090B93D
:104260000120B8E76068022806D13748006800F0EE
:10427000007040B90120AEE73348006800F002004A
:1042800008B90120A7E73048406820F003006168C2
:1042900008432D494860FEF7EFF8064609E0FEF7AF
:1042A000EBF8801B41F28831884202D9032092E763
:1042B00007E02548406800F00C006168B0EB810F12
:1042C000EDD12048006800F00700A8420ED91D4833
:1042D000006820F0070028431A4908600846006873
:1042E00000F00700A84201D0012074E7207800F018
:1042F0000400042807D11448406820F4E060E16815
:10430000084311494860207800F00800082808D1C7
:104310000D48406820F46050216940EAC1000A4914
:10432000486000F045F808494968C1F30311074A9D
:10433000515CC8400649086006480068FEF736FE32
:10434000002048E7002002400010024078E1000809
:10435000700100205801002001200149C864704705
:1043600000004242014800687047000070010020D0
:1043700000B5FFF7F7FF04494968C1F30221034A7A
:10438000515CC84000BD00000010024088E10008F8
:1043900000B5FFF7E7FF04494968C1F3C221034AAA
:1043A000515CC84000BD00000010024088E10008D8
:1043B000F0B585B00FF26C0C9CE8E01001A8A0E805
:1043C000E0101CA52D680095002100220023002488
:1043D0000020194D696801F00C05F5B1042D02D0DB
:1043E000082D19D101E0154819E001ADC1F383464C
:1043F000AC5D01F4803555B10F4D6D68C5F3404596
:104400001DF805200D4D6543B5FBF2F302E00C4DA0
:1044100004FB05F3184602E000BF084800BF00BFD8
:1044200005B0F0BD02030405060708090A0B0C0DD0
:104430000E0F1010010200000010024000127A005E
:1044400000093D0010B50648806800F08000802813
:1044500004D1FFF7B9FE80200149887210BD000029
:1044600000100240F8B504460CB90120F8BD2078D0
:1044700000F00100002878D0F848406800F00C00F7
:1044800004280CD0F548406800F00C00082811D131
:10449000F248406800F48030B0F5803F0AD1EF4820
:1044A000006800F4003000285FD0606800285CD10C
:1044B0000120DBE700BF6068B0F5803F06D1E74828
:1044C000006840F48030E549086028E0606858B929
:1044D000E248006820F48030E0490860084600683F
:1044E00020F4802008601AE06068B0F5A02F0BD19E
:1044F000DA48006840F48020D8490860084600681F
:1045000040F4803008600AE0D448006820F480302D
:10451000D24908600846006820F48020086000BF87
:10452000606888B1FDF7A8FF054606E0FDF7A4FF27
:10453000401B642801D9032098E7C848006800F4AC
:1045400000300028F2D010E0FDF796FF054606E0A7
:10455000FDF792FF401B642801D9032086E7BF487E
:10456000006800F400300028F2D1207800F002004A
:10457000022857D1B948406800F00C0050B1B74844
:10458000406800F00C00082818D1B448406800F4D6
:10459000803098B9B148006800F0020020B120696D
:1045A000012801D0012061E7AC48006820F0F80044
:1045B000616940EAC100A949086033E02069E8B1B7
:1045C0000120A7490860FDF757FF054606E0FDF703
:1045D00053FF401B022801D9032047E79F4800688A
:1045E00000F002000028F2D09C48006820F0F8009B
:1045F000616940EAC1009949086013E000209849C8
:104600000860FDF739FF054606E0FDF735FF401B62
:10461000022801D9032029E79048006800F0020031
:104620000028F2D1207800F0080008282DD1A069D8
:10463000B8B101208B490860FDF71EFF054606E072
:10464000FDF71AFF401B022801D903200EE783481B
:10465000406A00F002000028F2D0012003F0C4F903
:1046600013E000207F490860FDF706FF054606E0DD
:10467000FDF702FF401B022801D90320F6E6774828
:10468000406A00F002000028F2D1207800F0040017
:10469000042873D100277148C06900F0805070B9B8
:1046A00000BF6E48C06940F080506C49C861084640
:1046B000C06900F08050009000BF00BF01276A4829
:1046C000006800F48070B0B96748006840F48070FA
:1046D00065490860FDF7D0FE054606E0FDF7CCFE13
:1046E000401B642801D90320C0E65F48006800F43D
:1046F00080700028F2D000BFE068012806D157483A
:10470000006A40F001005549086227E0E06858B9A6
:104710005248006A20F00100504908620846006AC9
:1047200020F00400086219E0E06805280BD14B482E
:10473000006A40F00400494908620846006A40F0F7
:10474000010008620AE04548006A20F00100434980
:1047500008620846006A20F00400086200BFE068B2
:10476000A0B1FDF789FE054609E0FDF785FE401B77
:1047700041F28831884202D9032077E622E03748A7
:10478000006A00F002000028EFD012E0FDF774FE8E
:10479000054608E0FDF770FE401B41F28831884273
:1047A00001D9032062E62D48006A00F002000028CB
:1047B000F0D1012F05D12948C06920F08050274948
:1047C000C86100BFE069C8B32448406800F00C002D
:1047D000082860D0E069022848D1002020490866F6
:1047E000FDF74AFE054606E0FDF746FE401B02289F
:1047F00001D903203AE61948006800F0007000284B
:10480000F2D1206AB0F5803F07D11448406820F407
:104810000030A168084311494860D4E90801084301
:104820000E49496821F4741108430C49486001207D
:104830000B490866FDF720FE054607E03DE0FDF761
:104840001BFE401B022801D903200FE60348006825
:1048500000F000700028F2D02FE0000000100240AD
:10486000000042428004424200700040002014498F
:104870000866FDF701FE054606E0FDF7FDFD401B5D
:10488000022801D90320F1E50E48006800F000700D
:104890000028F2D111E0E069012800D1E6E50948DD
:1048A000466806F48031206A814204D106F4701112
:1048B000606A814201D00120D8E50020D6E50000E1
:1048C00000004242001002402DE9F04780460E46AB
:1048D0009246002500270024A146404603F0DDF85B
:1048E00081462548B9FBF0F424480068A04240D036
:1048F0002248046040F2B2750EE0284607F0A4F9A1
:10490000012806D1B4F5B77F02D3A4F5B77402E04D
:1049100005E0A4F26D146D1CB4F5B67FEDD800BFB0
:104920002F46A5F5FA60F070002515E0012D09D19C
:10493000384607F089F9012804D11D2C01D31D3C0C
:1049400009E00BE00E48405DA04203D80C48405DF2
:10495000241A00E002E06D1C1C2CE7D200BF681C8A
:104960007070601CB070B2787178F07803F0AFF8B6
:1049700030700020BDE8F087805101006C010020FC
:104980006CE100082DE9F04707460C4691460026E9
:10499000B046002538684068C0F3800010B101209F
:1049A000BDE8F087384603F078F806464FF46160BA
:1049B000B6FBF0F5B6FBF0F100FB11603C21B0FB5B
:1049C000F1F060704FF46160B6FBF0F100FB116034
:1049D0003C21B0FBF1F201FB1200A0701820B5FBE6
:1049E000F0F100FB11502070182D08D31820B5FBF2
:1049F000F0F8B5FBF0F100FB1150207000E02570DD
:104A00000020CDE770B5044600250CB9012070BD2B
:104A1000607C20B900202074204600F05BF8022062
:104A20006074204600F085F918B1042060740120FC
:104A3000EDE7204602F0F7FF18B104206074012072
:104A4000E5E72068406820F0070021684860A0681A
:104A500028B11F48006820F001001D4908601C486B
:104A6000001F006820F46070A16808431849091FFE
:104A700008606068401C08B1656809E00120FFF724
:104A80007FFA05461DB9042060740120BFE76D1E42
:104A90002068806820F00F0040EA15402168886097
:104AA0002068C06865F30F002168C860204602F0E6
:104AB000D7FF18B1042060740120A8E70021E1733A
:104AC00001216173A1730120607400209FE7000041
:104AD000306C004038B504460B492068884212D13A
:104AE000FFF748FA00BF0948C06940F00060074975
:104AF000C8610846C06900F00060009000BF00BFB8
:104B000001200349086038BD002800400010024021
:104B10003C0442422DE9F04F87B006460F464FF065
:104B20000009002006908046002405900490039020
:104B3000824600BF48A207CA8DE80700304602F04F
:104B4000ACFF81464FF46160B9FBF0F006904FF482
:104B50006160B9FBF0F100FB11903C21B0FBF1F07A
:104B6000C0B204904FF46160B9FBF0F100FB11900A
:104B70003C21B0FBF1F201FB1200039018210698D2
:104B8000B0FBF1F201FB12000590F87800F5FA682D
:104B900040F63300804500D9804640F2B27080452F
:104BA00000D2804640F2B2750AE0284607F04CF881
:104BB000012802D12B48044401E02B4804446D1C19
:104BC0004545F2D397F801A0404607F03DF801288B
:104BD00004D1BAF1020F01D924480444AAF1010A10
:104BE000002507E01DF8050040F2A321484304EB2F
:104BF000C0146D1C5545F5D397F802B0ABF1010018
:104C000040F2A321484304EBC0140598C0EB4011C7
:104C1000C1EB002004EB00140498C0EB001004EB7F
:104C200080040398044400BF307C012803D1022093
:104C300007B0BDE8F08F0120307400BF022070740F
:104C40002146304602F085FF0120707400BF00202D
:104C5000307400BF00BFEBE71F1C1F1E1F1E1F1F6D
:104C60001E1F1E1F0085E2018033E10180510100FB
:104C70002DE9F05F04460D46904600260027B14618
:104C8000B246204602F009FF07464FF46160B7FBC9
:104C9000F0F9B9F1180F0AD31820B9FBF0FA0AEBB2
:104CA0004A00C0004FF4616100FB01F700E00027FB
:104CB00000BF207C012802D10220BDE8F09F012026
:104CC000207400BF02206074B8F1000F0BD1287867
:104CD0004FF4616148436978C1EB011100EB810039
:104CE000A978461812E0287802F092FE4FF461612C
:104CF00000FB01FB687802F08BFEC0EB00100BEBB1
:104D0000800BA87802F084FE0BEB00063E4431468F
:104D1000204602F01EFF2068406820F00500216850
:104D200048600120607400BF0020207400BF00BFF5
:104D3000C3E770B5044600250CB9012070BD20689A
:104D4000406820F0080021684860FDF795FB0546A3
:104D500007E0FDF791FB401BB0F57A7F01D90320F6
:104D6000ECE72068406800F008000028F1D000203F
:104D7000E4E710B504460CB9012010BD606A38B9EB
:104D80006068B0F5827F00D105E00021E16102E0BA
:104D90000021216161610021A16294F8510028B9CC
:104DA000002084F85000204600F042F8022084F8E9
:104DB00051002068006820F0400021680860A08849
:104DC00000F48270218901F404410843A18901F4AF
:104DD00000610843217C01F002010843217D01F0BC
:104DE00001010843218B01F400710843217F01F088
:104DF000380108432021095D01F080010843218D1D
:104E000001F400510843216808600421A06901EA07
:104E10001040216848602068C06920F40060216863
:104E2000C86100206065012084F851000020A4E7DB
:104E300010B586B0044600200290039004900590BF
:104E40003349206888422DD100BF3248806940F440
:104E50008050304988610846806900F48050019094
:104E600000BF00BF00BF0846806940F004008861B1
:104E70000846806900F00400019000BF00BFA02038
:104E80000290022003900320059002A92248FDF71A
:104E90004BF94020029000200390049002A91E4884
:104EA000FDF742F91D49206888422FD100BF1948FB
:104EB000C06940F480401749C8610846C06900F4E1
:104EC0008040019000BF00BF00BF0846806940F0ED
:104ED000080088610846806900F00800019000BF62
:104EE00000BF4FF420400290022003900320059061
:104EF00002A90B48FDF718F94FF4804002900020FA
:104F00000390049002A90648FDF70EF906B010BD03
:104F1000003001400010024000080140003800400D
:104F2000000C01402DE9F84F0446884616461D4600
:104F30004FF0000A00BF94F85000012802D102206F
:104F4000BDE8F88F012084F8500000BFFDF794FA07
:104F50000746B14694F85100012802D04FF0020AEA
:104F6000ADE0B8F1000F00D016B94FF0010AA6E08D
:104F7000032084F8510000206065C4F83080A686C4
:104F8000E686A063A087E08760642064A068B0F52F
:104F9000004F0BD12068006820F0400021680860B5
:104FA0002068006840F4804021680860206800683C
:104FB00000F04000402805D02068006840F0400024
:104FC00021680860E068B0F5006F2FD1606810B10B
:104FD000B9F1010F09D1206B00882168C860206BEE
:104FE000801C2063E08E401EE0861BE02068806805
:104FF00000F0020002280AD1206B00882168C860F6
:10500000206B801C2063E08E401EE0860AE0FDF7E6
:1050100033FAC01BA84201D3681C00B915B94FF080
:10502000030A4CE0E08E0028E0D12EE0606810B169
:10503000B9F1010F09D1206B007821680873206B4A
:10504000401C2063E08E401EE0861BE020688068E4
:1050500000F0020002280AD1206B00782168087352
:10506000206B401C2063E08E401EE0860AE0FDF7C6
:1050700003FAC01BA84201D3681C00B915B94FF050
:10508000030A1CE0E08E0028E0D13A46294620467B
:1050900002F052FF08B120206065A06850B900BF3F
:1050A000002000902068C068009020688068009010
:1050B00000BF00BF606D08B14FF0010A00BF0120C2
:1050C00084F8510000BF002084F8500000BF504613
:1050D00036E72DE9FF5F0446884691461D460E9E41
:1050E000012002900020019000BF94F85000012898
:1050F00003D1022004B0BDE8F09F012084F85000E5
:1051000000BFFDF7B9F9074694F851B06068039005
:10511000AA46BBF1010F0BD00398B0F5827F04D1F2
:10512000A06810B9BBF1040F02D002200190DBE0AF
:10513000B8F1000F03D0B9F1000F00D015B901206C
:105140000190D1E094F85100042802D0052084F8A1
:10515000510000206065C4F83890E587A587C4F841
:105160003080E586A586206460642068006800F0D1
:105170004000402805D02068006840F040002168C9
:105180000860E068B0F5006F4AD1606810B1BAF10C
:10519000010F09D1206B00882168C860206B801C3A
:1051A0002063E08E401EE08633E02068806800F0D7
:1051B0000200022810D1E08E70B1029801280BD1B4
:1051C000206B00882168C860206B801C2063E08E03
:1051D000401EE086002002902068806800F00100F8
:1051E00068B1E08F58B12068C068A16B0880A06BDF
:1051F000801CA063E08F401EE08701200290FDF735
:105200003BF9C01BB04204D3701C10B103200190C5
:105210006AE0E08E0028C8D1E08F0028C5D14AE0BE
:10522000606810B1BAF1010F09D1206B00782168D4
:105230000873206B401C2063E08E401EE08634E043
:105240002068806800F00200022810D1E08E70B162
:10525000029801280BD1206B007821680873206B1D
:10526000401C2063E08E401EE086002002902068F3
:10527000806800F0010068B1E08F58B12068C06814
:10528000A16B0870A06B401CA063E08F401EE087FC
:1052900001200290FDF7F0F8C01BB04201D3701C52
:1052A00000B916B9032001901EE0E08E0028C7D196
:1052B000E08F0028C4D13A463146204602F03CFE39
:1052C00020B101200190202060650DE0A06850B958
:1052D00000BF002000902068C068009020688068AF
:1052E000009000BF00BF00BF012084F8510000BF44
:1052F000002084F8500000BF0198FBE670B504461A
:105300002546681EB0F1807F01D301200FE0681EA2
:105310004FF0E02148610F214FF0FF3006F010FA06
:1053200000204FF0E021886107200861002070BD57
:105330007047704730B502460B4600BF92F83C00FC
:10534000012801D1022030BD012082F83C0000BFBD
:10535000022082F83D00106844681068816824F0DB
:1053600070041868044310684460104D1068A84227
:105370000BD01068B0F1804F07D00D4D1068A842D7
:1053800003D00C4D1068A84205D121F08001586867
:10539000014310688160012082F83D0000BF0020B9
:1053A00082F83C0000BF00BFCDE70000002C0140A8
:1053B000000400400008004010B504460CB901206C
:1053C00010BD94F83D0028B9002084F83C00204628
:1053D00000F026F8022084F83D00211D206803F02B
:1053E0001BFB012084F8460000BF84F83E00012129
:1053F0003F200155402001554120015500BF00BF0D
:10540000012084F8420043200155442001554520E5
:10541000015500BF012084F83D000020D0E70000C6
:1054200038B5044624492068884216D100BF234875
:10543000C06940F002002149C8610846C06900F017
:105440000200009000BF00BF002211461D20FDF7A2
:105450000DFE1D20FDF7FAFD2CE02068B0F1804F15
:1054600016D100BF1548C06940F001001349C8615A
:105470000846C06900F00100009000BF00BF022292
:1054800011461C20FDF7F2FD1C20FDF7DFFD11E0A9
:105490000B49206888420DD100BF0848806940F45C
:1054A0000060064988610846806900F40060009049
:1054B00000BF00BF38BD00000004004000100240E3
:1054C000002C0140014691F83D00012801D0012047
:1054D0007047022081F83D00124B086898420BD0BB
:1054E0000868B0F1804F07D00F4B0868984203D08E
:1054F0000E4B086898420CD10868806800F00702DB
:10550000062A0CD00868006840F001000B6818609B
:1055100005E00868006840F001000B681860002092
:10552000D6E70000002C01400004004000080040C5
:105530002DE9F04104460D4600BF94F83C000128D7
:1055400002D10220BDE8F081012084F83C0000BFB8
:10555000022084F83D002068866826F0770626F44D
:105560007F46206886602868502833D00CDC2028CD
:1055700050D004DC00284BD0102851D149E030280D
:1055800049D040284CD139E060282DD0702807D070
:10559000B0F5805F03D0B0F5005F41D10DE040E091
:1055A000D5E902136A68206803F070FA20688668FB
:1055B00046F077062068866033E0D5E902136A6812
:1055C000206803F063FA2068806840F48040216816
:1055D000886026E0EA686968206803F06BFA502169
:1055E000206803F05EFA1CE0EA686968206803F04E
:1055F00074FA6021206803F054FA12E0EA686968DE
:10560000206803F057FA4021206803F04AFA08E0C6
:1056100000BF00BF00BF2968206803F042FA00E025
:1056200000BF00BF012084F83D0000BF002084F8C7
:105630003C0000BF00BF85E7704710B504462068F6
:105640000069C0F34000D8B12068C068C0F34000D2
:10565000B0B16FF002002168086101202077206856
:10566000806900F0030018B12046FFF7E5FF05E070
:10567000204600F0ADF8204600F0ABF8002020777F
:1056800020680069C0F38000D8B12068C068C0F30A
:105690008000B0B16FF0040021680861022020771B
:1056A0002068806900F4407018B12046FFF7C4FFFD
:1056B00005E0204600F08CF8204600F08AF8002033
:1056C000207720680069C0F3C000D8B12068C068A6
:1056D000C0F3C000B0B16FF0080021680861042079
:1056E00020772068C06900F0030018B12046FFF75A
:1056F000A3FF05E0204600F06BF8204600F069F8B3
:105700000020207720680069C0F30010D8B120681D
:10571000C068C0F30010B0B16FF0100021680861DC
:10572000082020772068C06900F4407018B1204636
:10573000FFF782FF05E0204600F04AF8204600F01F
:1057400048F8002020772068006900F0010058B177
:105750002068C06800F0010030B16FF001002168DE
:105760000861204600F036F820680069C0F3C010D8
:1057700058B12068C068C0F3C01030B16FF080002D
:10578000216808612046FFF7D3FD20680069C0F357
:10579000801058B12068C068C0F3801030B16FF03D
:1057A000400021680861204600F020F82068006968
:1057B000C0F3401058B12068C068C0F3401030B149
:1057C0006FF02000216808612046FFF7B2FD10BD90
:1057D0007047704710B5044603492068884201D1DC
:1057E00002F0B6FF10BD0000000400407047704793
:1057F000704700002DE9F84F0446206805682068CE
:10580000C668206847694FF00009CA4605F00F09CD
:10581000B9F1000F0AD105F0200038B106F02000E0
:1058200020B1204603F0A2F9BDE8F88FB9F1000FCE
:1058300071D007F0010018B906F4907000286AD002
:1058400005F0010030B106F4807018B1206C40F012
:105850000100206405F0040030B107F0010018B128
:10586000206C40F00200206405F0020030B107F027
:10587000010018B1206C40F00400206405F008001D
:1058800048B106F0200010B907F0010018B1206CF3
:1058900040F008002064206C68B305F0200028B1B7
:1058A00006F0200010B1204603F060F9206840693E
:1058B000C0F3801A206C00F0080010B9BAF1000F94
:1058C00022D0204603F027F92068406900F040000C
:1058D000B0B12068406920F0400021684861A06BA9
:1058E00050B15648A16B4863A06BFCF7DFFA10B1CA
:1058F000A06B416B88470CE02046FFF779FF08E07A
:105900002046FFF775FF04E02046FFF771FF0020F7
:10591000206489E7FFE7206B012878D105F01000AB
:10592000002874D006F01000002870D000BF0020BE
:10593000009020680068009020684068009000BFD8
:1059400000BF2068406900F04000C0B3A06B006851
:1059500040681FFA80F8B8F1000F2FD0A08D4045A5
:105960002CDDA4F82E80A06B806920281FD0206831
:10597000C06820F480702168C8602068406920F009
:105980000100216848612068406920F040002168DA
:105990004861202084F83E00002020632068C06811
:1059A00020F010002168C860A06BFCF753FAA08DAE
:1059B000E28D801A81B22046FFF719FF34E7FFE736
:1059C000A08DE18D401A1FFA80F8E08DE8B1B8F1A2
:1059D000000F1AD02068C06820F490702168C86059
:1059E0002068406920F0010021684861202084F887
:1059F0003E00002020632068C06820F0100021686D
:105A0000C86041462046FFF7F2FE0DE7FFE705F0CC
:105A1000800030B106F0800018B1204603F096F9FE
:105A200002E705F0400030B106F0400018B1204612
:105A300003F08CF8F8E600BFF6E60000038B0008E0
:105A400010B504460CB9012010BDA06900B100E0FA
:105A500000BF94F83D0028B9002084F83C0020469F
:105A600000F028F8242084F83D002068C06820F465
:105A700000502168C860204603F0EAF820680069F9
:105A800020F49040216808612068406920F02A00D5
:105A9000216848612068C06840F400502168C860EF
:105AA00000202064202084F83D0084F83E0000207F
:105AB000CAE7000010B586B00446002002900390AB
:105AC000049005905D49206888423FD100BF5C4842
:105AD000806940F480405A4988610846806900F432
:105AE0008040019000BF00BF00BF0846806940F0C1
:105AF000080088610846806900F00800019000BF36
:105B000000BF40200290022003900320059002A9CC
:105B10004C48FCF709FB8020029000200390049081
:105B200002A94848FCF700FB00BF4749486840F01D
:105B3000E06040F00400486000BF002211462520CC
:105B4000FDF794FA2520FDF781FA75E03F492068BA
:105B5000884236D100BF3A48C06940F40030384925
:105B6000C8610846C06900F40030019000BF00BF62
:105B700000BF0846806940F00400886108468069DB
:105B800000F00400019000BF00BF0420029002203A
:105B900003900320059002A92D48FCF7C5FA0820C0
:105BA000029000200390049002A92948FCF7BCFA57
:105BB000002211462620FDF759FA2620FDF746FA65
:105BC0003AE024492068884236D100BF1C48C069A9
:105BD00040F480201A49C8610846C06900F480205A
:105BE000019000BF00BF00BF0846806940F0080078
:105BF00088610846806900F00800019000BF00BF7E
:105C000008150290022003900320059002A90D4878
:105C1000FCF78AFA4FF40060029000200390049091
:105C200002A90848FCF780FA002211462720FDF758
:105C30001DFA2720FDF70AFA06B010BD0038014012
:105C400000100240000C01400000014000440040F0
:105C5000000801400048004070472DE9F84F044615
:105C60000E46174699464FF0000A94F83D0020284A
:105C70005AD106B117B90120BDE8F88F00BF94F8DA
:105C80003C00012801D10220F6E7012084F83C0005
:105C900000BF00202064212084F83D00FCF7ECFBCD
:105CA0008246A784E784A068B0F5805F04D12069AC
:105CB00010B90025B04602E035464FF0000800BF9D
:105CC000002084F83C0000BF1BE0534600228021E6
:105CD0002046CDF8009003F069F808B10320CBE727
:105CE00045B9B8F80000C0F308002168486008F121
:105CF000020803E02878216848606D1CE08C401E93
:105D0000E084E08C0028E0D1534600224021204668
:105D1000CDF8009003F04AF808B10320ACE720204A
:105D200084F83D000020A7E70220A5E770470000A7
:105D300002E002A007F03CFCFBE700007B2252657A
:105D400063697665223A7B22537461747573223AD3
:105D500037307D7D0A000000014608684069C0F3C5
:105D60008020B0B16FF480600A6850610020086341
:105D7000202081F83D00002081F83E00086C40F0B2
:105D80000400086400BF002081F83C0000BF01202F
:105D900070470020FCE700002DE9F84304460D465B
:105DA00090461E46E76A2068006840F480602168DB
:105DB0000860082F04D0012F02D017F5803F06D1CC
:105DC0002068006840F480702168086008E0206B5B
:105DD000112805D12068006840F4807021680860AF
:105DE000434600224FF001112046009600F0AEF924
:105DF00060B12068006800F48070B0F5807F02D147
:105E00004FF4007020640320BDE8F8832069B0F5EA
:105E1000804F05D1E8B240F001002168086149E0F7
:105E200005F44070F02141EAE01021680861334632
:105E300042462649204600F0D1F908B10120E3E7A7
:105E4000E8B221680861334642462049891F20464E
:105E500000F0C4F908B10120D6E700BF002000908F
:105E600020684069009020688069009000BF00BFF2
:105E70002068006840F48070216808604346002272
:105E80004FF001112046009600F060F958B12068EB
:105E9000006800F48070B0F5807F02D14FF400708C
:105EA00020640320B0E705F44070F12141EAE010DE
:105EB00021680861334642460449891F204600F0A4
:105EC0008DF908B101209FE700209DE7080001003F
:105ED0002DE9F84304460D4617469846E66A082E13
:105EE00004D0012E02D016F5803F06D1206800684C
:105EF00040F480702168086008E0206B122805D10A
:105F00002068006840F48070216808603B460022E9
:105F10004FF001112046CDF8008000F017F960B174
:105F20002068006800F48070B0F5807F02D14FF4E3
:105F3000007020640320BDE8F8832069B0F5804F2D
:105F400004D105F0FE002168086112E005F44070FC
:105F5000F02141EAE0102168086143463A460B49C6
:105F6000204600F03BF908B10120E4E7E8B22168DF
:105F7000086143463A460549891F204600F02EF93C
:105F800008B10120D7E70020D5E700000800010094
:105F90002DE9F84304460F4615469946DDE9088683
:105FA0002068006840F4806021680860206800680C
:105FB00040F4807021680860434600224FF00111D0
:105FC0002046009600F0C2F860B12068006800F436
:105FD0008070B0F5807F02D14FF400702064032000
:105FE000BDE8F88307F0FE002168086133464246A9
:105FF0003E49204600F0F2F808B10120F0E700BF6A
:10600000002000902068406900902068806900901E
:1060100000BF00BF32464146204600F081F950B132
:10602000206C042805D12068006840F400702168C5
:1060300008600120D4E7B9F1010F03D1E8B221686B
:10604000086117E0C5F30720216808613246414620
:10605000204600F065F950B1206C042805D1206875
:10606000006840F40070216808600120B8E7E8B2D9
:106070002168086132464146204600F051F950B18E
:10608000206C042805D12068006840F40070216865
:1060900008600120A4E72068006840F4807021684F
:1060A0000860434600224FF001112046009600F0A0
:1060B0004DF858B12068006800F48070B0F5807F1A
:1060C00002D14FF400702064032089E7F8B240F059
:1060D000010021680861334642460449204600F029
:1060E0007DF808B101207BE7002079E7020001007C
:1060F00070B504460D46164620E02046FFF72CFEFC
:1061000008B1012070BD681CC0B1FCF7B5F9801B57
:10611000A84200D895B900202063202084F83D00D3
:10612000002084F83E00206C40F02000206400BF76
:10613000002084F83C0000BF0120E3E720684069AC
:10614000C0F380000028D8D00020DBE72DE9F0471D
:1061500004460D4617461E46DDF820804FF0000924
:106160001FE0701CE8B109F10109FCF785F9A0EB0B
:106170000800B04200D8A6B900202063202084F88F
:106180003D00002084F83E00206C40F02000206498
:1061900000BF002084F83C0000BF81460120BDE81C
:1061A000F087C5F3074001280AD120684069A9B2E9
:1061B0000840A9B2884201D101200BE0002009E08B
:1061C00020688069A9B20840A9B2884201D10120A3
:1061D00000E00020B842C4D00020E0E72DE9F04103
:1061E00004460D4616461F463DE020684069C0F350
:1061F0008020E8B12068006840F4007021680860E1
:106200006FF480602168486100202063202084F8BA
:106210003D00002084F83E00206C40F00400206423
:1062200000BF002084F83C0000BF0120BDE8F081E1
:10623000701CC0B1FCF720F9C01BB04200D896B961
:1062400000202063202084F83D00002084F83E00D8
:10625000206C40F02000206400BF002084F83C0047
:1062600000BF0120E2E7C5F3074001280AD12068FA
:106270004069A9B20840A9B2884201D101200BE0CF
:10628000002009E020688069A9B20840A9B28842CC
:1062900001D1012000E000200028A6D00020C5E7A1
:1062A00070B504460D46164632E020684069C0F3DA
:1062B0000010A0B16FF01000216848610020206339
:1062C000202084F83D00002084F83E00206C2064EB
:1062D00000BF002084F83C0000BF012070BDFCF727
:1062E000CBF8801BA84200D895B90020206320205D
:1062F00084F83D00002084F83E00206C40F020002F
:10630000206400BF002084F83C0000BF0120E5E7C6
:1063100020684069C0F380100028C6D00020DDE767
:1063200070B504460D46164620E02046FFF714FDE2
:1063300008B1012070BD681CC0B1FCF79DF8801B3E
:10634000A84200D895B900202063202084F83D00A1
:10635000002084F83E00206C40F02000206400BF44
:10636000002084F83C0000BF0120E3E7206840697A
:10637000C0F3C0100028D8D00020DBE730B59DB0B6
:1063800004460D467022284901A8F9F7DDFE332D99
:1063900037D006DC102D0BD0122D3AD0142D40D161
:1063A00017E0352D1DD0372D0BD0392D39D120E0F8
:1063B000A006010E1D4B01AA602000F018F91DB0C7
:1063C00030BDA006010E194B05AA612000F00FF99F
:1063D000F5E7A006010E154B09AA602000F007F9A9
:1063E000EDE7A006010E114B0DAA612000F0FFF8A9
:1063F000E5E7A006010E0D4B11AA612000F0F7F8A9
:10640000DDE7A006010E094B15AA612000F0EFF8A8
:10641000D5E7A006010E054B19AA602000F0E7F8A9
:10642000CDE70120CBE70000D8E10008B022002032
:1064300070B504460D462946204600F059F970BD56
:1064400070B504460026002504E000201349485595
:10645000681CC5B20A2DF8DB104800F0FFF830B117
:106460000020E070A070607020704E2070BD0B485E
:1064700000F077F930B90020E070A07060702070F3
:106480004E20F3E7002504E00448405D6055681C99
:10649000C5B2042DF8DB0020E8E70000B0220020A0
:1064A0000870020A4A70020C8A70020ECA707047A5
:1064B00030B50B46002100BF16E00A24B4EB107F74
:1064C00005D9302404EB107403F8114005E0412491
:1064D00004EB10740A3C03F81140000100254C0045
:1064E000641C1D554C1CE1B29142E6DB30BD00003E
:1064F00070B504460D4616464AF6AA2004490968B6
:106500000860AAB22146304601F0ACFD70BD000023
:106510003C0D0020FEB5002500266A460B214FF4F5
:106520000120FFF7E5FF69461C48FAF760F801A96A
:106530001B48FAF75CF800BF002404E01DF80400D3
:10654000284485B2641C092CF8D39DF809109DF8E5
:106550000A0001EB0020A84204D000200F49086087
:106560000F4908609DF80800072804D000200B4957
:1065700008600B4908600948006847F2C711884263
:1065800002D900200549086005480068022802D3A6
:1065900000200349086002F04BF8FEBD0000002017
:1065A000040000202DE9FC410446002700210D20B5
:1065B00005F082F8932020702020607001A8234607
:1065C0000222214600900C2000F0F8F806465EB941
:1065D000002503E0605D4740681CC5B2042DF9DB6F
:1065E000605DB84200D002263046BDE8FC812DE94E
:1065F000F04385B006460F46904699468DF80460F4
:106600008DF80570002406E018F8041001AAA01CFB
:106610001154601CC4B2062CF6DB002407E019F804
:10662000041001AA04F108001154601CC4B2042C27
:10663000F5DB04A801AB0C2201A900900E2000F0AC
:10664000BDF805462DB9082001F09AFA00F00800BF
:1066500000B90225284605B0BDE8F08370B50446B0
:1066600008210846FAF7D4F82146522000F05BF8DA
:1066700005461DB92046FFF795FF0546284670BD23
:1066800010B5012210211848FBF7F0FE002201216D
:106690001648FBF7EBFE0120FBF760FC01221146D8
:1066A0001248FBF7E3FE0120FBF758FC00F053F81B
:1066B0008D212A2005F000F83E212B2004F0FCFF5C
:1066C0001E212D2004F0F8FF00212C2004F0F4FFFF
:1066D0004021152004F0F0FF3D21112004F0ECFFD3
:1066E000F9F77AFF10BD000000080140000C0140DE
:1066F0007CB505460C46302020706570A21C022136
:106700002046FAF753F801A82346042221460090B8
:106710000C2000F053F8064616B90198902800D0D6
:10672000022630467CBD7CB506460C4607210D206E
:1067300004F0C2FF267001A82346012221460090E2
:106740000C2000F03BF8054615B90198102800D040
:10675000022528467CBD10B50F21012004F0ACFFB6
:1067600010BDF0B585B0074693208DF80400702069
:106770008DF80500002405E0395D01AAA01C115424
:10678000601CC4B2052CF7DB0DF10B02072101A838
:10679000FAF70CF804A801AB092201A900900C201B
:1067A00000F00CF805462DB90498182802D19DF880
:1067B000046000E00026304605B0F0BD2DE9FE4F34
:1067C0000646884691469A46DDF830B0022002908F
:1067D0000020019000900C2E06D00E2E09D1122020
:1067E00001901020009005E077200190302000906B
:1067F00000E000BF00BF019840F08001022004F0DB
:106800005BFF80210420FAF703F880210A2001F0C1
:106810007FFF0021012004F04FFF002505E018F85C
:106820000510092004F048FF6D1C4D45F7D3314693
:10683000012004F041FF0C2E03D180210D2001F036
:1068400067FF4FF4FA6500BF042001F099F9044690
:106850006D1E35B104F0010018B9009820400028E1
:10686000F2D080210D20F9F7D3FF95B3062001F077
:1068700087F900F01B0068BB0020029001982040BF
:1068800000F0010008B1012002900C2E24D10A2052
:1068900001F076F904460C2001F072F900F00707C8
:1068A0002FB1601E07EBC000CBF8000002E0E00053
:1068B000CBF8000004B90124102C00DD10240025C1
:1068C00005E0092001F05CF90AF805006D1CA542FD
:1068D000F7D301E0022002900298BDE8FE8F00008D
:1068E00000B585B00020019002900390049000BF95
:1068F0004B48806940F0100049498861084680692A
:1069000000F01000009000BF00BF00BF0846806983
:1069100040F0200088610846806900F02000009067
:1069200000BF00BF00BF0846806940F004008861D6
:106930000846806900F00400009000BF00BF00BF5F
:106940000846806940F0080088610846806900F0C8
:106950000800009000BF00BF00224FF4E261314800
:10696000FBF784FD002201212F48FBF77FFD4FF448
:10697000E260019001200290002003900320049027
:1069800001A92848FBF7D0FB0120019002900020CC
:1069900003900220049001A92348FBF7C5FB0122C4
:1069A000D1032048FBF762FD4FF400400190012025
:1069B0000290002003900320049001A91948FBF7DE
:1069C000B3FB012210211848FBF750FD1020019065
:1069D0000120029003900320049001A91248FBF7C4
:1069E000A3FB012210211048FBF740FD01221103F7
:1069F0000D48FBF73BFD4FF48050019001200290C1
:106A0000002003900320049001A90748FBF78CFBAA
:106A1000012211030448FBF729FD05B000BD000069
:106A20000010024000080140000C014010B50B4866
:106A30000B4908600B484860002109488160C1602B
:106A40004FF480410161002141618161C1610162B6
:106A5000FBF718FD08B1F9F715FF10BD0054004011
:106A6000480D0020801A060010B507480749086045
:106A70000620486040F6FF7104488160FCF746FA42
:106A800008B1F9F7FFFE10BD003000403C0D0020BA
:106A90001CB50020019000900748084908604FF09D
:106AA000FF3048604FF4807104488160FDF7AAFF11
:106AB00008B1F9F7E7FE1CBD00280040A40E002035
:106AC00010B50F480F4908604FF4827048600021EC
:106AD0000C488160C160016141614FF400718161C6
:106AE0002821C1610021016241624FF4005181629D
:106AF0000921C162FEF73DF908B1F9F7C3FE10BDE7
:106B000000300140B80E002010B50F480F49086052
:106B10004FF48270486000210C488160C1600221FE
:106B2000016101214161490281610821C1610021A6
:106B30000162416281620A21C162FEF71AF908B15D
:106B4000F9F7A0FE10BD000000380040100F002033
:106B500000B587B000200390049005900690019046
:106B6000029014481449086040F2DB50486000214C
:106B7000114881600121C160002101618161FEF73E
:106B80001BFC08B1F9F77EFE4FF48050039003A977
:106B90000948FEF7CDFC08B1F9F774FE002001901A
:106BA000029001A90448FEF7C5FB08B1F9F76AFE97
:106BB00007B000BD00040040680F002010B5094870
:106BC00009490860002108488160C16001610C2109
:106BD000416100218161C161FEF732FF08B1F9F71F
:106BE00051FE10BD00380140B00F002010B50B4819
:106BF0000B4908604FF4E13048600021084881608B
:106C0000C16001610C21416100218161C161FEF718
:106C100017FF08B1F9F736FE10BD00000044004030
:106C2000F40F002010B50B480B4908604FF4964054
:106C30004860002108488160C16001610C21416108
:106C400000218161C161FEF7FBFE08B1F9F71AFE70
:106C500010BD000000480040381000201FB5002083
:106C600000900190029003904FF48050009001201A
:106C70000190022002900320039069461448FBF71C
:106C800053FA00224FF480511148FBF7EFFB6420C8
:106C9000FBF764F900220F490F4802F0A2FD08B18A
:106CA000F9F7F0FD0D490C4803F034F808B1F9F795
:106CB000E9FD0B49084802F03AFA08B1F9F7E2FD9C
:106CC000054803F0F1F808B1F9F7DCFD1FBD00003D
:106CD00000080140EC0000207C100020840100200E
:106CE0004401002000BFFEE7FDF7ACFB00BFFEE75C
:106CF0002DE9F0470546EAE12868B0F844A00AF01B
:106D00000F06002E7ED10AF01000B0BB00BF29682C
:106D1000098848F60F7201EA020040F400412A682F
:106D2000118000BF05F128042868B0F850102078C1
:106D300001EBC000801C296801F5806131F810006A
:106D4000C0F30900E061E169606908446061002105
:106D50002846FCF722FA95F824000028CBD0A06939
:106D60000028C8D195F8240040F080002968A1F8D7
:106D70004C00002085F82400A9E1FFE705F5B47474
:106D80002868B0F8008008F4006030B32868B0F8D4
:106D90005010207801EBC000801D296801F580614A
:106DA00031F81000C0F30900E061A18B8BB2E288DA
:106DB00005F52C71286804F02DFC00BF29680988AE
:106DC00040F68F7201EA020040F080012A681180CB
:106DD00000BF2846FDF795F879E108F40040002847
:106DE00089D000BF2968098840F68F7201EA020045
:106DF00040F080012A68118000BF2868B0F8501068
:106E0000207800E06FE001EBC000801D296801F5EB
:106E1000806131F81000C0F30900E061E06990B1D1
:106E2000606980B1B4F81CC01FFA8CF3E288616914
:106E3000286804F0EFFBE1696069084460610021A3
:106E40002846FCF7BAF92868008800F4006000289A
:106E500092D100BF2A682968B1F850100A4402F2A2
:106E60000C41084600BF236953B9038848F2FF3C30
:106E700003EA0C030380038843F4004303801EE00D
:106E800023693E2B0DD800BF23695908237C03F0EA
:106E9000010303B1491C4FF6FF7303EA812303800A
:106EA0000DE000BF23695909237C03F01F0303B9D8
:106EB000491E4FF4004343EA8123038000BF00BF13
:106EC00000BF00BF296809884BF68F7201EA0200F3
:106ED00080F4805080F4005040F4004141F0800183
:106EE0002A681180F3E07100286830F8118008F4F6
:106EF000004000287ED000BF7200296831F81210CF
:106F000040F68F7201EA020040F0800173002A68A7
:106F100022F8131000BF06EB860105F5B47000EBF4
:106F2000C104207BB0B92868B0F85010207801EB7C
:106F3000C000801D296801F5806131F81000C0F3A0
:106F40000907002F5BD0E28861693B46286804F09E
:106F500061FB54E0E078022806D1424621462846EB
:106F6000FCF7AEF907464AE000BF00BF22785200A6
:106F7000296831F8121048F68F7201EA020040F4D5
:106F8000004141F0C00123785B002A6822F8131009
:106F900000BF00BF21784900286830F8110000F4D4
:106FA0008040A8B12868B0F85010207801EBC000EC
:106FB000801C296801F5806131F81000C0F30907D1
:106FC000EFB1228961693B46286804F023FB16E093
:106FD0002868B0F85010207801EBC000801D2968A7
:106FE00001F5806131F81000C0F309073FB16289F3
:106FF000616900E017E03B46286804F00BFBE0699C
:107000003844E061606938446061A06910B120696A
:10701000B84204D921782846FCF7CFF803E021468E
:10702000286803F01CFD08F08000B0B306EB860171
:1070300005F1280000EBC10400BF7200296831F897
:10704000121048F60F7201EA020040F4004173008A
:107050002A6822F8131000BFE078032807D0E078F0
:1070600028B1E07802282DD108F4807050BB286840
:10707000B0F85010207801EBC000801C296801F5A1
:10708000806131F81000C0F30909A069484505D9AD
:10709000A069A0EB0900A06102E018E00020A06157
:1070A000A06920B921782846FCF777F80FE06069DD
:1070B00048446061E0694844E0612146286803F083
:1070C000CEFC04E0424621462846FCF7A5F9286894
:1070D000B0F8440000F4004000287FF40DAEBDE895
:1070E000F0877047F0B589B0002400250026FE48DF
:1070F0004078012803D10320FC490870FEE3FA48D8
:107100004078062813D10520F8490870F848F94955
:107110000268F94804F0F8FA002704E0F649C819B3
:1071200006F0C0F87F1CB7F5C87FF7D3E6E7EE4856
:107130004078022803D10420EC490870DEE7EA48D1
:107140004078052833D10320E84908700024E64838
:107150008078082805DAE9A006F02AFA012009B0AB
:10716000F0BDE148C078E04909794840DE494979F5
:107170004840DD49897980EA0106DB48C079B042A0
:1071800004D0DEA006F014FA0120E8E7D648C07863
:107190000006D549097900EB0140D349497900EB54
:1071A0000121D14880790844D1490860E2E3CE4802
:1071B000407803287ED1CD4908700024CA488078E1
:1071C000082804DACDA006F0F3F90120C7E7C64885
:1071D000C078C54909794840C34949794840C249FE
:1071E000897980EA0106C048C079B04204D0C3A0C2
:1071F00006F0DEF90120B2E7BB48C0780006BA49C4
:10720000097900EB0140B849497900EB0121B64802
:1072100080790844B649086006A9B548006805F0B9
:1072200055FE05460020B449887048700870032454
:1072300005F10900C2B22146641CAF484254022243
:107240002146641C4254F9222146641C42544522C2
:107250002146641C425470222146641C4254002181
:107260002246641C81542246641C81542246641CBC
:1072700081542246641C81542246641C8154224657
:10728000641C81542246641C81542246641C81542F
:1072900031222146641C425432222046611C8CB2A9
:1072A00095490A5434222046611C8CB292490A54F2
:1072B000352200E048E02046611C8CB28E490A5419
:1072C0001C222046611C8CB28B490A54002008E025
:1072D00006A90B5C2146621C94B2874A5354411C98
:1072E000C8B2A842F4DB1C222046611C8CB2824941
:1072F0000A542046611C8CB27F490A542046611C06
:107300008CB27D490A542046611C8CB27A490A54D9
:1073100001AA2146784800F04FFC002008E001A9AE
:107320000B5C2146621C94B2734A5354411CC8B290
:107330001428F4DB002704E06F49C81905F0B2FFF8
:107340007F1CA742F8D315E36748407804287DD115
:1073500066490870002464488078082804DA67A029
:1073600006F026F90120FAE65F48C0785E490979FF
:1073700048405D49497948405B49897980EA01067E
:107380005948C079B04204D05CA006F011F9012040
:10739000E5E65548C07800065349097900EB0140FD
:1073A0005149497900EB01214F48807908445049FF
:1073B000086006A94E48006805F088FD05460220D1
:1073C0004D4908707520487000208870C870087199
:1073D00001204871722088716F20C8710824B12281
:1073E0002146641C444842541A222146641C4254DB
:1073F00081222146641C42542146641C45540020CD
:1074000008E006A90B5C2146621C94B23A4A535428
:10741000411CC8B2A842F4DB82222046611C8CB217
:1074200035490A5409222046611C8CB232490A545B
:10743000E4222046611C8CB22F490A54C722204600
:10744000611C8CB22C490A54E32200E083E22046FE
:10745000611C8CB228490A543A222046611C8CB225
:1074600025490A54CD222046611C8CB222490A5477
:10747000D3222046611C8CB21F490A54ED222046BB
:10748000611C8CB21C490A54E4222046611C8CB257
:1074900019490A540A222046611C8CB216490A5422
:1074A00083222146601C84B21348425401222046A4
:1074B000611C8CB210490A542046611C8CB20E49E2
:1074C0000A5484222046611C8CB20B490A540122C2
:1074D0002046611C8CB208490A5403222046611CD4
:1074E0008CB205490A5417E0680700209900002073
:1074F0009C000020D0E20008280B00207B2252656F
:107500006365697665223A7B2253746174757322D0
:107510003A3139307D7D0A0085222046611C8CB2CB
:10752000FE490A5401222046611C8CB2FB490A54D0
:1075300000222046611C8CB2F8490A54B22220462F
:10754000611C8CB2F5490A5451222046611C8CB250
:10755000F2490A54A1222046611C8CB2EF490A5418
:1075600005F11700C2B22046611C8CB2EB490A54E7
:1075700081222046611C8CB2E8490A542046611CD5
:107580008CB2E6490D54002008E006A90B5C2146A8
:10759000621C94B2E14A5354411CC8B2A842F4DBC5
:1075A00082222046611C8CB2DC490A54012220460A
:1075B000611C8CB2D9490A5430222046611C8CB21D
:1075C000D6490A5483222046611C8CB2D3490A54FE
:1075D00001222046611C8CB2D0490A543022204638
:1075E000611C8CB2CD490A5484222046611C8CB2A5
:1075F000CA490A5401222046611C8CB2C7490A5468
:1076000030222046611C8CB2C4490A54852220468F
:10761000611C8CB2C1490A5401222046611C8CB203
:10762000BE490A5430222046611C8CB2BB490A5420
:1076300086222046611C8CB2B8490A540122204699
:10764000611C8CB2B5490A5430222146601C84B2B8
:10765000B248425487222046611C8CB2AF490A547A
:1076600001222046611C8CB2AC490A5430222046CB
:10767000611C8CB2A9490A5488222046611C8CB234
:10768000A6490A5401222046611C8CB2A3490A541F
:1076900030222046611C8CB2A0490A54A222204606
:1076A000611C8CB29D490A5432222146601C84B26E
:1076B0009A484254A1222046611C8CB297490A5430
:1076C0000B222046611C8CB294490A548122204628
:1076D000611C8CB291490A5403222046611C8CB271
:1076E0008E490A54E4222046611C8CB28B490A540C
:1076F000C7222146601C84B288484254E3222046B7
:10770000611C8CB285490A5482222046611C8CB2CD
:1077100082490A5404222046611C8CB27F490A54D3
:10772000CD222046611C8CB27C490A54D3222046CB
:10773000611C8CB279490A54ED222046611C8CB23E
:1077400076490A54E4222046611C8CB273490A54DB
:10775000A1222046611C8CB270490A541122204695
:10776000611C8CB26D490A5481222046611C8CB286
:107770006A490A5406222046611C8CB267490A54A1
:1077800044222046611C8CB264490A546C22204673
:10779000611C8CB261490A542046611C8CB25F495D
:1077A0000A5456222046611C8CB25C490A54652258
:1077B0002046611C8CB259490A5472222046611C31
:1077C0008CB256490A5482222046611C8CB253491D
:1077D0000A5407222046611C8CB250490A543222B6
:1077E0002046611C8CB24D490A542E222046611C51
:1077F0008CB24A490A5433222046611C8CB2474954
:107800000A542E222046611C8CB244490A5430226C
:107810002046611C8CB241490A542E222046611C2C
:107820008CB23E490A5431222046611C8CB23B493D
:107830000A54A1222146601C84B2384842541022C6
:107840002046611C8CB235490A5481222046611CB5
:107850008CB232490A5406222046611C8CB22F4950
:107860000A5450222046611C8CB22C490A547222C0
:107870002046611C8CB229490A5467222046611CAB
:107880008CB226490A5456222046611C8CB22349E8
:107890000A5465222046611C8CB220490A54722287
:1078A0002046611C8CB21D490A5482222046611C6C
:1078B0008CB21A490A5406222046611C8CB2174920
:1078C0000A5470222046611C8CB214490A54722258
:1078D0002046611C8CB211490A5467222046611C63
:1078E0008CB20E490A5476222046611C8CB20B4998
:1078F0000A5465222046611C8CB200E03AE0074938
:107900000A5472222046611C8CB204490A54F222A5
:107910002046611C8CB201490A5401E0280B00206A
:107920001D222046611C8CB217490A542046611C56
:107930008CB215490A54EB222046611C8CB21249C4
:107940000A54002704E01049C81905F0ABFC7F1C5D
:10795000A742F8D30EE000200C490870022704E08B
:107960000B49C81905F09EFC7F1C09484078401C53
:10797000B842F5D207A005F01BFE4FF4167104487B
:10798000F8F7FBFB002021E4280B002099000020E1
:10799000680700207B2252656365697665223A7B21
:1079A00022537461747573223A32362C22547970E2
:1079B00065223A22506F735472616E736163746909
:1079C0006F6E227D7D0A000001B582B06420012324
:1079D00001AA02A900900348FDF77BFB9DF8040073
:1079E0000EBD0000B80E002008B508490968C90896
:1079F0004FF47A72B1FBF2F14143009100BF00BF36
:107A000000994A1E00920029F9D108BD700100209A
:107A1000014600BF080900EB8000420001F00F00A2
:107A20001044C0B2704770B504460025FAF724FD33
:107A3000054607E0FAF720FD401BB0F57A7F01D933
:107A4000032070BD2068406800F020000028F1D0BD
:107A50002068406840F01000216848600020F0E78E
:107A600070B5044600252068406820F010002168A9
:107A70004860FAF701FD054607E0FAF7FDFC401BF8
:107A8000B0F57A7F01D9032070BD2068406800F00E
:107A900020000028F1D00020F6E730B50146002292
:107AA0000023002400200D68AD69AAB20D68ED69BD
:107AB000ACB20D68AD69ABB29A4205D00D68ED6904
:107AC00063F31F45284601E044EA024030BDF0B5AB
:107AD00004460B460021002504F5FA61032B1BD256
:107AE000C3EBC30000EB03100926B0FBF6F0104413
:107AF000001D4618481E06EB90066427B0FBF7F001
:107B0000361A481EBF00B0FBF7F030440726B0FB22
:107B1000F6F706FB17051AE0C3EBC30000EB0310F2
:107B20000926B0FBF6F01044001D084400EB91005C
:107B30006426B1FBF6F6801B4FF4C876B1FBF6F66F
:107B40003044801E0726B0FBF6F706FB1705E8B2A7
:107B5000F0BD70B504460D4600262046FFF763FFD2
:107B600008B101260AE0280C21688861A8B22168C2
:107B7000C8612046FFF774FF00B10126304670BD92
:107B800070B50446002210210A48FAF76FFC7E21E6
:107B900001EA440141F08000FFF716FF0020FFF7E3
:107BA00013FF0546012210210248FAF75FFC284620
:107BB00070BD0000000801402DE9F74FFEB00E46F1
:107BC000DFF85893D6487D906FEA09007C90D4483E
:107BD000C0437B90D3487A90002074900CE0DDF88D
:107BE000D0A17E9810F80AA00DF5A67B74980BF82A
:107BF00000A07498401C74907498B042EFD3314642
:107C00000F4680200DF5A67A0AF801004FF0000A11
:107C10000DF5A67B481C0BF800A053A8405C5290C1
:107C2000491C08464FEAE17A01EB9A6A4FEAAA1A20
:107C3000A1EB8A1ACDF844A1DDF844A1BAF1380FBE
:107C400004DA5198C0F13800519003E05198C0F126
:107C500078005190002306E000200DF5A67A0AF87E
:107C60000100491C5B1C51988342F5D34FF0000A78
:107C70000DF5A67B481C0BF800A0002306E00020B1
:107C80000DF5A67A0AF80100491C5B1C062BF6D3F9
:107C9000F8004FEAE07A00EB1A6ACAF3072A0DF5FA
:107CA000A67B0BF801A0491CF8004FEAE07A00EB34
:107CB0001A6A4FEA2A2AA0EB0A2A0BF801A0491CEB
:107CC000002001EB030A0BF80A0008464FEAE17AAC
:107CD00001EB9A6A4FEAAA1ACDF840A10023DCE032
:107CE00000202BE04FEA831A0AEB800A0DF5A67BF1
:107CF0001BF80AA04FEA0A6A4FEA831B0BEB800BC2
:107D00000BF1010B0DF5A67E1EF80BB00AEB0B4A2A
:107D10004FEA831B0BEB800B0BF1020B1EF80BB031
:107D20000AEB0B2A4FEA831B0BEB800B0BF1030BC7
:107D30001EF80BB0DA444DF820A0401C1028D1DB0F
:107D4000102430E0E01E5DF82000A4F1080A5DF880
:107D50002AA080EA0A00A4F10E0A5DF82AA080EAAF
:107D60000A00A4F1100A5DF82AA080EA0A004FEA8E
:107D7000400AE01E5DF82000A4F1080B5DF82BB06E
:107D800080EA0B00A4F10E0B5DF82BB080EA0B002B
:107D9000A4F1100B5DF82BB080EA0B004AEAD0701A
:107DA0004DF82400641C502CCCD3CDF8E4917D9D7B
:107DB000DDF8F0C1DDF8EC817A987890002059E088
:107DC00013280CDC05EA0C0A28EA050B4AEA0B0A20
:107DD000CDF8DCA1DFF850A1CDF8D8A129E0272803
:107DE0000ADC85EA0C0A8AEA080ACDF8DCA1DFF889
:107DF0003CA1CDF8D8A11CE03B2810DC05EA0C0A18
:107E000005EA080B4AEA0B0A0CEA080B4AEA0B0AD5
:107E1000CDF8DCA1DFF818A1CDF8D8A109E085EAFA
:107E20000C0A8AEA080ACDF8DCA1DFF808A1CDF82F
:107E3000D8A1DDF8E4A14FEA4A1B4BEADA6BDDF882
:107E4000DCA1D344DDF8E0A1D344DDF8D8A1DA44C5
:107E50005DF820B0DA44CDF8D4A1CDF8E081E04659
:107E60004FEA857A4AEA950C799DDDF8D4A1CDF8E0
:107E7000E4A1401C5028A3DB799881447D982844D4
:107E80007D907C9860447C907B9840447B90DDF8AA
:107E9000E0A17A9850447A905B1C50988342FFF49A
:107EA0001FAF4FEA196010704FEA194050704FEA47
:107EB0001920907082F803907D98000E10717D98C3
:107EC000000C50717D98000A90717D98D0717C985B
:107ED000000E10727C98000C50727C98000A907210
:107EE0007C98D0727B98000E10737B98000C5073B6
:107EF0007B98000A90737B98D0737A98000E107468
:107F00007A98000C50747A98000A90747A98C0B2EB
:107F1000D0740DF5017DBDE8F08F000001234567A9
:107F200089ABCDEFF0E1D2C39979825AA1EBD96E3A
:107F3000DCBC1B8FD6C162CAF8B504460D46164696
:107F40002B46002280212046009600F0F1FA28B14D
:107F5000606D40F0200060650320F8BD0020FCE764
:107F600038B50BA000680090002400224FF4805127
:107F70000848FAF77BFA6423012269460648FCF7B1
:107F8000D1FF012211030348FAF770FA38BD00004F
:107F900006000000000C0140100F002038B5044618
:107FA0000DA00068009000224FF480510B48FAF7B2
:107FB0005DFA6423012269460948FCF7B3FF009487
:107FC0006423012269460648FCF7ACFF0122110335
:107FD0000248FAF74BFA38BD01000000000C0140DE
:107FE000100F002038B504461BA000680090002543
:107FF0002403FFF7B5FF00F00BF900224FF4805186
:108000001648FAF733FA6423012269461448FCF74C
:1080100089FFC4F307400090642301226946104899
:10802000FCF780FFC4F30720009064230122694617
:108030000B48FCF777FFE0B2009064230122694609
:108040000748FCF76FFF012211030448FAF70EFA04
:1080500000F0DEF838BD000020000000000C0140F8
:10806000100F0020FEB506460C46174624A00068F7
:1080700002900020019000224FF480512148FAF72D
:10808000F5F96420012301AA02A900901E48FDF71A
:1080900020F8C4F3074002906420012301AA02A93A
:1080A00000901948FDF715F8C4F3072002906420EA
:1080B000012301AA02A900901348FDF70AF8E0B2D3
:1080C00002906420012301AA02A900900E48FDF746
:1080D00000F8FF200290002509E0642072190123B6
:1080E00002A900900848FCF7F4FF681C85B2BD4265
:1080F000F3DB012211030348FAF7B8F9FEBD0000D3
:1081000003000000000C0140100F00203EB527A026
:108110000068029000200190002400224FF480515A
:108120002348FAF7A3F96420012301AA02A90090C9
:108130002048FCF7CEFF002002906420012301AA12
:1081400002A900901B48FCF7C4FF6420012301AA88
:1081500002A900901748FCF7BCFF6420012301AA84
:1081600002A900901348FCF7B4FF6420012301AA80
:1081700002A900900F48FCF7ACFF9DF80440642072
:10818000012301AA02A900900A48FCF7A2FF4FF6BA
:10819000FF7000EA04249DF8040004430122110347
:1081A0000348FAF763F920463EBD00009000000046
:1081B000000C0140100F00200EB50020029011A00D
:1081C0000068019000224FF480510F48FAF74EF9F1
:1081D0006420012302AA01A900900C48FCF779FF52
:1081E000FF2001906420012302AA01A90090074802
:1081F000FCF76FFF012211030348FAF737F99DF8E6
:1082000008000EBD05000000000C0140100F00200A
:1082100010B5002404E04AF6AA2005490968086060
:10822000FFF7CAFF00F001000028F4D110BD0000E4
:108230003C0D00202DE9F0478046894616464FEA5E
:108240001937C9F30B0ACAF58055F8F79BFBBAF149
:10825000000F03D117B13846FFF7C4FEAE4200DC71
:10826000354669E04AF6AA203549096808603903AD
:108270004FF480523348FFF7F5FE002408E00AEB84
:1082800004003049085CFF2800D003E0601C84B281
:10829000AC42F4DB00BFAC4217DAF8F773FB3846A8
:1082A000FFF7A0FE002407E018F8040004EB0A0121
:1082B000244A5054601C84B2AC42F5DB39034FF4BD
:1082C0008052204800F0BAF804E02A464946404669
:1082D00000F0B4F8002404E000201A490855601C9E
:1082E00084B2AC42F8DB2A4649461648FFF7BAFE8C
:1082F000002408E01348005D18F80410884200D0FC
:1083000003E0601C84B2AC42F4DB00BFAC4202DA92
:108310000120BDE8F087AE4200D10EE07F1C4FF097
:10832000000AA844A944701B86B2B6F5805F02DD3E
:108330004FF4805500E0354694E700BF0020E8E7A1
:108340003C0D0020BA2200202DE9F0470746884660
:1083500016464FEA1839C8F30B0ACAF58055AE42E3
:1083600000DC354663E04FEA09314FF48052324871
:10837000FFF778FE002408E00AEB04002E49085CB1
:10838000FF2800D003E0601C84B2AC42F4DB00BFE5
:10839000AC4215DA4846FFF725FE002406E0385DBA
:1083A00004EB0A01244A5054601C84B2AC42F6DB50
:1083B0004FEA09314FF480521F4800F03FF804E0C3
:1083C0002A464146384600F039F8002404E00020EF
:1083D00019490855601C84B2AC42F8DB2A46414674
:1083E0001548FFF73FFE002407E01348005D395DA4
:1083F000884200D003E0601C84B2AC42F5DB00BFD1
:10840000AC4202DA0120BDE8F087AE4200D10FE0B5
:1084100009F101094FF0000A2F44A844701B86B2ED
:10842000B6F5805F02DD4FF4805500E035469AE7EF
:1084300000BF0020E7E70000BA2200202DE9F0414C
:1084400007460E461446F0B2C0F58075AC4200DC1B
:10845000254617E04AF6AA200C49096808602A4612
:108460003146384600F014F8AC4200D10BE02F44FE
:108470002E44601B84B2B4F5807F02DD4FF480751A
:1084800000E02546E6E700BFBDE8F0813C0D002096
:108490002DE9F84306460C46174622A000680090D6
:1084A0004FF00008FFF75CFD00224FF480511E489A
:1084B000F9F7DCFF6423012269461C48FCF732FD12
:1084C000C4F3074000906423012269461748FCF773
:1084D00029FDC4F307200090642301226946134854
:1084E000FCF720FDE0B200906423012269460F48AA
:1084F000FCF718FD002509E0705D009071196423F8
:1085000001220A48FCF70EFD681C85B2BD42F3DB70
:10851000012211030448F9F7A9FFFFF779FEBDE82E
:10852000F883000002000000000C0140100F002042
:108530002DE9F84F04460D4690461E46DDF828907A
:10854000F9F79AFFA0EB0900371AF9F795FF824671
:108550002C480068C0F3CB307843009045E0701C95
:10856000002842D0F9F788FFA0EB0A00B84200D2F9
:10857000A7BB2068406820F0E00021684860606880
:10858000B0F5827F0DD1A068B0F5004F03D0A06890
:10859000B0F5806F05D12068006820F040002168A8
:1085A0000860A06AB0F5005F0DD100BF20680068C8
:1085B00020F40050216808602068006840F40050F2
:1085C0002168086000BF012084F8510000BF00202E
:1085D00084F8500000BF0320BDE8F88FFFE7009843
:1085E00000B900270098401E00902068806828404D
:1085F000A84201D1012000E000204045AFD1002079
:10860000EAE70000700100207047000070B50446E2
:108610000D4616464AF6AA200449096808602A460B
:1086200021463046FFF790FEC0B270BD3C0D0020E1
:108630003EB5694619480068FDF732FF01A91848A0
:108640000068FDF72DFF07208DF808000020154970
:108650000880002409E01DF8040012490988084434
:1086600000B210490880601CC4B2092CF3DB0D482D
:1086700000788DF809000B480088000A8DF80A0080
:108680006A460B214FF40120FFF7C0FF28B16A466C
:108690000B214FF40120FFF7B9FF3EBD0000002081
:1086A000040000203000002030B58FB005460C4695
:1086B00002208DF834008DF8355005208DF83600F5
:1086C000E0B28DF83700200A8DF8380085F00500FB
:1086D0006040C0B28DF8390003208DF83A00224680
:1086E00005A1684603F010F8684604F061FF0A200F
:1086F000F9F734FC0FB030BD7B225061636B4E6FD5
:10870000223A7B22496478223A25757D7D0A000051
:1087100070B505460C462846FFF732FA064646EA8B
:108720000401284602F0C8FF70BD70B504460D462E
:1087300029462046F9F788FE70BD70B504460D46FF
:108740001646324629462046F9F790FE70BD0000D5
:1087500070B500F06FF80546002411E0164800EBF4
:108760004410C07F15490978884208D145FA04F2BF
:1087700002F00101104A02EB441000F021F8641CE1
:10878000012CEBDB0D48007848B9002405E00A49CC
:1087900001EB441000F091F8641C012CF7DB074852
:1087A0000078401C0549087008460078052801DB60
:1087B0000020087070BD00005022002087020020B9
:1087C00010B58278002A33D0827962B901B110BD28
:1087D000002242718279521C82710023C2682032C9
:1087E0004489135524E08279092A14DAC2682032B8
:1087F0004389D25C01F001034479A3401A43D3B208
:10880000C2682032448913558279521C82714279A0
:10881000521C42710CE08279092A09D1002282712E
:10882000827729B142891F2A02DA4289521C428189
:1088300000BFCCE770B5002600242CE0184A02EBFC
:108840004412918B164A02EB44129069FFF76DFFB8
:108850000546134800EB44108079B0B9104800EB8E
:108860004410807F88B985B90E480078801C0521A6
:1088700090FBF1F201FB1200094901EB4411C877AA
:108880000120074901EB4411887705F00100A04061
:108890003043C6B2641C012CD0DB304670BD0000F2
:1088A000502200208702002070B504460D46A18AA0
:1088B0002A462069FFF741FF70BD10B50446607875
:1088C00000283FD0207958B9012020700020E070A6
:1088D00000212046FFF7E8FF2079401C207131E09D
:1088E0002079092810DAE279E068805CE2781041AA
:1088F00000F001012046FFF7D7FF2079401C2071CE
:10890000E078401CE0701DE02079092807D10121A2
:108910002046FFF7C9FF2079401C207112E0207922
:108920000A280FD100202071E079401CE071207AE4
:10893000E179884203DD01202070607002E00020B0
:108940002070607010BD000010B5FAF70FFB0348EF
:108950000088401C0149088010BD000078000020FC
:1089600000B593B0282109A8F7F707FC142104A843
:10897000F7F703FC002000900190029003900D2077
:1089800009904FF480300A9000200B9001200C9049
:108990000D900F9002201090C10311914FF4E0113F
:1089A000129109A8FBF75EFD08B1F7F76BFF0F20E6
:1089B000049002200590002006904FF480600790FC
:1089C00000200890022104A8FBF700FC08B1F7F78B
:1089D00059FF112000904FF4807001900020039007
:1089E0006846FBF759FB08B1F7F74CFFFBF7B4FCFF
:1089F00013B000BD4FF000600149086070470000EF
:108A000008ED00E010B50348FCF7E4FE0148FCF770
:108A100014FE10BD680F002010B50268184B984274
:108A200008D0B0F1804F05D0164B984202D0164BBB
:108A3000984203D122F070024B681A43104B9842BF
:108A400008D0B0F1804F05D00E4B984202D00E4BAB
:108A5000984203D122F44072CB681A4322F080037B
:108A60004C6943EA040202608B68C3620B6883624C
:108A7000034B984201D10B6903630123436110BD8D
:108A8000002C0140000400400008004030B50C46B6
:108A9000816821F47F4142EA03252543294381600F
:108AA00030BD0A46816821F0700142F00703194386
:108AB0008160704730B50B461446026A056A25F09E
:108AC00001050562816921F0F00141EA041122F0FB
:108AD0000A021A438161026230BD30B50B4614466A
:108AE000056A25F0100505628169026A21F470416A
:108AF00041EA043122F0A00242EA031281610262DB
:108B000030BD70B505466C6A0020E085E0842046E3
:108B1000FCF76EFE70BD0168C96821F490710268AF
:108B2000D1600168496921F0010102685161016B5E
:108B3000012905D10168C96821F010010268D160DE
:108B4000202180F83E1000210163704710B50446D3
:108B50002068C06820F040002168C860202084F8A8
:108B60003D002046FDF7E2F8002010BDF8B50446B0
:108B700094F83E00222869D1A068B0F5805F0CD13E
:108B8000206950B90025A66A20684068C0F3080033
:108B90003080A06A801CA06215E0A56A0026A0684B
:108BA000B0F5805F03D0A06828B9206918B92068A3
:108BB0004068287004E02068406800F07F0028705A
:108BC000A06A401CA062E08D401E80B2E085A8BB78
:108BD0002068C06820F020002168C8602068C06854
:108BE00020F480702168C8602068406920F001008E
:108BF00021684861202084F83E00206B01281ED1A6
:108C0000002020632068C06820F010002168C86040
:108C10002068006800F0100010280AD100BF002072
:108C2000009020680068009020684068009000BFB5
:108C300000BFA18D2046FCF7DAFD03E004E02046EA
:108C4000FDF70AF80020F8BD0020FCE70220FAE753
:108C500070B504462168096921F44051E268114366
:108C6000226811612269A1681143626941EA020523
:108C70002168C96841F20C62914329432268D1609E
:108C80002168496921F44071A26911432268516148
:108C90002D4A2168914202D1FBF77AFB01E0FBF7F4
:108CA00067FB00EBC00101EB001162689200B1FBB1
:108CB000F2F100EBC00202EB001263689B00B2FB12
:108CC000F3F26423B2FBF3F202EBC20303EB0212F2
:108CD000A1EB8201322202EB01116422B1FBF2F11D
:108CE00001F0F00100EBC00202EB001263689B0090
:108CF000B2FBF3F26423B2FBF3F201EB021200EBDE
:108D0000C00101EB001163689B00B1FBF3F100EBC4
:108D1000C00303EB00136668B600B3FBF6F36426EA
:108D2000B3FBF6F303EBC30606EB0313A1EB8301DE
:108D3000322303EB01116423B1FBF3F101F00F01C6
:108D400011442268916070BD00380140014691F8DD
:108D50003D00212828D18868B0F5805F0BD10869D3
:108D600048B90A6A1088C0F308000B685860086A9E
:108D7000801C086205E00B6A581C086218780B68B2
:108D80005860C88C401E80B2C88458B90868C06852
:108D900020F080000B68D8600868C06840F0400090
:108DA0000B68D860002070470220FCE72DE9F041F5
:108DB00004460D4617469846069E21E0701CF8B101
:108DC0002EB1F9F759FBA0EB0800B04218D9206882
:108DD000C06820F4D0702168C8602068406920F025
:108DE000010021684861202084F83D0084F83E009D
:108DF00000BF002084F83C0000BF0320BDE8F081E4
:108E0000206800682840A84201D1012000E000202D
:108E1000B842D3D00020F1E710B50248FCF7EAFCD5
:108E200010BD0000B00F00200F480068006800F07F
:108E30002000202817D10D4800680D490D4A1268FE
:108E400088540C480068401C0A4908600A480078A9
:108E5000012808D108460068182804D300200860BB
:108E60000120064908707047F40F002004440040B8
:108E700010050020340000202600002014000020EF
:108E800010B50E48FCF7B6FC0C480068006800F00E
:108E90002000202811D10A480068C1B209480A4AB6
:108EA000126881540021024607480068401C115492
:108EB00005480068401C0449086010BD38100020B7
:108EC00004480040FC0900206C0000202DE9F0411E
:108ED00004460D46D4F8B862D4F8C072D4F8B8028B
:108EE00078B305EB850104F1140000EB8100806884
:108EF00008B305EB850104F1140000EB810005EBDC
:108F00008502816807F1280000EBC2000069B1FB0F
:108F1000F0F200FB121070B9002105EB850204F19C
:108F2000140000EB8200816000231A462946204687
:108F300000F0C4FE02E00020C6F814020020BDE8E4
:108F4000F081FFE70220FAE770B504460E46D4F838
:108F5000B8523146204600F056FDC5F80C02D4F850
:108F6000B80248B1D5F80402D4F8BC12CA6805F5B5
:108F700003719047002070BD0220FCE770B50446E5
:108F80000E4600258121204600F057FC0021E162B9
:108F90000121204600F051FC0021C4F86C1182210F
:108FA000204600F04AFC00212164D4F8B80250B1F8
:108FB000D4F8BC1248688047D4F8B80201F027F909
:108FC0000020C4F8B802284670BD70B50546D5F833
:108FD000B842D5F8BC0278B194F80002FF280BD053
:108FE00094F8012294F80002D5F8BC128B6821464F
:108FF0009847FF2084F80002002070BD01460A2037
:109000000880014870470000780100200146432095
:1090100008800148704700000002002001464320FC
:109020000880014870470000BC0100200146432031
:109030000880014870470000440200202DE9F041FB
:1090400004460F460026207C88B94FF400730222A4
:109050008121204600F03EFD0121E1624B02022207
:10906000204600F037FD0121C4F86C110FE04023C9
:1090700002228121204600F02DFD0121E1624023E2
:109080000222204600F026FD0121C4F86C110823BD
:1090900003228221204600F01DFD012121644FF4AE
:1090A000077001F0B5F8C4F8B802D4F8B80208B9EE
:1090B00001261CE0D4F8B852D4F8BC1208688047E6
:1090C0000020C5F81402C5F81802207C40B94FF4FE
:1090D000007301212046D5F8042200F013FD06E0BC
:1090E000402301212046D5F8042200F00BFD304634
:1090F000BDE8F08170B50446D4F8B852D4F8B8028F
:1091000098B1207C40B94FF4007301212046D5F876
:10911000042200F0F7FC06E0402301212046D5F8A8
:10912000042200F0EFFC002070BD0220FCE70246A4
:10913000022011B1C2F8BC12002070470246D2F8DA
:10914000B832C3F804120020704710B50346D3F8B4
:10915000B842C4F80812C4F81022002010BD2DE94E
:10916000FC4105460C46D5F8B862002001900090FD
:109170000027207800F0600040B320285FD1E0880D
:10918000E0B1207800F0800060B1E2886078D5F826
:10919000BC128B6831469847E2883146284600F079
:1091A000E6F812E0607886F80002A07986F80102FD
:1091B000E2883146284600F0B9F806E06078D5F834
:1091C000BC1200228B68214698473EE0607820B1AF
:1091D0000A2812D00B282AD11FE095F89C020328F8
:1091E00005D102226946284600F0C1F804E0214674
:1091F000284600F08FF802271FE095F89C0203280C
:1092000005D1012201A9284600F0B1F804E0214669
:10921000284600F07FF802270FE095F89C0203280B
:1092200004D02146284600F075F8022705E02146C3
:10923000284600F06FF8022700BF00BF05E0214676
:10924000284600F067F8022700BF00BF3846BDE897
:10925000FC8170B50546D5F8B842D5F8B802A8B17A
:10926000D4F8140280B90120C4F81402D4F8101202
:109270002963B4F8100283B281212846D4F8082269
:1092800000F01CFD002070BD0120FCE70220FAE781
:1092900070B504460D46D4F8B4022946426820460B
:1092A0009047002070BD70B504460D4694F89C02AE
:1092B000012804D0022803D003280CD101E000BF0C
:1092C00000BF6888012805D10020C4F8A402204608
:1092D00000F05EF804E02946204600F01BF800BFCD
:1092E00000BF70BD70B506460C4615462B4622469B
:1092F0000021304600F006FC002070BD70B5064627
:109300000C4615462B4622460021304600F0D6FC7E
:10931000002070BD70B504460D468021204600F047
:10932000A1FC0021204600F09DFC70BD70B50446F4
:109330000E4615460320C4F894024FF4AE70055152
:10934000001D05512B4632460021204600F0DAFB75
:10935000002070BD10B504460520C4F89402002317
:109360001A461946204600F0CDFB002010BD70B50E
:1093700004460E4615460220C4F89402E5612562B3
:109380002B4632460021204600F098FC002070BD9C
:1093900010B504460420C4F8940200231A46194666
:1093A000204600F08BFC002010BD000070B5054683
:1093B0000C462DB92246064906A000F0D3F904E078
:1093C0002246034903A000F0CDF9014870BD00001A
:1093D0004013002043444320436F6E6669670000DA
:1093E0000246122008800148704700000801002052
:1093F00070B505460C462DB92246064906A000F078
:10940000B1F904E02246034903A000F0ABF901489A
:1094100070BD00004013002043444320496E746532
:1094200072666163650000000246042008800148FE
:10943000704700001C01002070B505460C4622460E
:10944000024903A000F08EF9004870BD40130020CF
:109450004A6168616E476F737461720070B505464A
:109460000C462DB92246064906A000F07BF904E01F
:109470002246034903A000F075F9014870BD0000C1
:10948000401300204A6168616E476F7374617250C7
:109490006F72740070B505460C461A202080F8F7EC
:1094A000BFFC014870BD00002001002070B50446DB
:1094B0000D46E888012804D029462046FFF72AFFF8
:1094C0001EE094F89C02012804D0022803D003284F
:1094D00010D109E000BF0020A060012204F10801C2
:1094E0002046FFF744FF0AE00122211D2046FFF736
:1094F0003EFF04E029462046FFF70CFF00BF00BFF7
:1095000070BDF8B504460E460020009000270025E7
:1095100070880012082875D2DFE800F0C7040C201C
:10952000C7C7A5B5207CD4F8B0120A686946904731
:109530000746C1E0207C40B9D4F8B402816A68468D
:10954000884707460220787007E0D4F8B402C16A61
:1095500068468847074602207870ADE0B078062854
:1095600078D2DFE800F00316293C5063D4F8B0024B
:10957000406838B1207CD4F8B0124A6869469047F8
:10958000074605E031462046FFF7C4FE681CC5B219
:1095900067E0D4F8B002806838B1207CD4F8B0120B
:1095A0008A6869469047074605E031462046FFF73E
:1095B000B1FE681CC5B254E0D4F8B002C06838B13E
:1095C000207CD4F8B012CA6869469047074605E087
:1095D00031462046FFF79EFE681CC5B241E0D4F834
:1095E000B002006938B1207CD4F8B0120A6969462B
:1095F0009047074605E031462046FFF78BFE681C82
:10960000C5B22EE051E0D4F8B002406938B1207CF8
:10961000D4F8B0124A6969469047074605E03146DA
:109620002046FFF777FE681CC5B21AE0D4F8B002F6
:10963000806940B1207CD4F8B0128A6969469047AD
:10964000074606E006E031462046FFF763FE681C49
:10965000C5B206E031462046FFF75CFE681CC5B285
:1096600000BF00BF28E0207C30B9D4F8B402416BC1
:1096700068468847074605E031462046FFF74AFE20
:10968000681CC5B218E0207C40B9D4F8B402016B64
:109690006846884707460720787005E0314620462F
:1096A000FFF738FE681CC5B206E031462046FFF7DA
:1096B00031FE681CC5B200BF00BF05B1F8BDBDF8E2
:1096C000000088B1F08878B1F088BDF800108842B9
:1096D00002DDBDF8000000E0F0880090BDF8002039
:1096E00039462046FFF743FEF08810B92046FFF7C1
:1096F0004FFE00BFE2E70146002002E0421CD0B26C
:10970000491C0A78002AF9D1704770B504460D4605
:1097100094F89C02012804D0022803D003281AD10F
:1097200001E000BF00BFE888022804D02946204697
:10973000FFF7F0FD14E00120E060D4F8A40218B1B6
:10974000E06840F00200E060022204F10C012046D3
:10975000FFF70DFE04E029462046FFF7DBFD00BFC2
:1097600000BF70BD2DE9F04104460D4617460026A6
:10977000FCB12046FFF7BFFF022101EB400038801B
:109780003A783046711CCEB22A5403223046711CFE
:10979000CEB22A540AE014F8012B3046711CCEB226
:1097A0002A5400223046711CCEB22A542078002858
:1097B000F1D1BDE8F0810146002031B1012906D088
:1097C000022906D0032908D105E0002007E0022085
:1097D00005E0012003E0022001E0022000BF00BFFD
:1097E000704770B504460D4616460CB9022070BD90
:1097F000D4F8B40210B10020C4F8B4020DB1C4F81A
:10980000B052012084F89C022670204600F004F932
:109810000020ECE72DE9F04104460D460026002724
:109820002946D4F8C002F9F70DFD06463046FFF789
:10983000C2FF07463846BDE8F0812DE9F0410446F5
:109840000D46002600272946D4F8C002F9F7C5FCCA
:1098500006463046FFF7AFFF07463846BDE8F081C1
:109860002DE9F04104460E461746002E64D104F15E
:109870001405D4F89402022848D1D5E9030188429E
:1098800010D9D5E90301401AE860A88982B23946A7
:109890002046FFF733FD00231A461946204600F004
:1098A00031F93EE02969A868B0FBF1F201FB120032
:1098B000B8B92969A868884213D3A868D4F898125F
:1098C00088420ED2002211462046FFF717FD0020E5
:1098D000C4F8980200231A461946204600F012F9EF
:1098E0001FE0D4F8B402C06840B194F89C02032889
:1098F00004D1D4F8B402C1682046884780212046AC
:1099000000F0B0F92046FFF725FD0AE0D4F89402F4
:10991000042802D0D4F8940218B98021204600F01F
:10992000A1F994F8A002012818D1204600F0FAF914
:10993000002084F8A00211E0D4F8B402406950B1CC
:1099400094F89C02032806D1D4F8B4023146426947
:109950002046904702E00220BDE8F0810020FBE7AE
:109960002DE9F04104460E461746BEBB04F5AA7524
:10997000D4F89402032825D1D5E90301884210D9EF
:10998000D5E90301401AE860D5E90301884201D214
:10999000E86800E0286982B239462046FFF7A2FC59
:1099A0002FE0D4F8B402006940B194F89C02032877
:1099B00004D1D4F8B4020169204688472046FFF755
:1099C000E7FC1EE0D4F8940205281AD10020C4F860
:1099D00094020021204600F045F912E0FFE7D4F898
:1099E000B402806950B194F89C02032806D1D4F8DF
:1099F000B402314682692046904702E00220BDE869
:109A0000F0810020FBE770B504460D462946D4F8E6
:109A1000C002F9F795FF70BD10B504461D48C0F8A7
:109A2000E842C4F8C0021C481A490860082048608F
:109A300002211848816000218161C1610162FAF749
:109A400056F908B1F6F71EFF04F53074182300220A
:109A500011462068F9F77EFB5823002280212068F8
:109A6000F9F778FBC023002281212068F9F772FB07
:109A70004FF48873002201212068F9F76BFB2068FE
:109A8000A4F530744FF4807300228221F9F762FB51
:109A9000002010BD101D0020005C004010B50246E3
:109AA000D2F8C03201F08000802809D101F07F0097
:109AB00000EB800403F1280000EBC400807810BDA7
:109AC00001F07F0000EB800403F5B47000EBC400EC
:109AD0008078F4E72DE9F04704460F4615461E4608
:109AE0004FF00008C1462B4632463946D4F8C00232
:109AF000F9F731FF80464046FFF75DFE8146484654
:109B0000BDE8F0872DE9F04704460D4616461F468E
:109B10004FF00008C1463B4632462946D4F8C00201
:109B2000F9F75FFF80464046FFF745FE814648460D
:109B3000BDE8F08710B504464023002211462046B8
:109B4000FFF7C8FF01214FF4AC70015140214FF4E1
:109B5000B27001514023002280212046FFF7BAFF56
:109B60000121A16140216162012084F89C02002052
:109B7000C4F894026060C4F8A402D4F8B80228B112
:109B80002179D4F8B402426820469047002010BDE5
:109B9000014691F89C02042803D191F89D0281F8B6
:109BA0009C020020704710B5044694F89C020328DC
:109BB00008D1D4F8B402C06920B1D4F8B402C169A4
:109BC00020468847002010BD0246117400207047CF
:109BD0002DE9F04104460D46002600272946D4F819
:109BE000C002FAF773F906463046FFF7E4FD074670
:109BF0003846BDE8F08170B504460D46294604F5A7
:109C00002A7000F073F80120C4F8940240F2AE20EC
:109C1000005BC4F8980294F8A80200F01F0020B17D
:109C2000012808D0022812D10BE004F52A71204641
:109C300000F041F913E004F52A71204600F0A8FA7B
:109C40000DE004F52A71204600F086F907E094F84B
:109C5000A80200F08001204600F004F800BF00BF19
:109C6000002070BD2DE9F04104460D460026002776
:109C70002946D4F8C002F9F7DAFE06463046FFF767
:109C80009AFD07463846BDE8F08170B504460025C8
:109C90000026D4F8C002FAF73DF905462846FFF73A
:109CA0008AFD0646304670BD014691F89C0281F857
:109CB0009D02042081F89C02002070472DE9F047A6
:109CC00004460D4616461F464FF00008C1463B4667
:109CD00032462946D4F8C002F9F7EDFE80464046E8
:109CE000FFF769FD81464846BDE8F0870A780270B3
:109CF0004A7842708B78CA7803EB022242800B7953
:109D00004A7903EB022282808B79CA7903EB022223
:109D1000C28070470246002011B1C2F8B41200E0C0
:109D20000220704701460020704770B504460D467A
:109D3000A88810BBE88800BB688880281DD2A87856
:109D400000F07F0694F89C02032804D1294620469F
:109D5000FFF7E0FA15E084F89E6231462046FFF7EF
:109D600037FF2046FFF714FB1EB1022084F89C0247
:109D700007E0012084F89C0203E029462046FFF713
:109D8000C9FA70BD70B504460D460226D4F8B40277
:109D900038B1D4F8B402294602682046904700B989
:109DA0000026304670BD000070B504460D46A87808
:109DB0003649087008460078012804DD2946204607
:109DC000FFF7A8FA60E094F89C02022802D003286A
:109DD0004FD11CE02D480078A8B12C480078606075
:109DE000032084F89C02294801782046FFF7CAFF27
:109DF000022804D129462046FFF78CFA70BD204680
:109E0000FFF7C6FA02E02046FFF7C2FA3BE01F4820
:109E1000007870B9022084F89C021C4800786060C9
:109E20001A4801782046FFF733FA2046FFF7B0FAC8
:109E30001EE0164909786068884216D021792046CC
:109E4000FFF726FA11480078606010480178204634
:109E5000FFF798FF022804D129462046FFF75AFA57
:109E6000CCE72046FFF794FA02E02046FFF790FA8D
:109E700009E029462046FFF74DFA044801782046BC
:109E8000FFF706FA00BF00BF00BFB7E7740100206C
:109E900070B505460C466088012804D1C5F8A402B7
:109EA0002846FFF775FA70BD10B504462046FFF747
:109EB000ECFE002010BD70B505460C46002620784B
:109EC00000F0600060B1202802D040283CD100E0C2
:109ED00000BFD5F8B402214682682846904738E092
:109EE00060780A2829D2DFE800F01923281E280A02
:109EF0000528140F21462846FFF703FB22E02146E0
:109F00002846FFF712FF1DE021462846FFF74CFFC9
:109F100018E021462846FFF7C9FA13E021462846F3
:109F2000FFF7F3FB0EE021462846FFF7B1FF09E0FB
:109F300021462846FFF7B7F904E021462846FFF7F7
:109F4000E9F900BF00BF04E021462846FFF7E2F927
:109F500000BF00BF304670BD2DE9F04105460E46FA
:109F60004FF000083479307800F0600060B12028AC
:109F700002D0402871D100E000BFD5F8B4023146CC
:109F800082682846904700E1307800F06000202881
:109F900009D1D5F8B40231468268284690478046F8
:109FA0004046BDE8F081707800285ED001282FD0AF
:109FB000032876D195F89C02022802D0032820D1EC
:109FC00010E054B1802C08D021462846FFF74AFE05
:109FD00080212846FFF746FE03E031462846FFF77A
:109FE00099F913E0708840B93CB1802C05D0F08815
:109FF00018B921462846FFF735FE2846FFF7C8F96D
:10A0000004E031462846FFF785F900BF00BFB5E000
:10A0100095F89C02022802D003281FD110E054B109
:10A02000802C08D021462846FFF71CFE80212846B8
:10A03000FFF718FE03E031462846FFF76BF912E000
:10A04000708848B904F07F0018B121462846FFF710
:10A05000E1FB2846FFF79CF905E091E031462846F0
:10A06000FFF758F900BF00BF88E095F89C0202286E
:10A0700002D0032876D126E034B1802C04D03146BA
:10A080002846FFF747F972E004F08000802809D1E4
:10A0900004F07F0000EB800105F1140000EB81006B
:10A0A00008E066E004F07F0000EB800105F5AA708F
:10A0B00000EB81000746002038600222394628461E
:10A0C000FFF755F953E004F0800080280ED104F02A
:10A0D0000F0000EB800105F1140000EB81004068E7
:10A0E00098B931462846FFF715F940E004F00F0013
:10A0F00000EB800105F5AA7000EB8100406820B9F3
:10A1000031462846FFF706F931E004F08000802848
:10A1100008D104F07F0000EB800105F1140000EB92
:10A12000810007E004F07F0000EB800105F5AA70D4
:10A1300000EB810007460CB1802C02D10020386072
:10A1400009E021462846FFF7A9FC10B1012038603C
:10A1500001E000203860022239462846FFF707F95F
:10A1600005E0FFE731462846FFF7D4F800BF00BFFF
:10A1700004E031462846FFF7CDF800BF00BF04E0F9
:10A1800031462846FFF7C6F800BF00BF404608E743
:10A1900070B505460C460026207800F0600030B10E
:10A1A000202802D040282AD100E000BF00BF95F847
:10A1B0009C02012804D0022803D0032818D101E012
:10A1C00000BF00BF207901280DDCD5F8B40221467C
:10A1D0008268284690470646E08840B93EB928463E
:10A1E000FFF7D6F803E021462846FFF793F804E08E
:10A1F00021462846FFF78EF800BF00BF04E0214645
:10A200002846FFF787F800BF00BF002070BD7047E9
:10A210000146014870470000FC1F0020F0B50246CF
:10A2200000260878400032F8100048F68F1400EA43
:10A230000403C87830B101280CD0022805D00328C7
:10A240000BD104E043F4007309E000BF07E043F4DE
:10A25000C06304E043F4806301E0012600BF00BF57
:10A2600043F4004040F080000C78640022F81400B1
:10A2700000BF0C78640032F8144048F68F752C400B
:10A280000D7844EA050040F4004444F080040D7861
:10A290006D0022F8154000BF087B00287ED1487869
:10A2A000002852D000BF1046B2F8505028440D7814
:10A2B00000F5806707EB0514CD886D106D002580D3
:10A2C00000BF00BF0C78640032F8140000F04004B6
:10A2D0008CB100BF0D786D0032F8155048F68F77BD
:10A2E00005EA070444F4004545F0C0050F787F00F7
:10A2F00022F8175000BF00BFC878012813D000BF54
:10A300000C78640032F8144048F6BF7504EA050082
:10A3100080F0200040F4004444F080040D786D008B
:10A3200022F815409EE100BF0C78640032F814401A
:10A3300048F6BF7504EA050040F4004444F0800488
:10A340000D786D0022F815408CE100BF1046B2F880
:10A35000505028440D78042707EBC50500F58067A9
:10A3600007EB4504CD886D106D00258000BF00BF50
:10A370001546B2F8504025440C78062707EBC40474
:10A3800005F5806707EB4404204600BF0F6967B9F5
:10A39000078848F2FF3C07EA0C0700E057E0078017
:10A3A000078847F4004707801EE00F693E2F0DD84D
:10A3B00000BF0F697C080F7C07F0010707B1641C20
:10A3C0004FF6FF7707EA842707800DE000BF0F698B
:10A3D0007C090F7C07F01F0707B9641E4FF4004784
:10A3E00047EA8427078000BF00BF00BF00BF0C788A
:10A3F000640032F8140000F480448CB100BF0D7882
:10A400006D0032F8155048F68F7705EA070444F4DA
:10A41000004545F481450F787F0022F8175000BFB2
:10A4200000BF00BF0C78640032F814404BF68F7503
:10A4300004EA050080F4805080F4005040F40044A9
:10A4400044F080040D786D0022F815400AE100BF49
:10A450000C78640032F8144048F68F7504EA050061
:10A4600040F4004444F4C0740D786D0022F81540A7
:10A4700000BF00BF00BF00BF1046B2F850502844D4
:10A480000D7800F5806707EB05140D896D106D00E0
:10A49000258000BF00BF00BF00BF1046B2F850507B
:10A4A00028440D78042707EBC50500F5806707EB06
:10A4B00045044D896D106D00258000BF00BF00BFB1
:10A4C000487800285DD100BF0C78640032F8140091
:10A4D00000F480448CB100BF0D786D0032F8155047
:10A4E00048F68F7705EA070444F4004545F48145B2
:10A4F0000F787F0022F8175000BF00BF00BF0C7814
:10A50000640032F8140000F040048CB100BF0D78F4
:10A510006D0032F8155048F68F7705EA070444F4C9
:10A52000004545F0C0050F787F0022F8175000BFA6
:10A5300000BF00BF0C78640032F814404BF68F75F2
:10A5400004EA050080F4805080F4005040F4004498
:10A5500044F080040D786D0022F8154000BF00BF64
:10A560000C78640032F8144048F6BF7504EA050020
:10A5700040F4004444F080040D786D0022F815404A
:10A5800070E000BF0C78640032F8140000F48044DE
:10A590008CB100BF0D786D0032F8155048F68F77FA
:10A5A00005EA070444F4004545F481450F787F002F
:10A5B00022F8175000BF00BF00BF0C78640032F8CB
:10A5C000140000F040048CB100BF0D786D0032F82B
:10A5D000155048F68F7705EA070444F4004545F026
:10A5E000C0050F787F0022F8175000BF00BFC87861
:10A5F000012813D000BF0C78640032F8144048F6EC
:10A60000BF7504EA050080F0200040F4004444F0E7
:10A6100080040D786D0022F8154011E000BF0C7821
:10A62000640032F8144048F6BF7504EA050040F4AF
:10A63000004444F080040D786D0022F8154000BFFE
:10A6400000BF0C78640032F814404BF68F7504EAB2
:10A65000050040F4004444F080040D786D0022F8B9
:10A66000154000BF3046F0BD10B50446002010BDB7
:10A6700030B50246087B00285BD1487860B300BF44
:10A680000B785B0032F8130000F040038BB100BF81
:10A690000C78640032F8144048F68F7504EA05031C
:10A6A00043F4004444F0C0040D786D0022F81540D6
:10A6B00000BF00BF00BF0B785B0032F8133048F6D4
:10A6C000BF7403EA040040F4004343F080030C78B5
:10A6D000640022F8143007E100BF0B785B0032F809
:10A6E000130000F480438BB100BF0C78640032F893
:10A6F000144048F68F7504EA050343F4004444F41B
:10A7000081440D786D0022F8154000BF00BF00BFE6
:10A710000B785B0032F813304BF68F7403EA0400B9
:10A7200040F4004343F080030C78640022F81430B6
:10A73000DAE0487800286BD100BF0B785B0032F874
:10A74000130000F480438BB100BF0C78640032F832
:10A75000144048F68F7504EA050343F4004444F4BA
:10A7600081440D786D0022F8154000BF00BF00BF86
:10A770000B785B0032F8130000F040038BB100BF90
:10A780000C78640032F8144048F68F7504EA05032B
:10A7900043F4004444F0C0040D786D0022F81540E5
:10A7A00000BF00BF00BF0B785B0032F8133048F6E3
:10A7B0008F7403EA040040F4004343F0C0030C78B4
:10A7C000640022F8143000BF00BF0B785B0032F841
:10A7D00013304BF68F7403EA040040F4004343F057
:10A7E00080030C78640022F8143000BF00BF0B789F
:10A7F0005B0032F8133048F6BF7403EA040040F4FB
:10A80000004343F080030C78640022F814306BE0BE
:10A8100000BF0B785B0032F8130000F480438BB16B
:10A8200000BF0C78640032F8144048F68F7504EAD3
:10A83000050343F4004444F481440D786D0022F88C
:10A84000154000BF00BF00BF0B785B0032F813005B
:10A8500000F040038BB100BF0C78640032F8144064
:10A8600048F68F7504EA050343F4004444F0C0043D
:10A870000D786D0022F8154000BF00BF00BF0B78B7
:10A880005B0032F8133048F68F7403EA040040F49A
:10A89000004343F481430C78640022F8143000BF75
:10A8A00000BF0B785B0032F8133048F6BF7403EA40
:10A8B000040040F4004343F080030C78640022F865
:10A8C000143000BF00BF0B785B0032F813304BF63A
:10A8D0008F7403EA040040F4004343F080030C78D3
:10A8E000640022F8143000BF002030BD0146002073
:10A8F000704701460020704710B50446012024F837
:10A90000400F00202080A0802082403C10BD0146E6
:10A910004FF43F42B1F840009043A1F840000020BE
:10A92000704702460020704730B50246087B002879
:10A9300065D1487888B300BF0B785B0032F813000C
:10A9400000F040038BB100BF0C78640032F8144073
:10A9500048F68F7504EA050343F4004444F0C0044C
:10A960000D786D0022F8154000BF00BFC87801289F
:10A9700045D000BF0B785B0032F8133048F6BF7447
:10A9800003EA040080F0200040F4004343F0800319
:10A990000C78640022F8143031E0FFE700BF0B7838
:10A9A0005B0032F8130000F480438BB100BF0C78D9
:10A9B000640032F8144048F68F7504EA050343F446
:10A9C000004444F481440D786D0022F8154000BF26
:10A9D00000BF00BF0B785B0032F813304BF68F746A
:10A9E00003EA040080F4805080F4005040F40043F7
:10A9F00043F080030C78640022F8143000BF00207C
:10AA000030BD10B50246487898B100BF0B785B00A6
:10AA100032F8133048F6BF7403EA040080F01000E7
:10AA200040F4004343F080030C78640022F81430B3
:10AA300013E000BF0B785B0032F813304BF68F74D5
:10AA400003EA040080F4805040F4004343F08003A4
:10AA50000C78640022F8143000BF002010BD2DE9EE
:10AA6000F04706460C466078012876D12169A06936
:10AA7000884201D9256900E0A569207BA0B9ABB265
:10AA8000E2883046616900F0F4FD00BF3046B6F858
:10AA9000502010442278022303EBC20200F58063A9
:10AAA00003EB42010D8081E3E07802287DD121692A
:10AAB000206A88427AD900BF2178490036F81110FF
:10AAC00048F68F7201EA020040F4004141F4C0717F
:10AAD0002278520026F8121000BF206A401B206224
:10AAE0002078400036F8100000F0400000287DD0AB
:10AAF00000BF3346607888BB00BF3246B6F85010BE
:10AB00000A4421784FF0060909EBC10102F580697A
:10AB100009EB4101084600BF75B9B0F8009048F252
:10AB2000FF3A09EA0A09A0F80090B0F8009049F449
:10AB30000049A0F8009021E03E2D10D800BF690820
:10AB400005F00109B9F1000F00D0491C4FF6FF795B
:10AB500009EA8129A0F8009010E03DE310E000BF71
:10AB6000690905F01F09B9F1000F00D1491E4FF422
:10AB7000004949EA8129A0F8009000BF00BF0FE01A
:10AB8000607801280CD1B6F85000034420780621E3
:10AB900001EBC00003F5806101EB400CACF8005004
:10ABA00000BF6789ABB23A4601E057E12CE130467D
:10ABB000616900F05EFD6069284460612169206A76
:10ABC000884203D9206A401B206202E0256A0020E7
:10ABD000206200BF6078C0BB00BF3246B6F850109C
:10ABE0000A442178022303EBC10100E049E002F5A9
:10ABF000806303EB4101084600BF55B9038848F262
:10AC0000FF3C03EA0C030380038843F40043038002
:10AC100019E03E2D0BD800BF690805F0010303B110
:10AC2000491C4FF6FF7303EA812303800BE000BF4A
:10AC3000690905F01F0303B9491E4FF4004343EAB5
:10AC40008123038000BF00BF12E0FFE76078012886
:10AC50000ED100BF3046B6F85020104422780223AF
:10AC600003EBC20200F5806303EB42010D8000BFDD
:10AC700000BF2789ABB23A463046616900F0F9FC63
:10AC800094E200BF6078B0BB00BF3246B6F8501007
:10AC90000A442178022303EBC10102F5806303EB30
:10ACA0004101084600BF55B9038848F2FF3C03EA5A
:10ACB0000C030380038843F40043038019E03E2D16
:10ACC0000BD800BF690805F0010303B1491C4FF61A
:10ACD000FF7303EA812303800BE000BF690905F0DD
:10ACE0001F0303B9491E4FF4004343EA8123038045
:10ACF00000BF00BF12E0FFE7607801280ED100BF5F
:10AD00003046B6F8502010442278022303EBC202EA
:10AD100000F5806303EB42010D8000BF00BF27896F
:10AD2000ABB23A463046616900F0A3FC6069284442
:10AD300060612169206A884203D9206A401B206231
:10AD400002E0256A0020206200BF3346607880BBA5
:10AD500000BF3246B6F850100A4421784FF0060979
:10AD600009EBC10102F5806909EB4101084600BF0A
:10AD700075B9B0F8009048F2FF3A09EA0A09A0F85C
:10AD80000090B0F8009049F40049A0F8009020E04D
:10AD90003E2D0FD800BF690805F00109B9F1000F79
:10ADA00000D0491C4FF6FF7909EA8129A0F80090EC
:10ADB0000FE010E000BF690905F01F09B9F1000FAD
:10ADC00000D1491E4FF4004949EA8129A0F80090BA
:10ADD00000BF00BF0FE0607801280CD1B6F850002A
:10ADE00003442078062101EBC00003F5806101EBEC
:10ADF000400CACF8005000BF6789ABB23A46304611
:10AE0000616900F036FCD1E1256A00BF2178490074
:10AE100036F8111048F68F6201EA020040F4004152
:10AE200041F080012278520026F8121000BF00BFC6
:10AE30003046B6F8502010442278022303EBC202B9
:10AE400000F5806303EB42010D8000BF2789ABB2A0
:10AE50003A463046616900F00CFCA7E100BF21785A
:10AE6000490036F8111048F68F7201EA020040F4EA
:10AE7000004141F4C0712278520026F8121000BF40
:10AE8000206A401B20622078400036F8100000F055
:10AE9000400000287DD000BF3346607880BB00BFF3
:10AEA0003246B6F850100A4421784FF0060909EBF3
:10AEB000C10102F5806909EB4101084600BF75B97F
:10AEC000B0F8009048F2FF3A09EA0A09A0F80090A9
:10AED000B0F8009049F40049A0F8009020E03E2D21
:10AEE0000FD800BF690805F00109B9F1000F00D0C3
:10AEF000491C4FF6FF7909EA8129A0F800900FE07C
:10AF000010E000BF690905F01F09B9F1000F00D179
:10AF1000491E4FF4004949EA8129A0F8009000BF7A
:10AF200000BF0FE0607801280CD1B6F85000034450
:10AF30002078062101EBC00003F5806101EB400C95
:10AF4000ACF8005000BF6789ABB23A463046616941
:10AF500000F08FFB6069284460612169206A8842A3
:10AF600003D9206A401B206202E0256A002020628B
:10AF7000002D56D000BF6078C0BB00BF3246B6F887
:10AF800050100A442178022303EBC10102F58063CB
:10AF900000E047E003EB4101084600BF55B90388D4
:10AFA00048F2FF3C03EA0C030380038843F40043A8
:10AFB000038019E03E2D0BD800BF690805F001039E
:10AFC00003B1491C4FF6FF7303EA812303800BE0B2
:10AFD00000BF690905F01F0303B9491E4FF4004380
:10AFE00043EA8123038000BF00BF12E0FFE76078DF
:10AFF00001280ED100BF3046B6F850201044227808
:10B00000022303EBC20200F5806303EB42010D80D3
:10B0100000BF00BF2789ABB23A463046616900F0F5
:10B0200028FBC3E000BF6078B0BB00BF3246B6F873
:10B0300050100A442178022303EBC10102F580631A
:10B0400003EB4101084600BF55B9038848F2FF3CB5
:10B0500003EA0C030380038843F40043038019E0F0
:10B060003E2D0BD800BF690805F0010303B1491C50
:10B070004FF6FF7303EA812303800BE000BF6909E9
:10B0800005F01F0303B9491E4FF4004343EA81232F
:10B09000038000BF00BF12E0FFE7607801280ED1F7
:10B0A00000BF3046B6F8502010442278022303EB4C
:10B0B000C20200F5806303EB42010D8000BF00BFB8
:10B0C0002789ABB23A463046616900F0D2FA60692E
:10B0D000284460612169206A884203D9206A401BA4
:10B0E000206202E0256A00202062A5B300BF33463B
:10B0F000607888BB00BF3246B6F850100A44217809
:10B100004FF0060909EBC10102F5806909EB410125
:10B11000084600BF75B9B0F8009048F2FF3A09EA56
:10B120000A09A0F80090B0F8009049F40049A0F88E
:10B13000009021E03E2D10D800BF690805F00109FC
:10B14000B9F1000F00D0491C4FF6FF7909EA8129B7
:10B15000A0F8009010E029E010E000BF690905F0B8
:10B160001F09B9F1000F00D1491E4FF4004949EA07
:10B170008129A0F8009000BF00BF0FE0607801288F
:10B180000CD1B6F8500003442078062101EBC00032
:10B1900003F5806101EB400CACF8005000BF6789FB
:10B1A000ABB23A463046616900F063FA00BF2178DD
:10B1B000490036F8111048F6BF7201EA020080F02B
:10B1C000100080F0200040F4004141F0800122781E
:10B1D000520026F8121005E2207BA0BB2169A0696D
:10B1E000884204D92569A069401BA06102E0A569D5
:10B1F0000020A06100BF3246B6F850100A44217802
:10B20000062303EBC10102F5806303EB410108460D
:10B2100000BF55B9038848F2FF3C03EA0C030380E2
:10B22000038843F4004303801AE03E2D0CD800BF8E
:10B23000690805F0010303B1491C4FF6FF7303EAE7
:10B24000812303800CE00DE000BF690905F01F03B6
:10B2500003B9491E4FF4004343EA8123038000BF32
:10B2600000BFA9E1E07802287DD100BF00BF60786F
:10B27000E0BB00BF3246B6F850100A4421780223E2
:10B2800003EBC10102F5806303EB4101084600BFF7
:10B29000236953B9038848F2FF3C03EA0C03038097
:10B2A000038843F4004303801EE023693E2B0DD83E
:10B2B00000BF23695908237C03F0010303B1491C33
:10B2C0004FF6FF7303EA812303800DE000BF23697B
:10B2D0005909237C03F01F0303B9491E4FF40043AF
:10B2E00043EA8123038000BF00BF13E0FFE76078DB
:10B2F00001280FD100BF3046B6F850201044227804
:10B30000022303EBC20200F5806303EB4201228AB1
:10B310000A8000BF00BF00BF33466078E8BB00BFB3
:10B320003246B6F850100A4421784FF0060909EB6E
:10B33000C10102F5806909EB4101084600BFD4F85C
:10B340001090B9F1000F0FD1B0F8009048F2FF3A19
:10B3500009EA0A09A0F80090B0F8009049F4004901
:10B36000A0F800902EE06BE0D4F81090B9F13E0FF9
:10B3700014D800BFD4F810904FEA590194F81090F7
:10B3800009F00109B9F1000F00D0491C4FF6FF790F
:10B3900009EA8129A0F8009014E015E000BFD4F874
:10B3A00010904FEA591194F8109009F01F09B9F163
:10B3B000000F00D1491E4FF4004949EA8129A0F845
:10B3C000009000BF00BF10E0607801280DD1B6F8F2
:10B3D000500003442078062101EBC00003F5806192
:10B3E00001EB400C208AACF8000000BF00BFE06910
:10B3F000002824D02078400036F8108008F48040DF
:10B4000010B108F0400038B908F48040002816D187
:10B4100008F04000002812D100BF00BF2178490089
:10B4200036F8111048F68F7201EA020040F400412C
:10B4300041F0C0012278520026F8121000BFBBE094
:10B44000E07801287CD12169A069884204D9256966
:10B45000A069401BA06102E0A5690020A06100BFB7
:10B4600000BF6078B0BB00BF3246B6F850100A4447
:10B470002178022303EBC10102F5806303EB410154
:10B48000084600BF55B9038848F2FF3C03EA0C03A5
:10B490000380038843F40043038019E03E2D0BD85A
:10B4A00000BF690805F0010303B1491C4FF6FF73A3
:10B4B00003EA812303800BE000BF690905F01F0345
:10B4C00003B9491E4FF4004343EA8123038000BFC0
:10B4D00000BF12E0FFE7607801280ED100BF3046C0
:10B4E000B6F8502010442278022303EBC20200F584
:10B4F000806303EB42010D8000BF00BF00BF3346F5
:10B50000607890BB00BF3246B6F850100A442178EC
:10B510004FF0060909EBC10102F5806909EB410111
:10B52000084600BF85B9B0F8009048F2FF3A09EA32
:10B530000A09A0F80090B0F8009049F4004900E032
:10B5400037E0A0F8009020E03E2D0FD800BF69083A
:10B5500005F00109B9F1000F00D0491C4FF6FF7941
:10B5600009EA8129A0F800900FE010E000BF690906
:10B5700005F01F09B9F1000F00D1491E4FF4004931
:10B5800049EA8129A0F8009000BF00BF0FE0607871
:10B5900001280CD1B6F8500003442078062101EBB5
:10B5A000C00003F5806101EB400CACF8005000BF17
:10B5B00002E00120BDE8F08700BF2178490036F89D
:10B5C00011104BF68F7201EA020080F4805080F473
:10B5D000005040F4004141F080012278520026F8EA
:10B5E000121000BF0020E5E701460020A1F844004A
:10B5F0004FF43F42A1F840207047000010B50248C8
:10B60000F8F784FA10BD0000101D00200146B1F8C3
:10B61000440070472DE9F04304460E4615464FEAB4
:10B62000530CA046304608F5806909EB4502674691
:10B630000AE01188921C0170401C4FEA112980F821
:10B640000090401C921C7F1E002FF2D103F00109D4
:10B65000B9F1000F01D011880170BDE8F0830246F6
:10B6600000207047024611B98020A2F84C0000204B
:10B6700070472DE9F04704460D461E4606F1010AC3
:10B680004FEA5A08A146284609F5806A0AEB4203A8
:10B6900047460BE090F800C0401C90F800A04CEA30
:10B6A0000A2119809B1C9B1C401C7F1E002FF1D17E
:10B6B000BDE8F08700BFFEE770B504460D460022E6
:10B6C00010210848F6F7D2FE7E2101EA4400FCF77B
:10B6D0007BF92846FCF778F9012210210148F6F79A
:10B6E000C5FE70BD000801400FB4054B10B503A99D
:10B6F000044A029800F04CF810BC5DF814FB0000FE
:10B7000089C00008880200200FB4084B10B504A9B6
:10B7100002AA039800F03CF8044602A9002000F0B9
:10B7200062FA204610BC5DF814FB0000E7BB00087D
:10B7300002480068C0F30220704700000CED00E0F2
:10B7400010B5002804DB0A07130E054A135406E05F
:10B750000A07140E034A00F00F031B1FD45410BD38
:10B7600000E400E018ED00E000487047940200207B
:10B7700002E008C8121F08C1002AFAD170477047BA
:10B78000002001E001C1121F002AFBD17047000018
:10B790002DE9FF4F8DB00F460546002606E025280F
:10B7A0000BD0DDE90F1290476D1C761C287800281D
:10B7B000F5D111B03046BDE8F08F0024A246A14675
:10B7C0000122E94900E0044315F8013F203B02FA59
:10B7D00003F00842F7D128782A2810D06FF02F0202
:10B7E0002878A0F13001092914D80AEB8A0102EB6C
:10B7F000410144F0020400EB010A6D1CF0E701CFA7
:10B800005FEA000A03D544F40054CAF1000A44F088
:10B8100002046D1C28782E2817D115F8010F44F06A
:10B8200004042A280ED06FF02F022878A0F13001EE
:10B8300009290AD809EB890102EB410100EB010952
:10B840006D1CF2E757F8049B6D1C28786C280FD00C
:10B8500006DC4C2817D068280DD06A2814D104E0E3
:10B86000742810D07A280FD10DE044F400140AE0B7
:10B8700044F4801401E044F440146978814202D118
:10B8800004F580146D1C6D1C28786E281ED00CDC0D
:10B89000632830D004DC00288BD0582811D19FE0D9
:10B8A000642867D069280CD164E073282DD004DCAB
:10B8B0006F2872D0702804D194E075286ED0782853
:10B8C0006DD0DDE90F129047761C4BE1C4F30250B6
:10B8D000022806D0032809D0042801CF09D0066029
:10B8E00040E101CFF117C0E900613BE101CF0680E3
:10B8F00038E1067036E117F8040B8DF800000020DF
:10B900008DF80100EB46012003E057F804BB4FF02F
:10B91000FF3061074FF0000102D40DE008F1010192
:10B92000884649450FDA8045F8DB1BF808100029E6
:10B93000F4D108E008F1010188468142FADB1BF8E6
:10B9400008100029F6D1DDE90F23AAEB0800814693
:10B95000214600F031F9304400EB080604E0DDE94F
:10B960000F121BF8010B9047B8F10108F7D22146DE
:10B970004846F2E00A21C4F302524FF0000B08914E
:10B98000022A04D001CFC117032A09D00AE0FF1D03
:10B9900027F00707F7E8020108E02CE01EE01FE0AF
:10B9A00000B2C117042A01D140B2C117021E71F1C1
:10B9B000000206DA0023D0EB030063EB01012D2225
:10B9C00002E0220504D52B228DF82420012203E079
:10B9D000E20701D02022F7E7904653E00A210BE06E
:10B9E000102109E010214FF0000B44F004044FF047
:10B9F0000809089103E008214FF0000B0891C4F3F7
:10BA00000252022A04D001CF0021032A06D006E008
:10BA1000FF1D27F00707F7E8020103E080B2042AC0
:10BA200000D1C0B24FF0000822072BD52A78702A27
:10BA300007D0DDF820C08CF0100C5CEA0B0C05D0B0
:10BA40000EE040228DF82420012208E050EA010394
:10BA500006D030238DF824308DF825200222904620
:10BA6000089B83F0080353EA0B030BD150EA010251
:10BA700001D1620706D530228DF824204FF001084D
:10BA8000A9F101092A78582A04D038A20B9208AAF1
:10BA90000A920BE03AA2F9E75B46089AF4F727FC12
:10BAA0000B9B9B5C0A9A521E0A92137050EA010289
:10BAB000F2D10A98ADEB000000F1200B600702D52F
:10BAC00024F4803401E04FF00109D94502DDA9EBEF
:10BAD0000B0000E0002000EB0B0141440890AAEBB2
:10BAE000010AE00306D4DDE90F232146504600F0A9
:10BAF00063F806444FF0000908E009A911F80900AD
:10BB0000DDE90F12904709F10109761CC145F4DB0C
:10BB1000E0030CD5DDE90F232146504600F04CF838
:10BB2000064404E0DDE90F1230209047761C0899A6
:10BB3000481E08900029F5DC08E00A980A99007868
:10BB4000491C0A91DDE90F129047761CBBF10001F8
:10BB5000ABF1010BF1DC21465046DDE90F2300F08B
:10BB600019F806446D1C21E60928010030313233F2
:10BB70003435363738396162636465660000000029
:10BB80003031323334353637383941424344454613
:10BB9000000000002DE9F041044600251E4617462E
:10BBA000880404D405E039462020B0476D1C641E8B
:10BBB000F9D52846BDE8F0812DE9F041044600257D
:10BBC0001E469046C80301D5302700E02027880490
:10BBD00004D505E041463846B0476D1C641EF9D5D2
:10BBE0002846BDE8F0810A68531C0B60107070474E
:10BBF00010B50120F6F7B2F905A001F0D9FCF5F770
:10BC000087F94FF416710F48F4F7B7FA10BD00002A
:10BC10007B2252656365697665223A7B22537461A3
:10BC2000747573223A32367D2C2246223A7B225496
:10BC3000797065223A2243616E73656C227D7D0ABC
:10BC40000000000068070020014601F0030090B9E1
:10BC50006420B1FBF0F200FB121050B94FF4C87031
:10BC6000B1FBF0F200FB121008B901207047002070
:10BC7000FCE70120FAE70020F8E7000010B590B0DB
:10BC8000342103A8F4F779FA48A103C9CDE90101E9
:10BC90004848807800044749C97800EB01214548AD
:10BCA00000790C1824B944A001F082FC10B010BD3A
:10BCB0004048407801281FD131208DF809004548BF
:10BCC0004549086005204860002143488160C16003
:10BCD00001610C21416100218161C161F9F7B0FE70
:10BCE00008B1F4F7CFFD3C480068C06840F0200080
:10BCF00039490968C86049E02E48407802281ED1B9
:10BD000032208DF8090035483549086008464460FE
:10BD100000218160C16001610C21416100218161CC
:10BD2000C161F9F78DFE08B1F4F7ACFD2C4800684D
:10BD3000C06840F020002A490968C86026E01D4814
:10BD4000407803281ED133208DF809002548264964
:10BD500008600846446000218160C16001610C21D7
:10BD6000416100218161C161F9F76AFE08B1F4F710
:10BD700089FD1D480068C06840F020001A49096824
:10BD8000C86003E00CA001F013FC8FE7234601AA72
:10BD900016A103A8FFF7B8FC03A801F009FC0A21CB
:10BDA0000448F4F7EAF900BF80E700005553415218
:10BDB00054300000680700207B2252656365697675
:10BDC00065223A7B22537461747573223A3139309B
:10BDD0007D7D0A0000380140B00F00200044004083
:10BDE000F40F002000480040381000207B2243421E
:10BDF00052223A7B22537461747573223A302C229A
:10BE0000496E73223A25732C224252223A25757DBF
:10BE10007D0A00001CB5002400200090019000BFA6
:10BE20000CE01B49095C742901D1022408E0184A7E
:10BE3000411C515C0DF80010411CC8B20A28F0DB0F
:10BE400000BF022C11D16846F4F7A9F91149086026
:10BE500008460068F5F71AF94FF416710C48F4F724
:10BE60008CF900200C49087010E013200B49087071
:10BE70000BA001F09DFB00200749087005490860F0
:10BE800000244FF416710248F4F777F91CBD000046
:10BE9000680700200C000020110000202B0000206B
:10BEA0007B2252656365697665223A7B2253746111
:10BEB000747573223A31397D7D0A000010B586B061
:10BEC0000446F6F719F9012004900F48039000206A
:10BED00001900120029005A901A8F6F753F878B95E
:10BEE000F6F7A8F80598401C10B1002006B010BD68
:10BEF00024B9FF2210210548F4F738F90120F5E7AD
:10BF0000F6F798F80020F1E700FC01084022002035
:10BF100000B500221021104600F002F800BD00001C
:10BF200030B503465818402801D9002030BD1846C6
:10BF30000FE02AB1094C044494F8004C1470521CD0
:10BF4000102805D2054C044494F8004C044D2C54A0
:10BF5000401CCC188442ECD80120E7E700F001082F
:10BF6000402200202DE9F04706468946154606EB9B
:10BF70000900402802D90020BDE8F0870DB9002053
:10BF8000FAE7F6F7B9F8002413E02A5D601C285C94
:10BF900042EA0020C3170746A019094A81183A4609
:10BFA0000120F6F751F818B1F6F744F80020E3E75E
:10BFB000A41C4C45E9D3F6F73DF80120DCE700006E
:10BFC00000FC01083EB50024002002900090019082
:10BFD00000BF0CE01F49095C4C2901D1022408E094
:10BFE0001C4A411C515C0DF80010411CC8B20A28C3
:10BFF000F0DB00BF022C15DB6846F4F7D0F81649D9
:10C00000086008460068F4F727FD4FF416711148E0
:10C01000F4F7B3F80020114908801149086011496C
:10C02000087015E013201049087010A001F0C0FA44
:10C0300000200C4908700849086000244FF416716C
:10C040000448F4F79AF8002004490880044908607D
:10C050003EBD0000680700200C00002016000020F4
:10C060002C000020100000202B0000207B225265B5
:10C070006365697665223A7B225374617475732215
:10C080003A31397D7D00000013B50C460121684628
:10C09000F4F770FB0120F5F761FF00981CBD00006C
:10C0A00010B5002821D0114B0022001F196803E0B1
:10C0B000814203D80A4649680029F9D152B1136870
:10C0C000841A9C4204D1006818441060104602E0B3
:10C0D000506000E0186039B102680B1A934203D136
:10C0E0000B681A4402604968416010BD8C02002050
:10C0F00070B50446002500263220F5F72FFFF6F72D
:10C10000BBF906461FE0F6F7B7F9801B41F6583138
:10C11000884201D9012070BD4AF6AA202549096844
:10C1200008602548C07D00B10EE023480078A528AE
:10C1300009D140F20B10844205D1204800680C2838
:10C1400001DB0020E7E7DEE700BF00201B490860B5
:10C15000002500BF04E01849095C0D44411CC8B229
:10C160001628F8DB144880781349C97800EB0120C1
:10C17000A04202D0B4F5987F19D10F48807D0E49B6
:10C18000C97D00EB0120A8420FD1B4F5987F0AD1F8
:10C190000948017A407A01EB0020412801D10020B2
:10C1A000B9E70120B7E70020B5E70120B3E7012098
:10C1B000B1E700003C0D00201005002034000020F5
:10C1C00000B585B00120F5F7C9FE002215491648D3
:10C1D000F8F7D8FB002215491348F8F775FB134808
:10C1E000007812498978114A5278104BDB78CDE9F2
:10C1F0000132CDE903100B4880780090094843785C
:10C2000002780BA11948FFF77FFA184801F0D0F91E
:10C210000120F5F7A3FE4FF416711548F3F7ADFFB3
:10C2200005B000BDCC000020A40E0020CF000020EF
:10C230007B2254223A7B2248223A25642C224D222A
:10C240003A25642C2253223A25642C2259223A257D
:10C25000642C226D223A25642C2244223A25642C37
:10C260002257223A25647D7D0A000000C009002083
:10C270006807002010B507A001F09AF9F4F7C4FB95
:10C280000020124908704FF416711148F3F775FF3A
:10C2900010BD00007B2252656365697665223A7B9A
:10C2A00022537461747573223A32367D2C224622F1
:10C2B0003A7B2254797065223A224964656E74692A
:10C2C00066794F6666227D7D0A0000002700002007
:10C2D0006807002010B507A001F06AF90120F5F702
:10C2E0003DFE0120104908704FF416710F48F3F716
:10C2F00044FF10BD7B2252656365697665223A7BF7
:10C3000022537461747573223A32367D2C22462290
:10C310003A7B2254797065223A224964656E7469C9
:10C320006679227D7D0A0000270000206807002032
:10C3300070B504460D46002617E0012251020C4854
:10C34000F6F794F82846F5F709FE00224FF400713D
:10C350000748F6F78BF82846F5F700FE0122510250
:10C360000348F6F783F8701CC6B2A642E5DB70BD41
:10C37000000801402DE9F043EDB0242164A8F3F753
:10C38000FCFE4FF00008C14600262E480068451EFE
:10C39000002700242CA001F00BF9394800884EF644
:10C3A0001671884205D037A001F002F96DB0BDE8E2
:10C3B000F0832448006830B93848006818B938A0BC
:10C3C00001F0F6F8F2E700243448006850B11D4847
:10C3D000006820B11B48046847F2C71502E000243A
:10C3E00047F2C7152AE04AF6AA20334909680860CF
:10C3F00004EBC4014FF4001202EB810064AA242173
:10C40000FAF776F89DF89001072806D1761C684661
:10C4100001F0CEF86420F5F7A1FD2048006860B176
:10C420000848006848B1AC4207D107B1BEE74FF0F9
:10C43000FF3404480068451E0127641CAC42D2D971
:10C4400000BFB3E7000000207B2252656365697678
:10C4500065223A7B22537461747573223A32367DB9
:10C460002C224D656D223A7B2254797065223A2246
:10C47000526165645265636F7264227D7D0A0000BB
:10C48000280000207B224D656D223A7B2253746187
:10C49000747573223A2D317D7D0A0000040000205E
:10C4A0007B224D656D223A7B225374617475732231
:10C4B0003A337D7D0A0000003C0D0020F6F762FD56
:10C4C000FCF74EFAFAF70CFAFAF7E2FAFAF7F8FA8A
:10C4D000FAF71AFBFAF73CFBFAF7A8FAFAF76EFB41
:10C4E000FAF784FBFAF79EFBFAF7BEFAF748F8F77B
:10C4F000E9FFF7480068C06840F02000F449096887
:10C50000C8600A20F5F72AFDF2480068C06840F0CC
:10C510002000F0490968C860EF480068C06840F032
:10C520002000ED490968C8600020EC490860FAF76E
:10C53000A7F8FFF7EDFC1E210720FFF7F9FE4FF4E7
:10C540007A70F5F70BFDFAF789FB4FF47A70F5F77F
:10C5500005FD00224FF40041E148F5F787FF40F266
:10C56000E970F5F7FBFC4AF6AA20DE490968086085
:10C5700040F2E970F5F7F2FC0122D103D848F5F753
:10C5800075FF01F0BFFC0120D74908704AF6AA20C8
:10C59000D44909680860FBF7B9FDD449088008460A
:10C5A00000884EF61671884206D11022D049D1A0DB
:10C5B000FBF740FEF9F7AEFFFAF762F8F5F75CFF1C
:10C5C0000446F5F759FF4FE3F5F756FF001B40F619
:10C5D000B831884207D3F5F74FFF04460120C84918
:10C5E0000870002008704AF6AA20BE490968086051
:10C5F000C448008800286FD00120F5F7AFFCC2487E
:10C600000078572821D1C048407965281DD1BFA0A6
:10C6100000F0CEFF4AF6AA20B24909680860BA4A7B
:10C6200040F23A216420F5F7FFF94AF6AA20AD4915
:10C63000096808600120BC490870F4F73BF84AF625
:10C64000AA20A849096808600EE3AF48007854287A
:10C650007ED021DC44287CD012DC09287AD008DC8A
:10C66000012878D0022877D0032876D0082875D101
:10C67000B5E0102873D0422848D04328F7D108E10C
:10C6800046380D286AD2DFE800F0D4F169F869690C
:10C6900069DCCC693BEFEE0072283DD012DC6928E2
:10C6A00073D008DC56281FD064286FD065286ED060
:10C6B0006628DCD1ADE06E286AD0702869D0712878
:10C6C000D5D17FE1772871D007DC73286FD075282A
:10C6D00010D07628CBD169E1ACE1802849D08128FF
:10C6E0004DD0FE28C3D179E101F090F901208E49A7
:10C6F00008708FE101F07CFC01208B49087089E112
:10C70000F5F7BAFA01208849087083E1FFF7B6FA15
:10C710000120854908707DE184A000F049FF0A20CE
:10C72000F5F71CFC00BF00BF00BF00BF00BFBFF398
:10C730004F8F00BF00BF00BF8348006800F4E06077
:10C7400082490843001D8049086000BF00BF07E020
:10C75000B0E07CE038E01DE022E029E04BE143E17D
:10C7600000BFBFF34F8F00BF00BF00BF00BF00BFBF
:10C77000FDE701F08DFA01206B4908704AE1FFF7EF
:10C780001FFD01206849087044E17CE06FE064E02F
:10C7900037E02AE001F036FB01206349087039E1F7
:10C7A00001F026FC01206049087033E110E122E02D
:10C7B0003720FBF7E5F90546294665A0FEF794FF0B
:10C7C00001205949087025E1FBF7A0FC05462946E0
:10C7D0006AA0FEF789FF0120534908701AE101F0B1
:10C7E000EFFA01205049087014E1FAF77BFC0120B0
:10C7F0004D4908700EE101F0F5F901204A49087031
:10C8000008E131216E2000F00FFE0120464908703A
:10C8100000E13121662000F007FE01204249087046
:10C82000F8E032216E2000F0FFFD01203E49087043
:10C83000F0E03221662000F0F7FD01203A4908704F
:10C84000E8E001F05FFB012037490870E2E0F3F710
:10C85000EDFF012034490870DCE001204E490870EA
:10C8600031490870D6E09BE0A6E006E017E0012021
:10C870004A4908702C490870CCE0FFF7FBFC012006
:10C8800029490870C6E0FFF725FD012026490870F8
:10C89000C0E0FFF7ADF9012023490870BAE0F4F7D2
:10C8A0007FFC0120204908704FF416711648F3F7F9
:10C8B00064FCAFE001F0C6FA01201B4908704FF498
:10C8C00016711148F3F759FCA4E00000680F00202E
:10C8D000F40F002038100020B00F0020340000209A
:10C8E000000801403C0D00200A0000202800002024
:10C8F000F0FF070051574552545955494F50000019
:10C90000E900002016000020680700207B22526505
:10C910006365697665223A7B22537461747573226C
:10C920003A32367D0A000000750000207B225265F5
:10C9300063697665223A7B22537461747573223A77
:10C9400037307D7D0A0000000CED00E00000FA05A4
:10C950007B2243223A7B225265616465725479706E
:10C9600065223A52433532322C2256657273696F12
:10C970006E223A25647D7D0A000000007B224D6511
:10C980006D223A7B2256657273696F6E223A307857
:10C9900025587D7D0A0000001000002011000020B5
:10C9A0000120B2490870B249087033E0F5F794F9F4
:10C9B0000120AF4908702DE000F080FC0120AC4957
:10C9C000087027E0FFF7D6FC0120A949087021E094
:10C9D00001F0E4FA0120A64908701BE0F3F736FFE6
:10C9E0000120A349087015E00020A2490860012039
:10C9F0009F4908700EE0A0A000F0DAFD1320A549C1
:10CA0000087000209A490870F3F754FE0020A249EC
:10CA1000086000BF00BF13209E49087000209449A1
:10CA200008709D4908609D4908809D490880012043
:10CA3000F5F794FA9B48007808B1F4F737FE9A4866
:10CA4000007808B1FFF7E6F99848007808B1FFF7D9
:10CA5000B9FA8648007808B100F08AFC944800686A
:10CA600080B14FF49670F5F779FA914801689148D2
:10CA700000F0C0FD00208E4908604FF496718D488B
:10CA8000F3F77BFB8C480088322807DD00208A49B9
:10CA900008804FF400718948F5F7DEFC8848F9F703
:10CAA000CFFC01281AD18648F9F7CAFC012815D114
:10CAB00084480078012807D1F5F7DEFC8249086038
:10CAC00002208049087008E07E48007828B90020DC
:10CAD0007E49C870887048700870C5E07848007852
:10CAE0007A490978884226D175484078774949784B
:10CAF000884220D1724880787449897888421AD156
:10CB00006F48C0787149C978884214D16D4800785F
:10CB100002280FD1F5F7B0FC6B490968401AC82804
:10CB200004D8F5F7A9FC684908609DE00020654934
:10CB3000087000E098E00020624908701021F9F7C1
:10CB40001DFC70B15E48F9F77BFC20B15C48F9F739
:10CB500077FC00B188E010210020F9F70FFC00B14C
:10CB600082E05B490120F9F763FC00287BD100BF1C
:10CB700005E05349095C554A1154411CC8B20428C8
:10CB8000F7DB002005E05249095C524A1154411C70
:10CB9000C8B21028F7DBC9204F490870002008E010
:10CBA0004C49095C4C4A127851404B4A1170411C67
:10CBB000C8B20F28F4DB464800784849086044486A
:10CBC0004078096801EB00204449086040488078BB
:10CBD000434908603E48C078096801EB002040499D
:10CBE00008603B480079096801EB00403C49086057
:10CBF00037484079096801EB0060394908603748D7
:10CC0000006800F40040B0F5004F13D133480068CD
:10CC1000C0F30E00314908600846006846F6292135
:10CC200048402E4908602E4800684BF2A621484033
:10CC30002B4908602B48007888B12B48007850B900
:10CC4000264803682648026828A12148FEF75CFDB3
:10CC50001F4800F0ADFCFA20F5F780F903E032211F
:10CC60000A20FFF765FB00BFAEE4000013000020C0
:10CC700075000020E40000207B2252656365697620
:10CC800065223A7B22537461747573223A31397D7F
:10CC90007D0A00002B0000202C0000201600002040
:10CCA00018000020270000201100002010000020A4
:10CCB0006C000020FC0900207800002000080140E2
:10CCC0007B000020D4000020D8000020800000203D
:10CCD000D80C0020B80C00207A0000208C00002026
:10CCE0008800002009000020710000207B224322E0
:10CCF0003A7B224944223A25642C225543223A2584
:10CD0000647D7D0A000000002DE9F041ADF5047D51
:10CD1000012601254FF00008002700204749088020
:10CD20000120F5F71BF900245BE04AF6AA204449EC
:10CD3000096808600020414908804249088042494A
:10CD4000086029461E20FBF7AFFCF5F795FB8046EF
:10CD50000DE04AF6AA203A4909680860F5F78CFB0D
:10CD6000A0EB080042F6E061884200D903E03348B6
:10CD700000880028EDD000BF0A20F5F7EFF828461C
:10CD8000F4F7EEFF061E1AD140F2071221462F4893
:10CD9000FBF750FA68B140F2071221462B48FBF727
:10CDA00049FA30B12AA000F003FC0DF5047DBDE87E
:10CDB000F081681C85B204F20714002710E0052FEB
:10CDC00003DD2CA000F0F4FBEFE700201B490880F6
:10CDD00040F207111D48F3F7D0F9781CC7B200E004
:10CDE00000BF642EA1D126D1A4F20E2140F2071279
:10CDF00042A8FBF737F9A4F2071140F2071242A844
:10CE0000FBF730F940F2071221466846FBF72AF992
:10CE10001022214620A0FBF70DFA0A20F5F79EF814
:10CE2000102220491CA0FBF705FA0A20F5F796F816
:10CE30001DA000F0BDFB00BFB7E7000016000020FA
:10CE40003C0D0020180000202C0000206807002066
:10CE50007B225570646174654669726D7761726595
:10CE6000223A7B22537461747573223A327D7D0AB3
:10CE7000000000007B225570646174654669726D24
:10CE800077617265223A7B22537461747573223A1A
:10CE9000317D7D0A000000004153444647484A4B1B
:10CEA0004C000000F0FF07007B2255706461746540
:10CEB0004669726D77617265223A7B2253746174A0
:10CEC0007573223A38357D0A000000002DE9F041E3
:10CED00004460D4600210026012200202346092198
:10CEE00011E00122002604E002EB82077A00771CA1
:10CEF000BEB28E42F8DBB3FBF2F717B14F1CB9B2EA
:10CF000003E04F1EB9B20029EBD100BFC8B2002127
:10CF100012E0B3FBF2F7303707F0FF080F4601F1DC
:10CF2000010C1FFA8CF105F80780B3FBF2F702FB46
:10CF300017330A27B2FBF7F28142EADBBDE8F08142
:10CF4000F0B50B30154D20F007010024144A0FE016
:10CF500003688B420BD38B4205D95E1A431847688E
:10CF6000C3E9006700E04368136002C004E0021DEB
:10CF700010680028ECD12046002802D1286808B1AA
:10CF80000020F0BD064A07481060074A121A22F036
:10CF90000702C0E9002401202860D7E790020020A2
:10CFA0008C020020C4320020C038002010B5164981
:10CFB000164800F046F8154800F06FF8134800F0E6
:10CFC00029F8072301220321104800F0A5F80121C8
:10CFD0000E4800F0FFF800210C4800F087F8072108
:10CFE0000A4800F026F90A49084800F0B7F808494D
:10CFF000064800F0D1F80321044800F001F90121AE
:10D00000024800F055F810BD480D00209C0D00208E
:10D010006666C64038B504460020009003236A4681
:10D020000421204600F01CF903236A46062120460D
:10D0300000F016F903236A460521204600F010F996
:10D0400038BD70B504460D462560002084F8040103
:10D050008021201DF3F791F8802104F18400F3F77B
:10D060008CF870BD2DE9FC4104460D4616461F465E
:10D0700001954FF47A700090012301AAAE21206837
:10D08000F5F794FC4FF47A7000903B463246AE219F
:10D090002068F5F7DFFABDE8FC8138B5044640208A
:10D0A000009001236A460921204600F0D9F838BDD6
:10D0B00038B505460C460020009001236A4602213F
:10D0C0002846FFF7CFFF9DF8000020F08000009079
:10D0D00004F001009DF8001041EAC0100090012307
:10D0E0006A460221284600F0BBF838BD38B505462F
:10D0F0000C4601236A460A212846FFF7B3FF9DF834
:10D10000000064F35F10C0B2009001236A460A2158
:10D11000284600F0A5F838BDF8B507460C46154678
:10D120001E46002000909DF8000040EA4410C0B266
:10D13000009005F001009DF8001041EA00100090F9
:10D1400006F00F009DF800100843009001236A4686
:10D150000821384600F084F8F8BD00002DE9F843B6
:10D1600081460C462046F3F7AFF80746084A094BBC
:10D17000F3F722F80546F3F78EF8C0B200900123CA
:10D180006A460C21484600F06BF8BDE8F8830000C1
:10D190009A9999999999C93F2DE9F84381460C4686
:10D1A0002046F3F791F80746084A094BF3F704F8CD
:10D1B0000546F3F770F8C0B2009001236A460D21CE
:10D1C000484600F04DF8BDE8F88300009A99999917
:10D1D0009999C93F38B505460C4601236A460A218C
:10D1E0002846FFF73FFF9DF8000000F07C00204339
:10D1F000009001236A460A21284600F031F838BD24
:10D2000038B505460C4601236A4609212846FFF732
:10D2100029FF9DF8000000F0F80020430090012352
:10D220006A460921284600F01BF82846FFF7F2FE5F
:10D2300038BD38B504460D4601236A460A2120460A
:10D24000FFF710FF9DF8000000F063008006000E5D
:10D25000009001236A460A21204600F001F838BDFB
:10D260002DE9F8430746884616461C46601CFFF722
:10D2700067FE054685F800802EB124B1224631466E
:10D28000681CF2F761FF4FF47A70611C8BB200905A
:10D290002A46AE213868F5F789FB2846FEF700FFDD
:10D2A000BDE8F88310B5044601231A46214602481A
:10D2B000F8F7D3FC10BD00003810002030B5D5B011
:10D2C00024214CA8F2F759FF002400251F480088AC
:10D2D0004EF61671884229D11D48007810BB1C48B3
:10D2E0004078F8B91B480068C0B11A490968491E5E
:10D2F00001EBC1014FF4001202EB81004CAA242182
:10D30000F9F7F6F89DF83001072805D101A800F0DB
:10D310004FF90A20F4F722FE55B030BD0EA000F000
:10D3200047F9F9E70A4800F043F9F5E708480078BB
:10D3300030B90748407818B907A000F039F9EBE791
:10D34000034800F035F900BFE6E7000028000020A0
:10D3500098020020000000207B224D656D223A7B60
:10D3600022537461747573223A337D7D0A00000084
:10D370007CB50024002500200090019000BF12E041
:10D380001F49095C642901D102240EE01C49095C93
:10D39000682901D1022508E0194A411C515C0DF8A9
:10D3A0000010411CC8B20A28EADB00BF022C0AD1D7
:10D3B0006846F2F7F4FE134908600021114800683E
:10D3C000F3F766FF0FE0022D0AD16846F2F7E7FE99
:10D3D0000C49086001210B480068F3F759FF02E08F
:10D3E00009A000F0E5F84FF416710548F2F7C5FE04
:10D3F00000200C4908700349086000247CBD00002F
:10D40000680700200C0000207B2252656365697666
:10D4100065223A7B22537461747573223A31397DE7
:10D420007D0A00001300002070B504460D46312D22
:10D430002AD16E2C12D1012211022A48F5F716F8D2
:10D440000120F4F78BFD28A000F0B2F8012032494A
:10D4500008704FF416713148F2F78FFE662C13D125
:10D4600000224FF480711F48F5F700F80120F4F70F
:10D4700075FD2BA000F09CF80120274908704FF49F
:10D4800016712648F2F779FE322D2AD16E2C12D170
:10D49000012291021348F4F7E9FF0120F4F75EFD41
:10D4A0002BA000F085F801201B4908704FF416717D
:10D4B0001A48F2F762FE662C13D100224FF4806105
:10D4C0000848F4F7D3FF0120F4F748FD2CA000F042
:10D4D0006FF80120104908704FF416710F48F2F7E9
:10D4E0004CFE70BD000801407B2252656365697681
:10D4F00065223A7B22537461747573223A32367D09
:10D500002C225231223A7B22537461747573223A71
:10D5100032337D7D0A00000075000020680700207E
:10D520007B2252656365697665223A7B225374617A
:10D53000747573223A32367D2C225231223A7B2284
:10D54000537461747573223A32347D7D0A00000091
:10D550007B2252656365697665223A7B225374614A
:10D56000747573223A32367D2C225232223A7B2253
:10D57000537461747573223A32337D7D0A00000062
:10D580007B2252656365697665223A7B225374611A
:10D59000747573223A32367D2C225232223A7B2223
:10D5A000537461747573223A32347D7D0A00000031
:10D5B0002DE9F04104462046F2F7EAFDC5B2002706
:10D5C0004FF47A7629462046F3F7D4F8064600222F
:10D5D0004FF400710648F4F749FF0120F4F7BEFC50
:10D5E000012251020248F4F741FF3046BDE8F081C4
:10D5F000000801402DE9F04FA1B0044688460027FD
:10D6000000250026F748007828B90A20F4F7A6FC80
:10D6100021B0BDE8F08FF348007803287ED120794F
:10D62000092825D16079622822D1A07945281FD107
:10D63000E07970281CD1207C312819D1607C3228F7
:10D6400016D1A07C342813D1E07C352810D1E07DA0
:10D650001C280DD1207D303864214843617D30394C
:10D6600001EB810100EB4101A07D30380F1803E090
:10D67000DDA0FFF79DFFCBE7002F66D10026002538
:10D6800007E0605D1C2803D1761C042E00D102E067
:10D690006D1C4545F5D900BFA81C205C3038691CBD
:10D6A000615C303901EB810100EB410000F0FF09C2
:10D6B000281D205C3038E91C615C303901EB8101A8
:10D6C00000EB410000F0FF0AA81D205C3038691D06
:10D6D000615C303901EB810100EB410000F0FF0B90
:10D6E00005F10800205C3038E91D615C303901EB40
:10D6F000810100EB4100C0B2209005F10A00205CDE
:10D70000303805F10901615C303901EB810100EB32
:10D710004100C0B21F9005F10B0000E0A9E0205CC1
:10D720001C2804D0002083468246814620901F9802
:10D7300001A9A1E8010E20980090B2483A46B249EA
:10D74000036806A8FDF7E0FF8CE0372F0DD100201D
:10D7500001900290039004900090AA483A46AA498A
:10D76000036806A8FDF7D0FF7CE04E2F0DD1002006
:10D7700001900290039004900090A2483A46A2497A
:10D78000036806A8FDF7C0FF6CE0802F0DD10020D4
:10D79000019002900390049000909A4803229A49C5
:10D7A000036806A8FDF7B0FF5CE04B2F0DD1002009
:10D7B0000190029003900490009092483A4692495A
:10D7C000036806A8FDF7A0FF4CE03D2F0DD1002017
:10D7D000019002900390049000908A483A468A494A
:10D7E000036806A8FDF790FF3CE0332F0DD1002021
:10D7F0000190029003900490009082483A4682493A
:10D80000036806A8FDF780FF2CE0132F0DD1002040
:10D81000019002900390049000907A483A467A4929
:10D82000036806A8FDF770FF1CE07F2F0DD10020D4
:10D830000190029003900490009072480122724976
:10D84000036806A8FDF760FF0CE00020019002903D
:10D850000390049000906B483A466B49036806A811
:10D86000FDF752FF06A8FFF7A3FE0120F4F776FBB1
:10D87000CEE65C48007804287DD1A07972287BD15F
:10D8800000250CE0605D882808D1681C205C022817
:10D8900004D1A81C205C012800D102E06D1C454584
:10D8A000F0D900BF454503D34FA0FFF781FEAFE697
:10D8B000E81C205C002879D1002608E0A05D8728BC
:10D8C00004D1701C205C132800D102E0761C464570
:10D8D000F4D900BF464500D3002676B90020019058
:10D8E0000290039004900090E81C225C4548464951
:10D8F000036806A8FDF708FF53E0701D205C303870
:10D90000311D615C303901EB810100EB410000F019
:10D91000FF0906F10800205C3038F11D615C3039E8
:10D9200001EB810100EB410000F0FF0A06F10B0062
:10D93000205C303806F10A01615C303901EB81016D
:10D9400000EB410000F0FF0B06F10E00205C3038C8
:10D9500006F10D01615C303901EB810100EB410002
:10D96000C0B2209006F11100205C303806F11001A1
:10D97000615C303901E033E02FE001EB810100EB25
:10D980004100C0B21F901F9801A9A1E8010E209884
:10D990000090E81C225C1B481B49036806A8FDF7A1
:10D9A000B3FE06A8FFF704FE12E0FFE70020019097
:10D9B0000290039004900090E81C225C11481249E8
:10D9C000036806A8FDF7A0FE06A8FFF7F1FD00BF5B
:10D9D00000BF0120F4F7C2FA1AE603A0FFF7E8FD42
:10D9E00000BF15E6990000207B2250223A7B22726C
:10D9F0006573706F6E7365436F6465223A2D317D78
:10DA00007D0A00009C00002018E3000800B599B0D2
:10DA100064216846F2F7B1FB42F6470231A168463D
:10DA2000FDF772FE6846FFF7C3FD4FF00060006827
:10DA30003A49884203D13AA0FFF7BAFD0CE04FF013
:10DA4000006000683A49884203D13AA0FFF7B0FD70
:10DA500002E03CA0FFF7ACFD3EA0FFF7A9FD0120CE
:10DA6000F4F77CFA3FA0FFF7A3FD0120F4F776FA64
:10DA70004148416841A0FDF737FE0120F4F76EFAF6
:10DA800042A0FFF795FD0120F4F768FA3A48416893
:10DA900042A0FDF729FE0120F4F760FA42A0FFF74B
:10DAA00087FD474800884EF61671884206D101204E
:10DAB000F4F754FA43A0FFF77BFD05E00120F4F7EB
:10DAC0004DFA43A0FFF774FD0120F4F747FA43A095
:10DAD000FFF76EFD4FF416714148F2F74EFB19B097
:10DAE00000BD00007B224669726D77617265223A43
:10DAF0007B2246223A312C2244657669636554794B
:10DB00007065223A2253706F7274222C2252656C17
:10DB100065617365223A2564000000009041002091
:10DB20002C22426F6F74566572223A310000000059
:10DB3000001A00202C22426F6F74566572223A320E
:10DB4000000000002C22426F6F74566572223A3337
:10DB5000000000002C224175746F537461727422AE
:10DB60003A3100002C225265616465725479706507
:10DB7000223A524335323200F40F00202C224669FB
:10DB80006E676572223A2564000000002C22486509
:10DB900061727442656174223A3100002C22506F28
:10DBA00073223A25640000002C226F6E6552656175
:10DBB0006443617264496E4669656C64223A31005F
:10DBC000280000202C224D454D223A310000000053
:10DBD0002C224D454D223A30000000007D7D0A0088
:10DBE0006807002010B50C48007810B90BA0FFF7AB
:10DBF000DFFC0948007810B116A0FFF7D9FC0648F1
:10DC0000007880F00100044908704FF416711F4835
:10DC1000F2F7B3FA10BD0000710000207B225265BC
:10DC20006365697665223A7B225374617475732249
:10DC30003A32367D2C2243223A7B22547970652277
:10DC40003A22556E53656E6453657269616C227D2C
:10DC50007D0A00007B2252656365697665223A7B06
:10DC600022537461747573223A32367D2C2243221A
:10DC70003A7B2254797065223A2253656E6453656B
:10DC80007269616C227D7D0A000000006807002037
:10DC900010B52C4840782C4908702A488078487084
:10DCA0002848C07888702748007928498870254816
:10DCB000407948702348807908702248C079C8703C
:10DCC0000120F4F74BF920480078172817DC1E488C
:10DCD00040783B2813DC1C4880783B280FDC1B482D
:10DCE000807820280BDC194840780D2807DC17487D
:10DCF000C0782A2803DC15480078082803DD14A022
:10DD0000FFF756FC10BD00220F491848F6F7B0FF88
:10DD100018B117A0FFF74CFCF4E70120F4F71EF947
:10DD200000220A491148F6F7F5FE00B1EAE716A00D
:10DD3000FFF73EFC4FF416710248F2F71EFA00BFDF
:10DD4000E0E7000068070020CC000020CF000020A2
:10DD50007B2252656365697665223A7B2253746142
:10DD6000747573223A3139307D7D0A00A40E00208B
:10DD70007B2254223A7B22537461747573223A31A8
:10DD800032387D7D0A0000007B225265636569762A
:10DD900065223A7B22537461747573223A32367D60
:10DDA0002C2254223A7B2254797065223A22536500
:10DDB0007454696D6544617465227D7D0A000000BC
:10DDC00010B507484078FF2808D106A0FFF7F0FB00
:10DDD00000224FF400410A48F4F748FB10BD000050
:10DDE000680700207B2252656365697665223A7B6D
:10DDF00022537461747573223A32367D7D0A0000B5
:10DE00000008014010B506484078AA2807D105A0AF
:10DE1000FFF7CEFB0122D1030948F4F727FB10BD21
:10DE2000680700207B2252656365697665223A7B2C
:10DE300022537461747573223A32367D7D0A000074
:10DE40000008014008B5002000906A4600214FF408
:10DE5000A870F3F7BFFC6420F4F780F8114800784D
:10DE6000AA2813D10F48407855280FD10D48807843
:10DE700050280BD10B48C078012807D109480079F8
:10DE8000042803D108A0FFF793FB02E011A0FFF7DD
:10DE90008FFB0220F4F762F84FF416710148F2F795
:10DEA0006CF908BD100500207B2246223A7B2254E3
:10DEB000797065223A2254657374436F6E6E6563A0
:10DEC00074696F6E222C22537461747573223A3018
:10DED0007D7D0A007B2246223A7B2254797065229E
:10DEE0003A2254657374436F6E6E656374696F6E26
:10DEF000222C22537461747573223A31387D7D0A65
:10DF0000000000000EB50120F4F728F80120144AA3
:10DF1000CDE900200346FF22AE2102901148F4F71C
:10DF2000FDFDFFF743F80E480078152806D10EA036
:10DF3000FFF73EFB01201149087005E010A0FFF734
:10DF400037FB00200D4908700120F4F707F8002086
:10DF5000034908704FF416710F48F2F70EF90EBD21
:10DF600024000020480D00207B224D223A7B2253C2
:10DF70007461747573223A307D7D0A00250000209B
:10DF80007B224D223A7B22537461747573223A319D
:10DF900033307D7D0A0000006807002000B599B08D
:10DFA00064216846F2F7E9F807480368074808A1C2
:10DFB00002686846FDF7A8FB6846FFF7F9FA0520F6
:10DFC000F3F7CCFF19B000BD0400002000000020D2
:10DFD0007B224D656D223A7B2248656164223A2599
:10DFE000752C225461696C223A25757D7D0A0000EA
:10DFF00010B52A480078022817D128484078C72849
:10E0000013D126488078FF280FD1FAF77FF84EF613
:10E010001671884205D122A0FFF7CAFAFEF774FEF6
:10E0200010BD28A0FFF7C4FA36E01C480078752818
:10E0300032D10A222C492DA0FAF7FCF848B10A2265
:10E0400029492AA0FAF7F6F830B92AA0FFF7B0FA62
:10E0500002E028A0FFF7ACFAFDF75AFFC8B1642030
:10E06000F3F77CFF0020FDF729FF2BA208210020F9
:10E07000FDF778FF48B10520F3F770FF29A0FFF7FF
:10E0800097FA0520F3F76AFF06E02FA0FFF790FA52
:10E0900002E02DA0FFF78CFA00BFC1E7680700205F
:10E0A0007B225570646174654669726D7761726533
:10E0B000223A7B22537461747573223A307D7D0A53
:10E0C000000000007B225570646174654669726DC2
:10E0D00077617265223A7B22537461747573223AB8
:10E0E00039307D7D0A000000F0FF07007A78637602
:10E0F000626E6D007B225570646174654669726D55
:10E1000077617265223A7B22537461747573223A87
:10E1100032367D7D0A000000426F6F543132333455
:10E12000000000007B225570646174654669726D61
:10E1300077617265223A7B22537461747573223A57
:10E1400032367D0A000000007B22557064617465E0
:10E150004669726D77617265223A7B2253746174ED
:10E160007573223A31397D0A000000001F1C1F1E02
:10E170001F1E1F1F1E1F1E1F0000000000000000AA
:10E18000010203040607080900000000010203045D
:10E1900055AA060100000000000000000000000079
:10E1A000000000000000060155AA24010200010041
:10E1B0000000000000000000000000000000270137
:10E1C00055AA240102000000000000000000000029
:10E1D0000000000000002601895171F21DCB0000F3
:10E1E00000000000000000008D5F307CF05E000049
:10E1F0000000000000000000B22CE4247D9000002C
:10E200000000000000000000579B07B3A4E90000D5
:10E210000000000000000000E32F50F2E3D00000F7
:10E220000000000000000000E9C1254FA07D0000B3
:10E230000000000000000000FFFFFFFFFFFF0000E4
:10E24000000000000000000000404040404040400E
:10E2500040404141414141404040404040404040B9
:10E26000404040404040404040050202020202025D
:10E2700002020202020202020220202020202020AC
:10E2800020202002020202020202909090909090C0
:10E29000101010101010101010101010101010107E
:10E2A00010101010020202020202888888888888F2
:10E2B00008080808080808080808080808080808DE
:10E2C00008080808020202024000000049E20008B3
:10E2D000303036387B22636D64223A31302C226133
:10E2E0006D6F756E74223A25642C2273657276699F
:10E2F000634D223A22303030303030222C22736984
:10E30000676E223A223839397C3132333435363728
:10E310003839227D0A0000007B2250223A7B22728B
:10E320006573436F6465223A25642C22416D6F75D5
:10E330006E74223A256C642C2248223A25642C22E1
:10E340004D223A25642C2259223A25642C226D2232
:10E350003A25642C2244223A25647D7D0A0000007F
:10E360007B2252656365697665223A7B225374612C
:10E37000747573223A32367D2C2246223A7B22541F
:10E38000797065223A22476574456D707479494405
:10E39000222C22537461747573223A2D317D7D0ACB
:10E3A000000000007B2252656365697665223A7B36
:10E3B00022537461747573223A32367D2C224622C0
:10E3C0003A7B2254797065223A224672696D7761F0
:10E3D0007265222C22537461747573223A25642E5F
:10E3E00025647D7D0A0000007B22526563656976A5
:10E3F00065223A7B22537461747573223A32367DFA
:10E400002C2246223A7B2254797065223A224765B3
:10E4100074456D7074794944222C2253746174756B
:10E4200073223A25647D7D0A000000004CE4000858
:10E4300000000020980200008205000838E500086E
:10E4400098020020283C000080B70008011C5A01F7
:10E4500004113A0106C214022503EE0A021130200B
:10E4600054394D091A74A908013C8B40E246290A27
:10E4700013E193140829941B0839041A5D041A95B2
:10E48000041AAD141AF10413120114020202164008
:10E49000830440571D02010203310E2104030904C5
:10E4A0001AE913E1061B08B1041A210413050742F7
:10E4B00008DA10C473B2075324F4130A062A02A31D
:10E4C0002924133D9014087D8F4C085F913C1ACB92
:10E4D0000C13CD8E1B084908C11A1D281A0D041AE9
:10E4E0002D041AFD1C1C090243AB111DC032090486
:10E4F0006D1A020B130524161001052401100901E1
:10E5000004240202052406170107058203081C10D3
:10E510000904E1320A1D070501027B2C070581076A
:10E52000110937442A40072A8107112B0907440A99
:08E530003B044401100000004F
:04000005080000ED02
:00000001FF
