:020000040800F2
:100000005842002005010008A9630008694F000854
:10001000A563000893030008EDCF0008000000006E
:10002000000000000000000000000000199F000810
:1000300055050008000000002F78000889A200087C
:100040001F0100081F0100081F0100081F01000810
:100050001F0100081F0100081F0100081F01000800
:100060001F0100081F0100081F0100081F010008F0
:100070001F0100081F0100081F0100081F010008E0
:100080001F0100081F0100081F0100081F010008D0
:1000900035CF00081F0100081F0100081F010008DC
:1000A0001F0100081F0100081F0100081F010008B0
:1000B0001F0100085DA300081F0100081F010008C0
:1000C0001F0100081F0100081F0100081F01000890
:1000D0001F01000871A7000881A70008B9A7000840
:1000E0001F0100081F0100081F010008DFF810D0E1
:1000F00000F086F80048004739E30008AFF30080BD
:10010000584200200648804706480047FEE7FEE7C1
:10011000FEE7FEE7FEE7FEE7FEE7FEE7FEE7FEE7B7
:100120004DA30008ED000008202A04DB203A21FA44
:1001300002F00021704721FA02F3D040C2F1200200
:10014000914008431946704740EA01039B0703D0DA
:1001500009E008C9121F08C0042AFAD203E011F806
:10016000013B00F8013B521EF9D27047D2B201E0C8
:1001700000F8012B491EFBD270470022F6E710B5AC
:1001800013460A4604461946FFF7F0FF204610BD05
:10019000421C10F8011B0029FBD1801A70472DE981
:1001A000F05F0546002092469B46884606468146FB
:1001B00040241BE02846414647462246FFF7B4FF4D
:1001C00053465A46C01A914110D31146184622464A
:1001D00000F028F82D1A67EB01084F46224601204F
:1001E000002100F01FF817EB00094E41201EA4F17A
:1001F0000104DFDC484631462A464346BDE8F09F0D
:10020000064C074D06E0E06840F0010394E8070063
:1002100098471034AC42F6D3FFF76CFF380601085C
:1002200058060108202A04DB203A00FA02F10020D7
:1002300070479140C2F1200320FA03F31943904024
:10024000704770B58C1810F8015B15F0070301D1E9
:1002500010F8013B2A1106D110F8012B03E010F829
:10026000016B01F8016B5B1EF9D12B0705D400234C
:10027000521E0DD401F8013BFAE710F8013BCB1AEE
:10028000921C03E013F8015B01F8015B521EF9D5E3
:10029000A142D8D3002070BD00B589B000BF24486A
:1002A000806940F40070224988610846806900F442
:1002B0000070019000BF00BF00BF0846806940F099
:1002C000040088610846806900F00400019000BFC6
:1002D00000BF00200590069007900890012005902F
:1002E0000320069005A9134801F0ECF912481349C0
:1002F0000860002111488160C16041614FF46021B4
:10030000C16100200D49486001210C48016100F0E5
:10031000BDFF002002900390049002900120039002
:100320000520049002A9054800F0CEFE09B000BDEA
:10033000001002400008014000240140DC3500208C
:1003400070B5044600252068806800F00100F0B117
:100350002068806820F001002168886001F05AFB65
:1003600005460EE001F056FB401B022809D9A06AA1
:1003700040F01000A062E06A40F00100E06201205D
:1003800070BD2068806800F001000028EAD10020DC
:10039000F6E700BFFEE7CA78026002681202026058
:1003A0008B7802681A4402600268120202604B787D
:1003B00002681A4402600268120202600B78026846
:1003C0001A4402607047000030B50346042B15D074
:1003D00007DC7BB1012B0ED0022B0DD0032B30D1CB
:1003E0000BE0202B0BD0212B18D0222B22D0232B3B
:1003F00027D125E026E025E024E023E022E00020CC
:1004000003E00C5C114D2C54401C0728F9DB002044
:100410000F4C207001200F4C207013E0002003E0EF
:100420000A4C245C0C54401C0728F9DB0020084CC3
:10043000207007E006480078401C054C207001E061
:1004400000E000BF00BF002030BD000040010020E0
:10045000080000200900002000207047002003E071
:100460000021064A1154401CB0F5167FF8D3002035
:10047000034908800349088070470000680700208E
:100480000C0000200E00002010B500220449054891
:100490000AF0F7FA044903480AF0ECFA002010BD0C
:1004A000381800208C0F0020501400202DE9F04156
:1004B00005460E46144930680860294613480AF07C
:1004C000D9FA377812480488002113E0685C114A91
:1004D0001055601C80B24FF4167290FBF2F302FBD1
:1004E000130084B20C480088844202D10220BDE887
:1004F000F081491CB942E9D30548048003480AF059
:1005000095FA0020F3E70000180000208C0F00206F
:100510000C000020680700200E0000202DE9F041AB
:1005200004460D4600260A48D0F8B872D7F81402DF
:1005300010B10120BDE8F0812A46214604480AF0A6
:10054000A0FA03480AF021FB06463046F2E7000015
:100550008C0F00207047000010B50020044908608F
:100560000449086009F0ECFC03A00EF03BFF10BD4D
:1005700000000020040000207B224D656D223A7BA4
:1005800022537461747573223A307D7D0A00000035
:100590000146002048608860C8618861086248732D
:1005A0000873086108754875002207E0002301F10F
:1005B0002400835410308354501CC2B2102AF5DB3F
:1005C000002203E000208854501CC2B2042AF9DB48
:1005D0000020704772B601E001F0B6FEFCE70000B3
:1005E0000021074AD1610749096941F00401054A20
:1005F00011611146096941F0400111617047000025
:1006000030210020002002400021074AD161074923
:10061000096941F00201054A116111464861096901
:1006200041F040011161704730210020002002405C
:100630000022054BDA61054A126942F00102034BC0
:100640001A61018070470000302100200020024024
:1006500000201E49C96801F0100139B11C49C9695F
:1006600041F002011A4AD16140F010001749C968EF
:1006700001F0040139B11649C96941F00101144A78
:10068000D16140F004001149C96901F0010169B16B
:100690000F49C96941F004010D4AD16100BF0B49FE
:1006A000C96921F00101094AD16100BF00BF40F2D0
:1006B0000111884206D10549C96921F00101034AA7
:1006C000D16101E00149C86000BF704700200240CD
:1006D0003021002010B509F0CBF8002009F0E6F831
:1006E000642000F009FF10BD70B5044601F092F9D6
:1006F000054609E0601C38B124B101F08BF9401BBC
:10070000A04201D9032070BD1248C06800F001006A
:100710000028EFD10F48C06800F0200020B100BFD2
:1007200020200C49C86000BF0A48C06800F01000D3
:1007300048B90848C06900F0010020B90548C06800
:1007400000F0040018B1FFF783FF0120DBE7002071
:10075000D9E700000020024070B59AB0094804684B
:100760000848103005680748203006682B462246A6
:1007700005A101A800960CF07DFF01A80EF032FE45
:100780001AB070BDE8F7FF1F7B2243505549442241
:100790003A7B225831223A25382E38582C225832AA
:1007A000223A25382E38582C225833223A25382E12
:1007B00038587D7D0A0000002DE9F04F8BB00646C9
:1007C0004FF0000B00203060DD480078012811D088
:1007D000022802D0032827D119E00520D949087042
:1007E0001520D94908703720D84908702020D849E9
:1007F000087026E00420D34908701020D249087000
:100800003920D24908700020D149087019E005202C
:10081000CC4908701520CC4908703720CB490870A6
:100820004020CB4908700CE00520C6490870142010
:10083000C54908703720C54908700020C4490870B0
:1008400000BF00BF09A804F0FFFE38B109A804F0FA
:10085000FBFE18B101200BB0BDE8F08F002405E0CD
:1008600009A8005DBB490855601CC4B2042CF7DB25
:100870001021002004F0EEFD08B10120EBE701A9F2
:10088000012004F079FE08B10120E4E79DF805009D
:10089000B049886008468068000288600846806821
:1008A0009DF804100844AB4988609DF80900486031
:1008B0000846406800024860084640689DF80810F5
:1008C0000844A44948600846406800024860084659
:1008D00040689DF8071008449E49486008464068F3
:1008E00000024860084640689DF80610084499498F
:1008F00048600846008900F40040B0F5004F12D16E
:1009000008460089C0F30E0088600846806846F6F5
:10091000292148408F498860084640684BF2A6214B
:1009200048408C4948608B4840688B49086087483C
:1009300001788448007804F08DFD08B10A208AE728
:1009400001A98148007804F017FE08B1142082E75D
:10095000002406E001A8015D7E4824300155601C9A
:10096000C4B2102CF6DB4FF0010A00240BE001A802
:10097000015D01AA04F10800105C814201D04FF032
:10098000000A601CC4B2042CF1DB00240BE001A9B6
:10099000201D085C095D81F0FF01884201D04FF005
:1009A000000A601CC4B2042CF1DB9DF8100050B9A1
:1009B0009DF81100FF2806D19DF8120018B99DF886
:1009C0001300FF2801D04FF0000ABAF1000F3AD00F
:1009D0009DF807005F49C8610846C0690002C86108
:1009E0000846C0699DF8061008445A49C86108467F
:1009F000C0690002C8610846C0699DF80510084436
:100A00005449C8610846C0690002C8610846C06907
:100A10009DF8041008444F49C8611421062004F0D1
:100A200019FD08B10C2016E76946182004F0B0FD46
:100A300008B10D200FE74749009808730846C069C0
:100A40003060002007E74FF04B08002406E04148E3
:100A50002430005D80EA0808601CC4B20F2CF6DB6D
:100A60003C4890F83300404501D00320F3E6394874
:100A700090F827003749C8610846C0690002C8617C
:100A80000846C16990F8260008443249C861084602
:100A9000C0690002C8610846C16990F82500084491
:100AA0002C49C8610846C0690002C8610846C0698F
:100AB00091F8241008442749C861084690F82D7021
:100AC0003F0290F82C000744084690F82B502D0266
:100AD00090F82A0005442D02084690F829000544A4
:100AE0002D02084690F828000544084690F82E90FC
:100AF000B9F1010F03D0B9F1020F12D108E005EBF3
:100B0000070B1448C069584501D00520A3E60AE048
:100B1000A5EB070B0F48C069584501D006209AE69F
:100B200001E0072097E600BF0A4890F82F0000F088
:100B30001F00084908730846C069306000208AE633
:100B4000A10200209D0200209E0200209F020020A2
:100B5000A0020020D0210020A40200202DE9F04FA7
:100B60008DB007468946002500203860C9F800008E
:100B7000FB480078012811D0022802D0032827D191
:100B800019E00520F74908701520F749087037204B
:100B9000F64908702020F649087026E00420F14943
:100BA00008701020F04908703920F04908700020C2
:100BB000EF49087019E00520EA4908701520EA4954
:100BC00008703720E94908704020E94908700CE0B6
:100BD0000520E44908701420E34908703720E349F0
:100BE00008700020E249087000BF00BF0BA804F0A5
:100BF0002BFD38B10BA804F027FD18B101200DB072
:100C0000BDE8F08F002405E00BA8005DD949085528
:100C1000601CC4B2042CF7DB1021002004F01AFC85
:100C200008B10120EBE703A9012004F0A5FC08B1FD
:100C30000120E4E79DF80D00CE49886008468068F1
:100C400000028860084680689DF80C100844C94975
:100C500088609DF8110048600846406800024860BE
:100C6000084640689DF810100844C249486008468C
:100C7000406800024860084640689DF80F1008442C
:100C8000BC49486008464068000248600846406821
:100C90009DF80E100844B74948600846008900F4E2
:100CA0000040B0F5004F12D108460089C0F30E0095
:100CB00088600846806846F629214840AD4988602A
:100CC000084640684BF2A6214840AA494860A94816
:100CD0004068A9490860A5480178A248007804F056
:100CE000B9FB08B10A208AE79D480078012835D170
:100CF00003A9122004F040FC08B114207FE79DF8FE
:100D00001000AB2812D19DF81100CD280ED19DF80E
:100D10000F502D029DF80E0005442D029DF80D0088
:100D200005442D029DF80C00054400E000259DF8C7
:100D30000C00FF280CD19DF80D00FF2808D19DF86C
:100D40000E00FF2804D19DF80F00FF2800D10025D8
:100D50008A48854200D10025C9F8005003A982487D
:100D6000007804F009FC08B1142048E7002406E0EC
:100D700003A8015D7F4824300155601CC4B2102CCB
:100D8000F6DB0120029000240BE003A8015D03AA1A
:100D900004F10800105C814201D000200290601C28
:100DA000C4B2042CF1DB00240BE003A9201D085C75
:100DB000095D81F0FF01884201D000200290601C93
:100DC000C4B2042CF1DB9DF8180050B99DF819004D
:100DD000FF2806D19DF81A0018B99DF81B00FF28BE
:100DE00001D000200290029890B39DF80F00614955
:100DF000C8610846C0690002C8610846C0699DF81C
:100E00000E1008445B49C8610846C0690002C86109
:100E10000846C0699DF80D1008445649C861084647
:100E2000C0690002C8610846C0699DF80C100844FA
:100E30005049C8611421062004F00CFB08B10C20B5
:100E4000DDE601A9182004F0A3FB10B10D20D6E6C1
:100E500007E04849019808730846C06938600020D7
:100E6000CDE64FF04B0A002406E042482430005DF6
:100E700080EA0A0A601CC4B20F2CF6DB3D4890F8E9
:100E80003300504501D00320B9E63A4890F82700D6
:100E90003849C8610846C0690002C8610846C1698E
:100EA00090F8260008443349C8610846C06900022A
:100EB000C8610846C16990F8250008442D49C861F9
:100EC0000846C0690002C8610846C06991F824104C
:100ED00008442849C861084690F82D804FEA082840
:100EE00090F82C008044084690F82B60360290F869
:100EF0002A0006443602084690F8290006443602C5
:100F0000084690F828000644084690F82EB0BBF139
:100F1000010F03D0BBF1020F12D108E006EB080568
:100F20001448C069A84201D0052068E60AE0A6EB93
:100F300008051048C069A84201D006205FE601E01C
:100F400007205CE600BF0B4890F82F0000F01F0060
:100F5000084908730846C069386000204FE6000061
:100F6000A10200209D0200209E0200209F0200207E
:100F7000A0020020D0210020A402002017FCFF00C6
:100F800001460E2924D2DFE801F007090B0D0F11ED
:100F9000131517191B1D1F21192070471A20FCE774
:100FA0001C20FAE71D20F8E71E20F6E72020F4E7D2
:100FB0002120F2E72220F0E72420EEE72520ECE7CD
:100FC0002620EAE72820E8E72920E6E72A20E4E7C8
:100FD0000020E2E72DE9F0410546002600F01AFD69
:100FE0000746052000F088FA28480078022812D128
:100FF0002648407854280ED12448807848280AD1C1
:101000002248C078452806D100211E2008F0FAFFAA
:101010006420BDE8F0811E48008808280CD01B48D9
:101020000078022806D11A480088401E1749085C3B
:10103000032801D00320ECE70026012403E0134835
:10104000005D4640641C12480088801EA042F6D80D
:101050000F480088801E0D49085CB04201D0042072
:10106000D7E70A48C178007901EB0020A84201D0F7
:101070000620CEE706480088072805D100211E205B
:1010800008F0C0FF6420C4E70020C2E76807002022
:101090000C00002070B50A480468001D0568001D9A
:1010A0000668344454B108220649204604F0F5FE8F
:1010B000042204491031284604F0EFFE70BD000000
:1010C000E8F7FF1F2601002078B502460023002024
:1010D000009000BF92F82400012801D1022078BDC1
:1010E000012082F8240000BF486807281DD210683C
:1010F000446B0879401E4FF4787595FAA5F5B5FA5A
:1011000085F568431F25854024EA05000C79641E97
:101110004FF4787696FAA6F6B6FA86F674430D681A
:10112000A5402843146860633DE048680D281DD23F
:101130001068046B0879C01F4FF4787595FAA5F50F
:10114000B5FA85F568431F25854024EA05000C792A
:10115000E41F4FF4787696FAA6F6B6FA86F674434C
:101160000D68A5402843146820631CE01068C46A19
:1011700008790D384FF4787595FAA5F5B5FA85F527
:1011800068431F25854024EA05000C790D3C4FF487
:10119000787696FAA6F6B6FA86F674430D68A540F8
:1011A00028431468E06208680A281BD31068C468E2
:1011B00008780A38382595FAA5F5B5FA85F5684313
:1011C0000725854024EA05000C780A3C382696FA63
:1011D000A6F6B6FA86F674438D68A54028431468CF
:1011E000E06017E0106800690C78382595FAA5F5DD
:1011F000B5FA85F56C430725A540A8430D78382638
:1012000096FAA6F6B6FA86F675438C68AC4020438B
:10121000146820610868102802D00868112827D1B6
:10122000174C1068A0421ED11068806800F40000BE
:10123000F0B91068806840F400001468A060086885
:10124000102815D10F4800680F4CB0FBF4F000EBEC
:1012500080004000009002E00098401E009000983E
:101260000028F9D104E0906A40F020009062012348
:1012700000BF002082F8240000BF18462FE70000BE
:10128000002401407401002040420F002DE9F0418C
:101290000446002700250026A84614B90120BDE811
:1012A000F081A06810B1606900B100BFA06A30B9D8
:1012B0000020E06284F82400204600F099F82046DF
:1012C000FFF73EF80746A06A00F01000002876D12C
:1012D000002FFCD1A06A20F4885040F00200A062E8
:1012E000E16960680843022292FAA2F2B2FA82F23D
:1012F000E168914008430643A068B0F5807F02D0C2
:10130000A068012802D14FF4807000E0002005435E
:101310006069012816D1E06860B9A069401E4FF4E9
:10132000604191FAA1F1B1FA81F1884040F4006086
:10133000054307E0A06A40F02000A062E06A40F0A8
:101340000100E0622068406820F469402843216879
:1013500048602068806824490840304321688860DC
:10136000A068B0F5807F02D0A068012802D14FF4B8
:10137000807000E00020B0F5807F09D12069401E18
:101380004FF4700191FAA1F1B1FA81F100FA01F87C
:101390002068C06A20F4700040EA08002168C86232
:1013A0002068806811490840B04209D10020E062FD
:1013B000A06A20F0020040F00100A06211E00BE002
:1013C000A06A20F0020040F01000A062E06A40F045
:1013D0000100E062012704E0A06A40F01000A06272
:1013E000012738465BE70000FDF7E1FFFE0E1FFF17
:1013F00070470146002291F82100022808D00420FD
:10140000886300BF002081F8200000BF01207047E2
:101410000868006820F00E000B6818600868006813
:1014200020F001000B68186091F8403001209840CE
:10143000CB6B5860012081F8210000BF002081F8AB
:10144000200000BF1046E2E770B50446002594F87E
:101450002100022803D00420A063012548E0206871
:10146000006820F00E00216808602068006820F005
:101470000100216808601F492068884201D10120CD
:1014800026E01C4914312068884201D110201FE059
:10149000184928312068884201D1801518E0154983
:1014A0003C312068884201D1801411E0114950314B
:1014B0002068884202D14FF4803009E00D49643140
:1014C0002068884202D14FF4801001E04FF0807014
:1014D000084908394860012084F8210000BF002035
:1014E00084F8200000BF606B10B12046616B884714
:1014F000284670BD0800024070B5044600F08AFA24
:1015000006462546681C10B104480078054400BF13
:1015100000F080FA801BA842FAD370BD6001002061
:101520002DE9F04104460E460127002500BF26485C
:10153000007E012802D10220BDE8F081012022496D
:10154000087600BF2068022813D14CF25030FFF714
:10155000CBF890BB0120FFF743F84CF25030FFF777
:10156000C3F807461948006920F0040017490861CC
:1015700023E04CF25030FFF7B7F8F0B94FF0FF30EE
:101580003060A56812E02846FFF73EF84CF2503074
:10159000FFF7AAF807460D48006920F002000B4942
:1015A00008610FB1356007E005F58065D4E90210E8
:1015B00001EB8020A842E6D800BF00BF002002490E
:1015C000087600BF3846B7E73021002000200240EF
:1015D0000348006940F0800001490861002070471D
:1015E000002002402DE9FE4F05468B4617469846DF
:1015F000012600240020029000BF2448007E01281C
:1016000002D10220BDE8FE8F01202049087600BFEC
:101610004CF25030FFF768F8064686BB012D02D128
:101620000120029006E0022D02D10220029001E08A
:101630000420029000241EE02201B946C24648461A
:101640005146FEF771FD80B20190022000FB04B00C
:1016500000900199FEF7ECFF4CF25030FFF744F890
:1016600006460B48006920F001000949086106B1EF
:1016700004E0601CC4B202988442DDDB00BF00BFFE
:1016800000200249087600BF3046BBE73021002029
:101690000020024000200849096901F0800151B191
:1016A0000649054A5160064951601146096901F031
:1016B000800101B1012070470020024023016745ED
:1016C000AB89EFCD2DE9F8470346002294466EE141
:1016D0004FF0010808FA02F4D1F8008008EA04008B
:1016E000A0427DD1DFF8DCA2D1F80480A8EB0A0982
:1016F000D0453AD014DCB8F1030F50D009DCB8F172
:10170000000F31D0B8F1010F1CD0B8F1020F49D150
:1017100020E0B8F1110F18D0B8F1120F42D11EE03D
:10172000B9F5881F25D006DCB9F5803F20D0B9F582
:10173000801F37D11AE0B9F5001F18D0B9F5041F82
:1017400030D117E0D1F80CC02DE0D1F80C8008F1B1
:10175000040C28E0D1F80C8008F1080C23E0D1F843
:101760000C8008F10C0C1EE000BF00BF00BF00BFE2
:1017700000BF00BFD1F80880B8F1000F02D14FF0D0
:10178000040C0BE0D1F80880B8F1010F03D14FF041
:10179000080C1C6102E04FF0080C5C6103E04FF0A4
:1017A000000C00E000BF00BFFF2801D8984601E010
:1017B00003F104084646FF2802D84FEA820803E0F6
:1017C000A2F108084FEA88084746D6F800804FF093
:1017D0000F0909FA07F928EA09080CFA07F900E0E5
:1017E00088E048EA0908C6F80080D1F8048008F0CB
:1017F0008058B8F1805F7DD100BFDFF8CC81D8F888
:10180000188048F00108DFF8C091C9F81880C84670
:10181000D8F8188008F00108CDF8008000BF00BF9C
:101820004FEAB9384FEA920958F829504FEA8278BE
:101830004FEA18794FF00F0808FA09F825EA080569
:10184000DFF88881434502D14FF0000816E0DFF849
:101850008081434502D14FF001080FE0DFF8748129
:10186000434502D14FF0020808E0DFF86C814345A0
:1018700002D14FF0030801E04FF004084FEA8279EB
:101880004FEA197908FA09F848EA0505DFF84C81AA
:101890004FEA920948F82950D1F8048008F48038BA
:1018A000B8F5803F0AD1DFF83881D8F8008048EADF
:1018B0000008DFF82C91C9F8008009E0DFF82081EA
:1018C000D8F8008028EA0008DFF81491C9F80080F1
:1018D000D1F8048008F40038B8F5003F10D1DFF8E3
:1018E000008108F10408D8F8008048EA0008DFF811
:1018F000F09000E05AE009F10409C9F800800DE019
:10190000DFF8DC8008F10408D8F8008028EA000835
:10191000DFF8CC9009F10409C9F80080D1F80480FF
:1019200008F48018B8F5801F0ED1DFF8B48008F1F4
:101930000808D8F8008048EA0008DFF8A49009F108
:101940000809C9F800800DE0DFF8948008F1080864
:10195000D8F8008028EA0008DFF8849009F1080927
:10196000C9F80080D1F8048008F40018B8F5001F09
:101970000ED1DFF86C8008F10C08D8F8008048EA36
:101980000008DFF85C9009F10C09C9F800800DE04F
:10199000DFF84C8008F10C08D8F8008028EA00082D
:1019A000DFF83C9009F10C09C9F80080521CD1F80D
:1019B000008028FA02F8B8F1000F7FF489AEBDE884
:1019C000F8870000000011100010024000080140DC
:1019D000000C0140001001400014014008000140CB
:1019E00000040140024693680B400BB1012000E067
:1019F0000020704710B5C26821EA020302EA010420
:101A000043EA0443036110BD0AB1016101E00B0424
:101A100003617047014800687047000058010020CA
:101A200070B504460CB9012070BD94F83D0028B98A
:101A3000002084F83C00204600F03EFB242084F87F
:101A40003D002068006820F00100216808602068DF
:101A5000006840F40040216808602068006820F4B5
:101A600000402168086001F09FFD05465C49606800
:101A7000884206D85B48854201D2012007E0002059
:101A800005E05948854201D2012000E000200128EC
:101A900000D1C9E75548B5FBF0F62068406820F052
:101AA0003F003043216848604D496068884201D852
:101AB000701C07E04FF4967070434FF47A71B0FBDE
:101AC000F1F0401C2168096A21F03F0108432168B8
:101AD000086243496068884214D8681E61684900FA
:101AE000B0FBF1F0401CC0F30B00042801D204202D
:101AF0003DE0681E61684900B0FBF1F0401CC0F396
:101B00000B0034E0A06838B9681E616801EB410140
:101B1000B0FBF1F0401C0AE0681E616801EBC102F5
:101B200002EB0111B0FBF1F0401C40F48040C0F327
:101B30000B0008B901201AE0A06848B9681E616866
:101B400001EB4101B0FBF1F0401CC0F30B000CE0D5
:101B5000681E616801EBC10202EB0111B0FBF1F0FC
:101B6000401CC0F30B0040F4804040F4004021686A
:101B7000C9694CF6FF72914308432168C861D4E9F2
:101B8000070108432168096821F0C0010843216862
:101B90000860D4E9031008432168896848F2FF32DD
:101BA0009143084321688860D4E90501084321680E
:101BB000C96821F0FF0108432168C86020680068F7
:101BC00040F001002168086000202064202084F893
:101BD0003D000020206384F83E0000BF24E70000A1
:101BE000A086010080841E0000093D0040420F00D5
:101BF0002DE9FC4704468946174698460A9E002070
:101C00000190FFF707FF054694F83D0020286FD1AB
:101C100019230122C8492046009503F003FB10B1A7
:101C20000220BDE8FC8700BF94F83C00012801D1E8
:101C30000220F6E7012084F83C0000BF206800681D
:101C400000F0010028B92068006840F00100216818
:101C500008602068006820F4006021680860222085
:101C600084F83D00102084F83E0000202064676264
:101C7000A4F82A80608D2085B048E0622B46324669
:101C80004946204603F0A4F908B10120C9E7208D98
:101C900088B900BF0020009020684069009020684B
:101CA0008069009000BF00BF2068006840F40070A9
:101CB000216808604BE0208D01281AD12068006857
:101CC00020F480602168086072B600BF0020009098
:101CD00020684069009020688069009000BF00BFC4
:101CE0002068006840F400702168086062B62EE049
:101CF00020E1208D022819D12068006840F400609E
:101D00002168086072B600BF00200090206840691A
:101D1000009020688069009000BF00BF20680068C4
:101D200020F480602168086062B610E020680068D6
:101D300040F480602168086000BF002000902068A7
:101D40004069009020688069009000BF00BFE2E019
:101D5000208D03287ED8208D012815D12A463146B2
:101D6000204603F009FB08B101205AE7206800690A
:101D7000616A0870606A401C6062208D401E208588
:101D8000608D401E6085C6E0208D02282CD1334630
:101D900000226B492046009503F044FA08B1012067
:101DA0003FE772B62068006840F400702168086060
:101DB00020680069616A0870606A401C6062208D5A
:101DC000401E2085608D401E608562B620680069D7
:101DD000616A0870606A401C6062208D401E208528
:101DE000608D401E608596E03346002254492046AF
:101DF000009503F017FA08B1012012E72068006887
:101E000020F480602168086072B620680069616A09
:101E10000870606A401C6062208D401E2085608DC5
:101E2000401E6085474800681921B0FBF1F04FF46F
:101E30007A71B0FBF1F0C0EBC00000EB80000190C4
:101E400000BF0198401E01900198A8B900202063AE
:101E5000202000E038E084F83D00002084F83E00B7
:101E6000206C40F02000206462B600BF002084F89F
:101E70003C0000BF0120D4E620684069C0F3800028
:101E80000028DED02068006840F4007021680860F7
:101E900020680069616A0870606A401C6062208D79
:101EA000401E2085608D401E608562B620680069F6
:101EB000616A0870606A401C6062208D401E208547
:101EC000608D401E608526E02A463146204603F09C
:101ED00053FA08B10120A4E620680069616A08701D
:101EE000606A401C6062208D401E2085608D401E0F
:101EF000608520684069C0F3800060B12068006997
:101F0000616A0870606A401C6062208D401E2085F6
:101F1000608D401E6085208D00287FF419AF202041
:101F200084F83D00002084F83E0000BF84F83C00A7
:101F300000BF76E6022074E6020010000000FFFFFA
:101F400004000100740100202DE9F843044689468D
:101F500016461F46DDF82080FFF75CFD054694F825
:101F60003D0020287ED119230122514920460095A9
:101F700003F058F910B10220BDE8F88300BF94F8CF
:101F80003C00012801D10220F6E7012084F83C0042
:101F900000BF2068006800F0010028B920680068D0
:101FA00040F00100216808602068006820F40060AB
:101FB00021680860212084F83D00102084F83E004C
:101FC0000020206466626785608D20853948E06264
:101FD0002B4642464946204603F096F808B10120B8
:101FE000CAE700BF00200090206840690090206888
:101FF0008069009000BF00BF44E02A464146204669
:1020000003F0FAF950B1206C042805D1206800686B
:1020100040F40070216808600120ADE7606A007834
:1020200021680861606A401C6062608D401E6085A6
:10203000208D401E208520684069C0F3800070B16B
:10204000208D60B1606A007821680861606A401C78
:102050006062608D401E6085208D401E20852A466E
:10206000414600E022E0204603F0AEF850B1206C7B
:10207000042805D12068006840F4007021680860D9
:10208000012079E7208D0028B7D12068006840F44E
:10209000007021680860202084F83D00002084F84A
:1020A0003E0000BF84F83C0000BF65E7022063E704
:1020B000020010000000FFFF10B586B004460020AB
:1020C00002900390049005901A49206888422FD10D
:1020D00000BF1948806940F0080017498861084628
:1020E000806900F00800019000BF00BF4FF440700D
:1020F0000290122003900320059002A90F48FFF7D9
:10210000E1FA00BF0E49486840F0E06040F002008C
:10211000486000BF00BF0848C06940F4001006498D
:10212000C8610846C06900F40010019000BF00BFFC
:1021300006B010BD0054004000100240000C0140E9
:102140000000014070B504460CB9012070BD4CF68A
:10215000CC402168086045F2555021680860D4E9F8
:10216000001048602168A0688860FFF753FC0546AE
:102170000BE0FFF74FFC401B272806D92068C068FA
:1021800000F0030008B10320E0E72068C06800F019
:1021900003000028EDD14AF6AA202168086000203B
:1021A000D4E700000348006803490978084401495E
:1021B00008607047580100206001002010B50848F1
:1021C000006840F0100006490860032000F0A8F8FD
:1021D000002000F007F800F02BF8002010BD0000F0
:1021E0000020024070B504460E4800784FF47A7122
:1021F000B1FBF0F00C490968B1FBF0F5284602F09C
:1022000099F908B1012070BD102C07D20022214697
:10221000501E00F047F80548046001E00120F2E795
:102220000020F0E760010020740100205C01002024
:1022300008B500BF1148806940F001000F4988616E
:102240000846806900F00100009000BF00BF00BF99
:102250000846C06940F08050C8610846C06900F077
:102260008050009000BF00BF00BF0549486820F0C3
:10227000E06040F00070486000BF08BD0010024000
:102280000000014001460846002809DB00F01F035A
:1022900001229A4043099B0003F1E023C3F8002187
:1022A00000BF70472DE9F05F80460D4616460027B7
:1022B0000BF0F4F9074639462A46334601F0070089
:1022C000C0F1070ABAF1040F02D94FF0040A01E085
:1022D000C0F1070AD14600F1040ABAF1070F02D291
:1022E0004FF0000A01E0A0F1030AD4464FF0010AC2
:1022F0000AFA09FAAAF1010A0AEA020A0AFA0CFA27
:102300004FF0010B0BFA0CFBABF1010B0BEA030BCB
:102310004AEA0B04214640460BF0C8F9BDE8F09F9D
:1023200000BF00F00702064B19684FF6FF03194083
:10233000044B0B4343EA0221014B196000BF704775
:102340000CED00E00000FA0500BF00BF00BF00BFB9
:1023500000BFBFF34F8F00BF00BF00BF0948006838
:1023600000F4E06008490843001D0649086000BF0A
:1023700000BF00BFBFF34F8F00BF00BF00BF00BF53
:1023800000BFFDE70CED00E00000FA0570B5054662
:102390000C4604F08000802808D104F0070000EB10
:1023A000800605F1280000EBC60105E004EB840679
:1023B00005F5B47000EBC6011AB900200873CB8094
:1023C00004E0012008730B81180C4881002070BDC7
:1023D000704770B504460D4605EB850304F12801EE
:1023E00001EBC3014A692946D4F8E80208F0D4FE9B
:1023F00070BD70B504460D4605EB850304F5B47158
:1024000001EBC3014A692946D4F8E80208F044FF09
:1024100070BD70B504460E4606F0800080280AD1D3
:1024200006F0070000EB800104F1280000EBC10575
:102430000120687009E006F0070000EB800104F558
:10244000B47000EBC1050020687006F0070028702A
:1024500000BF94F8A802012801D1022070BD01201C
:1024600084F8A80200BF2946206809F09DFD00BF3E
:10247000002084F8A80200BF00BFEFE770B5044653
:102480000E4606F00F006168884201D9012070BD38
:1024900006F0800080280AD106F0070000EB8001DA
:1024A00004F1280000EBC1050120687009E006F086
:1024B000070000EB800104F5B47000EBC1050020BB
:1024C00068700020A87006F00700287000BF94F81C
:1024D000A802012801D10220D9E7012084F8A8022E
:1024E00000BF2946206809F0BBFE00BF002084F829
:1024F000A80200BF00BFCAE72DE9F04105460C461F
:10250000174607F48040002850D02868B0F85010D3
:10251000207801EBC000801C296801F5806131F84A
:102520001000C0F30906A069B04203D3A069801B64
:10253000A06101E00020A061A069A8B900BF2278D5
:102540005200296831F812104BF68F7201EA02002E
:1025500080F4005040F4004141F0800123785B009A
:102560002A6822F8131000BF07F04000A8B100BF8E
:1025700000BF22785200296831F8121048F68F7295
:1025800001EA020040F4004141F0C00123785B0001
:102590002A6822F8131000BF00BF002E55D02289F0
:1025A0006169334628680AF0D1FC4EE02868B0F82B
:1025B0005010207801EBC000801D296801F5806172
:1025C00031F81000C0F30906A069B04203D3A06936
:1025D000801BA06101E00020A061A069A8B900BF34
:1025E00022785200296831F812104BF68F7201EAF6
:1025F000020080F4005040F4004141F08001237853
:102600005B002A6822F8131000BF07F04000A8B949
:1026100000BF00BF22785200296831F8121048F636
:102620008F7201EA020040F4004141F0C0012378BA
:102630005B002A6822F8131000BF00BF2EB1628928
:102640006169334628680AF081FC3046BDE8F081B4
:102650002DE9F04705460C46904608F0400000285A
:1026600071D02868B0F85010207801EBC000801CB1
:10267000296801F5806131F81000C0F30907A069ED
:10268000B84203D9A069C01BA06101E00020A0618D
:10269000A06900287ED100BF6078C8B900BF296852
:1026A0002A68B2F8502011442278022303EBC202B8
:1026B00001F5806303EB420000BF028848F2FF335C
:1026C0001A400280028842F40042028000BF13E0F8
:1026D0006078012810D100BF28682A68B2F850201D
:1026E00010442278022303EBC20200F5806303EB5F
:1026F000420100220A8000BF00BF00BF2968607845
:1027000010BB00BF2B68D5F800C0BCF850C06344B4
:1027100094F800C04FF0060909EBCC0C03F5806972
:1027200009EB4C0000BFB0F800C048F2FF390CEADA
:10273000090CA0F800C0B0F800C04CF4004CA0F8A0
:1027400000C000BF11E0C0E0607801280DD128680A
:10275000B0F8500001442078062303EBC00001F5D7
:10276000806303EB40020020108000BF21782846E0
:10277000FFF72FFE08F48040002816D000BF00BFEE
:1027800022785200296831F8121048F68F7201EA57
:10279000020000E00AE040F4004141F48141237866
:1027A0005B002A6822F8131000BFCAE108F48040D9
:1027B000A8B100BF00BF22785200296831F812107A
:1027C00048F68F7201EA020040F4004141F4814270
:1027D00023785B00296821F8132000BF00BF94F81C
:1027E00024000128E1D1606938446061E06938441F
:1027F000E0612169206A884204D32669206A801B2F
:1028000020620BE0206A20B93E46002084F82400B4
:1028100004E0002084F82400266A206200BF60786B
:10282000B8BB00BF2A682968B1F850100A44217863
:10283000022303EBC10102F5806303EB410108466B
:1028400000BF56B9038848F2FF3C03EA0C0303803B
:10285000038843F40043038019E03E2E0BD800BFE9
:10286000710806F0010303B1491C4FF6FF7303EA38
:10287000812303800BE000BF710906F01F0303B939
:10288000491E4FF4004343EA8123038000BF00BF89
:1028900013E0FFE7607801280FD100BF28682A689D
:1028A000B2F8502010442278022303EBC20200F554
:1028B000806303EB42010E8000BF00BFB3B22289E8
:1028C000616928680AF071FB3BE12868B0F8501094
:1028D000207801EBC000801D296801F5806131F886
:1028E0001000C0F30907A069B84203D3A069C01B58
:1028F000A06101E00020A061A06900287DD100BF97
:102900006078C8B900BF29682A68B2F8502011441D
:102910002278022303EBC20201F5806303EB42003D
:1029200000BF028848F2FF331A400280028842F456
:102930000042028000BF13E06078012810D100BF80
:1029400028682A68B2F8502010442278022303EB4A
:10295000C20200F5806303EB420100220A8000BF3F
:1029600000BF00BF2968607808BB00BF2B68D5F89E
:1029700000C0BCF850C0634494F800C04FF0060992
:1029800009EBCC0C03F5806909EB4C0000BFB0F8F3
:1029900000C048F2FF390CEA090CA0F800C0B0F8FA
:1029A00000C04CF4004CA0F800C000BF10E06078FC
:1029B00001280DD12868B0F8500001442078062382
:1029C00003EBC00001F5806303EB400200201080A0
:1029D00000BF21782846FFF7FCFC08F4804000285F
:1029E00016D100BF00BF22785200296831F81210BA
:1029F00048F68F7201EA020000E00AE040F400416C
:102A000041F4814123785B002A6822F8131000BF4B
:102A100097E008F48040A8B900BF00BF22785200B8
:102A2000296831F8121048F68F7201EA020040F46A
:102A3000004141F4814123785B002A6822F8131099
:102A400000BF00BF94F8240001287AD1606938449F
:102A50006061E0693844E0612169206A884204D3FA
:102A60002669206A801B20620BE0206A20B93E465E
:102A7000002084F8240004E0266A0020206284F804
:102A8000240000BF2A68607890BB00BFD5F800C062
:102A90002968B1F850108C4421784FF0060909EBF1
:102AA000C1010CF5806909EB4101084600BF76B908
:102AB000B0F8009048F2FF3A09EA0A09A0F800903D
:102AC000B0F8009049F40049A0F8009020E03E2EB4
:102AD0000FD800BF710806F00109B9F1000F00D04E
:102AE000491C4FF6FF7909EA8129A0F800900FE010
:102AF00010E000BF710906F01F09B9F1000F00D105
:102B0000491E4FF4004949EA8129A0F8009000BF0E
:102B100000BF0FE0607801280CD12868B0F85000A1
:102B200002442078062101EBC00002F5806101EB30
:102B300040031E8000BFB3B26289616928680AF051
:102B400034FA00BF22785200296831F8121048F692
:102B5000BF7201EA020080F0100080F0200040F413
:102B6000004141F0800123785B002A6822F81310AD
:102B700000BF0020BDE8F087024601F0070000EB2F
:102B8000800302F5B47000EBC300C06970472DE903
:102B9000F04705460E4690461F464FF0000906F0E6
:102BA000800080280AD106F0070000EB800105F1C3
:102BB000280000EBC1040120607009E006F0070066
:102BC00000EB800105F5B47000EBC10400206070DB
:102BD00006F007002070C4F81080E770607808B134
:102BE0002078E081022F01D10020207100BF95F8EC
:102BF000A802012802D10220BDE8F087012085F853
:102C0000A80200BF2146286808F0A4FF00BF0020EA
:102C100085F8A80200BF4846EEE72DE9F0410546D9
:102C20000E461746984606F0070000EB800105F5B2
:102C3000B47000EBC1046761C4F818800020E06143
:102C4000607006F00700207006F0070020B92146EA
:102C5000286809F0A0FB03E02146286809F09BFBE7
:102C60000020BDE8F08170B504460D4605F0070070
:102C70006168884201D9012070BD05F0800080287C
:102C80000AD105F0070000EB800104F1280000EBF9
:102C9000C1060120707007E005EB850104F5B470F2
:102CA00000EBC106002070700120B07005F0070035
:102CB000307000BF94F8A802012801D10220DBE7A0
:102CC000012084F8A80200BF3146206809F035FBD6
:102CD00005F0070020B904F52C71206809F0BDFA51
:102CE00000BF002084F8A80200BF00BFC4E72DE9A0
:102CF000F04105460E4690461F4606F0070000EBE1
:102D0000800105F1280000EBC104C4F81480A7611C
:102D1000012084F8240027620020E0610120607017
:102D200006F00700207006F0070020B92146286849
:102D300009F031FB03E02146286809F02CFB002054
:102D4000BDE8F0817FB5044620680AF0FBF800F486
:102D50000040B0F5004F02D1204604F083F820680F
:102D60000AF0F0F800F48060B0F5806F0FD12068B1
:102D7000B0F844004FF6FF3108402168A1F8440044
:102D8000204600F09FF90021204600F0BBF92068A2
:102D90000AF0D8F800F48040B0F5804F08D12068E0
:102DA000B0F844004BF6FF7108402168A1F84400D8
:102DB00020680AF0C7F800F40050B0F5005F08D1B1
:102DC0002068B0F844004DF6FF7108402168A1F872
:102DD000440020680AF0B6F800F48050B0F5805F37
:102DE0001DD12068B0F840004FF6FB710840216803
:102DF000A1F840002068B0F840004FF6F771084095
:102E00002168A1F84000204600F06EF92068B0F873
:102E100044004EF6FF7108402168A1F84400206884
:102E20000AF090F800F40060B0F5006F55D100256D
:102E300007E06900206830F811002DF81500681CC3
:102E4000C5B2082DF5D32068B0F8400040F001006D
:102E50002168A1F840002068B0F840004FF6FE71EC
:102E600008402168A1F8400000BF2068B0F8440085
:102E700000F480600028F8D02068B0F844004FF6D5
:102E8000FF3108402168A1F84400002507E03DF823
:102E900015006A00216821F81200681CC5B2082DCF
:102EA000F5D32068B0F8400040F008002168A1F890
:102EB00040002068B0F844004FF2FF7108402168DC
:102EC000A1F844002068B0F8400040F004002168F8
:102ED000A1F84000204600F057F920680AF032F8C7
:102EE00000F40070B0F5007F0BD12068B0F844000A
:102EF0004FF6FF5108402168A1F84400204600F039
:102F0000FAF820680AF01EF800F48070B0F5807FAF
:102F100008D12068B0F844004FF6FF6108402168EE
:102F2000A1F844007FBD30B585B0044614B9012036
:102F300005B030BD94F8A90228B9002084F8A80291
:102F4000204600F09DF8032084F8A902206809F0CB
:102F50007AF9142204F110016846FDF7F5F894E8B7
:102F60000F0009F01DF820B1022084F8A902012009
:102F7000DEE7002120680AF00EF8002531E001218B
:102F800005EB850204F1280000EBC200417005EB5F
:102F9000850104F1280000F8315005EB850100EBB4
:102FA000C100C581002105EB850204F1280000EB7A
:102FB000C200C17005EB850204F1280000EBC200DD
:102FC000016105EB850204F1280000EBC2004161BC
:102FD00005EB850204F1280000EBC2008161681C4A
:102FE000C5B26068A842CAD800252AE0002105EBD6
:102FF000850204F5B47000EBC200417005EB850159
:1030000004F5B47000F83150002105EB850200EBA7
:10301000C200C17005EB850204F5B47000EBC2007C
:10302000016105EB850204F5B47000EBC20041615B
:1030300005EB850204F5B47000EBC2008161681CE9
:10304000C5B26068A842D1D8142204F110016846C4
:10305000FDF77AF894E80F0009F0EAF820B10220B1
:1030600084F8A902012063E7002084F824000120ED
:1030700084F8A902206809F0D8F8002058E7000079
:1030800038B504460D492068884215D100BF0C4868
:10309000C06940F400000A49C8610846C06900F4EC
:1030A0000000009000BF00BF002211461420FFF76F
:1030B000F9F81420FFF7E6F838BD0000005C004086
:1030C0000010024070B504460125A068022801D016
:1030D000FDF780FA2946D4F8E80208F011FAD4F88E
:1030E000E80208F0C3F970BD10B50446D4F8E80250
:1030F00008F0EAF910BD10B50446D4F8E80208F06B
:10310000EEF910BD70B504460D4600BF94F8A80254
:10311000012801D1022070BD012084F8A80200BF5F
:1031200084F824502946206809F038FF00BF0020A9
:1031300084F8A80200BF00BFEDE710B5044604F50F
:103140002C71D4F8E80208F0F2F910BD10B504466D
:1031500000BF94F8A802012801D1022010BD01206F
:1031600084F8A80200BF206809F0DAFE0121204699
:10317000FFF72EF9206809F055F800BF002084F809
:10318000A80200BF00BFE9E710B50446D4F8E80282
:1031900008F026FAA06928B10348006840F006004C
:1031A0000149086010BD000010ED00E00120014958
:1031B0000862704700000E422DE9F04385B00646D4
:1031C0003BA30FCB01AC0FC43DA0006800904FF0B3
:1031D0000008002500270024A146012E30D0022E31
:1031E00055D0102E5ED137484468006800F08070DA
:1031F00000B301A8C4F38341475C04F4803070B18C
:1032000030484068C0F340401DF8008004F480302E
:1032100040B12D48B0FBF8F000FB07F502E02B4869
:1032200007FB00F52748406800F48000B0F5800FE8
:1032300001D1A94603E068000321B0FBF1F932E0B7
:103240002048046A04F44070B0F5807F05D104F092
:10325000020010B14FF4004918E004F44070B0F5DA
:10326000007F07D11748406A00F0020010B149F60C
:1032700040490BE004F44070B0F5407F06D111489E
:10328000006800F4003008B14FF224490BE000F070
:103290009BF90C494968C1F38131491C4900B0FBD5
:1032A000F1F900E000BF00BF484605B0BDE8F0837B
:1032B00002030405060708090A0B0C0D0E0F101077
:1032C000010200000010024000127A0000093D00D7
:1032D000F8B5044600260025207800F001000028FB
:1032E0006BD000274348C06900F0805070B900BF20
:1032F0004048C06940F080503E49C8610846C069F6
:1033000000F08050009000BF00BF01273A480068DD
:1033100000F48070B0B93848006840F480703649D5
:103320000860FEF777FB064606E0FEF773FB801B9E
:10333000642801D90320F8BD2F48006800F480708C
:103340000028F2D02B48006A00F440752DB3A08805
:1033500000F44070A84220D02648006A20F440754E
:10336000012026490860002008602248056205F017
:10337000010090B1FEF74EFB064608E0FEF74AFB5F
:10338000801B41F28831884201D90320D3E71948D4
:10339000006A00F002000028F0D01648006A20F40D
:1033A00040706168084313490862012F04D1084640
:1033B000C06920F08050C86100BF207800F0020092
:1033C000022807D10B48406820F44040A168084318
:1033D00008494860207800F01000102807D10548FF
:1033E000406820F48000E1680843024948600020FA
:1033F000A1E700000010024000700040400442427B
:103400007047000070B504460D460CB9012070BD30
:103410005A48006800F00700A8420ED257480068DA
:1034200020F007002843554908600846006800F06E
:103430000700A84201D00120E9E7207800F002004F
:1034400002281DD1207800F00400042805D14C4842
:10345000406840F4E0604A494860207800F0080085
:10346000082805D14648406840F460504449486007
:103470004348406820F0F000A16808434049486094
:10348000207800F0010078B36068012806D13C483C
:10349000006800F4003090B90120B8E760680228A5
:1034A00006D13748006800F0007040B90120AEE74F
:1034B0003348006800F0020008B90120A7E730484F
:1034C000406820F00300616808432D494860FEF71A
:1034D000A1FA064609E0FEF79DFA801B41F2883109
:1034E000884202D9032092E707E02548406800F0AF
:1034F0000C006168B0EB810FEDD12048006800F04E
:103500000700A8420ED91D48006820F00700284394
:103510001A4908600846006800F00700A84201D078
:10352000012074E7207800F00400042807D1144833
:10353000406820F4E060E168084311494860207861
:1035400000F00800082808D10D48406820F46050B9
:10355000216940EAC1000A49486000F045F808497D
:103560004968C1F30311074A515CC8400649086025
:1035700006480068FEF736FE002048E700200240BB
:103580000010024038030108740100205C01002093
:1035900001200149C86470470000424201480068A8
:1035A000704700007401002000B5FFF7F7FF0449E1
:1035B0004968C1F30221034A515CC84000BD0000C4
:1035C000001002404803010800B5FFF7E7FF044977
:1035D0004968C1F3C221034A515CC84000BD0000E4
:1035E0000010024048030108F0B585B00FF26C0CE2
:1035F0009CE8E01001A8A0E8E0101CA52D6800954B
:1036000000210022002300240020194D696801F0E8
:103610000C05F5B1042D02D0082D19D101E0154893
:1036200019E001ADC1F38346AC5D01F4803555B1BD
:103630000F4D6D68C5F340451DF805200D4D6543E0
:10364000B5FBF2F302E00C4D04FB05F3184602E073
:1036500000BF084800BF00BF05B0F0BD020304056D
:10366000060708090A0B0C0D0E0F101001020000CE
:103670000010024000127A0000093D0010B5064813
:10368000806800F08000802804D1FFF7B9FE802018
:103690000149887210BD000000100240F8B50446D0
:1036A0000CB90120F8BD207800F00100002878D086
:1036B000F848406800F00C0004280CD0F548406839
:1036C00000F00C00082811D1F248406800F4803066
:1036D000B0F5803F0AD1EF48006800F400300028C0
:1036E0005FD0606800285CD10120DBE700BF606824
:1036F000B0F5803F06D1E748006840F48030E549E6
:10370000086028E0606858B9E248006820F480301A
:10371000E04908600846006820F4802008601AE04C
:103720006068B0F5A02F0BD1DA48006840F4802023
:10373000D84908600846006840F4803008600AE014
:10374000D448006820F48030D249086008460068F8
:1037500020F48020086000BF606888B1FEF75AF945
:10376000054606E0FEF756F9401B642801D9032000
:1037700098E7C848006800F400300028F2D010E054
:10378000FEF748F9054606E0FEF744F9401B6428B9
:1037900001D9032086E7BF48006800F40030002804
:1037A000F2D1207800F00200022857D1B9484068D1
:1037B00000F00C0050B1B748406800F00C00082839
:1037C00018D1B448406800F4803098B9B148006816
:1037D00000F0020020B12069012801D0012061E73A
:1037E000AC48006820F0F800616940EAC100A949CE
:1037F000086033E02069E8B10120A7490860FEF7BE
:1038000009F9054606E0FEF705F9401B022801D933
:10381000032047E79F48006800F002000028F2D02C
:103820009C48006820F0F800616940EAC1009949AD
:10383000086013E0002098490860FEF7EBF80546A1
:1038400006E0FEF7E7F8401B022801D9032029E72C
:103850009048006800F002000028F2D1207800F0C3
:10386000080008282DD1A069B8B101208B49086053
:10387000FEF7D0F8054606E0FEF7CCF8401B02281C
:1038800001D903200EE78348406A00F002000028B7
:10389000F2D0012005F028FA13E000207F490860EB
:1038A000FEF7B8F8054606E0FEF7B4F8401B02281C
:1038B00001D90320F6E67748406A00F002000028AC
:1038C000F2D1207800F00400042873D10027714859
:1038D000C06900F0805070B900BF6E48C06940F008
:1038E00080506C49C8610846C06900F08050009063
:1038F00000BF00BF01276A48006800F48070B0B9BB
:103900006748006840F4807065490860FEF782F8F7
:10391000054606E0FEF77EF8401B642801D9032027
:10392000C0E65F48006800F480700028F2D000BF55
:10393000E068012806D15748006A40F00100554967
:10394000086227E0E06858B95248006A20F0010098
:10395000504908620846006A20F00400086219E035
:10396000E06805280BD14B48006A40F00400494943
:1039700008620846006A40F0010008620AE0454813
:10398000006A20F00100434908620846006A20F0FE
:103990000400086200BFE068A0B1FEF73BF80546EE
:1039A00009E0FEF737F8401B41F28831884202D91E
:1039B000032077E622E03748006A00F00200002882
:1039C000EFD012E0FEF726F8054608E0FEF722F8F1
:1039D000401B41F28831884201D9032062E62D481C
:1039E000006A00F002000028F0D1012F05D129481B
:1039F000C06920F080502749C86100BFE069C8B3A2
:103A00002448406800F00C00082860D0E0690228D3
:103A100048D1002020490866FDF7FCFF054606E076
:103A2000FDF7F8FF401B022801D903203AE61948A8
:103A3000006800F000700028F2D1206AB0F5803FE5
:103A400007D11448406820F40030A16808431149A8
:103A50004860D4E9080108430E49496821F474110B
:103A600008430C49486001200B490866FDF7D2FF66
:103A7000054607E03DE0FDF7CDFF401B022801D9D8
:103A800003200FE60348006800F000700028F2D021
:103A90002FE0000000100240000042428004424239
:103AA00000700040002014490866FDF7B3FF05468A
:103AB00006E0FDF7AFFF401B022801D90320F1E526
:103AC0000E48006800F000700028F2D111E0E069B3
:103AD000012800D1E6E50948466806F48031206AED
:103AE000814204D106F47011606A814201D0012044
:103AF000D8E50020D6E50000000042420010024058
:103B00002DE9F04780460E46924600250027002406
:103B1000A146404605F041F981462548B9FBF0F43D
:103B200024480068A04240D02248046040F2B275A8
:103B30000EE028460AF052F8012806D1B4F5B77F06
:103B400002D3A4F5B77402E005E0A4F26D146D1C75
:103B5000B4F5B67FEDD800BF2F46A5F5FA60F0703A
:103B6000002515E0012D09D138460AF037F8012863
:103B700004D11D2C01D31D3C09E00BE00E48405D33
:103B8000A04203D80C48405D241A00E002E06D1CFE
:103B90001C2CE7D200BF681C7070601CB070B2783B
:103BA0007178F07805F013F930700020BDE8F087E7
:103BB00080510100700100202C0301082DE9F0471D
:103BC00007460C4691460026B046002538684068F6
:103BD000C0F3800010B10120BDE8F087384605F041
:103BE000DCF806464FF46160B6FBF0F5B6FBF0F189
:103BF00000FB11603C21B0FBF1F060704FF461609C
:103C0000B6FBF0F100FB11603C21B0FBF1F201FBCF
:103C10001200A0701820B5FBF0F100FB11502070CD
:103C2000182D08D31820B5FBF0F8B5FBF0F100FB18
:103C30001150207000E025700020CDE770B50446DB
:103C400000250CB9012070BD607C20B900202074D3
:103C5000204600F05BF802206074204600F085F9F1
:103C600018B1042060740120EDE7204605F05BF8F0
:103C700018B1042060740120E5E72068406820F056
:103C8000070021684860A06828B11F48006820F03C
:103C900001001D4908601C48001F006820F4607086
:103CA000A16808431849091F08606068401C08B1F2
:103CB000656809E00120FFF77FFA05461DB9042079
:103CC00060740120BFE76D1E2068806820F00F003F
:103CD00040EA1540216888602068C06865F30F00DD
:103CE0002168C860204605F03BF818B104206074D4
:103CF0000120A8E70021E17301216173A173012074
:103D0000607400209FE70000306C004038B5044626
:103D10000B492068884212D1FFF748FA00BF0948D2
:103D2000C06940F000600749C8610846C06900F0FA
:103D30000060009000BF00BF01200349086038BD4B
:103D400000280040001002403C0442422DE9F04FA0
:103D500087B006460F464FF00009002006908046C7
:103D60000024059004900390824600BF48A207CA31
:103D70008DE80700304605F010F881464FF4616089
:103D8000B9FBF0F006904FF46160B9FBF0F100FB75
:103D900011903C21B0FBF1F0C0B204904FF461608F
:103DA000B9FBF0F100FB11903C21B0FBF1F201FBFB
:103DB0001200039018210698B0FBF1F201FB1200EB
:103DC0000590F87800F5FA6840F63300804500D990
:103DD000804640F2B270804500D2804640F2B27513
:103DE0000AE0284609F0FAFE012802D12B480444D3
:103DF00001E02B4804446D1C4545F2D397F801A01F
:103E0000404609F0EBFE012804D1BAF1020F01D9B6
:103E100024480444AAF1010A002507E01DF8050022
:103E200040F2A321484304EBC0146D1C5545F5D363
:103E300097F802B0ABF1010040F2A321484304EB34
:103E4000C0140598C0EB4011C1EB002004EB001436
:103E50000498C0EB001004EB80040398044400BFF6
:103E6000307C012803D1022007B0BDE8F08F01208B
:103E7000307400BF022070742146304604F0E9FF20
:103E80000120707400BF0020307400BF00BFEBE75A
:103E90001F1C1F1E1F1E1F1F1E1F1E1F0085E2014D
:103EA0008033E101805101002DE9F05F04460D46A9
:103EB000904600260027B146B246204604F06DFF2A
:103EC00007464FF46160B7FBF0F9B9F1180F0AD358
:103ED0001820B9FBF0FA0AEB4A00C0004FF4616108
:103EE00000FB01F700E0002700BF207C012802D181
:103EF0000220BDE8F09F0120207400BF0220607402
:103F0000B8F1000F0BD128784FF46161484369780C
:103F1000C1EB011100EB8100A978461812E0287866
:103F200004F0F6FE4FF4616100FB01FB687804F0D9
:103F3000EFFEC0EB00100BEB800BA87804F0E8FE5E
:103F40000BEB00063E443146204604F082FF206819
:103F5000406820F00500216848600120607400BFBF
:103F60000020207400BF00BFC3E770B504460025E1
:103F70000CB9012070BD2068406820F0080021685D
:103F80004860FDF747FD054607E0FDF743FD401B90
:103F9000B0F57A7F01D90320ECE72068406800F093
:103FA00008000028F1D00020E4E710B504460CB961
:103FB000012010BD606A38B96068B0F5827F00D119
:103FC00005E00021E16102E0002121616161002141
:103FD000A16294F8510028B9002084F850002046CE
:103FE00000F042F8022084F851002068006820F0B8
:103FF000400021680860A08800F48270218901F4E3
:1040000004410843A18901F400610843217C01F0C7
:1040100002010843217D01F001010843218B01F4D5
:1040200000710843217F01F0380108432021095D18
:1040300001F080010843218D01F4005108432168FB
:1040400008600421A06901EA1040216848602068E6
:10405000C06920F400602168C8610020606501200B
:1040600084F851000020A4E710B586B00446002073
:1040700002900390049005903349206888422DD126
:1040800000BF3248806940F480503049886108465A
:10409000806900F48050019000BF00BF00BF084657
:1040A000806940F0040088610846806900F00400DF
:1040B000019000BF00BFA0200290022003900320C7
:1040C000059002A92248FDF7FDFA40200290002049
:1040D0000390049002A91E48FDF7F4FA1D492068D8
:1040E00088422FD100BF1948C06940F48040174969
:1040F000C8610846C06900F48040019000BF00BF5D
:1041000000BF0846806940F0080088610846806961
:1041100000F00800019000BF00BF4FF42040029063
:10412000022003900320059002A90B48FDF7CAFA6C
:104130004FF48040029000200390049002A90648AA
:10414000FDF7C0FA06B010BD00300140001002407B
:104150000008014000380040000C01402DE9F84FF4
:104160000446884616461D464FF0000A00BF94F8E4
:104170005000012802D10220BDE8F88F012084F808
:10418000500000BFFDF746FC0746B14694F85100C9
:10419000012802D04FF0020AADE0B8F1000F00D0C4
:1041A00016B94FF0010AA6E0032084F85100002060
:1041B0006065C4F83080A686E686A063A087E087A5
:1041C00060642064A068B0F5004F0BD120680068DF
:1041D00020F04000216808602068006840F48040BA
:1041E000216808602068006800F04000402805D081
:1041F0002068006840F0400021680860E068B0F581
:10420000006F2FD1606810B1B9F1010F09D1206B97
:1042100000882168C860206B801C2063E08E401EEF
:10422000E0861BE02068806800F0020002280AD1C6
:10423000206B00882168C860206B801C2063E08EA2
:10424000401EE0860AE0FDF7E5FBC01BA84201D353
:10425000681C00B915B94FF0030A4CE0E08E002845
:10426000E0D12EE0606810B1B9F1010F09D1206BE7
:10427000007821680873206B401C2063E08E401E8C
:10428000E0861BE02068806800F0020002280AD166
:10429000206B007821680873206B401C2063E08E3F
:1042A000401EE0860AE0FDF7B5FBC01BA84201D323
:1042B000681C00B915B94FF0030A1CE0E08E002815
:1042C000E0D13A462946204605F0BEFA08B1202042
:1042D0006065A06850B900BF002000902068C068E9
:1042E000009020688068009000BF00BF606D08B13A
:1042F0004FF0010A00BF012084F8510000BF0020E8
:1043000084F8500000BF504636E72DE9FF5F0446B1
:10431000884691461D460E9E012002900020019085
:1043200000BF94F85000012803D1022004B0BDE87A
:10433000F09F012084F8500000BFFDF76BFB07469B
:1043400094F851B060680390AA46BBF1010F0BD0FE
:104350000398B0F5827F04D1A06810B9BBF1040FB7
:1043600002D002200190DBE0B8F1000F03D0B9F1D8
:10437000000F00D015B901200190D1E094F8510050
:10438000042802D0052084F8510000206065C4F89C
:104390003890E587A587C4F83080E586A586206437
:1043A00060642068006800F04000402805D0206864
:1043B000006840F0400021680860E068B0F5006FD8
:1043C0004AD1606810B1BAF1010F09D1206B0088A1
:1043D0002168C860206B801C2063E08E401EE08650
:1043E00033E02068806800F00200022810D1E08EDF
:1043F00070B1029801280BD1206B00882168C86039
:10440000206B801C2063E08E401EE086002002901E
:104410002068806800F0010068B1E08F58B1206822
:10442000C068A16B0880A06B801CA063E08F401E59
:10443000E08701200290FDF7EDFAC01BB04204D3E3
:10444000701C10B1032001906AE0E08E0028C8D1F2
:10445000E08F0028C5D14AE0606810B1BAF1010FC1
:1044600009D1206B007821680873206B401C206301
:10447000E08E401EE08634E02068806800F0020094
:10448000022810D1E08E70B1029801280BD1206B68
:10449000007821680873206B401C2063E08E401E6A
:1044A000E086002002902068806800F0010068B17A
:1044B000E08F58B12068C068A16B0870A06B401CE9
:1044C000A063E08F401EE08701200290FDF7A2FA72
:1044D000C01BB04201D3701C00B916B90320019073
:1044E0001EE0E08E0028C7D1E08F0028C4D13A46F4
:1044F0003146204605F0A8F920B101200190202086
:1045000060650DE0A06850B900BF002000902068F1
:10451000C068009020688068009000BF00BF00BFA6
:10452000012084F8510000BF002084F8500000BF33
:104530000198FBE670B504462546681EB0F1807F01
:1045400001D301200FE0681E4FF0E02148610F21E8
:104550004FF0FF3009F0AAF800204FF0E021886109
:1045600007200861002070BD7047704730B50246D3
:104570000B4600BF92F83C00012801D1022030BD5B
:10458000012082F83C0000BF022082F83D00106844
:1045900044681068816824F0700418680443106847
:1045A0004460104D1068A8420BD01068B0F1804FE5
:1045B00007D00D4D1068A84203D00C4D1068A842DA
:1045C00005D121F080015868014310688160012005
:1045D00082F83D0000BF002082F83C0000BF00BF11
:1045E000CDE70000002C014000040040000800401E
:1045F00010B504460CB9012010BD94F83D0028B94F
:10460000002084F83C00204600F026F8022084F8C0
:104610003D00211D206805F0ABFE012084F8460016
:1046200000BF84F83E0001213F2001554020015584
:104630004120015500BF00BF012084F84200432003
:104640000155442001554520015500BF012084F843
:104650003D000020D0E7000038B50446244920681A
:10466000884216D100BF2348C06940F002002149AA
:10467000C8610846C06900F00200009000BF00BF9A
:10468000002211461D20FDF70DFE1D20FDF7FAFD4D
:104690002CE02068B0F1804F16D100BF1548C069EA
:1046A00040F001001349C8610846C06900F00100EC
:1046B000009000BF00BF022211461C20FDF7F2FD52
:1046C0001C20FDF7DFFD11E00B49206888420DD169
:1046D00000BF0848806940F40060064988610846C8
:1046E000806900F40060009000BF00BF38BD00008A
:1046F0000004004000100240002C0140014691F8E7
:104700003D00012801D001207047022081F83D00C2
:10471000124B086898420BD00868B0F1804F07D060
:104720000F4B0868984203D00E4B086898420CD192
:104730000868806800F00702062A0CD00868006844
:1047400040F001000B68186005E00868006840F060
:1047500001000B6818600020D6E70000002C014023
:1047600000040040000800402DE9F04104460D46D9
:1047700000BF94F83C00012802D10220BDE8F0817E
:10478000012084F83C0000BF022084F83D0020682E
:10479000866826F0770626F47F46206886602868BB
:1047A000502833D00CDC202850D004DC00284BD01B
:1047B000102851D149E0302849D040284CD139E067
:1047C00060282DD0702807D0B0F5805F03D0B0F5F9
:1047D000005F41D10DE040E0D5E902136A6820682E
:1047E00005F000FE2068866846F07706206886603F
:1047F00033E0D5E902136A68206805F0F3FD20680C
:10480000806840F480402168886026E0EA68696832
:10481000206805F0FBFD5021206805F0EEFD1CE04E
:10482000EA686968206805F004FE6021206805F0E8
:10483000E4FD12E0EA686968206805F0E7FD4021C0
:10484000206805F0DAFD08E000BF00BF00BF29685E
:10485000206805F0D2FD00E000BF00BF012084F811
:104860003D0000BF002084F83C0000BF00BF85E78A
:10487000704710B5044620680069C0F34000D8B105
:104880002068C068C0F34000B0B16FF0020021683A
:104890000861012020772068806900F0030018B1CA
:1048A0002046FFF7E5FF05E0204600F0ADF8204682
:1048B00000F0ABF80020207720680069C0F380008A
:1048C000D8B12068C068C0F38000B0B16FF00400B8
:1048D00021680861022020772068806900F4407018
:1048E00018B12046FFF7C4FF05E0204600F08CF821
:1048F000204600F08AF80020207720680069C0F385
:10490000C000D8B12068C068C0F3C000B0B16FF07B
:10491000080021680861042020772068C06900F041
:10492000030018B12046FFF7A3FF05E0204600F082
:104930006BF8204600F069F80020207720680069B5
:10494000C0F30010D8B12068C068C0F30010B0B147
:104950006FF0100021680861082020772068C06986
:1049600000F4407018B12046FFF782FF05E02046B2
:1049700000F04AF8204600F048F800202077206830
:10498000006900F0010058B12068C06800F0010023
:1049900030B16FF0010021680861204600F036F860
:1049A00020680069C0F3C01058B12068C068C0F327
:1049B000C01030B16FF08000216808612046FFF719
:1049C000D3FD20680069C0F3801058B12068C0682A
:1049D000C0F3801030B16FF04000216808612046BC
:1049E00000F020F820680069C0F3401058B120683A
:1049F000C068C0F3401030B16FF02000216808613A
:104A00002046FFF7B2FD10BD7047704710B5044651
:104A100003492068884201D105F03AFB10BD00002F
:104A20000004004070477047704700002DE9F84FC0
:104A30000446206805682068C668206847694FF00A
:104A40000009CA4605F00F09B9F1000F0AD105F0B7
:104A5000200038B106F0200020B1204605F032FDDC
:104A6000BDE8F88FB9F1000F71D007F0010018B957
:104A700006F4907000286AD005F0010030B106F409
:104A8000807018B1206C40F00100206405F0040033
:104A900030B107F0010018B1206C40F00200206432
:104AA00005F0020030B107F0010018B1206C40F0B1
:104AB0000400206405F0080048B106F0200010B999
:104AC00007F0010018B1206C40F008002064206C51
:104AD00068B305F0200028B106F0200010B1204690
:104AE00005F0F0FC20684069C0F3801A206C00F0EB
:104AF000080010B9BAF1000F22D0204605F0B7FC2B
:104B00002068406900F04000B0B12068406920F0A2
:104B1000400021684861A06B50B15648A16B4863C2
:104B2000A06BFCF791FC10B1A06B416B88470CE0C7
:104B30002046FFF779FF08E02046FFF775FF04E005
:104B40002046FFF771FF0020206489E7FFE7206B14
:104B5000012878D105F01000002874D006F010006C
:104B6000002870D000BF00200090206800680090EE
:104B700020684068009000BF00BF2068406900F0D6
:104B80004000C0B3A06B006840681FFA80F8B8F11D
:104B9000000F2FD0A08D40452CDDA4F82E80A06BF7
:104BA000806920281FD02068C06820F480702168A8
:104BB000C8602068406920F00100216848612068D1
:104BC000406920F0400021684861202084F83E00C0
:104BD000002020632068C06820F010002168C860B1
:104BE000A06BFCF706FCA08DE28D801A81B22046F6
:104BF000FFF719FF34E7FFE7A08DE18D401A1FFA98
:104C000080F8E08DE8B1B8F1000F1AD02068C068D4
:104C100020F490702168C8602068406920F001008D
:104C200021684861202084F83E000020206320682D
:104C3000C06820F010002168C86041462046FFF798
:104C4000F2FE0DE7FFE705F0800030B106F08000CE
:104C500018B1204605F026FD02E705F0400030B10E
:104C600006F0400018B1204605F01CFCF8E600BF35
:104C7000F6E600005BA4000810B504460CB901205C
:104C800010BDA06900B100E000BF94F83D0028B954
:104C9000002084F83C00204600F028F8242084F806
:104CA0003D002068C06820F400502168C86020469C
:104CB00005F07AFC2068006920F4904021680861C2
:104CC0002068406920F02A00216848612068C06897
:104CD00040F400502168C86000202064202084F83F
:104CE0003D0084F83E000020CAE7000010B586B001
:104CF0000446002002900390049005905D492068CE
:104D000088423FD100BF5C48806940F480405A49E6
:104D100088610846806900F48040019000BF00BFB0
:104D200000BF0846806940F0080088610846806935
:104D300000F00800019000BF00BF40200290022058
:104D400003900320059002A94C48FCF7BBFC80208F
:104D5000029000200390049002A94848FCF7B2FC9E
:104D600000BF4749486840F0E06040F004004860F8
:104D700000BF002211462520FDF794FA2520FDF7FB
:104D800081FA75E03F492068884236D100BF3A4831
:104D9000C06940F400303849C8610846C06900F471
:104DA0000030019000BF00BF00BF0846806940F09E
:104DB000040088610846806900F00400019000BF8B
:104DC00000BF04200290022003900320059002A956
:104DD0002D48FCF777FC08200290002003900490F7
:104DE00002A92948FCF76EFC002211462620FDF797
:104DF00059FA2620FDF746FA3AE02449206888420D
:104E000036D100BF1C48C06940F480201A49C861EF
:104E10000846C06900F48020019000BF00BF00BFB9
:104E20000846806940F0080088610846806900F003
:104E30000800019000BF00BF0815029002200390F7
:104E40000320059002A90D48FCF73CFC4FF40060DC
:104E5000029000200390049002A90848FCF732FC5D
:104E6000002211462720FDF71DFA2720FDF70AFA38
:104E700006B010BD0038014000100240000C014097
:104E8000000001400044004000080140004800408C
:104E900070472DE9F84F04460E46174699464FF0E5
:104EA000000A94F83D0020285AD106B117B9012014
:104EB000BDE8F88F00BF94F83C00012801D1022022
:104EC000F6E7012084F83C0000BF00202064212088
:104ED00084F83D00FCF79EFD8246A784E784A06825
:104EE000B0F5805F04D1206910B90025B04602E01A
:104EF00035464FF0000800BF002084F83C0000BF9A
:104F00001BE05346002280212046CDF8009005F09A
:104F1000F9FB08B10320CBE745B9B8F80000C0F3AE
:104F200008002168486008F1020803E02878216839
:104F300048606D1CE08C401EE084E08C0028E0D1CD
:104F40005346002240212046CDF8009005F0DAFBC0
:104F500008B10320ACE7202084F83D000020A7E73B
:104F60000220A5E77047000002E002A00AF03AFA2A
:104F7000FBE700007B22526563697665223A7B225B
:104F8000537461747573223A37307D7D0A000000D6
:104F9000014608684069C0F38020B0B16FF48060BA
:104FA0000A68506100200863202081F83D0000203D
:104FB00081F83E00086C40F00400086400BF002047
:104FC00081F83C0000BF012070470020FCE7000092
:104FD0002DE9F84304460D4690461E46E76A2068D0
:104FE000006840F4806021680860082F04D0012F19
:104FF00002D017F5803F06D12068006840F4807029
:105000002168086008E0206B112805D1206800683D
:1050100040F4807021680860434600224FF001117F
:105020002046009600F0FEF860B12068006800F4A9
:105030008070B0F5807F02D14FF4007020640320AF
:10504000BDE8F8832069B0F5804F05D1E8B240F0A3
:1050500001002168086149E005F44070F02141EA4F
:10506000E01021680861334642462649204600F098
:1050700021F908B10120E3E7E8B22168086133466D
:1050800042462049891F204600F014F908B101204A
:10509000D6E700BF0020009020684069009020689B
:1050A0008069009000BF00BF2068006840F48070F5
:1050B00021680860434600224FF001112046009607
:1050C00000F0B0F858B12068006800F48070B0F5C6
:1050D000807F02D14FF4007020640320B0E705F414
:1050E0004070F12141EAE0102168086133464246F0
:1050F0000449891F204600F0DDF808B101209FE730
:1051000000209DE7080001002DE9F84304460D4604
:1051100017469846E66A082E04D0012E02D016F5EE
:10512000803F06D12068006840F4807021680860E4
:1051300008E0206B122805D12068006840F48070D8
:10514000216808603B4600224FF001112046CDF84F
:10515000008000F067F860B12068006800F480709B
:10516000B0F5807F02D14FF4007020640320BDE8C9
:10517000F8832069B0F5804F04D105F0FE00216866
:10518000086112E005F44070F02141EAE010216866
:10519000086143463A460B49204600F08BF808B1B7
:1051A0000120E4E7E8B22168086143463A46054930
:1051B000891F204600F07EF808B10120D7E70020C3
:1051C000D5E700000800010070B504460D461646FC
:1051D00020E02046FFF7DCFE08B1012070BD681C0E
:1051E000C0B1FCF717FC801BA84200D895B900207D
:1051F0002063202084F83D00002084F83E00206CCD
:1052000040F02000206400BF002084F83C0000BF74
:105210000120E3E720684069C0F380000028D8D06F
:105220000020DBE72DE9F04704460D4617461E46F1
:10523000DDF820804FF000091FE0701CE8B109F193
:105240000109FCF7E7FBA0EB0800B04200D8A6B9C3
:1052500000202063202084F83D00002084F83E00D8
:10526000206C40F02000206400BF002084F83C0047
:1052700000BF81460120BDE8F087C5F30740012843
:105280000AD120684069A9B20840A9B2884201D178
:1052900001200BE0002009E020688069A9B20840E5
:1052A000A9B2884201D1012000E00020B842C4D058
:1052B0000020E0E72DE9F04104460D4616461F4662
:1052C0003DE020684069C0F38020E8B120680068B4
:1052D00040F40070216808606FF4806021684861C4
:1052E00000202063202084F83D00002084F83E0048
:1052F000206C40F00400206400BF002084F83C00D3
:1053000000BF0120BDE8F081701CC0B1FCF782FB3A
:10531000C01BB04200D896B900202063202084F83A
:105320003D00002084F83E00206C40F02000206406
:1053300000BF002084F83C0000BF0120E2E7C5F375
:10534000074001280AD120684069A9B20840A9B2E3
:10535000884201D101200BE0002009E0206880692B
:10536000A9B20840A9B2884201D1012000E0002082
:105370000028A6D00020C5E770B504460D461646A5
:1053800032E020684069C0F30010A0B16FF0100057
:105390002168486100202063202084F83D0000201F
:1053A00084F83E00206C206400BF002084F83C009C
:1053B00000BF012070BDFCF72DFB801BA84200D868
:1053C00095B900202063202084F83D00002084F857
:1053D0003E00206C40F02000206400BF002084F8D4
:1053E0003C0000BF0120E5E720684069C0F3801061
:1053F0000028C6D00020DDE770B504460D461646ED
:1054000020E02046FFF7C4FD08B1012070BD681CF4
:10541000C0B1FCF7FFFA801BA84200D895B9002064
:105420002063202084F83D00002084F83E00206C9A
:1054300040F02000206400BF002084F83C0000BF42
:105440000120E3E720684069C0F3C0100028D8D0ED
:105450000020DBE730B59FB004460D46702242497C
:1054600003A8FAF771FE41480068401C10B90120FA
:105470001FB030BD3E48007838B93D48407820B96B
:105480003B48807808B90120F2E7332D4FD006DC85
:10549000102D0BD0122D57D0142D62D120E0352DB8
:1054A0002BD0372D0FD0392D5BD133E003A86021ED
:1054B000A300CDE900102D4802782D492D4802F0B7
:1054C0000FF8C0B2D4E707A86121A300CDE900100E
:1054D000264802782649274802F002F8C0B2C7E7FA
:1054E0000BA86021A300CDE90010204802782049D4
:1054F000204801F0F5FFC0B2BAE70FA86121A30070
:10550000CDE900101948027819491A4801F0E8FF5E
:10551000C0B2ADE713A86121A300CDE90010134884
:1055200002781349134801F0DBFFC0B2A0E717A8C7
:105530006121A300CDE900100C4802780C490D4808
:1055400001F0CEFFC0B293E71BA86021A300CDE914
:105550000010064802780649064801F0C1FFC0B2B3
:1055600086E7012084E70000500301089400002032
:10557000D02500203C0D002070B504460D46224683
:105580002946024801F0EEFFC0B270BD3C0D00207C
:105590007FB506460C46324669462A4801F0E2FFCE
:1055A00010B1012004B070BD00250BE01DF80510FE
:1055B00005F108001DF80000814201D00120F1E74B
:1055C000681CC5B2042DF1DB00250CE0281D1DF878
:1055D00000001DF8051081F0FF01884201D0012074
:1055E000E0E7681CC5B2042DF0DB9DF80C0050B953
:1055F0009DF80D00FF2806D19DF80E0018B99DF802
:105600000F00FF2801D00120CCE79DF803002060A7
:105610002068000220609DF8021020680844206085
:105620002068000220609DF8011020680844206076
:105630002068000220609DF8001020680844206067
:105640000020AFE73C0D002070B504463223002255
:1056500021460D4802F036F80C49086008460068FB
:10566000401C30B90020E070A070607020700120F4
:1056700070BD002504E0605D05494855681CC5B251
:10568000042DF8DB0020F3E73C0D002094000020FF
:10569000D025002070B504460D4622462946024812
:1056A00001F08EFFC0B270BD3C0D002030B585B05A
:1056B00005460C462DA000680490E0B28DF810005D
:1056C000200A8DF81100200C8DF81200200E8DF8A4
:1056D00013009DF810008DF800009DF811008DF862
:1056E00001009DF812008DF802009DF813008DF85E
:1056F00003009DF8100080F0FF008DF804009DF875
:10570000110080F0FF008DF805009DF8120080F078
:10571000FF008DF806009DF8130080F0FF008DF863
:1057200007009DF810008DF808009DF811008DF815
:1057300009009DF812008DF80A009DF813008DF8FD
:105740000B0000208DF80C00FF208DF80D000020CC
:105750008DF80E00FF208DF80F002A466946044898
:1057600001F02EFFC0B205B030BD00000100000006
:105770003C0D002010B513480068401C114908601A
:105780000846006847F2BD11884202D10EA009F018
:1057900029FE0C48006847F2C71188420AD9002048
:1057A000084908600E480068401C0D4908600DA0BB
:1057B00009F018FE0A480068022802D300200849B0
:1057C000086010BD000000207B224D656D223A7BF1
:1057D00022537461747573223A327D7D0A00000091
:1057E000040000207B224D656D223A7B22537461B8
:1057F000747573223A317D7D0A0000002DE9FF4F58
:10580000B9B00F4690464FF0C80A0020249023906C
:10581000002400253595FE48007801280BD1FD496C
:105820000D70280A4870280C8870280EC870AB20AC
:105830000871CD204871FCF7EDF8269025904FF0C7
:10584000000A0020F449086007E34AF6AA20F34959
:1058500009680860F0480068B8B1F148007863282A
:1058600003D0EF48007843280AD1EEA009F0BAFD32
:105870000020F9490860E84908603DB0BDE8F08FB4
:105880000020F5490860E4490860FCF7C3F8269950
:10589000401A44F62061884206D94FF0010AEFA071
:1058A00009F0A0FD0120E8E7FCF7B4F82599401ABB
:1058B00040F6B831884205D3EDA009F093FDFCF71E
:1058C000A9F8259036A8FFF7BFFE20B136A8FFF74C
:1058D000BBFE00B1C1E210210020FFF7BBFD00B10B
:1058E000BBE22DA90120FFF747FE00B1B5E29DF80C
:1058F000B40029909DF8B500299901EB002029906A
:105900009DF8B6909DF8B70009EB00299DF8B80006
:1059100009EB00499DF8B90009EB0069299800F4EA
:105920000040B0F5004F0CD12998C0F30E0029902B
:1059300046F629212998484029904BF2A62089EA69
:10594000000937210520FFF785FD70B136A8FFF764
:105950007BFE20B136A8FFF777FE00B17DE237214C
:105960000520FFF777FD00B177E22DA91620FFF79C
:1059700003FEC8B137210520FFF76CFD70B136A8D2
:10598000FFF762FE20B136A8FFF75EFE00B164E2C9
:1059900037210520FFF75EFD00B15EE22DA916203C
:1059A000FFF7EAFD00B158E29DF8B500289028986D
:1059B000000228909DF8B4102898084428903921B6
:1059C0000420FFF747FD70B136A8FFF73DFE20B178
:1059D00036A8FFF739FE00B13FE239210420FFF776
:1059E00039FD00B139E2A9480078012830D10026FC
:1059F0002DA91220FFF7C0FD00B12EE29DF8B800DE
:105A0000AB2812D19DF8B900CD280ED19DF8B76012
:105A100036029DF8B600064436029DF8B5000644ED
:105A200036029DF8B400064435969DF8B400FF2870
:105A30000CD19DF8B500FF2808D19DF8B600FF28CD
:105A400004D19DF8B700FF2800D1002608EB060519
:105A50002DA91120FFF790FDC8B139210420FFF7CF
:105A6000F9FC70B136A8FFF7EFFD20B136A8FFF7BB
:105A7000EBFD00B1F1E139210420FFF7EBFC00B1AF
:105A8000EBE12DA91120FFF777FD00B1E5E14FF023
:105A9000000B002005E02DA9095C81EA0B0B411CDD
:105AA000C8B20F28F7DB9DF8C30058450FD19DF809
:105AB000B4002A909DF8B5102A9800EB0120C0B2DE
:105AC0002A902A98162802D100254FF00008704825
:105AD000007860B94F490D70280A4870280C88700A
:105AE000280EC870AB200871CD2048710DE000254C
:105AF00048480570280A47494870280C8870280EC5
:105B0000C870AB200871CD20487139982790614842
:105B1000007818B160480068299001E02998299020
:105B20003C9822902BA92CA822AA23ABCDE90432C1
:105B3000CDE9060124A859490A6859490968594B11
:105B40001B68CDE90031CDE9022051490978491C93
:105B5000C8B23B4629AA27A900F02AFC82464D4834
:105B60000078002852D0504800682399CDE9057884
:105B700004910790249927988DE86300464852467F
:105B80004A4903684A4807F075FD494809F02AFC6C
:105B9000454800684749086008222046611CCCB28D
:105BA00009A90A542798C2B22046611CCCB209A99F
:105BB0000A542798C0F307222046611CCCB209A9D9
:105BC0000A542798C0F307422046611CCCB209A9A9
:105BD0000A542798000E2146621CD4B209AA5054D8
:105BE0002998C2B22046611CCCB209A90A5429984E
:105BF000C0F307222046611CCCB209A90A54299897
:105C0000C0F307422046611CCCB255E024E10000FD
:105C10005F000020C021002018000020540D00204B
:105C2000680700207B2252656365697665223A7BAE
:105C300022537461747573223A32367D2C224322CA
:105C40003A7B2254797065223A2243616E73656C07
:105C5000227D7D0A000000000C0000207B224322F0
:105C60003A7B22537461747573223A317D7D0A0048
:105C70007B2252657175657374223A7B225374617D
:105C8000747573223A36397D7D0A0000A102002026
:105C90008D02002060000020540000203800002009
:105CA0003400002030000020E0000020C005010882
:105CB000E4030020E400002009A90A542998000EFA
:105CC0002146621CD4B209AA50542046611CCCB2B1
:105CD00009A901F800A06348427B2046611CCCB2B0
:105CE00009A90A542498C2B22046611CCCB209A961
:105CF0000A542498C0F307222046611CCCB209A99B
:105D00000A542498C0F307422046611CCCB209A96A
:105D10000A542498020E2046611CCCB209A90A54E8
:105D20002398C2B22046611CCCB209A90A54239818
:105D3000C0F307222046611CCCB209A90A5423985B
:105D4000C0F307422046611CCCB209A90A5423982B
:105D5000020E2046611CCCB209A90A542046611CDF
:105D6000CCB209A901F80080C8F307222046611CC3
:105D7000CCB209A90A54C8F307422046611CCCB230
:105D800009A90A544FEA18602146621CD4B209AA34
:105D900050542046611CCCB209A90F54C7F3072206
:105DA0002046611CCCB209A90A54C7F30742204619
:105DB000611CCCB209A90A543A0E2046611CCCB22F
:105DC00009A90A542046611CCCB209A90D54C5F397
:105DD00007222046611CCCB209A90A54C5F3074228
:105DE0002046611CCCB209A90A54280E2146621C27
:105DF000D4B209AA50541C4802782046611CCCB287
:105E000009A90A54194802782046611CCCB209A994
:105E10000A54174802782046611CCCB209A90A54DA
:105E2000144802782046611CCCB209A90A541248D1
:105E300002782046611CCCB209A90A5403F0EEFD99
:105E40004EF61671884205D1214609A804F0B4F82F
:105E500004F076F8012010E500E0F6E400BF5046BB
:105E60000BE50000D0210020500000204A00002057
:105E70004B0000204C0000204D000020002001E0DD
:105E8000411CC8B20128FBDB70470870020A4A7047
:105E9000020C8A70020ECA70704730B50B460021A2
:105EA00000BF16E00A24B4EB107F05D9302404EBC0
:105EB000107403F8114005E0412404EB10740A3C0F
:105EC00003F81140000100254C00641C1D554C1CBA
:105ED000E1B29142E6DB30BD70B504460D46164690
:105EE0004AF6AA20044909680860AAB22146304649
:105EF00003F040FD70BD0000540D0020FEB50025EC
:105F000000266A460B214FF40120FFF7E5FF6946A2
:105F10001C48FAF740FA01A91B48FAF73CFA00BFFF
:105F2000002404E01DF80400284485B2641C092CF8
:105F3000F8D39DF809109DF80A0001EB0020A84253
:105F400004D000200F4908600F4908609DF8080040
:105F5000082804D000200B4908600B490860094854
:105F6000006847F2C711884202D90020054908603D
:105F700005480068022802D300200349086003F0A6
:105F8000DFFFFEBD000000200400002010B5034824
:105F900001F09FFA014801F0F3FB10BD3C0D002019
:105FA00000B585B00020019002900390049000BFDE
:105FB0004B48806940F01000494988610846806973
:105FC00000F01000009000BF00BF00BF08468069CD
:105FD00040F0200088610846806900F020000090B1
:105FE00000BF00BF00BF0846806940F00400886120
:105FF0000846806900F00400009000BF00BF00BFA9
:106000000846806940F0080088610846806900F011
:106010000800009000BF00BF00224FF4E261314849
:10602000FBF7F2FC002201212F48FBF7EDFC4FF4B7
:10603000E260019001200290002003900320049070
:1060400001A92848FBF73EFB0120019002900020A7
:1060500003900220049001A92348FBF733FB01229F
:10606000D1032048FBF7D0FC4FF400400190012001
:106070000290002003900320049001A91948FBF727
:1060800021FB012210211848FBF7BEFC10200190D3
:106090000120029003900320049001A91248FBF70D
:1060A00011FB012210211048FBF7AEFC0122110365
:1060B0000D48FBF7A9FC4FF480500190012002909D
:1060C000002003900320049001A90748FBF7FAFA87
:1060D000012211030448FBF797FC05B000BD000046
:1060E0000010024000080140000C014010B50C48AF
:1060F0000C4908600C48486000210A4881609021E2
:10610000C1604FF480410161002141618161C16141
:106110000162FBF785FC08B1FAF75CFA10BD0000DC
:1061200000540040600D0020801A060010B507489A
:10613000074908600620486040F6FF710448816006
:10614000FCF700F808B1FAF745FA10BD003000403E
:10615000540D00201CB5002001900090074808490C
:1061600008604FF0FF3048604FF480710448816050
:10617000FDF764FD08B1FAF72DFA1CBD00280040B8
:10618000B40D002010B50E480E4908604FF482701F
:10619000486000210B488160C160016141614FF49A
:1061A000007181610021016241624FF400518162FE
:1061B0000921C162FDF7F9FE08B1FAF70BFA10BD2B
:1061C00000300140C80D002010B50F480F4908608D
:1061D0004FF48270486000210C488160C160022148
:1061E000016101214161490281610821C1610021F0
:1061F0000162416281620A21C162FDF7D6FE08B1E7
:10620000FAF7E8F910BD000000380040200E002029
:1062100000B587B00020039004900590069001908F
:10622000029014481449086040F2DB504860002195
:10623000114881600121C160002101618161FEF787
:10624000D7F908B1FAF7C6F94FF48050039003A9C3
:106250000948FEF789FA08B1FAF7BCF90020019065
:10626000029001A90448FEF781F908B1FAF7B2F9E2
:1062700007B000BD00040040780E002010B50948AA
:1062800009490860002108488160C16001610C2152
:10629000416100218161C161FEF7EEFC08B1FAF7AE
:1062A00099F910BD00380140C00E002010B50B4810
:1062B0000B4908604FF4964048600021084881600F
:1062C000C16001610C21416100218161C161FEF762
:1062D000D3FC08B1FAF77EF910BD0000004400407D
:1062E000040F002010B50B480B4908604FF496408E
:1062F0004860002108488160C16001610C21416152
:1063000000218161C161FEF7B7FC08B1FAF762F9BB
:1063100010BD000000480040480F00201FB50020BD
:1063200000900190029003904FF480500090012063
:106330000190022002900320039069461448FBF765
:10634000C1F900224FF480511148FBF75DFB642036
:10635000FBF7D2F800220F490F4804F0DEFE08B127
:10636000FAF738F90D490C4805F070F908B1FAF759
:1063700031F90B49084804F076FB08B1FAF72AF91D
:10638000054805F02DFA08B1FAF724F91FBD000001
:1063900000080140F00000208C0F00208801002040
:1063A0004801002000BFFEE7FDF768F900BFFEE7E7
:1063B0002DE9FF4F8FB083461F460026B2460020CE
:1063C0000D900090FB480078012811D0022802D0DF
:1063D000032827D119E00520F74908701520F7494F
:1063E00008703720F64908702020F649087026E02A
:1063F0000420F14908701020F04908703920F04954
:1064000008700020EF49087019E00520EA4908707B
:106410001520EA4908703720E94908704020E94909
:1064200008700CE00520E44908701420E349087066
:106430003720E34908700020E249087000BF00BF20
:106440000020E149087000211F9801602098016038
:10645000C7E00AA8FFF7F8F828B10AA8FFF7F4F890
:1064600008B1761CBDE04AF6AA20D8490968086040
:10647000761C002405E00AA8005DD5490855601C7B
:10648000C4B2042CF7DB00F099FA81460D98072876
:1064900003DDFF2013B0BDE8F08FB9F1000F0ED07F
:1064A000B9F1040F03D0B9F10B0F07D101E00E20B1
:1064B000F0E70D98401CC0B20D9092E091E010986A
:1064C000006838B1C248416810980068814201D024
:1064D0000920DFE7BE4881681198006881420BD02F
:1064E000BB48816811980160B9488068FB2801D1D8
:1064F0000B20CFE70A20CDE7B548816811980160ED
:10650000AF480178AC480078FEF7A4FF00B168E01E
:1065100002A9AA480078FFF72FF800B161E09DF8C2
:1065200009000E900E9800020E909DF808100E982B
:1065300008440E90A648417B22980170A448016946
:1065400021980160A248017B23980170002544E056
:1065500000240CE09E48005D05EB05119D4A02EB0E
:106560008101095D884200D003E0601CC4B2042CA4
:10657000F0DB00BF042C2EDB05EB0510954901EB89
:106580008000407D05EB0511924A02EB8101097DF7
:10659000C1EB011100EB81008F490978C1EB0111BA
:1065A0008E4A127802EB8101081A019001980028A6
:1065B00002DA01984042019001980A280ADA4FF065
:1065C000010A05EB0510834A02EB80014422804852
:1065D000F9F7BAFD03E0681CC5B2052DB8DB00BFB2
:1065E00002E00A2EFFF435AF00BF052E01D30120D3
:1065F00050E7BAF1000F79D17948007808B14FF02F
:10660000520B7348C1691F9801607148C169209895
:1066100001606F48C0696E4908620846876180F86A
:106620000DB06D48007808756C48007848751E9864
:1066300008610846007B0D2801DD00200873BBF1CE
:10664000130F01D14FF0020B664890F8008040789C
:1066500008EB00286348807808EB00486148C07860
:1066600008EB00680BF00F00012802D0022848D187
:106670000FE05748C069384400901D99009888423F
:1066800001D9032006E75248C06938445049C8611F
:1066900039E04F48C06954490978012901D1414680
:1066A00000E000210844C01B00904948C1692098BF
:1066B00001601C990098884201D20320EAE600BFDD
:1066C0001D990098884201D90320E3E64048C0693B
:1066D000B8420CD24448007848B13D48C069381AE5
:1066E000A8EB000800203A49C86105E01EE03848E0
:1066F000C069C01B3649C8613548C1691F9801602F
:1067000001E00520C6E600BF364981F800804FEA67
:10671000182048704FEA184088704FEA1860C87017
:10672000AB200871CD20487100F0E0F8002660E051
:106730000A2E01D30120ADE60AA8FEF785FF28B195
:106740000AA8FEF781FF08B1761C52E09DF82800E8
:1067500050B99DF8290038B99DF82A0020B99DF854
:106760002B0008B9761C44E0002408E01848005DBE
:106770000AA9095D884200D003E0601CC4B2042C61
:10678000F4DB00BF042C07DABAF1000F01D10420BA
:1067900080E64FF0040A2EE0761C00F0D7F981461F
:1067A000B9F1010F01DD4FF0010AB9F1000F1DD061
:1067B0001FE00000A10200209D0200209E02002098
:1067C0009F020020A0020020A8020020540D0020FB
:1067D000D02100209C2200204C0000204D000020F1
:1067E0009C020020C0210020EC0000204FF0000A95
:1067F00001E00A2E9CD300BF1098006808B94FF042
:10680000010A2348C1691F980160BAF1000F21D025
:10681000002409E004EB04101E4901EB80004068ED
:1068200000B903E0601CC4B2052CF3DB00BF052CEB
:1068300000DB002404EB0411164A02EB8100442221
:106840001349F9F781FCBAF1040F01D1042021E6C4
:106850000D201FE6142E03D30AF10C00C0B219E676
:10686000002511E00A48406805EB0511094A02EBD2
:1068700081014968884205D105EB051102EB8100D1
:10688000F9F786FE681CC5B2052DEBDB002001E69A
:10689000D02100209C22002001460E2924D2DFE8CE
:1068A00001F007090B0D0F11131517191B1D1F21DF
:1068B000192070471A20FCE71C20FAE71D20F8E792
:1068C0001E20F6E72020F4E72120F2E72220F0E75F
:1068D0002420EEE72520ECE72620EAE72820E8E759
:1068E0002920E6E72A20E4E72420E2E72C48007884
:1068F0002C4B83F834002A4800780312294880F88A
:10690000353090F8203080F83630008C030A254866
:1069100080F83730006A030C224880F83830437B17
:1069200080F83930204803782048007863F31F103E
:10693000C3B21C4880F83A301D480378194880F8E3
:106940003B30037F80F83C30808B030A154880F889
:106950003D30C069030C134880F83E30037C80F85A
:106960003F30008A030A0F4880F84030114803780E
:106970000C4880F84130104803780A4880F84230CB
:106980000022002105E007483430405C4240481CAA
:10699000C1B20F29F7DB034880F84320002070477D
:1069A0004E000020D0210020500000204A0000208E
:1069B0004B0000204C0000204D00002030B589B075
:1069C00010210020FEF746FD10B1012009B030BDB6
:1069D00001A90120FEF7D0FD08B10220F6E79DF8DD
:1069E00005005449886008468068000288600846AF
:1069F00080689DF8041008444E4988609DF809009D
:106A000048600846406800024860084640689DF8B3
:106A1000081008444749486008464068000248603A
:106A2000084640689DF807100844424948600846F7
:106A3000406800024860084640689DF80610084417
:106A40003C4948600846008900F40040B0F5004F1A
:106A500012D108460089C0F30E008860084680689D
:106A600046F62921484033498860084640684BF281
:106A7000A62148402F4948602E4840682E490860AA
:106A800014210620FEF7E6FC08B10A209EE76946BD
:106A90001820FEF77DFD08B10B2097E725490098E7
:106AA0000873009810B90D20009002E00098401E75
:106AB00000904AF6AA202149096808600099C8B2E6
:106AC000FFF7EAFE0446E11704EB917188103521C7
:106AD000FEF7C0FC08B10D2078E701A92046FEF7BB
:106AE0004BFD08B10E2071E79DF80900114948736C
:106AF0009DF8100008610846006900020861084618
:106B000000699DF80F1008440A4908610C48017893
:106B10000C480078FEF79EFC08B10C2056E70549AA
:106B20001C3109480078FEF733FD08B10F204DE70E
:106B300000204BE7D0210020A4020020540D0020AB
:106B40009F0200209D0200209E0200207FB5BE49CA
:106B5000087BFFF7A1FE0446BC48007830B101284D
:106B600072D0022871D0032870D14BE10020B749C0
:106B70000870E11704EB917188103521FEF76AFC6B
:106B800010B1012004B070BDAF4934312046FEF78A
:106B900081FD08B10220F5E70120AC4908703521DC
:106BA0000620FEF757FC80B101A8FEF74DFD28B185
:106BB00001A8FEF749FD08B10320E3E735210620CF
:106BC000FEF748FC08B10320DCE79F48007B401C2F
:106BD000C4B20D2C00DD002421461820FEF766FD0E
:106BE00008B10420CEE7022098490870984801783F
:106BF00098480078FEF72EFC90B101A8FEF724FD1E
:106C000028B101A8FEF720FD08B10520BAE7904899
:106C1000017890480078FEF71DFC08B10520B1E727
:106C20008948C1698C480078FEF740FD08B106200C
:106C3000A8E78A480078012819D139210420FEF7F5
:106C400009FC20B10A209DE727E095E0F9E084499E
:106C50001220FEF71FFD08B1062093E77C4801785B
:106C60007C480078FEF7F6FB08B105208AE7032090
:106C700076490870694678480078FEF789FC08B1C3
:106C800007207FE77048C0690099884201D008203A
:106C900078E700206D490870D3E001206B49087047
:106CA00035210620FEF7D6FB08B103206AE76648C7
:106CB000007B401CC4B20D2C00DD002421461820AE
:106CC000FEF7F4FC08B104205CE702205F4908707D
:106CD0005F4801785F480078FEF7BCFB90B101A8DF
:106CE000FEF7B2FC28B101A8FEF7AEFC08B1052002
:106CF00048E75748017857480078FEF7ABFB08B1E2
:106D000005203FE75048C16953480078FEF7CEFCA4
:106D100008B1062036E751480078012816D13921FC
:106D20000420FEF797FB08B10A202BE74C491220FC
:106D3000FEF7B0FC08B1062024E745480178454835
:106D40000078FEF787FB08B105201BE703203F49C9
:106D50000870694640480078FEF71AFC08B1072021
:106D600010E73948C0690099884201D0082009E736
:106D700000203649087064E0022034490870344825
:106D8000017834480078FEF765FB08B10520F9E684
:106D90002D48C16930480078FEF788FC08B106200C
:106DA000F0E62E480078012816D139210420FEF79C
:106DB00051FB08B10A20E5E629491220FEF76AFCDA
:106DC00008B10620DEE62248017822480078FEF766
:106DD00041FB08B10520D5E603201C49087069462F
:106DE0001D480078FEF7D4FB08B10720CAE6164814
:106DF000C0690099884201D00820C3E600201349E9
:106E000008701EE0032011490870114801781148EC
:106E10000078FEF71FFB08B10520B3E669460E486F
:106E20000078FEF7B5FB08B10720ABE60648C0695D
:106E30000099884201D00820A4E600200349087088
:106E400000BF00BF00209DE6D0210020A802002046
:106E50009F0200209D0200209E020020A10200202F
:106E6000C02100202DE9F0470546EAE12868B0F886
:106E700044A00AF00F06002E7ED10AF01000B0BB2D
:106E800000BF2968098848F60F7201EA020040F441
:106E900000412A68118000BF05F128042868B0F875
:106EA0005010207801EBC000801C296801F580613A
:106EB00031F81000C0F30900E061E169606908443D
:106EC000606100212846FBF784FA95F82400002829
:106ED000CBD0A0690028C8D195F8240040F08000EC
:106EE0002968A1F84C00002085F82400A9E1FFE7FB
:106EF00005F5B4742868B0F8008008F4006030B379
:106F00002868B0F85010207801EBC000801D296877
:106F100001F5806131F81000C0F30900E061A18B38
:106F20008BB2E28805F52C71286806F00FF800BFD7
:106F30002968098840F68F7201EA020040F080015A
:106F40002A68118000BF2846FCF7F7F879E108F4B9
:106F50000040002889D000BF2968098840F68F7258
:106F600001EA020040F080012A68118000BF286811
:106F7000B0F85010207800E06FE001EBC000801DF9
:106F8000296801F5806131F81000C0F30900E06163
:106F9000E06990B1606980B1B4F81CC01FFA8CF34D
:106FA000E2886169286805F0D1FFE16960690844F9
:106FB000606100212846FBF71CFA2868008800F46D
:106FC0000060002892D100BF2A682968B1F85010EB
:106FD0000A4402F20C41084600BF236953B90388F2
:106FE00048F2FF3C03EA0C030380038843F40043A8
:106FF00003801EE023693E2B0DD800BF236959088A
:10700000237C03F0010303B1491C4FF6FF7303EA2D
:10701000812303800DE000BF23695909237C03F01D
:107020001F0303B9491E4FF4004343EA8123038041
:1070300000BF00BF00BF00BF296809884BF68F72F0
:1070400001EA020080F4805080F4005040F40041D6
:1070500041F080012A681180F3E07100286830F85F
:10706000118008F4004000287ED000BF720029681B
:1070700031F8121040F68F7201EA020040F08001F0
:1070800073002A6822F8131000BF06EB860105F58D
:10709000B47000EBC104207BB0B92868B0F8501080
:1070A000207801EBC000801D296801F5806131F86E
:1070B0001000C0F30907002F5BD0E28861693B46EE
:1070C000286805F043FF54E0E078022806D14246E4
:1070D00021462846FBF710FA07464AE000BF00BFEA
:1070E00022785200296831F8121048F68F7201EAAE
:1070F000020040F4004141F0C00123785B002A689F
:1071000022F8131000BF00BF21784900286830F82A
:10711000110000F48040A8B12868B0F85010207821
:1071200001EBC000801C296801F5806131F8100076
:10713000C0F30907EFB1228961693B46286805F071
:1071400005FF16E02868B0F85010207801EBC00069
:10715000801D296801F5806131F81000C0F309072E
:107160003FB16289616900E017E03B46286805F09D
:10717000EDFEE0693844E061606938446061A0690F
:1071800010B12069B84204D921782846FBF731F9BB
:1071900003E02146286805F0FEF808F08000B0B34F
:1071A00006EB860105F1280000EBC10400BF720068
:1071B000296831F8121048F60F7201EA020040F413
:1071C000004173002A6822F8131000BFE0780328FA
:1071D00007D0E07828B1E07802282DD108F480703B
:1071E00050BB2868B0F85010207801EBC000801C1C
:1071F000296801F5806131F81000C0F30909A06920
:10720000484505D9A069A0EB0900A06102E018E09B
:107210000020A061A06920B921782846FBF7D9F8A1
:107220000FE0606948446061E0694844E0612146DC
:10723000286805F0B0F804E0424621462846FBF7EE
:1072400007FA2868B0F8440000F4004000287FF4F2
:107250000DAEBDE8F08700002DE9F04F89B004467F
:107260000E4691461F46DDE9135BDDF848A0D420A9
:107270008DF80400F0B28DF80500FF2D04DD4FF00D
:10728000FF3009B0BDE8F08F002D02DA4FF0FF307B
:10729000F7E7002006E01AF80020811C01AB5A54E1
:1072A000411CC8B2A842F6DBA81C82B201A9204644
:1072B00000F07EFA20B1206980474FF0FF30E0E710
:1072C0005846E168884710B94FF0FF30D9E70621EA
:1072D00001A86268904700210AE01A48405C01AAB0
:1072E000525C904202D04FF0FF30CAE7481CC1B256
:1072F0000629F2D35846E168884710B94FF0FF30AD
:10730000BFE7B81C82B201A9204600F082F980468E
:107310009DF80400D52804D19DF80510701C814209
:1073200002D04FF0FF30ACE7002006E001AA811C3C
:10733000515C09F80010411CC8B2B842F6DBA8F154
:1073400002009EE7C0030108FEB506460C4615463E
:107350004FF4FA700021009104232246CDE9011078
:1073600002213046FFF778FF401C30B915B108A064
:1073700006F070F94FF0FF30FEBD3DB1E0780090AF
:10738000A378627821780DA006F064F90020F3E775
:107390007B2243223A7B2252656164657254797084
:1073A00065223A504E3533322C2256657273696F1E
:1073B0006E223A4572726F727D7D0A007B224322F3
:1073C0003A7B2252656164657254797065223A5045
:1073D0004E3533322C2256657273696F6E223A2510
:1073E000642E25642E25642E25647D7D0A00000010
:1073F0000549016005494160054981600549C16051
:107400000549016170470000457700081D740008B8
:10741000C174000875740008BD740008F8B506460C
:107420000C4600200090671C384607F04DFD0546CD
:107430000121684606F0F6FD9DF80000012805D000
:10744000284606F06DFD4FF0FF30F8BD601C81B29C
:10745000284606F0E7FD002004E0411C695C315439
:10746000411CC8B2A042F8DB284606F059FD0020B6
:10747000EBE7000038B5044600200090FAF7CAFA9E
:10748000054611E00120FAF737F80121684606F0B9
:10749000C9FD4AF6AA2008490968086000BF9DF89E
:1074A0000000012800D138BDFAF7B4FA401BA04211
:1074B000E8D30020F7E70000540D002000207047BB
:1074C00070B504460D462946204606F0BDFD002055
:1074D00070BD00B502461046FFF78AFF00BD0000F0
:1074E0002DE9F04389B007460D4614461E46DDE9F6
:1074F00010891BA00068089001208DF80C0008F08E
:10750000FF008DF80D00F0B28DF80E00002006E0AF
:1075100019F80020C11C03AB5A54411CC8B20628FC
:10752000F6DB002006E02A5C00F1090103AB5A54A7
:10753000411CC8B2A042F6DB4FF47A7104F1090095
:1075400003AA0123CDE90020029108AA4021384670
:10755000FFF782FE9DF8200009B0BDE8F08300002F
:10756000FF00000070B58AB006460C46154613A011
:1075700000680990E8B28DF826004FF47A70032174
:1075800009AA1123CDE90021029004AA4021304626
:10759000FFF762FE9DF8100018B19DF810000AB0C8
:1075A00070BD002005E004AA411C515C2154411C1F
:1075B000C8B21028F7DB9DF81000F0E7013000009A
:1075C00070B58AB006460C46154601208DF81400A9
:1075D000A0208DF81500E8B28DF81600002005E017
:1075E000225CC11C05AB5A54411CC8B21028F7DB01
:1075F0004FF47A70132105AA0123CDE900210290EE
:1076000004AA40213046FFF727FE9DF810000AB07B
:1076100070BD2DE9F0438BB08046894616460027A1
:10762000F01D81B201A8D8F80420904700240AE098
:10763000601CC4B206F10800844204DB4FF0FF3046
:107640000BB0BDE8F08301A8005D0028F0D001A8D0
:10765000005DFF2802D04FF0FF30F1E7601CC4B29C
:1076600006F10800844202DB4FF0FF30E8E701A892
:10767000055D01A9601C085C2844C0B210B14FF040
:10768000FF30DDE7002007E0A11C014401AA515CA6
:107690003944CFB2411CC8B2691C8842F4DBFFB246
:1076A00017B14FF0FF30CBE7002007E0A11C0144E9
:1076B00001AA515C09F80010411CC8B2A842F5DBD0
:1076C0002846BDE72DE9F0418AB007460C4615462D
:1076D0001E461BA0006809908DF82550022009A9BC
:1076E000132304AACDE9010600914A213846FFF789
:1076F000B3FD8046B8F1000F04DA4FF0FF300AB056
:10770000BDE8F0819DF81000012802D04FF0FF3055
:10771000F5E79DF81500072802DD4FF0FF30EEE792
:10772000002005E0811D04AA515C2154411CC8B20F
:107730009DF815108142F5DC9DF81500DFE700008B
:107740000100000010B5012211460C48FAF75CF95F
:107750000120F9F7D1FE002201210848FAF754F977
:107760000120F9F7C9FE012211460448FAF74CF945
:107770000120F9F7C1FE002010BD0000000C0140FF
:107780001FB5044609A0006803904FF47A700321E6
:1077900003AA0023CDE9002102901A4614212046B5
:1077A000FFF75AFD002004B010BD000001140100D5
:1077B000F0B58BB006460D4614461E2C01DC012C9C
:1077C00003DA4FF0FF300BB0F0BD002700208DF83A
:1077D00004008DF80500FF208DF80600FF27E0B2B9
:1077E0008DF80700E043401CC0B28DF8080000206F
:1077F00008E02A5C411D01AB5A54295C3944CFB2E0
:10780000411CC8B2A042F4DBF843C1B201AA601D1A
:1078100011540021A01D1154E01D81B201A8B268CD
:10782000904710B14FF0FF30CDE70020CBE7704715
:10783000F0B589B0002400250026FE4840780128D4
:1078400003D10320FC490870FEE3FA48407806287B
:1078500013D10520F8490870F848F9490268F94839
:1078600005F008FF002704E0F649C81907F062FB9D
:107870007F1CB7F5C87FF7D3E6E7EE4840780228CB
:1078800003D10420EC490870DEE7EA484078052877
:1078900033D10320E84908700024E648807808289E
:1078A00005DAE9A007F09EFD012009B0F0BDE1482E
:1078B000C078E04909794840DE4949794840DD49C6
:1078C000897980EA0106DB48C079B04204D0DEA0A5
:1078D00007F088FD0120E8E7D648C0780006D549C2
:1078E000097900EB0140D349497900EB0121D148E6
:1078F00080790844D1490860E2E3CE484078032803
:107900007ED1CD4908700024CA488078082804DA5E
:10791000CDA007F067FD0120C7E7C648C078C5497C
:1079200009794840C34949794840C249897980EA80
:107930000106C048C079B04204D0C3A007F052FD90
:107940000120B2E7BB48C0780006BA49097900EBCC
:107950000140B849497900EB0121B64880790844D3
:10796000B649086006A9B548006807F073FA0546ED
:107970000020B449887048700870032405F109009C
:10798000C2B22146641CAF48425402222146641C04
:107990004254F9222146641C425445222146641C6B
:1079A000425470222146641C425400212246641C29
:1079B00081542246641C81542246641C8154224610
:1079C000641C81542246641C81542246641C8154E8
:1079D0002246641C81542246641C81543122214673
:1079E000641C425432222046611C8CB295490A54D0
:1079F00034222046611C8CB292490A54352200E0A0
:107A000048E02046611C8CB28E490A541C22204654
:107A1000611C8CB28B490A54002008E006A90B5C5B
:107A20002146621C94B2874A5354411CC8B2A842F2
:107A3000F4DB1C222046611C8CB282490A54204689
:107A4000611C8CB27F490A542046611C8CB27D496E
:107A50000A542046611C8CB27A490A5401AA214674
:107A6000784801F031FD002008E001A90B5C2146B7
:107A7000621C94B2734A5354411CC8B21428F4DBFC
:107A8000002704E06F49C81907F054FA7F1CA74289
:107A9000F8D315E36748407804287DD1664908701B
:107AA000002464488078082804DA67A007F09AFC6C
:107AB0000120FAE65F48C0785E49097948405D498F
:107AC000497948405B49897980EA01065948C0797B
:107AD000B04204D05CA007F085FC0120E5E65548E3
:107AE000C07800065349097900EB014051494979B2
:107AF00000EB01214F48807908445049086006A9ED
:107B00004E48006807F0A6F9054602204D49087066
:107B10007520487000208870C87008710120487175
:107B2000722088716F20C8710824B1222146641C1C
:107B3000444842541A222146641C42548122214660
:107B4000641C42542146641C4554002008E006A9E8
:107B50000B5C2146621C94B23A4A5354411CC8B291
:107B6000A842F4DB82222046611C8CB235490A54BB
:107B700009222046611C8CB232490A54E422204674
:107B8000611C8CB22F490A54C7222046611C8CB25A
:107B90002C490A54E32200E083E22046611C8CB2A7
:107BA00028490A543A222046611C8CB225490A54BD
:107BB000CD222046611C8CB222490A54D322204691
:107BC000611C8CB21F490A54ED222046611C8CB204
:107BD0001C490A54E4222046611C8CB219490A54FB
:107BE0000A222046611C8CB216490A54832221467F
:107BF000601C84B21348425401222046611C8CB29E
:107C000010490A542046611C8CB20E490A54842241
:107C10002046611C8CB20B490A5401222046611C8B
:107C20008CB208490A5403222046611C8CB20549D3
:107C30000A5417E0680700209D000020A0000020E3
:107C4000CC030108280B00207B225265636569760E
:107C500065223A7B22537461747573223A3139304C
:107C60007D7D0A0085222046611C8CB2FE490A54A3
:107C700001222046611C8CB2FB490A540022204696
:107C8000611C8CB2F8490A54B2222046611C8CB2A5
:107C9000F5490A5451222046611C8CB2F2490A541B
:107CA000A1222046611C8CB2EF490A5405F117004D
:107CB000C2B22046611C8CB2EB490A548122204694
:107CC000611C8CB2E8490A542046611C8CB2E6491A
:107CD0000D54002008E006A90B5C2146621C94B2FA
:107CE000E14A5354411CC8B2A842F4DB8222204628
:107CF000611C8CB2DC490A5401222046611C8CB202
:107D0000D9490A5430222046611C8CB2D6490A5403
:107D100083222046611C8CB2D3490A54012220469A
:107D2000611C8CB2D0490A5430222046611C8CB2AE
:107D3000CD490A5484222046611C8CB2CA490A5497
:107D400001222046611C8CB2C7490A5430222046C9
:107D5000611C8CB2C4490A5485222046611C8CB235
:107D6000C1490A5401222046611C8CB2BE490A5402
:107D700030222046611C8CB2BB490A548622204620
:107D8000611C8CB2B8490A5401222046611C8CB295
:107D9000B5490A5430222146601C84B2B24842548C
:107DA00087222046611C8CB2AF490A54012220462A
:107DB000611C8CB2AC490A5430222046611C8CB242
:107DC000A9490A5488222046611C8CB2A6490A544B
:107DD00001222046611C8CB2A3490A54302220465D
:107DE000611C8CB2A0490A54A2222046611C8CB2AC
:107DF0009D490A5432222146601C84B29A4842545A
:107E0000A1222046611C8CB297490A540B222046BD
:107E1000611C8CB294490A5481222046611C8CB2A8
:107E200091490A5403222046611C8CB28E490A549F
:107E3000E4222046611C8CB28B490A54C722214699
:107E4000601C84B288484254E3222046611C8CB2F4
:107E500085490A5482222046611C8CB282490A5408
:107E600004222046611C8CB27F490A54CD22204650
:107E7000611C8CB27C490A54D3222046611C8CB20E
:107E800079490A54ED222046611C8CB276490A5485
:107E9000E4222046611C8CB273490A54A122204678
:107EA000611C8CB270490A5411222046611C8CB2AC
:107EB0006D490A5481222046611C8CB26A490A54D9
:107EC00006222046611C8CB267490A54442220468F
:107ED000611C8CB264490A546C222046611C8CB22D
:107EE00061490A542046611C8CB25F490A545622EB
:107EF0002046611C8CB25C490A5465222046611CF4
:107F00008CB259490A5472222046611C8CB25649DF
:107F10000A5482222046611C8CB253490A5407221B
:107F20002046611C8CB250490A5432222046611C02
:107F30008CB24D490A542E222046611C8CB24A490B
:107F40000A5433222046611C8CB247490A542E221F
:107F50002046611C8CB244490A5430222046611CE0
:107F60008CB241490A542E222046611C8CB23E49F3
:107F70000A5431222046611C8CB23B490A54A1228A
:107F80002146601C84B23848425410222046611CAD
:107F90008CB235490A5481222046611C8CB2324988
:107FA0000A5406222046611C8CB22F490A545022E2
:107FB0002046611C8CB22C490A5472222046611C56
:107FC0008CB229490A5467222046611C8CB226498A
:107FD0000A5456222046611C8CB223490A54652259
:107FE0002046611C8CB220490A5472222046611C32
:107FF0008CB21D490A5482222046611C8CB21A4957
:108000000A5406222046611C8CB217490A54702279
:108010002046611C8CB214490A5472222046611C0D
:108020008CB211490A5467222046611C8CB20E4959
:108030000A5476222046611C8CB20B490A546522F0
:108040002046611C8CB200E03AE007490A547222D3
:108050002046611C8CB204490A54F2222046611C5D
:108060008CB201490A5401E0280B00201D22204651
:10807000611C8CB217490A542046611C8CB2154908
:108080000A54EB222046611C8CB212490A54002784
:1080900004E01049C81906F04DFF7F1CA742F8D331
:1080A0000EE000200C490870022704E00B49C819B3
:1080B00006F040FF7F1C09484078401CB842F5D2CA
:1080C00007A007F08FF94FF416710448F8F755F838
:1080D000002021E4280B00209D00002068070020DC
:1080E0007B2252656365697665223A7B225374610F
:1080F000747573223A32362C2254797065223A22F2
:10810000506F735472616E73616374696F6E227D18
:108110007D0A00002DE9F04198B00020089000266B
:1081200000248046FE49088000BF09E0FD49095C43
:10813000FB4AB2F900205140F94A1180411CC8B2F3
:108140002928F3DBF74890F82900F549B1F9001028
:10815000884203D1F348807B64280FD0F2A007F057
:1081600041F90020F7490870ED4908804FF4167175
:10817000EC48F8F702F818B0BDE8F081E94890F84B
:108180002900E749B1F90010884203D0E548807B17
:1081900064287CD1E3484078EB490860E148807866
:1081A0000006E049C97800EB0140DE49097900EB9F
:1081B0000120DC4949790844E4490860D9488079BC
:1081C0000006D849C97900EB0140D649097A00EB8D
:1081D0000120D449497A4518D248407ADC490870D0
:1081E000D048007A4870CF48C0798870CD488079EF
:1081F000C870CC48807A0006CA49C97A00EB0140B1
:10820000C849097B00EB0120C649497B0844D14994
:108210000860C448C07B0006C249097C00EB0140ED
:10822000C049497C00EB0120BE49897C0844CA4909
:108230000860BC48C07C0006BA49097D00EB0140DB
:10824000B849497D00EB0120B649897D0844C349FE
:108250000860B448C07DC2490860B248007EC14988
:108260000870B048407EC0490870AE48807EBF4963
:108270000870AC48C07EBE490870AA48007FBD495E
:108280000870A848407F0006A649897F00E055E2B3
:1082900000EB0140A349C97F00EB0120A14991F8FF
:1082A00020100844B44908609E4890F82100000658
:1082B0009C4991F8221000EB01409A4991F8231053
:1082C00000EB0120974991F8241008440890954844
:1082D00090F825000006934991F8261000EB014024
:1082E000904991F8271000EB01208E4991F8281051
:1082F0000844A2490860012708460068A0490968A7
:10830000884203D19F4807F06DF8002700209E495E
:108310000860F9F77FFB064604E24AF6AA209B496B
:1083200009680860F9F776FB801BB0F57A5F03D91E
:1083300097A007F057F8F8E19348006870B17948C2
:108340000078632803D077480078432803D195A0AC
:1083500007F048F8E9E100208B49086009A8FDF71B
:1083600073F920B109A8FDF76FF900B1DAE19A4875
:108370009A499B4A9B4BCDE90432CDE906109A4AB3
:108380007648006874490968724B1B68CDE9003172
:10839000CDE902026D48784A08A903681320FEF768
:1083A00007F8924908706A4800789149086068485F
:1083B0004078096801EB00208D49086064488078A6
:1083C000096801EB00408A4908606148C078096883
:1083D00001EB006086490860684800685B490968ED
:1083E000804A1268824B1B68CDE90332CDE9051043
:1083F0007D4800680899CDE9010500915E48036851
:108400007A4802787B495F4805F034F95D4806F008
:10841000E9FF0020784908607448007810B901200D
:10842000764908705548006855490860082220467A
:10843000611CCCB20BA90A540898C2B22046611C38
:10844000CCB20BA90A540898C0F307222046611C3D
:10845000CCB20BA90A540898C0F307422046611C0D
:10846000CCB20BA90A540898000E2146621CD4B263
:108470000BAA5054404802782046611CCCB20BA98C
:108480000A543D480088C0F307222046611CCCB244
:108490000BA90A5438480068C0F307422046611C03
:1084A000CCB20BA90A5434480068000E2146621C65
:1084B000D4B20BAA50544D4802782046611CCCB26D
:1084C0000BA90A5402222046611CCCB20BA90A5403
:1084D000454802782146601CC4B20BA84254424869
:1084E0000088C0F307222046611CCCB20BA90A54B5
:1084F0003D480068C0F307422046611CCCB20BA97E
:108500000A5439480068000E2146621CD4B20BAAF6
:108510005054344802782046611CCCB20BA96FE05D
:108520001C000020680700207B2252656365697685
:1085300065223A7B22537461747573223A31393063
:108540007D7D0A007000002024000020280000200B
:10855000C02100203000002034000020380000201E
:10856000500000204A0000204B0000204C0000205A
:108570004D0000204E00002054000020E0000020AC
:10858000E4000020E403002018000020540D002027
:108590007B2243223A7B22537461747573223A31F1
:1085A0007D7D0A007B2252656365697665223A7B90
:1085B00022537461747573223A32367D2C22432221
:1085C0003A7B2254797065223A2243616E73656C5E
:1085D000227D7D0A000000004900002048000020A4
:1085E0002C000020440000203C000020150000204A
:1085F00040000020F0040108E8000020D80000201E
:108600000A5450480088C0F307222046611CCCB2AF
:108610000BA90A544B480068C0F307422046611C6E
:10862000CCB20BA90A5447480068000E2146621CD0
:10863000D4B20BAA505400222046611CCCB20BA924
:108640000A542046611CCCB20BA90A542046611C76
:10865000CCB20BA90A542046611CCCB20BA90A5417
:10866000394802782046611CCCB20BA90A5436481E
:108670000088C0F307222046611CCCB20BA90A5423
:1086800031480068C0F307422046611CCCB20BA9F8
:108690000A542D480068000E2146621CD4B20BAA71
:1086A000505400222046611CCCB20BA90A5420462B
:1086B000611CCCB20BA90A542046611CCCB20BA998
:1086C0000A542046611CCCB20BA90A541F480278F8
:1086D0002046611CCCB20BA90A541D4802782046E2
:1086E000611CCCB20BA90A541A4802782046611CBE
:1086F000CCB20BA90A54184802782046611CCCB2AF
:108700000BA90A54154802782046611CCCB20BA96B
:108710000A5401F083F94EF61671884201D101F036
:108720000FFC02E0002F7FF4F8AD00BF00200C49E1
:1087300008700C4908800C4908601CE500BF00BFA8
:1087400019E500004400002028000020500000200F
:108750004A0000204B0000204C0000204D0000206B
:10876000700000201C0000201800002010B500241C
:1087700000208749088000BF09E08649095C844AD7
:10878000B2F900205140824A1180411CC8B2292808
:10879000F3DB804890F829007D49B1F90010884248
:1087A00003D17C48807B642811D07BA006F01AFEA0
:1087B00000208049087080490870754908807F4909
:1087C00008704FF416717348F7F7D7FC10BD714865
:1087D00090F829006E49B1F90010884203D06D4825
:1087E000807B64287ED110217548F7F7C6FC694864
:1087F0004078744908606748807800066549C97800
:1088000000EB01406349097900EB01206149497996
:1088100008446D4908605F48807900065D49C97960
:1088200000EB01405B49097A00EB01205949497A84
:108830000844664908605748407A614908705548BD
:10884000007A48705348C079887052488079C8705F
:108850005048807A00064F49C97A00EB01404D49E3
:10886000097B00EB01204B49497B084458490860CB
:108870004848C07B00064749097C00EB0140454958
:10888000497C00EB01204349897C08445149086038
:108890004048C07C00063F49097D00EB01403D494E
:1088A000497D00EB01203B49897D08444A49086025
:1088B0003848C07D494908603648007E48490870FC
:1088C0003448407E474908703248807E46490870E7
:1088D0003048C07E454908702E48007F44490870E2
:1088E0002C4800E052E0407F00062A49897F00EBD7
:1088F00001402849C97F00EB0120264991F820104A
:1089000008443C490860234890F8210000062149AA
:1089100091F8221000EB01401E4991F8231000EB62
:1089200001201C4991F8241044181A4890F8250099
:108930000006184991F8261000EB0140154991F8FE
:10894000271000EB0120134991F8281008442A4908
:1089500008600846006829490968884203D1284808
:1089600006F040FD08E024480378184802681648DD
:1089700001682046FCF742FF4FF416710548F7F7EF
:10898000FCFB00200C4908700149088000BF1DE76E
:108990001C000020680700207B2252656365697611
:1089A00065223A7B22537461747573223A31397DA2
:1089B0007D0A00005E0000206000002063000020AF
:1089C000C0210020240000202800002040000020BA
:1089D000300000203400002038000020500000202B
:1089E0004A0000204B0000204C0000204D000020D9
:1089F0004E00002054000020E0000020E400002091
:108A0000E403002010B50020994908809948407877
:108A100017286BD003DC38B116287DD135E0182833
:108A20007BD01928F9D1C6E0924880789249086035
:108A30009048C078914908708E4800799049087034
:108A40008C4840798F4908708A4880798E4908702F
:108A50008848C0798D490870002009E08549095C83
:108A6000834AB2F900205140814A1180411CC8B2AA
:108A70000828F3DB7F48007A7D49B1F9001088426D
:108A800002D1012082490870CAE07A48807A7A4986
:108A900008607848C07A794908707648007B784940
:108AA00008707448407B774908707248807B76492B
:108AB00008707048C07B75490870002009E06D4956
:108AC000095C6B4AB2F900205140694A1180411C8F
:108AD000C8B21028F3DB6748007C6549B1F9001083
:108AE000884202D101206A49087099E06148807883
:108AF000614908605F48C078604908705D48007946
:108B00005F4908705B4840795E4908705948807930
:108B10005D490870574801E07EE01BE0C0795B4981
:108B20000870002009E05349095C514AB2F900205D
:108B300051404F4A1180411CC8B20828F3DB4D4810
:108B4000007A4B49B1F90010884202D10120504906
:108B5000087065E04748407A474908604548807A90
:108B6000464908704348C07A454908704148007B2F
:108B7000444908703F48407B434908703D48807B2A
:108B800042490870002009E03A49095C384AB2F9C4
:108B900000205140364A1180411CC8B20F28F3DB37
:108BA0003448C07B3249B1F90010884202D101201B
:108BB0003749087034E02F48407A2F4908602D4823
:108BC000807A2E4908702B48C07A2D4908702948B0
:108BD000007B2C4908702748407B2B4908702548AA
:108BE000807B2A490870002009E02249095C204A5C
:108BF000B2F9002051401E4A1180411CC8B20F2812
:108C0000F3DB1C48C07B1A49B1F90010884202D13D
:108C100001201F49087003E000201D49087000BFB3
:108C200000BF1B480078A0B100201A4908601AA0B4
:108C300006F0D8FB0F49487804F0DAF900200C4917
:108C40000880134908704FF416710A48F7F795FA2F
:108C50000CE01EA006F0C6FB00200D490870044978
:108C600008804FF416710348F7F787FA10BD00002B
:108C70001C00002068070020500000204A0000204F
:108C80004B0000204C0000204D0000204E00002032
:108C900062000020300000207B2252656365697607
:108CA00065223A7B22537461747573223A32362CF2
:108CB0002254797065223A224368616E67654F6677
:108CC00047726F7570227D7D0A0000007B2252651D
:108CD0006365697665223A7B2253746174757322E9
:108CE0003A31397D7D0A000008B508490968C9088C
:108CF0004FF47A72B1FBF2F14143009100BF00BF23
:108D000000994A1E00920029F9D108BD7401002083
:108D1000014600BF080900EB8000420001F00F008F
:108D20001044C0B2704770B504460025F8F772FED3
:108D3000054607E0F8F76EFE401BB0F57A7F01D9D3
:108D4000032070BD2068406800F020000028F1D0AA
:108D50002068406840F01000216848600020F0E77B
:108D600070B5044600252068406820F01000216896
:108D70004860F8F74FFE054607E0F8F74BFE401B4A
:108D8000B0F57A7F01D9032070BD2068406800F0FB
:108D900020000028F1D00020F6E730B5014600227F
:108DA0000023002400200D68AD69AAB20D68ED69AA
:108DB000ACB20D68AD69ABB29A4205D00D68ED69F1
:108DC00063F31F45284601E044EA024030BDF0B598
:108DD00004460B460021002504F5FA61032B1BD243
:108DE000C3EBC30000EB03100926B0FBF6F0104400
:108DF000001D4618481E06EB90066427B0FBF7F0EE
:108E0000361A481EBF00B0FBF7F030440726B0FB0F
:108E1000F6F706FB17051AE0C3EBC30000EB0310DF
:108E20000926B0FBF6F01044001D084400EB910049
:108E30006426B1FBF6F6801B4FF4C876B1FBF6F65C
:108E40003044801E0726B0FBF6F706FB1705E8B294
:108E5000F0BD70B504460D4600262046FFF763FFBF
:108E600008B101260AE0280C21688861A8B22168AF
:108E7000C8612046FFF774FF00B10126304670BD7F
:108E80002DE9F14F9CB000200B900A90099000262C
:108E900009200890002007903520029000200190C2
:108EA000FCF7ECFFF4A006F09DFAF8F7B3FD039091
:108EB000B3E0F8F7AFFD0399401A42F22831884237
:108EC00008D9FBA006F08EFA0120FE4908601DB00B
:108ED000BDE8F08F4AF6AA20FB4909680860FB4804
:108EE000006870B1FA480078432803D0F848007849
:108EF000632806D1F7A006F075FA0020F349086050
:108F0000E5E719A8FCF7A0FB20B119A8FCF79CFB2A
:108F100000B182E010210020FCF79CFA00B17CE057
:108F20000DA90120FCF728FB00B176E09DF8348004
:108F30009DF8350008EB00201FFA80F89DF8367088
:108F40009DF8370007EB00279DF8380007EB004736
:108F50009DF8390007EB006708F40040B0F5004FBA
:108F600008D1C8F30E0846F6292088EA00084BF21B
:108F7000A62047404AF6AA20D34909680860E2487B
:108F80000078D0B914210620FCF764FA00B144E05F
:108F900005A91820FCF7FCFA00B13EE037210520B6
:108FA000FCF758FA00B138E006A91420FCF7F0FAF3
:108FB00000B132E00598C6B211E0D348007801282C
:108FC0000DD114210620FCF745FA00B125E005A9D2
:108FD0001820FCF7DDFA00B11FE00598C6B24AF68A
:108FE000AA20B94909680860002604A906A8F7F76D
:108FF000B5FD8246BAF1010F04D104A906A8F7F71E
:10900000ADFD8246BAF1000F02D0BAF15A0F02D17B
:109010000698019000E000E000E04AE700BF4AF651
:10902000AA20A94909680860B7480078012801D139
:109030000598C6B216B1701EC6B200E00D260C9699
:1090400000200A90814609E24AF6AA209E49096852
:10905000086009F101001FFA80F9B9F1320F00DB55
:10906000FDE119A8FCF7F0FA20B119A8FCF7ECFA19
:1090700000B1F3E14AF6AA20934909680860304636
:10908000F7F77EFF0546E91705EB9171881014216B
:10909000FCF7E0F988B119A8FCF7D6FA20B119A8B5
:1090A000FCF7D2FA00B1D9E1E91705EB917188100C
:1090B0001421FCF7CFF900B1D0E10DA92846FCF747
:1090C0005BFAF8B1E91705EB917188101421FCF7F0
:1090D000C1F988B119A8FCF7B7FA20B119A8FCF7B3
:1090E000B3FA00B1BAE1E91705EB917188101421C8
:1090F000FCF7B0F900B1B1E10DA92846FCF73CFA44
:1091000000B1ABE14FF00009002405E00DA8005DBF
:1091100015A90855601C84B2102CF7DB00200B90B9
:10912000002406E015A8005D0B9948400B90601CD8
:1091300084B20F2CF6DB9DF863100B98814208D0A7
:10914000002404E0002015A90855601C84B2102CEE
:10915000F8DB002406E015A8005DFF2800D003E03E
:10916000601C84B20F2CF6DB00BF0F2C08DB002440
:1091700004E0002015A90855601C84B2102CF8DB0F
:109180000A9A521C61A1634804F074FA614806F01F
:1091900029F90120F8F7B0F99DF859205EA15D4842
:1091A00004F068FA5B4806F01DF90120F8F7A4F90D
:1091B0004AF6AA204449096808609DF858005849B1
:1091C00008600846006800020860084600689DF8CC
:1091D00057100844524908600846006800020860B9
:1091E000084600689DF8561008444D490860084636
:1091F0004CA10268474804F03DFA464806F0F2F8F0
:109200000120F8F779F99DF85A000921B1EB201FE8
:109210000ADD9DF85A004FF4AF6101EB201244A122
:109220003C4804F027FA0AE09DF85A00562101EB69
:10923000201000F214523EA1364804F01BFA3548C3
:1092400006F0D0F80120F8F757F99DF85A0000F021
:109250000F023AA12F4804F00DFA2E4806F0C2F88A
:109260000120F8F749F94AF6AA2017490968086069
:109270009DF85B2034A16BE07B22526563656976C3
:1092800065223A7B22537461747573223A32367DBB
:109290002C2243223A7B2254797065223A2252656D
:1092A0006164436172645461626C65227D7D0A0071
:1092B0007B2243223A7B22537461747573223A31C4
:1092C0007D7D0A0090020020540D0020180000202F
:1092D000680700207B2252656365697665223A7BC8
:1092E00022537461747573223A32367D2C224322E4
:1092F0003A7B2254797065223A2243616E73656C21
:10930000227D7D0A00000000A1020020526F773DFF
:1093100025642A00280B00204F503D25642A0000B8
:10932000980200204574656261723D25752A00002F
:10933000596561723D25642A000000004D6F6E740E
:10934000683D25642A0000004461793D25642A00B7
:109350004B4804F08FF94A4806F044F80120F8F72A
:10936000CBF89DF85E004749086008460068000297
:109370000860084600689DF85D100844414908608F
:109380000846006800020860084600689DF85C1006
:1093900008443C49086008463BA10268384804F08C
:1093A00069F9374806F01EF80120F8F7A5F89DF88E
:1093B00060003449086008460068000208600846FA
:1093C00000689DF85F1008442E490860084632A1E5
:1093D00002682B4804F04EF9294806F003F80120F2
:1093E000F8F78AF89DF861202DA1254804F042F98C
:1093F000234805F0F7FF0120F8F77EF84AF6AA2087
:109400002A49096808609DF8622029A11C4804F0D7
:1094100031F91B4805F0E6FF0120F8F76DF89DF8DB
:10942000542025A1164804F025F9154805F0DAFF67
:109430000120F8F761F80A98401CC1B20A911C9803
:10944000814200DB0BE016B1701EC6B200E00D26B3
:109450004AF6AA2015490968086000BFF4E500BF74
:10946000B9F1320F07DA0A20F8F746F84AF6AA20CF
:109470000E490968086001201249086000BF26E50E
:10948000280B00209802002052656D4574656261CA
:10949000723D25752A0000004449443D25752A0087
:1094A000486F75723D25642A00000000540D0020AD
:1094B0004D696E3D25642A005365633D25642C0A81
:1094C00000000000900200202DE9F74FFEB00E468C
:1094D000DFF85893D6487D906FEA09007C90D44815
:1094E000C0437B90D3487A90002074900CE0DDF864
:1094F000D0A17E9810F80AA00DF5A67B74980BF801
:1095000000A07498401C74907498B042EFD3314618
:109510000F4680200DF5A67A0AF801004FF0000AE8
:109520000DF5A67B481C0BF800A053A8405C529098
:10953000491C08464FEAE17A01EB9A6A4FEAAA1AF7
:10954000A1EB8A1ACDF844A1DDF844A1BAF1380F95
:1095500004DA5198C0F13800519003E05198C0F1FD
:1095600078005190002306E000200DF5A67A0AF855
:109570000100491C5B1C51988342F5D34FF0000A4F
:109580000DF5A67B481C0BF800A0002306E0002088
:109590000DF5A67A0AF80100491C5B1C062BF6D3D0
:1095A000F8004FEAE07A00EB1A6ACAF3072A0DF5D1
:1095B000A67B0BF801A0491CF8004FEAE07A00EB0B
:1095C0001A6A4FEA2A2AA0EB0A2A0BF801A0491CC2
:1095D000002001EB030A0BF80A0008464FEAE17A83
:1095E00001EB9A6A4FEAAA1ACDF840A10023DCE009
:1095F00000202BE04FEA831A0AEB800A0DF5A67BC8
:109600001BF80AA04FEA0A6A4FEA831B0BEB800B98
:109610000BF1010B0DF5A67E1EF80BB00AEB0B4A01
:109620004FEA831B0BEB800B0BF1020B1EF80BB008
:109630000AEB0B2A4FEA831B0BEB800B0BF1030B9E
:109640001EF80BB0DA444DF820A0401C1028D1DBE6
:10965000102430E0E01E5DF82000A4F1080A5DF857
:109660002AA080EA0A00A4F10E0A5DF82AA080EA86
:109670000A00A4F1100A5DF82AA080EA0A004FEA65
:10968000400AE01E5DF82000A4F1080B5DF82BB045
:1096900080EA0B00A4F10E0B5DF82BB080EA0B0002
:1096A000A4F1100B5DF82BB080EA0B004AEAD070F1
:1096B0004DF82400641C502CCCD3CDF8E4917D9D52
:1096C000DDF8F0C1DDF8EC817A987890002059E05F
:1096D00013280CDC05EA0C0A28EA050B4AEA0B0AF7
:1096E000CDF8DCA1DFF850A1CDF8D8A129E02728DA
:1096F0000ADC85EA0C0A8AEA080ACDF8DCA1DFF860
:109700003CA1CDF8D8A11CE03B2810DC05EA0C0AEE
:1097100005EA080B4AEA0B0A0CEA080B4AEA0B0AAC
:10972000CDF8DCA1DFF818A1CDF8D8A109E085EAD1
:109730000C0A8AEA080ACDF8DCA1DFF808A1CDF806
:10974000D8A1DDF8E4A14FEA4A1B4BEADA6BDDF859
:10975000DCA1D344DDF8E0A1D344DDF8D8A1DA449C
:109760005DF820B0DA44CDF8D4A1CDF8E081E04630
:109770004FEA857A4AEA950C799DDDF8D4A1CDF8B7
:10978000E4A1401C5028A3DB799881447D982844AB
:109790007D907C9860447C907B9840447B90DDF881
:1097A000E0A17A9850447A905B1C50988342FFF471
:1097B0001FAF4FEA196010704FEA194050704FEA1E
:1097C0001920907082F803907D98000E10717D989A
:1097D000000C50717D98000A90717D98D0717C9832
:1097E000000E10727C98000C50727C98000A9072E7
:1097F0007C98D0727B98000E10737B98000C50738D
:109800007B98000A90737B98D0737A98000E10743E
:109810007A98000C50747A98000A90747A98C0B2C2
:10982000D0740DF5017DBDE8F08F00000123456780
:1098300089ABCDEFF0E1D2C39979825AA1EBD96E11
:10984000DCBC1B8FD6C162CAF8B504460D4616466D
:109850002B46002280212046009600F0F1FA28B124
:10986000606D40F0200060650320F8BD0020FCE73B
:1098700038B50BA000680090002400224FF48051FE
:109880000848F8F7C1F86423012269460648FAF748
:1098900065FC012211030348F8F7B6F838BD000053
:1098A00006000000000C0140200E002038B50446E0
:1098B0000DA00068009000224FF480510B48F8F78B
:1098C000A3F86423012269460948FAF747FC00948B
:1098D0006423012269460648FAF740FC012211037D
:1098E0000248F8F791F838BD01000000000C014073
:1098F000200E002038B504461BA00068009000250B
:109900002403FFF7B5FF00F00BF900224FF480515C
:109910001648F8F779F86423012269461448FAF7E3
:109920001DFCC4F3074000906423012269461048DF
:10993000FAF714FCC4F3072000906423012269465F
:109940000B48FAF70BFCE0B2009064230122694651
:109950000748FAF703FC012211030448F8F754F80A
:1099600000F0DEF838BD000020000000000C0140CF
:10997000200E0020FEB506460C46174624A00068BF
:1099800002900020019000224FF480512148F8F706
:109990003BF86420012301AA02A900901E48FAF7AF
:1099A000B4FCC4F3074002906420012301AA02A979
:1099B00000901948FAF7A9FCC4F30720029064202C
:1099C000012301AA02A900901348FAF79EFCE0B215
:1099D00002906420012301AA02A900900E48FAF720
:1099E00094FCFF200290002509E0642072190123F5
:1099F00002A900900848FAF788FC681C85B2BD42AD
:109A0000F3DB012211030348F7F7FEFFFEBD000060
:109A100003000000000C0140200E00203EB527A0EE
:109A20000068029000200190002400224FF4805131
:109A30002348F7F7E9FF6420012301AA02A9009057
:109A40002048FAF762FC002002906420012301AA5A
:109A500002A900901B48FAF758FC6420012301AAD0
:109A600002A900901748FAF750FC6420012301AACC
:109A700002A900901348FAF748FC6420012301AAC8
:109A800002A900900F48FAF740FC9DF804406420BA
:109A9000012301AA02A900900A48FAF736FC4FF602
:109AA000FF7000EA04249DF804000443012211031E
:109AB0000348F7F7A9FF20463EBD000090000000D4
:109AC000000C0140200E00200EB50020029011A0D5
:109AD0000068019000224FF480510F48F7F794FF7F
:109AE0006420012302AA01A900900C48FAF70DFC9A
:109AF000FF2001906420012302AA01A900900748D9
:109B0000FAF703FC012211030348F7F77DFF9DF8E4
:109B100008000EBD05000000000C0140200E0020D2
:109B200010B5002404E04AF6AA2005490968086037
:109B3000FFF7CAFF00F001000028F4D110BD0000BB
:109B4000540D00202DE9F0478046894616464FEA1D
:109B50001937C9F30B0ACAF58055F6F7BBFDBAF100
:109B6000000F03D117B13846FFF7C4FEAE4200DC48
:109B7000354669E04AF6AA20354909680860390384
:109B80004FF480523348FFF7F5FE002408E00AEB5B
:109B900004003049085CFF2800D003E0601C84B258
:109BA000AC42F4DB00BFAC4217DAF6F793FD38465F
:109BB000FFF7A0FE002407E018F8040004EB0A01F8
:109BC000244A5054601C84B2AC42F5DB39034FF494
:109BD0008052204800F0BAF804E02A464946404640
:109BE00000F0B4F8002404E000201A490855601C75
:109BF00084B2AC42F8DB2A4649461648FFF7BAFE63
:109C0000002408E01348005D18F80410884200D0D2
:109C100003E0601C84B2AC42F4DB00BFAC4202DA69
:109C20000120BDE8F087AE4200D10EE07F1C4FF06E
:109C3000000AA844A944701B86B2B6F5805F02DD15
:109C40004FF4805500E0354694E700BF0020E8E778
:109C5000540D0020DA2500202DE9F04707468846FC
:109C600016464FEA1839C8F30B0ACAF58055AE42BA
:109C700000DC354663E04FEA09314FF48052324848
:109C8000FFF778FE002408E00AEB04002E49085C88
:109C9000FF2800D003E0601C84B2AC42F4DB00BFBC
:109CA000AC4215DA4846FFF725FE002406E0385D91
:109CB00004EB0A01244A5054601C84B2AC42F6DB27
:109CC0004FEA09314FF480521F4800F03FF804E09A
:109CD0002A464146384600F039F8002404E00020C6
:109CE00019490855601C84B2AC42F8DB2A4641464B
:109CF0001548FFF73FFE002407E01348005D395D7B
:109D0000884200D003E0601C84B2AC42F5DB00BFA7
:109D1000AC4202DA0120BDE8F087AE4200D10FE08C
:109D200009F101094FF0000A2F44A844701B86B2C4
:109D3000B6F5805F02DD4FF4805500E035469AE7C6
:109D400000BF0020E7E70000DA2500202DE9F04100
:109D500007460E461446F0B2C0F58075AC4200DCF2
:109D6000254617E04AF6AA200C49096808602A46E9
:109D70003146384600F014F8AC4200D10BE02F44D5
:109D80002E44601B84B2B4F5807F02DD4FF48075F1
:109D900000E02546E6E700BFBDE8F081540D002055
:109DA0002DE9F84306460C46174622A000680090AD
:109DB0004FF00008FFF75CFD00224FF480511E4871
:109DC000F7F722FE6423012269461C48FAF7C6F918
:109DD000C4F3074000906423012269461748FAF74C
:109DE000BDF9C4F30720009064230122694613489B
:109DF000FAF7B4F9E0B200906423012269460F48F3
:109E0000FAF7ACF9002509E0705D00907119642340
:109E100001220A48FAF7A2F9681C85B2BD42F3DBB9
:109E2000012211030448F7F7EFFDFFF779FEBDE8C3
:109E3000F883000002000000000C0140200E00200A
:109E40002DE9F84F04460D4690461E46DDF8289051
:109E5000F7F7E0FDA0EB0900371AF7F7DBFD8246C4
:109E60002C480068C0F3CB307843009045E0701C6C
:109E7000002842D0F7F7CEFDA0EB0A00B84200D28E
:109E8000A7BB2068406820F0E00021684860606857
:109E9000B0F5827F0DD1A068B0F5004F03D0A06867
:109EA000B0F5806F05D12068006820F0400021687F
:109EB0000860A06AB0F5005F0DD100BF206800689F
:109EC00020F40050216808602068006840F40050C9
:109ED0002168086000BF012084F8510000BF002005
:109EE00084F8500000BF0320BDE8F88FFFE700981A
:109EF00000B900270098401E009020688068284024
:109F0000A84201D1012000E000204045AFD100204F
:109F1000EAE70000740100207047000070B50446B5
:109F20000D4616464AF6AA200449096808602A46E2
:109F300021463046FFF790FEC0B270BD540D0020A0
:109F40003EB5694619480068FBF79FFF01A918480C
:109F50000068FBF79AFF08208DF8080000201549DB
:109F60000880002409E01DF804001249098808440B
:109F700000B210490880601CC4B2092CF3DB0D4804
:109F800000788DF809000B480088000A8DF80A0057
:109F90006A460B214FF40120FFF7C0FF28B16A4643
:109FA0000B214FF40120FFF7B9FF3EBD0000002058
:109FB000040000201C00002070B505460C46104827
:109FC0000068604300F500162A4621463046FFF738
:109FD000A5FF88B12A4621463046FFF79FFF58B1BA
:109FE000FBF7C8FB06480068604300F500162A46E8
:109FF00021463046FFF792FFFBF7BCFB70BD000027
:10A000000000002030B58FB005460C4602208DF8C8
:10A0100034008DF8355005208DF83600E0B28DF80B
:10A020003700200A8DF8380085F005006040C0B286
:10A030008DF8390003208DF83A00224605A16846C4
:10A0400003F018FB684605F0CDF90A20F7F754FA3B
:10A050000FB030BD7B225061636B4E6F223A7B2282
:10A06000496478223A25757D7D0A000070B5044662
:10A070000D4629462046F7F7B5FC70BD70B504467D
:10A080000D461646324629462046F7F7BDFC70BD00
:10A0900070B500F06FF80546002411E0164800EB9B
:10A0A0004410C07F15490978884208D145FA04F266
:10A0B00002F00101104A02EB441000F021F8641C88
:10A0C000012CEBDB0D48007848B9002405E00A4973
:10A0D00001EB441000F091F8641C012CF7DB0748F9
:10A0E0000078401C0549087008460078052801DB07
:10A0F0000020087070BD0000602100208B0200204D
:10A1000010B58278002A33D0827962B901B110BDCE
:10A11000002242718279521C82710023C26820326F
:10A120004489135524E08279092A14DAC26820325E
:10A130004389D25C01F001034479A3401A43D3B2AE
:10A14000C2682032448913558279521C8271427947
:10A15000521C42710CE08279092A09D100228271D5
:10A16000827729B142891F2A02DA4289521C428130
:10A1700000BFCCE770B5002600242CE0184A02EBA3
:10A180004412918B164A02EB44129069FFF76EFF5E
:10A190000546134800EB44108079B0B9104800EB35
:10A1A0004410807F88B985B90E480078801C05214D
:10A1B00090FBF1F201FB1200094901EB4411C87751
:10A1C0000120074901EB4411887705F00100A04008
:10A1D0003043C6B2641C012CD0DB304670BD000099
:10A1E000602100208B02002070B504460D46A18A34
:10A1F0002A462069FFF742FF70BD10B5044660781B
:10A2000000283FD0207958B9012020700020E0704C
:10A2100000212046FFF7E8FF2079401C207131E043
:10A220002079092810DAE279E068805CE278104150
:10A2300000F001012046FFF7D7FF2079401C207174
:10A24000E078401CE0701DE02079092807D1012149
:10A250002046FFF7C9FF2079401C207112E02079C9
:10A260000A280FD100202071E079401CE071207A8B
:10A27000E179884203DD01202070607002E0002057
:10A280002070607010BD000010B5F7F78BFF074815
:10A290000088401C054908800548007820B9054819
:10A2A0000068401C0349086010BD000072000020D7
:10A2B0005F0000206C00002000B593B0282109A8A1
:10A2C000F5F75BFF142104A8F5F757FF0020009075
:10A2D0000190029003900D2009904FF480300A9075
:10A2E00000200B9001200C900D900F9002201090F8
:10A2F000C10311914FF4E011129109A8F9F7CEF9B9
:10A3000008B1F6F767F90F200490022005900020AD
:10A3100006904FF48060079000200890022104A866
:10A32000F9F770F808B1F6F755F9112000904FF4DD
:10A3300080700190002003906846F8F7C9FF08B1CB
:10A34000F6F748F9F9F724F913B000BD4FF00060B3
:10A35000014908607047000008ED00E010B50348AF
:10A36000FAF754FB0148FAF784FA10BD780E002082
:10A3700010B50268184B984208D0B0F1804F05D054
:10A38000164B984202D0164B984203D122F070022D
:10A390004B681A43104B984208D0B0F1804F05D05B
:10A3A0000E4B984202D00E4B984203D122F44072D9
:10A3B000CB681A4322F080034C6943EA040202602E
:10A3C0008B68C3620B688362034B984201D10B69AF
:10A3D00003630123436110BD002C014000040040D1
:10A3E0000008004030B50C46816821F47F4142EA04
:10A3F000032525432943816030BD0A46816821F049
:10A40000700142F0070319438160704730B50B4675
:10A410001446026A056A25F001050562816921F08A
:10A42000F00141EA041122F00A021A43816102623A
:10A4300030BD30B50B461446056A25F0100505629F
:10A440008169026A21F4704141EA043122F0A002DC
:10A4500042EA03128161026230BD70B505466C6A42
:10A460000020E085E0842046FAF7DEFA70BD01683E
:10A47000C96821F490710268D1600168496921F0CE
:10A48000010102685161016B012905D10168C968A8
:10A4900021F010010268D160202180F83E100021D7
:10A4A0000163704710B504462068C06820F0400082
:10A4B0002168C860202084F83D002046FAF752FD4C
:10A4C000002010BDF8B5044694F83E00222869D15A
:10A4D000A068B0F5805F0CD1206950B90025A66A4C
:10A4E00020684068C0F308003080A06A801CA06229
:10A4F00015E0A56A0026A068B0F5805F03D0A068CB
:10A5000028B9206918B920684068287004E02068DC
:10A51000406800F07F002870A06A401CA062E08DB7
:10A52000401E80B2E085A8BB2068C06820F02000F3
:10A530002168C8602068C06820F480702168C86005
:10A540002068406920F0010021684861202084F8DB
:10A550003E00206B01281ED1002020632068C068C7
:10A5600020F010002168C8602068006800F010002A
:10A5700010280AD100BF00200090206800680090D9
:10A5800020684068009000BF00BFA18D2046FAF708
:10A590004AFA03E004E02046FAF77AFC0020F8BD0E
:10A5A0000020FCE70220FAE770B50446216809693B
:10A5B00021F44051E2681143226811612269A168C7
:10A5C0001143626941EA02052168C96841F20C62DF
:10A5D000914329432268D1602168496921F440717F
:10A5E000A2691143226851612D4A2168914202D12A
:10A5F000F8F7EAFF01E0F8F7D7FF00EBC00101EB45
:10A60000001162689200B1FBF2F100EBC00202EBB4
:10A61000001263689B00B2FBF3F26423B2FBF3F217
:10A6200002EBC20303EB0212A1EB8201322202EB26
:10A6300001116422B1FBF2F101F0F00100EBC00264
:10A6400002EB001263689B00B2FBF3F26423B2FBDF
:10A65000F3F201EB021200EBC00101EB00116368A1
:10A660009B00B1FBF3F100EBC00303EB0013666842
:10A67000B600B3FBF6F36426B3FBF6F303EBC306B5
:10A6800006EB0313A1EB8301322303EB01116423D7
:10A69000B1FBF3F101F00F0111442268916070BD2C
:10A6A00000380140014691F83D00212828D18868F2
:10A6B000B0F5805F0BD1086948B90A6A1088C0F309
:10A6C00008000B685860086A801C086205E00B6A85
:10A6D000581C086218780B685860C88C401E80B2FD
:10A6E000C88458B90868C06820F080000B68D8603A
:10A6F0000868C06840F040000B68D86000207047D0
:10A700000220FCE72DE9F04104460D461746984625
:10A71000069E21E0701CF8B12EB1F7F77BF9A0EB93
:10A720000800B04218D92068C06820F4D0702168B1
:10A73000C8602068406920F001002168486120203D
:10A7400084F83D0084F83E0000BF002084F83C00FF
:10A7500000BF0320BDE8F081206800682840A842BF
:10A7600001D1012000E00020B842D3D00020F1E761
:10A7700010B50248FAF75AF910BD0000C00E0020CB
:10A7800009480068006800F0200020280AD1074826
:10A7900000680749074A1268885406480068401C48
:10A7A0000449086070470000040F00200444004082
:10A7B000100500202000002010B50E48FAF736F9E9
:10A7C0000C480068006800F02000202811D10A48D9
:10A7D0000068C1B209480A4A126881540021024641
:10A7E00007480068401C115405480068401C044993
:10A7F000086010BD480F002004480040FC090020FC
:10A80000580000202DE9F04104460D46D4F8B86206
:10A81000D4F8C072D4F8B80278B305EB850104F11E
:10A82000140000EB8100806808B305EB850104F19A
:10A83000140000EB810005EB8502816807F1280018
:10A8400000EBC2000069B1FBF0F200FB121070B91E
:10A85000002105EB850204F1140000EB8200816009
:10A8600000231A462946204600F0C4FE02E00020DC
:10A87000C6F814020020BDE8F081FFE70220FAE7E5
:10A8800070B504460E46D4F8B8523146204600F062
:10A8900056FDC5F80C02D4F8B80248B1D5F8040248
:10A8A000D4F8BC12CA6805F503719047002070BD4A
:10A8B0000220FCE770B504460E46002581212046A3
:10A8C00000F057FC0021E1620121204600F051FC1C
:10A8D0000021C4F86C118221204600F04AFC0021BE
:10A8E0002164D4F8B80250B1D4F8BC12486880474B
:10A8F000D4F8B80201F027F90020C4F8B8022846BD
:10A9000070BD70B50546D5F8B842D5F8BC0278B12F
:10A9100094F80002FF280BD094F8012294F800026A
:10A92000D5F8BC128B6821469847FF2084F80002B6
:10A93000002070BD01460A200880014870470000D1
:10A940007C01002001464320088001487047000038
:10A95000040200200146432008800148704700009F
:10A96000C0010020014643200880014870470000D4
:10A97000480200202DE9F04104460F460026207CC5
:10A9800088B94FF4007302228121204600F03EFD79
:10A990000121E1624B020222204600F037FD012135
:10A9A000C4F86C110FE0402302228121204600F000
:10A9B0002DFD0121E16240230222204600F026FD08
:10A9C0000121C4F86C11082303228221204600F0E3
:10A9D0001DFD012121644FF4077001F0B5F8C4F8A2
:10A9E000B802D4F8B80208B901261CE0D4F8B8526D
:10A9F000D4F8BC12086880470020C5F81402C5F8D6
:10AA00001802207C40B94FF4007301212046D5F88C
:10AA1000042200F013FD06E0402301212046D5F872
:10AA2000042200F00BFD3046BDE8F08170B504460D
:10AA3000D4F8B852D4F8B80298B1207C40B94FF499
:10AA4000007301212046D5F8042200F0F7FC06E04F
:10AA5000402301212046D5F8042200F0EFFC00201D
:10AA600070BD0220FCE70246022011B1C2F8BC1200
:10AA7000002070470246D2F8B832C3F80412002012
:10AA8000704710B50346D3F8B842C4F80812C4F8AA
:10AA90001022002010BD2DE9FC4105460C46D5F8DA
:10AAA000B8620020019000900027207800F060003C
:10AAB00040B320285FD1E088E0B1207800F080002A
:10AAC00060B1E2886078D5F8BC128B68314698474F
:10AAD000E2883146284600F0E6F812E0607886F811
:10AAE0000002A07986F80102E2883146284600F08B
:10AAF000B9F806E06078D5F8BC1200228B682146D0
:10AB000098473EE0607820B10A2812D00B282AD15D
:10AB10001FE095F89C02032805D1022269462846C9
:10AB200000F0C1F804E02146284600F08FF8022723
:10AB30001FE095F89C02032805D1012201A92846AF
:10AB400000F0B1F804E02146284600F07FF8022723
:10AB50000FE095F89C02032804D02146284600F017
:10AB600075F8022705E02146284600F06FF8022715
:10AB700000BF00BF05E02146284600F067F8022725
:10AB800000BF00BF3846BDE8FC8170B50546D5F86A
:10AB9000B842D5F8B802A8B1D4F8140280B901209F
:10ABA000C4F81402D4F810122963B4F8100283B266
:10ABB00081212846D4F8082200F01CFD002070BD39
:10ABC0000120FCE70220FAE770B504460D46D4F8F0
:10ABD000B4022946426820469047002070BD70B5F7
:10ABE00004460D4694F89C02012804D0022803D0A4
:10ABF00003280CD101E000BF00BF6888012805D1FF
:10AC00000020C4F8A402204600F05EF804E02946C3
:10AC1000204600F01BF800BF00BF70BD70B50646AF
:10AC20000C4615462B4622460021304600F006FC15
:10AC3000002070BD70B506460C4615462B462246D0
:10AC40000021304600F0D6FC002070BD70B50446EF
:10AC50000D468021204600F0A1FC0021204600F096
:10AC60009DFC70BD70B504460E4615460320C4F821
:10AC700094024FF4AE700551001D05512B4632462B
:10AC80000021204600F0DAFB002070BD10B504461C
:10AC90000520C4F8940200231A461946204600F005
:10ACA000CDFB002010BD70B504460E4615460220AF
:10ACB000C4F89402E56125622B4632460021204605
:10ACC00000F098FC002070BD10B504460420C4F8C4
:10ACD000940200231A461946204600F08BFC0020FF
:10ACE00010BD000070B505460C462DB92246064938
:10ACF00006A000F0D3F904E02246034903A000F0C7
:10AD0000CDF9014870BD000050120020434443209B
:10AD1000436F6E6669670000024612200880014892
:10AD2000704700000C01002070B505460C462DB997
:10AD30002246064906A000F0B1F904E02246034984
:10AD400003A000F0ABF9014870BD000050120020D4
:10AD500043444320496E7465726661636500000078
:10AD600002460420088001487047000020010020AE
:10AD700070B505460C462246024903A000F08EF944
:10AD8000004870BD501200204A6168616E476F73C1
:10AD90007461720070B505460C462DB9224606490D
:10ADA00006A000F07BF904E02246034903A000F06E
:10ADB00075F9014870BD0000501200204A616861B9
:10ADC0006E476F73746172506F72740070B5054690
:10ADD0000C461A202080F6F75DF9014870BD00008E
:10ADE0002401002070B504460D46E888012804D0EF
:10ADF00029462046FFF72AFF1EE094F89C0201280E
:10AE000004D0022803D0032810D109E000BF00209D
:10AE1000A060012204F108012046FFF744FF0AE088
:10AE20000122211D2046FFF73EFF04E0294620466F
:10AE3000FFF70CFF00BF00BF70BDF8B504460E461B
:10AE4000002000900027002570880012082875D285
:10AE5000DFE800F0C7040C20C7C7A5B5207CD4F8F4
:10AE6000B0120A68694690470746C1E0207C40B9A5
:10AE7000D4F8B402816A6846884707460220787091
:10AE800007E0D4F8B402C16A684688470746022042
:10AE90007870ADE0B078062878D2DFE800F00316CD
:10AEA000293C5063D4F8B002406838B1207CD4F813
:10AEB000B0124A6869469047074605E03146204689
:10AEC000FFF7C4FE681CC5B267E0D4F8B002806822
:10AED00038B1207CD4F8B0128A686946904707469A
:10AEE00005E031462046FFF7B1FE681CC5B254E0CC
:10AEF000D4F8B002C06838B1207CD4F8B012CA6867
:10AF000069469047074605E031462046FFF79EFE1A
:10AF1000681CC5B241E0D4F8B002006938B1207CA9
:10AF2000D4F8B0120A6969469047074605E03146F1
:10AF30002046FFF78BFE681CC5B22EE051E0D4F826
:10AF4000B002406938B1207CD4F8B0124A69694631
:10AF50009047074605E031462046FFF777FE681C1C
:10AF6000C5B21AE0D4F8B002806940B1207CD4F8B0
:10AF7000B0128A6969469047074606E006E0314606
:10AF80002046FFF763FE681CC5B206E03146204646
:10AF9000FFF75CFE681CC5B200BF00BF28E0207C44
:10AFA00030B9D4F8B402416B68468847074605E0DB
:10AFB00031462046FFF74AFE681CC5B218E0207CE7
:10AFC00040B9D4F8B402016B6846884707460720A9
:10AFD000787005E031462046FFF738FE681CC5B2A0
:10AFE00006E031462046FFF731FE681CC5B200BFBF
:10AFF00000BF05B1F8BDBDF8000088B1F08878B198
:10B00000F088BDF80010884202DDBDF8000000E0C5
:10B01000F0880090BDF8002039462046FFF743FE37
:10B02000F08810B92046FFF74FFE00BFE2E7014667
:10B03000002002E0421CD0B2491C0A78002AF9D153
:10B04000704770B504460D4694F89C02012804D060
:10B05000022803D003281AD101E000BF00BFE8880E
:10B06000022804D029462046FFF7F0FD14E0012015
:10B07000E060D4F8A40218B1E06840F00200E0609B
:10B08000022204F10C012046FFF70DFE04E02946E0
:10B090002046FFF7DBFD00BF00BF70BD2DE9F0418A
:10B0A00004460D4617460026FCB12046FFF7BFFFB9
:10B0B000022101EB400038803A783046711CCEB254
:10B0C0002A5403223046711CCEB22A540AE014F8E6
:10B0D000012B3046711CCEB22A5400223046711C1E
:10B0E000CEB22A5420780028F1D1BDE8F081014683
:10B0F000002031B1012906D0022906D0032908D148
:10B1000005E0002007E0022005E0012003E0022026
:10B1100001E0022000BF00BF704770B504460D4635
:10B1200016460CB9022070BDD4F8B40210B100204C
:10B13000C4F8B4020DB1C4F8B052012084F89C02E6
:10B140002670204600F004F90020ECE72DE9F041DC
:10B1500004460D46002600272946D4F8C002F7F71A
:10B160008DF906463046FFF7C2FF07463846BDE870
:10B17000F0812DE9F04104460D46002600272946BE
:10B18000D4F8C002F7F745F906463046FFF7AFFF9F
:10B1900007463846BDE8F0812DE9F04104460E46E9
:10B1A0001746002E64D104F11405D4F89402022845
:10B1B00048D1D5E90301884210D9D5E90301401AE5
:10B1C000E860A88982B239462046FFF733FD0023A4
:10B1D0001A461946204600F031F93EE02969A86870
:10B1E000B0FBF1F201FB1200B8B92969A8688842E6
:10B1F00013D3A868D4F8981288420ED200221146C0
:10B200002046FFF717FD0020C4F8980200231A46D5
:10B210001946204600F012F91FE0D4F8B402C068C5
:10B2200040B194F89C02032804D1D4F8B402C16858
:10B23000204688478021204600F0B0F92046FFF7DD
:10B2400025FD0AE0D4F89402042802D0D4F8940230
:10B2500018B98021204600F0A1F994F8A002012835
:10B2600018D1204600F0FAF9002084F8A00211E07D
:10B27000D4F8B402406950B194F89C02032806D176
:10B28000D4F8B402314642692046904702E00220D9
:10B29000BDE8F0810020FBE72DE9F04104460E46B1
:10B2A0001746BEBB04F5AA75D4F89402032825D12D
:10B2B000D5E90301884210D9D5E90301401AE860B5
:10B2C000D5E90301884201D2E86800E0286982B22A
:10B2D00039462046FFF7A2FC2FE0D4F8B4020069FB
:10B2E00040B194F89C02032804D1D4F8B402016957
:10B2F000204688472046FFF7E7FC1EE0D4F894027A
:10B3000005281AD10020C4F894020021204600F03C
:10B3100045F912E0FFE7D4F8B402806950B194F81F
:10B320009C02032806D1D4F8B40231468269204633
:10B33000904702E00220BDE8F0810020FBE770B5F5
:10B3400004460D462946D4F8C002F7F715FC70BD37
:10B3500010B504461D48C0F8E842C4F8C0021C48B5
:10B360001A490860082048600221184881600021BD
:10B370008161C1610162F7F7D6FD08B1F5F72AF9DD
:10B3800004F530741823002211462068F6F7FEFFFA
:10B390005823002280212068F6F7F8FFC0230022FE
:10B3A00081212068F6F7F2FF4FF488730022012113
:10B3B0002068F6F7EBFF2068A4F530744FF4807333
:10B3C00000228221F6F7E2FF002010BD201C0020A1
:10B3D000005C004010B50246D2F8C03201F0800097
:10B3E000802809D101F07F0000EB800403F12800E0
:10B3F00000EBC400807810BD01F07F0000EB8004FA
:10B4000003F5B47000EBC4008078F4E72DE9F04751
:10B4100004460F4615461E464FF00008C1462B460F
:10B4200032463946D4F8C002F7F7B1FB80464046B1
:10B43000FFF75DFE81464846BDE8F0872DE9F047FD
:10B4400004460D4616461F464FF00008C1463B46CF
:10B4500032462946D4F8C002F7F7DFFB8046404663
:10B46000FFF745FE81464846BDE8F08710B5044623
:10B470004023002211462046FFF7C8FF01214FF468
:10B48000AC70015140214FF4B270015140230022B1
:10B4900080212046FFF7BAFF0121A16140216162AE
:10B4A000012084F89C020020C4F894026060C4F873
:10B4B000A402D4F8B80228B12179D4F8B4024268C1
:10B4C00020469047002010BD014691F89C020428B8
:10B4D00003D191F89D0281F89C020020704710B5BD
:10B4E000044694F89C02032808D1D4F8B402C06939
:10B4F00020B1D4F8B402C16920468847002010BDAD
:10B5000002461174002070472DE9F04104460D46B3
:10B51000002600272946D4F8C002F7F7F3FD0646B7
:10B520003046FFF7E4FD07463846BDE8F08170B5C8
:10B5300004460D46294604F52A7000F073F80120F0
:10B54000C4F8940240F2AE20005BC4F8980294F86C
:10B55000A80200F01F0020B1012808D0022812D153
:10B560000BE004F52A71204600F041F913E004F5E0
:10B570002A71204600F0A8FA0DE004F52A71204651
:10B5800000F086F907E094F8A80200F08001204658
:10B5900000F004F800BF00BF002070BD2DE9F041AD
:10B5A00004460D46002600272946D4F8C002F7F7C6
:10B5B0005AFB06463046FFF79AFD07463846BDE877
:10B5C000F08170B5044600250026D4F8C002F7F7D4
:10B5D000BDFD05462846FFF78AFD0646304670BD8C
:10B5E000014691F89C0281F89D02042081F89C029A
:10B5F000002070472DE9F04704460D4616461F46C9
:10B600004FF00008C1463B4632462946D4F8C002F6
:10B61000F7F76DFB80464046FFF769FD81464846D7
:10B62000BDE8F0870A7802704A7842708B78CA7851
:10B6300003EB022242800B794A7903EB02228280DB
:10B640008B79CA7903EB0222C28070470246002040
:10B6500011B1C2F8B41200E0022070470146002088
:10B66000704770B504460D46A88810BBE88800BB3B
:10B67000688880281DD2A87800F07F0694F89C0284
:10B68000032804D129462046FFF7E0FA15E084F8A4
:10B690009E6231462046FFF737FF2046FFF714FB36
:10B6A0001EB1022084F89C0207E0012084F89C026D
:10B6B00003E029462046FFF7C9FA70BD70B504467D
:10B6C0000D460226D4F8B40238B1D4F8B4022946A3
:10B6D00002682046904700B90026304670BD000041
:10B6E00070B504460D46A8783649087008460078BB
:10B6F000012804DD29462046FFF7A8FA60E094F807
:10B700009C02022802D003284FD11CE02D4800786B
:10B71000A8B12C4800786060032084F89C02294876
:10B7200001782046FFF7CAFF022804D129462046A7
:10B73000FFF78CFA70BD2046FFF7C6FA02E02046FC
:10B74000FFF7C2FA3BE01F48007870B9022084F886
:10B750009C021C48007860601A4801782046FFF778
:10B7600033FA2046FFF7B0FA1EE016490978606800
:10B77000884216D021792046FFF726FA1148007832
:10B780006060104801782046FFF798FF022804D136
:10B7900029462046FFF75AFACCE72046FFF794FAED
:10B7A00002E02046FFF790FA09E029462046FFF71D
:10B7B0004DFA044801782046FFF706FA00BF00BFA3
:10B7C00000BFB7E77801002070B505460C466088D9
:10B7D000012804D1C5F8A4022846FFF775FA70BD08
:10B7E00010B504462046FFF7ECFE002010BD70B5F2
:10B7F00005460C460026207800F0600060B1202845
:10B8000002D040283CD100E000BFD5F8B402214668
:10B8100082682846904738E060780A2829D2DFE815
:10B8200000F01923281E280A0528140F214628464F
:10B83000FFF703FB22E021462846FFF712FF1DE039
:10B8400021462846FFF74CFF18E021462846FFF71F
:10B85000C9FA13E021462846FFF7F3FB0EE0214624
:10B860002846FFF7B1FF09E021462846FFF7B7F960
:10B8700004E021462846FFF7E9F900BF00BF04E0D5
:10B8800021462846FFF7E2F900BF00BF304670BDF1
:10B890002DE9F04105460E464FF000083479307826
:10B8A00000F0600060B1202802D0402871D100E093
:10B8B00000BFD5F8B402314682682846904700E1BF
:10B8C000307800F06000202809D1D5F8B402314664
:10B8D00082682846904780464046BDE8F0817078EF
:10B8E00000285ED001282FD0032876D195F89C023D
:10B8F000022802D0032820D110E054B1802C08D0B7
:10B9000021462846FFF74AFE80212846FFF746FEDB
:10B9100003E031462846FFF799F913E0708840B9F3
:10B920003CB1802C05D0F08818B921462846FFF795
:10B9300035FE2846FFF7C8F904E031462846FFF7F0
:10B9400085F900BF00BFB5E095F89C02022802D03F
:10B9500003281FD110E054B1802C08D0214628467E
:10B96000FFF71CFE80212846FFF718FE03E0314652
:10B970002846FFF76BF912E0708848B904F07F00A1
:10B9800018B121462846FFF7E1FB2846FFF79CF94E
:10B9900005E091E031462846FFF758F900BF00BFA7
:10B9A00088E095F89C02022802D0032876D126E090
:10B9B00034B1802C04D031462846FFF747F972E0B5
:10B9C00004F08000802809D104F07F0000EB8001A2
:10B9D00005F1140000EB810008E066E004F07F0050
:10B9E00000EB800105F5AA7000EB810007460020FE
:10B9F0003860022239462846FFF755F953E004F033
:10BA0000800080280ED104F00F0000EB800105F1CA
:10BA1000140000EB8100406898B931462846FFF7D2
:10BA200015F940E004F00F0000EB800105F5AA7065
:10BA300000EB8100406820B931462846FFF706F93F
:10BA400031E004F08000802808D104F07F0000EB92
:10BA5000800105F1140000EB810007E004F07F0095
:10BA600000EB800105F5AA7000EB810007460CB1E0
:10BA7000802C02D10020386009E021462846FFF7DB
:10BA8000A9FC10B10120386001E0002038600222DA
:10BA900039462846FFF707F905E0FFE73146284613
:10BAA000FFF7D4F800BF00BF04E031462846FFF797
:10BAB000CDF800BF00BF04E031462846FFF7C6F8C6
:10BAC00000BF00BF404608E770B505460C4600269B
:10BAD000207800F0600030B1202802D040282AD120
:10BAE00000E000BF00BF95F89C02012804D00228A6
:10BAF00003D0032818D101E000BF00BF207901283E
:10BB00000DDCD5F8B40221468268284690470646E7
:10BB1000E08840B93EB92846FFF7D6F803E0214651
:10BB20002846FFF793F804E021462846FFF78EF8F1
:10BB300000BF00BF04E021462846FFF787F800BF9A
:10BB400000BF002070BD70470146014870470000EB
:10BB50000C1F0020F0B5024600260878400032F89D
:10BB6000100048F68F1400EA0403C87830B10128A9
:10BB70000CD0022805D003280BD104E043F4007355
:10BB800009E000BF07E043F4C06304E043F48063CE
:10BB900001E0012600BF00BF43F4004040F08000F8
:10BBA0000C78640022F8140000BF0C78640032F8AE
:10BBB000144048F68F752C400D7844EA050040F497
:10BBC000004444F080040D786D0022F8154000BF59
:10BBD000087B00287ED14878002852D000BF10464C
:10BBE000B2F8505028440D7800F5806707EB051433
:10BBF000CD886D106D00258000BF00BF0C786400FB
:10BC000032F8140000F040048CB100BF0D786D00D4
:10BC100032F8155048F68F7705EA070444F40045DA
:10BC200045F0C0050F787F0022F8175000BF00BF15
:10BC3000C878012813D000BF0C78640032F8144093
:10BC400048F6BF7504EA050080F0200040F4004487
:10BC500044F080040D786D0022F815409EE100BF8D
:10BC60000C78640032F8144048F6BF7504EA050009
:10BC700040F4004444F080040D786D0022F8154033
:10BC80008CE100BF1046B2F8505028440D780427CC
:10BC900007EBC50500F5806707EB4504CD886D10FF
:10BCA0006D00258000BF00BF1546B2F85040254406
:10BCB0000C78062707EBC40405F5806707EB4404FE
:10BCC000204600BF0F6967B9078848F2FF3C07EAC2
:10BCD0000C0700E057E00780078847F4004707801B
:10BCE0001EE00F693E2F0DD800BF0F697C080F7C46
:10BCF00007F0010707B1641C4FF6FF7707EA8427B6
:10BD000007800DE000BF0F697C090F7C07F01F075B
:10BD100007B9641E4FF4004747EA8427078000BF35
:10BD200000BF00BF00BF0C78640032F8140000F4BC
:10BD300080448CB100BF0D786D0032F8155048F684
:10BD40008F7705EA070444F4004545F481450F78F0
:10BD50007F0022F8175000BF00BF00BF0C786400BE
:10BD600032F814404BF68F7504EA050080F48050D9
:10BD700080F4005040F4004444F080040D786D00DD
:10BD800022F815400AE100BF0C78640032F8144034
:10BD900048F68F7504EA050040F4004444F4C0748A
:10BDA0000D786D0022F8154000BF00BF00BF00BF36
:10BDB0001046B2F8505028440D7800F5806707EB24
:10BDC00005140D896D106D00258000BF00BF00BFF8
:10BDD00000BF1046B2F8505028440D78042707EBF6
:10BDE000C50500F5806707EB45044D896D106D00B2
:10BDF000258000BF00BF00BF487800285DD100BF8C
:10BE00000C78640032F8140000F480448CB100BF58
:10BE10000D786D0032F8155048F68F7705EA070463
:10BE200044F4004545F481450F787F0022F817500F
:10BE300000BF00BF00BF0C78640032F8140000F0AF
:10BE400040048CB100BF0D786D0032F8155048F6F3
:10BE50008F7705EA070444F4004545F0C0050F78E4
:10BE60007F0022F8175000BF00BF00BF0C786400AD
:10BE700032F814404BF68F7504EA050080F48050C8
:10BE800080F4005040F4004444F080040D786D00CC
:10BE900022F8154000BF00BF0C78640032F814404F
:10BEA00048F6BF7504EA050040F4004444F08004FD
:10BEB0000D786D0022F8154070E000BF0C7864002A
:10BEC00032F8140000F480448CB100BF0D786D008E
:10BED00032F8155048F68F7705EA070444F4004518
:10BEE00045F481450F787F0022F8175000BF00BF4E
:10BEF00000BF0C78640032F8140000F040048CB1EC
:10BF000000BF0D786D0032F8155048F68F7705EABE
:10BF1000070444F4004545F0C0050F787F0022F87F
:10BF2000175000BF00BFC878012813D000BF0C789D
:10BF3000640032F8144048F6BF7504EA050080F04A
:10BF4000200040F4004444F080040D786D0022F895
:10BF5000154011E000BF0C78640032F8144048F638
:10BF6000BF7504EA050040F4004444F080040D78F5
:10BF70006D0022F8154000BF00BF0C78640032F855
:10BF800014404BF68F7504EA050040F4004444F079
:10BF900080040D786D0022F8154000BF3046F0BDDA
:10BFA00010B50446002010BD30B50246087B0028BD
:10BFB0005BD1487860B300BF0B785B0032F81300A8
:10BFC00000F040038BB100BF0C78640032F81440DD
:10BFD00048F68F7504EA050343F4004444F0C004B6
:10BFE0000D786D0022F8154000BF00BF00BF0B7830
:10BFF0005B0032F8133048F6BF7403EA040040F4E3
:10C00000004343F080030C78640022F8143007E109
:10C0100000BF0B785B0032F8130000F480438BB153
:10C0200000BF0C78640032F8144048F68F7504EABB
:10C03000050343F4004444F481440D786D0022F874
:10C04000154000BF00BF00BF0B785B0032F8133013
:10C050004BF68F7403EA040040F4004343F080037E
:10C060000C78640022F81430DAE0487800286BD1AC
:10C0700000BF0B785B0032F8130000F480438BB1F3
:10C0800000BF0C78640032F8144048F68F7504EA5B
:10C09000050343F4004444F481440D786D0022F814
:10C0A000154000BF00BF00BF0B785B0032F81300E3
:10C0B00000F040038BB100BF0C78640032F81440EC
:10C0C00048F68F7504EA050343F4004444F0C004C5
:10C0D0000D786D0022F8154000BF00BF00BF0B783F
:10C0E0005B0032F8133048F68F7403EA040040F422
:10C0F000004343F0C0030C78640022F8143000BF02
:10C1000000BF0B785B0032F813304BF68F7403EAF4
:10C11000040040F4004343F080030C78640022F8EC
:10C12000143000BF00BF0B785B0032F8133048F6C4
:10C13000BF7403EA040040F4004343F080030C782A
:10C14000640022F814306BE000BF0B785B0032F81B
:10C15000130000F480438BB100BF0C78640032F808
:10C16000144048F68F7504EA050343F4004444F490
:10C1700081440D786D0022F8154000BF00BF00BF5C
:10C180000B785B0032F8130000F040038BB100BF66
:10C190000C78640032F8144048F68F7504EA050301
:10C1A00043F4004444F0C0040D786D0022F81540BB
:10C1B00000BF00BF00BF0B785B0032F8133048F6B9
:10C1C0008F7403EA040040F4004343F481430C7885
:10C1D000640022F8143000BF00BF0B785B0032F817
:10C1E000133048F6BF7403EA040040F4004343F000
:10C1F00080030C78640022F8143000BF00BF0B7875
:10C200005B0032F813304BF68F7403EA040040F4FD
:10C21000004343F080030C78640022F8143000BF20
:10C22000002030BD014600207047014600207047C5
:10C2300010B50446012024F8400F00202080A08083
:10C240002082403C10BD01464FF43F42B1F840000F
:10C250009043A1F84000002070470246002070473C
:10C2600030B50246087B002865D1487888B300BF06
:10C270000B785B0032F8130000F040038BB100BF75
:10C280000C78640032F8144048F68F7504EA050310
:10C2900043F4004444F0C0040D786D0022F81540CA
:10C2A00000BF00BFC878012845D000BF0B785B00F5
:10C2B00032F8133048F6BF7403EA040080F020001F
:10C2C00040F4004343F080030C78640022F81430FB
:10C2D00031E0FFE700BF0B785B0032F8130000F499
:10C2E00080438BB100BF0C78640032F8144048F6EC
:10C2F0008F7504EA050343F4004444F481440D7847
:10C300006D0022F8154000BF00BF00BF0B785B0036
:10C3100032F813304BF68F7403EA040080F4805037
:10C3200080F4005040F4004343F080030C78640034
:10C3300022F8143000BF002030BD10B50246487806
:10C3400098B100BF0B785B0032F8133048F6BF7429
:10C3500003EA040080F0100040F4004343F080033F
:10C360000C78640022F8143013E000BF0B785B00F7
:10C3700032F813304BF68F7403EA040080F48050D7
:10C3800040F4004343F080030C78640022F814303A
:10C3900000BF002010BD2DE9F04706460C4660782E
:10C3A000012876D12169A069884201D9256900E078
:10C3B000A569207BA0B9ABB2E2883046616900F084
:10C3C000F4FD00BF3046B6F8502010442278022316
:10C3D00003EBC20200F5806303EB42010D8081E3B1
:10C3E000E07802287DD12169206A88427AD900BF8D
:10C3F0002178490036F8111048F68F7201EA0200E0
:10C4000040F4004141F4C0712278520026F8121025
:10C4100000BF206A401B20622078400036F81000E0
:10C4200000F0400000287DD000BF3346607888BB14
:10C4300000BF3246B6F850100A4421784FF0060982
:10C4400009EBC10102F5806909EB4101084600BF13
:10C4500075B9B0F8009048F2FF3A09EA0A09A0F865
:10C460000090B0F8009049F40049A0F8009021E055
:10C470003E2D10D800BF690805F00109B9F1000F81
:10C4800000D0491C4FF6FF7909EA8129A0F80090F5
:10C4900010E03DE310E000BF690905F01F09B9F1A4
:10C4A000000F00D1491E4FF4004949EA8129A0F844
:10C4B000009000BF00BF0FE0607801280CD1B6F8F3
:10C4C000500003442078062101EBC00003F5806191
:10C4D00001EB400CACF8005000BF6789ABB23A46A4
:10C4E00001E057E12CE13046616900F05EFD6069D2
:10C4F000284460612169206A884203D9206A401B70
:10C50000206202E0256A0020206200BF6078C0BB84
:10C5100000BF3246B6F850100A442178022303EBDC
:10C52000C10100E049E002F5806303EB41010846E8
:10C5300000BF55B9038848F2FF3C03EA0C030380AF
:10C54000038843F40043038019E03E2D0BD800BF5D
:10C55000690805F0010303B1491C4FF6FF7303EAB4
:10C56000812303800BE000BF690905F01F0303B9B5
:10C57000491E4FF4004343EA8123038000BF00BFFC
:10C5800012E0FFE7607801280ED100BF3046B6F810
:10C59000502010442278022303EBC20200F580638E
:10C5A00003EB42010D8000BF00BF2789ABB23A46C2
:10C5B0003046616900F0F9FC94E200BF6078B0BBDE
:10C5C00000BF3246B6F850100A442178022303EB2C
:10C5D000C10102F5806303EB4101084600BF55B974
:10C5E000038848F2FF3C03EA0C030380038843F40A
:10C5F0000043038019E03E2D0BD800BF690805F009
:10C60000010303B1491C4FF6FF7303EA8123038042
:10C610000BE000BF690905F01F0303B9491E4FF481
:10C62000004343EA8123038000BF00BF12E0FFE71D
:10C63000607801280ED100BF3046B6F85020104473
:10C640002278022303EBC20200F5806303EB420170
:10C650000D8000BF00BF2789ABB23A463046616902
:10C6600000F0A3FC6069284460612169206A884267
:10C6700003D9206A401B206202E0256A0020206264
:10C6800000BF3346607880BB00BF3246B6F850101A
:10C690000A4421784FF0060909EBC10102F58069CF
:10C6A00009EB4101084600BF75B9B0F8009048F2A7
:10C6B000FF3A09EA0A09A0F80090B0F8009049F49E
:10C6C0000049A0F8009020E03E2D0FD800BF690877
:10C6D00005F00109B9F1000F00D0491C4FF6FF79B0
:10C6E00009EA8129A0F800900FE010E000BF690975
:10C6F00005F01F09B9F1000F00D1491E4FF40049A0
:10C7000049EA8129A0F8009000BF00BF0FE06078DF
:10C7100001280CD1B6F8500003442078062101EB23
:10C72000C00003F5806101EB400CACF8005000BF85
:10C730006789ABB23A463046616900F036FCD1E118
:10C74000256A00BF2178490036F8111048F68F623B
:10C7500001EA020040F4004141F0800122785200D9
:10C7600026F8121000BF00BF3046B6F85020104423
:10C770002278022303EBC20200F5806303EB42013F
:10C780000D8000BF2789ABB23A463046616900F0A0
:10C790000CFCA7E100BF2178490036F8111048F6DB
:10C7A0008F7201EA020040F4004141F4C071227826
:10C7B000520026F8121000BF206A401B2062207829
:10C7C000400036F8100000F0400000287DD000BF87
:10C7D0003346607880BB00BF3246B6F850100A443A
:10C7E00021784FF0060909EBC10102F5806909EBD8
:10C7F0004101084600BF75B9B0F8009048F2FF3A11
:10C8000009EA0A09A0F80090B0F8009049F400493C
:10C81000A0F8009020E03E2D0FD800BF690805F079
:10C820000109B9F1000F00D0491C4FF6FF7909EA60
:10C830008129A0F800900FE010E000BF690905F021
:10C840001F09B9F1000F00D1491E4FF4004949EA10
:10C850008129A0F8009000BF00BF0FE06078012898
:10C860000CD1B6F8500003442078062101EBC0003B
:10C8700003F5806101EB400CACF8005000BF678904
:10C88000ABB23A463046616900F08FFB60692844DC
:10C8900060612169206A884203D9206A401B2062B6
:10C8A00002E0256A00202062002D56D000BF60788B
:10C8B000C0BB00BF3246B6F850100A4421780223AC
:10C8C00003EBC10102F5806300E047E003EB4101A7
:10C8D000084600BF55B9038848F2FF3C03EA0C0341
:10C8E0000380038843F40043038019E03E2D0BD8F6
:10C8F00000BF690805F0010303B1491C4FF6FF733F
:10C9000003EA812303800BE000BF690905F01F03E0
:10C9100003B9491E4FF4004343EA8123038000BF5B
:10C9200000BF12E0FFE7607801280ED100BF30465B
:10C93000B6F8502010442278022303EBC20200F51F
:10C94000806303EB42010D8000BF00BF2789ABB2BB
:10C950003A463046616900F028FBC3E000BF6078CA
:10C96000B0BB00BF3246B6F850100A44217802230B
:10C9700003EBC10102F5806303EB4101084600BFF0
:10C9800055B9038848F2FF3C03EA0C03038003888F
:10C9900043F40043038019E03E2D0BD800BF690823
:10C9A00005F0010303B1491C4FF6FF7303EA81232D
:10C9B00003800BE000BF690905F01F0303B9491E9E
:10C9C0004FF4004343EA8123038000BF00BF12E01D
:10C9D000FFE7607801280ED100BF3046B6F850203E
:10C9E00010442278022303EBC20200F5806303EBBC
:10C9F00042010D8000BF00BF2789ABB23A463046E6
:10CA0000616900F0D2FA6069284460612169206A96
:10CA1000884203D9206A401B206202E0256A002078
:10CA20002062A5B300BF3346607888BB00BF3246A2
:10CA3000B6F850100A4421784FF0060909EBC101FD
:10CA400002F5806909EB4101084600BF75B9B0F8ED
:10CA5000009048F2FF3A09EA0A09A0F80090B0F8FD
:10CA6000009049F40049A0F8009021E03E2D10D834
:10CA700000BF690805F00109B9F1000F00D0491C99
:10CA80004FF6FF7909EA8129A0F8009010E029E02B
:10CA900010E000BF690905F01F09B9F1000F00D1CE
:10CAA000491E4FF4004949EA8129A0F8009000BFCF
:10CAB00000BF0FE0607801280CD1B6F850000344A5
:10CAC0002078062101EBC00003F5806101EB400CEA
:10CAD000ACF8005000BF6789ABB23A463046616996
:10CAE00000F063FA00BF2178490036F8111048F6CB
:10CAF000BF7201EA020080F0100080F0200040F4D4
:10CB0000004141F080012278520026F8121005E21F
:10CB1000207BA0BB2169A069884204D92569A0694E
:10CB2000401BA06102E0A5690020A06100BF324661
:10CB3000B6F850100A442178062303EBC10102F530
:10CB4000806303EB4101084600BF55B9038848F2F2
:10CB5000FF3C03EA0C030380038843F40043038093
:10CB60001AE03E2D0CD800BF690805F0010303B19F
:10CB7000491C4FF6FF7303EA812303800CE00DE0AC
:10CB800000BF690905F01F0303B9491E4FF40043B4
:10CB900043EA8123038000BF00BFA9E1E0780228B7
:10CBA0007DD100BF00BF6078E0BB00BF3246B6F861
:10CBB00050100A442178022303EBC10102F580637F
:10CBC00003EB4101084600BF236953B9038848F2CB
:10CBD000FF3C03EA0C030380038843F40043038013
:10CBE0001EE023693E2B0DD800BF23695908237C22
:10CBF00003F0010303B1491C4FF6FF7303EA8123DD
:10CC000003800DE000BF23695909237C03F01F0353
:10CC100003B9491E4FF4004343EA8123038000BF58
:10CC200000BF13E0FFE7607801280FD100BF304656
:10CC3000B6F8502010442278022303EBC20200F51C
:10CC4000806303EB4201228A0A8000BF00BF00BF5D
:10CC500033466078E8BB00BF3246B6F850100A444D
:10CC600021784FF0060909EBC10102F5806909EB53
:10CC70004101084600BFD4F81090B9F1000F0FD160
:10CC8000B0F8009048F2FF3A09EA0A09A0F80090CB
:10CC9000B0F8009049F40049A0F800902EE06BE055
:10CCA000D4F81090B9F13E0F14D800BFD4F810900A
:10CCB0004FEA590194F8109009F00109B9F1000FF9
:10CCC00000D0491C4FF6FF7909EA8129A0F80090AD
:10CCD00014E015E000BFD4F810904FEA591194F811
:10CCE000109009F01F09B9F1000F00D1491E4FF44F
:10CCF000004949EA8129A0F8009000BF00BF10E078
:10CD0000607801280DD1B6F8500003442078062140
:10CD100001EBC00003F5806101EB400C208AACF808
:10CD2000000000BF00BFE069002824D02078400048
:10CD300036F8108008F4804010B108F0400038B98F
:10CD400008F48040002816D108F04000002812D1D5
:10CD500000BF00BF2178490036F8111048F68F72E5
:10CD600001EA020040F4004141F0C0012278520083
:10CD700026F8121000BFBBE0E07801287CD12169C1
:10CD8000A069884204D92569A069401BA06102E01E
:10CD9000A5690020A06100BF00BF6078B0BB00BFE4
:10CDA0003246B6F850100A442178022303EBC10141
:10CDB00002F5806303EB4101084600BF55B90388C3
:10CDC00048F2FF3C03EA0C030380038843F400436A
:10CDD000038019E03E2D0BD800BF690805F0010360
:10CDE00003B1491C4FF6FF7303EA812303800BE074
:10CDF00000BF690905F01F0303B9491E4FF4004342
:10CE000043EA8123038000BF00BF12E0FFE76078A0
:10CE100001280ED100BF3046B6F8502010442278C9
:10CE2000022303EBC20200F5806303EB42010D8095
:10CE300000BF00BF00BF3346607890BB00BF3246E2
:10CE4000B6F850100A4421784FF0060909EBC101E9
:10CE500002F5806909EB4101084600BF85B9B0F8C9
:10CE6000009048F2FF3A09EA0A09A0F80090B0F8E9
:10CE7000009049F4004900E037E0A0F8009020E07D
:10CE80003E2D0FD800BF690805F00109B9F1000F68
:10CE900000D0491C4FF6FF7909EA8129A0F80090DB
:10CEA0000FE010E000BF690905F01F09B9F1000F9C
:10CEB00000D1491E4FF4004949EA8129A0F80090A9
:10CEC00000BF00BF0FE0607801280CD1B6F8500019
:10CED00003442078062101EBC00003F5806101EBDB
:10CEE000400CACF8005000BF02E00120BDE8F08724
:10CEF00000BF2178490036F811104BF68F7201EA15
:10CF0000020080F4805080F4005040F4004141F071
:10CF100080012278520026F8121000BF0020E5E7B9
:10CF200001460020A1F844004FF43F42A1F8402000
:10CF30007047000010B50248F5F704FF10BD00006F
:10CF4000201C00200146B1F8440070472DE9F04351
:10CF500004460E4615464FEA530CA046304608F5E7
:10CF6000806909EB450267460AE01188921C01704E
:10CF7000401C4FEA112980F80090401C921C7F1E33
:10CF8000002FF2D103F00109B9F1000F01D011888F
:10CF90000170BDE8F083024600207047024611B9D7
:10CFA0008020A2F84C00002070472DE9F04704468D
:10CFB0000D461E4606F1010A4FEA5A08A1462846C8
:10CFC00009F5806A0AEB420347460BE090F800C07F
:10CFD000401C90F800A04CEA0A2119809B1C9B1C65
:10CFE000401C7F1E002FF1D1BDE8F08700BFFEE797
:10CFF0002DE9F04F9BB00446002017901690202199
:10D000000EA8F3F7BAF8002500260020059004903A
:10D010000390FE49086014B98DF83A000FE1162C10
:10D0200066D1FB4890F802B08DF83AB09DF83A000E
:10D03000642803DB00201BB0BDE8F08F9DF83A00A8
:10D04000002801DA0020F6E7F148C0788DF83B00AF
:10D05000EF4800798DF83C00ED4840798DF83D00AF
:10D060004AF6AA20EB49096808609DF83B000028B1
:10D070000FDB9DF83C0001280BDB9DF83C000C28E1
:10D0800007DC9DF83D00012803DB9DF83D001F28CB
:10D0900004DDE1A002F0A6F90120CCE7DC488079AC
:10D0A0008DF83E00DA48C0798DF83F009DF83E00CB
:10D0B000172803DC9DF83F003B2804DDD6A002F0D2
:10D0C00091F90120B7E7D248007A8DF84000D048A6
:10D0D000407A8DF841009DF84000172803DC9DF848
:10D0E00041003B289ADDCCA002F07CF90120A2E7A8
:10D0F000172C93D0182C51D1C54880788DF83B005F
:10D10000C348C0788DF83C00C14800798DF83D00D7
:10D110009DF83B0000280FDB9DF83C0001280BDB4D
:10D120009DF83C000C2807DC9DF83D00012803DB3E
:10D130009DF83D001F2804DDB7A002F053F901203F
:10D1400079E7B34840798DF83E00B14880798DF891
:10D150003F009DF83E00172803DC9DF83F003B2868
:10D1600004DDADA002F03EF9012064E7A848C079D3
:10D170008DF84000A648007A8DF841000020AB49A8
:10D1800008709DF84000172803DC9DF841003B28FB
:10D1900055DDA1A002F026F901204CE7192C4ED153
:10D1A0009B4880788DF83B009948C0788DF83C000A
:10D1B000974800798DF83D009DF83B0000280FDB73
:10D1C0009DF83C0001280BDB9DF83C000C2807DC97
:10D1D0009DF83D00012803DB9DF83D001F2804DD7C
:10D1E0008DA002F0FFF8012025E7894840798DF8ED
:10D1F0003E00874880798DF83F009DF83E00172853
:10D2000003DC9DF83F003B2804DD83A002F0EAF830
:10D21000012010E77E48C0798DF840007C48007AF4
:10D220008DF841009DF84000172803DC9DF841006F
:10D230003B2804DD78A002F0D5F80120FBE64AF691
:10D24000AA207449096808602046E11704EB1161BF
:10D250000912A4EB0121C9B28DF83810E11704EBD3
:10D260001161090A8DF839100025002004E00EA98B
:10D27000095C4D40411CC8B20F28F8DB8DF84750BF
:10D28000F4F7C8FB8246B6E14AF6AA20614909686C
:10D290000860F4F7BFFBA0EB0A0042F2107188426D
:10D2A00004D963A002F09EF80120C4E65748006844
:10D2B00090B157480078632803D055480078432838
:10D2C00007D160A002F08EF80020504908600120CC
:10D2D000B1E600204D49086018A8F8F7B5F920B16B
:10D2E00018A8F8F7B1F900B185E110210020F8F78E
:10D2F000B1F870B118A8F8F7A7F920B118A8F8F795
:10D30000A3F900B177E110210020F8F7A3F800B1EC
:10D3100071E106A90120F8F72FF900B16BE19DF842
:10D3200018709DF8190007EB00279DF81A809DF8EA
:10D330001B0008EB00289DF81C0008EB00489DF836
:10D340001D0008EB006807F40040B0F5004F08D15D
:10D35000C7F30E0746F6292047404BF2A62088EA7D
:10D3600000084AF6AA202B490968086039210420E0
:10D37000F8F770F870B118A8F8F766F920B118A896
:10D38000F8F762F900B136E139210420F8F762F8C4
:10D3900000B130E106A91120F8F7EEF8C8B1392143
:10D3A0000420F8F757F870B118A8F8F74DF920B134
:10D3B00018A8F8F749F900B11DE139210420F8F760
:10D3C00049F800B117E106A91120F8F7D5F800B126
:10D3D00011E10025002004E006A9095C4D40411C34
:10D3E000C8B20F28F8DB4FF000099DF82700A842CB
:10D3F00005D19DF818909DF8190009EB00294AF60F
:10D40000AA20044909680860002035E018000020BF
:10D4100068070020540D00207B2243223A7B2253D0
:10D420007461747573223A327D7D0A004E000020CB
:10D430007B2243223A7B22537461747573223A3102
:10D440007D7D0A007B2252656365697665223A7BA1
:10D4500022537461747573223A32367D2C22432232
:10D460003A7B2254797065223A2243616E73656C6F
:10D47000227D7D0A000000005F49087048708870B6
:10D48000C870AB200871CD2048711220F8F702F95E
:10D4900000B1B0E04C4549D002A905A8F3F75EFB06
:10D4A0000646012E04D102A905A8F3F757FB06464C
:10D4B0000598039016B15A2E00D09CE0059888B3C9
:10D4C00001204E4908704E4908704E490870B9F164
:10D4D000170F02D0B9F1190F02D102204949087083
:10D4E00001204949087000231A4618460599F8F7A3
:10D4F00085F9002044490870424908703F49087086
:10D500003F49087002A905A8F3F728FB0646012E3B
:10D5100004D102A905A8F3F721FB06461EB15A2E35
:10D5200001D068E002E0059800B164E02046E11710
:10D5300004EB11610912A4EB0121C9B28DF8381076
:10D54000E11704EB1161090A8DF839108DF83AB032
:10D5500000254AF6AA202D4909680860002004E049
:10D560000EA9095C4D40411CC8B20F28F8DB8DF8AC
:10D57000475039210420F7F76DFF70B118A8F8F76C
:10D5800063F820B118A8F8F75FF800B133E039214B
:10D590000420F7F75FFF00B12DE00EA91120F8F786
:10D5A00079F8C8B139210420F7F754FF70B118A8F1
:10D5B000F8F74AF820B118A8F8F746F800B11AE0D1
:10D5C00039210420F7F746FF00B114E00EA911201D
:10D5D000F8F760F800B10EE00399059843463A4623
:10D5E000CDE900010AA11A4800F044F8184801F0FA
:10D5F000F9FE00201FE547E6C02100208C02002034
:10D600008D0200208E0200209C020020540D00207C
:10D610007B2243223A7B22537461747573223A3021
:10D620002C225543223A25752C224944223A25754D
:10D630002C22457465626172223A25752C22507243
:10D6400065457465626172223A25757D7D0A000028
:10D65000280B00200FB4054B10B503A9044A02980B
:10D6600000F048F810BC5DF814FB000009DF00086A
:10D67000AC0200200FB4084B10B504A902AA03980D
:10D6800000F038F8044602A9002000F05EFA2046B7
:10D6900010BC5DF814FB00004BDB0008024800687A
:10D6A000C0F30220704700000CED00E010B5002828
:10D6B00004DB0A07130E054A135406E00A07140E8A
:10D6C000034A00F00F031B1FD45410BD00E400E018
:10D6D00018ED00E002E008C8121F08C1002AFAD1C4
:10D6E00070477047002001E001C1121F002AFBD1E2
:10D6F000704700002DE9FF4F8DB00F46054600260C
:10D7000006E025280BD0DDE90F1290476D1C761C32
:10D7100028780028F5D111B03046BDE8F08F0024FC
:10D72000A246A1460122E94900E0044315F8013F61
:10D73000203B02FA03F00842F7D128782A2810D0BB
:10D740006FF02F022878A0F13001092914D80AEBD4
:10D750008A0102EB410144F0020400EB010A6D1C56
:10D76000F0E701CF5FEA000A03D544F40054CAF1A0
:10D77000000A44F002046D1C28782E2817D115F8F1
:10D78000010F44F004042A280ED06FF02F022878ED
:10D79000A0F1300109290AD809EB890102EB410106
:10D7A00000EB01096D1CF2E757F8049B6D1C28780B
:10D7B0006C280FD006DC4C2817D068280DD06A28BA
:10D7C00014D104E0742810D07A280FD10DE044F46D
:10D7D00000140AE044F4801401E044F44014697831
:10D7E000814202D104F580146D1C6D1C28786E28CE
:10D7F0001ED00CDC632830D004DC00288BD05828E5
:10D8000011D19FE0642867D069280CD164E07328A7
:10D810002DD004DC6F2872D0702804D194E07528D4
:10D820006ED078286DD0DDE90F129047761C4BE161
:10D83000C4F30250022806D0032809D0042801CFDF
:10D8400009D0066040E101CFF117C0E900613BE17A
:10D8500001CF068038E1067036E117F8040B8DF829
:10D86000000000208DF80100EB46012003E057F88E
:10D8700004BB4FF0FF3061074FF0000102D40DE010
:10D8800008F10101884649450FDA8045F8DB1BF8AD
:10D8900008100029F4D108E008F10101884681420E
:10D8A000FADB1BF808100029F6D1DDE90F23AAEBFB
:10D8B00008008146214600F031F9304400EB0806AB
:10D8C00004E0DDE90F121BF8010B9047B8F10108E5
:10D8D000F7D221464846F2E00A21C4F302524FF043
:10D8E000000B0891022A04D001CFC117032A09D0E6
:10D8F0000AE0FF1D27F00707F7E8020108E02CE027
:10D900001EE01FE000B2C117042A01D140B2C117C6
:10D91000021E71F1000206DA0023D0EB030063EB74
:10D9200001012D2202E0220504D52B228DF82420AE
:10D93000012203E0E20701D02022F7E7904653E0FE
:10D940000A210BE0102109E010214FF0000B44F0F8
:10D9500004044FF00809089103E008214FF0000B80
:10D960000891C4F30252022A04D001CF0021032AF5
:10D9700006D006E0FF1D27F00707F7E8020103E0E5
:10D9800080B2042A00D1C0B24FF0000822072BD584
:10D990002A78702A07D0DDF820C08CF0100C5CEAE1
:10D9A0000B0C05D00EE040228DF82420012208E067
:10D9B00050EA010306D030238DF824308DF825205D
:10D9C00002229046089B83F0080353EA0B030BD115
:10D9D00050EA010201D1620706D530228DF82420D9
:10D9E0004FF00108A9F101092A78582A04D038A279
:10D9F0000B9208AA0A920BE03AA2F9E75B46089A52
:10DA0000F2F7CDFB0B9B9B5C0A9A521E0A92137095
:10DA100050EA0102F2D10A98ADEB000000F1200BB0
:10DA2000600702D524F4803401E04FF00109D945A4
:10DA300002DDA9EB0B0000E0002000EB0B014144EC
:10DA40000890AAEB010AE00306D4DDE90F23214682
:10DA5000504600F063F806444FF0000908E009A9B9
:10DA600011F80900DDE90F12904709F10109761C50
:10DA7000C145F4DBE0030CD5DDE90F232146504618
:10DA800000F04CF8064404E0DDE90F123020904726
:10DA9000761C0899481E08900029F5DC08E00A98D1
:10DAA0000A990078491C0A91DDE90F129047761C0B
:10DAB000BBF10001ABF1010BF1DC21465046DDE981
:10DAC0000F2300F019F806446D1C21E60928010017
:10DAD00030313233343536373839616263646566E4
:10DAE00000000000303132333435363738394142A6
:10DAF00043444546000000002DE9F041044600255E
:10DB00001E461746880404D405E039462020B04755
:10DB10006D1C641EF9D52846BDE8F0812DE9F04161
:10DB2000044600251E469046C80301D5302700E074
:10DB30002027880404D505E041463846B0476D1CCF
:10DB4000641EF9D52846BDE8F0810A68531C0B60B5
:10DB50001070704710B50120F3F7CEFC0BA001F058
:10DB600041FC00201649086001201649087016493A
:10DB7000087016490870002015490870154908708A
:10DB80004FF416711448F2F7F8FA10BD7B22526573
:10DB90006365697665223A7B2253746174757322DA
:10DBA0003A32367D2C2243223A7B22547970652208
:10DBB0003A2243616E73656C227D7D0A000000008D
:10DBC000240000205C0000205F0000206100002095
:10DBD000700000205D00002068070020014601F071
:10DBE000030090B96420B1FBF0F200FB121050B9B1
:10DBF0004FF4C870B1FBF0F200FB121008B901201D
:10DC000070470020FCE70120FAE70020F8E7000059
:10DC100010B590B0342103A8F2F7AFFA48A103C9B8
:10DC2000CDE901014848807800044749C97800EBF4
:10DC30000121454800790C1824B944A001F0D2FB19
:10DC400010B010BD4048407801281FD131208DF818
:10DC500009004548454908600520486000214348BF
:10DC60008160C16001610C21416100218161C1615C
:10DC7000F7F702F808B1F2F7ADFC3C480068C0685D
:10DC800040F0200039490968C86049E02E484078D2
:10DC900002281ED132208DF8090035483549086028
:10DCA0000846446000218160C16001610C2141612E
:10DCB00000218161C161F6F7DFFF08B1F2F78AFC4C
:10DCC0002C480068C06840F020002A490968C860F4
:10DCD00026E01D48407803281ED133208DF8090026
:10DCE0002548264908600846446000218160C160DB
:10DCF00001610C21416100218161C161F6F7BCFF26
:10DD000008B1F2F767FC1D480068C06840F02000C9
:10DD10001A490968C86003E00CA001F063FB8FE7B3
:10DD2000234601AA16A103A8FFF7A4FC03A801F04B
:10DD300059FB0A210448F2F720FA00BF80E70000EF
:10DD40005553415254300000680700207B22526531
:10DD50006365697665223A7B225374617475732218
:10DD60003A3139307D7D0A0000380140C00E002074
:10DD700000440040040F002000480040480F0020ED
:10DD80007B22434252223A7B225374617475732280
:10DD90003A302C22496E73223A25732C22425222A9
:10DDA0003A25757D7D0A000010B586B00446F3F76C
:10DDB00071FC012004900F48039000200190012085
:10DDC000029005A901A8F3F7ABFB78B9F3F700FCC3
:10DDD0000598401C10B1002006B010BD24B9FF22E8
:10DDE00010210548F2F7C2F90120F5E7F3F7F0FB3F
:10DDF0000020F1E700FC01085021002000B50022BE
:10DE00001021104600F002F800BD000030B50346B6
:10DE10005818402801D9002030BD18460FE02AB11B
:10DE2000094C044494F8004C1470521C102805D27C
:10DE3000054C044494F8004C044D2C54401CCC1860
:10DE40008442ECD80120E7E700F0010850210020CF
:10DE50002DE9F04706468946154606EB090040289D
:10DE600002D90020BDE8F0870DB90020FAE7F3F7EA
:10DE700011FC002413E02A5D601C285C42EA0020AB
:10DE8000C3170746A019094A81183A460120F3F73B
:10DE9000A9FB18B1F3F79CFB0020E3E7A41C4C4559
:10DEA000E9D3F3F795FB0120DCE7000000FC010853
:10DEB00010B506A001F096FA0020114908704FF441
:10DEC00016711048F2F759F910BD00007B22526517
:10DED0006365697665223A7B225374617475732297
:10DEE0003A32367D2C2243223A7B225479706522C5
:10DEF0003A22457465626172227D7D0A000000004D
:10DF00005C0000206807002013B50C46012168461C
:10DF1000F2F704FB0120F3F7EFFA00981CBD0000B4
:10DF200010B5002821D0114B0022001F196803E012
:10DF3000814203D80A4649680029F9D152B11368D1
:10DF4000841A9C4204D1006818441060104602E014
:10DF5000506000E0186039B102680B1A934203D197
:10DF60000B681A4402604968416010BDB00200208D
:10DF700000B585B00120F3F7BFFA00221549164815
:10DF8000F5F71CFE002215491348F5F7B9FD1348B3
:10DF9000007812498978114A5278104BDB78CDE924
:10DFA0000132CDE903100B4880780090094843788E
:10DFB00002780BA11948FFF75DFB184801F012FA2F
:10DFC0000120F3F799FA4FF416711548F2F7D5F8D6
:10DFD00005B000BDD0000020B40D0020D30000200B
:10DFE0007B2254223A7B2248223A25642C224D225D
:10DFF0003A25642C2253223A25642C2259223A25B0
:10E00000642C226D223A25642C2244223A25642C69
:10E010002257223A25647D7D0A000000C0090020B5
:10E020006807002038B504460D460A202B462246D4
:10E03000482100900248F3F7DBFD0249087038BD23
:10E04000600D00209800002038B504460D460A20D7
:10E050002B462246482100900248F3F775FF0249FB
:10E06000087038BD600D00209800002070B504468F
:10E070000D46002617E0012251020C48F3F7C4FCBC
:10E080002846F3F739FA00224FF400710748F3F7F6
:10E09000BBFC2846F3F730FA012251020348F3F79C
:10E0A000B3FC701CC6B2A642E5DB70BD000801409F
:10E0B0002DE9F04FADF5057D24217CA8F2F75DF840
:10E0C00000201790169010907C480068401E0F901A
:10E0D00000200E9000247AA001F084F98648008880
:10E0E0004EF61671884206D084A001F07BF90DF53A
:10E0F000057DBDE8F08F7148006830B9854800683B
:10E1000018B985A001F06EF9F1E700248148006894
:10E1100060B16A48006828B16848046847F2C710CF
:10E120000F9003E0002447F2C7100F90BFE04AF6BB
:10E13000AA207F490968086004EBC4014FF400126B
:10E1400002EB81007CAA2421F7F7C6FE9DF8F001BE
:10E1500008287DD11098401C10909DF8F1019DF881
:10E16000F21100EB01209DF8F31100EB01409DF846
:10E17000F41100EB016016909DF8F5019DF8F61181
:10E1800000EB01209DF8F71100EB01409DF8F8111C
:10E1900000EB016017909DF8F90115909DF8FAA128
:10E1A0009DF8FB019DF8FC1100EB01209DF8FD118D
:10E1B00000EB01409DF8FE1100EB01659DF8FF01A9
:10E1C0009DF8001200EB01209DF8011200EB0140C8
:10E1D0009DF8021200EB01669DF803029DF80412FF
:10E1E00000EB01209DF8051200EB01409DF806129E
:10E1F00000EB01679DF807029DF8081200EB012073
:10E200009DF8091200EB01409DF80A1200EB01682D
:10E210009DF80B029DF80C1200EB01209DF80D12E9
:10E2200000EB01409DF80E1200EB01699DF80FB262
:10E230009DF8103214939DF8112213929DF812123A
:10E2400012919DF81302119011A80BC8149A00E0C6
:10E2500018E0CDE907ABCDE90589CDE90923CDE982
:10E260000B10169801A9E1C117980090314918A820
:10E27000159B109AFFF7FEF918A801F0B3F8642077
:10E28000F3F73AF92348006880B10C48006868B198
:10E290000F9884420AD10E9800B128E74FF0FF345E
:10E2A00006480068401E0F9001200E90641C0F98D5
:10E2B00084427FF63CAF00BF19E700000000002059
:10E2C0007B2252656365697665223A7B22537461CD
:10E2D000747573223A32367D2C224D656D223A7B5D
:10E2E0002254797065223A22526165645265636FE7
:10E2F0007264227D7D0A0000120000207B224D65A1
:10E300006D223A7B22537461747573223A2D317DEC
:10E310007D0A0000040000207B224D656D223A7BBF
:10E3200022537461747573223A337D7D0A000000B4
:10E33000540D00205C04010888B0F3F73FFFFBF7A1
:10E34000BBFFF7F72DFEF7F705FFF7F71BFFF7F712
:10E350003BFFF7F75DFFF7F7C9FEF7F78FFFF7F71A
:10E36000A5FFF7F7BFFFF7F7E1FEF748F6F7C6F9A5
:10E37000F6480068C06840F02000F4490968C860A9
:10E380000A20F3F7B9F8F2480068C06840F02000AE
:10E39000EF490968C860EF480068C06840F0200095
:10E3A000EC490968C8600020EB490860F9F7CAF930
:10E3B000F7F7ECFDFFF722FD1E210720FFF756FEC1
:10E3C0004FF47A70F3F798F8F7F7A8FF4FF47A70E4
:10E3D000F3F792F800224FF40041E048F3F714FB02
:10E3E00040F2E970F3F788F84AF6AA20DC49096898
:10E3F000086040F2E970F3F77FF80122D103D748B3
:10E40000F3F702FB0120D74908704AF6AA20D44945
:10E4100009680860FBF702FBD349088008460088BA
:10E420004EF61671884206D11022D049D0A0FBF7D3
:10E4300089FBF7F763FDF7F7A9FDF1F72DFFF3F778
:10E44000E9FA0546F3F7E6FA9AE3F3F7E3FA401B35
:10E4500040F6B831884205D3F3F7DCFA0546C7A089
:10E4600000F0C0FFCC48007858B1F9F76BF94AF6D4
:10E47000AA20BB4909680860F7F738FE0120F3F7C6
:10E480003BF84AF6AA20B64909680860C3480088E4
:10E4900000287DD00120F3F72FF8C14800785628D6
:10E4A0004CD026DC2A2874D012DC092872D008DC73
:10E4B000012870D002286FD003286ED008286DD1B3
:10E4C000B9E010286BD011286AD02328F7D1CAE010
:10E4D000472866D006DC422842D0452875D0462819
:10E4E000EDD110E14E2871D0502833D05128E6D11B
:10E4F00011E171286BD010DC672869D006DC5A283E
:10E5000067D0632872D06628D9D1ECE068286ED035
:10E510006E286DD07028D2D193E0772869D006DCC0
:10E52000722823D0732871D07528C8D10CE08028B8
:10E5300050D0812854D0FE28C1D1FEE001F080F9EE
:10E540000120984908706FE101F0A6FB0120954970
:10E55000087069E1F2F700F901209249087063E15F
:10E56000FFF756FB01208F4908705DE18EA000F097
:10E5700039FF0A20F2F7C0FF00BF00BF00BF00BF95
:10E5800000BFBFF34F8F00BF00BF00BF8D4809E041
:10E590005AE162E044E02DE032E038E035E12DE17F
:10E5A00087E07AE0006800F4E06087490843001DD6
:10E5B0008449086000BF00BF00BFBFF34F8F00BF9A
:10E5C00000BF00BF00BF00BFFDE752E093E0A8E03E
:10E5D00055E05CE001F05CFA01207249087023E12B
:10E5E000FFF7C6FC01206F4908701DE15BE02EE0DB
:10E5F00071E09CE001F006FB01206A49087013E11C
:10E6000001F04AFB0120674908700DE15DE001223D
:10E610006E496F48F8F798FE01206249087003E1DF
:10E62000FBF7FCF9064631466AA0FFF713F8012014
:10E630005C490870F8E001F0C3FA012059490870FC
:10E64000F2E0F9F7F5F8012056490870ECE0FAF726
:10E65000D9F9012053490870E6E0012064490870A7
:10E6600050490870E0E00120624908704D49087087
:10E67000DAE0FFF71DFC01204A490870D4E0484960
:10E680004878FAF7FDFB012046490870CCE001F01C
:10E69000C1FB012043490870C6E001F087FC01205E
:10E6A00040490870C0E0FFF755FA01203D49087065
:10E6B000BAE03B484078012800D100E000204E49F4
:10E6C0000870012037490870AEE001F08BF9012095
:10E6D00034490870A8E031216E2000F0BFFD012010
:10E6E00030490870A0E03121662000F0B7FD01201C
:10E6F0002C49087098E032216E2000F0AFFD012017
:10E700002849087090E03221662000F0A7FD012022
:10E710002449087088E000F019FC012021490870A4
:10E7200082E0FFF7C5FC01201E4908707CE001F083
:10E7300089FA01201B49087076E0F1F70DFF0120EE
:10E740001849087070E00000780E0020040F0020C7
:10E75000480F0020C00E00202000002000080140CB
:10E76000540D00200A00002012000020F0FF0700D6
:10E7700051574552545955494F5000007B2252651C
:10E780007175657374223A7B2253746174757322B8
:10E790003A36397D7D0A0000980000200C000020E8
:10E7A00068070020610000207B225265636976655E
:10E7B000223A7B22537461747573223A37307D7D1F
:10E7C0000A0000000CED00E00000FA0599000020AE
:10E7D0003C0D00207B224D656D223A7B22566572EE
:10E7E00073696F6E223A307825587D7D0A000000EB
:10E7F0006000002070000020EC0000200020E149B3
:10E8000008600120E04908700EE0E0A000F0EAFD99
:10E810001320E54908700020DB490870F1F71EFE5F
:10E820000020E249086000BF00BF1320DE490870E5
:10E830000020D5490870DD490860DD490880DD49C0
:10E8400008800120F2F758FEDB48007808B1F9F79C
:10E850008DFFDA48007820B1F9F75CFC0120D84937
:10E860000870D848006880B14FF49670F2F744FE03
:10E87000D4480168D44800F0D7FD0020D149086091
:10E880004FF49671D048F1F778FCD04800883228D0
:10E8900007DD0020CD4908804FF40071CC48F3F724
:10E8A000A9F8CC48F6F7D0FE01281AD1C948F6F7E6
:10E8B000CBFE012815D1C8480078012807D1F3F70D
:10E8C000A9F8C64908600220C349087008E0C24898
:10E8D000007828B90020C249C87088704870087054
:10E8E0004EE1BC480078BE490978884226D1B94833
:10E8F0004078BB494978884220D1B6488078B849E9
:10E90000897888421AD1B348C078B549C978884215
:10E9100014D1B148007802280FD1F3F77BF8AF4942
:10E920000968401AC82804D8F3F774F8AB4908609E
:10E9300026E10020A849087000E021E10020A64956
:10E9400008701021F6F786FD70B1A248F6F77CFE3C
:10E9500020B1A048F6F778FE00B111E110210020A7
:10E96000F6F778FD00B10BE19E490120F6F704FEB1
:10E9700000287DD100BF05E09649095C984A1154F2
:10E98000411CC8B20428F7DB002005E09549095C6A
:10E99000954A1154411CC8B21028F7DBC92093498D
:10E9A0000870002008E09049095C904A12785140B4
:10E9B0008E4A1170411CC8B20F28F4DB89480078D8
:10E9C0008B49086087484078096801EB0020884936
:10E9D000086084488078874908608248C078096860
:10E9E00001EB0020834908607E480079096801EB4B
:10E9F0000040804908607B484079096801EB00606D
:10EA00007C4908607A48006800F40040B0F5004F87
:10EA100013D177480068C0F30E00754908600846B6
:10EA2000006846F62921484071490860714800682D
:10EA30004BF2A62148406F4908606F4800780028D3
:10EA40007DD06E480078B0B96D48007880F0010044
:10EA50006B490870F2F7DEFF001BB0F57A7F0AD32E
:10EA6000002057490870F2F7D5FF0446594800E0E6
:10EA700085E000F041FB63480078E8BB0020624974
:10EA800008605C4800686149096888425BD1604859
:10EA9000F1F792FE88BB5F485F49604A604BCDE961
:10EAA0000432CDE906105A495E4802685E480068A3
:10EAB000554B1B68CDE90030CDE9022108465B4A81
:10EAC000524903681320F7F773FC3749087008466A
:10EAD0000078092803D00846007801281ED14D4847
:10EAE0004D494E4A4E4BCDE90432CDE90610484A15
:10EAF0004C4800684C4901E039E02FE00968424B7E
:10EB00001B68CDE90031CDE902021046474A3F4972
:10EB100003681320F7F74CFC234908703C48F1F7D1
:10EB20004BFED8B93E4800680090394803681E483B
:10EB300002783FA12B48FEF79DFD2A4800E01AE02D
:10EB400000F050FC0AE036480368314844A10268EE
:10EB50002448FEF78FFD234800F044FC2948007844
:10EB600080F00100274908700020244908706420C3
:10EB7000F2F7C2FC03E032210A20FFF777FA00BF68
:10EB800063E40000E8000020610000207B22526561
:10EB90006365697665223A7B2253746174757322CA
:10EBA0003A31397D7D0A0000150000201800002050
:10EBB0000C0000200E0000206000002070000020EB
:10EBC000D700002058000020FC090020720000201F
:10EBD0000008014075000020D8000020DC00002063
:10EBE0007A000020D80C0020B80C0020740000200F
:10EBF0008400002080000020090000205D0000202B
:10EC00005C0000205F000020300000206400002035
:10EC10003C00002049000020480000202C0000207B
:10EC2000440000203800002034000020680000204C
:10EC30007B2243223A7B22537461747573223A25F6
:10EC4000752C22457465626172223A25752C22501A
:10EC50007265457465626172223A25757D7D0A0090
:10EC60007B2243223A7B22537461747573223A31BA
:10EC7000302C22457465626172223A25752C22502F
:10EC80007265457465626172223A25757D7D0A0060
:10EC90002DE9F041ADF5047D012601254FF0000876
:10ECA00000270020474908800120F2F725FC0024B6
:10ECB0005BE04AF6AA2044490968086000204149FF
:10ECC0000880424908804249086029461E20FBF717
:10ECD00099F9F2F79FFE80460DE04AF6AA203A49DC
:10ECE00009680860F2F796FEA0EB080042F6E061C2
:10ECF000884200D903E0334800880028EDD000BFE7
:10ED00000A20F2F7F9FB2846F2F764F9061E1AD139
:10ED100040F2071221462F48FAF714FF68B140F27B
:10ED2000071221462B48FAF70DFF30B12AA000F058
:10ED300059FB0DF5047DBDE8F081681C85B204F235
:10ED40000714002710E0052F03DD2CA000F04AFB7C
:10ED5000EFE700201B49088040F207111D48F1F73A
:10ED60000CFA781CC7B200E000BF642EA1D126D1F6
:10ED7000A4F20E2140F2071242A8FAF7FBFDA4F21A
:10ED8000071140F2071242A8FAF7F4FD40F2071209
:10ED900021466846FAF7EEFD1022214620A0FAF738
:10EDA000D1FE0A20F2F7A8FB102220491CA0FAF796
:10EDB000C9FE0A20F2F7A0FB1DA000F013FB00BF64
:10EDC000B7E700000C000020540D00200E000020CA
:10EDD00018000020680700207B225570646174656C
:10EDE0004669726D77617265223A7B225374617451
:10EDF0007573223A327D7D0A000000007B22557037
:10EE0000646174654669726D77617265223A7B222E
:10EE1000537461747573223A317D7D0A00000000DD
:10EE20004153444647484A4B4C000000F0FF07005E
:10EE30007B225570646174654669726D7761726595
:10EE4000223A7B22537461747573223A38357D0AF5
:10EE5000000000002DE9F04104460D460021002687
:10EE6000012200202346092111E00122002604E0AE
:10EE700002EB82077A00771CBEB28E42F8DBB3FB4E
:10EE8000F2F717B14F1CB9B203E04F1EB9B2002917
:10EE9000EBD100BFC8B2002112E0B3FBF2F730376C
:10EEA00007F0FF080F4601F1010C1FFA8CF105F87D
:10EEB0000780B3FBF2F702FB17330A27B2FBF7F226
:10EEC0008142EADBBDE8F081F0B50B30154D20F052
:10EED00007010024144A0FE003688B420BD38B42D6
:10EEE00005D95E1A43184768C3E9006700E0436824
:10EEF000136002C004E0021D10680028ECD1204617
:10EF0000002802D1286808B10020F0BD064A074851
:10EF10001060074A121A22F00702C0E900240120FB
:10EF20002860D7E7B4020020B00200205C36002041
:10EF3000583C002010B5044601231A4621460248D9
:10EF4000F5F7A7FF10BD0000480F00202DE9F04F96
:10EF5000DBB0242152A8F1F710F94FF0000AD34694
:10EF60005B4800884EF6167188427DD1594800787A
:10EF700000287AD157484078002876D15648006852
:10EF8000002873D054490968491E01EBC1014FF4B0
:10EF9000001202EB810052AA2421F6F79DFF9DF892
:10EFA0004801082879D19DF849019DF84A1100EBE4
:10EFB00001209DF84B1100EB01409DF84C1100EB36
:10EFC000016B9DF84D019DF84E1100EB01209DF85D
:10EFD0004F1100EB01409DF8501100EB016A9DF8C4
:10EFE00051919DF853019DF8541100EB01209DF8BB
:10EFF000551100EB01409DF8561100EB01649DF89E
:10F0000057019DF8581100EB01209DF8591100EBB4
:10F0100001409DF85A1100EB01659DF85B019DF8D8
:10F020005C1100EB01209DF85D1100EB01409DF8A3
:10F030005E1100EB01669DF85F019DF8601100EB29
:10F0400001209DF8611100EB01409DF8621100EB79
:10F0500001679DF863019DF8641100EB01209DF8A4
:10F06000651100EB014002E022E01DE018E09DF890
:10F07000661100EB016853464A46184907A8CDE9D6
:10F0800000B4CDE90478CDE90256FEF7F3FA07A8FB
:10F0900000F0A8F90A20F2F72FFA5BB0BDE8F08F74
:10F0A0000FA000F09FF9F8E70A4800F09BF9F4E799
:10F0B0000848007830B90748407818B908A000F02F
:10F0C00091F9EAE7034800F08DF900BFE5E7000099
:10F0D00012000020B8020020000000206005010896
:10F0E0007B224D656D223A7B2253746174757322C5
:10F0F0003A337D7D0A0000002DE9F0478AB00746CB
:10F10000F2F788FC814600200590049075E04AF6ED
:10F11000AA203A4909680860F2F77CFCA0EB0900D4
:10F12000B0F57A7F03D9FF200AB0BDE8F0873846F2
:10F13000F6F78AFA20B13846F6F786FA00B15CE0B5
:10F1400039210420F6F786F970B13846F6F77CFAD3
:10F1500020B13846F6F778FA00B14EE039210420A4
:10F16000F6F778F900B148E006A91120F6F704FA9D
:10F17000002841D10026002504E006A8405D464055
:10F18000681CC5B20F2DF8DB9DF82700B0422ED1C8
:10F190009DF818409DF8190004EB0020C4B264B13A
:10F1A000162C0AD0172C08D0182C06D0192C04D0F5
:10F1B00013A000F017F9FF20B6E79DF81A8004A904
:10F1C00005A8F1F7CBFC88B9DDE904108DE8130040
:10F1D000104803681048026810A11F48FEF74AFA59
:10F1E00082461D4800F0FEF800209DE705E004A0DF
:10F1F00000F0F8F8FF2097E700BF88E7540D0020E3
:10F200007B2243223A7B22537461747573223A3213
:10F210007D7D0A0084000020800000207B224322A4
:10F220003A7B224944223A25642C225543223A252E
:10F23000642C22457465626172223A25752C22483D
:10F2400065646965223A25642C224D6F64656C22E1
:10F250003A25647D7D0A0000280B002070B5044625
:10F260000D46312D2AD16E2C12D1012211022A48CD
:10F27000F2F7CAFB0120F2F73FF928A000F0B2F83C
:10F280000120324908704FF416713148F0F775FFCC
:10F29000662C13D100224FF480711F48F2F7B4FBA3
:10F2A0000120F2F729F92BA000F09CF80120274952
:10F2B00008704FF416712648F0F75FFF322D2AD1FF
:10F2C0006E2C12D1012291021348F2F79DFB01200E
:10F2D000F2F712F92BA000F085F801201B49087005
:10F2E0004FF416711A48F0F748FF662C13D100222C
:10F2F0004FF480610848F2F787FB0120F2F7FCF831
:10F300002CA000F06FF80120104908704FF416711E
:10F310000F48F0F732FF70BD000801407B225265B4
:10F320006365697665223A7B225374617475732232
:10F330003A32367D2C225231223A7B225374617448
:10F340007573223A32337D7D0A000000610000208F
:10F35000680700207B2252656365697665223A7BE7
:10F3600022537461747573223A32367D2C225231E5
:10F37000223A7B22537461747573223A32347D7D54
:10F380000A0000007B2252656365697665223A7B3C
:10F3900022537461747573223A32367D2C225232B4
:10F3A000223A7B22537461747573223A32337D7D25
:10F3B0000A0000007B2252656365697665223A7B0C
:10F3C00022537461747573223A32367D2C22523284
:10F3D000223A7B22537461747573223A32347D7DF4
:10F3E0000A0000002DE9F04104462046F0F7D0FE67
:10F3F000C5B200274FF47A7629462046F1F78EF8F9
:10F40000064600224FF400710648F2F7FDFA01208B
:10F41000F2F772F8012251020248F2F7F5FA30468B
:10F42000BDE8F081000801402DE9F04FA1B004468D
:10F430008846002700250026F748007828B90A20CA
:10F44000F2F75AF821B0BDE8F08FF34800780328AE
:10F450007ED12079092825D16079622822D1A0792E
:10F4600045281FD1E07970281CD1207C312819D182
:10F47000607C322816D1A07C342813D1E07C35285A
:10F4800010D1E07D1C280DD1207D30386421484307
:10F49000617D303901EB810100EB4101A07D303805
:10F4A0000F1803E0DDA0FFF79DFFCBE7002F66D12B
:10F4B0000026002507E0605D1C2803D1761C042E81
:10F4C00000D102E06D1C4545F5D900BFA81C205CA9
:10F4D0003038691C615C303901EB810100EB41007F
:10F4E00000F0FF09281D205C3038E91C615C3039D0
:10F4F00001EB810100EB410000F0FF0AA81D205C38
:10F500003038691D615C303901EB810100EB41004D
:10F5100000F0FF0B05F10800205C3038E91D615C4C
:10F52000303901EB810100EB4100C0B2209005F1C0
:10F530000A00205C303805F10901615C303901EBCB
:10F54000810100EB4100C0B21F9005F10B0000E00B
:10F55000A9E0205C1C2804D0002083468246814616
:10F5600020901F9801A9A1E8010E20980090B248B0
:10F570003A46B249036806A8FEF77CF88CE0372FBC
:10F580000DD1002001900290039004900090AA48B1
:10F590003A46AA49036806A8FEF76CF87CE04E2FAD
:10F5A0000DD1002001900290039004900090A24899
:10F5B0003A46A249036806A8FEF75CF86CE0802F83
:10F5C0000DD10020019002900390049000909A4881
:10F5D00003229A49036806A8FEF74CF85CE04B2F1B
:10F5E0000DD1002001900290039004900090924869
:10F5F0003A469249036806A8FEF73CF84CE03D2FD6
:10F600000DD10020019002900390049000908A4850
:10F610003A468A49036806A8FEF72CF83CE0332FE7
:10F620000DD1002001900290039004900090824838
:10F630003A468249036806A8FEF71CF82CE0132F0F
:10F640000DD10020019002900390049000907A4820
:10F650003A467A49036806A8FEF70CF81CE07F2FAB
:10F660000DD1002001900290039004900090724808
:10F6700001227249036806A8FDF7FCFF0CE0002098
:10F68000019002900390049000906B483A466B49B9
:10F69000036806A8FDF7EEFF06A8FFF7A3FE01200A
:10F6A000F1F72AFFCEE65C48007804287DD1A079E6
:10F6B00072287BD100250CE0605D882808D1681C89
:10F6C000205C022804D1A81C205C012800D102E0A3
:10F6D0006D1C4545F0D900BF454503D34FA0FFF74A
:10F6E00081FEAFE6E81C205C002879D1002608E006
:10F6F000A05D872804D1701C205C132800D102E093
:10F70000761C4645F4D900BF464500D3002676B99D
:10F71000002001900290039004900090E81C225C6D
:10F7200045484649036806A8FDF7A4FF53E0701D4D
:10F73000205C3038311D615C303901EB810100EB18
:10F74000410000F0FF0906F10800205C3038F11D8F
:10F75000615C303901EB810100EB410000F0FF0AF0
:10F7600006F10B00205C303806F10A01615C30398B
:10F7700001EB810100EB410000F0FF0B06F10E00F0
:10F78000205C303806F10D01615C303901EB8101FC
:10F7900000EB4100C0B2209006F11100205C30382F
:10F7A00006F11001615C303901E033E02FE001EB3C
:10F7B000810100EB4100C0B21F901F9801A9A1E890
:10F7C000010E20980090E81C225C1B481B4903682E
:10F7D00006A8FDF74FFF06A8FFF704FE12E0FFE7BB
:10F7E000002001900290039004900090E81C225C9D
:10F7F00011481249036806A8FDF73CFF06A8FFF769
:10F80000F1FD00BF00BF0120F1F776FE1AE603A06C
:10F81000FFF7E8FD00BF15E69D0000207B22502287
:10F820003A7B22726573706F6E7365436F646522F5
:10F830003A2D317D7D0A0000A0000020140401084B
:10F8400000B599B064216846F0F797FC40F2351294
:10F850002AA16846FDF70EFF6846FFF7C3FD4FF08B
:10F86000006000683549884203D135A0FFF7BAFD32
:10F870000CE04FF0006000683549884203D135A0A4
:10F88000FFF7B0FD02E037A0FFF7ACFD39A0FFF7AE
:10F89000A9FD0120F1F730FE3AA0FFF7A3FD0120FA
:10F8A000F1F72AFE3C4841683CA0FDF7D3FE012059
:10F8B000F1F722FE3CA0FFF795FD414800884EF687
:10F8C0001671884206D10120F1F716FE3DA0FFF720
:10F8D00089FD05E00120F1F70FFE3DA0FFF782FD55
:10F8E0000120F1F709FE3DA0FFF77CFD4FF41671F2
:10F8F0003B48F0F742FC19B000BD00007B2246698E
:10F90000726D77617265223A7B2246223A312C224F
:10F9100044657669636554797065223A22416D7554
:10F9200073656D656E745061726B222C2252656C2A
:10F9300065617365223A2564000000009041002053
:10F940002C22426F6F74566572223A31000000001B
:10F95000001A00202C22426F6F74566572223A32D0
:10F96000000000002C22426F6F74566572223A33F9
:10F97000000000002C224175746F53746172742270
:10F980003A3100002C2252656164657254797065C9
:10F99000223A504E35333200040F00202C22506F93
:10F9A00073223A25640000002C226F6E6552656157
:10F9B0006443617264496E4669656C64223A310041
:10F9C000120000202C224D454D223A31000000004B
:10F9D0002C224D454D223A30000000007D7D0A006A
:10F9E0006807002010B50C48007810B90BA0FFF78D
:10F9F000F9FC0948007810B116A0FFF7F3FC06489F
:10FA0000007880F00100044908704FF416711F4817
:10FA1000F0F7B3FB10BD00005D0000207B225265B3
:10FA20006365697665223A7B22537461747573222B
:10FA30003A32367D2C2243223A7B22547970652259
:10FA40003A22556E53656E6453657269616C227D0E
:10FA50007D0A00007B2252656365697665223A7BE8
:10FA600022537461747573223A32367D2C224322FC
:10FA70003A7B2254797065223A2253656E6453654D
:10FA80007269616C227D7D0A000000006807002019
:10FA900010B52C4840782C4908702A488078487066
:10FAA0002848C078887027480079284988702548F8
:10FAB000407948702348807908702248C079C8701E
:10FAC0000120F1F719FD20480078172817DC1E489F
:10FAD00040783B2813DC1C4880783B280FDC1B480F
:10FAE000807820280BDC194840780D2807DC17485F
:10FAF000C0782A2803DC15480078082803DD14A004
:10FB0000FFF770FC10BD00220F491848F4F7CCF93C
:10FB100018B117A0FFF766FCF4E70120F1F7ECFC41
:10FB200000220A491148F4F711F900B1EAE716A0DA
:10FB3000FFF758FC4FF416710248F0F71EFB00BFA8
:10FB4000E0E7000068070020D0000020D30000207C
:10FB50007B2252656365697665223A7B2253746124
:10FB6000747573223A3139307D7D0A00B40D00205E
:10FB70007B2254223A7B22537461747573223A318A
:10FB800032387D7D0A0000007B225265636569760C
:10FB900065223A7B22537461747573223A32367D42
:10FBA0002C2254223A7B2254797065223A225365E2
:10FBB0007454696D6544617465227D7D0A0000009E
:10FBC00010B507484078FF2808D106A0FFF70AFCC7
:10FBD00000224FF400410A48F1F716FF10BD000063
:10FBE000680700207B2252656365697665223A7B4F
:10FBF00022537461747573223A32367D7D0A000097
:10FC00000008014010B506484078AA2807D105A091
:10FC1000FFF7E8FB0122D1030948F1F7F5FE10BD1B
:10FC2000680700207B2252656365697665223A7B0E
:10FC300022537461747573223A32367D7D0A000056
:10FC40000008014000B599B064216846F0F795FAC4
:10FC500007480368074808A102686846FDF70AFDDF
:10FC60006846FFF7BFFB0520F1F746FC19B000BD61
:10FC700004000020000000207B224D656D223A7BAD
:10FC80002248656164223A25752C225461696C22F0
:10FC90003A25757D7D0A000010B52A4800780228B3
:10FCA00017D128484078C72813D126488078FF28E4
:10FCB0000FD1F9F7B3FE4EF61671884205D122A096
:10FCC000FFF790FBFEF7E4FF10BD28A0FFF78AFBCB
:10FCD00036E01C480078752832D10A222C492DA024
:10FCE000F9F730FF48B10A2229492AA0F9F72AFF7B
:10FCF00030B92AA0FFF776FB02E028A0FFF772FBDD
:10FD0000FEF77CF8C8B16420F1F7F6FB0020FEF79F
:10FD10004BF82BA208210020FEF79AF848B10520E5
:10FD2000F1F7EAFB29A0FFF75DFB0520F1F7E4FB03
:10FD300006E02FA0FFF756FB02E02DA0FFF752FBD5
:10FD400000BFC1E7680700207B22557064617465BD
:10FD50004669726D77617265223A7B2253746174D1
:10FD60007573223A307D7D0A000000007B225570B9
:10FD7000646174654669726D77617265223A7B22AF
:10FD8000537461747573223A39307D7D0A00000026
:10FD9000F0FF07007A786376626E6D007B22557003
:10FDA000646174654669726D77617265223A7B227F
:10FDB000537461747573223A32367D7D0A000000F7
:10FDC000426F6F5431323334000000007B22557093
:10FDD000646174654669726D77617265223A7B224F
:10FDE000537461747573223A32367D0A0000000044
:10FDF0007B225570646174654669726D77617265C6
:10FE0000223A7B22537461747573223A31397D0A28
:10FE10000000000010B500204049088000BF09E044
:10FE20003F49095C3D4AB2F9002051403B4A1180EC
:10FE3000411CC8B21328F3DB3948C07C3749B1F9FB
:10FE4000001088420BD037A0FFF7CCFA01203C49C4
:10FE500008704FF416713248F0F78FF910BD39A0D1
:10FE6000FFF7C0FA2E484078444908602C48807853
:10FE7000434908702A48C0784249087028480079E8
:10FE800041490870264840794049087024488079E3
:10FE90003F4908702248C07900062149097A00EBE1
:10FEA00001401F49497A00EB01201D49897A084425
:10FEB000384908600020384908701948C07A00069F
:10FEC0001749097B00EB01401549497B00EB0120F4
:10FED0001349897B0844314908601148C07B0006FA
:10FEE0000F49097C00EB01400D49497C00EB0120E2
:10FEF0000B49897C08442A49086001202949087077
:10FF000000202949087001200D4908704FF416712E
:10FF10000348F0F732F900BFA0E700001C00002002
:10FF2000680700207B2252656365697665223A7B0B
:10FF300022537461747573223A3139307D7D0A0021
:10FF4000610000207B2252656365697665223A7BF9
:10FF500022537461747573223A32367D2C22432207
:10FF60003A7B2254797065223A225A69726F45743D
:10FF700065626172227D7D0A000000005000002051
:10FF80004A0000204B0000204C0000204D000020C3
:10FF90004E000020380000205F0000206400002098
:10FFA000680000205D0000206000002070B59CB05B
:10FFB00000260024002500209149088000BF09E0A8
:10FFC0009049095C8E4AB2F9002051408C4A118058
:10FFD000411CC8B20928F3DB8A48407A8849B1F944
:10FFE000001088420CD088A0FFF7FCF901208D4951
:10FFF00008704FF416718348F0F7BFF81CB070BD5D
:020000040801F1
:1000000089A0FFF7EFF97F48407800067D4989789D
:1000100000EB01407B49C97800EB0120794909795F
:1000200008448E4908607748407900067549897907
:1000300000EB01407349C97900EB01207149097A4D
:100040000844874908600020864908704870887015
:10005000C870AB200871CD2048710020824908602B
:10006000F1F7D8FC0646C4E04AF6AA207F490968A1
:100070000860F1F7CFFC801BB0F57A5F03D97CA054
:10008000FFF7B0F9B6E07848006870B15D480078D5
:10009000632803D05B480078432803D179A0FFF799
:1000A000A1F9A7E00020704908601AA8F5F7CCFA7A
:1000B00020B11AA8F5F7C8FA00B19AE01021002083
:1000C000F5F7C8F970B11AA8F5F7BEFA20B11AA869
:1000D000F5F7BAFA00B18CE010210020F5F7BAF973
:1000E00000B186E074490120F5F746FA00287ED178
:1000F00071488079AB287BD16F48C079002877D1CF
:100100006D48C07B002873D16B480478407804EBBD
:10011000002469488578C07805EB00256648007999
:1001200005EB00456448407905EB006504F40040A8
:10013000B0F5004F07D1C4F30E0446F62920444021
:100140004BF2A620454045480068854230D14448DE
:10015000006884422CD11AA8F5F776FA20B11AA8C3
:10016000F5F772FA00B144E039210420F5F772F98D
:1001700070B11AA8F5F768FA20B11AA8F5F764FA71
:1001800000B136E039210420F5F764F900B130E020
:1001900034491220F5F77EFA00B12AE02B462246B8
:1001A00046A101A8FDF766FA01A8FFF71BF921E0B7
:1001B0002A480068854209D02B46224648A101A85A
:1001C000FDF758FA01A8FFF70DF913E0244800687D
:1001D00084420DD02B46224601E008E008E049A108
:1001E00001A8FDF747FA01A8FFF7FCF802E000E0DC
:1001F00000BF39E700BF00201B49086000BFFDE6D3
:100200001C000020680700207B2252656365697628
:1002100065223A7B22537461747573223A31393006
:100220007D7D0A00610000207B225265636569764E
:1002300065223A7B22537461747573223A32367D9B
:100240002C2243223A7B2254797065223A225A6941
:10025000726F47696674227D7D0A00006400002089
:1002600068000020C021002018000020540D00204C
:100270007B2243223A7B22537461747573223A3194
:100280007D7D0A007B2252656365697665223A7B33
:1002900022537461747573223A32367D2C224322C4
:1002A0003A7B2254797065223A2243616E73656C01
:1002B000227D7D0A00000000D80C00207B22432212
:1002C0003A7B22537461747573223A302C22554361
:1002D000223A25752C224944223A25757D7D0A0053
:1002E0007B2243223A7B22537461747573223A391C
:1002F0002C225543223A25752C224944223A257551
:100300007D7D0A007B2243223A7B225374617475FF
:1003100073223A31302C225543223A25752C22493A
:1003200044223A25757D7D0A000000001F1C1F1E17
:100330001F1E1F1F1E1F1E1F0000000000000000C8
:10034000010203040607080900000000010203047B
:10035000895171F21DCB0000000000000000000078
:100360008D5F307CF05E00000000000000000000A7
:10037000B22CE4247D90000000000000000000008A
:10038000579B07B3A4E90000000000000000000034
:10039000E32F50F2E3D00000000000000000000056
:1003A000E9C1254FA07D0000000000000000000012
:1003B000FFFFFFFFFFFF0000000000000000000043
:1003C0000000FF00FF000000FF0000003030363862
:1003D0007B22636D64223A31302C22616D6F756E21
:1003E00074223A25642C227365727669634D223A31
:1003F00022303030303030222C227369676E223A3E
:10040000223839397C313233343536373839227D28
:100410000A0000007B2250223A7B22726573436FF0
:100420006465223A25642C22416D6F756E74223A00
:10043000256C642C2248223A25642C224D223A2530
:10044000642C2259223A25642C226D223A25642CF0
:100450002244223A25647D7D0A0000007B2243224B
:100460003A7B22526F77223A25642C2253746174AE
:100470007573223A25642C225543223A25752C2285
:100480004944223A25752C22457465626172223AEC
:1004900025752C22507265457465626172223A2579
:1004A000752C224774223A25752C22507269636597
:1004B000223A25752C224865646965223A25752CF7
:1004C000224F70223A25642C2259223A25642C228C
:1004D0006D223A25642C2244223A25642C2248229B
:1004E0003A25642C224D223A25647D7D0A000000C5
:1004F0007B2243223A7B22537461747573223A251E
:10050000642C225543223A25752C224944223A254F
:10051000752C22457465626172223A25642C225042
:1005200072654865646965223A25642C22486564D1
:100530006965223A25642C225072654574656261B2
:1005400072223A25642C225072696365223A25642E
:100550002C2245454D223A25757D7D0A000000007C
:100560007B2243223A7B22537461747573223A25AD
:10057000642C225543223A25752C224944223A25DF
:10058000752C22457465626172223A25752C2250C1
:100590007265457465626172223A25752C22477432
:1005A000223A25752C225072696365223A25752CF2
:1005B000224865646965223A25757D7D0A00000040
:1005C0007B2243223A7B22537461747573223A254D
:1005D000642C225543223A25752C224944223A257F
:1005E000752C22457465626172223A25642C22487A
:1005F00065646965223A25642C22507265486564F9
:100600006965223A25642C225072654574656261E1
:1006100072223A25642C225072696365223A25645D
:100620002C20224774223A25642C202245454D2255
:100630003A25757D7D0A000058060108000000205B
:10064000B80200004202000848070108B802002072
:10065000A03F0000E4D6000801104201E214022588
:1006600003EE0A021130204C394F01246929290870
:100670001AFF0101488B40E283290A1319AD1B08B8
:1006800061041A71041A95041ACD0413E5AC1B0811
:100690002908131201140202021640830440571D58
:1006A00002010203310722040309041A0313890417
:1006B0001B08590413C9031B08AD08419A10D841FF
:1006C00073B2075324F4130A062A02A329241375CC
:1006D000A91408B5A84C0897AA3C1A03101A0510CB
:1006E0001A8104C11A55181A45041A65041A3504EA
:1006F0001C090243AB111DC03209046D1A020B1311
:100700000524161001052401100901042402020524
:100710002406170107058203081C100904E1320AA8
:100720001D070501027B2C07058107110937442AA3
:1007300040072A8107112B0907440A3B0444011191
:08074000140514370216010034
:04000005080000ED02
:00000001FF
