:020000040800F2
:10580000083600200159000801A90008E19D0008A0
:10581000FDA80008A75A000821FD000800000000AC
:105820000000000000000000000000000DCB000898
:10583000E360000800000000FBAC0008C9CF0008CE
:105840001B5900081B5900081B5900081B59000868
:105850001B5900081B5900081B5900081B59000858
:105860001B5900081B5900081B5900081B59000848
:105870001B5900081B5900081B5900081B59000838
:105880001B5900081B5900081B5900081B59000828
:1058900069FC00081B5900081B5900081B59000827
:1058A0001B5900081B5900081B5900081B59000808
:1058B0001B59000891D000081B5900081B5900080B
:1058C0001B5900081B5900081B5900081B590008E8
:1058D0001B590008A5D40008B5D40008EDD4000871
:1058E0001B5900081B5900081B590008DFF80CD091
:1058F00000F084F8004800475111010808360020E4
:105900000648804706480047FEE7FEE7FEE7FEE759
:10591000FEE7FEE7FEE7FEE7FEE7FEE781D00008D0
:10592000ED580008202A04DB203A21FA02F0002179
:10593000704721FA02F3D040C2F12002914008439F
:105940001946704740EA01039B0703D009E008C9E4
:10595000121F08C0042AFAD203E011F8013B00F834
:10596000013B521EF9D27047D2B201E000F8012B80
:10597000491EFBD270470022F6E710B513460A46CF
:1059800004461946FFF7F0FF204610BD421C10F8F0
:10599000011B0029FBD1801A70472DE9F05F0546F5
:1059A000002092469B4688460646814640241BE0DE
:1059B0002846414647462246FFF7B4FF53465A461B
:1059C000C01A914110D311461846224600F028F81B
:1059D0002D1A67EB01084F4622460120002100F0F6
:1059E0001FF817EB00094E41201EA4F10104DFDC73
:1059F000484631462A464346BDE8F09F064C074DCF
:105A000006E0E06840F0010394E80700984710348E
:105A1000AC42F6D3FFF76EFF1C3C01083C3C01088A
:105A2000202A04DB203A00FA02F10020704791405E
:105A3000C2F1200320FA03F319439040704770B578
:105A40008C1810F8015B15F0070301D110F8013B29
:105A50002A1106D110F8012B03E010F8016B01F8B0
:105A6000016B5B1EF9D12B0705D40023521E0DD408
:105A700001F8013BFAE710F8013BCB1A921C03E056
:105A800013F8015B01F8015B521EF9D5A142D8D38E
:105A9000002070BD10B5142006F0E0FA0321142098
:105AA00007F0DEF810BD00BFFEE7CA7802600268AA
:105AB000120202608B7802681A44026002681202C5
:105AC00002604B7802681A440260026812020260A7
:105AD0000B7802681A4402607047000030B5034634
:105AE000042B15D007DC7BB1012B0ED0022B0DD07F
:105AF000032B30D10BE0202B0BD0212B18D0222BE5
:105B000022D0232B27D125E026E025E024E023E046
:105B100022E0002003E00C5C114D2C54401C0728AF
:105B2000F9DB00200F4C207001200F4C207013E097
:105B3000002003E00A4C245C0C54401C0728F9DBCD
:105B40000020084C207007E006480078401C054CF7
:105B5000207001E000E000BF00BF002030BD000069
:105B600038010020080000200900002000207047B4
:105B7000002003E00021064A1154401CB0F5167FB6
:105B8000F8D30020034908800349088070470000CB
:105B90000C0600200C0000200E00002010B5002292
:105BA0000449054807F007FE0449034807F0FCFDD7
:105BB000002010BD70160020C40D002088120020A7
:105BC0002DE9F04105460E46144930680860294623
:105BD000134807F0E9FD377812480488002113E0E4
:105BE000685C114A1055601C80B24FF4167290FB2D
:105BF000F2F302FB130084B20C480088844202D105
:105C00000220BDE8F081491CB942E9D3054804806F
:105C1000034807F0A5FD0020F3E700004000002046
:105C2000C40D00200C0000200C0600200E000020F7
:105C30002DE9F04104460D4600260A48D0F8B87216
:105C4000D7F8140210B10120BDE8F0812A462146A0
:105C5000044807F0B0FD034807F031FE0646304621
:105C6000F2E70000C40D00202DE9F0410746884608
:105C700015460421052000F027FA80210A2006F0AD
:105C8000EFFF002405E0395D09200AF089F9601C66
:105C9000C4B24445F7DB032101200AF081F9FF2457
:105CA00000BF052006F0DAF90646601EC4B21CB13A
:105CB00006F004000028F4D0222006F0CFF9287066
:105CC000212006F0CBF96870BDE8F0817CB510A109
:105CD00003C9CDE900010024002564230722694699
:105CE0000D4804F012F80A2000F098FE0DF046FD71
:105CF0000446062C01D079207CBD4FF4FA7000F0E8
:105D00008DFE302132200DF061FDC0B2F4E70000BD
:105D10000200023230030100800D002010B5174848
:105D2000007800B910BD16A00CF008FF052000F0A7
:105D300075FEFFF7CBFF45280DD04E2807D057281A
:105D40000DD059280FD115A00CF0F8FE0BE019A0CA
:105D50000CF0F4FE07E01DA00CF0F0FE03E021A023
:105D60000CF0ECFE00BF00BF0A212448FFF703FE41
:105D700000202349086000BFD4E700001C00002079
:105D80007B2252656365697665223A7B2253746192
:105D9000747573223A32367D7D0A00007B224143BE
:105DA00043223A7B22537461747573223A38397DE9
:105DB0007D0A00007B22414343223A7B22537461D7
:105DC000747573223A37387D7D0A00007B22414387
:105DD00043223A7B22537461747573223A36397DBB
:105DE0007D0A00007B22414343223A7B22537461A7
:105DF000747573223A38377D7D0A00000C06002046
:105E0000400000207CB510A103C9CDE900010024A9
:105E100000256423072269460D4803F076FF0A2017
:105E200000F0FCFD0DF0AAFC0446062C01D0792000
:105E30007CBD4FF4FA7000F0F1FD332132200DF0FB
:105E4000C5FCC0B2F4E700000200023233030200D6
:105E5000800D002010B51748007800B910BD16A0BD
:105E60000CF06CFE052000F0D9FDFFF7CBFF4528B4
:105E70000DD04E2807D057280DD059280FD115A086
:105E80000CF05CFE0BE019A00CF058FE07E01DA022
:105E90000CF054FE03E021A00CF050FE00BF00BF48
:105EA0000A212448FFF767FD00202349086000BF4E
:105EB000D4E700001C0000207B22526563656976F0
:105EC00065223A7B22537461747573223A32367DAF
:105ED0007D0A00007B22414343223A7B22537461B6
:105EE000747573223A38397D7D0A00007B22414364
:105EF00043223A7B22537461747573223A37387D9A
:105F00007D0A00007B22414343223A7B2253746185
:105F1000747573223A36397D7D0A00007B22414335
:105F200043223A7B22537461747573223A38377D69
:105F30007D0A00000C0600204000002010B5224819
:105F4000007800B910BD21A00CF0F8FD052000F08C
:105F500065FD00F033FC463809282AD2DFE800F05E
:105F600005090D1115191D2125001FA00CF0E6FDD6
:105F70001FE023A00CF0E2FD1BE027A00CF0DEFDEB
:105F800017E02BA00CF0DAFD13E02FA00CF0D6FDEB
:105F90000FE033A00CF0D2FD0BE037A00CF0CEFDEB
:105FA00007E03BA00CF0CAFD03E03FA00CF0C6FDEB
:105FB00000BF00BF0A214248FFF7DDFC0020414935
:105FC000086000BFBEE700001C0000207B22526575
:105FD0006365697665223A7B225374617475732216
:105FE0003A32367D7D0A00007B22414343223A7BD0
:105FF00022537461747573223A37307D7D0A000034
:106000007B22414343223A7B22537461747573228D
:106010003A37317D7D0A00007B22414343223A7B9F
:1060200022537461747573223A37327D7D0A000001
:106030007B22414343223A7B22537461747573225D
:106040003A37337D7D0A00007B22414343223A7B6D
:1060500022537461747573223A37347D7D0A0000CF
:106060007B22414343223A7B22537461747573222D
:106070003A37357D7D0A00007B22414343223A7B3B
:1060800022537461747573223A37367D7D0A00009D
:106090007B22414343223A7B2253746174757322FD
:1060A0003A37377D7D0A00007B22414343223A7B09
:1060B00022537461747573223A37387D7D0A00006B
:1060C0000C0600204000002070B505460C4628460E
:1060D00005F0C4FF064626EA0401284609F060FFE1
:1060E00070BD704710B5002004490860044908607D
:1060F00006F020FD03A00CF021FD10BD00000020E3
:10610000040000207B224D656D223A7B225374618E
:10611000747573223A307D7D0A00000010B5044684
:106120002CB1112C03D0212C01D0202C16D104F03D
:106130000F000F49087004F0F0000E49087010209D
:106140000D4908700846447084F0100088700320E0
:106150000CF07EFC01200949087002E008A00CF058
:10616000EDFC4FF416711448FFF705FC10BD00005C
:106170001C0000201D0000202A0000202D0000200F
:106180007B2252656365697665223A7B225374618E
:10619000747573223A31397D2C2243223A7B225482
:1061A000797065223A224465766963654D6F64654E
:1061B000227D7D0A000000000C06002010B5124868
:1061C0000078012800D110BD10A00CF0B7FC05200C
:1061D00000F024FC00F0E8F8642802D0692808D117
:1061E00003E011A00CF0AAFC03E015A00CF0A6FC43
:1061F00000BF00BF0A211848FFF7BDFB0020174968
:10620000086000BFDFE700001C0000207B22526511
:106210006365697665223A7B2253746174757322D3
:106220003A32367D7D0A00007B22444953223A7B74
:1062300022537461747573223A3130307D7D0A00C7
:106240007B22444953223A7B225374617475732232
:106250003A3130357D7D0A000C06002040000020D8
:1062600010B512480078012800D110BD10A00CF024
:1062700065FC052000F0D2FB00F0D4F8642802D0C1
:10628000692808D103E011A00CF058FC03E015A028
:106290000CF054FC00BF00BF0A211848FFF76BFB4D
:1062A00000201749086000BFDFE700001C00002045
:1062B0007B2252656365697665223A7B225374615D
:1062C000747573223A32367D7D0A00007B22444980
:1062D00053223A7B22537461747573223A31303001
:1062E0007D7D0A007B22444953223A7B225374610C
:1062F000747573223A3130357D7D0A000C0600201A
:106300004000002010B512480078012800D110BDCF
:1063100010A00CF013FC052000F080FB00F0A4F8A6
:10632000642802D0692808D103E011A00CF006FC13
:1063300003E015A00CF002FC00BF00BF0A211848C2
:10634000FFF719FB00201749086000BFDFE70000D6
:106350001C0000207B2252656365697665223A7BCA
:1063600022537461747573223A32367D7D0A0000BF
:106370007B22444953223A7B225374617475732201
:106380003A3130307D7D0A007B22444953223A7BEA
:1063900022537461747573223A3130357D7D0A0061
:1063A0000C060020400000207CB50026002419A126
:1063B00003C9CDE90001642305226946174803F0AB
:1063C000A4FC00F021FA0546002004461DE0002050
:1063D000134908600A2000F021FB64230522694666
:1063E0000E4803F092FC09F09DFC0546062D02D0F4
:1063F000152D04D101E064207CBD6920FCE7062D49
:1064000000D104E0601CC0B20446022CDFDB00BFF8
:1064100000BFF1E70245530317000000800D002084
:10642000800000201CB50DA103C9CDE900010AF0D0
:1064300083F86423052269460A4803F066FC09F0E4
:1064400071FC0446062C02D0152C04D101E0642016
:106450001CBD6920FCE76920FAE7000002444803FC
:106460000D000000800D00207CB500250BA103C9A4
:10647000CDE900010AF060F800F05EFD05466423F6
:1064800005226946074803F040FC09F04BFC04462E
:10649000062C01D164207CBD6920FCE70243500337
:1064A00012000000800D002072B601E000F04CFEEA
:1064B000FCE700000021074AD1610749096941F062
:1064C0000401054A11611146096941F04001116159
:1064D00070470000681F0020002002400021074A8A
:1064E000D1610749096941F00201054A116111466C
:1064F0004861096941F0400111617047681F00203F
:10650000002002400022054BDA61054A126942F080
:106510000102034B1A61018070470000681F0020D0
:106520000020024000201E49C96801F0100139B165
:106530001C49C96941F002011A4AD16140F01000BA
:106540001749C96801F0040139B11649C96941F018
:106550000101144AD16140F004001149C96901F0F8
:10656000010169B10F49C96941F004010D4AD161C6
:1065700000BF0B49C96921F00101094AD16100BF7F
:1065800000BF40F20111884206D10549C96921F0D6
:106590000101034AD16101E00149C86000BF7047B1
:1065A00000200240681F002010B505F05BFF0020AE
:1065B00005F076FF642000F031FA10BD70B5044696
:1065C00000F0BAFC054609E0601C38B124B100F0C7
:1065D000B3FC401BA04201D9032070BD1248C06823
:1065E00000F001000028EFD10F48C06800F0200043
:1065F00020B100BF20200C49C86000BF0A48C06815
:1066000000F0100048B90848C06900F0010020B946
:106610000548C06800F0040018B1FFF783FF0120AF
:10662000DBE70020D9E700000020024070B59AB0F7
:106630000948046808481030056807482030066893
:106640002B46224605A101A8009609F0E5FC01A809
:106650000CF074FA1AB070BDE8F7FF1F7B224350AC
:10666000554944223A7B225831223A25382E38584F
:106670002C225832223A25382E38582C22583322D0
:106680003A25382E38587D7D0A00000010B50B4899
:106690000078012800D110BD09A00CF04FFA0520A8
:1066A00000F0BCF90DA00CF049FA0A211148FFF7DF
:1066B00062F900201049086000BFECE71C000020D0
:1066C0007B2252656365697665223A7B2253746149
:1066D000747573223A32367D7D0A00007B2244496C
:1066E00053223A7B22537461747573223A313030ED
:1066F0007D7D0A000C060020400000202DE9F041BD
:106700000546002600F018FC0746052000F086F933
:1067100028480078022812D12648407854280ED103
:106720002448807848280AD12248C078452806D1D4
:1067300000211E2006F060FA6420BDE8F0811E48AA
:10674000008808280CD01B480078022806D11A4877
:106750000088401E1749085C032801D00320ECE79D
:106760000026012403E01348005D4640641C1248E3
:106770000088801EA042F6D80F480088801E0D4970
:10678000085CB04201D00420D7E70A48C1780079FC
:1067900001EB0020A84201D00620CEE70648008881
:1067A000072805D100211E2006F026FA6420C4E740
:1067B0000020C2E70C0600200C0000207CB50FA1D1
:1067C00003C9CDE90001002400256423072269469E
:1067D0000C4803F09AFA0A2000F020F90CF0CEFFE2
:1067E0000446062C01D079207CBD142000F016F957
:1067F000302131200CF0EAFFC0B2F5E7020002318F
:1068000030030200800D00207CB52EA103C9CDE924
:1068100000016423052269462C4803F076FA09F04A
:1068200081FA0546062D01D079207CBD09F0A2FA37
:1068300004462749601A8C4236D012DC2549A4EB65
:1068400001008C422AD007DC23482044F0B1012803
:1068500028D0022834D123E004281DD0FC282FD1D1
:1068600016E0B0F5FF3F23D009DCB0F5007F23D060
:10687000B0F5C06F22D0B0F57E4F21D10AE01749A4
:106880000844B8B1B0F5802F1AD10FE06420CCE7EE
:106890006E20CAE76F20C8E76520C6E76620C4E718
:1068A0006720C2E76820C0E76A20BEE76B20BCE72C
:1068B0006C20BAE76D20B8E76E20B6E76F20B4E72A
:1068C0007820B2E70252460315000000800D002038
:1068D0003032300034303000D0CFCFFF0002FCFF28
:1068E00070B50A480468001D0568001D0668344438
:1068F00054B108220649204603F06CFB04220449E7
:106900001031284603F066FB70BD0000E8F7FF1F5A
:106910001E0100200146002291F82100022808D023
:106920000420886300BF002081F8200000BF012000
:1069300070470868006820F00E000B68186008684F
:10694000006820F001000B68186091F840300120C9
:106950009840CB6B5860012081F8210000BF0020D7
:1069600081F8200000BF1046E2E7000070B5044641
:10697000002594F82100022803D00420A0630125FB
:1069800048E02068006820F00E0021680860206858
:10699000006820F00100216808601F4920688842D3
:1069A00001D1012026E01C4914312068884201D120
:1069B00010201FE0184928312068884201D1801535
:1069C00018E015493C312068884201D1801411E05B
:1069D000114950312068884202D14FF4803009E0DB
:1069E0000D4964312068884202D14FF4801001E0E3
:1069F0004FF08070084908394860012084F8210070
:106A000000BF002084F8200000BF606B10B120465A
:106A1000616B8847284670BD0800024070B5044687
:106A200000F08AFA06462546681C10B10448007832
:106A3000054400BF00F080FA801BA842FAD370BD65
:106A4000580100202DE9F04104460E46012700259B
:106A500000BF2648007E012802D10220BDE8F08157
:106A600001202249087600BF2068022813D14CF289
:106A70005030FFF7A3FD90BB0120FFF71BFD4CF248
:106A80005030FFF79BFD07461948006920F00400CD
:106A90001749086123E04CF25030FFF78FFDF0B941
:106AA0004FF0FF303060A56812E02846FFF716FD72
:106AB0004CF25030FFF782FD07460D48006920F088
:106AC00002000B4908610FB1356007E005F58065EC
:106AD000D4E9021001EB8020A842E6D800BF00BF35
:106AE00000200249087600BF3846B7E7681F00203B
:106AF000002002400348006940F08000014908611D
:106B000000207047002002402DE9FE4F05468B46CD
:106B100017469846012600240020029000BF244812
:106B2000007E012802D10220BDE8FE8F012020490D
:106B3000087600BF4CF25030FFF740FD064686BB9A
:106B4000012D02D10120029006E0022D02D1022087
:106B5000029001E00420029000241EE02201B946C8
:106B6000C24648465146FEF7DDFE80B20190022043
:106B700000FB04B000900199FFF7C4FC4CF25030C8
:106B8000FFF71CFD06460B48006920F0010009498B
:106B9000086106B104E0601CC4B202988442DDDBE7
:106BA00000BF00BF00200249087600BF3046BBE7A7
:106BB000681F00200020024000200849096901F0F8
:106BC000800151B10649054A51600649516011469C
:106BD000096901F0800101B10120704700200240E5
:106BE00023016745AB89EFCD2DE9F8470346002225
:106BF00094466EE14FF0010808FA02F4D1F80080E3
:106C000008EA0400A0427DD1DFF8DCA2D1F80480BC
:106C1000A8EB0A09D0453AD014DCB8F1030F50D0E4
:106C200009DCB8F1000F31D0B8F1010F1CD0B8F178
:106C3000020F49D120E0B8F1110F18D0B8F1120FAE
:106C400042D11EE0B9F5881F25D006DCB9F5803F9A
:106C500020D0B9F5801F37D11AE0B9F5001F18D040
:106C6000B9F5041F30D117E0D1F80CC02DE0D1F8F0
:106C70000C8008F1040C28E0D1F80C8008F1080C15
:106C800023E0D1F80C8008F10C0C1EE000BF00BF1F
:106C900000BF00BF00BF00BFD1F80880B8F1000FEF
:106CA00002D14FF0040C0BE0D1F80880B8F1010FCD
:106CB00003D14FF0080C1C6102E04FF0080C5C613E
:106CC00003E04FF0000C00E000BF00BFFF2801D838
:106CD000984601E003F104084646FF2802D84FEA2F
:106CE000820803E0A2F108084FEA88084746D6F870
:106CF00000804FF00F0909FA07F928EA09080CFA91
:106D000007F900E088E048EA0908C6F80080D1F8F1
:106D1000048008F08058B8F1805F7DD100BFDFF8B3
:106D2000CC81D8F8188048F00108DFF8C091C9F884
:106D30001880C846D8F8188008F00108CDF80080FF
:106D400000BF00BF4FEAB9384FEA920958F82950FE
:106D50004FEA82784FEA18794FF00F0808FA09F8DD
:106D600025EA0805DFF88881434502D14FF0000885
:106D700016E0DFF88081434502D14FF001080FE0B3
:106D8000DFF87481434502D14FF0020808E0DFF8D4
:106D90006C81434502D14FF0030801E04FF0040835
:106DA0004FEA82794FEA197908FA09F848EA0505A5
:106DB000DFF84C814FEA920948F82950D1F8048055
:106DC00008F48038B8F5803F0AD1DFF83881D8F868
:106DD000008048EA0008DFF82C91C9F8008009E03B
:106DE000DFF82081D8F8008028EA0008DFF8149145
:106DF000C9F80080D1F8048008F40038B8F5003FE5
:106E000010D1DFF8008108F10408D8F8008048EAC2
:106E10000008DFF8F09000E05AE009F10409C9F831
:106E200000800DE0DFF8DC8008F10408D8F800806D
:106E300028EA0008DFF8CC9009F10409C9F80080BD
:106E4000D1F8048008F48018B8F5801F0ED1DFF85F
:106E5000B48008F10808D8F8008048EA0008DFF894
:106E6000A49009F10809C9F800800DE0DFF89480CA
:106E700008F10808D8F8008028EA0008DFF88490B4
:106E800009F10809C9F80080D1F8048008F4001855
:106E9000B8F5001F0ED1DFF86C8008F10C08D8F8A7
:106EA000008048EA0008DFF85C9009F10C09C9F895
:106EB00000800DE0DFF84C8008F10C08D8F8008065
:106EC00028EA0008DFF83C9009F10C09C9F80080B5
:106ED000521CD1F8008028FA02F8B8F1000F7FF4B4
:106EE00089AEBDE8F88700000000111000100240D4
:106EF00000080140000C0140001001400014014056
:106F00000800014000040140024693680B400BB1A9
:106F1000012000E00020704710B5C26821EA02039A
:106F200002EA010443EA0443036110BD0AB10161AE
:106F300001E00B04036170470148006870470000DE
:106F40005001002070B504460CB9012070BD4CF60C
:106F5000CC402168086045F2555021680860D4E9AA
:106F6000001048602168A0688860FFF7E5FF0546CB
:106F70000BE0FFF7E1FF401B272806D92068C06817
:106F800000F0030008B10320E0E72068C06800F0CB
:106F900003000028EDD14AF6AA20216808600020ED
:106FA000D4E7000003480068034909780844014910
:106FB00008607047500100205801002010B50848B3
:106FC000006840F0100006490860032000F0A8F8AF
:106FD000002000F007F800F02BF8002010BD0000A2
:106FE0000020024070B504460E4800784FF47A71D4
:106FF000B1FBF0F00C490968B1FBF0F5284602F04E
:1070000099F908B1012070BD102C07D20022214649
:10701000501E00F047F80548046001E00120F2E747
:107020000020F0E7580100206C01002054010020EE
:1070300008B500BF1148806940F001000F49886120
:107040000846806900F00100009000BF00BF00BF4B
:107050000846C06940F08050C8610846C06900F029
:107060008050009000BF00BF00BF0549486820F075
:10707000E06040F00070486000BF08BD00100240B2
:107080000000014001460846002809DB00F01F030C
:1070900001229A4043099B0003F1E023C3F8002139
:1070A00000BF70472DE9F05F80460D461646002769
:1070B00008F0C6FF074639462A46334601F0070066
:1070C000C0F1070ABAF1040F02D94FF0040A01E037
:1070D000C0F1070AD14600F1040ABAF1070F02D243
:1070E0004FF0000A01E0A0F1030AD4464FF0010A74
:1070F0000AFA09FAAAF1010A0AEA020A0AFA0CFAD9
:107100004FF0010B0BFA0CFBABF1010B0BEA030B7D
:107110004AEA0B042146404608F09AFFBDE8F09F7A
:1071200000BF00F00702064B19684FF6FF03194035
:10713000044B0B4343EA0221014B196000BF704727
:107140000CED00E00000FA0500BF00BF00BF00BF6B
:1071500000BFBFF34F8F00BF00BF00BF09480068EA
:1071600000F4E06008490843001D0649086000BFBC
:1071700000BF00BFBFF34F8F00BF00BF00BF00BF05
:1071800000BFFDE70CED00E00000FA0570B5054614
:107190000C4604F08000802808D104F0070000EBC2
:1071A000800605F1280000EBC60105E004EB84062B
:1071B00005F5B47000EBC6011AB900200873CB8046
:1071C00004E0012008730B81180C4881002070BD79
:1071D000704770B504460D4605EB850304F12801A0
:1071E00001EBC3014A692946D4F8E80206F06EFEB5
:1071F00070BD70B504460D4605EB850304F5B4710A
:1072000001EBC3014A692946D4F8E80206F0DEFE24
:1072100070BD70B504460E4606F0800080280AD185
:1072200006F0070000EB800104F1280000EBC10527
:107230000120687009E006F0070000EB800104F50A
:10724000B47000EBC1050020687006F007002870DC
:1072500000BF94F8A802012801D1022070BD0120CE
:1072600084F8A80200BF2946206807F037FD00BF58
:10727000002084F8A80200BF00BFEFE770B5044605
:107280000E4606F00F006168884201D9012070BDEA
:1072900006F0800080280AD106F0070000EB80018C
:1072A00004F1280000EBC1050120687009E006F038
:1072B000070000EB800104F5B47000EBC10500206D
:1072C00068700020A87006F00700287000BF94F8CE
:1072D000A802012801D10220D9E7012084F8A802E0
:1072E00000BF2946206807F055FE00BF002084F843
:1072F000A80200BF00BFCAE72DE9F04105460C46D1
:10730000174607F48040002850D02868B0F8501085
:10731000207801EBC000801C296801F5806131F8FC
:107320001000C0F30906A069B04203D3A069801B16
:10733000A06101E00020A061A069A8B900BF227887
:107340005200296831F812104BF68F7201EA0200E0
:1073500080F4005040F4004141F0800123785B004C
:107360002A6822F8131000BF07F04000A8B100BF40
:1073700000BF22785200296831F8121048F68F7247
:1073800001EA020040F4004141F0C00123785B00B3
:107390002A6822F8131000BF00BF002E55D02289A2
:1073A00061693346286808F06BFC4EE02868B0F845
:1073B0005010207801EBC000801D296801F5806124
:1073C00031F81000C0F30906A069B04203D3A069E8
:1073D000801BA06101E00020A061A069A8B900BFE6
:1073E00022785200296831F812104BF68F7201EAA8
:1073F000020080F4005040F4004141F08001237805
:107400005B002A6822F8131000BF07F04000A8B9FB
:1074100000BF00BF22785200296831F8121048F6E8
:107420008F7201EA020040F4004141F0C00123786C
:107430005B002A6822F8131000BF00BF2EB16289DA
:1074400061693346286808F01BFC3046BDE8F081CE
:107450002DE9F04705460C46904608F0400000280C
:1074600071D02868B0F85010207801EBC000801C63
:10747000296801F5806131F81000C0F30907A0699F
:10748000B84203D9A069C01BA06101E00020A0613F
:10749000A06900287ED100BF6078C8B900BF296804
:1074A0002A68B2F8502011442278022303EBC2026A
:1074B00001F5806303EB420000BF028848F2FF330E
:1074C0001A400280028842F40042028000BF13E0AA
:1074D0006078012810D100BF28682A68B2F85020CF
:1074E00010442278022303EBC20200F5806303EB11
:1074F000420100220A8000BF00BF00BF29686078F7
:1075000010BB00BF2B68D5F800C0BCF850C0634466
:1075100094F800C04FF0060909EBCC0C03F5806924
:1075200009EB4C0000BFB0F800C048F2FF390CEA8C
:10753000090CA0F800C0B0F800C04CF4004CA0F852
:1075400000C000BF11E0C0E0607801280DD12868BC
:10755000B0F8500001442078062303EBC00001F589
:10756000806303EB40020020108000BF2178284692
:10757000FFF72FFE08F48040002816D000BF00BFA0
:1075800022785200296831F8121048F68F7201EA09
:10759000020000E00AE040F4004141F48141237818
:1075A0005B002A6822F8131000BFCAE108F480408B
:1075B000A8B100BF00BF22785200296831F812102C
:1075C00048F68F7201EA020040F4004141F4814222
:1075D00023785B00296821F8132000BF00BF94F8CE
:1075E00024000128E1D1606938446061E0693844D1
:1075F000E0612169206A884204D32669206A801BE1
:1076000020620BE0206A20B93E46002084F8240066
:1076100004E0002084F82400266A206200BF60781D
:10762000B8BB00BF2A682968B1F850100A44217815
:10763000022303EBC10102F5806303EB410108461D
:1076400000BF56B9038848F2FF3C03EA0C030380ED
:10765000038843F40043038019E03E2E0BD800BF9B
:10766000710806F0010303B1491C4FF6FF7303EAEA
:10767000812303800BE000BF710906F01F0303B9EB
:10768000491E4FF4004343EA8123038000BF00BF3B
:1076900013E0FFE7607801280FD100BF28682A684F
:1076A000B2F8502010442278022303EBC20200F506
:1076B000806303EB42010E8000BF00BFB3B222899A
:1076C0006169286808F00BFB3BE12868B0F85010AE
:1076D000207801EBC000801D296801F5806131F838
:1076E0001000C0F30907A069B84203D3A069C01B0A
:1076F000A06101E00020A061A06900287DD100BF49
:107700006078C8B900BF29682A68B2F850201144CF
:107710002278022303EBC20201F5806303EB4200EF
:1077200000BF028848F2FF331A400280028842F408
:107730000042028000BF13E06078012810D100BF32
:1077400028682A68B2F8502010442278022303EBFC
:10775000C20200F5806303EB420100220A8000BFF1
:1077600000BF00BF2968607808BB00BF2B68D5F850
:1077700000C0BCF850C0634494F800C04FF0060944
:1077800009EBCC0C03F5806909EB4C0000BFB0F8A5
:1077900000C048F2FF390CEA090CA0F800C0B0F8AC
:1077A00000C04CF4004CA0F800C000BF10E06078AE
:1077B00001280DD12868B0F8500001442078062334
:1077C00003EBC00001F5806303EB40020020108052
:1077D00000BF21782846FFF7FCFC08F48040002811
:1077E00016D100BF00BF22785200296831F812106C
:1077F00048F68F7201EA020000E00AE040F400411E
:1078000041F4814123785B002A6822F8131000BFFD
:1078100097E008F48040A8B900BF00BF227852006A
:10782000296831F8121048F68F7201EA020040F41C
:10783000004141F4814123785B002A6822F813104B
:1078400000BF00BF94F8240001287AD16069384451
:107850006061E0693844E0612169206A884204D3AC
:107860002669206A801B20620BE0206A20B93E4610
:10787000002084F8240004E0266A0020206284F8B6
:10788000240000BF2A68607890BB00BFD5F800C014
:107890002968B1F850108C4421784FF0060909EBA3
:1078A000C1010CF5806909EB4101084600BF76B9BA
:1078B000B0F8009048F2FF3A09EA0A09A0F80090EF
:1078C000B0F8009049F40049A0F8009020E03E2E66
:1078D0000FD800BF710806F00109B9F1000F00D000
:1078E000491C4FF6FF7909EA8129A0F800900FE0C2
:1078F00010E000BF710906F01F09B9F1000F00D1B7
:10790000491E4FF4004949EA8129A0F8009000BFC0
:1079100000BF0FE0607801280CD12868B0F8500053
:1079200002442078062101EBC00002F5806101EBE2
:1079300040031E8000BFB3B262896169286808F005
:10794000CEF900BF22785200296831F8121048F6AB
:10795000BF7201EA020080F0100080F0200040F4C5
:10796000004141F0800123785B002A6822F813105F
:1079700000BF0020BDE8F087024601F0070000EBE1
:10798000800302F5B47000EBC300C06970472DE9B5
:10799000F04705460E4690461F464FF0000906F098
:1079A000800080280AD106F0070000EB800105F175
:1079B000280000EBC1040120607009E006F0070018
:1079C00000EB800105F5B47000EBC104002060708D
:1079D00006F007002070C4F81080E770607808B1E6
:1079E0002078E081022F01D10020207100BF95F89E
:1079F000A802012802D10220BDE8F087012085F805
:107A0000A80200BF2146286806F03EFF00BF002004
:107A100085F8A80200BF4846EEE72DE9F04105468B
:107A20000E461746984606F0070000EB800105F564
:107A3000B47000EBC1046761C4F818800020E061F5
:107A4000607006F00700207006F0070020B921469C
:107A5000286807F03AFB03E02146286807F035FB69
:107A60000020BDE8F08170B504460D4605F0070022
:107A70006168884201D9012070BD05F0800080282E
:107A80000AD105F0070000EB800104F1280000EBAB
:107A9000C1060120707007E005EB850104F5B470A4
:107AA00000EBC106002070700120B07005F00700E7
:107AB000307000BF94F8A802012801D10220DBE752
:107AC000012084F8A80200BF3146206807F0CFFAF1
:107AD00005F0070020B904F52C71206807F057FA6B
:107AE00000BF002084F8A80200BF00BFC4E72DE952
:107AF000F04105460E4690461F4606F0070000EB93
:107B0000800105F1280000EBC104C4F81480A761CE
:107B1000012084F8240027620020E06101206070C9
:107B200006F00700207006F0070020B921462868FB
:107B300007F0CBFA03E02146286807F0C6FA0020D8
:107B4000BDE8F0817FB50446206808F095F800F4A0
:107B50000040B0F5004F02D1204602F0D5FE20686B
:107B600008F08AF800F48060B0F5806F0FD12068CB
:107B7000B0F844004FF6FF3108402168A1F84400F6
:107B8000204600F09FF90021204600F0BBF9206854
:107B900008F072F800F48040B0F5804F08D12068FA
:107BA000B0F844004BF6FF7108402168A1F844008A
:107BB000206808F061F800F40050B0F5005F08D1CB
:107BC0002068B0F844004DF6FF7108402168A1F824
:107BD0004400206808F050F800F48050B0F5805F51
:107BE0001DD12068B0F840004FF6FB7108402168B5
:107BF000A1F840002068B0F840004FF6F771084047
:107C00002168A1F84000204600F06EF92068B0F825
:107C100044004EF6FF7108402168A1F84400206836
:107C200008F02AF800F40060B0F5006F55D1002587
:107C300007E06900206830F811002DF81500681C75
:107C4000C5B2082DF5D32068B0F8400040F001001F
:107C50002168A1F840002068B0F840004FF6FE719E
:107C600008402168A1F8400000BF2068B0F8440037
:107C700000F480600028F8D02068B0F844004FF687
:107C8000FF3108402168A1F84400002507E03DF8D5
:107C900015006A00216821F81200681CC5B2082D81
:107CA000F5D32068B0F8400040F008002168A1F842
:107CB00040002068B0F844004FF2FF71084021688E
:107CC000A1F844002068B0F8400040F004002168AA
:107CD000A1F84000204600F057F9206807F0CCFFDB
:107CE00000F40070B0F5007F0BD12068B0F84400BC
:107CF0004FF6FF5108402168A1F84400204600F0EB
:107D0000FAF8206807F0B8FF00F48070B0F5807FC3
:107D100008D12068B0F844004FF6FF6108402168A0
:107D2000A1F844007FBD30B585B0044614B90120E8
:107D300005B030BD94F8A90228B9002084F8A80243
:107D4000204600F09DF8032084F8A902206807F07F
:107D500014F9142204F110016846FDF7F3FD94E8CC
:107D60000F0006F0B7FF20B1022084F8A90201201D
:107D7000DEE70021206807F0A8FF002531E001219F
:107D800005EB850204F1280000EBC200417005EB11
:107D9000850104F1280000F8315005EB850100EB66
:107DA000C100C581002105EB850204F1280000EB2C
:107DB000C200C17005EB850204F1280000EBC2008F
:107DC000016105EB850204F1280000EBC20041616E
:107DD00005EB850204F1280000EBC2008161681CFC
:107DE000C5B26068A842CAD800252AE0002105EB88
:107DF000850204F5B47000EBC200417005EB85010B
:107E000004F5B47000F83150002105EB850200EB59
:107E1000C200C17005EB850204F5B47000EBC2002E
:107E2000016105EB850204F5B47000EBC20041610D
:107E300005EB850204F5B47000EBC2008161681C9B
:107E4000C5B26068A842D1D8142204F11001684676
:107E5000FDF778FD94E80F0007F084F820B10220C8
:107E600084F8A902012063E7002084F8240001209F
:107E700084F8A902206807F072F8002058E7000093
:107E800038B504460D492068884215D100BF0C481A
:107E9000C06940F400000A49C8610846C06900F49E
:107EA0000000009000BF00BF002211461420FFF721
:107EB000F9F81420FFF7E6F838BD0000005C004038
:107EC0000010024070B504460125A068022801D0C8
:107ED000FEF7EAFA2946D4F8E80206F0ABF9D4F83E
:107EE000E80206F05DF970BD10B50446D4F8E8026A
:107EF00006F084F910BD10B50446D4F8E80206F087
:107F000088F910BD70B504460D4600BF94F8A8026C
:107F1000012801D1022070BD012084F8A80200BF11
:107F200084F824502946206807F0D2FE00BF0020C4
:107F300084F8A80200BF00BFEDE710B5044604F5C1
:107F40002C71D4F8E80206F08CF910BD10B5044687
:107F500000BF94F8A802012801D1022010BD012021
:107F600084F8A80200BF206807F074FE01212046B3
:107F7000FFF72EF9206806F0EFFF00BF002084F81D
:107F8000A80200BF00BFE9E710B50446D4F8E80234
:107F900006F0C0F9A06928B10348006840F0060067
:107FA0000149086010BD000010ED00E0012001490A
:107FB0000862704700000E422DE9F04385B0064686
:107FC0003BA30FCB01AC0FC43DA0006800904FF065
:107FD0000008002500270024A146012E30D0022EE3
:107FE00055D0102E5ED137484468006800F080708C
:107FF00000B301A8C4F38341475C04F4803070B13E
:1080000030484068C0F340401DF8008004F48030E0
:1080100040B12D48B0FBF8F000FB07F502E02B481B
:1080200007FB00F52748406800F48000B0F5800F9A
:1080300001D1A94603E068000321B0FBF1F932E069
:108040002048046A04F44070B0F5807F05D104F044
:10805000020010B14FF4004918E004F44070B0F58C
:10806000007F07D11748406A00F0020010B149F6BE
:1080700040490BE004F44070B0F5407F06D1114850
:10808000006800F4003008B14FF224490BE000F022
:108090009BF90C494968C1F38131491C4900B0FB87
:1080A000F1F900E000BF00BF484605B0BDE8F0832D
:1080B00002030405060708090A0B0C0D0E0F101029
:1080C000010200000010024000127A0000093D0089
:1080D000F8B5044600260025207800F001000028AD
:1080E0006BD000274348C06900F0805070B900BFD2
:1080F0004048C06940F080503E49C8610846C069A8
:1081000000F08050009000BF00BF01273A4800688F
:1081100000F48070B0B93848006840F48070364987
:108120000860FEF709FF064606E0FEF705FF801B24
:10813000642801D90320F8BD2F48006800F480703E
:108140000028F2D02B48006A00F440752DB3A088B7
:1081500000F44070A84220D02648006A20F4407500
:10816000012026490860002008602248056205F0C9
:10817000010090B1FEF7E0FE064608E0FEF7DCFEE7
:10818000801B41F28831884201D90320D3E7194886
:10819000006A00F002000028F0D01648006A20F4BF
:1081A00040706168084313490862012F04D10846F2
:1081B000C06920F08050C86100BF207800F0020044
:1081C000022807D10B48406820F44040A1680843CA
:1081D00008494860207800F01000102807D10548B1
:1081E000406820F48000E1680843024948600020AC
:1081F000A1E700000010024000700040400442422D
:108200007047000070B504460D460CB9012070BDE2
:108210005A48006800F00700A8420ED2574800688C
:1082200020F007002843554908600846006800F020
:108230000700A84201D00120E9E7207800F0020001
:1082400002281DD1207800F00400042805D14C48F4
:10825000406840F4E0604A494860207800F0080037
:10826000082805D14648406840F4605044494860B9
:108270004348406820F0F000A16808434049486046
:10828000207800F0010078B36068012806D13C48EE
:10829000006800F4003090B90120B8E76068022857
:1082A00006D13748006800F0007040B90120AEE701
:1082B0003348006800F0020008B90120A7E7304801
:1082C000406820F00300616808432D494860FEF7CC
:1082D00033FE064609E0FEF72FFE801B41F288318F
:1082E000884202D9032092E707E02548406800F061
:1082F0000C006168B0EB810FEDD12048006800F000
:108300000700A8420ED91D48006820F00700284346
:108310001A4908600846006800F00700A84201D02A
:10832000012074E7207800F00400042807D11448E5
:10833000406820F4E060E168084311494860207813
:1083400000F00800082808D10D48406820F460506B
:10835000216940EAC1000A49486000F045F808492F
:108360004968C1F30311074A515CC84006490860D7
:1083700006480068FEF736FE002048E7002002406D
:1083800000100240E93901086C010020540100206E
:1083900001200149C864704700004242014800685A
:1083A000704700006C01002000B5FFF7F7FF04499B
:1083B0004968C1F30221034A515CC84000BD000076
:1083C00000100240F939010800B5FFF7E7FF044942
:1083D0004968C1F3C221034A515CC84000BD000096
:1083E00000100240F9390108F0B585B00FF26C0CAD
:1083F0009CE8E01001A8A0E8E0101CA52D680095FD
:1084000000210022002300240020194D696801F09A
:108410000C05F5B1042D02D0082D19D101E0154845
:1084200019E001ADC1F38346AC5D01F4803555B16F
:108430000F4D6D68C5F340451DF805200D4D654392
:10844000B5FBF2F302E00C4D04FB05F3184602E025
:1084500000BF084800BF00BF05B0F0BD020304051F
:10846000060708090A0B0C0D0E0F10100102000080
:108470000010024000127A0000093D0010B50648C5
:10848000806800F08000802804D1FFF7B9FE8020CA
:108490000149887210BD000000100240F8B5044682
:1084A0000CB90120F8BD207800F00100002878D038
:1084B000F848406800F00C0004280CD0F5484068EB
:1084C00000F00C00082811D1F248406800F4803018
:1084D000B0F5803F0AD1EF48006800F40030002872
:1084E0005FD0606800285CD10120DBE700BF6068D6
:1084F000B0F5803F06D1E748006840F48030E54998
:10850000086028E0606858B9E248006820F48030CC
:10851000E04908600846006820F4802008601AE0FE
:108520006068B0F5A02F0BD1DA48006840F48020D5
:10853000D84908600846006840F4803008600AE0C6
:10854000D448006820F48030D249086008460068AA
:1085500020F48020086000BF606888B1FEF7ECFC62
:10856000054606E0FEF7E8FC401B642801D903201D
:1085700098E7C848006800F400300028F2D010E006
:10858000FEF7DAFC054606E0FEF7D6FC401B642841
:1085900001D9032086E7BF48006800F400300028B6
:1085A000F2D1207800F00200022857D1B948406883
:1085B00000F00C0050B1B748406800F00C000828EB
:1085C00018D1B448406800F4803098B9B1480068C8
:1085D00000F0020020B12069012801D0012061E7EC
:1085E000AC48006820F0F800616940EAC100A94980
:1085F000086033E02069E8B10120A7490860FEF770
:108600009BFC054606E0FEF797FC401B022801D9BB
:10861000032047E79F48006800F002000028F2D0DE
:108620009C48006820F0F800616940EAC10099495F
:10863000086013E0002098490860FEF77DFC0546BD
:1086400006E0FEF779FC401B022801D9032029E748
:108650009048006800F002000028F2D1207800F075
:10866000080008282DD1A069B8B101208B49086005
:10867000FEF762FC054606E0FEF75EFC401B0228A2
:1086800001D903200EE78348406A00F00200002869
:10869000F2D0012003F016FC13E000207F490860AF
:1086A000FEF74AFC054606E0FEF746FC401B0228A2
:1086B00001D90320F6E67748406A00F0020000285E
:1086C000F2D1207800F00400042873D1002771480B
:1086D000C06900F0805070B900BF6E48C06940F0BA
:1086E00080506C49C8610846C06900F08050009015
:1086F00000BF00BF01276A48006800F48070B0B96D
:108700006748006840F4807065490860FEF714FC13
:10871000054606E0FEF710FC401B642801D9032043
:10872000C0E65F48006800F480700028F2D000BF07
:10873000E068012806D15748006A40F00100554919
:10874000086227E0E06858B95248006A20F001004A
:10875000504908620846006A20F00400086219E0E7
:10876000E06805280BD14B48006A40F004004949F5
:1087700008620846006A40F0010008620AE04548C5
:10878000006A20F00100434908620846006A20F0B0
:108790000400086200BFE068A0B1FEF7CDFB05460B
:1087A00009E0FEF7C9FB401B41F28831884202D93B
:1087B000032077E622E03748006A00F00200002834
:1087C000EFD012E0FEF7B8FB054608E0FEF7B4FB79
:1087D000401B41F28831884201D9032062E62D48CE
:1087E000006A00F002000028F0D1012F05D12948CD
:1087F000C06920F080502749C86100BFE069C8B354
:108800002448406800F00C00082860D0E069022885
:1088100048D1002020490866FEF78EFB054606E099
:10882000FEF78AFB401B022801D903203AE61948CB
:10883000006800F000700028F2D1206AB0F5803F97
:1088400007D11448406820F40030A168084311495A
:108850004860D4E9080108430E49496821F47411BD
:1088600008430C49486001200B490866FEF764FB89
:10887000054607E03DE0FEF75FFB401B022801D9FB
:1088800003200FE60348006800F000700028F2D0D3
:108890002FE00000001002400000424280044242EB
:1088A00000700040002014490866FEF745FB0546AD
:1088B00006E0FEF741FB401B022801D90320F1E549
:1088C0000E48006800F000700028F2D111E0E06965
:1088D000012800D1E6E50948466806F48031206A9F
:1088E000814204D106F47011606A814201D00120F6
:1088F000D8E50020D6E5000000004242001002400A
:108900002DE9F04780460E469246002500270024B8
:10891000A146404603F02FFB81462548B9FBF0F401
:1089200024480068A04240D02248046040F2B2755A
:108930000EE0284607F0E6FD012806D1B4F5B77F22
:1089400002D3A4F5B77402E005E0A4F26D146D1C27
:10895000B4F5B67FEDD800BF2F46A5F5FA60F070EC
:10896000002515E0012D09D1384607F0CBFD01287F
:1089700004D11D2C01D31D3C09E00BE00E48405DE5
:10898000A04203D80C48405D241A00E002E06D1CB0
:108990001C2CE7D200BF681C7070601CB070B278ED
:1089A0007178F07803F001FB30700020BDE8F087AB
:1089B0008051010068010020DD3901082DE9F047F0
:1089C00007460C4691460026B046002538684068A8
:1089D000C0F3800010B10120BDE8F087384603F0F5
:1089E000CAFA06464FF46160B6FBF0F5B6FBF0F14B
:1089F00000FB11603C21B0FBF1F060704FF461604E
:108A0000B6FBF0F100FB11603C21B0FBF1F201FB81
:108A10001200A0701820B5FBF0F100FB115020707F
:108A2000182D08D31820B5FBF0F8B5FBF0F100FBCA
:108A30001150207000E025700020CDE770B504468D
:108A400000250CB9012070BD607C20B90020207485
:108A5000204600F05BF802206074204600F085F9A3
:108A600018B1042060740120EDE7204603F049FAB4
:108A700018B1042060740120E5E72068406820F008
:108A8000070021684860A06828B11F48006820F0EE
:108A900001001D4908601C48001F006820F4607038
:108AA000A16808431849091F08606068401C08B1A4
:108AB000656809E00120FFF77FFA05461DB904202B
:108AC00060740120BFE76D1E2068806820F00F00F1
:108AD00040EA1540216888602068C06865F30F008F
:108AE0002168C860204603F029FA18B10420607498
:108AF0000120A8E70021E17301216173A173012026
:108B0000607400209FE70000306C004038B50446D8
:108B10000B492068884212D1FFF748FA00BF094884
:108B2000C06940F000600749C8610846C06900F0AC
:108B30000060009000BF00BF01200349086038BDFD
:108B400000280040001002403C0442422DE9F04F52
:108B500087B006460F464FF0000900200690804679
:108B60000024059004900390824600BF48A207CAE3
:108B70008DE80700304603F0FEF981464FF461604E
:108B8000B9FBF0F006904FF46160B9FBF0F100FB27
:108B900011903C21B0FBF1F0C0B204904FF4616041
:108BA000B9FBF0F100FB11903C21B0FBF1F201FBAD
:108BB0001200039018210698B0FBF1F201FB12009D
:108BC0000590F87800F5FA6840F63300804500D942
:108BD000804640F2B270804500D2804640F2B275C5
:108BE0000AE0284607F08EFC012802D12B480444F5
:108BF00001E02B4804446D1C4545F2D397F801A0D1
:108C0000404607F07FFC012804D1BAF1020F01D9D8
:108C100024480444AAF1010A002507E01DF80500D4
:108C200040F2A321484304EBC0146D1C5545F5D315
:108C300097F802B0ABF1010040F2A321484304EBE6
:108C4000C0140598C0EB4011C1EB002004EB0014E8
:108C50000498C0EB001004EB80040398044400BFA8
:108C6000307C012803D1022007B0BDE8F08F01203D
:108C7000307400BF022070742146304603F0D7F9EB
:108C80000120707400BF0020307400BF00BFEBE70C
:108C90001F1C1F1E1F1E1F1F1E1F1E1F0085E201FF
:108CA0008033E101805101002DE9F05F04460D465B
:108CB000904600260027B146B246204603F05BF9F5
:108CC00007464FF46160B7FBF0F9B9F1180F0AD30A
:108CD0001820B9FBF0FA0AEB4A00C0004FF46161BA
:108CE00000FB01F700E0002700BF207C012802D133
:108CF0000220BDE8F09F0120207400BF02206074B4
:108D0000B8F1000F0BD128784FF4616148436978BE
:108D1000C1EB011100EB8100A978461812E0287818
:108D200003F0E4F84FF4616100FB01FB687803F0A5
:108D3000DDF8C0EB00100BEB800BA87803F0D6F841
:108D40000BEB00063E443146204603F070F92068E4
:108D5000406820F00500216848600120607400BF71
:108D60000020207400BF00BFC3E770B50446002593
:108D70000CB9012070BD2068406820F0080021680F
:108D80004860FEF7D9F8054607E0FEF7D5F8401B26
:108D9000B0F57A7F01D90320ECE72068406800F045
:108DA00008000028F1D00020E4E710B504460CB913
:108DB000012010BD606A38B96068B0F5827F00D1CB
:108DC00005E00021E16102E00021216161610021F3
:108DD000A16294F8510028B9002084F85000204680
:108DE00000F042F8022084F851002068006820F06A
:108DF000400021680860A08800F48270218901F495
:108E000004410843A18901F400610843217C01F079
:108E100002010843217D01F001010843218B01F487
:108E200000710843217F01F0380108432021095DCA
:108E300001F080010843218D01F4005108432168AD
:108E400008600421A06901EA104021684860206898
:108E5000C06920F400602168C861002060650120BD
:108E600084F851000020A4E710B586B00446002025
:108E700002900390049005903349206888422DD1D8
:108E800000BF3248806940F480503049886108460C
:108E9000806900F48050019000BF00BF00BF084609
:108EA000806940F0040088610846806900F0040091
:108EB000019000BF00BFA020029002200390032079
:108EC000059002A92248FDF78FFE40200290002065
:108ED0000390049002A91E48FDF786FE1D492068F4
:108EE00088422FD100BF1948C06940F4804017491B
:108EF000C8610846C06900F48040019000BF00BF0F
:108F000000BF0846806940F0080088610846806913
:108F100000F00800019000BF00BF4FF42040029015
:108F2000022003900320059002A90B48FDF75CFE88
:108F30004FF48040029000200390049002A906485C
:108F4000FDF752FE06B010BD003001400010024097
:108F50000008014000380040000C01402DE9F84FA6
:108F60000446884616461D464FF0000A00BF94F896
:108F70005000012802D10220BDE8F88F012084F8BA
:108F8000500000BFFDF7D8FF0746B14694F85100E6
:108F9000012802D04FF0020AADE0B8F1000F00D076
:108FA00016B94FF0010AA6E0032084F85100002012
:108FB0006065C4F83080A686E686A063A087E08757
:108FC00060642064A068B0F5004F0BD12068006891
:108FD00020F04000216808602068006840F480406C
:108FE000216808602068006800F04000402805D033
:108FF0002068006840F0400021680860E068B0F533
:10900000006F2FD1606810B1B9F1010F09D1206B49
:1090100000882168C860206B801C2063E08E401EA1
:10902000E0861BE02068806800F0020002280AD178
:10903000206B00882168C860206B801C2063E08E54
:10904000401EE0860AE0FDF777FFC01BA84201D36F
:10905000681C00B915B94FF0030A4CE0E08E0028F7
:10906000E0D12EE0606810B1B9F1010F09D1206B99
:10907000007821680873206B401C2063E08E401E3E
:10908000E0861BE02068806800F0020002280AD118
:10909000206B007821680873206B401C2063E08EF1
:1090A000401EE0860AE0FDF747FFC01BA84201D33F
:1090B000681C00B915B94FF0030A1CE0E08E0028C7
:1090C000E0D13A462946204603F0B8F908B12020FD
:1090D0006065A06850B900BF002000902068C0689B
:1090E000009020688068009000BF00BF606D08B1EC
:1090F0004FF0010A00BF012084F8510000BF00209A
:1091000084F8500000BF504636E72DE9FF5F044663
:10911000884691461D460E9E012002900020019037
:1091200000BF94F85000012803D1022004B0BDE82C
:10913000F09F012084F8500000BFFDF7FDFE0746B8
:1091400094F851B060680390AA46BBF1010F0BD0B0
:109150000398B0F5827F04D1A06810B9BBF1040F69
:1091600002D002200190DBE0B8F1000F03D0B9F18A
:10917000000F00D015B901200190D1E094F8510002
:10918000042802D0052084F8510000206065C4F84E
:109190003890E587A587C4F83080E586A5862064E9
:1091A00060642068006800F04000402805D0206816
:1091B000006840F0400021680860E068B0F5006F8A
:1091C0004AD1606810B1BAF1010F09D1206B008853
:1091D0002168C860206B801C2063E08E401EE08602
:1091E00033E02068806800F00200022810D1E08E91
:1091F00070B1029801280BD1206B00882168C860EB
:10920000206B801C2063E08E401EE08600200290D0
:109210002068806800F0010068B1E08F58B12068D4
:10922000C068A16B0880A06B801CA063E08F401E0B
:10923000E08701200290FDF77FFEC01BB04204D3FF
:10924000701C10B1032001906AE0E08E0028C8D1A4
:10925000E08F0028C5D14AE0606810B1BAF1010F73
:1092600009D1206B007821680873206B401C2063B3
:10927000E08E401EE08634E02068806800F0020046
:10928000022810D1E08E70B1029801280BD1206B1A
:10929000007821680873206B401C2063E08E401E1C
:1092A000E086002002902068806800F0010068B12C
:1092B000E08F58B12068C068A16B0870A06B401C9B
:1092C000A063E08F401EE08701200290FDF734FE8E
:1092D000C01BB04201D3701C00B916B90320019025
:1092E0001EE0E08E0028C7D1E08F0028C4D13A46A6
:1092F0003146204603F0A2F820B101200190202041
:1093000060650DE0A06850B900BF002000902068A3
:10931000C068009020688068009000BF00BF00BF58
:10932000012084F8510000BF002084F8500000BFE5
:109330000198FBE670B504462546681EB0F1807FB3
:1093400001D301200FE0681E4FF0E02148610F219A
:109350004FF0FF3006F07CFE00204FF0E0218861E6
:1093600007200861002070BD7047704730B5024685
:109370000B4600BF92F83C00012801D1022030BD0D
:10938000012082F83C0000BF022082F83D001068F6
:1093900044681068816824F07004186804431068F9
:1093A0004460104D1068A8420BD01068B0F1804F97
:1093B00007D00D4D1068A84203D00C4D1068A8428C
:1093C00005D121F0800158680143106881600120B7
:1093D00082F83D0000BF002082F83C0000BF00BFC3
:1093E000CDE70000002C01400004004000080040D0
:1093F00010B504460CB9012010BD94F83D0028B901
:10940000002084F83C00204600F026F8022084F872
:109410003D00211D206803F045FE012084F8460030
:1094200000BF84F83E0001213F2001554020015536
:109430004120015500BF00BF012084F842004320B5
:109440000155442001554520015500BF012084F8F5
:109450003D000020D0E7000038B5044624492068CC
:10946000884216D100BF2348C06940F0020021495C
:10947000C8610846C06900F00200009000BF00BF4C
:10948000002211461D20FDF70DFE1D20FDF7FAFDFF
:109490002CE02068B0F1804F16D100BF1548C0699C
:1094A00040F001001349C8610846C06900F001009E
:1094B000009000BF00BF022211461C20FDF7F2FD04
:1094C0001C20FDF7DFFD11E00B49206888420DD11B
:1094D00000BF0848806940F400600649886108467A
:1094E000806900F40060009000BF00BF38BD00003C
:1094F0000004004000100240002C0140014691F899
:109500003D00012801D001207047022081F83D0074
:10951000124B086898420BD00868B0F1804F07D012
:109520000F4B0868984203D00E4B086898420CD144
:109530000868806800F00702062A0CD008680068F6
:1095400040F001000B68186005E00868006840F012
:1095500001000B6818600020D6E70000002C0140D5
:109560000004004000080040014691F83D00012839
:1095700001D001207047022081F83D000868C068D2
:1095800040F001000B68D860124B086898420BD07D
:109590000868B0F1804F07D00F4B0868984203D09D
:1095A0000E4B086898420CD10868806800F00702EA
:1095B000062A0CD00868006840F001000B681860AB
:1095C00005E00868006840F001000B6818600020A2
:1095D000D0E70000002C01400004004000080040DB
:1095E0002DE9F04104460D4600BF94F83C000128E7
:1095F00002D10220BDE8F081012084F83C0000BFC8
:10960000022084F83D002068866826F0770626F45C
:109610007F46206886602868502833D00CDC2028DC
:1096200050D004DC00284BD0102851D149E030281C
:1096300049D040284CD139E060282DD0702807D07F
:10964000B0F5805F03D0B0F5005F41D10DE040E0A0
:10965000D5E902136A68206803F05EFD2068866819
:1096600046F077062068866033E0D5E902136A6821
:10967000206803F051FD2068806840F48040216834
:10968000886026E0EA686968206803F059FD502187
:10969000206803F04CFD1CE0EA686968206803F06C
:1096A00062FD6021206803F042FD12E0EA6869680B
:1096B000206803F045FD4021206803F038FD08E0F4
:1096C00000BF00BF00BF2968206803F030FD00E044
:1096D00000BF00BF012084F83D0000BF002084F8D7
:1096E0003C0000BF00BF85E7704710B50446206806
:1096F0000069C0F34000D8B12068C068C0F34000E2
:10970000B0B16FF002002168086101202077206865
:10971000806900F0030018B12046FFF7E5FF05E07F
:10972000204600F0ADF8204600F0ABF8002020778E
:1097300020680069C0F38000D8B12068C068C0F319
:109740008000B0B16FF0040021680861022020772A
:109750002068806900F4407018B12046FFF7C4FF0C
:1097600005E0204600F08CF8204600F08AF8002042
:10977000207720680069C0F3C000D8B12068C068B5
:10978000C0F3C000B0B16FF0080021680861042088
:1097900020772068C06900F0030018B12046FFF769
:1097A000A3FF05E0204600F06BF8204600F069F8C2
:1097B0000020207720680069C0F30010D8B120682D
:1097C000C068C0F30010B0B16FF0100021680861EC
:1097D000082020772068C06900F4407018B1204646
:1097E000FFF782FF05E0204600F04AF8204600F02F
:1097F00048F8002020772068006900F0010058B187
:109800002068C06800F0010030B16FF001002168ED
:109810000861204600F036F820680069C0F3C010E7
:1098200058B12068C068C0F3C01030B16FF080003C
:10983000216808612046FFF797FD20680069C0F3A2
:10984000801058B12068C068C0F3801030B16FF04C
:10985000400021680861204600F020F82068006977
:10986000C0F3401058B12068C068C0F3401030B158
:109870006FF02000216808612046FFF776FD10BDDB
:109880007047704710B5044603492068884201D1EB
:1098900003F014FA10BD0000000400407047704748
:1098A000704700002DE9F84F0446206805682068DD
:1098B000C668206847694FF00009CA4605F00F09DD
:1098C000B9F1000F0AD105F0200038B106F02000F0
:1098D00020B1204603F090FCBDE8F88FB9F1000FED
:1098E00071D007F0010018B906F4907000286AD012
:1098F00005F0010030B106F4807018B1206C40F022
:109900000100206405F0040030B107F0010018B137
:10991000206C40F00200206405F0020030B107F036
:10992000010018B1206C40F00400206405F008002C
:1099300048B106F0200010B907F0010018B1206C02
:1099400040F008002064206C68B305F0200028B1C6
:1099500006F0200010B1204603F04EFC206840695C
:10996000C0F3801A206C00F0080010B9BAF1000FA3
:1099700022D0204603F015FC2068406900F040002A
:10998000B0B12068406920F0400021684861A06BB8
:1099900050B15648A16B4863A06BFCF7E7FF10B1CC
:1099A000A06B416B88470CE02046FFF779FF08E089
:1099B0002046FFF775FF04E02046FFF771FF002007
:1099C000206489E7FFE7206B012878D105F01000BB
:1099D000002874D006F01000002870D000BF0020CE
:1099E000009020680068009020684068009000BFE8
:1099F00000BF2068406900F04000C0B3A06B006861
:109A000040681FFA80F8B8F1000F2FD0A08D4045B4
:109A10002CDDA4F82E80A06B806920281FD0206840
:109A2000C06820F480702168C8602068406920F018
:109A30000100216848612068406920F040002168E9
:109A40004861202084F83E00002020632068C06820
:109A500020F010002168C860A06BFCF75BFFA08DB0
:109A6000E28D801A81B22046FFF719FF34E7FFE745
:109A7000A08DE18D401A1FFA80F8E08DE8B1B8F1B1
:109A8000000F1AD02068C06820F490702168C86068
:109A90002068406920F0010021684861202084F896
:109AA0003E00002020632068C06820F0100021687C
:109AB000C86041462046FFF7F2FE0DE7FFE705F0DC
:109AC000800030B106F0800018B1204603F084FC1D
:109AD00002E705F0400030B106F0400018B1204622
:109AE00003F07AFBF8E600BFF6E600008FD100082D
:109AF00010B504460CB9012010BDA06900B100E00A
:109B000000BF94F83D0028B9002084F83C002046AE
:109B100000F028F8242084F83D002068C06820F474
:109B200000502168C860204603F0D8FB2068006917
:109B300020F49040216808612068406920F02A00E4
:109B4000216848612068C06840F400502168C860FE
:109B500000202064202084F83D0084F83E0000208E
:109B6000CAE7000010B586B00446002002900390BA
:109B7000049005905D49206888423FD100BF5C4851
:109B8000806940F480405A4988610846806900F441
:109B90008040019000BF00BF00BF0846806940F0D0
:109BA000080088610846806900F00800019000BF45
:109BB00000BF40200290022003900320059002A9DC
:109BC0004C48FDF711F8802002900020039004908B
:109BD00002A94848FDF708F800BF4749486840F027
:109BE000E06040F00400486000BF002211462520DC
:109BF000FDF758FA2520FDF745FA75E03F49206842
:109C0000884236D100BF3A48C06940F40030384934
:109C1000C8610846C06900F40030019000BF00BF71
:109C200000BF0846806940F00400886108468069EA
:109C300000F00400019000BF00BF04200290022049
:109C400003900320059002A92D48FCF7CDFF0820C2
:109C5000029000200390049002A92948FCF7C4FF59
:109C6000002211462620FDF71DFA2620FDF70AFAEC
:109C70003AE024492068884236D100BF1C48C069B8
:109C800040F480201A49C8610846C06900F4802069
:109C9000019000BF00BF00BF0846806940F0080087
:109CA00088610846806900F00800019000BF00BF8D
:109CB00008150290022003900320059002A90D4888
:109CC000FCF792FF4FF40060029000200390049094
:109CD00002A90848FCF788FF002211462720FDF75B
:109CE000E1F92720FDF7CEF906B010BD003801409C
:109CF00000100240000C0140000001400044004000
:109D0000000801400048004070472DE9F84F044624
:109D10000E46174699464FF0000A94F83D00202859
:109D20005AD106B117B90120BDE8F88F00BF94F8E9
:109D30003C00012801D10220F6E7012084F83C0014
:109D400000BF00202064212084F83D00FDF7F4F8D6
:109D50008246A784E784A068B0F5805F04D12069BB
:109D600010B90025B04602E035464FF0000800BFAC
:109D7000002084F83C0000BF1BE0534600228021F5
:109D80002046CDF8009003F057FB08B10320CBE745
:109D900045B9B8F80000C0F308002168486008F130
:109DA000020803E02878216848606D1CE08C401EA2
:109DB000E084E08C0028E0D1534600224021204678
:109DC000CDF8009003F038FB08B10320ACE7202069
:109DD00084F83D000020A7E70220A5E770470000B7
:109DE00002E002A008F0AAFEFBE700007B22526519
:109DF00063697665223A7B22537461747573223AE3
:109E000037307D7D0A00000030B59DB004460D4618
:109E10007022284901A8FBF795FD332D37D006DCC9
:109E2000102D0BD0122D3AD0142D40D117E0352D26
:109E30001DD0372D0BD0392D39D120E0A006010ED1
:109E40001D4B01AA602000F07CF91DB030BDA006BA
:109E5000010E194B05AA612000F073F9F5E7A00681
:109E6000010E154B09AA602000F06BF9EDE7A00682
:109E7000010E114B0DAA612000F063F9E5E7A00681
:109E8000010E0D4B11AA612000F05BF9DDE7A00681
:109E9000010E094B15AA612000F053F9D5E7A00681
:109EA000010E054B19AA602000F04BF9CDE7012007
:109EB000CBE70000043A0108F81F002070B5044603
:109EC0000D462946204600F0C7F970BD70B504461E
:109ED0000026002504E0002013494855681CC5B23F
:109EE0000A2DF8DB104800F063F930B10020E07073
:109EF000A070607020704E2070BD0B4800F0E5F936
:109F000030B90020E070A070607020704E20F3E740
:109F1000002504E00448405D6055681CC5B2042D6E
:109F2000F8DB0020E8E70000F81F002070B50446C9
:109F30000D462946204600F086FA70BD10B513483C
:109F40000068401C11490860084600684FF2E601AD
:109F5000884202D10EA008F0F1FD0C4800684FF2D3
:109F6000F00188420AD90020084908600E480068BC
:109F7000401C0D4908600DA008F0E0FD0A4800688B
:109F8000022802D300200849086010BD000000200C
:109F90007B224D656D223A7B225374617475732266
:109FA0003A327D7D0A000000040000207B224D65CE
:109FB0006D223A7B22537461747573223A317D7D30
:109FC0000A0000000870020A4A70020C8A70020E31
:109FD000CA70704730B50B46002100BF16E00A2456
:109FE000B4EB107F05D9302404EB107403F8114052
:109FF00005E0412404EB10740A3C03F81140000111
:10A0000000254C00641C1D554C1CE1B29142E6DB5E
:10A0100030BD000010B503A008F090FD00200849F5
:10A02000087010BD7B2252656365697665223A7BB4
:10A0300022537461747573223A32367D7D0A0000B2
:10A040008A00002070B504460D4616464AF6AA203E
:10A05000044909680860AAB22146304602F084FA31
:10A0600070BD0000E00B0020FEB5002500266A460A
:10A070000B214FF40120FFF7E5FF69461C48FBF771
:10A0800014FD01A91B48FBF710FD00BF002404E0EC
:10A090001DF80400284485B2641C092CF8D39DF8EF
:10A0A00009109DF80A0001EB0020A84204D000200E
:10A0B0000F4908600F4908609DF808000D2804D07A
:10A0C00000200B4908600B490860094800684FF2FE
:10A0D000F001884202D9002005490860054800685F
:10A0E000022802D300200349086002F023FDFEBDD0
:10A0F00000000020040000202DE9FC410446002758
:10A1000000210D2005F04CFF93202070202060706E
:10A1100001A823460222214600900C2000F002F9FB
:10A1200006465EB9002503E0605D4740681CC5B285
:10A13000042DF9DB605DB84200D002263046BDE850
:10A14000FC812DE9F04385B006460F4690469946BE
:10A150008DF804608DF80570002406E018F80410EE
:10A1600001AAA01C1154601CC4B2062CF6DB00240A
:10A1700007E019F8041001AA04F108001154601C4A
:10A18000C4B2042CF5DB04A801AB0C2201A9009099
:10A190000E2000F0C7F805462DB9082001F05EFF3B
:10A1A00000F0080000B90225284605B0BDE8F0839C
:10A1B00070B5044608210846FBF786FF2146522069
:10A1C00000F065F805461DB92046FFF795FF0546E6
:10A1D000284670BD10B5002201211C48FCF7A6FEE0
:10A1E0000120FCF71BFC012211461848FCF79EFEDB
:10A1F0000120FCF713FC1648007828B10122022147
:10A200001448FCF793FE04E0012210211148FCF7EA
:10A210008DFE00F054F88D212A2005F0C1FE3E216C
:10A220002B2005F0BDFE1E212D2005F0B9FE0021DA
:10A230002C2005F0B5FE4021152005F0B1FE3D2192
:10A24000112005F0ADFEFBF725FC10BD000C014010
:10A2500034000020000801407CB505460C46302043
:10A2600020706570A21C02212046FBF7FDFC01A8AE
:10A2700023460422214600900C2000F053F80646A5
:10A2800016B90198902800D0022630467CBD7CB5D6
:10A2900006460C4607210D2005F082FE267001A817
:10A2A00023460122214600900C2000F03BF8054691
:10A2B00015B90198102800D0022528467CBD10B59C
:10A2C0000F21012005F06CFE10BDF0B585B00746EA
:10A2D00093208DF8040070208DF80500002405E01F
:10A2E000395D01AAA01C1154601CC4B2052CF7DB17
:10A2F0000DF10B02072101A8FBF7B6FC04A801AB86
:10A30000092201A900900C2000F00CF805462DB997
:10A310000498182802D19DF8046000E00026304619
:10A3200005B0F0BD2DE9FE4F0646884691469A4697
:10A33000DDF830B0022002900020019000900C2E39
:10A3400006D00E2E09D1122001901020009005E0B9
:10A35000772001903020009000E000BF00BF0198FE
:10A3600040F08001022005F01BFE80210420FBF755
:10A37000ABFE80210A2002F073FC0021012005F0D1
:10A380000FFE002505E018F80510092005F008FE6D
:10A390006D1C4D45F7D33146012005F001FE0C2E12
:10A3A00003D180210D2002F05BFC4FF4FA6500BF61
:10A3B000042001F053FE04466D1E35B104F0010087
:10A3C00018B9009820400028F2D080210D20FBF71A
:10A3D0007BFE95B3062001F041FE00F01B0068BB38
:10A3E000002002900198204000F0010008B10120F7
:10A3F00002900C2E24D10A2001F030FE04460C20DD
:10A4000001F02CFE00F007072FB1601E07EBC00023
:10A41000CBF8000002E0E000CBF8000004B9012412
:10A42000102C00DD1024002505E0092001F016FEA7
:10A430000AF805006D1CA542F7D301E00220029046
:10A440000298BDE8FE8FF0B587B006460F46A02003
:10A450008DF804008DF805600DF10602022101A8B7
:10A46000FBF702FC06A801AB042201A900900C2016
:10A47000FFF758FF054645B90698042805D19DF811
:10A48000040000F00F000A2800D002250DBB0024B4
:10A4900004E0385D01A90855601CC4B2102CF8DB3B
:10A4A00005AA102101A8FBF7DFFB06A801AB1222C9
:10A4B00001A900900C20FFF735FF054645B9069825
:10A4C000042805D19DF8040000F00F000A2800D0F0
:10A4D0000225284607B0F0BD00B585B000200190E8
:10A4E00002900390049000BF6248806940F0100021
:10A4F000604988610846806900F01000009000BF44
:10A5000000BF00BF0846806940F02000886108460F
:10A51000806900F02000009000BF00BF00BF084627
:10A52000806940F0040088610846806900F00400FA
:10A53000009000BF00BF00BF0846806940F00800DF
:10A5400088610846806900F00800009000BF00BFE5
:10A5500000224FF4E2614848FCF7E8FC00220121A8
:10A560004648FCF7E3FC4FF4E260019001200290C2
:10A57000002003900320049001A93F48FCF734FB1E
:10A58000012001900290002003900220049001A974
:10A590003A48FCF729FB002208213848FCF7C6FCA2
:10A5A00008200190012002900020039002200490D6
:10A5B00001A93248FCF718FB012202212E48FCF7C2
:10A5C000B5FC02200190012002900020039003209E
:10A5D000049001A92848FCF707FB202001900020E7
:10A5E0000290022003900320049001A92348FCF765
:10A5F000FBFA0122D1032048FCF798FC4FF40040FD
:10A60000019001200290002003900320049001A9F2
:10A610001948FCF7E9FA012210211848FCF786FCDA
:10A62000102001900120029003900320049001A9C2
:10A630001248FCF7D9FA012210211048FCF776FCE9
:10A64000012211030D48FCF771FC4FF4805001907A
:10A6500001200290002003900320049001A90748E4
:10A66000FCF7C2FA012211030448FCF75FFC05B0B5
:10A6700000BD00000010024000080140000C014035
:10A6800010B50748074908600620486040F6FF718A
:10A6900004488160FCF756FC08B1FBF705FF10BDCC
:10A6A00000300040E00B00201CB50020019000901D
:10A6B0000748084908604FF0FF3048604FF4807148
:10A6C00004488160FEF7BAF908B1FBF7EDFE1CBD46
:10A6D00000280040EC0B002010B50F480F4908601F
:10A6E0004FF48270486000210C488160C1600161B4
:10A6F00041614FF4007181612821C1610021016233
:10A7000041624FF4005181620921C162FEF74DFBA5
:10A7100008B1FBF7C9FE10BD00300140000C00205D
:10A7200010B50F480F4908604FF48270486000214F
:10A730000C488160C160022101610121416149022F
:10A7400081610821C16100210162416281620A21A7
:10A75000C162FEF72AFB08B1FBF7A6FE10BD0000A0
:10A7600000380040580C002000B587B0002003904E
:10A7700004900590069001900290144814490860D6
:10A7800040F2DB5048600021114881600121C16026
:10A79000002101618161FEF72BFE08B1FBF784FE09
:10A7A0004FF48050039003A90948FEF719FF08B140
:10A7B000FBF77AFE00200190029001A90448FEF701
:10A7C000D5FD08B1FBF770FE07B000BD00040040E6
:10A7D000B00C002010B5094809490860002108485C
:10A7E0008160C16001610C21416100218161C16111
:10A7F000FFF77EF908B1FBF757FE10BD00380140A6
:10A80000F80C002010B50B480B4908604FF4964037
:10A810004860002108488160C16001610C214161EC
:10A8200000218161C161FFF763F908B1FBF73CFECC
:10A8300010BD0000004400403C0D002010B50B4846
:10A840000B4908604FF416504860002108488160A9
:10A85000C16001610C21416100218161C161FFF78B
:10A8600047F908B1FBF720FE10BD0000004800408A
:10A87000800D00201FB500200090019002900390F1
:10A880004FF480500090012001900220029003209C
:10A89000039069461448FCF7A7F900224FF4805151
:10A8A0001148FCF743FB6420FCF7B8F800220F497D
:10A8B0000F4803F0CCFA08B1FBF7F6FD0D490C4840
:10A8C00003F05EFD08B1FBF7EFFD0B49084802F00D
:10A8D00064FF08B1FBF7E8FD054803F01BFE08B173
:10A8E000FBF7E2FD1FBD000000080140E80000206A
:10A8F000C40D0020800100204001002000BFFEE7C1
:10A90000FDF7BCFD00BFFEE72DE9F0470546EAE193
:10A910002868B0F844A00AF00F06002E7ED10AF095
:10A920001000B0BB00BF2968098848F60F7201EA21
:10A93000020040F400412A68118000BF05F128049C
:10A940002868B0F85010207801EBC000801C2968FE
:10A9500001F5806131F81000C0F30900E061E169A0
:10A9600060690844606100212846FCF732FC95F8D4
:10A9700024000028CBD0A0690028C8D195F8240075
:10A9800040F080002968A1F84C00002085F82400E0
:10A99000A9E1FFE705F5B4742868B0F8008008F471
:10A9A000006030B32868B0F85010207801EBC00088
:10A9B000801D296801F5806131F81000C0F309009D
:10A9C000E061A18B8BB2E28805F52C71286805F057
:10A9D00057F900BF2968098840F68F7201EA020022
:10A9E00040F080012A68118000BF2846FDF7A5FAD3
:10A9F00079E108F40040002889D000BF296809885F
:10AA000040F68F7201EA020040F080012A6811804E
:10AA100000BF2868B0F85010207800E06FE001EB2C
:10AA2000C000801D296801F5806131F81000C0F375
:10AA30000900E061E06990B1606980B1B4F81CC0C0
:10AA40001FFA8CF3E2886169286805F019F9E16959
:10AA500060690844606100212846FCF7CAFB286849
:10AA6000008800F40060002892D100BF2A6829689D
:10AA7000B1F850100A4402F20C41084600BF2369A5
:10AA800053B9038848F2FF3C03EA0C0303800388B0
:10AA900043F4004303801EE023693E2B0DD800BF22
:10AAA00023695908237C03F0010303B1491C4FF6C5
:10AAB000FF7303EA812303800DE000BF2369590976
:10AAC000237C03F01F0303B9491E4FF4004343EAFC
:10AAD0008123038000BF00BF00BF00BF2968098831
:10AAE0004BF68F7201EA020080F4805080F400502F
:10AAF00040F4004141F080012A681180F3E07100C8
:10AB0000286830F8118008F4004000287ED000BF8B
:10AB10007200296831F8121040F68F7201EA0200C3
:10AB200040F0800173002A6822F8131000BF06EB82
:10AB3000860105F5B47000EBC104207BB0B928682C
:10AB4000B0F85010207801EBC000801D296801F595
:10AB5000806131F81000C0F30907002F5BD0E28854
:10AB600061693B46286805F08BF854E0E0780228DC
:10AB700006D1424621462846FCF7BEFB07464AE07E
:10AB800000BF00BF22785200296831F8121048F641
:10AB90008F7201EA020040F4004141F0C0012378C5
:10ABA0005B002A6822F8131000BF00BF217849001B
:10ABB000286830F8110000F48040A8B12868B0F887
:10ABC0005010207801EBC000801C296801F58061DD
:10ABD00031F81000C0F30907EFB1228961693B46E3
:10ABE000286805F04DF816E02868B0F85010207875
:10ABF00001EBC000801D296801F5806131F810006B
:10AC0000C0F309073FB16289616900E017E03B4684
:10AC1000286805F035F8E0693844E0616069384437
:10AC20006061A06910B12069B84204D92178284632
:10AC3000FCF7DFFA03E02146286804F046FA08F042
:10AC40008000B0B306EB860105F1280000EBC104DB
:10AC500000BF7200296831F8121048F60F7201EA3D
:10AC6000020040F4004173002A6822F8131000BF6C
:10AC7000E078032807D0E07828B1E07802282DD1C9
:10AC800008F4807050BB2868B0F85010207801EBB1
:10AC9000C000801C296801F5806131F81000C0F304
:10ACA0000909A069484505D9A069A0EB0900A06180
:10ACB00002E018E00020A061A06920B921782846B0
:10ACC000FCF787FA0FE0606948446061E069484436
:10ACD000E0612146286804F0F8F904E04246214684
:10ACE0002846FCF7B5FB2868B0F8440000F40040A3
:10ACF00000287FF40DAEBDE8F0877047F0B5E3B0F3
:10AD00000024C82131A8FAF736FE00250026342297
:10AD1000F3A11CA8FAF716FE6C22FE4901A8FAF767
:10AD200011FEFD48407801280CD10320FB49087032
:10AD3000002704E01CA9C81907F0A4F87F1C322FD3
:10AD4000F8D9FDE3F4484078062812D10520F349EC
:10AD50000870F348F349026831A805F05DF900274F
:10AD600004E031A9C81907F08DF87F1CC82FF8D36B
:10AD7000E7E7E948407802280CD10420E749087049
:10AD8000002704E001A9C81907F07CF87F1C692F8F
:10AD9000F8D9D6E7E0484078052842D10320DF49BA
:10ADA00008700024DC488078082805DADEA007F067
:10ADB000C5FE012063B0F0BDD748C078D6490979F7
:10ADC0004840D54949794840D349897980EA010604
:10ADD000D148C079B04204D0D3A007F0AFFE012023
:10ADE000E8E7CD48C0780006CB49097900EB01407F
:10ADF000C949497900EB0121C74880790844C8490D
:10AE000008600846C749026831A805F005F900271F
:10AE100004E031A9C81907F035F87F1CC82FF8D312
:10AE20008FE7BD48407803287ED1BC4908700024D4
:10AE3000B9488078082804DABBA007F07FFE01201B
:10AE4000B8E7B548C078B44909794840B24949796A
:10AE50004840B149897980EA0106AF48C079B042DB
:10AE600004D0B1A007F06AFE0120A3E7AA48C07889
:10AE70000006A949097900EB0140A749497900EB8F
:10AE80000121A54880790844A54908602EA9A44855
:10AE9000006806F0A3FF054600208DF8C6008DF877
:10AEA000C5008DF8C400032405F10900C2B2214693
:10AEB000641C31A8425402222146641C4254F922E7
:10AEC0002146641C425445222146641C425470228F
:10AED0002146641C425400212246641C81542246AF
:10AEE000641C81542246641C81542246641C815493
:10AEF0002246641C81542246641C81542246641CF0
:10AF000081542246641C815431222146641C4254DF
:10AF100032222046611C8CB231A90A5434222046C8
:10AF2000611C8CB231A900E04AE00A543522204667
:10AF3000611C8CB231A90A541C222046611C8CB2BF
:10AF400031A90A54002008E02EA90B5C2146621C9E
:10AF500094B231AA5354411CC8B2A842F4DB1C225B
:10AF60002046611C8CB231A90A542146601C84B26F
:10AF700031A842542046611C8CB231A90A542046A3
:10AF8000611C8CB231A90A5429AA214631A801F0CA
:10AF900095F8002008E029A90B5C2146621C94B2B8
:10AFA00031AA5354411CC8B21428F4DB002704E032
:10AFB00031A9C81906F066FF7F1CA742F8D333E316
:10AFC0005548407804287DD15449087000245248DF
:10AFD0008078082804DA54A007F0B0FD0120E9E6E3
:10AFE0004D48C0784C49097948404B494979484017
:10AFF0004949897980EA01064748C079B04204D0BE
:10B0000049A007F09BFD0120D4E64348C078000624
:10B010004149097900EB01403F49497900EB0121A1
:10B020003D48807908443E4908602EA93C480068A4
:10B0300006F0D4FE054602208DF8C40075208DF878
:10B04000C50000208DF8C6008DF8C7008DF8C80037
:10B0500001208DF8C90072208DF8CA006F208DF88C
:10B06000CB000824B1222146641C31A842541A2284
:10B070002146641C425481222146641C42542146CC
:10B08000641C4554002008E02EA90B5C2146621C7C
:10B0900094B231AA5354411CC8B2A842F4DB8222B4
:10B0A0002046611C8CB231A90A5409222046611C39
:10B0B0008CB231A90A54E4222046611C8CB231A919
:10B0C0000A5400E0A1E2C7222046611C8CB231A9DB
:10B0D0000A54E3222046611C8CB231A90A5431E0A3
:10B0E0000000000E02F945700000000000000000A2
:10B0F000313234351C32303030301C1C1C1C16569A
:10B10000800F7393FCCEE6AABF7A453C6A6EA831E5
:10B1100044FD0000743901080C060020AD00002039
:10B12000B0000020743A01087B225265636569769D
:10B1300065223A7B22537461747573223A31393037
:10B140007D7D0A003A222046611C8CB231A90A5446
:10B15000CD222046611C8CB231A90A54D32220464C
:10B16000611C8CB231A90A54ED222046611C8CB2BC
:10B1700031A90A54E4222046611C8CB231A90A5438
:10B180000A222046611C8CB231A90A54832220462F
:10B19000611C8CB231A90A5401222046611C8CB278
:10B1A00031A90A542046611C8CB231A90A54842268
:10B1B0002046611C8CB231A90A5401222046611C30
:10B1C0008CB231A90A5403222046611C8CB231A9E9
:10B1D0000A5485222146601C84B231A842540122BF
:10B1E0002046611C8CB231A90A5400222046611C01
:10B1F0008CB231A90A54B2222046611C8CB231A90A
:10B200000A5451222146601C84B231A84254A12222
:10B210002146601C84B231A8425405F11700C2B225
:10B220002046611C8CB231A90A5481222046611C3F
:10B230008CB231A90A542046611C8CB231A90D543C
:10B24000002008E02EA90B5C2146621C94B231AAB2
:10B250005354411CC8B2A842F4DB82222046611C30
:10B260008CB231A90A5401222046611C8CB231A94A
:10B270000A5430222046611C8CB231A90A54832220
:10B280002146601C84B231A8425401222046611C30
:10B290008CB231A90A5430222046611C8CB231A9EB
:10B2A0000A5484222046611C8CB231A90A5401221E
:10B2B0002046611C8CB231A90A5430222046611C00
:10B2C0008CB231A90A5485222046611C8CB231A966
:10B2D0000A5401222046611C8CB231A90A54302242
:10B2E0002046611C8CB231A90A5486222046611C7A
:10B2F0008CB231A90A5401222046611C8CB231A9BA
:10B300000A5430222046611C8CB231A90A5487228B
:10B310002046611C8CB231A90A5401222046611CCE
:10B320008CB231A90A5430222046611C8CB231A95A
:10B330000A5488222046611C8CB231A90A54012289
:10B340002046611C8CB231A90A5430222046611C6F
:10B350008CB231A90A54A2222146601C84B231A8C1
:10B36000425432222046611C8CB231A90A54A122D7
:10B370002046611C8CB231A90A540B222046611C64
:10B380008CB231A90A5481222046611C8CB231A9A9
:10B390000A5403222046611C8CB231A90A54E422CB
:10B3A0002046611C8CB231A90A54C7222046611C78
:10B3B0008CB231A90A54E3222046611C8CB231A917
:10B3C0000A5482222046611C8CB231A90A540422FC
:10B3D0002046611C8CB231A90A54CD222146601C42
:10B3E00084B231A84254D3222046611C8CB231A9C8
:10B3F0000A54ED222046611C8CB231A90A54E42281
:10B400002046611C8CB231A90A54A1222146601C3D
:10B4100084B231A8425411222046611C8CB231A959
:10B420000A5481222046611C8CB231A90A5406229A
:10B430002046611C8CB231A90A5444222046611C6A
:10B440008CB231A90A546C222046611C8CB231A9FD
:10B450000A542046611C8CB231A90A545622204657
:10B46000611C8CB231A90A5465222046611C8CB241
:10B4700031A90A5472222046611C8CB231A90A54A7
:10B4800082222046611C8CB231A90A540722204630
:10B49000611C8CB231A90A5432222046611C8CB244
:10B4A00031A90A542E222046611C8CB231A90A54BB
:10B4B00033222046611C8CB231A90A542E22204628
:10B4C000611C8CB231A90A5430222146601C84B21E
:10B4D00031A842542E222046611C8CB231A90A5454
:10B4E00031222046611C8CB231A90A54A122204687
:10B4F000611C8CB231A90A5410222046611C8CB206
:10B5000031A90A5481222046611C8CB231A90A5407
:10B5100006222046611C8CB231A90A5450222046D2
:10B52000611C8CB231A90A5472222046611C8CB273
:10B5300031A90A5467222046611C8CB231A900E06F
:10B5400072E00A5456222046611C8CB231A90A547A
:10B5500065222046611C8CB231A90A547222204611
:10B56000611C8CB231A90A5482222146601C84B22B
:10B5700031A8425406222146601C84B231A84254AC
:10B5800070222046611C8CB231A90A5472222046D6
:10B59000611C8CB231A90A5467222046611C8CB20E
:10B5A00031A90A5476222046611C8CB231A90A5472
:10B5B00065222046611C8CB231A90A5472222046B1
:10B5C000611C8CB231A90A54F2222046611C8CB253
:10B5D00031A90A541D222046611C8CB231A90A549B
:10B5E0002046611C8CB231A90A54EB222146601C12
:10B5F00084B231A84254002704E031A9C81906F0EA
:10B6000041FC7F1CA742F8D30EE000200B490870D4
:10B61000022704E00A49C81906F034FC7F1C0848D8
:10B620004078401CB842F5D206A007F087FA4FF4E4
:10B6300016710348FAF79FF9002016E4AD000020C8
:10B640000C0600207B2252656365697665223A7B91
:10B6500022537461747573223A32362C22547970F5
:10B6600065223A22506F735472616E73616374691C
:10B670006F6E227D7D0A00002DE9F04F97B0804665
:10B680004FF005094FF0370A1620169001270025C4
:10B690004FF0000B0024FE48007810B101287DD146
:10B6A000E1E10022FB49FC48FDF788F90022FB4953
:10B6B000F948FDF725F9F7480078F9490870F54889
:10B6C0004078F8490870F3488078F7490870FBF72C
:10B6D00033FC0646C3E10025F448007810B9C820C1
:10B6E000F3490870FBF728FC801BB0F57A6F0CD982
:10B6F000F0A007F023FAED480078012801D1FAF70D
:10B70000B3FEFF2017B0BDE8F08F4AF6AA20EE493D
:10B71000096808604046FEF7D9FB20B14046FEF7B5
:10B72000D5FB00B19BE151464846FEF76DFB70B179
:10B730004046FEF7CBFB20B14046FEF7C7FB00B109
:10B740008DE151464846FEF75FFB00B187E1514667
:10B750004846FEF759FB00287ED10EA91698FEF741
:10B76000ADFB002879D14AF6AA20D74909680860BC
:10B77000002004E00EA9095C4D40411CC8B20F280E
:10B78000F8DB9DF84700A84268D14AF6AA20CE49C6
:10B79000096808609DF84500002800E052E37DD16B
:10B7A00000258DF838008DF839008DF83A008DF8B5
:10B7B0003B00BA48C0788DF83C00B84840788DF816
:10B7C0003D00B64880788DF83E00B24800788DF88C
:10B7D0003F00B04840788DF84000AE4880788DF842
:10B7E000410001208DF8420000208DF843008DF8C3
:10B7F000440001208DF84500AD4800788DF84600E2
:10B80000002004E00EA9095C4D40411CC8B20F287D
:10B81000F8DB8DF847500EA91698FEF787FB002835
:10B820007ED19B4803789B4880789A494978994A09
:10B830001278CDE90603CDE904219848807897492C
:10B840004978964AD2789A4B1B78CDE90032CDE9F7
:10B8500002109E48036802E0F7E0ECE0E1E09C485B
:10B8600002689C499C4804F0D7FB9B4807F066F9A6
:10B870008E480078D0B1FAF797FD642816D04FF4BF
:10B880007A70FBF7CBF8FAF78FFD64280ED04FF4EF
:10B890007A70FBF7C3F8FAF787FD00E0ACE06428A4
:10B8A00004D06420FBF7BAF8FAF7F0FE0D22204628
:10B8B000611CCCB209A90A5485480068C2B220466E
:10B8C000611CCCB209A90A5481480068C0F3072260
:10B8D0002046611CCCB209A90A547D480068C0F317
:10B8E00007422046611CCCB209A90A547848006876
:10B8F000000E2146621CD4B209AA50547348006855
:10B90000C2B22046611CCCB209A90A546F48006833
:10B91000C0F307222046611CCCB209A90A5400E0FA
:10B9200060E06A480068C0F307422046611CCCB260
:10B9300009A90A5465480068000E2146621CD4B269
:10B9400009AA50545A4802782046611CCCB209A971
:10B950000A545248C2782046611CCCB209A90A5444
:10B960004E4842782046611CCCB209A90A544B4883
:10B9700082782146601CC4B209A842544548027826
:10B980002046611CCCB209A90A544248427821469B
:10B99000601CC4B209A842543E4882782046611C0B
:10B9A000CCB209A90A543A4802782046611CCCB2AC
:10B9B00009A90A54494800884EF61671884205D1F3
:10B9C000214609A801F0F2F801F0B4F84AF6AA20DD
:10B9D0003D49096808600120FBF720F806F038FAB5
:10B9E00000208FE63148007808B1FAF73DFD3CA011
:10B9F00007F0A4F8FF2085E62C48007808B1FAF794
:10BA000033FD3C48006800903048036830480268C5
:10BA100039A1314804F000FB2F4807F08FF8FF20D0
:10BA200070E62248007808B1FAF71EFD3BA007F047
:10BA300085F8FF2066E61D48007808B1FAF714FD86
:10BA40003BA007F07BF8FF205CE61848007808B1BF
:10BA5000FAF70AFD3BA007F071F8FF2052E6002F2D
:10BA60007FF439AEF2E1FBF767FA0646E6E100251E
:10BA7000FBF762FA801BB0F57A6F70D90DA007F062
:10BA80005DF80A480078012801D1FAF71FF964E04F
:10BA90001C000020E0000020EC0B0020E300002050
:10BAA0007400002075000020760000203400002083
:10BAB000350000207B2243223A7B22537461747547
:10BAC00073223A317D7D0A00E00B0020A0000020A7
:10BAD0009C000020643B0108CC0900203A000020B3
:10BAE0007B2243223A7B22537461747573223A326B
:10BAF0007D7D0A00640000207B2243223A7B22499C
:10BB000044223A25642C225543223A25642C2253A0
:10BB10007461747573223A337D7D0A007B2243225F
:10BB20003A7B22537461747573223A347D7D0A0026
:10BB30007B2243223A7B22537461747573223A3517
:10BB40007D7D0A007B2243223A7B22537461747507
:10BB500073223A367D7D0A0001E0FF20D2E54AF6E5
:10BB6000AA20BC49096808604046FEF7AFF920B139
:10BB70004046FEF7ABF900B160E151464846FEF79A
:10BB800043F970B14046FEF7A1F920B14046FEF7F7
:10BB90009DF900B152E151464846FEF735F900B132
:10BBA0004CE151464846FEF72FF900287ED10EA9F8
:10BBB0001698FEF783F9002879D14AF6AA20A549FC
:10BBC00009680860002004E00EA9095C4D40411C92
:10BBD000C8B20F28F8DB9DF84700A84268D14AF6A2
:10BBE000AA209C49096808609DF8450001287DD17C
:10BBF000002500208DF838008DF839008DF83A00C6
:10BC00008DF83B009DF83C009349C8709DF83D00BD
:10BC100048709DF83E0088709DF83F008F4908707D
:10BC20009DF8400048709DF84100887000208DF814
:10BC300042008DF843008DF844008DF845009DF8D2
:10BC400046B000BF04E00EA9095C4D40411CC8B2DB
:10BC50000F28F8DB8DF847500EA91698FEF766F905
:10BC600000287DD17E4803787C4880787B494978DC
:10BC70007A4A1278CDE90603CDE904217648817825
:10BC80004078754AD278CDE900B2CDE90201754815
:10BC90000368754802687549754804F0BDF9744831
:10BCA00006F04CFF7348007830B102E0C0E0B9E024
:10BCB000B2E00120704908700D222046611CCCB210
:10BCC00009A90A5468480068C2B22046611CCCB277
:10BCD00009A90A5464480068C0F307222146601C81
:10BCE000C4B209A842546048006800E07EE0C0F396
:10BCF00007422046611CCCB209A90A545A48006880
:10BD0000000E2146621CD4B209AA5054554800685E
:10BD1000C2B22046611CCCB209A90A54514800683D
:10BD2000C0F307222046611CCCB209A90A544D4831
:10BD30000068C0F307422046611CCCB209A90A542E
:10BD400048480068000E2146621CD4B209AA50542B
:10BD50004A4802782046611CCCB209A90A5400E086
:10BD60003EE03D48C2782046611CCCB209A90A5485
:10BD7000394842782046611CCCB209A90A54364899
:10BD800082782046611CCCB209A90A543348027853
:10BD90002046611CCCB209A90A543048427820469A
:10BDA000611CCCB209A90A542C4882782046611C37
:10BDB000CCB209A90A542A4802782146601CC4B2B0
:10BDC00009A842542E4800884EF61671884205D1C3
:10BDD000214609A800F0EAFE00F0ACFE002091E444
:10BDE000AFF2043006F0AAFEFF208BE4254800687D
:10BDF00000901C4803681C480268AFF204311C48DC
:10BE000004F00AF91A4806F099FE1A48007808B1B9
:10BE1000F9F7F8FFFF2075E4AFF2003006F08EFE70
:10BE2000FF206FE4AFF2F82006F088FEFF2069E4FF
:10BE3000AFF2F02006F082FEFF2063E4002F7FF4D3
:10BE400016AE03E010A006F079FE00BF00BF00BFF1
:10BE500058E40000E00B0020E3000020E000002098
:10BE60001C000020A00000209C000020643B010872
:10BE7000CC090020340000208A000020350000207A
:10BE80003A000020640000207B22436F6E666967E1
:10BE9000223A7B22537461747573223A33307D7D6C
:10BEA0000A00000001B582B06420012301AA02A9A2
:10BEB00000900348FDF729F99DF804000EBD00002D
:10BEC000000C002008B508490968C9084FF47A72C7
:10BED000B1FBF2F14143009100BF00BF00994A1E3F
:10BEE00000920029F9D108BD6C010020014600BF75
:10BEF000080900EB8000420001F00F001044C0B2BE
:10BF0000704770B504460025FBF716F8054607E0B4
:10BF1000FBF712F8401BB0F57A7F01D9032070BD02
:10BF20002068406800F020000028F1D020684068B8
:10BF300040F01000216848600020F0E770B504462A
:10BF400000252068406820F0100021684860FAF75A
:10BF5000F3FF054607E0FAF7EFFF401BB0F57A7FE5
:10BF600001D9032070BD2068406800F0200000283F
:10BF7000F1D00020F6E730B501460022002300246E
:10BF800000200D68AD69AAB20D68ED69ACB20D680C
:10BF9000AD69ABB29A4205D00D68ED6963F31F45F8
:10BFA000284601E044EA024030BDF0B504460B46A5
:10BFB0000021002504F5FA61032B1BD2C3EBC3005B
:10BFC00000EB03100926B0FBF6F01044001D4618E4
:10BFD000481E06EB90066427B0FBF7F0361A481EA1
:10BFE000BF00B0FBF7F030440726B0FBF6F706FBC6
:10BFF00017051AE0C3EBC30000EB03100926B0FBE2
:10C00000F6F01044001D084400EB91006426B1FBDB
:10C01000F6F6801B4FF4C876B1FBF6F63044801E6E
:10C020000726B0FBF6F706FB1705E8B2F0BD70B5C2
:10C0300004460D4600262046FFF763FF08B101269F
:10C040000AE0280C21688861A8B22168C8612046EE
:10C05000FFF774FF00B10126304670BD70B504468D
:10C060001448007828B1002202211348FAF75EFF35
:10C0700004E0002210211048FAF758FF7E2101EA5F
:10C08000440141F08000FFF70DFF0020FFF70AFF99
:10C0900005460848007828B1012202210648FAF72F
:10C0A00045FF04E0012210210348FAF73FFF28462C
:10C0B00070BD000034000020000801402DE9F74F5A
:10C0C000FEB00E46DFF85893D6487D906FEA09001F
:10C0D0007C90D448C0437B90D3487A9000207490E1
:10C0E0000CE0DDF8D0A17E9810F80AA00DF5A67B33
:10C0F00074980BF800A07498401C74907498B04227
:10C10000EFD331460F4680200DF5A67A0AF80100DC
:10C110004FF0000A0DF5A67B481C0BF800A053A8B1
:10C12000405C5290491C08464FEAE17A01EB9A6A5A
:10C130004FEAAA1AA1EB8A1ACDF844A1DDF844A16E
:10C14000BAF1380F04DA5198C0F13800519003E089
:10C150005198C0F178005190002306E000200DF5C1
:10C16000A67A0AF80100491C5B1C51988342F5D35A
:10C170004FF0000A0DF5A67B481C0BF800A0002329
:10C1800006E000200DF5A67A0AF80100491C5B1CA8
:10C19000062BF6D3F8004FEAE07A00EB1A6ACAF3EE
:10C1A000072A0DF5A67B0BF801A0491CF8004FEA01
:10C1B000E07A00EB1A6A4FEA2A2AA0EB0A2A0BF867
:10C1C00001A0491C002001EB030A0BF80A000846F5
:10C1D0004FEAE17A01EB9A6A4FEAAA1ACDF840A138
:10C1E0000023DCE000202BE04FEA831A0AEB800AF0
:10C1F0000DF5A67B1BF80AA04FEA0A6A4FEA831BDB
:10C200000BEB800B0BF1010B0DF5A67E1EF80BB0AE
:10C210000AEB0B4A4FEA831B0BEB800B0BF1020B73
:10C220001EF80BB00AEB0B2A4FEA831B0BEB800BBB
:10C230000BF1030B1EF80BB0DA444DF820A0401CA4
:10C240001028D1DB102430E0E01E5DF82000A4F1BE
:10C25000080A5DF82AA080EA0A00A4F10E0A5DF837
:10C260002AA080EA0A00A4F1100A5DF82AA080EA58
:10C270000A004FEA400AE01E5DF82000A4F1080B16
:10C280005DF82BB080EA0B00A4F10E0B5DF82BB02B
:10C2900080EA0B00A4F1100B5DF82BB080EA0B00D4
:10C2A0004AEAD0704DF82400641C502CCCD3CDF851
:10C2B000E4917D9DDDF8F0C1DDF8EC817A9878900D
:10C2C000002059E013280CDC05EA0C0A28EA050BCB
:10C2D0004AEA0B0ACDF8DCA1DFF850A1CDF8D8A1CD
:10C2E00029E027280ADC85EA0C0A8AEA080ACDF840
:10C2F000DCA1DFF83CA1CDF8D8A11CE03B2810DC84
:10C3000005EA0C0A05EA080B4AEA0B0A0CEA080BD4
:10C310004AEA0B0ACDF8DCA1DFF818A1CDF8D8A1C4
:10C3200009E085EA0C0A8AEA080ACDF8DCA1DFF800
:10C3300008A1CDF8D8A1DDF8E4A14FEA4A1B4BEAE9
:10C34000DA6BDDF8DCA1D344DDF8E0A1D344DDF8FD
:10C35000D8A1DA445DF820B0DA44CDF8D4A1CDF804
:10C36000E081E0464FEA857A4AEA950C799DDDF84E
:10C37000D4A1CDF8E4A1401C5028A3DB79988144D6
:10C380007D9828447D907C9860447C907B984044C4
:10C390007B90DDF8E0A17A9850447A905B1C50982D
:10C3A0008342FFF41FAF4FEA196010704FEA194043
:10C3B00050704FEA1920907082F803907D98000E1B
:10C3C00010717D98000C50717D98000A90717D98D5
:10C3D000D0717C98000E10727C98000C50727C9882
:10C3E000000A90727C98D0727B98000E10737B9834
:10C3F000000C50737B98000A90737B98D0737A98E6
:10C40000000E10747A98000C50747A98000A907498
:10C410007A98C0B2D0740DF5017DBDE8F08F0000B0
:10C420000123456789ABCDEFF0E1D2C39979825AF8
:10C43000A1EBD96EDCBC1B8FD6C162CAF8B504462D
:10C440000D4616462B46002280212046009600F01D
:10C45000F1FA28B1606D40F0200060650320F8BD5E
:10C460000020FCE738B50BA00068009000240022F3
:10C470004FF480510848FAF759FD642301226946B8
:10C480000648FCF76BFD012211030348FAF74EFD45
:10C4900038BD000006000000000C0140580C0020D0
:10C4A00038B504460DA00068009000224FF480517A
:10C4B0000B48FAF73BFD6423012269460948FCF763
:10C4C0004DFD00946423012269460648FCF746FDB1
:10C4D000012211030248FAF729FD38BD01000000CE
:10C4E000000C0140580C002038B504461BA0006821
:10C4F000009000252403FFF7B5FF00F00BF90022A0
:10C500004FF480511648FAF711FD64230122694661
:10C510001448FCF723FDC4F3074000906423012274
:10C5200069461048FCF71AFDC4F307200090642305
:10C53000012269460B48FCF711FDE0B2009064232C
:10C54000012269460748FCF709FD0122110304484E
:10C55000FAF7ECFC00F0DEF838BD00002000000027
:10C56000000C0140580C0020FEB506460C4617464C
:10C5700024A0006802900020019000224FF4805116
:10C580002148FAF7D3FC6420012301AA02A90090F4
:10C590001E48FCF7BAFDC4F3074002906420012353
:10C5A00001AA02A900901948FCF7AFFDC4F30720C7
:10C5B00002906420012301AA02A900901348FCF70D
:10C5C000A4FDE0B202906420012301AA02A9009018
:10C5D0000E48FCF79AFDFF200290002509E0642038
:10C5E0007219012302A900900848FCF78EFD681C0F
:10C5F00085B2BD42F3DB012211030348FAF796FC32
:10C60000FEBD000003000000000C0140580C00209B
:10C610003EB527A00068029000200190002400226F
:10C620004FF480512348FAF781FC6420012301AACA
:10C6300002A900902048FCF768FD002002906420C9
:10C64000012301AA02A900901B48FCF75EFD6420AB
:10C65000012301AA02A900901748FCF756FD6420A7
:10C66000012301AA02A900901348FCF74EFD6420A3
:10C67000012301AA02A900900F48FCF746FD9DF88E
:10C6800004406420012301AA02A900900A48FCF793
:10C690003CFD4FF6FF7000EA04249DF804000443BB
:10C6A000012211030348FAF741FC20463EBD000079
:10C6B00090000000000C0140580C00200EB5002036
:10C6C000029011A00068019000224FF480510F48A1
:10C6D000FAF72CFC6420012302AA01A900900C485F
:10C6E000FCF713FDFF2001906420012302AA01A999
:10C6F00000900748FCF709FD012211030348FAF7EF
:10C7000015FC9DF808000EBD05000000000C01405E
:10C71000580C002010B5002404E04AF6AA20054970
:10C7200009680860FFF7CAFF00F001000028F4D193
:10C7300010BD0000E00B00202DE9F047804689463F
:10C7400016464FEA1937C9F30B0ACAF58055F9F7AF
:10C750002BFFBAF1000F03D117B13846FFF7C4FE23
:10C76000AE4200DC354669E04AF6AA203549096840
:10C77000086039034FF480523348FFF7F5FE002478
:10C7800008E00AEB04003049085CFF2800D003E011
:10C79000601C84B2AC42F4DB00BFAC4217DAF9F79C
:10C7A00003FF3846FFF7A0FE002407E018F8040056
:10C7B00004EB0A01244A5054601C84B2AC42F5DBFD
:10C7C00039034FF48052204800F0BAF804E02A46BA
:10C7D0004946404600F0B4F8002404E000201A491D
:10C7E0000855601C84B2AC42F8DB2A46494616481C
:10C7F000FFF7BAFE002408E01348005D18F80410A3
:10C80000884200D003E0601C84B2AC42F4DB00BF7D
:10C81000AC4202DA0120BDE8F087AE4200D10EE062
:10C820007F1C4FF0000AA844A944701B86B2B6F5DD
:10C83000805F02DD4FF4805500E0354694E700BF8D
:10C840000020E8E7E00B0020022000202DE9F0475F
:10C850000746884616464FEA1839C8F30B0ACAF548
:10C860008055AE4200DC354663E04FEA09314FF4B3
:10C8700080523248FFF778FE002408E00AEB0400FB
:10C880002E49085CFF2800D003E0601C84B2AC4253
:10C89000F4DB00BFAC4215DA4846FFF725FE002462
:10C8A00006E0385D04EB0A01244A5054601C84B24F
:10C8B000AC42F6DB4FEA09314FF480521F4800F0DA
:10C8C0003FF804E02A464146384600F039F8002493
:10C8D00004E0002019490855601C84B2AC42F8DB22
:10C8E0002A4641461548FFF73FFE002407E013485B
:10C8F000005D395D884200D003E0601C84B2AC4228
:10C90000F5DB00BFAC4202DA0120BDE8F087AE42A1
:10C9100000D10FE009F101094FF0000A2F44A844AB
:10C92000701B86B2B6F5805F02DD4FF4805500E0E3
:10C9300035469AE700BF0020E7E70000022000200C
:10C940002DE9F04107460E461446F0B2C0F5807559
:10C95000AC4200DC254617E04AF6AA200C490968DB
:10C9600008602A463146384600F014F8AC4200D13F
:10C970000BE02F442E44601B84B2B4F5807F02DDAF
:10C980004FF4807500E02546E6E700BFBDE8F08182
:10C99000E00B00202DE9F84306460C46174622A07E
:10C9A000006800904FF00008FFF75CFD00224FF494
:10C9B00080511E48FAF7BAFA6423012269461C48DE
:10C9C000FCF7CCFAC4F307400090642301226946C7
:10C9D0001748FCF7C3FAC4F3072000906423012230
:10C9E00069461348FCF7BAFAE0B2009064230122CA
:10C9F00069460F48FCF7B2FA002509E0705D009027
:10CA00007119642301220A48FCF7A8FA681C85B250
:10CA1000BD42F3DB012211030448FAF787FAFFF75E
:10CA200079FEBDE8F883000002000000000C014020
:10CA3000580C00202DE9F84F04460D4690461E463E
:10CA4000DDF82890FAF778FAA0EB0900371AFAF720
:10CA500073FA82462C480068C0F3CB3078430090CC
:10CA600045E0701C002842D0FAF766FAA0EB0A00F5
:10CA7000B84200D2A7BB2068406820F0E0002168DF
:10CA800048606068B0F5827F0DD1A068B0F5004FB6
:10CA900003D0A068B0F5806F05D12068006820F051
:10CAA000400021680860A06AB0F5005F0DD100BFAA
:10CAB0002068006820F40050216808602068006841
:10CAC00040F400502168086000BF012084F8510044
:10CAD00000BF002084F8500000BF0320BDE8F88F9D
:10CAE000FFE7009800B900270098401E00902068DA
:10CAF00080682840A84201D1012000E00020404584
:10CB0000AFD10020EAE700006C0100207047000070
:10CB100070B504460D4616464AF6AA20044909682F
:10CB200008602A4621463046FFF790FEC0B270BD2D
:10CB3000E00B00203EB5694619480068FDF742FA4F
:10CB400001A918480068FDF73DFA0D208DF808008E
:10CB5000002015490880002409E01DF8040012494E
:10CB60000988084400B210490880601CC4B2092C2E
:10CB7000F3DB0D4800788DF809000B480088000AA7
:10CB80008DF80A006A460B214FF40120FFF7C0FF21
:10CB900028B16A460B214FF40120FFF7B9FF3EBDD3
:10CBA00000000020040000204400002070B505466D
:10CBB0000C4610480068604300F500162A462146DE
:10CBC0003046FFF7A5FF88B12A4621463046FFF7D9
:10CBD0009FFF58B1FDF7B2F906480068604300F5C1
:10CBE00000162A4621463046FFF792FFFDF7A6F9C8
:10CBF00070BD00000000002030B58FB005460C4627
:10CC000002208DF834008DF8355005208DF836005F
:10CC1000E0B28DF83700200A8DF8380085F0050065
:10CC20006040C0B28DF8390003208DF83A002246EA
:10CC300005A1684603F0F0F9684605F07FFF0A2079
:10CC4000F9F7ECFE0FB030BD7B225061636B4E6F85
:10CC5000223A7B22496478223A25757D7D0A0000BC
:10CC600070B505460C462846FFF7F8F9064646EA31
:10CC70000401284603F094F970BD00000146012923
:10CC800001DB012070470120024A02EB4112907043
:10CC90000020F7E7981F002070B504460D4629468E
:10CCA0002046FAF731F970BD70B504460D461646B8
:10CCB000324629462046FAF739F970BD70B500F0C2
:10CCC000F9F80546002411E0164800EB4410C07F37
:10CCD00015490978884208D145FA04F202F00101A9
:10CCE000104A02EB441000F0ABF8641C012CEBDBA3
:10CCF0000D48007848B9002405E00A4901EB4410CA
:10CD000000F01BF9641C012CF7DB07480078401C7D
:10CD10000549087008460078052801DB00200870E6
:10CD200070BD0000981F002083020020F0B504466B
:10CD30000D461646059F012C01DB0120F0BD0020A9
:10CD4000254901EB44110870234901EB4411887116
:10CD5000214901EB441148711F4901EB44114881FD
:10CD60001D4901EB441148701B4901EB44118870C7
:10CD7000194901EB44110871174901EB4411C870BE
:10CD8000154901EB4411C871134901EB44110872B4
:10CD9000124800EB8410104901EB4411C8600E48A2
:10CDA00000EB441083610C4800EB441087830A4871
:10CDB00000EB44100561084800EB44108682002017
:10CDC000054901EB44118877034901EB4411C87709
:10CDD000FFF754FF0020B1E7981F0020B81F002084
:10CDE00030B503460C46012B01DB012030BD134852
:10CDF00000EB4310007808B10120F7E700200F4D49
:10CE000005EB4315E8710D4800EB43100272002159
:10CE100006E0605C094D05EB4315ED686854491C5C
:10CE20009142F6DB0120054D05EB43152870034DBB
:10CE300005EB431568700020D8E70000981F00201C
:10CE400010B58278002A33D0827962B901B110BD61
:10CE5000002242718279521C82710023C268203202
:10CE60004489135524E08279092A14DAC2682032F1
:10CE70004389D25C01F001034479A3401A43D3B241
:10CE8000C2682032448913558279521C82714279DA
:10CE9000521C42710CE08279092A09D10022827168
:10CEA000827729B142891F2A02DA4289521C4281C3
:10CEB00000BFCCE770B5002600242CE0184A02EB36
:10CEC0004412918B164A02EB44129069FFF7E4FE7C
:10CED0000546134800EB44108079B0B9104800EBC8
:10CEE0004410807F88B985B90E480078801C0521E0
:10CEF00090FBF1F201FB1200094901EB4411C877E4
:10CF00000120074901EB4411887705F00100A0409A
:10CF10003043C6B2641C012CD0DB304670BD00002B
:10CF2000981F00208302002070B504460D46A18A98
:10CF30002A462069FFF7B8FE70BD10B50446607838
:10CF400000283FD0207958B9012020700020E070DF
:10CF500000212046FFF7E8FF2079401C207131E0D6
:10CF60002079092810DAE279E068805CE2781041E3
:10CF700000F001012046FFF7D7FF2079401C207107
:10CF8000E078401CE0701DE02079092807D10121DC
:10CF90002046FFF7C9FF2079401C207112E020795C
:10CFA0000A280FD100202071E079401CE071207A1E
:10CFB000E179884203DD01202070607002E00020EA
:10CFC0002070607010BD000010B5F9F7EBFF054848
:10CFD0000088401C0349088003480068401C02493F
:10CFE000086010BD8C0000203000002000B593B018
:10CFF000282109A8F8F7BFFC142104A8F8F7BBFC06
:10D00000002000900190029003900D2009904FF4B1
:10D0100080300A9000200B9001200C900D900F9012
:10D0200002201090C10311914FF4E011129109A850
:10D03000FBF734FA08B1F9F737FA0F200490022011
:10D040000590002006904FF4806007900020089023
:10D05000022104A8FBF7D6F808B1F9F725FA112048
:10D0600000904FF480700190002003906846FBF719
:10D070002FF808B1F9F718FAFBF78AF913B000BDD9
:10D0800001480249086070470058000808ED00E0B8
:10D0900010B50348FCF7F6FB0148FCF726FB10BD72
:10D0A000B00C002010B50268184B984208D0B0F1BF
:10D0B000804F05D0164B984202D0164B984203D1B0
:10D0C00022F070024B681A43104B984208D0B0F11E
:10D0D000804F05D00E4B984202D00E4B984203D1A0
:10D0E00022F44072CB681A4322F080034C6943EA71
:10D0F000040202608B68C3620B688362034B984230
:10D1000001D10B6903630123436110BD002C014071
:10D11000000400400008004030B50C46816821F44E
:10D120007F4142EA032525432943816030BD0A46F9
:10D13000816821F0700142F0070319438160704754
:10D1400030B50B461446026A056A25F001050562F2
:10D15000816921F0F00141EA041122F00A021A4328
:10D160008161026230BD30B50B461446056A25F078
:10D17000100505628169026A21F4704141EA0431B7
:10D1800022F0A00242EA03128161026230BD70B552
:10D1900005466C6A0020E085E0842046FCF780FBB1
:10D1A00070BD0168C96821F490710268D16001689E
:10D1B000496921F0010102685161016B012905D122
:10D1C0000168C96821F010010268D160202180F84F
:10D1D0003E1000210163704710B504462068C06806
:10D1E00020F040002168C860202084F83D002046DF
:10D1F000FCF7F4FD002010BDF8B5044694F83E009D
:10D20000222869D1A068B0F5805F0CD1206950B99F
:10D210000025A66A20684068C0F308003080A06A34
:10D22000801CA06215E0A56A0026A068B0F5805FAA
:10D2300003D0A06828B9206918B920684068287010
:10D2400004E02068406800F07F002870A06A401C5D
:10D25000A062E08D401E80B2E085A8BB2068C06857
:10D2600020F020002168C8602068C06820F4807029
:10D270002168C8602068406920F001002168486189
:10D28000202084F83E00206B01281ED1002020635E
:10D290002068C06820F010002168C860206800681D
:10D2A00000F0100010280AD100BF00200090206874
:10D2B0000068009020684068009000BF00BFA18D0A
:10D2C0002046FCF7ECFA03E004E02046FCF71CFDE6
:10D2D0000020F8BD0020FCE70220FAE770B5044604
:10D2E0002168096921F44051E26811432268116103
:10D2F0002269A1681143626941EA02052168C9688F
:10D3000041F20C62914329432268D1602168496946
:10D3100021F44071A2691143226851612D4A2168AC
:10D32000914202D1FBF750F801E0FBF73DF800EB2A
:10D33000C00101EB001162689200B1FBF2F100EB59
:10D34000C00202EB001263689B00B2FBF3F264239D
:10D35000B2FBF3F202EBC20303EB0212A1EB820178
:10D36000322202EB01116422B1FBF2F101F0F00173
:10D3700000EBC00202EB001263689B00B2FBF3F209
:10D380006423B2FBF3F201EB021200EBC00101EBEC
:10D39000001163689B00B1FBF3F100EBC00303EBEA
:10D3A00000136668B600B3FBF6F36426B3FBF6F32E
:10D3B00003EBC30606EB0313A1EB8301322303EB5C
:10D3C00001116423B1FBF3F101F00F011144226854
:10D3D000916070BD00380140014691F83D00212860
:10D3E00028D18868B0F5805F0BD1086948B90A6A0E
:10D3F0001088C0F308000B685860086A801C086237
:10D4000005E00B6A581C086218780B685860C88CD5
:10D41000401E80B2C88458B90868C06820F08000F7
:10D420000B68D8600868C06840F040000B68D8609E
:10D43000002070470220FCE72DE9F04104460D462C
:10D4400017469846069E21E0701CF8B12EB1F9F7F8
:10D4500073FDA0EB0800B04218D92068C06820F422
:10D46000D0702168C8602068406920F00100216800
:10D470004861202084F83D0084F83E0000BF002071
:10D4800084F83C0000BF0320BDE8F08120680068FC
:10D490002840A84201D1012000E00020B842D3D0AA
:10D4A0000020F1E710B50248FCF7FCF910BD0000C0
:10D4B000F80C002009480068006800F020002028CF
:10D4C0000AD1074800680749074A12688854064885
:10D4D0000068401C04490860704700003C0D0020B3
:10D4E00004440040B40300204800002010B50E485A
:10D4F000FCF7D8F90C480068006800F020002028EC
:10D5000011D10A480068C1B209480A4A1268815418
:10D510000021024607480068401C11540548006875
:10D52000401C0449086010BD800D002004480040E4
:10D53000A0080020800000202DE9F04104460D469F
:10D54000D4F8B862D4F8C072D4F8B80278B305EB56
:10D55000850104F1140000EB8100806808B305EB3D
:10D56000850104F1140000EB810005EB8502816860
:10D5700007F1280000EBC2000069B1FBF0F200FBEC
:10D58000121070B9002105EB850204F1140000EBC4
:10D590008200816000231A462946204600F0C4FE1E
:10D5A00002E00020C6F814020020BDE8F081FFE789
:10D5B0000220FAE770B504460E46D4F8B852314658
:10D5C000204600F056FDC5F80C02D4F8B80248B168
:10D5D000D5F80402D4F8BC12CA6805F50371904767
:10D5E000002070BD0220FCE770B504460E46002501
:10D5F0008121204600F057FC0021E16201212046F4
:10D6000000F051FC0021C4F86C118221204600F08A
:10D610004AFC00212164D4F8B80250B1D4F8BC12FD
:10D6200048688047D4F8B80201F027F90020C4F810
:10D63000B802284670BD70B50546D5F8B842D5F891
:10D64000BC0278B194F80002FF280BD094F80122B4
:10D6500094F80002D5F8BC128B6821469847FF2049
:10D6600084F80002002070BD01460A2008800148AD
:10D6700070470000740100200146432008800148E3
:10D6800070470000FC01002001464320088001484B
:10D6900070470000B801002001464320088001487F
:10D6A00070470000400200202DE9F04104460F467B
:10D6B0000026207C88B94FF4007302228121204685
:10D6C00000F03EFD0121E1624B020222204600F003
:10D6D00037FD0121C4F86C110FE0402302228121A3
:10D6E000204600F02DFD0121E16240230222204668
:10D6F00000F026FD0121C4F86C11082303228221C9
:10D70000204600F01DFD012121644FF4077001F057
:10D71000B5F8C4F8B802D4F8B80208B901261CE07C
:10D72000D4F8B852D4F8BC12086880470020C5F875
:10D730001402C5F81802207C40B94FF4007301218F
:10D740002046D5F8042200F013FD06E04023012115
:10D750002046D5F8042200F00BFD3046BDE8F081EC
:10D7600070B50446D4F8B852D4F8B80298B1207C09
:10D7700040B94FF4007301212046D5F8042200F08F
:10D78000F7FC06E0402301212046D5F8042200F0F2
:10D79000EFFC002070BD0220FCE70246022011B120
:10D7A000C2F8BC12002070470246D2F8B832C3F863
:10D7B00004120020704710B50346D3F8B842C4F8ED
:10D7C0000812C4F81022002010BD2DE9FC410546C6
:10D7D0000C46D5F8B8620020019000900027207810
:10D7E00000F0600040B320285FD1E088E0B12078ED
:10D7F00000F0800060B1E2886078D5F8BC128B68D8
:10D8000031469847E2883146284600F0E6F812E0B3
:10D81000607886F80002A07986F80102E288314635
:10D82000284600F0B9F806E06078D5F8BC1200226E
:10D830008B68214698473EE0607820B10A2812D0D4
:10D840000B282AD11FE095F89C02032805D102225B
:10D850006946284600F0C1F804E02146284600F059
:10D860008FF802271FE095F89C02032805D10122BA
:10D8700001A9284600F0B1F804E02146284600F04E
:10D880007FF802270FE095F89C02032804D0214678
:10D89000284600F075F8022705E02146284600F0EA
:10D8A0006FF8022700BF00BF05E02146284600F0C0
:10D8B00067F8022700BF00BF3846BDE8FC8170B59D
:10D8C0000546D5F8B842D5F8B802A8B1D4F8140284
:10D8D00080B90120C4F81402D4F810122963B4F8F6
:10D8E000100283B281212846D4F8082200F01CFDE2
:10D8F000002070BD0120FCE70220FAE770B5044665
:10D900000D46D4F8B40229464268204690470020CC
:10D9100070BD70B504460D4694F89C02012804D0F1
:10D92000022803D003280CD101E000BF00BF6888A3
:10D93000012805D10020C4F8A402204600F05EF8BA
:10D9400004E02946204600F01BF800BF00BF70BD70
:10D9500070B506460C4615462B4622460021304639
:10D9600000F006FC002070BD70B506460C4615465A
:10D970002B4622460021304600F0D6FC002070BD28
:10D9800070B504460D468021204600F0A1FC002120
:10D99000204600F09DFC70BD70B504460E4615464D
:10D9A0000320C4F894024FF4AE700551001D0551D8
:10D9B0002B4632460021204600F0DAFB002070BDE5
:10D9C00010B504460520C4F8940200231A461946EF
:10D9D000204600F0CDFB002010BD70B504460E4679
:10D9E00015460220C4F89402E56125622B463246B2
:10D9F0000021204600F098FC002070BD10B50446C0
:10DA00000420C4F8940200231A461946204600F068
:10DA10008BFC002010BD000070B505460C462DB9EA
:10DA20002246064906A000F0D3F904E02246034945
:10DA300003A000F0CDF9014870BD0000881000205F
:10DA400043444320436F6E6669670000024612201C
:10DA500008800148704700000401002070B50546A9
:10DA60000C462DB92246064906A000F0B1F904E0A3
:10DA70002246034903A000F0ABF9014870BD000045
:10DA80008810002043444320496E746572666163C8
:10DA9000650000000246042008800148704700002D
:10DAA0001801002070B505460C462246024903A025
:10DAB00000F08EF9004870BD881000204A6168614E
:10DAC0006E476F737461720070B505460C462DB9D0
:10DAD0002246064906A000F07BF904E022460349ED
:10DAE00003A000F075F9014870BD00008810002007
:10DAF0004A6168616E476F73746172506F7274002F
:10DB000070B505460C461A202080F8F7E9FE01485A
:10DB100070BD00001C01002070B504460D46E88869
:10DB2000012804D029462046FFF72AFF1EE094F87A
:10DB30009C02012804D0022803D0032810D109E058
:10DB400000BF0020A060012204F108012046FFF779
:10DB500044FF0AE00122211D2046FFF73EFF04E0BA
:10DB600029462046FFF70CFF00BF00BF70BDF8B587
:10DB700004460E4600200090002700257088001201
:10DB8000082875D2DFE800F0C7040C20C7C7A5B588
:10DB9000207CD4F8B0120A68694690470746C1E075
:10DBA000207C40B9D4F8B402816A684688470746A9
:10DBB0000220787007E0D4F8B402C16A684688474A
:10DBC000074602207870ADE0B078062878D2DFE80A
:10DBD00000F00316293C5063D4F8B002406838B115
:10DBE000207CD4F8B0124A6869469047074605E0A1
:10DBF00031462046FFF7C4FE681CC5B267E0D4F882
:10DC0000B002806838B1207CD4F8B0128A686946C6
:10DC10009047074605E031462046FFF7B1FE681CF5
:10DC2000C5B254E0D4F8B002C06838B1207CD4F852
:10DC3000B012CA6869469047074605E0314620465B
:10DC4000FFF79EFE681CC5B241E0D4F8B00200693F
:10DC500038B1207CD4F8B0120A696946904707466B
:10DC600005E031462046FFF78BFE681CC5B22EE06A
:10DC700051E0D4F8B002406938B1207CD4F8B01239
:10DC80004A6969469047074605E031462046FFF756
:10DC900077FE681CC5B21AE0D4F8B002806940B1C2
:10DCA000207CD4F8B0128A6969469047074606E09E
:10DCB00006E031462046FFF763FE681CC5B206E069
:10DCC00031462046FFF75CFE681CC5B200BF00BFAE
:10DCD00028E0207C30B9D4F8B402416B684688470C
:10DCE000074605E031462046FFF74AFE681CC5B2EC
:10DCF00018E0207C40B9D4F8B402016B684688472C
:10DD000007460720787005E031462046FFF738FEC9
:10DD1000681CC5B206E031462046FFF731FE681C9C
:10DD2000C5B200BF00BF05B1F8BDBDF8000088B1A5
:10DD3000F08878B1F088BDF80010884202DDBDF8A7
:10DD4000000000E0F0880090BDF800203946204631
:10DD5000FFF743FEF08810B92046FFF74FFE00BFE3
:10DD6000E2E70146002002E0421CD0B2491C0A78DA
:10DD7000002AF9D1704770B504460D4694F89C020C
:10DD8000012804D0022803D003281AD101E000BFE3
:10DD900000BFE888022804D029462046FFF7F0FD9E
:10DDA00014E00120E060D4F8A40218B1E06840F06B
:10DDB0000200E060022204F10C012046FFF70DFE94
:10DDC00004E029462046FFF7DBFD00BF00BF70BD21
:10DDD0002DE9F04104460D4617460026FCB12046C9
:10DDE000FFF7BFFF022101EB400038803A78304650
:10DDF000711CCEB22A5403223046711CCEB22A5472
:10DE00000AE014F8012B3046711CCEB22A540022CD
:10DE10003046711CCEB22A5420780028F1D1BDE8DA
:10DE2000F0810146002031B1012906D0022906D037
:10DE3000032908D105E0002007E0022005E00120C9
:10DE400003E0022001E0022000BF00BF704770B570
:10DE500004460D4616460CB9022070BDD4F8B40233
:10DE600010B10020C4F8B4020DB1C4F8B0520120C2
:10DE700084F89C022670204600F004F90020ECE7AC
:10DE80002DE9F04104460D46002600272946D4F826
:10DE9000C002F9F7F3F906463046FFF7C2FF07461E
:10DEA0003846BDE8F0812DE9F04104460D460026D4
:10DEB00000272946D4F8C002F9F7ABF906463046E8
:10DEC000FFF7AFFF07463846BDE8F0812DE9F04186
:10DED00004460E461746002E64D104F11405D4F80A
:10DEE0009402022848D1D5E90301884210D9D5E926
:10DEF0000301401AE860A88982B239462046FFF73C
:10DF000033FD00231A461946204600F031F93EE061
:10DF10002969A868B0FBF1F201FB1200B8B92969C0
:10DF2000A868884213D3A868D4F8981288420ED201
:10DF3000002211462046FFF717FD0020C4F8980282
:10DF400000231A461946204600F012F91FE0D4F8C3
:10DF5000B402C06840B194F89C02032804D1D4F8FC
:10DF6000B402C168204688478021204600F0B0F9FD
:10DF70002046FFF725FD0AE0D4F89402042802D0D9
:10DF8000D4F8940218B98021204600F0A1F994F841
:10DF9000A002012818D1204600F0FAF9002084F8E8
:10DFA000A00211E0D4F8B402406950B194F89C0288
:10DFB000032806D1D4F8B40231464269204690477E
:10DFC00002E00220BDE8F0810020FBE72DE9F041EE
:10DFD00004460E461746BEBB04F5AA75D4F8940253
:10DFE000032825D1D5E90301884210D9D5E90301D9
:10DFF000401AE860D5E90301884201D2E86800E0F0
:10E00000286982B239462046FFF7A2FC2FE0D4F8F7
:10E01000B402006940B194F89C02032804D1D4F8FA
:10E02000B4020169204688472046FFF7E7FC1EE05E
:10E03000D4F8940205281AD10020C4F894020021D3
:10E04000204600F045F912E0FFE7D4F8B4028069F9
:10E0500050B194F89C02032806D1D4F8B40231469A
:10E0600082692046904702E00220BDE8F08100204E
:10E07000FBE770B504460D462946D4F8C002F9F70F
:10E080007BFC70BD10B504461D48C0F8E842C4F8DA
:10E09000C0021C481A49086008204860022118483C
:10E0A000816000218161C1610162F9F73CFE08B124
:10E0B000F8F7FAF904F530741823002211462068A5
:10E0C000F9F764F85823002280212068F9F75EF8F8
:10E0D000C023002281212068F9F758F84FF4887393
:10E0E000002201212068F9F751F82068A4F5307466
:10E0F0004FF4807300228221F9F748F8002010BD08
:10E10000581A0020005C004010B50246D2F8C03218
:10E1100001F08000802809D101F07F0000EB80042D
:10E1200003F1280000EBC400807810BD01F07F00EF
:10E1300000EB800403F5B47000EBC4008078F4E7D2
:10E140002DE9F04704460F4615461E464FF00008DD
:10E15000C1462B4632463946D4F8C002F9F717FCBF
:10E1600080464046FFF75DFE81464846BDE8F087A1
:10E170002DE9F04704460D4616461F464FF00008AD
:10E18000C1463B4632462946D4F8C002F9F745FC61
:10E1900080464046FFF745FE81464846BDE8F08789
:10E1A00010B504464023002211462046FFF7C8FF61
:10E1B00001214FF4AC70015140214FF4B270015174
:10E1C0004023002280212046FFF7BAFF0121A161F0
:10E1D00040216162012084F89C020020C4F894026E
:10E1E0006060C4F8A402D4F8B80228B12179D4F848
:10E1F000B402426820469047002010BD014691F8C5
:10E200009C02042803D191F89D0281F89C02002011
:10E21000704710B5044694F89C02032808D1D4F83E
:10E22000B402C06920B1D4F8B402C169204688475D
:10E23000002010BD02461174002070472DE9F04106
:10E2400004460D46002600272946D4F8C002F9F7F7
:10E2500059FE06463046FFF7E4FD07463846BDE85E
:10E26000F08170B504460D46294604F52A7000F089
:10E2700073F80120C4F8940240F2AE20005BC4F8A9
:10E28000980294F8A80200F01F0020B1012808D0DD
:10E29000022812D10BE004F52A71204600F041F962
:10E2A00013E004F52A71204600F0A8FA0DE004F509
:10E2B0002A71204600F086F907E094F8A80200F0E1
:10E2C0008001204600F004F800BF00BF002070BDB0
:10E2D0002DE9F04104460D46002600272946D4F8D2
:10E2E000C002F9F7C0FB06463046FFF79AFD074625
:10E2F0003846BDE8F08170B5044600250026D4F804
:10E30000C002F9F723FE05462846FFF78AFD0646B8
:10E31000304670BD014691F89C0281F89D020420B0
:10E3200081F89C02002070472DE9F04704460D4615
:10E3300016461F464FF00008C1463B463246294666
:10E34000D4F8C002F9F7D3FB80464046FFF769FDD9
:10E3500081464846BDE8F0870A7802704A784270E4
:10E360008B78CA7803EB022242800B794A7903EB5F
:10E37000022282808B79CA7903EB0222C280704725
:10E380000246002011B1C2F8B41200E0022070472A
:10E3900001460020704770B504460D46A88810BBA2
:10E3A000E88800BB688880281DD2A87800F07F0626
:10E3B00094F89C02032804D129462046FFF7E0FA8E
:10E3C00015E084F89E6231462046FFF737FF20466D
:10E3D000FFF714FB1EB1022084F89C0207E0012025
:10E3E00084F89C0203E029462046FFF7C9FA70BD75
:10E3F00070B504460D460226D4F8B40238B1D4F8FC
:10E40000B402294602682046904700B900263046EB
:10E4100070BD000070B504460D46A87836490870F6
:10E4200008460078012804DD29462046FFF7A8FAAF
:10E4300060E094F89C02022802D003284FD11CE02F
:10E440002D480078A8B12C4800786060032084F83B
:10E450009C02294801782046FFF7CAFF022804D110
:10E4600029462046FFF78CFA70BD2046FFF7C6FA12
:10E4700002E02046FFF7C2FA3BE01F48007870B97F
:10E48000022084F89C021C48007860601A480178D9
:10E490002046FFF733FA2046FFF7B0FA1EE0164990
:10E4A00009786068884216D021792046FFF726FA5D
:10E4B000114800786060104801782046FFF798FF07
:10E4C000022804D129462046FFF75AFACCE7204615
:10E4D000FFF794FA02E02046FFF790FA09E0294698
:10E4E0002046FFF74DFA044801782046FFF706FA68
:10E4F00000BF00BF00BFB7E77001002070B5054640
:10E500000C466088012804D1C5F8A4022846FFF70C
:10E5100075FA70BD10B504462046FFF7ECFE0020EA
:10E5200010BD70B505460C460026207800F060004E
:10E5300060B1202802D040283CD100E000BFD5F8CF
:10E54000B402214682682846904738E060780A285D
:10E5500029D2DFE800F01923281E280A0528140F05
:10E5600021462846FFF703FB22E021462846FFF715
:10E5700012FF1DE021462846FFF74CFF18E0214618
:10E580002846FFF7C9FA13E021462846FFF7F3FBB8
:10E590000EE021462846FFF7B1FF09E02146284654
:10E5A000FFF7B7F904E021462846FFF7E9F900BF75
:10E5B00000BF04E021462846FFF7E2F900BF00BF94
:10E5C000304670BD2DE9F04105460E464FF000087B
:10E5D0003479307800F0600060B1202802D0402803
:10E5E00071D100E000BFD5F8B402314682682846F8
:10E5F000904700E1307800F06000202809D1D5F87C
:10E60000B402314682682846904780464046BDE8BD
:10E61000F081707800285ED001282FD0032876D1B1
:10E6200095F89C02022802D0032820D110E054B1B2
:10E63000802C08D021462846FFF74AFE8021284634
:10E64000FFF746FE03E031462846FFF799F913E04D
:10E65000708840B93CB1802C05D0F08818B92146AB
:10E660002846FFF735FE2846FFF7C8F904E0314693
:10E670002846FFF785F900BF00BFB5E095F89C027A
:10E68000022802D003281FD110E054B1802C08D0FA
:10E6900021462846FFF71CFE80212846FFF718FE7A
:10E6A00003E031462846FFF76BF912E0708848B95D
:10E6B00004F07F0018B121462846FFF7E1FB284609
:10E6C000FFF79CF905E091E031462846FFF758F93D
:10E6D00000BF00BF88E095F89C02022802D0032802
:10E6E00076D126E034B1802C04D031462846FFF79D
:10E6F00047F972E004F08000802809D104F07F001F
:10E7000000EB800105F1140000EB810008E066E0F9
:10E7100004F07F0000EB800105F5AA7000EB81009A
:10E72000074600203860022239462846FFF755F98F
:10E7300053E004F0800080280ED104F00F0000EBBD
:10E74000800105F1140000EB8100406898B9314662
:10E750002846FFF715F940E004F00F0000EB8001B8
:10E7600005F5AA7000EB8100406820B931462846C3
:10E77000FFF706F931E004F08000802808D104F0AA
:10E780007F0000EB800105F1140000EB810007E041
:10E7900004F07F0000EB800105F5AA7000EB81001A
:10E7A00007460CB1802C02D10020386009E02146D8
:10E7B0002846FFF7A9FC10B10120386001E00020D5
:10E7C0003860022239462846FFF707F905E0FFE7DF
:10E7D00031462846FFF7D4F800BF00BF04E03146B9
:10E7E0002846FFF7CDF800BF00BF04E031462846B9
:10E7F000FFF7C6F800BF00BF404608E770B5054602
:10E800000C460026207800F0600030B1202802D0AD
:10E8100040282AD100E000BF00BF95F89C020128E3
:10E8200004D0022803D0032818D101E000BF00BFA4
:10E83000207901280DDCD5F8B402214682682846EB
:10E8400090470646E08840B93EB92846FFF7D6F81B
:10E8500003E021462846FFF793F804E021462846C6
:10E86000FFF78EF800BF00BF04E021462846FFF7FF
:10E8700087F800BF00BF002070BD70470146014807
:10E8800070470000441D0020F0B5024600260878BD
:10E89000400032F8100048F68F1400EA0403C878EC
:10E8A00030B101280CD0022805D003280BD104E098
:10E8B00043F4007309E000BF07E043F4C06304E0E1
:10E8C00043F4806301E0012600BF00BF43F4004031
:10E8D00040F080000C78640022F8140000BF0C782F
:10E8E000640032F8144048F68F752C400D7844EAE5
:10E8F000050040F4004444F080040D786D0022F8D7
:10E90000154000BF087B00287ED14878002852D0EF
:10E9100000BF1046B2F8505028440D7800F58067CB
:10E9200007EB0514CD886D106D00258000BF00BF7A
:10E930000C78640032F8140000F040048CB100BF81
:10E940000D786D0032F8155048F68F7705EA070408
:10E9500044F4004545F0C0050F787F0022F81750B9
:10E9600000BF00BFC878012813D000BF0C78640036
:10E9700032F8144048F6BF7504EA050080F0200024
:10E9800040F4004444F080040D786D0022F81540F6
:10E990009EE100BF0C78640032F8144048F6BF7561
:10E9A00004EA050040F4004444F080040D786D0052
:10E9B00022F815408CE100BF1046B2F850502844B0
:10E9C0000D78042707EBC50500F5806707EB4504C4
:10E9D000CD886D106D00258000BF00BF1546B2F8D0
:10E9E000504025440C78062707EBC40405F58067E2
:10E9F00007EB4404204600BF0F6967B9078848F257
:10EA0000FF3C07EA0C0700E057E00780078847F45F
:10EA1000004707801EE00F693E2F0DD800BF0F6929
:10EA20007C080F7C07F0010707B1641C4FF6FF77E5
:10EA300007EA842707800DE000BF0F697C090F7C7F
:10EA400007F01F0707B9641E4FF4004747EA842701
:10EA5000078000BF00BF00BF00BF0C78640032F821
:10EA6000140000F480448CB100BF0D786D0032F8C2
:10EA7000155048F68F7705EA070444F4004545F43D
:10EA800081450F787F0022F8175000BF00BF00BFFC
:10EA90000C78640032F814404BF68F7504EA0500D8
:10EAA00080F4805080F4005040F4004444F080042E
:10EAB0000D786D0022F815400AE100BF0C78640063
:10EAC00032F8144048F68F7504EA050040F400441B
:10EAD00044F4C0740D786D0022F8154000BF00BFEB
:10EAE00000BF00BF1046B2F8505028440D7800F522
:10EAF000806707EB05140D896D106D00258000BF40
:10EB000000BF00BF00BF1046B2F8505028440D7837
:10EB1000042707EBC50500F5806707EB45044D8921
:10EB20006D106D00258000BF00BF00BF4878002831
:10EB30005DD100BF0C78640032F8140000F480440A
:10EB40008CB100BF0D786D0032F8155048F68F7704
:10EB500005EA070444F4004545F481450F787F0039
:10EB600022F8175000BF00BF00BF0C78640032F8D5
:10EB7000140000F040048CB100BF0D786D0032F835
:10EB8000155048F68F7705EA070444F4004545F030
:10EB9000C0050F787F0022F8175000BF00BF00BFEC
:10EBA0000C78640032F814404BF68F7504EA0500C7
:10EBB00080F4805080F4005040F4004444F080041D
:10EBC0000D786D0022F8154000BF00BF0C7864007E
:10EBD00032F8144048F6BF7504EA050040F40044DA
:10EBE00044F080040D786D0022F8154070E000BFFD
:10EBF0000C78640032F8140000F480448CB100BF3B
:10EC00000D786D0032F8155048F68F7705EA070445
:10EC100044F4004545F481450F787F0022F81750F1
:10EC200000BF00BF00BF0C78640032F8140000F091
:10EC300040048CB100BF0D786D0032F8155048F6D5
:10EC40008F7705EA070444F4004545F0C0050F78C6
:10EC50007F0022F8175000BF00BFC878012813D0EA
:10EC600000BF0C78640032F8144048F6BF7504EA1F
:10EC7000050080F0200040F4004444F080040D784A
:10EC80006D0022F8154011E000BF0C78640032F8E6
:10EC9000144048F6BF7504EA050040F4004444F00F
:10ECA00080040D786D0022F8154000BF00BF0C787D
:10ECB000640032F814404BF68F7504EA050040F406
:10ECC000004444F080040D786D0022F8154000BF28
:10ECD0003046F0BD10B50446002010BD30B50246E8
:10ECE000087B00285BD1487860B300BF0B785B00DD
:10ECF00032F8130000F040038BB100BF0C786400C1
:10ED000032F8144048F68F7504EA050343F40044D2
:10ED100044F0C0040D786D0022F8154000BF00BF1C
:10ED200000BF0B785B0032F8133048F6BF7403EA7B
:10ED3000040040F4004343F080030C78640022F8A0
:10ED4000143007E100BF0B785B0032F8130000F4C9
:10ED500080438BB100BF0C78640032F8144048F651
:10ED60008F7504EA050343F4004444F481440D78AC
:10ED70006D0022F8154000BF00BF00BF0B785B009C
:10ED800032F813304BF68F7403EA040040F400436A
:10ED900043F080030C78640022F81430DAE04878FD
:10EDA00000286BD100BF0B785B0032F8130000F431
:10EDB00080438BB100BF0C78640032F8144048F6F1
:10EDC0008F7504EA050343F4004444F481440D784C
:10EDD0006D0022F8154000BF00BF00BF0B785B003C
:10EDE00032F8130000F040038BB100BF0C786400D0
:10EDF00032F8144048F68F7504EA050343F40044E2
:10EE000044F0C0040D786D0022F8154000BF00BF2B
:10EE100000BF0B785B0032F8133048F68F7403EABA
:10EE2000040040F4004343F0C0030C78640022F86F
:10EE3000143000BF00BF0B785B0032F813304BF684
:10EE40008F7403EA040040F4004343F080030C781D
:10EE5000640022F8143000BF00BF0B785B0032F86A
:10EE6000133048F6BF7403EA040040F4004343F053
:10EE700080030C78640022F814306BE000BF0B783C
:10EE80005B0032F8130000F480438BB100BF0C78B4
:10EE9000640032F8144048F68F7504EA050343F421
:10EEA000004444F481440D786D0022F8154000BF01
:10EEB00000BF00BF0B785B0032F8130000F0400386
:10EEC0008BB100BF0C78640032F8144048F68F759F
:10EED00004EA050343F4004444F0C0040D786D00D7
:10EEE00022F8154000BF00BF00BF0B785B0032F86E
:10EEF000133048F68F7403EA040040F4004343F4EF
:10EF000081430C78640022F8143000BF00BF0B78F6
:10EF10005B0032F8133048F6BF7403EA040040F493
:10EF2000004343F080030C78640022F8143000BFE3
:10EF300000BF0B785B0032F813304BF68F7403EA96
:10EF4000040040F4004343F080030C78640022F88E
:10EF5000143000BF002030BD01460020704701463C
:10EF60000020704710B50446012024F8400F00200F
:10EF70002080A0802082403C10BD01464FF43F42DB
:10EF8000B1F840009043A1F84000002070470246CD
:10EF90000020704730B50246087B002865D14878CC
:10EFA00088B300BF0B785B0032F8130000F0400319
:10EFB0008BB100BF0C78640032F8144048F68F75AE
:10EFC00004EA050343F4004444F0C0040D786D00E6
:10EFD00022F8154000BF00BFC878012845D000BF07
:10EFE0000B785B0032F8133048F6BF7403EA040074
:10EFF00080F0200040F4004343F080030C7864006C
:10F0000022F8143031E0FFE700BF0B785B0032F8E4
:10F01000130000F480438BB100BF0C78640032F819
:10F02000144048F68F7504EA050343F4004444F4A1
:10F0300081440D786D0022F8154000BF00BF00BF6D
:10F040000B785B0032F813304BF68F7403EA040040
:10F0500080F4805080F4005040F4004343F080037B
:10F060000C78640022F8143000BF002030BD10B5C9
:10F070000246487898B100BF0B785B0032F8133035
:10F0800048F6BF7403EA040080F0100040F4004327
:10F0900043F080030C78640022F8143013E000BFC2
:10F0A0000B785B0032F813304BF68F7403EA0400E0
:10F0B00080F4805040F4004343F080030C786400F7
:10F0C00022F8143000BF002010BD2DE9F04706469D
:10F0D0000C466078012876D12169A069884201D95F
:10F0E000256900E0A569207BA0B9ABB2E288304673
:10F0F000616900F0F4FD00BF3046B6F850201044BE
:10F100002278022303EBC20200F5806303EB420185
:10F110000D8081E3E07802287DD12169206A884250
:10F120007AD900BF2178490036F8111048F68F725D
:10F1300001EA020040F4004141F4C071227852001B
:10F1400026F8121000BF206A401B20622078400081
:10F1500036F8100000F0400000287DD000BF334694
:10F16000607888BB00BF3246B6F850100A44217858
:10F170004FF0060909EBC10102F5806909EB410175
:10F18000084600BF75B9B0F8009048F2FF3A09EAA6
:10F190000A09A0F80090B0F8009049F40049A0F8DE
:10F1A000009021E03E2D10D800BF690805F001094C
:10F1B000B9F1000F00D0491C4FF6FF7909EA812907
:10F1C000A0F8009010E03DE310E000BF690905F0F1
:10F1D0001F09B9F1000F00D1491E4FF4004949EA57
:10F1E0008129A0F8009000BF00BF0FE060780128DF
:10F1F0000CD1B6F8500003442078062101EBC00082
:10F2000003F5806101EB400CACF8005000BF67894A
:10F21000ABB23A4601E057E12CE13046616900F0BB
:10F220005EFD6069284460612169206A884203D9D3
:10F23000206A401B206202E0256A0020206200BF95
:10F240006078C0BB00BF3246B6F850100A4421783F
:10F25000022303EBC10100E049E002F5806303EB08
:10F260004101084600BF55B9038848F2FF3C03EA54
:10F270000C030380038843F40043038019E03E2D10
:10F280000BD800BF690805F0010303B1491C4FF614
:10F29000FF7303EA812303800BE000BF690905F0D7
:10F2A0001F0303B9491E4FF4004343EA812303803F
:10F2B00000BF00BF12E0FFE7607801280ED100BF59
:10F2C0003046B6F8502010442278022303EBC202E5
:10F2D00000F5806303EB42010D8000BF00BF27896A
:10F2E000ABB23A463046616900F0F9FC94E200BFE7
:10F2F0006078B0BB00BF3246B6F850100A4421789F
:10F30000022303EBC10102F5806303EB41010846D0
:10F3100000BF55B9038848F2FF3C03EA0C030380A1
:10F32000038843F40043038019E03E2D0BD800BF4F
:10F33000690805F0010303B1491C4FF6FF7303EAA6
:10F34000812303800BE000BF690905F01F0303B9A7
:10F35000491E4FF4004343EA8123038000BF00BFEE
:10F3600012E0FFE7607801280ED100BF3046B6F802
:10F37000502010442278022303EBC20200F5806380
:10F3800003EB42010D8000BF00BF2789ABB23A46B4
:10F390003046616900F0A3FC60692844606121691E
:10F3A000206A884203D9206A401B206202E0256A55
:10F3B0000020206200BF3346607880BB00BF324629
:10F3C000B6F850100A4421784FF0060909EBC10144
:10F3D00002F5806909EB4101084600BF75B9B0F834
:10F3E000009048F2FF3A09EA0A09A0F80090B0F844
:10F3F000009049F40049A0F8009020E03E2D0FD87D
:10F4000000BF690805F00109B9F1000F00D0491CDF
:10F410004FF6FF7909EA8129A0F800900FE010E08B
:10F4200000BF690905F01F09B9F1000F00D1491E9D
:10F430004FF4004949EA8129A0F8009000BF00BFBD
:10F440000FE0607801280CD1B6F850000344207812
:10F45000062101EBC00003F5806101EB400CACF824
:10F46000005000BF6789ABB23A463046616900F090
:10F4700036FCD1E1256A00BF2178490036F8111029
:10F4800048F68F6201EA020040F4004141F0800139
:10F490002278520026F8121000BF00BF3046B6F89E
:10F4A000502010442278022303EBC20200F580634F
:10F4B00003EB42010D8000BF2789ABB23A463046CC
:10F4C000616900F00CFCA7E100BF2178490036F823
:10F4D000111048F68F7201EA020040F4004141F435
:10F4E000C0712278520026F8121000BF206A401B1B
:10F4F00020622078400036F8100000F0400000281C
:10F500007DD000BF3346607880BB00BF3246B6F87E
:10F5100050100A4421784FF0060909EBC10102F5A9
:10F52000806909EB4101084600BF75B9B0F8009049
:10F5300048F2FF3A09EA0A09A0F80090B0F80090F2
:10F5400049F40049A0F8009020E03E2D0FD800BFFC
:10F55000690805F00109B9F1000F00D0491C4FF608
:10F56000FF7909EA8129A0F800900FE010E000BFC0
:10F57000690905F01F09B9F1000F00D1491E4FF4C8
:10F58000004949EA8129A0F8009000BF00BF0FE0C0
:10F59000607801280CD1B6F8500003442078062189
:10F5A00001EBC00003F5806101EB400CACF80050AA
:10F5B00000BF6789ABB23A463046616900F08FFB05
:10F5C0006069284460612169206A884203D9206A01
:10F5D000401B206202E0256A00202062002D56D0E8
:10F5E00000BF6078C0BB00BF3246B6F850100A4476
:10F5F0002178022303EBC10102F5806300E047E0BC
:10F6000003EB4101084600BF55B9038848F2FF3CAF
:10F6100003EA0C030380038843F40043038019E0EA
:10F620003E2D0BD800BF690805F0010303B1491C4A
:10F630004FF6FF7303EA812303800BE000BF6909E3
:10F6400005F01F0303B9491E4FF4004343EA812329
:10F65000038000BF00BF12E0FFE7607801280ED1F1
:10F6600000BF3046B6F8502010442278022303EB46
:10F67000C20200F5806303EB42010D8000BF00BFB2
:10F680002789ABB23A463046616900F028FBC3E0F7
:10F6900000BF6078B0BB00BF3246B6F850100A44D5
:10F6A0002178022303EBC10102F5806303EB4101E2
:10F6B000084600BF55B9038848F2FF3C03EA0C0333
:10F6C0000380038843F40043038019E03E2D0BD8E8
:10F6D00000BF690805F0010303B1491C4FF6FF7331
:10F6E00003EA812303800BE000BF690905F01F03D3
:10F6F00003B9491E4FF4004343EA8123038000BF4E
:10F7000000BF12E0FFE7607801280ED100BF30464D
:10F71000B6F8502010442278022303EBC20200F511
:10F72000806303EB42010D8000BF00BF2789ABB2AD
:10F730003A463046616900F0D2FA60692844606157
:10F740002169206A884203D9206A401B206202E0B6
:10F75000256A00202062A5B300BF3346607888BBCD
:10F7600000BF3246B6F850100A4421784FF006091F
:10F7700009EBC10102F5806909EB4101084600BFB0
:10F7800075B9B0F8009048F2FF3A09EA0A09A0F802
:10F790000090B0F8009049F40049A0F8009021E0F2
:10F7A0003E2D10D800BF690805F00109B9F1000F1E
:10F7B00000D0491C4FF6FF7909EA8129A0F8009092
:10F7C00010E029E010E000BF690905F01F09B9F158
:10F7D000000F00D1491E4FF4004949EA8129A0F8E1
:10F7E000009000BF00BF0FE0607801280CD1B6F890
:10F7F000500003442078062101EBC00003F580612E
:10F8000001EB400CACF8005000BF6789ABB23A4640
:10F810003046616900F063FA00BF2178490036F88C
:10F82000111048F6BF7201EA020080F0100080F06B
:10F83000200040F4004141F080012278520026F877
:10F84000121005E2207BA0BB2169A069884204D97F
:10F850002569A069401BA06102E0A5690020A061A4
:10F8600000BF3246B6F850100A442178062303EB55
:10F87000C10102F5806303EB4101084600BF55B9A1
:10F88000038848F2FF3C03EA0C030380038843F437
:10F89000004303801AE03E2D0CD800BF690805F034
:10F8A000010303B1491C4FF6FF7303EA8123038070
:10F8B0000CE00DE000BF690905F01F0303B9491E04
:10F8C0004FF4004343EA8123038000BF00BFA9E156
:10F8D000E07802287DD100BF00BF6078E0BB00BFA8
:10F8E0003246B6F850100A442178022303EBC101D6
:10F8F00002F5806303EB4101084600BF236953B959
:10F90000038848F2FF3C03EA0C030380038843F4B6
:10F91000004303801EE023693E2B0DD800BF2369FE
:10F920005908237C03F0010303B1491C4FF6FF7310
:10F9300003EA812303800DE000BF23695909237C7A
:10F9400003F01F0303B9491E4FF4004343EA812328
:10F95000038000BF00BF13E0FFE7607801280FD1EC
:10F9600000BF3046B6F8502010442278022303EB43
:10F97000C20200F5806303EB4201228A0A8000BFC5
:10F9800000BF00BF33466078E8BB00BF3246B6F820
:10F9900050100A4421784FF0060909EBC10102F525
:10F9A000806909EB4101084600BFD4F81090B9F115
:10F9B000000F0FD1B0F8009048F2FF3A09EA0A09A7
:10F9C000A0F80090B0F8009049F40049A0F8009029
:10F9D0002EE06BE0D4F81090B9F13E0F14D800BFC0
:10F9E000D4F810904FEA590194F8109009F00109E9
:10F9F000B9F1000F00D0491C4FF6FF7909EA8129BF
:10FA0000A0F8009014E015E000BFD4F810904FEA81
:10FA1000591194F8109009F01F09B9F1000F00D1A5
:10FA2000491E4FF4004949EA8129A0F8009000BF1F
:10FA300000BF10E0607801280DD1B6F850000344F3
:10FA40002078062101EBC00003F5806101EB400C3A
:10FA5000208AACF8000000BF00BFE069002824D075
:10FA60002078400036F8108008F4804010B108F08B
:10FA7000400038B908F48040002816D108F0400052
:10FA8000002812D100BF00BF2178490036F81110BC
:10FA900048F68F7201EA020040F4004141F0C001D3
:10FAA0002278520026F8121000BFBBE0E07801284F
:10FAB0007CD12169A069884204D92569A069401BCD
:10FAC000A06102E0A5690020A06100BF00BF6078CE
:10FAD000B0BB00BF3246B6F850100A44217802236A
:10FAE00003EBC10102F5806303EB4101084600BF4F
:10FAF00055B9038848F2FF3C03EA0C0303800388EE
:10FB000043F40043038019E03E2D0BD800BF690881
:10FB100005F0010303B1491C4FF6FF7303EA81238B
:10FB200003800BE000BF690905F01F0303B9491EFC
:10FB30004FF4004343EA8123038000BF00BF12E07B
:10FB4000FFE7607801280ED100BF3046B6F850209C
:10FB500010442278022303EBC20200F5806303EB1A
:10FB600042010D8000BF00BF00BF3346607890BBEC
:10FB700000BF3246B6F850100A4421784FF006090B
:10FB800009EBC10102F5806909EB4101084600BF9C
:10FB900085B9B0F8009048F2FF3A09EA0A09A0F8DE
:10FBA0000090B0F8009049F4004900E037E0A0F878
:10FBB000009020E03E2D0FD800BF690805F0010934
:10FBC000B9F1000F00D0491C4FF6FF7909EA8129ED
:10FBD000A0F800900FE010E000BF690905F01F09D0
:10FBE000B9F1000F00D1491E4FF4004949EA8129BB
:10FBF000A0F8009000BF00BF0FE0607801280CD192
:10FC0000B6F8500003442078062101EBC00003F54C
:10FC1000806101EB400CACF8005000BF02E0012015
:10FC2000BDE8F08700BF2178490036F811104BF687
:10FC30008F7201EA020080F4805080F4005040F49A
:10FC4000004141F080012278520026F8121000BFD6
:10FC50000020E5E701460020A1F844004FF43F42B0
:10FC6000A1F840207047000010B50248F7F76AFF7E
:10FC700010BD0000581A00200146B1F8440070473A
:10FC80002DE9F04304460E4615464FEA530CA046B4
:10FC9000304608F5806909EB450267460AE011889D
:10FCA000921C0170401C4FEA112980F80090401C02
:10FCB000921C7F1E002FF2D103F00109B9F1000F51
:10FCC00001D011880170BDE8F08302460020704722
:10FCD000024611B98020A2F84C00002070472DE99F
:10FCE000F04704460D461E4606F1010A4FEA5A083F
:10FCF000A146284609F5806A0AEB420347460BE015
:10FD000090F800C0401C90F800A04CEA0A2119802D
:10FD10009B1C9B1C401C7F1E002FF1D1BDE8F0876F
:10FD200000BFFEE738B5052000901420F6F776FEF8
:10FD30000020044616E00D48005D062803D00B485D
:10FD4000005D15280BD10948055D00F0F5FB0A237D
:10FD5000012269460648F9F7D8FF284638BD601CDD
:10FD6000C0B204461E2CE6DB00BFF7E7A008002067
:10FD7000800D002070B564263220F6F74FFE1B4838
:10FD8000006808B9002070BD18480068082801D232
:10FD90000020F8E716484078532801D00020F2E709
:10FDA00013488078462801D00020ECE7104880797D
:10FDB000032801D00020E6E70025002403E00C48DA
:10FDC000005D4540641C072CF9D30948C079A8425E
:10FDD00001D00020D7E70648C47824020079044403
:10FDE00024020348407904442046CCE780000020E8
:10FDF000A00800202DE9F0418AB040A002F09EFE4C
:10FE00000524372516260127F7F796F8804670E077
:10FE1000F7F792F8A0EB080041F28831884206D942
:10FE200044A002F08BFEFF200AB0BDE8F0814AF644
:10FE3000AA204549096808606846FAF747F820B1E2
:10FE40006846FAF743F800B153E029462046F9F72F
:10FE5000DBFF70B16846FAF739F820B16846FAF767
:10FE600035F800B145E029462046F9F7CDFF00B14D
:10FE70003FE029462046F9F7C7FF002834D14AF66B
:10FE8000AA2031490968086000208DF808008DF823
:10FE900009008DF80A008DF80B008DF80C008DF824
:10FEA0000D008DF80E008DF80F008DF810008DF804
:10FEB00011008DF812008DF813008DF814008DF8E4
:10FEC00015008DF816008DF8170002A93046FAF7D4
:10FED0002DF820B91DA002F031FE0020A4E726A0D5
:10FEE00002F02CFEFF209FE728A002F027FEFF2053
:10FEF0009AE7002F8CD100BF96E700007B22526565
:10FF00006365697665223A7B225374617475732246
:10FF10003A32367D2C2243223A7B22547970652274
:10FF20003A225772697465457869744D6F64652229
:10FF30007D7D0A007B2243223A7B225374617475D3
:10FF400073223A317D7D0A00E00B00207B224322A0
:10FF50003A7B22537461747573223A302C2254799F
:10FF60007065223A225772697465457869744D6FDD
:10FF70006465227D7D0A00007B2243223A7B225366
:10FF80007461747573223A327D7D0A007B224322AC
:10FF90003A7B22537461747573223A337D7D0A0073
:10FFA00070B504460D461248007828B1002202219F
:10FFB0001048F6F7BBFF04E0002210210D48F6F7C9
:10FFC000B5FF7E2101EA4400FBF76CFF2846FBF7F2
:10FFD00069FF0748007828B1012202210548F6F799
:10FFE000A5FF04E0012210210248F6F79FFF70BD33
:10FFF00034000020000801400FB4054B10B503A9E0
:020000040801F1
:10000000044A029800F048F810BC5DF814FB0000A8
:10001000E50B0108840200200FB4084B10B504A9B9
:1000200002AA039800F038F8044602A9002000F064
:1000300064FA204610BC5DF814FB0000FB040108C4
:1000400002480068C0F30220704700000CED00E099
:1000500010B5002804DB0A07130E054A135406E006
:100060000A07140E034A00F00F031B1FD45410BDDF
:1000700000E400E018ED00E002E008C8121F08C12B
:10008000002AFAD170477047002001E001C1121F19
:10009000002AFBD1704700002DE9FF4F8DB00F46BD
:1000A0000546002606E025280BD0DDE90F12904713
:1000B0006D1C761C28780028F5D111B03046BDE8BB
:1000C000F08F0024A246A1460122EC4900E004433F
:1000D00015F8013F203B02FA03F00842F7D12878D7
:1000E0002A2810D06FF02F022878A0F130010929BA
:1000F00014D80AEB8A0102EB410144F0020400EB40
:10010000010A6D1CF0E701CF5FEA000A03D544F451
:100110000054CAF1000A44F002046D1C28782E280D
:1001200017D115F8010F44F004042A280ED06FF0FF
:100130002F022878A0F1300109290AD809EB89019A
:1001400002EB410100EB01096D1CF2E757F8049B3B
:100150006D1C28786C280FD006DC4C2817D0682836
:100160000DD06A2814D104E0742810D07A280FD159
:100170000DE044F400140AE044F4801401E044F477
:1001800040146978814202D104F580146D1C6D1C05
:100190002A786E2A1FD00CDC632A31D004DC002AB6
:1001A0008BD0582A11D1A3E0642A68D0692A0CD1D7
:1001B00065E0732A2ED004DC6F2A73D0702A04D134
:1001C0009BE0752A6FD0782A6ED01046DDE90F12B9
:1001D0009047761C50E1C4F30250022806D0032851
:1001E00009D0042801CF09D0066045E101CFF117FD
:1001F000C0E9006140E101CF06803DE106703BE1CE
:1002000017F8040B8DF8000000208DF80100EB4674
:10021000012003E057F804BB4FF0FF3061074FF0B7
:10022000000102D40DE008F10101884649450FDACA
:100230008045F8DB1BF808100029F4D108E008F12C
:10024000010188468142FADB1BF808100029F6D12B
:10025000DDE90F23AAEB08008146214600F036F9BC
:10026000304400EB080604E0DDE90F121BF8010B37
:100270009047B8F10108F7D221464846F7E00A2135
:10028000C4F302534FF0000B0891022B04D001CFAE
:10029000C117032B09D00AE0FF1D27F00707F7E875
:1002A000020108E032E01FE020E000B2C117042B99
:1002B00001D140B2C117031E71F1000307DA4FF0FC
:1002C000000CD0EB0C006CEB01012D2302E02305A8
:1002D00004D52B238DF82430012303E0E30701D05C
:1002E0002023F7E7984658E00A2110E010210EE09D
:1002F00010204FF0000B08900CE010214FF0000B85
:1003000044F004044FF00809089103E008214FF07D
:10031000000B0891C4F30253022B04D001CF00213B
:10032000032B06D006E0FF1D27F00707F7E80201C0
:1003300003E080B2042B00D1C0B24FF000082307C5
:100340002BD5702A07D0DDF820C08CF0100C5CEAA9
:100350000B0C05D00EE040238DF82430012308E07B
:1003600050EA010306D030238DF824308DF8252083
:1003700002239846DDF820C08CF0080C5CEA0B0CD8
:100380000BD150EA010301D1630706D530238DF864
:1003900024304FF00108A9F10109582A04D038A2ED
:1003A0000B9208AA0A920BE03AA2F9E75B46089A78
:1003B000F5F7F3FA0B9B9B5C0A9A521E0A92137094
:1003C00050EA0102F2D10A98ADEB000000F1200BD7
:1003D000600702D524F4803401E04FF00109D945CB
:1003E00002DDA9EB0B0000E0002000EB0B01414413
:1003F0000890AAEB010AE00306D4DDE90F232146A9
:10040000504600F063F806444FF0000908E009A9DF
:1004100011F80900DDE90F12904709F10109761C76
:10042000C145F4DBE0030CD5DDE90F23214650463E
:1004300000F04CF8064404E0DDE90F12302090474C
:10044000761C0899481E08900029F5DC08E00A98F7
:100450000A990078491C0A91DDE90F129047761C31
:10046000BBF10001ABF1010BF1DC21465046DDE9A7
:100470000F2300F019F806446D1C1BE60928010043
:10048000303132333435363738396162636465660A
:1004900000000000303132333435363738394142CC
:1004A00043444546000000002DE9F0410446002584
:1004B0001E461746880404D405E039462020B0477C
:1004C0006D1C641EF9D52846BDE8F0812DE9F04188
:1004D000044600251E469046C80301D5302700E09B
:1004E0002027880404D505E041463846B0476D1CF6
:1004F000641EF9D52846BDE8F0810A68531C0B60DC
:1005000010707047014601F0030090B96420B1FB00
:10051000F0F200FB121050B94FF4C870B1FBF0F2CA
:1005200000FB121008B9012070470020FCE70120F1
:10053000FAE70020F8E7000010B51E210348F5F7A0
:100540001AFA00200249086010BD0000A00800202F
:100550008000002010B590B0342103A8F5F70BFA05
:1005600047A103C9CDE90101474880780004464905
:10057000C97800EB0121444800790C1824B943A044
:1005800002F0DCFA10B010BD3F48407801281ED1BF
:1005900031208DF809004448444908600846446009
:1005A00000218160C16001610C21416100218161F4
:1005B000C161F9F79DFA08B1F5F776FF3B4800688D
:1005C000C06840F0200039490968C86049E02E48F9
:1005D000407802281ED132208DF809003448354970
:1005E00008600846446000218160C16001610C21FF
:1005F000416100218161C161F9F77AFA08B1F5F72B
:1006000053FF2C480068C06840F020002949096861
:10061000C86026E01C48407803281ED133208DF89E
:10062000090025482549086008464460002181608A
:10063000C16001610C21416100218161C161F9F753
:1006400057FA08B1F5F730FF1C480068C06840F061
:1006500020001A490968C86003E00CA002F06EFA95
:1006600090E7234601AA16A103A8FFF7D5FC03A82B
:1006700002F064FA0A210448F5F77DF900BF81E72A
:1006800055534152543000000C0600207B22526525
:100690006365697665223A7B2253746174757322AF
:1006A0003A3139307D7D0A0000380140F80C0020D5
:1006B000004400403C0D002000480040800D002018
:1006C0007B22434252223A7B225374617475732217
:1006D0003A302C22496E73223A25732C2242522240
:1006E0003A25757D7D0A000010B506A002F026FAB5
:1006F00008210B4802F0FAFD4FF416710848F5F78F
:100700003AF910BD7B2252656365697665223A7BB2
:1007100022537461747573223A32367D7D0A00006B
:100720000C06002010B586B00446F6F745FA012005
:1007300004900F48006803900020019005A901A8CB
:10074000F6F780F978B9F6F7D5F90598401C10B19D
:10075000002006B010BD24B9FF2210210548F5F78E
:1007600003F90120F5E7F6F7C5F90020F1E70000ED
:1007700024000020881F002000B500221021104610
:1007800000F002F800BD000030B5034658180D4CCB
:100790002468A04201D9002030BD18460DE022B1E6
:1007A000094C2468045D1470521C102804D2064CB5
:1007B0002468045D054D2C54401CCC188442EED8AE
:1007C0000120E9E72000002024000020881F0020ED
:1007D0002DE9F04706468946154606EB09001449FF
:1007E0000968884202D90020BDE8F0870DB90020D1
:1007F000FAE7F6F7E1F9002414E02A5D601C285CB2
:1008000042EA0020C3170746A0190A4A1268811855
:100810003A460120F6F778F918B1F6F76BF900209F
:10082000E2E7A41C4C45E8D3F6F764F90120DBE7C6
:100830002000002024000020F0B58FB00120C44922
:100840000870F9F7C7FCC3480078002832D1C248C5
:10085000007838B9C1484078C1490870C1A002F099
:100860006DF908E0BC48007828B1C5A002F066F92F
:100870000020BB490870F5F7C7FF642814D1322067
:10088000F6F7CCF8F5F7CEFD642813D03220F6F752
:10089000C5F8F5F7C7FD64280CD0F5F7F7FE002082
:1008A000AB4908700FB0F0BDF5F7F0FE0020A84985
:1008B0000870F7E70520F6F7B1F8F6F73DFB0446B8
:1008C00044E1F6F739FB001B41F28831884211D927
:1008D00000209F490870B1A002F030F99D480078CF
:1008E000012801D1F5F7F2F99A48007808B9F5F72F
:1008F000BBFDD7E70DA8F9F7E9FA20B10DA8F9F784
:10090000E5FA00B122E110210020F9F77DFA70B17B
:100910000DA8F9F7DBFA20B10DA8F9F7D7FA00B165
:1009200014E110210020F9F76FFA00B10EE16946D9
:100930000120F9F7C3FA00286FD100BF05E01DF8C8
:1009400000109B4A1154411CC8B21028F7DBC92083
:1009500098490870002008E09549095C954A12788A
:100960005140944A1170411CC8B20F28F4DB9048E2
:10097000C07B9049097888424ED1002025E001468D
:10098000C51700EB9575AD10A0EB85050DAE765D36
:100990000246C51700EB9575AD106D1C96FBF5F57D
:1009A000854E755D0346C61700EB9676B610A0EB34
:1009B0008606C6F103060DAFBE5D75407C4E365C03
:1009C00075407B4E3554411CC8B20F28D7DBE2205E
:1009D00078490870002008E07549095C754A12786A
:1009E0005140744A1170411CC8B20E28F4DB7048A3
:1009F000807B70490978884210D0002005E01DF8FE
:100A000000106B4A1154411CC8B21028F7DB68482B
:100A1000C07B401C6749087034E096E06448407829
:100A2000664908600846006800020860604800786F
:100A300009680844614908605D4840796049086078
:100A400008460068000208605948007909680844AF
:100A50005B49086008460068000208605448C07896
:100A600009680844564908600846006800020860A2
:100A70004F48807809680844514908604C48C07B59
:100A80004C4908704A48C07B4A490978884249D095
:100A90009DF80600AB2844D19DF80700F0BB9DF8F7
:100AA0000000464908609DF80100096801EB00203C
:100AB000424908609DF80200414908609DF8030022
:100AC000096801EB00203E4908609DF804000968B0
:100AD00001EB00403A4908609DF80500096801EB08
:100AE0000060374908603548006800F40040B0F500
:100AF000004F17D131480068C0F30E002F4908603D
:100B00000846006846F6292148402C4908602C48D0
:100B100000684BF2A6214840294900E001E0086046
:100B200000E013E02748007830B10DA8FAF7A4FDE3
:100B3000002007490870B5E62248007810B922A0C5
:100B400001F0FCFF00200249087000BFB9E6000078
:100B5000340000201C000020360000200C0600207D
:100B6000350000207B2252656365697665223A7BF9
:100B700022537461747573223A32367D7D0A000007
:100B80007B2252656365697665223A7B22537461E4
:100B9000747573223A38357D7D0A00007B2243222A
:100BA0003A7B22537461747573223A377D7D0A0053
:100BB0005C0B00208E00002074380108A00000208B
:100BC0009C0000202D0000207B22436F6E66696729
:100BD000223A7B22537461747573223A33307D7DDF
:100BE0000A00000013B50C4601216846F5F720F80D
:100BF0000120F5F713FF00981CBD000000B585B07B
:100C00000120F5F70BFF002215491648F7F7D6FE2D
:100C1000002215491348F7F773FE1348007812496C
:100C20008978114A5278104BDB78CDE90132CDE951
:100C300003100B48807800900948437802780BA194
:100C40001948FFF7E9F9184801F078FF0120F5F796
:100C5000E5FE4FF416711548F4F78DFE05B000BDA2
:100C6000E0000020EC0B0020E30000207B22542257
:100C70003A7B2248223A25642C224D223A25642CC4
:100C80002253223A25642C2259223A25642C226DC3
:100C9000223A25642C2244223A25642C2257223AF7
:100CA00025647D7D0A000000640800200C060020F9
:100CB00070B5C0B000203E903F90F6F73DF9054674
:100CC000C82108A8F4F757FE00260024CFE0F6F765
:100CD00033F9401B41F28831884205D964A001F004
:100CE0002DFFFF2040B070BD4AF6AA20694909686F
:100CF00008603EA8F9F7EAF820B13EA8F9F7E6F84F
:100D000000B1B4E037210520F9F77EF870B13EA8B4
:100D1000F9F7DCF820B13EA8F9F7D8F800B1A6E061
:100D200037210520F9F770F800B1A0E03AA91620A4
:100D3000F9F7C4F800287DD1F6F7FEF8054694E0EF
:100D4000F6F7FAF8401B41F28831884204D948A0EE
:100D500001F0F4FEFF20C5E74AF6AA204D490968D4
:100D600008600026002404E03AA8005D4640601CAC
:100D7000C4B20F2CF8DB9DF8F700B0426AD19DF8A1
:100D8000F6000A280ADD3AA93EA801F059FA20B176
:100D900041A001F0D3FEFF20A4E766E09DF8EF003C
:100DA000182813DC9DF8F0003B280FDC9DF8F100BB
:100DB0003B280BDC9DF8EE001F2807DC9DF8ED00BA
:100DC0000C2803DC9DF8EC0020280ADD3AA93EA897
:100DD00001F036FA20B139A001F0B0FEFF2081E722
:100DE00043E09DF8F20001280DD09DF8F20050B1CB
:100DF0003AA93EA801F024FA20B139A001F09EFEE4
:100E0000FF206FE731E09DF8F2009DF8F1109DF8AA
:100E1000F0209DF8EF30CDE90432CDE906109DF8C1
:100E2000EE009DF8ED109DF8EC209DF8F630CDE930
:100E3000003200E01AE0CDE902103248036832487F
:100E40000268324908A8FFF7E7F808A801F076FE23
:100E5000002047E73AA93EA801F0F2F920B12CA002
:100E600001F06CFEFF203DE700BF69E700BF2EE701
:100E70007B2250726F63657373436172644F666661
:100E8000223A7B22537461747573223A317D7D0A54
:100E900000000000E00B00207B2250726F6365733E
:100EA00073436172644F6666223A7B2253746174A5
:100EB0007573223A387D7D0A000000007B22507253
:100EC0006F63657373436172644F6666223A7B2277
:100ED000537461747573223A367D7D0A00000000F8
:100EE0007B2250726F63657373436172644F6666F1
:100EF000223A7B22537461747573223A377D7D0ADE
:100F000000000000A00000209C000020B83B010869
:100F10007B2250726F63657373436172644F6666C0
:100F2000223A7B22537461747573223A347D7D0AB0
:100F30000000000070B504460D46002617E00122AF
:100F400051020C48F5F7F2FF2846F5F767FD00223D
:100F50004FF400710748F5F7E9FF2846F5F75EFD05
:100F6000012251020348F5F7E1FF701CC6B2A64208
:100F7000E5DB70BD000801402DE9F04FF9B0142108
:100F800074A8F4F7F8FC00200F900E900C905148D4
:100F90000068401E0B9000200A9000244EA001F033
:100FA000CDFD5B4800884EF61671884205D059A0E9
:100FB00001F0C4FD79B0BDE8F08F4648006830B953
:100FC0005A48006818B95AA001F0B8FDF2E70024A9
:100FD0005648006860B13F48006828B13D48046841
:100FE0004FF2F0000B9003E000244FF2F0000B9062
:100FF0006AE04AF6AA2054490968086004EB041123
:1010000001F5001074AA1121F9F71CF89DF8D00120
:101010000D2844D10C98401C0C909DF8D1019DF8EE
:10102000D21100EB01209DF8D31100EB01409DF897
:10103000D41100EB01600E909DF8D5019DF8D611FA
:1010400000EB01209DF8D71100EB01409DF8D8116D
:1010500000EB01600F909DF8D9519DF8DA619DF881
:10106000DB719DF8DC819DF8DD919DF8DEA19DF896
:10107000DFB19DF8E0010D900D9801A9A1E8E00F06
:1010800008900F980090314910A80E9B0C9AFEF71B
:10109000C3FF10A801F052FD6420F5F7BFFC234800
:1010A000006880B10B48006868B10B9884420AD18F
:1010B0000A9800B17EE74FF0FF3406480068401EF2
:1010C0000B9001200A90641C0B98844291D900BFB8
:1010D00070E70000000000207B225265636569769E
:1010E00065223A7B22537461747573223A32367DDD
:1010F0002C224D656D223A7B2254797065223A226A
:10110000526165645265636F7264227D7D0A0000DE
:101110003A0000207B224D656D223A7B2253746198
:10112000747573223A2D317D7D0A00000400002081
:101130007B224D656D223A7B225374617475732254
:101140003A337D7D0A000000E00B0020043B0108DB
:10115000B4B0F5F733FFFBF749FFF9F7BDF9F9F73D
:10116000A3FAF9F7B9FAF9F7DBFAF9F7FDFAF9F7A3
:1011700031FBF9F747FBF9F761FBF9F781FAF94819
:10118000F8F7F2F9F748F8F7B9F94FF40050F64BD1
:101190000822F64900900020FBF7C8FD0221F4A0C8
:1011A00002F0A4F8F3480068C06840F02000F1495C
:1011B0000968C8600A20F5F731FCEF480068C0688C
:1011C00040F02000EC490968C860EC480068C0683D
:1011D00040F02000E9490968C8600020E84908603B
:1011E000F8F7F8FFFFF7C8FA1E210720FFF7A2FE65
:1011F000032000F0E9FE4FF47A70F5F70FFCF9F7E1
:1012000039FB4FF47A70F5F709FC00224FF40041E6
:10121000DC48F5F78BFE40F2E970F5F7FFFB4AF684
:10122000AA20D9490968086040F2E970F5F7F6FB91
:101230000122D103D348F5F779FE0120D349087084
:101240004AF6AA20D04909680860FBF7E1F9D049BD
:101250000880084600884EF61671884206D1102292
:10126000CC49CDA0FBF768FAF8F7FEFEC82102A82A
:10127000F4F781FB46F2A810CA4908600846CA493B
:10128000026802A8FEF7C8FE002404E002A90819BB
:1012900000F0F8FD641CC82CF8D3AFE24AF6AA208F
:1012A000B94909680860F8F795FFC0480088002828
:1012B0006FD00120F5F7B2FBBD480078512869D006
:1012C0002ADC332867D014DC09287DD008DC01280B
:1012D0007BD002287AD0032879D0082878D1CBE0B7
:1012E000122876D0132875D0302874D03128F5D143
:1012F00031E1452870D008DC40286ED042284BD020
:1013000043286BD04428E9D18EE1462867D04E2887
:1013100066D05028E2D136E0712875D014DC6628FA
:1013200073D008DC522871D0562820D064286ED0A3
:101330006528D3D1F1E067286AD06D2869D06E287E
:1013400068D07028CAD19DE0802864D008DC72285B
:1013500028D0732871D075280FD07728BED187E1A7
:1013600081285ED0AF2869D0FE28B7D186E101F090
:10137000CBFE01208F49087095E102F02BF9012086
:101380008C4908708FE1F5F751F9012089490870FF
:1013900089E198E160E1D2E0FFF7DCF801208549BE
:1013A000087080E184A001F0C9FB0A20F5F736FB44
:1013B00000BF00BF00BF00BF00BFBFF34F8F00BF23
:1013C00000BF00BF83480CE04BE030E037E03CE07A
:1013D0005AE1A8E0ADE0B8E032E17FE036E175E047
:1013E0006CE0006800F4E0607B490843001D794927
:1013F000086000BF00BF00BFBFF34F8F00BF00BF3A
:1014000000BF00BF00BFFDE72CE14FE012E17EE02E
:101410006BE074E042E001F0D9FF012065490870FB
:1014200041E1FFF7EBFB0120624908703BE102F06C
:1014300087F801205F49087035E129E04FE002F0AC
:10144000C9F801205B4908702DE13720FAF706FE44
:101450000446214661A0FEF7CFFD012055490870E2
:1014600021E1FBF7D5F80446214667A0FEF7C4FD4D
:1014700001205049087016E102F040F801204D4962
:10148000087010E1F9F73AFC01204A4908700AE1B6
:1014900001F046FF01204749087004E131216E2028
:1014A00000F00AFE012043490870FCE0312166206B
:1014B00000F002FE01203F490870F4E032216E2066
:1014C00000F0FAFD01203B490870ECE03221662073
:1014D00000F0F2FD012037490870E4E000BFFFF79B
:1014E00003F9012033490870DDE0314841784D4A65
:1014F000012000F0FBFE01202E490870D3E02C49AA
:101500004878F4F70BFE01202A490870CBE001F07F
:1015100031FB012027490870C5E0FEF76BFC012074
:1015200024490870BFE0FFF787F9012021490870BE
:10153000B9E0F8F76FFD01201E490870B3E0F4F739
:1015400089FC01201B490870ADE0F4F7E7FB01209E
:1015500018490870A7E0F4F7F1FC0120154908705C
:10156000A1E00000B00C002000100140000C014080
:10157000737300003C0D0020800D0020F80C00204B
:101580004800002000080140E00B00200A00002075
:101590003A000020F0FF0700515745525459554971
:1015A0004F500000B0000020743A01080C000020E9
:1015B0000C060020890000207B2252656369766555
:1015C000223A7B22537461747573223A37307D7DE1
:1015D0000A0000000CED00E00000FA057B22432227
:1015E0003A7B2252656164657254797065223A5281
:1015F000433532322C2256657273696F6E223A255A
:10160000647D7D0A000000007B224D656D223A7BDF
:101610002256657273696F6E223A307825587D7D47
:101620000A0000008F000020F4F71AFE0120FD4997
:10163000087038E0F5F72AF80120FA49087032E01E
:10164000F4F7BCFD0120F74908702CE0F4F75AFECE
:101650000120F449087026E000F020FC0120F14947
:10166000087020E0FFF788FC0120EE4908701AE0BE
:1016700001F086FF0120EB49087014E0F4F732FD19
:101680000120E84908700EE0E7A001F057FA1320A6
:10169000EC4908700020E3490870F4F769FA00206B
:1016A000E949086000BF00BF1320E6490870002028
:1016B000DC490870E4490860E4490880E44908808E
:1016C0000120F5F7ABF9E348006880B14FF496705C
:1016D000F5F7A4F9DF480168DF4801F009FB0020B5
:1016E000DC4908604FF41671DB48F4F744F9DB4835
:1016F000007858B92021DA48F5F706FC012805D111
:10170000D8A001F01BFA6420F5F788F9DC480068DE
:1017100038B1DC480068C06840F02000D949096849
:10172000C860D9480068B0F5FA7F3ED90020D64994
:101730000860D648007810B9D5A001F0FFF9D34869
:101740000078012831D1C548007801282DD1D7482B
:10175000007850BBF5F732F84638082824D2DFE885
:1017600000F004080C1014171B1FD1A001F0E6F9BB
:101770001AE0D5A001F0E2F916E0D9A001F0DEF9F7
:1017800012E0DDA001F0DAF90EE0FFF755F80BE00A
:10179000DFA001F0D3F907E0E3A001F0CFF903E007
:1017A000E7A001F0CBF900BF00BFEB48008832286A
:1017B00007DD0020E84908804FF40071E748F5F79D
:1017C000ABFBE748007888B9E548407870B9E44851
:1017D000807858B9E248C07840B9002004E0002180
:1017E000E04A1154411CC8B20428F8DBDC48F8F781
:1017F0006DFB20B1DA48F8F769FB00B1FDE1D8488C
:101800000078D8490978884212D1D5484078D5491E
:10181000497888420CD1D2488078D2498978884268
:1018200006D1CF48C078CF49C978884200D1E4E1D9
:1018300010210020F8F7E8FA70B1C948F8F746FB24
:1018400020B1C748F8F742FB00B1D6E110210020D3
:10185000F8F7DAFA00B1D0E1C3490120F8F72EFB1E
:10186000002879D100BF05E0BD49095CBD4A11548B
:10187000411CC8B20428F7DB002005E0BA49095C26
:10188000BA4A1154411CC8B21028F7DBC920B84924
:101890000870002008E0B549095CB54A127851404B
:1018A000B34A1170411CC8B20F28F4DBAF48C07BAB
:1018B000AF49097888427DD1002025E00146C41750
:1018C00000EB9474A410A0EB8404A54D2D5D02469A
:1018D000C41700EB9474A410641C95FBF4F4A54D9C
:1018E0002C5D0346C51700EB9575AD10A0EB850583
:1018F000C5F103059A4E755D6C409C4D2D5C6C40A6
:101900009A4D2C54411CC8B20F28D7DBE2209849CD
:101910000870002008E09549095C954A127851400A
:10192000934A1170411CC8B20E28F4DB8F48807BAB
:101930008F490978884210D0002005E08A49095C67
:101940008A4A1154411CC8B21028F7DB8748C07B73
:10195000401C874908702CE14EE184484078864954
:10196000086008460068000208608048007809683E
:101970000844814908607D484079804908600846EC
:1019800000680002086079480079096808447B49CA
:10199000086008460068000208607448C07809685A
:1019A00008447649086008460068000208606F48ED
:1019B000807800E008E009680844704908606B48D6
:1019C000C07B6B490870F4E06848C07B68490978BF
:1019D000884226D0644800786749086062484078A9
:1019E000096801EB0020644908605F48807863491A
:1019F00008605D48C078096801EB00205F49086015
:101A000059480079096801EB00405C490860564874
:101A10004079096801EB0060584908605648006841
:101A2000AEE0C6E0890000207B22526563656976DE
:101A300065223A7B22537461747573223A31397D81
:101A40007D0A00003D000020400000200C00002026
:101A50000E00002048000020B40300201C000020DD
:101A6000000C01407B2252656365697665223A7BF2
:101A700022537461747573223A38357D7D0A0000F3
:101A800080000020800D0020300000202D0000206C
:101A90007B22436F6E666967223A7B2253746174BE
:101AA0007573223A33307D7D0A0000008A000020E1
:101AB0007B22414343223A7B225374617475732223
:101AC0003A37307D7D0A00007B22414343223A7B36
:101AD00022537461747573223A37317D7D0A000098
:101AE0007B22414343223A7B2253746174757322F3
:101AF0003A37327D7D0A00007B22414343223A7B04
:101B000022537461747573223A37337D7D0A000065
:101B10007B22414343223A7B2253746174757322C2
:101B20003A37357D7D0A00007B22414343223A7BD0
:101B300022537461747573223A37367D7D0A000032
:101B40007B22414343223A7B225374617475732292
:101B50003A37377D7D0A00008C00002000080140E4
:101B60008F000020940000207C0B00205C0B0020E4
:101B70008E00002074380108A00000209C00002086
:101B800000F40040B0F5004F13D11D480068C0F3C9
:101B90000E001B4908600846006846F629214840A7
:101BA00017490860174800684BF2A62148401549BC
:101BB000086015480078C8B11448007880B9144806
:101BC000007828B1134A0021084600F08FFB09E095
:101BD0000F48007830B9AFF2481000F0AFFF01E0D5
:101BE000FFF766F8FA20F4F719FF03E032210A2024
:101BF000FFF7A0F9F8F7EEFA00BFFFF74FBB0000C0
:101C0000A00000209C00002009000020850000208A
:101C10002D0000208F0000202DE9F041ADF5047D5E
:101C20004FF00008002701250126002047490880C1
:101C30000120F4F7F3FE00245BE04AF6AA204449B1
:101C400009680860002041490880424908804249EB
:101C5000086029461E20FAF7CFFFF5F76DF9804698
:101C60000DE04AF6AA203A4909680860F5F764F9D8
:101C7000A0EB080042F6E061884200D903E0334857
:101C800000880028EDD000BF0A20F4F7C7FE2846E0
:101C9000F4F734FD061E1AD140F2071221462F48F0
:101CA000FAF74AFD68B140F2071221462B48FAF7CD
:101CB00043FD30B12AA000F041FF0DF5047DBDE8E1
:101CC000F081681C85B204F20714002710E0052F8C
:101CD00003DD2CA000F032FFEFE700201B49088055
:101CE00040F207111D48F3F746FE781CC7B200E02A
:101CF00000BF642EA1D126D1A4F20E2140F207121A
:101D000042A8FAF731FCA4F2071140F2071242A8E8
:101D1000FAF72AFC40F2071221466846FAF724FC3B
:101D20001022214620A0FAF707FD0A20F4F776FEDC
:101D3000102220491CA0FAF7FFFC0A20F4F76EFEDF
:101D40001DA000F0FBFE00BFB7E700000C00002064
:101D5000E00B00200E000020400000200C060020B8
:101D60007B225570646174654669726D7761726536
:101D7000223A7B22537461747573223A327D7D0A54
:101D8000000000007B225570646174654669726DC5
:101D900077617265223A7B22537461747573223ABB
:101DA000317D7D0A000000004153444647484A4BBC
:101DB0004C000000F0FF07007B22557064617465E1
:101DC0004669726D77617265223A7B225374617441
:101DD0007573223A38357D0A000000002DE9F04184
:101DE00004460D4600210026012200202346092139
:101DF00011E00122002604E002EB82077A00771C42
:101E0000BEB28E42F8DBB3FBF2F717B14F1CB9B28A
:101E100003E04F1EB9B20029EBD100BFC8B20021C8
:101E200012E0B3FBF2F7303707F0FF080F4601F17D
:101E3000010C1FFA8CF105F80780B3FBF2F702FBE7
:101E400017330A27B2FBF7F28142EADBBDE8F081E3
:101E500010B5012291020948F5F768F84FF47A703D
:101E6000F4F7DCFD4AF6AA2005490968086000225B
:101E70004FF480610148F5F759F810BD00080140A2
:101E8000E00B002010B5044601231A462146024803
:101E9000F7F73BFF10BD00003C0D00202DE9F04F8F
:101EA000DBB0142156A8F3F766FD00200A900990D4
:101EB0003B4800884EF61671884261D13948007857
:101EC000002859D137484078002855D13648006855
:101ED00000284DD034490968491E01EB011101F574
:101EE000001056AA1121F8F7ADF89DF858010D28F9
:101EF0003BD19DF859019DF85A1100EB01209DF846
:101F00005B1100EB01409DF85C1100EB0160099052
:101F10009DF85D019DF85E1100EB01209DF85F11B9
:101F200000EB01409DF8601100EB01600A909DF804
:101F300061419DF862519DF863619DF864719DF85F
:101F400065819DF866919DF867A19DF868B18DE85F
:101F5000F00F16490BA8DDE90923FEF75DF80BA881
:101F600000F0ECFD0A20F4F759FD5BB0BDE8F08FFE
:101F70000FA000F0E3FDF8E70A4800F0DFFDF4E70A
:101F80000848007830B90748407818B908A000F030
:101F9000D5FDEAE7034800F0D1FD00BFE5E700000A
:101FA0003A0000208802002000000020643B010865
:101FB0007B224D656D223A7B2253746174757322C6
:101FC0003A337D7D0A0000001CB5044640202A49B2
:101FD00008602A482A49086001202A490870002020
:101FE00029490870FAF714FB4EF61671884206D19B
:101FF000A2B24FF400216846FAF7B6FA1FE0FEF7E6
:10200000BBFBA0B10A20F4F709FD6A462146002077
:10201000FEF7BAFB18B10520F4F700FD0FE01BA096
:1020200000F08CFD00202149087001201CBD17A084
:1020300000F084FD00201D4908700120F6E79DF89E
:102040000000102816D19DF802009DF8011081F0C3
:10205000100188420ED10120144908709DF801003A
:1020600000F00F00124908709DF8010000F0F00028
:102070001049087000BFD9E72000002000FC0108CB
:102080002400002028000020290000207B22526527
:102090006164436F6E666967223A7B225374617490
:1020A0007573223A31397D7D0A0000002D00002031
:1020B0001C0000201D00002070B504460D46312D87
:1020C0002AD16E2C12D1012211022A48F4F72EFFD8
:1020D0000120F4F7A3FC28A000F030FD01203249D4
:1020E00008704FF416713148F3F745FC662C13D194
:1020F00000224FF480711F48F4F718FF0120F4F715
:102100008DFC2BA000F01AFD0120274908704FF428
:1021100016712648F3F72FFC322D2AD16E2C12D1DE
:10212000012291021348F4F701FF0120F4F776FC35
:102130002BA000F003FD01201B4908704FF416711D
:102140001A48F3F718FC662C13D100224FF4806173
:102150000848F4F7EBFE0120F4F760FC2CA000F037
:10216000EDFC0120104908704FF416710F48F3F789
:1021700002FC70BD000801407B22526563656976F0
:1021800065223A7B22537461747573223A32367D2C
:102190002C225231223A7B22537461747573223A95
:1021A00032337D7D0A000000890000200C060020EB
:1021B0007B2252656365697665223A7B225374619E
:1021C000747573223A32367D2C225231223A7B22A8
:1021D000537461747573223A32347D7D0A000000B5
:1021E0007B2252656365697665223A7B225374616E
:1021F000747573223A32367D2C225232223A7B2277
:10220000537461747573223A32337D7D0A00000085
:102210007B2252656365697665223A7B225374613D
:10222000747573223A32367D2C225232223A7B2246
:10223000537461747573223A32347D7D0A00000054
:102240002DE9FF4180460C4615260025F4F774FE63
:1022500007464AE0F4F770FEC01BB0F5FA7F03D9D9
:10226000FF2004B0BDE8F08169463046F7F726FE4E
:10227000002839D100BF04E01DF800104D40411C7A
:10228000C8B20F28F8DB9DF80F00A8422AD19DF8AC
:102290000E000A2801DDFF20E3E79DF8070018285B
:1022A00013DC9DF808003B280FDC9DF809003B2853
:1022B0000BDC9DF806001F2807DC9DF805000C28A4
:1022C00003DC9DF80400202801DDFF20C9E7002081
:1022D00004E01DF800102154411CC8B21028F8DB9E
:1022E0000020BEE7FF20BCE700BFB3E72DE9F74FB2
:1022F00098B081468A460520179037201690162000
:10230000159001201490002615200F904FF0000822
:10231000002501200D9000200446B9F1000F03D0E4
:10232000B9F1010F79D186E2F4F706FE07467DE2A6
:10233000F4F702FEC01B41F28831884206D9FEA0A4
:1023400000F0FCFBFF201BB0BDE8F08F4AF6AA208E
:10235000FE4909680860F7F73DFF1A98F7F7B6FDE0
:1023600020B11A98F7F7B2FD00B15FE2DDE916106F
:10237000F7F74AFD70B11A98F7F7A8FD20B11A983F
:10238000F7F7A4FD00B151E2DDE91610F7F73CFDC7
:1023900000B14BE210A91598F7F790FD002872D113
:1023A000F4F7CAFD07463FE2F4F7C6FDC01B41F251
:1023B0008831884204D9E0A000F0C0FBFF20C2E7CA
:1023C0004AF6AA20E149096808600026002504E0D1
:1023D00010A8405D4640681CC5B20F2DF8DB9DF883
:1023E0004F00B04279D19DF841B04FEA0B2B9DF8D8
:1023F000400083449DF84E809DF84E000E909DF85D
:102400004E000A280BDD10A91A98FFF719FF28B112
:10241000CFA000F093FBFF2095E7CFE204E29DF808
:102420004700182813DC9DF848003B280FDC9DF876
:1024300049003B280BDC9DF846001F2807DC9DF86F
:1024400045000C2803DC9DF8440020280ADD10A973
:102450001A98FFF7F5FE20B1C2A000F06FFBFF2035
:1024600071E7E1E19DF84A00012810D09DF84A008B
:1024700068B110A91A98FFF7E3FE28B1BEA000F0DA
:102480005DFBFF205FE7D0E101200D90CCE10D98CE
:10249000A8B100200D90BD48007820280FD19DF8EC
:1024A0004A00012805D1BA49887100208DF84A00F8
:1024B00005E00020B649887101208DF84A00B34834
:1024C0000078C8B99DF84A0088B9B2480068009001
:1024D000B1480368B148026800E09AE1B0A108A8D9
:1024E000FDF79AFD08A800F029FB00202BE700204B
:1024F0008DF84A00A6498871A4480078102818D1A0
:102500009DF84A0001280FD1A24800680090A24817
:102510000368A2480268A2A108A8FDF77DFD08A8EB
:1025200000F00CFB00200EE701208DF84A009849CE
:10253000887100269DF84400954908709DF8450073
:1025400048709DF8460088709DF84700C8709DF857
:10255000480008719DF849004871002299499A483D
:10256000F6F72CFA002299499748F6F7C9F99748E7
:10257000C0788DF84400954840788DF84500934820
:1025800080788DF846008F4800788DF847008D4898
:1025900040788DF848008B4880788DF849000020FD
:1025A0008DF84B008DF84C009DF84A008DF84D00D9
:1025B0008DF84E8000BF002504E010A8405D464025
:1025C000681CC5B20F2DF8DB8DF84F60DDE91610E1
:1025D000F7F71AFC00287DD110A91598F7F7A6FC8B
:1025E000002878D110A90F98F7F7A0FC002873D124
:1025F0000120F4F713FA6648807965494979644AFD
:102600001279634BDB78CDE90432CDE906106048DE
:1026100080785F4949785E4A1278CDE90082CDE939
:1026200002105D4803685D48026869496948FDF722
:10263000F3FC684800F082FA3220F4F7EFF90D223B
:102640002046611C8CB208A90A5454480068C2B2E2
:102650002046611C8CB208A90A5450480068C0F397
:1026600007222046611C8CB208A90A544B48006816
:10267000C0F307422046611C8CB208A90A5447489F
:102680000068000E2146621C94B208AA50544248C9
:102690000068C2B22046611C8CB208A90A543E48A8
:1026A0000068C0F307222046611C8CB208A90A54B6
:1026B00039480068C0F307422046611C8CB208A963
:1026C0000A5435480068000E2146621C94B208AADC
:1026D000505402E09CE09AE098E02046611C8CB2E5
:1026E00008A901F800802A4802782046611C8CB2B3
:1026F00008A90A54264842782046611C8CB208A9D1
:102700000A54234882782146601C84B208A84254A7
:102710001F48C2782046611C8CB208A90A541C4884
:1027200002792046611C8CB208A90A5418484279E3
:102730002046611C8CB24FE07B2243223A7B22531D
:102740007461747573223A317D7D0A00E00B0020BC
:102750007B2243223A7B22537461747573223A3888
:102760007D7D0A007B2243223A7B2253746174757B
:1027700073223A367D7D0A007B2243223A7B225324
:102780007461747573223A377D7D0A001D00002044
:102790001000002064000020A00000209C00002009
:1027A0007B2243223A7B224944223A25642C22553B
:1027B00043223A25642C22537461747573223A3390
:1027C0007D7D0A00E0000020EC0B0020E3000020EB
:1027D000643B01088802002008A90A5478488279DD
:1027E0002046611C8CB208A90A54764800884EF62F
:1027F0001671884205D1E1B208A8FAF7D7F9FAF7BD
:1028000099F90A20F4F70AF900209CE50CE00BE0A6
:102810000AE010A91A98FFF713FD20B16AA000F092
:102820008DF9FF208FE500BFBEE500BF149800289A
:102830007FF47EAD00BF69A000F080F9F4F77CFB67
:102840000746B7E04AF6AA20724909680860F4F71B
:1028500073FBC01B41F28831884205D9AFF22810C2
:1028600000F06CF9FF206EE500264AF6AA206949BF
:1028700009680860F7F7AEFC1A98F7F727FB20B154
:102880001A98F7F723FB00B194E0DDE91610F7F78B
:10289000BBFA70B11A98F7F719FB20B11A98F7F73D
:1028A00015FB00B186E0DDE91610F7F7ADFA00B1CF
:1028B00080E010A91598F7F701FB002879D18DF871
:1028C00042008DF843008DF841008DF84000002251
:1028D00051495248F6F772F8002251494F48F6F72D
:1028E0000FF84F48C0788DF844004D4840788DF877
:1028F00045004B4880788DF84600474800788DF8B1
:102900004700454840788DF84800434880788DF866
:10291000490000208DF849008DF84A008DF84B00E1
:102920008DF84C008DF84D000AF0FF008DF84E0038
:102930000026002504E010A8405D4640681CC5B292
:102940000F2DF8DB8DF84F601A98F7F7BFFA20B11A
:102950001A98F7F7BBFA00B12CE0DDE91610F7F78B
:1029600053FA70B11A98F7F7B1FA20B11A98F7F73D
:10297000ADFA00B11EE0DDE91610F7F745FA00B137
:1029800018E0DDE91610F7F73FFA88B910A9159895
:10299000F7F7CCFA58B910A90F98F7F7C7FA28B982
:1029A00020A000F0CBF80020CDE402E002E001E03E
:1029B00000E000BF149800287FF444AF00BFC2E4D9
:1029C000100000203A0000207B2243223A7B225351
:1029D0007461747573223A347D7D0A007B225265DE
:1029E0006365697665223A7B22537461747573223C
:1029F0003A32367D2C2243223A7B2254797065226A
:102A00003A224368616E676547726F7570227D7DFB
:102A10000A000000E00B0020E0000020EC0B00208A
:102A2000E30000207B2243223A7B225374617475B9
:102A300073223A302C2254797065223A224368611D
:102A40006E676547726F7570227D7D0A0000000019
:102A500010B50446402022490860224822490860F7
:102A6000012022490870002021490870F9F7D0FDA3
:102A70004EF6167188420ED1A2B24FF400211D48C5
:102A8000F9F75AFE18B11CA000F058F823E022A074
:102A900000F054F81FE0FDF76FFEC8B10A20F3F70D
:102AA000BDFF0020FDF73EFE124A21460020FDF743
:102AB0008FFE48B10520F3F7B1FF17A000F03EF8F4
:102AC0000520F3F7ABFF06E00BA000F037F802E0BB
:102AD00009A000F033F801201749087010BD00006C
:102AE0002000002000FC0108240000202800002015
:102AF000290000202A0000207B2253617665436F65
:102B00006E666967223A7B22537461747573223A48
:102B100031397D7D0A0000007B2253617665436F69
:102B20006E666967223A7B22537461747573223A28
:102B300032367D7D0A0000002D00002070B504466D
:102B40002046F2F723FFC5B229462046F3F770F876
:102B500000224FF400710648F4F7E8F90120F3F77A
:102B60005DFF012251020248F4F7E0F970BD000058
:102B70000008014010B518480078002821D01748F7
:102B8000007817490978084330B1112808D0202867
:102B90000ED0212810D107E012A0FFF7CFFF0FE0E1
:102BA0001CA0FFF7CBFF0BE026A0FFF7C7FF07E055
:102BB00030A0FFF7C3FF03E03AA0FFF7BFFF00BF5D
:102BC00005E00548007810B941A0FFF7B7FF0A21DA
:102BD0004648F2F7D0FE10BD2D0000201D00002059
:102BE0001C0000207B2252656365697665223A7B72
:102BF00022537461747573223A32367D2C224465F7
:102C0000766963654D6F6465223A307830307D0AAD
:102C1000000000007B2252656365697665223A7B7D
:102C200022537461747573223A32367D2C224465C6
:102C3000766963654D6F6465223A307831317D0A7B
:102C4000000000007B2252656365697665223A7B4D
:102C500022537461747573223A32367D2C22446596
:102C6000766963654D6F6465223A307832317D0A4A
:102C7000000000007B2252656365697665223A7B1D
:102C800022537461747573223A32367D2C22446566
:102C9000766963654D6F6465223A307832307D0A1B
:102CA000000000007B2252656365697665223A7BED
:102CB00022537461747573223A31397D2C22446534
:102CC000766963654D6F6465223A3235357D0A0059
:102CD0007B22436F6E666967223A7B22537461746C
:102CE0007573223A33307D7D0A0000000C06002007
:102CF0002DE9F04FA1B004468846002700250026A4
:102D0000F748007828B90A20F3F788FE21B0BDE81B
:102D1000F08FF348007803287ED12079092825D147
:102D20006079622822D1A07945281FD1E0797028E6
:102D30001CD1207C312819D1607C322816D1A07C8E
:102D4000342813D1E07C352810D1E07D1C280DD12A
:102D5000207D303864214843617D303901EB8101A9
:102D600000EB4101A07D30380F1803E0DDA0FFF734
:102D7000E5FECBE7002F66D10026002507E0605D69
:102D80001C2803D1761C042E00D102E06D1C4545A1
:102D9000F5D900BFA81C205C3038691C615C303953
:102DA00001EB810100EB410000F0FF09281D205CD0
:102DB0003038E91C615C303901EB810100EB4100E6
:102DC00000F0FF0AA81D205C3038691D615C3039B5
:102DD00001EB810100EB410000F0FF0B05F1080061
:102DE000205C3038E91D615C303901EB810100EB7A
:102DF0004100C0B2209005F10A00205C303805F196
:102E00000901615C303901EB810100EB4100C0B286
:102E10001F9005F10B0000E0A9E0205C1C2804D005
:102E2000002083468246814620901F9801A9A1E890
:102E3000010E20980090B2483A46B249036806A8AD
:102E4000FDF7EAF88CE0372F0DD1002001900290B9
:102E5000039004900090AA483A46AA49036806A83D
:102E6000FDF7DAF87CE04E2F0DD1002001900290A2
:102E7000039004900090A2483A46A249036806A82D
:102E8000FDF7CAF86CE0802F0DD100200190029070
:102E90000390049000909A4803229A49036806A878
:102EA000FDF7BAF85CE04B2F0DD1002001900290A5
:102EB00003900490009092483A469249036806A80D
:102EC000FDF7AAF84CE03D2F0DD1002001900290B3
:102ED0000390049000908A483A468A49036806A8FD
:102EE000FDF79AF83CE0332F0DD1002001900290BD
:102EF00003900490009082483A468249036806A8ED
:102F0000FDF78AF82CE0132F0DD1002001900290DC
:102F10000390049000907A483A467A49036806A8DC
:102F2000FDF77AF81CE07F2F0DD100200190029070
:102F3000039004900090724801227249036806A829
:102F4000FDF76AF80CE000200190029003900490D5
:102F500000906B483A466B49036806A8FDF75CF899
:102F600006A8FFF7EBFD0120F3F758FDCEE65C481D
:102F7000007804287DD1A07972287BD100250CE04F
:102F8000605D882808D1681C205C022804D1A81C38
:102F9000205C012800D102E06D1C4545F0D900BF3E
:102FA000454503D34FA0FFF7C9FDAFE6E81C205C01
:102FB000002879D1002608E0A05D872804D1701C84
:102FC000205C132800D102E0761C4645F4D900BFEE
:102FD000464500D3002676B9002001900290039068
:102FE00004900090E81C225C45484649036806A806
:102FF000FDF712F853E0701D205C3038311D615C24
:10300000303901EB810100EB410000F0FF0906F1CE
:103010000800205C3038F11D615C303901EB810122
:1030200000EB410000F0FF0A06F10B00205C303895
:1030300006F10A01615C303901EB810100EB4100CE
:1030400000F0FF0B06F10E00205C303806F10D0198
:10305000615C303901EB810100EB4100C0B220908E
:1030600006F11100205C303806F11001615C303946
:1030700001E033E02FE001EB810100EB4100C0B241
:103080001F901F9801A9A1E8010E20980090E81C4C
:10309000225C1B481B49036806A8FCF7BDFF06A875
:1030A000FFF74CFD12E0FFE7002001900290039033
:1030B00004900090E81C225C11481249036806A89D
:1030C000FCF7AAFF06A8FFF739FD00BF00BF0120EB
:1030D000F3F7A4FC1AE603A0FFF730FD00BF15E6E6
:1030E000AD0000207B2250223A7B22726573706F04
:1030F0006E7365436F6465223A2D317D7D0A000051
:10310000B0000020BC3A010800B599B064216846BF
:10311000F2F731FC40F22D1232A16846FCF77CFF39
:103120006846FFF70BFD4FF0006000683C4988429D
:1031300003D13CA0FFF702FD0CE04FF000600068F7
:103140003C49884203D13CA0FFF7F8FC02E03EA0D6
:10315000FFF7F4FC40A0FFF7F1FC0120F3F75EFC61
:1031600041A0FFF7EBFC0120F3F758FC434841680E
:1031700043A0FCF741FF0120F3F750FC4FF4165138
:1031800042A0FCF739FF0120F3F748FC42484168B0
:1031900042A0FCF731FF0120F3F740FC44A0FFF709
:1031A000CDFC494800884EF61671884206D10120B0
:1031B000F3F734FC45A0FFF7C1FC05E00120F3F76D
:1031C0002DFC45A0FFF7BAFC0120F3F727FC45A032
:1031D000FFF7B4FC4FF416714348F2F7CCFB19B07B
:1031E00000BD00007B224669726D77617265223AEC
:1031F0007B2246223A312C224465766963655479F4
:103200007065223A224175746F5061726B696E6706
:10321000222C2252656C65617365223A2564000098
:10322000904100202C22426F6F74566572223A3111
:1032300000000000001A00202C22426F6F745665B7
:1032400072223A32000000002C22426F6F745665E1
:1032500072223A33000000002C224175746F5374BF
:10326000617274223A3100002C22526561646572E9
:1032700054797065223A5243353232003C0D0020B9
:103280002C22506F73223A25640000002C224453F4
:1032900037223A2564000000800D00202C22636153
:1032A0007264416363446973223A2564000000003C
:1032B0002C226F6E655265616443617264496E468B
:1032C00069656C64223A31003A0000202C224D4599
:1032D0004D223A31000000002C224D454D223A305B
:1032E000000000007D7D0A000C06002070B5044639
:1032F0000D4600260FE0012221460020F9F770FD5F
:10330000641C4AF6AA200549096808600520F3F7FD
:1033100085FB701CC6B2AE42EDDB70BDE00B002039
:1033200010B50C48007810B90BA0FFF707FC09484E
:10333000007810B116A0FFF701FC0648007880F075
:103340000100044908704FF416711F48F2F713FB8F
:1033500010BD0000850000207B2252656365697600
:1033600065223A7B22537461747573223A32367D3A
:103370002C2243223A7B2254797065223A22556EE0
:1033800053656E6453657269616C227D7D0A00002D
:103390007B2252656365697665223A7B22537461AC
:1033A000747573223A32367D2C2243223A7B2254A2
:1033B000797065223A2253656E6453657269616C57
:1033C000227D7D0A000000000C06002010B52C486C
:1033D00040782C4908702A48807848702848C0787E
:1033E00088702748007928498870254840794870B6
:1033F0002348807908702248C079C8700120F3F70B
:103400000DFB20480078172817DC1E4840783B2821
:1034100013DC1C4880783B280FDC1B488078202870
:103420000BDC194840780D2807DC1748C0782A289B
:1034300003DC15480078082803DD14A0FFF77EFBA5
:1034400010BD00220F491848F5F72EFC18B117A03F
:10345000FFF774FBF4E70120F3F7E0FA00220A49D2
:103460001148F5F773FB00B1EAE716A0FFF766FB1A
:103470004FF416710248F2F77EFA00BFE0E7000051
:103480000C060020E0000020E30000207B225265B3
:103490006365697665223A7B225374617475732281
:1034A0003A3139307D7D0A00EC0B00207B2254221A
:1034B0003A7B22537461747573223A3132387D7DC0
:1034C0000A0000007B2252656365697665223A7BBB
:1034D00022537461747573223A32367D2C22542241
:1034E0003A7B2254797065223A2253657454696D8F
:1034F0006544617465227D7D0A00000010B50748AF
:103500004078FF2808D106A0FFF718FB00224FF4EF
:1035100000410A48F3F70AFD10BD00000C06002028
:103520007B2252656365697665223A7B225374611A
:10353000747573223A32367D7D0A0000000801401E
:1035400010B506484078AA2807D105A0FFF7F6FA7B
:103550000122D1030948F3F7E9FC10BD0C06002055
:103560007B2252656365697665223A7B22537461DA
:10357000747573223A32367D7D0A000000080140DE
:1035800000B599B064216846F2F7F5F90748036879
:10359000074808A102686846FCF73EFD6846FFF749
:1035A000CDFA0520F3F73AFA19B000BD0400002067
:1035B000000000207B224D656D223A7B2248656128
:1035C00064223A25752C225461696C223A25757D56
:1035D0007D0A000010B530480078022817D12E4827
:1035E0004078C72813D12C488078FF280FD1F9F7ED
:1035F0000FF84EF61671884205D128A0FFF79EFA03
:10360000FEF70AFB10BD2EA0FFF798FA42E0224811
:10361000007875283ED1402032490860324833494D
:1036200008600120324908700020324908700A22DF
:10363000314932A0F9F780F848B10A222E492FA06B
:10364000F9F77AF830B92FA0FFF778FA02E02DA049
:10365000FFF774FAFDF790F8C8B16420F3F7DEF9CC
:103660000020FDF75FF830A208210020FDF7B0F838
:1036700048B10520F3F7D2F92EA0FFF75FFA052035
:10368000F3F7CCF906E034A0FFF758FA02E032A0D5
:10369000FFF754FA00BFB5E70C0600207B225570F7
:1036A000646174654669726D77617265223A7B2246
:1036B000537461747573223A307D7D0A00000000F6
:1036C0007B225570646174654669726D77617265BD
:1036D000223A7B22537461747573223A39307D7DAE
:1036E0000A0000002000002000FC01082400002047
:1036F0002800002029000020F0FF07007A78637678
:10370000626E6D007B225570646174654669726DEE
:1037100077617265223A7B22537461747573223A21
:1037200032367D7D0A000000426F6F5431323334EF
:10373000000000007B225570646174654669726DFB
:1037400077617265223A7B22537461747573223AF1
:1037500032367D0A000000007B225570646174657A
:103760004669726D77617265223A7B225374617487
:103770007573223A31397D0A0000000038B5052002
:103780000090F3F74BF90020044616E00D48005D69
:10379000062803D00B48005D15280BD10948055DAC
:1037A000FCF7CAFE0A23012269460748F6F7ADFA7C
:1037B000284638BD601CC0B204461E2CE6DB00BFA4
:1037C000F7E70000A0080020800D00202DE9F0415F
:1037D00006460F464FF064082448006810B90020E0
:1037E000BDE8F08121480068082801D20020F7E7F1
:1037F0001F480078022801D00020F1E71C484078DB
:1038000008B10020ECE71A48C078B04201D000208F
:10381000E6E717480079B84201D00020E0E700252C
:10382000312E0DD1002403E01148005D4540641C99
:10383000092CF9D30E48407AA84201D00020CFE7E6
:10384000322E0DD1002403E00948005D4540641C80
:10385000072CF9D30648C079A84201D00020BFE761
:1038600003484479FCF768FE2046B9E78000002051
:10387000A0080020F4411727AB9DFAE33076CC0274
:10388000E52A3562B1BAEAFE2F4C46D38F926D52CB
:10389000BE74E0C9C28E58B9E18820CEDF1A5153F8
:1038A0007C428400646B8108A43FA5A24845DE7B6E
:1038B000734B1F55EBB5C53728BF0316CF79076982
:1038C000DA0534A62EF38AF68360716E21DD3EE6BA
:1038D00054C4065098BD40D9E88919C8802B115AA4
:1038E0000E85AE2D0F5C5B360A57EE9BC0DC77125F
:1038F00093A0221B098BB61EF175997F4323EDE43B
:10390000017266FB316397C64ABBF9299EB286C134
:10391000B37094E9FCF07D334938CAD43A785F7EBD
:10392000F57AB7AD8DD839C35DD0D525AC189C3BA1
:1039300026599A4F95FFBC15E76F9FB04E8290A70E
:1039400004ECCD914DEFAA96D16A2C655E8C870B65
:10395000CB326CB867DB10D6D7A1F813A9611C472E
:10396000D2F214C7F7FD3D44AF6824A31DE23C0D1D
:10397000A80CB456026300000001725DB11381040B
:103980003130303082023A0A83010184010386011A
:1039900000B246A11B8104313030308201308301F6
:1039A0003084013085013086013087013088013054
:1039B000A227A105818082015FA1118106446C6C60
:1039C0005665728207322E392E302E30A10B8106B9
:1039D00050726756657282015F8E534A661F1C1FC4
:1039E0001E1F1E1F1F1E1F1E1F00000000000000C4
:1039F0000001020304060708090000000001020399
:103A000004000000895171F21DCB0000000000008D
:103A1000000000008D5F307CF05E000000000000C0
:103A200000000000B22CE4247D90000000000000A3
:103A300000000000579B07B3A4E90000000000004D
:103A400000000000E32F50F2E3D00000000000006F
:103A500000000000E9C1254FA07D0000000000002B
:103A600000000000FFFFFFFFFFFF0000000000005C
:103A700000000000303036387B22636D64223A311A
:103A8000302C22616D6F756E74223A25642C22737E
:103A900065727669634D223A223030303030302200
:103AA0002C227369676E223A223839397C313233DD
:103AB000343536373839227D0A0000007B22502207
:103AC0003A7B22726573436F6465223A25642C2227
:103AD000416D6F756E74223A256C642C2248223A2F
:103AE00025642C224D223A25642C2259223A256441
:103AF0002C226D223A25642C2244223A25647D7DB5
:103B00000A0000007B2243223A7B22526F77223A3E
:103B100025642C224944223A25642C225543223A1A
:103B200025642C224770223A25642C2259223A25FA
:103B3000642C224D223A25642C2244223A25642CFE
:103B40002248223A25642C226D223A25642C2253E5
:103B5000223A25642C2245454D223A25647D7D0A72
:103B6000000000007B2243223A7B224944223A256E
:103B7000642C225543223A25642C224770223A2590
:103B8000642C2259223A25642C224D223A25642C99
:103B90002244223A25642C2248223A25642C226DA4
:103BA000223A25642C2253223A25642C2245454D85
:103BB000223A25647D7D0A007B2250726F63657313
:103BC00073436172644F6666223A7B224944223A0B
:103BD00025642C225543223A25642C224770223A30
:103BE00025642C2259223A25642C224D223A256440
:103BF0002C2244223A25642C2248223A25642C2285
:103C00006D223A25642C2253223A25642C22454504
:103C10004D223A25647D7D0A000000003C3C0108ED
:103C200000000020880200003E5A0008203D0108E4
:103C300088020020803300008800010801202A400B
:103C4000041254F308013910E214022503FD0A029C
:103C500011304CE95F09106C99080134134DDA1BDF
:103C60000895041AA5041AC9041301DB1B081908D6
:103C70001A5D041312011402020216408304405715
:103C80001D02010203690E21040309041AD1139DC8
:103C90005B1B086D0413DD5A1B08C10841DA10AC28
:103CA00073B2075324F4130A0632022A402413A9DC
:103CB000D61408E9D54C08CBD73C1A37101A39105E
:103CC0001AB504C11A89181A79041A99041A6904D0
:103CD0001C090243AB111DC03209046D1A020B13FB
:103CE000052416100105240110090104240202050F
:103CF0002406170107058203081C100904E1320A93
:103D00001D070501027B2C07058107110937442A8D
:103D100040072A8107112B0907440A3B044441004C
:04000005080058EDAA
:00000001FF
