:020000040800F2
:10000000E041002005010008615F0008454B000841
:100010005D5F000899020008B9CC000800000000EC
:10002000000000000000000000000000E59B000848
:100030005904000800000000CF730008559F000815
:100040001F0100081F0100081F0100081F01000810
:100050001F0100081F0100081F0100081F01000800
:100060001F0100081F0100081F0100081F010008F0
:100070001F0100081F0100081F0100081F010008E0
:100080001F0100081F0100081F0100081F010008D0
:1000900001CC00081F0100081F0100081F01000813
:1000A0001F0100081F0100081F0100081F010008B0
:1000B0001F01000829A000081F0100081F010008F7
:1000C0001F0100081F0100081F0100081F01000890
:1000D0001F0100083DA400084DA4000885A40008E5
:1000E0001F0100081F0100081F010008DFF810D0E1
:1000F00000F086F80048004711E00008AFF30080E8
:10010000E04100200648804706480047FEE7FEE73A
:10011000FEE7FEE7FEE7FEE7FEE7FEE7FEE7FEE7B7
:1001200019A00008ED000008202A04DB203A21FA7B
:1001300002F00021704721FA02F3D040C2F1200200
:10014000914008431946704740EA01039B0703D0DA
:1001500009E008C9121F08C0042AFAD203E011F806
:10016000013B00F8013B521EF9D27047D2B201E0C8
:1001700000F8012B491EFBD270470022F6E710B5AC
:1001800013460A4604461946FFF7F0FF204610BD05
:10019000421C10F8011B0029FBD1801A70472DE981
:1001A000F05F0546002092469B46884606468146FB
:1001B00040241BE02846414647462246FFF7B4FF4D
:1001C00053465A46C01A914110D31146184622464A
:1001D00000F028F82D1A67EB01084F46224601204F
:1001E000002100F01FF817EB00094E41201EA4F17A
:1001F0000104DFDC484631462A464346BDE8F09F0D
:10020000064C074D06E0E06840F0010394E8070063
:1002100098471034AC42F6D3FFF76CFF4C08010846
:100220006C080108202A04DB203A00FA02F10020C1
:1002300070479140C2F1200320FA03F31943904024
:10024000704770B58C1810F8015B15F0070301D1E9
:1002500010F8013B2A1106D110F8012B03E010F829
:10026000016B01F8016B5B1EF9D12B0705D400234C
:10027000521E0DD401F8013BFAE710F8013BCB1AEE
:10028000921C03E013F8015B01F8015B521EF9D5E3
:10029000A142D8D3002070BD00BFFEE7CA7802603B
:1002A0000268120202608B7802681A4402600268D7
:1002B000120202604B7802681A440260026812025D
:1002C00002600B7802681A440260704730B503463A
:1002D000042B15D007DC7BB1012B0ED0022B0DD0E7
:1002E000032B30D10BE0202B0BD0212B18D0222B4D
:1002F00022D0232B27D125E026E025E024E023E0AF
:1003000022E0002003E00C5C114D2C54401C072817
:10031000F9DB00200F4C207001200F4C207013E0FF
:10032000002003E00A4C245C0C54401C0728F9DB35
:100330000020084C207007E006480078401C054C5F
:10034000207001E000E000BF00BF002030BD0000D1
:100350004001002008000020090000200020704714
:10036000002003E00021064A1154401CB0F5167F1E
:10037000F8D3002003490880034908807047000033
:10038000680700200C0000200E00002010B500229D
:10039000044905480AF0DBF9044903480AF0D0F99A
:1003A000002010BD381800208C0F002050140020B1
:1003B0002DE9F04105460E4614493068086029468B
:1003C00013480AF0BDF9377812480488002113E079
:1003D000685C114A1055601C80B24FF4167290FB95
:1003E000F2F302FB130084B20C480088844202D16D
:1003F0000220BDE8F081491CB942E9D305480480D8
:1004000003480AF079F90020F3E700001800002003
:100410008C0F00200C000020680700200E00002038
:100420002DE9F04104460D4600260A48D0F8B8727E
:10043000D7F8140210B10120BDE8F0812A46214608
:1004400004480AF084F903480AF005FA06463046E3
:10045000F2E700008C0F00207047000010B500206C
:10046000044908600449086009F0D0FB03A00FF0BC
:10047000DBF810BD00000020040000207B224D6549
:100480006D223A7B22537461747573223A307D7DFC
:100490000A0000000146002048608860C861886149
:1004A000086248730873086108754875002207E000
:1004B000002301F12400835410308354501CC2B235
:1004C000102AF5DB002203E000208854501CC2B241
:1004D000042AF9DB0020704772B601E001F022FD2A
:1004E000FCE700000021074AD1610749096941F092
:1004F0000401054A11611146096941F04001116189
:100500007047000030210020002002400021074AEF
:10051000D1610749096941F00201054A116111469B
:100520004861096941F040011161704730210020A4
:10053000002002400022054BDA61054A126942F0B0
:100540000102034B1A610180704700003021002036
:100550000020024000201E49C96801F0100139B195
:100560001C49C96941F002011A4AD16140F01000EA
:100570001749C96801F0040139B11649C96941F048
:100580000101144AD16140F004001149C96901F028
:10059000010169B10F49C96941F004010D4AD161F6
:1005A00000BF0B49C96921F00101094AD16100BFAF
:1005B00000BF40F20111884206D10549C96921F006
:1005C0000101034AD16101E00149C86000BF7047E1
:1005D000002002403021002010B508F0AFFF0020BD
:1005E00008F0CAFF642000F075FD10BD70B5044628
:1005F00000F0FEFF054609E0601C38B124B100F0B0
:10060000F7FF401BA04201D9032070BD1248C0680B
:1006100000F001000028EFD10F48C06800F0200072
:1006200020B100BF20200C49C86000BF0A48C06844
:1006300000F0100048B90848C06900F0010020B976
:100640000548C06800F0040018B1FFF783FF0120DF
:10065000DBE70020D9E700000020024070B59AB027
:1006600009480468084810300568074820300668C3
:100670002B46224605A101A800960CF061FE01A8B8
:100680000EF0D2FF1AB070BDE8F7FF1F7B22435077
:10069000554944223A7B225831223A25382E38587F
:1006A0002C225832223A25382E38582C2258332200
:1006B0003A25382E38587D7D0A0000002DE9F04F8C
:1006C0008BB006464FF0000B00203060DD4800780C
:1006D000012811D0022802D0032827D119E00520D3
:1006E000D94908701520D94908703720D8490870B1
:1006F0002020D849087026E00420D3490870102033
:10070000D24908703920D24908700020D1490870B8
:1007100019E00520CC4908701520CC490870372015
:10072000CB4908704020CB4908700CE00520C64931
:1007300008701420C54908703720C549087000208A
:10074000C449087000BF00BF09A804F06BFD38B1B0
:1007500009A804F067FD18B101200BB0BDE8F08FC7
:10076000002405E009A8005DBB490855601CC4B21F
:10077000042CF7DB1021002004F05AFC08B1012002
:10078000EBE701A9012004F0E5FC08B10120E4E752
:100790009DF80500B04988600846806800028860BE
:1007A000084680689DF804100844AB4988609DF8AD
:1007B00009004860084640680002486008464068F2
:1007C0009DF808100844A4494860084640680002A3
:1007D0004860084640689DF8071008449E494860F4
:1007E0000846406800024860084640689DF80610C8
:1007F0000844994948600846008900F40040B0F573
:10080000004F12D108460089C0F30E0088600846E8
:10081000806846F6292148408F498860084640682C
:100820004BF2A62148408C4948608B4840688B4970
:100830000860874801788448007804F0F9FB08B123
:100840000A208AE701A98148007804F083FC08B1F6
:10085000142082E7002406E001A8015D7E482430D0
:100860000155601CC4B2102CF6DB4FF0010A0024C5
:100870000BE001A8015D01AA04F10800105C8142AF
:1008800001D04FF0000A601CC4B2042CF1DB00243C
:100890000BE001A9201D085C095D81F0FF01884281
:1008A00001D04FF0000A601CC4B2042CF1DB9DF8AB
:1008B000100050B99DF81100FF2806D19DF81200D4
:1008C00018B99DF81300FF2801D04FF0000ABAF1C3
:1008D000000F3AD09DF807005F49C8610846C0691B
:1008E0000002C8610846C0699DF8061008445A49CC
:1008F000C8610846C0690002C8610846C0699DF821
:10090000051008445449C8610846C0690002C8611E
:100910000846C0699DF8041008444F49C861142175
:10092000062004F085FB08B10C2016E76946182064
:1009300004F01CFC08B10D200FE74749009808732C
:100940000846C0693060002007E74FF04B080024DC
:1009500006E041482430005D80EA0808601CC4B20B
:100960000F2CF6DB3C4890F83300404501D00320C3
:10097000F3E6394890F827003749C8610846C0694E
:100980000002C8610846C16990F82600084432494F
:10099000C8610846C0690002C8610846C16990F88C
:1009A000250008442C49C8610846C0690002C86196
:1009B0000846C06991F8241008442749C8610846D0
:1009C00090F82D703F0290F82C000744084690F8EC
:1009D0002B502D0290F82A0005442D02084690F86D
:1009E000290005442D02084690F8280005440846D1
:1009F00090F82E90B9F1010F03D0B9F1020F12D186
:100A000008E005EB070B1448C069584501D00520E4
:100A1000A3E60AE0A5EB070B0F48C069584501D0D3
:100A200006209AE601E0072097E600BF0A4890F802
:100A30002F0000F01F00084908730846C0693060A5
:100A400000208AE6A10200209D0200209E020020D4
:100A50009F020020A0020020D0210020A40200203C
:100A60002DE9F04F8DB007468946002500203860FB
:100A7000C9F80000FB480078012811D0022802D0F4
:100A8000032827D119E00520F74908701520F749F8
:100A900008703720F64908702020F649087026E0D3
:100AA0000420F14908701020F04908703920F049FD
:100AB00008700020EF49087019E00520EA49087025
:100AC0001520EA4908703720E94908704020E949B3
:100AD00008700CE00520E44908701420E349087010
:100AE0003720E34908700020E249087000BF00BFCA
:100AF0000BA804F097FB38B10BA804F093FB18B1D6
:100B000001200DB0BDE8F08F002405E00BA8005DCA
:100B1000D9490855601CC4B2042CF7DB1021002011
:100B200004F086FA08B10120EBE703A9012004F0E4
:100B300011FB08B10120E4E79DF80D00CE49886063
:100B40000846806800028860084680689DF80C109E
:100B50000844C94988609DF811004860084640680B
:100B600000024860084640689DF810100844C249D9
:100B700048600846406800024860084640689DF8A2
:100B80000F100844BC4948600846406800024860AD
:100B9000084640689DF80E100844B749486008466A
:100BA000008900F40040B0F5004F12D108460089DA
:100BB000C0F30E0088600846806846F62921484048
:100BC000AD498860084640684BF2A6214840AA49D2
:100BD0004860A9484068A9490860A5480178A2482A
:100BE000007804F025FA08B10A208AE79D480078C9
:100BF000012835D103A9122004F0ACFA08B1142061
:100C00007FE79DF81000AB2812D19DF81100CD2888
:100C10000ED19DF80F502D029DF80E0005442D02B7
:100C20009DF80D0005442D029DF80C00054400E0E0
:100C300000259DF80C00FF280CD19DF80D00FF2821
:100C400008D19DF80E00FF2804D19DF80F00FF2861
:100C500000D100258A48854200D10025C9F80050FE
:100C600003A98248007804F075FA08B1142048E717
:100C7000002406E003A8015D7F4824300155601C74
:100C8000C4B2102CF6DB0120029000240BE003A874
:100C9000015D03AA04F10800105C814201D000202C
:100CA0000290601CC4B2042CF1DB00240BE003A909
:100CB000201D085C095D81F0FF01884201D0002001
:100CC0000290601CC4B2042CF1DB9DF8180050B9EE
:100CD0009DF81900FF2806D19DF81A0018B99DF853
:100CE0001B00FF2801D000200290029890B39DF8CD
:100CF0000F006149C8610846C0690002C861084622
:100D0000C0699DF80E1008445B49C8610846C06977
:100D10000002C8610846C0699DF80D100844564994
:100D2000C8610846C0690002C8610846C0699DF8EC
:100D30000C1008445049C8611421062004F078F9C9
:100D400008B10C20DDE601A9182004F00FFA10B15B
:100D50000D20D6E607E04849019808730846C069A7
:100D600038600020CDE64FF04B0A002406E04248F0
:100D70002430005D80EA0A0A601CC4B20F2CF6DB46
:100D80003D4890F83300504501D00320B9E63A4879
:100D900090F827003849C8610846C0690002C86158
:100DA0000846C16990F8260008443349C8610846DE
:100DB000C0690002C8610846C16990F8250008446E
:100DC0002D49C8610846C0690002C8610846C0696B
:100DD00091F8241008442849C861084690F82D80ED
:100DE0004FEA082890F82C008044084690F82B60C1
:100DF000360290F82A0006443602084690F8290088
:100E000006443602084690F828000644084690F842
:100E10002EB0BBF1010F03D0BBF1020F12D108E0DD
:100E200006EB08051448C069A84201D0052068E611
:100E30000AE0A6EB08051048C069A84201D00620C8
:100E40005FE601E007205CE600BF0B4890F82F004A
:100E500000F01F00084908730846C0693860002088
:100E60004FE60000A10200209D0200209E0200200B
:100E70009F020020A0020020D0210020A402002018
:100E800017FCFF0001460E2924D2DFE801F0070914
:100E90000B0D0F11131517191B1D1F21192070475A
:100EA0001A20FCE71C20FAE71D20F8E71E20F6E7D1
:100EB0002020F4E72120F2E72220F0E72420EEE7CB
:100EC0002520ECE72620EAE72820E8E72920E6E7C6
:100ED0002A20E4E70020E2E72DE9F041054600265C
:100EE00000F086FB0746052000F0F4F8284800785B
:100EF000022812D12648407854280ED12448807800
:100F000048280AD12248C078452806D100211E2051
:100F100008F0DEFE6420BDE8F0811E480088082845
:100F20000CD01B480078022806D11A480088401EC1
:100F30001749085C032801D00320ECE700260124B0
:100F400003E01348005D4640641C12480088801E80
:100F5000A042F6D80F480088801E0D49085CB042B8
:100F600001D00420D7E70A48C178007901EB0020BE
:100F7000A84201D00620CEE706480088072805D100
:100F800000211E2008F0A4FE6420C4E70020C2E770
:100F9000680700200C00002070B50A480468001D96
:100FA0000568001D0668344454B1082206492046ED
:100FB00004F04FFD042204491031284604F049FD95
:100FC00070BD0000E8F7FF1F260100200146002247
:100FD00091F82100022808D00420886300BF002077
:100FE00081F8200000BF012070470868006820F0E9
:100FF0000E000B6818600868006820F001000B689C
:10100000186091F8403001209840CB6B5860012067
:1010100081F8210000BF002081F8200000BF1046A9
:10102000E2E7000070B50446002594F8210002288C
:1010300003D00420A063012548E02068006820F068
:101040000E00216808602068006820F00100216817
:1010500008601F492068884201D1012026E01C4910
:1010600014312068884201D110201FE0184928312E
:101070002068884201D1801518E015493C3120686C
:10108000884201D1801411E0114950312068884212
:1010900002D14FF4803009E00D4964312068884264
:1010A00002D14FF4801001E04FF0807008490839F8
:1010B0004860012084F8210000BF002084F820004F
:1010C00000BF606B10B12046616B8847284670BD39
:1010D0000800024070B5044600F08AFA064625462C
:1010E000681C10B104480078054400BF00F080FA85
:1010F000801BA842FAD370BD600100202DE9F041A9
:1011000004460E460127002500BF2648007E012820
:1011100002D10220BDE8F08101202249087600BFFB
:101120002068022813D14CF25030FFF75FFA90BBD1
:101130000120FFF7D7F94CF25030FFF757FA074676
:101140001948006920F004001749086123E04CF2B7
:101150005030FFF74BFAF0B94FF0FF303060A56820
:1011600012E02846FFF7D2F94CF25030FFF73EFA72
:1011700007460D48006920F002000B4908610FB1D5
:10118000356007E005F58065D4E9021001EB8020A9
:10119000A842E6D800BF00BF00200249087600BF81
:1011A0003846B7E73021002000200240034800699C
:1011B00040F0800001490861002070470020024093
:1011C0002DE9FE4F05468B4617469846012600241A
:1011D0000020029000BF2448007E012802D1022096
:1011E000BDE8FE8F01202049087600BF4CF2503048
:1011F000FFF7FCF9064686BB012D02D101200290C3
:1012000006E0022D02D10220029001E004200290AB
:1012100000241EE02201B946C24648465146FEF768
:1012200083FF80B20190022000FB04B0009001997E
:10123000FFF780F94CF25030FFF7D8F906460B481B
:10124000006920F001000949086106B104E0601C52
:10125000C4B202988442DDDB00BF00BF0020024917
:10126000087600BF3046BBE7302100200020024056
:1012700000200849096901F0800151B10649054A79
:101280005160064951601146096901F0800101B1C0
:10129000012070470020024023016745AB89EFCD54
:1012A0002DE9F8470346002294466EE14FF001080D
:1012B00008FA02F4D1F8008008EA0400A0427DD1C7
:1012C000DFF8DCA2D1F80480A8EB0A09D0453AD0B7
:1012D00014DCB8F1030F50D009DCB8F1000F31D0A5
:1012E000B8F1010F1CD0B8F1020F49D120E0B8F1DC
:1012F000110F18D0B8F1120F42D11EE0B9F5881FB6
:1013000025D006DCB9F5803F20D0B9F5801F37D154
:101310001AE0B9F5001F18D0B9F5041F30D117E055
:10132000D1F80CC02DE0D1F80C8008F1040C28E0B5
:10133000D1F80C8008F1080C23E0D1F80C8008F1FA
:101340000C0C1EE000BF00BF00BF00BF00BF00BF0D
:10135000D1F80880B8F1000F02D14FF0040C0BE077
:10136000D1F80880B8F1010F03D14FF0080C1C61CF
:1013700002E04FF0080C5C6103E04FF0000C00E06D
:1013800000BF00BFFF2801D8984601E003F1040820
:101390004646FF2802D84FEA820803E0A2F1080877
:1013A0004FEA88084746D6F800804FF00F0909FA3F
:1013B00007F928EA09080CFA07F900E088E048EA8A
:1013C0000908C6F80080D1F8048008F08058B8F108
:1013D000805F7DD100BFDFF8CC81D8F8188048F05D
:1013E0000108DFF8C091C9F81880C846D8F81880FD
:1013F00008F00108CDF8008000BF00BF4FEAB938FF
:101400004FEA920958F829504FEA82784FEA187942
:101410004FF00F0808FA09F825EA0805DFF8888177
:10142000434502D14FF0000816E0DFF880814345C4
:1014300002D14FF001080FE0DFF87481434502D17B
:101440004FF0020808E0DFF86C81434502D14FF00D
:10145000030801E04FF004084FEA82794FEA197956
:1014600008FA09F848EA0505DFF84C814FEA9209C5
:1014700048F82950D1F8048008F48038B8F5803F46
:101480000AD1DFF83881D8F8008048EA0008DFF890
:101490002C91C9F8008009E0DFF82081D8F800809D
:1014A00028EA0008DFF81491C9F80080D1F8048018
:1014B00008F40038B8F5003F10D1DFF8008108F1DA
:1014C0000408D8F8008048EA0008DFF8F09000E04F
:1014D0005AE009F10409C9F800800DE0DFF8DC806A
:1014E00008F10408D8F8008028EA0008DFF8CC905A
:1014F00009F10409C9F80080D1F8048008F48018C3
:10150000B8F5801F0ED1DFF8B48008F10808D8F8CC
:10151000008048EA0008DFF8A49009F10809C9F83A
:1015200000800DE0DFF8948008F10808D8F800800A
:1015300028EA0008DFF8849009F10809C9F800805A
:10154000D1F8048008F40018B8F5001F0ED1DFF8B8
:101550006C8008F10C08D8F8008048EA0008DFF831
:101560005C9009F10C09C9F800800DE0DFF84C80AF
:1015700008F10C08D8F8008028EA0008DFF83C9051
:1015800009F10C09C9F80080521CD1F8008028FA32
:1015900002F8B8F1000F7FF489AEBDE8F8870000CB
:1015A000000011100010024000080140000C014032
:1015B00000100140001401400800014000040140F7
:1015C000024693680B400BB1012000E000207047F9
:1015D00010B5C26821EA020302EA010443EA0443A7
:1015E000036110BD0AB1016101E00B0403617047A2
:1015F00001480068704700005801002070B504469B
:101600000CB9012070BD94F83D0028B9002084F881
:101610003C00204600F03EFB242084F83D0020687A
:10162000006820F00100216808602068006840F42C
:101630000040216808602068006820F400402168AC
:10164000086001F09FFD05465C496068884206D845
:101650005B48854201D2012007E0002005E059489F
:10166000854201D2012000E00020012800D1C9E715
:101670005548B5FBF0F62068406820F03F00304345
:10168000216848604D496068884201D8701C07E0B5
:101690004FF4967070434FF47A71B0FBF1F0401C38
:1016A0002168096A21F03F01084321680862434923
:1016B0006068884214D8681E61684900B0FBF1F088
:1016C000401CC0F30B00042801D204203DE0681E3A
:1016D00061684900B0FBF1F0401CC0F30B0034E03E
:1016E000A06838B9681E616801EB4101B0FBF1F0F8
:1016F000401C0AE0681E616801EBC10202EB0111A7
:10170000B0FBF1F0401C40F48040C0F30B0008B97E
:1017100001201AE0A06848B9681E616801EB410128
:10172000B0FBF1F0401CC0F30B000CE0681E6168D8
:1017300001EBC10202EB0111B0FBF1F0401CC0F360
:101740000B0040F4804040F400402168C9694CF629
:10175000FF72914308432168C861D4E90701084337
:101760002168096821F0C001084321680860D4E9B4
:10177000031008432168896848F2FF329143084307
:1017800021688860D4E9050108432168C96821F00F
:10179000FF0108432168C8602068006840F001002C
:1017A0002168086000202064202084F83D0000208B
:1017B000206384F83E0000BF24E70000A0860100FB
:1017C00080841E0000093D0040420F002DE9FC47C7
:1017D00004468946174698460A9E00200190FFF766
:1017E00007FF054694F83D0020286FD119230122F8
:1017F000C8492046009503F003FB10B10220BDE864
:10180000FC8700BF94F83C00012801D10220F6E7D4
:10181000012084F83C0000BF2068006800F001004F
:1018200028B92068006840F001002168086020683D
:10183000006820F4006021680860222084F83D00E0
:10184000102084F83E00002020646762A4F82A80FB
:10185000608D2085B048E0622B46324649462046DE
:1018600003F0A4F908B10120C9E7208D88B900BFB1
:1018700000200090206840690090206880690090F6
:1018800000BF00BF2068006840F400702168086055
:101890004BE0208D01281AD12068006820F4806078
:1018A0002168086072B600BF00200090206840697F
:1018B000009020688069009000BF00BF2068006829
:1018C00040F400702168086062B62EE020E1208DAF
:1018D000022819D12068006840F40060216808607F
:1018E00072B600BF00200090206840690090206818
:1018F0008069009000BF00BF2068006820F480600D
:101900002168086062B610E02068006840F48060DA
:101910002168086000BF00200090206840690090A6
:1019200020688069009000BF00BFE2E0208D03289E
:101930007ED8208D012815D12A463146204603F055
:1019400009FB08B101205AE720680069616A087044
:10195000606A401C6062208D401E2085608D401EA4
:101960006085C6E0208D02282CD1334600226B49C9
:101970002046009503F044FA08B101203FE772B613
:101980002068006840F400702168086020680069E1
:10199000616A0870606A401C6062208D401E20856C
:1019A000608D401E608562B620680069616A0870BB
:1019B000606A401C6062208D401E2085608D401E44
:1019C000608596E03346002254492046009503F096
:1019D00017FA08B1012012E72068006820F480603F
:1019E0002168086072B620680069616A0870606AE0
:1019F000401C6062208D401E2085608D401E6085E9
:101A0000474800681921B0FBF1F04FF47A71B0FB40
:101A1000F1F0C0EBC00000EB8000019000BF019826
:101A2000401E01900198A8B900202063202000E00A
:101A300038E084F83D00002084F83E00206C40F03F
:101A40002000206462B600BF002084F83C0000BF84
:101A50000120D4E620684069C0F380000028DED071
:101A60002068006840F40070216808602068006900
:101A7000616A0870606A401C6062208D401E20858B
:101A8000608D401E608562B620680069616A0870DA
:101A9000606A401C6062208D401E2085608D401E63
:101AA000608526E02A463146204603F053FA08B105
:101AB0000120A4E620680069616A0870606A401C21
:101AC0006062208D401E2085608D401E60852068EC
:101AD0004069C0F3800060B120680069616A0870E5
:101AE000606A401C6062208D401E2085608D401E13
:101AF0006085208D00287FF419AF202084F83D00F8
:101B0000002084F83E0000BF84F83C0000BF76E669
:101B1000022074E6020010000000FFFF0400010034
:101B2000740100202DE9F8430446894616461F46F5
:101B3000DDF82080FFF75CFD054694F83D00202885
:101B40007ED11923012251492046009503F058F90E
:101B500010B10220BDE8F88300BF94F83C000128D2
:101B600001D10220F6E7012084F83C0000BF206884
:101B7000006800F0010028B92068006840F001000A
:101B8000216808602068006820F40060216808600F
:101B9000212084F83D00102084F83E0000202064BD
:101BA00066626785608D20853948E0622B46424633
:101BB0004946204603F096F808B10120CAE700BF65
:101BC00000200090206840690090206880690090A3
:101BD00000BF00BF44E02A464146204603F0FAF920
:101BE00050B1206C042805D12068006840F40070D2
:101BF000216808600120ADE7606A0078216808610B
:101C0000606A401C6062608D401E6085208D401EB1
:101C1000208520684069C0F3800070B1208D60B1DC
:101C2000606A007821680861606A401C6062608DAB
:101C3000401E6085208D401E20852A46414600E0DA
:101C400022E0204603F0AEF850B1206C042805D104
:101C50002068006840F4007021680860012079E77E
:101C6000208D0028B7D12068006840F400702168FA
:101C70000860202084F83D00002084F83E0000BF6A
:101C800084F83C0000BF65E7022063E70200100013
:101C90000000FFFF10B586B00446002002900390BC
:101CA000049005901A49206888422FD100BF194836
:101CB000806940F00800174988610846806900F093
:101CC0000800019000BF00BF4FF440700290122046
:101CD00003900320059002A90F48FFF7E1FA00BF27
:101CE0000E49486840F0E06040F00200486000BFE4
:101CF00000BF0848C06940F400100649C8610846A2
:101D0000C06900F40010019000BF00BF06B010BD14
:101D10000054004000100240000C0140000001404F
:101D200070B504460CB9012070BD4CF6CC4021685A
:101D3000086045F2555021680860D4E900104860F9
:101D40002168A0688860FFF753FC05460BE0FFF7A9
:101D50004FFC401B272806D92068C06800F003000C
:101D600008B10320E0E72068C06800F00300002805
:101D7000EDD14AF6AA20216808600020D4E70000CF
:101D8000034800680349097808440149086070471E
:101D9000580100206001002010B50848006840F09C
:101DA000100006490860032000F0A8F8002000F0A9
:101DB00007F800F02BF8002010BD000000200240C2
:101DC00070B504460E4800784FF47A71B1FBF0F01C
:101DD0000C490968B1FBF0F5284602F099F908B101
:101DE000012070BD102C07D200222146501E00F0A9
:101DF00047F80548046001E00120F2E70020F0E721
:101E000060010020740100205C01002008B500BFC3
:101E10001148806940F001000F49886108468069D7
:101E200000F00100009000BF00BF00BF0846C0697D
:101E300040F08050C8610846C06900F080500090B2
:101E400000BF00BF00BF0549486820F0E06040F0D7
:101E50000070486000BF08BD001002400000014053
:101E600001460846002809DB00F01F0301229A40C2
:101E700043099B0003F1E023C3F8002100BF704732
:101E80002DE9F05F80460D46164600270BF06CFAF0
:101E9000074639462A46334601F00700C0F1070AD3
:101EA000BAF1040F02D94FF0040A01E0C0F1070AA9
:101EB000D14600F1040ABAF1070F02D24FF0000A2E
:101EC00001E0A0F1030AD4464FF0010A0AFA09FA28
:101ED000AAF1010A0AEA020A0AFA0CFA4FF0010B07
:101EE0000BFA0CFBABF1010B0BEA030B4AEA0B04F8
:101EF000214640460BF040FABDE8F09F00BF00F0DD
:101F00000702064B19684FF6FF031940044B0B43B9
:101F100043EA0221014B196000BF70470CED00E05D
:101F20000000FA0500BF00BF00BF00BF00BFBFF345
:101F30004F8F00BF00BF00BF0948006800F4E06099
:101F400008490843001D0649086000BF00BF00BFE4
:101F5000BFF34F8F00BF00BF00BF00BF00BFFDE752
:101F60000CED00E00000FA0570B505460C4604F0E3
:101F70008000802808D104F0070000EB800605F1FE
:101F8000280000EBC60105E004EB840605F5B470FB
:101F900000EBC6011AB900200873CB8004E00120D1
:101FA00008730B81180C4881002070BD704770B514
:101FB00004460D4605EB850304F1280101EBC3013E
:101FC0004A692946D4F8E80208F04CFF70BD70B5A4
:101FD00004460D4605EB850304F5B47101EBC3011E
:101FE0004A692946D4F8E80208F0BCFF70BD70B514
:101FF00004460E4606F0800080280AD106F007004D
:1020000000EB800104F1280000EBC105012068709D
:1020100009E006F0070000EB800104F5B47000EB66
:10202000C1050020687006F00700287000BF94F812
:10203000A802012801D1022070BD012084F8A80265
:1020400000BF2946206809F015FE00BF002084F873
:10205000A80200BF00BFEFE770B504460E4606F0C9
:102060000F006168884201D9012070BD06F0800030
:1020700080280AD106F0070000EB800104F1280057
:1020800000EBC1050120687009E006F0070000EBD5
:10209000800104F5B47000EBC105002068700020D9
:1020A000A87006F00700287000BF94F8A802012865
:1020B00001D10220D9E7012084F8A80200BF2946F7
:1020C000206809F033FF00BF002084F8A80200BF99
:1020D00000BFCAE72DE9F04105460C46174607F454
:1020E0008040002850D02868B0F85010207801EBCC
:1020F000C000801C296801F5806131F81000C0F330
:102100000906A069B04203D3A069801BA06101E069
:102110000020A061A069A8B900BF227852002968F8
:1021200031F812104BF68F7201EA020080F4005071
:1021300040F4004141F0800123785B002A6822F8D6
:10214000131000BF07F04000A8B100BF00BF227805
:102150005200296831F8121048F68F7201EA020025
:1021600040F4004141F0C00123785B002A6822F866
:10217000131000BF00BF002E55D02289616933467D
:1021800028680AF049FD4EE02868B0F85010207821
:1021900001EBC000801D296801F5806131F8100055
:1021A000C0F30906A069B04203D3A069801BA061F7
:1021B00001E00020A061A069A8B900BF2278520008
:1021C000296831F812104BF68F7201EA020080F490
:1021D000005040F4004141F0800123785B002A6800
:1021E00022F8131000BF07F04000A8B900BF00BFDD
:1021F00022785200296831F8121048F68F7201EAED
:10220000020040F4004141F0C00123785B002A68DD
:1022100022F8131000BF00BF2EB1628961693346F6
:1022200028680AF0F9FC3046BDE8F0812DE9F04756
:1022300005460C46904608F04000002871D02868FA
:10224000B0F85010207801EBC000801C296801F51F
:10225000806131F81000C0F30907A069B84203D9C2
:10226000A069C01BA06101E00020A061A069002856
:102270007ED100BF6078C8B900BF29682A68B2F86B
:10228000502011442278022303EBC20201F580633F
:1022900003EB420000BF028848F2FF331A4002807D
:1022A000028842F40042028000BF13E060780128F7
:1022B00010D100BF28682A68B2F850201044227854
:1022C000022303EBC20200F5806303EB420100220C
:1022D0000A8000BF00BF00BF2968607810BB00BF44
:1022E0002B68D5F800C0BCF850C0634494F800C017
:1022F0004FF0060909EBCC0C03F5806909EB4C00A3
:1023000000BFB0F800C048F2FF390CEA090CA0F891
:1023100000C0B0F800C04CF4004CA0F800C000BFF2
:1023200011E0C0E0607801280DD12868B0F85000B5
:1023300001442078062303EBC00001F5806303EB22
:1023400040020020108000BF21782846FFF72FFEB2
:1023500008F48040002816D000BF00BF2278520049
:10236000296831F8121048F68F7201EA020000E085
:102370000AE040F4004141F4814123785B002A687F
:1023800022F8131000BFCAE108F48040A8B100BFD2
:1023900000BF22785200296831F8121048F68F7277
:1023A00001EA020040F4004141F4814223785B00DD
:1023B000296821F8132000BF00BF94F824000128E9
:1023C000E1D1606938446061E0693844E0612169C5
:1023D000206A884204D32669206A801B20620BE0B1
:1023E000206A20B93E46002084F8240004E0002042
:1023F00084F82400266A206200BF6078B8BB00BF62
:102400002A682968B1F850100A442178022303EBA6
:10241000C10102F5806303EB4101084600BF56B9D4
:10242000038848F2FF3C03EA0C030380038843F46B
:102430000043038019E03E2E0BD800BF710806F060
:10244000010303B1491C4FF6FF7303EA81230380A4
:102450000BE000BF710906F01F0303B9491E4FF4DA
:10246000004343EA8123038000BF00BF13E0FFE77E
:10247000607801280FD100BF28682A68B2F8502080
:1024800010442278022303EBC20200F5806303EBC1
:1024900042010E8000BF00BFB3B222896169286883
:1024A0000AF0E9FB3BE12868B0F85010207801EB16
:1024B000C000801D296801F5806131F81000C0F36B
:1024C0000907A069B84203D3A069C01BA06101E05D
:1024D0000020A061A06900287DD100BF6078C8B944
:1024E00000BF29682A68B2F85020114422780223DC
:1024F00003EBC20201F5806303EB420000BF0288D8
:1025000048F2FF331A400280028842F400420280FF
:1025100000BF13E06078012810D100BF28682A6846
:10252000B2F8502010442278022303EBC20200F5D7
:10253000806303EB420100220A8000BF00BF00BF9E
:102540002968607808BB00BF2B68D5F800C0BCF8CC
:1025500050C0634494F800C04FF0060909EBCC0C5E
:1025600003F5806909EB4C0000BFB0F800C048F2E9
:10257000FF390CEA090CA0F800C0B0F800C04CF418
:10258000004CA0F800C000BF10E0607801280DD119
:102590002868B0F8500001442078062303EBC000FF
:1025A00001F5806303EB40020020108000BF21781A
:1025B0002846FFF7FCFC08F48040002816D100BF35
:1025C00000BF22785200296831F8121048F68F7245
:1025D00001EA020000E00AE040F4004141F48141D8
:1025E00023785B002A6822F8131000BF97E008F4F4
:1025F0008040A8B900BF00BF22785200296831F896
:10260000121048F68F7201EA020040F4004141F4D2
:10261000814123785B002A6822F8131000BF00BFB5
:1026200094F8240001287AD1606938446061E06937
:102630003844E0612169206A884204D32669206A0F
:10264000801B20620BE0206A20B93E46002084F8FF
:10265000240004E0266A0020206284F8240000BFE1
:102660002A68607890BB00BFD5F800C02968B1F82F
:1026700050108C4421784FF0060909EBC1010CF58C
:10268000806909EB4101084600BF76B9B0F80090B7
:1026900048F2FF3A09EA0A09A0F80090B0F8009061
:1026A00049F40049A0F8009020E03E2E0FD800BF6A
:1026B000710806F00109B9F1000F00D0491C4FF66E
:1026C000FF7909EA8129A0F800900FE010E000BF2F
:1026D000710906F01F09B9F1000F00D1491E4FF42E
:1026E000004949EA8129A0F8009000BF00BF0FE02F
:1026F000607801280CD12868B0F850000244207896
:10270000062101EBC00002F5806101EB40031E8051
:1027100000BFB3B26289616928680AF0ACFA00BFF1
:1027200022785200296831F8121048F6BF7201EA87
:10273000020080F0100080F0200040F4004141F0E1
:10274000800123785B002A6822F8131000BF002064
:10275000BDE8F087024601F0070000EB800302F5B8
:10276000B47000EBC300C06970472DE9F04705461F
:102770000E4690461F464FF0000906F08000802864
:102780000AD106F0070000EB800105F1280000EBFC
:10279000C1040120607009E006F0070000EB800131
:1027A00005F5B47000EBC1040020607006F007006E
:1027B0002070C4F81080E770607808B12078E0815C
:1027C000022F01D10020207100BF95F8A802012836
:1027D00002D10220BDE8F087012085F8A80200BFE1
:1027E0002146286809F01CF800BF002085F8A802DF
:1027F00000BF4846EEE72DE9F04105460E46174674
:10280000984606F0070000EB800105F5B47000EB78
:10281000C1046761C4F818800020E061607006F0B0
:102820000700207006F0070020B92146286809F04B
:1028300018FC03E02146286809F013FC0020BDE8DD
:10284000F08170B504460D4605F0070061688842C6
:1028500001D9012070BD05F0800080280AD105F063
:10286000070000EB800104F1280000EBC106012005
:10287000707007E005EB850104F5B47000EBC1064C
:10288000002070700120B07005F00700307000BFAC
:1028900094F8A802012801D10220DBE7012084F886
:1028A000A80200BF3146206809F0ADFB05F0070023
:1028B00020B904F52C71206809F035FB00BF002019
:1028C00084F8A80200BF00BFC4E72DE9F041054627
:1028D0000E4690461F4606F0070000EB800105F10A
:1028E000280000EBC104C4F81480A761012084F81B
:1028F000240027620020E0610120607006F00700DC
:10290000207006F0070020B92146286809F0A9FBCD
:1029100003E02146286809F0A4FB0020BDE8F0810F
:102920007FB5044620680AF073F900F40040B0F562
:10293000004F02D1204604F065F820680AF068F9DB
:1029400000F48060B0F5806F0FD12068B0F84400CB
:102950004FF6FF3108402168A1F84400204600F0FE
:102960009FF90021204600F0BBF920680AF050F9D9
:1029700000F48040B0F5804F08D12068B0F84400E2
:102980004BF6FF7108402168A1F8440020680AF066
:102990003FF900F40050B0F5005F08D12068B0F8AE
:1029A00044004DF6FF7108402168A1F844002068FA
:1029B0000AF02EF900F48050B0F5805F1DD1206838
:1029C000B0F840004FF6FB7108402168A1F84000C4
:1029D0002068B0F840004FF6F77108402168A1F870
:1029E0004000204600F06EF92068B0F844004EF632
:1029F000FF7108402168A1F8440020680AF008F936
:102A000000F40060B0F5006F55D1002507E06900C3
:102A1000206830F811002DF81500681CC5B2082D8B
:102A2000F5D32068B0F8400040F001002168A1F81B
:102A300040002068B0F840004FF6FE710840216861
:102A4000A1F8400000BF2068B0F8440000F48060A6
:102A50000028F8D02068B0F844004FF6FF31084055
:102A60002168A1F84400002507E03DF815006A0040
:102A7000216821F81200681CC5B2082DF5D3206822
:102A8000B0F8400040F008002168A1F8400020683C
:102A9000B0F844004FF2FF7108402168A1F84400EB
:102AA0002068B0F8400040F004002168A1F8400020
:102AB000204600F057F920680AF0AAF800F40070E8
:102AC000B0F5007F0BD12068B0F844004FF6FF51FD
:102AD00008402168A1F84400204600F0FAF8206878
:102AE0000AF096F800F48070B0F5807F08D1206875
:102AF000B0F844004FF6FF6108402168A1F8440097
:102B00007FBD30B585B0044614B9012005B030BD95
:102B100094F8A90228B9002084F8A802204600F001
:102B20009DF8032084F8A902206809F0F2F9142224
:102B300004F110016846FDF707FB94E80F0009F067
:102B400095F820B1022084F8A9020120DEE70021D7
:102B500020680AF086F8002531E0012105EB8502A6
:102B600004F1280000EBC200417005EB850104F17F
:102B7000280000F8315005EB850100EBC100C5814C
:102B8000002105EB850204F1280000EBC200C170B2
:102B900005EB850204F1280000EBC200016105EBA2
:102BA000850204F1280000EBC200416105EB8502BB
:102BB00004F1280000EBC2008161681CC5B26068A6
:102BC000A842CAD800252AE0002105EB850204F5B9
:102BD000B47000EBC200417005EB850104F5B470E0
:102BE00000F83150002105EB850200EBC200C170F6
:102BF00005EB850204F5B47000EBC200016105EB42
:102C0000850204F5B47000EBC200416105EB85025A
:102C100004F5B47000EBC2008161681CC5B2606845
:102C2000A842D1D8142204F110016846FDF78CFAAD
:102C300094E80F0009F062F920B1022084F8A9029B
:102C4000012063E7002084F82400012084F8A90211
:102C5000206809F050F9002058E7000038B5044614
:102C60000D492068884215D100BF0C48C06940F466
:102C700000000A49C8610846C06900F400000090DD
:102C800000BF00BF002211461420FFF7F9F81420FE
:102C9000FFF7E6F838BD0000005C0040001002407D
:102CA00070B504460125A068022801D0FDF714FC88
:102CB0002946D4F8E80208F089FAD4F8E80208F0C6
:102CC0003BFA70BD10B50446D4F8E80208F062FA89
:102CD00010BD10B50446D4F8E80208F066FA10BD3D
:102CE00070B504460D4600BF94F8A802012801D132
:102CF000022070BD012084F8A80200BF84F824508F
:102D00002946206809F0B0FF00BF002084F8A8021F
:102D100000BF00BFEDE710B5044604F52C71D4F8F0
:102D2000E80208F06AFA10BD10B5044600BF94F836
:102D3000A802012801D1022010BD012084F8A802B8
:102D400000BF206809F052FF01212046FFF72EF94D
:102D5000206809F0CDF800BF002084F8A80200BF69
:102D600000BFE9E710B50446D4F8E80208F09EFA7F
:102D7000A06928B10348006840F0060001490860D6
:102D800010BD000010ED00E001200149086270470D
:102D900000000E422DE9F04385B006463BA30FCB61
:102DA00001AC0FC43DA0006800904FF00008002562
:102DB00000270024A146012E30D0022E55D0102E1F
:102DC0005ED137484468006800F0807000B301A805
:102DD000C4F38341475C04F4803070B130484068EC
:102DE000C0F340401DF8008004F4803040B12D480D
:102DF000B0FBF8F000FB07F502E02B4807FB00F5FD
:102E00002748406800F48000B0F5800F01D1A94642
:102E100003E068000321B0FBF1F932E02048046AC6
:102E200004F44070B0F5807F05D104F0020010B1C9
:102E30004FF4004918E004F44070B0F5007F07D16A
:102E40001748406A00F0020010B149F640490BE013
:102E500004F44070B0F5407F06D11148006800F4DA
:102E6000003008B14FF224490BE000F09BF90C4907
:102E70004968C1F38131491C4900B0FBF1F900E018
:102E800000BF00BF484605B0BDE8F083020304055B
:102E9000060708090A0B0C0D0E0F101001020000A6
:102EA0000010024000127A0000093D00F8B5044607
:102EB00000260025207800F0010000286BD00027B4
:102EC0004348C06900F0805070B900BF4048C069F5
:102ED00040F080503E49C8610846C06900F080500B
:102EE000009000BF00BF01273A48006800F48070DE
:102EF000B0B93848006840F4807036490860FEF781
:102F000077FB064606E0FEF773FB801B642801D9B9
:102F10000320F8BD2F48006800F480700028F2D02C
:102F20002B48006A00F440752DB3A08800F440706F
:102F3000A84220D02648006A20F440750120264986
:102F40000860002008602248056205F0010090B189
:102F5000FEF74EFB064608E0FEF74AFB801B41F2F7
:102F60008831884201D90320D3E71948006A00F06C
:102F700002000028F0D01648006A20F44070616812
:102F8000084313490862012F04D10846C06920F0A4
:102F90008050C86100BF207800F00200022807D1ED
:102FA0000B48406820F44040A16808430849486045
:102FB000207800F01000102807D10548406820F460
:102FC0008000E1680843024948600020A1E7000052
:102FD0000010024000700040400442427047000070
:102FE00070B504460D460CB9012070BD5A48006802
:102FF00000F00700A8420ED25748006820F00700F2
:103000002843554908600846006800F00700A842B8
:1030100001D00120E9E7207800F0020002281DD14C
:10302000207800F00400042805D14C48406840F4A2
:10303000E0604A494860207800F00800082805D17F
:103040004648406840F460504449486043484068FE
:1030500020F0F000A168084340494860207800F063
:10306000010078B36068012806D13C48006800F48C
:10307000003090B90120B8E76068022806D13748CF
:10308000006800F0007040B90120AEE733480068E6
:1030900000F0020008B90120A7E73048406820F09E
:1030A0000300616808432D494860FEF7A1FA06460F
:1030B00009E0FEF79DFA801B41F28831884202D96F
:1030C000032092E707E02548406800F00C006168A3
:1030D000B0EB810FEDD12048006800F00700A84256
:1030E0000ED91D48006820F0070028431A490860DF
:1030F0000846006800F00700A84201D0012074E7EC
:10310000207800F00400042807D11448406820F417
:10311000E060E168084311494860207800F0080049
:10312000082808D10D48406820F46050216940EA21
:10313000C1000A49486000F045F808494968C1F3F0
:103140000311074A515CC8400649086006480068F8
:10315000FEF736FE002048E7002002400010024043
:103160004C050108740100205C0100200120014988
:10317000C864704700004242014800687047000080
:103180007401002000B5FFF7F7FF04494968C1F357
:103190000221034A515CC84000BD000000100240FB
:1031A0005C05010800B5FFF7E7FF04494968C1F372
:1031B000C221034A515CC84000BD0000001002401B
:1031C0005C050108F0B585B00FF26C0C9CE8E010CE
:1031D00001A8A0E8E0101CA52D68009500210022A0
:1031E000002300240020194D696801F00C05F5B199
:1031F000042D02D0082D19D101E0154819E001ADC8
:10320000C1F38346AC5D01F4803555B10F4D6D6857
:10321000C5F340451DF805200D4D6543B5FBF2F3A0
:1032200002E00C4D04FB05F3184602E000BF08481D
:1032300000BF00BF05B0F0BD020304050607080982
:103240000A0B0C0D0E0F10100102000000100240BE
:1032500000127A0000093D0010B50648806800F0B1
:103260008000802804D1FFF7B9FE802001498872D0
:1032700010BD000000100240F8B504460CB9012052
:10328000F8BD207800F00100002878D0F8484068A8
:1032900000F00C0004280CD0F548406800F00C0049
:1032A000082811D1F248406800F48030B0F5803F22
:1032B0000AD1EF48006800F4003000285FD0606851
:1032C00000285CD10120DBE700BF6068B0F5803FDB
:1032D00006D1E748006840F48030E549086028E0FE
:1032E000606858B9E248006820F48030E04908601E
:1032F0000846006820F4802008601AE06068B0F595
:10330000A02F0BD1DA48006840F48020D84908602B
:103310000846006840F4803008600AE0D44800683D
:1033200020F48030D24908600846006820F48020EC
:10333000086000BF606888B1FEF75AF9054606E0EC
:10334000FEF756F9401B642801D9032098E7C848C6
:10335000006800F400300028F2D010E0FEF748F9D1
:10336000054606E0FEF744F9401B642801D9032016
:1033700086E7BF48006800F400300028F2D12078CA
:1033800000F00200022857D1B948406800F00C0054
:1033900050B1B748406800F00C00082818D1B44874
:1033A000406800F4803098B9B148006800F002002D
:1033B00020B12069012801D0012061E7AC480068F4
:1033C00020F0F800616940EAC100A949086033E0D3
:1033D0002069E8B10120A7490860FEF709F9054610
:1033E00006E0FEF705F9401B022801D9032047E754
:1033F0009F48006800F002000028F2D09C48006856
:1034000020F0F800616940EAC1009949086013E0C2
:10341000002098490860FEF7EBF8054606E0FEF745
:10342000E7F8401B022801D9032029E790480068EB
:1034300000F002000028F2D1207800F008000828EF
:103440002DD1A069B8B101208B490860FEF7D0F8F2
:10345000054606E0FEF7CCF8401B022801D9032000
:103460000EE78348406A00F002000028F2D00120F5
:1034700005F0A0FA13E000207F490860FEF7B8F8D5
:10348000054606E0FEF7B4F8401B022801D90320E8
:10349000F6E67748406A00F002000028F2D1207872
:1034A00000F00400042873D100277148C06900F0BF
:1034B000805070B900BF6E48C06940F080506C49C0
:1034C000C8610846C06900F08050009000BF00BF8E
:1034D00001276A48006800F48070B0B96748006846
:1034E00040F4807065490860FEF782F8054606E002
:1034F000FEF77EF8401B642801D90320C0E65F4830
:10350000006800F480700028F2D000BFE068012855
:1035100006D15748006A40F001005549086227E08B
:10352000E06858B95248006A20F00100504908622A
:103530000846006A20F00400086219E0E0680528E7
:103540000BD14B48006A40F0040049490862084624
:10355000006A40F0010008620AE04548006A20F075
:103560000100434908620846006A20F0040008622E
:1035700000BFE068A0B1FEF73BF8054609E0FEF7A2
:1035800037F8401B41F28831884202D9032077E6A0
:1035900022E03748006A00F002000028EFD012E075
:1035A000FEF726F8054608E0FEF722F8401B41F238
:1035B0008831884201D9032062E62D48006A00F074
:1035C00002000028F0D1012F05D12948C06920F060
:1035D00080502749C86100BFE069C8B324484068EB
:1035E00000F00C00082860D0E069022848D10020D3
:1035F00020490866FDF7FCFF054606E0FDF7F8FFE9
:10360000401B022801D903203AE61948006800F05F
:1036100000700028F2D1206AB0F5803F07D114482D
:10362000406820F40030A168084311494860D4E99B
:10363000080108430E49496821F4741108430C49F4
:10364000486001200B490866FDF7D2FF054607E0F8
:103650003DE0FDF7CDFF401B022801D903200FE616
:103660000348006800F000700028F2D02FE000004E
:1036700000100240000042428004424200700040BC
:10368000002014490866FDF7B3FF054606E0FDF784
:10369000AFFF401B022801D90320F1E50E48006866
:1036A00000F000700028F2D111E0E069012800D19B
:1036B000E6E50948466806F48031206A814204D173
:1036C00006F47011606A814201D00120D8E5002023
:1036D000D6E5000000004242001002402DE9F0470C
:1036E00080460E469246002500270024A14640460B
:1036F00005F0B9F981462548B9FBF0F42448006883
:10370000A04240D02248046040F2B2750EE0284644
:103710000AF0CAF8012806D1B4F5B77F02D3A4F5A0
:10372000B77402E005E0A4F26D146D1CB4F5B67F29
:10373000EDD800BF2F46A5F5FA60F070002515E022
:10374000012D09D138460AF0AFF8012804D11D2C0B
:1037500001D31D3C09E00BE00E48405DA04203D8B8
:103760000C48405D241A00E002E06D1C1C2CE7D2DE
:1037700000BF681C7070601CB070B2787178F0780F
:1037800005F08BF930700020BDE8F0878051010012
:1037900070010020400501082DE9F04707460C465E
:1037A00091460026B046002538684068C0F3800086
:1037B00010B10120BDE8F087384605F054F90646FF
:1037C0004FF46160B6FBF0F5B6FBF0F100FB116061
:1037D0003C21B0FBF1F060704FF46160B6FBF0F19A
:1037E00000FB11603C21B0FBF1F201FB1200A07064
:1037F0001820B5FBF0F100FB11502070182D08D3F4
:103800001820B5FBF0F8B5FBF0F100FB115020706B
:1038100000E025700020CDE770B5044600250CB906
:10382000012070BD607C20B900202074204600F08B
:103830005BF802206074204600F085F918B104207E
:1038400060740120EDE7204605F0D3F818B104209C
:1038500060740120E5E72068406820F007002168D7
:103860004860A06828B11F48006820F001001D4989
:1038700008601C48001F006820F46070A1680843BD
:103880001849091F08606068401C08B1656809E0B4
:103890000120FFF77FFA05461DB90420607401205E
:1038A000BFE76D1E2068806820F00F0040EA1540D9
:1038B000216888602068C06865F30F002168C860CF
:1038C000204605F0B3F818B1042060740120A8E781
:1038D0000021E17301216173A17301206074002054
:1038E0009FE70000306C004038B504460B49206863
:1038F000884212D1FFF748FA00BF0948C06940F07A
:1039000000600749C8610846C06900F00060009087
:1039100000BF00BF01200349086038BD00280040F7
:10392000001002403C0442422DE9F04F87B00646A9
:103930000F464FF0000900200690804600240590B5
:1039400004900390824600BF48A207CA8DE8070092
:10395000304605F088F881464FF46160B9FBF0F01D
:1039600006904FF46160B9FBF0F100FB11903C212F
:10397000B0FBF1F0C0B204904FF46160B9FBF0F11C
:1039800000FB11903C21B0FBF1F201FB120003900F
:1039900018210698B0FBF1F201FB12000590F878AF
:1039A00000F5FA6840F63300804500D9804640F2C1
:1039B000B270804500D2804640F2B2750AE02846D7
:1039C00009F072FF012802D12B48044401E02B4882
:1039D00004446D1C4545F2D397F801A0404609F018
:1039E00063FF012804D1BAF1020F01D9244804442D
:1039F000AAF1010A002507E01DF8050040F2A32105
:103A0000484304EBC0146D1C5545F5D397F802B03C
:103A1000ABF1010040F2A321484304EBC014059828
:103A2000C0EB4011C1EB002004EB00140498C0EB84
:103A3000001004EB80040398044400BF307C01288C
:103A400003D1022007B0BDE8F08F0120307400BF21
:103A5000022070742146304605F061F80120707430
:103A600000BF0020307400BF00BFEBE71F1C1F1E0B
:103A70001F1E1F1F1E1F1E1F0085E2018033E10154
:103A8000805101002DE9F05F04460D469046002666
:103A90000027B146B246204604F0E5FF07464FF442
:103AA0006160B7FBF0F9B9F1180F0AD31820B9FB20
:103AB000F0FA0AEB4A00C0004FF4616100FB01F725
:103AC00000E0002700BF207C012802D10220BDE8D1
:103AD000F09F0120207400BF02206074B8F1000F35
:103AE0000BD128784FF4616148436978C1EB01112B
:103AF00000EB8100A978461812E0287804F06EFFE8
:103B00004FF4616100FB01FB687804F067FFC0EBD4
:103B100000100BEB800BA87804F060FF0BEB0006A5
:103B20003E443146204604F0FAFF2068406820F009
:103B30000500216848600120607400BF00202074E7
:103B400000BF00BFC3E770B5044600250CB90120D3
:103B500070BD2068406820F0080021684860FDF7CB
:103B600047FD054607E0FDF743FD401BB0F57A7FB2
:103B700001D90320ECE72068406800F00800002825
:103B8000F1D00020E4E710B504460CB9012010BDC7
:103B9000606A38B96068B0F5827F00D105E0002125
:103BA000E16102E00021216161610021A16294F8DC
:103BB000510028B9002084F85000204600F042F857
:103BC000022084F851002068006820F0400021683D
:103BD0000860A08800F48270218901F40441084340
:103BE000A18901F400610843217C01F0020108432E
:103BF000217D01F001010843218B01F4007108438C
:103C0000217F01F0380108432021095D01F0800186
:103C10000843218D01F40051084321680860042104
:103C2000A06901EA1040216848602068C06920F45A
:103C300000602168C86100206065012084F851009F
:103C40000020A4E710B586B004460020029003903F
:103C5000049005903349206888422DD100BF324836
:103C6000806940F48050304988610846806900F4DA
:103C70008050019000BF00BF00BF0846806940F03F
:103C8000040088610846806900F00400019000BFCC
:103C900000BFA0200290022003900320059002A9FB
:103CA0002248FDF7FDFA4020029000200390049086
:103CB00002A91E48FDF7F4FA1D49206888422FD159
:103CC00000BF1948C06940F480401749C8610846E0
:103CD000C06900F48040019000BF00BF00BF0846EB
:103CE000806940F0080088610846806900F008009B
:103CF000019000BF00BF4FF42040029002200390CB
:103D00000320059002A90B48FDF7CAFA4FF4804042
:103D1000029000200390049002A90648FDF7C0FA23
:103D200006B010BD00300140001002400008014004
:103D300000380040000C01402DE9F84F0446884649
:103D400016461D464FF0000A00BF94F850000128A7
:103D500002D10220BDE8F88F012084F8500000BF96
:103D6000FDF746FC0746B14694F85100012802D001
:103D70004FF0020AADE0B8F1000F00D016B94FF0D5
:103D8000010AA6E0032084F8510000206065C4F811
:103D90003080A686E686A063A087E0876064206402
:103DA000A068B0F5004F0BD12068006820F04000FB
:103DB000216808602068006840F48040216808603D
:103DC0002068006800F04000402805D020680068A6
:103DD00040F0400021680860E068B0F5006F2FD126
:103DE000606810B1B9F1010F09D1206B008821681A
:103DF000C860206B801C2063E08E401EE0861BE0C4
:103E00002068806800F0020002280AD1206B008838
:103E10002168C860206B801C2063E08E401EE08615
:103E20000AE0FDF7E5FBC01BA84201D3681C00B9FE
:103E300015B94FF0030A4CE0E08E0028E0D12EE0E7
:103E4000606810B1B9F1010F09D1206B00782168C9
:103E50000873206B401C2063E08E401EE0861BE050
:103E60002068806800F0020002280AD1206B0078E8
:103E700021680873206B401C2063E08E401EE086A2
:103E80000AE0FDF7B5FBC01BA84201D3681C00B9CE
:103E900015B94FF0030A1CE0E08E0028E0D13A4645
:103EA0002946204605F036FB08B120206065A06851
:103EB00050B900BF002000902068C06800902068C2
:103EC0008068009000BF00BF606D08B14FF0010A2C
:103ED00000BF012084F8510000BF002084F850008A
:103EE00000BF504636E72DE9FF5F044688469146FD
:103EF0001D460E9E012002900020019000BF94F804
:103F00005000012803D1022004B0BDE8F09F012039
:103F100084F8500000BFFDF76BFB074694F851B0E2
:103F200060680390AA46BBF1010F0BD00398B0F56F
:103F3000827F04D1A06810B9BBF1040F02D0022027
:103F40000190DBE0B8F1000F03D0B9F1000F00D011
:103F500015B901200190D1E094F85100042802D055
:103F6000052084F8510000206065C4F83890E5878A
:103F7000A587C4F83080E586A58620646064206843
:103F8000006800F04000402805D02068006840F03C
:103F9000400021680860E068B0F5006F4AD16068B1
:103FA00010B1BAF1010F09D1206B00882168C860F7
:103FB000206B801C2063E08E401EE08633E020688A
:103FC000806800F00200022810D1E08E70B10298E3
:103FD00001280BD1206B00882168C860206B801CF1
:103FE0002063E08E401EE0860020029020688068FA
:103FF00000F0010068B1E08F58B12068C068A16B83
:104000000880A06B801CA063E08F401EE087012029
:104010000290FDF7EDFAC01BB04204D3701C10B142
:10402000032001906AE0E08E0028C8D1E08F0028CC
:10403000C5D14AE0606810B1BAF1010F09D1206B17
:10404000007821680873206B401C2063E08E401EBE
:10405000E08634E02068806800F00200022810D179
:10406000E08E70B1029801280BD1206B0078216896
:104070000873206B401C2063E08E401EE086002009
:1040800002902068806800F0010068B1E08F58B1AC
:104090002068C068A16B0870A06B401CA063E08F13
:1040A000401EE08701200290FDF7A2FAC01BB0423B
:1040B00001D3701C00B916B9032001901EE0E08EF8
:1040C0000028C7D1E08F0028C4D13A4631462046A7
:1040D00005F020FA20B101200190202060650DE05C
:1040E000A06850B900BF002000902068C068009010
:1040F00020688068009000BF00BF00BF012084F8E6
:10410000510000BF002084F8500000BF0198FBE67A
:1041100070B504462546681EB0F1807F01D30120AA
:104120000FE0681E4FF0E02148610F214FF0FF3093
:1041300009F022F900204FF0E02188610720086192
:10414000002070BD7047704730B502460B4600BF77
:1041500092F83C00012801D1022030BD012082F8F4
:104160003C0000BF022082F83D00106844681068DF
:10417000816824F070041868044310684460104D8E
:104180001068A8420BD01068B0F1804F07D00D4DD9
:104190001068A84203D00C4D1068A84205D121F048
:1041A00080015868014310688160012082F83D0059
:1041B00000BF002082F83C0000BF00BFCDE7000038
:1041C000002C0140000400400008004010B50446E7
:1041D0000CB9012010BD94F83D0028B9002084F8E6
:1041E0003C00204600F026F8022084F83D00211D06
:1041F000206805F023FF012084F8460000BF84F802
:104200003E0001213F20015540200155412001552C
:1042100000BF00BF012084F8420043200155442024
:1042200001554520015500BF012084F83D000020C4
:10423000D0E7000038B5044624492068884216D1EA
:1042400000BF2348C06940F002002149C861084608
:10425000C06900F00200009000BF00BF00221146BC
:104260001D20FDF70DFE1D20FDF7FAFD2CE0206856
:10427000B0F1804F16D100BF1548C06940F0010071
:104280001349C8610846C06900F00100009000BFF2
:1042900000BF022211461C20FDF7F2FD1C20FDF795
:1042A000DFFD11E00B49206888420DD100BF0848AE
:1042B000806940F40060064988610846806900F41E
:1042C0000060009000BF00BF38BD00000004004047
:1042D00000100240002C0140014691F83D000128E9
:1042E00001D001207047022081F83D00124B086880
:1042F00098420BD00868B0F1804F07D00F4B086888
:10430000984203D00E4B086898420CD10868806828
:1043100000F00702062A0CD00868006840F001008F
:104320000B68186005E00868006840F001000B6841
:1043300018600020D6E70000002C01400004004077
:10434000000800402DE9F04104460D4600BF94F8F6
:104350003C00012802D10220BDE8F081012084F850
:104360003C0000BF022084F83D002068866826F0EB
:10437000770626F47F46206886602868502833D068
:104380000CDC202850D004DC00284BD0102851D160
:1043900049E0302849D040284CD139E060282DD060
:1043A000702807D0B0F5805F03D0B0F5005F41D131
:1043B0000DE040E0D5E902136A68206805F078FE58
:1043C0002068866846F077062068866033E0D5E985
:1043D00002136A68206805F06BFE2068806840F46C
:1043E00080402168886026E0EA686968206805F0F6
:1043F00073FE5021206805F066FE1CE0EA686968DB
:10440000206805F07CFE6021206805F05CFE12E06B
:10441000EA686968206805F05FFE4021206805F0C1
:1044200052FE08E000BF00BF00BF2968206805F009
:104430004AFE00E000BF00BF012084F83D0000BF3D
:10444000002084F83C0000BF00BF85E7704710B52E
:10445000044620680069C0F34000D8B12068C068F5
:10446000C0F34000B0B16FF0020021680861012084
:1044700020772068806900F0030018B12046FFF71C
:10448000E5FF05E0204600F0ADF8204600F0ABF86F
:104490000020207720680069C0F38000D8B1206830
:1044A000C068C0F38000B0B16FF0040021680861FB
:1044B000022020772068806900F4407018B12046FF
:1044C000FFF7C4FF05E0204600F08CF8204600F01E
:1044D0008AF80020207720680069C0F3C000D8B1B6
:1044E0002068C068C0F3C000B0B16FF00800216858
:1044F0000861042020772068C06900F0030018B12B
:104500002046FFF7A3FF05E0204600F06BF82046A9
:1045100000F069F80020207720680069C0F30010DF
:10452000D8B12068C068C0F30010B0B16FF01000BF
:1045300021680861082020772068C06900F4407075
:1045400018B12046FFF782FF05E0204600F04AF848
:10455000204600F048F8002020772068006900F02D
:10456000010058B12068C06800F0010030B16FF060
:10457000010021680861204600F036F820680069D3
:10458000C0F3C01058B12068C068C0F3C01030B18B
:104590006FF08000216808612046FFF7D3FD206896
:1045A0000069C0F3801058B12068C068C0F3801063
:1045B00030B16FF0400021680861204600F020F81B
:1045C00020680069C0F3401058B12068C068C0F38B
:1045D000401030B16FF02000216808612046FFF7DD
:1045E000B2FD10BD7047704710B5044603492068FE
:1045F000884201D105F0B2FB10BD0000000400406C
:1046000070477047704700002DE9F84F0446206856
:1046100005682068C668206847694FF00009CA46E7
:1046200005F00F09B9F1000F0AD105F0200038B1EB
:1046300006F0200020B1204605F0AAFDBDE8F88F65
:10464000B9F1000F71D007F0010018B906F49070AD
:1046500000286AD005F0010030B106F4807018B16E
:10466000206C40F00100206405F0040030B107F038
:10467000010018B1206C40F00200206405F0020037
:1046800030B107F0010018B1206C40F00400206444
:1046900005F0080048B106F0200010B907F001004D
:1046A00018B1206C40F008002064206C68B305F05D
:1046B000200028B106F0200010B1204605F068FD6A
:1046C00020684069C0F3801A206C00F0080010B91F
:1046D000BAF1000F22D0204605F02FFD2068406976
:1046E00000F04000B0B12068406920F0400021682F
:1046F0004861A06B50B15648A16B4863A06BFCF7B2
:1047000091FC10B1A06B416B88470CE02046FFF78D
:1047100079FF08E02046FFF775FF04E02046FFF729
:1047200071FF0020206489E7FFE7206B012878D122
:1047300005F01000002874D006F01000002870D09A
:1047400000BF00200090206800680090206840684A
:10475000009000BF00BF2068406900F04000C0B377
:10476000A06B006840681FFA80F8B8F1000F2FD0E6
:10477000A08D40452CDDA4F82E80A06B80692028F8
:104780001FD02068C06820F480702168C86020684D
:10479000406920F00100216848612068406920F0EC
:1047A000400021684861202084F83E0000202063FA
:1047B0002068C06820F010002168C860A06BFCF77A
:1047C00005FCA08DE28D801A81B22046FFF719FF0B
:1047D00034E7FFE7A08DE18D401A1FFA80F8E08DE5
:1047E000E8B1B8F1000F1AD02068C06820F49070CA
:1047F0002168C8602068406920F001002168486194
:10480000202084F83E00002020632068C06820F04B
:1048100010002168C86041462046FFF7F2FE0DE710
:10482000FFE705F0800030B106F0800018B12046A7
:1048300005F09EFD02E705F0400030B106F04000B3
:1048400018B1204605F094FCF8E600BFF6E600003B
:1048500027A1000810B504460CB9012010BDA069BD
:1048600000B100E000BF94F83D0028B9002084F8B2
:104870003C00204600F028F8242084F83D00206801
:10488000C06820F400502168C860204605F0F2FCA2
:104890002068006920F49040216808612068406920
:1048A00020F02A00216848612068C06840F4005068
:1048B0002168C86000202064202084F83D0084F82E
:1048C0003E000020CAE7000010B586B00446002074
:1048D00002900390049005905D49206888423FD182
:1048E00000BF5C48806940F480405A4988610846AE
:1048F000806900F48040019000BF00BF00BF0846FF
:10490000806940F0080088610846806900F008006E
:10491000019000BF00BF40200290022003900320BE
:10492000059002A94C48FCF7BBFC802002900020B7
:104930000390049002A94848FCF7B2FC00BF474925
:10494000486840F0E06040F00400486000BF00228A
:1049500011462520FDF794FA2520FDF781FA75E030
:104960003F492068884236D100BF3A48C06940F4C8
:1049700000303849C8610846C06900F40030019031
:1049800000BF00BF00BF0846806940F00400886196
:104990000846806900F00400019000BF00BF0420B9
:1049A0000290022003900320059002A92D48FCF7F5
:1049B00077FC0820029000200390049002A9294867
:1049C000FCF76EFC002211462620FDF759FA26203E
:1049D000FDF746FA3AE024492068884236D100BF04
:1049E0001C48C06940F480201A49C8610846C06963
:1049F00000F48020019000BF00BF00BF084680691E
:104A000040F0080088610846806900F008000190C5
:104A100000BF00BF081502900220039003200590FC
:104A200002A90D48FCF73CFC4FF400600290002006
:104A30000390049002A90848FCF732FC00221146BA
:104A40002720FDF71DFA2720FDF70AFA06B010BD52
:104A50000038014000100240000C014000000140FD
:104A600000440040000801400048004070472DE924
:104A7000F84F04460E46174699464FF0000A94F840
:104A80003D0020285AD106B117B90120BDE8F88FA2
:104A900000BF94F83C00012801D10220F6E7012074
:104AA00084F83C0000BF00202064212084F83D00F1
:104AB000FCF79EFD8246A784E784A068B0F5805F7E
:104AC00004D1206910B90025B04602E035464FF008
:104AD000000800BF002084F83C0000BF1BE05346E4
:104AE000002280212046CDF8009005F071FC08B12D
:104AF0000320CBE745B9B8F80000C0F308002168EF
:104B0000486008F1020803E02878216848606D1CBD
:104B1000E08C401EE084E08C0028E0D15346002267
:104B200040212046CDF8009005F052FC08B103204A
:104B3000ACE7202084F83D000020A7E70220A5E78D
:104B40007047000002E002A00AF06EFDFBE70000E3
:104B50007B22526563697665223A7B2253746174C5
:104B60007573223A37307D7D0A00000001460868DF
:104B70004069C0F38020B0B16FF480600A68506172
:104B800000200863202081F83D00002081F83E00CD
:104B9000086C40F00400086400BF002081F83C006D
:104BA00000BF012070470020FCE700002DE9F8431A
:104BB00004460D4690461E46E76A2068006840F4A9
:104BC000806021680860082F04D0012F02D017F5FB
:104BD000803F06D12068006840F48070216808603A
:104BE00008E0206B112805D12068006840F480702F
:104BF00021680860434600224FF0011120460096CC
:104C000000F0FEF860B12068006800F48070B0F534
:104C1000807F02D14FF4007020640320BDE8F88348
:104C20002069B0F5804F05D1E8B240F0010021685D
:104C3000086149E005F44070F02141EAE010216884
:104C40000861334642462649204600F021F908B162
:104C50000120E3E7E8B22168086133464246204973
:104C6000891F204600F014F908B10120D6E700BFE3
:104C700000200090206840690090206880690090C2
:104C800000BF00BF2068006840F4807021680860A1
:104C9000434600224FF001112046009600F0B0F884
:104CA00058B12068006800F48070B0F5807F02D1B0
:104CB0004FF4007020640320B0E705F44070F12148
:104CC00041EAE01021680861334642460449891FE1
:104CD000204600F0DDF808B101209FE700209DE7A5
:104CE000080001002DE9F84304460D461746984692
:104CF000E66A082E04D0012E02D016F5803F06D1B8
:104D00002068006840F480702168086008E0206B2B
:104D1000122805D12068006840F48070216808607E
:104D20003B4600224FF001112046CDF8008000F0F4
:104D300067F860B12068006800F48070B0F5807F8B
:104D400002D14FF4007020640320BDE8F88320698D
:104D5000B0F5804F04D105F0FE002168086112E033
:104D600005F44070F02141EAE010216808614346F3
:104D70003A460B49204600F08BF808B10120E4E7E1
:104D8000E8B22168086143463A460549891F204632
:104D900000F07EF808B10120D7E70020D5E7000039
:104DA0000800010070B504460D46164620E0204676
:104DB000FFF7DCFE08B1012070BD681CC0B1FCF734
:104DC00017FC801BA84200D895B900202063202042
:104DD00084F83D00002084F83E00206C40F0200064
:104DE000206400BF002084F83C0000BF0120E3E7FE
:104DF00020684069C0F380000028D8D00020DBE79D
:104E00002DE9F04704460D4617461E46DDF8208082
:104E10004FF000091FE0701CE8B109F10109FCF72F
:104E2000E7FBA0EB0800B04200D8A6B90020206341
:104E3000202084F83D00002084F83E00206C40F0E3
:104E40002000206400BF002084F83C0000BF8146A1
:104E50000120BDE8F087C5F3074001280AD120688A
:104E60004069A9B20840A9B2884201D101200BE0F3
:104E7000002009E020688069A9B20840A9B28842F0
:104E800001D1012000E00020B842C4D00020E0E7BA
:104E90002DE9F04104460D4616461F463DE02068C8
:104EA0004069C0F38020E8B12068006840F40070D9
:104EB000216808606FF480602168486100202063E9
:104EC000202084F83D00002084F83E00206C40F053
:104ED0000400206400BF002084F83C0000BF0120D3
:104EE000BDE8F081701CC0B1FCF782FBC01BB04272
:104EF00000D896B900202063202084F83D000020CF
:104F000084F83E00206C40F02000206400BF0020A8
:104F100084F83C0000BF0120E2E7C5F30740012808
:104F20000AD120684069A9B20840A9B2884201D1DB
:104F300001200BE0002009E020688069A9B2084048
:104F4000A9B2884201D1012000E000200028A6D0AB
:104F50000020C5E770B504460D46164632E02068CD
:104F60004069C0F30010A0B16FF0100021684861E3
:104F700000202063202084F83D00002084F83E00BB
:104F8000206C206400BF002084F83C0000BF01209A
:104F900070BDFCF72DFB801BA84200D895B90020FE
:104FA0002063202084F83D00002084F83E00206C1F
:104FB00040F02000206400BF002084F83C0000BFC7
:104FC0000120E5E720684069C0F380100028C6D0C2
:104FD0000020DDE770B504460D46164620E0204669
:104FE000FFF7C4FD08B1012070BD681CC0B1FCF71B
:104FF000FFFA801BA84200D895B90020206320202A
:1050000084F83D00002084F83E00206C40F0200031
:10501000206400BF002084F83C0000BF0120E3E7CB
:1050200020684069C0F3C0100028D8D00020DBE71A
:1050300030B59FB004460D467022424903A8FBF7E5
:1050400083F841480068401C10B901201FB030BDF2
:105050003E48007838B93D48407820B93B488078D0
:1050600008B90120F2E7332D4FD006DC102D0BD00C
:10507000122D57D0142D62D120E0352D2BD0372D95
:105080000FD0392D5BD133E003A86021A300CDE917
:1050900000102D4802782D492D4801F0F1FFC0B2D3
:1050A000D4E707A86121A300CDE9001026480278C3
:1050B0002649274801F0E4FFC0B2C7E70BA86021EA
:1050C000A300CDE90010204802782049204801F0D3
:1050D000D7FFC0B2BAE70FA86121A300CDE9001045
:1050E0001948027819491A4801F0CAFFC0B2ADE761
:1050F00013A86121A300CDE90010134802781349D9
:10510000134801F0BDFFC0B2A0E717A86121A300BA
:10511000CDE900100C4802780C490D4801F0B0FFB1
:10512000C0B293E71BA86021A300CDE90010064898
:1051300002780649064801F0A3FFC0B286E70120C5
:1051400084E700006405010894000020D0250020B9
:105150003C0D002070B504460D4622462946024803
:1051600001F0D0FFC0B270BD3C0D00207FB50646F7
:105170000C46324669462A4801F0C4FF10B10120AE
:1051800004B070BD00250BE01DF8051005F1080006
:105190001DF80000814201D00120F1E7681CC5B272
:1051A000042DF1DB00250CE0281D1DF800001DF882
:1051B000051081F0FF01884201D00120E0E7681C62
:1051C000C5B2042DF0DB9DF80C0050B99DF80D0020
:1051D000FF2806D19DF80E0018B99DF80F00FF2892
:1051E00001D00120CCE79DF8030020602068000278
:1051F00020609DF8021020680844206020680002AA
:1052000020609DF80110206808442060206800029A
:1052100020609DF800102068084420600020AFE75F
:105220003C0D002070B504463223002221460D4873
:1052300002F018F80C49086008460068401C30B9B4
:105240000020E070A07060702070012070BD00250B
:1052500004E0605D05494855681CC5B2042DF8DBC3
:105260000020F3E73C0D002094000020D025002012
:1052700070B504460D4622462946024801F070FFEB
:10528000C0B270BD3C0D002030B585B005460C465F
:105290002DA000680490E0B28DF81000200A8DF86F
:1052A0001100200C8DF81200200E8DF813009DF8CF
:1052B00010008DF800009DF811008DF801009DF898
:1052C00012008DF802009DF813008DF803009DF880
:1052D000100080F0FF008DF804009DF8110080F0B0
:1052E000FF008DF805009DF8120080F0FF008DF89A
:1052F00006009DF8130080F0FF008DF807009DF870
:1053000010008DF808009DF811008DF809009DF837
:1053100012008DF80A009DF813008DF80B00002094
:105320008DF80C00FF208DF80D0000208DF80E0088
:10533000FF208DF80F002A466946044801F010FF4F
:10534000C0B205B030BD0000010000003C0D0020DF
:1053500010B513480068401C1149086008460068F1
:1053600047F2BD11884202D10EA00AF05DF90C4847
:10537000006847F2C71188420AD90020084908602E
:105380000E480068401C0D4908600DA00AF04CF959
:105390000A480068022802D300200849086010BDAE
:1053A000000000207B224D656D223A7B2253746100
:1053B000747573223A327D7D0A00000004000020DB
:1053C0007B224D656D223A7B225374617475732282
:1053D0003A317D7D0A0000002DE9FF4FB9B00F463C
:1053E00090464FF0C80A0020249023900024002506
:1053F0003595FE48007801280BD1FD490D70280A2B
:105400004870280C8870280EC870AB200871CD2019
:105410004871FCF7EDF8269025904FF0000A002027
:10542000F4490860F6E24AF6AA20F34909680860E0
:10543000F0480068B8B1F1480078632803D0EF481D
:10544000007843280AD1EEA00AF0EEF80020F949CE
:105450000860E84908603DB0BDE8F08F0020F549DC
:105460000860E4490860FCF7C3F82699401A44F63E
:105470002061884206D94FF0010AEFA00AF0D4F863
:105480000120E8E7FCF7B4F82599401A40F6B83156
:10549000884202D3FCF7ACF8259036A8FFF7C2FE8D
:1054A00020B136A8FFF7BEFE00B1B3E21021002004
:1054B000FFF7BEFD00B1ADE22DA90120FFF74AFEC6
:1054C00000B1A7E29DF8B40029909DF8B500299994
:1054D00001EB002029909DF8B6909DF8B70009EBEC
:1054E00000299DF8B80009EB00499DF8B90009EBC7
:1054F0000069299800F40040B0F5004F0CD12998BC
:10550000C0F30E00299046F6292129984840299099
:105510004BF2A62089EA000937210520FFF788FD14
:1055200070B136A8FFF77EFE20B136A8FFF77AFEED
:1055300000B16FE237210520FFF77AFD00B169E283
:105540002DA91620FFF706FEC8B137210520FFF769
:105550006FFD70B136A8FFF765FE20B136A8FFF7E2
:1055600061FE00B156E237210520FFF761FD00B171
:1055700050E22DA91620FFF7EDFD00B14AE29DF89B
:10558000B50028902898000228909DF8B41028981B
:105590000844289039210420FFF74AFD70B136A84D
:1055A000FFF740FE20B136A8FFF73CFE00B131E224
:1055B00039210420FFF73CFD00B12BE2A34800781D
:1055C000012830D100262DA91220FFF7C3FD00B11C
:1055D00020E29DF8B800AB2812D19DF8B900CD2883
:1055E0000ED19DF8B76036029DF8B600064436022B
:1055F0009DF8B500064436029DF8B4000644359681
:105600009DF8B400FF280CD19DF8B500FF2808D103
:105610009DF8B600FF2804D19DF8B700FF2800D1FF
:10562000002608EB06052DA91120FFF793FDC8B150
:1056300039210420FFF7FCFC70B136A8FFF7F2FD1A
:1056400020B136A8FFF7EEFD00B1E3E139210420D7
:10565000FFF7EEFC00B1DDE12DA91120FFF77AFD87
:1056600000B1D7E14FF0000B002005E02DA9095C47
:1056700081EA0B0B411CC8B20F28F7DB9DF8C30071
:1056800058450FD19DF8B4002A909DF8B5102A987E
:1056900000EB0120C0B22A902A98162802D10025DA
:1056A0004FF000086A48007860B951490D70280A27
:1056B0004870280C8870280EC870AB200871CD2067
:1056C00048710DE000254A480570280A484948708D
:1056D000280C8870280EC870AB200871CD20487146
:1056E000399827905B48007818B15B48006829908A
:1056F00001E0299829903C9822902BA92CA822AA55
:1057000023ABCDE90432CDE9060124A853490A6848
:1057100053490968534B1B68CDE90031CDE902209C
:105720004B490978491CC8B23B4629AA27A900F071
:105730001BFC824647480078002855D04A4800683C
:105740002399CDE9057804910790249927988DE84D
:1057500063004148524645490368454807F0F0FD5B
:10576000434809F061FF4048006842490860082248
:105770002046611CCCB209A90A542798C2B220461F
:10578000611CCCB209A90A542798C0F3072220460D
:10579000611CCCB209A90A542798C0F307422046DD
:1057A000611CCCB209A90A542798000E2146621C3C
:1057B000D4B209AA50542998C2B22046611CCCB276
:1057C00009A90A542998C0F307222046611CCCB2CB
:1057D00009A90A542998C0F307422046611CCCB29B
:1057E00009A90A54299847E013E100005F0000204E
:1057F000C021002018000020540D00206807002060
:105800007B2252656365697665223A7B2253746117
:10581000747573223A32367D2C2243223A7B22540D
:10582000797065223A2243616E73656C227D7D0A30
:10583000000000000C0000207B2243223A7B225310
:105840007461747573223A317D7D0A00A1020020D3
:105850008D0200206000002054000020380000204D
:105860003400002030000020E0000020D4070108B0
:10587000E4030020E4000020000E2146621CD4B2A4
:1058800009AA50542046611CCCB209A901F800A015
:105890006248427B2046611CCCB209A90A54249874
:1058A000C2B22046611CCCB209A90A542498C0F3A4
:1058B00007222046611CCCB209A90A542498C0F3DF
:1058C00007422046611CCCB209A90A542498020E52
:1058D0002046611CCCB209A90A542398C2B22046C2
:1058E000611CCCB209A90A542398C0F307222046B0
:1058F000611CCCB209A90A542398C0F30742204680
:10590000611CCCB209A90A542398020E2046611CDE
:10591000CCB209A90A542046611CCCB209A901F8ED
:105920000080C8F307222046611CCCB209A90A54A2
:10593000C8F307422046611CCCB209A90A544FEAB9
:1059400018602146621CD4B209AA50542046611C3A
:10595000CCB209A90F54C7F307222046611CCCB270
:1059600009A90A54C7F307422046611CCCB209A911
:105970000A543A0E2046611CCCB209A90A542046AA
:10598000611CCCB209A90D54C5F307222046611C45
:10599000CCB209A90A54C5F307422046611CCCB217
:1059A00009A90A54280E2146621CD4B209AA5054EF
:1059B0001B4802782046611CCCB209A90A54194838
:1059C00002782046611CCCB209A90A541648027814
:1059D0002046611CCCB209A90A541448027820461A
:1059E000611CCCB209A90A54114802782046611CF6
:1059F000CCB209A90A5403F077FE4EF6167188421C
:105A000005D1214609A804F03DF904F0FFF8012072
:105A100021E500E007E500BF50461CE5D02100204D
:105A2000500000204A0000204B0000204C000020C5
:105A30004D000020002001E0411CC8B20128FBDB22
:105A400070470870020A4A70020C8A70020ECA700F
:105A5000704730B50B46002100BF16E00A24B4EBB6
:105A6000107F05D9302404EB107403F8114005E0D1
:105A7000412404EB10740A3C03F811400001002596
:105A80004C00641C1D554C1CE1B29142E6DB30BD5C
:105A900070B504460D4616464AF6AA200449096820
:105AA0000860AAB22146304603F0CAFD70BD00006E
:105AB000540D0020FEB5002500266A460B214FF448
:105AC0000120FFF7E5FF69461C48FAF7E7FB01A94B
:105AD0001B48FAF7E3FB00BF002404E01DF80400B4
:105AE000284485B2641C092CF8D39DF809109DF850
:105AF0000A0001EB0020A84204D000200F490860F2
:105B00000F4908609DF80800082804D000200B49C0
:105B100008600B4908600948006847F2C7118842CD
:105B200002D900200549086005480068022802D310
:105B300000200349086004F069F8FEBD0000002061
:105B40000400002010B5034801F093FA014801F069
:105B5000E7FB10BD3C0D002000B585B00020019092
:105B600002900390049000BF4B48806940F0100001
:105B7000494988610846806900F01000009000BF24
:105B800000BF00BF0846806940F0200088610846D9
:105B9000806900F02000009000BF00BF00BF0846F1
:105BA000806940F0040088610846806900F00400C4
:105BB000009000BF00BF00BF0846806940F00800A9
:105BC00088610846806900F00800009000BF00BFAF
:105BD00000224FF4E2613148FBF704FD002201216D
:105BE0002F48FBF7FFFC4FF4E26001900120029088
:105BF000002003900320049001A92848FBF750FBE4
:105C0000012001900290002003900220049001A93D
:105C10002348FBF745FB0122D1032048FBF7E2FCB8
:105C20004FF40040019001200290002003900320D7
:105C3000049001A91948FBF733FB012210211848F1
:105C4000FBF7D0FC1020019001200290039003206C
:105C5000049001A91248FBF723FB012210211048F0
:105C6000FBF7C0FC012211030D48FBF7BBFC4FF40E
:105C700080500190012002900020039003200490A6
:105C800001A90748FBF70CFB012211030448FBF7AD
:105C9000A9FC05B000BD0000001002400008014052
:105CA000000C014010B50C480C4908600C484860D5
:105CB00000210A4881609021C1604FF48041016158
:105CC000002141618161C1610162FBF797FC08B16C
:105CD000FAF702FC10BD000000540040600D0020E7
:105CE000801A060010B5074807490860062048607A
:105CF00040F6FF7104488160FCF712F808B1FAF72A
:105D0000EBFB10BD00300040540D00201CB50020FE
:105D1000019000900748084908604FF0FF30486044
:105D20004FF4807104488160FDF776FD08B1FAF701
:105D3000D3FB1CBD00280040B40D002010B50E4858
:105D40000E4908604FF48270486000210B48816062
:105D5000C160016141614FF4007181610021016204
:105D600041624FF4005181620921C162FDF70BFFCE
:105D700008B1FAF7B1FB10BD00300140C80D00209A
:105D800010B50F480F4908604FF482704860002139
:105D90000C488160C1600221016101214161490219
:105DA00081610821C16100210162416281620A2191
:105DB000C162FDF7E8FE08B1FAF78EFB10BD0000E6
:105DC00000380040200E002000B587B0002003906E
:105DD00004900590069001900290144814490860C0
:105DE00040F2DB5048600021114881600121C16010
:105DF000002101618161FEF7E9F908B1FAF76CFB56
:105E00004FF48050039003A90948FEF79BFA08B1AC
:105E1000FAF762FB00200190029001A90448FEF706
:105E200093F908B1FAF758FB07B000BD0004004031
:105E3000780E002010B5094809490860002108487B
:105E40008160C16001610C21416100218161C161FA
:105E5000FEF700FD08B1FAF73FFB10BD0038014026
:105E6000C00E002010B50B480B4908604FF4964057
:105E70004860002108488160C16001610C214161D6
:105E800000218161C161FEF7E5FC08B1FAF724FB4E
:105E900010BD000000440040040F002010B50B4866
:105EA0000B4908604FF49640486000210848816023
:105EB000C16001610C21416100218161C161FEF776
:105EC000C9FC08B1FAF708FB10BD0000004800400B
:105ED000480F00201FB50020009001900290039011
:105EE0004FF4805000900120019002200290032086
:105EF000039069461448FBF7D3F900224FF4805110
:105F00001148FBF76FFB6420FBF7E4F800220F4910
:105F10000F4804F068FF08B1FAF7DEFA0D490C48A3
:105F200005F0FAF908B1FAF7D7FA0B49084804F076
:105F300000FC08B1FAF7D0FA054805F0B7FA08B145
:105F4000FAF7CAFA1FBD000000080140F000002067
:105F50008C0F0020880100204801002000BFFEE7D0
:105F6000FDF77AF900BFFEE72DE9FF4F8FB08246BB
:105F70001F460026B34600200D900090F848007898
:105F8000012811D0022802D0032827D119E00520CA
:105F9000F44908701520F44908703720F349087057
:105FA0002020F349087026E00420EE4908701020F4
:105FB000ED4908703920ED4908700020EC4908705F
:105FC00019E00520E74908701520E74908703720D7
:105FD000E64908704020E64908700CE00520E149D8
:105FE00008701420E04908703720E049087000204C
:105FF000DF49087000BF00BF0020DE4908700021A3
:106000001F980160209801602E25C7E00AA8FFF7BD
:1060100009F928B10AA8FFF705F908B1761CBDE017
:106020004AF6AA20D44909680860761C002405E0D5
:106030000AA8005DD1490855601CC4B2042CF7DBE6
:1060400000F0A0FA81460D98072803DDFF2013B069
:10605000BDE8F08FB9F1000F0ED0B9F1040F03D0F5
:10606000B9F10B0F07D101E00E20F0E70D98401CAD
:10607000C0B20D9092E091E01098006838B1BF482E
:10608000416810980068814201D00920DFE7BB48D1
:1060900081681198006881420BD0B84881681198D6
:1060A0000160B6488068FB2801D10B20CFE70A20A9
:1060B000CDE7B248816811980160AC480178A948E1
:1060C0000078FEF7B5FF00B168E002A9A6480078A5
:1060D000FFF740F800B161E09DF809000E900E98BE
:1060E00000020E909DF808100E9808440E90A348E8
:1060F000417B22980170A1480169219801609F4865
:10610000017B23980170002544E000240CE09B48AB
:10611000005D05EB05119A4A02EB8101095D884299
:1061200000D003E0601CC4B2042CF0DB00BF042CE0
:106130002EDB05EB0510924901EB8000407D05EB5D
:1061400005118F4A02EB8101097DC1EB011100EBC2
:1061500081008C490978C1EB01118B4A127802EB5E
:106160008101081A01900198002802DA0198404242
:10617000019001980A280ADA4FF0010B05EB05108F
:106180007F4A02EB800144227C48F9F7DDFF03E0FF
:10619000681CC5B2052DB8DB00BF02E08C2EFFF4F1
:1061A00035AF00BF8C2E01D3012050E7BBF1000FAB
:1061B00079D17648007808B14FF0520A6F48C1692A
:1061C0001F9801606D48C169209801606B48C069E3
:1061D0006A4908620846876180F80DA0694800781E
:1061E00008756948007848751E9808610846007B64
:1061F0000D2801DD00200873BAF1130F01D14FF013
:10620000020A634890F80080407808EB0028604854
:10621000807808EB00485E48C07808EB00680AF018
:106220000F00012802D0022848D10FE05348C0696E
:10623000384400901D990098884201D9032006E750
:106240004E48C06938444D49C86139E04B48C0697F
:1062500050490978012901D1414600E00021084454
:10626000C01B00904548C169209801601C990098A6
:10627000884201D20320EAE600BF1D9900988842B7
:1062800001D90320E3E63D48C069B8420CD2414839
:10629000007848B13948C069381AA8EB00080020D6
:1062A0003649C86105E01EE03448C069C01B334967
:1062B000C8613248C1691F98016001E00520C6E647
:1062C00000BF334981F800804FEA182048704FEA38
:1062D000184088704FEA1860C870AB200871CD2054
:1062E000487100F0E7F8002659E00AA8FEF79AFF87
:1062F00028B10AA8FEF796FF08B1761C4FE09DF87A
:10630000280050B99DF8290038B99DF82A0020B915
:106310009DF82B0008B9761C41E0002408E01748DE
:10632000005D0AA9095D884200D003E0601CC4B288
:10633000042CF4DB00BF042C07DABBF1000F01D101
:10634000042084E64FF0040B2BE0761C00F0E2F909
:106350008146B9F1000F1FDD4FF0010B1FE0000077
:10636000A10200209D0200209E0200209F0200202A
:10637000A0020020A8020020540D0020D0210020FF
:106380009C2200204C0000204D0000209C02002098
:10639000C0210020EC0000204FF0000B01E08C2E0B
:1063A000A3D300BF1098006808B94FF0010B2A482A
:1063B000C1691F980160BBF1000F2FD0002409E0D4
:1063C00004EB0410254901EB8000406800B903E0AC
:1063D000601CC4B2052CF3DB00BF052C00DB0024DD
:1063E000B9F1020F08DC04EB04111C4A02EB810036
:1063F00044221949F9F7A8FEBBF1040F01D104208A
:1064000025E6B9F1020F01DC002005E0BAF1010F29
:1064100001D1652000E064200D3018E68C2E03D3F6
:106420000BF10C00C0B212E6002511E00A484068EA
:1064300005EB0511094A02EB81014968884205D143
:1064400005EB051102EB8100FAF724F8681CC5B2D0
:10645000052DEBDB0020FAE5D02100209C22002056
:1064600001460E2924D2DFE801F007090B0D0F11B8
:10647000131517191B1D1F21192070471A20FCE73F
:106480001C20FAE71D20F8E71E20F6E72020F4E79D
:106490002120F2E72220F0E72420EEE72520ECE798
:1064A0002620EAE72820E8E72920E6E72A20E4E793
:1064B0002420E2E72C4800782C4B83F834002A484B
:1064C00000780312294880F8353090F8203080F8A1
:1064D0003630008C030A254880F83730006A030CF8
:1064E000224880F83830437B80F8393020480378E0
:1064F0002048007863F31F10C3B21C4880F83A307C
:106500001D480378194880F83B30037F80F83C3001
:10651000808B030A154880F83D30C069030C13488E
:1065200080F83E30037C80F83F30008A030A0F4831
:1065300080F84030114803780C4880F8413010480A
:1065400003780A4880F842300022002105E007481D
:106550003430405C4240481CC1B20F29F7DB03488D
:1065600080F84320002070474E000020D0210020FA
:10657000500000204A0000204B0000204C0000206A
:106580004D00002030B589B010210020FEF750FDED
:1065900010B1012009B030BD01A90120FEF7DAFDDC
:1065A00008B10220F6E79DF80500544988600846C6
:1065B000806800028860084680689DF804100844DE
:1065C0004E4988609DF8090048600846406800020E
:1065D0004860084640689DF80810084447494860EC
:1065E0000846406800024860084640689DF8071069
:1065F000084442494860084640680002486008462E
:1066000040689DF8061008443C49486008460089E7
:1066100000F40040B0F5004F12D108460089C0F3E5
:106620000E0088600846806846F6292148403349B4
:106630008860084640684BF2A62148402F494860D0
:106640002E4840682E49086014210620FEF7F0FC11
:1066500008B10A209EE769461820FEF787FD08B1B9
:106660000B2097E7254900980873009810B90D2072
:10667000009002E00098401E00904AF6AA202149AE
:10668000096808600099C8B2FFF7EAFE0446E117FE
:1066900004EB917188103521FEF7CAFC08B10D207A
:1066A00078E701A92046FEF755FD08B10E2071E7F5
:1066B0009DF80900114948739DF8100008610846CB
:1066C000006900020861084600699DF80F1008443F
:1066D0000A4908610C4801780C480078FEF7A8FCCC
:1066E00008B10C2056E705491C3109480078FEF72F
:1066F0003DFD08B10F204DE700204BE7D0210020E1
:10670000A4020020540D00209F0200209D020020C2
:106710009E0200207FB5B449087BFFF7A1FE044626
:10672000B248007830B1012872D0022871D0032815
:1067300070D137E10020AD49087001A8FEF772FD65
:1067400030B101A8FEF76EFD10B1012004B070BD9C
:10675000A7480178A7480078FEF76AFC40B1A44832
:106760000178A4480078FEF763FC08B10120EDE74A
:106770009D48C169A0480078FEF786FD08B1022057
:10678000E4E7012099490870E11704EB9171881042
:106790003521FEF74DFC08B10320D7E7924934318B
:1067A0002046FEF765FD08B10420CFE701A8FEF7FB
:1067B00039FD28B101A8FEF735FD08B10520C5E770
:1067C00035210620FEF734FC30B135210620FEF7D6
:1067D0002FFC08B10520B9E78348007B401CC4B2F8
:1067E0000D2C00DD002421461820FEF74DFD08B1D8
:1067F0000620ABE702207D49087080480078012818
:1068000019D139210420FEF713FC20B107209DE7A0
:1068100027E093E0E5E07A491220FEF729FD08B170
:10682000082093E77248017872480078FEF700FC70
:1068300008B109208AE703206C49087069466E4850
:106840000078FEF793FC08B10A207FE76648C0692C
:106850000099884201D00B2078E700206349087036
:10686000BFE0012061490870E11704EB91718810C5
:106870003521FEF7DDFB08B1032067E75A493431C3
:106880002046FEF7F5FC08B104205FE701A8FEF7FB
:10689000C9FC28B101A8FEF7C5FC08B1052055E7E1
:1068A00035210620FEF7C4FB30B135210620FEF766
:1068B000BFFB08B1052049E74B48007B401CC4B230
:1068C0000D2C00DD002421461820FEF7DDFC08B168
:1068D00006203BE702204549087048480078012817
:1068E0000DD139210420FEF7A3FB08B107202DE7C5
:1068F00043491220FEF7BCFC08B1082026E703201C
:106900003A4908703A4801783A480078FEF790FB17
:1069100008B109201AE7694637480078FEF726FCD7
:1069200008B10A2012E73048C0690099884201D0B6
:106930000B200BE700202D49087052E002202B4964
:1069400008702E48007801280DD139210420FEF767
:106950006FFB08B10720F9E629491220FEF788FCF1
:1069600008B10820F2E60320204908702048017889
:1069700020480078FEF75CFB08B10920E6E669468E
:106980001D480078FEF7F2FB08B10A20DEE6164843
:10699000C0690099884201D00B20D7E60020134936
:1069A00008701EE003201149087011480178114851
:1069B0000078FEF73DFB08B10920C7E669460E489E
:1069C0000078FEF7D3FB08B10A20BFE60648C0698D
:1069D0000099884201D00B20B8E6002003490870D6
:1069E00000BF00BF0020B1E6D0210020A802002097
:1069F0009F0200209D0200209E020020A102002094
:106A0000C02100202DE9F0470546EAE12868B0F8EA
:106A100044A00AF00F06002E7ED10AF01000B0BB91
:106A200000BF2968098848F60F7201EA020040F4A5
:106A300000412A68118000BF05F128042868B0F8D9
:106A40005010207801EBC000801C296801F580619E
:106A500031F81000C0F30900E061E16960690844A1
:106A6000606100212846FBF7A2FA95F8240000286F
:106A7000CBD0A0690028C8D195F8240040F0800050
:106A80002968A1F84C00002085F82400A9E1FFE75F
:106A900005F5B4742868B0F8008008F4006030B3DD
:106AA0002868B0F85010207801EBC000801D2968DC
:106AB00001F5806131F81000C0F30900E061A18B9D
:106AC0008BB2E28805F52C71286806F0A5F800BFA6
:106AD0002968098840F68F7201EA020040F08001BF
:106AE0002A68118000BF2846FCF715F979E108F4FF
:106AF0000040002889D000BF2968098840F68F72BD
:106B000001EA020040F080012A68118000BF286875
:106B1000B0F85010207800E06FE001EBC000801D5D
:106B2000296801F5806131F81000C0F30900E061C7
:106B3000E06990B1606980B1B4F81CC01FFA8CF3B1
:106B4000E2886169286806F067F8E16960690844CD
:106B5000606100212846FBF73AFA2868008800F4B3
:106B60000060002892D100BF2A682968B1F850104F
:106B70000A4402F20C41084600BF236953B9038856
:106B800048F2FF3C03EA0C030380038843F400430C
:106B900003801EE023693E2B0DD800BF23695908EE
:106BA000237C03F0010303B1491C4FF6FF7303EA92
:106BB000812303800DE000BF23695909237C03F082
:106BC0001F0303B9491E4FF4004343EA81230380A6
:106BD00000BF00BF00BF00BF296809884BF68F7255
:106BE00001EA020080F4805080F4005040F400413B
:106BF00041F080012A681180F3E07100286830F8C4
:106C0000118008F4004000287ED000BF720029687F
:106C100031F8121040F68F7201EA020040F0800154
:106C200073002A6822F8131000BF06EB860105F5F1
:106C3000B47000EBC104207BB0B92868B0F85010E4
:106C4000207801EBC000801D296801F5806131F8D2
:106C50001000C0F30907002F5BD0E28861693B4652
:106C6000286805F0D9FF54E0E078022806D14246B2
:106C700021462846FBF72EFA07464AE000BF00BF30
:106C800022785200296831F8121048F68F7201EA12
:106C9000020040F4004141F0C00123785B002A6803
:106CA00022F8131000BF00BF21784900286830F88F
:106CB000110000F48040A8B12868B0F85010207886
:106CC00001EBC000801C296801F5806131F81000DB
:106CD000C0F30907EFB1228961693B46286805F0D6
:106CE0009BFF16E02868B0F85010207801EBC00038
:106CF000801D296801F5806131F81000C0F3090793
:106D00003FB16289616900E017E03B46286805F001
:106D100083FFE0693844E061606938446061A069DC
:106D200010B12069B84204D921782846FBF74FF901
:106D300003E02146286805F094F908F08000B0B31C
:106D400006EB860105F1280000EBC10400BF7200CC
:106D5000296831F8121048F60F7201EA020040F477
:106D6000004173002A6822F8131000BFE07803285E
:106D700007D0E07828B1E07802282DD108F480709F
:106D800050BB2868B0F85010207801EBC000801C80
:106D9000296801F5806131F81000C0F30909A06984
:106DA000484505D9A069A0EB0900A06102E018E000
:106DB0000020A061A06920B921782846FBF7F7F8E8
:106DC0000FE0606948446061E0694844E061214641
:106DD000286805F046F904E0424621462846FBF7BC
:106DE00025FA2868B0F8440000F4004000287FF439
:106DF0000DAEBDE8F08700002DE9F04F89B00446E4
:106E00000E4691461F46DDE9135BDDF848A0D4200D
:106E10008DF80400F0B28DF80500FF2D04DD4FF071
:106E2000FF3009B0BDE8F08F002D02DA4FF0FF30DF
:106E3000F7E7002006E01AF80020811C01AB5A5445
:106E4000411CC8B2A842F6DBA81C82B201A92046A8
:106E500000F07EFA20B1206980474FF0FF30E0E774
:106E60005846E168884710B94FF0FF30D9E706214E
:106E700001A86268904700210AE01A48405C01AA14
:106E8000525C904202D04FF0FF30CAE7481CC1B2BA
:106E90000629F2D35846E168884710B94FF0FF3011
:106EA000BFE7B81C82B201A9204600F082F98046F3
:106EB0009DF80400D52804D19DF80510701C81426E
:106EC00002D04FF0FF30ACE7002006E001AA811CA1
:106ED000515C09F80010411CC8B2B842F6DBA8F1B9
:106EE00002009EE7D4050108FEB506460C4615468D
:106EF0004FF4FA700021009104232246CDE90110DD
:106F000002213046FFF778FF401C30B915B108A0C8
:106F100006F006FA4FF0FF30FEBD3DB1E07800907C
:106F2000A378627821780DA006F0FAF90020F3E743
:106F30007B2243223A7B22526561646572547970E8
:106F400065223A504E3533322C2256657273696F82
:106F50006E223A4572726F727D7D0A007B22432257
:106F60003A7B2252656164657254797065223A50A9
:106F70004E3533322C2256657273696F6E223A2574
:106F8000642E25642E25642E25647D7D0A00000074
:106F90000549016005494160054981600549C160B5
:106FA0000549016170470000E5720008BD6F0008E7
:106FB00061700008157000085D700008F8B506469D
:106FC0000C4600200090671C384607F0EFFD054690
:106FD0000121684606F092FE9DF80000012805D0C8
:106FE000284606F009FE4FF0FF30F8BD601C81B264
:106FF000284606F083FE002004E0411C695C315401
:10700000411CC8B2A042F8DB284606F0F5FD00207E
:10701000EBE7000038B5044600200090FAF7E8FAE4
:10702000054611E00120FAF755F80121684606F0FF
:1070300065FE4AF6AA2008490968086000BF9DF865
:107040000000012800D138BDFAF7D2FA401BA04257
:10705000E8D30020F7E70000540D0020002070471F
:1070600070B504460D462946204606F059FE00201C
:1070700070BD00B502461046FFF78AFF00BD000054
:107080002DE9F04389B007460D4614461E46DDE95A
:1070900010891BA00068089001208DF80C0008F0F2
:1070A000FF008DF80D00F0B28DF80E00002006E014
:1070B00019F80020C11C03AB5A54411CC8B2062861
:1070C000F6DB002006E02A5C00F1090103AB5A540C
:1070D000411CC8B2A042F6DB4FF47A7104F10900FA
:1070E00003AA0123CDE90020029108AA40213846D5
:1070F000FFF782FE9DF8200009B0BDE8F083000094
:10710000FF00000070B58AB006460C46154613A075
:1071100000680990E8B28DF826004FF47A700321D8
:1071200009AA1123CDE90021029004AA402130468A
:10713000FFF762FE9DF8100018B19DF810000AB02C
:1071400070BD002005E004AA411C515C2154411C83
:10715000C8B21028F7DB9DF81000F0E701300000FE
:1071600070B58AB006460C46154601208DF814000D
:10717000A0208DF81500E8B28DF81600002005E07B
:10718000225CC11C05AB5A54411CC8B21028F7DB65
:107190004FF47A70132105AA0123CDE90021029052
:1071A00004AA40213046FFF727FE9DF810000AB0E0
:1071B00070BD2DE9F0438BB0804689461646002706
:1071C000F01D81B201A8D8F80420904700240AE0FD
:1071D000601CC4B206F10800844204DB4FF0FF30AB
:1071E0000BB0BDE8F08301A8005D0028F0D001A835
:1071F000005DFF2802D04FF0FF30F1E7601CC4B201
:1072000006F10800844202DB4FF0FF30E8E701A8F6
:10721000055D01A9601C085C2844C0B210B14FF0A4
:10722000FF30DDE7002007E0A11C014401AA515C0A
:107230003944CFB2411CC8B2691C8842F4DBFFB2AA
:1072400017B14FF0FF30CBE7002007E0A11C01444D
:1072500001AA515C09F80010411CC8B2A842F5DB34
:107260002846BDE72DE9F0418AB007460C46154691
:107270001E461BA0006809908DF82550022009A920
:10728000132304AACDE9010600914A213846FFF7ED
:10729000B3FD8046B8F1000F04DA4FF0FF300AB0BA
:1072A000BDE8F0819DF81000012802D04FF0FF30BA
:1072B000F5E79DF81500072802DD4FF0FF30EEE7F7
:1072C000002005E0811D04AA515C2154411CC8B274
:1072D0009DF815108142F5DC9DF81500DFE70000F0
:1072E0000100000010B5012211460C48FAF77AF9A6
:1072F0000120F9F7EFFE002201210848FAF772F9A0
:107300000120F9F7E7FE012211460448FAF76AF96D
:107310000120F9F7DFFE002010BD0000000C014045
:107320001FB5044609A0006803904FF47A7003214A
:1073300003AA0023CDE9002102901A461421204619
:10734000FFF75AFD002004B010BD00000114010039
:10735000F0B58BB006460D4614461E2C01DC012C00
:1073600003DA4FF0FF300BB0F0BD002700208DF89E
:1073700004008DF80500FF208DF80600FF27E0B21D
:107380008DF80700E043401CC0B28DF808000020D3
:1073900008E02A5C411D01AB5A54295C3944CFB244
:1073A000411CC8B2A042F4DBF843C1B201AA601D7F
:1073B00011540021A01D1154E01D81B201A8B26832
:1073C000904710B14FF0FF30CDE70020CBE770477A
:1073D000F0B589B0002400250026FE484078012839
:1073E00003D10320FC490870FEE3FA4840780628E0
:1073F00013D10520F8490870F848F9490268F9489E
:1074000005F09EFF002704E0F649C81907F004FCC8
:107410007F1CB7F5C87FF7D3E6E7EE48407802282F
:1074200003D10420EC490870DEE7EA4840780528DB
:107430007ED10320E84908700024E64880780828B7
:1074400005DAE9A008F0F0F8012009B0F0BDE14844
:10745000C078E04909794840DE4949794840DD492A
:10746000897980EA0106DB48C079B04204D0DEA009
:1074700008F0DAF80120E8E7D648C0780006D549D8
:10748000097900EB0140D349497900EB0121D1484A
:1074900080790844D149086006A9D048006807F0FF
:1074A0004BFB05460020CF498870487008700324C4
:1074B00005F10900C2B22146641CCA4842540222A6
:1074C0002146641C4254F9222146641C4254452240
:1074D0002146641C425470222146641C42540021FF
:1074E0002246641C81542246641C81542246641C3A
:1074F00081542246641C81542246641C81542246D5
:10750000641C81542246641C81542246641C8154AC
:1075100031222146641C425432222046611C8CB226
:10752000B0490A5434222046611C8CB2AD4900E0B7
:107530004AE00A5435222046611C8CB2A9490A54FB
:107540001C222046611C8CB2A6490A54002008E087
:1075500006A90B5C2146621C94B2A24A5354411CFA
:10756000C8B2A842F4DB1C222046611C8CB29D49A3
:107570000A542046611C8CB29A490A542046611C68
:107580008CB298490A542046611C8CB295490A5421
:1075900001AA2146934801F0FDFD002008E001A961
:1075A0000B5C2146621C94B28E4A5354411CC8B2F3
:1075B0001428F4DB002704E08A49C81907F02CFBE3
:1075C0007F1CA742F8D3E1E38248407803287DD1AD
:1075D0008149087000247F488078082804DA82A056
:1075E00008F022F8012030E77A48C0787949097913
:1075F00048407849497948407649897980EA0106C6
:107600007448C079B04204D077A008F00DF801208A
:107610001BE77048C07800066E49097900EB01400D
:107620006C49497900EB01216A48807908446B492B
:10763000086006A96948006807F07EFA0546002040
:107640006849887048700870032405F10900C2B2C7
:107650002146641C6348425402222146641C425461
:10766000F9222146641C425445222146641C42549E
:1076700070222146641C425400212246641C81541D
:107680002246641C81542246641C81542246641C98
:1076900081542246641C81542246641C8154224633
:1076A000641C81542246641C815431222146641C8E
:1076B000425432222046611C8CB24A490A54342278
:1076C0002046611C8CB247490A5400E049E035224B
:1076D0002146601C84B2434842541C222046611C4F
:1076E0008CB240490A54002008E006A90B5C2246EF
:1076F000611C8CB23B498B54411CC8B2A842F4DBDC
:107700001C222046611C8CB236490A542046611C5A
:107710008CB234490A542046611C8CB231490A5457
:107720002046611C8CB22F490A5401AA21462D48DB
:1077300001F030FD002008E001A90B5C2146621C2D
:1077400094B2284A5354411CC8B21428F4DB0027D1
:1077500004E02449C81907F05FFA7F1CA742F8D358
:1077600014E31C484078042871D11B490870002498
:1077700018488078082804DA1BA007F055FF01207C
:1077800063E61448C078134909794840114949799A
:1077900048401049897980EA01060E48C079B04214
:1077A00004D011A007F040FF01204EE60948C07840
:1077B00000060849097900EB01400649497900EBC8
:1077C00001210448807908440449086006A9034857
:1077D000006817E0680700209D000020A00000203E
:1077E000E0050108280B00207B225265636569765D
:1077F00065223A7B22537461747573223A313930B1
:107800007D7D0A0007F098F905460220FE490870C0
:107810007520487000208870C87008710120487178
:10782000722088716F20C8710824B1222146641C1F
:10783000F54842541A222146641C425481222146B2
:10784000641C42542146641C4554002009E08EE229
:1078500006A90B5C2146621C94B2EB4A5354411CAE
:10786000C8B2A842F4DB82222046611C8CB2E649F1
:107870000A5409222046611C8CB2E3490A54E422CE
:107880002146601C84B2E0484254C7222046611C55
:107890008CB2DD490A54E3222146601C84B2DA48E6
:1078A00042543A222046611C8CB2D7490A54CD2258
:1078B0002046611C8CB2D4490A54D3222046611C54
:1078C0008CB2D1490A54ED222146601C84B2CE48C4
:1078D0004254E4222146601C84B2CB4842540A221E
:1078E0002046611C8CB2C8490A5483222046611C80
:1078F0008CB2C5490A5401222046611C8CB2C2498F
:107900000A542046611C8CB2BF490A548422204686
:10791000611C8CB2BC490A5401222046611C8CB205
:10792000B9490A5403222046611C8CB2B6490A5454
:1079300085222046611C8CB2B3490A54012220469C
:10794000611C8CB2B0490A5400222046611C8CB2E2
:10795000AD490A54B2222046611C8CB2AA490A548D
:1079600051222046611C8CB2A7490A54A12220460C
:10797000611C8CB2A4490A5405F11700C2B220461A
:10798000611C8CB2A0490A5481222046611C8CB231
:107990009D490A542046611C8CB29B490D5400201D
:1079A00008E006A90B5C2146621C94B2964A535427
:1079B000411CC8B2A842F4DB82222046611C8CB272
:1079C00091490A5401222046611C8CB28E490A5406
:1079D00030222046611C8CB28B490A5483222146F6
:1079E000601C84B28848425401222046611C8CB23B
:1079F00085490A5430222046611C8CB282490A54BF
:107A000084222046611C8CB27F490A540122204600
:107A1000611C8CB27C490A5430222046611C8CB215
:107A200079490A5485222046611C8CB276490A5451
:107A300001222146601C84B2734842543022214600
:107A4000601C84B27048425486222046611C8CB26D
:107A50006D490A5401222046611C8CB26A490A54BD
:107A600030222046611C8CB267490A548722204686
:107A7000611C8CB264490A5401222046611C8CB2FC
:107A800061490A5430222046611C8CB25E490A5476
:107A900088222046611C8CB25B490A540122204690
:107AA000611C8CB258490A5430222046611C8CB2A9
:107AB00055490A54A2222046611C8CB252490A54EC
:107AC00032222146601C84B24F484254A1222046F3
:107AD000611C8CB24C490A540B222046611C8CB2AA
:107AE00049490A5481222046611C8CB246490A54F5
:107AF00003222046611C8CB243490A54E4222146E9
:107B0000601C84B240484254C7222046611C8CB29B
:107B10003D490A54E3222046611C8CB23A490A547A
:107B200082222146601C84B23748425404222046F7
:107B3000611C8CB234490A54CD222046611C8CB29F
:107B400031490A54D3222046611C8CB22E490A5472
:107B5000ED222046611C8CB22B490A54E4222046B7
:107B6000611C8CB228490A54A1222046611C8CB2A7
:107B700025490A5411222046611C8CB222490A541C
:107B800081222046611C8CB21F490A5406222046DD
:107B9000611C8CB21C490A5444222046611C8CB2E0
:107BA00019490A546C222046611C8CB216490A54A9
:107BB0002046611C8CB214490A5456222046611C8E
:107BC0008CB211490A5465222046611C8CB20E49C0
:107BD0000A5472222146601C84B20B48425482220D
:107BE0002046611C8CB200E0D0E007490A5407220D
:107BF0002046611C8CB204490A5432222046611C82
:107C00008CB201490A5401E0280B00202E222046A4
:107C1000611C8CB262490A5433222046611C8CB22A
:107C20005F490A542E222046611C8CB25C490A54DA
:107C300030222046611C8CB259490A542E2220461B
:107C4000611C8CB256490A5431222046611C8CB208
:107C500053490A54A1222146601C84B25048425420
:107C600010222046611C8CB24D490A5481222146C3
:107C7000601C84B24A48425406222046611C8CB2E1
:107C800047490A5450222046611C8CB244490A5488
:107C900072222046611C8CB241490A546722204658
:107CA000611C8CB23E490A5456222046611C8CB29B
:107CB0003B490A5465222046611C8CB238490A545B
:107CC00072222046611C8CB235490A548222204619
:107CD000611C8CB232490A5406222046611C8CB2C7
:107CE0002F490A5470222046611C8CB22C490A5438
:107CF00072222046611C8CB229490A546722204610
:107D0000611C8CB226490A5476222046611C8CB232
:107D100023490A5465222146601C84B220484254FB
:107D200072222046611C8CB21D490A54F22221465F
:107D3000601C84B21A4842541D222046611C8CB239
:107D400017490A542146601C84B215484254EB225C
:107D50002146601C84B212484254002704E01049B6
:107D6000C81906F059FF7F1CA742F8D30EE0002087
:107D70000C490870022704E00B49C81906F04CFFB3
:107D80007F1C09484078401CB842F5D207A007F094
:107D90004BFC4FF416710448F8F7EFF9002022E489
:107DA000280B00209D000020680700207B225265E0
:107DB0006365697665223A7B225374617475732218
:107DC0003A32362C2254797065223A22506F73541D
:107DD00072616E73616374696F6E227D7D0A00004B
:107DE0002DE9F04198B0002008900026002480463C
:107DF000FE49088000BF09E0FD49095CFB4AB2F971
:107E000000205140F94A1180411CC8B22928F3DBF7
:107E1000F74890F82900F549B1F90010884203D1DC
:107E2000F348807B64280FD0F2A007F0FDFB002010
:107E3000F7490870ED4908804FF41671EC48F8F7DF
:107E40009CF918B0BDE8F081E94890F82900E749AD
:107E5000B1F90010884203D0E548807B64287CD1CA
:107E6000E3484078EB490860E14880780006E04943
:107E7000C97800EB0140DE49097900EB0120DC49BB
:107E800049790844E4490860D94880790006D8490E
:107E9000C97900EB0140D649097A00EB0120D449A9
:107EA000497A4518D248407ADC490870D048007AAF
:107EB0004870CF48C0798870CD488079C870CC4868
:107EC000807A0006CA49C97A00EB0140C849097B9B
:107ED00000EB0120C649497B0844D1490860C448E9
:107EE000C07B0006C249097C00EB0140C049497CC7
:107EF00000EB0120BE49897C0844CA490860BC489F
:107F0000C07C0006BA49097D00EB0140B849497DB3
:107F100000EB0120B649897D0844C3490860B44894
:107F2000C07DC2490860B248007EC1490870B048AF
:107F3000407EC0490870AE48807EBF490870AC489A
:107F4000C07EBE490870AA48007FBD490870A84895
:107F5000407F0006A649897F00E055E200EB014022
:107F6000A349C97F00EB0120A14991F820100844E2
:107F7000B44908609E4890F8210000069C4991F899
:107F8000221000EB01409A4991F8231000EB0120E8
:107F9000974991F8241008440890954890F82500D6
:107FA0000006934991F8261000EB0140904991F8A2
:107FB000271000EB01208E4991F828100844A249AF
:107FC0000860012708460068A0490968884203D173
:107FD0009F4807F029FB002700209E490860F9F719
:107FE00007FB064604E24AF6AA209B490968086096
:107FF000F9F7FEFA801BB0F57A5F03D997A007F076
:1080000013FBF8E19348006870B179480078632861
:1080100003D077480078432803D195A007F004FBEC
:10802000E9E100208B49086009A8FDF7FBF820B1C1
:1080300009A8FDF7F7F800B1DAE19A489A499B4A96
:108040009B4BCDE90432CDE906109A4A7648006888
:1080500074490968724B1B68CDE90031CDE9020211
:108060006D48784A08A903681320FDF77DFF9249FF
:1080700008706A4800789149086068484078096843
:1080800001EB00208D49086064488078096801EBA5
:1080900000408A4908606148C078096801EB0060C7
:1080A00086490860684800685B490968804A126828
:1080B000824B1B68CDE90332CDE905107D4800688D
:1080C0000899CDE9010500915E4803687A48027875
:1080D0007B495F4805F034F95D4807F0A5FA0020B8
:1080E000784908607448007810B901207649087012
:1080F000554800685549086008222046611CCCB2EA
:108100000BA90A540898C2B22046611CCCB20BA934
:108110000A540898C0F307222046611CCCB20BA970
:108120000A540898C0F307422046611CCCB20BA940
:108130000A540898000E2146621CD4B20BAA50546F
:10814000404802782046611CCCB20BA90A543D4835
:108150000088C0F307222046611CCCB20BA90A5448
:1081600038480068C0F307422046611CCCB20BA916
:108170000A5434480068000E2146621CD4B20BAA8F
:1081800050544D4802782046611CCCB20BA90A54C9
:1081900002222046611CCCB20BA90A544548027841
:1081A0002146601CC4B20BA8425442480088C0F368
:1081B00007222046611CCCB20BA90A543D48006836
:1081C000C0F307422046611CCCB20BA90A543948BF
:1081D0000068000E2146621CD4B20BAA50543448E9
:1081E00002782046611CCCB20BA96FE01C00002075
:1081F000680700207B2252656365697665223A7BB9
:1082000022537461747573223A3139307D7D0A00CE
:10821000700000202400002028000020C021002041
:1082200030000020340000203800002050000020E2
:108230004A0000204B0000204C0000204D00002090
:108240004E00002054000020E0000020E400002048
:10825000E403002018000020540D00207B2243225C
:108260003A7B22537461747573223A317D7D0A0022
:108270007B2252656365697665223A7B225374617D
:10828000747573223A32367D2C2243223A7B225473
:10829000797065223A2243616E73656C227D7D0A96
:1082A0000000000049000020480000202C000020B1
:1082B000440000203C000020150000204000002069
:1082C00004070108E8000020D90000200A545048A3
:1082D0000088C0F307222046611CCCB20BA90A54C7
:1082E0004B480068C0F307422046611CCCB20BA982
:1082F0000A5447480068000E2146621CD4B20BAAFB
:10830000505400222046611CCCB20BA90A542046CE
:10831000611CCCB20BA90A542046611CCCB20BA93B
:108320000A542046611CCCB20BA90A543948027881
:108330002046611CCCB20BA90A5436480088C0F311
:1083400007222046611CCCB20BA90A5431480068B0
:10835000C0F307422046611CCCB20BA90A542D4839
:108360000068000E2146621CD4B20BAA50540022B1
:108370002046611CCCB20BA90A542046611CCCB229
:108380000BA90A542046611CCCB20BA90A54204602
:10839000611CCCB20BA90A541F4802782046611C0C
:1083A000CCB20BA90A541D4802782046611CCCB2FD
:1083B0000BA90A541A4802782046611CCCB20BA9BA
:1083C0000A54184802782046611CCCB20BA90A5402
:1083D000154802782046611CCCB20BA90A5401F062
:1083E00083F94EF61671884201D101F00FFC02E0CC
:1083F000002F7FF4F8AD00BF00200C4908700C4935
:1084000008800C4908601CE500BF00BF19E50000AA
:108410004400002028000020500000204A000020D6
:108420004B0000204C0000204D0000207000002078
:108430001C0000201800002010B5002400208749EF
:10844000088000BF09E08649095C844AB2F900202F
:108450005140824A1180411CC8B22928F3DB804870
:1084600090F829007D49B1F90010884203D17C4879
:10847000807B642811D07BA007F0D6F800208049CB
:10848000087080490870754908807F4908704FF46A
:1084900016717348F7F771FE10BD714890F8290006
:1084A0006E49B1F90010884203D06D48807B642882
:1084B0007ED110217548F7F760FE6948407874490D
:1084C00008606748807800066549C97800EB01407C
:1084D0006349097900EB01206149497908446D49F4
:1084E00008605F48807900065D49C97900EB01406A
:1084F0005B49097A00EB01205949497A08446649E9
:1085000008605748407A614908705548007A4870B9
:108510005348C079887052488079C8705048807A32
:1085200000064F49C97A00EB01404D49097B00EB39
:1085300001204B49497B0844584908604848C07BA2
:1085400000064749097C00EB01404549497C00EBA6
:1085500001204349897C0844514908604048C07C57
:1085600000063F49097D00EB01403D49497D00EB94
:1085700001203B49897D08444A4908603848C07D4C
:10858000494908603648007E484908703448407EB2
:10859000474908703248807E464908703048C07E9E
:1085A000454908702E48007F444908702C4800E077
:1085B00052E0407F00062A49897F00EB01402849AC
:1085C000C97F00EB0120264991F8201008443C495E
:1085D0000860234890F821000006214991F82210F4
:1085E00000EB01401E4991F8231000EB01201C49CB
:1085F00091F8241044181A4890F8250000061849EC
:1086000091F8261000EB0140154991F8271000EB76
:108610000120134991F8281008442A4908600846A7
:10862000006829490968884203D1284806F0FCFF00
:1086300008E0244803781848026816480168204674
:10864000FCF7CAFE4FF416710548F7F796FD0020B7
:108650000C4908700149088000BF1DE71C0000207C
:10866000680700207B2252656365697665223A7B44
:1086700022537461747573223A31397D7D0A00008A
:108680005E0000206000002063000020C021002068
:10869000240000202800002040000020300000209E
:1086A0003400002038000020500000204A00002044
:1086B0004B0000204C0000204D0000204E00002008
:1086C00054000020E0000020E4000020E40300202B
:1086D00010B50020994908809948407817286BD038
:1086E00003DC38B116287DD135E018287BD0192855
:1086F000F9D1C6E092488078924908609048C078E5
:10870000914908708E480079904908708C484079EA
:108710008F4908708A4880798E4908708848C079E6
:108720008D490870002009E08549095C834AB2F947
:1087300000205140814A1180411CC8B20828F3DB57
:108740007F48007A7D49B1F90010884202D10120AA
:1087500082490870CAE07A48807A7A490860784885
:10876000C07A794908707648007B78490870744867
:10877000407B774908707248807B76490870704862
:10878000C07B75490870002009E06D49095C6B4A9F
:10879000B2F900205140694A1180411CC8B210282A
:1087A000F3DB6748007C6549B1F90010884202D1CB
:1087B00001206A49087099E0614880786149086041
:1087C0005F48C078604908705D4800795F4908706B
:1087D0005B4840795E490870594880795D49087066
:1087E000574801E07EE01BE0C0795B49087000203B
:1087F00009E05349095C514AB2F9002051404F4AFF
:108800001180411CC8B20828F3DB4D48007A4B495F
:10881000B1F90010884202D101205049087065E08A
:108820004748407A474908604548807A4649087079
:108830004348C07A454908704148007B4449087064
:108840003F48407B434908703D48807B424908705F
:10885000002009E03A49095C384AB2F90020514049
:10886000364A1180411CC8B20F28F3DB3448C07B64
:108870003249B1F90010884202D10120374908700D
:1088800034E02F48407A2F4908602D48807A2E49DD
:1088900008702B48C07A2D4908702948007B2C4964
:1088A00008702748407B2B4908702548807B2A495F
:1088B0000870002009E02249095C204AB2F9002032
:1088C00051401E4A1180411CC8B20F28F3DB1C48DE
:1088D000C07B1A49B1F90010884202D101201F491A
:1088E000087003E000201D49087000BF00BF1B484E
:1088F0000078A0B100201A4908601AA006F094FE82
:108900000F49487804F0DAF900200C49088013492F
:1089100008704FF416710A48F7F72FFC0CE01EA000
:1089200006F082FE00200D490870044908804FF4CB
:1089300016710348F7F721FC10BD00001C00002051
:1089400068070020500000204A0000204B00002053
:108950004C0000204D0000204E000020620000204E
:10896000300000207B2252656365697665223A7B80
:1089700022537461747573223A32362C2254797002
:1089800065223A224368616E67654F6647726F756C
:1089900070227D7D0A0000007B2252656365697646
:1089A00065223A7B22537461747573223A31397DA2
:1089B0007D0A000008B508490968C9084FF47A72B1
:1089C000B1FBF2F14143009100BF00BF00994A1E84
:1089D00000920029F9D108BD74010020014600BFB2
:1089E000080900EB8000420001F00F001044C0B203
:1089F000704770B504460025F8F7FAFD054607E014
:108A0000F8F7F6FD401BB0F57A7F01D9032070BD61
:108A10002068406800F020000028F1D020684068FD
:108A200040F01000216848600020F0E770B504466F
:108A300000252068406820F0100021684860F8F7A1
:108A4000D7FD054607E0F8F7D3FD401BB0F57A7F68
:108A500001D9032070BD2068406800F02000002884
:108A6000F1D00020F6E730B50146002200230024B3
:108A700000200D68AD69AAB20D68ED69ACB20D6851
:108A8000AD69ABB29A4205D00D68ED6963F31F453D
:108A9000284601E044EA024030BDF0B504460B46EA
:108AA0000021002504F5FA61032B1BD2C3EBC300A0
:108AB00000EB03100926B0FBF6F01044001D461829
:108AC000481E06EB90066427B0FBF7F0361A481EE6
:108AD000BF00B0FBF7F030440726B0FBF6F706FB0B
:108AE00017051AE0C3EBC30000EB03100926B0FB27
:108AF000F6F01044001D084400EB91006426B1FB21
:108B0000F6F6801B4FF4C876B1FBF6F63044801EB3
:108B10000726B0FBF6F706FB1705E8B2F0BD70B507
:108B200004460D4600262046FFF763FF08B10126E4
:108B30000AE0280C21688861A8B22168C861204633
:108B4000FFF774FF00B10126304670BD2DE9F14FEB
:108B50009CB000200B900A900990002609200890F4
:108B6000002007903520029000200190FCF762FF62
:108B7000F4A006F059FDF8F73BFD0390B3E0F8F7D9
:108B800037FD0399401A42F22831884208D9FBA0E8
:108B900006F04AFD0120FE4908601DB0BDE8F08FD7
:108BA0004AF6AA20FB4909680860FB48006870B1D2
:108BB000FA480078432803D0F8480078632806D1A3
:108BC000F7A006F031FD0020F3490860E5E719A899
:108BD000FCF728FB20B119A8FCF724FB00B182E0C8
:108BE00010210020FCF724FA00B17CE00DA901203F
:108BF000FCF7B0FA00B176E09DF834809DF83500BE
:108C000008EB00201FFA80F89DF836709DF83700B9
:108C100007EB00279DF8380007EB00479DF8390067
:108C200007EB006708F40040B0F5004F08D1C8F327
:108C30000E0846F6292088EA00084BF2A620474095
:108C40004AF6AA20D34909680860E2480078D0B9FA
:108C500014210620FCF7ECF900B144E005A9182026
:108C6000FCF784FA00B13EE037210520FCF7E0F97B
:108C700000B138E006A91420FCF778FA00B132E020
:108C80000598C6B211E0D348007801280DD114210F
:108C90000620FCF7CDF900B125E005A91820FCF766
:108CA00065FA00B11FE00598C6B24AF6AA20B94994
:108CB00009680860002604A906A8F7F7D1FE8246D5
:108CC000BAF1010F04D104A906A8F7F7C9FE82463C
:108CD000BAF1000F02D0BAF15A0F02D106980190F2
:108CE00000E000E000E04AE700BF4AF6AA20A949F8
:108CF00009680860B7480078012801D10598C6B214
:108D000016B1701EC6B200E00D260C9600200A9027
:108D1000814609E24AF6AA209E490968086009F1DD
:108D200001001FFA80F9B9F1320F00DBFDE119A84B
:108D3000FCF778FA20B119A8FCF774FA00B1F3E156
:108D40004AF6AA209349096808603046F8F79AF86D
:108D50000546E91705EB917188101421FCF768F9B5
:108D600088B119A8FCF75EFA20B119A8FCF75AFAE5
:108D700000B1D9E1E91705EB917188101421FCF7D6
:108D800057F900B1D0E10DA92846FCF7E3F9F8B195
:108D9000E91705EB917188101421FCF749F988B1A6
:108DA00019A8FCF73FFA20B119A8FCF73BFA00B16B
:108DB000BAE1E91705EB917188101421FCF738F935
:108DC00000B1B1E10DA92846FCF7C4F900B1ABE14F
:108DD0004FF00009002405E00DA8005D15A9085515
:108DE000601C84B2102CF7DB00200B90002406E0FE
:108DF00015A8005D0B9948400B90601C84B20F2CA5
:108E0000F6DB9DF863100B98814208D0002404E043
:108E1000002015A90855601C84B2102CF8DB002432
:108E200006E015A8005DFF2800D003E0601C84B2B6
:108E30000F2CF6DB00BF0F2C08DB002404E0002021
:108E400015A90855601C84B2102CF8DB0A9A521C34
:108E500061A1634804F074FA614806F0E5FB012063
:108E6000F8F738F99DF859205EA15D4804F068FADA
:108E70005B4806F0D9FB0120F8F72CF94AF6AA2046
:108E80004449096808609DF8580058490860084638
:108E9000006800020860084600689DF85710084402
:108EA00052490860084600680002086008460068E9
:108EB0009DF8561008444D49086008464CA10268C8
:108EC000474804F03DFA464806F0AEFB0120F8F7AB
:108ED00001F99DF85A000921B1EB201F0ADD9DF828
:108EE0005A004FF4AF6101EB201244A13C4804F05A
:108EF00027FA0AE09DF85A00562101EB201000F2F3
:108F000014523EA1364804F01BFA354806F08CFB9B
:108F10000120F8F7DFF89DF85A0000F00F023AA19F
:108F20002F4804F00DFA2E4806F07EFB0120F8F7DA
:108F3000D1F84AF6AA201749096808609DF85B2015
:108F400034A16BE07B2252656365697665223A7BCA
:108F500022537461747573223A32367D2C22432277
:108F60003A7B2254797065223A22526561644361EA
:108F700072645461626C65227D7D0A007B2243220B
:108F80003A7B22537461747573223A317D7D0A00F5
:108F900090020020540D00201800002068070020D7
:108FA0007B2252656365697665223A7B2253746140
:108FB000747573223A32367D2C2243223A7B225436
:108FC000797065223A2243616E73656C227D7D0A59
:108FD00000000000A1020020526F773D25642A00A6
:108FE000280B00204F503D25642A000098020020E5
:108FF0004574656261723D25752A0000596561728C
:109000003D25642A000000004D6F6E74683D2564A4
:109010002A0000004461793D25642A004B4804F091
:109020008FF94A4806F000FB0120F8F753F89DF845
:109030005E0047490860084600680002086008466C
:1090400000689DF85D1008444149086008460068C2
:1090500000020860084600689DF85C1008443C491E
:10906000086008463BA10268384804F069F93748AF
:1090700006F0DAFA0120F8F72DF89DF8600034497F
:1090800008600846006800020860084600689DF80D
:109090005F1008442E490860084632A102682B4838
:1090A00004F04EF9294806F0BFFA0120F8F712F84B
:1090B0009DF861202DA1254804F042F9234806F0CF
:1090C000B3FA0120F8F706F84AF6AA202A490968F7
:1090D00008609DF8622029A11C4804F031F91B4862
:1090E00006F0A2FA0120F7F7F5FF9DF8542025A11C
:1090F000164804F025F9154806F096FA0120F7F70E
:10910000E9FF0A98401CC1B20A911C98814200DB19
:109110000BE016B1701EC6B200E00D264AF6AA207A
:1091200015490968086000BFF4E500BFB9F1320FC6
:1091300007DA0A20F7F7CEFF4AF6AA200E49096897
:10914000086001201249086000BF26E5280B0020B6
:109150009802002052656D4574656261723D257507
:109160002A0000004449443D25752A00486F757265
:109170003D25642A00000000540D00204D696E3D1D
:1091800025642A005365633D25642C0A0000000015
:10919000900200202DE9F74FFEB00E46DFF85893FD
:1091A000D6487D906FEA09007C90D448C0437B90FC
:1091B000D3487A90002074900CE0DDF8D0A17E981E
:1091C00010F80AA00DF5A67B74980BF800A074980F
:1091D000401C74907498B042EFD331460F46802003
:1091E0000DF5A67A0AF801004FF0000A0DF5A67BEE
:1091F000481C0BF800A053A8405C5290491C08463C
:109200004FEAE17A01EB9A6A4FEAAA1AA1EB8A1AAD
:10921000CDF844A1DDF844A1BAF1380F04DA519831
:10922000C0F13800519003E05198C0F1780051909E
:10923000002306E000200DF5A67A0AF80100491C7B
:109240005B1C51988342F5D34FF0000A0DF5A67BC5
:10925000481C0BF800A0002306E000200DF5A67ABC
:109260000AF80100491C5B1C062BF6D3F8004FEAF4
:10927000E07A00EB1A6ACAF3072A0DF5A67B0BF811
:1092800001A0491CF8004FEAE07A00EB1A6A4FEAA5
:109290002A2AA0EB0A2A0BF801A0491C002001EBA6
:1092A000030A0BF80A0008464FEAE17A01EB9A6AD2
:1092B0004FEAAA1ACDF840A10023DCE000202BE001
:1092C0004FEA831A0AEB800A0DF5A67B1BF80AA069
:1092D0004FEA0A6A4FEA831B0BEB800B0BF1010B81
:1092E0000DF5A67E1EF80BB00AEB0B4A4FEA831B66
:1092F0000BEB800B0BF1020B1EF80BB00AEB0B2AE9
:109300004FEA831B0BEB800B0BF1030B1EF80BB02A
:10931000DA444DF820A0401C1028D1DB102430E0A6
:10932000E01E5DF82000A4F1080A5DF82AA080EA9A
:109330000A00A4F10E0A5DF82AA080EA0A00A4F14E
:10934000100A5DF82AA080EA0A004FEA400AE01EEF
:109350005DF82000A4F1080B5DF82BB080EA0B004B
:10936000A4F10E0B5DF82BB080EA0B00A4F1100BFA
:109370005DF82BB080EA0B004AEAD0704DF824006B
:10938000641C502CCCD3CDF8E4917D9DDDF8F0C168
:10939000DDF8EC817A987890002059E013280CDCF5
:1093A00005EA0C0A28EA050B4AEA0B0ACDF8DCA10B
:1093B000DFF850A1CDF8D8A129E027280ADC85EAFA
:1093C0000C0A8AEA080ACDF8DCA1DFF83CA1CDF846
:1093D000D8A11CE03B2810DC05EA0C0A05EA080BC2
:1093E0004AEA0B0A0CEA080B4AEA0B0ACDF8DCA1A0
:1093F000DFF818A1CDF8D8A109E085EA0C0A8AEABD
:10940000080ACDF8DCA1DFF808A1CDF8D8A1DDF875
:10941000E4A14FEA4A1B4BEADA6BDDF8DCA1D34446
:10942000DDF8E0A1D344DDF8D8A1DA445DF820B03E
:10943000DA44CDF8D4A1CDF8E081E0464FEA857A50
:109440004AEA950C799DDDF8D4A1CDF8E4A1401C41
:109450005028A3DB799881447D9828447D907C989E
:1094600060447C907B9840447B90DDF8E0A17A9842
:1094700050447A905B1C50988342FFF41FAF4FEA30
:10948000196010704FEA194050704FEA192090701F
:1094900082F803907D98000E10717D98000C507139
:1094A0007D98000A90717D98D0717C98000E1072A2
:1094B0007C98000C50727C98000A90727C98D07254
:1094C0007B98000E10737B98000C50737B98000AF9
:1094D00090737B98D0737A98000E10747A98000C71
:1094E00050747A98000A90747A98C0B2D0740DF5CE
:1094F000017DBDE8F08F00000123456789ABCDEF0A
:10950000F0E1D2C39979825AA1EBD96EDCBC1B8FF2
:10951000D6C162CAF8B504460D4616462B4600224F
:1095200080212046009600F0F1FA28B1606D40F0ED
:10953000200060650320F8BD0020FCE738B50BA0D3
:1095400000680090002400224FF480510848F8F78A
:1095500049F86423012269460648FAF7EDFB012227
:1095600011030348F8F73EF838BD0000060000007C
:10957000000C0140200E002038B504460DA0006804
:10958000009000224FF480510B48F8F72BF8642329
:10959000012269460948FAF7CFFB009464230122AF
:1095A00069460648FAF7C8FB012211030248F8F79A
:1095B00019F838BD01000000000C0140200E002009
:1095C00038B504461BA00068009000252403FFF76F
:1095D000B5FF00F00BF900224FF480511648F8F760
:1095E00001F86423012269461448FAF7A5FBC4F385
:1095F000074000906423012269461048FAF79CFB5B
:10960000C4F3072000906423012269460B48FAF74F
:1096100093FBE0B200906423012269460748FAF701
:109620008BFB012211030448F7F7DCFF00F0DEF8A2
:1096300038BD000020000000000C0140200E00207A
:10964000FEB506460C46174624A00068029000208E
:10965000019000224FF480512148F7F7C3FF6420A6
:10966000012301AA02A900901E48FAF73CFCC4F3AA
:10967000074002906420012301AA02A90090194822
:10968000FAF731FCC4F3072002906420012301AAF9
:1096900002A900901348FAF726FCE0B20290642079
:1096A000012301AA02A900900E48FAF71CFCFF2032
:1096B0000290002509E064207219012302A900909C
:1096C0000848FAF710FC681C85B2BD42F3DB0122A2
:1096D00011030348F7F786FFFEBD000003000000FA
:1096E000000C0140200E00203EB527A0006802902B
:1096F00000200190002400224FF480512348F7F706
:1097000071FF6420012301AA02A900902048FAF702
:10971000EAFB002002906420012301AA02A9009024
:109720001B48FAF7E0FB6420012301AA02A900907C
:109730001748FAF7D8FB6420012301AA02A9009078
:109740001348FAF7D0FB6420012301AA02A9009074
:109750000F48FAF7C8FB9DF804406420012301AAD2
:1097600002A900900A48FAF7BEFB4FF6FF7000EA24
:1097700004249DF804000443012211030348F7F771
:1097800031FF20463EBD000090000000000C01406B
:10979000200E00200EB50020029011A0006801905C
:1097A00000224FF480510F48F7F71CFF642001237B
:1097B00002AA01A900900C48FAF795FBFF2001903E
:1097C0006420012302AA01A900900748FAF78BFB45
:1097D000012211030348F7F705FF9DF808000EBDAD
:1097E00005000000000C0140200E002010B50024F0
:1097F00004E04AF6AA20054909680860FFF7CAFF95
:1098000000F001000028F4D110BD0000540D00202C
:109810002DE9F0478046894616464FEA1937C9F3C5
:109820000B0ACAF58055F6F7D7FEBAF1000F03D13F
:1098300017B13846FFF7C4FEAE4200DC354669E09A
:109840004AF6AA2035490968086039034FF4805266
:109850003348FFF7F5FE002408E00AEB0400304926
:10986000085CFF2800D003E0601C84B2AC42F4DB4B
:1098700000BFAC4217DAF6F7AFFE3846FFF7A0FE9E
:10988000002407E018F8040004EB0A01244A5054AD
:10989000601C84B2AC42F5DB39034FF4805220489F
:1098A00000F0BAF804E02A464946404600F0B4F811
:1098B000002404E000201A490855601C84B2AC4220
:1098C000F8DB2A4649461648FFF7BAFE002408E0AE
:1098D0001348005D18F80410884200D003E0601CB3
:1098E00084B2AC42F4DB00BFAC4202DA0120BDE836
:1098F000F087AE4200D10EE07F1C4FF0000AA84472
:10990000A944701B86B2B6F5805F02DD4FF4805526
:1099100000E0354694E700BF0020E8E7540D002042
:10992000DA2500202DE9F0470746884616464FEA1B
:109930001839C8F30B0ACAF58055AE4200DC35462B
:1099400063E04FEA09314FF480523248FFF778FE66
:10995000002408E00AEB04002E49085CFF2800D030
:1099600003E0601C84B2AC42F4DB00BFAC4215DA09
:109970004846FFF725FE002406E0385D04EB0A01A7
:10998000244A5054601C84B2AC42F6DB4FEA0931E1
:109990004FF480521F4800F03FF804E02A46414649
:1099A000384600F039F8002404E000201949085531
:1099B000601C84B2AC42F8DB2A4641461548FFF7EA
:1099C0003FFE002407E01348005D395D884200D067
:1099D00003E0601C84B2AC42F5DB00BFAC4202DAAB
:1099E0000120BDE8F087AE4200D10FE009F1010986
:1099F0004FF0000A2F44A844701B86B2B6F5805F72
:109A000002DD4FF4805500E035469AE700BF0020A4
:109A1000E7E70000DA2500202DE9F04107460E4671
:109A20001446F0B2C0F58075AC4200DC254617E064
:109A30004AF6AA200C49096808602A463146384689
:109A400000F014F8AC4200D10BE02F442E44601B10
:109A500084B2B4F5807F02DD4FF4807500E02546C6
:109A6000E6E700BFBDE8F081540D00202DE9F84382
:109A700006460C46174622A0006800904FF00008EA
:109A8000FFF75CFD00224FF480511E48F7F7AAFD56
:109A90006423012269461C48FAF74EF9C4F30740D3
:109AA00000906423012269461748FAF745F9C4F388
:109AB000072000906423012269461348FAF73CF915
:109AC000E0B200906423012269460F48FAF734F9A6
:109AD000002509E0705D00907119642301220A4895
:109AE000FAF72AF9681C85B2BD42F3DB01221103A3
:109AF0000448F7F777FDFFF779FEBDE8F88300002B
:109B000002000000000C0140200E00202DE9F84F5B
:109B100004460D4690461E46DDF82890F7F768FD8E
:109B2000A0EB0900371AF7F763FD82462C4800685E
:109B3000C0F3CB307843009045E0701C002842D041
:109B4000F7F756FDA0EB0A00B84200D2A7BB206889
:109B5000406820F0E000216848606068B0F5827FCE
:109B60000DD1A068B0F5004F03D0A068B0F5806FAC
:109B700005D12068006820F0400021680860A06AD4
:109B8000B0F5005F0DD100BF2068006820F40050E0
:109B9000216808602068006840F40050216808606F
:109BA00000BF012084F8510000BF002084F850005D
:109BB00000BF0320BDE8F88FFFE7009800B9002739
:109BC0000098401E0090206880682840A84201D17B
:109BD000012000E000204045AFD10020EAE700006E
:109BE000740100207047000070B504460D4616460B
:109BF0004AF6AA200449096808602A4621463046E8
:109C0000FFF790FEC0B270BD540D00203EB569460E
:109C100019480068FBF715FF01A918480068FBF711
:109C200010FF08208DF80800002015490880002446
:109C300009E01DF8040012490988084400B21049DF
:109C40000880601CC4B2092CF3DB0D4800788DF845
:109C500009000B480088000A8DF80A006A460B21AB
:109C60004FF40120FFF7C0FF28B16A460B214FF4E3
:109C70000120FFF7B9FF3EBD0000002004000020D6
:109C80001C00002070B505460C4610480068604373
:109C900000F500162A4621463046FFF7A5FF88B199
:109CA0002A4621463046FFF79FFF58B1FBF750FB8D
:109CB00006480068604300F500162A4621463046F3
:109CC000FFF792FFFBF744FB70BD0000000000208F
:109CD00030B58FB005460C4602208DF834008DF863
:109CE000355005208DF83600E0B28DF83700200A97
:109CF0008DF8380085F005006040C0B28DF839005D
:109D000003208DF83A00224605A1684603F018FBAF
:109D1000684605F089FC0A20F7F7DCF90FB030BD82
:109D20007B225061636B4E6F223A7B22496478221A
:109D30003A25757D7D0A000070B504460D4629461A
:109D40002046F7F73DFC70BD70B504460D4616463B
:109D5000324629462046F7F745FC70BD70B500F045
:109D60006FF80546002411E0164800EB4410C07F50
:109D700015490978884208D145FA04F202F0010138
:109D8000104A02EB441000F021F8641C012CEBDBBC
:109D90000D48007848B9002405E00A4901EB441059
:109DA00000F091F8641C012CF7DB07480078401C98
:109DB0000549087008460078052801DB0020087076
:109DC00070BD0000602100208B02002010B5827859
:109DD000002A33D0827962B901B110BD00224271EC
:109DE0008279521C82710023C26820324489135543
:109DF00024E08279092A14DAC26820324389D25CCD
:109E000001F001034479A3401A43D3B2C26820325F
:109E1000448913558279521C82714279521C4271D5
:109E20000CE08279092A09D100228271827729B156
:109E300042891F2A02DA4289521C428100BFCCE7C4
:109E400070B5002600242CE0184A02EB4412918BD6
:109E5000164A02EB44129069FFF76EFF054613485D
:109E600000EB44108079B0B9104800EB4410807FBB
:109E700088B985B90E480078801C052190FBF1F265
:109E800001FB1200094901EB4411C8770120074981
:109E900001EB4411887705F00100A0403043C6B2C1
:109EA000641C012CD0DB304670BD00006021002016
:109EB0008B02002070B504460D46A18A2A4620690F
:109EC000FFF742FF70BD10B50446607800283FD010
:109ED000207958B9012020700020E0700021204630
:109EE000FFF7E8FF2079401C207131E02079092834
:109EF00010DAE279E068805CE278104100F001015C
:109F00002046FFF7D7FF2079401C2071E078401CE5
:109F1000E0701DE02079092807D101212046FFF7D4
:109F2000C9FF2079401C207112E020790A280FD146
:109F300000202071E079401CE071207AE1798842AC
:109F400003DD01202070607002E00020207060704E
:109F500010BD000010B5F7F713FF07480088401C3C
:109F6000054908800548007820B905480068401C6C
:109F70000349086010BD0000720000205F0000204F
:109F80006C00002000B593B0282109A8F6F7F5F879
:109F9000142104A8F6F7F1F8002000900190029037
:109FA00003900D2009904FF480300A9000200B9010
:109FB00001200C900D900F9002201090C103119180
:109FC0004FF4E011129109A8F9F756F908B1F6F724
:109FD00083FA0F20049002200590002006904FF491
:109FE0008060079000200890022104A8F8F7F8FF8D
:109FF00008B1F6F771FA112000904FF480700190CB
:10A00000002003906846F8F751FF08B1F6F764FAAC
:10A01000F9F7ACF813B000BD4FF0006001490860DB
:10A020007047000008ED00E010B50348FAF7DCFACD
:10A030000148FAF70CFA10BD780E002010B502683E
:10A04000184B984208D0B0F1804F05D0164B98427B
:10A0500002D0164B984203D122F070024B681A438B
:10A06000104B984208D0B0F1804F05D00E4B98426B
:10A0700002D00E4B984203D122F44072CB681A43AF
:10A0800022F080034C6943EA040202608B68C362D9
:10A090000B688362034B984201D10B690363012370
:10A0A000436110BD002C0140000400400008004046
:10A0B00030B50C46816821F47F4142EA03252543EF
:10A0C0002943816030BD0A46816821F0700142F069
:10A0D000070319438160704730B50B461446026A86
:10A0E000056A25F001050562816921F0F00141EA68
:10A0F000041122F00A021A438161026230BD30B5B8
:10A100000B461446056A25F0100505628169026A4E
:10A1100021F4704141EA043122F0A00242EA031224
:10A120008161026230BD70B505466C6A0020E08531
:10A13000E0842046FAF766FA70BD0168C96821F428
:10A1400090710268D1600168496921F001010268DB
:10A150005161016B012905D10168C96821F0100125
:10A160000268D160202180F83E1000210163704711
:10A1700010B504462068C06820F040002168C8601F
:10A18000202084F83D002046FAF7DAFC002010BDBC
:10A19000F8B5044694F83E00222869D1A068B0F5CD
:10A1A000805F0CD1206950B90025A66A20684068FC
:10A1B000C0F308003080A06A801CA06215E0A56A88
:10A1C0000026A068B0F5805F03D0A06828B9206998
:10A1D00018B920684068287004E02068406800F0E2
:10A1E0007F002870A06A401CA062E08D401E80B2F3
:10A1F000E085A8BB2068C06820F020002168C86006
:10A200002068C06820F480702168C86020684069B8
:10A2100020F0010021684861202084F83E00206B76
:10A2200001281ED1002020632068C06820F01000A3
:10A230002168C8602068006800F0100010280AD16A
:10A2400000BF0020009020680068009020684068EF
:10A25000009000BF00BFA18D2046FAF7D2F903E0BD
:10A2600004E02046FAF702FC0020F8BD0020FCE7DD
:10A270000220FAE770B504462168096921F44051CB
:10A28000E2681143226811612269A1681143626981
:10A2900041EA02052168C96841F20C6291432943F1
:10A2A0002268D1602168496921F44071A269114393
:10A2B000226851612D4A2168914202D1F8F772FF5C
:10A2C00001E0F8F75FFF00EBC00101EB00116268ED
:10A2D0009200B1FBF2F100EBC00202EB00126368E6
:10A2E0009B00B2FBF3F26423B2FBF3F202EBC20376
:10A2F00003EB0212A1EB8201322202EB0111642274
:10A30000B1FBF2F101F0F00100EBC00202EB001230
:10A3100063689B00B2FBF3F26423B2FBF3F201EB40
:10A32000021200EBC00101EB001163689B00B1FB5E
:10A33000F3F100EBC00303EB00136668B600B3FB58
:10A34000F6F36426B3FBF6F303EBC30606EB031345
:10A35000A1EB8301322303EB01116423B1FBF3F181
:10A3600001F00F0111442268916070BD0038014076
:10A37000014691F83D00212828D18868B0F5805F1A
:10A380000BD1086948B90A6A1088C0F308000B6845
:10A390005860086A801C086205E00B6A581C086255
:10A3A00018780B685860C88C401E80B2C88458B9B1
:10A3B0000868C06820F080000B68D8600868C06832
:10A3C00040F040000B68D860002070470220FCE796
:10A3D0002DE9F04104460D4617469846069E21E0B9
:10A3E000701CF8B12EB1F7F703F9A0EB0800B042EA
:10A3F00018D92068C06820F4D0702168C86020682F
:10A40000406920F0010021684861202084F83D0067
:10A4100084F83E0000BF002084F83C0000BF032009
:10A42000BDE8F081206800682840A84201D10120E1
:10A4300000E00020B842D3D00020F1E710B5024878
:10A44000FAF7E2F810BD0000C00E002009480068CD
:10A45000006800F0200020280AD10748006807495A
:10A46000074A1268885406480068401C044908607E
:10A4700070470000040F0020044400401005002035
:10A480002000002010B50E48FAF7BEF80C4800680E
:10A49000006800F02000202811D10A480068C1B2ED
:10A4A00009480A4A12688154002102460748006898
:10A4B000401C115405480068401C0449086010BD48
:10A4C000480F002004480040FC09002058000020EC
:10A4D0002DE9F04104460D46D4F8B862D4F8C072B4
:10A4E000D4F8B80278B305EB850104F1140000EB51
:10A4F0008100806808B305EB850104F1140000EBCE
:10A50000810005EB8502816807F1280000EBC2009D
:10A510000069B1FBF0F200FB121070B9002105EBED
:10A52000850204F1140000EB8200816000231A46CA
:10A530002946204600F0C4FE02E00020C6F81402BE
:10A540000020BDE8F081FFE70220FAE770B504467D
:10A550000E46D4F8B8523146204600F056FDC5F8F4
:10A560000C02D4F8B80248B1D5F80402D4F8BC12F1
:10A57000CA6805F503719047002070BD0220FCE712
:10A5800070B504460E4600258121204600F057FC98
:10A590000021E1620121204600F051FC0021C4F8B5
:10A5A0006C118221204600F04AFC00212164D4F87D
:10A5B000B80250B1D4F8BC1248688047D4F8B80249
:10A5C00001F027F90020C4F8B802284670BD70B524
:10A5D0000546D5F8B842D5F8BC0278B194F8000227
:10A5E000FF280BD094F8012294F80002D5F8BC1291
:10A5F0008B6821469847FF2084F80002002070BD38
:10A6000001460A2008800148704700007C010020B4
:10A6100001464320088001487047000004020020E2
:10A62000014643200880014870470000C001002017
:10A63000014643200880014870470000480200207E
:10A640002DE9F04104460F460026207C88B94FF4DE
:10A65000007302228121204600F03EFD0121E162CB
:10A660004B020222204600F037FD0121C4F86C1194
:10A670000FE0402302228121204600F02DFD012120
:10A68000E16240230222204600F026FD0121C4F8A9
:10A690006C11082303228221204600F01DFD0121B8
:10A6A00021644FF4077001F0B5F8C4F8B802D4F88B
:10A6B000B80208B901261CE0D4F8B852D4F8BC128C
:10A6C000086880470020C5F81402C5F81802207CED
:10A6D00040B94FF4007301212046D5F8042200F060
:10A6E00013FD06E0402301212046D5F8042200F0A6
:10A6F0000BFD3046BDE8F08170B50446D4F8B85281
:10A70000D4F8B80298B1207C40B94FF4007301210D
:10A710002046D5F8042200F0F7FC06E04023012192
:10A720002046D5F8042200F0EFFC002070BD022086
:10A73000FCE70246022011B1C2F8BC1200207047AB
:10A740000246D2F8B832C3F804120020704710B5A0
:10A750000346D3F8B842C4F80812C4F81022002007
:10A7600010BD2DE9FC4105460C46D5F8B862002025
:10A77000019000900027207800F0600040B320286E
:10A780005FD1E088E0B1207800F0800060B1E2881D
:10A790006078D5F8BC128B6831469847E28831461C
:10A7A000284600F0E6F812E0607886F80002A0790A
:10A7B00086F80102E2883146284600F0B9F806E042
:10A7C0006078D5F8BC1200228B68214698473EE09D
:10A7D000607820B10A2812D00B282AD11FE095F802
:10A7E0009C02032805D102226946284600F0C1F8E0
:10A7F00004E02146284600F08FF802271FE095F874
:10A800009C02032805D1012201A9284600F0B1F8D5
:10A8100004E02146284600F07FF802270FE095F873
:10A820009C02032804D02146284600F075F8022730
:10A8300005E02146284600F06FF8022700BF00BF60
:10A8400005E02146284600F067F8022700BF00BF58
:10A850003846BDE8FC8170B50546D5F8B842D5F854
:10A86000B802A8B1D4F8140280B90120C4F81402C7
:10A87000D4F810122963B4F8100283B2812128465B
:10A88000D4F8082200F01CFD002070BD0120FCE778
:10A890000220FAE770B504460D46D4F8B402294602
:10A8A000426820469047002070BD70B504460D46B2
:10A8B00094F89C02012804D0022803D003280CD16C
:10A8C00001E000BF00BF6888012805D10020C4F85E
:10A8D000A402204600F05EF804E02946204600F07D
:10A8E0001BF800BF00BF70BD70B506460C4615468C
:10A8F0002B4622460021304600F006FC002070BDA9
:10A9000070B506460C4615462B46224600213046B9
:10A9100000F0D6FC002070BD70B504460D468021C5
:10A92000204600F0A1FC0021204600F09DFC70BDF7
:10A9300070B504460E4615460320C4F894024FF441
:10A94000AE700551001D05512B46324600212046B0
:10A9500000F0DAFB002070BD10B504460520C4F8F5
:10A96000940200231A461946204600F0CDFB002031
:10A9700010BD70B504460E4615460220C4F8940278
:10A98000E56125622B4632460021204600F098FC06
:10A99000002070BD10B504460420C4F894020023C2
:10A9A0001A461946204600F08BFC002010BD00001E
:10A9B00070B505460C462DB92246064906A000F0A2
:10A9C000D3F904E02246034903A000F0CDF9014881
:10A9D00070BD00005012002043444320436F6E6658
:10A9E0006967000002461220088001487047000095
:10A9F0000C01002070B505460C462DB922460649CB
:10AA000006A000F0B1F904E02246034903A000F0DB
:10AA1000ABF9014870BD00005012002043444320B0
:10AA2000496E746572666163650000000246042029
:10AA300008800148704700002001002070B50546DD
:10AA40000C462246024903A000F08EF9004870BD72
:10AA5000501200204A6168616E476F737461720022
:10AA600070B505460C462DB92246064906A000F0F1
:10AA70007BF904E02246034903A000F075F9014880
:10AA800070BD0000501200204A6168616E476F730C
:10AA9000746172506F72740070B505460C461A20CE
:10AAA0002080F6F779FA014870BD000024010020EB
:10AAB00070B504460D46E888012804D02946204692
:10AAC000FFF72AFF1EE094F89C02012804D0022818
:10AAD00003D0032810D109E000BF0020A0600122AC
:10AAE00004F108012046FFF744FF0AE00122211D7E
:10AAF0002046FFF73EFF04E029462046FFF70CFF03
:10AB000000BF00BF70BDF8B504460E46002000909F
:10AB10000027002570880012082875D2DFE800F0B1
:10AB2000C7040C20C7C7A5B5207CD4F8B0120A68AA
:10AB3000694690470746C1E0207C40B9D4F8B4028A
:10AB4000816A6846884707460220787007E0D4F893
:10AB5000B402C16A68468847074602207870ADE0B3
:10AB6000B078062878D2DFE800F00316293C50635D
:10AB7000D4F8B002406838B1207CD4F8B0124A68EA
:10AB800069469047074605E031462046FFF7C4FE78
:10AB9000681CC5B267E0D4F8B002806838B1207C88
:10ABA000D4F8B0128A6869469047074605E03146F6
:10ABB0002046FFF7B1FE681CC5B254E0D4F8B002DD
:10ABC000C06838B1207CD4F8B012CA686946904792
:10ABD000074605E031462046FFF79EFE681CC5B2D9
:10ABE00041E0D4F8B002006938B1207CD4F8B0124A
:10ABF0000A6969469047074605E031462046FFF757
:10AC00008BFE681CC5B22EE051E0D4F8B00240695A
:10AC100038B1207CD4F8B0124A696946904707469B
:10AC200005E031462046FFF777FE681CC5B21AE002
:10AC3000D4F8B002806940B1207CD4F8B0128A699F
:10AC400069469047074606E006E031462046FFF792
:10AC500063FE681CC5B206E031462046FFF75CFE85
:10AC6000681CC5B200BF00BF28E0207C30B9D4F812
:10AC7000B402416B68468847074605E031462046E6
:10AC8000FFF74AFE681CC5B218E0207C40B9D4F832
:10AC9000B402016B6846884707460720787005E0D4
:10ACA00031462046FFF738FE681CC5B206E0314643
:10ACB0002046FFF731FE681CC5B200BF00BF05B1DA
:10ACC000F8BDBDF8000088B1F08878B1F088BDF813
:10ACD0000010884202DDBDF8000000E0F08800901E
:10ACE000BDF8002039462046FFF743FEF08810B932
:10ACF0002046FFF74FFE00BFE2E70146002002E0DA
:10AD0000421CD0B2491C0A78002AF9D1704770B5AC
:10AD100004460D4694F89C02012804D0022803D072
:10AD200003281AD101E000BF00BFE888022804D040
:10AD300029462046FFF7F0FD14E00120E060D4F83A
:10AD4000A40218B1E06840F00200E060022204F1C1
:10AD50000C012046FFF70DFE04E029462046FFF7D0
:10AD6000DBFD00BF00BF70BD2DE9F04104460D467C
:10AD700017460026FCB12046FFF7BFFF022101EB7A
:10AD8000400038803A783046711CCEB22A540322F3
:10AD90003046711CCEB22A540AE014F8012B30461A
:10ADA000711CCEB22A5400223046711CCEB22A54F5
:10ADB00020780028F1D1BDE8F0810146002031B1B2
:10ADC000012906D0022906D0032908D105E0002078
:10ADD00007E0022005E0012003E0022001E002205C
:10ADE00000BF00BF704770B504460D4616460CB94B
:10ADF000022070BDD4F8B40210B10020C4F8B4022F
:10AE00000DB1C4F8B052012084F89C02267020468F
:10AE100000F004F90020ECE72DE9F04104460D466E
:10AE2000002600272946D4F8C002F7F715F9064690
:10AE30003046FFF7C2FF07463846BDE8F0812DE9EE
:10AE4000F04104460D46002600272946D4F8C002EA
:10AE5000F7F7CDF806463046FFF7AFFF074638460E
:10AE6000BDE8F0812DE9F04104460E461746002E5C
:10AE700064D104F11405D4F89402022848D1D5E92C
:10AE80000301884210D9D5E90301401AE860A88976
:10AE900082B239462046FFF733FD00231A46194691
:10AEA000204600F031F93EE02969A868B0FBF1F2D4
:10AEB00001FB1200B8B92969A868884213D3A868B1
:10AEC000D4F8981288420ED2002211462046FFF78D
:10AED00017FD0020C4F8980200231A4619462046A0
:10AEE00000F012F91FE0D4F8B402C06840B194F841
:10AEF0009C02032804D1D4F8B402C16820468847D4
:10AF00008021204600F0B0F92046FFF725FD0AE039
:10AF1000D4F89402042802D0D4F8940218B98021FD
:10AF2000204600F0A1F994F8A002012818D120468B
:10AF300000F0FAF9002084F8A00211E0D4F8B4027D
:10AF4000406950B194F89C02032806D1D4F8B402A9
:10AF5000314642692046904702E00220BDE8F08178
:10AF60000020FBE72DE9F04104460E461746BEBB24
:10AF700004F5AA75D4F89402032825D1D5E9030174
:10AF8000884210D9D5E90301401AE860D5E90301E8
:10AF9000884201D2E86800E0286982B2394620463A
:10AFA000FFF7A2FC2FE0D4F8B402006940B194F896
:10AFB0009C02032804D1D4F8B402016920468847D2
:10AFC0002046FFF7E7FC1EE0D4F8940205281AD1CA
:10AFD0000020C4F894020021204600F045F912E058
:10AFE000FFE7D4F8B402806950B194F89C020328BA
:10AFF00006D1D4F8B402314682692046904702E077
:10B000000220BDE8F0810020FBE770B504460D4644
:10B010002946D4F8C002F7F79DFB70BD10B5044671
:10B020001D48C0F8E842C4F8C0021C481A4908602C
:10B030000820486002211848816000218161C161B7
:10B040000162F7F75EFD08B1F5F746FA04F53074D2
:10B050001823002211462068F6F786FF58230022A5
:10B0600080212068F6F780FFC0230022812120681C
:10B07000F6F77AFF4FF48873002201212068F6F773
:10B0800073FF2068A4F530744FF48073002282218E
:10B09000F6F76AFF002010BD201C0020005C004075
:10B0A00010B50246D2F8C03201F08000802809D1E4
:10B0B00001F07F0000EB800403F1280000EBC400E6
:10B0C000807810BD01F07F0000EB800403F5B470C0
:10B0D00000EBC4008078F4E72DE9F04704460F4602
:10B0E00015461E464FF00008C1462B4632463946EB
:10B0F000D4F8C002F7F739FB80464046FFF75DFE03
:10B1000081464846BDE8F0872DE9F04704460D46E4
:10B1100016461F464FF00008C1463B4632462946B8
:10B12000D4F8C002F7F767FB80464046FFF745FEBC
:10B1300081464846BDE8F08710B50446402300220A
:10B1400011462046FFF7C8FF01214FF4AC700151B2
:10B1500040214FF4B270015140230022802120464B
:10B16000FFF7BAFF0121A16140216162012084F84B
:10B170009C020020C4F894026060C4F8A402D4F8D1
:10B18000B80228B12179D4F8B40242682046904729
:10B19000002010BD014691F89C02042803D191F8CB
:10B1A0009D0281F89C020020704710B5044694F877
:10B1B0009C02032808D1D4F8B402C06920B1D4F8A5
:10B1C000B402C16920468847002010BD02461174B0
:10B1D000002070472DE9F04104460D460026002767
:10B1E0002946D4F8C002F7F77BFD06463046FFF744
:10B1F000E4FD07463846BDE8F08170B504460D46CB
:10B20000294604F52A7000F073F80120C4F894026E
:10B2100040F2AE20005BC4F8980294F8A80200F057
:10B220001F0020B1012808D0022812D10BE004F53C
:10B230002A71204600F041F913E004F52A712046F6
:10B2400000F0A8FA0DE004F52A71204600F086F916
:10B2500007E094F8A80200F08001204600F004F80E
:10B2600000BF00BF002070BD2DE9F04104460D462F
:10B27000002600272946D4F8C002F7F7E2FA06466E
:10B280003046FFF79AFD07463846BDE8F08170B5B5
:10B29000044600250026D4F8C002F7F745FD054610
:10B2A0002846FFF78AFD0646304670BD014691F8F4
:10B2B0009C0281F89D02042081F89C0200207047C6
:10B2C0002DE9F04704460D4616461F464FF000088C
:10B2D000C1463B4632462946D4F8C002F7F7F5FA94
:10B2E00080464046FFF769FD81464846BDE8F08745
:10B2F0000A7802704A7842708B78CA7803EB02228F
:10B3000042800B794A7903EB022282808B79CA79D9
:10B3100003EB0222C28070470246002011B1C2F83E
:10B32000B41200E00220704701460020704770B55B
:10B3300004460D46A88810BBE88800BB68888028B2
:10B340001DD2A87800F07F0694F89C02032804D14F
:10B3500029462046FFF7E0FA15E084F89E62314660
:10B360002046FFF737FF2046FFF714FB1EB10220EF
:10B3700084F89C0207E0012084F89C0203E029463F
:10B380002046FFF7C9FA70BD70B504460D46022687
:10B39000D4F8B40238B1D4F8B40229460268204681
:10B3A000904700B90026304670BD000070B50446D5
:10B3B0000D46A8783649087008460078012804DD53
:10B3C00029462046FFF7A8FA60E094F89C0202287C
:10B3D00002D003284FD11CE02D480078A8B12C489A
:10B3E00000786060032084F89C0229480178204698
:10B3F000FFF7CAFF022804D129462046FFF78CFA3E
:10B4000070BD2046FFF7C6FA02E02046FFF7C2FAF9
:10B410003BE01F48007870B9022084F89C021C4869
:10B42000007860601A4801782046FFF733FA20461A
:10B43000FFF7B0FA1EE0164909786068884216D016
:10B4400021792046FFF726FA1148007860601048FD
:10B4500001782046FFF798FF022804D129462046AC
:10B46000FFF75AFACCE72046FFF794FA02E02046AD
:10B47000FFF790FA09E029462046FFF74DFA044805
:10B4800001782046FFF706FA00BF00BF00BFB7E70C
:10B490007801002070B505460C466088012804D16B
:10B4A000C5F8A4022846FFF775FA70BD10B504462A
:10B4B0002046FFF7ECFE002010BD70B505460C4697
:10B4C0000026207800F0600060B1202802D04028DB
:10B4D0003CD100E000BFD5F8B4022146826828467E
:10B4E000904738E060780A2829D2DFE800F0192375
:10B4F000281E280A0528140F21462846FFF703FBBB
:10B5000022E021462846FFF712FF1DE0214628468B
:10B51000FFF74CFF18E021462846FFF7C9FA13E071
:10B5200021462846FFF7F3FB0EE021462846FFF7A9
:10B53000B1FF09E021462846FFF7B7F904E02146AC
:10B540002846FFF7E9F900BF00BF04E0214628467E
:10B55000FFF7E2F900BF00BF304670BD2DE9F041B2
:10B5600005460E464FF000083479307800F0600050
:10B5700060B1202802D0402871D100E000BFD5F88A
:10B58000B402314682682846904700E1307800F0E6
:10B590006000202809D1D5F8B402314682682846D7
:10B5A000904780464046BDE8F081707800285ED024
:10B5B00001282FD0032876D195F89C02022802D0CA
:10B5C000032820D110E054B1802C08D02146284611
:10B5D000FFF74AFE80212846FFF746FE03E031468A
:10B5E0002846FFF799F913E0708840B93CB1802CE8
:10B5F00005D0F08818B921462846FFF735FE2846C1
:10B60000FFF7C8F904E031462846FFF785F900BF87
:10B6100000BFB5E095F89C02022802D003281FD194
:10B6200010E054B1802C08D021462846FFF71CFEBC
:10B6300080212846FFF718FE03E031462846FFF731
:10B640006BF912E0708848B904F07F0018B1214608
:10B650002846FFF7E1FB2846FFF79CF905E091E05B
:10B6600031462846FFF758F900BF00BF88E095F83B
:10B670009C02022802D0032876D126E034B1802C27
:10B6800004D031462846FFF747F972E004F0800005
:10B69000802809D104F07F0000EB800105F114003F
:10B6A00000EB810008E066E004F07F0000EB800121
:10B6B00005F5AA7000EB81000746002038600222E1
:10B6C00039462846FFF755F953E004F080008028FA
:10B6D0000ED104F00F0000EB800105F1140000EB27
:10B6E0008100406898B931462846FFF715F940E0D7
:10B6F00004F00F0000EB800105F5AA7000EB81005B
:10B70000406820B931462846FFF706F931E004F0D9
:10B710008000802808D104F07F0000EB800105F153
:10B72000140000EB810007E004F07F0000EB8001D3
:10B7300005F5AA7000EB810007460CB1802C02D100
:10B740000020386009E021462846FFF7A9FC10B127
:10B750000120386001E00020386002223946284686
:10B76000FFF707F905E0FFE731462846FFF7D4F871
:10B7700000BF00BF04E031462846FFF7CDF800BF08
:10B7800000BF04E031462846FFF7C6F800BF00BFFF
:10B79000404608E770B505460C460026207800F0C4
:10B7A000600030B1202802D040282AD100E000BF3C
:10B7B00000BF95F89C02012804D0022803D003287A
:10B7C00018D101E000BF00BF207901280DDCD5F8B9
:10B7D000B40221468268284690470646E08840B970
:10B7E0003EB92846FFF7D6F803E021462846FFF782
:10B7F00093F804E021462846FFF78EF800BF00BF0B
:10B8000004E021462846FFF787F800BF00BF00206C
:10B8100070BD704701460148704700000C1F0020B2
:10B82000F0B5024600260878400032F8100048F6CD
:10B830008F1400EA0403C87830B101280CD0022824
:10B8400005D003280BD104E043F4007309E000BFE6
:10B8500007E043F4C06304E043F4806301E00126A1
:10B8600000BF00BF43F4004040F080000C7864004B
:10B8700022F8140000BF0C78640032F8144048F637
:10B880008F752C400D7844EA050040F4004444F0E4
:10B8900080040D786D0022F8154000BF087B002859
:10B8A0007ED14878002852D000BF1046B2F85050E0
:10B8B00028440D7800F5806707EB0514CD886D10DE
:10B8C0006D00258000BF00BF0C78640032F81400C2
:10B8D00000F040048CB100BF0D786D0032F81550B7
:10B8E00048F68F7705EA070444F4004545F0C005A3
:10B8F0000F787F0022F8175000BF00BFC8780128DA
:10B9000013D000BF0C78640032F8144048F6BF75BD
:10B9100004EA050080F0200040F4004444F0800474
:10B920000D786D0022F815409EE100BF0C78640090
:10B9300032F8144048F6BF7504EA050040F40044AC
:10B9400044F080040D786D0022F815408CE100BFB2
:10B950001046B2F8505028440D78042707EBC5056F
:10B9600000F5806707EB4504CD886D106D002580DC
:10B9700000BF00BF1546B2F8504025440C7806279A
:10B9800007EBC40405F5806707EB4404204600BFBD
:10B990000F6967B9078848F2FF3C07EA0C0700E027
:10B9A00057E00780078847F4004707801EE00F69CB
:10B9B0003E2F0DD800BF0F697C080F7C07F00107F0
:10B9C00007B1641C4FF6FF7707EA842707800DE074
:10B9D00000BF0F697C090F7C07F01F0707B9641EC1
:10B9E0004FF4004747EA8427078000BF00BF00BF2D
:10B9F00000BF0C78640032F8140000F480448CB16D
:10BA000000BF0D786D0032F8155048F68F7705EAC3
:10BA1000070444F4004545F481450F787F0022F87F
:10BA2000175000BF00BF00BF0C78640032F814400C
:10BA30004BF68F7504EA050080F4805080F40050C6
:10BA400040F4004444F080040D786D0022F8154065
:10BA50000AE100BF0C78640032F8144048F68F7594
:10BA600004EA050040F4004444F4C0740D786D000D
:10BA700022F8154000BF00BF00BF00BF1046B2F85B
:10BA8000505028440D7800F5806707EB05140D89A8
:10BA90006D106D00258000BF00BF00BF00BF1046C5
:10BAA000B2F8505028440D78042707EBC50500F57F
:10BAB000806707EB45044D896D106D00258000BF40
:10BAC00000BF00BF487800285DD100BF0C7864003B
:10BAD00032F8140000F480448CB100BF0D786D0082
:10BAE00032F8155048F68F7705EA070444F400450C
:10BAF00045F481450F787F0022F8175000BF00BF42
:10BB000000BF0C78640032F8140000F040048CB1DF
:10BB100000BF0D786D0032F8155048F68F7705EAB2
:10BB2000070444F4004545F0C0050F787F0022F873
:10BB3000175000BF00BF00BF0C78640032F81440FB
:10BB40004BF68F7504EA050080F4805080F40050B5
:10BB500040F4004444F080040D786D0022F8154054
:10BB600000BF00BF0C78640032F8144048F6BF757F
:10BB700004EA050040F4004444F080040D786D00B0
:10BB800022F8154070E000BF0C78640032F8140011
:10BB900000F480448CB100BF0D786D0032F8155070
:10BBA00048F68F7705EA070444F4004545F48145DB
:10BBB0000F787F0022F8175000BF00BF00BF0C783D
:10BBC000640032F8140000F040048CB100BF0D781E
:10BBD0006D0032F8155048F68F7705EA070444F4F3
:10BBE000004545F0C0050F787F0022F8175000BFD0
:10BBF00000BFC878012813D000BF0C78640032F869
:10BC0000144048F6BF7504EA050080F0200040F4B7
:10BC1000004444F080040D786D0022F8154011E0D6
:10BC200000BF0C78640032F8144048F6BF7504EA8F
:10BC3000050040F4004444F080040D786D0022F8C3
:10BC4000154000BF00BF0C78640032F814404BF67A
:10BC50008F7504EA050040F4004444F080040D7838
:10BC60006D0022F8154000BF3046F0BD10B5044607
:10BC7000002010BD30B50246087B00285BD1487813
:10BC800060B300BF0B785B0032F8130000F0400394
:10BC90008BB100BF0C78640032F8144048F68F7501
:10BCA00004EA050343F4004444F0C0040D786D0039
:10BCB00022F8154000BF00BF00BF0B785B0032F8D0
:10BCC000133048F6BF7403EA040040F4004343F025
:10BCD00080030C78640022F8143007E100BF0B7871
:10BCE0005B0032F8130000F480438BB100BF0C7886
:10BCF000640032F8144048F68F7504EA050343F4F3
:10BD0000004444F481440D786D0022F8154000BFD2
:10BD100000BF00BF0B785B0032F813304BF68F7416
:10BD200003EA040040F4004343F080030C7864000D
:10BD300022F81430DAE0487800286BD100BF0B7885
:10BD40005B0032F8130000F480438BB100BF0C7825
:10BD5000640032F8144048F68F7504EA050343F492
:10BD6000004444F481440D786D0022F8154000BF72
:10BD700000BF00BF0B785B0032F8130000F04003F7
:10BD80008BB100BF0C78640032F8144048F68F7510
:10BD900004EA050343F4004444F0C0040D786D0048
:10BDA00022F8154000BF00BF00BF0B785B0032F8DF
:10BDB000133048F68F7403EA040040F4004343F064
:10BDC000C0030C78640022F8143000BF00BF0B7869
:10BDD0005B0032F813304BF68F7403EA040040F432
:10BDE000004343F080030C78640022F8143000BF55
:10BDF00000BF0B785B0032F8133048F6BF7403EADB
:10BE0000040040F4004343F080030C78640022F8FF
:10BE100014306BE000BF0B785B0032F8130000F4C5
:10BE200080438BB100BF0C78640032F8144048F6B0
:10BE30008F7504EA050343F4004444F481440D780B
:10BE40006D0022F8154000BF00BF00BF0B785B00FB
:10BE500032F8130000F040038BB100BF0C7864008F
:10BE600032F8144048F68F7504EA050343F40044A1
:10BE700044F0C0040D786D0022F8154000BF00BFEB
:10BE800000BF0B785B0032F8133048F68F7403EA7A
:10BE9000040040F4004343F481430C78640022F82A
:10BEA000143000BF00BF0B785B0032F8133048F647
:10BEB000BF7403EA040040F4004343F080030C78AD
:10BEC000640022F8143000BF00BF0B785B0032F82A
:10BED00013304BF68F7403EA040040F4004343F040
:10BEE00080030C78640022F8143000BF002030BDBD
:10BEF00001460020704701460020704710B50446F7
:10BF0000012024F8400F00202080A0802082403CA7
:10BF100010BD01464FF43F42B1F840009043A1F8F4
:10BF200040000020704702460020704730B50246AE
:10BF3000087B002865D1487888B300BF0B785B0088
:10BF400032F8130000F040038BB100BF0C7864009E
:10BF500032F8144048F68F7504EA050343F40044B0
:10BF600044F0C0040D786D0022F8154000BF00BFFA
:10BF7000C878012845D000BF0B785B0032F8133039
:10BF800048F6BF7403EA040080F0200040F4004348
:10BF900043F080030C78640022F8143031E0FFE7AE
:10BFA00000BF0B785B0032F8130000F480438BB1C4
:10BFB00000BF0C78640032F8144048F68F7504EA2C
:10BFC000050343F4004444F481440D786D0022F8E5
:10BFD000154000BF00BF00BF0B785B0032F8133084
:10BFE0004BF68F7403EA040080F4805080F4005014
:10BFF00040F4004343F080030C78640022F81430CE
:10C0000000BF002030BD10B50246487898B100BF8F
:10C010000B785B0032F8133048F6BF7403EA040073
:10C0200080F0100040F4004343F080030C7864007B
:10C0300022F8143013E000BF0B785B0032F81330A5
:10C040004BF68F7403EA040080F4805040F4004300
:10C0500043F080030C78640022F8143000BF002005
:10C0600010BD2DE9F04706460C466078012876D1D0
:10C070002169A069884201D9256900E0A569207B72
:10C08000A0B9ABB2E2883046616900F0F4FD00BFB0
:10C090003046B6F8502010442278022303EBC20247
:10C0A00000F5806303EB42010D8081E3E078022814
:10C0B0007DD12169206A88427AD900BF2178490060
:10C0C00036F8111048F68F7201EA020040F4004180
:10C0D00041F4C0712278520026F8121000BF206A85
:10C0E000401B20622078400036F8100000F040002D
:10C0F00000287DD000BF3346607888BB00BF324641
:10C10000B6F850100A4421784FF0060909EBC10136
:10C1100002F5806909EB4101084600BF75B9B0F826
:10C12000009048F2FF3A09EA0A09A0F80090B0F836
:10C13000009049F40049A0F8009021E03E2D10D86D
:10C1400000BF690805F00109B9F1000F00D0491CD2
:10C150004FF6FF7909EA8129A0F8009010E03DE34D
:10C1600010E000BF690905F01F09B9F1000F00D107
:10C17000491E4FF4004949EA8129A0F8009000BF08
:10C1800000BF0FE0607801280CD1B6F850000344DE
:10C190002078062101EBC00003F5806101EB400C23
:10C1A000ACF8005000BF6789ABB23A4601E057E1F6
:10C1B0002CE13046616900F05EFD606928446061F1
:10C1C0002169206A884203D9206A401B206202E06C
:10C1D000256A0020206200BF6078C0BB00BF3246E5
:10C1E000B6F850100A442178022303EBC10100E0A5
:10C1F00049E002F5806303EB4101084600BF55B9F1
:10C20000038848F2FF3C03EA0C030380038843F4ED
:10C210000043038019E03E2D0BD800BF690805F0EC
:10C22000010303B1491C4FF6FF7303EA8123038026
:10C230000BE000BF690905F01F0303B9491E4FF465
:10C24000004343EA8123038000BF00BF12E0FFE701
:10C25000607801280ED100BF3046B6F85020104457
:10C260002278022303EBC20200F5806303EB420154
:10C270000D8000BF00BF2789ABB23A4630466169E6
:10C2800000F0F9FC94E200BF6078B0BB00BF32461A
:10C29000B6F850100A442178022303EBC10102F5DD
:10C2A000806303EB4101084600BF55B9038848F29B
:10C2B000FF3C03EA0C030380038843F4004303803C
:10C2C00019E03E2D0BD800BF690805F0010303B14A
:10C2D000491C4FF6FF7303EA812303800BE000BF84
:10C2E000690905F01F0303B9491E4FF4004343EAEF
:10C2F0008123038000BF00BF12E0FFE760780128C0
:10C300000ED100BF3046B6F85020104422780223E8
:10C3100003EBC20200F5806303EB42010D8000BF16
:10C3200000BF2789ABB23A463046616900F0A3FCF2
:10C330006069284460612169206A884203D9206AC3
:10C34000401B206202E0256A0020206200BF3346C5
:10C35000607880BB00BF3246B6F850100A4421789E
:10C360004FF0060909EBC10102F5806909EB4101B3
:10C37000084600BF75B9B0F8009048F2FF3A09EAE4
:10C380000A09A0F80090B0F8009049F40049A0F81C
:10C39000009020E03E2D0FD800BF690805F001098C
:10C3A000B9F1000F00D0491C4FF6FF7909EA812945
:10C3B000A0F800900FE010E000BF690905F01F0928
:10C3C000B9F1000F00D1491E4FF4004949EA812913
:10C3D000A0F8009000BF00BF0FE0607801280CD1EA
:10C3E000B6F8500003442078062101EBC00003F5A5
:10C3F000806101EB400CACF8005000BF6789ABB224
:10C400003A463046616900F036FCD1E1256A00BF4A
:10C410002178490036F8111048F68F6201EA0200CF
:10C4200040F4004141F080012278520026F81210B9
:10C4300000BF00BF3046B6F85020104422780223D7
:10C4400003EBC20200F5806303EB42010D8000BFE5
:10C450002789ABB23A463046616900F00CFCA7E18F
:10C4600000BF2178490036F8111048F68F7201EAB2
:10C47000020040F4004141F4C0712278520026F8D5
:10C48000121000BF206A401B20622078400036F85E
:10C49000100000F0400000287DD000BF33466078D7
:10C4A00080BB00BF3246B6F850100A4421784FF0E6
:10C4B000060909EBC10102F5806909EB4101084653
:10C4C00000BF75B9B0F8009048F2FF3A09EA0A09CE
:10C4D000A0F80090B0F8009049F40049A0F800904E
:10C4E00020E03E2D0FD800BF690805F00109B9F121
:10C4F000000F00D0491C4FF6FF7909EA8129A0F806
:10C5000000900FE010E000BF690905F01F09B9F1C4
:10C51000000F00D1491E4FF4004949EA8129A0F8D3
:10C52000009000BF00BF0FE0607801280CD1B6F882
:10C53000500003442078062101EBC00003F5806120
:10C5400001EB400CACF8005000BF6789ABB23A4633
:10C550003046616900F08FFB6069284460612169A1
:10C56000206A884203D9206A401B206202E0256AC3
:10C5700000202062002D56D000BF6078C0BB00BFF5
:10C580003246B6F850100A442178022303EBC10169
:10C5900002F5806300E047E003EB4101084600BF7D
:10C5A00055B9038848F2FF3C03EA0C030380038873
:10C5B00043F40043038019E03E2D0BD800BF690807
:10C5C00005F0010303B1491C4FF6FF7303EA812311
:10C5D00003800BE000BF690905F01F0303B9491E82
:10C5E0004FF4004343EA8123038000BF00BF12E001
:10C5F000FFE7607801280ED100BF3046B6F8502022
:10C6000010442278022303EBC20200F5806303EB9F
:10C6100042010D8000BF00BF2789ABB23A463046C9
:10C62000616900F028FBC3E000BF6078B0BB00BFC9
:10C630003246B6F850100A442178022303EBC101B8
:10C6400002F5806303EB4101084600BF55B903883A
:10C6500048F2FF3C03EA0C030380038843F40043E1
:10C66000038019E03E2D0BD800BF690805F00103D7
:10C6700003B1491C4FF6FF7303EA812303800BE0EB
:10C6800000BF690905F01F0303B9491E4FF40043B9
:10C6900043EA8123038000BF00BF12E0FFE7607818
:10C6A00001280ED100BF3046B6F850201044227841
:10C6B000022303EBC20200F5806303EB42010D800D
:10C6C00000BF00BF2789ABB23A463046616900F02F
:10C6D000D2FA6069284460612169206A884203D9DE
:10C6E000206A401B206202E0256A00202062A5B378
:10C6F00000BF3346607888BB00BF3246B6F85010A2
:10C700000A4421784FF0060909EBC10102F580695E
:10C7100009EB4101084600BF75B9B0F8009048F236
:10C72000FF3A09EA0A09A0F80090B0F8009049F42D
:10C730000049A0F8009021E03E2D10D800BF690804
:10C7400005F00109B9F1000F00D0491C4FF6FF793F
:10C7500009EA8129A0F8009010E029E010E000BF6C
:10C76000690905F01F09B9F1000F00D1491E4FF406
:10C77000004949EA8129A0F8009000BF00BF0FE0FE
:10C78000607801280CD1B6F85000034420780621C7
:10C7900001EBC00003F5806101EB400CACF80050E8
:10C7A00000BF6789ABB23A463046616900F063FA70
:10C7B00000BF2178490036F8111048F6BF7201EA2F
:10C7C000020080F0100080F0200040F4004141F0B1
:10C7D00080012278520026F8121005E2207BA0BBCF
:10C7E0002169A069884204D92569A069401BA0611C
:10C7F00002E0A5690020A06100BF3246B6F85010E3
:10C800000A442178062303EBC10102F5806303EBA0
:10C810004101084600BF55B9038848F2FF3C03EACE
:10C820000C030380038843F4004303801AE03E2D89
:10C830000CD800BF690805F0010303B1491C4FF68D
:10C84000FF7303EA812303800CE00DE000BF690958
:10C8500005F01F0303B9491E4FF4004343EA812347
:10C86000038000BF00BFA9E1E07802287DD100BFAE
:10C8700000BF6078E0BB00BF3246B6F850100A44F3
:10C880002178022303EBC10102F5806303EB410130
:10C89000084600BF236953B9038848F2FF3C03EA06
:10C8A0000C030380038843F4004303801EE02369E4
:10C8B0003E2B0DD800BF23695908237C03F00103E8
:10C8C00003B1491C4FF6FF7303EA812303800DE097
:10C8D00000BF23695909237C03F01F0303B9491ED4
:10C8E0004FF4004343EA8123038000BF00BF13E0FD
:10C8F000FFE7607801280FD100BF3046B6F850201E
:10C9000010442278022303EBC20200F5806303EB9C
:10C910004201228A0A8000BF00BF00BF3346607810
:10C92000E8BB00BF3246B6F850100A4421784FF0F9
:10C93000060909EBC10102F5806909EB41010846CE
:10C9400000BFD4F81090B9F1000F0FD1B0F80090EB
:10C9500048F2FF3A09EA0A09A0F80090B0F80090FE
:10C9600049F40049A0F800902EE06BE0D4F8109054
:10C97000B9F13E0F14D800BFD4F810904FEA590116
:10C9800094F8109009F00109B9F1000F00D0491C8A
:10C990004FF6FF7909EA8129A0F8009014E015E02C
:10C9A00000BFD4F810904FEA591194F8109009F094
:10C9B0001F09B9F1000F00D1491E4FF4004949EA9F
:10C9C0008129A0F8009000BF00BF10E06078012826
:10C9D0000DD1B6F8500003442078062101EBC000C9
:10C9E00003F5806101EB400C208AACF8000000BF29
:10C9F00000BFE069002824D02078400036F810807D
:10CA000008F4804010B108F0400038B908F48040C4
:10CA1000002816D108F04000002812D100BF00BF46
:10CA20002178490036F8111048F68F7201EA0200A9
:10CA300040F4004141F0C0012278520026F8121063
:10CA400000BFBBE0E07801287CD12169A069884261
:10CA500004D92569A069401BA06102E0A5690020F6
:10CA6000A06100BF00BF6078B0BB00BF3246B6F81F
:10CA700050100A442178022303EBC10102F58063C0
:10CA800003EB4101084600BF55B9038848F2FF3C5B
:10CA900003EA0C030380038843F40043038019E096
:10CAA0003E2D0BD800BF690805F0010303B1491CF6
:10CAB0004FF6FF7303EA812303800BE000BF69098F
:10CAC00005F01F0303B9491E4FF4004343EA8123D5
:10CAD000038000BF00BF12E0FFE7607801280ED19D
:10CAE00000BF3046B6F8502010442278022303EBF2
:10CAF000C20200F5806303EB42010D8000BF00BF5E
:10CB000000BF3346607890BB00BF3246B6F8501085
:10CB10000A4421784FF0060909EBC10102F580694A
:10CB200009EB4101084600BF85B9B0F8009048F212
:10CB3000FF3A09EA0A09A0F80090B0F8009049F419
:10CB4000004900E037E0A0F8009020E03E2D0FD82B
:10CB500000BF690805F00109B9F1000F00D0491CB8
:10CB60004FF6FF7909EA8129A0F800900FE010E064
:10CB700000BF690905F01F09B9F1000F00D1491E76
:10CB80004FF4004949EA8129A0F8009000BF00BF96
:10CB90000FE0607801280CD1B6F8500003442078EB
:10CBA000062101EBC00003F5806101EB400CACF8FD
:10CBB000005000BF02E00120BDE8F08700BF2178EF
:10CBC000490036F811104BF68F7201EA020080F42A
:10CBD000805080F4005040F4004141F08001227800
:10CBE000520026F8121000BF0020E5E701460020A1
:10CBF000A1F844004FF43F42A1F8402070470000E4
:10CC000010B50248F5F78CFE10BD0000201C002076
:10CC10000146B1F8440070472DE9F04304460E4642
:10CC200015464FEA530CA046304608F5806909EBDB
:10CC3000450267460AE01188921C0170401C4FEAC9
:10CC4000112980F80090401C921C7F1E002FF2D109
:10CC500003F00109B9F1000F01D011880170BDE89E
:10CC6000F083024600207047024611B98020A2F8E6
:10CC70004C00002070472DE9F04704460D461E4643
:10CC800006F1010A4FEA5A08A146284609F5806ACA
:10CC90000AEB420347460BE090F800C0401C90F8B6
:10CCA00000A04CEA0A2119809B1C9B1C401C7F1E83
:10CCB000002FF1D1BDE8F08700BFFEE72DE9F04F6E
:10CCC0009BB0044600201790169020210EA8F3F781
:10CCD00054FA002500260020059004900390FE4998
:10CCE000086014B98DF83A000FE1162C66D1FB48A4
:10CCF00090F802B08DF83AB09DF83A00642803DB52
:10CD000000201BB0BDE8F08F9DF83A00002801DA42
:10CD10000020F6E7F148C0788DF83B00EF48007935
:10CD20008DF83C00ED4840798DF83D004AF6AA2088
:10CD3000EB49096808609DF83B0000280FDB9DF86F
:10CD40003C0001280BDB9DF83C000C2807DC9DF81B
:10CD50003D00012803DB9DF83D001F2804DDE1A014
:10CD600002F062FC0120CCE7DC4880798DF83E00BF
:10CD7000DA48C0798DF83F009DF83E00172803DCA3
:10CD80009DF83F003B2804DDD6A002F04DFC0120B9
:10CD9000B7E7D248007A8DF84000D048407A8DF845
:10CDA00041009DF84000172803DC9DF841003B2816
:10CDB0009ADDCCA002F038FC0120A2E7172C93D01A
:10CDC000182C51D1C54880788DF83B00C348C078F5
:10CDD0008DF83C00C14800798DF83D009DF83B007E
:10CDE00000280FDB9DF83C0001280BDB9DF83C0080
:10CDF0000C2807DC9DF83D00012803DB9DF83D0071
:10CE00001F2804DDB7A002F00FFC012079E7B3482A
:10CE100040798DF83E00B14880798DF83F009DF84B
:10CE20003E00172803DC9DF83F003B2804DDADA041
:10CE300002F0FAFB012064E7A848C0798DF84000B1
:10CE4000A648007A8DF841000020AB4908709DF893
:10CE50004000172803DC9DF841003B2855DDA1A0C8
:10CE600002F0E2FB01204CE7192C4ED19B48807860
:10CE70008DF83B009948C0788DF83C0097480079C0
:10CE80008DF83D009DF83B0000280FDB9DF83C002D
:10CE900001280BDB9DF83C000C2807DC9DF83D00C9
:10CEA000012803DB9DF83D001F2804DD8DA002F062
:10CEB000BBFB012025E7894840798DF83E00874873
:10CEC00080798DF83F009DF83E00172803DC9DF81F
:10CED0003F003B2804DD83A002F0A6FB012010E701
:10CEE0007E48C0798DF840007C48007A8DF841007A
:10CEF0009DF84000172803DC9DF841003B2804DD25
:10CF000078A002F091FB0120FBE64AF6AA207449C2
:10CF1000096808602046E11704EB11610912A4EBCF
:10CF20000121C9B28DF83810E11704EB1161090A2B
:10CF30008DF839100025002004E00EA9095C4D4051
:10CF4000411CC8B20F28F8DB8DF84750F4F750FBAE
:10CF50008246B6E14AF6AA20614909680860F4F7FA
:10CF600047FBA0EB0A0042F21071884204D963A08B
:10CF700002F05AFB0120C4E65748006890B15748B8
:10CF80000078632803D055480078432807D160A073
:10CF900002F04AFB0020504908600120B1E6002061
:10CFA0004D49086018A8F8F73DF920B118A8F8F71E
:10CFB00039F900B185E110210020F8F739F870B196
:10CFC00018A8F8F72FF920B118A8F8F72BF900B135
:10CFD00077E110210020F8F72BF800B171E106A9E4
:10CFE0000120F8F7B7F800B16BE19DF818709DF8D3
:10CFF000190007EB00279DF81A809DF81B0008EB2D
:10D0000000289DF81C0008EB00489DF81D0008EB67
:10D01000006807F40040B0F5004F08D1C7F30E07D1
:10D0200046F6292047404BF2A62088EA00084AF637
:10D03000AA202B490968086039210420F7F7F8FF76
:10D0400070B118A8F8F7EEF820B118A8F8F7EAF8C8
:10D0500000B136E139210420F7F7EAFF00B130E1F1
:10D0600006A91120F8F776F8C8B139210420F7F79E
:10D07000DFFF70B118A8F8F7D5F820B118A8F8F7B5
:10D08000D1F800B11DE139210420F7F7D1FF00B13B
:10D0900017E106A91120F8F75DF800B111E10025AC
:10D0A000002004E006A9095C4D40411CC8B20F28CD
:10D0B000F8DB4FF000099DF82700A84205D19DF844
:10D0C00018909DF8190009EB00294AF6AA20044996
:10D0D00009680860002035E018000020680700207B
:10D0E000540D00207B2243223A7B225374617475D5
:10D0F00073223A327D7D0A004E0000207B224322BB
:10D100003A7B22537461747573223A317D7D0A0033
:10D110007B2252656365697665223A7B225374618E
:10D12000747573223A32367D2C2243223A7B225484
:10D13000797065223A2243616E73656C227D7D0AA7
:10D14000000000005F49087048708870C870AB200C
:10D150000871CD2048711220F8F78AF800B1B0E0CC
:10D160004C4549D002A905A8F3F77AFC0646012EE2
:10D1700004D102A905A8F3F773FC064605980390AD
:10D1800016B15A2E00D09CE0059888B301204E4974
:10D1900008704E4908704E490870B9F1170F02D057
:10D1A000B9F1190F02D102204949087001204949FB
:10D1B000087000231A4618460599F8F70DF9002063
:10D1C00044490870424908703F4908703F49087057
:10D1D00002A905A8F3F744FC0646012E04D102A9D2
:10D1E00005A8F3F73DFC06461EB15A2E01D068E0B3
:10D1F00002E0059800B164E02046E11704EB1161FC
:10D200000912A4EB0121C9B28DF83810E11704EB23
:10D210001161090A8DF839108DF83AB000254AF6E7
:10D22000AA202D4909680860002004E00EA9095CC5
:10D230004D40411CC8B20F28F8DB8DF8475039210A
:10D240000420F7F7F5FE70B118A8F7F7EBFF20B14F
:10D2500018A8F7F7E7FF00B133E039210420F7F70A
:10D26000E7FE00B12DE00EA91120F8F701F8C8B1D2
:10D2700039210420F7F7DCFE70B118A8F7F7D2FFC8
:10D2800020B118A8F7F7CEFF00B11AE03921042029
:10D29000F7F7CEFE00B114E00EA91120F7F7E8FF72
:10D2A00000B10EE00399059843463A46CDE90001E6
:10D2B0000AA11A4800F044F8184802F0B5F9002015
:10D2C0001FE547E6C02100208C0200208D020020CF
:10D2D0008E0200209C020020540D00207B2243225D
:10D2E0003A7B22537461747573223A302C22554371
:10D2F000223A25752C224944223A25752C22457460
:10D3000065626172223A25752C22507265457465FA
:10D31000626172223A25757D7D0A0000280B00208B
:10D320000FB4054B10B503A9044A029800F048F861
:10D3300010BC5DF814FB0000E1DB0008AC0200202B
:10D340000FB4084B10B504A902AA039800F038F8EE
:10D35000044602A9002000F05EFA204610BC5DF8E9
:10D3600014FB000017D8000802480068C0F3022030
:10D37000704700000CED00E010B5002804DB0A0740
:10D38000130E054A135406E00A07140E034A00F070
:10D390000F031B1FD45410BD00E400E018ED00E0A3
:10D3A00002E008C8121F08C1002AFAD1704770476E
:10D3B000002001E001C1121F002AFBD170470000CC
:10D3C0002DE9FF4F8DB00F460546002606E02528C3
:10D3D0000BD0DDE90F1290476D1C761C28780028D1
:10D3E000F5D111B03046BDE8F08F0024A246A14629
:10D3F0000122E94900E0044315F8013F203B02FA0D
:10D4000003F00842F7D128782A2810D06FF02F02B5
:10D410002878A0F13001092914D80AEB8A0102EB1F
:10D42000410144F0020400EB010A6D1CF0E701CF5A
:10D430005FEA000A03D544F40054CAF1000A44F03C
:10D4400002046D1C28782E2817D115F8010F44F01E
:10D4500004042A280ED06FF02F022878A0F13001A2
:10D4600009290AD809EB890102EB410100EB010906
:10D470006D1CF2E757F8049B6D1C28786C280FD0C0
:10D4800006DC4C2817D068280DD06A2814D104E097
:10D49000742810D07A280FD10DE044F400140AE06B
:10D4A00044F4801401E044F440146978814202D1CC
:10D4B00004F580146D1C6D1C28786E281ED00CDCC1
:10D4C000632830D004DC00288BD0582811D19FE08D
:10D4D000642867D069280CD164E073282DD004DC5F
:10D4E0006F2872D0702804D194E075286ED0782807
:10D4F0006DD0DDE90F129047761C4BE1C4F302506A
:10D50000022806D0032809D0042801CF09D00660DC
:10D5100040E101CFF117C0E900613BE101CF068096
:10D5200038E1067036E117F8040B8DF80000002092
:10D530008DF80100EB46012003E057F804BB4FF0E3
:10D54000FF3061074FF0000102D40DE008F1010146
:10D55000884649450FDA8045F8DB1BF8081000299A
:10D56000F4D108E008F1010188468142FADB1BF89A
:10D5700008100029F6D1DDE90F23AAEB0800814647
:10D58000214600F031F9304400EB080604E0DDE903
:10D590000F121BF8010B9047B8F10108F7D2214692
:10D5A0004846F2E00A21C4F302524FF0000B089102
:10D5B000022A04D001CFC117032A09D00AE0FF1DB7
:10D5C00027F00707F7E8020108E02CE01EE01FE063
:10D5D00000B2C117042A01D140B2C117021E71F175
:10D5E000000206DA0023D0EB030063EB01012D22D9
:10D5F00002E0220504D52B228DF82420012203E02D
:10D60000E20701D02022F7E7904653E00A210BE021
:10D61000102109E010214FF0000B44F004044FF0FA
:10D620000809089103E008214FF0000B0891C4F3AA
:10D630000252022A04D001CF0021032A06D006E0BC
:10D64000FF1D27F00707F7E8020103E080B2042A74
:10D6500000D1C0B24FF0000822072BD52A78702ADB
:10D6600007D0DDF820C08CF0100C5CEA0B0C05D064
:10D670000EE040228DF82420012208E050EA010348
:10D6800006D030238DF824308DF8252002229046D4
:10D69000089B83F0080353EA0B030BD150EA010205
:10D6A00001D1620706D530228DF824204FF0010801
:10D6B000A9F101092A78582A04D038A20B9208AAA5
:10D6C0000A920BE03AA2F9E75B46089AF2F767FD87
:10D6D0000B9B9B5C0A9A521E0A92137050EA01023D
:10D6E000F2D10A98ADEB000000F1200B600702D5E3
:10D6F00024F4803401E04FF00109D94502DDA9EBA3
:10D700000B0000E0002000EB0B0141440890AAEB65
:10D71000010AE00306D4DDE90F232146504600F05C
:10D7200063F806444FF0000908E009A911F8090060
:10D73000DDE90F12904709F10109761CC145F4DBC0
:10D74000E0030CD5DDE90F232146504600F04CF8EC
:10D75000064404E0DDE90F1230209047761C08995A
:10D76000481E08900029F5DC08E00A980A9900781C
:10D77000491C0A91DDE90F129047761CBBF10001AC
:10D78000ABF1010BF1DC21465046DDE90F2300F03F
:10D7900019F806446D1C21E60928010030313233A6
:10D7A00034353637383961626364656600000000DD
:10D7B00030313233343536373839414243444546C7
:10D7C000000000002DE9F041044600251E461746E2
:10D7D000880404D405E039462020B0476D1C641E3F
:10D7E000F9D52846BDE8F0812DE9F0410446002531
:10D7F0001E469046C80301D5302700E02027880444
:10D8000004D505E041463846B0476D1C641EF9D585
:10D810002846BDE8F0810A68531C0B601070704701
:10D8200010B50120F3F756FC0BA001F0FDFE00201F
:10D8300016490860012016490870164908701649F3
:10D840000870002015490870154908704FF41671CA
:10D850001448F2F792FC10BD7B225265636569762D
:10D8600065223A7B22537461747573223A32367D95
:10D870002C2243223A7B2254797065223A2243615A
:10D880006E73656C227D7D0A00000000240000207C
:10D890005C0000205F00002061000020700000207C
:10D8A0005D00002068070020014601F0030090B9E8
:10D8B0006420B1FBF0F200FB121050B94FF4C870B5
:10D8C000B1FBF0F200FB121008B9012070470020F4
:10D8D000FCE70120FAE70020F8E7000010B590B05F
:10D8E000342103A8F2F749FC4AA103C9CDE901019B
:10D8F0004A48807800044949C97800EB012147482B
:10D9000000790C18454840784549087024B945A06D
:10D9100001F08AFE10B010BD4048407801281FD1A8
:10D9200031208DF8090046484649086005204860C6
:10D93000002144488160C16001610C2141610021E6
:10D940008161C161F6F786FF08B1F2F7C5FD3D4878
:10D950000068C06840F020003A490968C86049E0A2
:10D960002E48407802281ED132208DF80900364812
:10D97000364908600846446000218160C160016149
:10D980000C21416100218161C161F6F763FF08B19B
:10D99000F2F7A2FD2D480068C06840F020002B4936
:10D9A0000968C86026E01D48407803281ED133204E
:10D9B0008DF8090026482749086008464460002180
:10D9C0008160C16001610C21416100218161C161FF
:10D9D000F6F740FF08B1F2F77FFD1E480068C06807
:10D9E00040F020001B490968C86003E00DA001F069
:10D9F0001BFE8FE7234601AA17A103A8FFF7A0FC8F
:10DA000003A801F011FE0A210448F2F7B6FB00BF9B
:10DA100080E7000055534152543000006807002051
:10DA2000D00000207B2252656365697665223A7BCF
:10DA300022537461747573223A3139307D7D0A0046
:10DA400000380140C00E002000440040040F0020B8
:10DA500000480040480F00207B22434252223A7B7C
:10DA600022537461747573223A302C22496E7322EA
:10DA70003A25732C224252223A25757D7D0A0000F8
:10DA800010B586B00446F3F7F3FB012004900F486D
:10DA90000390002001900120029005A901A8F3F74E
:10DAA0002DFB78B9F3F782FB0598401C10B10020DC
:10DAB00006B010BD24B9FF2210210548F2F756FB2D
:10DAC0000120F5E7F3F772FB0020F1E700FC010805
:10DAD0005021002000B500221021104600F002F86D
:10DAE00000BD000030B503465818402801D9002079
:10DAF00030BD18460FE02AB1094C044494F8004C9C
:10DB00001470521C102805D2054C044494F8004CA3
:10DB1000044D2C54401CCC188442ECD80120E7E77B
:10DB200000F00108502100202DE9F0470646894603
:10DB3000154606EB0900402802D90020BDE8F08711
:10DB40000DB90020FAE7F3F793FB002413E02A5DF8
:10DB5000601C285C42EA0020C3170746A019094A46
:10DB600081183A460120F3F72BFB18B1F3F71EFB9F
:10DB70000020E3E7A41C4C45E9D3F3F717FB012091
:10DB8000DCE7000000FC010810B506A001F04CFD28
:10DB90000020114908704FF416711048F2F7EDFAA1
:10DBA00010BD00007B2252656365697665223A7B71
:10DBB00022537461747573223A32367D2C224322CB
:10DBC0003A7B2254797065223A224574656261720B
:10DBD000227D7D0A000000005C0000206807002014
:10DBE00013B50C4601216846F2F71AFC0120F3F741
:10DBF00071FA00981CBD000010B5002821D0114B0F
:10DC00000022001F196803E0814203D80A464968D0
:10DC10000029F9D152B11368841A9C4204D10068DA
:10DC200018441060104602E0506000E0186039B1FE
:10DC300002680B1A934203D10B681A4402604968C8
:10DC4000416010BDB002002000B585B00120F3F79F
:10DC500041FA002215491648F5F79EFD00221549A4
:10DC60001348F5F73BFD1348007812498978114AAB
:10DC70005278104BDB78CDE90132CDE903100B4827
:10DC8000807800900948437802780BA11948FFF783
:10DC900057FB184801F0C8FC0120F3F71BFA4FF4BA
:10DCA00016711548F2F769FA05B000BDD1000020E1
:10DCB000B40D0020D40000207B2254223A7B22485D
:10DCC000223A25642C224D223A25642C2253223AF2
:10DCD00025642C2259223A25642C226D223A25648F
:10DCE0002C2244223A25642C2257223A25647D7D39
:10DCF0000A000000C00900206807002038B504466B
:10DD00000D460A202B462246482100900248F3F790
:10DD10005DFD0249087038BD600D002098000020AC
:10DD200038B504460D460A202B462246482100906D
:10DD30000248F3F7F7FE0249087038BD600D002075
:10DD40009800002070B504460D46002617E0012219
:10DD500051020C48F3F746FC2846F3F7BBF90022C2
:10DD60004FF400710748F3F73DFC2846F3F7B2F98A
:10DD7000012251020348F3F735FC701CC6B2A642DB
:10DD8000E5DB70BD000801402DE9F04FADF5057DE4
:10DD900024217CA8F2F7F1F900201790169010903A
:10DDA0007C480068401E0F9000200E9000247AA04E
:10DDB00001F03AFC864800884EF61671884206D07B
:10DDC00084A001F031FC0DF5057DBDE8F08F7148B0
:10DDD000006830B98548006818B985A001F024FCB6
:10DDE000F1E700248148006860B16A48006828B102
:10DDF0006848046847F2C7100F9003E0002447F218
:10DE0000C7100F90BFE04AF6AA207F490968086052
:10DE100004EBC4014FF4001202EB81007CAA242120
:10DE2000F7F736FE9DF8F00108287DD11098401CC8
:10DE300010909DF8F1019DF8F21100EB01209DF882
:10DE4000F31100EB01409DF8F41100EB0160169016
:10DE50009DF8F5019DF8F61100EB01209DF8F711F2
:10DE600000EB01409DF8F81100EB016017909DF860
:10DE7000F90115909DF8FAA19DF8FB019DF8FC11A0
:10DE800000EB01209DF8FD1100EB01409DF8FE1113
:10DE900000EB01659DF8FF019DF8001200EB0120E9
:10DEA0009DF8011200EB01409DF8021200EB0166A3
:10DEB0009DF803029DF8041200EB01209DF8051265
:10DEC00000EB01409DF8061200EB01679DF8070288
:10DED0009DF8081200EB01209DF8091200EB0140AB
:10DEE0009DF80A1200EB01689DF80B029DF80C12D8
:10DEF00000EB01209DF80D1200EB01409DF80E1281
:10DF000000EB01699DF80FB29DF8103214939DF853
:10DF1000112213929DF8121212919DF81302119082
:10DF200011A80BC8149A00E018E0CDE907ABCDE9C1
:10DF30000589CDE90923CDE90B10169801A9E1C1A6
:10DF400017980090314918A8159B109AFFF7F8F917
:10DF500018A801F069FB6420F3F7BCF823480068B7
:10DF600080B10C48006868B10F9884420AD10E98BD
:10DF700000B128E74FF0FF3406480068401E0F90BC
:10DF800001200E90641C0F9884427FF63CAF00BFC6
:10DF900019E70000000000207B2252656365697666
:10DFA00065223A7B22537461747573223A32367D4E
:10DFB0002C224D656D223A7B2254797065223A22DB
:10DFC000526165645265636F7264227D7D0A000050
:10DFD000120000207B224D656D223A7B2253746132
:10DFE000747573223A2D317D7D0A000004000020F3
:10DFF0007B224D656D223A7B2253746174757322C6
:10E000003A337D7D0A000000540D0020700601089F
:10E0100088B0F3F7C1FEFBF7B5FFF7F79DFDF7F703
:10E0200075FEF7F78BFEF7F7ABFEF7F7CDFEF7F7C8
:10E0300039FEF7F7FFFEF7F715FFF7F72FFFF7F7B2
:10E0400051FEF848F6F748F9F7480068C06840F014
:10E050002000F5490968C8600A20F3F73BF8F34847
:10E060000068C06840F02000F0490968C860F048C6
:10E070000068C06840F02000ED490968C8600020D1
:10E08000EC490860F9F72EF9F7F75CFDFFF722FD80
:10E090001E210720FFF756FE4FF47A70F3F71AF8A7
:10E0A000F7F718FF4FF47A70F3F714F800224FF4E3
:10E0B0000041E148F3F796FA40F2E970F3F70AF805
:10E0C0004AF6AA20DD490968086040F2E970F3F7D2
:10E0D00001F80122D103D848F3F784FA0120D84986
:10E0E00008704AF6AA20D54909680860FBF7FCFACF
:10E0F000D4490880084600884EF61671884206D139
:10E100001022D149D1A0FBF783FBF7F7D3FCF7F737
:10E1100019FDF3F76DFA0546F3F76AFAA0E3F3F792
:10E1200067FA401B40F6B831884207D3F3F760FA2C
:10E1300005460120C849087000200870C7480078CB
:10E1400058B1F9F7CFF84AF6AA20BC490968086027
:10E15000F7F7A8FD0120F2F7BDFF4AF6AA20B7495C
:10E1600009680860BE48008800287DD00120F2F7C9
:10E17000B1FFBC480078522877D026DC2A2875D019
:10E1800012DC092873D008DC012871D0022870D075
:10E1900003286FD008286ED1BCE010286CD011285D
:10E1A0006BD02328F7D1CDE0472867D006DC422882
:10E1B00044D0452878D04628EDD119E14E2874D0B6
:10E1C000502835D05128E6D11AE171286ED012DCE2
:10E1D00067286CD008DC56281ED05A2868D06328DF
:10E1E00067D06628D7D1F3E068286FD06E286ED04C
:10E1F0007028D0D194E077286AD006DC722823D02A
:10E20000732872D07528C6D10CE0802852D081289E
:10E2100056D0FE28BFD153E101F038FC01209249CD
:10E22000087069E101F05EFE01208F49087063E12A
:10E23000F2F714FA01208C4908705DE1FFF74EFBFC
:10E2400001208949087057E188A001F0EDF90A2002
:10E25000F2F740FF00BF00BF00BF00BF00BFBFF329
:10E260004F8F00BF00BF0AE056E18BE064E046E05C
:10E270002FE034E03AE030E128E18FE07CE000BFBD
:10E280008148006800F4E06080490843001D7E4931
:10E29000086000BF00BF00BFBFF34F8F00BF00BFCB
:10E2A00000BF00BF00BFFDE752E099E0AEE055E0DF
:10E2B0005CE06DE001F012FD01206B4908701BE18C
:10E2C000FFF7C2FC01206849087015E12EE077E0F5
:10E2D000A2E001F0BDFD0120634908700CE101F0EE
:10E2E00001FE01206049087006E163E001226849EF
:10E2F0006848F8F7F9FD01205B490870FCE0FBF77E
:10E30000F3F90646314664A0FFF70AF801205649A2
:10E310000870F1E001F07AFD012053490870EBE04C
:10E32000F9F756F8012050490870E5E0FAF7D0F9FE
:10E3300001204D490870DFE001205E4908704A491C
:10E340000870D9E001205C49087047490870D3E0A3
:10E35000FFF71AFC012044490870CDE04149487894
:10E36000FAF7F4FB012040490870C5E001F078FE9F
:10E3700001203D490870BFE001F03EFF01203A490D
:10E380000870B9E000F0AAFE012037490870B3E038
:10E39000FFF746FA012034490870ADE03148407873
:10E3A000012800D100E000204449087001202E49D6
:10E3B0000870A1E001F03CFC01202B4908709BE0B3
:10E3C00031216E2000F0C6FD01202749087093E03E
:10E3D0003121662000F0BEFD0120234908708BE04A
:10E3E00032216E2000F0B6FD01201F49087083E045
:10E3F0003221662000F0AEFD01201B4908707BE051
:10E4000000F020FC01201849087075E0FFF7BCFC03
:10E410000120154908706FE001F03AFD0120124912
:10E42000087069E0780E0020040F0020480F0020DB
:10E43000C00E00202000002000080140540D0020E4
:10E440000A00002012000020F0FF0700515745523B
:10E45000545955494F500000ED000020980000200D
:10E460000C00002068070020610000207B2252651C
:10E4700063697665223A7B22537461747573223A1C
:10E4800037307D7D0A0000000CED00E00000FA0549
:10E49000990000203C0D00207B224D656D223A7BC7
:10E4A0002256657273696F6E223A307825587D7DE9
:10E4B0000A0000006000002070000020EC00002036
:10E4C000F1F7CCFF0120E749087015E00020E6498C
:10E4D00008600120E34908700EE0E4A001F0A4F810
:10E4E0001320E94908700020DE490870F1F738FF71
:10E4F0000020E649086000BF00BF1320E249087011
:10E500000020D8490870E1490860E1490880E149E4
:10E5100008800120F2F7DEFDDF48007808B1F9F746
:10E520008BFFDE48007820B1F9F75AFC0120DC4966
:10E530000870DC480068C06840F02000D9490968CC
:10E54000C860D948006880B14FF49670F2F7C2FDF8
:10E55000D5480168D54801F089F80020D249086003
:10E560004FF49671D148F1F708FED148008832285F
:10E5700007DD0020CE4908804FF40071CD48F3F745
:10E5800027F8CD48F6F74EFE01281AD1CA48F6F70B
:10E5900049FE012815D1C9480078012807D1F3F7B1
:10E5A00027F8C74908600220C449087008E0C3483A
:10E5B000007828B90020C349C87088704870087076
:10E5C0004EE1BD480078BF490978884226D1BA4853
:10E5D0004078BC494978884220D1B7488078B94909
:10E5E000897888421AD1B448C078B649C978884237
:10E5F00014D1B248007802280FD1F2F7F9FFB049E0
:10E600000968401AC82804D8F2F7F2FFAC4908603C
:10E6100026E10020A949087000E021E10020A74977
:10E6200008701021F6F704FD70B1A348F6F7FAFD63
:10E6300020B1A148F6F7F6FD00B111E1102100204C
:10E64000F6F7F6FC00B10BE19F490120F6F782FDD9
:10E6500000287DD100BF05E09749095C994A115413
:10E66000411CC8B20428F7DB002005E09649095C8C
:10E67000964A1154411CC8B21028F7DBC9209449AE
:10E680000870002008E09149095C914A12785140D5
:10E690008F4A1170411CC8B20F28F4DB8A480078F9
:10E6A0008C49086088484078096801EB0020894956
:10E6B000086085488078884908608348C078096880
:10E6C00001EB0020844908607F480079096801EB6C
:10E6D0000040814908607C484079096801EB00608E
:10E6E0007D4908607B48006800F40040B0F5004FA9
:10E6F00013D178480068C0F30E00764908600846D8
:10E70000006846F62921484072490860724800684E
:10E710004BF2A621484070490860704800780028F4
:10E720007DD06F480078B0B96E48007880F0010065
:10E730006C490870F2F75CFF001BB0F57A7F0AD3D2
:10E74000002057490870F2F753FF04465A4800E08A
:10E7500085E000F04DFB64480078E8BB0020634989
:10E7600008605D4800686249096888425BD1614879
:10E77000F1F7A4FF88BB60486049614A614BCDE96D
:10E780000432CDE906105B495F4800685F4A1268B1
:10E79000564B1B68CDE90032CDE9020108465C4AC0
:10E7A000534903681320F7F7DFFB37490870084621
:10E7B0000078092803D00846007801281ED14E4869
:10E7C0004E494F4A4F4BCDE90432CDE90610494935
:10E7D0004D4802684D4801E039E02FE00068434BA6
:10E7E0001B68CDE90030CDE902210846484A40497E
:10E7F00003681320F7F7B8FB234908703D48F1F789
:10E800005DFFD8B93F48006800903A4803681E4849
:10E81000027840A12C48FEF793FD2B4800E01AE057
:10E8200000F002FF0AE037480368324845A1026859
:10E830002548FEF785FD244800F0F6FE2A480078BA
:10E8400080F00100284908700020254908706420E4
:10E85000F2F740FC03E032210A20FFF773FA00BF11
:10E860005DE4000061000020E80000207B2252658A
:10E870006365697665223A7B2253746174757322ED
:10E880003A31397D7D0A0000150000201800002073
:10E890000C0000200E00002060000020700000200E
:10E8A000D8000020480F002058000020FC0900205C
:10E8B000720000200008014075000020D9000020EF
:10E8C000DC0000207A000020D80C0020B80C0020CA
:10E8D0007400002084000020800000200900002037
:10E8E0005D0000205C0000205F0000203000002060
:10E8F000640000203C000020490000204800002067
:10E900002C000020440000203800002034000020AB
:10E91000680000207B2243223A7B22537461747585
:10E9200073223A25752C22457465626172223A255C
:10E93000752C22507265457465626172223A2575A4
:10E940007D7D0A007B2243223A7B225374617475D9
:10E9500073223A31302C22457465626172223A2565
:10E96000752C22507265457465626172223A257574
:10E970007D7D0A002DE9F041ADF5047D01260125DC
:10E980004FF0000800270020474908800120F2F7D7
:10E99000A1FB00245BE04AF6AA204449096808600C
:10E9A00000204149088042490880424908602946C0
:10E9B0001E20FBF78DF9F2F71BFE80460DE04AF6AC
:10E9C000AA203A4909680860F2F712FEA0EB080095
:10E9D00042F6E061884200D903E03348008800280D
:10E9E000EDD000BF0A20F2F775FB2846F2F774FA63
:10E9F000061E1AD140F2071221462F48FAF708FFE7
:10EA000068B140F2071221462B48FAF701FF30B1F6
:10EA10002AA000F009FE0DF5047DBDE8F081681C18
:10EA200085B204F20714002710E0052F03DD2CA0A7
:10EA300000F0FAFDEFE700201B49088040F20711C3
:10EA40001D48F1F79AFB781CC7B200E000BF642EA6
:10EA5000A1D126D1A4F20E2140F2071242A8FAF762
:10EA6000EFFDA4F2071140F2071242A8FAF7E8FD01
:10EA700040F2071221466846FAF7E2FD10222146CD
:10EA800020A0FAF7C5FE0A20F2F724FB1022204945
:10EA90001CA0FAF7BDFE0A20F2F71CFB1DA000F037
:10EAA000C3FD00BFB7E700000C000020540D00209C
:10EAB0000E00002018000020680700207B225570FF
:10EAC000646174654669726D77617265223A7B2272
:10EAD000537461747573223A327D7D0A0000000020
:10EAE0007B225570646174654669726D77617265E9
:10EAF000223A7B22537461747573223A317D7D0A08
:10EB0000000000004153444647484A4B4C00000077
:10EB1000F0FF07007B225570646174654669726D71
:10EB200077617265223A7B22537461747573223A5D
:10EB300038357D0A000000002DE9F04104460D46FD
:10EB400000210026012200202346092111E0012294
:10EB5000002604E002EB82077A00771CBEB28E42E8
:10EB6000F8DBB3FBF2F717B14F1CB9B203E04F1E4D
:10EB7000B9B20029EBD100BFC8B2002112E0B3FB4B
:10EB8000F2F7303707F0FF080F4601F1010C1FFACA
:10EB90008CF105F80780B3FBF2F702FB17330A2765
:10EBA000B2FBF7F28142EADBBDE8F081F0B50B3051
:10EBB000154D20F007010024144A0FE003688B4232
:10EBC0000BD38B4205D95E1A43184768C3E9006727
:10EBD00000E04368136002C004E0021D10680028D2
:10EBE000ECD12046002802D1286808B10020F0BDF1
:10EBF000064A07481060074A121A22F00702C0E9C5
:10EC0000002401202860D7E7B4020020B0020020D1
:10EC1000E4350020E03B002010B5044606490978A1
:10EC2000022901D1054900E00549084601231A4699
:10EC30002146F5F71CFF10BDD0000020040F002076
:10EC4000480F00202DE9F04FDBB0242152A8F1F746
:10EC500094FA4FF0000AD3465B4800884EF61671CE
:10EC600088427DD15948007800287AD157484078A9
:10EC7000002876D156480068002873D054490968A6
:10EC8000491E01EBC1014FF4001202EB810052AAB0
:10EC90002421F6F7FDFE9DF84801082879D19DF85A
:10ECA00049019DF84A1100EB01209DF84B1100EB42
:10ECB00001409DF84C1100EB016B9DF84D019DF852
:10ECC0004E1100EB01209DF84F1100EB01409DF823
:10ECD000501100EB016A9DF851919DF853019DF888
:10ECE000541100EB01209DF8551100EB01409DF8F7
:10ECF000561100EB01649DF857019DF8581100EB87
:10ED000001209DF8591100EB01409DF85A1100EBCC
:10ED100001659DF85B019DF85C1100EB01209DF8F9
:10ED20005D1100EB01409DF85E1100EB01669DF85E
:10ED30005F019DF8601100EB01209DF8611100EB6F
:10ED400001409DF8621100EB01679DF863019DF899
:10ED5000641100EB01209DF8651100EB014002E019
:10ED600022E01DE018E09DF8661100EB01685346B3
:10ED70004A46184907A8CDE900B4CDE90478CDE9A1
:10ED80000256FEF7DDFA07A800F04EFC0A20F2F763
:10ED9000A1F95BB0BDE8F08F0FA000F045FCF8E7EB
:10EDA0000A4800F041FCF4E70848007830B9074809
:10EDB000407818B908A000F037FCEAE7034800F0F3
:10EDC00033FC00BFE5E7000012000020B80200207D
:10EDD00000000020740701087B224D656D223A7BFC
:10EDE00022537461747573223A337D7D0A000000EA
:10EDF0002DE9F0478AB00746F2F7FAFB814600207A
:10EE00000590049075E04AF6AA203A49096808601E
:10EE1000F2F7EEFBA0EB0900B0F57A7F03D9FF20F3
:10EE20000AB0BDE8F0873846F6F7FCF920B138465D
:10EE3000F6F7F8F900B15CE039210420F6F7F8F8AC
:10EE400070B13846F6F7EEF920B13846F6F7EAF930
:10EE500000B14EE039210420F6F7EAF800B148E0AD
:10EE600006A91120F6F776F9002841D100260025E1
:10EE700004E006A8405D4640681CC5B20F2DF8DBD3
:10EE80009DF82700B0422ED19DF818409DF819003A
:10EE900004EB0020C4B264B1162C0AD0172C08D0A1
:10EEA000182C06D0192C04D013A000F0BDFBFF20B5
:10EEB000B6E79DF81A8004A905A8F1F7D1FD88B935
:10EEC000DDE904108DE8130010480368104802685B
:10EED00010A11F48FEF734FA82461D4800F0A4FB3B
:10EEE00000209DE705E004A000F09EFBFF2097E7CF
:10EEF00000BF88E7540D00207B2243223A7B225337
:10EF00007461747573223A327D7D0A00840000209A
:10EF1000800000207B2243223A7B224944223A256A
:10EF2000642C225543223A25642C22457465626183
:10EF300072223A25752C224865646965223A256457
:10EF40002C224D6F64656C223A25647D7D0A000099
:10EF5000280B002070B504460D46312D2AD16E2CA9
:10EF600012D1012211022A48F2F73CFB0120F2F7EC
:10EF7000B1F828A000F058FB0120324908704FF486
:10EF800016713148F1F7F9F8662C13D100224FF4CD
:10EF900080711F48F2F726FB0120F2F79BF82BA0A7
:10EFA00000F042FB0120274908704FF416712648F3
:10EFB000F1F7E3F8322D2AD16E2C12D10122910201
:10EFC0001348F2F70FFB0120F2F784F82BA000F0B2
:10EFD0002BFB01201B4908704FF416711A48F1F7FA
:10EFE000CCF8662C13D100224FF480610848F2F768
:10EFF000F9FA0120F2F76EF82CA000F015FB0120C1
:10F00000104908704FF416710F48F1F7B6F870BD4B
:10F01000000801407B2252656365697665223A7B70
:10F0200022537461747573223A32367D2C22523128
:10F03000223A7B22537461747573223A32337D7D98
:10F040000A00000061000020680700207B22526552
:10F050006365697665223A7B225374617475732205
:10F060003A32367D2C225231223A7B22537461741B
:10F070007573223A32347D7D0A0000007B2252658E
:10F080006365697665223A7B2253746174757322D5
:10F090003A32367D2C225232223A7B2253746174EA
:10F0A0007573223A32337D7D0A0000007B2252655F
:10F0B0006365697665223A7B2253746174757322A5
:10F0C0003A32367D2C225232223A7B2253746174BA
:10F0D0007573223A32347D7D0A0000002DE9F04F2D
:10F0E000ADB000202C900026814600248046824648
:10F0F00000250027FA484078432802D02DB0BDE80B
:10F10000F08F4FF00008002005E0F549095C81EA26
:10F110000808411CC8B21828F7DBF148007E4045BA
:10F120000BD0F0A000F080FA0120F54908704FF4F0
:10F130001671EB48F1F721F8E0E7E948C07A8DF85D
:10F14000200000208DF822008DF823008DF8240087
:10F1500002208DF82500E2488179C07961F31F1003
:10F16000C0B28DF82600DE48007A8DF82700002016
:10F170008DF828008DF829008DF82A00D8480079EC
:10F180008DF82B00D64840798DF82C00D448407A71
:10F190008DF82D00D248807A8DF82E00002405E0ED
:10F1A00008A8005D80EA0808601CC4B20F2CF7DBD9
:10F1B0008DF82F80CA48007B0006C949497B00EBC7
:10F1C0000140C749897B00EB0120C549C97B084440
:10F1D000CC490860C248007C0006C149497C00EB6C
:10F1E0000140BF49897C00EB0120BD49C97C08442E
:10F1F000C5490860BA48007D0006B949497D00EB61
:10F200000140B749897D00EB0120B549C97D08441B
:10F2100000F0FF0A0020BD49087048708870C8706F
:10F22000AB200871CD2048710020B9490860F2F781
:10F23000DFF981460024002514E14AF6AA20B549E9
:10F2400009680860F2F7D4F9A0EB0900B0F57A5F1D
:10F2500003D9B1A000F0E8F905E1AD48006870B14C
:10F260009F480078632803D09D480078432803D145
:10F27000AEA000F0D9F9F6E00020A5490860002D05
:10F2800042D129A8F5F7CEFF00B1EBE01021002014
:10F29000F5F7CEFE00B1E5E0B1490120F5F75AFFE0
:10F2A00000B1DFE0AE488079AB2825D1AC48C07909
:10F2B00010BBAB48C07BF8B9A9480578407805EB8E
:10F2C0000025A7488778C07807EB0027A448007975
:10F2D00007EB0047A248407907EB006705F40040C0
:10F2E000B0F5004F10D1C5F30E0546F62920454074
:10F2F0004BF2A620474007E09AA110A8FEF720F89D
:10F3000010A800F091F9AEE07E480068874273D102
:10F310007D4800688542FAD129A8F5F783FF00B13E
:10F32000A0E0012C14DA9848017898480078F5F7A5
:10F330007FFE00B196E02CA91020F5F717FF00B171
:10F3400090E000211020F5F79FFF00B18AE0012432
:10F35000022C2BDA39210420F5F76AFE00B181E096
:10F360000CA91220F5F7F6FE00B17BE09DF8340001
:10F37000AB2812D19DF83500CD280ED19DF8336011
:10F3800036029DF83200064436029DF831000644EC
:10F3900036029DF83000064401E04FF0FF365B492D
:10F3A0001220F5F765FF00B15CE00224032C0CDAB3
:10F3B00014210620F5F73CFE00B153E02BA91820DC
:10F3C000F5F7D4FE00B14DE00324042C16DA2B9897
:10F3D000F7F746F8C11700EB917188103521F5F762
:10F3E00027FE00B13EE02B98F7F73AF8834608A9CC
:10F3F000F5F73EFF08B135E017E00424052C30DABC
:10F400002B98401C2B900D2801D900202B903521E2
:10F410000620F5F70DFE00B124E018202B99F5F732
:10F4200033FF00B11EE005241DE036480068874226
:10F4300009D03B462A4656A110A8FDF781FF10A827
:10F4400000F0F2F80FE030480068854209D03B46F2
:10F450002A4658A110A8FDF773FF10A800F0E4F8A1
:10F4600001E000BFE9E600BF052C13D100222C9873
:10F47000CDE903202349CDE9050A096822488DE832
:10F4800046005649036810A8FDF75AFF10A800F07F
:10F49000CBF8AAE0012C22DB2C980146022C01DBE0
:10F4A000002201E04FF0FF32CDE9050ACDE903214A
:10F4B000022C01DB304601E04FF0FF300021114A01
:10F4C0001268CDE9002102900F4871224349036878
:10F4D00010A8FDF735FF10A800F0A6F885E07FE042
:10F4E000680700207B2252656365697665223A7B56
:10F4F00022537461747573223A3139307D7D0A006C
:10F50000610000206400002068000020C02100206D
:10F5100018000020540D00207B2243223A7B225306
:10F520007461747573223A317D7D0A007B225265C5
:10F530006365697665223A7B225374617475732220
:10F540003A32367D2C2243223A7B2254797065224E
:10F550003A2243616E73656C227D7D0A00000000D3
:10F56000D80C00207B2243223A7B225374617475AD
:10F5700073223A382C225543223A302C2249442215
:10F580003A307D7D0A0000009F0200209D0200208D
:10F590007B2243223A7B22537461747573223A3979
:10F5A0002C225543223A25752C224944223A2575AE
:10F5B0007D7D0A007B2243223A7B2253746174755D
:10F5C00073223A31302C225543223A25752C224998
:10F5D00044223A25757D7D0A0000000004070108D9
:10F5E0001CB9AFF2CC0000F01FF8002C14DDF1F7CD
:10F5F000FFFF814603250DE0F1F7FAFFA0EB0900BC
:10F60000B0F57A7F06D310A800F00EF8F1F7F0FFFE
:10F6100081466D1E002DEFD100200249086000BF19
:10F620006CE50000180000202DE9F041044620465A
:10F63000F0F7AEFDC5B200274FF47A762946204692
:10F64000F0F7EEFE064600224FF400710648F1F78F
:10F65000C9FF0120F1F73EFD012251020248F1F7F6
:10F66000C1FF3046BDE8F081000801402DE9F04FB0
:10F67000A1B004468846002700250026F9480078F6
:10F6800028B90A20F1F726FD21B0BDE8F08FF54832
:10F69000007803287ED12079092825D16079622855
:10F6A00022D1A07945281FD1E07970281CD1207C77
:10F6B000312819D1607C322816D1A07C342813D18E
:10F6C000E07C352810D1E07D1C280DD1207D30381C
:10F6D00064214843617D303901EB810100EB410138
:10F6E000A07D30380F1803E0DFA0FFF79DFFCBE7C8
:10F6F000002F66D10026002507E0605D1C2803D19D
:10F70000761C042E00D102E06D1C4545F5D900BFE2
:10F71000A81C205C3038691C615C303901EB810128
:10F7200000EB410000F0FF09281D205C3038E91C87
:10F73000615C303901EB810100EB410000F0FF0A10
:10F74000A81D205C3038691D615C303901EB8101F6
:10F7500000EB410000F0FF0B05F10800205C3038A1
:10F76000E91D615C303901EB810100EB4100C0B261
:10F77000209005F10A00205C303805F10901615C38
:10F78000303901EB810100EB4100C0B21F9005F15F
:10F790000B0000E0A9E0205C1C2804D00020834678
:10F7A0008246814620901F9801A9A1E8010E209869
:10F7B0000090B4483A46B449036806A8FDF7C0FD76
:10F7C0008CE0372F0DD1002001900290039004901F
:10F7D0000090AC483A46AC49036806A8FDF7B0FD76
:10F7E0007CE04E2F0DD100200190029003900490F8
:10F7F0000090A4483A46A449036806A8FDF7A0FD76
:10F800006CE0802F0DD100200190029003900490B5
:10F8100000909C4803229C49036806A8FDF790FDD0
:10F820005CE04B2F0DD100200190029003900490DA
:10F83000009094483A469449036806A8FDF780FD75
:10F840004CE03D2F0DD100200190029003900490D8
:10F8500000908C483A468C49036806A8FDF770FD75
:10F860003CE0332F0DD100200190029003900490D2
:10F87000009084483A468449036806A8FDF760FD75
:10F880002CE0132F0DD100200190029003900490E2
:10F8900000907C483A467C49036806A8FDF750FD75
:10F8A0001CE07F2F0DD10020019002900390049066
:10F8B0000090744801227449036806A8FDF740FDD2
:10F8C0000CE00020019002900390049000906D489D
:10F8D0003A466D49036806A8FDF732FD06A8FFF712
:10F8E000A3FE0120F1F7F6FBCEE65E48007804287F
:10F8F0007DD1A07972287BD100250CE0605D88283D
:10F9000008D1681C205C022804D1A81C205C0128B6
:10F9100000D102E06D1C4545F0D900BF454503D339
:10F9200051A0FFF781FEAFE6E81C205C002879D1EA
:10F93000002608E0A05D872804D1701C205C1328F5
:10F9400000D102E0761C4645F4D900BF464500D3FD
:10F95000002676B900200190029003900490009058
:10F96000E81C225C47484849036806A8FDF7E8FC04
:10F9700053E0701D205C3038311D615C303901EB83
:10F98000810100EB410000F0FF0906F10800205C56
:10F990003038F11D615C303901EB810100EB410031
:10F9A00000F0FF0A06F10B00205C303806F10A0176
:10F9B000615C303901EB810100EB410000F0FF0B8D
:10F9C00006F10E00205C303806F10D01615C303923
:10F9D00001EB810100EB4100C0B2209006F1110063
:10F9E000205C303806F11001615C303901E036E00E
:10F9F0002FE001EB810100EB4100C0B21F901F9886
:10FA000001A9A1E8010E20980090E81C225C1D4885
:10FA10001D49036806A8FDF793FC06A8FFF704FE3E
:10FA200012E0FFE700200190029003900490009004
:10FA3000E81C225C13481449036806A8FDF780FC03
:10FA400006A8FFF7F1FD00BF00BF0120F1F742FB60
:10FA50001AE6B8F1010F02D903A0FFF7E5FD00BFD8
:10FA600012E600009D0000207B2250223A7B227289
:10FA70006573706F6E7365436F6465223A2D317DD7
:10FA80007D0A0000A00000202806010800B599B0FA
:10FA900064216846F0F771FB40F239122AA16846EA
:10FAA000FDF74EFC6846FFF7BFFD4FF000600068B1
:10FAB0003549884203D135A0FFF7B6FD0CE04FF081
:10FAC000006000683549884203D135A0FFF7ACFDDE
:10FAD00002E037A0FFF7A8FD39A0FFF7A5FD012040
:10FAE000F1F7F8FA3AA0FFF79FFD0120F1F7F2FADB
:10FAF0003C4841683CA0FDF713FC0120F1F7EAFA0D
:10FB00003CA0FFF791FD414800884EF616718842EF
:10FB100006D10120F1F7DEFA3DA0FFF785FD05E0F3
:10FB20000120F1F7D7FA3DA0FFF77EFD0120F1F7A4
:10FB3000D1FA3DA0FFF778FD4FF416713B48F0F77E
:10FB40001CFB19B000BD00007B224669726D776115
:10FB50007265223A7B2246223A312C22446576692C
:10FB6000636554797065223A22416D7573656D65E0
:10FB70006E745061726B222C2252656C65617365E4
:10FB8000223A256400000000904100202C22426FA0
:10FB90006F74566572223A3100000000001A00208E
:10FBA0002C22426F6F74566572223A3200000000B8
:10FBB0002C22426F6F74566572223A3300000000A7
:10FBC0002C224175746F5374617274223A310000B3
:10FBD0002C2252656164657254797065223A504EE8
:10FBE00035333200040F00202C22506F73223A2547
:10FBF000640000002C226F6E65526561644361727F
:10FC000064496E4669656C64223A31001200002036
:10FC10002C224D454D223A31000000002C224D454A
:10FC20004D223A30000000007D7D0A006807002068
:10FC300010B50C48007810B90BA0FFF7F5FC094887
:10FC4000007810B116A0FFF7EFFC0648007880F0AE
:10FC50000100044908704FF416711F48F0F78DFA3F
:10FC600010BD00005D0000207B225265636569764F
:10FC700065223A7B22537461747573223A32367D61
:10FC80002C2243223A7B2254797065223A22556E07
:10FC900053656E6453657269616C227D7D0A000054
:10FCA0007B2252656365697665223A7B22537461D3
:10FCB000747573223A32367D2C2243223A7B2254C9
:10FCC000797065223A2253656E6453657269616C7E
:10FCD000227D7D0A000000006807002010B52C4836
:10FCE00040782C4908702A48807848702848C078A5
:10FCF00088702748007928498870254840794870DD
:10FD00002348807908702248C079C8700120F1F733
:10FD1000E1F920480078172817DC1E4840783B2876
:10FD200013DC1C4880783B280FDC1B488078202897
:10FD30000BDC194840780D2807DC1748C0782A28C2
:10FD400003DC15480078082803DD14A0FFF76CFCDD
:10FD500010BD00220F491848F3F794FE18B117A000
:10FD6000FFF762FCF4E70120F1F7B4F900220A4939
:10FD70001148F3F7D9FD00B1EAE716A0FFF754FCEC
:10FD80004FF416710248F0F7F8F900BFE0E7000001
:10FD900068070020D1000020D40000207B2252659B
:10FDA0006365697665223A7B2253746174757322A8
:10FDB0003A3139307D7D0A00B40D00207B22542277
:10FDC0003A7B22537461747573223A3132387D7DE7
:10FDD0000A0000007B2252656365697665223A7BE2
:10FDE00022537461747573223A32367D2C22542268
:10FDF0003A7B2254797065223A2253657454696DB6
:10FE00006544617465227D7D0A00000010B50748D5
:10FE10004078FF2808D106A0FFF706FC00224FF427
:10FE200000410A48F1F7DEFB10BD00006807002022
:10FE30007B2252656365697665223A7B2253746141
:10FE4000747573223A32367D7D0A00000008014045
:10FE500010B506484078AA2807D105A0FFF7E4FBB3
:10FE60000122D1030948F1F7BDFB10BD680700204E
:10FE70007B2252656365697665223A7B2253746101
:10FE8000747573223A32367D7D0A00000008014005
:10FE900000B599B064216846F0F76FF90748036828
:10FEA000074808A102686846FDF74AFA6846FFF766
:10FEB000BBFB0520F1F70EF919B000BD04000020CE
:10FEC000000000207B224D656D223A7B224865614F
:10FED00064223A25752C225461696C223A25757D7D
:10FEE0007D0A000010B52A480078022817D128485A
:10FEF0004078C72813D126488078FF280FD1F9F71A
:10FF0000F3FB4EF61671884205D122A0FFF78CFB59
:10FF1000FEF730FD10BD28A0FFF786FB36E01C4839
:10FF20000078752832D10A222C492DA0F9F770FCEF
:10FF300048B10A2229492AA0F9F76AFC30B92AA057
:10FF4000FFF772FB02E028A0FFF76EFBFDF7C2FD92
:10FF5000C8B16420F1F7BEF80020FDF791FD2BA297
:10FF600008210020FDF7E0FD48B10520F1F7B2F8C7
:10FF700029A0FFF759FB0520F1F7ACF806E02FA008
:10FF8000FFF752FB02E02DA0FFF74EFB00BFC1E7D9
:10FF9000680700207B225570646174654669726D44
:10FFA00077617265223A7B22537461747573223AC9
:10FFB000307D7D0A000000007B225570646174650D
:10FFC0004669726D77617265223A7B22537461745F
:10FFD0007573223A39307D7D0A000000F0FF07007A
:10FFE0007A786376626E6D007B2255706461746509
:10FFF0004669726D77617265223A7B22537461742F
:020000040801F1
:100000007573223A32367D7D0A000000426F6F54CC
:1000100031323334000000007B2255706461746516
:100020004669726D77617265223A7B2253746174FE
:100030007573223A32367D0A000000007B2255702B
:10004000646174654669726D77617265223A7B22DC
:10005000537461747573223A31397D0A00000000CF
:1000600010B500204049088000BF09E03F49095C05
:100070003D4AB2F9002051403B4A1180411CC8B2B0
:100080001328F3DB3948C07C3749B1F900108842A6
:100090000BD037A0FFF7C8FA01203C4908704FF495
:1000A00016713248F0F769F810BD39A0FFF7BCFAB5
:1000B0002E484078444908602C48807843490870AD
:1000C0002A48C07842490870284800794149087098
:1000D0002648407940490870244880793F49087093
:1000E0002248C07900062149097A00EB01401F49E6
:1000F000497A00EB01201D49897A08443849086093
:100100000020384908701948C07A00061749097B51
:1001100000EB01401549497B00EB01201349897B25
:100120000844314908601148C07B00060F49097C2A
:1001300000EB01400D49497C00EB01200B49897C13
:1001400008442A49086001202949087000202949EB
:10015000087001200D4908704FF416710348F0F73C
:100160000CF800BFA0E700001C000020680700207A
:100170007B2252656365697665223A7B22537461FE
:10018000747573223A3139307D7D0A006100002098
:100190007B2252656365697665223A7B22537461DE
:1001A000747573223A32367D2C2243223A7B2254D4
:1001B000797065223A225A69726F4574656261727C
:1001C000227D7D0A00000000500000204A0000202F
:1001D0004B0000204C0000204D0000204E0000206D
:1001E000380000205F00002064000020680000202C
:1001F0005D0000206000002070B59CB00026002447
:10020000002500209049088000BF09E08F49095C63
:100210008D4AB2F9002051408B4A1180411CC8B26E
:100220000928F3DB8948407A8749B1F900108842F0
:100230000CD087A0FFF7F8F901208C4908704FF423
:1002400016718248EFF799FF1CB070BD7F48407867
:1002500000067E49897800EB01407C49C97800EBB3
:1002600001207A4909790844814908607748407932
:1002700000067649897900EB01407449C97900EBA1
:1002800001207249097A08447A49086000207A49B5
:10029000087048708870C870AB200871CD20487114
:1002A000002076490860F1F7A3F90646C4E04AF653
:1002B000AA20734909680860F1F79AF9801BB0F524
:1002C0007A5F03D96FA0FFF7AFF9B6E06B4800681B
:1002D00070B15E480078632803D05C4800784328FA
:1002E00003D16DA0FFF7A0F9A7E0002063490860E3
:1002F0001AA8F4F797FF20B11AA8F4F793FF00B1FA
:100300009AE010210020F4F793FE70B11AA8F4F7D8
:1003100089FF20B11AA8F4F785FF00B18CE0102105
:100320000020F4F785FE00B186E068490120F4F76B
:1003300011FF00287ED165488079AB287BD16348C6
:10034000C079002877D16148C07B002873D15F480D
:100350000478407804EB00245C488578C07805EB8D
:1003600000255A48007905EB00455848407905EBCF
:10037000006504F40040B0F5004F07D1C4F30E044B
:1003800046F6292044404BF2A620454038480068F4
:10039000854230D13748006884422CD11AA8F4F73E
:1003A00041FF20B11AA8F4F73DFF00B144E0392124
:1003B0000420F4F73DFE70B11AA8F4F733FF20B122
:1003C0001AA8F4F72FFF00B136E039210420F4F722
:1003D0002FFE00B130E028491220F4F749FF00B1A8
:1003E0002AE02B4622463AA101A8FCF7A9FF01A862
:1003F000FFF71AF921E01E480068854209D02B4614
:1004000022463CA101A8FCF79BFF01A8FFF70CF9CD
:1004100013E01848006884420DD02B46224601E0C4
:1004200008E008E03CA101A8FCF78AFF01A8FFF75B
:10043000FBF802E000E000BF39E700BF00200F49F1
:10044000086000BF00E700001C00002068070020D3
:100450007B2252656365697665223A7B225374611B
:10046000747573223A3139307D7D0A0061000020B5
:100470006400002068000020C02100201800002037
:10048000540D00207B2243223A7B22537461747501
:1004900073223A317D7D0A007B225265636569765D
:1004A00065223A7B22537461747573223A32367D29
:1004B0002C2243223A7B2254797065223A224361EE
:1004C0006E73656C227D7D0A00000000D80C002050
:1004D0007B2243223A7B22537461747573223A3033
:1004E0002C225543223A25752C224944223A25755F
:1004F0007D7D0A007B2243223A7B2253746174750E
:1005000073223A392C225543223A25752C2249442C
:10051000223A25757D7D0A007B2243223A7B2253B5
:100520007461747573223A31302C225543223A2576
:10053000752C224944223A25757D7D0A0000000071
:100540001F1C1F1E1F1E1F1F1E1F1E1F000000003E
:100550000000000001020304060708090000000073
:1005600001020304895171F21DCB0000000000005C
:10057000000000008D5F307CF05E00000000000095
:1005800000000000B22CE4247D9000000000000078
:1005900000000000579B07B3A4E900000000000022
:1005A00000000000E32F50F2E3D000000000000044
:1005B00000000000E9C1254FA07D00000000000000
:1005C00000000000FFFFFFFFFFFF00000000000031
:1005D000000000000000FF00FF000000FF0000001E
:1005E000303036387B22636D64223A31302C226100
:1005F0006D6F756E74223A25642C2273657276696C
:10060000634D223A22303030303030222C22736950
:10061000676E223A223839397C31323334353637F5
:100620003839227D0A0000007B2250223A7B227258
:100630006573436F6465223A25642C22416D6F75A2
:100640006E74223A256C642C2248223A25642C22AE
:100650004D223A25642C2259223A25642C226D22FF
:100660003A25642C2244223A25647D7D0A0000004C
:100670007B2243223A7B22526F77223A25642C2236
:10068000537461747573223A25642C225543223ABF
:1006900025752C224944223A25752C224574656221
:1006A0006172223A25752C2250726545746562612B
:1006B00072223A25752C224774223A25752C225035
:1006C00072696365223A25752C2248656469652242
:1006D0003A25752C224F70223A25642C2259223A51
:1006E00025642C226D223A25642C2244223A25646A
:1006F0002C2248223A25642C224D223A25647D7D05
:100700000A0000007B2243223A7B225374617475F5
:1007100073223A25642C225543223A25752C22490E
:1007200044223A25752C22457465626172223A256D
:10073000642C225072654865646965223A25642CF0
:10074000224865646965223A25642C225072654509
:100750007465626172223A25642C22507269636565
:10076000223A25642C2245454D223A25757D7D0A85
:10077000000000007B2243223A7B2253746174758F
:1007800073223A25642C225543223A25752C22499E
:1007900044223A25752C22457465626172223A25FD
:1007A000752C22507265457465626172223A257516
:1007B0002C224774223A25752C22507269636522D7
:1007C0003A25752C224865646965223A25757D7D38
:1007D0000A0000007B2243223A7B22537461747525
:1007E00073223A25642C225543223A25752C22493E
:1007F00044223A25752C22457465626172223A259D
:10080000642C224865646965223A25642C22507262
:10081000654865646965223A25642C2250726545F5
:100820007465626172223A25642C22507269636594
:10083000223A25642C20224774223A25642C202257
:1008400045454D223A25757D7D0A00006C0801085A
:1008500000000020B8020000420200085C09010804
:10086000B8020020283F0000B0D300080110420168
:10087000E214022503EE0A021130204C394F012404
:10088000692929081AFF010138F2028B40E2832905
:100890000A13E5A914082DAA1B083D041A61041ABD
:1008A00099041AB1141AF504131201140202021663
:1008B00040830440571D020102033107220403094B
:1008C000041A03138D031B085D041BCD0250190885
:1008D000419A10D84173B2075324F43B0A06AF2A59
:1008E00040241341A6140881A54C0863A73C1ACFE5
:1008F0000C13D1A41B084D08C11A21281A11041A7F
:1009000031041A01041C090243AB111DC032090451
:100910006D1A020B1305241610010524011009019C
:1009200004240202052406170107058203081C108F
:100930000904E1320A1D070501027B2C0705810726
:10094000110937442A40072A8107112B0907440A55
:0C0950003B044401111405143702160189
:04000005080000ED02
:00000001FF
