:020000040800F2
:10000000683F00200501000899740008E1640008B9
:10001000957400088B07000891BF000800000000DD
:10002000000000000000000000000000E58E000855
:10003000CB09000800000000937800082592000812
:100040001F0100081F0100081F0100081F01000810
:100050001F0100081F0100081F0100081F01000800
:100060001F0100081F0100081F0100081F010008F0
:100070001F0100081F0100081F0100081F010008E0
:100080001F0100081F0100081F0100081F010008D0
:10009000D9BE00081F0100081F0100081F01000849
:1000A0001F0100081F0100081F0100081F010008B0
:1000B0001F010008E19200081F0100081F0100084D
:1000C0001F0100081F0100081F0100081F01000890
:1000D0001F010008F5960008059700085D970008C5
:1000E0001F0100081F0100081F010008DFF810D0E1
:1000F00000F0C4F900480047F9CD0008AFF30080D4
:10010000683F00200648804706480047FEE7FEE7B4
:10011000FEE7FEE7FEE7FEE7FEE7FEE7FEE7FEE7B7
:10012000D1920008ED000008202A04DB203A21FAD1
:1001300002F00021704721FA02F3D040C2F1200200
:10014000914008431946704740EA01039B0703D0DA
:1001500009E008C9121F08C0042AFAD203E011F806
:10016000013B00F8013B521EF9D27047D2B201E0C8
:1001700000F8012B491EFBD270470022F6E710B5AC
:1001800013460A4604461946FFF7F0FF204610BD05
:10019000421C10F8011B0029FBD1801A704770B572
:1001A00006460BF04FFF046805460A220021304640
:1001B00000F0CEF82C6070BD2DE9F04D81EA03040B
:1001C00004F0004B21F0004514464FF0000A23F0E4
:1001D000004150EA050220D054EA01021DD0C5F3C7
:1001E0000A570246C5F31303C1F31300C1F30A56BD
:1001F00040F4801543F48013A7EB0608101BD64685
:1002000008F2FD3873EB050002D308F1010801E0A4
:1002100092185B41B8F1000F03DA00200146BDE8F7
:10022000F08D00204FF48011064684460EE0171B27
:1002300073EB050705D3121B63EB050306434CEA7A
:10024000010C49084FEA300092185B4150EA01075F
:10025000EDD152EA030012D082EA040083EA0501DC
:10026000084305D0101BAB4106D20122002306E053
:1002700000224FF0004302E06FF0010253101AEB2E
:1002800006004CEB085110EB0A0041EB0B01BDE8F6
:10029000F04D00F095B8C1F30A5210B5C1F3130147
:1002A00040F2FF3341F480119A4201DA002010BD80
:1002B00040F233439A42A2F2334203DC5242FFF748
:1002C00033FF10BD904010BD00F0004230F0004000
:1002D0000AD0C10D01F56071C0F3160042EA015168
:1002E000C2084007114370470020014670472DE9BE
:1002F000F05F0546002092469B46884606468146AA
:1003000040241BE02846414647462246FFF70CFFA3
:1003100053465A46C01A914110D3114618462246F8
:1003200000F0BEF82D1A67EB01084F462246012067
:10033000002100F0B5F817EB00094E41201EA4F192
:100340000104DFDC484631462A464346BDE8F09FBB
:100350002DE9F04791460F4680460446002614F8E2
:10036000015B2DB100F0ACF80068405DC007F6D12C
:100370002B2D02D02D2D18D0641E4A46394620461A
:1003800000F0A2F827B13968A14201D1C7F8008076
:1003900071054FF002040BD54042002803DD0BF03D
:1003A00051FE0460A007BDE8F08746F48066E4E7EC
:1003B0000028F8DA0BF046FE04606FF00040F2E728
:1003C00010B5141E73F1000408DA401C41F100015D
:1003D00092185B411A4301D120F0010010BD2DE9B4
:1003E000F04D92469B4611B1B1FA81F202E0B0FAAB
:1003F00080F22032904600F053F804460F4640EA5F
:100400000A0041EA0B0153465A46084313D01146ED
:1004100053EA010019D0C8F140025046FFF784FEAC
:1004200005460E4650465946424600F039F8084304
:1004300005D0012004E020463946BDE8F08D0020BB
:10044000054346EAE0762C4337430A986305E40AFD
:10045000A0EB08000022FD0A44EA47540A3002D506
:1004600000200146E9E7010510196941DDE9084569
:1004700000196941BDE8F04DA2E70000064C074DA8
:1004800006E0E06840F0010394E807009847103464
:10049000AC42F6D3FFF72EFEB4ED0008D4ED000811
:1004A000202A04DB203A00FA02F100207047914034
:1004B000C2F1200320FA03F3194390407047000073
:1004C0000048704754EC00082DE9F05F8246007840
:1004D000002715468B460AF10104B946302801D0A1
:1004E0009DB113E014F8010B0127782803D0582898
:1004F00001D045B10AE00DB1102D07D1002710251C
:1005000014F8010B02E0082500E00A250026B04699
:100510000EE005FB080005FB06F1012701EB104684
:100520001FFA80F8B6F5803F00D3B94614F8010BE6
:10053000294600F018F80028EBDABBF1000F05D0CF
:100540000FB1641E00E05446CBF80040B9F1000F33
:1005500006D00BF077FD02210160C81EBDE8F09FB8
:1005600048EA0640FAE73A2800D2303820F0200264
:10057000412A01D3A2F13700884201D34FF0FF3066
:10058000704770B58C1810F8015B15F0070301D1A6
:1005900010F8013B2A1106D110F8012B03E010F8E6
:1005A000016B01F8016B5B1EF9D12B0705D4002309
:1005B000521E0DD401F8013BFAE710F8013BCB1AAB
:1005C000921C03E013F8015B01F8015B521EF9D5A0
:1005D000A142D8D3002070BD00B589B000BF244827
:1005E000806940F40070224988610846806900F4FF
:1005F0000070019000BF00BF00BF0846806940F056
:10060000040088610846806900F00400019000BF82
:1006100000BF0020059006900790089001200590EB
:100620000320069005A9134802F056F91248134911
:100630000860002111488160C16041614FF4602170
:10064000C16100200D49486001210C48016101F0A1
:10065000D5FD0020029003900490029001200390A9
:100660000520049002A9054801F0E2FC09B000BD94
:10067000001002400008014000240140C432002064
:1006800070B5044600252068806800F00100F0B1D4
:100690002068806820F001002168886002F0C4FAB8
:1006A00005460EE002F0C0FA401B022809D9A06AF4
:1006B00040F01000A062E06A40F00100E06201201A
:1006C00070BD2068806800F001000028EAD1002099
:1006D000F6E7000038B504460025002000902068A9
:1006E000806800F0010080BB2068806840F0010055
:1006F00021688860164800681649B0FBF1F0009048
:1007000002E00098401E009000980028F9D102F005
:100710008BFA054613E002F087FA401B02280ED937
:10072000A06A40F01000A062E06A40F00100E062C0
:1007300000BF002084F8240000BF012038BD2068DD
:10074000806800F001000028E5D00020F6E70000F6
:100750007001002040420F0010B5064801F0BAFEBB
:100760004FF0FF31034801F0FDFD024801F042FD6A
:1007700010BD0000C432002010B5142007F06EFE3A
:100780000321142008F032FC10BD00BFFEE7CA7838
:1007900002600268120202608B7802681A440260EA
:1007A0000268120202604B7802681A440260026812
:1007B000120202600B7802681A440260704700005F
:1007C00030B50346042B15D007DC7BB1012B0ED0CE
:1007D000022B0DD0032B30D10BE0202B0BD0212B83
:1007E00018D0222B22D0232B27D125E026E025E08C
:1007F00024E023E022E0002003E00C5C114D2C54A7
:10080000401C0728F9DB00200F4C207001200F4C02
:10081000207013E0002003E00A4C245C0C54401CC0
:100820000728F9DB0020084C207007E00648007814
:10083000401C054C207001E000E000BF00BF00201C
:1008400030BD00003C01002008000020090000200D
:1008500000207047002003E00021064A1154401C8C
:10086000B0F5167FF8D300200349088003490880BB
:1008700070470000740700201600002018000020B8
:1008800010B500220449054809F0CDF80449034891
:1008900009F0C2F8002010BD341900208810002093
:1008A0004C1500202DE9F04105460E4614493068EC
:1008B00008602946134809F0AFF8377812480488D1
:1008C000002113E0685C114A1055601C80B24FF49F
:1008D000167290FBF2F302FB130084B20C480088FE
:1008E000844202D10220BDE8F081491CB942E9D31B
:1008F00005480480034809F06BF80020F3E7000086
:100900002C00002088100020160000207407002012
:10091000180000202DE9F04104460D4600260A4843
:10092000D0F8B872D7F8140210B10120BDE8F081F8
:100930002A462146044809F076F8034809F0F7F8FA
:1009400006463046F2E70000881000202DE9F0410D
:100950000746884615460421052000F029F8802125
:100960000A2008F043FB002405E0395D09200BF064
:1009700011FB601CC4B24445F7DB032101200BF0DE
:1009800009FBFF2400BF052007F068FD0646601E36
:10099000C4B21CB106F004000028F4D0222007F0F5
:1009A0005DFD2870212007F059FD6870BDE8F081D9
:1009B00070B505460C46284607F050FD064626EA67
:1009C000040128460BF0E6FA70BD704710B500F040
:1009D0007DFB0020034908704FF416710248FFF7B1
:1009E000CCFB10BD270000207407002010B50020AC
:1009F000044908600449086008F088FA03A00DF073
:100A000097FA10BD00000020040000207B224D65F5
:100A10006D223A7B22537461747573223A307D7D66
:100A20000A00000072B601E002F04AFFFCE7000095
:100A30000021074AD1610749096941F00401054ACB
:100A400011611146096941F04001116170470000D0
:100A500028220020002002400021074AD1610749D6
:100A6000096941F00201054A1161114648610969AD
:100A700041F040011161704728220020002002400F
:100A80000022054BDA61054A126942F00102034B6C
:100A90001A610180704700002822002000200240D7
:100AA00000201E49C96801F0100139B11C49C9690B
:100AB00041F002011A4AD16140F010001749C9689B
:100AC00001F0040139B11649C96941F00101144A24
:100AD000D16140F004001149C96901F0010169B117
:100AE0000F49C96941F004010D4AD16100BF0B49AA
:100AF000C96921F00101094AD16100BF00BF40F27C
:100B00000111884206D10549C96921F00101034A52
:100B1000D16101E00149C86000BF70470020024078
:100B20002822002010B507F089FE002007F0A4FE5F
:100B3000642001F0EBFD10BD70B5044602F074F8BE
:100B4000054609E0601C38B124B102F06DF8401B85
:100B5000A04201D9032070BD1248C06800F0010016
:100B60000028EFD10F48C06800F0200020B100BF7E
:100B700020200C49C86000BF0A48C06800F010007F
:100B800048B90848C06900F0010020B90548C068AC
:100B900000F0040018B1FFF783FF0120DBE700201D
:100BA000D9E700000020024010B58EB0342101A822
:100BB000FFF7E3FA0D48047800200D4908600B495F
:100BC000087001AA00214FF4987000F0F1FE642033
:100BD00001F09CFD4FF416710648FFF7CEFA002095
:100BE00003490860014804700EB010BD27000020C2
:100BF000340000201C0500202DE9F0479AB007467C
:100C00004FF0000A642101A8FFF7B7FA002400257D
:100C1000A0460020D6490860D6480678A14647E19C
:100C20000020D3490860FFF7BFFF642001F06EFD8C
:100C3000F8B28DF80400380A8DF805000020CC4980
:100C4000086001AA022140F2031000F0B1FE40F258
:100C500003100BF0C1FE012806D1C7A00DF068F902
:100C600001201AB0BDE8F087D3480078AA287DD1CA
:100C7000D14840785528FAD1CF4880780328F6D15A
:100C8000CD48C0780128F2D1CB48807900286ED1B8
:100C9000F9E0C948017A407A01EB00244FF6F1707F
:100CA000844233D14FF0010AC4480078432810D160
:100CB000FFF77AFFAF480670012001F027FD002002
:100CC000BF490880BD490870BEA00DF031F9002071
:100CD000C7E70020A74908702246C7A101A80BF06A
:100CE00081F901A80DF024F9642101A8FFF745FA64
:100CF0004FF4C87001F00AFD681CC5B24AF6AA207C
:100D0000CD49096808600020994908604FF6F270E3
:100D1000844236D14FF0020AA8480078432810D107
:100D2000FFF742FF93480670012001F0EFFC00201E
:100D3000A3490880A1490870A2A00DF0F9F800208D
:100D40008FE700208B4908702246ABA101A80BF069
:100D500049F901A80DF0ECF8642101A8FFF70DFA9C
:100D60004FF4C87001F0D2FC002001E090E09BE05D
:100D70007F490860681CC5B24AF6AA20AE490968D6
:100D800008604FF6F370844233D14FF0030A8B486A
:100D90000078432810D1FFF707FF7648067001203E
:100DA00001F0B4FC0020864908808449087085A0C1
:100DB0000DF0BEF8002054E700206E49087022466E
:100DC0008DA101A80BF00EF901A80DF0B1F8642176
:100DD00001A8FFF7D2F94FF4C87001F097FC00208A
:100DE00063490860681CC5B24AF6AA20924909689E
:100DF00008604FF6F470844221D1681CC5B200200F
:100E00005C49087022467CA101A80BF0EBF801A810
:100E10000DF08EF8642101A8FFF7AFF94FF4C87008
:100E200001F074FC0020524908606348017A407A5E
:100E300001EB00244AF6AA207F49096808604FF6B2
:100E4000F37084420ED0401E84420BD0401E844278
:100E500008D0C01C844205D024B14FF00108002501
:100E60004FF002093C2D0ED10025FFF79DFE4FF4F7
:100E700016715148FFF781F93E4806706FA00DF0DA
:100E800057F80020EDE6B8F1000F3FF402AF0BE099
:100E9000642001F03BFC4FF416714748FFF76DF9F1
:100EA00000203349086007E009F1010000F0FF0964
:100EB000B9F1020FFFF6B4AE00BF3F480078AA2890
:100EC0003FD13D48407855283BD13B4880790028A8
:100ED00037D03948017A407A01EB0024642101A817
:100EE000FFF74BF9602C0DD0142C0BD0412C09D0FE
:100EF000232C07D0212C05D0302C03D0192C01D065
:100F0000512C05D1224657A101A80BF06BF804E043
:100F1000212254A101A80BF065F801A80DF008F8F2
:100F200000201349086013480670FFF73DFE642057
:100F300001F0ECFB4FF416711F48FFF71EF900207B
:100F40008FE6B8F1010F02D150A00CF0F1FF0120A3
:100F500001F0DCFB4FF416711748FFF70EF9002083
:100F600003490860012003490870002079E6000069
:100F700034000020270000207B22526563656976DB
:100F800065223A7B22537461747573223A32367D3E
:100F90002C2246223A7B2254797065223A22456EF1
:100FA000726F6C6C222C22537461747573223A2D0B
:100FB000317D7D0A000000001C0500207407002020
:100FC000160000207B2252656365697665223A7BB4
:100FD00022537461747573223A32367D2C22462274
:100FE0003A7B2254797065223A2243616E73656CB4
:100FF000227D7D0A000000007B22526563656976D0
:1010000065223A7B22537461747573223A32367DBD
:101010002C2246223A7B2254797065223A22456E70
:10102000726F6C6C222C22537461747573223A2592
:10103000647D7D0A00000000480D00207B224622CE
:101040003A7B2254797065223A22456E726F6C6C3D
:10105000222C22537461747573223A31387D7D0AD3
:10106000000000007B2246223A7B225479706522E0
:101070003A22456E726F6C6C222C22537461747527
:1010800073223A25647D7D0A000000007B224622FF
:101090003A7B2254797065223A22456E726F6C6CED
:1010A000222C22537461747573223A307D7D0A00BC
:1010B00010B54FF416710348FFF75FF8002002499E
:1010C000086010BD1C0500203400002010B5C0B021
:1010D000642127A8FFF751F800241A2120A8FFF760
:1010E0004CF818222C491AA8FFF72EF81A2113A839
:1010F000FFF743F81822284918310DA8FFF724F804
:101100001A2106A8FFF739F818222349303168461A
:10111000FFF71AF8FFF7CCFF00202049086064238E
:1011200018221AA91E4805F070F94FF483700BF0CD
:1011300053FC01280AD11BA00CF0FAFE4FF41671E3
:101140002848FFF71AF8012040B010BD25488279E1
:1011500025A127A80AF046FF27A80CF0E9FE642382
:1011600018220DA90E4805F050F94FF4FA7001F05D
:10117000CDFA642318226946094805F046F9012092
:1011800001F0C4FA4FF416711648FEF7F6FF00207E
:101190002549087000BFD7E718EB0008340000208D
:1011A000001000207B2252656365697665223A7BD8
:1011B00022537461747573223A32367D2C22462292
:1011C0003A7B2254797065223A2244656C657465D5
:1011D000414C4C222C22537461747573223A2D3188
:1011E0007D7D0A001C0500207B22526563656976BF
:1011F00065223A7B22537461747573223A32367DCC
:101200002C2246223A7B2254797065223A22446588
:101210006C657465414C4C222C2253746174757357
:10122000223A25647D7D0A002700002030B599B060
:101230000446002020490860FFF73AFFE0B28DF82D
:101240000000200A8DF801006A46022140F20510D4
:1012500000F0AEFB40F205100BF0BEFB012805D1FB
:1012600016A00CF065FE012019B030BD23480078AF
:10127000AA281FD12148807930B92048827920A13D
:1012800068460AF0AFFE09E01C48017A407A01EB9B
:1012900000252A461AA168460AF0A4FE68460CF00A
:1012A00047FEFFF705FF4FF416711448FEF765FF80
:1012B0000020D9E70120D7E7340000207B225265C7
:1012C0006365697665223A7B225374617475732273
:1012D0003A32367D2C2246223A7B2254797065229E
:1012E0003A2244656C657465222C225374617475CE
:1012F00073223A2D317D7D0A000000001C0500207C
:101300007B2252656365697665223A7B225374615C
:10131000747573223A32367D2C2246223A7B22544F
:10132000797065223A2244656C657465222C2253DB
:101330007461747573223A25647D7D0A0000000093
:1013400010B59AB0002026490860FFF7B1FE0020D2
:10135000234908600A2001F0D9F901AA002140F2CE
:10136000071000F025FB40F207100BF035FB0128B9
:1013700005D11C480CF0DCFD01201AB010BD1A4844
:101380000078AA2825D118484078552821D1164838
:10139000807807281DD11448C078012819D1124837
:1013A000017A407A01EB00249CB10F48807928B97A
:1013B00022460EA101A80AF015FE04E022461B49B0
:1013C00001A80AF00FFE01A80CF0B2FD012001F007
:1013D0009DF94FF416710448FEF7CFFE0020CCE7CC
:1013E00034000020E8EC00081C0500207B22526538
:1013F0006365697665223A7B225374617475732242
:101400003A32367D2C2246223A7B2254797065226C
:101410003A22476574456D7074794944222C2249FB
:1014200044223A25647D7D0A0000000070ED00082A
:101430002DE9F34FADF53D7D0E4600250020BC9013
:101440008046002782468346CD490870CD49086012
:10145000FFF72EFE0020CB4908604FF41671CA48F2
:10146000FEF78BFEBD98C0B28DF88002BD98000AD1
:101470008DF88102A0AA02214FF4857000F098FA3D
:10148000322001F043F901F0CFFBB99053E001F0B5
:10149000CBFBB999401A41F28831884211D9BBA0DF
:1014A0000CF046FD4FF41671B748FEF766FE0120BA
:1014B000B34908700020B34908600DF53F7DBDE8D1
:1014C000F08F4AF6AA20BC4909680860AD48006858
:1014D00040F25E21884200DB2EE0AB480078AA286B
:1014E00029D1A9484078552825D1A74880780A28CD
:1014F00021D1A548807901281DD1A248006818286B
:1015000019D1A148017A407A01EB0020BA90ABA131
:10151000A0A8BA9A0AF066FDA0A80CF009FD4FF445
:1015200016719948FEF729FE0120954908700020A0
:1015300094490860C1E7AAE700BF002413E092487D
:10154000005DA5280ED19049601C085C5A2809D17D
:10155000A01C085C0A2805D1E01C085C012801D108
:10156000A24603E0641CB4F5167FE8D300BF8649A9
:101570000AF10400095C844A401C105C01EB002065
:10158000A0F1040911460AF10800095C401C105C36
:1015900001EB0020BB90B9F1000F01D0BB9888B9D6
:1015A0000A2001F0B3F879A00CF0C2FC4FF41671D8
:1015B0007548FEF7E2FD012071490870002071496D
:1015C00008607AE74FF40F7111A8FEF7D6FD0A20E4
:1015D00001F09CF8002407E00AF10A0020446A495F
:1015E000085C11A90855641C4C45F5D301206449D9
:1015F00008706548807900287ED1012E01D17AA03B
:1016000000E07AA04B46009079A1A0A8BD9A0AF00C
:10161000E9FC0025002403E0A0A8005D4540641C0F
:10162000A0A8FEF7B5FDA042F6D8A0A80CF080FC5B
:101630004FF47A7001F06AF84AF6AA205E49096808
:1016400008604FF0010B36E0ABF10100C0EB8018F1
:1016500000271BE011A810F8080001A9C855012EA9
:1016600011D101A8C25D71A1A0A80AF0BBFC9DF830
:10167000800245409DF8810245409DF88202454028
:10168000A0A80CF055FC08F101087F1CCBEB8B10D7
:101690004045DFD81EB93F2101A8FFF73BF9642080
:1016A00001F034F84AF6AA204349096808600BF1B2
:1016B000010000F0FF0BCBEB8B104845C4D3ABF11E
:1016C0000100C0EB8018002723E011A810F80800E3
:1016D00001A9C855012E19D127B155A00CF028FC3D
:1016E00085F02C0501A8C25D52A1A0A80AF07AFCE1
:1016F0009DF88002454000E02CE09DF881024540C5
:101700009DF882024540A0A80CF012FC08F10108E7
:101710007F1CC845D9D31EB9B9B201A8FFF7FAF8A2
:10172000052000F0F3FF012E01D144A100E045A106
:1017300008460CF0FDFB85F05D0585F07D0585F024
:101740000A05012E14D1E8B2009001216846FFF786
:10175000E1F80DE00C48017A407A01EB0020BA90E4
:1017600016A1A0A8BA9A0AF03DFCA0A80CF0E0FBD4
:101770004FF416710448FEF700FD00BF9DE600001F
:1017800026000020340000201C0500207B22462279
:101790003A7B2254797065223A225265616454651D
:1017A0006D706C617465222C2253746174757322A0
:1017B0003A2D317D7D0A0000480D00207B22462213
:1017C0003A7B2254797065223A22526561645465ED
:1017D0006D706C617465222C225374617475732270
:1017E0003A25647D7D0A00005B00000022000000B5
:1017F0007B2246223A7B2254797065223A22526536
:10180000616454656D706C617465222C22494422B8
:101810003A25642C224461746153697A65223A2521
:10182000642C2244617461223A25730025303258B9
:101830002C00000025303258000000005D7D7D0A3C
:1018400000000000227D7D0A0000000010B59AB063
:10185000642101A8FEF791FC00203A49086001F0DC
:10186000E3F939490968401A962867D33748007860
:10187000C0F10100354908700846007830B901AA66
:1018800000214FF4817000F093F853E02F48007866
:1018900001284FD1962000F039FF2D48017A407A77
:1018A00001EB00242A480078AA283ED12848407835
:1018B00055283AD126488078022836D12448C07865
:1018C000012832D12348007801282ED10020214957
:1018D00008701F48807970B94FF6F470844224D0A4
:1018E000002C22D022461CA101A80AF07BFB01A8F3
:1018F0000CF01EFB19E0122C0DD0152C14D1224631
:1019000020A101A80AF06EFB00202849087001A858
:101910000CF00EFB08E0221D1AA101A80AF062FBE0
:1019200001A80CF005FB00BF00BF4FF4167108487A
:10193000FEF723FC01F078F90349086000201AB093
:1019400010BD000034000020880200208C0200201E
:101950001C050020140000207B2246223A7B2254E2
:10196000797065223A224964656E74696679222C21
:101970002254656D706C617465223A25647D7D0A20
:10198000000000007B2246223A7B225479706522B7
:101990003A224964656E74696679222C2253746117
:1019A000747573223A25647D7D0A000027000020AB
:1019B0002DE9F0418EB005460C469046342101A831
:1019C000FEF7DBFB002655208DF8040001A800F08F
:1019D00035FA5536AA208DF805000DF1050000F006
:1019E0002DFAAA362846E91705EB11610912A5EB75
:1019F0000121C9B28DF806100DF1060000F01EFAA3
:101A00002846E91705EB11610912A5EB01213144C4
:101A10008EB2E91705EB1161090A8DF807100DF177
:101A2000070000F00BFA2846E91705EB116106EBF9
:101A300021218EB22046E11704EB11610912A4EBBB
:101A40000121C9B28DF8081002A800F0F7F920466C
:101A5000E11704EB11610912A4EB012131448EB2AC
:101A6000E11704EB1161090A8DF809100DF1090065
:101A700000F0E4F92046E11704EB116106EB2121A7
:101A80008EB200270EE018F80710B81D01AA1154F5
:101A900008EB070000F0D2F918F80700304486B2CE
:101AA000781CC7B2A742EEDB09E00021B81D01AAED
:101AB0001154B91D881800F0C1F9781CC7B2102F55
:101AC000F3DB3046F11706EB11610912A6EB012199
:101AD000C9B28DF81A100DF11A0000F0AFF93046B6
:101AE000F11706EB1161090A8DF81B100DF11B00AF
:101AF00000F0A4F900270EB0BDE8F0812DE9F04315
:101B00008DB004460E461746994600255A208DF89A
:101B10000000684600F092F95A35A5208DF80100C2
:101B20000DF1010000F08AF9A5352046E11704EB1C
:101B300011610912A4EB0121C9B28DF802100DF157
:101B4000020000F07BF92046E11704EB1161091255
:101B5000A4EB01210D44E11704EB1161090A8DF892
:101B600003100DF1030000F069F92046E11704EBC2
:101B7000116105EB2125B01CC0B28DF8040001A84D
:101B800000F05CF9B01CC0B20544B01C000A8DF82E
:101B900005000DF1050000F051F9B01C05EB102512
:101BA000F8B28DF806000DF1060000F047F9F8B222
:101BB0000544380A8DF807000DF1070000F03EF9E2
:101BC00005EB17254FF0000808E009EB080000F0CE
:101BD00035F919F80800054408F10108B045F4D3B7
:101BE000E8B28DF82F000DF12F0000F027F9280A38
:101BF0008DF830000CA800F021F94FF000080DB06E
:101C0000BDE8F083F0B5ADF5297D06460D461446D6
:101C10006427642190A8FEF7B0FA4FF40F7101A871
:101C2000FEF7ABFA012042490870A178607801EB19
:101C300000262179E07801EB0025062004E0225CF3
:101C4000811F01AB5A54401CA91D8842F7D3FFF7EE
:101C50002FFAE8B28DF84002280A8DF841024AF6C0
:101C6000AA2034490968086090AA022140F20B10AA
:101C7000FFF79EFE40F20B100AF0AEFE4FF4167115
:101C80002D48FEF77AFA00202C49086001AB324655
:101C9000294640F20B10FFF731FF4AF6AA202549EA
:101CA0000968086040F20B100AF096FE224800789E
:101CB000A5282DD12048807900281AD1A1786078F4
:101CC00001EB00211C48027A407A02EB002081429D
:101CD0000BD132461AA190A80AF084F990A80CF012
:101CE00027F901202649087015E026A00CF020F9FC
:101CF00011E01148007A602802D12EA00CF018F9EA
:101D00000D48007A702806D135A00CF011F902E0D8
:101D10003FA00CF00DF90020084908604FF416713F
:101D20000548FEF72AFA01200DF5297DF0BD0000D7
:101D300026000020480D00201C0500203400002053
:101D40007B2246223A7B2254797065223A225772CE
:101D500069746554656D706C617465222C225772CC
:101D600069746554656D706C6174654944223A25E7
:101D7000642C22537461747573223A307D7D0A009D
:101D8000270000207B2246223A7B2254797065226C
:101D90003A22577269746554656D706C617465227E
:101DA0002C22537461747573223A3130307D7D0A70
:101DB000000000007B2246223A7B22547970652283
:101DC0003A22577269746554656D706C617465224E
:101DD0002C22537461747573223A39367D7D0A0062
:101DE0007B2246223A7B2254797065223A2257722E
:101DF00069746554656D706C617465222C2253742E
:101E000061747573223A3131327D7D0A0000000021
:101E10007B2246223A7B2254797065223A225772FD
:101E200069746554656D706C617465222C225374FD
:101E300061747573223A2D317D7D0A0010B5044618
:101E400001231A462146024804F0DFFA10BD0000C3
:101E50000010002070B59AB0094804680848103096
:101E600005680748203006682B46224605A101A8D0
:101E700000960AF0B7F801A80CF05AF81AB070BD35
:101E8000E8F7FF1F7B224350554944223A7B2258F2
:101E900031223A25382E38582C225832223A253809
:101EA0002E38582C225833223A25382E38587D7D2A
:101EB0000A00000000B59FB0642106A8FEF75DF996
:101EC000FFF7F6F8642000F021FC182212A1684602
:101ED000FEF73AF9322319226946154804F095FABB
:101EE000642000F013FC13480078AA280DD1114893
:101EF0004078552809D10F48437A027A0E4906A83E
:101F00000AF070F806A80CF013F81E210948FEF735
:101F100034F91FB000BD000055AA120100000000F6
:101F2000000000000000000000000000000012019E
:101F3000001000201C0500202CED00082DE9F041C8
:101F40000546002600F070FE0746052000F0DEFB87
:101F500028480078022812D12648407854280ED10B
:101F60002448807848280AD12248C078452806D1DC
:101F700000211E2007F006F86420BDE8F0811E480D
:101F8000008808280CD01B480078022806D11A487F
:101F90000088401E1749085C032801D00320ECE7A5
:101FA0000026012403E01348005D4640641C1248EB
:101FB0000088801EA042F6D80F480088801E0D4978
:101FC000085CB04201D00420D7E70A48C178007904
:101FD00001EB0020A84201D00620CEE70648008889
:101FE000072805D100211E2006F0CCFF6420C4E79D
:101FF0000020C2E7740700201600002070B50A48D0
:102000000468001D0568001D0668344454B10822A8
:102010000649204604F024FE0422044910312846D3
:1020200004F01EFE70BD0000E8F7FF1F2201002033
:1020300078B5024600230020009000BF92F82400EB
:10204000012801D1022078BD012082F8240000BFC0
:10205000486807281DD21068446B0879401E4FF469
:10206000787595FAA5F5B5FA85F568431F2585407D
:1020700024EA05000C79641E4FF4787696FAA6F6E9
:10208000B6FA86F674430D68A54028431468606369
:102090003DE048680D281DD21068046B0879C01F08
:1020A0004FF4787595FAA5F5B5FA85F568431F25BF
:1020B000854024EA05000C79E41F4FF4787696FAFF
:1020C000A6F6B6FA86F674430D68A5402843146850
:1020D00020631CE01068C46A08790D384FF47875E5
:1020E00095FAA5F5B5FA85F568431F25854024EADC
:1020F00005000C790D3C4FF4787696FAA6F6B6FA00
:1021000086F674430D68A54028431468E0620868A9
:102110000A281BD31068C46808780A38382595FA4D
:10212000A5F5B5FA85F568430725854024EA05003D
:102130000C780A3C382696FAA6F6B6FA86F6744368
:102140008D68A54028431468E06017E010680069B6
:102150000C78382595FAA5F5B5FA85F56C43072571
:10216000A540A8430D78382696FAA6F6B6FA86F664
:1021700075438C68AC4020431468206108681028BF
:1021800002D00868112827D1174C1068A0421ED130
:102190001068806800F40000F0B91068806840F4AE
:1021A00000001468A0600868102815D10F48006866
:1021B0000F4CB0FBF4F000EB80004000009002E018
:1021C0000098401E009000980028F9D104E0906A21
:1021D00040F020009062012300BF002082F824001C
:1021E00000BF18462FE700000024014070010020C6
:1021F00040420F0001460868C06C70472DE9F0416D
:102200000446002700250026A84614B90120BDE891
:10221000F081A06810B1606900B100BFA06A30B958
:102220000020E06284F82400204600F099F820465F
:10223000FEF726FA0746A06A00F01000002876D1C3
:10224000002FFCD1A06A20F4885040F00200A06268
:10225000E16960680843022292FAA2F2B2FA82F2BD
:10226000E168914008430643A068B0F5807F02D042
:10227000A068012802D14FF4807000E000200543DF
:102280006069012816D1E06860B9A069401E4FF46A
:10229000604191FAA1F1B1FA81F1884040F4006007
:1022A000054307E0A06A40F02000A062E06A40F029
:1022B0000100E0622068406820F4694028432168FA
:1022C000486020688068244908403043216888605D
:1022D000A068B0F5807F02D0A068012802D14FF439
:1022E000807000E00020B0F5807F09D12069401E99
:1022F0004FF4700191FAA1F1B1FA81F100FA01F8FD
:102300002068C06A20F4700040EA08002168C862B2
:102310002068806811490840B04209D10020E0627D
:10232000A06A20F0020040F00100A06211E00BE082
:10233000A06A20F0020040F01000A062E06A40F0C5
:102340000100E062012704E0A06A40F01000A062F2
:10235000012738465BE70000FDF7E1FFFE0E1FFF97
:1023600070470000F8B504460D4600260020009096
:10237000002700F059FC06462068806800F4807051
:1023800050B1A06A40F02000A06200BF002084F895
:10239000240000BF0120F8BD2068406800F4807070
:1023A000F8B92068C06A00F47000D0B912E0681C67
:1023B00080B125B100F038FC801BA8420AD9A06A80
:1023C00040F00400A06200BF002084F8240000BF99
:1023D0000320E0E72068006800F002000028E6D053
:1023E00050E0022002F0A4F936490968B1FBF0F090
:1023F00021680969344A114091B92168C96892116C
:10240000114069B921680969304A114031B9216820
:10241000C9689211114009B9142117E0292115E06A
:1024200021680969294A114021B92168C9689211B6
:10243000114041B121680969254A114029B9216833
:10244000C968114009B9542100E0FC2100FB01F7E3
:1024500015E0681C80B125B100F0E6FB801BA842A6
:102460000AD9A06A40F00400A06200BF002084F8EE
:10247000240000BF03208EE70098401C00900098C5
:10248000B842E6D36FF0120021680860A06A40F4F9
:102490000070A0622068806800F46020B0F5602FB2
:1024A0000DD1E06858B9A06A20F48070A062A06ADB
:1024B00000F4805018B9A06A40F00100A06200202A
:1024C00069E70000700100202449922492244912F7
:1024D0004992240070B50446002500BF94F82400FA
:1024E000012801D1022070BD012084F8240000BF22
:1024F0002046FEF7EFF80546002D77D1A06A40F29E
:102500000121884340F48070A0623C4920688842E1
:1025100008D13B48006800F4702008B9012002E0AF
:10252000002000E0012078B1A06A20F48010A062B1
:102530002068406800F4806000B3A06A20F4005076
:1025400040F48050A06219E0A06A40F48010A062BC
:102550002B49091F2068884203D0284920688842F7
:1025600004D12748006800F4806000E0002028B112
:10257000A06A20F4005040F48050A062A06A00F4E9
:10258000805020B1E06A20F00600E06201E0002007
:10259000E06200BF002084F8240000BFC01E216854
:1025A00008602068806800F46020B0F5602F16D1C4
:1025B00012492068884208D11148006800F4702050
:1025C00008B9012002E0002000E0012038B12068B5
:1025D000806840F4A000216888600CE006E0206874
:1025E000806840F480102168886004E000BF00200B
:1025F00084F8240000BF284675E700000028014049
:10260000042401400146002291F82100022808D04C
:102610000420886300BF002081F8200000BF012053
:1026200070470868006820F00E000B6818600868A2
:10263000006820F001000B68186091F8403001201C
:102640009840CB6B5860012081F8210000BF00202A
:1026500081F8200000BF1046E2E7000070B5044694
:10266000002594F82100022803D00420A06301254E
:1026700048E02068006820F00E00216808602068AB
:10268000006820F00100216808601F492068884226
:1026900001D1012026E01C4914312068884201D173
:1026A00010201FE0184928312068884201D1801588
:1026B00018E015493C312068884201D1801411E0AE
:1026C000114950312068884202D14FF4803009E02E
:1026D0000D4964312068884202D14FF4801001E036
:1026E0004FF08070084908394860012084F82100C3
:1026F00000BF002084F8200000BF606B10B12046AE
:10270000616B8847284670BD0800024070B50446DA
:1027100000F08AFA06462546681C10B10448007885
:10272000054400BF00F080FA801BA842FAD370BDB8
:102730005C0100202DE9F04104460E4601270025EA
:1027400000BF2648007E012802D10220BDE8F081AA
:1027500001202249087600BF2068022813D14CF2DC
:102760005030FEF7E9F990BB0120FEF761F94CF219
:102770005030FEF7E1F907461948006920F00400DF
:102780001749086123E04CF25030FEF7D5F9F0B953
:102790004FF0FF303060A56812E02846FEF75CF984
:1027A0004CF25030FEF7C8F907460D48006920F09A
:1027B00002000B4908610FB1356007E005F580653F
:1027C000D4E9021001EB8020A842E6D800BF00BF88
:1027D00000200249087600BF3846B7E728220020CB
:1027E000002002400348006940F080000149086170
:1027F00000207047002002402DE9FE4F05468B4621
:1028000017469846012600240020029000BF244865
:10281000007E012802D10220BDE8FE8F0120204960
:10282000087600BF4CF25030FEF786F9064686BBAC
:10283000012D02D10120029006E0022D02D10220DA
:10284000029001E00420029000241EE02201B9461B
:10285000C24648465146FDF767FC80B2019002200F
:1028600000FB04B000900199FEF70AF94CF25030D9
:10287000FEF762F906460B48006920F0010009499D
:10288000086106B104E0601CC4B202988442DDDB3A
:1028900000BF00BF00200249087600BF3046BBE7FA
:1028A000282200200020024000200849096901F088
:1028B000800151B10649054A5160064951601146EF
:1028C000096901F0800101B1012070470020024038
:1028D00023016745AB89EFCD2DE9F8470346002278
:1028E00094466EE14FF0010808FA02F4D1F8008036
:1028F00008EA0400A0427DD1DFF8DCA2D1F8048010
:10290000A8EB0A09D0453AD014DCB8F1030F50D037
:1029100009DCB8F1000F31D0B8F1010F1CD0B8F1CB
:10292000020F49D120E0B8F1110F18D0B8F1120F01
:1029300042D11EE0B9F5881F25D006DCB9F5803FED
:1029400020D0B9F5801F37D11AE0B9F5001F18D093
:10295000B9F5041F30D117E0D1F80CC02DE0D1F843
:102960000C8008F1040C28E0D1F80C8008F1080C68
:1029700023E0D1F80C8008F10C0C1EE000BF00BF72
:1029800000BF00BF00BF00BFD1F80880B8F1000F42
:1029900002D14FF0040C0BE0D1F80880B8F1010F20
:1029A00003D14FF0080C1C6102E04FF0080C5C6191
:1029B00003E04FF0000C00E000BF00BFFF2801D88B
:1029C000984601E003F104084646FF2802D84FEA82
:1029D000820803E0A2F108084FEA88084746D6F8C3
:1029E00000804FF00F0909FA07F928EA09080CFAE4
:1029F00007F900E088E048EA0908C6F80080D1F845
:102A0000048008F08058B8F1805F7DD100BFDFF806
:102A1000CC81D8F8188048F00108DFF8C091C9F8D7
:102A20001880C846D8F8188008F00108CDF8008052
:102A300000BF00BF4FEAB9384FEA920958F8295051
:102A40004FEA82784FEA18794FF00F0808FA09F830
:102A500025EA0805DFF88881434502D14FF00008D8
:102A600016E0DFF88081434502D14FF001080FE006
:102A7000DFF87481434502D14FF0020808E0DFF827
:102A80006C81434502D14FF0030801E04FF0040888
:102A90004FEA82794FEA197908FA09F848EA0505F8
:102AA000DFF84C814FEA920948F82950D1F80480A8
:102AB00008F48038B8F5803F0AD1DFF83881D8F8BB
:102AC000008048EA0008DFF82C91C9F8008009E08E
:102AD000DFF82081D8F8008028EA0008DFF8149198
:102AE000C9F80080D1F8048008F40038B8F5003F38
:102AF00010D1DFF8008108F10408D8F8008048EA16
:102B00000008DFF8F09000E05AE009F10409C9F884
:102B100000800DE0DFF8DC8008F10408D8F80080C0
:102B200028EA0008DFF8CC9009F10409C9F8008010
:102B3000D1F8048008F48018B8F5801F0ED1DFF8B2
:102B4000B48008F10808D8F8008048EA0008DFF8E7
:102B5000A49009F10809C9F800800DE0DFF894801D
:102B600008F10808D8F8008028EA0008DFF8849007
:102B700009F10809C9F80080D1F8048008F40018A8
:102B8000B8F5001F0ED1DFF86C8008F10C08D8F8FA
:102B9000008048EA0008DFF85C9009F10C09C9F8E8
:102BA00000800DE0DFF84C8008F10C08D8F80080B8
:102BB00028EA0008DFF83C9009F10C09C9F8008008
:102BC000521CD1F8008028FA02F8B8F1000F7FF407
:102BD00089AEBDE8F8870000000011100010024027
:102BE00000080140000C01400010014000140140A9
:102BF0000800014000040140024693680B400BB1FD
:102C0000012000E00020704710B5C26821EA0203ED
:102C100002EA010443EA0443036110BD0AB1016101
:102C200001E00B0403617047014800687047000031
:102C30005401002070B504460CB9012070BD94F811
:102C40003D0028B9002084F83C00204600F0F0FC4C
:102C5000242084F83D002068006820F001002168ED
:102C600008602068006840F400402168086020681F
:102C7000006820F400402168086001F051FF05461B
:102C80005C496068884206D85B48854201D20120D1
:102C900007E0002005E05948854201D2012000E00C
:102CA0000020012800D1C9E75548B5FBF0F620689F
:102CB000406820F03F003043216848604D4960681B
:102CC000884201D8701C07E04FF4967070434FF4AF
:102CD0007A71B0FBF1F0401C2168096A21F03F01D4
:102CE00008432168086243496068884214D8681E16
:102CF00061684900B0FBF1F0401CC0F30B000428F0
:102D000001D204203DE0681E61684900B0FBF1F08B
:102D1000401CC0F30B0034E0A06838B9681E61683D
:102D200001EB4101B0FBF1F0401C0AE0681E616854
:102D300001EBC10202EB0111B0FBF1F0401C40F4C9
:102D40008040C0F30B0008B901201AE0A06848B920
:102D5000681E616801EB4101B0FBF1F0401CC0F35B
:102D60000B000CE0681E616801EBC10202EB01116F
:102D7000B0FBF1F0401CC0F30B0040F4804040F485
:102D800000402168C9694CF6FF72914308432168ED
:102D9000C861D4E9070108432168096821F0C0012E
:102DA000084321680860D4E9031008432168896852
:102DB00048F2FF329143084321688860D4E9050155
:102DC00008432168C96821F0FF0108432168C860F1
:102DD0002068006840F0010021680860002020643D
:102DE000202084F83D000020206384F83E0000BFCE
:102DF00024E70000A086010080841E0000093D0039
:102E000040420F002DE9FC47044689461746984684
:102E10000A9E00200190FFF707FF054694F83D0049
:102E200020286FD119230122C8492046009503F0BC
:102E300065FD10B10220BDE8FC8700BF94F83C009E
:102E4000012801D10220F6E7012084F83C0000BFF0
:102E50002068006800F0010028B92068006840F090
:102E60000100216808602068006820F40060216883
:102E70000860222084F83D00102084F83E000020E5
:102E800020646762A4F82A80608D2085B048E062E3
:102E90002B4632464946204603F056FB08B1012036
:102EA000C9E7208D88B900BF0020009020684069E4
:102EB000009020688069009000BF00BF2068006813
:102EC00040F40070216808604BE0208D01281AD181
:102ED0002068006820F480602168086072B600BF36
:102EE0000020009020684069009020688069009070
:102EF00000BF00BF2068006840F4007021680860CF
:102F000062B62EE020E1208D022819D120680068E9
:102F100040F400602168086072B600BF0020009095
:102F200020684069009020688069009000BF00BF61
:102F30002068006820F480602168086062B610E0B4
:102F40002068006840F480602168086000BF0020AD
:102F5000009020684069009020688069009000BF60
:102F600000BFE2E0208D03287ED8208D012815D1F6
:102F70002A463146204603F06BFD08B101205AE78E
:102F800020680069616A0870606A401C6062208D78
:102F9000401E2085608D401E6085C6E0208D022881
:102FA0002CD1334600226B492046009503F0A6FC45
:102FB00008B101203FE772B62068006840F4007055
:102FC0002168086020680069616A0870606A401CB6
:102FD0006062208D401E2085608D401E608562B637
:102FE00020680069616A0870606A401C6062208D18
:102FF000401E2085608D401E608596E0334600228D
:1030000054492046009503F079FC08B1012012E7ED
:103010002068006820F480602168086072B620682B
:103020000069616A0870606A401C6062208D401E01
:103030002085608D401E6085474800681921B0FBDF
:10304000F1F04FF47A71B0FBF1F0C0EBC00000EB8F
:103050008000019000BF0198401E01900198A8B91E
:1030600000202063202000E038E084F83D000020AC
:1030700084F83E00206C40F02000206462B600BF5F
:10308000002084F83C0000BF0120D4E6206840699D
:10309000C0F380000028DED02068006840F4007093
:1030A0002168086020680069616A0870606A401CD5
:1030B0006062208D401E2085608D401E608562B656
:1030C00020680069616A0870606A401C6062208D37
:1030D000401E2085608D401E608526E02A463146D0
:1030E000204603F0B5FC08B10120A4E62068006981
:1030F000616A0870606A401C6062208D401E2085F5
:10310000608D401E608520684069C0F3800060B11A
:1031100020680069616A0870606A401C6062208DE6
:10312000401E2085608D401E6085208D00287FF424
:1031300019AF202084F83D00002084F83E0000BF35
:1031400084F83C0000BF76E6022074E6020010001E
:103150000000FFFF04000100700100202DE9F8438A
:103160000446894616461F46DDF82080FFF75CFDC1
:10317000054694F83D0020287ED1192301225149AB
:103180002046009503F0BAFB10B10220BDE8F88399
:1031900000BF94F83C00012801D10220F6E701208D
:1031A00084F83C0000BF2068006800F0010028B9E6
:1031B0002068006840F0010021680860206800680D
:1031C00020F4006021680860212084F83D00102070
:1031D00084F83E000020206466626785608D20854B
:1031E0003948E0622B4642464946204603F048FAF9
:1031F00008B10120CAE700BF0020009020684069A4
:10320000009020688069009000BF00BF44E02A461B
:103210004146204603F05CFC50B1206C042805D1E7
:103220002068006840F40070216808600120ADE764
:10323000606A007821680861606A401C6062608D85
:10324000401E6085208D401E208520684069C0F3A7
:10325000800070B1208D60B1606A007821680861DB
:10326000606A401C6062608D401E6085208D401E3B
:1032700020852A46414600E022E0204603F010FB6C
:1032800050B1206C042805D12068006840F400701B
:1032900021680860012079E7208D0028B7D12068D7
:1032A000006840F4007021680860202084F83D0028
:1032B000002084F83E0000BF84F83C0000BF65E7B2
:1032C000022063E7020010000000FFFF2DE9FE4F1F
:1032D00004460F4690469946DDE90CAB0E9E002051
:1032E0000290FFF7A1FC054694F83D00202872D11A
:1032F00019230122CA492046009503F0FFFA10B1B4
:103300000220BDE8FE8F00BF94F83C00012801D1E7
:103310000220F6E7012084F83C0000BF2068006826
:1033200000F0010028B92068006840F00100216821
:1033300008602068006820F400602168086022208E
:1033400084F83D00402084F83E0000202064C4F84A
:1033500024A0A4F82AB0608D2085B248E0624B46D4
:10336000424639462046CDE9006503F0E9F908B147
:103370000120C6E7208D88B900BF00200190206899
:103380004069019020688069019000BF00BF2068FB
:10339000006840F40070216808604BE0208D01282F
:1033A0001AD12068006820F480602168086072B635
:1033B00000BF00200190206840690190206880696A
:1033C000019000BF00BF2068006840F400702168D1
:1033D000086062B62EE020E1208D022819D1206815
:1033E000006840F400602168086072B600BF0020E9
:1033F000019020684069019020688069019000BFB9
:1034000000BF2068006820F480602168086062B610
:1034100010E02068006840F480602168086000BF08
:103420000020019020684069019020688069019027
:1034300000BF00BFE2E0208D03287DD8208D012849
:1034400015D12A463146204603F002FB08B101207F
:1034500057E720680069616A0870606A401C606212
:10346000208D401E2085608D401E6085C6E0208D29
:1034700002282CD1334600226B492046009503F0E8
:103480003DFA08B101203CE772B62068006840F4BC
:1034900000702168086020680069616A0870606ACD
:1034A000401C6062208D401E2085608D401E60851E
:1034B00062B620680069616A0870606A401C6062D8
:1034C000208D401E2085608D401E608596E033462D
:1034D000002255492046009503F010FA08B101205A
:1034E0000FE72068006820F480602168086072B6E9
:1034F00020680069616A0870606A401C6062208D03
:10350000401E2085608D401E608548480068192156
:10351000B0FBF1F04FF47A71B0FBF1F0C0EBC000FA
:1035200000EB8000029000BF0298401E02900298BB
:10353000A8B90020206300E039E0202084F83D0095
:10354000002084F83E00206C40F02000206462B629
:1035500000BF002084F83C0000BF0120D1E62068B5
:103560004069C0F380000028DED02068006840F485
:1035700000702168086020680069616A0870606AEC
:10358000401C6062208D401E2085608D401E60853D
:1035900062B620680069616A0870606A401C6062F7
:1035A000208D401E2085608D401E608526E02A46C5
:1035B0003146204603F04CFA08B10120A1E620680C
:1035C0000069616A0870606A401C6062208D401E5C
:1035D0002085608D401E608520684069C0F38000B2
:1035E00060B120680069616A0870606A401C6062AE
:1035F000208D401E2085608D401E6085208D002816
:103600007FF419AF202084F83D00002084F83E00AC
:1036100000BF84F83C0000BF73E6022071E60000A2
:10362000020010000000FFFF0400010070010020F4
:1036300010B586B0044600200290039004900590D7
:103640001A49206888422FD100BF1948806940F08C
:103650000800174988610846806900F00800019059
:1036600000BF00BF4FF4407002901220039003206F
:10367000059002A90F48FFF72FF900BF0E494868CF
:1036800040F0E06040F00200486000BF00BF084822
:10369000C06940F400100649C8610846C06900F4DA
:1036A0000010019000BF00BF06B010BD00540040E4
:1036B00000100240000C01400000014070B50446BB
:1036C0000CB9012070BD4CF6CC402168086045F271
:1036D000555021680860D4E9001048602168A0684E
:1036E0008860FFF7A1FA05460BE0FFF79DFA401B43
:1036F000272806D92068C06800F0030008B103201D
:10370000E0E72068C06800F003000028EDD14AF629
:10371000AA20216808600020D4E700000348006860
:1037200003490978084401490860704754010020A2
:103730005C01002010B50848006840F01000064900
:103740000860032000F0A8F8002000F007F800F05F
:103750002BF8002010BD00000020024070B5044688
:103760000E4800784FF47A71B1FBF0F00C4909680B
:10377000B1FBF0F5284602F099F908B1012070BDBF
:10378000102C07D200222146501E00F047F80548B1
:10379000046001E00120F2E70020F0E75C01002076
:1037A000700100205801002008B500BF1148806951
:1037B00040F001000F4988610846806900F001006F
:1037C000009000BF00BF00BF0846C06940F08050B5
:1037D000C8610846C06900F08050009000BF00BF7B
:1037E00000BF0549486820F0E06040F00070486084
:1037F00000BF08BD0010024000000140014608461D
:10380000002809DB00F01F0301229A4043099B00B6
:1038100003F1E023C3F8002100BF70472DE9F05FFA
:1038200080460D461646002708F0F0FB074639464D
:103830002A46334601F00700C0F1070ABAF1040F27
:1038400002D94FF0040A01E0C0F1070AD14600F1A5
:10385000040ABAF1070F02D24FF0000A01E0A0F10A
:10386000030AD4464FF0010A0AFA09FAAAF1010A3A
:103870000AEA020A0AFA0CFA4FF0010B0BFA0CFBE7
:10388000ABF1010B0BEA030B4AEA0B04214640465D
:1038900008F0C4FBBDE8F09F00BF00F00702064B34
:1038A00019684FF6FF031940044B0B4343EA02210A
:1038B000014B196000BF70470CED00E00000FA05F5
:1038C00000BF00BF00BF00BF00BFBFF34F8F00BFEE
:1038D00000BF00BF0948006800F4E06008490843E1
:1038E000001D0649086000BF00BF00BFBFF34F8F37
:1038F00000BF00BF00BF00BF00BFFDE70CED00E050
:103900000000FA0570B505460C4604F080008028DA
:1039100008D104F0070000EB800605F1280000EB59
:10392000C60105E004EB840605F5B47000EBC601A2
:103930001AB900200873CB8004E0012008730B81C2
:10394000180C4881002070BD704770B504460D46C4
:1039500005EB850304F1280101EBC3014A692946FF
:10396000D4F8E80206F0EAFB70BD70B504460D46D7
:1039700005EB850304F5B47101EBC3014A692946DF
:10398000D4F8E80206F05AFC70BD70B504460E4645
:1039900006F0800080280AD106F0070000EB8001C5
:1039A00004F1280000EBC1050120687009E006F071
:1039B000070000EB800104F5B47000EBC1050020A6
:1039C000687006F00700287000BF94F8A80201286C
:1039D00001D1022070BD012084F8A80200BF294651
:1039E000206807F0B3FA00BF002084F8A80200BFE7
:1039F00000BFEFE770B504460E4606F00F006168A1
:103A0000884201D9012070BD06F0800080280AD1CB
:103A100006F0070000EB800104F1280000EBC1056F
:103A20000120687009E006F0070000EB800104F552
:103A3000B47000EBC105002068700020A87006F08B
:103A40000700287000BF94F8A802012801D10220C5
:103A5000D9E7012084F8A80200BF2946206807F0B2
:103A6000D1FB00BF002084F8A80200BF00BFCAE756
:103A70002DE9F04105460C46174607F48040002822
:103A800050D02868B0F85010207801EBC000801C9E
:103A9000296801F5806131F81000C0F30906A069BA
:103AA000B04203D3A069801BA06101E00020A061A7
:103AB000A069A8B900BF22785200296831F8121015
:103AC0004BF68F7201EA020080F4005040F400418E
:103AD00041F0800123785B002A6822F8131000BFB0
:103AE00007F04000A8B100BF00BF2278520029684B
:103AF00031F8121048F68F7201EA020040F40041DA
:103B000041F0C00123785B002A6822F8131000BF3F
:103B100000BF002E55D0228961693346286808F01D
:103B2000E7F94EE02868B0F85010207801EBC000AB
:103B3000801D296801F5806131F81000C0F3090685
:103B4000A069B04203D3A069801BA06101E00020FE
:103B5000A061A069A8B900BF22785200296831F895
:103B600012104BF68F7201EA020080F4005040F40C
:103B7000004141F0800123785B002A6822F813108D
:103B800000BF07F04000A8B900BF00BF2278520074
:103B9000296831F8121048F68F7201EA020040F4E9
:103BA000004141F0C00123785B002A6822F813101D
:103BB00000BF00BF2EB1628961693346286808F0F2
:103BC00097F93046BDE8F0812DE9F04705460C46EF
:103BD000904608F04000002871D02868B0F85010D6
:103BE000207801EBC000801C296801F5806131F864
:103BF0001000C0F30907A069B84203D9A069C01B2F
:103C0000A06101E00020A061A06900287ED100BF72
:103C10006078C8B900BF29682A68B2F850201144FA
:103C20002278022303EBC20201F5806303EB42001A
:103C300000BF028848F2FF331A400280028842F433
:103C40000042028000BF13E06078012810D100BF5D
:103C500028682A68B2F8502010442278022303EB27
:103C6000C20200F5806303EB420100220A8000BF1C
:103C700000BF00BF2968607810BB00BF2B68D5F873
:103C800000C0BCF850C0634494F800C04FF006096F
:103C900009EBCC0C03F5806909EB4C0000BFB0F8D0
:103CA00000C048F2FF390CEA090CA0F800C0B0F8D7
:103CB00000C04CF4004CA0F800C000BF11E0C0E010
:103CC000607801280DD12868B0F8500001442078B0
:103CD000062303EBC00001F5806303EB40020020E4
:103CE000108000BF21782846FFF72FFE08F480409F
:103CF000002816D000BF00BF22785200296831F892
:103D0000121048F68F7201EA020000E00AE040F467
:103D1000004141F4814123785B002A6822F81310A6
:103D200000BFCAE108F48040A8B100BF00BF2278FC
:103D30005200296831F8121048F68F7201EA020029
:103D400040F4004141F4814223785B00296821F866
:103D5000132000BF00BF94F824000128E1D160695E
:103D600038446061E0693844E0612169206A884232
:103D700004D32669206A801B20620BE0206A20B9E8
:103D80003E46002084F8240004E0002084F824004B
:103D9000266A206200BF6078B8BB00BF2A68296825
:103DA000B1F850100A442178022303EBC10102F557
:103DB000806303EB4101084600BF56B9038848F20F
:103DC000FF3C03EA0C030380038843F400430380B1
:103DD00019E03E2E0BD800BF710806F0010303B1B5
:103DE000491C4FF6FF7303EA812303800BE000BFF9
:103DF000710906F01F0303B9491E4FF4004343EA5B
:103E00008123038000BF00BF13E0FFE76078012833
:103E10000FD100BF28682A68B2F8502010442278D9
:103E2000022303EBC20200F5806303EB42010E8024
:103E300000BF00BFB3B222896169286808F087F823
:103E40003BE12868B0F85010207801EBC000801DDD
:103E5000296801F5806131F81000C0F30907A069F5
:103E6000B84203D3A069C01BA06101E00020A0619B
:103E7000A06900287DD100BF6078C8B900BF29685B
:103E80002A68B2F8502011442278022303EBC202C0
:103E900001F5806303EB420000BF028848F2FF3364
:103EA0001A400280028842F40042028000BF13E000
:103EB0006078012810D100BF28682A68B2F8502025
:103EC00010442278022303EBC20200F5806303EB67
:103ED000420100220A8000BF00BF00BF296860784D
:103EE00008BB00BF2B68D5F800C0BCF850C06344C5
:103EF00094F800C04FF0060909EBCC0C03F580697B
:103F000009EB4C0000BFB0F800C048F2FF390CEAE2
:103F1000090CA0F800C0B0F800C04CF4004CA0F8A8
:103F200000C000BF10E0607801280DD12868B0F80B
:103F3000500001442078062303EBC00001F58063A4
:103F400003EB40020020108000BF21782846FFF7D5
:103F5000FCFC08F48040002816D100BF00BF227886
:103F60005200296831F8121048F68F7201EA0200F7
:103F700000E00AE040F4004141F4814123785B0015
:103F80002A6822F8131000BF97E008F48040A8B90F
:103F900000BF00BF22785200296831F8121048F69D
:103FA0008F7201EA020040F4004141F4814123781C
:103FB0005B002A6822F8131000BF00BF94F82400A9
:103FC00001287AD1606938446061E0693844E06171
:103FD0002169206A884204D32669206A801B2062F6
:103FE0000BE0206A20B93E46002084F8240004E05B
:103FF000266A0020206284F8240000BF2A686078C6
:1040000090BB00BFD5F800C02968B1F850108C44AF
:1040100021784FF0060909EBC1010CF5806909EB25
:104020004101084600BF76B9B0F8009048F2FF3A67
:1040300009EA0A09A0F80090B0F8009049F4004994
:10404000A0F8009020E03E2E0FD800BF710806F0C7
:104050000109B9F1000F00D0491C4FF6FF7909EAB8
:104060008129A0F800900FE010E000BF710906F070
:104070001F09B9F1000F00D1491E4FF4004949EA68
:104080008129A0F8009000BF00BF0FE060780128F0
:104090000CD12868B0F8500002442078062101EBCA
:1040A000C00002F5806101EB40031E8000BFB3B287
:1040B00062896169286807F04AFF00BF22785200D0
:1040C000296831F8121048F6BF7201EA020080F048
:1040D000100080F0200040F4004141F0800123787E
:1040E0005B002A6822F8131000BF0020BDE8F087AB
:1040F000024601F0070000EB800302F5B47000EB0C
:10410000C300C06970472DE9F04705460E4690464A
:104110001F464FF0000906F0800080280AD106F003
:10412000070000EB800105F1280000EBC10401202D
:10413000607009E006F0070000EB800105F5B4703F
:1041400000EBC1040020607006F007002070C4F886
:104150001080E770607808B12078E081022F01D1EB
:104160000020207100BF95F8A802012802D102208A
:10417000BDE8F087012085F8A80200BF2146286825
:1041800006F0BAFC00BF002085F8A80200BF484630
:10419000EEE72DE9F04105460E461746984606F033
:1041A000070000EB800105F5B47000EBC104676106
:1041B000C4F818800020E061607006F007002070ED
:1041C00006F0070020B92146286807F0B6F803E09A
:1041D0002146286807F0B1F80020BDE8F08170B5ED
:1041E00004460D4605F007006168884201D90120A8
:1041F00070BD05F0800080280AD105F0070000EBB3
:10420000800104F1280000EBC1060120707007E076
:1042100005EB850104F5B47000EBC1060020707059
:104220000120B07005F00700307000BF94F8A802BC
:10423000012801D10220DBE7012084F8A80200BF99
:104240003146206807F04BF805F0070020B904F567
:104250002C71206806F0D3FF00BF002084F8A8026C
:1042600000BF00BFC4E72DE9F04105460E46904669
:104270001F4606F0070000EB800105F1280000EB67
:10428000C104C4F81480A761012084F824002762C7
:104290000020E0610120607006F00700207006F049
:1042A000070020B92146286807F047F803E02146B7
:1042B000286807F042F80020BDE8F0817FB5044689
:1042C000206807F011FE00F40040B0F5004F02D165
:1042D000204603F0E5F8206807F006FE00F4806051
:1042E000B0F5806F0FD12068B0F844004FF6FF3171
:1042F00008402168A1F84400204600F09FF9002101
:10430000204600F0BBF9206807F0EEFD00F4804085
:10431000B0F5804F08D12068B0F844004BF6FF712B
:1043200008402168A1F84400206807F0DDFD00F492
:104330000050B0F5005F08D12068B0F844004DF699
:10434000FF7108402168A1F84400206807F0CCFD07
:1043500000F48050B0F5805F1DD12068B0F84000B7
:104360004FF6FB7108402168A1F840002068B0F8C2
:1043700040004FF6F77108402168A1F84000204640
:1043800000F06EF92068B0F844004EF6FF71084066
:104390002168A1F84400206807F0A6FD00F4006041
:1043A000B0F5006F55D1002507E06900206830F8AE
:1043B00011002DF81500681CC5B2082DF5D3206832
:1043C000B0F8400040F001002168A1F840002068EA
:1043D000B0F840004FF6FE7108402168A1F8400097
:1043E00000BF2068B0F8440000F480600028F8D0D6
:1043F0002068B0F844004FF6FF3108402168A1F86A
:104400004400002507E03DF815006A00216821F806
:104410001200681CC5B2082DF5D32068B0F8400022
:1044200040F008002168A1F840002068B0F844007E
:104430004FF2FF7108402168A1F844002068B0F8ED
:10444000400040F004002168A1F84000204600F040
:1044500057F9206807F048FD00F40070B0F5007FC0
:104460000BD12068B0F844004FF6FF510840216896
:10447000A1F84400204600F0FAF8206807F034FD67
:1044800000F48070B0F5807F08D12068B0F8440057
:104490004FF6FF6108402168A1F844007FBD30B5A8
:1044A00085B0044614B9012005B030BD94F8A902C6
:1044B00028B9002084F8A802204600F09DF80320C7
:1044C00084F8A902206806F090FE142204F110017D
:1044D0006846FBF739FE94E80F0006F033FD20B183
:1044E000022084F8A9020120DEE70021206807F0FD
:1044F00024FD002531E0012105EB850204F12800AF
:1045000000EBC200417005EB850104F1280000F8C2
:10451000315005EB850100EBC100C581002105EBA1
:10452000850204F1280000EBC200C17005EB850292
:1045300004F1280000EBC200016105EB850204F1E3
:10454000280000EBC200416105EB850204F1280060
:1045500000EBC2008161681CC5B26068A842CAD87D
:1045600000252AE0002105EB850204F5B47000EB7C
:10457000C200417005EB850104F5B47000F83150BC
:10458000002105EB850200EBC200C17005EB85023E
:1045900004F5B47000EBC200016105EB850204F57F
:1045A000B47000EBC200416105EB850204F5B47004
:1045B00000EBC2008161681CC5B26068A842D1D816
:1045C000142204F110016846FBF7BEFD94E80F00C9
:1045D00006F000FE20B1022084F8A902012063E762
:1045E000002084F82400012084F8A902206806F045
:1045F000EEFD002058E7000038B504460D4920685C
:10460000884215D100BF0C48C06940F400000A4937
:10461000C8610846C06900F40000009000BF00BFF8
:10462000002211461420FFF7F9F81420FFF7E6F8EE
:1046300038BD0000005C00400010024070B5044628
:104640000125A068022801D0FCF7ECF92946D4F82E
:10465000E80205F027FFD4F8E80205F0D9FE70BDA6
:1046600010B50446D4F8E80205F000FF10BD10B5FF
:104670000446D4F8E80205F004FF10BD70B5044606
:104680000D4600BF94F8A802012801D1022070BD98
:10469000012084F8A80200BF84F82450294620682D
:1046A00007F04EFC00BF002084F8A80200BF00BF46
:1046B000EDE710B5044604F52C71D4F8E80205F0D6
:1046C00008FF10BD10B5044600BF94F8A8020128E9
:1046D00001D1022010BD012084F8A80200BF20688B
:1046E00007F0F0FB01212046FFF72EF9206806F0C5
:1046F0006BFD00BF002084F8A80200BF00BFE9E7FF
:1047000010B50446D4F8E80205F03CFFA06928B1D2
:104710000348006840F006000149086010BD000031
:1047200010ED00E0012001490862704700000E42D0
:104730002DE9F04385B006463BA30FCB01AC0FC477
:104740003DA0006800904FF00008002500270024DD
:10475000A146012E30D0022E55D0102E5ED1374802
:104760004468006800F0807000B301A8C4F383417E
:10477000475C04F4803070B130484068C0F340407A
:104780001DF8008004F4803040B12D48B0FBF8F0F3
:1047900000FB07F502E02B4807FB00F527484068BF
:1047A00000F48000B0F5800F01D1A94603E0680055
:1047B0000321B0FBF1F932E02048046A04F44070B0
:1047C000B0F5807F05D104F0020010B14FF400492C
:1047D00018E004F44070B0F5007F07D11748406A34
:1047E00000F0020010B149F640490BE004F44070BB
:1047F000B0F5407F06D11148006800F4003008B1E0
:104800004FF224490BE000F09BF90C494968C1F3D1
:104810008131491C4900B0FBF1F900E000BF00BF45
:10482000484605B0BDE8F083020304050607080901
:104830000A0B0C0D0E0F10100102000000100240B8
:1048400000127A0000093D00F8B504460026002554
:10485000207800F0010000286BD000274348C06991
:1048600000F0805070B900BF4048C06940F08050EF
:104870003E49C8610846C06900F08050009000BF02
:1048800000BF01273A48006800F48070B0B938488A
:10489000006840F4807036490860FEF7C5F90646A6
:1048A00006E0FEF7C1F9801B642801D90320F8BD9A
:1048B0002F48006800F480700028F2D02B48006A6E
:1048C00000F440752DB3A08800F44070A84220D0B9
:1048D0002648006A20F4407501202649086000201F
:1048E00008602248056205F0010090B1FEF79CF9CE
:1048F000064608E0FEF798F9801B41F288318842AD
:1049000001D90320D3E71948006A00F0020000280B
:10491000F0D01648006A20F44070616808431349DB
:104920000862012F04D10846C06920F08050C86198
:1049300000BF207800F00200022807D10B48406831
:1049400020F44040A168084308494860207800F0FE
:104950001000102807D10548406820F48000E16865
:104960000843024948600020A1E70000001002400F
:1049700000700040400442427047000070B5044699
:104980000D460CB9012070BD5A48006800F00700C0
:10499000A8420ED25748006820F007002843554926
:1049A00008600846006800F00700A84201D0012016
:1049B000E9E7207800F0020002281DD1207800F0FD
:1049C0000400042805D14C48406840F4E0604A499E
:1049D0004860207800F00800082805D14648406863
:1049E00040F46050444948604348406820F0F0007B
:1049F000A168084340494860207800F0010078B37E
:104A00006068012806D13C48006800F4003090B985
:104A10000120B8E76068022806D13748006800F036
:104A2000007040B90120AEE73348006800F0020092
:104A300008B90120A7E73048406820F0030061680A
:104A400008432D494860FEF7EFF8064609E0FEF7F7
:104A5000EBF8801B41F28831884202D9032092E7AB
:104A600007E02548406800F00C006168B0EB810F5A
:104A7000EDD12048006800F00700A8420ED91D487B
:104A8000006820F0070028431A49086008460068BB
:104A900000F00700A84201D0012074E7207800F060
:104AA0000400042807D11448406820F4E060E1685D
:104AB000084311494860207800F00800082808D110
:104AC0000D48406820F46050216940EAC1000A495D
:104AD000486000F045F808494968C1F30311074AE6
:104AE000515CC8400649086006480068FEF736FE7B
:104AF000002048E7002002400010024000EB0008C0
:104B0000700100205801002001200149C86470474D
:104B10000000424201480068704700007001002018
:104B200000B5FFF7F7FF04494968C1F30221034AC2
:104B3000515CC84000BD00000010024010EB0008AE
:104B400000B5FFF7E7FF04494968C1F3C221034AF2
:104B5000515CC84000BD00000010024010EB00088E
:104B6000F0B585B00FF26C0C9CE8E01001A8A0E84D
:104B7000E0101CA52D6800950021002200230024D0
:104B80000020194D696801F00C05F5B1042D02D023
:104B9000082D19D101E0154819E001ADC1F3834694
:104BA000AC5D01F4803555B10F4D6D68C5F34045DE
:104BB0001DF805200D4D6543B5FBF2F302E00C4DE9
:104BC00004FB05F3184602E000BF084800BF00BF21
:104BD00005B0F0BD02030405060708090A0B0C0D19
:104BE0000E0F1010010200000010024000127A00A7
:104BF00000093D0010B50648806800F0800080285C
:104C000004D1FFF7B9FE80200149887210BD000071
:104C100000100240F8B504460CB90120F8BD207818
:104C200000F00100002878D0F848406800F00C003F
:104C300004280CD0F548406800F00C00082811D179
:104C4000F248406800F48030B0F5803F0AD1EF4868
:104C5000006800F4003000285FD0606800285CD154
:104C60000120DBE700BF6068B0F5803F06D1E74870
:104C7000006840F48030E549086028E0606858B971
:104C8000E248006820F48030E04908600846006887
:104C900020F4802008601AE06068B0F5A02F0BD1E6
:104CA000DA48006840F48020D84908600846006867
:104CB00040F4803008600AE0D448006820F4803076
:104CC000D24908600846006820F48020086000BFD0
:104CD000606888B1FDF7A8FF054606E0FDF7A4FF70
:104CE000401B642801D9032098E7C848006800F4F5
:104CF00000300028F2D010E0FDF796FF054606E0F0
:104D0000FDF792FF401B642801D9032086E7BF48C6
:104D1000006800F400300028F2D1207800F0020092
:104D2000022857D1B948406800F00C0050B1B7488C
:104D3000406800F00C00082818D1B448406800F41E
:104D4000803098B9B148006800F0020020B12069B5
:104D5000012801D0012061E7AC48006820F0F8008C
:104D6000616940EAC100A949086033E02069E8B1FF
:104D70000120A7490860FDF757FF054606E0FDF74B
:104D800053FF401B022801D9032047E79F480068D2
:104D900000F002000028F2D09C48006820F0F800E3
:104DA000616940EAC1009949086013E00020984910
:104DB0000860FDF739FF054606E0FDF735FF401BAB
:104DC000022801D9032029E79048006800F002007A
:104DD0000028F2D1207800F0080008282DD1A06921
:104DE000B8B101208B490860FDF71EFF054606E0BB
:104DF000FDF71AFF401B022801D903200EE7834864
:104E0000406A00F002000028F2D0012003F05AFAB4
:104E100013E000207F490860FDF706FF054606E025
:104E2000FDF702FF401B022801D90320F6E6774870
:104E3000406A00F002000028F2D1207800F004005F
:104E4000042873D100277148C06900F0805070B900
:104E500000BF6E48C06940F080506C49C861084688
:104E6000C06900F08050009000BF00BF01276A4871
:104E7000006800F48070B0B96748006840F4807042
:104E800065490860FDF7D0FE054606E0FDF7CCFE5B
:104E9000401B642801D90320C0E65F48006800F485
:104EA00080700028F2D000BFE068012806D1574882
:104EB000006A40F001005549086227E0E06858B9EF
:104EC0005248006A20F00100504908620846006A12
:104ED00020F00400086219E0E06805280BD14B4877
:104EE000006A40F00400494908620846006A40F040
:104EF000010008620AE04548006A20F001004349C9
:104F000008620846006A20F00400086200BFE068FA
:104F1000A0B1FDF789FE054609E0FDF785FE401BBF
:104F200041F28831884202D9032077E622E03748EF
:104F3000006A00F002000028EFD012E0FDF774FED6
:104F4000054608E0FDF770FE401B41F288318842BB
:104F500001D9032062E62D48006A00F00200002813
:104F6000F0D1012F05D12948C06920F08050274990
:104F7000C86100BFE069C8B32448406800F00C0075
:104F8000082860D0E069022848D10020204908663E
:104F9000FDF74AFE054606E0FDF746FE401B0228E7
:104FA00001D903203AE61948006800F00070002893
:104FB000F2D1206AB0F5803F07D11448406820F450
:104FC0000030A168084311494860D4E9080108434A
:104FD0000E49496821F4741108430C4948600120C6
:104FE0000B490866FDF720FE054607E03DE0FDF7AA
:104FF0001BFE401B022801D903200FE6034800686E
:1050000000F000700028F2D02FE0000000100240F5
:1050100000004242800442420070004000201449D7
:105020000866FDF701FE054606E0FDF7FDFD401BA5
:10503000022801D90320F1E50E48006800F0007055
:105040000028F2D111E0E069012800D1E6E5094825
:10505000466806F48031206A814204D106F470115A
:10506000606A814201D00120D8E50020D6E5000029
:1050700000004242001002402DE9F04780460E46F3
:105080009246002500270024A146404603F073F90C
:1050900081462548B9FBF0F424480068A04240D07E
:1050A0002248046040F2B2750EE0284607F03AFA52
:1050B000012806D1B4F5B77F02D3A4F5B77402E096
:1050C00005E0A4F26D146D1CB4F5B67FEDD800BFF9
:1050D0002F46A5F5FA60F070002515E0012D09D1E5
:1050E000384607F01FFA012804D11D2C01D31D3CBE
:1050F00009E00BE00E48405DA04203D80C48405D3B
:10510000241A00E002E06D1C1C2CE7D200BF681CD2
:105110007070601CB070B2787178F07803F045F967
:1051200030700020BDE8F087805101006C01002044
:10513000F4EA00082DE9F04707460C4691460026A0
:10514000B046002538684068C0F3800010B10120E7
:10515000BDE8F087384603F00EF906464FF461606B
:10516000B6FBF0F5B6FBF0F100FB11603C21B0FBA3
:10517000F1F060704FF46160B6FBF0F100FB11607C
:105180003C21B0FBF1F201FB1200A0701820B5FB2E
:10519000F0F100FB11502070182D08D31820B5FB3A
:1051A000F0F8B5FBF0F100FB1150207000E0257025
:1051B0000020CDE770B5044600250CB9012070BD74
:1051C000607C20B900202074204600F05BF80220AB
:1051D0006074204600F085F918B104206074012045
:1051E000EDE7204603F08DF818B10420607401202B
:1051F000E5E72068406820F0070021684860A06863
:1052000028B11F48006820F001001D4908601C48B3
:10521000001F006820F46070A16808431849091F46
:1052200008606068401C08B1656809E00120FFF76C
:105230007FFA05461DB9042060740120BFE76D1E8A
:105240002068806820F00F0040EA154021688860DF
:105250002068C06865F30F002168C860204603F02D
:105260006DF818B1042060740120A8E70021E173F3
:1052700001216173A1730120607400209FE7000089
:10528000306C004038B504460B492068884212D182
:10529000FFF748FA00BF0948C06940F000600749BD
:1052A000C8610846C06900F00060009000BF00BF00
:1052B00001200349086038BD00280040001002406A
:1052C0003C0442422DE9F04F87B006460F464FF0AE
:1052D0000009002006908046002405900490039069
:1052E000824600BF48A207CA8DE80700304603F097
:1052F00042F881464FF46160B9FBF0F006904FF43C
:105300006160B9FBF0F100FB11903C21B0FBF1F0C2
:10531000C0B204904FF46160B9FBF0F100FB119052
:105320003C21B0FBF1F201FB12000390182106981A
:10533000B0FBF1F201FB12000590F87800F5FA6875
:1053400040F63300804500D9804640F2B270804577
:1053500000D2804640F2B2750AE0284607F0E2F833
:10536000012802D12B48044401E02B4804446D1C61
:105370004545F2D397F801A0404607F0D3F801283D
:1053800004D1BAF1020F01D924480444AAF1010A58
:10539000002507E01DF8050040F2A321484304EB77
:1053A000C0146D1C5545F5D397F802B0ABF1010060
:1053B00040F2A321484304EBC0140598C0EB401110
:1053C000C1EB002004EB00140498C0EB001004EBC8
:1053D00080040398044400BF307C012803D10220DC
:1053E00007B0BDE8F08F0120307400BF0220707458
:1053F0002146304603F01BF80120707400BF0020E6
:10540000307400BF00BFEBE71F1C1F1E1F1E1F1FB5
:105410001E1F1E1F0085E2018033E1018051010043
:105420002DE9F05F04460D46904600260027B14660
:10543000B246204602F09FFF07464FF46160B7FB7B
:10544000F0F9B9F1180F0AD31820B9FBF0FA0AEBFA
:105450004A00C0004FF4616100FB01F700E0002743
:1054600000BF207C012802D10220BDE8F09F01206E
:10547000207400BF02206074B8F1000F0BD12878AF
:105480004FF4616148436978C1EB011100EB810081
:10549000A978461812E0287802F028FF4FF46161DD
:1054A00000FB01FB687802F021FFC0EB00100BEB62
:1054B000800BA87802F01AFF0BEB00063E44314641
:1054C000204602F0B4FF2068406820F00500216803
:1054D00048600120607400BF0020207400BF00BF3E
:1054E000C3E770B5044600250CB9012070BD2068E3
:1054F000406820F0080021684860FDF795FB0546EC
:1055000007E0FDF791FB401BB0F57A7F01D903203E
:10551000ECE72068406800F008000028F1D0002087
:10552000E4E710B504460CB9012010BD606A38B933
:105530006068B0F5827F00D105E00021E16102E002
:105540000021216161610021A16294F8510028B914
:10555000002084F85000204600F042F8022084F831
:1055600051002068006820F0400021680860A08891
:1055700000F48270218901F404410843A18901F4F7
:1055800000610843217C01F002010843217D01F004
:1055900001010843218B01F400710843217F01F0D0
:1055A000380108432021095D01F080010843218D65
:1055B00001F400510843216808600421A06901EA50
:1055C0001040216848602068C06920F400602168AC
:1055D000C86100206065012084F851000020A4E724
:1055E00010B586B004460020029003900490059008
:1055F0003349206888422DD100BF3248806940F489
:105600008050304988610846806900F480500190DC
:1056100000BF00BF00BF0846806940F004008861F9
:105620000846806900F00400019000BF00BFA02080
:105630000290022003900320059002A92248FDF762
:105640004BF94020029000200390049002A91E48CC
:10565000FDF742F91D49206888422FD100BF194843
:10566000C06940F480401749C8610846C06900F429
:105670008040019000BF00BF00BF0846806940F035
:10568000080088610846806900F00800019000BFAA
:1056900000BF4FF4204002900220039003200590A9
:1056A00002A90B48FDF718F94FF480400290002042
:1056B0000390049002A90648FDF70EF906B010BD4C
:1056C0000030014000100240000801400038004056
:1056D000000C01402DE9F84F0446884616461D4649
:1056E0004FF0000A00BF94F85000012802D10220B8
:1056F000BDE8F88F012084F8500000BFFDF794FA50
:105700000746B14694F85100012802D04FF0020A32
:10571000ADE0B8F1000F00D016B94FF0010AA6E0D5
:10572000032084F8510000206065C4F83080A6860C
:10573000E686A063A087E08760642064A068B0F577
:10574000004F0BD12068006820F0400021680860FD
:105750002068006840F48040216808602068006884
:1057600000F04000402805D02068006840F040006C
:1057700021680860E068B0F5006F2FD1606810B153
:10578000B9F1010F09D1206B00882168C860206B36
:10579000801C2063E08E401EE0861BE0206880684D
:1057A00000F0020002280AD1206B00882168C8603E
:1057B000206B801C2063E08E401EE0860AE0FDF72F
:1057C00033FAC01BA84201D3681C00B915B94FF0C9
:1057D000030A4CE0E08E0028E0D12EE0606810B1B2
:1057E000B9F1010F09D1206B007821680873206B93
:1057F000401C2063E08E401EE0861BE0206880682D
:1058000000F0020002280AD1206B0078216808739A
:10581000206B401C2063E08E401EE0860AE0FDF70E
:1058200003FAC01BA84201D3681C00B915B94FF098
:10583000030A1CE0E08E0028E0D13A4629462046C3
:1058400002F0E8FF08B120206065A06850B900BFF1
:10585000002000902068C068009020688068009058
:1058600000BF00BF606D08B14FF0010A00BF01200A
:1058700084F8510000BF002084F8500000BF50465B
:1058800036E72DE9FF5F0446884691461D460E9E89
:10589000012002900020019000BF94F850000128E0
:1058A00003D1022004B0BDE8F09F012084F850002D
:1058B00000BFFDF7B9F9074694F851B0606803904E
:1058C000AA46BBF1010F0BD00398B0F5827F04D13B
:1058D000A06810B9BBF1040F02D002200190DBE0F8
:1058E000B8F1000F03D0B9F1000F00D015B90120B5
:1058F0000190D1E094F85100042802D0052084F8EA
:10590000510000206065C4F83890E587A587C4F889
:105910003080E586A586206460642068006800F019
:105920004000402805D02068006840F04000216811
:105930000860E068B0F5006F4AD1606810B1BAF154
:10594000010F09D1206B00882168C860206B801C82
:105950002063E08E401EE08633E02068806800F01F
:105960000200022810D1E08E70B1029801280BD1FC
:10597000206B00882168C860206B801C2063E08E4B
:10598000401EE086002002902068806800F0010040
:1059900068B1E08F58B12068C068A16B0880A06B27
:1059A000801CA063E08F401EE08701200290FDF77D
:1059B0003BF9C01BB04204D3701C10B1032001900E
:1059C0006AE0E08E0028C8D1E08F0028C5D14AE007
:1059D000606810B1BAF1010F09D1206B007821681D
:1059E0000873206B401C2063E08E401EE08634E08C
:1059F0002068806800F00200022810D1E08E70B1AB
:105A0000029801280BD1206B007821680873206B65
:105A1000401C2063E08E401EE0860020029020683B
:105A2000806800F0010068B1E08F58B12068C0685C
:105A3000A16B0870A06B401CA063E08F401EE08744
:105A400001200290FDF7F0F8C01BB04201D3701C9A
:105A500000B916B9032001901EE0E08E0028C7D1DE
:105A6000E08F0028C4D13A463146204602F0D2FEEB
:105A700020B101200190202060650DE0A06850B9A0
:105A800000BF002000902068C068009020688068F7
:105A9000009000BF00BF00BF012084F8510000BF8C
:105AA000002084F8500000BF0198FBE670B5044662
:105AB0002546681EB0F1807F01D301200FE0681EEB
:105AC0004FF0E02148610F214FF0FF3006F0A6FAB9
:105AD00000204FF0E021886107200861002070BDA0
:105AE0007047704730B502460B4600BF92F83C0045
:105AF000012801D1022030BD012082F83C0000BF06
:105B0000022082F83D00106844681068816824F023
:105B100070041868044310684460104D1068A8426F
:105B20000BD01068B0F1804F07D00D4D1068A8421F
:105B300003D00C4D1068A84205D121F080015868AF
:105B4000014310688160012082F83D0000BF002001
:105B500082F83C0000BF00BFCDE70000002C0140F0
:105B6000000400400008004010B504460CB90120B4
:105B700010BD94F83D0028B9002084F83C00204670
:105B800000F026F8022084F83D00211D206803F073
:105B9000B1FB012084F8460000BF84F83E000121DB
:105BA0003F200155402001554120015500BF00BF55
:105BB000012084F84200432001554420015545202E
:105BC000015500BF012084F83D000020D0E700000F
:105BD00038B5044624492068884216D100BF2348BE
:105BE000C06940F002002149C8610846C06900F060
:105BF0000200009000BF00BF002211461D20FDF7EB
:105C00000DFE1D20FDF7FAFD2CE02068B0F1804F5D
:105C100016D100BF1548C06940F001001349C861A2
:105C20000846C06900F00100009000BF00BF0222DA
:105C300011461C20FDF7F2FD1C20FDF7DFFD11E0F1
:105C40000B49206888420DD100BF0848806940F4A4
:105C50000060064988610846806900F40060009091
:105C600000BF00BF38BD000000040040001002402B
:105C7000002C0140014691F83D00012801D001208F
:105C80007047022081F83D00124B086898420BD003
:105C90000868B0F1804F07D00F4B0868984203D0D6
:105CA0000E4B086898420CD10868806800F0070223
:105CB000062A0CD00868006840F001000B681860E4
:105CC00005E00868006840F001000B6818600020DB
:105CD000D6E70000002C014000040040000800400E
:105CE0002DE9F04104460D4600BF94F83C00012820
:105CF00002D10220BDE8F081012084F83C0000BF01
:105D0000022084F83D002068866826F0770626F495
:105D10007F46206886602868502833D00CDC202815
:105D200050D004DC00284BD0102851D149E0302855
:105D300049D040284CD139E060282DD0702807D0B8
:105D4000B0F5805F03D0B0F5005F41D10DE040E0D9
:105D5000D5E902136A68206803F006FB20688668AC
:105D600046F077062068866033E0D5E902136A685A
:105D7000206803F0F9FA2068806840F480402168C8
:105D8000886026E0EA686968206803F001FB50211A
:105D9000206803F0F4FA1CE0EA686968206803F000
:105DA0000AFB6021206803F0EAFA12E0EA686968F9
:105DB000206803F0EDFA4021206803F0E0FA08E0E3
:105DC00000BF00BF00BF2968206803F0D8FA00E0D8
:105DD00000BF00BF012084F83D0000BF002084F810
:105DE0003C0000BF00BF85E7704710B5044620683F
:105DF0000069C0F34000D8B12068C068C0F340001B
:105E0000B0B16FF00200216808610120207720689E
:105E1000806900F0030018B12046FFF7E5FF05E0B8
:105E2000204600F0ADF8204600F0ABF800202077C7
:105E300020680069C0F38000D8B12068C068C0F352
:105E40008000B0B16FF00400216808610220207763
:105E50002068806900F4407018B12046FFF7C4FF45
:105E600005E0204600F08CF8204600F08AF800207B
:105E7000207720680069C0F3C000D8B12068C068EE
:105E8000C0F3C000B0B16FF00800216808610420C1
:105E900020772068C06900F0030018B12046FFF7A2
:105EA000A3FF05E0204600F06BF8204600F069F8FB
:105EB0000020207720680069C0F30010D8B1206866
:105EC000C068C0F30010B0B16FF010002168086125
:105ED000082020772068C06900F4407018B120467F
:105EE000FFF782FF05E0204600F04AF8204600F068
:105EF00048F8002020772068006900F0010058B1C0
:105F00002068C06800F0010030B16FF00100216826
:105F10000861204600F036F820680069C0F3C01020
:105F200058B12068C068C0F3C01030B16FF0800075
:105F3000216808612046FFF7D3FD20680069C0F39F
:105F4000801058B12068C068C0F3801030B16FF085
:105F5000400021680861204600F020F820680069B0
:105F6000C0F3401058B12068C068C0F3401030B191
:105F70006FF02000216808612046FFF7B2FD10BDD8
:105F80007047704710B5044603492068884201D124
:105F900003F04CF810BD000000040040704770474B
:105FA000704700002DE9F84F044620680568206816
:105FB000C668206847694FF00009CA4605F00F0916
:105FC000B9F1000F0AD105F0200038B106F0200029
:105FD00020B1204603F038FABDE8F88FB9F1000F80
:105FE00071D007F0010018B906F4907000286AD04B
:105FF00005F0010030B106F4807018B1206C40F05B
:106000000100206405F0040030B107F0010018B170
:10601000206C40F00200206405F0020030B107F06F
:10602000010018B1206C40F00400206405F0080065
:1060300048B106F0200010B907F0010018B1206C3B
:1060400040F008002064206C68B305F0200028B1FF
:1060500006F0200010B1204603F0F6F920684069F0
:10606000C0F3801A206C00F0080010B9BAF1000FDC
:1060700022D0204603F0BDF92068406900F04000BE
:10608000B0B12068406920F0400021684861A06BF1
:1060900050B15648A16B4863A06BFCF7DFFA10B112
:1060A000A06B416B88470CE02046FFF779FF08E0C2
:1060B0002046FFF775FF04E02046FFF771FF002040
:1060C000206489E7FFE7206B012878D105F01000F4
:1060D000002874D006F01000002870D000BF002007
:1060E000009020680068009020684068009000BF21
:1060F00000BF2068406900F04000C0B3A06B00689A
:1061000040681FFA80F8B8F1000F2FD0A08D4045ED
:106110002CDDA4F82E80A06B806920281FD0206879
:10612000C06820F480702168C8602068406920F051
:106130000100216848612068406920F04000216822
:106140004861202084F83E00002020632068C06859
:1061500020F010002168C860A06BFCF753FAA08DF6
:10616000E28D801A81B22046FFF719FF34E7FFE77E
:10617000A08DE18D401A1FFA80F8E08DE8B1B8F1EA
:10618000000F1AD02068C06820F490702168C860A1
:106190002068406920F0010021684861202084F8CF
:1061A0003E00002020632068C06820F010002168B5
:1061B000C86041462046FFF7F2FE0DE7FFE705F015
:1061C000800030B106F0800018B1204603F02CFAB0
:1061D00002E705F0400030B106F0400018B120465B
:1061E00003F022F9F8E600BFF6E60000DF930008AE
:1061F00010B504460CB9012010BDA06900B100E043
:1062000000BF94F83D0028B9002084F83C002046E7
:1062100000F028F8242084F83D002068C06820F4AD
:1062200000502168C860204603F080F920680069AA
:1062300020F49040216808612068406920F02A001D
:10624000216848612068C06840F400502168C86037
:1062500000202064202084F83D0084F83E000020C7
:10626000CAE7000010B586B00446002002900390F3
:10627000049005905D49206888423FD100BF5C488A
:10628000806940F480405A4988610846806900F47A
:106290008040019000BF00BF00BF0846806940F009
:1062A000080088610846806900F00800019000BF7E
:1062B00000BF40200290022003900320059002A915
:1062C0004C48FCF709FB80200290002003900490CA
:1062D00002A94848FCF700FB00BF4749486840F066
:1062E000E06040F00400486000BF00221146252015
:1062F000FDF794FA2520FDF781FA75E03F49206803
:10630000884236D100BF3A48C06940F4003038496D
:10631000C8610846C06900F40030019000BF00BFAA
:1063200000BF0846806940F0040088610846806923
:1063300000F00400019000BF00BF04200290022082
:1063400003900320059002A92D48FCF7C5FA082008
:10635000029000200390049002A92948FCF7BCFA9F
:10636000002211462620FDF759FA2620FDF746FAAD
:106370003AE024492068884236D100BF1C48C069F1
:1063800040F480201A49C8610846C06900F48020A2
:10639000019000BF00BF00BF0846806940F00800C0
:1063A00088610846806900F00800019000BF00BFC6
:1063B00008150290022003900320059002A90D48C1
:1063C000FCF78AFA4FF400600290002003900490DA
:1063D00002A90848FCF780FA002211462720FDF7A1
:1063E0001DFA2720FDF70AFA06B010BD003801405B
:1063F00000100240000C0140000001400044004039
:10640000000801400048004070472DE9F84F04465D
:106410000E46174699464FF0000A94F83D00202892
:106420005AD106B117B90120BDE8F88F00BF94F822
:106430003C00012801D10220F6E7012084F83C004D
:1064400000BF00202064212084F83D00FCF7ECFB15
:106450008246A784E784A068B0F5805F04D12069F4
:1064600010B90025B04602E035464FF0000800BFE5
:10647000002084F83C0000BF1BE05346002280212E
:106480002046CDF8009003F0FFF808B10320CBE7D9
:1064900045B9B8F80000C0F308002168486008F169
:1064A000020803E02878216848606D1CE08C401EDB
:1064B000E084E08C0028E0D15346002240212046B1
:1064C000CDF8009003F0E0F808B10320ACE72020FD
:1064D00084F83D000020A7E70220A5E770470000F0
:1064E00002E002A007F024FDFBE700007B225265DA
:1064F00063697665223A7B22537461747573223A1C
:1065000037307D7D0A000000014608684069C0F30D
:106510008020B0B16FF480600A6850610020086389
:10652000202081F83D00002081F83E00086C40F0FA
:106530000400086400BF002081F83C0000BF012077
:1065400070470020FCE700002DE9F84304460D46A3
:1065500090461E46E76A2068006840F48060216823
:106560000860082F04D0012F02D017F5803F06D114
:106570002068006840F480702168086008E0206BA3
:10658000112805D12068006840F4807021680860F7
:10659000434600224FF001112046009600F0AEF96C
:1065A00060B12068006800F48070B0F5807F02D18F
:1065B0004FF4007020640320BDE8F8832069B0F533
:1065C000804F05D1E8B240F001002168086149E040
:1065D00005F44070F02141EAE0102168086133467B
:1065E00042462649204600F0D1F908B10120E3E7F0
:1065F000E8B221680861334642462049891F204697
:1066000000F0C4F908B10120D6E700BF00200090D7
:1066100020684069009020688069009000BF00BF3A
:106620002068006840F480702168086043460022BA
:106630004FF001112046009600F060F958B1206833
:10664000006800F48070B0F5807F02D14FF40070D4
:1066500020640320B0E705F44070F12141EAE01026
:1066600021680861334642460449891F204600F0EC
:106670008DF908B101209FE700209DE70800010087
:106680002DE9F84304460D4617469846E66A082E5B
:1066900004D0012E02D016F5803F06D12068006894
:1066A00040F480702168086008E0206B122805D152
:1066B0002068006840F48070216808603B46002232
:1066C0004FF001112046CDF8008000F017F960B1BD
:1066D0002068006800F48070B0F5807F02D14FF42C
:1066E000007020640320BDE8F8832069B0F5804F76
:1066F00004D105F0FE002168086112E005F4407045
:10670000F02141EAE0102168086143463A460B490E
:10671000204600F03BF908B10120E4E7E8B2216827
:10672000086143463A460549891F204600F02EF984
:1067300008B10120D7E70020D5E7000008000100DC
:106740002DE9F84304460F4615469946DDE90886CB
:106750002068006840F48060216808602068006854
:1067600040F4807021680860434600224FF0011118
:106770002046009600F0C2F860B12068006800F47E
:106780008070B0F5807F02D14FF400702064032048
:10679000BDE8F88307F0FE002168086133464246F1
:1067A0003E49204600F0F2F808B10120F0E700BFB2
:1067B0000020009020684069009020688069009067
:1067C00000BF00BF32464146204600F081F950B17B
:1067D000206C042805D12068006840F4007021680E
:1067E00008600120D4E7B9F1010F03D1E8B22168B4
:1067F000086117E0C5F30720216808613246414669
:10680000204600F065F950B1206C042805D12068BD
:10681000006840F40070216808600120B8E7E8B221
:106820002168086132464146204600F051F950B1D6
:10683000206C042805D12068006840F400702168AD
:1068400008600120A4E72068006840F48070216897
:106850000860434600224FF001112046009600F0E8
:106860004DF858B12068006800F48070B0F5807F62
:1068700002D14FF400702064032089E7F8B240F0A1
:10688000010021680861334642460449204600F071
:106890007DF808B101207BE7002079E702000100C4
:1068A00070B504460D46164620E02046FFF72CFE44
:1068B00008B1012070BD681CC0B1FCF7B5F9801BA0
:1068C000A84200D895B900202063202084F83D001C
:1068D000002084F83E00206C40F02000206400BFBF
:1068E000002084F83C0000BF0120E3E720684069F5
:1068F000C0F380000028D8D00020DBE72DE9F04766
:1069000004460D4617461E46DDF820804FF000096C
:106910001FE0701CE8B109F10109FCF785F9A0EB53
:106920000800B04200D8A6B900202063202084F8D7
:106930003D00002084F83E00206C40F020002064E0
:1069400000BF002084F83C0000BF81460120BDE864
:10695000F087C5F3074001280AD120684069A9B231
:106960000840A9B2884201D101200BE0002009E0D3
:1069700020688069A9B20840A9B2884201D10120EB
:1069800000E00020B842C4D00020E0E72DE9F0414B
:1069900004460D4616461F463DE020684069C0F398
:1069A0008020E8B12068006840F400702168086029
:1069B0006FF480602168486100202063202084F803
:1069C0003D00002084F83E00206C40F0040020646C
:1069D00000BF002084F83C0000BF0120BDE8F0812A
:1069E000701CC0B1FCF720F9C01BB04200D896B9AA
:1069F00000202063202084F83D00002084F83E0021
:106A0000206C40F02000206400BF002084F83C008F
:106A100000BF0120E2E7C5F3074001280AD1206842
:106A20004069A9B20840A9B2884201D101200BE017
:106A3000002009E020688069A9B20840A9B2884214
:106A400001D1012000E000200028A6D00020C5E7E9
:106A500070B504460D46164632E020684069C0F322
:106A60000010A0B16FF01000216848610020206381
:106A7000202084F83D00002084F83E00206C206433
:106A800000BF002084F83C0000BF012070BDFCF76F
:106A9000CBF8801BA84200D895B9002020632020A5
:106AA00084F83D00002084F83E00206C40F0200077
:106AB000206400BF002084F83C0000BF0120E5E70F
:106AC00020684069C0F380100028C6D00020DDE7B0
:106AD00070B504460D46164620E02046FFF714FD2B
:106AE00008B1012070BD681CC0B1FCF79DF8801B87
:106AF000A84200D895B900202063202084F83D00EA
:106B0000002084F83E00206C40F02000206400BF8C
:106B1000002084F83C0000BF0120E3E720684069C2
:106B2000C0F3C0100028D8D00020DBE730B59DB0FE
:106B300004460D467022284901A8F9F705FB332DBC
:106B400037D006DC102D0BD0122D3AD0142D40D1A9
:106B500017E0352D1DD0372D0BD0392D39D120E040
:106B6000A006010E1D4B01AA602000F018F91DB00F
:106B700030BDA006010E194B05AA612000F00FF9E7
:106B8000F5E7A006010E154B09AA602000F007F9F1
:106B9000EDE7A006010E114B0DAA612000F0FFF8F1
:106BA000E5E7A006010E0D4B11AA612000F0F7F8F1
:106BB000DDE7A006010E094B15AA612000F0EFF8F1
:106BC000D5E7A006010E054B19AA602000F0E7F8F2
:106BD000CDE70120CBE7000060EB0008B8220020E1
:106BE00070B504460D462946204600F059F970BD9F
:106BF00070B504460026002504E0002013494855DE
:106C0000681CC5B20A2DF8DB104800F0FFF830B15F
:106C10000020E070A070607020704E2070BD0B48A6
:106C200000F077F930B90020E070A070607020703B
:106C30004E20F3E7002504E00448405D6055681CE1
:106C4000C5B2042DF8DB0020E8E70000B8220020E0
:106C50000870020A4A70020C8A70020ECA707047ED
:106C600030B50B46002100BF16E00A24B4EB107FBC
:106C700005D9302404EB107403F8114005E04124D9
:106C800004EB10740A3C03F81140000100254C008D
:106C9000641C1D554C1CE1B29142E6DB30BD000086
:106CA00070B504460D4616464AF6AA2004490968FE
:106CB0000860AAB22146304601F042FE70BD0000D5
:106CC000480D0020FEB5002500266A460B214FF432
:106CD0000120FFF7E5FF69461C48F9F758FD01A9B7
:106CE0001B48F9F754FD00BF002404E01DF8040020
:106CF000284485B2641C092CF8D39DF809109DF82E
:106D00000A0001EB0020A84204D000200F490860CF
:106D10000F4908609DF80800072804D000200B499F
:106D200008600B4908600948006847F2C7118842AB
:106D300002D900200549086005480068022802D3EE
:106D400000200349086002F0E1F8FEBD00000020C9
:106D5000040000202DE9FC410446002700210D20FD
:106D600005F018F9932020702020607001A82346B8
:106D70000222214600900C2000F0F8F806465EB989
:106D8000002503E0605D4740681CC5B2042DF9DBB7
:106D9000605DB84200D002263046BDE8FC812DE996
:106DA000F04385B006460F46904699468DF804603C
:106DB0008DF80570002406E018F8041001AAA01C44
:106DC0001154601CC4B2062CF6DB002407E019F84D
:106DD000041001AA04F108001154601CC4B2042C70
:106DE000F5DB04A801AB0C2201A900900E2000F0F5
:106DF000BDF805462DB9082001F030FB00F0080071
:106E000000B90225284605B0BDE8F08370B50446F8
:106E100008210846F9F7CCFD2146522000F05BF826
:106E200005461DB92046FFF795FF0546284670BD6B
:106E300010B5012210211848FBF7F0FE00220121B5
:106E40001648FBF7EBFE0120FBF760FC0122114620
:106E50001248FBF7E3FE0120FBF758FC00F053F863
:106E60008D212A2005F096F83E212B2005F092F87E
:106E70001E212D2005F08EF800212C2005F08AF827
:106E80004021152005F086F83D21112005F082F8FB
:106E9000F9F772FC10BD000000080140000C014031
:106EA0007CB505460C46302020706570A21C02217E
:106EB0002046F9F74BFD01A8234604222146009005
:106EC0000C2000F053F8064616B90198902800D01F
:106ED000022630467CBD7CB506460C4607210D20B7
:106EE00005F058F8267001A823460122214600909B
:106EF0000C2000F03BF8054615B90198102800D089
:106F0000022528467CBD10B50F21012005F042F86E
:106F100010BDF0B585B0074693208DF804007020B1
:106F20008DF80500002405E0395D01AAA01C11546C
:106F3000601CC4B2052CF7DB0DF10B02072101A880
:106F4000F9F704FD04A801AB092201A900900C2067
:106F500000F00CF805462DB90498182802D19DF8C8
:106F6000046000E00026304605B0F0BD2DE9FE4F7C
:106F70000646884691469A46DDF830B002200290D7
:106F80000020019000900C2E06D00E2E09D1122068
:106F900001901020009005E07720019030200090B3
:106FA00000E000BF00BF019840F08001022004F023
:106FB000F1FF80210420F9F7FBFC80210A2002F078
:106FC00015F80021012004F0E5FF002505E018F880
:106FD0000510092004F0DEFF6D1C4D45F7D3314646
:106FE000012004F0D7FF0C2E03D180210D2001F0E9
:106FF000FDFF4FF4FA6500BF042001F02FFA0446AC
:107000006D1E35B104F0010018B900982040002829
:10701000F2D080210D20F9F7CBFC95B3062001F0CA
:107020001DFA00F01B0068BB002002900198204070
:1070300000F0010008B1012002900C2E24D10A209A
:1070400001F00CFA04460C2001F008FA00F00707E2
:107050002FB1601E07EBC000CBF8000002E0E0009B
:10706000CBF8000004B90124102C00DD1024002509
:1070700005E0092001F0F2F90AF805006D1CA542AF
:10708000F7D301E0022002900298BDE8FE8F0000D5
:1070900000B585B00020019002900390049000BFDD
:1070A0004B48806940F01000494988610846806972
:1070B00000F01000009000BF00BF00BF08468069CC
:1070C00040F0200088610846806900F020000090B0
:1070D00000BF00BF00BF0846806940F0040088611F
:1070E0000846806900F00400009000BF00BF00BFA8
:1070F0000846806940F0080088610846806900F011
:107100000800009000BF00BF00224FF4E261314848
:10711000FBF784FD002201212F48FBF77FFD4FF490
:10712000E26001900120029000200390032004906F
:1071300001A92848FBF7D0FB012001900290002014
:1071400003900220049001A92348FBF7C5FB01220C
:10715000D1032048FBF762FD4FF40040019001206D
:107160000290002003900320049001A91948FBF726
:10717000B3FB012210211848FBF750FD10200190AD
:107180000120029003900320049001A91248FBF70C
:10719000A3FB012210211048FBF740FD012211033F
:1071A0000D48FBF73BFD4FF4805001900120029009
:1071B000002003900320049001A90748FBF78CFBF3
:1071C000012211030448FBF729FD05B000BD0000B2
:1071D0000010024000080140000C014010B50B48AF
:1071E0000B4908600B484860002109488160C16074
:1071F0004FF480410161002141618161C1610162FF
:10720000FBF718FD08B1F9F70DFC10BD0054004064
:10721000540D0020801A060010B507480749086081
:107220000620486040F6FF7104488160FCF746FA8A
:1072300008B1F9F7F7FB10BD00300040480D002001
:107240001CB50020019000900748084908604FF0E5
:10725000FF3048604FF4807104488160FDF7AAFF59
:1072600008B1F9F7DFFB1CBD00280040B00E00207C
:1072700010B50F480F4908604FF482704860002134
:107280000C488160C160016141614FF4007181610E
:107290002821C1610021016241624FF400518162E5
:1072A0000921C162FEF73DF908B1F9F7BBFB10BD3A
:1072B00000300140C40E002010B50F480F4908608F
:1072C0004FF48270486000210C488160C160022147
:1072D000016101214161490281610821C1610021EF
:1072E0000162416281620A21C162FEF71AF908B1A6
:1072F000F9F798FB10BD0000003800401C0F00207B
:1073000000B587B00020039004900590069001908E
:10731000029014481449086040F2DB504860002194
:10732000114881600121C160002101618161FEF786
:107330001BFC08B1F9F776FB4FF48050039003A9CA
:107340000948FEF7CDFC08B1F9F76CFB002001906D
:10735000029001A90448FEF7C5FB08B1F9F762FBEA
:1073600007B000BD00040040740F002010B50948AC
:1073700009490860002108488160C16001610C2151
:10738000416100218161C161FEF732FF08B1F9F767
:1073900049FB10BD00380140BC0F002010B50B4860
:1073A0000B4908604FF4E1304860002108488160D3
:1073B000C16001610C21416100218161C161FEF761
:1073C00017FF08B1F9F72EFB10BD00000044004084
:1073D0000010002010B50B480B4908604FF4964090
:1073E0004860002108488160C16001610C21416151
:1073F00000218161C161FEF7FBFE08B1F9F712FBC4
:1074000010BD000000480040441000201FB50020BF
:1074100000900190029003904FF480500090012062
:107420000190022002900320039069461448FBF764
:1074300053FA00224FF480511148FBF7EFFB642010
:10744000FBF764F900220F490F4802F038FE08B13B
:10745000F9F7E8FA0D490C4803F0CAF808B1F9F752
:10746000E1FA0B49084802F0D0FA08B1F9F7DAFA64
:10747000054803F087F908B1F9F7D4FA1FBD0000F9
:1074800000080140EC00002088100020840100204A
:107490004401002000BFFEE7FDF7ACFB00BFFEE7A4
:1074A0002DE9F0470546EAE12868B0F844A00AF063
:1074B0000F06002E7ED10AF01000B0BB00BF296875
:1074C000098848F60F7201EA020040F400412A6878
:1074D000118000BF05F128042868B0F8501020780A
:1074E00001EBC000801C296801F5806131F81000B3
:1074F000C0F30900E061E16960690844606100214E
:107500002846FCF722FA95F824000028CBD0A06981
:107510000028C8D195F8240040F080002968A1F81F
:107520004C00002085F82400A9E1FFE705F5B474BC
:107530002868B0F8008008F4006030B32868B0F81C
:107540005010207801EBC000801D296801F5806192
:1075500031F81000C0F30900E061A18B8BB2E28822
:1075600005F52C71286804F0C3FC00BF2968098860
:1075700040F68F7201EA020040F080012A68118013
:1075800000BF2846FDF795F879E108F4004000288F
:1075900089D000BF2968098840F68F7201EA02008D
:1075A00040F080012A68118000BF2868B0F85010B0
:1075B000207800E06FE001EBC000801D296801F534
:1075C000806131F81000C0F30900E061E06990B11A
:1075D000606980B1B4F81CC01FFA8CF3E28861695D
:1075E000286804F085FCE169606908446061002155
:1075F0002846FCF7BAF92868008800F400600028E3
:1076000092D100BF2A682968B1F850100A4402F2EA
:107610000C41084600BF236953B9038848F2FF3C78
:1076200003EA0C030380038843F4004303801EE055
:1076300023693E2B0DD800BF23695908237C03F032
:10764000010303B1491C4FF6FF7303EA8123038052
:107650000DE000BF23695909237C03F01F0303B920
:10766000491E4FF4004343EA8123038000BF00BF5B
:1076700000BF00BF296809884BF68F7201EA02003B
:1076800080F4805080F4005040F4004141F08001CB
:107690002A681180F3E07100286830F8118008F43E
:1076A000004000287ED000BF7200296831F8121017
:1076B00040F68F7201EA020040F0800173002A68F0
:1076C00022F8131000BF06EB860105F5B47000EB3D
:1076D000C104207BB0B92868B0F85010207801EBC5
:1076E000C000801D296801F5806131F81000C0F3E9
:1076F0000907002F5BD0E28861693B46286804F0E7
:10770000F7FB54E0E078022806D14246214628469D
:10771000FCF7AEF907464AE000BF00BF22785200EE
:10772000296831F8121048F68F7201EA020040F41D
:10773000004141F0C00123785B002A6822F8131051
:1077400000BF00BF21784900286830F8110000F41C
:107750008040A8B12868B0F85010207801EBC00034
:10776000801C296801F5806131F81000C0F3090719
:10777000EFB1228961693B46286804F0B9FB16E045
:107780002868B0F85010207801EBC000801D2968EF
:1077900001F5806131F81000C0F309073FB162893B
:1077A000616900E017E03B46286804F0A1FBE0694E
:1077B0003844E061606938446061A06910B12069B3
:1077C000B84204D921782846FCF7CFF803E02146D7
:1077D000286803F0B2FD08F08000B0B306EB860124
:1077E00005F1280000EBC10400BF7200296831F8E0
:1077F000121048F60F7201EA020040F400417300D3
:107800002A6822F8131000BFE078032807D0E07838
:1078100028B1E07802282DD108F4807050BB286888
:10782000B0F85010207801EBC000801C296801F5E9
:10783000806131F81000C0F30909A069484505D9F5
:10784000A069A0EB0900A06102E018E00020A0619F
:10785000A06920B921782846FCF777F80FE0606925
:1078600048446061E0694844E0612146286803F0CB
:1078700064FD04E0424621462846FCF7A5F9286845
:10788000B0F8440000F4004000287FF40DAEBDE8DD
:10789000F0877047F0B589B0002400250026FE4827
:1078A0004078012803D10320FC490870FEE3FA4820
:1078B0004078062813D10520F8490870F848F9499E
:1078C0000268F94804F08EFB002704E0F649C81965
:1078D00006F0A8F97F1CB7F5C87FF7D3E6E7EE48B6
:1078E0004078022803D10420EC490870DEE7EA481A
:1078F000407805287ED10320E84908700024E64836
:107900008078082805DAE9A006F012FB012009B00A
:10791000F0BDE148C078E04909794840DE4949793D
:107920004840DD49897980EA0106DB48C079B042E8
:1079300004D0DEA006F0FCFA0120E8E7D648C078C3
:107940000006D549097900EB0140D349497900EB9C
:107950000121D14880790844D149086006A9D0485E
:10796000006805F073FF05460020CF498870487015
:107970000870032405F10900C2B22146641CCA48FC
:10798000425402222146641C4254F9222146641CBE
:10799000425445222146641C425470222146641CF4
:1079A000425400212246641C81542246641C8154A6
:1079B0002246641C81542246641C81542246641C65
:1079C00081542246641C81542246641C8154224600
:1079D000641C815431222146641C425432222046C8
:1079E000611C8CB2B0490A5434222046611C8CB20E
:1079F000AD4900E04AE00A5435222046611C8CB2B1
:107A0000A9490A541C222046611C8CB2A6490A547A
:107A1000002008E006A90B5C2146621C94B2A24A31
:107A20005354411CC8B2A842F4DB1C222046611CFE
:107A30008CB29D490A542046611C8CB29A490A5462
:107A40002046611C8CB298490A542046611C8CB2B5
:107A500095490A5401AA2146934800F01BFD0020D5
:107A600008E001A90B5C2146621C94B28E4A535473
:107A7000411CC8B21428F4DB002704E08A49C81965
:107A800006F0D0F87F1CA742F8D3E1E382484078A3
:107A900003287DD18149087000247F488078082818
:107AA00004DA82A006F044FA012030E77A48C07870
:107AB000794909794840784949794840764989792E
:107AC00080EA01067448C079B04204D077A006F07D
:107AD0002FFA01201BE77048C07800066E4909792B
:107AE00000EB01406C49497900EB01216A4880793B
:107AF00008446B49086006A96948006805F0A6FEBD
:107B0000054600206849887048700870032405F114
:107B10000900C2B22146641C634842540222214635
:107B2000641C4254F9222146641C425445222146D9
:107B3000641C425470222146641C42540021224697
:107B4000641C81542246641C81542246641C815466
:107B50002246641C81542246641C81542246641CC3
:107B600081542246641C81542246641C8154312273
:107B70002146641C425432222046611C8CB24A4980
:107B80000A5434222046611C8CB247490A5400E052
:107B900049E035222146601C84B2434842541C22ED
:107BA0002046611C8CB240490A54002008E006A916
:107BB0000B5C2246611C8CB23B498B54411CC8B201
:107BC000A842F4DB1C222046611C8CB236490A54C0
:107BD0002046611C8CB234490A542046611C8CB288
:107BE00031490A542046611C8CB22F490A5401AA1B
:107BF00021462D4800F04EFC002008E001A90B5C56
:107C00002146621C94B2284A5354411CC8B214281D
:107C1000F4DB002704E02449C81906F003F87F1CB0
:107C2000A742F8D314E31C484078042871D11B49BB
:107C30000870002418488078082804DA1BA006F091
:107C400077F9012063E61448C07813490979484060
:107C50001149497948401049897980EA01060E485E
:107C6000C079B04204D011A006F062F901204EE6BE
:107C70000948C07800060849097900EB0140064927
:107C8000497900EB012104488079084404490860DF
:107C900006A90348006817E0740700209900002037
:107CA0009C00002058EC0008340B00207B22526519
:107CB0006365697665223A7B225374617475732219
:107CC0003A3139307D7D0A0005F0C0FD05460220BD
:107CD000FE4908707520487000208870C8700871CF
:107CE00001204871722088716F20C8710824B12268
:107CF0002146641CF54842541A222146641C425411
:107D000081222146641C42542146641C45540020B3
:107D100009E08EE206A90B5C2146621C94B2EB4A94
:107D20005354411CC8B2A842F4DB82222046611C95
:107D30008CB2E6490A5409222046611C8CB2E34900
:107D40000A54E4222146601C84B2E0484254C7220F
:107D50002046611C8CB2DD490A54E3222146601C96
:107D600084B2DA4842543A222046611C8CB2D74988
:107D70000A54CD222046611C8CB2D4490A54D32225
:107D80002046611C8CB2D1490A54ED222146601C68
:107D900084B2CE484254E4222146601C84B2CB48CF
:107DA00042540A222046611C8CB2C8490A548322DC
:107DB0002046611C8CB2C5490A5401222046611C30
:107DC0008CB2C2490A542046611C8CB2BF490A5485
:107DD00084222046611C8CB2BC490A5401222046F0
:107DE000611C8CB2B9490A5403222046611C8CB232
:107DF000B6490A5485222046611C8CB2B3490A5404
:107E000001222046611C8CB2B0490A54002220464F
:107E1000611C8CB2AD490A54B2222046611C8CB25E
:107E2000AA490A5451222046611C8CB2A7490A541F
:107E3000A1222046611C8CB2A4490A5405F1170006
:107E4000C2B22046611C8CB2A0490A54812220464D
:107E5000611C8CB29D490A542046611C8CB29B491E
:107E60000D54002008E006A90B5C2146621C94B268
:107E7000964A5354411CC8B2A842F4DB82222046E1
:107E8000611C8CB291490A5401222046611C8CB2BB
:107E90008E490A5430222046611C8CB28B490A5408
:107EA00083222146601C84B2884842540122204625
:107EB000611C8CB285490A5430222046611C8CB268
:107EC00082490A5484222046611C8CB27F490A549C
:107ED00001222046611C8CB27C490A543022204683
:107EE000611C8CB279490A5485222046611C8CB2EF
:107EF00076490A5401222146601C84B273484254D8
:107F000030222146601C84B27048425486222046AA
:107F1000611C8CB26D490A5401222046611C8CB24E
:107F20006A490A5430222046611C8CB267490A54BF
:107F300087222046611C8CB264490A5401222046E3
:107F4000611C8CB261490A5430222046611C8CB2FB
:107F50005E490A5488222046611C8CB25B490A544F
:107F600001222046611C8CB258490A543022204616
:107F7000611C8CB255490A54A2222046611C8CB265
:107F800052490A5432222146601C84B24F4842545E
:107F9000A1222046611C8CB24C490A540B22204677
:107FA000611C8CB249490A5481222046611C8CB262
:107FB00046490A5403222046611C8CB243490A54A4
:107FC000E4222146601C84B240484254C722204625
:107FD000611C8CB23D490A54E3222046611C8CB2DC
:107FE0003A490A5482222146601C84B237484254DE
:107FF00004222046611C8CB234490A54CD2220460A
:10800000611C8CB231490A54D3222046611C8CB2C7
:108010002E490A54ED222046611C8CB22B490A5489
:10802000E4222046611C8CB228490A54A122204631
:10803000611C8CB225490A5411222046611C8CB265
:1080400022490A5481222046611C8CB21F490A54DD
:1080500006222046611C8CB21C490A544422204648
:10806000611C8CB219490A546C222046611C8CB2E6
:1080700016490A542046611C8CB214490A545622EF
:108080002046611C8CB211490A5465222046611CAD
:108090008CB20E490A5472222146601C84B20B48ED
:1080A000425482222046611C8CB200E0D0E0074995
:1080B0000A5407222046611C8CB204490A54322219
:1080C0002046611C8CB201490A5401E0340B0020A7
:1080D0002E222046611C8CB262490A54332220466B
:1080E000611C8CB25F490A542E222046611C8CB25E
:1080F0005C490A5430222046611C8CB259490A540A
:108100002E222046611C8CB256490A543122204648
:10811000611C8CB253490A54A1222146601C84B2CE
:108120005048425410222046611C8CB24D490A54DA
:1081300081222146601C84B24A48425406222046CD
:10814000611C8CB247490A5450222046611C8CB2F3
:1081500044490A5472222046611C8CB241490A5497
:1081600067222046611C8CB23E490A5456222046A2
:10817000611C8CB23B490A5465222046611C8CB2BA
:1081800038490A5472222046611C8CB235490A547F
:1081900082222046611C8CB232490A5406222046B3
:1081A000611C8CB22F490A5470222046611C8CB28B
:1081B0002C490A5472222046611C8CB229490A5467
:1081C00067222046611C8CB226490A54762220463A
:1081D000611C8CB223490A5465222146601C84B27A
:1081E0002048425472222046611C8CB21D490A5418
:1081F000F2222146601C84B21A4842541D222046B5
:10820000611C8CB217490A542146601C84B215487F
:108210004254EB222146601C84B21248425400278B
:1082200004E01049C81905F0FDFC7F1CA742F8D3F3
:108230000EE000200C490870022704E00B49C81921
:1082400005F0F0FC7F1C09484078401CB842F5D28C
:1082500007A005F06DFE4FF416710448F7F78DFF87
:10826000002022E4340B0020990000207407002035
:108270007B2252656365697665223A7B225374617D
:10828000747573223A32362C2254797065223A2260
:10829000506F735472616E73616374696F6E227D87
:1082A0007D0A000001B582B06420012301AA02A961
:1082B00000900348FDF7E5FA9DF804000EBD0000AC
:1082C000C40E002008B508490968C9084FF47A723D
:1082D000B1FBF2F14143009100BF00BF00994A1E7B
:1082E00000920029F9D108BD70010020014600BFAD
:1082F000080900EB8000420001F00F001044C0B2FA
:10830000704770B504460025FAF78EFC054607E075
:10831000FAF78AFC401BB0F57A7F01D9032070BDC3
:108320002068406800F020000028F1D020684068F4
:1083300040F01000216848600020F0E770B5044666
:1083400000252068406820F0100021684860FAF796
:108350006BFC054607E0FAF767FC401BB0F57A7F37
:1083600001D9032070BD2068406800F0200000287B
:10837000F1D00020F6E730B50146002200230024AA
:1083800000200D68AD69AAB20D68ED69ACB20D6848
:10839000AD69ABB29A4205D00D68ED6963F31F4534
:1083A000284601E044EA024030BDF0B504460B46E1
:1083B0000021002504F5FA61032B1BD2C3EBC30097
:1083C00000EB03100926B0FBF6F01044001D461820
:1083D000481E06EB90066427B0FBF7F0361A481EDD
:1083E000BF00B0FBF7F030440726B0FBF6F706FB02
:1083F00017051AE0C3EBC30000EB03100926B0FB1E
:10840000F6F01044001D084400EB91006426B1FB17
:10841000F6F6801B4FF4C876B1FBF6F63044801EAA
:108420000726B0FBF6F706FB1705E8B2F0BD70B5FE
:1084300004460D4600262046FFF763FF08B10126DB
:108440000AE0280C21688861A8B22168C86120462A
:10845000FFF774FF00B10126304670BD70B50446C9
:10846000002210210A48FAF7D9FB7E2101EA4401D3
:1084700041F08000FFF716FF0020FFF713FF0546CD
:10848000012210210248FAF7C9FB284670BD0000FE
:10849000000801402DE9F74FFEB00E46DFF8589373
:1084A000D6487D906FEA09007C90D448C0437B9009
:1084B000D3487A90002074900CE0DDF8D0A17E982B
:1084C00010F80AA00DF5A67B74980BF800A074981C
:1084D000401C74907498B042EFD331460F46802010
:1084E0000DF5A67A0AF801004FF0000A0DF5A67BFB
:1084F000481C0BF800A053A8405C5290491C084649
:108500004FEAE17A01EB9A6A4FEAAA1AA1EB8A1ABA
:10851000CDF844A1DDF844A1BAF1380F04DA51983E
:10852000C0F13800519003E05198C0F178005190AB
:10853000002306E000200DF5A67A0AF80100491C88
:108540005B1C51988342F5D34FF0000A0DF5A67BD2
:10855000481C0BF800A0002306E000200DF5A67AC9
:108560000AF80100491C5B1C062BF6D3F8004FEA01
:10857000E07A00EB1A6ACAF3072A0DF5A67B0BF81E
:1085800001A0491CF8004FEAE07A00EB1A6A4FEAB2
:108590002A2AA0EB0A2A0BF801A0491C002001EBB3
:1085A000030A0BF80A0008464FEAE17A01EB9A6ADF
:1085B0004FEAAA1ACDF840A10023DCE000202BE00E
:1085C0004FEA831A0AEB800A0DF5A67B1BF80AA076
:1085D0004FEA0A6A4FEA831B0BEB800B0BF1010B8E
:1085E0000DF5A67E1EF80BB00AEB0B4A4FEA831B73
:1085F0000BEB800B0BF1020B1EF80BB00AEB0B2AF6
:108600004FEA831B0BEB800B0BF1030B1EF80BB037
:10861000DA444DF820A0401C1028D1DB102430E0B3
:10862000E01E5DF82000A4F1080A5DF82AA080EAA7
:108630000A00A4F10E0A5DF82AA080EA0A00A4F15B
:10864000100A5DF82AA080EA0A004FEA400AE01EFC
:108650005DF82000A4F1080B5DF82BB080EA0B0058
:10866000A4F10E0B5DF82BB080EA0B00A4F1100B07
:108670005DF82BB080EA0B004AEAD0704DF8240078
:10868000641C502CCCD3CDF8E4917D9DDDF8F0C175
:10869000DDF8EC817A987890002059E013280CDC02
:1086A00005EA0C0A28EA050B4AEA0B0ACDF8DCA118
:1086B000DFF850A1CDF8D8A129E027280ADC85EA07
:1086C0000C0A8AEA080ACDF8DCA1DFF83CA1CDF853
:1086D000D8A11CE03B2810DC05EA0C0A05EA080BCF
:1086E0004AEA0B0A0CEA080B4AEA0B0ACDF8DCA1AD
:1086F000DFF818A1CDF8D8A109E085EA0C0A8AEACA
:10870000080ACDF8DCA1DFF808A1CDF8D8A1DDF882
:10871000E4A14FEA4A1B4BEADA6BDDF8DCA1D34453
:10872000DDF8E0A1D344DDF8D8A1DA445DF820B04B
:10873000DA44CDF8D4A1CDF8E081E0464FEA857A5D
:108740004AEA950C799DDDF8D4A1CDF8E4A1401C4E
:108750005028A3DB799881447D9828447D907C98AB
:1087600060447C907B9840447B90DDF8E0A17A984F
:1087700050447A905B1C50988342FFF41FAF4FEA3D
:10878000196010704FEA194050704FEA192090702C
:1087900082F803907D98000E10717D98000C507146
:1087A0007D98000A90717D98D0717C98000E1072AF
:1087B0007C98000C50727C98000A90727C98D07261
:1087C0007B98000E10737B98000C50737B98000A06
:1087D00090737B98D0737A98000E10747A98000C7E
:1087E00050747A98000A90747A98C0B2D0740DF5DB
:1087F000017DBDE8F08F00000123456789ABCDEF17
:10880000F0E1D2C39979825AA1EBD96EDCBC1B8FFF
:10881000D6C162CAF8B504460D4616462B4600225C
:1088200080212046009600F0F1FA28B1606D40F0FA
:10883000200060650320F8BD0020FCE738B50BA0E0
:1088400000680090002400224FF480510848FAF795
:10885000E5F96423012269460648FCF73BFF012243
:1088600011030348FAF7DAF938BD000006000000EA
:10887000000C01401C0F002038B504460DA0006814
:10888000009000224FF480510B48FAF7C7F9642397
:10889000012269460948FCF71DFF00946423012268
:1088A00069460648FCF716FF012211030248FAF751
:1088B000B5F938BD01000000000C01401C0F00207C
:1088C00038B504461BA00068009000252403FFF77C
:1088D000B5FF00F00BF900224FF480511648FAF76B
:1088E0009DF96423012269461448FCF7F3FEC4F3A2
:1088F000074000906423012269461048FCF7EAFE15
:10890000C4F3072000906423012269460B48FCF75A
:10891000E1FEE0B200906423012269460748FCF7BB
:10892000D9FE012211030448FAF778F900F0DEF8C5
:1089300038BD000020000000000C01401C0F00208A
:10894000FEB506460C46174624A00068029000209B
:10895000019000224FF480512148FAF75FF964201A
:10896000012301AA02A900901E48FCF78AFFC4F364
:10897000074002906420012301AA02A9009019482F
:10898000FCF77FFFC4F3072002906420012301AAB3
:1089900002A900901348FCF774FFE0B20290642033
:1089A000012301AA02A900900E48FCF76AFFFF20EC
:1089B0000290002509E064207219012302A90090A9
:1089C0000848FCF75EFF681C85B2BD42F3DB01225C
:1089D00011030348FAF722F9FEBD0000030000006E
:1089E000000C01401C0F00203EB527A0006802903B
:1089F00000200190002400224FF480512348FAF710
:108A00000DF96420012301AA02A900902048FCF777
:108A100038FF002002906420012301AA02A90090DF
:108A20001B48FCF72EFF6420012301AA02A9009035
:108A30001748FCF726FF6420012301AA02A9009031
:108A40001348FCF71EFF6420012301AA02A900902D
:108A50000F48FCF716FF9DF804406420012301AA8B
:108A600002A900900A48FCF70CFF4FF6FF7000EADD
:108A700004249DF804000443012211030348FAF77B
:108A8000CDF820463EBD000090000000000C0140E3
:108A90001C0F00200EB50020029011A0006801906C
:108AA00000224FF480510F48FAF7B8F864200123F0
:108AB00002AA01A900900C48FCF7E3FEFF200190F8
:108AC0006420012302AA01A900900748FCF7D9FEFF
:108AD000012211030348FAF7A1F89DF808000EBD22
:108AE00005000000000C01401C0F002010B5002400
:108AF00004E04AF6AA20054909680860FFF7CAFFA2
:108B000000F001000028F4D110BD0000480D002045
:108B10002DE9F0478046894616464FEA1937C9F3D2
:108B20000B0ACAF58055F7F7FDFFBAF1000F03D124
:108B300017B13846FFF7C4FEAE4200DC354669E0A7
:108B40004AF6AA2035490968086039034FF4805273
:108B50003348FFF7F5FE002408E00AEB0400304933
:108B6000085CFF2800D003E0601C84B2AC42F4DB58
:108B700000BFAC4217DAF7F7D5FF3846FFF7A0FE83
:108B8000002407E018F8040004EB0A01244A5054BA
:108B9000601C84B2AC42F5DB39034FF480522048AC
:108BA00000F0BAF804E02A464946404600F0B4F81E
:108BB000002404E000201A490855601C84B2AC422D
:108BC000F8DB2A4649461648FFF7BAFE002408E0BB
:108BD0001348005D18F80410884200D003E0601CC0
:108BE00084B2AC42F4DB00BFAC4202DA0120BDE843
:108BF000F087AE4200D10EE07F1C4FF0000AA8447F
:108C0000A944701B86B2B6F5805F02DD4FF4805533
:108C100000E0354694E700BF0020E8E7480D00205B
:108C2000C22200202DE9F0470746884616464FEA43
:108C30001839C8F30B0ACAF58055AE4200DC354638
:108C400063E04FEA09314FF480523248FFF778FE73
:108C5000002408E00AEB04002E49085CFF2800D03D
:108C600003E0601C84B2AC42F4DB00BFAC4215DA16
:108C70004846FFF725FE002406E0385D04EB0A01B4
:108C8000244A5054601C84B2AC42F6DB4FEA0931EE
:108C90004FF480521F4800F03FF804E02A46414656
:108CA000384600F039F8002404E00020194908553E
:108CB000601C84B2AC42F8DB2A4641461548FFF7F7
:108CC0003FFE002407E01348005D395D884200D074
:108CD00003E0601C84B2AC42F5DB00BFAC4202DAB8
:108CE0000120BDE8F087AE4200D10FE009F1010993
:108CF0004FF0000A2F44A844701B86B2B6F5805F7F
:108D000002DD4FF4805500E035469AE700BF0020B1
:108D1000E7E70000C22200202DE9F04107460E4699
:108D20001446F0B2C0F58075AC4200DC254617E071
:108D30004AF6AA200C49096808602A463146384696
:108D400000F014F8AC4200D10BE02F442E44601B1D
:108D500084B2B4F5807F02DD4FF4807500E02546D3
:108D6000E6E700BFBDE8F081480D00202DE9F8439B
:108D700006460C46174622A0006800904FF00008F7
:108D8000FFF75CFD00224FF480511E48F9F746FFC3
:108D90006423012269461C48FCF79CFCC4F307408D
:108DA00000906423012269461748FCF793FCC4F342
:108DB000072000906423012269461348FCF78AFCCF
:108DC000E0B200906423012269460F48FCF782FC60
:108DD000002509E0705D00907119642301220A48A2
:108DE000FCF778FC681C85B2BD42F3DB012211035D
:108DF0000448F9F713FFFFF779FEBDE8F883000098
:108E000002000000000C01401C0F00202DE9F84F6B
:108E100004460D4690461E46DDF82890F9F704FFFB
:108E2000A0EB0900371AF9F7FFFE82462C480068CC
:108E3000C0F3CB307843009045E0701C002842D04E
:108E4000F9F7F2FEA0EB0A00B84200D2A7BB2068F7
:108E5000406820F0E000216848606068B0F5827FDB
:108E60000DD1A068B0F5004F03D0A068B0F5806FB9
:108E700005D12068006820F0400021680860A06AE1
:108E8000B0F5005F0DD100BF2068006820F40050ED
:108E9000216808602068006840F40050216808607C
:108EA00000BF012084F8510000BF002084F850006A
:108EB00000BF0320BDE8F88FFFE7009800B9002746
:108EC0000098401E0090206880682840A84201D188
:108ED000012000E000204045AFD10020EAE700007B
:108EE000700100207047000070B504460D4616461C
:108EF0004AF6AA200449096808602A4621463046F5
:108F0000FFF790FEC0B270BD480D00203EB5694627
:108F100019480068FDF79CFE01A918480068FDF794
:108F200097FE07208DF808000020154908800024CE
:108F300009E01DF8040012490988084400B21049EC
:108F40000880601CC4B2092CF3DB0D4800788DF852
:108F500009000B480088000A8DF80A006A460B21B8
:108F60004FF40120FFF7C0FF28B16A460B214FF4F0
:108F70000120FFF7B9FF3EBD0000002004000020E3
:108F80003000002030B58FB005460C4602208DF829
:108F900034008DF8355005208DF83600E0B28DF89C
:108FA0003700200A8DF8380085F005006040C0B217
:108FB0008DF8390003208DF83A00224605A1684655
:108FC00003F010F8684604F0B3FF0A20F9F79EFB9F
:108FD0000FB030BD7B225061636B4E6F223A7B2213
:108FE000496478223A25757D7D0A000070B50546F2
:108FF0000C462846FFF732FA064646EA04012846A0
:1090000002F0C8FF70BD70B504460D4629462046E3
:10901000F9F7F2FD70BD70B504460D4616463246AE
:1090200029462046F9F7FAFD70BD000070B500F042
:109030006FF80546002411E0164800EB4410C07F8D
:1090400015490978884208D145FA04F202F0010175
:10905000104A02EB441000F021F8641C012CEBDBF9
:109060000D48007848B9002405E00A4901EB441096
:1090700000F091F8641C012CF7DB07480078401CD5
:109080000549087008460078052801DB00200870B3
:1090900070BD0000582200208702002010B58278A1
:1090A000002A33D0827962B901B110BD0022427129
:1090B0008279521C82710023C26820324489135580
:1090C00024E08279092A14DAC26820324389D25C0A
:1090D00001F001034479A3401A43D3B2C26820329D
:1090E000448913558279521C82714279521C427113
:1090F0000CE08279092A09D100228271827729B194
:1091000042891F2A02DA4289521C428100BFCCE701
:1091100070B5002600242CE0184A02EB4412918B13
:10912000164A02EB44129069FFF76DFF054613489B
:1091300000EB44108079B0B9104800EB4410807FF8
:1091400088B985B90E480078801C052190FBF1F2A2
:1091500001FB1200094901EB4411C87701200749BE
:1091600001EB4411887705F00100A0403043C6B2FE
:10917000641C012CD0DB304670BD0000582200205A
:109180008702002070B504460D46A18A2A46206950
:10919000FFF741FF70BD10B50446607800283FD04E
:1091A000207958B9012020700020E070002120466D
:1091B000FFF7E8FF2079401C207131E02079092871
:1091C00010DAE279E068805CE278104100F0010199
:1091D0002046FFF7D7FF2079401C2071E078401C23
:1091E000E0701DE02079092807D101212046FFF712
:1091F000C9FF2079401C207112E020790A280FD184
:1092000000202071E079401CE071207AE1798842E9
:1092100003DD01202070607002E00020207060708B
:1092200010BD000010B5FAF779FA03480088401C19
:109230000149088010BD00007800002000B593B0FF
:10924000282109A8F6F799FF142104A8F6F795FF3D
:10925000002000900190029003900D2009904FF49F
:1092600080300A9000200B9001200C900D900F9000
:1092700002201090C10311914FF4E011129109A83E
:10928000FBF7C8FC08B1F7F7CDFB0F2004900220D4
:109290000590002006904FF4806007900020089011
:1092A000022104A8FBF76AFB08B1F7F7BBFB11200A
:1092B00000904FF480700190002003906846FBF707
:1092C000C3FA08B1F7F7AEFBFBF71EFC13B000BD05
:1092D0004FF00060014908607047000008ED00E0B1
:1092E00010B50348FCF74EFE0148FCF77EFD10BDAB
:1092F000740F002010B50268184B984208D0B0F1E6
:10930000804F05D0164B984202D0164B984203D19D
:1093100022F070024B681A43104B984208D0B0F10B
:10932000804F05D00E4B984202D00E4B984203D18D
:1093300022F44072CB681A4322F080034C6943EA5E
:10934000040202608B68C3620B688362034B98421D
:1093500001D10B6903630123436110BD002C01405F
:10936000000400400008004030B50C46816821F43C
:109370007F4142EA032525432943816030BD0A46E7
:10938000816821F0700142F0070319438160704742
:1093900030B50B461446026A056A25F001050562E0
:1093A000816921F0F00141EA041122F00A021A4316
:1093B0008161026230BD30B50B461446056A25F066
:1093C000100505628169026A21F4704141EA0431A5
:1093D00022F0A00242EA03128161026230BD70B540
:1093E00005466C6A0020E085E0842046FCF7D8FD45
:1093F00070BD0168C96821F490710268D16001688C
:10940000496921F0010102685161016B012905D10F
:109410000168C96821F010010268D160202180F83C
:109420003E1000210163704710B504462068C068F3
:1094300020F040002168C860202084F83D002046CC
:10944000FDF74CF8002010BDF8B5044694F83E0036
:10945000222869D1A068B0F5805F0CD1206950B98D
:109460000025A66A20684068C0F308003080A06A22
:10947000801CA06215E0A56A0026A068B0F5805F98
:1094800003D0A06828B9206918B9206840682870FE
:1094900004E02068406800F07F002870A06A401C4B
:1094A000A062E08D401E80B2E085A8BB2068C06845
:1094B00020F020002168C8602068C06820F4807017
:1094C0002168C8602068406920F001002168486177
:1094D000202084F83E00206B01281ED1002020634C
:1094E0002068C06820F010002168C860206800680B
:1094F00000F0100010280AD100BF00200090206862
:109500000068009020684068009000BF00BFA18DF7
:109510002046FCF744FD03E004E02046FCF774FF1E
:109520000020F8BD0020FCE70220FAE770B50446F1
:109530002168096921F44051E268114322681161F0
:109540002269A1681143626941EA02052168C9687C
:1095500041F20C62914329432268D1602168496934
:1095600021F44071A2691143226851612D4A21689A
:10957000914202D1FBF7E4FA01E0FBF7D1FA00EBEC
:10958000C00101EB001162689200B1FBF2F100EB47
:10959000C00202EB001263689B00B2FBF3F264238B
:1095A000B2FBF3F202EBC20303EB0212A1EB820166
:1095B000322202EB01116422B1FBF2F101F0F00161
:1095C00000EBC00202EB001263689B00B2FBF3F2F7
:1095D0006423B2FBF3F201EB021200EBC00101EBDA
:1095E000001163689B00B1FBF3F100EBC00303EBD8
:1095F00000136668B600B3FBF6F36426B3FBF6F31C
:1096000003EBC30606EB0313A1EB8301322303EB49
:1096100001116423B1FBF3F101F00F011144226841
:10962000916070BD00380140014691F83D0021284D
:1096300028D18868B0F5805F0BD1086948B90A6AFB
:109640001088C0F308000B685860086A801C086224
:1096500005E00B6A581C086218780B685860C88CC3
:10966000401E80B2C88458B90868C06820F08000E5
:109670000B68D8600868C06840F040000B68D8608C
:10968000002070470220FCE72DE9F04104460D461A
:1096900017469846069E21E0701CF8B12EB1F9F7E6
:1096A000C3FAA0EB0800B04218D92068C06820F4C3
:1096B000D0702168C8602068406920F001002168EE
:1096C0004861202084F83D0084F83E0000BF00205F
:1096D00084F83C0000BF0320BDE8F08120680068EA
:1096E0002840A84201D1012000E00020B842D3D098
:1096F0000020F1E710B50248FCF754FC10BD000053
:10970000BC0F00200F480068006800F020002028EF
:1097100017D10D4800680D490D4A126888540C484D
:109720000068401C0A4908600A480078012808D1EE
:1097300008460068182804D3002008600120064964
:109740000870704700100020044400401C050020F1
:1097500034000020260000201400002010B50E4820
:10976000FCF720FC0C480068006800F0200020286E
:1097700011D10A480068C1B209480A4A12688154E6
:109780000021024607480068401C11540548006843
:10979000401C0449086010BD4410002004480040EB
:1097A000080A00206C0000202DE9F04104460D4617
:1097B000D4F8B862D4F8C072D4F8B80278B305EB24
:1097C000850104F1140000EB8100806808B305EB0B
:1097D000850104F1140000EB810005EB850281682E
:1097E00007F1280000EBC2000069B1FBF0F200FBBA
:1097F000121070B9002105EB850204F1140000EB92
:109800008200816000231A462946204600F0C4FEEB
:1098100002E00020C6F814020020BDE8F081FFE756
:109820000220FAE770B504460E46D4F8B852314625
:10983000204600F056FDC5F80C02D4F8B80248B135
:10984000D5F80402D4F8BC12CA6805F50371904734
:10985000002070BD0220FCE770B504460E460025CE
:109860008121204600F057FC0021E16201212046C1
:1098700000F051FC0021C4F86C118221204600F058
:109880004AFC00212164D4F8B80250B1D4F8BC12CB
:1098900048688047D4F8B80201F027F90020C4F8DE
:1098A000B802284670BD70B50546D5F8B842D5F85F
:1098B000BC0278B194F80002FF280BD094F8012282
:1098C00094F80002D5F8BC128B6821469847FF2017
:1098D00084F80002002070BD01460A20088001487B
:1098E00070470000780100200146432008800148AD
:1098F0007047000000020020014643200880014814
:1099000070470000BC010020014643200880014848
:1099100070470000440200202DE9F04104460F4644
:109920000026207C88B94FF4007302228121204652
:1099300000F03EFD0121E1624B020222204600F0D0
:1099400037FD0121C4F86C110FE040230222812170
:10995000204600F02DFD0121E16240230222204635
:1099600000F026FD0121C4F86C1108230322822196
:10997000204600F01DFD012121644FF4077001F025
:10998000B5F8C4F8B802D4F8B80208B901261CE04A
:10999000D4F8B852D4F8BC12086880470020C5F843
:1099A0001402C5F81802207C40B94FF4007301215D
:1099B0002046D5F8042200F013FD06E040230121E3
:1099C0002046D5F8042200F00BFD3046BDE8F081BA
:1099D00070B50446D4F8B852D4F8B80298B1207CD7
:1099E00040B94FF4007301212046D5F8042200F05D
:1099F000F7FC06E0402301212046D5F8042200F0C0
:109A0000EFFC002070BD0220FCE70246022011B1ED
:109A1000C2F8BC12002070470246D2F8B832C3F830
:109A200004120020704710B50346D3F8B842C4F8BA
:109A30000812C4F81022002010BD2DE9FC41054693
:109A40000C46D5F8B86200200190009000272078DD
:109A500000F0600040B320285FD1E088E0B12078BA
:109A600000F0800060B1E2886078D5F8BC128B68A5
:109A700031469847E2883146284600F0E6F812E081
:109A8000607886F80002A07986F80102E288314603
:109A9000284600F0B9F806E06078D5F8BC1200223C
:109AA0008B68214698473EE0607820B10A2812D0A2
:109AB0000B282AD11FE095F89C02032805D1022229
:109AC0006946284600F0C1F804E02146284600F027
:109AD0008FF802271FE095F89C02032805D1012288
:109AE00001A9284600F0B1F804E02146284600F01C
:109AF0007FF802270FE095F89C02032804D0214646
:109B0000284600F075F8022705E02146284600F0B7
:109B10006FF8022700BF00BF05E02146284600F08D
:109B200067F8022700BF00BF3846BDE8FC8170B56A
:109B30000546D5F8B842D5F8B802A8B1D4F8140251
:109B400080B90120C4F81402D4F810122963B4F8C3
:109B5000100283B281212846D4F8082200F01CFDAF
:109B6000002070BD0120FCE70220FAE770B5044632
:109B70000D46D4F8B402294642682046904700209A
:109B800070BD70B504460D4694F89C02012804D0BF
:109B9000022803D003280CD101E000BF00BF688871
:109BA000012805D10020C4F8A402204600F05EF888
:109BB00004E02946204600F01BF800BF00BF70BD3E
:109BC00070B506460C4615462B4622460021304607
:109BD00000F006FC002070BD70B506460C46154628
:109BE0002B4622460021304600F0D6FC002070BDF6
:109BF00070B504460D468021204600F0A1FC0021EE
:109C0000204600F09DFC70BD70B504460E4615461A
:109C10000320C4F894024FF4AE700551001D0551A5
:109C20002B4632460021204600F0DAFB002070BDB2
:109C300010B504460520C4F8940200231A461946BC
:109C4000204600F0CDFB002010BD70B504460E4646
:109C500015460220C4F89402E56125622B4632467F
:109C60000021204600F098FC002070BD10B504468D
:109C70000420C4F8940200231A461946204600F036
:109C80008BFC002010BD000070B505460C462DB9B8
:109C90002246064906A000F0D3F904E02246034913
:109CA00003A000F0CDF9014870BD00004C13002066
:109CB00043444320436F6E666967000002461220EA
:109CC00008800148704700000801002070B5054673
:109CD0000C462DB92246064906A000F0B1F904E071
:109CE0002246034903A000F0ABF9014870BD000013
:109CF0004C13002043444320496E746572666163CF
:109D000065000000024604200880014870470000FA
:109D10001C01002070B505460C462246024903A0EE
:109D200000F08EF9004870BD4C1300204A61686154
:109D30006E476F737461720070B505460C462DB99D
:109D40002246064906A000F07BF904E022460349BA
:109D500003A000F075F9014870BD00004C1300200D
:109D60004A6168616E476F73746172506F727400FC
:109D700070B505460C461A202080F8F73FF90148D7
:109D800070BD00002001002070B504460D46E88833
:109D9000012804D029462046FFF72AFF1EE094F848
:109DA0009C02012804D0022803D0032810D109E026
:109DB00000BF0020A060012204F108012046FFF747
:109DC00044FF0AE00122211D2046FFF73EFF04E088
:109DD00029462046FFF70CFF00BF00BF70BDF8B555
:109DE00004460E46002000900027002570880012CF
:109DF000082875D2DFE800F0C7040C20C7C7A5B556
:109E0000207CD4F8B0120A68694690470746C1E042
:109E1000207C40B9D4F8B402816A68468847074676
:109E20000220787007E0D4F8B402C16A6846884717
:109E3000074602207870ADE0B078062878D2DFE8D7
:109E400000F00316293C5063D4F8B002406838B1E2
:109E5000207CD4F8B0124A6869469047074605E06E
:109E600031462046FFF7C4FE681CC5B267E0D4F84F
:109E7000B002806838B1207CD4F8B0128A68694694
:109E80009047074605E031462046FFF7B1FE681CC3
:109E9000C5B254E0D4F8B002C06838B1207CD4F820
:109EA000B012CA6869469047074605E03146204629
:109EB000FFF79EFE681CC5B241E0D4F8B00200690D
:109EC00038B1207CD4F8B0120A6969469047074639
:109ED00005E031462046FFF78BFE681CC5B22EE038
:109EE00051E0D4F8B002406938B1207CD4F8B01207
:109EF0004A6969469047074605E031462046FFF724
:109F000077FE681CC5B21AE0D4F8B002806940B18F
:109F1000207CD4F8B0128A6969469047074606E06B
:109F200006E031462046FFF763FE681CC5B206E036
:109F300031462046FFF75CFE681CC5B200BF00BF7B
:109F400028E0207C30B9D4F8B402416B68468847D9
:109F5000074605E031462046FFF74AFE681CC5B2B9
:109F600018E0207C40B9D4F8B402016B68468847F9
:109F700007460720787005E031462046FFF738FE97
:109F8000681CC5B206E031462046FFF731FE681C6A
:109F9000C5B200BF00BF05B1F8BDBDF8000088B173
:109FA000F08878B1F088BDF80010884202DDBDF875
:109FB000000000E0F0880090BDF8002039462046FF
:109FC000FFF743FEF08810B92046FFF74FFE00BFB1
:109FD000E2E70146002002E0421CD0B2491C0A78A8
:109FE000002AF9D1704770B504460D4694F89C02DA
:109FF000012804D0022803D003281AD101E000BFB1
:10A0000000BFE888022804D029462046FFF7F0FD6B
:10A0100014E00120E060D4F8A40218B1E06840F038
:10A020000200E060022204F10C012046FFF70DFE61
:10A0300004E029462046FFF7DBFD00BF00BF70BDEE
:10A040002DE9F04104460D4617460026FCB1204696
:10A05000FFF7BFFF022101EB400038803A7830461D
:10A06000711CCEB22A5403223046711CCEB22A543F
:10A070000AE014F8012B3046711CCEB22A5400229B
:10A080003046711CCEB22A5420780028F1D1BDE8A8
:10A09000F0810146002031B1012906D0022906D005
:10A0A000032908D105E0002007E0022005E0012097
:10A0B00003E0022001E0022000BF00BF704770B53E
:10A0C00004460D4616460CB9022070BDD4F8B40201
:10A0D00010B10020C4F8B4020DB1C4F8B052012090
:10A0E00084F89C022670204600F004F90020ECE77A
:10A0F0002DE9F04104460D46002600272946D4F8F4
:10A10000C002F9F777FC06463046FFF7C2FF074664
:10A110003846BDE8F0812DE9F04104460D460026A1
:10A1200000272946D4F8C002F9F72FFC064630462E
:10A13000FFF7AFFF07463846BDE8F0812DE9F04153
:10A1400004460E461746002E64D104F11405D4F8D7
:10A150009402022848D1D5E90301884210D9D5E9F3
:10A160000301401AE860A88982B239462046FFF709
:10A1700033FD00231A461946204600F031F93EE02F
:10A180002969A868B0FBF1F201FB1200B8B929698E
:10A19000A868884213D3A868D4F8981288420ED2CF
:10A1A000002211462046FFF717FD0020C4F8980250
:10A1B00000231A461946204600F012F91FE0D4F891
:10A1C000B402C06840B194F89C02032804D1D4F8CA
:10A1D000B402C168204688478021204600F0B0F9CB
:10A1E0002046FFF725FD0AE0D4F89402042802D0A7
:10A1F000D4F8940218B98021204600F0A1F994F80F
:10A20000A002012818D1204600F0FAF9002084F8B5
:10A21000A00211E0D4F8B402406950B194F89C0255
:10A22000032806D1D4F8B40231464269204690474B
:10A2300002E00220BDE8F0810020FBE72DE9F041BB
:10A2400004460E461746BEBB04F5AA75D4F8940220
:10A25000032825D1D5E90301884210D9D5E90301A6
:10A26000401AE860D5E90301884201D2E86800E0BD
:10A27000286982B239462046FFF7A2FC2FE0D4F8C5
:10A28000B402006940B194F89C02032804D1D4F8C8
:10A29000B4020169204688472046FFF7E7FC1EE02C
:10A2A000D4F8940205281AD10020C4F894020021A1
:10A2B000204600F045F912E0FFE7D4F8B4028069C7
:10A2C00050B194F89C02032806D1D4F8B402314668
:10A2D00082692046904702E00220BDE8F08100201C
:10A2E000FBE770B504460D462946D4F8C002F9F7DD
:10A2F000FFFE70BD10B504461D48C0F8E842C4F822
:10A30000C0021C481A490860082048600221184809
:10A31000816000218161C1610162FAF7C0F808B172
:10A32000F6F780FB04F530741823002211462068EC
:10A33000F9F7E8FA5823002280212068F9F7E2FAB9
:10A34000C023002281212068F9F7DCFA4FF48873DA
:10A35000002201212068F9F7D5FA2068A4F53074AD
:10A360004FF4807300228221F9F7CCFA002010BD4F
:10A370001C1D0020005C004010B50246D2F8C0321F
:10A3800001F08000802809D101F07F0000EB8004FB
:10A3900003F1280000EBC400807810BD01F07F00BD
:10A3A00000EB800403F5B47000EBC4008078F4E7A0
:10A3B0002DE9F04704460F4615461E464FF00008AB
:10A3C000C1462B4632463946D4F8C002F9F79BFE07
:10A3D00080464046FFF75DFE81464846BDE8F0876F
:10A3E0002DE9F04704460D4616461F464FF000087B
:10A3F000C1463B4632462946D4F8C002F9F7C9FEA9
:10A4000080464046FFF745FE81464846BDE8F08756
:10A4100010B504464023002211462046FFF7C8FF2E
:10A4200001214FF4AC70015140214FF4B270015141
:10A430004023002280212046FFF7BAFF0121A161BD
:10A4400040216162012084F89C020020C4F894023B
:10A450006060C4F8A402D4F8B80228B12179D4F815
:10A46000B402426820469047002010BD014691F892
:10A470009C02042803D191F89D0281F89C020020DF
:10A48000704710B5044694F89C02032808D1D4F80C
:10A49000B402C06920B1D4F8B402C169204688472B
:10A4A000002010BD02461174002070472DE9F041D4
:10A4B00004460D46002600272946D4F8C002FAF7C4
:10A4C000DDF806463046FFF7E4FD07463846BDE8AE
:10A4D000F08170B504460D46294604F52A7000F057
:10A4E00073F80120C4F8940240F2AE20005BC4F877
:10A4F000980294F8A80200F01F0020B1012808D0AB
:10A50000022812D10BE004F52A71204600F041F92F
:10A5100013E004F52A71204600F0A8FA0DE004F5D6
:10A520002A71204600F086F907E094F8A80200F0AE
:10A530008001204600F004F800BF00BF002070BD7D
:10A540002DE9F04104460D46002600272946D4F89F
:10A55000C002F9F744FE06463046FFF79AFD07466B
:10A560003846BDE8F08170B5044600250026D4F8D1
:10A57000C002FAF7A7F805462846FFF78AFD064607
:10A58000304670BD014691F89C0281F89D0204207E
:10A5900081F89C02002070472DE9F04704460D46E3
:10A5A00016461F464FF00008C1463B463246294634
:10A5B000D4F8C002F9F757FE80464046FFF769FD20
:10A5C00081464846BDE8F0870A7802704A784270B2
:10A5D0008B78CA7803EB022242800B794A7903EB2D
:10A5E000022282808B79CA7903EB0222C2807047F3
:10A5F0000246002011B1C2F8B41200E002207047F8
:10A6000001460020704770B504460D46A88810BB6F
:10A61000E88800BB688880281DD2A87800F07F06F3
:10A6200094F89C02032804D129462046FFF7E0FA5B
:10A6300015E084F89E6231462046FFF737FF20463A
:10A64000FFF714FB1EB1022084F89C0207E00120F2
:10A6500084F89C0203E029462046FFF7C9FA70BD42
:10A6600070B504460D460226D4F8B40238B1D4F8C9
:10A67000B402294602682046904700B900263046B9
:10A6800070BD000070B504460D46A87836490870C4
:10A6900008460078012804DD29462046FFF7A8FA7D
:10A6A00060E094F89C02022802D003284FD11CE0FD
:10A6B0002D480078A8B12C4800786060032084F809
:10A6C0009C02294801782046FFF7CAFF022804D1DE
:10A6D00029462046FFF78CFA70BD2046FFF7C6FAE0
:10A6E00002E02046FFF7C2FA3BE01F48007870B94D
:10A6F000022084F89C021C48007860601A480178A7
:10A700002046FFF733FA2046FFF7B0FA1EE016495D
:10A7100009786068884216D021792046FFF726FA2A
:10A72000114800786060104801782046FFF798FFD4
:10A73000022804D129462046FFF75AFACCE72046E2
:10A74000FFF794FA02E02046FFF790FA09E0294665
:10A750002046FFF74DFA044801782046FFF706FA35
:10A7600000BF00BF00BFB7E77401002070B5054609
:10A770000C466088012804D1C5F8A4022846FFF7DA
:10A7800075FA70BD10B504462046FFF7ECFE0020B8
:10A7900010BD70B505460C460026207800F060001C
:10A7A00060B1202802D040283CD100E000BFD5F89D
:10A7B000B402214682682846904738E060780A282B
:10A7C00029D2DFE800F01923281E280A0528140FD3
:10A7D00021462846FFF703FB22E021462846FFF7E3
:10A7E00012FF1DE021462846FFF74CFF18E02146E6
:10A7F0002846FFF7C9FA13E021462846FFF7F3FB86
:10A800000EE021462846FFF7B1FF09E02146284621
:10A81000FFF7B7F904E021462846FFF7E9F900BF42
:10A8200000BF04E021462846FFF7E2F900BF00BF61
:10A83000304670BD2DE9F04105460E464FF0000848
:10A840003479307800F0600060B1202802D04028D0
:10A8500071D100E000BFD5F8B402314682682846C5
:10A86000904700E1307800F06000202809D1D5F849
:10A87000B402314682682846904780464046BDE88B
:10A88000F081707800285ED001282FD0032876D17F
:10A8900095F89C02022802D0032820D110E054B180
:10A8A000802C08D021462846FFF74AFE8021284602
:10A8B000FFF746FE03E031462846FFF799F913E01B
:10A8C000708840B93CB1802C05D0F08818B9214679
:10A8D0002846FFF735FE2846FFF7C8F904E0314661
:10A8E0002846FFF785F900BF00BFB5E095F89C0248
:10A8F000022802D003281FD110E054B1802C08D0C8
:10A9000021462846FFF71CFE80212846FFF718FE47
:10A9100003E031462846FFF76BF912E0708848B92A
:10A9200004F07F0018B121462846FFF7E1FB2846D6
:10A93000FFF79CF905E091E031462846FFF758F90A
:10A9400000BF00BF88E095F89C02022802D00328CF
:10A9500076D126E034B1802C04D031462846FFF76A
:10A9600047F972E004F08000802809D104F07F00EC
:10A9700000EB800105F1140000EB810008E066E0C7
:10A9800004F07F0000EB800105F5AA7000EB810068
:10A99000074600203860022239462846FFF755F95D
:10A9A00053E004F0800080280ED104F00F0000EB8B
:10A9B000800105F1140000EB8100406898B9314630
:10A9C0002846FFF715F940E004F00F0000EB800186
:10A9D00005F5AA7000EB8100406820B93146284691
:10A9E000FFF706F931E004F08000802808D104F078
:10A9F0007F0000EB800105F1140000EB810007E00F
:10AA000004F07F0000EB800105F5AA7000EB8100E7
:10AA100007460CB1802C02D10020386009E02146A5
:10AA20002846FFF7A9FC10B10120386001E00020A2
:10AA30003860022239462846FFF707F905E0FFE7AC
:10AA400031462846FFF7D4F800BF00BF04E0314686
:10AA50002846FFF7CDF800BF00BF04E03146284686
:10AA6000FFF7C6F800BF00BF404608E770B50546CF
:10AA70000C460026207800F0600030B1202802D07B
:10AA800040282AD100E000BF00BF95F89C020128B1
:10AA900004D0022803D0032818D101E000BF00BF72
:10AAA000207901280DDCD5F8B402214682682846B9
:10AAB00090470646E08840B93EB92846FFF7D6F8E9
:10AAC00003E021462846FFF793F804E02146284694
:10AAD000FFF78EF800BF00BF04E021462846FFF7CD
:10AAE00087F800BF00BF002070BD704701460148D5
:10AAF0007047000008200020F0B5024600260878C4
:10AB0000400032F8100048F68F1400EA0403C878B9
:10AB100030B101280CD0022805D003280BD104E065
:10AB200043F4007309E000BF07E043F4C06304E0AE
:10AB300043F4806301E0012600BF00BF43F40040FE
:10AB400040F080000C78640022F8140000BF0C78FC
:10AB5000640032F8144048F68F752C400D7844EAB2
:10AB6000050040F4004444F080040D786D0022F8A4
:10AB7000154000BF087B00287ED14878002852D0BD
:10AB800000BF1046B2F8505028440D7800F5806799
:10AB900007EB0514CD886D106D00258000BF00BF48
:10ABA0000C78640032F8140000F040048CB100BF4F
:10ABB0000D786D0032F8155048F68F7705EA0704D6
:10ABC00044F4004545F0C0050F787F0022F8175087
:10ABD00000BF00BFC878012813D000BF0C78640004
:10ABE00032F8144048F6BF7504EA050080F02000F2
:10ABF00040F4004444F080040D786D0022F81540C4
:10AC00009EE100BF0C78640032F8144048F6BF752E
:10AC100004EA050040F4004444F080040D786D001F
:10AC200022F815408CE100BF1046B2F8505028447D
:10AC30000D78042707EBC50500F5806707EB450491
:10AC4000CD886D106D00258000BF00BF1546B2F89D
:10AC5000504025440C78062707EBC40405F58067AF
:10AC600007EB4404204600BF0F6967B9078848F224
:10AC7000FF3C07EA0C0700E057E00780078847F42D
:10AC8000004707801EE00F693E2F0DD800BF0F69F7
:10AC90007C080F7C07F0010707B1641C4FF6FF77B3
:10ACA00007EA842707800DE000BF0F697C090F7C4D
:10ACB00007F01F0707B9641E4FF4004747EA8427CF
:10ACC000078000BF00BF00BF00BF0C78640032F8EF
:10ACD000140000F480448CB100BF0D786D0032F890
:10ACE000155048F68F7705EA070444F4004545F40B
:10ACF00081450F787F0022F8175000BF00BF00BFCA
:10AD00000C78640032F814404BF68F7504EA0500A5
:10AD100080F4805080F4005040F4004444F08004FB
:10AD20000D786D0022F815400AE100BF0C78640030
:10AD300032F8144048F68F7504EA050040F40044E8
:10AD400044F4C0740D786D0022F8154000BF00BFB8
:10AD500000BF00BF1046B2F8505028440D7800F5EF
:10AD6000806707EB05140D896D106D00258000BF0D
:10AD700000BF00BF00BF1046B2F8505028440D7805
:10AD8000042707EBC50500F5806707EB45044D89EF
:10AD90006D106D00258000BF00BF00BF48780028FF
:10ADA0005DD100BF0C78640032F8140000F48044D8
:10ADB0008CB100BF0D786D0032F8155048F68F77D2
:10ADC00005EA070444F4004545F481450F787F0007
:10ADD00022F8175000BF00BF00BF0C78640032F8A3
:10ADE000140000F040048CB100BF0D786D0032F803
:10ADF000155048F68F7705EA070444F4004545F0FE
:10AE0000C0050F787F0022F8175000BF00BF00BFB9
:10AE10000C78640032F814404BF68F7504EA050094
:10AE200080F4805080F4005040F4004444F08004EA
:10AE30000D786D0022F8154000BF00BF0C7864004B
:10AE400032F8144048F6BF7504EA050040F40044A7
:10AE500044F080040D786D0022F8154070E000BFCA
:10AE60000C78640032F8140000F480448CB100BF08
:10AE70000D786D0032F8155048F68F7705EA070413
:10AE800044F4004545F481450F787F0022F81750BF
:10AE900000BF00BF00BF0C78640032F8140000F05F
:10AEA00040048CB100BF0D786D0032F8155048F6A3
:10AEB0008F7705EA070444F4004545F0C0050F7894
:10AEC0007F0022F8175000BF00BFC878012813D0B8
:10AED00000BF0C78640032F8144048F6BF7504EAED
:10AEE000050080F0200040F4004444F080040D7818
:10AEF0006D0022F8154011E000BF0C78640032F8B4
:10AF0000144048F6BF7504EA050040F4004444F0DC
:10AF100080040D786D0022F8154000BF00BF0C784A
:10AF2000640032F814404BF68F7504EA050040F4D3
:10AF3000004444F080040D786D0022F8154000BFF5
:10AF40003046F0BD10B50446002010BD30B50246B5
:10AF5000087B00285BD1487860B300BF0B785B00AA
:10AF600032F8130000F040038BB100BF0C7864008E
:10AF700032F8144048F68F7504EA050343F40044A0
:10AF800044F0C0040D786D0022F8154000BF00BFEA
:10AF900000BF0B785B0032F8133048F6BF7403EA49
:10AFA000040040F4004343F080030C78640022F86E
:10AFB000143007E100BF0B785B0032F8130000F497
:10AFC00080438BB100BF0C78640032F8144048F61F
:10AFD0008F7504EA050343F4004444F481440D787A
:10AFE0006D0022F8154000BF00BF00BF0B785B006A
:10AFF00032F813304BF68F7403EA040040F4004338
:10B0000043F080030C78640022F81430DAE04878CA
:10B0100000286BD100BF0B785B0032F8130000F4FE
:10B0200080438BB100BF0C78640032F8144048F6BE
:10B030008F7504EA050343F4004444F481440D7819
:10B040006D0022F8154000BF00BF00BF0B785B0009
:10B0500032F8130000F040038BB100BF0C7864009D
:10B0600032F8144048F68F7504EA050343F40044AF
:10B0700044F0C0040D786D0022F8154000BF00BFF9
:10B0800000BF0B785B0032F8133048F68F7403EA88
:10B09000040040F4004343F0C0030C78640022F83D
:10B0A000143000BF00BF0B785B0032F813304BF652
:10B0B0008F7403EA040040F4004343F080030C78EB
:10B0C000640022F8143000BF00BF0B785B0032F838
:10B0D000133048F6BF7403EA040040F4004343F021
:10B0E00080030C78640022F814306BE000BF0B780A
:10B0F0005B0032F8130000F480438BB100BF0C7882
:10B10000640032F8144048F68F7504EA050343F4EE
:10B11000004444F481440D786D0022F8154000BFCE
:10B1200000BF00BF0B785B0032F8130000F0400353
:10B130008BB100BF0C78640032F8144048F68F756C
:10B1400004EA050343F4004444F0C0040D786D00A4
:10B1500022F8154000BF00BF00BF0B785B0032F83B
:10B16000133048F68F7403EA040040F4004343F4BC
:10B1700081430C78640022F8143000BF00BF0B78C4
:10B180005B0032F8133048F6BF7403EA040040F461
:10B19000004343F080030C78640022F8143000BFB1
:10B1A00000BF0B785B0032F813304BF68F7403EA64
:10B1B000040040F4004343F080030C78640022F85C
:10B1C000143000BF002030BD01460020704701460A
:10B1D0000020704710B50446012024F8400F0020DD
:10B1E0002080A0802082403C10BD01464FF43F42A9
:10B1F000B1F840009043A1F840000020704702469B
:10B200000020704730B50246087B002865D1487899
:10B2100088B300BF0B785B0032F8130000F04003E6
:10B220008BB100BF0C78640032F8144048F68F757B
:10B2300004EA050343F4004444F0C0040D786D00B3
:10B2400022F8154000BF00BFC878012845D000BFD4
:10B250000B785B0032F8133048F6BF7403EA040041
:10B2600080F0200040F4004343F080030C78640039
:10B2700022F8143031E0FFE700BF0B785B0032F8B2
:10B28000130000F480438BB100BF0C78640032F8E7
:10B29000144048F68F7504EA050343F4004444F46F
:10B2A00081440D786D0022F8154000BF00BF00BF3B
:10B2B0000B785B0032F813304BF68F7403EA04000E
:10B2C00080F4805080F4005040F4004343F0800349
:10B2D0000C78640022F8143000BF002030BD10B597
:10B2E0000246487898B100BF0B785B0032F8133003
:10B2F00048F6BF7403EA040080F0100040F40043F5
:10B3000043F080030C78640022F8143013E000BF8F
:10B310000B785B0032F813304BF68F7403EA0400AD
:10B3200080F4805040F4004343F080030C786400C4
:10B3300022F8143000BF002010BD2DE9F04706466A
:10B340000C466078012876D12169A069884201D92C
:10B35000256900E0A569207BA0B9ABB2E288304640
:10B36000616900F0F4FD00BF3046B6F8502010448B
:10B370002278022303EBC20200F5806303EB420153
:10B380000D8081E3E07802287DD12169206A88421E
:10B390007AD900BF2178490036F8111048F68F722B
:10B3A00001EA020040F4004141F4C07122785200E9
:10B3B00026F8121000BF206A401B2062207840004F
:10B3C00036F8100000F0400000287DD000BF334662
:10B3D000607888BB00BF3246B6F850100A44217826
:10B3E0004FF0060909EBC10102F5806909EB410143
:10B3F000084600BF75B9B0F8009048F2FF3A09EA74
:10B400000A09A0F80090B0F8009049F40049A0F8AB
:10B41000009021E03E2D10D800BF690805F0010919
:10B42000B9F1000F00D0491C4FF6FF7909EA8129D4
:10B43000A0F8009010E03DE310E000BF690905F0BE
:10B440001F09B9F1000F00D1491E4FF4004949EA24
:10B450008129A0F8009000BF00BF0FE060780128AC
:10B460000CD1B6F8500003442078062101EBC0004F
:10B4700003F5806101EB400CACF8005000BF678918
:10B48000ABB23A4601E057E12CE13046616900F089
:10B490005EFD6069284460612169206A884203D9A1
:10B4A000206A401B206202E0256A0020206200BF63
:10B4B0006078C0BB00BF3246B6F850100A4421780D
:10B4C000022303EBC10100E049E002F5806303EBD6
:10B4D0004101084600BF55B9038848F2FF3C03EA22
:10B4E0000C030380038843F40043038019E03E2DDE
:10B4F0000BD800BF690805F0010303B1491C4FF6E2
:10B50000FF7303EA812303800BE000BF690905F0A4
:10B510001F0303B9491E4FF4004343EA812303800C
:10B5200000BF00BF12E0FFE7607801280ED100BF26
:10B530003046B6F8502010442278022303EBC202B2
:10B5400000F5806303EB42010D8000BF00BF278937
:10B55000ABB23A463046616900F0F9FC94E200BFB4
:10B560006078B0BB00BF3246B6F850100A4421786C
:10B57000022303EBC10102F5806303EB410108469E
:10B5800000BF55B9038848F2FF3C03EA0C0303806F
:10B59000038843F40043038019E03E2D0BD800BF1D
:10B5A000690805F0010303B1491C4FF6FF7303EA74
:10B5B000812303800BE000BF690905F01F0303B975
:10B5C000491E4FF4004343EA8123038000BF00BFBC
:10B5D00012E0FFE7607801280ED100BF3046B6F8D0
:10B5E000502010442278022303EBC20200F580634E
:10B5F00003EB42010D8000BF00BF2789ABB23A4682
:10B600003046616900F0A3FC6069284460612169EB
:10B61000206A884203D9206A401B206202E0256A22
:10B620000020206200BF3346607880BB00BF3246F6
:10B63000B6F850100A4421784FF0060909EBC10111
:10B6400002F5806909EB4101084600BF75B9B0F801
:10B65000009048F2FF3A09EA0A09A0F80090B0F811
:10B66000009049F40049A0F8009020E03E2D0FD84A
:10B6700000BF690805F00109B9F1000F00D0491CAD
:10B680004FF6FF7909EA8129A0F800900FE010E059
:10B6900000BF690905F01F09B9F1000F00D1491E6B
:10B6A0004FF4004949EA8129A0F8009000BF00BF8B
:10B6B0000FE0607801280CD1B6F8500003442078E0
:10B6C000062101EBC00003F5806101EB400CACF8F2
:10B6D000005000BF6789ABB23A463046616900F05E
:10B6E00036FCD1E1256A00BF2178490036F81110F7
:10B6F00048F68F6201EA020040F4004141F0800107
:10B700002278520026F8121000BF00BF3046B6F86B
:10B71000502010442278022303EBC20200F580631C
:10B7200003EB42010D8000BF2789ABB23A46304699
:10B73000616900F00CFCA7E100BF2178490036F8F0
:10B74000111048F68F7201EA020040F4004141F402
:10B75000C0712278520026F8121000BF206A401BE8
:10B7600020622078400036F8100000F040000028E9
:10B770007DD000BF3346607880BB00BF3246B6F84C
:10B7800050100A4421784FF0060909EBC10102F577
:10B79000806909EB4101084600BF75B9B0F8009017
:10B7A00048F2FF3A09EA0A09A0F80090B0F80090C0
:10B7B00049F40049A0F8009020E03E2D0FD800BFCA
:10B7C000690805F00109B9F1000F00D0491C4FF6D6
:10B7D000FF7909EA8129A0F800900FE010E000BF8E
:10B7E000690905F01F09B9F1000F00D1491E4FF496
:10B7F000004949EA8129A0F8009000BF00BF0FE08E
:10B80000607801280CD1B6F8500003442078062156
:10B8100001EBC00003F5806101EB400CACF8005077
:10B8200000BF6789ABB23A463046616900F08FFBD2
:10B830006069284460612169206A884203D9206ACE
:10B84000401B206202E0256A00202062002D56D0B5
:10B8500000BF6078C0BB00BF3246B6F850100A4443
:10B860002178022303EBC10102F5806300E047E089
:10B8700003EB4101084600BF55B9038848F2FF3C7D
:10B8800003EA0C030380038843F40043038019E0B8
:10B890003E2D0BD800BF690805F0010303B1491C18
:10B8A0004FF6FF7303EA812303800BE000BF6909B1
:10B8B00005F01F0303B9491E4FF4004343EA8123F7
:10B8C000038000BF00BF12E0FFE7607801280ED1BF
:10B8D00000BF3046B6F8502010442278022303EB14
:10B8E000C20200F5806303EB42010D8000BF00BF80
:10B8F0002789ABB23A463046616900F028FBC3E0C5
:10B9000000BF6078B0BB00BF3246B6F850100A44A2
:10B910002178022303EBC10102F5806303EB4101AF
:10B92000084600BF55B9038848F2FF3C03EA0C0300
:10B930000380038843F40043038019E03E2D0BD8B5
:10B9400000BF690805F0010303B1491C4FF6FF73FE
:10B9500003EA812303800BE000BF690905F01F03A0
:10B9600003B9491E4FF4004343EA8123038000BF1B
:10B9700000BF12E0FFE7607801280ED100BF30461B
:10B98000B6F8502010442278022303EBC20200F5DF
:10B99000806303EB42010D8000BF00BF2789ABB27B
:10B9A0003A463046616900F0D2FA60692844606125
:10B9B0002169206A884203D9206A401B206202E084
:10B9C000256A00202062A5B300BF3346607888BB9B
:10B9D00000BF3246B6F850100A4421784FF00609ED
:10B9E00009EBC10102F5806909EB4101084600BF7E
:10B9F00075B9B0F8009048F2FF3A09EA0A09A0F8D0
:10BA00000090B0F8009049F40049A0F8009021E0BF
:10BA10003E2D10D800BF690805F00109B9F1000FEB
:10BA200000D0491C4FF6FF7909EA8129A0F800905F
:10BA300010E029E010E000BF690905F01F09B9F125
:10BA4000000F00D1491E4FF4004949EA8129A0F8AE
:10BA5000009000BF00BF0FE0607801280CD1B6F85D
:10BA6000500003442078062101EBC00003F58061FB
:10BA700001EB400CACF8005000BF6789ABB23A460E
:10BA80003046616900F063FA00BF2178490036F85A
:10BA9000111048F6BF7201EA020080F0100080F039
:10BAA000200040F4004141F080012278520026F845
:10BAB000121005E2207BA0BB2169A069884204D94D
:10BAC0002569A069401BA06102E0A5690020A06172
:10BAD00000BF3246B6F850100A442178062303EB23
:10BAE000C10102F5806303EB4101084600BF55B96F
:10BAF000038848F2FF3C03EA0C030380038843F405
:10BB0000004303801AE03E2D0CD800BF690805F001
:10BB1000010303B1491C4FF6FF7303EA812303803D
:10BB20000CE00DE000BF690905F01F0303B9491ED1
:10BB30004FF4004343EA8123038000BF00BFA9E123
:10BB4000E07802287DD100BF00BF6078E0BB00BF75
:10BB50003246B6F850100A442178022303EBC101A3
:10BB600002F5806303EB4101084600BF236953B926
:10BB7000038848F2FF3C03EA0C030380038843F484
:10BB8000004303801EE023693E2B0DD800BF2369CC
:10BB90005908237C03F0010303B1491C4FF6FF73DE
:10BBA00003EA812303800DE000BF23695909237C48
:10BBB00003F01F0303B9491E4FF4004343EA8123F6
:10BBC000038000BF00BF13E0FFE7607801280FD1BA
:10BBD00000BF3046B6F8502010442278022303EB11
:10BBE000C20200F5806303EB4201228A0A8000BF93
:10BBF00000BF00BF33466078E8BB00BF3246B6F8EE
:10BC000050100A4421784FF0060909EBC10102F5F2
:10BC1000806909EB4101084600BFD4F81090B9F1E2
:10BC2000000F0FD1B0F8009048F2FF3A09EA0A0974
:10BC3000A0F80090B0F8009049F40049A0F80090F6
:10BC40002EE06BE0D4F81090B9F13E0F14D800BF8D
:10BC5000D4F810904FEA590194F8109009F00109B6
:10BC6000B9F1000F00D0491C4FF6FF7909EA81298C
:10BC7000A0F8009014E015E000BFD4F810904FEA4F
:10BC8000591194F8109009F01F09B9F1000F00D173
:10BC9000491E4FF4004949EA8129A0F8009000BFED
:10BCA00000BF10E0607801280DD1B6F850000344C1
:10BCB0002078062101EBC00003F5806101EB400C08
:10BCC000208AACF8000000BF00BFE069002824D043
:10BCD0002078400036F8108008F4804010B108F059
:10BCE000400038B908F48040002816D108F0400020
:10BCF000002812D100BF00BF2178490036F811108A
:10BD000048F68F7201EA020040F4004141F0C001A0
:10BD10002278520026F8121000BFBBE0E07801281C
:10BD20007CD12169A069884204D92569A069401B9A
:10BD3000A06102E0A5690020A06100BF00BF60789B
:10BD4000B0BB00BF3246B6F850100A442178022337
:10BD500003EBC10102F5806303EB4101084600BF1C
:10BD600055B9038848F2FF3C03EA0C0303800388BB
:10BD700043F40043038019E03E2D0BD800BF69084F
:10BD800005F0010303B1491C4FF6FF7303EA812359
:10BD900003800BE000BF690905F01F0303B9491ECA
:10BDA0004FF4004343EA8123038000BF00BF12E049
:10BDB000FFE7607801280ED100BF3046B6F850206A
:10BDC00010442278022303EBC20200F5806303EBE8
:10BDD00042010D8000BF00BF00BF3346607890BBBA
:10BDE00000BF3246B6F850100A4421784FF00609D9
:10BDF00009EBC10102F5806909EB4101084600BF6A
:10BE000085B9B0F8009048F2FF3A09EA0A09A0F8AB
:10BE10000090B0F8009049F4004900E037E0A0F845
:10BE2000009020E03E2D0FD800BF690805F0010901
:10BE3000B9F1000F00D0491C4FF6FF7909EA8129BA
:10BE4000A0F800900FE010E000BF690905F01F099D
:10BE5000B9F1000F00D1491E4FF4004949EA812988
:10BE6000A0F8009000BF00BF0FE0607801280CD15F
:10BE7000B6F8500003442078062101EBC00003F51A
:10BE8000806101EB400CACF8005000BF02E00120E3
:10BE9000BDE8F08700BF2178490036F811104BF655
:10BEA0008F7201EA020080F4805080F4005040F468
:10BEB000004141F080012278520026F8121000BFA4
:10BEC0000020E5E701460020A1F844004FF43F427E
:10BED000A1F840207047000010B50248F8F7EEF9CD
:10BEE00010BD00001C1D00200146B1F84400704741
:10BEF0002DE9F04304460E4615464FEA530CA04682
:10BF0000304608F5806909EB450267460AE011886A
:10BF1000921C0170401C4FEA112980F80090401CCF
:10BF2000921C7F1E002FF2D103F00109B9F1000F1E
:10BF300001D011880170BDE8F083024600207047EF
:10BF4000024611B98020A2F84C00002070472DE96C
:10BF5000F04704460D461E4606F1010A4FEA5A080C
:10BF6000A146284609F5806A0AEB420347460BE0E2
:10BF700090F800C0401C90F800A04CEA0A211980FB
:10BF80009B1C9B1C401C7F1E002FF1D1BDE8F0873D
:10BF900000BFFEE770B504460D4600221021084898
:10BFA000F6F73CFE7E2101EA4400FCF77BF92846C7
:10BFB000FCF778F9012210210148F6F72FFE70BD39
:10BFC000000801400FB4054B10B503A9044A0298BC
:10BFD00000F04CF810BC5DF814FB000071C90008BB
:10BFE000940200200FB4084B10B504A902AA0398CC
:10BFF00000F03CF8044602A9002000F062FA204656
:10C0000010BC5DF814FB0000C3C4000802480068BF
:10C01000C0F30220704700000CED00E010B50028CE
:10C0200004DB0A07130E054A135406E00A07140E30
:10C03000034A00F00F031B1FD45410BD00E400E0BE
:10C0400018ED00E000487047A002002002E008C898
:10C05000121F08C1002AFAD170477047002001E082
:10C0600001C1121F002AFBD1704700002DE9FF4FCC
:10C070008DB00F460546002606E025280BD0DDE9E9
:10C080000F1290476D1C761C28780028F5D111B04E
:10C090003046BDE8F08F0024A246A1460122E949BE
:10C0A00000E0044315F8013F203B02FA03F0084288
:10C0B000F7D128782A2810D06FF02F022878A0F125
:10C0C0003001092914D80AEB8A0102EB410144F03E
:10C0D000020400EB010A6D1CF0E701CF5FEA000AE1
:10C0E00003D544F40054CAF1000A44F002046D1C64
:10C0F00028782E2817D115F8010F44F004042A28B7
:10C100000ED06FF02F022878A0F1300109290AD84B
:10C1100009EB890102EB410100EB01096D1CF2E71B
:10C1200057F8049B6D1C28786C280FD006DC4C282F
:10C1300017D068280DD06A2814D104E0742810D0D4
:10C140007A280FD10DE044F400140AE044F480147E
:10C1500001E044F440146978814202D104F580146E
:10C160006D1C6D1C28786E281ED00CDC632830D026
:10C1700004DC00288BD0582811D19FE0642867D0B8
:10C1800069280CD164E073282DD004DC6F2872D0AC
:10C19000702804D194E075286ED078286DD0DDE940
:10C1A0000F129047761C4BE1C4F30250022806D0D0
:10C1B000032809D0042801CF09D0066040E101CF4F
:10C1C000F117C0E900613BE101CF068038E106705C
:10C1D00036E117F8040B8DF8000000208DF80100FF
:10C1E000EB46012003E057F804BB4FF0FF30610736
:10C1F0004FF0000102D40DE008F1010188464945E5
:10C200000FDA8045F8DB1BF808100029F4D108E0AC
:10C2100008F1010188468142FADB1BF80810002969
:10C22000F6D1DDE90F23AAEB08008146214600F094
:10C2300031F9304400EB080604E0DDE90F121BF889
:10C24000010B9047B8F10108F7D221464846F2E0C9
:10C250000A21C4F302524FF0000B0891022A04D0C5
:10C2600001CFC117032A09D00AE0FF1D27F00707F5
:10C27000F7E8020108E02CE01EE01FE000B2C11761
:10C28000042A01D140B2C117021E71F1000206DA80
:10C290000023D0EB030063EB01012D2202E0220515
:10C2A00004D52B228DF82420012203E0E20701D0DF
:10C2B0002022F7E7904653E00A210BE0102109E025
:10C2C00010214FF0000B44F004044FF008090891CE
:10C2D00003E008214FF0000B0891C4F30252022A38
:10C2E00004D001CF0021032A06D006E0FF1D27F06D
:10C2F0000707F7E8020103E080B2042A00D1C0B2C8
:10C300004FF0000822072BD52A78702A07D0DDF8D5
:10C3100020C08CF0100C5CEA0B0C05D00EE0402223
:10C320008DF82420012208E050EA010306D03023D2
:10C330008DF824308DF8252002229046089B83F04A
:10C34000080353EA0B030BD150EA010201D1620743
:10C3500006D530228DF824204FF00108A9F10109FB
:10C360002A78582A04D038A20B9208AA0A920BE025
:10C370003AA2F9E75B46089AF3F7B9FF0B9B9B5C7F
:10C380000A9A521E0A92137050EA0102F2D10A98D8
:10C39000ADEB000000F1200B600702D524F48034DF
:10C3A00001E04FF00109D94502DDA9EB0B0000E0E7
:10C3B000002000EB0B0141440890AAEB010AE003C6
:10C3C00006D4DDE90F232146504600F063F8064409
:10C3D0004FF0000908E009A911F80900DDE90F1282
:10C3E000904709F10109761CC145F4DBE0030CD547
:10C3F000DDE90F232146504600F04CF8064404E0E6
:10C40000DDE90F1230209047761C0899481E0890ED
:10C410000029F5DC08E00A980A990078491C0A917D
:10C42000DDE90F129047761CBBF10001ABF1010B67
:10C43000F1DC21465046DDE90F2300F019F80644EF
:10C440006D1C21E60928010030313233343536378E
:10C450003839616263646566000000003031323350
:10C4600034353637383941424344454600000000F0
:10C470002DE9F041044600251E461746880404D4E1
:10C4800005E039462020B0476D1C641EF9D52846CA
:10C49000BDE8F0812DE9F041044600251E46904696
:10C4A000C80301D5302700E02027880404D505E023
:10C4B00041463846B0476D1C641EF9D52846BDE894
:10C4C000F0810A68531C0B601070704710B5012092
:10C4D000F6F71CF905A001F02BFDF4F7E9FD4FF488
:10C4E00016710F48F3F749FE10BD00007B2252651C
:10C4F0006365697665223A7B225374617475732291
:10C500003A32367D2C2246223A7B225479706522BB
:10C510003A2243616E73656C227D7D0A0000000043
:10C5200074070020014601F0030090B96420B1FBBC
:10C53000F0F200FB121050B94FF4C870B1FBF0F2EA
:10C5400000FB121008B9012070470020FCE7012011
:10C55000FAE70020F8E7000010B590B0342103A8F6
:10C56000F3F70BFE4AA103C9CDE901014A488078DF
:10C5700000044949C97800EB0121474800790C18AB
:10C58000454840784549087024B945A001F0D0FCE1
:10C5900010B010BD4048407801281FD131208DF8DF
:10C5A0000900464846490860052048600021444883
:10C5B0008160C16001610C21416100218161C16123
:10C5C000F9F716FE08B1F4F72DFA3D480068C06887
:10C5D00040F020003A490968C86049E02E48407898
:10C5E00002281ED132208DF80900364836490860ED
:10C5F0000846446000218160C16001610C214161F5
:10C6000000218161C161F9F7F3FD08B1F4F70AFA7D
:10C610002D480068C06840F020002B490968C860B8
:10C6200026E01D48407803281ED133208DF80900EC
:10C630002648274908600846446000218160C1609F
:10C6400001610C21416100218161C161F9F7D0FDD7
:10C6500008B1F4F7E7F91E480068C06840F0200010
:10C660001B490968C86003E00DA001F061FC8FE779
:10C67000234601AA17A103A8FFF7B4FC03A801F001
:10C6800057FC0A210448F3F778FD00BF80E700005B
:10C69000555341525430000074070020CC00002054
:10C6A0007B2252656365697665223A7B2253746109
:10C6B000747573223A3139307D7D0A0000380140AB
:10C6C000BC0F002000440040001000200048004043
:10C6D000441000207B22434252223A7B2253746151
:10C6E000747573223A302C22496E73223A25732CCA
:10C6F000224252223A25757D7D0A00001CB5002495
:10C7000000200090019000BF0CE01B49095C7429D7
:10C7100001D1022408E0184A411C515C0DF80010B8
:10C72000411CC8B20A28F0DB00BF022C11D16846B8
:10C73000F3F735FD1149086008460068F4F776FD07
:10C740004FF416710C48F3F718FD00200C490870DF
:10C7500010E013200B4908700BA001F0E9FB00204A
:10C76000074908700549086000244FF41671024813
:10C77000F3F703FD1CBD0000740700200C0000202F
:10C78000110000202B0000207B2252656365697632
:10C7900065223A7B22537461747573223A31397D74
:10C7A0007D0A000010B586B00446F6F77DF801203A
:10C7B00004900F480390002001900120029005A9E9
:10C7C00001A8F5F7B7FF78B9F6F70CF80598401C03
:10C7D00010B1002006B010BD24B9FF221021054879
:10C7E000F3F7C4FC0120F5E7F5F7FCFF0020F1E7C3
:10C7F00000FC01084822002000B50022102110464C
:10C8000000F002F800BD000030B50346581840287B
:10C8100001D9002030BD18460FE02AB1094C04446C
:10C8200094F8004C1470521C102805D2054C044496
:10C8300094F8004C044D2C54401CCC188442ECD885
:10C840000120E7E700F00108482200202DE9F04729
:10C8500006468946154606EB0900402802D9002005
:10C86000BDE8F0870DB90020FAE7F6F71DF80024BF
:10C8700013E02A5D601C285C42EA0020C3170746CB
:10C88000A019094A81183A460120F5F7B5FF18B1F9
:10C89000F5F7A8FF0020E3E7A41C4C45E9D3F5F722
:10C8A000A1FF0120DCE7000000FC01083EB50024E8
:10C8B000002002900090019000BF0CE01F49095C2D
:10C8C0004C2901D1022408E01C4A411C515C0DF89E
:10C8D0000010411CC8B20A28F0DB00BF022C15DB97
:10C8E0006846F3F75CFC1649086008460068F4F7F0
:10C8F00083F94FF416711148F3F73FFC00201149FA
:10C900000880114908601149087015E0132010498A
:10C91000087010A001F00CFB00200C4908700849B9
:10C92000086000244FF416710448F3F726FC002039
:10C9300004490880044908603EBD000074070020D7
:10C940000C000020160000202C0000201000002009
:10C950002B0000207B2252656365697665223A7B55
:10C9600022537461747573223A31397D7D00000061
:10C9700013B50C4601216846F3F7CCFF0120F5F70B
:10C98000C5FE00981CBD000010B5002821D0114B39
:10C990000022001F196803E0814203D80A46496853
:10C9A0000029F9D152B11368841A9C4204D100685D
:10C9B00018441060104602E0506000E0186039B181
:10C9C00002680B1A934203D10B681A44026049684B
:10C9D000416010BD9802002070B504460025002675
:10C9E0003220F5F793FEF6F71FF906461FE0F6F73B
:10C9F0001BF9801B41F65831884201D9012070BDD6
:10CA00004AF6AA202549096808602548C07D00B17A
:10CA10000EE023480078A52809D140F20B1084428B
:10CA200005D1204800680C2801DB0020E7E7DEE79D
:10CA300000BF00201B490860002500BF04E0184922
:10CA4000095C0D44411CC8B21628F8DB14488078F4
:10CA50001349C97800EB0120A04202D0B4F5987FB9
:10CA600019D10F48807D0E49C97D00EB0120A842F5
:10CA70000FD1B4F5987F0AD10948017A407A01EBC9
:10CA80000020412801D10020B9E70120B7E70020AC
:10CA9000B5E70120B3E70120B1E70000480D002011
:10CAA0001C0500203400002000B585B00120F5F7FA
:10CAB0002DFE002215491648F8F73CFB00221549C7
:10CAC0001348F8F7D9FA1348007812498978114ABF
:10CAD0005278104BDB78CDE90132CDE903100B48D9
:10CAE000807800900948437802780BA11948FFF735
:10CAF00079FA184801F01CFA0120F5F707FE4FF407
:10CB000016711548F3F739FB05B000BDCD000020C4
:10CB1000B00E0020D00000207B2254223A7B224815
:10CB2000223A25642C224D223A25642C2253223AA3
:10CB300025642C2259223A25642C226D223A256440
:10CB40002C2244223A25642C2257223A25647D7DEA
:10CB50000A000000CC0900207407002010B5F6F789
:10CB600063F80B490968401A3C280FD3F6F75CF8C4
:10CB700007490860F3F7F0FD84B2224605A10B488F
:10CB8000FFF730FA094801F0D3F900BF10BD0000EB
:10CB9000900200207B224D223A7B22536D706C65FF
:10CBA000223A256C757D7D0A00000000F4320020D9
:10CBB00010B507A001F0BCF9F3F7F6FF0020124909
:10CBC00008704FF416711148F3F7D7FA10BD000042
:10CBD0007B2252656365697665223A7B22537461D4
:10CBE000747573223A32367D2C2246223A7B2254C7
:10CBF000797065223A224964656E746966794F6678
:10CC000066227D7D0A0000002700002074070020B6
:10CC100010B507A001F08CF90120F5F777FD012090
:10CC2000104908704FF416710F48F3F7A6FA10BDBB
:10CC30007B2252656365697665223A7B2253746173
:10CC4000747573223A32367D2C2246223A7B225466
:10CC5000797065223A224964656E74696679227D2D
:10CC60007D0A0000270000207407002070B50446EC
:10CC70000D46002617E0012251020C48F5F7CEFFC1
:10CC80002846F5F743FD00224FF400710748F5F7F9
:10CC9000C5FF2846F5F73AFD012251020348F5F792
:10CCA000BDFF701CC6B2A642E5DB70BD00080140A6
:10CCB0002DE9F043EDB0242164A8F3F75EFA4FF0BC
:10CCC0000008C14600262E480068451E00270024A3
:10CCD0002CA001F02DF9394800884EF616718842D3
:10CCE00005D037A001F024F96DB0BDE8F0832448E9
:10CCF000006830B93848006818B938A001F018F950
:10CD0000F2E700243448006850B11D48006820B1A3
:10CD10001B48046847F2C71502E0002447F2C71514
:10CD20002AE04AF6AA2033490968086004EBC401E6
:10CD30004FF4001202EB810064AA2421F9F7B0FF3E
:10CD40009DF89001072806D1761C684601F0F0F89E
:10CD50006420F5F7DBFC2048006860B108480068F3
:10CD600048B1AC4207D107B1BEE74FF0FF340448E9
:10CD70000068451E0127641CAC42D2D900BFB3E74E
:10CD8000000000207B2252656365697665223A7B4C
:10CD900022537461747573223A32367D2C224D65AC
:10CDA0006D223A7B2254797065223A225261656481
:10CDB0005265636F7264227D7D0A000028000020A6
:10CDC0007B224D656D223A7B225374617475732208
:10CDD0003A2D317D7D0A0000040000207B224D6544
:10CDE0006D223A7B22537461747573223A337D7DD0
:10CDF0000A000000480D0020F6F79CFCFCF71EFA24
:10CE0000FAF746F9FAF71CFAFAF732FAFAF754FA8F
:10CE1000FAF776FAFAF7E2F9FAF7A8FAFAF7BEFAA9
:10CE2000FAF7D8FAFAF7F8F9FB48F8F723FFFB48C6
:10CE30000068C06840F02000F8490968C8600A200E
:10CE4000F5F764FCF6480068C06840F02000F4493B
:10CE50000968C860F3480068C06840F02000F149E4
:10CE60000968C8600020F0490860F9F7E1FFFFF7A2
:10CE7000C3FC1E210720FFF7F9FE4FF47A70F5F787
:10CE800045FCFAF7C3FA4FF47A70F5F73FFC00223D
:10CE90004FF40041E548F5F7C1FE40F2E970F5F7BF
:10CEA00035FC4AF6AA20E2490968086040F2E970B8
:10CEB000F5F72CFC0122D103DC48F5F7AFFE01F0B9
:10CEC000E5FC0120DB4908704AF6AA20D849096828
:10CED0000860FBF789FDD8490880084600884EF6AF
:10CEE0001671884206D11022D449D5A0FBF710FE56
:10CEF000F9F7E8FEF9F79CFFF3F76EFBF5F794FE00
:10CF000004466DE3F5F790FE001B40F6B831884209
:10CF100007D3F5F789FE04460120CC4908700020AC
:10CF200008704AF6AA20C24909680860C848007813
:10CF300008B1FFF713FEC7480088002873D001200E
:10CF4000F5F7E4FBC4480078572821D1C24840795E
:10CF500065281DD1C1A000F0EBFF4AF6AA20B44914
:10CF600009680860BC4A40F23A216420F4F74AFE9E
:10CF70004AF6AA20AE49096808600120BE49087037
:10CF8000F3F768FC4AF6AA20A9490968086027E374
:10CF9000B148007856284ED023DC46287ED014DCD9
:10CFA00009287CD008DC01287AD0022879D003280F
:10CFB00078D0082877D1BBE0102875D042284CD013
:10CFC000432872D04428F5D1F7E047380E286AD2BA
:10CFD000DFE800F0F269F1696969E0D0693DF0EFDE
:10CFE00069EE72283FD012DC69286FD008DC5A281D
:10CFF0006DD064286CD065286BD06628DAD1B1E09A
:10D000006E2867D0702872D07128D3D18DE17A282C
:10D010006ED009DC73286CD0752812D0762869D0C0
:10D020007728C7D187E1B8E1802849D0812852D03C
:10D03000FE28BFD185E101F0ADF901208E490870CD
:10D040009BE101F099FC01208B49087095E1F4F710
:10D0500001FF0120884908708FE1FFF77DFA012068
:10D060008549087089E185A000F062FF0A20F5F784
:10D070004DFB00BF00BF00BF00BF00BFBFF34F8F1D
:10D0800000BF00BF00BF8448006800F4E06083492F
:10D090000843001D8049086000BF07E072E03CE0E3
:10D0A0001FE028E02DE059E151E1A4E000BF00BFFE
:10D0B000BFF34F8F00BF00BF00BF00BF00BFFDE741
:10D0C00001F0AAFA01206C49087056E18DE06BE08E
:10D0D0007FE078E03EE0FFF7E7FC0120664908705A
:10D0E0004BE101F053FB01206349087045E125E065
:10D0F00056E029E00DE101F03FFC01205E49087097
:10D100003BE13720FBF7AAF90546294664A0FEF764
:10D1100059FF0120584908702FE1FBF765FC0546CF
:10D1200029466AA0FEF74EFF01205349087024E10A
:10D1300001F00AFB0120504908701EE1FAF7AAFB32
:10D1400001204D49087018E101F010FA01204A4908
:10D15000087012E131216E2000F026FE01204649C0
:10D1600008700AE13121662000F01EFE01204249CC
:10D17000087002E132216E2000F016FE01203E49C7
:10D180000870FAE03221662000F00EFE01203A49D4
:10D190000870F2E001F07AFB012037490870ECE0FA
:10D1A00001202B490870E8E0002029490870E4E0DC
:10D1B0009EE0A8E0B3E012E023E0F3F707FC0120D3
:10D1C0002D490870D9E00120474908702A490870A4
:10D1D000D3E001204549087027490870CDE0FFF7EA
:10D1E000E7FC012024490870C7E0FFF711FD01208A
:10D1F00021490870C1E0FFF769F901201E49087054
:10D20000BBE0F4F79DF801201B4908704FF416713C
:10D210001148F2F7B2FFB0E0740F002000100020B8
:10D2200044100020BC0F0020340000200008014002
:10D23000480D00200A00002028000020F0FF070011
:10D2400051574552545955494F500000E9000020AC
:10D25000EA00002016000020740700207B2252659F
:10D260006365697665223A7B225374617475732213
:10D270003A32367D0A000000750000207B2252659C
:10D2800063697665223A7B22537461747573223A1E
:10D2900037307D7D0A0000000CED00E00000FA054B
:10D2A0007B2243223A7B2252656164657254797015
:10D2B00065223A52433532322C2256657273696FB9
:10D2C0006E223A25647D7D0A000000007B224D65B8
:10D2D0006D223A7B2256657273696F6E223A3078FE
:10D2E00025587D7D0A00000010000020110000205C
:10D2F00001F06CFA0120BB4908704FF41671BA486E
:10D30000F2F73BFF39E00120B8490870B5490870D1
:10D3100033E0F4F7CFFD0120B24908702DE000F0B2
:10D320008DFC0120AF49087027E0FFF7C1FC012008
:10D33000AC49087021E001F0F5FA0120A949087014
:10D340001BE0F3F753FB0120A649087015E000200D
:10D35000A74908600120A34908700EE0A5A000F0CD
:10D36000E7FD1320AA49087000209E490870F3F7D2
:10D3700071FA0020A749086000BF00BF1320A4492C
:10D380000870002097490870A2490860A2490880E7
:10D39000A24908800120F5F7B9F9A148007808B141
:10D3A000F4F754FA9F48007808B1FFF7A7F99E48B0
:10D3B000007808B1FFF77AFA8C48007808B100F0DD
:10D3C00097FC9A480068C06840F0200097490968B7
:10D3D000C8609748006880B14FF49670F5F796F9E9
:10D3E00093480168934800F0C5FD0020904908600B
:10D3F0004FF496718F48F2F7C0FE8F4800883228AC
:10D4000007DD00208C4908804FF400718B48F5F748
:10D41000FBFB8B48F9F7ECFB01281AD18848F9F798
:10D42000E7FB012815D187480078012807D1F5F7D7
:10D43000FBFB8549086002208249087008E08148AA
:10D44000007828B900208149C87088704870087039
:10D45000C6E07B4800787D490978884226D1784823
:10D4600040787A494978884220D175488078774950
:10D47000897888421AD17248C0787449C97888423C
:10D4800014D17048007802280FD1F5F7CDFB6E4912
:10D490000968401AC82804D8F5F7C6FB6A4908602D
:10D4A0009EE000206749087000E099E0002065498F
:10D4B00008701021F9F73AFB70B16148F9F798FB51
:10D4C00020B15F48F9F794FB00B189E010210020FA
:10D4D000F9F72CFB00B183E05D490120F9F780FBEF
:10D4E000E8BB002005E05649095C584A1154411C2C
:10D4F000C8B20428F7DB002005E05549095C554A0D
:10D500001154411CC8B21028F7DBC92052490870D9
:10D51000002008E04F49095C4F4A127851404E4ABA
:10D520001170411CC8B20F28F4DB494800784B4900
:10D53000086047484078096801EB002047490860C7
:10D5400043488078464908604148C078096801EB43
:10D550000020434908603E480079096800E03EE049
:10D5600001EB00403E49086039484079096801EB09
:10D5700000603B4908603948006800F40040B0F59D
:10D58000004F13D135480068C0F30E0033490860DE
:10D590000846006846F6292148403049086030486E
:10D5A00000684BF2A62148402D4908602D480078BC
:10D5B00088B12D48007850B9284803682848026887
:10D5C0002AA12348FEF70EFD214800F0B1FCFA2005
:10D5D000F5F79CF803E032210A20FFF747FB00BF74
:10D5E00090E4000075000020740700201300002064
:10D5F000E40000207B2252656365697665223A7BF0
:10D6000022537461747573223A31397D7D0A0000AA
:10D610002B0000202C000020160000201800002005
:10D6200027000020110000201000002044100020DE
:10D630006C000020080A002078000020000801404B
:10D640007B000020D5000020D800002080000020B2
:10D65000E40C0020C40C00207A0000208C00002084
:10D660008800002009000020710000207B22432256
:10D670003A7B224944223A25642C225543223A25FA
:10D68000647D7D0A000000002DE9F041ADF5047DC8
:10D69000012601254FF00008002700204749088097
:10D6A0000120F5F733F800245BE04AF6AA2044494C
:10D6B00009680860002041490880424908804249C1
:10D6C000086029461E20FBF75DFCF5F7ADFA8046A1
:10D6D0000DE04AF6AA203A4909680860F5F7A4FA6D
:10D6E000A0EB080042F6E061884200D903E033482D
:10D6F00000880028EDD000BF0A20F5F707F828467B
:10D70000F4F71CFC061E1AD140F2071221462F48DE
:10D71000FBF7FEF968B140F2071221462B48FBF7F0
:10D72000F7F930B12AA000F003FC0DF5047DBDE847
:10D73000F081681C85B204F20714002710E0052F61
:10D7400003DD2CA000F0F4FBEFE700201B4908806C
:10D7500040F207111D48F2F710FD781CC7B200E037
:10D7600000BF642EA1D126D1A4F20E2140F20712EF
:10D7700042A8FBF7E5F8A4F2071140F2071242A80D
:10D78000FBF7DEF840F2071221466846FBF7D8F8AF
:10D790001022214620A0FBF7BBF90A20F4F7B6FFC0
:10D7A000102220491CA0FBF7B3F90A20F4F7AEFFC2
:10D7B0001DA000F0BDFB00BFB7E700001600002071
:10D7C000480D0020180000202C00002074070020C5
:10D7D0007B225570646174654669726D776172650C
:10D7E000223A7B22537461747573223A327D7D0A2A
:10D7F000000000007B225570646174654669726D9B
:10D8000077617265223A7B22537461747573223A90
:10D81000317D7D0A000000004153444647484A4B91
:10D820004C000000F0FF07007B22557064617465B6
:10D830004669726D77617265223A7B225374617416
:10D840007573223A38357D0A000000002DE9F04159
:10D8500004460D460021002601220020234609210E
:10D8600011E00122002604E002EB82077A00771C17
:10D87000BEB28E42F8DBB3FBF2F717B14F1CB9B260
:10D8800003E04F1EB9B20029EBD100BFC8B200219E
:10D8900012E0B3FBF2F7303707F0FF080F4601F153
:10D8A000010C1FFA8CF105F80780B3FBF2F702FBBD
:10D8B00017330A27B2FBF7F28142EADBBDE8F081B9
:10D8C000F0B50B30154D20F007010024144A0FE08D
:10D8D00003688B420BD38B4205D95E1A4318476805
:10D8E000C3E9006700E04368136002C004E0021D62
:10D8F00010680028ECD12046002802D1286808B121
:10D900000020F0BD064A07481060074A121A22F0AC
:10D910000702C0E9002401202860D7E79C0200200C
:10D92000980200206C3300206839002010B5164999
:10D93000164800F046F8154800F06FF8134800F05C
:10D9400029F8072301220321104800F0A5F801213E
:10D950000E4800F0FFF800210C4800F087F807217E
:10D960000A4800F026F90A49084800F0B7F80849C3
:10D97000064800F0D1F80321044800F001F9012124
:10D98000024800F055F810BD540D0020A80D0020ED
:10D990006666C64038B504460020009003236A46F8
:10D9A0000421204600F01CF903236A460621204684
:10D9B00000F016F903236A460521204600F010F90D
:10D9C00038BD70B504460D462560002084F804017A
:10D9D0008021201DF2F7D1FB802104F18400F2F7B1
:10D9E000CCFB70BD2DE9FC4104460D4616461F4692
:10D9F00001954FF47A700090012301AAAE212068AE
:10DA0000F5F7ACFB4FF47A7000903B463246AE21FE
:10DA10002068F5F7F7F9BDE8FC8138B504464020E9
:10DA2000009001236A460921204600F0D9F838BD4C
:10DA300038B505460C460020009001236A460221B5
:10DA40002846FFF7CFFF9DF8000020F080000090EF
:10DA500004F001009DF8001041EAC010009001237D
:10DA60006A460221284600F0BBF838BD38B50546A5
:10DA70000C4601236A460A212846FFF7B3FF9DF8AA
:10DA8000000064F35F10C0B2009001236A460A21CF
:10DA9000284600F0A5F838BDF8B507460C461546EF
:10DAA0001E46002000909DF8000040EA4410C0B2DD
:10DAB000009005F001009DF8001041EA0010009070
:10DAC00006F00F009DF800100843009001236A46FD
:10DAD0000821384600F084F8F8BD00002DE9F8432D
:10DAE00081460C462046F2F7EFFB0746084A094BF1
:10DAF000F2F762FB0546F2F7CEFBC0B200900123BD
:10DB00006A460C21484600F06BF8BDE8F883000037
:10DB10009A9999999999C93F2DE9F84381460C46FC
:10DB20002046F2F7D1FB0746084A094BF2F744FBBF
:10DB30000546F2F7B0FBC0B2009001236A460D2102
:10DB4000484600F04DF8BDE8F88300009A9999998D
:10DB50009999C93F38B505460C4601236A460A2102
:10DB60002846FFF73FFF9DF8000000F07C002043AF
:10DB7000009001236A460A21284600F031F838BD9A
:10DB800038B505460C4601236A4609212846FFF7A9
:10DB900029FF9DF8000000F0F800204300900123C9
:10DBA0006A460921284600F01BF82846FFF7F2FED6
:10DBB00038BD38B504460D4601236A460A21204681
:10DBC000FFF710FF9DF8000000F063008006000ED4
:10DBD000009001236A460A21204600F001F838BD72
:10DBE0002DE9F8430746884616461C46601CFFF799
:10DBF00067FE054685F800802EB124B122463146E5
:10DC0000681CF2F7A1FA4FF47A70611C8BB2009095
:10DC10002A46AE213868F5F7A1FA2846FEF7B4FE89
:10DC2000BDE8F88310B5044601231A462146024890
:10DC3000F8F7EBFB10BD00004410002030B5D5B064
:10DC400024214CA8F2F799FA002400251F480088E7
:10DC50004EF61671884229D11D48007810BB1C4829
:10DC60004078F8B91B480068C0B11A490968491ED4
:10DC700001EBC1014FF4001202EB81004CAA2421F8
:10DC8000F9F70EF89DF83001072805D101A800F03A
:10DC90004FF90A20F4F73AFD55B030BD0EA000F060
:10DCA00047F9F9E70A4800F043F9F5E70848007832
:10DCB00030B90748407818B907A000F039F9EBE708
:10DCC000034800F035F900BFE6E700002800002017
:10DCD000A4020020000000207B224D656D223A7BCB
:10DCE00022537461747573223A337D7D0A000000FB
:10DCF0007CB50024002500200090019000BF12E0B8
:10DD00001F49095C642901D102240EE01C49095C09
:10DD1000682901D1022508E0194A411C515C0DF81F
:10DD20000010411CC8B20A28EADB00BF022C0AD14D
:10DD30006846F2F734FA1349086000211148006878
:10DD4000F3F776FB0FE0022D0AD16846F2F727FAC7
:10DD50000C49086001210B480068F3F769FB02E0F9
:10DD600009A000F0E5F84FF416710548F2F705FA3E
:10DD700000200C4908700349086000247CBD0000A5
:10DD8000740700200C0000207B22526563656976D1
:10DD900065223A7B22537461747573223A31397D5E
:10DDA0007D0A00001300002070B504460D46312D99
:10DDB0002AD16E2C12D1012211022A48F4F72EFF2B
:10DDC0000120F4F7A3FC28A000F0B2F801203249AA
:10DDD00008704FF416713148F2F7CFF9662C13D161
:10DDE00000224FF480711F48F4F718FF0120F4F768
:10DDF0008DFC2BA000F09CF80120274908704FF4FF
:10DE000016712648F2F7B9F9322D2AD16E2C12D1AB
:10DE1000012291021348F4F701FF0120F4F776FC88
:10DE20002BA000F085F801201B4908704FF41671F3
:10DE30001A48F2F7A2F9662C13D100224FF4806140
:10DE40000848F4F7EBFE0120F4F760FC2CA000F08A
:10DE50006FF80120104908704FF416710F48F2F75F
:10DE60008CF970BD000801407B22526563656976BC
:10DE700065223A7B22537461747573223A32367D7F
:10DE80002C225231223A7B22537461747573223AE8
:10DE900032337D7D0A0000007500002074070020E9
:10DEA0007B2252656365697665223A7B22537461F1
:10DEB000747573223A32367D2C225231223A7B22FB
:10DEC000537461747573223A32347D7D0A00000008
:10DED0007B2252656365697665223A7B22537461C1
:10DEE000747573223A32367D2C225232223A7B22CA
:10DEF000537461747573223A32337D7D0A000000D9
:10DF00007B2252656365697665223A7B2253746190
:10DF1000747573223A32367D2C225232223A7B2299
:10DF2000537461747573223A32347D7D0A000000A7
:10DF30002DE9F04104462046F2F72AF9C5B2002740
:10DF40004FF47A7629462046F2F7E4FC0646002292
:10DF50004FF400710648F4F761FE0120F4F7D6FB98
:10DF6000012251020248F4F759FE3046BDE8F08123
:10DF7000000801402DE9F04FA1B004468846002773
:10DF800000250026F948007828B90A20F4F7BEFBDE
:10DF900021B0BDE8F08FF548007803287ED12079C4
:10DFA000092825D16079622822D1A07945281FD17E
:10DFB000E07970281CD1207C312819D1607C32286E
:10DFC00016D1A07C342813D1E07C352810D1E07D17
:10DFD0001C280DD1207D303864214843617D3039C3
:10DFE00001EB810100EB4101A07D30380F1803E007
:10DFF000DFA0FFF79DFFCBE7002F66D100260025AD
:10E0000007E0605D1C2803D1761C042E00D102E0DD
:10E010006D1C4545F5D900BFA81C205C3038691C33
:10E02000615C303901EB810100EB410000F0FF0938
:10E03000281D205C3038E91C615C303901EB81011E
:10E0400000EB410000F0FF0AA81D205C3038691D7C
:10E05000615C303901EB810100EB410000F0FF0B06
:10E0600005F10800205C3038E91D615C303901EBB6
:10E07000810100EB4100C0B2209005F10A00205C54
:10E08000303805F10901615C303901EB810100EBA9
:10E090004100C0B21F9005F10B0000E0A9E0205C38
:10E0A0001C2804D0002083468246814620901F9879
:10E0B00001A9A1E8010E20980090B4483A46B4495D
:10E0C000036806A8FDF78EFF8CE0372F0DD10020E6
:10E0D00001900290039004900090AC483A46AC49FD
:10E0E000036806A8FDF77EFF7CE04E2F0DD10020CF
:10E0F00001900290039004900090A4483A46A449ED
:10E10000036806A8FDF76EFF6CE0802F0DD100209C
:10E11000019002900390049000909C4803229C4937
:10E12000036806A8FDF75EFF5CE04B2F0DD10020D1
:10E130000190029003900490009094483A469449CC
:10E14000036806A8FDF74EFF4CE03D2F0DD10020DF
:10E15000019002900390049000908C483A468C49BC
:10E16000036806A8FDF73EFF3CE0332F0DD10020E9
:10E170000190029003900490009084483A468449AC
:10E18000036806A8FDF72EFF2CE0132F0DD1002009
:10E19000019002900390049000907C483A467C499C
:10E1A000036806A8FDF71EFF1CE07F2F0DD100209D
:10E1B00001900290039004900090744801227449E9
:10E1C000036806A8FDF70EFF0CE000200190029006
:10E1D0000390049000906D483A466D49036806A884
:10E1E000FDF700FF06A8FFF7A3FE0120F4F78EFA63
:10E1F000CEE65E48007804287DD1A07972287BD1D4
:10E2000000250CE0605D882808D1681C205C02288D
:10E2100004D1A81C205C012800D102E06D1C4545FA
:10E22000F0D900BF454503D351A0FFF781FEAFE60B
:10E23000E81C205C002879D1002608E0A05D872832
:10E2400004D1701C205C132800D102E0761C4645E6
:10E25000F4D900BF464500D3002676B900200190CE
:10E260000290039004900090E81C225C47484849C3
:10E27000036806A8FDF7B6FE53E0701D205C303839
:10E28000311D615C303901EB810100EB410000F090
:10E29000FF0906F10800205C3038F11D615C30395F
:10E2A00001EB810100EB410000F0FF0A06F10B00D9
:10E2B000205C303806F10A01615C303901EB8101E4
:10E2C00000EB410000F0FF0B06F10E00205C30383F
:10E2D00006F10D01615C303901EB810100EB410079
:10E2E000C0B2209006F11100205C303806F1100118
:10E2F000615C303901E036E02FE001EB810100EB99
:10E300004100C0B21F901F9801A9A1E8010E2098FA
:10E310000090E81C225C1D481D49036806A8FDF713
:10E3200061FE06A8FFF704FE12E0FFE7002001905F
:10E330000290039004900090E81C225C134814495A
:10E34000036806A8FDF74EFE06A8FFF7F1FD00BF23
:10E3500000BF0120F4F7DAF91AE6B8F1010F02D98B
:10E3600003A0FFF7E5FD00BF12E6000099000020C2
:10E370007B2250223A7B22726573706F6E73654305
:10E380006F6465223A2D317D7D0A00009C000020DB
:10E39000A0EC000800B599B064216846F1F7EDFEE5
:10E3A00042F6490231A16846FDF71CFE6846FFF7B8
:10E3B000BFFD4FF0006000683A49884203D13AA09F
:10E3C000FFF7B6FD0CE04FF0006000683A49884264
:10E3D00003D13AA0FFF7ACFD02E03CA0FFF7A8FD97
:10E3E0003EA0FFF7A5FD0120F4F790F93FA0FFF74D
:10E3F0009FFD0120F4F78AF94148416841A0FDF7EB
:10E40000E1FD0120F4F782F942A0FFF791FD012020
:10E41000F4F77CF93A48416842A0FDF7D3FD0120AA
:10E42000F4F774F942A0FFF783FD474800884EF6E1
:10E430001671884206D10120F4F768F943A0FFF76E
:10E4400077FD05E00120F4F761F943A0FFF770FDC7
:10E450000120F4F75BF943A0FFF76AFD4FF4167152
:10E460004148F1F78AFE19B000BD00007B224669E1
:10E47000726D77617265223A7B2246223A312C22F4
:10E4800044657669636554797065223A2253706FEA
:10E490007274222C2252656C65617365223A256480
:10E4A00000000000904100202C22426F6F745665DE
:10E4B00072223A3100000000001A00202C22426F24
:10E4C0006F74566572223A32000000002C22426FAF
:10E4D0006F74566572223A33000000002C22417599
:10E4E000746F5374617274223A3100002C225265A9
:10E4F0006164657254797065223A52433532320054
:10E50000001000202C2246696E676572223A25644D
:10E51000000000002C22486561727442656174221B
:10E520003A3100002C22506F73223A25640000001B
:10E530002C226F6E655265616443617264496E4658
:10E5400069656C64223A3100280000202C224D4578
:10E550004D223A31000000002C224D454D223A3028
:10E56000000000007D7D0A007407002010B50C48F3
:10E57000007810B90BA0FFF7DBFC0948007810B158
:10E5800016A0FFF7D5FC0648007880F0010004498A
:10E5900008704FF416711F48F1F7EFFD10BD000031
:10E5A000710000207B2252656365697665223A7BA3
:10E5B00022537461747573223A32367D2C224322C1
:10E5C0003A7B2254797065223A22556E53656E6407
:10E5D00053657269616C227D7D0A00007B22526561
:10E5E0006365697665223A7B225374617475732280
:10E5F0003A32367D2C2243223A7B225479706522AE
:10E600003A2253656E6453657269616C227D7D0A9E
:10E61000000000007407002010B52C4840782C49F9
:10E6200008702A48807848702848C0788870274841
:10E6300000792849887025484079487023488079B6
:10E6400008702248C079C8700120F4F75FF82048AC
:10E650000078172817DC1E4840783B2813DC1C483C
:10E6600080783B280FDC1B48807820280BDC194879
:10E6700040780D2807DC1748C0782A2803DC1548A5
:10E680000078082803DD14A0FFF752FC10BD00221B
:10E690000F491848F6F7C4FE18B117A0FFF748FC59
:10E6A000F4E70120F4F732F800220A491148F6F79E
:10E6B00009FE00B1EAE716A0FFF73AFC4FF4167125
:10E6C0000248F1F75AFD00BFE0E7000074070020A0
:10E6D000CD000020D00000207B2252656365697662
:10E6E00065223A7B22537461747573223A31393052
:10E6F0007D7D0A00B00E00207B2254223A7B2253FB
:10E700007461747573223A3132387D7D0A000000DD
:10E710007B2252656365697665223A7B2253746178
:10E72000747573223A32367D2C2254223A7B22545D
:10E73000797065223A2253657454696D6544617439
:10E7400065227D7D0A00000010B507484078FF284B
:10E7500008D106A0FFF7ECFB00224FF400410A4865
:10E76000F4F75CFA10BD0000740700207B225265AC
:10E770006365697665223A7B2253746174757322EE
:10E780003A32367D7D0A00000008014010B5064887
:10E790004078AA2807D105A0FFF7CAFB0122D103C0
:10E7A0000948F4F73BFA10BD740700207B2252653C
:10E7B0006365697665223A7B2253746174757322AE
:10E7C0003A32367D7D0A00000008014008B500207D
:10E7D00000906A4600214FF4A870F3F7E9F864202E
:10E7E000F3F794FF11480078AA2813D10F48407816
:10E7F00055280FD10D48807850280BD10B48C07890
:10E80000012807D109480079042803D108A0FFF79F
:10E810008FFB02E011A0FFF78BFB0220F3F776FFDE
:10E820004FF416710148F1F7A8FC08BD1C05002043
:10E830007B2246223A7B2254797065223A22546523
:10E840007374436F6E6E656374696F6E222C22530E
:10E850007461747573223A307D7D0A007B224622F2
:10E860003A7B2254797065223A2254657374436F5F
:10E870006E6E656374696F6E222C225374617475B9
:10E8800073223A31387D7D0A000000000EB5012068
:10E89000F3F73CFF0120144ACDE900200346FF2294
:10E8A000AE2102901148F4F711FDFFF73FF80E4832
:10E8B0000078152806D10EA0FFF73AFB0120114978
:10E8C000087005E010A0FFF733FB00200D49087029
:10E8D0000120F3F71BFF0020034908704FF4167165
:10E8E0000F48F1F74AFC0EBD24000020540D002013
:10E8F0007B224D223A7B22537461747573223A3025
:10E900007D7D0A00250000207B224D223A7B225388
:10E910007461747573223A3133307D7D0A000000D2
:10E920007407002000B599B064216846F1F725FC12
:10E9300007480368074808A102686846FDF752FBCC
:10E940006846FFF7F5FA0520F3F7E0FE19B000BDC1
:10E9500004000020000000207B224D656D223A7BE0
:10E960002248656164223A25752C225461696C2223
:10E970003A25757D7D0A000010B52A4800780228E6
:10E9800017D128484078C72813D126488078FF2817
:10E990000FD1FAF729F84EF61671884205D122A058
:10E9A000FFF7C6FAFEF770FE10BD28A0FFF7C0FA09
:10E9B00036E01C480078752832D10A222C492DA057
:10E9C000FAF7A6F848B10A2229492AA0FAF7A0F8CE
:10E9D00030B92AA0FFF7ACFA02E028A0FFF7A8FAA6
:10E9E000FDF70AFFC8B16420F3F790FE0020FDF7A1
:10E9F000D9FE2BA208210020FDF728FF48B10520F1
:10EA0000F3F784FE29A0FFF793FA0520F3F77EFEC3
:10EA100006E02FA0FFF78CFA02E02DA0FFF788FA9E
:10EA200000BFC1E7740700207B22557064617465E4
:10EA30004669726D77617265223A7B225374617404
:10EA40007573223A307D7D0A000000007B225570EC
:10EA5000646174654669726D77617265223A7B22E2
:10EA6000537461747573223A39307D7D0A00000059
:10EA7000F0FF07007A786376626E6D007B22557036
:10EA8000646174654669726D77617265223A7B22B2
:10EA9000537461747573223A32367D7D0A0000002A
:10EAA000426F6F5431323334000000007B225570C6
:10EAB000646174654669726D77617265223A7B2282
:10EAC000537461747573223A32367D0A0000000077
:10EAD0007B225570646174654669726D77617265F9
:10EAE000223A7B22537461747573223A31397D0A5C
:10EAF000000000001F1C1F1E1F1E1F1F1E1F1E1FA9
:10EB000000000000000000000102030406070809DD
:10EB1000000000000102030455AA060100000000E5
:10EB200000000000000000000000000000000601DE
:10EB300055AA2401020001000000000000000000AE
:10EB4000000000000000270155AA24010200000077
:10EB5000000000000000000000000000000026018E
:10EB6000895171F21DCB0000000000000000000080
:10EB70008D5F307CF05E00000000000000000000AF
:10EB8000B22CE4247D900000000000000000000092
:10EB9000579B07B3A4E9000000000000000000003C
:10EBA000E32F50F2E3D0000000000000000000005E
:10EBB000E9C1254FA07D000000000000000000001A
:10EBC000FFFFFFFFFFFF000000000000000000004B
:10EBD0000040404040404040404041414141414070
:10EBE0004040404040404040404040404040404025
:10EBF00040050202020202020202020202020202B4
:10EC000002202020202020202020200202020202B8
:10EC10000202909090909090101010101010101010
:10EC2000101010101010101010101010020202021C
:10EC30000202888888888888080808080808080860
:10EC4000080808080808080808080808020202025C
:10EC500040000000D1EB0008303036387B22636D75
:10EC600064223A31302C22616D6F756E74223A2520
:10EC7000642C227365727669634D223A22303030FB
:10EC8000303030222C227369676E223A22383939AB
:10EC90007C313233343536373839227D0A00000072
:10ECA0007B2250223A7B22726573436F6465223A5D
:10ECB00025642C22416D6F756E74223A256C642C8C
:10ECC0002248223A25642C224D223A25642C2259CE
:10ECD000223A25642C226D223A25642C2244223AC1
:10ECE00025647D7D0A0000007B225265636569769C
:10ECF00065223A7B22537461747573223A32367DF1
:10ED00002C2246223A7B2254797065223A224765AA
:10ED100074456D7074794944222C22537461747562
:10ED200073223A2D317D7D0A000000007B2252655E
:10ED30006365697665223A7B225374617475732228
:10ED40003A32367D2C2246223A7B22547970652253
:10ED50003A224672696D77617265222C2253746182
:10ED6000747573223A25642E25647D7D0A000000A7
:10ED70007B2252656365697665223A7B2253746112
:10ED8000747573223A32367D2C2246223A7B225405
:10ED9000797065223A22476574456D7074794944EB
:10EDA000222C22537461747573223A25647D7D0A86
:10EDB00000000000D4ED000800000020A4020000C4
:10EDC00082050008C0EE0008A4020020C43C000038
:10EDD0005CC00008011C5A0104113A0106C2140269
:10EDE0002503EE0A0211302054394D091A74A9087E
:10EDF000012CF2028B40E246290A13BD9C1408053F
:10EE00009D1B0815041A39041A71041A89141ACDA5
:10EE100004131201140202021640830440571D021B
:10EE2000010203310E21040309041AE91381081BAE
:10EE300008510413C1071B08A50841DA10C473B2B6
:10EE4000075324F43B0A06AF2A40241319991408E7
:10EE500059984C083B9A3C1AA70C13A9971B0825F4
:10EE600008C11AF9101AE9041A09302AD9081B0234
:10EE700043AB111DC03209046D1A020B1305241691
:10EE800010010524011009010424020205240617BB
:10EE90000107058203081C100904E1320A1D070559
:10EEA00001027B2C07058107110937442A40072AF4
:10EEB0008107112B0907440A3B0444011C00000090
:04000005080000ED02
:00000001FF
